ISO-10303-21;
HEADER;
FILE_DESCRIPTION(('FreeCAD Model'),'2;1');
FILE_NAME('Open CASCADE Shape Model','2024-10-22T15:34:15',(''),(''),
  'Open CASCADE STEP processor 7.6','FreeCAD','Unknown');
FILE_SCHEMA(('AUTOMOTIVE_DESIGN { 1 0 10303 214 1 1 1 1 }'));
ENDSEC;
DATA;
#1 = APPLICATION_PROTOCOL_DEFINITION('international standard',
  'automotive_design',2000,#2);
#2 = APPLICATION_CONTEXT(
  'core data for automotive mechanical design processes');
#3 = SHAPE_DEFINITION_REPRESENTATION(#4,#10);
#4 = PRODUCT_DEFINITION_SHAPE('','',#5);
#5 = PRODUCT_DEFINITION('design','',#6,#9);
#6 = PRODUCT_DEFINITION_FORMATION('','',#7);
#7 = PRODUCT('Stand','Stand','',(#8));
#8 = PRODUCT_CONTEXT('',#2,'mechanical');
#9 = PRODUCT_DEFINITION_CONTEXT('part definition',#2,'design');
#10 = SHAPE_REPRESENTATION('',(#11,#15),#19);
#11 = AXIS2_PLACEMENT_3D('',#12,#13,#14);
#12 = CARTESIAN_POINT('',(0.,0.,0.));
#13 = DIRECTION('',(0.,0.,1.));
#14 = DIRECTION('',(1.,0.,-0.));
#15 = AXIS2_PLACEMENT_3D('',#16,#17,#18);
#16 = CARTESIAN_POINT('',(0.,0.,0.));
#17 = DIRECTION('',(0.,0.,1.));
#18 = DIRECTION('',(1.,0.,0.));
#19 = ( GEOMETRIC_REPRESENTATION_CONTEXT(3) 
GLOBAL_UNCERTAINTY_ASSIGNED_CONTEXT((#23)) GLOBAL_UNIT_ASSIGNED_CONTEXT(
(#20,#21,#22)) REPRESENTATION_CONTEXT('Context #1',
  '3D Context with UNIT and UNCERTAINTY') );
#20 = ( LENGTH_UNIT() NAMED_UNIT(*) SI_UNIT(.MILLI.,.METRE.) );
#21 = ( NAMED_UNIT(*) PLANE_ANGLE_UNIT() SI_UNIT($,.RADIAN.) );
#22 = ( NAMED_UNIT(*) SI_UNIT($,.STERADIAN.) SOLID_ANGLE_UNIT() );
#23 = UNCERTAINTY_MEASURE_WITH_UNIT(LENGTH_MEASURE(1.E-07),#20,
  'distance_accuracy_value','confusion accuracy');
#24 = PRODUCT_RELATED_PRODUCT_CATEGORY('part',$,(#7));
#25 = SHAPE_DEFINITION_REPRESENTATION(#26,#32);
#26 = PRODUCT_DEFINITION_SHAPE('','',#27);
#27 = PRODUCT_DEFINITION('design','',#28,#31);
#28 = PRODUCT_DEFINITION_FORMATION('','',#29);
#29 = PRODUCT('Body','Body','',(#30));
#30 = PRODUCT_CONTEXT('',#2,'mechanical');
#31 = PRODUCT_DEFINITION_CONTEXT('part definition',#2,'design');
#32 = ADVANCED_BREP_SHAPE_REPRESENTATION('',(#11,#33),#4753);
#33 = MANIFOLD_SOLID_BREP('',#34);
#34 = CLOSED_SHELL('',(#35,#118,#170,#208,#212,#533,#2811,#2862,#2913,
    #2970,#3027,#3084,#3141,#3198,#3255,#3312,#3363,#3415,#3449,#3483,
    #3517,#3551,#3585,#3619,#3653,#3704,#3738,#3789,#3840,#3891,#3942,
    #3993,#4044,#4095,#4146,#4197,#4249,#4301,#4353,#4405,#4457,#4509,
    #4561,#4612,#4664,#4668,#4672,#4676,#4680,#4684,#4688,#4692,#4745,
    #4749));
#35 = ADVANCED_FACE('',(#36),#50,.F.);
#36 = FACE_BOUND('',#37,.F.);
#37 = EDGE_LOOP('',(#38,#66,#91,#92));
#38 = ORIENTED_EDGE('',*,*,#39,.T.);
#39 = EDGE_CURVE('',#40,#42,#44,.T.);
#40 = VERTEX_POINT('',#41);
#41 = CARTESIAN_POINT('',(42.81561905249,1.754721006912E-14,
    7.945992940757));
#42 = VERTEX_POINT('',#43);
#43 = CARTESIAN_POINT('',(42.81172182836,1.756705298549E-14,
    7.936783616999));
#44 = SEAM_CURVE('',#45,(#49,#60),.PCURVE_S1.);
#45 = LINE('',#46,#47);
#46 = CARTESIAN_POINT('',(42.81561905249,1.754721006912E-14,
    7.945992940757));
#47 = VECTOR('',#48,1.);
#48 = DIRECTION('',(-0.389722413022,1.175876525728E-17,-0.920932375796)
  );
#49 = PCURVE('',#50,#55);
#50 = CYLINDRICAL_SURFACE('',#51,6.);
#51 = AXIS2_PLACEMENT_3D('',#52,#53,#54);
#52 = CARTESIAN_POINT('',(48.341213307263,1.75770666872E-14,
    5.607658462626));
#53 = DIRECTION('',(0.389722413022,-1.175876525728E-17,0.920932375796));
#54 = DIRECTION('',(-0.920932375796,-4.976103013281E-18,0.389722413022)
  );
#55 = DEFINITIONAL_REPRESENTATION('',(#56),#59);
#56 = B_SPLINE_CURVE_WITH_KNOTS('',1,(#57,#58),.UNSPECIFIED.,.F.,.F.,(2,
    2),(0.,1.000000000001E-02),.PIECEWISE_BEZIER_KNOTS.);
#57 = CARTESIAN_POINT('',(0.,0.));
#58 = CARTESIAN_POINT('',(0.,-1.000000000001E-02));
#59 = ( GEOMETRIC_REPRESENTATION_CONTEXT(2) 
PARAMETRIC_REPRESENTATION_CONTEXT() REPRESENTATION_CONTEXT('2D SPACE',''
  ) );
#60 = PCURVE('',#50,#61);
#61 = DEFINITIONAL_REPRESENTATION('',(#62),#65);
#62 = B_SPLINE_CURVE_WITH_KNOTS('',1,(#63,#64),.UNSPECIFIED.,.F.,.F.,(2,
    2),(0.,1.000000000001E-02),.PIECEWISE_BEZIER_KNOTS.);
#63 = CARTESIAN_POINT('',(6.28318530718,0.));
#64 = CARTESIAN_POINT('',(6.28318530718,-1.000000000001E-02));
#65 = ( GEOMETRIC_REPRESENTATION_CONTEXT(2) 
PARAMETRIC_REPRESENTATION_CONTEXT() REPRESENTATION_CONTEXT('2D SPACE',''
  ) );
#66 = ORIENTED_EDGE('',*,*,#67,.T.);
#67 = EDGE_CURVE('',#42,#42,#68,.T.);
#68 = SURFACE_CURVE('',#69,(#74,#80),.PCURVE_S1.);
#69 = CIRCLE('',#70,6.);
#70 = AXIS2_PLACEMENT_3D('',#71,#72,#73);
#71 = CARTESIAN_POINT('',(48.337316083133,1.757698502911E-14,
    5.598449138868));
#72 = DIRECTION('',(0.389722413022,8.165809206441E-18,0.920932375796));
#73 = DIRECTION('',(-0.920932375796,-1.655340602661E-18,0.389722413022)
  );
#74 = PCURVE('',#50,#75);
#75 = DEFINITIONAL_REPRESENTATION('',(#76),#79);
#76 = B_SPLINE_CURVE_WITH_KNOTS('',1,(#77,#78),.UNSPECIFIED.,.F.,.F.,(2,
    2),(0.,6.28318530718),.PIECEWISE_BEZIER_KNOTS.);
#77 = CARTESIAN_POINT('',(0.,-1.000000000001E-02));
#78 = CARTESIAN_POINT('',(6.28318530718,-1.000000000001E-02));
#79 = ( GEOMETRIC_REPRESENTATION_CONTEXT(2) 
PARAMETRIC_REPRESENTATION_CONTEXT() REPRESENTATION_CONTEXT('2D SPACE',''
  ) );
#80 = PCURVE('',#81,#86);
#81 = CONICAL_SURFACE('',#82,6.,0.785398163397);
#82 = AXIS2_PLACEMENT_3D('',#83,#84,#85);
#83 = CARTESIAN_POINT('',(48.337316083133,1.757698502911E-14,
    5.598449138868));
#84 = DIRECTION('',(0.389722413022,8.165809206441E-18,0.920932375796));
#85 = DIRECTION('',(-0.920932375796,-1.655340602661E-18,0.389722413022)
  );
#86 = DEFINITIONAL_REPRESENTATION('',(#87),#90);
#87 = B_SPLINE_CURVE_WITH_KNOTS('',1,(#88,#89),.UNSPECIFIED.,.F.,.F.,(2,
    2),(0.,6.28318530718),.PIECEWISE_BEZIER_KNOTS.);
#88 = CARTESIAN_POINT('',(0.,0.));
#89 = CARTESIAN_POINT('',(6.28318530718,0.));
#90 = ( GEOMETRIC_REPRESENTATION_CONTEXT(2) 
PARAMETRIC_REPRESENTATION_CONTEXT() REPRESENTATION_CONTEXT('2D SPACE',''
  ) );
#91 = ORIENTED_EDGE('',*,*,#39,.F.);
#92 = ORIENTED_EDGE('',*,*,#93,.F.);
#93 = EDGE_CURVE('',#40,#40,#94,.T.);
#94 = SURFACE_CURVE('',#95,(#100,#106),.PCURVE_S1.);
#95 = CIRCLE('',#96,6.);
#96 = AXIS2_PLACEMENT_3D('',#97,#98,#99);
#97 = CARTESIAN_POINT('',(48.341213307263,1.7763568394E-14,
    5.607658462626));
#98 = DIRECTION('',(0.389722413022,-1.175876525728E-17,0.920932375796));
#99 = DIRECTION('',(-0.920932375796,0.,0.389722413022));
#100 = PCURVE('',#50,#101);
#101 = DEFINITIONAL_REPRESENTATION('',(#102),#105);
#102 = B_SPLINE_CURVE_WITH_KNOTS('',1,(#103,#104),.UNSPECIFIED.,.F.,.F.,
  (2,2),(0.,6.28318530718),.PIECEWISE_BEZIER_KNOTS.);
#103 = CARTESIAN_POINT('',(0.,0.));
#104 = CARTESIAN_POINT('',(6.28318530718,0.));
#105 = ( GEOMETRIC_REPRESENTATION_CONTEXT(2) 
PARAMETRIC_REPRESENTATION_CONTEXT() REPRESENTATION_CONTEXT('2D SPACE',''
  ) );
#106 = PCURVE('',#107,#112);
#107 = PLANE('',#108);
#108 = AXIS2_PLACEMENT_3D('',#109,#110,#111);
#109 = CARTESIAN_POINT('',(48.341213307263,1.70717723855E-14,
    5.607658462626));
#110 = DIRECTION('',(0.389722413022,8.165809206441E-18,0.920932375796));
#111 = DIRECTION('',(0.920932375796,-2.465190328816E-32,-0.389722413022)
  );
#112 = DEFINITIONAL_REPRESENTATION('',(#113),#117);
#113 = CIRCLE('',#114,6.);
#114 = AXIS2_PLACEMENT_2D('',#115,#116);
#115 = CARTESIAN_POINT('',(1.676151200764E-31,1.93694631639E-15));
#116 = DIRECTION('',(-1.,3.102460799863E-17));
#117 = ( GEOMETRIC_REPRESENTATION_CONTEXT(2) 
PARAMETRIC_REPRESENTATION_CONTEXT() REPRESENTATION_CONTEXT('2D SPACE',''
  ) );
#118 = ADVANCED_FACE('',(#119),#81,.F.);
#119 = FACE_BOUND('',#120,.T.);
#120 = EDGE_LOOP('',(#121,#142,#143,#144));
#121 = ORIENTED_EDGE('',*,*,#122,.F.);
#122 = EDGE_CURVE('',#42,#123,#125,.T.);
#123 = VERTEX_POINT('',#124);
#124 = CARTESIAN_POINT('',(43.337619691506,1.756060762157E-14,
    6.63923537607));
#125 = SEAM_CURVE('',#126,(#130,#136),.PCURVE_S1.);
#126 = LINE('',#127,#128);
#127 = CARTESIAN_POINT('',(42.81172182836,1.756705298549E-14,
    7.936783616999));
#128 = VECTOR('',#129,1.);
#129 = DIRECTION('',(0.375622166911,-4.603596498435E-18,-0.926772888967)
  );
#130 = PCURVE('',#81,#131);
#131 = DEFINITIONAL_REPRESENTATION('',(#132),#135);
#132 = B_SPLINE_CURVE_WITH_KNOTS('',1,(#133,#134),.UNSPECIFIED.,.F.,.F.,
  (2,2),(0.,1.400071426749),.PIECEWISE_BEZIER_KNOTS.);
#133 = CARTESIAN_POINT('',(0.,0.));
#134 = CARTESIAN_POINT('',(0.,-0.99));
#135 = ( GEOMETRIC_REPRESENTATION_CONTEXT(2) 
PARAMETRIC_REPRESENTATION_CONTEXT() REPRESENTATION_CONTEXT('2D SPACE',''
  ) );
#136 = PCURVE('',#81,#137);
#137 = DEFINITIONAL_REPRESENTATION('',(#138),#141);
#138 = B_SPLINE_CURVE_WITH_KNOTS('',1,(#139,#140),.UNSPECIFIED.,.F.,.F.,
  (2,2),(0.,1.400071426749),.PIECEWISE_BEZIER_KNOTS.);
#139 = CARTESIAN_POINT('',(6.28318530718,0.));
#140 = CARTESIAN_POINT('',(6.28318530718,-0.99));
#141 = ( GEOMETRIC_REPRESENTATION_CONTEXT(2) 
PARAMETRIC_REPRESENTATION_CONTEXT() REPRESENTATION_CONTEXT('2D SPACE',''
  ) );
#142 = ORIENTED_EDGE('',*,*,#67,.T.);
#143 = ORIENTED_EDGE('',*,*,#122,.T.);
#144 = ORIENTED_EDGE('',*,*,#145,.F.);
#145 = EDGE_CURVE('',#123,#123,#146,.T.);
#146 = SURFACE_CURVE('',#147,(#152,#158),.PCURVE_S1.);
#147 = CIRCLE('',#148,5.01);
#148 = AXIS2_PLACEMENT_3D('',#149,#150,#151);
#149 = CARTESIAN_POINT('',(47.951490894242,1.756890087799E-14,
    4.68672608683));
#150 = DIRECTION('',(0.389722413022,8.165809206441E-18,0.920932375796));
#151 = DIRECTION('',(-0.920932375796,-1.655340602661E-18,0.389722413022)
  );
#152 = PCURVE('',#81,#153);
#153 = DEFINITIONAL_REPRESENTATION('',(#154),#157);
#154 = B_SPLINE_CURVE_WITH_KNOTS('',1,(#155,#156),.UNSPECIFIED.,.F.,.F.,
  (2,2),(0.,6.28318530718),.PIECEWISE_BEZIER_KNOTS.);
#155 = CARTESIAN_POINT('',(0.,-0.99));
#156 = CARTESIAN_POINT('',(6.28318530718,-0.99));
#157 = ( GEOMETRIC_REPRESENTATION_CONTEXT(2) 
PARAMETRIC_REPRESENTATION_CONTEXT() REPRESENTATION_CONTEXT('2D SPACE',''
  ) );
#158 = PCURVE('',#159,#164);
#159 = PLANE('',#160);
#160 = AXIS2_PLACEMENT_3D('',#161,#162,#163);
#161 = CARTESIAN_POINT('',(47.951490894242,1.709743457923E-14,
    4.68672608683));
#162 = DIRECTION('',(0.389722413022,8.165809206441E-18,0.920932375796));
#163 = DIRECTION('',(0.920932375796,-2.465190328816E-32,-0.389722413022)
  );
#164 = DEFINITIONAL_REPRESENTATION('',(#165),#169);
#165 = CIRCLE('',#166,5.01);
#166 = AXIS2_PLACEMENT_2D('',#167,#168);
#167 = CARTESIAN_POINT('',(-7.582047208237E-15,4.440892098501E-16));
#168 = DIRECTION('',(-1.,-1.655340602661E-18));
#169 = ( GEOMETRIC_REPRESENTATION_CONTEXT(2) 
PARAMETRIC_REPRESENTATION_CONTEXT() REPRESENTATION_CONTEXT('2D SPACE',''
  ) );
#170 = ADVANCED_FACE('',(#171,#174),#107,.F.);
#171 = FACE_BOUND('',#172,.F.);
#172 = EDGE_LOOP('',(#173));
#173 = ORIENTED_EDGE('',*,*,#93,.T.);
#174 = FACE_BOUND('',#175,.F.);
#175 = EDGE_LOOP('',(#176));
#176 = ORIENTED_EDGE('',*,*,#177,.T.);
#177 = EDGE_CURVE('',#178,#178,#180,.T.);
#178 = VERTEX_POINT('',#179);
#179 = CARTESIAN_POINT('',(52.945875186241,1.778997439266E-14,
    3.659046397516));
#180 = SURFACE_CURVE('',#181,(#186,#197),.PCURVE_S1.);
#181 = CIRCLE('',#182,5.);
#182 = AXIS2_PLACEMENT_3D('',#183,#184,#185);
#183 = CARTESIAN_POINT('',(48.341213307263,1.42108547152E-14,
    5.607658462626));
#184 = DIRECTION('',(-0.389722413022,-3.668142785539E-16,-0.920932375796
    ));
#185 = DIRECTION('',(0.920932375796,5.551115123126E-17,-0.389722413022)
  );
#186 = PCURVE('',#107,#187);
#187 = DEFINITIONAL_REPRESENTATION('',(#188),#196);
#188 = ( BOUNDED_CURVE() B_SPLINE_CURVE(2,(#189,#190,#191,#192,#193,#194
,#195),.UNSPECIFIED.,.T.,.F.) B_SPLINE_CURVE_WITH_KNOTS((1,2,2,2,2,1),(
    -2.094395102393,0.,2.094395102393,4.188790204786,6.28318530718,
8.377580409573),.UNSPECIFIED.) CURVE() GEOMETRIC_REPRESENTATION_ITEM() 
RATIONAL_B_SPLINE_CURVE((1.,0.5,1.,0.5,1.,0.5,1.)) REPRESENTATION_ITEM(
  '') );
#189 = CARTESIAN_POINT('',(5.,-1.215778890091E-15));
#190 = CARTESIAN_POINT('',(5.,-8.660254037844));
#191 = CARTESIAN_POINT('',(-2.5,-4.330127018922));
#192 = CARTESIAN_POINT('',(-10.,-3.640391106196E-15));
#193 = CARTESIAN_POINT('',(-2.5,4.330127018922));
#194 = CARTESIAN_POINT('',(5.,8.660254037844));
#195 = CARTESIAN_POINT('',(5.,-1.215778890091E-15));
#196 = ( GEOMETRIC_REPRESENTATION_CONTEXT(2) 
PARAMETRIC_REPRESENTATION_CONTEXT() REPRESENTATION_CONTEXT('2D SPACE',''
  ) );
#197 = PCURVE('',#198,#203);
#198 = CYLINDRICAL_SURFACE('',#199,5.);
#199 = AXIS2_PLACEMENT_3D('',#200,#201,#202);
#200 = CARTESIAN_POINT('',(48.730935720285,1.792555819183E-14,
    6.528590838421));
#201 = DIRECTION('',(0.389722413022,3.484915046297E-16,0.920932375796));
#202 = DIRECTION('',(0.920932375796,4.258154109164E-17,-0.389722413022)
  );
#203 = DEFINITIONAL_REPRESENTATION('',(#204),#207);
#204 = B_SPLINE_CURVE_WITH_KNOTS('',1,(#205,#206),.UNSPECIFIED.,.F.,.F.,
  (2,2),(0.,6.28318530718),.PIECEWISE_BEZIER_KNOTS.);
#205 = CARTESIAN_POINT('',(0.,-1.));
#206 = CARTESIAN_POINT('',(-6.28318530718,-1.));
#207 = ( GEOMETRIC_REPRESENTATION_CONTEXT(2) 
PARAMETRIC_REPRESENTATION_CONTEXT() REPRESENTATION_CONTEXT('2D SPACE',''
  ) );
#208 = ADVANCED_FACE('',(#209),#159,.T.);
#209 = FACE_BOUND('',#210,.T.);
#210 = EDGE_LOOP('',(#211));
#211 = ORIENTED_EDGE('',*,*,#145,.T.);
#212 = ADVANCED_FACE('',(#213),#198,.F.);
#213 = FACE_BOUND('',#214,.T.);
#214 = EDGE_LOOP('',(#215,#368,#387,#388,#389));
#215 = ORIENTED_EDGE('',*,*,#216,.T.);
#216 = EDGE_CURVE('',#217,#219,#221,.T.);
#217 = VERTEX_POINT('',#218);
#218 = CARTESIAN_POINT('',(43.944476191141,1.786927608806E-15,
    8.047606513157));
#219 = VERTEX_POINT('',#220);
#220 = CARTESIAN_POINT('',(53.140007046489,9.438950407754E-15,
    4.11778910592));
#221 = SURFACE_CURVE('',#222,(#267,#315),.PCURVE_S1.);
#222 = B_SPLINE_CURVE_WITH_KNOTS('',8,(#223,#224,#225,#226,#227,#228,
    #229,#230,#231,#232,#233,#234,#235,#236,#237,#238,#239,#240,#241,
    #242,#243,#244,#245,#246,#247,#248,#249,#250,#251,#252,#253,#254,
    #255,#256,#257,#258,#259,#260,#261,#262,#263,#264,#265,#266),
  .UNSPECIFIED.,.F.,.F.,(9,7,7,7,7,7,9),(0.,0.241727296474,
    0.356204784622,0.484505029272,0.607201538369,0.74279246532,1.),
  .UNSPECIFIED.);
#223 = CARTESIAN_POINT('',(43.944476191141,1.786927608806E-15,
    8.047606513157));
#224 = CARTESIAN_POINT('',(43.944476191141,-0.475622313429,
    8.047606513157));
#225 = CARTESIAN_POINT('',(43.989143449043,-0.951463913081,
    8.020481320213));
#226 = CARTESIAN_POINT('',(44.078548817688,-1.420183390777,
    7.966187973431));
#227 = CARTESIAN_POINT('',(44.211699503803,-1.875143419514,
    7.885935012635));
#228 = CARTESIAN_POINT('',(44.387103292688,-2.310212130639,
    7.781844885983));
#229 = CARTESIAN_POINT('',(44.602704488563,-2.719739087358,
    7.656733969006));
#230 = CARTESIAN_POINT('',(44.855883228998,-3.098504747448,
    7.513829751732));
#231 = CARTESIAN_POINT('',(45.279198194631,-3.604418756613,7.28221744741
    ));
#232 = CARTESIAN_POINT('',(45.422931104353,-3.759110622629,
    7.204557878114));
#233 = CARTESIAN_POINT('',(45.574008481933,-3.905420188905,
    7.124034618314));
#234 = CARTESIAN_POINT('',(45.732058238634,-4.042895429558,
    7.041015721479));
#235 = CARTESIAN_POINT('',(45.896677415835,-4.171114102847,
    6.955872391901));
#236 = CARTESIAN_POINT('',(46.067429486302,-4.289684565933,
    6.868975211553));
#237 = CARTESIAN_POINT('',(46.243840747294,-4.398248555628,
    6.780691436539));
#238 = CARTESIAN_POINT('',(46.628873002297,-4.606585134761,
    6.591291652032));
#239 = CARTESIAN_POINT('',(46.838829673921,-4.703723410262,
    6.489904237007));
#240 = CARTESIAN_POINT('',(47.054525626155,-4.787437006439,
    6.387739005654));
#241 = CARTESIAN_POINT('',(47.275178068624,-4.857342924935,
    6.285293678767));
#242 = CARTESIAN_POINT('',(47.4999612762,-4.913134125826,6.183041276002)
  );
#243 = CARTESIAN_POINT('',(47.728005811101,-4.954580479396,
    6.081427594353));
#244 = CARTESIAN_POINT('',(47.958397305678,-4.981535468111,
    5.980870699421));
#245 = CARTESIAN_POINT('',(48.411829022065,-5.005819642693,
    5.786982884996));
#246 = CARTESIAN_POINT('',(48.634777334152,-5.004392793009,
    5.693516826223));
#247 = CARTESIAN_POINT('',(48.858183059607,-4.989618906412,
    5.601706113962));
#248 = CARTESIAN_POINT('',(49.081211742866,-4.961530319672,
    5.511852939835));
#249 = CARTESIAN_POINT('',(49.303031728988,-4.920231397918,
    5.424223213299));
#250 = CARTESIAN_POINT('',(49.522815398287,-4.865893555576,
    5.339050110083));
#251 = CARTESIAN_POINT('',(49.739741061954,-4.798754789991,
    5.256537782026));
#252 = CARTESIAN_POINT('',(50.188661306352,-4.631124080191,
    5.088819729031));
#253 = CARTESIAN_POINT('',(50.419866004152,-4.527860093512,
    5.004233913994));
#254 = CARTESIAN_POINT('',(50.645523850521,-4.409738516601,
    4.923345482969));
#255 = CARTESIAN_POINT('',(50.864596141466,-4.277252369602,
    4.846342182192));
#256 = CARTESIAN_POINT('',(51.076088324742,-4.130969544668,
    4.773372529128));
#257 = CARTESIAN_POINT('',(51.279049877483,-3.971526975099,
    4.704554713575));
#258 = CARTESIAN_POINT('',(51.472576967288,-3.799630372805,
    4.639983675158));
#259 = CARTESIAN_POINT('',(52.003414515317,-3.267837098245,
    4.465450951261));
#260 = CARTESIAN_POINT('',(52.314271961841,-2.877331564981,
    4.366633773838));
#261 = CARTESIAN_POINT('',(52.582198600215,-2.450025761578,
    4.283943874891));
#262 = CARTESIAN_POINT('',(52.802218722924,-1.992164611714,
    4.217607380223));
#263 = CARTESIAN_POINT('',(52.970286790513,-1.510538410723,
    4.167744700377));
#264 = CARTESIAN_POINT('',(53.083479090057,-1.012527230077,
    4.134427618206));
#265 = CARTESIAN_POINT('',(53.140007046489,-0.50608683704,4.11778910592)
  );
#266 = CARTESIAN_POINT('',(53.140007046489,9.143328551887E-16,
    4.11778910592));
#267 = PCURVE('',#198,#268);
#268 = DEFINITIONAL_REPRESENTATION('',(#269),#314);
#269 = B_SPLINE_CURVE_WITH_KNOTS('',8,(#270,#271,#272,#273,#274,#275,
    #276,#277,#278,#279,#280,#281,#282,#283,#284,#285,#286,#287,#288,
    #289,#290,#291,#292,#293,#294,#295,#296,#297,#298,#299,#300,#301,
    #302,#303,#304,#305,#306,#307,#308,#309,#310,#311,#312,#313),
  .UNSPECIFIED.,.F.,.F.,(9,7,7,7,7,7,9),(0.,0.241727296474,
    0.356204784622,0.484505029272,0.607201538369,0.74279246532,1.),
  .UNSPECIFIED.);
#270 = CARTESIAN_POINT('',(-3.14159265359,-0.466479843325));
#271 = CARTESIAN_POINT('',(-3.046468190904,-0.466479843325));
#272 = CARTESIAN_POINT('',(-2.95129993762,-0.474052480175));
#273 = CARTESIAN_POINT('',(-2.85624403204,-0.489209705009));
#274 = CARTESIAN_POINT('',(-2.761313308806,-0.511225448175));
#275 = CARTESIAN_POINT('',(-2.666489912967,-0.538726627949));
#276 = CARTESIAN_POINT('',(-2.571737460449,-0.569920703653));
#277 = CARTESIAN_POINT('',(-2.477021567281,-0.602856394329));
#278 = CARTESIAN_POINT('',(-2.337529115707,-0.651180334137));
#279 = CARTESIAN_POINT('',(-2.292697220621,-0.666683609385));
#280 = CARTESIAN_POINT('',(-2.247859208065,-0.681961846196));
#281 = CARTESIAN_POINT('',(-2.203010313252,-0.696821103535));
#282 = CARTESIAN_POINT('',(-2.158145986529,-0.711076569358));
#283 = CARTESIAN_POINT('',(-2.113262547498,-0.724557087175));
#284 = CARTESIAN_POINT('',(-2.068357974269,-0.737109051525));
#285 = CARTESIAN_POINT('',(-1.97308312707,-0.761477745535));
#286 = CARTESIAN_POINT('',(-1.922703042463,-0.773023877834));
#287 = CARTESIAN_POINT('',(-1.872297417815,-0.783049600084));
#288 = CARTESIAN_POINT('',(-1.821869021226,-0.791401616045));
#289 = CARTESIAN_POINT('',(-1.771420032959,-0.797966110191));
#290 = CARTESIAN_POINT('',(-1.720953767981,-0.802671373027));
#291 = CARTESIAN_POINT('',(-1.670476633219,-0.805488743974));
#292 = CARTESIAN_POINT('',(-1.571728646326,-0.807333806899));
#293 = CARTESIAN_POINT('',(-1.523451989454,-0.806521772295));
#294 = CARTESIAN_POINT('',(-1.475179878364,-0.804007011253));
#295 = CARTESIAN_POINT('',(-1.426917636254,-0.799836431762));
#296 = CARTESIAN_POINT('',(-1.378668133077,-0.794089263763));
#297 = CARTESIAN_POINT('',(-1.330433360263,-0.78687331012));
#298 = CARTESIAN_POINT('',(-1.282215827167,-0.77832079134));
#299 = CARTESIAN_POINT('',(-1.180758713693,-0.757823495447));
#300 = CARTESIAN_POINT('',(-1.127518896452,-0.745615658319));
#301 = CARTESIAN_POINT('',(-1.074303084322,-0.732164512873));
#302 = CARTESIAN_POINT('',(-1.021109012914,-0.717701963748));
#303 = CARTESIAN_POINT('',(-0.967931543184,-0.702478835704));
#304 = CARTESIAN_POINT('',(-0.914764539089,-0.686756723993));
#305 = CARTESIAN_POINT('',(-0.86160247634,-0.670800439386));
#306 = CARTESIAN_POINT('',(-0.707599260042,-0.624653985318));
#307 = CARTESIAN_POINT('',(-0.606682284838,-0.594509809126));
#308 = CARTESIAN_POINT('',(-0.505746715654,-0.566244598198));
#309 = CARTESIAN_POINT('',(-0.40476126353,-0.541589250699));
#310 = CARTESIAN_POINT('',(-0.303688382139,-0.52200951406));
#311 = CARTESIAN_POINT('',(-0.202505329083,-0.508578717585));
#312 = CARTESIAN_POINT('',(-0.101217367408,-0.50187145065));
#313 = CARTESIAN_POINT('',(0.,-0.50187145065));
#314 = ( GEOMETRIC_REPRESENTATION_CONTEXT(2) 
PARAMETRIC_REPRESENTATION_CONTEXT() REPRESENTATION_CONTEXT('2D SPACE',''
  ) );
#315 = PCURVE('',#316,#321);
#316 = TOROIDAL_SURFACE('',#317,70.655240148564,56.491847302278);
#317 = AXIS2_PLACEMENT_3D('',#318,#319,#320);
#318 = CARTESIAN_POINT('',(0.,1.283989655246E-14,57.825753329151));
#319 = DIRECTION('',(0.,2.22044604925E-16,1.));
#320 = DIRECTION('',(1.,0.,0.));
#321 = DEFINITIONAL_REPRESENTATION('',(#322),#367);
#322 = B_SPLINE_CURVE_WITH_KNOTS('',8,(#323,#324,#325,#326,#327,#328,
    #329,#330,#331,#332,#333,#334,#335,#336,#337,#338,#339,#340,#341,
    #342,#343,#344,#345,#346,#347,#348,#349,#350,#351,#352,#353,#354,
    #355,#356,#357,#358,#359,#360,#361,#362,#363,#364,#365,#366),
  .UNSPECIFIED.,.F.,.F.,(9,7,7,7,7,7,9),(0.,0.241727296474,
    0.356204784622,0.484505029272,0.607201538369,0.74279246532,1.),
  .UNSPECIFIED.);
#323 = CARTESIAN_POINT('',(0.,4.219894809735));
#324 = CARTESIAN_POINT('',(-1.082325595053E-02,4.219894809735));
#325 = CARTESIAN_POINT('',(-2.16515022708E-02,4.220910325002));
#326 = CARTESIAN_POINT('',(-3.226980642947E-02,4.222942964878));
#327 = CARTESIAN_POINT('',(-4.247908728085E-02,4.225958244683));
#328 = CARTESIAN_POINT('',(-5.210176819515E-02,4.229898309872));
#329 = CARTESIAN_POINT('',(-6.098801054048E-02,4.23468566622));
#330 = CARTESIAN_POINT('',(-6.901641651715E-02,4.240228863035));
#331 = CARTESIAN_POINT('',(-7.944772371358E-02,4.249354258372));
#332 = CARTESIAN_POINT('',(-8.25882164941E-02,4.252433547711));
#333 = CARTESIAN_POINT('',(-8.550727956907E-02,4.255648667717));
#334 = CARTESIAN_POINT('',(-8.819695526942E-02,4.25898842903));
#335 = CARTESIAN_POINT('',(-9.065075105686E-02,4.262441258253));
#336 = CARTESIAN_POINT('',(-9.286358314925E-02,4.265995241883));
#337 = CARTESIAN_POINT('',(-9.483173839872E-02,4.26963813787));
#338 = CARTESIAN_POINT('',(-9.848178919011E-02,4.277525654194));
#339 = CARTESIAN_POINT('',(-0.100100601356,4.281790197361));
#340 = CARTESIAN_POINT('',(-0.101405710098,4.286132945722));
#341 = CARTESIAN_POINT('',(-0.102396076286,4.290535802879));
#342 = CARTESIAN_POINT('',(-0.103072840086,4.294980692338));
#343 = CARTESIAN_POINT('',(-0.103439080854,4.299449589421));
#344 = CARTESIAN_POINT('',(-0.103499699323,4.303924507375));
#345 = CARTESIAN_POINT('',(-0.103033552021,4.31265544173));
#346 = CARTESIAN_POINT('',(-0.102532298283,4.316912993524));
#347 = CARTESIAN_POINT('',(-0.101763435252,4.321144400768));
#348 = CARTESIAN_POINT('',(-0.10073420276,4.325334749424));
#349 = CARTESIAN_POINT('',(-9.945292144443E-02,4.329469835872));
#350 = CARTESIAN_POINT('',(-9.792873701059E-02,4.333536105228));
#351 = CARTESIAN_POINT('',(-9.617149341315E-02,4.337520595807));
#352 = CARTESIAN_POINT('',(-9.20039197625E-02,4.345710022266));
#353 = CARTESIAN_POINT('',(-8.954415373569E-02,4.34989452586));
#354 = CARTESIAN_POINT('',(-8.68264597625E-02,4.353947846284));
#355 = CARTESIAN_POINT('',(-8.38654575432E-02,4.357854860697));
#356 = CARTESIAN_POINT('',(-8.067606029011E-02,4.361601636905));
#357 = CARTESIAN_POINT('',(-7.727332398058E-02,4.365175263279));
#358 = CARTESIAN_POINT('',(-7.367244915486E-02,4.368563749318));
#359 = CARTESIAN_POINT('',(-6.271184529039E-02,4.377811491377));
#360 = CARTESIAN_POINT('',(-5.487188562468E-02,4.38316562367));
#361 = CARTESIAN_POINT('',(-4.647870748781E-02,4.387735878943));
#362 = CARTESIAN_POINT('',(-3.764075227524E-02,4.391461116154));
#363 = CARTESIAN_POINT('',(-2.846352900384E-02,4.394292426179));
#364 = CARTESIAN_POINT('',(-1.905395284842E-02,4.39619460624));
#365 = CARTESIAN_POINT('',(-9.52365016807E-03,4.397144551186));
#366 = CARTESIAN_POINT('',(0.,4.397144551186));
#367 = ( GEOMETRIC_REPRESENTATION_CONTEXT(2) 
PARAMETRIC_REPRESENTATION_CONTEXT() REPRESENTATION_CONTEXT('2D SPACE',''
  ) );
#368 = ORIENTED_EDGE('',*,*,#369,.T.);
#369 = EDGE_CURVE('',#219,#178,#370,.T.);
#370 = SEAM_CURVE('',#371,(#375,#381),.PCURVE_S1.);
#371 = LINE('',#372,#373);
#372 = CARTESIAN_POINT('',(53.335597599263,1.813846589729E-14,
    4.579978773311));
#373 = VECTOR('',#374,1.);
#374 = DIRECTION('',(-0.389722413022,-3.484915046297E-16,-0.920932375796
    ));
#375 = PCURVE('',#198,#376);
#376 = DEFINITIONAL_REPRESENTATION('',(#377),#380);
#377 = B_SPLINE_CURVE_WITH_KNOTS('',1,(#378,#379),.UNSPECIFIED.,.F.,.F.,
  (2,2),(0.50187145065,1.),.PIECEWISE_BEZIER_KNOTS.);
#378 = CARTESIAN_POINT('',(-6.28318530718,-0.50187145065));
#379 = CARTESIAN_POINT('',(-6.28318530718,-1.));
#380 = ( GEOMETRIC_REPRESENTATION_CONTEXT(2) 
PARAMETRIC_REPRESENTATION_CONTEXT() REPRESENTATION_CONTEXT('2D SPACE',''
  ) );
#381 = PCURVE('',#198,#382);
#382 = DEFINITIONAL_REPRESENTATION('',(#383),#386);
#383 = B_SPLINE_CURVE_WITH_KNOTS('',1,(#384,#385),.UNSPECIFIED.,.F.,.F.,
  (2,2),(0.50187145065,1.),.PIECEWISE_BEZIER_KNOTS.);
#384 = CARTESIAN_POINT('',(0.,-0.50187145065));
#385 = CARTESIAN_POINT('',(0.,-1.));
#386 = ( GEOMETRIC_REPRESENTATION_CONTEXT(2) 
PARAMETRIC_REPRESENTATION_CONTEXT() REPRESENTATION_CONTEXT('2D SPACE',''
  ) );
#387 = ORIENTED_EDGE('',*,*,#177,.T.);
#388 = ORIENTED_EDGE('',*,*,#369,.F.);
#389 = ORIENTED_EDGE('',*,*,#390,.F.);
#390 = EDGE_CURVE('',#217,#219,#391,.T.);
#391 = SURFACE_CURVE('',#392,(#437,#485),.PCURVE_S1.);
#392 = B_SPLINE_CURVE_WITH_KNOTS('',8,(#393,#394,#395,#396,#397,#398,
    #399,#400,#401,#402,#403,#404,#405,#406,#407,#408,#409,#410,#411,
    #412,#413,#414,#415,#416,#417,#418,#419,#420,#421,#422,#423,#424,
    #425,#426,#427,#428,#429,#430,#431,#432,#433,#434,#435,#436),
  .UNSPECIFIED.,.F.,.F.,(9,7,7,7,7,7,9),(0.,0.237163490623,
    0.357579384189,0.48181169246,0.60925677855,0.738874980512,1.),
  .UNSPECIFIED.);
#393 = CARTESIAN_POINT('',(43.944476191141,1.765786069995E-15,
    8.047606513157));
#394 = CARTESIAN_POINT('',(43.944476191141,0.466611920193,8.047606513157
    ));
#395 = CARTESIAN_POINT('',(43.987467074288,0.933454263694,8.021499339205
    ));
#396 = CARTESIAN_POINT('',(44.073522072654,1.393587173771,7.969240564616
    ));
#397 = CARTESIAN_POINT('',(44.201724761873,1.84072163582,7.891947792104)
  );
#398 = CARTESIAN_POINT('',(44.370682867933,2.269041111076,7.791593458632
    ));
#399 = CARTESIAN_POINT('',(44.578480456996,2.673178485232,7.670803071517
    ));
#400 = CARTESIAN_POINT('',(44.822677715616,3.048171724778,7.532597720147
    ));
#401 = CARTESIAN_POINT('',(45.240882844914,3.562884601537,7.302941842316
    ));
#402 = CARTESIAN_POINT('',(45.390310223176,3.72760379332,7.221942634337)
  );
#403 = CARTESIAN_POINT('',(45.547940788516,3.883142120203,7.13769855329)
  );
#404 = CARTESIAN_POINT('',(45.713346888731,4.028968563869,7.050637392165
    ));
#405 = CARTESIAN_POINT('',(45.886063445759,4.164588360913,6.961191292518
    ));
#406 = CARTESIAN_POINT('',(46.065584546479,4.289543914754,6.869791800034
    ));
#407 = CARTESIAN_POINT('',(46.25135880025,4.403418350521,6.776866367371)
  );
#408 = CARTESIAN_POINT('',(46.640275065337,4.611511241627,6.58582608876)
  );
#409 = CARTESIAN_POINT('',(46.843796967287,4.70500097727,6.487632217518)
  );
#410 = CARTESIAN_POINT('',(47.052675548029,4.785894099526,6.388723656511
    ));
#411 = CARTESIAN_POINT('',(47.266199534795,4.853844313888,6.289551593325
    ));
#412 = CARTESIAN_POINT('',(47.483619681731,4.908572057923,6.190545624536
    ));
#413 = CARTESIAN_POINT('',(47.704148057016,4.949865447864,6.092111613976
    ));
#414 = CARTESIAN_POINT('',(47.92695693848,4.977585965489,5.994631221897)
  );
#415 = CARTESIAN_POINT('',(48.381196271177,5.006136262788,5.79980797978)
  );
#416 = CARTESIAN_POINT('',(48.612729282312,5.006253874935,5.702521587065
    ));
#417 = CARTESIAN_POINT('',(48.844839219717,4.991966811678,5.60699156268)
  );
#418 = CARTESIAN_POINT('',(49.076591227746,4.963305793299,5.51355917992)
  );
#419 = CARTESIAN_POINT('',(49.307053409274,4.920385440832,5.422523385005
    ));
#420 = CARTESIAN_POINT('',(49.535298331879,4.863398201623,5.334145046731
    ));
#421 = CARTESIAN_POINT('',(49.760405357458,4.792613930043,5.248651420349
    ));
#422 = CARTESIAN_POINT('',(50.206291586725,4.622720098421,5.082425015832
    ));
#423 = CARTESIAN_POINT('',(50.426953109497,4.523139860829,5.001790231146
    ));
#424 = CARTESIAN_POINT('',(50.642502875146,4.41000539537,4.924540884256)
  );
#425 = CARTESIAN_POINT('',(50.852034537244,4.283749187559,4.850840210427
    ));
#426 = CARTESIAN_POINT('',(51.054678671648,4.144866328713,4.780818766568
    ));
#427 = CARTESIAN_POINT('',(51.249602681273,3.993909892548,4.714581535285
    ));
#428 = CARTESIAN_POINT('',(51.436012825331,3.831490583288,4.652213634009
    ));
#429 = CARTESIAN_POINT('',(51.970030586232,3.309337025964,4.476075273609
    ));
#430 = CARTESIAN_POINT('',(52.289596284065,2.916312396083,4.374255045185
    ));
#431 = CARTESIAN_POINT('',(52.565301967508,2.484876833491,4.289040212622
    ));
#432 = CARTESIAN_POINT('',(52.791886996175,2.021523949028,4.220672992812
    ));
#433 = CARTESIAN_POINT('',(52.965066366665,1.533323608521,4.169281279352
    ));
#434 = CARTESIAN_POINT('',(53.081741853003,1.02798013998,4.134938959205)
  );
#435 = CARTESIAN_POINT('',(53.140007046489,0.513804396235,4.11778910592)
  );
#436 = CARTESIAN_POINT('',(53.140007046489,8.620239842116E-16,
    4.11778910592));
#437 = PCURVE('',#198,#438);
#438 = DEFINITIONAL_REPRESENTATION('',(#439),#484);
#439 = B_SPLINE_CURVE_WITH_KNOTS('',8,(#440,#441,#442,#443,#444,#445,
    #446,#447,#448,#449,#450,#451,#452,#453,#454,#455,#456,#457,#458,
    #459,#460,#461,#462,#463,#464,#465,#466,#467,#468,#469,#470,#471,
    #472,#473,#474,#475,#476,#477,#478,#479,#480,#481,#482,#483),
  .UNSPECIFIED.,.F.,.F.,(9,7,7,7,7,7,9),(0.,0.237163490623,
    0.357579384189,0.48181169246,0.60925677855,0.738874980512,1.),
  .UNSPECIFIED.);
#440 = CARTESIAN_POINT('',(-3.14159265359,-0.466479843325));
#441 = CARTESIAN_POINT('',(-3.234915037628,-0.466479843325));
#442 = CARTESIAN_POINT('',(-3.328283453275,-0.47376827434));
#443 = CARTESIAN_POINT('',(-3.421548834037,-0.488357510163));
#444 = CARTESIAN_POINT('',(-3.514695280207,-0.509575465385));
#445 = CARTESIAN_POINT('',(-3.607736928567,-0.536148259338));
#446 = CARTESIAN_POINT('',(-3.70070633207,-0.566404659687));
#447 = CARTESIAN_POINT('',(-3.793634750748,-0.598513297389));
#448 = CARTESIAN_POINT('',(-3.933665194076,-0.647026918447));
#449 = CARTESIAN_POINT('',(-3.980821402679,-0.663386513062));
#450 = CARTESIAN_POINT('',(-4.027983312589,-0.679537450476));
#451 = CARTESIAN_POINT('',(-4.075156548704,-0.695252427926));
#452 = CARTESIAN_POINT('',(-4.122346550894,-0.710314723606));
#453 = CARTESIAN_POINT('',(-4.169557738148,-0.724524078805));
#454 = CARTESIAN_POINT('',(-4.216792496651,-0.737701727822));
#455 = CARTESIAN_POINT('',(-4.312805247636,-0.762067520183));
#456 = CARTESIAN_POINT('',(-4.361588637136,-0.773180388583));
#457 = CARTESIAN_POINT('',(-4.410395975154,-0.782863820143));
#458 = CARTESIAN_POINT('',(-4.459224781971,-0.790979500545));
#459 = CARTESIAN_POINT('',(-4.508073017896,-0.797423798296));
#460 = CARTESIAN_POINT('',(-4.556937616484,-0.802130014944));
#461 = CARTESIAN_POINT('',(-4.605812816327,-0.805069249088));
#462 = CARTESIAN_POINT('',(-4.704827737604,-0.807461031483));
#463 = CARTESIAN_POINT('',(-4.754973665164,-0.806821616465));
#464 = CARTESIAN_POINT('',(-4.805115031557,-0.80433986389));
#465 = CARTESIAN_POINT('',(-4.855245816669,-0.800065818329));
#466 = CARTESIAN_POINT('',(-4.90536289986,-0.794087351727));
#467 = CARTESIAN_POINT('',(-4.955464156646,-0.786525662766));
#468 = CARTESIAN_POINT('',(-5.00554677502,-0.777530258027));
#469 = CARTESIAN_POINT('',(-5.106518383644,-0.756841678456));
#470 = CARTESIAN_POINT('',(-5.157411401735,-0.745104121173));
#471 = CARTESIAN_POINT('',(-5.208282750463,-0.732240970939));
#472 = CARTESIAN_POINT('',(-5.259134419576,-0.718455122628));
#473 = CARTESIAN_POINT('',(-5.309970769773,-0.703965176233));
#474 = CARTESIAN_POINT('',(-5.360797030234,-0.688998931617));
#475 = CARTESIAN_POINT('',(-5.411618007721,-0.673787339959));
#476 = CARTESIAN_POINT('',(-5.564815469839,-0.627880168296));
#477 = CARTESIAN_POINT('',(-5.667270000719,-0.597107798284));
#478 = CARTESIAN_POINT('',(-5.769739550817,-0.568136212254));
#479 = CARTESIAN_POINT('',(-5.872258030496,-0.542792534293));
#480 = CARTESIAN_POINT('',(-5.974866415592,-0.522628944913));
#481 = CARTESIAN_POINT('',(-6.077589410663,-0.508784847321));
#482 = CARTESIAN_POINT('',(-6.180424427933,-0.50187145065));
#483 = CARTESIAN_POINT('',(-6.28318530718,-0.50187145065));
#484 = ( GEOMETRIC_REPRESENTATION_CONTEXT(2) 
PARAMETRIC_REPRESENTATION_CONTEXT() REPRESENTATION_CONTEXT('2D SPACE',''
  ) );
#485 = PCURVE('',#316,#486);
#486 = DEFINITIONAL_REPRESENTATION('',(#487),#532);
#487 = B_SPLINE_CURVE_WITH_KNOTS('',8,(#488,#489,#490,#491,#492,#493,
    #494,#495,#496,#497,#498,#499,#500,#501,#502,#503,#504,#505,#506,
    #507,#508,#509,#510,#511,#512,#513,#514,#515,#516,#517,#518,#519,
    #520,#521,#522,#523,#524,#525,#526,#527,#528,#529,#530,#531),
  .UNSPECIFIED.,.F.,.F.,(9,7,7,7,7,7,9),(0.,0.237163490623,
    0.357579384189,0.48181169246,0.60925677855,0.738874980512,1.),
  .UNSPECIFIED.);
#488 = CARTESIAN_POINT('',(-6.28318530718,4.219894809735));
#489 = CARTESIAN_POINT('',(-6.272567091635,4.219894809735));
#490 = CARTESIAN_POINT('',(-6.26194363232,4.220872212368));
#491 = CARTESIAN_POINT('',(-6.251518054447,4.222828681513));
#492 = CARTESIAN_POINT('',(-6.241478847037,4.225732345221));
#493 = CARTESIAN_POINT('',(-6.231994659385,4.229529378542));
#494 = CARTESIAN_POINT('',(-6.223208582639,4.234147540144));
#495 = CARTESIAN_POINT('',(-6.215237311853,4.239501349995));
#496 = CARTESIAN_POINT('',(-6.204581721951,4.248532965556));
#497 = CARTESIAN_POINT('',(-6.201225365415,4.251739372601));
#498 = CARTESIAN_POINT('',(-6.198112358651,4.255098387409));
#499 = CARTESIAN_POINT('',(-6.195252211083,4.258597054768));
#500 = CARTESIAN_POINT('',(-6.192652633143,4.262221943776));
#501 = CARTESIAN_POINT('',(-6.190319609405,4.265959206932));
#502 = CARTESIAN_POINT('',(-6.188257447692,4.269794595391));
#503 = CARTESIAN_POINT('',(-6.184623472087,4.277756467408));
#504 = CARTESIAN_POINT('',(-6.183069119124,4.281888653074));
#505 = CARTESIAN_POINT('',(-6.181808867962,4.286093617214));
#506 = CARTESIAN_POINT('',(-6.180843626527,4.290354937301));
#507 = CARTESIAN_POINT('',(-6.180172389762,4.294656203296));
#508 = CARTESIAN_POINT('',(-6.179792440863,4.298981044164));
#509 = CARTESIAN_POINT('',(-6.17969945201,4.303313116057));
#510 = CARTESIAN_POINT('',(-6.180080379879,4.312070783934));
#511 = CARTESIAN_POINT('',(-6.180569043972,4.316496453407));
#512 = CARTESIAN_POINT('',(-6.181347184013,4.320895394518));
#513 = CARTESIAN_POINT('',(-6.182406765914,4.325250848089));
#514 = CARTESIAN_POINT('',(-6.183738487551,4.329546880728));
#515 = CARTESIAN_POINT('',(-6.185332090412,4.333768311137));
#516 = CARTESIAN_POINT('',(-6.187176509683,4.337900643808));
#517 = CARTESIAN_POINT('',(-6.191378739922,4.346028082732));
#518 = CARTESIAN_POINT('',(-6.193744973954,4.350020040773));
#519 = CARTESIAN_POINT('',(-6.196346275909,4.353891515093));
#520 = CARTESIAN_POINT('',(-6.199169873068,4.357629319679));
#521 = CARTESIAN_POINT('',(-6.202202745663,4.361221261963));
#522 = CARTESIAN_POINT('',(-6.205431746575,4.36465600711));
#523 = CARTESIAN_POINT('',(-6.208843604031,4.367922996287));
#524 = CARTESIAN_POINT('',(-6.219639394134,4.377236278948));
#525 = CARTESIAN_POINT('',(-6.227547211961,4.382744609126));
#526 = CARTESIAN_POINT('',(-6.236033595463,4.38744976142));
#527 = CARTESIAN_POINT('',(-6.244985007886,4.391287058961));
#528 = CARTESIAN_POINT('',(-6.254291240997,4.394204697789));
#529 = CARTESIAN_POINT('',(-6.263840558247,4.396165412188));
#530 = CARTESIAN_POINT('',(-6.273516426335,4.397144551186));
#531 = CARTESIAN_POINT('',(-6.28318530718,4.397144551186));
#532 = ( GEOMETRIC_REPRESENTATION_CONTEXT(2) 
PARAMETRIC_REPRESENTATION_CONTEXT() REPRESENTATION_CONTEXT('2D SPACE',''
  ) );
#533 = ADVANCED_FACE('',(#534,#634,#954,#1274,#1573,#1893,#2192,#2491),
  #316,.F.);
#534 = FACE_BOUND('',#535,.T.);
#535 = EDGE_LOOP('',(#536,#558,#559,#581,#606,#607,#608,#609));
#536 = ORIENTED_EDGE('',*,*,#537,.T.);
#537 = EDGE_CURVE('',#538,#217,#540,.T.);
#538 = VERTEX_POINT('',#539);
#539 = CARTESIAN_POINT('',(14.2,1.238839346437E-14,55.792364189845));
#540 = SEAM_CURVE('',#541,(#546,#552),.PCURVE_S1.);
#541 = CIRCLE('',#542,56.491847302278);
#542 = AXIS2_PLACEMENT_3D('',#543,#544,#545);
#543 = CARTESIAN_POINT('',(70.655240148564,1.283989655246E-14,
    57.825753329151));
#544 = DIRECTION('',(0.,-1.,2.22044604925E-16));
#545 = DIRECTION('',(1.,0.,0.));
#546 = PCURVE('',#316,#547);
#547 = DEFINITIONAL_REPRESENTATION('',(#548),#551);
#548 = B_SPLINE_CURVE_WITH_KNOTS('',1,(#549,#550),.UNSPECIFIED.,.F.,.F.,
  (2,2),(3.17759481262,4.219894809735),.PIECEWISE_BEZIER_KNOTS.);
#549 = CARTESIAN_POINT('',(0.,3.17759481262));
#550 = CARTESIAN_POINT('',(0.,4.219894809735));
#551 = ( GEOMETRIC_REPRESENTATION_CONTEXT(2) 
PARAMETRIC_REPRESENTATION_CONTEXT() REPRESENTATION_CONTEXT('2D SPACE',''
  ) );
#552 = PCURVE('',#316,#553);
#553 = DEFINITIONAL_REPRESENTATION('',(#554),#557);
#554 = B_SPLINE_CURVE_WITH_KNOTS('',1,(#555,#556),.UNSPECIFIED.,.F.,.F.,
  (2,2),(3.17759481262,4.219894809735),.PIECEWISE_BEZIER_KNOTS.);
#555 = CARTESIAN_POINT('',(-6.28318530718,3.17759481262));
#556 = CARTESIAN_POINT('',(-6.28318530718,4.219894809735));
#557 = ( GEOMETRIC_REPRESENTATION_CONTEXT(2) 
PARAMETRIC_REPRESENTATION_CONTEXT() REPRESENTATION_CONTEXT('2D SPACE',''
  ) );
#558 = ORIENTED_EDGE('',*,*,#390,.T.);
#559 = ORIENTED_EDGE('',*,*,#560,.T.);
#560 = EDGE_CURVE('',#219,#561,#563,.T.);
#561 = VERTEX_POINT('',#562);
#562 = CARTESIAN_POINT('',(56.034074173711,7.23603187392E-16,
    3.258819045103));
#563 = SEAM_CURVE('',#564,(#569,#575),.PCURVE_S1.);
#564 = CIRCLE('',#565,56.491847302278);
#565 = AXIS2_PLACEMENT_3D('',#566,#567,#568);
#566 = CARTESIAN_POINT('',(70.655240148564,1.283989655246E-14,
    57.825753329151));
#567 = DIRECTION('',(0.,-1.,2.22044604925E-16));
#568 = DIRECTION('',(1.,0.,0.));
#569 = PCURVE('',#316,#570);
#570 = DEFINITIONAL_REPRESENTATION('',(#571),#574);
#571 = B_SPLINE_CURVE_WITH_KNOTS('',1,(#572,#573),.UNSPECIFIED.,.F.,.F.,
  (2,2),(4.397144551186,4.450589592586),.PIECEWISE_BEZIER_KNOTS.);
#572 = CARTESIAN_POINT('',(0.,4.397144551186));
#573 = CARTESIAN_POINT('',(0.,4.450589592586));
#574 = ( GEOMETRIC_REPRESENTATION_CONTEXT(2) 
PARAMETRIC_REPRESENTATION_CONTEXT() REPRESENTATION_CONTEXT('2D SPACE',''
  ) );
#575 = PCURVE('',#316,#576);
#576 = DEFINITIONAL_REPRESENTATION('',(#577),#580);
#577 = B_SPLINE_CURVE_WITH_KNOTS('',1,(#578,#579),.UNSPECIFIED.,.F.,.F.,
  (2,2),(4.397144551186,4.450589592586),.PIECEWISE_BEZIER_KNOTS.);
#578 = CARTESIAN_POINT('',(-6.28318530718,4.397144551186));
#579 = CARTESIAN_POINT('',(-6.28318530718,4.450589592586));
#580 = ( GEOMETRIC_REPRESENTATION_CONTEXT(2) 
PARAMETRIC_REPRESENTATION_CONTEXT() REPRESENTATION_CONTEXT('2D SPACE',''
  ) );
#581 = ORIENTED_EDGE('',*,*,#582,.F.);
#582 = EDGE_CURVE('',#561,#561,#583,.T.);
#583 = SURFACE_CURVE('',#584,(#589,#595),.PCURVE_S1.);
#584 = CIRCLE('',#585,56.034074173711);
#585 = AXIS2_PLACEMENT_3D('',#586,#587,#588);
#586 = CARTESIAN_POINT('',(0.,7.23603187392E-16,3.258819045103));
#587 = DIRECTION('',(0.,-2.22044604925E-16,-1.));
#588 = DIRECTION('',(1.,0.,0.));
#589 = PCURVE('',#316,#590);
#590 = DEFINITIONAL_REPRESENTATION('',(#591),#594);
#591 = B_SPLINE_CURVE_WITH_KNOTS('',1,(#592,#593),.UNSPECIFIED.,.F.,.F.,
  (2,2),(0.,6.28318530718),.PIECEWISE_BEZIER_KNOTS.);
#592 = CARTESIAN_POINT('',(0.,4.450589592586));
#593 = CARTESIAN_POINT('',(-6.28318530718,4.450589592586));
#594 = ( GEOMETRIC_REPRESENTATION_CONTEXT(2) 
PARAMETRIC_REPRESENTATION_CONTEXT() REPRESENTATION_CONTEXT('2D SPACE',''
  ) );
#595 = PCURVE('',#596,#601);
#596 = CONICAL_SURFACE('',#597,56.034074173711,1.308996938996);
#597 = AXIS2_PLACEMENT_3D('',#598,#599,#600);
#598 = CARTESIAN_POINT('',(0.,7.23603187392E-16,3.258819045103));
#599 = DIRECTION('',(0.,-2.22044604925E-16,-1.));
#600 = DIRECTION('',(1.,0.,0.));
#601 = DEFINITIONAL_REPRESENTATION('',(#602),#605);
#602 = B_SPLINE_CURVE_WITH_KNOTS('',1,(#603,#604),.UNSPECIFIED.,.F.,.F.,
  (2,2),(0.,6.28318530718),.PIECEWISE_BEZIER_KNOTS.);
#603 = CARTESIAN_POINT('',(0.,0.));
#604 = CARTESIAN_POINT('',(6.28318530718,0.));
#605 = ( GEOMETRIC_REPRESENTATION_CONTEXT(2) 
PARAMETRIC_REPRESENTATION_CONTEXT() REPRESENTATION_CONTEXT('2D SPACE',''
  ) );
#606 = ORIENTED_EDGE('',*,*,#560,.F.);
#607 = ORIENTED_EDGE('',*,*,#216,.F.);
#608 = ORIENTED_EDGE('',*,*,#537,.F.);
#609 = ORIENTED_EDGE('',*,*,#610,.T.);
#610 = EDGE_CURVE('',#538,#538,#611,.T.);
#611 = SURFACE_CURVE('',#612,(#617,#623),.PCURVE_S1.);
#612 = CIRCLE('',#613,14.2);
#613 = AXIS2_PLACEMENT_3D('',#614,#615,#616);
#614 = CARTESIAN_POINT('',(0.,1.238839346437E-14,55.792364189845));
#615 = DIRECTION('',(0.,-2.22044604925E-16,-1.));
#616 = DIRECTION('',(1.,0.,0.));
#617 = PCURVE('',#316,#618);
#618 = DEFINITIONAL_REPRESENTATION('',(#619),#622);
#619 = B_SPLINE_CURVE_WITH_KNOTS('',1,(#620,#621),.UNSPECIFIED.,.F.,.F.,
  (2,2),(0.,6.28318530718),.PIECEWISE_BEZIER_KNOTS.);
#620 = CARTESIAN_POINT('',(0.,3.17759481262));
#621 = CARTESIAN_POINT('',(-6.28318530718,3.17759481262));
#622 = ( GEOMETRIC_REPRESENTATION_CONTEXT(2) 
PARAMETRIC_REPRESENTATION_CONTEXT() REPRESENTATION_CONTEXT('2D SPACE',''
  ) );
#623 = PCURVE('',#624,#629);
#624 = CONICAL_SURFACE('',#625,10.2,3.600215903004E-02);
#625 = AXIS2_PLACEMENT_3D('',#626,#627,#628);
#626 = CARTESIAN_POINT('',(0.,3.704787698854E-14,166.84880500044));
#627 = DIRECTION('',(0.,-2.22044604925E-16,-1.));
#628 = DIRECTION('',(1.,0.,0.));
#629 = DEFINITIONAL_REPRESENTATION('',(#630),#633);
#630 = B_SPLINE_CURVE_WITH_KNOTS('',1,(#631,#632),.UNSPECIFIED.,.F.,.F.,
  (2,2),(0.,6.28318530718),.PIECEWISE_BEZIER_KNOTS.);
#631 = CARTESIAN_POINT('',(0.,111.05644081059));
#632 = CARTESIAN_POINT('',(6.28318530718,111.05644081059));
#633 = ( GEOMETRIC_REPRESENTATION_CONTEXT(2) 
PARAMETRIC_REPRESENTATION_CONTEXT() REPRESENTATION_CONTEXT('2D SPACE',''
  ) );
#634 = FACE_BOUND('',#635,.T.);
#635 = EDGE_LOOP('',(#636,#810));
#636 = ORIENTED_EDGE('',*,*,#637,.T.);
#637 = EDGE_CURVE('',#638,#640,#642,.T.);
#638 = VERTEX_POINT('',#639);
#639 = CARTESIAN_POINT('',(37.575659334873,-37.57565933487,4.11778910592
    ));
#640 = VERTEX_POINT('',#641);
#641 = CARTESIAN_POINT('',(32.597944976226,-29.98312383133,
    7.863681145029));
#642 = SURFACE_CURVE('',#643,(#695,#750),.PCURVE_S1.);
#643 = B_SPLINE_CURVE_WITH_KNOTS('',8,(#644,#645,#646,#647,#648,#649,
    #650,#651,#652,#653,#654,#655,#656,#657,#658,#659,#660,#661,#662,
    #663,#664,#665,#666,#667,#668,#669,#670,#671,#672,#673,#674,#675,
    #676,#677,#678,#679,#680,#681,#682,#683,#684,#685,#686,#687,#688,
    #689,#690,#691,#692,#693,#694),.UNSPECIFIED.,.F.,.F.,(9,7,7,7,7,7,7,
    9),(0.,0.229270561092,0.351817375818,0.461676827484,0.573311198212,
    0.678877211444,0.791466635686,1.),.UNSPECIFIED.);
#644 = CARTESIAN_POINT('',(37.575659334873,-37.57565933487,4.11778910592
    ));
#645 = CARTESIAN_POINT('',(37.218282739963,-37.93303592978,4.11778910592
    ));
#646 = CARTESIAN_POINT('',(36.820763093886,-38.25082766548,
    4.134382934611));
#647 = CARTESIAN_POINT('',(36.389198757324,-38.5227208191,4.167615325589
    ));
#648 = CARTESIAN_POINT('',(35.930466221272,-38.74435705091,4.21735355714
    ));
#649 = CARTESIAN_POINT('',(35.451832857228,-38.91259328061,
    4.283524320188));
#650 = CARTESIAN_POINT('',(34.960934073205,-39.02549685426,
    4.366005851261));
#651 = CARTESIAN_POINT('',(34.46566683577,-39.08217421208,4.46457282858)
  );
#652 = CARTESIAN_POINT('',(33.71156586152,-39.08361374629,4.639511356663
    ));
#653 = CARTESIAN_POINT('',(33.449882743302,-39.06819079302,
    4.704881812376));
#654 = CARTESIAN_POINT('',(33.190387225061,-39.03689508684,
    4.774607524339));
#655 = CARTESIAN_POINT('',(32.9342612846,-38.98987227481,4.848589904684)
  );
#656 = CARTESIAN_POINT('',(32.682670373984,-38.92735382134,
    4.926705930598));
#657 = CARTESIAN_POINT('',(32.436761215459,-38.84965517074,
    5.008800615444));
#658 = CARTESIAN_POINT('',(32.197657458979,-38.75718027605,
    5.094677521159));
#659 = CARTESIAN_POINT('',(31.759185692853,-38.55473638916,
    5.264240440475));
#660 = CARTESIAN_POINT('',(31.558248440179,-38.44756142045,
    5.347239831781));
#661 = CARTESIAN_POINT('',(31.36444107737,-38.32927124569,5.43290295574)
  );
#662 = CARTESIAN_POINT('',(31.178518125547,-38.20028608779,
    5.521021744896));
#663 = CARTESIAN_POINT('',(31.001190129014,-38.061077931,5.611358676603)
  );
#664 = CARTESIAN_POINT('',(30.833121998956,-37.91216944462,
    5.703643042928));
#665 = CARTESIAN_POINT('',(30.674928564757,-37.75413663413,
    5.797567408334));
#666 = CARTESIAN_POINT('',(30.377018830625,-37.41840344029,5.98953945112
    ));
#667 = CARTESIAN_POINT('',(30.237624834433,-37.24040681354,
    6.087640535487));
#668 = CARTESIAN_POINT('',(30.109575693573,-37.05429042493,
    6.186722619338));
#669 = CARTESIAN_POINT('',(29.993370975993,-36.86075050992,
    6.286397113315));
#670 = CARTESIAN_POINT('',(29.889428166002,-36.66050791397,
    6.386250443886));
#671 = CARTESIAN_POINT('',(29.798087578217,-36.45430474988,
    6.485844513623));
#672 = CARTESIAN_POINT('',(29.719613487818,-36.24290425262,
    6.584718905491));
#673 = CARTESIAN_POINT('',(29.592325756004,-35.82301469707,
    6.774761169513));
#674 = CARTESIAN_POINT('',(29.542126809942,-35.61497585744,
    6.866063121684));
#675 = CARTESIAN_POINT('',(29.503750791781,-35.4036290575,6.955901471216
    ));
#676 = CARTESIAN_POINT('',(29.477289190224,-35.18962319574,
    7.043871244211));
#677 = CARTESIAN_POINT('',(29.46277661945,-34.97360409957,7.129563587732
    ));
#678 = CARTESIAN_POINT('',(29.460196140995,-34.75621520691,
    7.212568949282));
#679 = CARTESIAN_POINT('',(29.469482117875,-34.53809915404,
    7.292481557363));
#680 = CARTESIAN_POINT('',(29.512958795115,-34.08718439866,
    7.450413389416));
#681 = CARTESIAN_POINT('',(29.548766261595,-33.85436447507,
    7.527956350233));
#682 = CARTESIAN_POINT('',(29.597806929585,-33.62222192357,
    7.601052939401));
#683 = CARTESIAN_POINT('',(29.659882840835,-33.39153298324,
    7.669236665255));
#684 = CARTESIAN_POINT('',(29.73473880559,-33.16307234869,7.732062692584
    ));
#685 = CARTESIAN_POINT('',(29.822063142657,-32.93761605709,
    7.789116586688));
#686 = CARTESIAN_POINT('',(29.921484503621,-32.7159436215,7.840024799534
    ));
#687 = CARTESIAN_POINT('',(30.238302968003,-32.09672818278,
    7.966780671038));
#688 = CARTESIAN_POINT('',(30.484253030448,-31.70986554069,
    8.026999005372));
#689 = CARTESIAN_POINT('',(30.767476709553,-31.34387814278,
    8.062884546051));
#690 = CARTESIAN_POINT('',(31.084252590189,-31.0036629409,8.073130745469
    ));
#691 = CARTESIAN_POINT('',(31.430447685871,-30.69369505959,
    8.057329373009));
#692 = CARTESIAN_POINT('',(31.801524183401,-30.41801478902,
    8.016045525061));
#693 = CARTESIAN_POINT('',(32.192555874324,-30.18022288519,
    7.950720414316));
#694 = CARTESIAN_POINT('',(32.597944976226,-29.98312383133,
    7.863681145029));
#695 = PCURVE('',#316,#696);
#696 = DEFINITIONAL_REPRESENTATION('',(#697),#749);
#697 = B_SPLINE_CURVE_WITH_KNOTS('',8,(#698,#699,#700,#701,#702,#703,
    #704,#705,#706,#707,#708,#709,#710,#711,#712,#713,#714,#715,#716,
    #717,#718,#719,#720,#721,#722,#723,#724,#725,#726,#727,#728,#729,
    #730,#731,#732,#733,#734,#735,#736,#737,#738,#739,#740,#741,#742,
    #743,#744,#745,#746,#747,#748),.UNSPECIFIED.,.F.,.F.,(9,7,7,7,7,7,7,
    9),(0.,0.229270561092,0.351817375818,0.461676827484,0.573311198212,
    0.678877211444,0.791466635686,1.),.UNSPECIFIED.);
#698 = CARTESIAN_POINT('',(-0.785398163397,4.397144551186));
#699 = CARTESIAN_POINT('',(-0.794909016999,4.397144551186));
#700 = CARTESIAN_POINT('',(-0.804427297416,4.396197157385));
#701 = CARTESIAN_POINT('',(-0.81382558776,4.394299812521));
#702 = CARTESIAN_POINT('',(-0.8229923518,4.391475524765));
#703 = CARTESIAN_POINT('',(-0.831820922559,4.387759438065));
#704 = CARTESIAN_POINT('',(-0.840206189046,4.383200334677));
#705 = CARTESIAN_POINT('',(-0.848040280677,4.37785907285));
#706 = CARTESIAN_POINT('',(-0.859048632114,4.36858822053));
#707 = CARTESIAN_POINT('',(-0.862696061939,4.365157548856));
#708 = CARTESIAN_POINT('',(-0.866140333322,4.361536991998));
#709 = CARTESIAN_POINT('',(-0.869365661953,4.357739003631));
#710 = CARTESIAN_POINT('',(-0.87235641581,4.353777004577));
#711 = CARTESIAN_POINT('',(-0.875097113231,4.349665488313));
#712 = CARTESIAN_POINT('',(-0.877572585867,4.345420202375));
#713 = CARTESIAN_POINT('',(-0.881736702598,4.337148189009));
#714 = CARTESIAN_POINT('',(-0.883480448859,4.333143994455));
#715 = CARTESIAN_POINT('',(-0.884988923491,4.329058409372));
#716 = CARTESIAN_POINT('',(-0.886252225133,4.324904567659));
#717 = CARTESIAN_POINT('',(-0.887261170665,4.320696199822));
#718 = CARTESIAN_POINT('',(-0.888007424526,4.316447688687));
#719 = CARTESIAN_POINT('',(-0.888483759596,4.31217413075));
#720 = CARTESIAN_POINT('',(-0.888888382018,4.303539482654));
#721 = CARTESIAN_POINT('',(-0.888807714586,4.299177585737));
#722 = CARTESIAN_POINT('',(-0.888436330403,4.294822403501));
#723 = CARTESIAN_POINT('',(-0.887769763274,4.290490607218));
#724 = CARTESIAN_POINT('',(-0.886805197802,4.286198900802));
#725 = CARTESIAN_POINT('',(-0.885541574478,4.281964033217));
#726 = CARTESIAN_POINT('',(-0.88397979978,4.277802770839));
#727 = CARTESIAN_POINT('',(-0.880367253638,4.269882181857));
#728 = CARTESIAN_POINT('',(-0.878347538337,4.26611299745));
#729 = CARTESIAN_POINT('',(-0.876066427258,4.262438186978));
#730 = CARTESIAN_POINT('',(-0.873527970154,4.258871262139));
#731 = CARTESIAN_POINT('',(-0.87073777752,4.255425361712));
#732 = CARTESIAN_POINT('',(-0.867703065467,4.252113237999));
#733 = CARTESIAN_POINT('',(-0.864432722596,4.248947203911));
#734 = CARTESIAN_POINT('',(-0.857209527849,4.242730741384));
#735 = CARTESIAN_POINT('',(-0.853225585702,4.239701883026));
#736 = CARTESIAN_POINT('',(-0.848998449018,4.236866782181));
#737 = CARTESIAN_POINT('',(-0.844543146047,4.234238971639));
#738 = CARTESIAN_POINT('',(-0.839876908836,4.231831124929));
#739 = CARTESIAN_POINT('',(-0.835019198361,4.229654909968));
#740 = CARTESIAN_POINT('',(-0.829991702698,4.227720771865));
#741 = CARTESIAN_POINT('',(-0.815236366026,4.222920228275));
#742 = CARTESIAN_POINT('',(-0.805143848045,4.220660625162));
#743 = CARTESIAN_POINT('',(-0.794704659538,4.219323290175));
#744 = CARTESIAN_POINT('',(-0.78409724477,4.218942903564));
#745 = CARTESIAN_POINT('',(-0.77350752221,4.219530129994));
#746 = CARTESIAN_POINT('',(-0.7631203557,4.221070029951));
#747 = CARTESIAN_POINT('',(-0.753111231287,4.223524134994));
#748 = CARTESIAN_POINT('',(-0.743639511418,4.226825437305));
#749 = ( GEOMETRIC_REPRESENTATION_CONTEXT(2) 
PARAMETRIC_REPRESENTATION_CONTEXT() REPRESENTATION_CONTEXT('2D SPACE',''
  ) );
#750 = PCURVE('',#751,#756);
#751 = CYLINDRICAL_SURFACE('',#752,5.);
#752 = AXIS2_PLACEMENT_3D('',#753,#754,#755);
#753 = CARTESIAN_POINT('',(34.45797510138,-34.45797510138,6.528590838421
    ));
#754 = DIRECTION('',(0.275575361028,-0.275575361028,0.920932375796));
#755 = DIRECTION('',(0.651197527939,-0.651197527939,-0.389722413022));
#756 = DEFINITIONAL_REPRESENTATION('',(#757),#809);
#757 = B_SPLINE_CURVE_WITH_KNOTS('',8,(#758,#759,#760,#761,#762,#763,
    #764,#765,#766,#767,#768,#769,#770,#771,#772,#773,#774,#775,#776,
    #777,#778,#779,#780,#781,#782,#783,#784,#785,#786,#787,#788,#789,
    #790,#791,#792,#793,#794,#795,#796,#797,#798,#799,#800,#801,#802,
    #803,#804,#805,#806,#807,#808),.UNSPECIFIED.,.F.,.F.,(9,7,7,7,7,7,7,
    9),(0.,0.229270561092,0.351817375818,0.461676827484,0.573311198212,
    0.678877211444,0.791466635686,1.),.UNSPECIFIED.);
#758 = CARTESIAN_POINT('',(0.,-0.50187145065));
#759 = CARTESIAN_POINT('',(-0.101081365479,-0.50187145065));
#760 = CARTESIAN_POINT('',(-0.20224155962,-0.508560704257));
#761 = CARTESIAN_POINT('',(-0.303299908419,-0.521957363365));
#762 = CARTESIAN_POINT('',(-0.404248227144,-0.541489715256));
#763 = CARTESIAN_POINT('',(-0.505107440852,-0.566088719589));
#764 = CARTESIAN_POINT('',(-0.605914686441,-0.594294973786));
#765 = CARTESIAN_POINT('',(-0.706701940301,-0.624386017607));
#766 = CARTESIAN_POINT('',(-0.861250233452,-0.670694411394));
#767 = CARTESIAN_POINT('',(-0.915084679423,-0.686856248));
#768 = CARTESIAN_POINT('',(-0.968924158261,-0.702778479083));
#769 = CARTESIAN_POINT('',(-1.022774390137,-0.718186036696));
#770 = CARTESIAN_POINT('',(-1.076641760286,-0.732807260774));
#771 = CARTESIAN_POINT('',(-1.130531606665,-0.746381946449));
#772 = CARTESIAN_POINT('',(-1.184446217288,-0.75867003015));
#773 = CARTESIAN_POINT('',(-1.286734789785,-0.779134610486));
#774 = CARTESIAN_POINT('',(-1.335108691445,-0.787605920504));
#775 = CARTESIAN_POINT('',(-1.38349981387,-0.794722367831));
#776 = CARTESIAN_POINT('',(-1.431905526753,-0.800351838008));
#777 = CARTESIAN_POINT('',(-1.480323751664,-0.8043871976));
#778 = CARTESIAN_POINT('',(-1.52875153772,-0.806750482384));
#779 = CARTESIAN_POINT('',(-1.577183459068,-0.807396654952));
#780 = CARTESIAN_POINT('',(-1.67481859895,-0.805219764143));
#781 = CARTESIAN_POINT('',(-1.724027336416,-0.802340334952));
#782 = CARTESIAN_POINT('',(-1.773225483656,-0.797668715279));
#783 = CARTESIAN_POINT('',(-1.822407167717,-0.791233235686));
#784 = CARTESIAN_POINT('',(-1.871569270864,-0.783101073794));
#785 = CARTESIAN_POINT('',(-1.920709704032,-0.773377397381));
#786 = CARTESIAN_POINT('',(-1.969825888474,-0.762203062919));
#787 = CARTESIAN_POINT('',(-2.065332641349,-0.737975567724));
#788 = CARTESIAN_POINT('',(-2.111729886871,-0.72505661502));
#789 = CARTESIAN_POINT('',(-2.158104402824,-0.711139026105));
#790 = CARTESIAN_POINT('',(-2.204458400221,-0.696391722081));
#791 = CARTESIAN_POINT('',(-2.250795989851,-0.681003715919));
#792 = CARTESIAN_POINT('',(-2.297122253299,-0.665179529963));
#793 = CARTESIAN_POINT('',(-2.343442475544,-0.649133845532));
#794 = CARTESIAN_POINT('',(-2.439162255777,-0.615969203707));
#795 = CARTESIAN_POINT('',(-2.488563709782,-0.598849159571));
#796 = CARTESIAN_POINT('',(-2.53797189663,-0.581990511698));
#797 = CARTESIAN_POINT('',(-2.587393505106,-0.565663507418));
#798 = CARTESIAN_POINT('',(-2.636835111174,-0.550134647145));
#799 = CARTESIAN_POINT('',(-2.686302100104,-0.535657632138));
#800 = CARTESIAN_POINT('',(-2.735797316873,-0.522463994761));
#801 = CARTESIAN_POINT('',(-2.877042233401,-0.489063564246));
#802 = CARTESIAN_POINT('',(-2.968953619667,-0.472438585552));
#803 = CARTESIAN_POINT('',(-3.060911763633,-0.462198071005));
#804 = CARTESIAN_POINT('',(-3.152879950846,-0.45922131365));
#805 = CARTESIAN_POINT('',(-3.244842100086,-0.463789981448));
#806 = CARTESIAN_POINT('',(-3.336783668843,-0.475520763938));
#807 = CARTESIAN_POINT('',(-3.428672072121,-0.493451663722));
#808 = CARTESIAN_POINT('',(-3.520377313751,-0.516209339586));
#809 = ( GEOMETRIC_REPRESENTATION_CONTEXT(2) 
PARAMETRIC_REPRESENTATION_CONTEXT() REPRESENTATION_CONTEXT('2D SPACE',''
  ) );
#810 = ORIENTED_EDGE('',*,*,#811,.T.);
#811 = EDGE_CURVE('',#640,#638,#812,.T.);
#812 = SURFACE_CURVE('',#813,(#858,#906),.PCURVE_S1.);
#813 = B_SPLINE_CURVE_WITH_KNOTS('',8,(#814,#815,#816,#817,#818,#819,
    #820,#821,#822,#823,#824,#825,#826,#827,#828,#829,#830,#831,#832,
    #833,#834,#835,#836,#837,#838,#839,#840,#841,#842,#843,#844,#845,
    #846,#847,#848,#849,#850,#851,#852,#853,#854,#855,#856,#857),
  .UNSPECIFIED.,.F.,.F.,(9,7,7,7,7,7,9),(0.,0.221754982063,
    0.316982427974,0.411958240134,0.551054629293,0.704407852963,1.),
  .UNSPECIFIED.);
#814 = CARTESIAN_POINT('',(32.597944976226,-29.98312383133,
    7.863681145029));
#815 = CARTESIAN_POINT('',(32.936381753387,-29.81857681155,
    7.791016908014));
#816 = CARTESIAN_POINT('',(33.285111240997,-29.68225285738,
    7.703157347611));
#817 = CARTESIAN_POINT('',(33.641219332147,-29.57571134641,
    7.601344155038));
#818 = CARTESIAN_POINT('',(34.001836918484,-29.50012828966,
    7.487107405243));
#819 = CARTESIAN_POINT('',(34.364114832201,-29.45635714364,
    7.362156196957));
#820 = CARTESIAN_POINT('',(34.725199209185,-29.44494108854,
    7.228294126133));
#821 = CARTESIAN_POINT('',(35.08220727333,-29.46607677262,7.087359592742
    ));
#822 = CARTESIAN_POINT('',(35.582501183284,-29.5424835453,6.878422261526
    ));
#823 = CARTESIAN_POINT('',(35.731511170153,-29.57139796198,
    6.814686114314));
#824 = CARTESIAN_POINT('',(35.879001739291,-29.60625478252,
    6.750127864607));
#825 = CARTESIAN_POINT('',(36.024741916965,-29.64702224749,
    6.684891565602));
#826 = CARTESIAN_POINT('',(36.168501612305,-29.69365400583,6.61911949711
    ));
#827 = CARTESIAN_POINT('',(36.310051710582,-29.74608829255,
    6.552951704247));
#828 = CARTESIAN_POINT('',(36.449164166485,-29.80424710625,
    6.486525536126));
#829 = CARTESIAN_POINT('',(36.721699471487,-29.93165511007,
    6.353600688958));
#830 = CARTESIAN_POINT('',(36.855139192205,-30.00087591246,
    6.287101287845));
#831 = CARTESIAN_POINT('',(36.985705447191,-30.07560298471,
    6.220610770766));
#832 = CARTESIAN_POINT('',(37.113177783685,-30.15572638552,
    6.154257767559));
#833 = CARTESIAN_POINT('',(37.237341375066,-30.2411207598,6.088165681829
    ));
#834 = CARTESIAN_POINT('',(37.357987287396,-30.33164505684,6.02245262443
    ));
#835 = CARTESIAN_POINT('',(37.474912745957,-30.42714224847,
    5.957231346944));
#836 = CARTESIAN_POINT('',(37.753427709285,-30.67432826303,
    5.797967070502));
#837 = CARTESIAN_POINT('',(37.910546272829,-30.83152374388,
    5.704602463757));
#838 = CARTESIAN_POINT('',(38.05865295423,-30.99847799387,5.612856533599
    ));
#839 = CARTESIAN_POINT('',(38.197181815478,-31.17458754182,
    5.523031376663));
#840 = CARTESIAN_POINT('',(38.325618958968,-31.35919994953,
    5.435393251038));
#841 = CARTESIAN_POINT('',(38.443499963843,-31.55161812178,
    5.350176004859));
#842 = CARTESIAN_POINT('',(38.550410918465,-31.75110191818,
    5.267584690018));
#843 = CARTESIAN_POINT('',(38.75137197318,-32.18372233645,5.099836348558
    ));
#844 = CARTESIAN_POINT('',(38.842990592884,-32.41823393913,5.01527573891
    ));
#845 = CARTESIAN_POINT('',(38.920369558992,-32.65936576382,
    4.934354999869));
#846 = CARTESIAN_POINT('',(38.983122037546,-32.9060537849,4.857262265828
    ));
#847 = CARTESIAN_POINT('',(39.030943766782,-33.15721205055,
    4.784146788623));
#848 = CARTESIAN_POINT('',(39.063608856505,-33.41173670682,
    4.715127635471));
#849 = CARTESIAN_POINT('',(39.080971329816,-33.6685080573,4.650300633991
    ));
#850 = CARTESIAN_POINT('',(39.086829533562,-34.42346577693,
    4.473018308569));
#851 = CARTESIAN_POINT('',(39.033616755711,-34.92507571758,4.37206204435
    ));
#852 = CARTESIAN_POINT('',(38.922746491,-35.42269069796,4.287573700443)
  );
#853 = CARTESIAN_POINT('',(38.755097920583,-35.90811078236,
    4.219790388217));
#854 = CARTESIAN_POINT('',(38.532631007751,-36.37341239857,4.16883833701
    ));
#855 = CARTESIAN_POINT('',(38.258572252857,-36.81105681072,
    4.134791222913));
#856 = CARTESIAN_POINT('',(37.937405723018,-37.21391294672,4.11778910592
    ));
#857 = CARTESIAN_POINT('',(37.575659334873,-37.57565933487,4.11778910592
    ));
#858 = PCURVE('',#316,#859);
#859 = DEFINITIONAL_REPRESENTATION('',(#860),#905);
#860 = B_SPLINE_CURVE_WITH_KNOTS('',8,(#861,#862,#863,#864,#865,#866,
    #867,#868,#869,#870,#871,#872,#873,#874,#875,#876,#877,#878,#879,
    #880,#881,#882,#883,#884,#885,#886,#887,#888,#889,#890,#891,#892,
    #893,#894,#895,#896,#897,#898,#899,#900,#901,#902,#903,#904),
  .UNSPECIFIED.,.F.,.F.,(9,7,7,7,7,7,9),(0.,0.221754982063,
    0.316982427974,0.411958240134,0.551054629293,0.704407852963,1.),
  .UNSPECIFIED.);
#861 = CARTESIAN_POINT('',(-0.743639511418,4.226825437305));
#862 = CARTESIAN_POINT('',(-0.735732100164,4.229581510691));
#863 = CARTESIAN_POINT('',(-0.728192555756,4.232930382997));
#864 = CARTESIAN_POINT('',(-0.721107371038,4.236837342927));
#865 = CARTESIAN_POINT('',(-0.714549841432,4.241259458514));
#866 = CARTESIAN_POINT('',(-0.708580291985,4.246148045548));
#867 = CARTESIAN_POINT('',(-0.703246432056,4.251450257123));
#868 = CARTESIAN_POINT('',(-0.698583837646,4.257109794304));
#869 = CARTESIAN_POINT('',(-0.692912908143,4.265624806846));
#870 = CARTESIAN_POINT('',(-0.691337414562,4.268237811887));
#871 = CARTESIAN_POINT('',(-0.689891985364,4.270901021751));
#872 = CARTESIAN_POINT('',(-0.688578104912,4.273609634453));
#873 = CARTESIAN_POINT('',(-0.687396849508,4.27635877995));
#874 = CARTESIAN_POINT('',(-0.686348899711,4.279143522779));
#875 = CARTESIAN_POINT('',(-0.68543455266,4.28195886468));
#876 = CARTESIAN_POINT('',(-0.6838749794,4.2876331229));
#877 = CARTESIAN_POINT('',(-0.683229033241,4.290491963094));
#878 = CARTESIAN_POINT('',(-0.682715825531,4.293371226882));
#879 = CARTESIAN_POINT('',(-0.6823348943,4.296265899219));
#880 = CARTESIAN_POINT('',(-0.682085408447,4.29917099093));
#881 = CARTESIAN_POINT('',(-0.681966190187,4.302081538683));
#882 = CARTESIAN_POINT('',(-0.681975737508,4.304992604972));
#883 = CARTESIAN_POINT('',(-0.682312170411,4.312156232854));
#884 = CARTESIAN_POINT('',(-0.682784425621,4.316404104347));
#885 = CARTESIAN_POINT('',(-0.683523386781,4.320627303718));
#886 = CARTESIAN_POINT('',(-0.684521964336,4.324811002425));
#887 = CARTESIAN_POINT('',(-0.685771984768,4.328941067565));
#888 = CARTESIAN_POINT('',(-0.687264443743,4.33300400252));
#889 = CARTESIAN_POINT('',(-0.688989632295,4.33698689292));
#890 = CARTESIAN_POINT('',(-0.693084251262,4.345166580337));
#891 = CARTESIAN_POINT('',(-0.695501794213,4.349343862976));
#892 = CARTESIAN_POINT('',(-0.698176010961,4.35339281616));
#893 = CARTESIAN_POINT('',(-0.701092542688,4.357298455637));
#894 = CARTESIAN_POINT('',(-0.70423672795,4.361046968129));
#895 = CARTESIAN_POINT('',(-0.707593755322,4.364625544794));
#896 = CARTESIAN_POINT('',(-0.711148666437,4.368022282622));
#897 = CARTESIAN_POINT('',(-0.722090416262,4.377401694942));
#898 = CARTESIAN_POINT('',(-0.729979053355,4.38286571246));
#899 = CARTESIAN_POINT('',(-0.738438915631,4.38753207869));
#900 = CARTESIAN_POINT('',(-0.747357982092,4.391337166557));
#901 = CARTESIAN_POINT('',(-0.756627406586,4.394229986964));
#902 = CARTESIAN_POINT('',(-0.76613681969,4.396173846887));
#903 = CARTESIAN_POINT('',(-0.775771016608,4.397144551186));
#904 = CARTESIAN_POINT('',(-0.785398163397,4.397144551186));
#905 = ( GEOMETRIC_REPRESENTATION_CONTEXT(2) 
PARAMETRIC_REPRESENTATION_CONTEXT() REPRESENTATION_CONTEXT('2D SPACE',''
  ) );
#906 = PCURVE('',#751,#907);
#907 = DEFINITIONAL_REPRESENTATION('',(#908),#953);
#908 = B_SPLINE_CURVE_WITH_KNOTS('',8,(#909,#910,#911,#912,#913,#914,
    #915,#916,#917,#918,#919,#920,#921,#922,#923,#924,#925,#926,#927,
    #928,#929,#930,#931,#932,#933,#934,#935,#936,#937,#938,#939,#940,
    #941,#942,#943,#944,#945,#946,#947,#948,#949,#950,#951,#952),
  .UNSPECIFIED.,.F.,.F.,(9,7,7,7,7,7,9),(0.,0.221754982063,
    0.316982427974,0.411958240134,0.551054629293,0.704407852963,1.),
  .UNSPECIFIED.);
#909 = CARTESIAN_POINT('',(-3.520377313751,-0.516209339586));
#910 = CARTESIAN_POINT('',(-3.596936911137,-0.535208455347));
#911 = CARTESIAN_POINT('',(-3.673433114566,-0.557587437483));
#912 = CARTESIAN_POINT('',(-3.749862514194,-0.582576102373));
#913 = CARTESIAN_POINT('',(-3.826244259928,-0.609231930368));
#914 = CARTESIAN_POINT('',(-3.902608862669,-0.636530925975));
#915 = CARTESIAN_POINT('',(-3.978988077779,-0.663448866845));
#916 = CARTESIAN_POINT('',(-4.055405870779,-0.689032941575));
#917 = CARTESIAN_POINT('',(-4.16470638162,-0.722525595582));
#918 = CARTESIAN_POINT('',(-4.1975520551,-0.732190695314));
#919 = CARTESIAN_POINT('',(-4.230408151763,-0.741394029851));
#920 = CARTESIAN_POINT('',(-4.26327531826,-0.750075338727));
#921 = CARTESIAN_POINT('',(-4.296154000191,-0.758179772437));
#922 = CARTESIAN_POINT('',(-4.329044260437,-0.765658518193));
#923 = CARTESIAN_POINT('',(-4.361945597493,-0.772469425673));
#924 = CARTESIAN_POINT('',(-4.427680963995,-0.784669699258));
#925 = CARTESIAN_POINT('',(-4.460515619447,-0.790062903892));
#926 = CARTESIAN_POINT('',(-4.493359243188,-0.794722390985));
#927 = CARTESIAN_POINT('',(-4.526210593061,-0.798620749614));
#928 = CARTESIAN_POINT('',(-4.559068449201,-0.801738079103));
#929 = CARTESIAN_POINT('',(-4.591931391509,-0.80406205449));
#930 = CARTESIAN_POINT('',(-4.624797577137,-0.805587992));
#931 = CARTESIAN_POINT('',(-4.705799645094,-0.807389383707));
#932 = CARTESIAN_POINT('',(-4.753940217188,-0.806754666552));
#933 = CARTESIAN_POINT('',(-4.802076759127,-0.804423434068));
#934 = CARTESIAN_POINT('',(-4.850203933262,-0.800439736043));
#935 = CARTESIAN_POINT('',(-4.898318811666,-0.794879780195));
#936 = CARTESIAN_POINT('',(-4.946419320278,-0.787848293415));
#937 = CARTESIAN_POINT('',(-4.994502854951,-0.77947446508));
#938 = CARTESIAN_POINT('',(-5.0955534724,-0.759359900558));
#939 = CARTESIAN_POINT('',(-5.148520893028,-0.747361049925));
#940 = CARTESIAN_POINT('',(-5.201464420671,-0.734109852216));
#941 = CARTESIAN_POINT('',(-5.254386115426,-0.719832869529));
#942 = CARTESIAN_POINT('',(-5.307290894782,-0.704775759627));
#943 = CARTESIAN_POINT('',(-5.36018468993,-0.689195314381));
#944 = CARTESIAN_POINT('',(-5.413072871707,-0.673352071407));
#945 = CARTESIAN_POINT('',(-5.567898168085,-0.626954981783));
#946 = CARTESIAN_POINT('',(-5.66991263744,-0.596361664021));
#947 = CARTESIAN_POINT('',(-5.771943128554,-0.567592400657));
#948 = CARTESIAN_POINT('',(-5.874023255619,-0.54244624773));
#949 = CARTESIAN_POINT('',(-5.976192849622,-0.52245038025));
#950 = CARTESIAN_POINT('',(-6.078475838944,-0.508725293366));
#951 = CARTESIAN_POINT('',(-6.180867977529,-0.50187145065));
#952 = CARTESIAN_POINT('',(-6.28318530718,-0.50187145065));
#953 = ( GEOMETRIC_REPRESENTATION_CONTEXT(2) 
PARAMETRIC_REPRESENTATION_CONTEXT() REPRESENTATION_CONTEXT('2D SPACE',''
  ) );
#954 = FACE_BOUND('',#955,.T.);
#955 = EDGE_LOOP('',(#956,#1130));
#956 = ORIENTED_EDGE('',*,*,#957,.T.);
#957 = EDGE_CURVE('',#958,#960,#962,.T.);
#958 = VERTEX_POINT('',#959);
#959 = CARTESIAN_POINT('',(3.421117524403E-15,-53.14000704648,
    4.11778910592));
#960 = VERTEX_POINT('',#961);
#961 = CARTESIAN_POINT('',(2.018934759094,-44.31347220235,7.827156292599
    ));
#962 = SURFACE_CURVE('',#963,(#1015,#1070),.PCURVE_S1.);
#963 = B_SPLINE_CURVE_WITH_KNOTS('',8,(#964,#965,#966,#967,#968,#969,
    #970,#971,#972,#973,#974,#975,#976,#977,#978,#979,#980,#981,#982,
    #983,#984,#985,#986,#987,#988,#989,#990,#991,#992,#993,#994,#995,
    #996,#997,#998,#999,#1000,#1001,#1002,#1003,#1004,#1005,#1006,#1007,
    #1008,#1009,#1010,#1011,#1012,#1013,#1014),.UNSPECIFIED.,.F.,.F.,(9,
    7,7,7,7,7,7,9),(0.,0.229435341695,0.345600383829,0.458598421042,
    0.568847886581,0.673723196157,0.7867615135,1.),.UNSPECIFIED.);
#964 = CARTESIAN_POINT('',(2.6645352591E-15,-53.14000704648,
    4.11778910592));
#965 = CARTESIAN_POINT('',(-0.511042674519,-53.14000704648,4.11778910592
    ));
#966 = CARTESIAN_POINT('',(-1.02250896202,-53.08236656004,4.134755081955
    ));
#967 = CARTESIAN_POINT('',(-1.525313074401,-52.96692040609,
    4.168735561509));
#968 = CARTESIAN_POINT('',(-2.01124596649,-52.79553068998,4.219591588037
    ));
#969 = CARTESIAN_POINT('',(-2.47270374877,-52.57124032343,4.287248480907
    ));
#970 = CARTESIAN_POINT('',(-2.902713104738,-52.29825803962,4.37157855491
    ));
#971 = CARTESIAN_POINT('',(-3.294874391811,-51.98174594239,
    4.472344069866));
#972 = CARTESIAN_POINT('',(-3.820149202656,-51.44907346569,
    4.647842600792));
#973 = CARTESIAN_POINT('',(-3.985641829044,-51.26044181234,
    4.710891768528));
#974 = CARTESIAN_POINT('',(-4.139363440984,-51.0630049864,4.777928805851
    ));
#975 = CARTESIAN_POINT('',(-4.280673893142,-50.85759054138,
    4.848865627608));
#976 = CARTESIAN_POINT('',(-4.40899404233,-50.64506727954,4.923593263966
    ));
#977 = CARTESIAN_POINT('',(-4.52380607317,-50.42634303547,5.001975742593
    ));
#978 = CARTESIAN_POINT('',(-4.624658475064,-50.20236477795,5.08384244952
    ));
#979 = CARTESIAN_POINT('',(-4.79533414949,-49.75209988602,5.251794412903
    ));
#980 = CARTESIAN_POINT('',(-4.865936590602,-49.52602122466,
    5.337711809484));
#981 = CARTESIAN_POINT('',(-4.92262776368,-49.29680701908,5.426529742714
    ));
#982 = CARTESIAN_POINT('',(-4.965136583467,-49.06538907031,5.51801740441
    ));
#983 = CARTESIAN_POINT('',(-4.993270699099,-48.83270579239,
    5.611909834199));
#984 = CARTESIAN_POINT('',(-5.006916874763,-48.59969983197,
    5.707903393703));
#985 = CARTESIAN_POINT('',(-5.006047161468,-48.36731652237,
    5.805651474674));
#986 = CARTESIAN_POINT('',(-4.975787113122,-47.91130414049,
    6.001458674414));
#987 = CARTESIAN_POINT('',(-4.947089241849,-47.68757259049,
    6.099464022512));
#988 = CARTESIAN_POINT('',(-4.904696173678,-47.46618860587,
    6.198411597869));
#989 = CARTESIAN_POINT('',(-4.848751955629,-47.2479900091,6.297913123224
    ));
#990 = CARTESIAN_POINT('',(-4.779475146302,-47.03377395767,
    6.397555718249));
#991 = CARTESIAN_POINT('',(-4.697153059449,-46.82429810221,
    6.496902424568));
#992 = CARTESIAN_POINT('',(-4.60214085902,-46.62028130621,6.595494469099
    ));
#993 = CARTESIAN_POINT('',(-4.39281933394,-46.23417216348,6.785470169863
    ));
#994 = CARTESIAN_POINT('',(-4.279668160709,-46.05148071959,
    6.876978400763));
#995 = CARTESIAN_POINT('',(-4.155769740485,-45.87490442479,
    6.966975541118));
#996 = CARTESIAN_POINT('',(-4.02152586284,-45.70496972195,7.055051526778
    ));
#997 = CARTESIAN_POINT('',(-3.877376659771,-45.54216014071,
    7.140792599972));
#998 = CARTESIAN_POINT('',(-3.723797335552,-45.38692062964,
    7.223784592757));
#999 = CARTESIAN_POINT('',(-3.561297319045,-45.23966074755,
    7.303617540669));
#1000 = CARTESIAN_POINT('',(-3.206246202924,-44.95104103447,
    7.46210253364));
#1001 = CARTESIAN_POINT('',(-3.012332293713,-44.81102585412,
    7.540182680246));
#1002 = CARTESIAN_POINT('',(-2.80936153296,-44.68118421563,7.61363064814
    ));
#1003 = CARTESIAN_POINT('',(-2.598057703529,-44.56193886334,
    7.681961221606));
#1004 = CARTESIAN_POINT('',(-2.37918620891,-44.45366858069,7.74471298496
    ));
#1005 = CARTESIAN_POINT('',(-2.153555740406,-44.35671085556,
    7.801457797228));
#1006 = CARTESIAN_POINT('',(-1.922022351631,-44.2713608734,
    7.851812144024));
#1007 = CARTESIAN_POINT('',(-1.239306230939,-44.05922573628,
    7.977770669698));
#1008 = CARTESIAN_POINT('',(-0.774837571584,-43.96261642195,
    8.036285145538));
#1009 = CARTESIAN_POINT('',(-0.298853768164,-43.91009730458,
    8.068578258237));
#1010 = CARTESIAN_POINT('',(0.18187978901,-43.90247727192,8.07332904268)
  );
#1011 = CARTESIAN_POINT('',(0.660640495559,-43.93990934469,
    8.050252923765));
#1012 = CARTESIAN_POINT('',(1.130767854764,-44.02187246514,8.00017594041
    ));
#1013 = CARTESIAN_POINT('',(1.585676772289,-44.14718749559,
    7.924890688798));
#1014 = CARTESIAN_POINT('',(2.018934759094,-44.31347220235,
    7.827156292599));
#1015 = PCURVE('',#316,#1016);
#1016 = DEFINITIONAL_REPRESENTATION('',(#1017),#1069);
#1017 = B_SPLINE_CURVE_WITH_KNOTS('',8,(#1018,#1019,#1020,#1021,#1022,
    #1023,#1024,#1025,#1026,#1027,#1028,#1029,#1030,#1031,#1032,#1033,
    #1034,#1035,#1036,#1037,#1038,#1039,#1040,#1041,#1042,#1043,#1044,
    #1045,#1046,#1047,#1048,#1049,#1050,#1051,#1052,#1053,#1054,#1055,
    #1056,#1057,#1058,#1059,#1060,#1061,#1062,#1063,#1064,#1065,#1066,
    #1067,#1068),.UNSPECIFIED.,.F.,.F.,(9,7,7,7,7,7,7,9),(0.,
    0.229435341695,0.345600383829,0.458598421042,0.568847886581,
    0.673723196157,0.7867615135,1.),.UNSPECIFIED.);
#1018 = CARTESIAN_POINT('',(-1.570796326795,4.397144551186));
#1019 = CARTESIAN_POINT('',(-1.580413236971,4.397144551186));
#1020 = CARTESIAN_POINT('',(-1.590038118056,4.396175910315));
#1021 = CARTESIAN_POINT('',(-1.599539012696,4.394235854627));
#1022 = CARTESIAN_POINT('',(-1.608800700811,4.391348448248));
#1023 = CARTESIAN_POINT('',(-1.617712894158,4.38755032889));
#1024 = CARTESIAN_POINT('',(-1.626166989884,4.382892417366));
#1025 = CARTESIAN_POINT('',(-1.63405135974,4.377438187866));
#1026 = CARTESIAN_POINT('',(-1.644899672251,4.368151917821));
#1027 = CARTESIAN_POINT('',(-1.648372595264,4.364847121077));
#1028 = CARTESIAN_POINT('',(-1.651657925438,4.361369083933));
#1029 = CARTESIAN_POINT('',(-1.654741796143,4.35772880411));
#1030 = CARTESIAN_POINT('',(-1.657610471278,4.353938099407));
#1031 = CARTESIAN_POINT('',(-1.66025034655,4.350009694731));
#1032 = CARTESIAN_POINT('',(-1.662648078182,4.34595736801));
#1033 = CARTESIAN_POINT('',(-1.666875181775,4.337748389041));
#1034 = CARTESIAN_POINT('',(-1.668718470089,4.333597202079));
#1035 = CARTESIAN_POINT('',(-1.670308692623,4.329356646047));
#1036 = CARTESIAN_POINT('',(-1.671634674759,4.32504140665));
#1037 = CARTESIAN_POINT('',(-1.672686066244,4.320666863295));
#1038 = CARTESIAN_POINT('',(-1.673453494201,4.316249156206));
#1039 = CARTESIAN_POINT('',(-1.673928881503,4.311805260696));
#1040 = CARTESIAN_POINT('',(-1.674278672939,4.303009171978));
#1041 = CARTESIAN_POINT('',(-1.674167435336,4.298656855576));
#1042 = CARTESIAN_POINT('',(-1.673766259427,4.294312726182));
#1043 = CARTESIAN_POINT('',(-1.673070830372,4.289993364398));
#1044 = CARTESIAN_POINT('',(-1.672078478589,4.285715376419));
#1045 = CARTESIAN_POINT('',(-1.670788284269,4.281495405564));
#1046 = CARTESIAN_POINT('',(-1.669201284567,4.277350103578));
#1047 = CARTESIAN_POINT('',(-1.665531948201,4.269439635815));
#1048 = CARTESIAN_POINT('',(-1.663477382596,4.265665479262));
#1049 = CARTESIAN_POINT('',(-1.661159740089,4.261987642206));
#1050 = CARTESIAN_POINT('',(-1.658583236734,4.258419767215));
#1051 = CARTESIAN_POINT('',(-1.655753675282,4.254975114964));
#1052 = CARTESIAN_POINT('',(-1.652678491043,4.251666549556));
#1053 = CARTESIAN_POINT('',(-1.649366819546,4.248506483466));
#1054 = CARTESIAN_POINT('',(-1.642017030592,4.242273597908));
#1055 = CARTESIAN_POINT('',(-1.637942261557,4.239226569204));
#1056 = CARTESIAN_POINT('',(-1.633618923341,4.236380589848));
#1057 = CARTESIAN_POINT('',(-1.629062942247,4.233749709439));
#1058 = CARTESIAN_POINT('',(-1.624292579525,4.231347050984));
#1059 = CARTESIAN_POINT('',(-1.619328453599,4.229184651028));
#1060 = CARTESIAN_POINT('',(-1.614193531436,4.227273222249));
#1061 = CARTESIAN_POINT('',(-1.59895192218,4.222506624321));
#1062 = CARTESIAN_POINT('',(-1.588461500695,4.220313240855));
#1063 = CARTESIAN_POINT('',(-1.577625649711,4.219111346444));
#1064 = CARTESIAN_POINT('',(-1.566643546018,4.218935669929));
#1065 = CARTESIAN_POINT('',(-1.555721266842,4.219793484816));
#1066 = CARTESIAN_POINT('',(-1.545061429916,4.221662881833));
#1067 = CARTESIAN_POINT('',(-1.534853773501,4.224495877589));
#1068 = CARTESIAN_POINT('',(-1.525267518783,4.22821260785));
#1069 = ( GEOMETRIC_REPRESENTATION_CONTEXT(2) 
PARAMETRIC_REPRESENTATION_CONTEXT() REPRESENTATION_CONTEXT('2D SPACE',''
  ) );
#1070 = PCURVE('',#1071,#1076);
#1071 = CYLINDRICAL_SURFACE('',#1072,5.);
#1072 = AXIS2_PLACEMENT_3D('',#1073,#1074,#1075);
#1073 = CARTESIAN_POINT('',(2.756201701888E-15,-48.73093572028,
    6.528590838421));
#1074 = DIRECTION('',(-3.515084512388E-16,-0.389722413022,0.920932375796
    ));
#1075 = DIRECTION('',(9.770075323512E-17,-0.920932375796,-0.389722413022
    ));
#1076 = DEFINITIONAL_REPRESENTATION('',(#1077),#1129);
#1077 = B_SPLINE_CURVE_WITH_KNOTS('',8,(#1078,#1079,#1080,#1081,#1082,
    #1083,#1084,#1085,#1086,#1087,#1088,#1089,#1090,#1091,#1092,#1093,
    #1094,#1095,#1096,#1097,#1098,#1099,#1100,#1101,#1102,#1103,#1104,
    #1105,#1106,#1107,#1108,#1109,#1110,#1111,#1112,#1113,#1114,#1115,
    #1116,#1117,#1118,#1119,#1120,#1121,#1122,#1123,#1124,#1125,#1126,
    #1127,#1128),.UNSPECIFIED.,.F.,.F.,(9,7,7,7,7,7,7,9),(0.,
    0.229435341695,0.345600383829,0.458598421042,0.568847886581,
    0.673723196157,0.7867615135,1.),.UNSPECIFIED.);
#1078 = CARTESIAN_POINT('',(0.,-0.50187145065));
#1079 = CARTESIAN_POINT('',(-0.102208534904,-0.50187145065));
#1080 = CARTESIAN_POINT('',(-0.204501682657,-0.508710723498));
#1081 = CARTESIAN_POINT('',(-0.306690198473,-0.522408953424));
#1082 = CARTESIAN_POINT('',(-0.408767004486,-0.54236840582));
#1083 = CARTESIAN_POINT('',(-0.51075336873,-0.567471965597));
#1084 = CARTESIAN_POINT('',(-0.612688479924,-0.596196984555));
#1085 = CARTESIAN_POINT('',(-0.714605562326,-0.626750617749));
#1086 = CARTESIAN_POINT('',(-0.868012197453,-0.672722741688));
#1087 = CARTESIAN_POINT('',(-0.919577807971,-0.688172704966));
#1088 = CARTESIAN_POINT('',(-0.971148570366,-0.703381683141));
#1089 = CARTESIAN_POINT('',(-1.022729517415,-0.718108280534));
#1090 = CARTESIAN_POINT('',(-1.074326160535,-0.732114259275));
#1091 = CARTESIAN_POINT('',(-1.125943104223,-0.745171037195));
#1092 = CARTESIAN_POINT('',(-1.1775824323,-0.757066683271));
#1093 = CARTESIAN_POINT('',(-1.279492909576,-0.777872602795));
#1094 = CARTESIAN_POINT('',(-1.329767784874,-0.786856412078));
#1095 = CARTESIAN_POINT('',(-1.380061379531,-0.794391015112));
#1096 = CARTESIAN_POINT('',(-1.430370796724,-0.800325826881));
#1097 = CARTESIAN_POINT('',(-1.480693858505,-0.80453913699));
#1098 = CARTESIAN_POINT('',(-1.531027386913,-0.806943205316));
#1099 = CARTESIAN_POINT('',(-1.581365262801,-0.807488817043));
#1100 = CARTESIAN_POINT('',(-1.680803007399,-0.804881873221));
#1101 = CARTESIAN_POINT('',(-1.729909058899,-0.801818774693));
#1102 = CARTESIAN_POINT('',(-1.779004054484,-0.796973049733));
#1103 = CARTESIAN_POINT('',(-1.828082262953,-0.790375757242));
#1104 = CARTESIAN_POINT('',(-1.877140667334,-0.782096461944));
#1105 = CARTESIAN_POINT('',(-1.926177260884,-0.772242299526));
#1106 = CARTESIAN_POINT('',(-1.975189556027,-0.760955611759));
#1107 = CARTESIAN_POINT('',(-2.070769323231,-0.736476225103));
#1108 = CARTESIAN_POINT('',(-2.117343232597,-0.723402282968));
#1109 = CARTESIAN_POINT('',(-2.16389439023,-0.709336742379));
#1110 = CARTESIAN_POINT('',(-2.21042515676,-0.694452078102));
#1111 = CARTESIAN_POINT('',(-2.256939796142,-0.678940890726));
#1112 = CARTESIAN_POINT('',(-2.303443535338,-0.663011194489));
#1113 = CARTESIAN_POINT('',(-2.34994178512,-0.64688092469));
#1114 = CARTESIAN_POINT('',(-2.446556427061,-0.613408534613));
#1115 = CARTESIAN_POINT('',(-2.496674950997,-0.596069053641));
#1116 = CARTESIAN_POINT('',(-2.546801251654,-0.579030638733));
#1117 = CARTESIAN_POINT('',(-2.596942206572,-0.562575387809));
#1118 = CARTESIAN_POINT('',(-2.647104553609,-0.546980613112));
#1119 = CARTESIAN_POINT('',(-2.697293725616,-0.532509076933));
#1120 = CARTESIAN_POINT('',(-2.747512379116,-0.519398929707));
#1121 = CARTESIAN_POINT('',(-2.892544455748,-0.486073462931));
#1122 = CARTESIAN_POINT('',(-2.987536823192,-0.469836402779));
#1123 = CARTESIAN_POINT('',(-3.082569089058,-0.460564506929));
#1124 = CARTESIAN_POINT('',(-3.177601596321,-0.45915905324));
#1125 = CARTESIAN_POINT('',(-3.272617887203,-0.465822480534));
#1126 = CARTESIAN_POINT('',(-3.367604451543,-0.479997130708));
#1127 = CARTESIAN_POINT('',(-3.462528735755,-0.50049168028));
#1128 = CARTESIAN_POINT('',(-3.557245146929,-0.525693572801));
#1129 = ( GEOMETRIC_REPRESENTATION_CONTEXT(2) 
PARAMETRIC_REPRESENTATION_CONTEXT() REPRESENTATION_CONTEXT('2D SPACE',''
  ) );
#1130 = ORIENTED_EDGE('',*,*,#1131,.T.);
#1131 = EDGE_CURVE('',#960,#958,#1132,.T.);
#1132 = SURFACE_CURVE('',#1133,(#1178,#1226),.PCURVE_S1.);
#1133 = B_SPLINE_CURVE_WITH_KNOTS('',8,(#1134,#1135,#1136,#1137,#1138,
    #1139,#1140,#1141,#1142,#1143,#1144,#1145,#1146,#1147,#1148,#1149,
    #1150,#1151,#1152,#1153,#1154,#1155,#1156,#1157,#1158,#1159,#1160,
    #1161,#1162,#1163,#1164,#1165,#1166,#1167,#1168,#1169,#1170,#1171,
    #1172,#1173,#1174,#1175,#1176,#1177),.UNSPECIFIED.,.F.,.F.,(9,7,7,7,
    7,7,9),(0.,0.211473215431,0.307963162682,0.406022028145,
    0.547398816989,0.703633171086,1.),.UNSPECIFIED.);
#1134 = CARTESIAN_POINT('',(2.018934759094,-44.31347220235,
    7.827156292599));
#1135 = CARTESIAN_POINT('',(2.348322378544,-44.43989139226,
    7.752852988141));
#1136 = CARTESIAN_POINT('',(2.665495238716,-44.59010593228,
    7.665506768866));
#1137 = CARTESIAN_POINT('',(2.96788560897,-44.76325674076,7.566221545054
    ));
#1138 = CARTESIAN_POINT('',(3.253157092751,-44.95830216902,
    7.456307409893));
#1139 = CARTESIAN_POINT('',(3.519162309039,-45.17403159385,
    7.337202633457));
#1140 = CARTESIAN_POINT('',(3.763925207528,-45.40905624464,7.21041309138
    ));
#1141 = CARTESIAN_POINT('',(3.985648017531,-45.66177726527,
    7.077469128199));
#1142 = CARTESIAN_POINT('',(4.272672271948,-46.05286537827,
    6.877130431602));
#1143 = CARTESIAN_POINT('',(4.357476970727,-46.17869942215,
    6.813396279416));
#1144 = CARTESIAN_POINT('',(4.437006008275,-46.30765654568,
    6.748842642737));
#1145 = CARTESIAN_POINT('',(4.511118759891,-46.43955098389,
    6.683613444931));
#1146 = CARTESIAN_POINT('',(4.579685541714,-46.57418728953,
    6.617850828898));
#1147 = CARTESIAN_POINT('',(4.642588257574,-46.71135981923,
    6.551694697164));
#1148 = CARTESIAN_POINT('',(4.699721045845,-46.85085221965,
    6.485282251962));
#1149 = CARTESIAN_POINT('',(4.803094450568,-47.13632376236,
    6.351130969935));
#1150 = CARTESIAN_POINT('',(4.84914401443,-47.28237475169,6.283386589149
    ));
#1151 = CARTESIAN_POINT('',(4.889041773187,-47.43034990615,6.21565588204
    ));
#1152 = CARTESIAN_POINT('',(4.922705557715,-47.58000190418,
    6.148074717866));
#1153 = CARTESIAN_POINT('',(4.950069274868,-47.73107607846,
    6.080773279061));
#1154 = CARTESIAN_POINT('',(4.97108330788,-47.88331041622,6.013875994214
    ));
#1155 = CARTESIAN_POINT('',(4.985714916776,-48.03643555957,
    5.947501471063));
#1156 = CARTESIAN_POINT('',(5.005819642694,-48.41182902206,
    5.786982884998));
#1157 = CARTESIAN_POINT('',(5.004392793009,-48.63477733414,
    5.693516826225));
#1158 = CARTESIAN_POINT('',(4.989618906412,-48.8581830596,5.601706113965
    ));
#1159 = CARTESIAN_POINT('',(4.961530319673,-49.08121174286,
    5.511852939837));
#1160 = CARTESIAN_POINT('',(4.920231397919,-49.30303172898,
    5.424223213302));
#1161 = CARTESIAN_POINT('',(4.865893555578,-49.52281539828,
    5.339050110085));
#1162 = CARTESIAN_POINT('',(4.798754789992,-49.73974106194,
    5.256537782028));
#1163 = CARTESIAN_POINT('',(4.631124080194,-50.18866130634,
    5.088819729033));
#1164 = CARTESIAN_POINT('',(4.527860093515,-50.41986600414,
    5.004233913996));
#1165 = CARTESIAN_POINT('',(4.409738516604,-50.64552385051,
    4.923345482971));
#1166 = CARTESIAN_POINT('',(4.277252369605,-50.86459614146,
    4.846342182194));
#1167 = CARTESIAN_POINT('',(4.130969544672,-51.07608832473,4.77337252913
    ));
#1168 = CARTESIAN_POINT('',(3.971526975104,-51.27904987747,
    4.704554713577));
#1169 = CARTESIAN_POINT('',(3.79963037281,-51.47257696728,4.639983675159
    ));
#1170 = CARTESIAN_POINT('',(3.267837098251,-52.00341451531,
    4.465450951262));
#1171 = CARTESIAN_POINT('',(2.877331564986,-52.31427196183,4.36663377384
    ));
#1172 = CARTESIAN_POINT('',(2.450025761584,-52.58219860021,
    4.283943874892));
#1173 = CARTESIAN_POINT('',(1.992164611715,-52.80221872292,
    4.217607380224));
#1174 = CARTESIAN_POINT('',(1.510538410728,-52.97028679051,
    4.167744700378));
#1175 = CARTESIAN_POINT('',(1.012527230077,-53.08347909005,
    4.134427618206));
#1176 = CARTESIAN_POINT('',(0.506086837041,-53.14000704648,4.11778910592
    ));
#1177 = CARTESIAN_POINT('',(2.322882161775E-15,-53.14000704648,
    4.11778910592));
#1178 = PCURVE('',#316,#1179);
#1179 = DEFINITIONAL_REPRESENTATION('',(#1180),#1225);
#1180 = B_SPLINE_CURVE_WITH_KNOTS('',8,(#1181,#1182,#1183,#1184,#1185,
    #1186,#1187,#1188,#1189,#1190,#1191,#1192,#1193,#1194,#1195,#1196,
    #1197,#1198,#1199,#1200,#1201,#1202,#1203,#1204,#1205,#1206,#1207,
    #1208,#1209,#1210,#1211,#1212,#1213,#1214,#1215,#1216,#1217,#1218,
    #1219,#1220,#1221,#1222,#1223,#1224),.UNSPECIFIED.,.F.,.F.,(9,7,7,7,
    7,7,9),(0.,0.211473215431,0.307963162682,0.406022028145,
    0.547398816989,0.703633171086,1.),.UNSPECIFIED.);
#1181 = CARTESIAN_POINT('',(-1.525267518783,4.22821260785));
#1182 = CARTESIAN_POINT('',(-1.517979497056,4.231038279783));
#1183 = CARTESIAN_POINT('',(-1.511044010365,4.234377313367));
#1184 = CARTESIAN_POINT('',(-1.504529980017,4.238198776692));
#1185 = CARTESIAN_POINT('',(-1.498495891269,4.242465745071));
#1186 = CARTESIAN_POINT('',(-1.492990055,4.247137013331));
#1187 = CARTESIAN_POINT('',(-1.488050928734,4.25216820243));
#1188 = CARTESIAN_POINT('',(-1.48370749699,4.257512260394));
#1189 = CARTESIAN_POINT('',(-1.47827881531,4.265677736006));
#1190 = CARTESIAN_POINT('',(-1.476706040378,4.268290949046));
#1191 = CARTESIAN_POINT('',(-1.475263284262,4.270954267851));
#1192 = CARTESIAN_POINT('',(-1.473952025119,4.273662893151));
#1193 = CARTESIAN_POINT('',(-1.472773333503,4.27641195787));
#1194 = CARTESIAN_POINT('',(-1.471727884696,4.27919652975));
#1195 = CARTESIAN_POINT('',(-1.470815971026,4.282011613975));
#1196 = CARTESIAN_POINT('',(-1.469246399714,4.287738884573));
#1197 = CARTESIAN_POINT('',(-1.468593100627,4.29065197091));
#1198 = CARTESIAN_POINT('',(-1.468077539273,4.293586081418));
#1199 = CARTESIAN_POINT('',(-1.467699215372,4.296535912853));
#1200 = CARTESIAN_POINT('',(-1.467457231155,4.29949619211));
#1201 = CARTESIAN_POINT('',(-1.467350316516,4.302461676214));
#1202 = CARTESIAN_POINT('',(-1.467376854152,4.30542715231));
#1203 = CARTESIAN_POINT('',(-1.467762774774,4.31265544173));
#1204 = CARTESIAN_POINT('',(-1.468264028512,4.316912993523));
#1205 = CARTESIAN_POINT('',(-1.469032891543,4.321144400768));
#1206 = CARTESIAN_POINT('',(-1.470062124035,4.325334749424));
#1207 = CARTESIAN_POINT('',(-1.47134340535,4.329469835871));
#1208 = CARTESIAN_POINT('',(-1.472867589784,4.333536105228));
#1209 = CARTESIAN_POINT('',(-1.474624833382,4.337520595807));
#1210 = CARTESIAN_POINT('',(-1.478792407032,4.345710022266));
#1211 = CARTESIAN_POINT('',(-1.481252173059,4.34989452586));
#1212 = CARTESIAN_POINT('',(-1.483969867032,4.353947846284));
#1213 = CARTESIAN_POINT('',(-1.486930869252,4.357854860697));
#1214 = CARTESIAN_POINT('',(-1.490120266505,4.361601636905));
#1215 = CARTESIAN_POINT('',(-1.493523002814,4.365175263279));
#1216 = CARTESIAN_POINT('',(-1.49712387764,4.368563749318));
#1217 = CARTESIAN_POINT('',(-1.508084481504,4.377811491377));
#1218 = CARTESIAN_POINT('',(-1.51592444117,4.38316562367));
#1219 = CARTESIAN_POINT('',(-1.524317619307,4.387735878943));
#1220 = CARTESIAN_POINT('',(-1.53315557452,4.391461116154));
#1221 = CARTESIAN_POINT('',(-1.542332797791,4.394292426179));
#1222 = CARTESIAN_POINT('',(-1.551742373946,4.39619460624));
#1223 = CARTESIAN_POINT('',(-1.561272676627,4.397144551186));
#1224 = CARTESIAN_POINT('',(-1.570796326795,4.397144551186));
#1225 = ( GEOMETRIC_REPRESENTATION_CONTEXT(2) 
PARAMETRIC_REPRESENTATION_CONTEXT() REPRESENTATION_CONTEXT('2D SPACE',''
  ) );
#1226 = PCURVE('',#1071,#1227);
#1227 = DEFINITIONAL_REPRESENTATION('',(#1228),#1273);
#1228 = B_SPLINE_CURVE_WITH_KNOTS('',8,(#1229,#1230,#1231,#1232,#1233,
    #1234,#1235,#1236,#1237,#1238,#1239,#1240,#1241,#1242,#1243,#1244,
    #1245,#1246,#1247,#1248,#1249,#1250,#1251,#1252,#1253,#1254,#1255,
    #1256,#1257,#1258,#1259,#1260,#1261,#1262,#1263,#1264,#1265,#1266,
    #1267,#1268,#1269,#1270,#1271,#1272),.UNSPECIFIED.,.F.,.F.,(9,7,7,7,
    7,7,9),(0.,0.211473215431,0.307963162682,0.406022028145,
    0.547398816989,0.703633171086,1.),.UNSPECIFIED.);
#1229 = CARTESIAN_POINT('',(-3.557245146929,-0.525693572801));
#1230 = CARTESIAN_POINT('',(-3.629254005739,-0.544853499764));
#1231 = CARTESIAN_POINT('',(-3.701207899002,-0.566751487988));
#1232 = CARTESIAN_POINT('',(-3.773108395079,-0.590705714137));
#1233 = CARTESIAN_POINT('',(-3.844972850814,-0.615915624815));
#1234 = CARTESIAN_POINT('',(-3.916826549973,-0.641528477543));
#1235 = CARTESIAN_POINT('',(-3.988695413715,-0.666698697726));
#1236 = CARTESIAN_POINT('',(-4.060599283113,-0.690640051605));
#1237 = CARTESIAN_POINT('',(-4.165373160698,-0.722722640326));
#1238 = CARTESIAN_POINT('',(-4.198210316755,-0.732377137297));
#1239 = CARTESIAN_POINT('',(-4.231057902067,-0.741569189929));
#1240 = CARTESIAN_POINT('',(-4.26391655767,-0.750238651315));
#1241 = CARTESIAN_POINT('',(-4.296786723884,-0.758330787622));
#1242 = CARTESIAN_POINT('',(-4.329668458756,-0.765796901915));
#1243 = CARTESIAN_POINT('',(-4.362561256498,-0.772594957969));
#1244 = CARTESIAN_POINT('',(-4.428901468946,-0.78488455837));
#1245 = CARTESIAN_POINT('',(-4.462349959693,-0.790353207926));
#1246 = CARTESIAN_POINT('',(-4.495807713031,-0.795059374677));
#1247 = CARTESIAN_POINT('',(-4.529273391016,-0.79897431897));
#1248 = CARTESIAN_POINT('',(-4.562745699065,-0.802077401157));
#1249 = CARTESIAN_POINT('',(-4.596223142121,-0.804356143171));
#1250 = CARTESIAN_POINT('',(-4.629703780818,-0.805806290109));
#1251 = CARTESIAN_POINT('',(-4.711456660852,-0.807333806899));
#1252 = CARTESIAN_POINT('',(-4.759733317724,-0.806521772295));
#1253 = CARTESIAN_POINT('',(-4.808005428814,-0.804007011253));
#1254 = CARTESIAN_POINT('',(-4.856267670924,-0.799836431762));
#1255 = CARTESIAN_POINT('',(-4.904517174101,-0.794089263763));
#1256 = CARTESIAN_POINT('',(-4.952751946916,-0.786873310121));
#1257 = CARTESIAN_POINT('',(-5.000969480012,-0.77832079134));
#1258 = CARTESIAN_POINT('',(-5.102426593485,-0.757823495447));
#1259 = CARTESIAN_POINT('',(-5.155666410727,-0.74561565832));
#1260 = CARTESIAN_POINT('',(-5.208882222856,-0.732164512874));
#1261 = CARTESIAN_POINT('',(-5.262076294264,-0.717701963748));
#1262 = CARTESIAN_POINT('',(-5.315253763994,-0.702478835704));
#1263 = CARTESIAN_POINT('',(-5.368420768089,-0.686756723993));
#1264 = CARTESIAN_POINT('',(-5.421582830838,-0.670800439387));
#1265 = CARTESIAN_POINT('',(-5.575586047136,-0.624653985319));
#1266 = CARTESIAN_POINT('',(-5.67650302234,-0.594509809126));
#1267 = CARTESIAN_POINT('',(-5.777438591525,-0.566244598199));
#1268 = CARTESIAN_POINT('',(-5.878424043648,-0.541589250699));
#1269 = CARTESIAN_POINT('',(-5.97949692504,-0.522009514061));
#1270 = CARTESIAN_POINT('',(-6.080679978096,-0.508578717585));
#1271 = CARTESIAN_POINT('',(-6.181967939771,-0.50187145065));
#1272 = CARTESIAN_POINT('',(-6.28318530718,-0.50187145065));
#1273 = ( GEOMETRIC_REPRESENTATION_CONTEXT(2) 
PARAMETRIC_REPRESENTATION_CONTEXT() REPRESENTATION_CONTEXT('2D SPACE',''
  ) );
#1274 = FACE_BOUND('',#1275,.T.);
#1275 = EDGE_LOOP('',(#1276,#1429));
#1276 = ORIENTED_EDGE('',*,*,#1277,.T.);
#1277 = EDGE_CURVE('',#1278,#1280,#1282,.T.);
#1278 = VERTEX_POINT('',#1279);
#1279 = CARTESIAN_POINT('',(-37.57565933487,-37.57565933487,
    4.11778910592));
#1280 = VERTEX_POINT('',#1281);
#1281 = CARTESIAN_POINT('',(-30.74106872739,-31.43532426704,
    8.034942766863));
#1282 = SURFACE_CURVE('',#1283,(#1328,#1376),.PCURVE_S1.);
#1283 = B_SPLINE_CURVE_WITH_KNOTS('',8,(#1284,#1285,#1286,#1287,#1288,
    #1289,#1290,#1291,#1292,#1293,#1294,#1295,#1296,#1297,#1298,#1299,
    #1300,#1301,#1302,#1303,#1304,#1305,#1306,#1307,#1308,#1309,#1310,
    #1311,#1312,#1313,#1314,#1315,#1316,#1317,#1318,#1319,#1320,#1321,
    #1322,#1323,#1324,#1325,#1326,#1327),.UNSPECIFIED.,.F.,.F.,(9,7,7,7,
    7,7,9),(0.,0.250297781013,0.383137698659,0.502427070889,
    0.624171317302,0.739211714426,1.),.UNSPECIFIED.);
#1284 = CARTESIAN_POINT('',(-37.57565933487,-37.57565933487,
    4.11778910592));
#1285 = CARTESIAN_POINT('',(-37.93470915217,-37.21660951757,
    4.11778910592));
#1286 = CARTESIAN_POINT('',(-38.2538104931,-36.81703200985,
    4.134538666401));
#1287 = CARTESIAN_POINT('',(-38.52656524461,-36.38310000443,
    4.168084535378));
#1288 = CARTESIAN_POINT('',(-38.74854912906,-35.92178909172,
    4.218294369874));
#1289 = CARTESIAN_POINT('',(-38.91657664673,-35.44048113499,
    4.28509510166));
#1290 = CARTESIAN_POINT('',(-39.02870242268,-34.94693173148,
    4.368362041216));
#1291 = CARTESIAN_POINT('',(-39.08403675431,-34.44916231238,
    4.467864535462));
#1292 = CARTESIAN_POINT('',(-39.08262223258,-33.69352877304,
    4.643996565605));
#1293 = CARTESIAN_POINT('',(-39.06628519377,-33.43258615572,
    4.70947435294));
#1294 = CARTESIAN_POINT('',(-39.03415681027,-33.17388087202,
    4.779282080474));
#1295 = CARTESIAN_POINT('',(-38.98638537121,-32.91858618174,
    4.853320787853));
#1296 = CARTESIAN_POINT('',(-38.92320414913,-32.66785872328,4.9314670933
    ));
#1297 = CARTESIAN_POINT('',(-38.84492963644,-32.42283631444,
    5.013565729994));
#1298 = CARTESIAN_POINT('',(-38.75196606692,-32.18463361856,
    5.099420158272));
#1299 = CARTESIAN_POINT('',(-38.5485963669,-31.74752963851,5.26902692951
    ));
#1300 = CARTESIAN_POINT('',(-38.44092840433,-31.54707973356,
    5.35210739989));
#1301 = CARTESIAN_POINT('',(-38.32217746281,-31.35378305292,
    5.437839362398));
#1302 = CARTESIAN_POINT('',(-38.19276501013,-31.16839137307,
    5.526013993106));
#1303 = CARTESIAN_POINT('',(-38.05316404852,-30.99161231357,
    5.616393050474));
#1304 = CARTESIAN_POINT('',(-37.9038980217,-30.8241077051,5.708705178486
    ));
#1305 = CARTESIAN_POINT('',(-37.74554343445,-30.66648916714,
    5.802642409002));
#1306 = CARTESIAN_POINT('',(-37.4084961827,-30.36910381971,
    5.995030750437));
#1307 = CARTESIAN_POINT('',(-37.22943227984,-30.22975370298,
    6.09354626995));
#1308 = CARTESIAN_POINT('',(-37.04221823901,-30.10185483146,
    6.193033514197));
#1309 = CARTESIAN_POINT('',(-36.84755917744,-29.98590935713,
    6.293098571249));
#1310 = CARTESIAN_POINT('',(-36.64618495872,-29.8823361628,
    6.393322238754));
#1311 = CARTESIAN_POINT('',(-36.43884682574,-29.791475858,6.493260532485
    ));
#1312 = CARTESIAN_POINT('',(-36.22631727442,-29.71359190574,
    6.592446989628));
#1313 = CARTESIAN_POINT('',(-35.80441399198,-29.58770788421,
    6.782952937543));
#1314 = CARTESIAN_POINT('',(-35.59549413026,-29.53829344753,
    6.874412448423));
#1315 = CARTESIAN_POINT('',(-35.38329119289,-29.50077869319,
    6.964372116429));
#1316 = CARTESIAN_POINT('',(-35.16845976716,-29.47525255611,
    7.05242308543));
#1317 = CARTESIAN_POINT('',(-34.95165124597,-29.46174665327,
    7.138152761517));
#1318 = CARTESIAN_POINT('',(-34.73351456226,-29.46024064673,
    7.221148071634));
#1319 = CARTESIAN_POINT('',(-34.5146978297,-29.47066509945,
    7.301000045439));
#1320 = CARTESIAN_POINT('',(-33.79974065622,-29.54331087439,
    7.550298251477));
#1321 = CARTESIAN_POINT('',(-33.30292382568,-29.65447881269,
    7.705275337169));
#1322 = CARTESIAN_POINT('',(-32.81355582673,-29.82520576368,
    7.837317478575));
#1323 = CARTESIAN_POINT('',(-32.33931313778,-30.05265576094,
    7.942050982292));
#1324 = CARTESIAN_POINT('',(-31.88769247933,-30.3329719619,
    8.015808451378));
#1325 = CARTESIAN_POINT('',(-31.46602697398,-30.66117852531,
    8.056149350701));
#1326 = CARTESIAN_POINT('',(-31.08161283006,-31.03129823037,
    8.062151577736));
#1327 = CARTESIAN_POINT('',(-30.74106872739,-31.43532426704,
    8.034942766863));
#1328 = PCURVE('',#316,#1329);
#1329 = DEFINITIONAL_REPRESENTATION('',(#1330),#1375);
#1330 = B_SPLINE_CURVE_WITH_KNOTS('',8,(#1331,#1332,#1333,#1334,#1335,
    #1336,#1337,#1338,#1339,#1340,#1341,#1342,#1343,#1344,#1345,#1346,
    #1347,#1348,#1349,#1350,#1351,#1352,#1353,#1354,#1355,#1356,#1357,
    #1358,#1359,#1360,#1361,#1362,#1363,#1364,#1365,#1366,#1367,#1368,
    #1369,#1370,#1371,#1372,#1373,#1374),.UNSPECIFIED.,.F.,.F.,(9,7,7,7,
    7,7,9),(0.,0.250297781013,0.383137698659,0.502427070889,
    0.624171317302,0.739211714426,1.),.UNSPECIFIED.);
#1331 = CARTESIAN_POINT('',(-2.356194490192,4.397144551186));
#1332 = CARTESIAN_POINT('',(-2.365749873216,4.397144551186));
#1333 = CARTESIAN_POINT('',(-2.375312962968,4.396188266042));
#1334 = CARTESIAN_POINT('',(-2.384754755351,4.394273024437));
#1335 = CARTESIAN_POINT('',(-2.39396206513,4.391422100058));
#1336 = CARTESIAN_POINT('',(-2.402826554847,4.38767122401));
#1337 = CARTESIAN_POINT('',(-2.411241527666,4.383070107495));
#1338 = CARTESIAN_POINT('',(-2.419097388011,4.377680738834));
#1339 = CARTESIAN_POINT('',(-2.430097143044,4.368352706801));
#1340 = CARTESIAN_POINT('',(-2.433723912042,4.364918681165));
#1341 = CARTESIAN_POINT('',(-2.437147674472,4.361296287642));
#1342 = CARTESIAN_POINT('',(-2.440352760662,4.357497936541));
#1343 = CARTESIAN_POINT('',(-2.443323654232,4.353536997913));
#1344 = CARTESIAN_POINT('',(-2.446044992429,4.349427906627));
#1345 = CARTESIAN_POINT('',(-2.448501729857,4.345186342026));
#1346 = CARTESIAN_POINT('',(-2.452635057984,4.336917050639));
#1347 = CARTESIAN_POINT('',(-2.454365839374,4.332911302401));
#1348 = CARTESIAN_POINT('',(-2.455861226448,4.328824830098));
#1349 = CARTESIAN_POINT('',(-2.457111360465,4.324670769422));
#1350 = CARTESIAN_POINT('',(-2.458107105479,4.320462848983));
#1351 = CARTESIAN_POINT('',(-2.458840177658,4.316215445491));
#1352 = CARTESIAN_POINT('',(-2.459303405723,4.311943644214));
#1353 = CARTESIAN_POINT('',(-2.459682702336,4.303294879478));
#1354 = CARTESIAN_POINT('',(-2.459587337059,4.298917053487));
#1355 = CARTESIAN_POINT('',(-2.459198893793,4.294546711115));
#1356 = CARTESIAN_POINT('',(-2.458512917367,4.290200713893));
#1357 = CARTESIAN_POINT('',(-2.457526631374,4.285895954002));
#1358 = CARTESIAN_POINT('',(-2.456239045947,4.281649366333));
#1359 = CARTESIAN_POINT('',(-2.454651172257,4.277477899131));
#1360 = CARTESIAN_POINT('',(-2.450985303334,4.26954362262));
#1361 = CARTESIAN_POINT('',(-2.448938964532,4.265770643883));
#1362 = CARTESIAN_POINT('',(-2.446629947157,4.262093523968));
#1363 = CARTESIAN_POINT('',(-2.444062427771,4.258525874355));
#1364 = CARTESIAN_POINT('',(-2.441242163456,4.255080926762));
#1365 = CARTESIAN_POINT('',(-2.438176537434,4.251771518738));
#1366 = CARTESIAN_POINT('',(-2.434874626542,4.248610039117));
#1367 = CARTESIAN_POINT('',(-2.423351074198,4.238803682789));
#1368 = CARTESIAN_POINT('',(-2.414187517425,4.232812541113));
#1369 = CARTESIAN_POINT('',(-2.403988049474,4.227784147397));
#1370 = CARTESIAN_POINT('',(-2.392930230179,4.223841099768));
#1371 = CARTESIAN_POINT('',(-2.381234063145,4.221083275545));
#1372 = CARTESIAN_POINT('',(-2.369159284568,4.219576705266));
#1373 = CARTESIAN_POINT('',(-2.356991285947,4.219349578612));
#1374 = CARTESIAN_POINT('',(-2.34502905174,4.220369125865));
#1375 = ( GEOMETRIC_REPRESENTATION_CONTEXT(2) 
PARAMETRIC_REPRESENTATION_CONTEXT() REPRESENTATION_CONTEXT('2D SPACE',''
  ) );
#1376 = PCURVE('',#1377,#1382);
#1377 = CYLINDRICAL_SURFACE('',#1378,5.);
#1378 = AXIS2_PLACEMENT_3D('',#1379,#1380,#1381);
#1379 = CARTESIAN_POINT('',(-34.45797510138,-34.45797510138,
    6.528590838421));
#1380 = DIRECTION('',(-0.275575361028,-0.275575361028,0.920932375796));
#1381 = DIRECTION('',(-0.651197527939,-0.651197527939,-0.389722413022));
#1382 = DEFINITIONAL_REPRESENTATION('',(#1383),#1428);
#1383 = B_SPLINE_CURVE_WITH_KNOTS('',8,(#1384,#1385,#1386,#1387,#1388,
    #1389,#1390,#1391,#1392,#1393,#1394,#1395,#1396,#1397,#1398,#1399,
    #1400,#1401,#1402,#1403,#1404,#1405,#1406,#1407,#1408,#1409,#1410,
    #1411,#1412,#1413,#1414,#1415,#1416,#1417,#1418,#1419,#1420,#1421,
    #1422,#1423,#1424,#1425,#1426,#1427),.UNSPECIFIED.,.F.,.F.,(9,7,7,7,
    7,7,9),(0.,0.250297781013,0.383137698659,0.502427070889,
    0.624171317302,0.739211714426,1.),.UNSPECIFIED.);
#1384 = CARTESIAN_POINT('',(0.,-0.50187145065));
#1385 = CARTESIAN_POINT('',(-0.101554624238,-0.50187145065));
#1386 = CARTESIAN_POINT('',(-0.203191072443,-0.508623486838));
#1387 = CARTESIAN_POINT('',(-0.304728245981,-0.522146489961));
#1388 = CARTESIAN_POINT('',(-0.406157559598,-0.541859260007));
#1389 = CARTESIAN_POINT('',(-0.50749886918,-0.566672673474));
#1390 = CARTESIAN_POINT('',(-0.608789262127,-0.595100406876));
#1391 = CARTESIAN_POINT('',(-0.710060189312,-0.625389547411));
#1392 = CARTESIAN_POINT('',(-0.864960402136,-0.671807651183));
#1393 = CARTESIAN_POINT('',(-0.918668494651,-0.687918478276));
#1394 = CARTESIAN_POINT('',(-0.972381922649,-0.703776874746));
#1395 = CARTESIAN_POINT('',(-1.026106335488,-0.719109790067));
#1396 = CARTESIAN_POINT('',(-1.07984802326,-0.733647825299));
#1397 = CARTESIAN_POINT('',(-1.133612221508,-0.747133198631));
#1398 = CARTESIAN_POINT('',(-1.187401125443,-0.759328339174));
#1399 = CARTESIAN_POINT('',(-1.289533078075,-0.779630737999));
#1400 = CARTESIAN_POINT('',(-1.33787614935,-0.788028935611));
#1401 = CARTESIAN_POINT('',(-1.386236341334,-0.795068231832));
#1402 = CARTESIAN_POINT('',(-1.434610975845,-0.800617622163));
#1403 = CARTESIAN_POINT('',(-1.482997935529,-0.804571160679));
#1404 = CARTESIAN_POINT('',(-1.531394240996,-0.806852115499));
#1405 = CARTESIAN_POINT('',(-1.579794452222,-0.807416686678));
#1406 = CARTESIAN_POINT('',(-1.677579252809,-0.805074026892));
#1407 = CARTESIAN_POINT('',(-1.726969295922,-0.802094953859));
#1408 = CARTESIAN_POINT('',(-1.776348406973,-0.797311284239));
#1409 = CARTESIAN_POINT('',(-1.825710720061,-0.790753090631));
#1410 = CARTESIAN_POINT('',(-1.875053147003,-0.782489863851));
#1411 = CARTESIAN_POINT('',(-1.924373622171,-0.77262959572));
#1412 = CARTESIAN_POINT('',(-1.973669565133,-0.761316382196));
#1413 = CARTESIAN_POINT('',(-2.069490668962,-0.736829971038));
#1414 = CARTESIAN_POINT('',(-2.116022705673,-0.72379251394));
#1415 = CARTESIAN_POINT('',(-2.162531995046,-0.709761786205));
#1416 = CARTESIAN_POINT('',(-2.209020862281,-0.69490942028));
#1417 = CARTESIAN_POINT('',(-2.255493535102,-0.679427166557));
#1418 = CARTESIAN_POINT('',(-2.301955206151,-0.663522212094));
#1419 = CARTESIAN_POINT('',(-2.348411256615,-0.647411721899));
#1420 = CARTESIAN_POINT('',(-2.500177648161,-0.594830128275));
#1421 = CARTESIAN_POINT('',(-2.605602072439,-0.558382045264));
#1422 = CARTESIAN_POINT('',(-2.711073819543,-0.524589784105));
#1423 = CARTESIAN_POINT('',(-2.816633138716,-0.496147294811));
#1424 = CARTESIAN_POINT('',(-2.922323675809,-0.475428941292));
#1425 = CARTESIAN_POINT('',(-3.028161561203,-0.464032682705));
#1426 = CARTESIAN_POINT('',(-3.134124300238,-0.462444232648));
#1427 = CARTESIAN_POINT('',(-3.239933645434,-0.470007650611));
#1428 = ( GEOMETRIC_REPRESENTATION_CONTEXT(2) 
PARAMETRIC_REPRESENTATION_CONTEXT() REPRESENTATION_CONTEXT('2D SPACE',''
  ) );
#1429 = ORIENTED_EDGE('',*,*,#1430,.T.);
#1430 = EDGE_CURVE('',#1280,#1278,#1431,.T.);
#1431 = SURFACE_CURVE('',#1432,(#1477,#1525),.PCURVE_S1.);
#1432 = B_SPLINE_CURVE_WITH_KNOTS('',8,(#1433,#1434,#1435,#1436,#1437,
    #1438,#1439,#1440,#1441,#1442,#1443,#1444,#1445,#1446,#1447,#1448,
    #1449,#1450,#1451,#1452,#1453,#1454,#1455,#1456,#1457,#1458,#1459,
    #1460,#1461,#1462,#1463,#1464,#1465,#1466,#1467,#1468,#1469,#1470,
    #1471,#1472,#1473,#1474,#1475,#1476),.UNSPECIFIED.,.F.,.F.,(9,7,7,7,
    7,7,9),(0.,0.213606158431,0.337666727138,0.466931858395,
    0.593490903228,0.733094137347,1.),.UNSPECIFIED.);
#1433 = CARTESIAN_POINT('',(-30.74106872739,-31.43532426704,
    8.034942766863));
#1434 = CARTESIAN_POINT('',(-30.47904695542,-31.74619036989,
    8.014007737355));
#1435 = CARTESIAN_POINT('',(-30.24275598688,-32.07741524442,
    7.973392205752));
#1436 = CARTESIAN_POINT('',(-30.03510122056,-32.42563872163,
    7.913533387456));
#1437 = CARTESIAN_POINT('',(-29.85838091567,-32.78744210419,
    7.835470377886));
#1438 = CARTESIAN_POINT('',(-29.7144631528,-33.15941293465,
    7.740693902936));
#1439 = CARTESIAN_POINT('',(-29.6048369655,-33.53813594787,
    7.631015640241));
#1440 = CARTESIAN_POINT('',(-29.5305805556,-33.92015067902,
    7.508461545257));
#1441 = CARTESIAN_POINT('',(-29.47005040128,-34.52364223777,
    7.297792780902));
#1442 = CARTESIAN_POINT('',(-29.45993898827,-34.74532374778,
    7.21676419586));
#1443 = CARTESIAN_POINT('',(-29.4620774026,-34.96628462884,
    7.132523043438));
#1444 = CARTESIAN_POINT('',(-29.47653630143,-35.18585069086,
    7.045494952537));
#1445 = CARTESIAN_POINT('',(-29.50333452224,-35.40334692675,
    6.956109691484));
#1446 = CARTESIAN_POINT('',(-29.54243602994,-35.61809578188,6.8647962926
    ));
#1447 = CARTESIAN_POINT('',(-29.59374415087,-35.82941641964,
    6.771979608383));
#1448 = CARTESIAN_POINT('',(-29.72309963868,-36.25252631622,
    6.580237662543));
#1449 = CARTESIAN_POINT('',(-29.80218400361,-36.46398157886,
    6.481211216256));
#1450 = CARTESIAN_POINT('',(-29.89415773027,-36.6702005485,
    6.381479228432));
#1451 = CARTESIAN_POINT('',(-29.99875323664,-36.87041753301,
    6.281503320774));
#1452 = CARTESIAN_POINT('',(-30.11562652167,-37.06388827916,
    6.181722534632));
#1453 = CARTESIAN_POINT('',(-30.24435606285,-37.24989011882,
    6.082551145861));
#1454 = CARTESIAN_POINT('',(-30.38443790714,-37.42772535284,
    5.984378228594));
#1455 = CARTESIAN_POINT('',(-30.68295828011,-37.76219242819,
    5.792786349943));
#1456 = CARTESIAN_POINT('',(-30.84096804979,-37.91920917442,
    5.699300011907));
#1457 = CARTESIAN_POINT('',(-31.00875309372,-38.06715139791,
    5.60745228277));
#1458 = CARTESIAN_POINT('',(-31.18570404491,-38.2054512542,
    5.517546005701));
#1459 = CARTESIAN_POINT('',(-31.37116242795,-38.33359351228,
    5.429847862909));
#1460 = CARTESIAN_POINT('',(-31.56442502487,-38.45111294166,
    5.34459187478));
#1461 = CARTESIAN_POINT('',(-31.76474551903,-38.55759534194,
    5.261983073364));
#1462 = CARTESIAN_POINT('',(-32.19921391875,-38.75756950293,
    5.094196683401));
#1463 = CARTESIAN_POINT('',(-32.43474192033,-38.84860104173,
    5.009623574089));
#1464 = CARTESIAN_POINT('',(-32.67687153517,-38.92529708618,
    4.928719603423));
#1465 = CARTESIAN_POINT('',(-32.92452905771,-38.9872712996,
    4.851672704293));
#1466 = CARTESIAN_POINT('',(-33.17661896043,-39.03422072328,
    4.778631751087));
#1467 = CARTESIAN_POINT('',(-33.4320279242,-39.06592157094,
    4.709715360721));
#1468 = CARTESIAN_POINT('',(-33.6896269017,-39.08223084796,
    4.645018904975));
#1469 = CARTESIAN_POINT('',(-34.44277038326,-39.0847436552,
    4.469143234609));
#1470 = CARTESIAN_POINT('',(-34.94148571919,-39.02993350415,4.3692824724
    ));
#1471 = CARTESIAN_POINT('',(-35.43602982986,-38.91812126459,
    4.285715195869));
#1472 = CARTESIAN_POINT('',(-35.91834121959,-38.75019530051,
    4.218672542367));
#1473 = CARTESIAN_POINT('',(-36.38063032999,-38.5281050386,
    4.168278059678));
#1474 = CARTESIAN_POINT('',(-36.81548716971,-38.25503777299,
    4.134604762803));
#1475 = CARTESIAN_POINT('',(-37.21590196215,-37.93541670759,
    4.11778910592));
#1476 = CARTESIAN_POINT('',(-37.57565933487,-37.57565933487,
    4.11778910592));
#1477 = PCURVE('',#316,#1478);
#1478 = DEFINITIONAL_REPRESENTATION('',(#1479),#1524);
#1479 = B_SPLINE_CURVE_WITH_KNOTS('',8,(#1480,#1481,#1482,#1483,#1484,
    #1485,#1486,#1487,#1488,#1489,#1490,#1491,#1492,#1493,#1494,#1495,
    #1496,#1497,#1498,#1499,#1500,#1501,#1502,#1503,#1504,#1505,#1506,
    #1507,#1508,#1509,#1510,#1511,#1512,#1513,#1514,#1515,#1516,#1517,
    #1518,#1519,#1520,#1521,#1522,#1523),.UNSPECIFIED.,.F.,.F.,(9,7,7,7,
    7,7,9),(0.,0.213606158431,0.337666727138,0.466931858395,
    0.593490903228,0.733094137347,1.),.UNSPECIFIED.);
#1480 = CARTESIAN_POINT('',(-2.34502905174,4.220369125865));
#1481 = CARTESIAN_POINT('',(-2.335825057958,4.221153586897));
#1482 = CARTESIAN_POINT('',(-2.326734419021,4.22267681445));
#1483 = CARTESIAN_POINT('',(-2.317887030248,4.224926739107));
#1484 = CARTESIAN_POINT('',(-2.30940146272,4.227874378169));
#1485 = CARTESIAN_POINT('',(-2.301382550835,4.231478646875));
#1486 = CARTESIAN_POINT('',(-2.293919984721,4.235689299128));
#1487 = CARTESIAN_POINT('',(-2.28708771856,4.240448505831));
#1488 = CARTESIAN_POINT('',(-2.277375791823,4.248736709515));
#1489 = CARTESIAN_POINT('',(-2.274039200857,4.251945598638));
#1490 = CARTESIAN_POINT('',(-2.270945501214,4.255305914209));
#1491 = CARTESIAN_POINT('',(-2.268104079756,4.258804753294));
#1492 = CARTESIAN_POINT('',(-2.265522538747,4.262428743473));
#1493 = CARTESIAN_POINT('',(-2.263206768542,4.266164100836));
#1494 = CARTESIAN_POINT('',(-2.261160996189,4.269996644671));
#1495 = CARTESIAN_POINT('',(-2.257540235316,4.277991139478));
#1496 = CARTESIAN_POINT('',(-2.255988440101,4.282160509201));
#1497 = CARTESIAN_POINT('',(-2.254735568605,4.28640308998));
#1498 = CARTESIAN_POINT('',(-2.25378247355,4.290702048212));
#1499 = CARTESIAN_POINT('',(-2.253128034453,4.295040572148));
#1500 = CARTESIAN_POINT('',(-2.252769369793,4.29940189931));
#1501 = CARTESIAN_POINT('',(-2.252701942939,4.303769303893));
#1502 = CARTESIAN_POINT('',(-2.253132625019,4.312391578749));
#1503 = CARTESIAN_POINT('',(-2.253618948922,4.316647380022));
#1504 = CARTESIAN_POINT('',(-2.254372825251,4.320877773067));
#1505 = CARTESIAN_POINT('',(-2.25538707621,4.325067854239));
#1506 = CARTESIAN_POINT('',(-2.256653438306,4.32920342472));
#1507 = CARTESIAN_POINT('',(-2.258162817688,4.333270929827));
#1508 = CARTESIAN_POINT('',(-2.259905417003,4.337257404064));
#1509 = CARTESIAN_POINT('',(-2.264038611873,4.345444685372));
#1510 = CARTESIAN_POINT('',(-2.266477690705,4.349625640696));
#1511 = CARTESIAN_POINT('',(-2.269174079714,4.353676814776));
#1512 = CARTESIAN_POINT('',(-2.27211328757,4.357583153096));
#1513 = CARTESIAN_POINT('',(-2.275280524973,4.361330782099));
#1514 = CARTESIAN_POINT('',(-2.278660856347,4.364906840845));
#1515 = CARTESIAN_POINT('',(-2.282239200427,4.368299381976));
#1516 = CARTESIAN_POINT('',(-2.293190754102,4.377611485942));
#1517 = CARTESIAN_POINT('',(-2.30105466677,4.383019257574));
#1518 = CARTESIAN_POINT('',(-2.309480548463,4.387636417188));
#1519 = CARTESIAN_POINT('',(-2.318358250934,4.391400634494));
#1520 = CARTESIAN_POINT('',(-2.327580645657,4.394261975057));
#1521 = CARTESIAN_POINT('',(-2.337039130481,4.396184492476));
#1522 = CARTESIAN_POINT('',(-2.346620277016,4.397144551186));
#1523 = CARTESIAN_POINT('',(-2.356194490192,4.397144551186));
#1524 = ( GEOMETRIC_REPRESENTATION_CONTEXT(2) 
PARAMETRIC_REPRESENTATION_CONTEXT() REPRESENTATION_CONTEXT('2D SPACE',''
  ) );
#1525 = PCURVE('',#1377,#1526);
#1526 = DEFINITIONAL_REPRESENTATION('',(#1527),#1572);
#1527 = B_SPLINE_CURVE_WITH_KNOTS('',8,(#1528,#1529,#1530,#1531,#1532,
    #1533,#1534,#1535,#1536,#1537,#1538,#1539,#1540,#1541,#1542,#1543,
    #1544,#1545,#1546,#1547,#1548,#1549,#1550,#1551,#1552,#1553,#1554,
    #1555,#1556,#1557,#1558,#1559,#1560,#1561,#1562,#1563,#1564,#1565,
    #1566,#1567,#1568,#1569,#1570,#1571),.UNSPECIFIED.,.F.,.F.,(9,7,7,7,
    7,7,9),(0.,0.213606158431,0.337666727138,0.466931858395,
    0.593490903228,0.733094137347,1.),.UNSPECIFIED.);
#1528 = CARTESIAN_POINT('',(-3.239933645434,-0.470007650611));
#1529 = CARTESIAN_POINT('',(-3.321345573876,-0.475827102955));
#1530 = CARTESIAN_POINT('',(-3.402741386539,-0.487069815552));
#1531 = CARTESIAN_POINT('',(-3.484052594691,-0.503458466046));
#1532 = CARTESIAN_POINT('',(-3.565272400654,-0.524344882961));
#1533 = CARTESIAN_POINT('',(-3.646415738368,-0.548781800772));
#1534 = CARTESIAN_POINT('',(-3.727505775316,-0.575631608853));
#1535 = CARTESIAN_POINT('',(-3.80856714417,-0.603685032222));
#1536 = CARTESIAN_POINT('',(-3.936672923889,-0.648069932835));
#1537 = CARTESIAN_POINT('',(-3.983740535617,-0.664388274303));
#1538 = CARTESIAN_POINT('',(-4.030814111453,-0.680488010069));
#1539 = CARTESIAN_POINT('',(-4.077899213802,-0.69614348351));
#1540 = CARTESIAN_POINT('',(-4.125001210407,-0.711139731228));
#1541 = CARTESIAN_POINT('',(-4.172124444833,-0.725278291223));
#1542 = CARTESIAN_POINT('',(-4.219271230743,-0.738382165735));
#1543 = CARTESIAN_POINT('',(-4.315588951474,-0.762717683701));
#1544 = CARTESIAN_POINT('',(-4.364765944831,-0.773848781386));
#1545 = CARTESIAN_POINT('',(-4.413967185902,-0.783520637937));
#1546 = CARTESIAN_POINT('',(-4.46319003769,-0.791592875877));
#1547 = CARTESIAN_POINT('',(-4.512432365648,-0.79796106388));
#1548 = CARTESIAN_POINT('',(-4.561691006289,-0.802558992651));
#1549 = CARTESIAN_POINT('',(-4.610960029088,-0.805359496957));
#1550 = CARTESIAN_POINT('',(-4.708466142906,-0.80736691635));
#1551 = CARTESIAN_POINT('',(-4.756708733122,-0.806647965887));
#1552 = CARTESIAN_POINT('',(-4.804947036958,-0.804226857588));
#1553 = CARTESIAN_POINT('',(-4.853175713185,-0.800149103841));
#1554 = CARTESIAN_POINT('',(-4.901391858384,-0.794492552939));
#1555 = CARTESIAN_POINT('',(-4.949593436204,-0.787363683538));
#1556 = CARTESIAN_POINT('',(-4.997777882249,-0.77889348489));
#1557 = CARTESIAN_POINT('',(-5.099067951839,-0.758576665906));
#1558 = CARTESIAN_POINT('',(-5.152173899452,-0.746471017156));
#1559 = CARTESIAN_POINT('',(-5.205255895099,-0.733117606908));
#1560 = CARTESIAN_POINT('',(-5.258316102852,-0.718745713349));
#1561 = CARTESIAN_POINT('',(-5.311359552989,-0.70360362158));
#1562 = CARTESIAN_POINT('',(-5.364392281127,-0.687950566752));
#1563 = CARTESIAN_POINT('',(-5.417419736652,-0.67204926132));
#1564 = CARTESIAN_POINT('',(-5.57182474899,-0.625778605675));
#1565 = CARTESIAN_POINT('',(-5.673278509278,-0.59541428308));
#1566 = CARTESIAN_POINT('',(-5.774749558644,-0.566902620034));
#1567 = CARTESIAN_POINT('',(-5.876270696048,-0.54200749303));
#1568 = CARTESIAN_POINT('',(-5.97788048887,-0.522224519307));
#1569 = CARTESIAN_POINT('',(-6.079602232461,-0.508650128304));
#1570 = CARTESIAN_POINT('',(-6.181430556046,-0.50187145065));
#1571 = CARTESIAN_POINT('',(-6.28318530718,-0.50187145065));
#1572 = ( GEOMETRIC_REPRESENTATION_CONTEXT(2) 
PARAMETRIC_REPRESENTATION_CONTEXT() REPRESENTATION_CONTEXT('2D SPACE',''
  ) );
#1573 = FACE_BOUND('',#1574,.T.);
#1574 = EDGE_LOOP('',(#1575,#1749));
#1575 = ORIENTED_EDGE('',*,*,#1576,.T.);
#1576 = EDGE_CURVE('',#1577,#1579,#1581,.T.);
#1577 = VERTEX_POINT('',#1578);
#1578 = CARTESIAN_POINT('',(-53.14000704648,-8.712795441139E-15,
    4.11778910592));
#1579 = VERTEX_POINT('',#1580);
#1580 = CARTESIAN_POINT('',(-44.31347220235,-2.018934759094,
    7.827156292599));
#1581 = SURFACE_CURVE('',#1582,(#1634,#1689),.PCURVE_S1.);
#1582 = B_SPLINE_CURVE_WITH_KNOTS('',8,(#1583,#1584,#1585,#1586,#1587,
    #1588,#1589,#1590,#1591,#1592,#1593,#1594,#1595,#1596,#1597,#1598,
    #1599,#1600,#1601,#1602,#1603,#1604,#1605,#1606,#1607,#1608,#1609,
    #1610,#1611,#1612,#1613,#1614,#1615,#1616,#1617,#1618,#1619,#1620,
    #1621,#1622,#1623,#1624,#1625,#1626,#1627,#1628,#1629,#1630,#1631,
    #1632,#1633),.UNSPECIFIED.,.F.,.F.,(9,7,7,7,7,7,7,9),(0.,
    0.229435341703,0.345600383836,0.458598421048,0.568847886672,
    0.673723196273,0.786761513718,1.),.UNSPECIFIED.);
#1583 = CARTESIAN_POINT('',(-53.14000704648,-4.467046533989E-15,
    4.11778910592));
#1584 = CARTESIAN_POINT('',(-53.14000704648,0.511042674539,4.11778910592
    ));
#1585 = CARTESIAN_POINT('',(-53.08236656003,1.022508962057,
    4.134755081956));
#1586 = CARTESIAN_POINT('',(-52.96692040607,1.525313074463,
    4.168735561513));
#1587 = CARTESIAN_POINT('',(-52.79553068995,2.011245966559,
    4.219591588045));
#1588 = CARTESIAN_POINT('',(-52.57124032339,2.472703748861,4.28724848092
    ));
#1589 = CARTESIAN_POINT('',(-52.29825803956,2.902713104835,
    4.371578554929));
#1590 = CARTESIAN_POINT('',(-51.98174594231,3.294874391915,
    4.472344069893));
#1591 = CARTESIAN_POINT('',(-51.44907346558,3.820149202753,
    4.647842600828));
#1592 = CARTESIAN_POINT('',(-51.26044181223,3.985641829132,
    4.710891768565));
#1593 = CARTESIAN_POINT('',(-51.06300498629,4.139363441063,
    4.777928805889));
#1594 = CARTESIAN_POINT('',(-50.85759054127,4.280673893213,
    4.848865627646));
#1595 = CARTESIAN_POINT('',(-50.64506727943,4.408994042391,
    4.923593264005));
#1596 = CARTESIAN_POINT('',(-50.42634303537,4.523806073223,
    5.001975742631));
#1597 = CARTESIAN_POINT('',(-50.20236477785,4.62465847511,5.083842449558
    ));
#1598 = CARTESIAN_POINT('',(-49.75209988592,4.795334149523,
    5.251794412942));
#1599 = CARTESIAN_POINT('',(-49.52602122456,4.865936590629,
    5.337711809523));
#1600 = CARTESIAN_POINT('',(-49.29680701898,4.922627763701,
    5.426529742754));
#1601 = CARTESIAN_POINT('',(-49.06538907021,4.965136583483,
    5.518017404451));
#1602 = CARTESIAN_POINT('',(-48.83270579229,4.993270699109,5.61190983424
    ));
#1603 = CARTESIAN_POINT('',(-48.59969983187,5.006916874767,
    5.707903393745));
#1604 = CARTESIAN_POINT('',(-48.36731652227,5.006047161467,
    5.805651474715));
#1605 = CARTESIAN_POINT('',(-47.91130414023,4.975787113099,6.00145867453
    ));
#1606 = CARTESIAN_POINT('',(-47.68757259005,4.947089241789,
    6.099464022705));
#1607 = CARTESIAN_POINT('',(-47.46618860526,4.904696173558,
    6.198411598139));
#1608 = CARTESIAN_POINT('',(-47.24799000833,4.84875195543,6.297913123573
    ));
#1609 = CARTESIAN_POINT('',(-47.03377395676,4.779475146004,
    6.397555718675));
#1610 = CARTESIAN_POINT('',(-46.82429810116,4.697153059033,
    6.496902425069));
#1611 = CARTESIAN_POINT('',(-46.62028130502,4.602140858467,
    6.595494469672));
#1612 = CARTESIAN_POINT('',(-46.23417216217,4.392819333142,
    6.785470170519));
#1613 = CARTESIAN_POINT('',(-46.05148071827,4.279668159817,
    6.876978401432));
#1614 = CARTESIAN_POINT('',(-45.87490442347,4.155769739495,
    6.966975541797));
#1615 = CARTESIAN_POINT('',(-45.70496972063,4.021525861749,
    7.055051527463));
#1616 = CARTESIAN_POINT('',(-45.54216013941,3.877376658578,7.14079260066
    ));
#1617 = CARTESIAN_POINT('',(-45.38692062836,3.723797334255,
    7.223784593444));
#1618 = CARTESIAN_POINT('',(-45.23966074629,3.561297317643,
    7.303617541351));
#1619 = CARTESIAN_POINT('',(-44.95104103318,3.206246201181,
    7.462102534357));
#1620 = CARTESIAN_POINT('',(-44.81102585279,3.012332291721,
    7.540182680998));
#1621 = CARTESIAN_POINT('',(-44.68118421428,2.809361530708,
    7.613630648913));
#1622 = CARTESIAN_POINT('',(-44.56193886198,2.598057701007,
    7.681961222388));
#1623 = CARTESIAN_POINT('',(-44.45366857935,2.379186206112,
    7.744712985737));
#1624 = CARTESIAN_POINT('',(-44.35671085427,2.153555737327,
    7.801457797986));
#1625 = CARTESIAN_POINT('',(-44.27136087217,1.922022348271,
    7.851812144747));
#1626 = CARTESIAN_POINT('',(-44.05922573559,1.239306227627,
    7.977770670115));
#1627 = CARTESIAN_POINT('',(-43.96261642163,0.774837568671,
    8.036285145736));
#1628 = CARTESIAN_POINT('',(-43.91009730454,0.298853765721,8.06857825826
    ));
#1629 = CARTESIAN_POINT('',(-43.90247727208,-0.181879790971,
    8.073329042587));
#1630 = CARTESIAN_POINT('',(-43.93990934494,-0.66064049699,
    8.050252923612));
#1631 = CARTESIAN_POINT('',(-44.02187246539,-1.130767855694,
    8.000175940257));
#1632 = CARTESIAN_POINT('',(-44.14718749576,-1.58567677273,
    7.924890688699));
#1633 = CARTESIAN_POINT('',(-44.31347220235,-2.018934759094,
    7.827156292599));
#1634 = PCURVE('',#316,#1635);
#1635 = DEFINITIONAL_REPRESENTATION('',(#1636),#1688);
#1636 = B_SPLINE_CURVE_WITH_KNOTS('',8,(#1637,#1638,#1639,#1640,#1641,
    #1642,#1643,#1644,#1645,#1646,#1647,#1648,#1649,#1650,#1651,#1652,
    #1653,#1654,#1655,#1656,#1657,#1658,#1659,#1660,#1661,#1662,#1663,
    #1664,#1665,#1666,#1667,#1668,#1669,#1670,#1671,#1672,#1673,#1674,
    #1675,#1676,#1677,#1678,#1679,#1680,#1681,#1682,#1683,#1684,#1685,
    #1686,#1687),.UNSPECIFIED.,.F.,.F.,(9,7,7,7,7,7,7,9),(0.,
    0.229435341703,0.345600383836,0.458598421048,0.568847886672,
    0.673723196273,0.786761513718,1.),.UNSPECIFIED.);
#1637 = CARTESIAN_POINT('',(-3.14159265359,4.397144551186));
#1638 = CARTESIAN_POINT('',(-3.151209563766,4.397144551186));
#1639 = CARTESIAN_POINT('',(-3.160834444852,4.396175910315));
#1640 = CARTESIAN_POINT('',(-3.170335339492,4.394235854627));
#1641 = CARTESIAN_POINT('',(-3.179597027607,4.391348448247));
#1642 = CARTESIAN_POINT('',(-3.188509220955,4.387550328889));
#1643 = CARTESIAN_POINT('',(-3.196963316681,4.382892417365));
#1644 = CARTESIAN_POINT('',(-3.204847686537,4.377438187864));
#1645 = CARTESIAN_POINT('',(-3.215695999048,4.368151917819));
#1646 = CARTESIAN_POINT('',(-3.219168922061,4.364847121075));
#1647 = CARTESIAN_POINT('',(-3.222454252234,4.361369083931));
#1648 = CARTESIAN_POINT('',(-3.22553812294,4.357728804108));
#1649 = CARTESIAN_POINT('',(-3.228406798074,4.353938099406));
#1650 = CARTESIAN_POINT('',(-3.231046673346,4.350009694729));
#1651 = CARTESIAN_POINT('',(-3.233444404978,4.345957368008));
#1652 = CARTESIAN_POINT('',(-3.237671508571,4.337748389039));
#1653 = CARTESIAN_POINT('',(-3.239514796885,4.333597202077));
#1654 = CARTESIAN_POINT('',(-3.241105019418,4.329356646045));
#1655 = CARTESIAN_POINT('',(-3.242431001555,4.325041406648));
#1656 = CARTESIAN_POINT('',(-3.24348239304,4.320666863294));
#1657 = CARTESIAN_POINT('',(-3.244249820996,4.316249156204));
#1658 = CARTESIAN_POINT('',(-3.244725208298,4.311805260694));
#1659 = CARTESIAN_POINT('',(-3.245074999734,4.303009171972));
#1660 = CARTESIAN_POINT('',(-3.244963762131,4.298656855567));
#1661 = CARTESIAN_POINT('',(-3.244562586221,4.29431272617));
#1662 = CARTESIAN_POINT('',(-3.243867157164,4.289993364383));
#1663 = CARTESIAN_POINT('',(-3.24287480538,4.285715376401));
#1664 = CARTESIAN_POINT('',(-3.241584611057,4.281495405543));
#1665 = CARTESIAN_POINT('',(-3.239997611353,4.277350103554));
#1666 = CARTESIAN_POINT('',(-3.236328274981,4.269439635788));
#1667 = CARTESIAN_POINT('',(-3.234273709374,4.265665479234));
#1668 = CARTESIAN_POINT('',(-3.231956066865,4.261987642179));
#1669 = CARTESIAN_POINT('',(-3.229379563508,4.258419767187));
#1670 = CARTESIAN_POINT('',(-3.226550002054,4.254975114937));
#1671 = CARTESIAN_POINT('',(-3.223474817812,4.251666549529));
#1672 = CARTESIAN_POINT('',(-3.220163146313,4.248506483439));
#1673 = CARTESIAN_POINT('',(-3.212813357351,4.24227359788));
#1674 = CARTESIAN_POINT('',(-3.20873858831,4.239226569175));
#1675 = CARTESIAN_POINT('',(-3.204415250087,4.236380589818));
#1676 = CARTESIAN_POINT('',(-3.199859268988,4.233749709409));
#1677 = CARTESIAN_POINT('',(-3.195088906259,4.231347050954));
#1678 = CARTESIAN_POINT('',(-3.190124780326,4.229184650999));
#1679 = CARTESIAN_POINT('',(-3.184989858157,4.227273222222));
#1680 = CARTESIAN_POINT('',(-3.1697482489,4.222506624305));
#1681 = CARTESIAN_POINT('',(-3.159257827423,4.220313240847));
#1682 = CARTESIAN_POINT('',(-3.14842197645,4.219111346443));
#1683 = CARTESIAN_POINT('',(-3.137439872768,4.218935669932));
#1684 = CARTESIAN_POINT('',(-3.126517593604,4.219793484821));
#1685 = CARTESIAN_POINT('',(-3.11585775669,4.221662881838));
#1686 = CARTESIAN_POINT('',(-3.105650100286,4.224495877592));
#1687 = CARTESIAN_POINT('',(-3.096063845577,4.22821260785));
#1688 = ( GEOMETRIC_REPRESENTATION_CONTEXT(2) 
PARAMETRIC_REPRESENTATION_CONTEXT() REPRESENTATION_CONTEXT('2D SPACE',''
  ) );
#1689 = PCURVE('',#1690,#1695);
#1690 = CYLINDRICAL_SURFACE('',#1691,5.);
#1691 = AXIS2_PLACEMENT_3D('',#1692,#1693,#1694);
#1692 = CARTESIAN_POINT('',(-48.73093572028,-7.608824626596E-15,
    6.528590838421));
#1693 = DIRECTION('',(-0.389722413022,3.126999225752E-16,0.920932375796)
  );
#1694 = DIRECTION('',(-0.920932375796,-1.894071301564E-16,
    -0.389722413022));
#1695 = DEFINITIONAL_REPRESENTATION('',(#1696),#1748);
#1696 = B_SPLINE_CURVE_WITH_KNOTS('',8,(#1697,#1698,#1699,#1700,#1701,
    #1702,#1703,#1704,#1705,#1706,#1707,#1708,#1709,#1710,#1711,#1712,
    #1713,#1714,#1715,#1716,#1717,#1718,#1719,#1720,#1721,#1722,#1723,
    #1724,#1725,#1726,#1727,#1728,#1729,#1730,#1731,#1732,#1733,#1734,
    #1735,#1736,#1737,#1738,#1739,#1740,#1741,#1742,#1743,#1744,#1745,
    #1746,#1747),.UNSPECIFIED.,.F.,.F.,(9,7,7,7,7,7,7,9),(0.,
    0.229435341703,0.345600383836,0.458598421048,0.568847886672,
    0.673723196273,0.786761513718,1.),.UNSPECIFIED.);
#1697 = CARTESIAN_POINT('',(0.,-0.50187145065));
#1698 = CARTESIAN_POINT('',(-0.102208534908,-0.50187145065));
#1699 = CARTESIAN_POINT('',(-0.204501682664,-0.508710723499));
#1700 = CARTESIAN_POINT('',(-0.306690198485,-0.522408953426));
#1701 = CARTESIAN_POINT('',(-0.408767004501,-0.542368405823));
#1702 = CARTESIAN_POINT('',(-0.51075336875,-0.567471965602));
#1703 = CARTESIAN_POINT('',(-0.612688479947,-0.596196984561));
#1704 = CARTESIAN_POINT('',(-0.714605562353,-0.626750617757));
#1705 = CARTESIAN_POINT('',(-0.868012197483,-0.672722741697));
#1706 = CARTESIAN_POINT('',(-0.919577808,-0.688172704974));
#1707 = CARTESIAN_POINT('',(-0.971148570394,-0.70338168315));
#1708 = CARTESIAN_POINT('',(-1.022729517442,-0.718108280541));
#1709 = CARTESIAN_POINT('',(-1.074326160561,-0.732114259281));
#1710 = CARTESIAN_POINT('',(-1.125943104248,-0.745171037201));
#1711 = CARTESIAN_POINT('',(-1.177582432324,-0.757066683276));
#1712 = CARTESIAN_POINT('',(-1.279492909599,-0.777872602799));
#1713 = CARTESIAN_POINT('',(-1.329767784897,-0.786856412082));
#1714 = CARTESIAN_POINT('',(-1.380061379553,-0.794391015115));
#1715 = CARTESIAN_POINT('',(-1.430370796746,-0.800325826884));
#1716 = CARTESIAN_POINT('',(-1.480693858526,-0.804539136992));
#1717 = CARTESIAN_POINT('',(-1.531027386934,-0.806943205317));
#1718 = CARTESIAN_POINT('',(-1.581365262823,-0.807488817043));
#1719 = CARTESIAN_POINT('',(-1.680803007457,-0.804881873219));
#1720 = CARTESIAN_POINT('',(-1.729909058996,-0.801818774686));
#1721 = CARTESIAN_POINT('',(-1.779004054619,-0.796973049719));
#1722 = CARTESIAN_POINT('',(-1.828082263125,-0.790375757219));
#1723 = CARTESIAN_POINT('',(-1.877140667544,-0.782096461908));
#1724 = CARTESIAN_POINT('',(-1.926177261131,-0.772242299476));
#1725 = CARTESIAN_POINT('',(-1.975189556312,-0.760955611693));
#1726 = CARTESIAN_POINT('',(-2.070769323564,-0.736476225011));
#1727 = CARTESIAN_POINT('',(-2.117343232941,-0.723402282867));
#1728 = CARTESIAN_POINT('',(-2.163894390585,-0.709336742268));
#1729 = CARTESIAN_POINT('',(-2.210425157126,-0.694452077983));
#1730 = CARTESIAN_POINT('',(-2.256939796519,-0.6789408906));
#1731 = CARTESIAN_POINT('',(-2.303443535726,-0.663011194356));
#1732 = CARTESIAN_POINT('',(-2.349941785519,-0.646880924552));
#1733 = CARTESIAN_POINT('',(-2.446556427516,-0.613408534455));
#1734 = CARTESIAN_POINT('',(-2.496674951498,-0.59606905347));
#1735 = CARTESIAN_POINT('',(-2.5468012522,-0.579030638551));
#1736 = CARTESIAN_POINT('',(-2.596942207163,-0.562575387619));
#1737 = CARTESIAN_POINT('',(-2.647104554245,-0.546980612918));
#1738 = CARTESIAN_POINT('',(-2.697293726298,-0.532509076739));
#1739 = CARTESIAN_POINT('',(-2.747512379843,-0.519398929519));
#1740 = CARTESIAN_POINT('',(-2.892544456425,-0.486073462815));
#1741 = CARTESIAN_POINT('',(-2.987536823774,-0.469836402722));
#1742 = CARTESIAN_POINT('',(-3.082569089542,-0.460564506922));
#1743 = CARTESIAN_POINT('',(-3.17760159671,-0.459159053267));
#1744 = CARTESIAN_POINT('',(-3.272617887493,-0.465822480577));
#1745 = CARTESIAN_POINT('',(-3.367604451737,-0.47999713075));
#1746 = CARTESIAN_POINT('',(-3.462528735851,-0.500491680306));
#1747 = CARTESIAN_POINT('',(-3.557245146929,-0.525693572801));
#1748 = ( GEOMETRIC_REPRESENTATION_CONTEXT(2) 
PARAMETRIC_REPRESENTATION_CONTEXT() REPRESENTATION_CONTEXT('2D SPACE',''
  ) );
#1749 = ORIENTED_EDGE('',*,*,#1750,.T.);
#1750 = EDGE_CURVE('',#1579,#1577,#1751,.T.);
#1751 = SURFACE_CURVE('',#1752,(#1797,#1845),.PCURVE_S1.);
#1752 = B_SPLINE_CURVE_WITH_KNOTS('',8,(#1753,#1754,#1755,#1756,#1757,
    #1758,#1759,#1760,#1761,#1762,#1763,#1764,#1765,#1766,#1767,#1768,
    #1769,#1770,#1771,#1772,#1773,#1774,#1775,#1776,#1777,#1778,#1779,
    #1780,#1781,#1782,#1783,#1784,#1785,#1786,#1787,#1788,#1789,#1790,
    #1791,#1792,#1793,#1794,#1795,#1796),.UNSPECIFIED.,.F.,.F.,(9,7,7,7,
    7,7,9),(0.,0.211473215431,0.307963162682,0.406022028146,
    0.54739881699,0.703633171088,1.),.UNSPECIFIED.);
#1753 = CARTESIAN_POINT('',(-44.31347220235,-2.018934759094,
    7.827156292599));
#1754 = CARTESIAN_POINT('',(-44.43989139226,-2.348322378545,
    7.752852988141));
#1755 = CARTESIAN_POINT('',(-44.59010593228,-2.665495238716,
    7.665506768866));
#1756 = CARTESIAN_POINT('',(-44.76325674076,-2.96788560897,
    7.566221545054));
#1757 = CARTESIAN_POINT('',(-44.95830216902,-3.253157092751,
    7.456307409893));
#1758 = CARTESIAN_POINT('',(-45.17403159385,-3.519162309039,
    7.337202633457));
#1759 = CARTESIAN_POINT('',(-45.40905624464,-3.763925207528,
    7.21041309138));
#1760 = CARTESIAN_POINT('',(-45.66177726527,-3.985648017531,
    7.077469128199));
#1761 = CARTESIAN_POINT('',(-46.05286537827,-4.272672271948,
    6.877130431602));
#1762 = CARTESIAN_POINT('',(-46.17869942215,-4.357476970727,
    6.813396279416));
#1763 = CARTESIAN_POINT('',(-46.30765654568,-4.437006008275,
    6.748842642737));
#1764 = CARTESIAN_POINT('',(-46.43955098389,-4.511118759891,
    6.683613444931));
#1765 = CARTESIAN_POINT('',(-46.57418728953,-4.579685541714,
    6.617850828898));
#1766 = CARTESIAN_POINT('',(-46.71135981923,-4.642588257574,
    6.551694697164));
#1767 = CARTESIAN_POINT('',(-46.85085221965,-4.699721045845,
    6.485282251962));
#1768 = CARTESIAN_POINT('',(-47.13632376236,-4.803094450568,
    6.351130969934));
#1769 = CARTESIAN_POINT('',(-47.28237475169,-4.849144014431,
    6.283386589148));
#1770 = CARTESIAN_POINT('',(-47.43034990615,-4.889041773188,
    6.215655882038));
#1771 = CARTESIAN_POINT('',(-47.58000190419,-4.922705557716,
    6.148074717864));
#1772 = CARTESIAN_POINT('',(-47.73107607847,-4.950069274869,
    6.080773279058));
#1773 = CARTESIAN_POINT('',(-47.88331041622,-4.971083307881,
    6.01387599421));
#1774 = CARTESIAN_POINT('',(-48.03643555958,-4.985714916777,
    5.947501471059));
#1775 = CARTESIAN_POINT('',(-48.41182902207,-5.005819642694,
    5.786982884993));
#1776 = CARTESIAN_POINT('',(-48.63477733415,-5.004392793008,
    5.693516826221));
#1777 = CARTESIAN_POINT('',(-48.85818305961,-4.989618906411,
    5.60170611396));
#1778 = CARTESIAN_POINT('',(-49.08121174287,-4.961530319671,
    5.511852939833));
#1779 = CARTESIAN_POINT('',(-49.30303172899,-4.920231397916,
    5.424223213297));
#1780 = CARTESIAN_POINT('',(-49.52281539829,-4.865893555575,
    5.33905011008));
#1781 = CARTESIAN_POINT('',(-49.73974106196,-4.798754789989,
    5.256537782023));
#1782 = CARTESIAN_POINT('',(-50.18866130635,-4.631124080189,
    5.088819729029));
#1783 = CARTESIAN_POINT('',(-50.41986600415,-4.527860093509,
    5.004233913991));
#1784 = CARTESIAN_POINT('',(-50.64552385052,-4.409738516597,
    4.923345482966));
#1785 = CARTESIAN_POINT('',(-50.86459614147,-4.277252369597,
    4.84634218219));
#1786 = CARTESIAN_POINT('',(-51.07608832474,-4.130969544663,
    4.773372529125));
#1787 = CARTESIAN_POINT('',(-51.27904987749,-3.971526975093,
    4.704554713573));
#1788 = CARTESIAN_POINT('',(-51.47257696729,-3.799630372799,
    4.639983675155));
#1789 = CARTESIAN_POINT('',(-52.00341451532,-3.267837098239,
    4.465450951259));
#1790 = CARTESIAN_POINT('',(-52.31427196184,-2.877331564974,
    4.366633773837));
#1791 = CARTESIAN_POINT('',(-52.58219860021,-2.450025761575,
    4.283943874891));
#1792 = CARTESIAN_POINT('',(-52.80221872292,-1.992164611705,
    4.217607380222));
#1793 = CARTESIAN_POINT('',(-52.97028679051,-1.510538410723,
    4.167744700378));
#1794 = CARTESIAN_POINT('',(-53.08347909005,-1.012527230072,
    4.134427618206));
#1795 = CARTESIAN_POINT('',(-53.14000704648,-0.506086837039,
    4.11778910592));
#1796 = CARTESIAN_POINT('',(-53.14000704648,-4.511554692549E-15,
    4.11778910592));
#1797 = PCURVE('',#316,#1798);
#1798 = DEFINITIONAL_REPRESENTATION('',(#1799),#1844);
#1799 = B_SPLINE_CURVE_WITH_KNOTS('',8,(#1800,#1801,#1802,#1803,#1804,
    #1805,#1806,#1807,#1808,#1809,#1810,#1811,#1812,#1813,#1814,#1815,
    #1816,#1817,#1818,#1819,#1820,#1821,#1822,#1823,#1824,#1825,#1826,
    #1827,#1828,#1829,#1830,#1831,#1832,#1833,#1834,#1835,#1836,#1837,
    #1838,#1839,#1840,#1841,#1842,#1843),.UNSPECIFIED.,.F.,.F.,(9,7,7,7,
    7,7,9),(0.,0.211473215431,0.307963162682,0.406022028146,
    0.54739881699,0.703633171088,1.),.UNSPECIFIED.);
#1800 = CARTESIAN_POINT('',(-3.096063845577,4.22821260785));
#1801 = CARTESIAN_POINT('',(-3.088775823851,4.231038279783));
#1802 = CARTESIAN_POINT('',(-3.08184033716,4.234377313367));
#1803 = CARTESIAN_POINT('',(-3.075326306812,4.238198776692));
#1804 = CARTESIAN_POINT('',(-3.069292218063,4.242465745071));
#1805 = CARTESIAN_POINT('',(-3.063786381795,4.247137013331));
#1806 = CARTESIAN_POINT('',(-3.058847255529,4.25216820243));
#1807 = CARTESIAN_POINT('',(-3.054503823785,4.257512260394));
#1808 = CARTESIAN_POINT('',(-3.049075142105,4.265677736006));
#1809 = CARTESIAN_POINT('',(-3.047502367173,4.268290949046));
#1810 = CARTESIAN_POINT('',(-3.046059611057,4.270954267851));
#1811 = CARTESIAN_POINT('',(-3.044748351914,4.273662893151));
#1812 = CARTESIAN_POINT('',(-3.043569660298,4.27641195787));
#1813 = CARTESIAN_POINT('',(-3.042524211491,4.27919652975));
#1814 = CARTESIAN_POINT('',(-3.04161229782,4.282011613975));
#1815 = CARTESIAN_POINT('',(-3.040042726509,4.287738884573));
#1816 = CARTESIAN_POINT('',(-3.039389427421,4.29065197091));
#1817 = CARTESIAN_POINT('',(-3.038873866068,4.293586081418));
#1818 = CARTESIAN_POINT('',(-3.038495542167,4.296535912853));
#1819 = CARTESIAN_POINT('',(-3.03825355795,4.29949619211));
#1820 = CARTESIAN_POINT('',(-3.038146643311,4.302461676214));
#1821 = CARTESIAN_POINT('',(-3.038173180947,4.30542715231));
#1822 = CARTESIAN_POINT('',(-3.038559101569,4.312655441731));
#1823 = CARTESIAN_POINT('',(-3.039060355307,4.316912993524));
#1824 = CARTESIAN_POINT('',(-3.039829218338,4.321144400768));
#1825 = CARTESIAN_POINT('',(-3.04085845083,4.325334749424));
#1826 = CARTESIAN_POINT('',(-3.042139732145,4.329469835872));
#1827 = CARTESIAN_POINT('',(-3.043663916579,4.333536105228));
#1828 = CARTESIAN_POINT('',(-3.045421160177,4.337520595807));
#1829 = CARTESIAN_POINT('',(-3.049588733827,4.345710022266));
#1830 = CARTESIAN_POINT('',(-3.052048499854,4.34989452586));
#1831 = CARTESIAN_POINT('',(-3.054766193827,4.353947846284));
#1832 = CARTESIAN_POINT('',(-3.057727196047,4.357854860697));
#1833 = CARTESIAN_POINT('',(-3.0609165933,4.361601636905));
#1834 = CARTESIAN_POINT('',(-3.064319329609,4.365175263279));
#1835 = CARTESIAN_POINT('',(-3.067920204435,4.368563749318));
#1836 = CARTESIAN_POINT('',(-3.0788808083,4.377811491377));
#1837 = CARTESIAN_POINT('',(-3.086720767965,4.38316562367));
#1838 = CARTESIAN_POINT('',(-3.095113946102,4.387735878943));
#1839 = CARTESIAN_POINT('',(-3.103951901315,4.391461116154));
#1840 = CARTESIAN_POINT('',(-3.113129124586,4.394292426179));
#1841 = CARTESIAN_POINT('',(-3.122538700741,4.39619460624));
#1842 = CARTESIAN_POINT('',(-3.132069003422,4.397144551186));
#1843 = CARTESIAN_POINT('',(-3.14159265359,4.397144551186));
#1844 = ( GEOMETRIC_REPRESENTATION_CONTEXT(2) 
PARAMETRIC_REPRESENTATION_CONTEXT() REPRESENTATION_CONTEXT('2D SPACE',''
  ) );
#1845 = PCURVE('',#1690,#1846);
#1846 = DEFINITIONAL_REPRESENTATION('',(#1847),#1892);
#1847 = B_SPLINE_CURVE_WITH_KNOTS('',8,(#1848,#1849,#1850,#1851,#1852,
    #1853,#1854,#1855,#1856,#1857,#1858,#1859,#1860,#1861,#1862,#1863,
    #1864,#1865,#1866,#1867,#1868,#1869,#1870,#1871,#1872,#1873,#1874,
    #1875,#1876,#1877,#1878,#1879,#1880,#1881,#1882,#1883,#1884,#1885,
    #1886,#1887,#1888,#1889,#1890,#1891),.UNSPECIFIED.,.F.,.F.,(9,7,7,7,
    7,7,9),(0.,0.211473215431,0.307963162682,0.406022028146,
    0.54739881699,0.703633171088,1.),.UNSPECIFIED.);
#1848 = CARTESIAN_POINT('',(-3.557245146929,-0.525693572801));
#1849 = CARTESIAN_POINT('',(-3.629254005739,-0.544853499764));
#1850 = CARTESIAN_POINT('',(-3.701207899002,-0.566751487988));
#1851 = CARTESIAN_POINT('',(-3.773108395079,-0.590705714137));
#1852 = CARTESIAN_POINT('',(-3.844972850814,-0.615915624815));
#1853 = CARTESIAN_POINT('',(-3.916826549973,-0.641528477543));
#1854 = CARTESIAN_POINT('',(-3.988695413715,-0.666698697726));
#1855 = CARTESIAN_POINT('',(-4.060599283113,-0.690640051605));
#1856 = CARTESIAN_POINT('',(-4.165373160698,-0.722722640326));
#1857 = CARTESIAN_POINT('',(-4.198210316755,-0.732377137297));
#1858 = CARTESIAN_POINT('',(-4.231057902067,-0.741569189929));
#1859 = CARTESIAN_POINT('',(-4.26391655767,-0.750238651315));
#1860 = CARTESIAN_POINT('',(-4.296786723884,-0.758330787622));
#1861 = CARTESIAN_POINT('',(-4.329668458756,-0.765796901915));
#1862 = CARTESIAN_POINT('',(-4.362561256498,-0.772594957969));
#1863 = CARTESIAN_POINT('',(-4.428901468946,-0.78488455837));
#1864 = CARTESIAN_POINT('',(-4.462349959693,-0.790353207926));
#1865 = CARTESIAN_POINT('',(-4.495807713032,-0.795059374677));
#1866 = CARTESIAN_POINT('',(-4.529273391017,-0.79897431897));
#1867 = CARTESIAN_POINT('',(-4.562745699067,-0.802077401157));
#1868 = CARTESIAN_POINT('',(-4.596223142123,-0.804356143171));
#1869 = CARTESIAN_POINT('',(-4.62970378082,-0.805806290109));
#1870 = CARTESIAN_POINT('',(-4.711456660855,-0.807333806899));
#1871 = CARTESIAN_POINT('',(-4.759733317727,-0.806521772295));
#1872 = CARTESIAN_POINT('',(-4.808005428817,-0.804007011253));
#1873 = CARTESIAN_POINT('',(-4.856267670927,-0.799836431762));
#1874 = CARTESIAN_POINT('',(-4.904517174104,-0.794089263763));
#1875 = CARTESIAN_POINT('',(-4.952751946918,-0.78687331012));
#1876 = CARTESIAN_POINT('',(-5.000969480014,-0.778320791339));
#1877 = CARTESIAN_POINT('',(-5.102426593488,-0.757823495446));
#1878 = CARTESIAN_POINT('',(-5.155666410729,-0.745615658319));
#1879 = CARTESIAN_POINT('',(-5.208882222859,-0.732164512873));
#1880 = CARTESIAN_POINT('',(-5.262076294267,-0.717701963747));
#1881 = CARTESIAN_POINT('',(-5.315253763997,-0.702478835703));
#1882 = CARTESIAN_POINT('',(-5.368420768092,-0.686756723992));
#1883 = CARTESIAN_POINT('',(-5.421582830841,-0.670800439386));
#1884 = CARTESIAN_POINT('',(-5.575586047139,-0.624653985318));
#1885 = CARTESIAN_POINT('',(-5.676503022343,-0.594509809125));
#1886 = CARTESIAN_POINT('',(-5.777438591526,-0.566244598199));
#1887 = CARTESIAN_POINT('',(-5.878424043651,-0.541589250698));
#1888 = CARTESIAN_POINT('',(-5.97949692504,-0.522009514061));
#1889 = CARTESIAN_POINT('',(-6.080679978097,-0.508578717585));
#1890 = CARTESIAN_POINT('',(-6.181967939772,-0.50187145065));
#1891 = CARTESIAN_POINT('',(-6.28318530718,-0.50187145065));
#1892 = ( GEOMETRIC_REPRESENTATION_CONTEXT(2) 
PARAMETRIC_REPRESENTATION_CONTEXT() REPRESENTATION_CONTEXT('2D SPACE',''
  ) );
#1893 = FACE_BOUND('',#1894,.T.);
#1894 = EDGE_LOOP('',(#1895,#2048));
#1895 = ORIENTED_EDGE('',*,*,#1896,.T.);
#1896 = EDGE_CURVE('',#1897,#1899,#1901,.T.);
#1897 = VERTEX_POINT('',#1898);
#1898 = CARTESIAN_POINT('',(-37.57565933487,37.575659334873,
    4.11778910592));
#1899 = VERTEX_POINT('',#1900);
#1900 = CARTESIAN_POINT('',(-30.49006940302,31.755473768394,
    8.005368996723));
#1901 = SURFACE_CURVE('',#1902,(#1947,#1995),.PCURVE_S1.);
#1902 = B_SPLINE_CURVE_WITH_KNOTS('',8,(#1903,#1904,#1905,#1906,#1907,
    #1908,#1909,#1910,#1911,#1912,#1913,#1914,#1915,#1916,#1917,#1918,
    #1919,#1920,#1921,#1922,#1923,#1924,#1925,#1926,#1927,#1928,#1929,
    #1930,#1931,#1932,#1933,#1934,#1935,#1936,#1937,#1938,#1939,#1940,
    #1941,#1942,#1943,#1944,#1945,#1946),.UNSPECIFIED.,.F.,.F.,(9,7,7,7,
    7,7,9),(0.,0.276731412622,0.415903207057,0.551499983338,
    0.680380326115,0.805587177018,1.),.UNSPECIFIED.);
#1903 = CARTESIAN_POINT('',(-37.57565933487,37.575659334873,
    4.11778910592));
#1904 = CARTESIAN_POINT('',(-37.21267509303,37.93864357671,4.11778910592
    ));
#1905 = CARTESIAN_POINT('',(-36.80825899309,38.26081006913,
    4.134907777222));
#1906 = CARTESIAN_POINT('',(-36.36880955376,38.5355196577,4.169195108295
    ));
#1907 = CARTESIAN_POINT('',(-35.90155427611,38.758232708387,
    4.220508216805));
#1908 = CARTESIAN_POINT('',(-35.41412680135,38.925696772846,
    4.288771137542));
#1909 = CARTESIAN_POINT('',(-34.91454362165,39.035950658656,
    4.373853464382));
#1910 = CARTESIAN_POINT('',(-34.4110873329,39.088128889315,
    4.475513338798));
#1911 = CARTESIAN_POINT('',(-33.66154521044,39.080185615915,
    4.65215156619));
#1912 = CARTESIAN_POINT('',(-33.41182522732,39.062992801451,
    4.715296908918));
#1913 = CARTESIAN_POINT('',(-33.16424550033,39.031322115595,
    4.782407851816));
#1914 = CARTESIAN_POINT('',(-32.91983650763,38.985308260718,
    4.853395997126));
#1915 = CARTESIAN_POINT('',(-32.67961468302,38.925157570512,
    4.928152075837));
#1916 = CARTESIAN_POINT('',(-32.44458062176,38.85114672877,
    5.006539880823));
#1917 = CARTESIAN_POINT('',(-32.21571563942,38.763626356311,
    5.088388704288));
#1918 = CARTESIAN_POINT('',(-31.77793371505,38.565016689227,
    5.256393936067));
#1919 = CARTESIAN_POINT('',(-31.56863446469,38.454581153418,
    5.34239369447));
#1920 = CARTESIAN_POINT('',(-31.36697931308,38.332125217794,
    5.431281305845));
#1921 = CARTESIAN_POINT('',(-31.17381586347,38.198117436477,
    5.522825144336));
#1922 = CARTESIAN_POINT('',(-30.98994051971,38.053086459181,
    5.616759472014));
#1923 = CARTESIAN_POINT('',(-30.81609656199,37.897619598559,
    5.712779951534));
#1924 = CARTESIAN_POINT('',(-30.65296872014,37.732366064268,
    5.810539406558));
#1925 = CARTESIAN_POINT('',(-30.35689851376,37.392358210298,
    6.003839373559));
#1926 = CARTESIAN_POINT('',(-30.22284473224,37.218461009835,
    6.099260725777));
#1927 = CARTESIAN_POINT('',(-30.09954602252,37.036966735458,
    6.195570552025));
#1928 = CARTESIAN_POINT('',(-29.98745486964,36.848516005137,
    6.292410437663));
#1929 = CARTESIAN_POINT('',(-29.88695057293,36.653771071506,
    6.389399858823));
#1930 = CARTESIAN_POINT('',(-29.7983435048,36.453412987459,
    6.486136627185));
#1931 = CARTESIAN_POINT('',(-29.72187617669,36.248141447566,
    6.58219880866));
#1932 = CARTESIAN_POINT('',(-29.59539466711,35.835183544571,
    6.769391071816));
#1933 = CARTESIAN_POINT('',(-29.5446840168,35.627717655199,
    6.860590543337));
#1934 = CARTESIAN_POINT('',(-29.50574663282,35.416927600749,
    6.950349873481));
#1935 = CARTESIAN_POINT('',(-29.47867565961,35.203458614063,
    7.038266593455));
#1936 = CARTESIAN_POINT('',(-29.46350765187,34.987952938461,
    7.123934264757));
#1937 = CARTESIAN_POINT('',(-29.4602278694,34.771050475322,
    7.206945608123));
#1938 = CARTESIAN_POINT('',(-29.46877312943,34.553390338003,
    7.286896919384));
#1939 = CARTESIAN_POINT('',(-29.52048917134,33.997463713446,
    7.482172968508));
#1940 = CARTESIAN_POINT('',(-29.5801940094,33.658968613568,
    7.592645871234));
#1941 = CARTESIAN_POINT('',(-29.66774459879,33.322567265607,
    7.693316210484));
#1942 = CARTESIAN_POINT('',(-29.78244853271,32.990657517408,7.7827635375
    ));
#1943 = CARTESIAN_POINT('',(-29.92335897707,32.665615076403,
    7.859686148996));
#1944 = CARTESIAN_POINT('',(-30.08928981183,32.349815385947,
    7.922958627251));
#1945 = CARTESIAN_POINT('',(-30.27879153553,32.045643053173,
    7.971702559069));
#1946 = CARTESIAN_POINT('',(-30.49006940302,31.755473768394,
    8.005368996723));
#1947 = PCURVE('',#316,#1948);
#1948 = DEFINITIONAL_REPRESENTATION('',(#1949),#1994);
#1949 = B_SPLINE_CURVE_WITH_KNOTS('',8,(#1950,#1951,#1952,#1953,#1954,
    #1955,#1956,#1957,#1958,#1959,#1960,#1961,#1962,#1963,#1964,#1965,
    #1966,#1967,#1968,#1969,#1970,#1971,#1972,#1973,#1974,#1975,#1976,
    #1977,#1978,#1979,#1980,#1981,#1982,#1983,#1984,#1985,#1986,#1987,
    #1988,#1989,#1990,#1991,#1992,#1993),.UNSPECIFIED.,.F.,.F.,(9,7,7,7,
    7,7,9),(0.,0.276731412622,0.415903207057,0.551499983338,
    0.680380326115,0.805587177018,1.),.UNSPECIFIED.);
#1950 = CARTESIAN_POINT('',(-3.926990816987,4.397144551186));
#1951 = CARTESIAN_POINT('',(-3.936650906744,4.397144551186));
#1952 = CARTESIAN_POINT('',(-3.946319167307,4.396167192467));
#1953 = CARTESIAN_POINT('',(-3.955861662494,4.39420961757));
#1954 = CARTESIAN_POINT('',(-3.965161607892,4.39129640675));
#1955 = CARTESIAN_POINT('',(-3.974107330084,4.387464859601));
#1956 = CARTESIAN_POINT('',(-3.982588839852,4.382766787212));
#1957 = CARTESIAN_POINT('',(-3.990493084697,4.377266678464));
#1958 = CARTESIAN_POINT('',(-4.001333301023,4.367925935695));
#1959 = CARTESIAN_POINT('',(-4.004787286272,4.364618199484));
#1960 = CARTESIAN_POINT('',(-4.008053819908,4.361138552812));
#1961 = CARTESIAN_POINT('',(-4.0111191319,4.357497956558));
#1962 = CARTESIAN_POINT('',(-4.013969583594,4.35370818568));
#1963 = CARTESIAN_POINT('',(-4.016591670737,4.349781915887));
#1964 = CARTESIAN_POINT('',(-4.018972152805,4.345732868219));
#1965 = CARTESIAN_POINT('',(-4.023169848184,4.33752593537));
#1966 = CARTESIAN_POINT('',(-4.025000161995,4.333373126527));
#1967 = CARTESIAN_POINT('',(-4.026577280027,4.329131642848));
#1968 = CARTESIAN_POINT('',(-4.027890073505,4.324816172056));
#1969 = CARTESIAN_POINT('',(-4.028928243116,4.320442091484));
#1970 = CARTESIAN_POINT('',(-4.029682472044,4.31602553457));
#1971 = CARTESIAN_POINT('',(-4.03014474383,4.311583464096));
#1972 = CARTESIAN_POINT('',(-4.030464778952,4.30290444518));
#1973 = CARTESIAN_POINT('',(-4.030351369167,4.298667751446));
#1974 = CARTESIAN_POINT('',(-4.029963145346,4.294438992109));
#1975 = CARTESIAN_POINT('',(-4.029296133089,4.290233467901));
#1976 = CARTESIAN_POINT('',(-4.02834783781,4.286066503505));
#1977 = CARTESIAN_POINT('',(-4.027117336577,4.281953457865));
#1978 = CARTESIAN_POINT('',(-4.025605457949,4.277909700459));
#1979 = CARTESIAN_POINT('',(-4.022075673883,4.270104254669));
#1980 = CARTESIAN_POINT('',(-4.020073289862,4.266337526145));
#1981 = CARTESIAN_POINT('',(-4.017810339991,4.262664209784));
#1982 = CARTESIAN_POINT('',(-4.015290792277,4.259097753003));
#1983 = CARTESIAN_POINT('',(-4.012520162778,4.255651234706));
#1984 = CARTESIAN_POINT('',(-4.009505559996,4.252337352266));
#1985 = CARTESIAN_POINT('',(-4.006255751383,4.249168369647));
#1986 = CARTESIAN_POINT('',(-3.997386281638,4.241478661879));
#1987 = CARTESIAN_POINT('',(-3.991448566893,4.237178073047));
#1988 = CARTESIAN_POINT('',(-3.985007769094,4.23329901396));
#1989 = CARTESIAN_POINT('',(-3.978113177491,4.229882286391));
#1990 = CARTESIAN_POINT('',(-3.970823806524,4.226964315772));
#1991 = CARTESIAN_POINT('',(-3.963208238241,4.224576279688));
#1992 = CARTESIAN_POINT('',(-3.955344123242,4.222742578722));
#1993 = CARTESIAN_POINT('',(-3.947317253595,4.221478439205));
#1994 = ( GEOMETRIC_REPRESENTATION_CONTEXT(2) 
PARAMETRIC_REPRESENTATION_CONTEXT() REPRESENTATION_CONTEXT('2D SPACE',''
  ) );
#1995 = PCURVE('',#1996,#2001);
#1996 = CYLINDRICAL_SURFACE('',#1997,5.);
#1997 = AXIS2_PLACEMENT_3D('',#1998,#1999,#2000);
#1998 = CARTESIAN_POINT('',(-34.45797510138,34.45797510138,
    6.528590838421));
#1999 = DIRECTION('',(-0.275575361028,0.275575361028,0.920932375796));
#2000 = DIRECTION('',(-0.651197527939,0.651197527939,-0.389722413022));
#2001 = DEFINITIONAL_REPRESENTATION('',(#2002),#2047);
#2002 = B_SPLINE_CURVE_WITH_KNOTS('',8,(#2003,#2004,#2005,#2006,#2007,
    #2008,#2009,#2010,#2011,#2012,#2013,#2014,#2015,#2016,#2017,#2018,
    #2019,#2020,#2021,#2022,#2023,#2024,#2025,#2026,#2027,#2028,#2029,
    #2030,#2031,#2032,#2033,#2034,#2035,#2036,#2037,#2038,#2039,#2040,
    #2041,#2042,#2043,#2044,#2045,#2046),.UNSPECIFIED.,.F.,.F.,(9,7,7,7,
    7,7,9),(0.,0.276731412622,0.415903207057,0.551499983338,
    0.680380326115,0.805587177018,1.),.UNSPECIFIED.);
#2003 = CARTESIAN_POINT('',(0.,-0.50187145065));
#2004 = CARTESIAN_POINT('',(-0.102667447547,-0.50187145065));
#2005 = CARTESIAN_POINT('',(-0.20542162011,-0.508772277305));
#2006 = CARTESIAN_POINT('',(-0.308068725355,-0.522594207889));
#2007 = CARTESIAN_POINT('',(-0.410601507765,-0.542728117443));
#2008 = CARTESIAN_POINT('',(-0.513042472054,-0.568036615978));
#2009 = CARTESIAN_POINT('',(-0.615431720084,-0.596971107306));
#2010 = CARTESIAN_POINT('',(-0.717804361834,-0.627710351418));
#2011 = CARTESIAN_POINT('',(-0.871551541549,-0.673782800448));
#2012 = CARTESIAN_POINT('',(-0.923001302557,-0.689184800508));
#2013 = CARTESIAN_POINT('',(-0.974456475376,-0.704334693759));
#2014 = CARTESIAN_POINT('',(-1.025922032341,-0.718992793517));
#2015 = CARTESIAN_POINT('',(-1.077403405339,-0.732922764559));
#2016 = CARTESIAN_POINT('',(-1.128905113423,-0.745898057796));
#2017 = CARTESIAN_POINT('',(-1.180429162096,-0.757708834722));
#2018 = CARTESIAN_POINT('',(-1.282193212733,-0.778361220043));
#2019 = CARTESIAN_POINT('',(-1.332437006604,-0.787272287352));
#2020 = CARTESIAN_POINT('',(-1.382699420525,-0.794729838106));
#2021 = CARTESIAN_POINT('',(-1.432977505514,-0.800584483515));
#2022 = CARTESIAN_POINT('',(-1.483269041144,-0.804715798127));
#2023 = CARTESIAN_POINT('',(-1.533570818365,-0.807037377455));
#2024 = CARTESIAN_POINT('',(-1.583876702949,-0.807501346567));
#2025 = CARTESIAN_POINT('',(-1.68198283711,-0.80477258984));
#2026 = CARTESIAN_POINT('',(-1.729789195729,-0.801759680279));
#2027 = CARTESIAN_POINT('',(-1.777585143271,-0.797058279809));
#2028 = CARTESIAN_POINT('',(-1.825365364695,-0.790697231825));
#2029 = CARTESIAN_POINT('',(-1.873126968201,-0.782739947015));
#2030 = CARTESIAN_POINT('',(-1.920867991725,-0.773283601236));
#2031 = CARTESIAN_POINT('',(-1.96858608978,-0.76245711849));
#2032 = CARTESIAN_POINT('',(-2.062609360379,-0.738721913726));
#2033 = CARTESIAN_POINT('',(-2.108919451049,-0.725880460876));
#2034 = CARTESIAN_POINT('',(-2.15520682664,-0.712036916722));
#2035 = CARTESIAN_POINT('',(-2.201473624227,-0.697358449216));
#2036 = CARTESIAN_POINT('',(-2.247723878735,-0.682032300721));
#2037 = CARTESIAN_POINT('',(-2.293962599471,-0.666261268881));
#2038 = CARTESIAN_POINT('',(-2.340195008416,-0.650258425661));
#2039 = CARTESIAN_POINT('',(-2.458210238935,-0.60937040315));
#2040 = CARTESIAN_POINT('',(-2.530004486424,-0.584460057436));
#2041 = CARTESIAN_POINT('',(-2.601817854753,-0.560326620373));
#2042 = CARTESIAN_POINT('',(-2.673668578027,-0.537808251683));
#2043 = CARTESIAN_POINT('',(-2.745574322055,-0.517709969776));
#2044 = CARTESIAN_POINT('',(-2.817547799866,-0.500740460071));
#2045 = CARTESIAN_POINT('',(-2.889589356486,-0.48745098963));
#2046 = CARTESIAN_POINT('',(-2.961668246264,-0.478187008018));
#2047 = ( GEOMETRIC_REPRESENTATION_CONTEXT(2) 
PARAMETRIC_REPRESENTATION_CONTEXT() REPRESENTATION_CONTEXT('2D SPACE',''
  ) );
#2048 = ORIENTED_EDGE('',*,*,#2049,.T.);
#2049 = EDGE_CURVE('',#1899,#1897,#2050,.T.);
#2050 = SURFACE_CURVE('',#2051,(#2096,#2144),.PCURVE_S1.);
#2051 = B_SPLINE_CURVE_WITH_KNOTS('',8,(#2052,#2053,#2054,#2055,#2056,
    #2057,#2058,#2059,#2060,#2061,#2062,#2063,#2064,#2065,#2066,#2067,
    #2068,#2069,#2070,#2071,#2072,#2073,#2074,#2075,#2076,#2077,#2078,
    #2079,#2080,#2081,#2082,#2083,#2084,#2085,#2086,#2087,#2088,#2089,
    #2090,#2091,#2092,#2093,#2094,#2095),.UNSPECIFIED.,.F.,.F.,(9,7,7,7,
    7,7,9),(0.,0.278749002748,0.392567698726,0.51058634651,0.62650758971
    ,0.754158614113,1.),.UNSPECIFIED.);
#2052 = CARTESIAN_POINT('',(-30.49006940302,31.755473768394,
    8.005368996723));
#2053 = CARTESIAN_POINT('',(-30.82979290135,31.288897095211,
    8.059502825845));
#2054 = CARTESIAN_POINT('',(-31.22635218532,30.857792607834,
    8.074738593989));
#2055 = CARTESIAN_POINT('',(-31.67171201448,30.473430302307,
    8.048446401788));
#2056 = CARTESIAN_POINT('',(-32.15649326149,30.14407219375,
    7.981014912439));
#2057 = CARTESIAN_POINT('',(-32.67121711564,29.876731693322,
    7.875089418111));
#2058 = CARTESIAN_POINT('',(-33.20603825091,29.676841863477,
    7.735286081926));
#2059 = CARTESIAN_POINT('',(-33.7507724859,29.548465222392,
    7.567319159758));
#2060 = CARTESIAN_POINT('',(-34.51627332284,29.470432375711,
    7.300472544221));
#2061 = CARTESIAN_POINT('',(-34.73819060597,29.459956369013,
    7.219459163069));
#2062 = CARTESIAN_POINT('',(-34.95940247798,29.46175228378,
    7.135216442463));
#2063 = CARTESIAN_POINT('',(-35.1792328337,29.475892040212,
    7.048171134639));
#2064 = CARTESIAN_POINT('',(-35.39700474504,29.502395593538,
    6.958754239622));
#2065 = CARTESIAN_POINT('',(-35.6120387122,29.541227879652,
    6.867396094054));
#2066 = CARTESIAN_POINT('',(-35.82365191122,29.592293033345,
    6.774522899745));
#2067 = CARTESIAN_POINT('',(-36.24632203239,29.720888350223,
    6.583119022689));
#2068 = CARTESIAN_POINT('',(-36.45708814839,29.799330940946,
    6.484497950585));
#2069 = CARTESIAN_POINT('',(-36.66267590901,29.890568637772,
    6.385166243129));
#2070 = CARTESIAN_POINT('',(-36.8623283262,29.994338591712,
    6.285580454572));
#2071 = CARTESIAN_POINT('',(-37.05530929949,30.110302697493,
    6.186175049877));
#2072 = CARTESIAN_POINT('',(-37.24090377222,30.238046453338,
    6.087360239434));
#2073 = CARTESIAN_POINT('',(-37.4184210454,30.377074101378,
    5.989521524526));
#2074 = CARTESIAN_POINT('',(-37.75298192409,30.673865095403,
    5.798235372086));
#2075 = CARTESIAN_POINT('',(-37.91035226313,30.831268366006,
    5.704729944127));
#2076 = CARTESIAN_POINT('',(-38.05868525632,30.998460120392,
    5.612847440584));
#2077 = CARTESIAN_POINT('',(-38.19741243619,31.174834302469,
    5.522891318374));
#2078 = CARTESIAN_POINT('',(-38.32601766957,31.359735600469,
    5.435128987113));
#2079 = CARTESIAN_POINT('',(-38.4440345771,31.552463786529,
    5.349795262205));
#2080 = CARTESIAN_POINT('',(-38.55104758066,31.752275335535,
    5.267096004345));
#2081 = CARTESIAN_POINT('',(-38.75202406014,32.185344762454,
    5.099244618046));
#2082 = CARTESIAN_POINT('',(-38.84358128421,32.419962609252,
    5.014682736033));
#2083 = CARTESIAN_POINT('',(-38.92088886087,32.661198734735,
    4.933763778591));
#2084 = CARTESIAN_POINT('',(-38.98356000804,32.907988105473,
    4.856675858701));
#2085 = CARTESIAN_POINT('',(-39.03129059959,33.159243772769,
    4.783568188448));
#2086 = CARTESIAN_POINT('',(-39.06385496415,33.413860897365,
    4.714559787692));
#2087 = CARTESIAN_POINT('',(-39.08110743481,33.670718809535,
    4.649746436102));
#2088 = CARTESIAN_POINT('',(-39.08661458226,34.425487208772,
    4.472611606195));
#2089 = CARTESIAN_POINT('',(-39.03323352972,34.926794414639,
    4.37177030259));
#2090 = CARTESIAN_POINT('',(-38.92226376765,35.424087963386,
    4.287378621952));
#2091 = CARTESIAN_POINT('',(-38.75458544768,35.909182626053,
    4.219673017939));
#2092 = CARTESIAN_POINT('',(-38.53215736037,36.374168879439,
    4.168779471211));
#2093 = CARTESIAN_POINT('',(-38.25820191347,36.811521376526,
    4.134771611432));
#2094 = CARTESIAN_POINT('',(-37.93719703933,37.214121630413,
    4.11778910592));
#2095 = CARTESIAN_POINT('',(-37.57565933487,37.575659334873,
    4.11778910592));
#2096 = PCURVE('',#316,#2097);
#2097 = DEFINITIONAL_REPRESENTATION('',(#2098),#2143);
#2098 = B_SPLINE_CURVE_WITH_KNOTS('',8,(#2099,#2100,#2101,#2102,#2103,
    #2104,#2105,#2106,#2107,#2108,#2109,#2110,#2111,#2112,#2113,#2114,
    #2115,#2116,#2117,#2118,#2119,#2120,#2121,#2122,#2123,#2124,#2125,
    #2126,#2127,#2128,#2129,#2130,#2131,#2132,#2133,#2134,#2135,#2136,
    #2137,#2138,#2139,#2140,#2141,#2142),.UNSPECIFIED.,.F.,.F.,(9,7,7,7,
    7,7,9),(0.,0.278749002748,0.392567698726,0.51058634651,0.62650758971
    ,0.754158614113,1.),.UNSPECIFIED.);
#2099 = CARTESIAN_POINT('',(-3.947317253595,4.221478439205));
#2100 = CARTESIAN_POINT('',(-3.934410476991,4.219445770548));
#2101 = CARTESIAN_POINT('',(-3.921062626051,4.218882515835));
#2102 = CARTESIAN_POINT('',(-3.907661355038,4.219865067749));
#2103 = CARTESIAN_POINT('',(-3.894588465463,4.222377301913));
#2104 = CARTESIAN_POINT('',(-3.882199650238,4.226348312808));
#2105 = CARTESIAN_POINT('',(-3.870797846706,4.231653585454));
#2106 = CARTESIAN_POINT('',(-3.860626898266,4.238134460109));
#2107 = CARTESIAN_POINT('',(-3.848283903481,4.248630663189));
#2108 = CARTESIAN_POINT('',(-3.844937040548,4.251838263588));
#2109 = CARTESIAN_POINT('',(-3.841833307137,4.255197903766));
#2110 = CARTESIAN_POINT('',(-3.83898215368,4.258696653664));
#2111 = CARTESIAN_POINT('',(-3.836391238553,4.262321110519));
#2112 = CARTESIAN_POINT('',(-3.834066500989,4.266057457429));
#2113 = CARTESIAN_POINT('',(-3.832012209945,4.269891478335));
#2114 = CARTESIAN_POINT('',(-3.828384040157,4.277870121128));
#2115 = CARTESIAN_POINT('',(-3.826830531561,4.282021320553));
#2116 = CARTESIAN_POINT('',(-3.825573599146,4.286245543926));
#2117 = CARTESIAN_POINT('',(-3.824614124919,4.290526158342));
#2118 = CARTESIAN_POINT('',(-3.823951047019,4.294846547929));
#2119 = CARTESIAN_POINT('',(-3.823581566475,4.29919014084));
#2120 = CARTESIAN_POINT('',(-3.823501250543,4.303540397038));
#2121 = CARTESIAN_POINT('',(-3.82390321093,4.312143980739));
#2122 = CARTESIAN_POINT('',(-3.824375537249,4.316398144456));
#2123 = CARTESIAN_POINT('',(-3.825115365137,4.320627589191));
#2124 = CARTESIAN_POINT('',(-3.82611557485,4.32481742083));
#2125 = CARTESIAN_POINT('',(-3.827367956366,4.328953444856));
#2126 = CARTESIAN_POINT('',(-3.828863464337,4.333022106568));
#2127 = CARTESIAN_POINT('',(-3.830592344981,4.337010436685));
#2128 = CARTESIAN_POINT('',(-3.834693421605,4.345195750544));
#2129 = CARTESIAN_POINT('',(-3.837113216469,4.349373416213));
#2130 = CARTESIAN_POINT('',(-3.839789751352,4.353422600984));
#2131 = CARTESIAN_POINT('',(-3.842708653634,4.357328313298));
#2132 = CARTESIAN_POINT('',(-3.845855248555,4.361076733611));
#2133 = CARTESIAN_POINT('',(-3.849214711764,4.364655047666));
#2134 = CARTESIAN_POINT('',(-3.852772072103,4.368051347842));
#2135 = CARTESIAN_POINT('',(-3.863714865734,4.377423707654));
#2136 = CARTESIAN_POINT('',(-3.871600929508,4.382881825827));
#2137 = CARTESIAN_POINT('',(-3.880057244278,4.387543029663));
#2138 = CARTESIAN_POINT('',(-3.888971988443,4.391343830218));
#2139 = CARTESIAN_POINT('',(-3.898236496573,4.394233347818));
#2140 = CARTESIAN_POINT('',(-3.907740582932,4.396174966565));
#2141 = CARTESIAN_POINT('',(-3.917369223891,4.397144551186));
#2142 = CARTESIAN_POINT('',(-3.926990816987,4.397144551186));
#2143 = ( GEOMETRIC_REPRESENTATION_CONTEXT(2) 
PARAMETRIC_REPRESENTATION_CONTEXT() REPRESENTATION_CONTEXT('2D SPACE',''
  ) );
#2144 = PCURVE('',#1996,#2145);
#2145 = DEFINITIONAL_REPRESENTATION('',(#2146),#2191);
#2146 = B_SPLINE_CURVE_WITH_KNOTS('',8,(#2147,#2148,#2149,#2150,#2151,
    #2152,#2153,#2154,#2155,#2156,#2157,#2158,#2159,#2160,#2161,#2162,
    #2163,#2164,#2165,#2166,#2167,#2168,#2169,#2170,#2171,#2172,#2173,
    #2174,#2175,#2176,#2177,#2178,#2179,#2180,#2181,#2182,#2183,#2184,
    #2185,#2186,#2187,#2188,#2189,#2190),.UNSPECIFIED.,.F.,.F.,(9,7,7,7,
    7,7,9),(0.,0.278749002748,0.392567698726,0.51058634651,0.62650758971
    ,0.754158614113,1.),.UNSPECIFIED.);
#2147 = CARTESIAN_POINT('',(-2.961668246264,-0.478187008018));
#2148 = CARTESIAN_POINT('',(-3.077567241655,-0.463291021613));
#2149 = CARTESIAN_POINT('',(-3.193744350479,-0.458779716358));
#2150 = CARTESIAN_POINT('',(-3.309776749318,-0.466183632792));
#2151 = CARTESIAN_POINT('',(-3.425649430198,-0.485452686989));
#2152 = CARTESIAN_POINT('',(-3.541379818189,-0.514830147124));
#2153 = CARTESIAN_POINT('',(-3.65702009447,-0.551280750248));
#2154 = CARTESIAN_POINT('',(-3.772613120603,-0.591229032678));
#2155 = CARTESIAN_POINT('',(-3.935108444535,-0.647527480686));
#2156 = CARTESIAN_POINT('',(-3.982222052375,-0.663867320172));
#2157 = CARTESIAN_POINT('',(-4.029341488017,-0.679993717651));
#2158 = CARTESIAN_POINT('',(-4.076472346375,-0.695680161663));
#2159 = CARTESIAN_POINT('',(-4.123620032677,-0.71071077586));
#2160 = CARTESIAN_POINT('',(-4.170788929661,-0.724886165508));
#2161 = CARTESIAN_POINT('',(-4.217981388648,-0.738028415106));
#2162 = CARTESIAN_POINT('',(-4.314153956886,-0.762383270227));
#2163 = CARTESIAN_POINT('',(-4.363139798348,-0.773507814698));
#2164 = CARTESIAN_POINT('',(-4.41214974485,-0.783187817438));
#2165 = CARTESIAN_POINT('',(-4.461181238674,-0.791283864821));
#2166 = CARTESIAN_POINT('',(-4.510232192995,-0.797691868629));
#2167 = CARTESIAN_POINT('',(-4.559299492251,-0.802345331312));
#2168 = CARTESIAN_POINT('',(-4.608377288286,-0.80521619053));
#2169 = CARTESIAN_POINT('',(-4.705660694939,-0.807392781095));
#2170 = CARTESIAN_POINT('',(-4.753871775717,-0.806761105895));
#2171 = CARTESIAN_POINT('',(-4.802078813584,-0.804427831952));
#2172 = CARTESIAN_POINT('',(-4.850276450993,-0.800437165716));
#2173 = CARTESIAN_POINT('',(-4.898461753694,-0.794865662379));
#2174 = CARTESIAN_POINT('',(-4.946632643704,-0.787818561042));
#2175 = CARTESIAN_POINT('',(-4.994786505391,-0.779425698212));
#2176 = CARTESIAN_POINT('',(-5.095921827365,-0.759278044614));
#2177 = CARTESIAN_POINT('',(-5.148903693168,-0.747268006603));
#2178 = CARTESIAN_POINT('',(-5.201861659643,-0.734006098606));
#2179 = CARTESIAN_POINT('',(-5.254797797737,-0.71971916587));
#2180 = CARTESIAN_POINT('',(-5.307717036713,-0.704653140101));
#2181 = CARTESIAN_POINT('',(-5.360625318675,-0.689065068005));
#2182 = CARTESIAN_POINT('',(-5.413528022699,-0.673215714156));
#2183 = CARTESIAN_POINT('',(-5.568309279559,-0.62683170564));
#2184 = CARTESIAN_POINT('',(-5.670265051803,-0.59626231553));
#2185 = CARTESIAN_POINT('',(-5.772236977025,-0.56752002949));
#2186 = CARTESIAN_POINT('',(-5.874258611604,-0.542400189013));
#2187 = CARTESIAN_POINT('',(-5.976369641495,-0.522426649729));
#2188 = CARTESIAN_POINT('',(-6.078593911988,-0.508717387735));
#2189 = CARTESIAN_POINT('',(-6.180927002188,-0.50187145065));
#2190 = CARTESIAN_POINT('',(-6.28318530718,-0.50187145065));
#2191 = ( GEOMETRIC_REPRESENTATION_CONTEXT(2) 
PARAMETRIC_REPRESENTATION_CONTEXT() REPRESENTATION_CONTEXT('2D SPACE',''
  ) );
#2192 = FACE_BOUND('',#2193,.T.);
#2193 = EDGE_LOOP('',(#2194,#2347));
#2194 = ORIENTED_EDGE('',*,*,#2195,.T.);
#2195 = EDGE_CURVE('',#2196,#2198,#2200,.T.);
#2196 = VERTEX_POINT('',#2197);
#2197 = CARTESIAN_POINT('',(-1.206384202514E-14,53.140007046489,
    4.11778910592));
#2198 = VERTEX_POINT('',#2199);
#2199 = CARTESIAN_POINT('',(-1.193380977407,44.06944858557,
    7.972135280472));
#2200 = SURFACE_CURVE('',#2201,(#2246,#2294),.PCURVE_S1.);
#2201 = B_SPLINE_CURVE_WITH_KNOTS('',8,(#2202,#2203,#2204,#2205,#2206,
    #2207,#2208,#2209,#2210,#2211,#2212,#2213,#2214,#2215,#2216,#2217,
    #2218,#2219,#2220,#2221,#2222,#2223,#2224,#2225,#2226,#2227,#2228,
    #2229,#2230,#2231,#2232,#2233,#2234,#2235,#2236,#2237,#2238,#2239,
    #2240,#2241,#2242,#2243,#2244,#2245),.UNSPECIFIED.,.F.,.F.,(9,7,7,7,
    7,7,9),(0.,0.238813132354,0.366338633642,0.480687416132,
    0.596954221904,0.706887600756,1.),.UNSPECIFIED.);
#2202 = CARTESIAN_POINT('',(-6.661338147751E-15,53.140007046489,
    4.11778910592));
#2203 = CARTESIAN_POINT('',(0.505692586112,53.140007046489,4.11778910592
    ));
#2204 = CARTESIAN_POINT('',(1.011794529042,53.083567153086,
    4.134401696078));
#2205 = CARTESIAN_POINT('',(1.509518676088,52.970529170353,
    4.167673365426));
#2206 = CARTESIAN_POINT('',(1.990900819005,52.802669670725,
    4.217473405307));
#2207 = CARTESIAN_POINT('',(2.448556377342,52.582910173378,
    4.283729101764));
#2208 = CARTESIAN_POINT('',(2.875702539633,52.315295068959,
    4.366317918693));
#2209 = CARTESIAN_POINT('',(3.266106601919,52.004791800781,
    4.465013133643));
#2210 = CARTESIAN_POINT('',(3.800230527527,51.47216348821,4.640111661259
    ));
#2211 = CARTESIAN_POINT('',(3.974205635413,51.27620333797,4.705496524364
    ));
#2212 = CARTESIAN_POINT('',(4.135413155021,51.070578802006,
    4.775233237733));
#2213 = CARTESIAN_POINT('',(4.283121372628,50.85622807425,4.849223163763
    ));
#2214 = CARTESIAN_POINT('',(4.416670871419,50.634138256473,
    4.927343231708));
#2215 = CARTESIAN_POINT('',(4.535474797402,50.405342508098,
    5.009438417591));
#2216 = CARTESIAN_POINT('',(4.639025130823,50.170920178088,
    5.095312270053));
#2217 = CARTESIAN_POINT('',(4.805704510823,49.717766369789,
    5.264881004788));
#2218 = CARTESIAN_POINT('',(4.871911575354,49.499897575003,
    5.347891253243));
#2219 = CARTESIAN_POINT('',(4.925218255575,49.279216004082,
    5.433563594168));
#2220 = CARTESIAN_POINT('',(4.965388545272,49.056552183883,
    5.521689858967));
#2221 = CARTESIAN_POINT('',(4.992254130845,48.832742107185,
    5.612032428873));
#2222 = CARTESIAN_POINT('',(5.005714797584,48.608625301198,
    5.704320509303));
#2223 = CARTESIAN_POINT('',(5.005743444509,48.385043555993,
    5.798246593537));
#2224 = CARTESIAN_POINT('',(4.97882408345,47.936909955348,5.99027674719)
  );
#2225 = CARTESIAN_POINT('',(4.951421987028,47.712378349615,
    6.088435796058));
#2226 = CARTESIAN_POINT('',(4.910242708355,47.490134535327,
    6.187574654488));
#2227 = CARTESIAN_POINT('',(4.855425926454,47.271025245414,
    6.287303981408));
#2228 = CARTESIAN_POINT('',(4.787186899169,47.055856444316,
    6.387209418637));
#2229 = CARTESIAN_POINT('',(4.705810603182,46.845394449128,
    6.486852057186));
#2230 = CARTESIAN_POINT('',(4.61165082442,46.640366633689,6.58577065373)
  );
#2231 = CARTESIAN_POINT('',(4.404419876469,46.253391788216,6.77587769342
    ));
#2232 = CARTESIAN_POINT('',(4.292650252076,46.070780953395,
    6.867201032428));
#2233 = CARTESIAN_POINT('',(4.170176517118,45.894200846664,
    6.957055861641));
#2234 = CARTESIAN_POINT('',(4.037393607895,45.724175299476,
    7.045036682385));
#2235 = CARTESIAN_POINT('',(3.894734535824,45.561185701131,
    7.130734135978));
#2236 = CARTESIAN_POINT('',(3.742667107315,45.405675252853,
    7.213738193865));
#2237 = CARTESIAN_POINT('',(3.581693033237,45.258052114039,7.29364265179
    ));
#2238 = CARTESIAN_POINT('',(2.960833146432,44.747117840739,
    7.573776251549));
#2239 = CARTESIAN_POINT('',(2.448740221871,44.433395779863,7.75313346097
    ));
#2240 = CARTESIAN_POINT('',(1.887031141507,44.186174964263,
    7.899820673948));
#2241 = CARTESIAN_POINT('',(1.288255018102,44.010579105316,
    8.006865593361));
#2242 = CARTESIAN_POINT('',(0.665825604602,43.910248810705,
    8.068751392867));
#2243 = CARTESIAN_POINT('',(3.422566084175E-02,43.886940035532,
    8.08274204346));
#2244 = CARTESIAN_POINT('',(-0.591109556564,43.941285556209,
    8.049103998098));
#2245 = CARTESIAN_POINT('',(-1.193380977407,44.06944858557,
    7.972135280472));
#2246 = PCURVE('',#316,#2247);
#2247 = DEFINITIONAL_REPRESENTATION('',(#2248),#2293);
#2248 = B_SPLINE_CURVE_WITH_KNOTS('',8,(#2249,#2250,#2251,#2252,#2253,
    #2254,#2255,#2256,#2257,#2258,#2259,#2260,#2261,#2262,#2263,#2264,
    #2265,#2266,#2267,#2268,#2269,#2270,#2271,#2272,#2273,#2274,#2275,
    #2276,#2277,#2278,#2279,#2280,#2281,#2282,#2283,#2284,#2285,#2286,
    #2287,#2288,#2289,#2290,#2291,#2292),.UNSPECIFIED.,.F.,.F.,(9,7,7,7,
    7,7,9),(0.,0.238813132354,0.366338633642,0.480687416132,
    0.596954221904,0.706887600756,1.),.UNSPECIFIED.);
#2249 = CARTESIAN_POINT('',(-4.712388980385,4.397144551186));
#2250 = CARTESIAN_POINT('',(-4.721905211455,4.397144551186));
#2251 = CARTESIAN_POINT('',(-4.731429145274,4.396196086159));
#2252 = CARTESIAN_POINT('',(-4.740833230853,4.3942964992));
#2253 = CARTESIAN_POINT('',(-4.750005631731,4.391468716219));
#2254 = CARTESIAN_POINT('',(-4.75883931105,4.387747930972));
#2255 = CARTESIAN_POINT('',(-4.767228864144,4.383183077398));
#2256 = CARTESIAN_POINT('',(-4.775066084106,4.377835213372));
#2257 = CARTESIAN_POINT('',(-4.786073308709,4.368556690143));
#2258 = CARTESIAN_POINT('',(-4.789717964037,4.36512556722));
#2259 = CARTESIAN_POINT('',(-4.793159481408,4.361504763284));
#2260 = CARTESIAN_POINT('',(-4.796382091962,4.357706726162));
#2261 = CARTESIAN_POINT('',(-4.799370179258,4.353744869828));
#2262 = CARTESIAN_POINT('',(-4.80210827765,4.349633679855));
#2263 = CARTESIAN_POINT('',(-4.804581235349,4.345388894581));
#2264 = CARTESIAN_POINT('',(-4.808741223053,4.337117248453));
#2265 = CARTESIAN_POINT('',(-4.810483232634,4.333112845647));
#2266 = CARTESIAN_POINT('',(-4.811989954254,4.329027141656));
#2267 = CARTESIAN_POINT('',(-4.813251492267,4.32487327061));
#2268 = CARTESIAN_POINT('',(-4.814258669875,4.32066496275));
#2269 = CARTESIAN_POINT('',(-4.815003158451,4.316416600073));
#2270 = CARTESIAN_POINT('',(-4.815477738358,4.312143277562));
#2271 = CARTESIAN_POINT('',(-4.815878981263,4.303506631692));
#2272 = CARTESIAN_POINT('',(-4.815796344073,4.299142492073));
#2273 = CARTESIAN_POINT('',(-4.815422659903,4.294785170322));
#2274 = CARTESIAN_POINT('',(-4.814753463808,4.29045136488));
#2275 = CARTESIAN_POINT('',(-4.813785945662,4.286157806089));
#2276 = CARTESIAN_POINT('',(-4.812519055381,4.281921268613));
#2277 = CARTESIAN_POINT('',(-4.810953713396,4.277758543656));
#2278 = CARTESIAN_POINT('',(-4.807333891499,4.269836022618));
#2279 = CARTESIAN_POINT('',(-4.80531056074,4.266066324491));
#2280 = CARTESIAN_POINT('',(-4.803025660562,4.262391201413));
#2281 = CARTESIAN_POINT('',(-4.800483257851,4.258824178561));
#2282 = CARTESIAN_POINT('',(-4.7976889829,4.255378407265));
#2283 = CARTESIAN_POINT('',(-4.794650074383,4.252066651342));
#2284 = CARTESIAN_POINT('',(-4.791375446312,4.248901233963));
#2285 = CARTESIAN_POINT('',(-4.778544703171,4.237875691802));
#2286 = CARTESIAN_POINT('',(-4.767591533615,4.230962441814));
#2287 = CARTESIAN_POINT('',(-4.755231703672,4.225409728444));
#2288 = CARTESIAN_POINT('',(-4.741771010763,4.221409451371));
#2289 = CARTESIAN_POINT('',(-4.727591458776,4.2191095595));
#2290 = CARTESIAN_POINT('',(-4.713141423742,4.218582883438));
#2291 = CARTESIAN_POINT('',(-4.698893750044,4.219830923228));
#2292 = CARTESIAN_POINT('',(-4.685316043441,4.222727790781));
#2293 = ( GEOMETRIC_REPRESENTATION_CONTEXT(2) 
PARAMETRIC_REPRESENTATION_CONTEXT() REPRESENTATION_CONTEXT('2D SPACE',''
  ) );
#2294 = PCURVE('',#2295,#2300);
#2295 = CYLINDRICAL_SURFACE('',#2296,5.);
#2296 = AXIS2_PLACEMENT_3D('',#2297,#2298,#2299);
#2297 = CARTESIAN_POINT('',(-1.251533750701E-14,48.730935720285,
    6.528590838421));
#2298 = DIRECTION('',(-3.052236250147E-16,0.389722413022,0.920932375796)
  );
#2299 = DIRECTION('',(5.966249168145E-17,0.920932375796,-0.389722413022)
  );
#2300 = DEFINITIONAL_REPRESENTATION('',(#2301),#2346);
#2301 = B_SPLINE_CURVE_WITH_KNOTS('',8,(#2302,#2303,#2304,#2305,#2306,
    #2307,#2308,#2309,#2310,#2311,#2312,#2313,#2314,#2315,#2316,#2317,
    #2318,#2319,#2320,#2321,#2322,#2323,#2324,#2325,#2326,#2327,#2328,
    #2329,#2330,#2331,#2332,#2333,#2334,#2335,#2336,#2337,#2338,#2339,
    #2340,#2341,#2342,#2343,#2344,#2345),.UNSPECIFIED.,.F.,.F.,(9,7,7,7,
    7,7,9),(0.,0.238813132354,0.366338633642,0.480687416132,
    0.596954221904,0.706887600756,1.),.UNSPECIFIED.);
#2302 = CARTESIAN_POINT('',(0.,-0.50187145065));
#2303 = CARTESIAN_POINT('',(-0.101138517222,-0.50187145065));
#2304 = CARTESIAN_POINT('',(-0.202358812553,-0.508568269976));
#2305 = CARTESIAN_POINT('',(-0.303480684547,-0.521980747871));
#2306 = CARTESIAN_POINT('',(-0.404495262457,-0.541536888072));
#2307 = CARTESIAN_POINT('',(-0.50542192863,-0.566165073714));
#2308 = CARTESIAN_POINT('',(-0.606297249551,-0.59440196258));
#2309 = CARTESIAN_POINT('',(-0.707152079262,-0.624520426723));
#2310 = CARTESIAN_POINT('',(-0.861747672292,-0.670843714906));
#2311 = CARTESIAN_POINT('',(-0.915565118325,-0.686998740194));
#2312 = CARTESIAN_POINT('',(-0.969387638031,-0.702912433403));
#2313 = CARTESIAN_POINT('',(-1.023220942101,-0.718309997893));
#2314 = CARTESIAN_POINT('',(-1.07707140299,-0.732920077814));
#2315 = CARTESIAN_POINT('',(-1.130944344883,-0.746482794384));
#2316 = CARTESIAN_POINT('',(-1.184842043314,-0.758758419535));
#2317 = CARTESIAN_POINT('',(-1.287109542561,-0.779201277436));
#2318 = CARTESIAN_POINT('',(-1.335479294269,-0.787662804537));
#2319 = CARTESIAN_POINT('',(-1.383866253454,-0.794768926398));
#2320 = CARTESIAN_POINT('',(-1.432267783379,-0.800387677286));
#2321 = CARTESIAN_POINT('',(-1.480681800377,-0.804412082897));
#2322 = CARTESIAN_POINT('',(-1.529105349719,-0.806764344157));
#2323 = CARTESIAN_POINT('',(-1.577533003627,-0.807399589503));
#2324 = CARTESIAN_POINT('',(-1.675189364402,-0.805200512074));
#2325 = CARTESIAN_POINT('',(-1.72442359176,-0.802307665181));
#2326 = CARTESIAN_POINT('',(-1.773647181204,-0.797620876337));
#2327 = CARTESIAN_POINT('',(-1.822854253996,-0.79116871154));
#2328 = CARTESIAN_POINT('',(-1.872041694983,-0.783018664249));
#2329 = CARTESIAN_POINT('',(-1.921207421816,-0.773276289014));
#2330 = CARTESIAN_POINT('',(-1.970348863354,-0.762082885857));
#2331 = CARTESIAN_POINT('',(-2.06589909983,-0.737819928697));
#2332 = CARTESIAN_POINT('',(-2.112314585497,-0.724884844329));
#2333 = CARTESIAN_POINT('',(-2.158707338865,-0.710951848272));
#2334 = CARTESIAN_POINT('',(-2.205079586407,-0.696190228526));
#2335 = CARTESIAN_POINT('',(-2.251435454767,-0.680789368552));
#2336 = CARTESIAN_POINT('',(-2.297780040608,-0.664954151475));
#2337 = CARTESIAN_POINT('',(-2.344118642016,-0.648899595078));
#2338 = CARTESIAN_POINT('',(-2.514004601496,-0.590038031398));
#2339 = CARTESIAN_POINT('',(-2.637839433096,-0.547126688993));
#2340 = CARTESIAN_POINT('',(-2.761708039998,-0.50838517825));
#2341 = CARTESIAN_POINT('',(-2.885671125452,-0.478237688165));
#2342 = CARTESIAN_POINT('',(-3.00979268205,-0.460346016313));
#2343 = CARTESIAN_POINT('',(-3.134089307771,-0.456545525329));
#2344 = CARTESIAN_POINT('',(-3.258555960983,-0.466344222906));
#2345 = CARTESIAN_POINT('',(-3.382595073623,-0.487279201828));
#2346 = ( GEOMETRIC_REPRESENTATION_CONTEXT(2) 
PARAMETRIC_REPRESENTATION_CONTEXT() REPRESENTATION_CONTEXT('2D SPACE',''
  ) );
#2347 = ORIENTED_EDGE('',*,*,#2348,.T.);
#2348 = EDGE_CURVE('',#2198,#2196,#2349,.T.);
#2349 = SURFACE_CURVE('',#2350,(#2395,#2443),.PCURVE_S1.);
#2350 = B_SPLINE_CURVE_WITH_KNOTS('',8,(#2351,#2352,#2353,#2354,#2355,
    #2356,#2357,#2358,#2359,#2360,#2361,#2362,#2363,#2364,#2365,#2366,
    #2367,#2368,#2369,#2370,#2371,#2372,#2373,#2374,#2375,#2376,#2377,
    #2378,#2379,#2380,#2381,#2382,#2383,#2384,#2385,#2386,#2387,#2388,
    #2389,#2390,#2391,#2392,#2393,#2394),.UNSPECIFIED.,.F.,.F.,(9,7,7,7,
    7,7,9),(0.,0.178779203374,0.30276680642,0.441123076586,
    0.573928266491,0.72051643118,1.),.UNSPECIFIED.);
#2351 = CARTESIAN_POINT('',(-1.193380977407,44.06944858557,
    7.972135280472));
#2352 = CARTESIAN_POINT('',(-1.508439317321,44.136492828201,
    7.931871645903));
#2353 = CARTESIAN_POINT('',(-1.817557337132,44.223816311531,
    7.879703345591));
#2354 = CARTESIAN_POINT('',(-2.118657317012,44.331024562296,
    7.816152862575));
#2355 = CARTESIAN_POINT('',(-2.409814499617,44.457577678265,
    7.741938423921));
#2356 = CARTESIAN_POINT('',(-2.689232305059,44.602815975501,
    7.657925103591));
#2357 = CARTESIAN_POINT('',(-2.95522791435,44.765967289229,
    7.565083640529));
#2358 = CARTESIAN_POINT('',(-3.206228221293,44.946135928291,
    7.464456971952));
#2359 = CARTESIAN_POINT('',(-3.603440687018,45.278299174605,
    7.28270379836));
#2360 = CARTESIAN_POINT('',(-3.75820542519,45.422016900787,
    7.205046490051));
#2361 = CARTESIAN_POINT('',(-3.904587041047,45.573083395519,
    7.124522770663));
#2362 = CARTESIAN_POINT('',(-4.04213316099,45.731126498036,
    7.041500869275));
#2363 = CARTESIAN_POINT('',(-4.170421209895,45.895743161766,
    6.956352181532));
#2364 = CARTESIAN_POINT('',(-4.289059224244,46.066496753561,
    6.869447491527));
#2365 = CARTESIAN_POINT('',(-4.397688632642,46.242913443424,
    6.781154264357));
#2366 = CARTESIAN_POINT('',(-4.605681201666,46.627083030812,
    6.592164730406));
#2367 = CARTESIAN_POINT('',(-4.702521460847,46.836116231871,
    6.491207920406));
#2368 = CARTESIAN_POINT('',(-4.78605178681,47.050846658048,6.38947595373
    ));
#2369 = CARTESIAN_POINT('',(-4.855893448438,47.270501706444,
    6.287460438049));
#2370 = CARTESIAN_POINT('',(-4.911742341176,47.494266446829,
    6.185628770743));
#2371 = CARTESIAN_POINT('',(-4.953369956718,47.721282838036,
    6.084421658915));
#2372 = CARTESIAN_POINT('',(-4.980629959147,47.950648515011,
    5.984252602963));
#2373 = CARTESIAN_POINT('',(-5.005795597673,48.402923042735,
    5.790727825846));
#2374 = CARTESIAN_POINT('',(-5.004836570669,48.625748096226,
    5.697248687288));
#2375 = CARTESIAN_POINT('',(-4.990542282382,48.849055161572,
    5.605414090627));
#2376 = CARTESIAN_POINT('',(-4.962943147649,49.072011102518,
    5.515526647675));
#2377 = CARTESIAN_POINT('',(-4.922141544985,49.293785375398,
    5.427852766308));
#2378 = CARTESIAN_POINT('',(-4.868306866076,49.513551266947,
    5.342626167061));
#2379 = CARTESIAN_POINT('',(-4.801675070036,49.730487786564,
    5.260051569497));
#2380 = CARTESIAN_POINT('',(-4.635218830257,50.179213061273,
    5.092289524936));
#2381 = CARTESIAN_POINT('',(-4.532658907473,50.410228862936,
    5.00771199808));
#2382 = CARTESIAN_POINT('',(-4.415275564185,50.635748372446,
    4.926813589775));
#2383 = CARTESIAN_POINT('',(-4.28355730514,50.854736962257,
    4.849782166094));
#2384 = CARTESIAN_POINT('',(-4.138067193207,51.066203751908,
    4.776766474494));
#2385 = CARTESIAN_POINT('',(-3.979437023118,51.269201484582,
    4.707884980147));
#2386 = CARTESIAN_POINT('',(-3.808367025448,51.462829151131,
    4.643232901277));
#2387 = CARTESIAN_POINT('',(-3.27722856461,51.995921671524,
    4.467833380723));
#2388 = CARTESIAN_POINT('',(-2.886142249324,52.3087354229,4.368342820955
    ));
#2389 = CARTESIAN_POINT('',(-2.457896722042,52.578408180559,
    4.285086803952));
#2390 = CARTESIAN_POINT('',(-1.998790605779,52.799902231783,
    4.21829463645));
#2391 = CARTESIAN_POINT('',(-1.515676288358,52.969117768288,
    4.16808879272));
#2392 = CARTESIAN_POINT('',(-1.016006908228,53.083090884198,4.1345418828
    ));
#2393 = CARTESIAN_POINT('',(-0.50782163421,53.140007046489,4.11778910592
    ));
#2394 = CARTESIAN_POINT('',(-6.217248937901E-15,53.140007046489,
    4.11778910592));
#2395 = PCURVE('',#316,#2396);
#2396 = DEFINITIONAL_REPRESENTATION('',(#2397),#2442);
#2397 = B_SPLINE_CURVE_WITH_KNOTS('',8,(#2398,#2399,#2400,#2401,#2402,
    #2403,#2404,#2405,#2406,#2407,#2408,#2409,#2410,#2411,#2412,#2413,
    #2414,#2415,#2416,#2417,#2418,#2419,#2420,#2421,#2422,#2423,#2424,
    #2425,#2426,#2427,#2428,#2429,#2430,#2431,#2432,#2433,#2434,#2435,
    #2436,#2437,#2438,#2439,#2440,#2441),.UNSPECIFIED.,.F.,.F.,(9,7,7,7,
    7,7,9),(0.,0.178779203374,0.30276680642,0.441123076586,
    0.573928266491,0.72051643118,1.),.UNSPECIFIED.);
#2398 = CARTESIAN_POINT('',(-4.685316043441,4.222727790781));
#2399 = CARTESIAN_POINT('',(-4.678213316075,4.224243191066));
#2400 = CARTESIAN_POINT('',(-4.671285554814,4.226211574968));
#2401 = CARTESIAN_POINT('',(-4.664592494178,4.228618417286));
#2402 = CARTESIAN_POINT('',(-4.658188054604,4.231443780035));
#2403 = CARTESIAN_POINT('',(-4.652119971478,4.234663566471));
#2404 = CARTESIAN_POINT('',(-4.646429592478,4.238250422103));
#2405 = CARTESIAN_POINT('',(-4.64115184321,4.242174282725));
#2406 = CARTESIAN_POINT('',(-4.632961146529,4.249334986224));
#2407 = CARTESIAN_POINT('',(-4.629818893132,4.252414066045));
#2408 = CARTESIAN_POINT('',(-4.62689810929,4.255629076243));
#2409 = CARTESIAN_POINT('',(-4.624206762452,4.258968823219));
#2410 = CARTESIAN_POINT('',(-4.621751353839,4.262421728867));
#2411 = CARTESIAN_POINT('',(-4.619536974849,4.265975874578));
#2412 = CARTESIAN_POINT('',(-4.617567345216,4.269619012849));
#2413 = CARTESIAN_POINT('',(-4.613922702245,4.277489129157));
#2414 = CARTESIAN_POINT('',(-4.612308110559,4.281735210754));
#2415 = CARTESIAN_POINT('',(-4.611004596904,4.2860589823));
#2416 = CARTESIAN_POINT('',(-4.610013203536,4.290442575805));
#2417 = CARTESIAN_POINT('',(-4.609332829169,4.294868140182));
#2418 = CARTESIAN_POINT('',(-4.608960463174,4.299317872483));
#2419 = CARTESIAN_POINT('',(-4.608891300731,4.30377400442));
#2420 = CARTESIAN_POINT('',(-4.609337051978,4.312485153705));
#2421 = CARTESIAN_POINT('',(-4.609828668991,4.31674157513));
#2422 = CARTESIAN_POINT('',(-4.610587858281,4.320972327418));
#2423 = CARTESIAN_POINT('',(-4.611607420072,4.325162503263));
#2424 = CARTESIAN_POINT('',(-4.612879070625,4.329297902173));
#2425 = CARTESIAN_POINT('',(-4.61439369772,4.333364969418));
#2426 = CARTESIAN_POINT('',(-4.616141487497,4.337350740879));
#2427 = CARTESIAN_POINT('',(-4.620286856338,4.345538777155));
#2428 = CARTESIAN_POINT('',(-4.62273325532,4.34972098575));
#2429 = CARTESIAN_POINT('',(-4.625437182351,4.353772917856));
#2430 = CARTESIAN_POINT('',(-4.6283841008,4.357679494874));
#2431 = CARTESIAN_POINT('',(-4.631559177644,4.361426822579));
#2432 = CARTESIAN_POINT('',(-4.63494743483,4.365002022169));
#2433 = CARTESIAN_POINT('',(-4.638533749027,4.36839313108));
#2434 = CARTESIAN_POINT('',(-4.649488544593,4.37768242644));
#2435 = CARTESIAN_POINT('',(-4.657344006333,4.383071176615));
#2436 = CARTESIAN_POINT('',(-4.665758326255,4.387671700096));
#2437 = CARTESIAN_POINT('',(-4.674621967173,4.391422092116));
#2438 = CARTESIAN_POINT('',(-4.683828374599,4.394272780904));
#2439 = CARTESIAN_POINT('',(-4.693269546235,4.396188082498));
#2440 = CARTESIAN_POINT('',(-4.702832684433,4.397144551186));
#2441 = CARTESIAN_POINT('',(-4.712388980385,4.397144551186));
#2442 = ( GEOMETRIC_REPRESENTATION_CONTEXT(2) 
PARAMETRIC_REPRESENTATION_CONTEXT() REPRESENTATION_CONTEXT('2D SPACE',''
  ) );
#2443 = PCURVE('',#2295,#2444);
#2444 = DEFINITIONAL_REPRESENTATION('',(#2445),#2490);
#2445 = B_SPLINE_CURVE_WITH_KNOTS('',8,(#2446,#2447,#2448,#2449,#2450,
    #2451,#2452,#2453,#2454,#2455,#2456,#2457,#2458,#2459,#2460,#2461,
    #2462,#2463,#2464,#2465,#2466,#2467,#2468,#2469,#2470,#2471,#2472,
    #2473,#2474,#2475,#2476,#2477,#2478,#2479,#2480,#2481,#2482,#2483,
    #2484,#2485,#2486,#2487,#2488,#2489),.UNSPECIFIED.,.F.,.F.,(9,7,7,7,
    7,7,9),(0.,0.178779203374,0.30276680642,0.441123076586,
    0.573928266491,0.72051643118,1.),.UNSPECIFIED.);
#2446 = CARTESIAN_POINT('',(-3.382595073623,-0.487279201828));
#2447 = CARTESIAN_POINT('',(-3.447482025851,-0.498230642453));
#2448 = CARTESIAN_POINT('',(-3.512328082473,-0.512242200563));
#2449 = CARTESIAN_POINT('',(-3.577119534409,-0.528986439685));
#2450 = CARTESIAN_POINT('',(-3.641858544383,-0.548012333263));
#2451 = CARTESIAN_POINT('',(-3.706556154246,-0.568780300291));
#2452 = CARTESIAN_POINT('',(-3.771226676401,-0.590697285767));
#2453 = CARTESIAN_POINT('',(-3.835883469319,-0.613151885962));
#2454 = CARTESIAN_POINT('',(-3.945374222635,-0.651082806056));
#2455 = CARTESIAN_POINT('',(-3.990213978975,-0.666589916453));
#2456 = CARTESIAN_POINT('',(-4.03505983112,-0.681872817803));
#2457 = CARTESIAN_POINT('',(-4.079916549014,-0.696737435417));
#2458 = CARTESIAN_POINT('',(-4.124788688164,-0.710998815304));
#2459 = CARTESIAN_POINT('',(-4.169679935062,-0.724485656111));
#2460 = CARTESIAN_POINT('',(-4.21459231748,-0.737044209504));
#2461 = CARTESIAN_POINT('',(-4.309665429909,-0.7613712914));
#2462 = CARTESIAN_POINT('',(-4.359835651533,-0.772880762768));
#2463 = CARTESIAN_POINT('',(-4.410031221902,-0.782883764694));
#2464 = CARTESIAN_POINT('',(-4.460249434022,-0.791228660425));
#2465 = CARTESIAN_POINT('',(-4.510488140398,-0.797802605156));
#2466 = CARTESIAN_POINT('',(-4.560744066984,-0.802534135323));
#2467 = CARTESIAN_POINT('',(-4.611010897179,-0.805394116907));
#2468 = CARTESIAN_POINT('',(-4.709526591123,-0.80735582938));
#2469 = CARTESIAN_POINT('',(-4.757781204885,-0.80660387701));
#2470 = CARTESIAN_POINT('',(-4.806031440266,-0.804149561942));
#2471 = CARTESIAN_POINT('',(-4.854271962357,-0.800038891031));
#2472 = CARTESIAN_POINT('',(-4.902499879532,-0.794350202121));
#2473 = CARTESIAN_POINT('',(-4.950713171308,-0.787190443092));
#2474 = CARTESIAN_POINT('',(-4.998909292755,-0.778691039509));
#2475 = CARTESIAN_POINT('',(-5.100258348709,-0.758310240931));
#2476 = CARTESIAN_POINT('',(-5.153411576404,-0.746168388008));
#2477 = CARTESIAN_POINT('',(-5.206540832935,-0.732780343936));
#2478 = CARTESIAN_POINT('',(-5.259648317822,-0.718376314312));
#2479 = CARTESIAN_POINT('',(-5.312739099784,-0.703205481111));
#2480 = CARTESIAN_POINT('',(-5.365819249961,-0.687527913133));
#2481 = CARTESIAN_POINT('',(-5.418894244305,-0.671607064291));
#2482 = CARTESIAN_POINT('',(-5.573156845811,-0.625380058057));
#2483 = CARTESIAN_POINT('',(-5.674420496401,-0.595093605621));
#2484 = CARTESIAN_POINT('',(-5.775701890277,-0.566669249318));
#2485 = CARTESIAN_POINT('',(-5.877033342728,-0.541859122706));
#2486 = CARTESIAN_POINT('',(-5.978453023881,-0.522148222444));
#2487 = CARTESIAN_POINT('',(-6.079984047204,-0.508624780145));
#2488 = CARTESIAN_POINT('',(-6.181620980338,-0.50187145065));
#2489 = CARTESIAN_POINT('',(-6.28318530718,-0.50187145065));
#2490 = ( GEOMETRIC_REPRESENTATION_CONTEXT(2) 
PARAMETRIC_REPRESENTATION_CONTEXT() REPRESENTATION_CONTEXT('2D SPACE',''
  ) );
#2491 = FACE_BOUND('',#2492,.T.);
#2492 = EDGE_LOOP('',(#2493,#2667));
#2493 = ORIENTED_EDGE('',*,*,#2494,.T.);
#2494 = EDGE_CURVE('',#2495,#2497,#2499,.T.);
#2495 = VERTEX_POINT('',#2496);
#2496 = CARTESIAN_POINT('',(37.575659334873,37.575659334873,
    4.11778910592));
#2497 = VERTEX_POINT('',#2498);
#2498 = CARTESIAN_POINT('',(29.90675423328,32.761959151138,
    7.827156292599));
#2499 = SURFACE_CURVE('',#2500,(#2552,#2607),.PCURVE_S1.);
#2500 = B_SPLINE_CURVE_WITH_KNOTS('',8,(#2501,#2502,#2503,#2504,#2505,
    #2506,#2507,#2508,#2509,#2510,#2511,#2512,#2513,#2514,#2515,#2516,
    #2517,#2518,#2519,#2520,#2521,#2522,#2523,#2524,#2525,#2526,#2527,
    #2528,#2529,#2530,#2531,#2532,#2533,#2534,#2535,#2536,#2537,#2538,
    #2539,#2540,#2541,#2542,#2543,#2544,#2545,#2546,#2547,#2548,#2549,
    #2550,#2551),.UNSPECIFIED.,.F.,.F.,(9,7,7,7,7,7,7,9),(0.,
    0.229435341711,0.345600383842,0.458598421053,0.568847886752,
    0.673723196376,0.786761513911,1.),.UNSPECIFIED.);
#2501 = CARTESIAN_POINT('',(37.575659334873,37.575659334873,
    4.11778910592));
#2502 = CARTESIAN_POINT('',(37.937021075527,37.214297594219,
    4.11778910592));
#2503 = CARTESIAN_POINT('',(38.25792437695,36.811878335111,
    4.134755081957));
#2504 = CARTESIAN_POINT('',(38.531827816116,36.374709379282,
    4.168735561516));
#2505 = CARTESIAN_POINT('',(38.75424342883,35.909912105554,
    4.219591588052));
#2506 = CARTESIAN_POINT('',(38.92194611677,35.4250149393,4.28724848093)
  );
#2507 = CARTESIAN_POINT('',(39.032981024309,34.927924783649,
    4.371578554946));
#2508 = CARTESIAN_POINT('',(39.086473079419,34.426817027929,
    4.472344069916));
#2509 = CARTESIAN_POINT('',(39.08124213968,33.67873532674,4.64784260086)
  );
#2510 = CARTESIAN_POINT('',(39.064880376798,33.42833164717,
    4.710891768598));
#2511 = CARTESIAN_POINT('',(39.033969052527,33.180025134487,
    4.777928805922));
#2512 = CARTESIAN_POINT('',(38.988640684461,32.934853608497,
    4.848865627679));
#2513 = CARTESIAN_POINT('',(38.929100092492,32.693840921244,
    4.923593264038));
#2514 = CARTESIAN_POINT('',(38.855623061865,32.457995159501,
    5.001975742665));
#2515 = CARTESIAN_POINT('',(38.768559934407,32.228305197507,
    5.083842449591));
#2516 = CARTESIAN_POINT('',(38.570860502748,31.789233912341,
    5.251794412976));
#2517 = CARTESIAN_POINT('',(38.460922213089,31.579448692941,
    5.337711809558));
#2518 = CARTESIAN_POINT('',(38.33893000689,31.377283060923,
    5.426529742789));
#2519 = CARTESIAN_POINT('',(38.205351080751,31.183587585336,
    5.518017404486));
#2520 = CARTESIAN_POINT('',(38.060712981001,30.999161837709,
    5.611909834275));
#2521 = CARTESIAN_POINT('',(37.905602189679,30.824752439703,
    5.70790339378));
#2522 = CARTESIAN_POINT('',(37.74066739545,30.661047605826,
    5.805651474751));
#2523 = CARTESIAN_POINT('',(37.396820862278,30.359995243481,
    6.001458674632));
#2524 = CARTESIAN_POINT('',(37.218326306445,30.222085606513,
    6.099464022876));
#2525 = CARTESIAN_POINT('',(37.031807763391,30.095519915575,
    6.19841159838));
#2526 = CARTESIAN_POINT('',(36.837959519701,29.980788743999,
    6.297913123883));
#2527 = CARTESIAN_POINT('',(36.637499795112,29.878301222983,
    6.397555719054));
#2528 = CARTESIAN_POINT('',(36.431167491019,29.788389930917,
    6.496902425515));
#2529 = CARTESIAN_POINT('',(36.219722059512,29.711312042212,
    6.595494470182));
#2530 = CARTESIAN_POINT('',(35.798688996082,29.586304319103,
    6.785470171103));
#2531 = CARTESIAN_POINT('',(35.589496675215,29.53713192227,
    6.876978402028));
#2532 = CARTESIAN_POINT('',(35.377028966514,29.499883040068,
    6.966975542401));
#2533 = CARTESIAN_POINT('',(35.161942229434,29.47464581569,
    7.055051528073));
#2534 = CARTESIAN_POINT('',(34.944889591385,29.461450935899,
    7.140792601273));
#2535 = CARTESIAN_POINT('',(34.726521698681,29.460277006683,
    7.223784594056));
#2536 = CARTESIAN_POINT('',(34.507488373736,29.47105340925,
    7.303617541959));
#2537 = CARTESIAN_POINT('',(34.052344365056,29.518027505235,
    7.462102534996));
#2538 = CARTESIAN_POINT('',(33.816220841,29.556139662184,7.540182681667)
  );
#2539 = CARTESIAN_POINT('',(33.580886936255,29.607849760757,
    7.613630649602));
#2540 = CARTESIAN_POINT('',(33.34715336798,29.672944934565,
    7.681961223086));
#2541 = CARTESIAN_POINT('',(33.115829198522,29.751151801953,
    7.74471298643));
#2542 = CARTESIAN_POINT('',(32.887724898961,29.842137171785,
    7.801457798661));
#2543 = CARTESIAN_POINT('',(32.663654518239,29.945504450364,
    7.851812145391));
#2544 = CARTESIAN_POINT('',(32.030899126469,30.278255455601,
    7.977770670486));
#2545 = CARTESIAN_POINT('',(31.634157087527,30.538371292944,
    8.036285145912));
#2546 = CARTESIAN_POINT('',(31.260449089364,30.837806043802,
    8.068578258282));
#2547 = CARTESIAN_POINT('',(30.915130955285,31.172347824859,
    8.073329042503));
#2548 = CARTESIAN_POINT('',(30.603064486435,31.537351238944,
    8.050252923476));
#2549 = CARTESIAN_POINT('',(30.328590921679,31.927738160265,
    8.00017594012));
#2550 = CARTESIAN_POINT('',(30.095532849631,32.338018447722,
    7.92489068861));
#2551 = CARTESIAN_POINT('',(29.90675423328,32.761959151138,
    7.827156292599));
#2552 = PCURVE('',#316,#2553);
#2553 = DEFINITIONAL_REPRESENTATION('',(#2554),#2606);
#2554 = B_SPLINE_CURVE_WITH_KNOTS('',8,(#2555,#2556,#2557,#2558,#2559,
    #2560,#2561,#2562,#2563,#2564,#2565,#2566,#2567,#2568,#2569,#2570,
    #2571,#2572,#2573,#2574,#2575,#2576,#2577,#2578,#2579,#2580,#2581,
    #2582,#2583,#2584,#2585,#2586,#2587,#2588,#2589,#2590,#2591,#2592,
    #2593,#2594,#2595,#2596,#2597,#2598,#2599,#2600,#2601,#2602,#2603,
    #2604,#2605),.UNSPECIFIED.,.F.,.F.,(9,7,7,7,7,7,7,9),(0.,
    0.229435341711,0.345600383842,0.458598421053,0.568847886752,
    0.673723196376,0.786761513911,1.),.UNSPECIFIED.);
#2555 = CARTESIAN_POINT('',(-5.497787143782,4.397144551186));
#2556 = CARTESIAN_POINT('',(-5.507404053959,4.397144551186));
#2557 = CARTESIAN_POINT('',(-5.517028935045,4.396175910314));
#2558 = CARTESIAN_POINT('',(-5.526529829685,4.394235854627));
#2559 = CARTESIAN_POINT('',(-5.535791517801,4.391348448247));
#2560 = CARTESIAN_POINT('',(-5.544703711148,4.387550328888));
#2561 = CARTESIAN_POINT('',(-5.553157806875,4.382892417364));
#2562 = CARTESIAN_POINT('',(-5.561042176731,4.377438187863));
#2563 = CARTESIAN_POINT('',(-5.571890489242,4.368151917817));
#2564 = CARTESIAN_POINT('',(-5.575363412255,4.364847121073));
#2565 = CARTESIAN_POINT('',(-5.578648742428,4.361369083929));
#2566 = CARTESIAN_POINT('',(-5.581732613134,4.357728804106));
#2567 = CARTESIAN_POINT('',(-5.584601288267,4.353938099404));
#2568 = CARTESIAN_POINT('',(-5.58724116354,4.350009694728));
#2569 = CARTESIAN_POINT('',(-5.589638895171,4.345957368006));
#2570 = CARTESIAN_POINT('',(-5.593865998764,4.337748389037));
#2571 = CARTESIAN_POINT('',(-5.595709287078,4.333597202076));
#2572 = CARTESIAN_POINT('',(-5.597299509611,4.329356646044));
#2573 = CARTESIAN_POINT('',(-5.598625491748,4.325041406646));
#2574 = CARTESIAN_POINT('',(-5.599676883232,4.320666863292));
#2575 = CARTESIAN_POINT('',(-5.600444311189,4.316249156202));
#2576 = CARTESIAN_POINT('',(-5.60091969849,4.311805260692));
#2577 = CARTESIAN_POINT('',(-5.601269489926,4.303009171968));
#2578 = CARTESIAN_POINT('',(-5.601158252323,4.29865685556));
#2579 = CARTESIAN_POINT('',(-5.600757076412,4.29431272616));
#2580 = CARTESIAN_POINT('',(-5.600061647354,4.289993364369));
#2581 = CARTESIAN_POINT('',(-5.599069295568,4.285715376385));
#2582 = CARTESIAN_POINT('',(-5.597779101244,4.281495405524));
#2583 = CARTESIAN_POINT('',(-5.596192101537,4.277350103533));
#2584 = CARTESIAN_POINT('',(-5.592522765161,4.269439635764));
#2585 = CARTESIAN_POINT('',(-5.590468199552,4.26566547921));
#2586 = CARTESIAN_POINT('',(-5.588150557041,4.261987642154));
#2587 = CARTESIAN_POINT('',(-5.585574053682,4.258419767163));
#2588 = CARTESIAN_POINT('',(-5.582744492225,4.254975114912));
#2589 = CARTESIAN_POINT('',(-5.579669307981,4.251666549505));
#2590 = CARTESIAN_POINT('',(-5.57635763648,4.248506483415));
#2591 = CARTESIAN_POINT('',(-5.569007847511,4.242273597855));
#2592 = CARTESIAN_POINT('',(-5.564933078464,4.239226569149));
#2593 = CARTESIAN_POINT('',(-5.560609740237,4.236380589792));
#2594 = CARTESIAN_POINT('',(-5.556053759131,4.233749709382));
#2595 = CARTESIAN_POINT('',(-5.551283396397,4.231347050927));
#2596 = CARTESIAN_POINT('',(-5.546319270458,4.229184650974));
#2597 = CARTESIAN_POINT('',(-5.541184348282,4.227273222197));
#2598 = CARTESIAN_POINT('',(-5.525942739026,4.222506624291));
#2599 = CARTESIAN_POINT('',(-5.515452317557,4.220313240841));
#2600 = CARTESIAN_POINT('',(-5.504616466593,4.219111346442));
#2601 = CARTESIAN_POINT('',(-5.493634362921,4.218935669935));
#2602 = CARTESIAN_POINT('',(-5.482712083768,4.219793484827));
#2603 = CARTESIAN_POINT('',(-5.472052246864,4.221662881844));
#2604 = CARTESIAN_POINT('',(-5.461844590469,4.224495877596));
#2605 = CARTESIAN_POINT('',(-5.45225833577,4.22821260785));
#2606 = ( GEOMETRIC_REPRESENTATION_CONTEXT(2) 
PARAMETRIC_REPRESENTATION_CONTEXT() REPRESENTATION_CONTEXT('2D SPACE',''
  ) );
#2607 = PCURVE('',#2608,#2613);
#2608 = CYLINDRICAL_SURFACE('',#2609,5.);
#2609 = AXIS2_PLACEMENT_3D('',#2610,#2611,#2612);
#2610 = CARTESIAN_POINT('',(34.45797510138,34.45797510138,6.528590838421
    ));
#2611 = DIRECTION('',(0.275575361028,0.275575361028,0.920932375796));
#2612 = DIRECTION('',(0.651197527939,0.651197527939,-0.389722413022));
#2613 = DEFINITIONAL_REPRESENTATION('',(#2614),#2666);
#2614 = B_SPLINE_CURVE_WITH_KNOTS('',8,(#2615,#2616,#2617,#2618,#2619,
    #2620,#2621,#2622,#2623,#2624,#2625,#2626,#2627,#2628,#2629,#2630,
    #2631,#2632,#2633,#2634,#2635,#2636,#2637,#2638,#2639,#2640,#2641,
    #2642,#2643,#2644,#2645,#2646,#2647,#2648,#2649,#2650,#2651,#2652,
    #2653,#2654,#2655,#2656,#2657,#2658,#2659,#2660,#2661,#2662,#2663,
    #2664,#2665),.UNSPECIFIED.,.F.,.F.,(9,7,7,7,7,7,7,9),(0.,
    0.229435341711,0.345600383842,0.458598421053,0.568847886752,
    0.673723196376,0.786761513911,1.),.UNSPECIFIED.);
#2615 = CARTESIAN_POINT('',(0.,-0.50187145065));
#2616 = CARTESIAN_POINT('',(-0.102208534911,-0.50187145065));
#2617 = CARTESIAN_POINT('',(-0.204501682671,-0.508710723499));
#2618 = CARTESIAN_POINT('',(-0.306690198495,-0.522408953427));
#2619 = CARTESIAN_POINT('',(-0.408767004516,-0.542368405826));
#2620 = CARTESIAN_POINT('',(-0.510753368766,-0.567471965606));
#2621 = CARTESIAN_POINT('',(-0.612688479968,-0.596196984567));
#2622 = CARTESIAN_POINT('',(-0.714605562376,-0.626750617764));
#2623 = CARTESIAN_POINT('',(-0.868012197509,-0.672722741705));
#2624 = CARTESIAN_POINT('',(-0.919577808026,-0.688172704982));
#2625 = CARTESIAN_POINT('',(-0.971148570418,-0.703381683157));
#2626 = CARTESIAN_POINT('',(-1.022729517466,-0.718108280548));
#2627 = CARTESIAN_POINT('',(-1.074326160583,-0.732114259287));
#2628 = CARTESIAN_POINT('',(-1.12594310427,-0.745171037207));
#2629 = CARTESIAN_POINT('',(-1.177582432345,-0.757066683281));
#2630 = CARTESIAN_POINT('',(-1.279492909619,-0.777872602803));
#2631 = CARTESIAN_POINT('',(-1.329767784916,-0.786856412085));
#2632 = CARTESIAN_POINT('',(-1.380061379573,-0.794391015118));
#2633 = CARTESIAN_POINT('',(-1.430370796765,-0.800325826886));
#2634 = CARTESIAN_POINT('',(-1.480693858545,-0.804539136993));
#2635 = CARTESIAN_POINT('',(-1.531027386953,-0.806943205317));
#2636 = CARTESIAN_POINT('',(-1.581365262841,-0.807488817043));
#2637 = CARTESIAN_POINT('',(-1.680803007509,-0.804881873217));
#2638 = CARTESIAN_POINT('',(-1.729909059081,-0.80181877468));
#2639 = CARTESIAN_POINT('',(-1.779004054738,-0.796973049707));
#2640 = CARTESIAN_POINT('',(-1.828082263278,-0.790375757198));
#2641 = CARTESIAN_POINT('',(-1.877140667731,-0.782096461877));
#2642 = CARTESIAN_POINT('',(-1.926177261352,-0.772242299432));
#2643 = CARTESIAN_POINT('',(-1.975189556566,-0.760955611635));
#2644 = CARTESIAN_POINT('',(-2.070769323861,-0.736476224929));
#2645 = CARTESIAN_POINT('',(-2.117343233248,-0.723402282776));
#2646 = CARTESIAN_POINT('',(-2.163894390901,-0.709336742169));
#2647 = CARTESIAN_POINT('',(-2.210425157452,-0.694452077877));
#2648 = CARTESIAN_POINT('',(-2.256939796855,-0.678940890487));
#2649 = CARTESIAN_POINT('',(-2.303443536072,-0.663011194237));
#2650 = CARTESIAN_POINT('',(-2.349941785875,-0.646880924428));
#2651 = CARTESIAN_POINT('',(-2.446556427922,-0.613408534315));
#2652 = CARTESIAN_POINT('',(-2.496674951943,-0.596069053317));
#2653 = CARTESIAN_POINT('',(-2.546801252687,-0.579030638388));
#2654 = CARTESIAN_POINT('',(-2.596942207689,-0.562575387449));
#2655 = CARTESIAN_POINT('',(-2.647104554813,-0.546980612744));
#2656 = CARTESIAN_POINT('',(-2.697293726906,-0.532509076566));
#2657 = CARTESIAN_POINT('',(-2.747512380492,-0.519398929351));
#2658 = CARTESIAN_POINT('',(-2.892544457029,-0.486073462712));
#2659 = CARTESIAN_POINT('',(-2.987536824292,-0.469836402672));
#2660 = CARTESIAN_POINT('',(-3.082569089973,-0.460564506916));
#2661 = CARTESIAN_POINT('',(-3.177601597056,-0.459159053291));
#2662 = CARTESIAN_POINT('',(-3.272617887751,-0.465822480616));
#2663 = CARTESIAN_POINT('',(-3.367604451909,-0.479997130787));
#2664 = CARTESIAN_POINT('',(-3.462528735937,-0.500491680329));
#2665 = CARTESIAN_POINT('',(-3.557245146929,-0.525693572801));
#2666 = ( GEOMETRIC_REPRESENTATION_CONTEXT(2) 
PARAMETRIC_REPRESENTATION_CONTEXT() REPRESENTATION_CONTEXT('2D SPACE',''
  ) );
#2667 = ORIENTED_EDGE('',*,*,#2668,.T.);
#2668 = EDGE_CURVE('',#2497,#2495,#2669,.T.);
#2669 = SURFACE_CURVE('',#2670,(#2715,#2763),.PCURVE_S1.);
#2670 = B_SPLINE_CURVE_WITH_KNOTS('',8,(#2671,#2672,#2673,#2674,#2675,
    #2676,#2677,#2678,#2679,#2680,#2681,#2682,#2683,#2684,#2685,#2686,
    #2687,#2688,#2689,#2690,#2691,#2692,#2693,#2694,#2695,#2696,#2697,
    #2698,#2699,#2700,#2701,#2702,#2703,#2704,#2705,#2706,#2707,#2708,
    #2709,#2710,#2711,#2712,#2713,#2714),.UNSPECIFIED.,.F.,.F.,(9,7,7,7,
    7,7,9),(0.,0.211473215431,0.307963162682,0.406022028147,
    0.547398816991,0.703633171089,1.),.UNSPECIFIED.);
#2671 = CARTESIAN_POINT('',(29.90675423328,32.761959151138,
    7.827156292599));
#2672 = CARTESIAN_POINT('',(29.76323388038,33.084263236943,
    7.752852988141));
#2673 = CARTESIAN_POINT('',(29.645176520031,33.414756037063,
    7.665506768866));
#2674 = CARTESIAN_POINT('',(29.553790349501,33.751014429278,
    7.566221545054));
#2675 = CARTESIAN_POINT('',(29.489990893801,34.0906497749,7.456307409893
    ));
#2676 = CARTESIAN_POINT('',(29.45444054073,34.431287606366,
    7.337202633457));
#2677 = CARTESIAN_POINT('',(29.44755455975,34.770548635993,7.21041309138
    ));
#2678 = CARTESIAN_POINT('',(29.469473604688,35.106031085926,
    7.077469128199));
#2679 = CARTESIAN_POINT('',(29.543057864765,35.585528939329,
    6.877130431602));
#2680 = CARTESIAN_POINT('',(29.572069992913,35.734473022644,
    6.813396279416));
#2681 = CARTESIAN_POINT('',(29.607020927695,35.881895000928,
    6.748842642737));
#2682 = CARTESIAN_POINT('',(29.647878750111,36.027564081824,
    6.683613444931));
#2683 = CARTESIAN_POINT('',(29.694596958431,36.171250362927,
    6.617850828898));
#2684 = CARTESIAN_POINT('',(29.74711364744,36.312724925816,
    6.551694697164));
#2685 = CARTESIAN_POINT('',(29.805350687685,36.451759930088,
    6.485282251962));
#2686 = CARTESIAN_POINT('',(29.934113515895,36.726714829248,
    6.351130969934));
#2687 = CARTESIAN_POINT('',(30.004825201976,36.862550433086,
    6.283386589147));
#2688 = CARTESIAN_POINT('',(30.081247461369,36.995396644022,
    6.215655882036));
#2689 = CARTESIAN_POINT('',(30.163263513679,37.125020476973,
    6.148074717862));
#2690 = CARTESIAN_POINT('',(30.250740016821,37.251195120028,
    6.080773279055));
#2691 = CARTESIAN_POINT('',(30.343526784135,37.373700217828,
    6.013875994207));
#2692 = CARTESIAN_POINT('',(30.4414565015,37.492322154932,5.947501471055
    ));
#2693 = CARTESIAN_POINT('',(30.692683576412,37.771981605903,
    5.786982884989));
#2694 = CARTESIAN_POINT('',(30.851340774831,37.928620934145,
    5.693516826216));
#2695 = CARTESIAN_POINT('',(31.019759193655,38.076145922173,
    5.601706113956));
#2696 = CARTESIAN_POINT('',(31.197325918144,38.213989386346,
    5.511852939829));
#2697 = CARTESIAN_POINT('',(31.383379082163,38.341637055107,
    5.424223213293));
#2698 = CARTESIAN_POINT('',(31.577212261914,38.458624921267,
    5.339050110076));
#2699 = CARTESIAN_POINT('',(31.778076146132,38.564540252632,
    5.256537782019));
#2700 = CARTESIAN_POINT('',(32.214043506794,38.763441990023,
    5.088819729025));
#2701 = CARTESIAN_POINT('',(32.450548581685,38.853909734446,
    5.004233913987));
#2702 = CARTESIAN_POINT('',(32.69363734312,38.929949359802,
    4.923345482962));
#2703 = CARTESIAN_POINT('',(32.942226698575,38.991175009342,
    4.846342182186));
#2704 = CARTESIAN_POINT('',(33.19521183302,39.037284988821,
    4.773372529122));
#2705 = CARTESIAN_POINT('',(33.451470245437,39.068057556932,
    4.704554713569));
#2706 = CARTESIAN_POINT('',(33.709863816127,39.08335262133,
    4.639983675152));
#2707 = CARTESIAN_POINT('',(34.461257276674,39.082676820615,
    4.465450951257));
#2708 = CARTESIAN_POINT('',(34.957195795756,39.026357118371,
    4.366633773835));
#2709 = CARTESIAN_POINT('',(35.448799369823,38.913659029999,
    4.28394387489));
#2710 = CARTESIAN_POINT('',(35.928133814514,38.745480026849,
    4.217607380221));
#2711 = CARTESIAN_POINT('',(36.387537037502,38.52376094443,
    4.167744700378));
#2712 = CARTESIAN_POINT('',(36.819723163039,38.251652904071,
    4.134427618205));
#2713 = CARTESIAN_POINT('',(37.217801900535,37.933516769212,
    4.11778910592));
#2714 = CARTESIAN_POINT('',(37.575659334873,37.575659334873,
    4.11778910592));
#2715 = PCURVE('',#316,#2716);
#2716 = DEFINITIONAL_REPRESENTATION('',(#2717),#2762);
#2717 = B_SPLINE_CURVE_WITH_KNOTS('',8,(#2718,#2719,#2720,#2721,#2722,
    #2723,#2724,#2725,#2726,#2727,#2728,#2729,#2730,#2731,#2732,#2733,
    #2734,#2735,#2736,#2737,#2738,#2739,#2740,#2741,#2742,#2743,#2744,
    #2745,#2746,#2747,#2748,#2749,#2750,#2751,#2752,#2753,#2754,#2755,
    #2756,#2757,#2758,#2759,#2760,#2761),.UNSPECIFIED.,.F.,.F.,(9,7,7,7,
    7,7,9),(0.,0.211473215431,0.307963162682,0.406022028147,
    0.547398816991,0.703633171089,1.),.UNSPECIFIED.);
#2718 = CARTESIAN_POINT('',(-5.45225833577,4.22821260785));
#2719 = CARTESIAN_POINT('',(-5.444970314043,4.231038279783));
#2720 = CARTESIAN_POINT('',(-5.438034827352,4.234377313367));
#2721 = CARTESIAN_POINT('',(-5.431520797004,4.238198776692));
#2722 = CARTESIAN_POINT('',(-5.425486708256,4.242465745071));
#2723 = CARTESIAN_POINT('',(-5.419980871987,4.247137013331));
#2724 = CARTESIAN_POINT('',(-5.415041745721,4.25216820243));
#2725 = CARTESIAN_POINT('',(-5.410698313977,4.257512260394));
#2726 = CARTESIAN_POINT('',(-5.405269632297,4.265677736006));
#2727 = CARTESIAN_POINT('',(-5.403696857365,4.268290949046));
#2728 = CARTESIAN_POINT('',(-5.40225410125,4.270954267851));
#2729 = CARTESIAN_POINT('',(-5.400942842106,4.273662893151));
#2730 = CARTESIAN_POINT('',(-5.399764150491,4.27641195787));
#2731 = CARTESIAN_POINT('',(-5.398718701684,4.27919652975));
#2732 = CARTESIAN_POINT('',(-5.397806788013,4.282011613975));
#2733 = CARTESIAN_POINT('',(-5.396237216701,4.287738884573));
#2734 = CARTESIAN_POINT('',(-5.395583917614,4.29065197091));
#2735 = CARTESIAN_POINT('',(-5.395068356261,4.293586081418));
#2736 = CARTESIAN_POINT('',(-5.394690032359,4.296535912853));
#2737 = CARTESIAN_POINT('',(-5.394448048143,4.299496192111));
#2738 = CARTESIAN_POINT('',(-5.394341133504,4.302461676214));
#2739 = CARTESIAN_POINT('',(-5.39436767114,4.30542715231));
#2740 = CARTESIAN_POINT('',(-5.394753591761,4.312655441731));
#2741 = CARTESIAN_POINT('',(-5.395254845499,4.316912993524));
#2742 = CARTESIAN_POINT('',(-5.39602370853,4.321144400768));
#2743 = CARTESIAN_POINT('',(-5.397052941022,4.325334749424));
#2744 = CARTESIAN_POINT('',(-5.398334222338,4.329469835872));
#2745 = CARTESIAN_POINT('',(-5.399858406772,4.333536105228));
#2746 = CARTESIAN_POINT('',(-5.401615650369,4.337520595807));
#2747 = CARTESIAN_POINT('',(-5.40578322402,4.345710022267));
#2748 = CARTESIAN_POINT('',(-5.408242990047,4.34989452586));
#2749 = CARTESIAN_POINT('',(-5.41096068402,4.353947846284));
#2750 = CARTESIAN_POINT('',(-5.413921686239,4.357854860697));
#2751 = CARTESIAN_POINT('',(-5.417111083492,4.361601636905));
#2752 = CARTESIAN_POINT('',(-5.420513819802,4.365175263279));
#2753 = CARTESIAN_POINT('',(-5.424114694628,4.368563749318));
#2754 = CARTESIAN_POINT('',(-5.435075298492,4.377811491377));
#2755 = CARTESIAN_POINT('',(-5.442915258158,4.38316562367));
#2756 = CARTESIAN_POINT('',(-5.451308436294,4.387735878943));
#2757 = CARTESIAN_POINT('',(-5.460146391507,4.391461116154));
#2758 = CARTESIAN_POINT('',(-5.469323614778,4.394292426179));
#2759 = CARTESIAN_POINT('',(-5.478733190934,4.39619460624));
#2760 = CARTESIAN_POINT('',(-5.488263493614,4.397144551186));
#2761 = CARTESIAN_POINT('',(-5.497787143782,4.397144551186));
#2762 = ( GEOMETRIC_REPRESENTATION_CONTEXT(2) 
PARAMETRIC_REPRESENTATION_CONTEXT() REPRESENTATION_CONTEXT('2D SPACE',''
  ) );
#2763 = PCURVE('',#2608,#2764);
#2764 = DEFINITIONAL_REPRESENTATION('',(#2765),#2810);
#2765 = B_SPLINE_CURVE_WITH_KNOTS('',8,(#2766,#2767,#2768,#2769,#2770,
    #2771,#2772,#2773,#2774,#2775,#2776,#2777,#2778,#2779,#2780,#2781,
    #2782,#2783,#2784,#2785,#2786,#2787,#2788,#2789,#2790,#2791,#2792,
    #2793,#2794,#2795,#2796,#2797,#2798,#2799,#2800,#2801,#2802,#2803,
    #2804,#2805,#2806,#2807,#2808,#2809),.UNSPECIFIED.,.F.,.F.,(9,7,7,7,
    7,7,9),(0.,0.211473215431,0.307963162682,0.406022028147,
    0.547398816991,0.703633171089,1.),.UNSPECIFIED.);
#2766 = CARTESIAN_POINT('',(-3.557245146929,-0.525693572801));
#2767 = CARTESIAN_POINT('',(-3.629254005739,-0.544853499764));
#2768 = CARTESIAN_POINT('',(-3.701207899002,-0.566751487988));
#2769 = CARTESIAN_POINT('',(-3.773108395079,-0.590705714137));
#2770 = CARTESIAN_POINT('',(-3.844972850814,-0.615915624815));
#2771 = CARTESIAN_POINT('',(-3.916826549973,-0.641528477543));
#2772 = CARTESIAN_POINT('',(-3.988695413715,-0.666698697726));
#2773 = CARTESIAN_POINT('',(-4.060599283113,-0.690640051605));
#2774 = CARTESIAN_POINT('',(-4.165373160698,-0.722722640326));
#2775 = CARTESIAN_POINT('',(-4.198210316755,-0.732377137297));
#2776 = CARTESIAN_POINT('',(-4.231057902067,-0.741569189929));
#2777 = CARTESIAN_POINT('',(-4.26391655767,-0.750238651315));
#2778 = CARTESIAN_POINT('',(-4.296786723884,-0.758330787622));
#2779 = CARTESIAN_POINT('',(-4.329668458756,-0.765796901915));
#2780 = CARTESIAN_POINT('',(-4.362561256498,-0.772594957969));
#2781 = CARTESIAN_POINT('',(-4.428901468946,-0.78488455837));
#2782 = CARTESIAN_POINT('',(-4.462349959694,-0.790353207926));
#2783 = CARTESIAN_POINT('',(-4.495807713032,-0.795059374677));
#2784 = CARTESIAN_POINT('',(-4.529273391018,-0.79897431897));
#2785 = CARTESIAN_POINT('',(-4.562745699068,-0.802077401157));
#2786 = CARTESIAN_POINT('',(-4.596223142125,-0.804356143172));
#2787 = CARTESIAN_POINT('',(-4.629703780822,-0.805806290109));
#2788 = CARTESIAN_POINT('',(-4.711456660857,-0.807333806899));
#2789 = CARTESIAN_POINT('',(-4.759733317729,-0.806521772295));
#2790 = CARTESIAN_POINT('',(-4.808005428819,-0.804007011253));
#2791 = CARTESIAN_POINT('',(-4.856267670929,-0.799836431762));
#2792 = CARTESIAN_POINT('',(-4.904517174106,-0.794089263763));
#2793 = CARTESIAN_POINT('',(-4.952751946921,-0.78687331012));
#2794 = CARTESIAN_POINT('',(-5.000969480016,-0.778320791339));
#2795 = CARTESIAN_POINT('',(-5.10242659349,-0.757823495446));
#2796 = CARTESIAN_POINT('',(-5.155666410732,-0.745615658318));
#2797 = CARTESIAN_POINT('',(-5.208882222862,-0.732164512872));
#2798 = CARTESIAN_POINT('',(-5.26207629427,-0.717701963747));
#2799 = CARTESIAN_POINT('',(-5.315253764,-0.702478835702));
#2800 = CARTESIAN_POINT('',(-5.368420768095,-0.686756723991));
#2801 = CARTESIAN_POINT('',(-5.421582830844,-0.670800439385));
#2802 = CARTESIAN_POINT('',(-5.575586047141,-0.624653985317));
#2803 = CARTESIAN_POINT('',(-5.676503022346,-0.594509809125));
#2804 = CARTESIAN_POINT('',(-5.777438591527,-0.566244598198));
#2805 = CARTESIAN_POINT('',(-5.878424043655,-0.541589250698));
#2806 = CARTESIAN_POINT('',(-5.97949692504,-0.52200951406));
#2807 = CARTESIAN_POINT('',(-6.080679978099,-0.508578717585));
#2808 = CARTESIAN_POINT('',(-6.181967939772,-0.50187145065));
#2809 = CARTESIAN_POINT('',(-6.28318530718,-0.50187145065));
#2810 = ( GEOMETRIC_REPRESENTATION_CONTEXT(2) 
PARAMETRIC_REPRESENTATION_CONTEXT() REPRESENTATION_CONTEXT('2D SPACE',''
  ) );
#2811 = ADVANCED_FACE('',(#2812),#624,.T.);
#2812 = FACE_BOUND('',#2813,.T.);
#2813 = EDGE_LOOP('',(#2814,#2841,#2860,#2861));
#2814 = ORIENTED_EDGE('',*,*,#2815,.F.);
#2815 = EDGE_CURVE('',#2816,#2816,#2818,.T.);
#2816 = VERTEX_POINT('',#2817);
#2817 = CARTESIAN_POINT('',(10.991876406968,3.216606118583E-14,
    144.86306117049));
#2818 = SURFACE_CURVE('',#2819,(#2824,#2830),.PCURVE_S1.);
#2819 = CIRCLE('',#2820,10.991876406968);
#2820 = AXIS2_PLACEMENT_3D('',#2821,#2822,#2823);
#2821 = CARTESIAN_POINT('',(0.,3.216606118583E-14,144.86306117049));
#2822 = DIRECTION('',(-0.,2.22044604925E-16,1.));
#2823 = DIRECTION('',(1.,0.,0.));
#2824 = PCURVE('',#624,#2825);
#2825 = DEFINITIONAL_REPRESENTATION('',(#2826),#2829);
#2826 = B_SPLINE_CURVE_WITH_KNOTS('',1,(#2827,#2828),.UNSPECIFIED.,.F.,
  .F.,(2,2),(0.,6.28318530718),.PIECEWISE_BEZIER_KNOTS.);
#2827 = CARTESIAN_POINT('',(6.28318530718,21.985743829948));
#2828 = CARTESIAN_POINT('',(0.,21.985743829948));
#2829 = ( GEOMETRIC_REPRESENTATION_CONTEXT(2) 
PARAMETRIC_REPRESENTATION_CONTEXT() REPRESENTATION_CONTEXT('2D SPACE',''
  ) );
#2830 = PCURVE('',#2831,#2836);
#2831 = CONICAL_SURFACE('',#2832,9.992524414698,1.534794167765);
#2832 = AXIS2_PLACEMENT_3D('',#2833,#2834,#2835);
#2833 = CARTESIAN_POINT('',(0.,3.215806882747E-14,144.82706678835));
#2834 = DIRECTION('',(0.,2.22044604925E-16,1.));
#2835 = DIRECTION('',(1.,0.,0.));
#2836 = DEFINITIONAL_REPRESENTATION('',(#2837),#2840);
#2837 = B_SPLINE_CURVE_WITH_KNOTS('',1,(#2838,#2839),.UNSPECIFIED.,.F.,
  .F.,(2,2),(0.,6.28318530718),.PIECEWISE_BEZIER_KNOTS.);
#2838 = CARTESIAN_POINT('',(0.,3.599438213493E-02));
#2839 = CARTESIAN_POINT('',(6.28318530718,3.599438213493E-02));
#2840 = ( GEOMETRIC_REPRESENTATION_CONTEXT(2) 
PARAMETRIC_REPRESENTATION_CONTEXT() REPRESENTATION_CONTEXT('2D SPACE',''
  ) );
#2841 = ORIENTED_EDGE('',*,*,#2842,.T.);
#2842 = EDGE_CURVE('',#2816,#538,#2843,.T.);
#2843 = SEAM_CURVE('',#2844,(#2848,#2854),.PCURVE_S1.);
#2844 = LINE('',#2845,#2846);
#2845 = CARTESIAN_POINT('',(10.2,3.704787698854E-14,166.84880500044));
#2846 = VECTOR('',#2847,1.);
#2847 = DIRECTION('',(3.599438213493E-02,-2.219007183047E-16,
    -0.99935199227));
#2848 = PCURVE('',#624,#2849);
#2849 = DEFINITIONAL_REPRESENTATION('',(#2850),#2853);
#2850 = B_SPLINE_CURVE_WITH_KNOTS('',1,(#2851,#2852),.UNSPECIFIED.,.F.,
  .F.,(2,2),(22.,111.12845290706),.PIECEWISE_BEZIER_KNOTS.);
#2851 = CARTESIAN_POINT('',(0.,21.985743829948));
#2852 = CARTESIAN_POINT('',(0.,111.05644081059));
#2853 = ( GEOMETRIC_REPRESENTATION_CONTEXT(2) 
PARAMETRIC_REPRESENTATION_CONTEXT() REPRESENTATION_CONTEXT('2D SPACE',''
  ) );
#2854 = PCURVE('',#624,#2855);
#2855 = DEFINITIONAL_REPRESENTATION('',(#2856),#2859);
#2856 = B_SPLINE_CURVE_WITH_KNOTS('',1,(#2857,#2858),.UNSPECIFIED.,.F.,
  .F.,(2,2),(22.,111.12845290706),.PIECEWISE_BEZIER_KNOTS.);
#2857 = CARTESIAN_POINT('',(6.28318530718,21.985743829948));
#2858 = CARTESIAN_POINT('',(6.28318530718,111.05644081059));
#2859 = ( GEOMETRIC_REPRESENTATION_CONTEXT(2) 
PARAMETRIC_REPRESENTATION_CONTEXT() REPRESENTATION_CONTEXT('2D SPACE',''
  ) );
#2860 = ORIENTED_EDGE('',*,*,#610,.F.);
#2861 = ORIENTED_EDGE('',*,*,#2842,.F.);
#2862 = ADVANCED_FACE('',(#2863),#596,.T.);
#2863 = FACE_BOUND('',#2864,.T.);
#2864 = EDGE_LOOP('',(#2865,#2866,#2887,#2912));
#2865 = ORIENTED_EDGE('',*,*,#582,.T.);
#2866 = ORIENTED_EDGE('',*,*,#2867,.T.);
#2867 = EDGE_CURVE('',#561,#2868,#2870,.T.);
#2868 = VERTEX_POINT('',#2869);
#2869 = CARTESIAN_POINT('',(57.,6.661338147751E-16,3.));
#2870 = SEAM_CURVE('',#2871,(#2875,#2881),.PCURVE_S1.);
#2871 = LINE('',#2872,#2873);
#2872 = CARTESIAN_POINT('',(56.034074173711,7.23603187392E-16,
    3.258819045103));
#2873 = VECTOR('',#2874,1.);
#2874 = DIRECTION('',(0.965925826289,-5.746937261686E-17,-0.258819045103
    ));
#2875 = PCURVE('',#596,#2876);
#2876 = DEFINITIONAL_REPRESENTATION('',(#2877),#2880);
#2877 = B_SPLINE_CURVE_WITH_KNOTS('',1,(#2878,#2879),.UNSPECIFIED.,.F.,
  .F.,(2,2),(0.,1.),.PIECEWISE_BEZIER_KNOTS.);
#2878 = CARTESIAN_POINT('',(0.,0.));
#2879 = CARTESIAN_POINT('',(0.,0.258819045103));
#2880 = ( GEOMETRIC_REPRESENTATION_CONTEXT(2) 
PARAMETRIC_REPRESENTATION_CONTEXT() REPRESENTATION_CONTEXT('2D SPACE',''
  ) );
#2881 = PCURVE('',#596,#2882);
#2882 = DEFINITIONAL_REPRESENTATION('',(#2883),#2886);
#2883 = B_SPLINE_CURVE_WITH_KNOTS('',1,(#2884,#2885),.UNSPECIFIED.,.F.,
  .F.,(2,2),(0.,1.),.PIECEWISE_BEZIER_KNOTS.);
#2884 = CARTESIAN_POINT('',(6.28318530718,0.));
#2885 = CARTESIAN_POINT('',(6.28318530718,0.258819045103));
#2886 = ( GEOMETRIC_REPRESENTATION_CONTEXT(2) 
PARAMETRIC_REPRESENTATION_CONTEXT() REPRESENTATION_CONTEXT('2D SPACE',''
  ) );
#2887 = ORIENTED_EDGE('',*,*,#2888,.F.);
#2888 = EDGE_CURVE('',#2868,#2868,#2889,.T.);
#2889 = SURFACE_CURVE('',#2890,(#2895,#2901),.PCURVE_S1.);
#2890 = CIRCLE('',#2891,57.);
#2891 = AXIS2_PLACEMENT_3D('',#2892,#2893,#2894);
#2892 = CARTESIAN_POINT('',(0.,6.661338147751E-16,3.));
#2893 = DIRECTION('',(0.,-2.22044604925E-16,-1.));
#2894 = DIRECTION('',(1.,0.,0.));
#2895 = PCURVE('',#596,#2896);
#2896 = DEFINITIONAL_REPRESENTATION('',(#2897),#2900);
#2897 = B_SPLINE_CURVE_WITH_KNOTS('',1,(#2898,#2899),.UNSPECIFIED.,.F.,
  .F.,(2,2),(0.,6.28318530718),.PIECEWISE_BEZIER_KNOTS.);
#2898 = CARTESIAN_POINT('',(0.,0.258819045103));
#2899 = CARTESIAN_POINT('',(6.28318530718,0.258819045103));
#2900 = ( GEOMETRIC_REPRESENTATION_CONTEXT(2) 
PARAMETRIC_REPRESENTATION_CONTEXT() REPRESENTATION_CONTEXT('2D SPACE',''
  ) );
#2901 = PCURVE('',#2902,#2907);
#2902 = CYLINDRICAL_SURFACE('',#2903,57.);
#2903 = AXIS2_PLACEMENT_3D('',#2904,#2905,#2906);
#2904 = CARTESIAN_POINT('',(0.,6.661338147751E-16,3.));
#2905 = DIRECTION('',(0.,-2.22044604925E-16,-1.));
#2906 = DIRECTION('',(1.,0.,0.));
#2907 = DEFINITIONAL_REPRESENTATION('',(#2908),#2911);
#2908 = B_SPLINE_CURVE_WITH_KNOTS('',1,(#2909,#2910),.UNSPECIFIED.,.F.,
  .F.,(2,2),(0.,6.28318530718),.PIECEWISE_BEZIER_KNOTS.);
#2909 = CARTESIAN_POINT('',(0.,0.));
#2910 = CARTESIAN_POINT('',(6.28318530718,0.));
#2911 = ( GEOMETRIC_REPRESENTATION_CONTEXT(2) 
PARAMETRIC_REPRESENTATION_CONTEXT() REPRESENTATION_CONTEXT('2D SPACE',''
  ) );
#2912 = ORIENTED_EDGE('',*,*,#2867,.F.);
#2913 = ADVANCED_FACE('',(#2914),#751,.F.);
#2914 = FACE_BOUND('',#2915,.T.);
#2915 = EDGE_LOOP('',(#2916,#2917,#2938,#2968,#2969));
#2916 = ORIENTED_EDGE('',*,*,#637,.F.);
#2917 = ORIENTED_EDGE('',*,*,#2918,.T.);
#2918 = EDGE_CURVE('',#638,#2919,#2921,.T.);
#2919 = VERTEX_POINT('',#2920);
#2920 = CARTESIAN_POINT('',(37.438387380048,-37.43838738004,
    3.659046397516));
#2921 = SEAM_CURVE('',#2922,(#2926,#2932),.PCURVE_S1.);
#2922 = LINE('',#2923,#2924);
#2923 = CARTESIAN_POINT('',(37.713962741076,-37.71396274107,
    4.579978773312));
#2924 = VECTOR('',#2925,1.);
#2925 = DIRECTION('',(-0.275575361028,0.275575361028,-0.920932375796));
#2926 = PCURVE('',#751,#2927);
#2927 = DEFINITIONAL_REPRESENTATION('',(#2928),#2931);
#2928 = B_SPLINE_CURVE_WITH_KNOTS('',1,(#2929,#2930),.UNSPECIFIED.,.F.,
  .F.,(2,2),(0.50187145065,1.),.PIECEWISE_BEZIER_KNOTS.);
#2929 = CARTESIAN_POINT('',(-6.28318530718,-0.50187145065));
#2930 = CARTESIAN_POINT('',(-6.28318530718,-1.));
#2931 = ( GEOMETRIC_REPRESENTATION_CONTEXT(2) 
PARAMETRIC_REPRESENTATION_CONTEXT() REPRESENTATION_CONTEXT('2D SPACE',''
  ) );
#2932 = PCURVE('',#751,#2933);
#2933 = DEFINITIONAL_REPRESENTATION('',(#2934),#2937);
#2934 = B_SPLINE_CURVE_WITH_KNOTS('',1,(#2935,#2936),.UNSPECIFIED.,.F.,
  .F.,(2,2),(0.50187145065,1.),.PIECEWISE_BEZIER_KNOTS.);
#2935 = CARTESIAN_POINT('',(0.,-0.50187145065));
#2936 = CARTESIAN_POINT('',(0.,-1.));
#2937 = ( GEOMETRIC_REPRESENTATION_CONTEXT(2) 
PARAMETRIC_REPRESENTATION_CONTEXT() REPRESENTATION_CONTEXT('2D SPACE',''
  ) );
#2938 = ORIENTED_EDGE('',*,*,#2939,.T.);
#2939 = EDGE_CURVE('',#2919,#2919,#2940,.T.);
#2940 = SURFACE_CURVE('',#2941,(#2946,#2952),.PCURVE_S1.);
#2941 = CIRCLE('',#2942,5.);
#2942 = AXIS2_PLACEMENT_3D('',#2943,#2944,#2945);
#2943 = CARTESIAN_POINT('',(34.182399740351,-34.18239974035,
    5.607658462626));
#2944 = DIRECTION('',(-0.275575361028,0.275575361028,-0.920932375796));
#2945 = DIRECTION('',(0.651197527939,-0.651197527939,-0.389722413022));
#2946 = PCURVE('',#751,#2947);
#2947 = DEFINITIONAL_REPRESENTATION('',(#2948),#2951);
#2948 = B_SPLINE_CURVE_WITH_KNOTS('',1,(#2949,#2950),.UNSPECIFIED.,.F.,
  .F.,(2,2),(0.,6.28318530718),.PIECEWISE_BEZIER_KNOTS.);
#2949 = CARTESIAN_POINT('',(0.,-1.));
#2950 = CARTESIAN_POINT('',(-6.28318530718,-1.));
#2951 = ( GEOMETRIC_REPRESENTATION_CONTEXT(2) 
PARAMETRIC_REPRESENTATION_CONTEXT() REPRESENTATION_CONTEXT('2D SPACE',''
  ) );
#2952 = PCURVE('',#2953,#2958);
#2953 = PLANE('',#2954);
#2954 = AXIS2_PLACEMENT_3D('',#2955,#2956,#2957);
#2955 = CARTESIAN_POINT('',(34.182399740351,-34.18239974035,
    5.607658462626));
#2956 = DIRECTION('',(0.275575361028,-0.275575361028,0.920932375796));
#2957 = DIRECTION('',(0.651197527939,-0.651197527939,-0.389722413022));
#2958 = DEFINITIONAL_REPRESENTATION('',(#2959),#2967);
#2959 = ( BOUNDED_CURVE() B_SPLINE_CURVE(2,(#2960,#2961,#2962,#2963,
#2964,#2965,#2966),.UNSPECIFIED.,.T.,.F.) B_SPLINE_CURVE_WITH_KNOTS((1,2
    ,2,2,2,1),(-2.094395102393,0.,2.094395102393,4.188790204786,
6.28318530718,8.377580409573),.UNSPECIFIED.) CURVE() 
GEOMETRIC_REPRESENTATION_ITEM() RATIONAL_B_SPLINE_CURVE((1.,0.5,1.,0.5,
1.,0.5,1.)) REPRESENTATION_ITEM('') );
#2960 = CARTESIAN_POINT('',(5.,-1.773420277431E-14));
#2961 = CARTESIAN_POINT('',(5.,-8.660254037844));
#2962 = CARTESIAN_POINT('',(-2.5,-4.330127018922));
#2963 = CARTESIAN_POINT('',(-10.,-1.646084776805E-14));
#2964 = CARTESIAN_POINT('',(-2.5,4.330127018922));
#2965 = CARTESIAN_POINT('',(5.,8.660254037844));
#2966 = CARTESIAN_POINT('',(5.,-1.773420277431E-14));
#2967 = ( GEOMETRIC_REPRESENTATION_CONTEXT(2) 
PARAMETRIC_REPRESENTATION_CONTEXT() REPRESENTATION_CONTEXT('2D SPACE',''
  ) );
#2968 = ORIENTED_EDGE('',*,*,#2918,.F.);
#2969 = ORIENTED_EDGE('',*,*,#811,.F.);
#2970 = ADVANCED_FACE('',(#2971),#1071,.F.);
#2971 = FACE_BOUND('',#2972,.T.);
#2972 = EDGE_LOOP('',(#2973,#2974,#2995,#3025,#3026));
#2973 = ORIENTED_EDGE('',*,*,#957,.F.);
#2974 = ORIENTED_EDGE('',*,*,#2975,.T.);
#2975 = EDGE_CURVE('',#958,#2976,#2978,.T.);
#2976 = VERTEX_POINT('',#2977);
#2977 = CARTESIAN_POINT('',(3.596213919303E-15,-52.94587518624,
    3.659046397516));
#2978 = SEAM_CURVE('',#2979,(#2983,#2989),.PCURVE_S1.);
#2979 = LINE('',#2980,#2981);
#2980 = CARTESIAN_POINT('',(3.244705468064E-15,-53.33559759926,
    4.579978773311));
#2981 = VECTOR('',#2982,1.);
#2982 = DIRECTION('',(3.515084512388E-16,0.389722413022,-0.920932375796)
  );
#2983 = PCURVE('',#1071,#2984);
#2984 = DEFINITIONAL_REPRESENTATION('',(#2985),#2988);
#2985 = B_SPLINE_CURVE_WITH_KNOTS('',1,(#2986,#2987),.UNSPECIFIED.,.F.,
  .F.,(2,2),(0.50187145065,1.),.PIECEWISE_BEZIER_KNOTS.);
#2986 = CARTESIAN_POINT('',(-6.28318530718,-0.50187145065));
#2987 = CARTESIAN_POINT('',(-6.28318530718,-1.));
#2988 = ( GEOMETRIC_REPRESENTATION_CONTEXT(2) 
PARAMETRIC_REPRESENTATION_CONTEXT() REPRESENTATION_CONTEXT('2D SPACE',''
  ) );
#2989 = PCURVE('',#1071,#2990);
#2990 = DEFINITIONAL_REPRESENTATION('',(#2991),#2994);
#2991 = B_SPLINE_CURVE_WITH_KNOTS('',1,(#2992,#2993),.UNSPECIFIED.,.F.,
  .F.,(2,2),(0.50187145065,1.),.PIECEWISE_BEZIER_KNOTS.);
#2992 = CARTESIAN_POINT('',(0.,-0.50187145065));
#2993 = CARTESIAN_POINT('',(0.,-1.));
#2994 = ( GEOMETRIC_REPRESENTATION_CONTEXT(2) 
PARAMETRIC_REPRESENTATION_CONTEXT() REPRESENTATION_CONTEXT('2D SPACE',''
  ) );
#2995 = ORIENTED_EDGE('',*,*,#2996,.T.);
#2996 = EDGE_CURVE('',#2976,#2976,#2997,.T.);
#2997 = SURFACE_CURVE('',#2998,(#3003,#3009),.PCURVE_S1.);
#2998 = CIRCLE('',#2999,5.);
#2999 = AXIS2_PLACEMENT_3D('',#3000,#3001,#3002);
#3000 = CARTESIAN_POINT('',(3.107710153127E-15,-48.34121330726,
    5.607658462626));
#3001 = DIRECTION('',(3.515084512388E-16,0.389722413022,-0.920932375796)
  );
#3002 = DIRECTION('',(9.770075323512E-17,-0.920932375796,-0.389722413022
    ));
#3003 = PCURVE('',#1071,#3004);
#3004 = DEFINITIONAL_REPRESENTATION('',(#3005),#3008);
#3005 = B_SPLINE_CURVE_WITH_KNOTS('',1,(#3006,#3007),.UNSPECIFIED.,.F.,
  .F.,(2,2),(0.,6.28318530718),.PIECEWISE_BEZIER_KNOTS.);
#3006 = CARTESIAN_POINT('',(0.,-1.));
#3007 = CARTESIAN_POINT('',(-6.28318530718,-1.));
#3008 = ( GEOMETRIC_REPRESENTATION_CONTEXT(2) 
PARAMETRIC_REPRESENTATION_CONTEXT() REPRESENTATION_CONTEXT('2D SPACE',''
  ) );
#3009 = PCURVE('',#3010,#3015);
#3010 = PLANE('',#3011);
#3011 = AXIS2_PLACEMENT_3D('',#3012,#3013,#3014);
#3012 = CARTESIAN_POINT('',(2.602415851428E-15,-48.34121330726,
    5.607658462626));
#3013 = DIRECTION('',(-6.91834146662E-16,-0.389722413022,0.920932375796)
  );
#3014 = DIRECTION('',(5.511921214348E-17,-0.920932375796,-0.389722413022
    ));
#3015 = DEFINITIONAL_REPRESENTATION('',(#3016),#3024);
#3016 = ( BOUNDED_CURVE() B_SPLINE_CURVE(2,(#3017,#3018,#3019,#3020,
#3021,#3022,#3023),.UNSPECIFIED.,.T.,.F.) B_SPLINE_CURVE_WITH_KNOTS((1,2
    ,2,2,2,1),(-2.094395102393,0.,2.094395102393,4.188790204786,
6.28318530718,8.377580409573),.UNSPECIFIED.) CURVE() 
GEOMETRIC_REPRESENTATION_ITEM() RATIONAL_B_SPLINE_CURVE((1.,0.5,1.,0.5,
1.,0.5,1.)) REPRESENTATION_ITEM('') );
#3017 = CARTESIAN_POINT('',(5.,7.182020071577E-16));
#3018 = CARTESIAN_POINT('',(5.,-8.660254037844));
#3019 = CARTESIAN_POINT('',(-2.5,-4.330127018922));
#3020 = CARTESIAN_POINT('',(-10.,-1.145167908364E-15));
#3021 = CARTESIAN_POINT('',(-2.5,4.330127018922));
#3022 = CARTESIAN_POINT('',(5.,8.660254037844));
#3023 = CARTESIAN_POINT('',(5.,7.182020071577E-16));
#3024 = ( GEOMETRIC_REPRESENTATION_CONTEXT(2) 
PARAMETRIC_REPRESENTATION_CONTEXT() REPRESENTATION_CONTEXT('2D SPACE',''
  ) );
#3025 = ORIENTED_EDGE('',*,*,#2975,.F.);
#3026 = ORIENTED_EDGE('',*,*,#1131,.F.);
#3027 = ADVANCED_FACE('',(#3028),#1377,.F.);
#3028 = FACE_BOUND('',#3029,.T.);
#3029 = EDGE_LOOP('',(#3030,#3031,#3052,#3082,#3083));
#3030 = ORIENTED_EDGE('',*,*,#1277,.F.);
#3031 = ORIENTED_EDGE('',*,*,#3032,.T.);
#3032 = EDGE_CURVE('',#1278,#3033,#3035,.T.);
#3033 = VERTEX_POINT('',#3034);
#3034 = CARTESIAN_POINT('',(-37.43838738004,-37.43838738004,
    3.659046397516));
#3035 = SEAM_CURVE('',#3036,(#3040,#3046),.PCURVE_S1.);
#3036 = LINE('',#3037,#3038);
#3037 = CARTESIAN_POINT('',(-37.71396274107,-37.71396274107,
    4.579978773311));
#3038 = VECTOR('',#3039,1.);
#3039 = DIRECTION('',(0.275575361028,0.275575361028,-0.920932375796));
#3040 = PCURVE('',#1377,#3041);
#3041 = DEFINITIONAL_REPRESENTATION('',(#3042),#3045);
#3042 = B_SPLINE_CURVE_WITH_KNOTS('',1,(#3043,#3044),.UNSPECIFIED.,.F.,
  .F.,(2,2),(0.50187145065,1.),.PIECEWISE_BEZIER_KNOTS.);
#3043 = CARTESIAN_POINT('',(-6.28318530718,-0.50187145065));
#3044 = CARTESIAN_POINT('',(-6.28318530718,-1.));
#3045 = ( GEOMETRIC_REPRESENTATION_CONTEXT(2) 
PARAMETRIC_REPRESENTATION_CONTEXT() REPRESENTATION_CONTEXT('2D SPACE',''
  ) );
#3046 = PCURVE('',#1377,#3047);
#3047 = DEFINITIONAL_REPRESENTATION('',(#3048),#3051);
#3048 = B_SPLINE_CURVE_WITH_KNOTS('',1,(#3049,#3050),.UNSPECIFIED.,.F.,
  .F.,(2,2),(0.50187145065,1.),.PIECEWISE_BEZIER_KNOTS.);
#3049 = CARTESIAN_POINT('',(0.,-0.50187145065));
#3050 = CARTESIAN_POINT('',(0.,-1.));
#3051 = ( GEOMETRIC_REPRESENTATION_CONTEXT(2) 
PARAMETRIC_REPRESENTATION_CONTEXT() REPRESENTATION_CONTEXT('2D SPACE',''
  ) );
#3052 = ORIENTED_EDGE('',*,*,#3053,.T.);
#3053 = EDGE_CURVE('',#3033,#3033,#3054,.T.);
#3054 = SURFACE_CURVE('',#3055,(#3060,#3066),.PCURVE_S1.);
#3055 = CIRCLE('',#3056,5.);
#3056 = AXIS2_PLACEMENT_3D('',#3057,#3058,#3059);
#3057 = CARTESIAN_POINT('',(-34.18239974035,-34.18239974035,
    5.607658462626));
#3058 = DIRECTION('',(0.275575361028,0.275575361028,-0.920932375796));
#3059 = DIRECTION('',(-0.651197527939,-0.651197527939,-0.389722413022));
#3060 = PCURVE('',#1377,#3061);
#3061 = DEFINITIONAL_REPRESENTATION('',(#3062),#3065);
#3062 = B_SPLINE_CURVE_WITH_KNOTS('',1,(#3063,#3064),.UNSPECIFIED.,.F.,
  .F.,(2,2),(0.,6.28318530718),.PIECEWISE_BEZIER_KNOTS.);
#3063 = CARTESIAN_POINT('',(0.,-1.));
#3064 = CARTESIAN_POINT('',(-6.28318530718,-1.));
#3065 = ( GEOMETRIC_REPRESENTATION_CONTEXT(2) 
PARAMETRIC_REPRESENTATION_CONTEXT() REPRESENTATION_CONTEXT('2D SPACE',''
  ) );
#3066 = PCURVE('',#3067,#3072);
#3067 = PLANE('',#3068);
#3068 = AXIS2_PLACEMENT_3D('',#3069,#3070,#3071);
#3069 = CARTESIAN_POINT('',(-34.18239974035,-34.18239974035,
    5.607658462626));
#3070 = DIRECTION('',(-0.275575361028,-0.275575361028,0.920932375796));
#3071 = DIRECTION('',(-0.651197527939,-0.651197527939,-0.389722413022));
#3072 = DEFINITIONAL_REPRESENTATION('',(#3073),#3081);
#3073 = ( BOUNDED_CURVE() B_SPLINE_CURVE(2,(#3074,#3075,#3076,#3077,
#3078,#3079,#3080),.UNSPECIFIED.,.T.,.F.) B_SPLINE_CURVE_WITH_KNOTS((1,2
    ,2,2,2,1),(-2.094395102393,0.,2.094395102393,4.188790204786,
6.28318530718,8.377580409573),.UNSPECIFIED.) CURVE() 
GEOMETRIC_REPRESENTATION_ITEM() RATIONAL_B_SPLINE_CURVE((1.,0.5,1.,0.5,
1.,0.5,1.)) REPRESENTATION_ITEM('') );
#3074 = CARTESIAN_POINT('',(5.,5.383508306713E-15));
#3075 = CARTESIAN_POINT('',(5.,-8.660254037844));
#3076 = CARTESIAN_POINT('',(-2.5,-4.330127018922));
#3077 = CARTESIAN_POINT('',(-10.,5.824196044504E-15));
#3078 = CARTESIAN_POINT('',(-2.5,4.330127018922));
#3079 = CARTESIAN_POINT('',(5.,8.660254037844));
#3080 = CARTESIAN_POINT('',(5.,5.383508306713E-15));
#3081 = ( GEOMETRIC_REPRESENTATION_CONTEXT(2) 
PARAMETRIC_REPRESENTATION_CONTEXT() REPRESENTATION_CONTEXT('2D SPACE',''
  ) );
#3082 = ORIENTED_EDGE('',*,*,#3032,.F.);
#3083 = ORIENTED_EDGE('',*,*,#1430,.F.);
#3084 = ADVANCED_FACE('',(#3085),#1690,.F.);
#3085 = FACE_BOUND('',#3086,.T.);
#3086 = EDGE_LOOP('',(#3087,#3088,#3109,#3139,#3140));
#3087 = ORIENTED_EDGE('',*,*,#1576,.F.);
#3088 = ORIENTED_EDGE('',*,*,#3089,.T.);
#3089 = EDGE_CURVE('',#1577,#3090,#3092,.T.);
#3090 = VERTEX_POINT('',#3091);
#3091 = CARTESIAN_POINT('',(-52.94587518624,-8.868560199953E-15,
    3.659046397516));
#3092 = SEAM_CURVE('',#3093,(#3097,#3103),.PCURVE_S1.);
#3093 = LINE('',#3094,#3095);
#3094 = CARTESIAN_POINT('',(-53.33559759926,-8.555860277378E-15,
    4.579978773311));
#3095 = VECTOR('',#3096,1.);
#3096 = DIRECTION('',(0.389722413022,-3.126999225752E-16,-0.920932375796
    ));
#3097 = PCURVE('',#1690,#3098);
#3098 = DEFINITIONAL_REPRESENTATION('',(#3099),#3102);
#3099 = B_SPLINE_CURVE_WITH_KNOTS('',1,(#3100,#3101),.UNSPECIFIED.,.F.,
  .F.,(2,2),(0.50187145065,1.),.PIECEWISE_BEZIER_KNOTS.);
#3100 = CARTESIAN_POINT('',(-6.28318530718,-0.50187145065));
#3101 = CARTESIAN_POINT('',(-6.28318530718,-1.));
#3102 = ( GEOMETRIC_REPRESENTATION_CONTEXT(2) 
PARAMETRIC_REPRESENTATION_CONTEXT() REPRESENTATION_CONTEXT('2D SPACE',''
  ) );
#3103 = PCURVE('',#1690,#3104);
#3104 = DEFINITIONAL_REPRESENTATION('',(#3105),#3108);
#3105 = B_SPLINE_CURVE_WITH_KNOTS('',1,(#3106,#3107),.UNSPECIFIED.,.F.,
  .F.,(2,2),(0.50187145065,1.),.PIECEWISE_BEZIER_KNOTS.);
#3106 = CARTESIAN_POINT('',(0.,-0.50187145065));
#3107 = CARTESIAN_POINT('',(0.,-1.));
#3108 = ( GEOMETRIC_REPRESENTATION_CONTEXT(2) 
PARAMETRIC_REPRESENTATION_CONTEXT() REPRESENTATION_CONTEXT('2D SPACE',''
  ) );
#3109 = ORIENTED_EDGE('',*,*,#3110,.T.);
#3110 = EDGE_CURVE('',#3090,#3090,#3111,.T.);
#3111 = SURFACE_CURVE('',#3112,(#3117,#3123),.PCURVE_S1.);
#3112 = CIRCLE('',#3113,5.);
#3113 = AXIS2_PLACEMENT_3D('',#3114,#3115,#3116);
#3114 = CARTESIAN_POINT('',(-48.34121330726,-1.42108547152E-14,
    5.607658462626));
#3115 = DIRECTION('',(0.389722413022,-3.11551737507E-16,-0.920932375796)
  );
#3116 = DIRECTION('',(-0.920932375796,-1.665334536938E-16,
    -0.389722413022));
#3117 = PCURVE('',#1690,#3118);
#3118 = DEFINITIONAL_REPRESENTATION('',(#3119),#3122);
#3119 = B_SPLINE_CURVE_WITH_KNOTS('',1,(#3120,#3121),.UNSPECIFIED.,.F.,
  .F.,(2,2),(0.,6.28318530718),.PIECEWISE_BEZIER_KNOTS.);
#3120 = CARTESIAN_POINT('',(0.,-1.));
#3121 = CARTESIAN_POINT('',(-6.28318530718,-1.));
#3122 = ( GEOMETRIC_REPRESENTATION_CONTEXT(2) 
PARAMETRIC_REPRESENTATION_CONTEXT() REPRESENTATION_CONTEXT('2D SPACE',''
  ) );
#3123 = PCURVE('',#3124,#3129);
#3124 = PLANE('',#3125);
#3125 = AXIS2_PLACEMENT_3D('',#3126,#3127,#3128);
#3126 = CARTESIAN_POINT('',(-48.34121330726,-7.416230247472E-15,
    5.607658462626));
#3127 = DIRECTION('',(-0.389722413022,6.530256179984E-16,0.920932375796)
  );
#3128 = DIRECTION('',(-0.920932375796,-1.468255890647E-16,
    -0.389722413022));
#3129 = DEFINITIONAL_REPRESENTATION('',(#3130),#3138);
#3130 = ( BOUNDED_CURVE() B_SPLINE_CURVE(2,(#3131,#3132,#3133,#3134,
#3135,#3136,#3137),.UNSPECIFIED.,.T.,.F.) B_SPLINE_CURVE_WITH_KNOTS((1,2
    ,2,2,2,1),(-2.094395102393,0.,2.094395102393,4.188790204786,
6.28318530718,8.377580409573),.UNSPECIFIED.) CURVE() 
GEOMETRIC_REPRESENTATION_ITEM() RATIONAL_B_SPLINE_CURVE((1.,0.5,1.,0.5,
1.,0.5,1.)) REPRESENTATION_ITEM('') );
#3131 = CARTESIAN_POINT('',(5.,5.772158273276E-15));
#3132 = CARTESIAN_POINT('',(5.,-8.660254037844));
#3133 = CARTESIAN_POINT('',(-2.5,-4.330127018922));
#3134 = CARTESIAN_POINT('',(-10.,4.013128565293E-15));
#3135 = CARTESIAN_POINT('',(-2.5,4.330127018922));
#3136 = CARTESIAN_POINT('',(5.,8.660254037844));
#3137 = CARTESIAN_POINT('',(5.,5.772158273276E-15));
#3138 = ( GEOMETRIC_REPRESENTATION_CONTEXT(2) 
PARAMETRIC_REPRESENTATION_CONTEXT() REPRESENTATION_CONTEXT('2D SPACE',''
  ) );
#3139 = ORIENTED_EDGE('',*,*,#3089,.F.);
#3140 = ORIENTED_EDGE('',*,*,#1750,.F.);
#3141 = ADVANCED_FACE('',(#3142),#1996,.F.);
#3142 = FACE_BOUND('',#3143,.T.);
#3143 = EDGE_LOOP('',(#3144,#3145,#3166,#3196,#3197));
#3144 = ORIENTED_EDGE('',*,*,#1896,.F.);
#3145 = ORIENTED_EDGE('',*,*,#3146,.T.);
#3146 = EDGE_CURVE('',#1897,#3147,#3149,.T.);
#3147 = VERTEX_POINT('',#3148);
#3148 = CARTESIAN_POINT('',(-37.43838738004,37.438387380048,
    3.659046397516));
#3149 = SEAM_CURVE('',#3150,(#3154,#3160),.PCURVE_S1.);
#3150 = LINE('',#3151,#3152);
#3151 = CARTESIAN_POINT('',(-37.71396274107,37.713962741076,
    4.579978773311));
#3152 = VECTOR('',#3153,1.);
#3153 = DIRECTION('',(0.275575361028,-0.275575361028,-0.920932375796));
#3154 = PCURVE('',#1996,#3155);
#3155 = DEFINITIONAL_REPRESENTATION('',(#3156),#3159);
#3156 = B_SPLINE_CURVE_WITH_KNOTS('',1,(#3157,#3158),.UNSPECIFIED.,.F.,
  .F.,(2,2),(0.50187145065,1.),.PIECEWISE_BEZIER_KNOTS.);
#3157 = CARTESIAN_POINT('',(-6.28318530718,-0.50187145065));
#3158 = CARTESIAN_POINT('',(-6.28318530718,-1.));
#3159 = ( GEOMETRIC_REPRESENTATION_CONTEXT(2) 
PARAMETRIC_REPRESENTATION_CONTEXT() REPRESENTATION_CONTEXT('2D SPACE',''
  ) );
#3160 = PCURVE('',#1996,#3161);
#3161 = DEFINITIONAL_REPRESENTATION('',(#3162),#3165);
#3162 = B_SPLINE_CURVE_WITH_KNOTS('',1,(#3163,#3164),.UNSPECIFIED.,.F.,
  .F.,(2,2),(0.50187145065,1.),.PIECEWISE_BEZIER_KNOTS.);
#3163 = CARTESIAN_POINT('',(0.,-0.50187145065));
#3164 = CARTESIAN_POINT('',(0.,-1.));
#3165 = ( GEOMETRIC_REPRESENTATION_CONTEXT(2) 
PARAMETRIC_REPRESENTATION_CONTEXT() REPRESENTATION_CONTEXT('2D SPACE',''
  ) );
#3166 = ORIENTED_EDGE('',*,*,#3167,.T.);
#3167 = EDGE_CURVE('',#3147,#3147,#3168,.T.);
#3168 = SURFACE_CURVE('',#3169,(#3174,#3180),.PCURVE_S1.);
#3169 = CIRCLE('',#3170,5.);
#3170 = AXIS2_PLACEMENT_3D('',#3171,#3172,#3173);
#3171 = CARTESIAN_POINT('',(-34.18239974035,34.182399740351,
    5.607658462626));
#3172 = DIRECTION('',(0.275575361028,-0.275575361028,-0.920932375796));
#3173 = DIRECTION('',(-0.651197527939,0.651197527939,-0.389722413022));
#3174 = PCURVE('',#1996,#3175);
#3175 = DEFINITIONAL_REPRESENTATION('',(#3176),#3179);
#3176 = B_SPLINE_CURVE_WITH_KNOTS('',1,(#3177,#3178),.UNSPECIFIED.,.F.,
  .F.,(2,2),(0.,6.28318530718),.PIECEWISE_BEZIER_KNOTS.);
#3177 = CARTESIAN_POINT('',(0.,-1.));
#3178 = CARTESIAN_POINT('',(-6.28318530718,-1.));
#3179 = ( GEOMETRIC_REPRESENTATION_CONTEXT(2) 
PARAMETRIC_REPRESENTATION_CONTEXT() REPRESENTATION_CONTEXT('2D SPACE',''
  ) );
#3180 = PCURVE('',#3181,#3186);
#3181 = PLANE('',#3182);
#3182 = AXIS2_PLACEMENT_3D('',#3183,#3184,#3185);
#3183 = CARTESIAN_POINT('',(-34.18239974035,34.182399740351,
    5.607658462626));
#3184 = DIRECTION('',(-0.275575361028,0.275575361028,0.920932375796));
#3185 = DIRECTION('',(-0.651197527939,0.651197527939,-0.389722413022));
#3186 = DEFINITIONAL_REPRESENTATION('',(#3187),#3195);
#3187 = ( BOUNDED_CURVE() B_SPLINE_CURVE(2,(#3188,#3189,#3190,#3191,
#3192,#3193,#3194),.UNSPECIFIED.,.T.,.F.) B_SPLINE_CURVE_WITH_KNOTS((1,2
    ,2,2,2,1),(-2.094395102393,0.,2.094395102393,4.188790204786,
6.28318530718,8.377580409573),.UNSPECIFIED.) CURVE() 
GEOMETRIC_REPRESENTATION_ITEM() RATIONAL_B_SPLINE_CURVE((1.,0.5,1.,0.5,
1.,0.5,1.)) REPRESENTATION_ITEM('') );
#3188 = CARTESIAN_POINT('',(5.,8.24501600192E-15));
#3189 = CARTESIAN_POINT('',(5.,-8.660254037844));
#3190 = CARTESIAN_POINT('',(-2.5,-4.330127018922));
#3191 = CARTESIAN_POINT('',(-10.,6.187701934303E-15));
#3192 = CARTESIAN_POINT('',(-2.5,4.330127018922));
#3193 = CARTESIAN_POINT('',(5.,8.660254037844));
#3194 = CARTESIAN_POINT('',(5.,8.24501600192E-15));
#3195 = ( GEOMETRIC_REPRESENTATION_CONTEXT(2) 
PARAMETRIC_REPRESENTATION_CONTEXT() REPRESENTATION_CONTEXT('2D SPACE',''
  ) );
#3196 = ORIENTED_EDGE('',*,*,#3146,.F.);
#3197 = ORIENTED_EDGE('',*,*,#2049,.F.);
#3198 = ADVANCED_FACE('',(#3199),#2295,.F.);
#3199 = FACE_BOUND('',#3200,.T.);
#3200 = EDGE_LOOP('',(#3201,#3202,#3223,#3253,#3254));
#3201 = ORIENTED_EDGE('',*,*,#2195,.F.);
#3202 = ORIENTED_EDGE('',*,*,#3203,.T.);
#3203 = EDGE_CURVE('',#2196,#3204,#3206,.T.);
#3204 = VERTEX_POINT('',#3205);
#3205 = CARTESIAN_POINT('',(-1.191180142359E-14,52.945875186241,
    3.659046397516));
#3206 = SEAM_CURVE('',#3207,(#3211,#3217),.PCURVE_S1.);
#3207 = LINE('',#3208,#3209);
#3208 = CARTESIAN_POINT('',(-1.22170250486E-14,53.335597599263,
    4.579978773311));
#3209 = VECTOR('',#3210,1.);
#3210 = DIRECTION('',(3.052236250147E-16,-0.389722413022,-0.920932375796
    ));
#3211 = PCURVE('',#2295,#3212);
#3212 = DEFINITIONAL_REPRESENTATION('',(#3213),#3216);
#3213 = B_SPLINE_CURVE_WITH_KNOTS('',1,(#3214,#3215),.UNSPECIFIED.,.F.,
  .F.,(2,2),(0.50187145065,1.),.PIECEWISE_BEZIER_KNOTS.);
#3214 = CARTESIAN_POINT('',(-6.28318530718,-0.50187145065));
#3215 = CARTESIAN_POINT('',(-6.28318530718,-1.));
#3216 = ( GEOMETRIC_REPRESENTATION_CONTEXT(2) 
PARAMETRIC_REPRESENTATION_CONTEXT() REPRESENTATION_CONTEXT('2D SPACE',''
  ) );
#3217 = PCURVE('',#2295,#3218);
#3218 = DEFINITIONAL_REPRESENTATION('',(#3219),#3222);
#3219 = B_SPLINE_CURVE_WITH_KNOTS('',1,(#3220,#3221),.UNSPECIFIED.,.F.,
  .F.,(2,2),(0.50187145065,1.),.PIECEWISE_BEZIER_KNOTS.);
#3220 = CARTESIAN_POINT('',(0.,-0.50187145065));
#3221 = CARTESIAN_POINT('',(0.,-1.));
#3222 = ( GEOMETRIC_REPRESENTATION_CONTEXT(2) 
PARAMETRIC_REPRESENTATION_CONTEXT() REPRESENTATION_CONTEXT('2D SPACE',''
  ) );
#3223 = ORIENTED_EDGE('',*,*,#3224,.T.);
#3224 = EDGE_CURVE('',#3204,#3204,#3225,.T.);
#3225 = SURFACE_CURVE('',#3226,(#3231,#3237),.PCURVE_S1.);
#3226 = CIRCLE('',#3227,5.);
#3227 = AXIS2_PLACEMENT_3D('',#3228,#3229,#3230);
#3228 = CARTESIAN_POINT('',(-1.2210113882E-14,48.341213307263,
    5.607658462626));
#3229 = DIRECTION('',(3.052236250147E-16,-0.389722413022,-0.920932375796
    ));
#3230 = DIRECTION('',(5.966249168145E-17,0.920932375796,-0.389722413022)
  );
#3231 = PCURVE('',#2295,#3232);
#3232 = DEFINITIONAL_REPRESENTATION('',(#3233),#3236);
#3233 = B_SPLINE_CURVE_WITH_KNOTS('',1,(#3234,#3235),.UNSPECIFIED.,.F.,
  .F.,(2,2),(0.,6.28318530718),.PIECEWISE_BEZIER_KNOTS.);
#3234 = CARTESIAN_POINT('',(0.,-1.));
#3235 = CARTESIAN_POINT('',(-6.28318530718,-1.));
#3236 = ( GEOMETRIC_REPRESENTATION_CONTEXT(2) 
PARAMETRIC_REPRESENTATION_CONTEXT() REPRESENTATION_CONTEXT('2D SPACE',''
  ) );
#3237 = PCURVE('',#3238,#3243);
#3238 = PLANE('',#3239);
#3239 = AXIS2_PLACEMENT_3D('',#3240,#3241,#3242);
#3240 = CARTESIAN_POINT('',(-1.17048195803E-14,48.341213307263,
    5.607658462626));
#3241 = DIRECTION('',(3.51020704085E-17,0.389722413022,0.920932375796));
#3242 = DIRECTION('',(1.022440327731E-16,0.920932375796,-0.389722413022)
  );
#3243 = DEFINITIONAL_REPRESENTATION('',(#3244),#3252);
#3244 = ( BOUNDED_CURVE() B_SPLINE_CURVE(2,(#3245,#3246,#3247,#3248,
#3249,#3250,#3251),.UNSPECIFIED.,.T.,.F.) B_SPLINE_CURVE_WITH_KNOTS((1,2
    ,2,2,2,1),(-2.094395102393,0.,2.094395102393,4.188790204786,
6.28318530718,8.377580409573),.UNSPECIFIED.) CURVE() 
GEOMETRIC_REPRESENTATION_ITEM() RATIONAL_B_SPLINE_CURVE((1.,0.5,1.,0.5,
1.,0.5,1.)) REPRESENTATION_ITEM('') );
#3245 = CARTESIAN_POINT('',(5.,7.182020071577E-16));
#3246 = CARTESIAN_POINT('',(5.,-8.660254037844));
#3247 = CARTESIAN_POINT('',(-2.5,-4.330127018922));
#3248 = CARTESIAN_POINT('',(-10.,-1.145167908364E-15));
#3249 = CARTESIAN_POINT('',(-2.5,4.330127018922));
#3250 = CARTESIAN_POINT('',(5.,8.660254037844));
#3251 = CARTESIAN_POINT('',(5.,7.182020071577E-16));
#3252 = ( GEOMETRIC_REPRESENTATION_CONTEXT(2) 
PARAMETRIC_REPRESENTATION_CONTEXT() REPRESENTATION_CONTEXT('2D SPACE',''
  ) );
#3253 = ORIENTED_EDGE('',*,*,#3203,.F.);
#3254 = ORIENTED_EDGE('',*,*,#2348,.F.);
#3255 = ADVANCED_FACE('',(#3256),#2608,.F.);
#3256 = FACE_BOUND('',#3257,.T.);
#3257 = EDGE_LOOP('',(#3258,#3259,#3280,#3310,#3311));
#3258 = ORIENTED_EDGE('',*,*,#2494,.F.);
#3259 = ORIENTED_EDGE('',*,*,#3260,.T.);
#3260 = EDGE_CURVE('',#2495,#3261,#3263,.T.);
#3261 = VERTEX_POINT('',#3262);
#3262 = CARTESIAN_POINT('',(37.438387380048,37.438387380048,
    3.659046397516));
#3263 = SEAM_CURVE('',#3264,(#3268,#3274),.PCURVE_S1.);
#3264 = LINE('',#3265,#3266);
#3265 = CARTESIAN_POINT('',(37.713962741076,37.713962741076,
    4.579978773311));
#3266 = VECTOR('',#3267,1.);
#3267 = DIRECTION('',(-0.275575361028,-0.275575361028,-0.920932375796));
#3268 = PCURVE('',#2608,#3269);
#3269 = DEFINITIONAL_REPRESENTATION('',(#3270),#3273);
#3270 = B_SPLINE_CURVE_WITH_KNOTS('',1,(#3271,#3272),.UNSPECIFIED.,.F.,
  .F.,(2,2),(0.50187145065,1.),.PIECEWISE_BEZIER_KNOTS.);
#3271 = CARTESIAN_POINT('',(-6.28318530718,-0.50187145065));
#3272 = CARTESIAN_POINT('',(-6.28318530718,-1.));
#3273 = ( GEOMETRIC_REPRESENTATION_CONTEXT(2) 
PARAMETRIC_REPRESENTATION_CONTEXT() REPRESENTATION_CONTEXT('2D SPACE',''
  ) );
#3274 = PCURVE('',#2608,#3275);
#3275 = DEFINITIONAL_REPRESENTATION('',(#3276),#3279);
#3276 = B_SPLINE_CURVE_WITH_KNOTS('',1,(#3277,#3278),.UNSPECIFIED.,.F.,
  .F.,(2,2),(0.50187145065,1.),.PIECEWISE_BEZIER_KNOTS.);
#3277 = CARTESIAN_POINT('',(0.,-0.50187145065));
#3278 = CARTESIAN_POINT('',(0.,-1.));
#3279 = ( GEOMETRIC_REPRESENTATION_CONTEXT(2) 
PARAMETRIC_REPRESENTATION_CONTEXT() REPRESENTATION_CONTEXT('2D SPACE',''
  ) );
#3280 = ORIENTED_EDGE('',*,*,#3281,.T.);
#3281 = EDGE_CURVE('',#3261,#3261,#3282,.T.);
#3282 = SURFACE_CURVE('',#3283,(#3288,#3294),.PCURVE_S1.);
#3283 = CIRCLE('',#3284,5.);
#3284 = AXIS2_PLACEMENT_3D('',#3285,#3286,#3287);
#3285 = CARTESIAN_POINT('',(34.182399740351,34.182399740351,
    5.607658462626));
#3286 = DIRECTION('',(-0.275575361028,-0.275575361028,-0.920932375796));
#3287 = DIRECTION('',(0.651197527939,0.651197527939,-0.389722413022));
#3288 = PCURVE('',#2608,#3289);
#3289 = DEFINITIONAL_REPRESENTATION('',(#3290),#3293);
#3290 = B_SPLINE_CURVE_WITH_KNOTS('',1,(#3291,#3292),.UNSPECIFIED.,.F.,
  .F.,(2,2),(0.,6.28318530718),.PIECEWISE_BEZIER_KNOTS.);
#3291 = CARTESIAN_POINT('',(0.,-1.));
#3292 = CARTESIAN_POINT('',(-6.28318530718,-1.));
#3293 = ( GEOMETRIC_REPRESENTATION_CONTEXT(2) 
PARAMETRIC_REPRESENTATION_CONTEXT() REPRESENTATION_CONTEXT('2D SPACE',''
  ) );
#3294 = PCURVE('',#3295,#3300);
#3295 = PLANE('',#3296);
#3296 = AXIS2_PLACEMENT_3D('',#3297,#3298,#3299);
#3297 = CARTESIAN_POINT('',(34.182399740351,34.182399740351,
    5.607658462626));
#3298 = DIRECTION('',(0.275575361028,0.275575361028,0.920932375796));
#3299 = DIRECTION('',(0.651197527939,0.651197527939,-0.389722413022));
#3300 = DEFINITIONAL_REPRESENTATION('',(#3301),#3309);
#3301 = ( BOUNDED_CURVE() B_SPLINE_CURVE(2,(#3302,#3303,#3304,#3305,
#3306,#3307,#3308),.UNSPECIFIED.,.T.,.F.) B_SPLINE_CURVE_WITH_KNOTS((1,2
    ,2,2,2,1),(-2.094395102393,0.,2.094395102393,4.188790204786,
6.28318530718,8.377580409573),.UNSPECIFIED.) CURVE() 
GEOMETRIC_REPRESENTATION_ITEM() RATIONAL_B_SPLINE_CURVE((1.,0.5,1.,0.5,
1.,0.5,1.)) REPRESENTATION_ITEM('') );
#3302 = CARTESIAN_POINT('',(5.,-1.565521800993E-14));
#3303 = CARTESIAN_POINT('',(5.,-8.660254037844));
#3304 = CARTESIAN_POINT('',(-2.5,-4.330127018922));
#3305 = CARTESIAN_POINT('',(-10.,-1.604719754061E-14));
#3306 = CARTESIAN_POINT('',(-2.5,4.330127018922));
#3307 = CARTESIAN_POINT('',(5.,8.660254037844));
#3308 = CARTESIAN_POINT('',(5.,-1.565521800993E-14));
#3309 = ( GEOMETRIC_REPRESENTATION_CONTEXT(2) 
PARAMETRIC_REPRESENTATION_CONTEXT() REPRESENTATION_CONTEXT('2D SPACE',''
  ) );
#3310 = ORIENTED_EDGE('',*,*,#3260,.F.);
#3311 = ORIENTED_EDGE('',*,*,#2668,.F.);
#3312 = ADVANCED_FACE('',(#3313),#2831,.F.);
#3313 = FACE_BOUND('',#3314,.F.);
#3314 = EDGE_LOOP('',(#3315,#3342,#3361,#3362));
#3315 = ORIENTED_EDGE('',*,*,#3316,.T.);
#3316 = EDGE_CURVE('',#3317,#3317,#3319,.T.);
#3317 = VERTEX_POINT('',#3318);
#3318 = CARTESIAN_POINT('',(9.992524414698,3.215806882747E-14,
    144.82706678835));
#3319 = SURFACE_CURVE('',#3320,(#3325,#3331),.PCURVE_S1.);
#3320 = CIRCLE('',#3321,9.992524414698);
#3321 = AXIS2_PLACEMENT_3D('',#3322,#3323,#3324);
#3322 = CARTESIAN_POINT('',(0.,3.215806882747E-14,144.82706678835));
#3323 = DIRECTION('',(-0.,2.22044604925E-16,1.));
#3324 = DIRECTION('',(1.,0.,0.));
#3325 = PCURVE('',#2831,#3326);
#3326 = DEFINITIONAL_REPRESENTATION('',(#3327),#3330);
#3327 = B_SPLINE_CURVE_WITH_KNOTS('',1,(#3328,#3329),.UNSPECIFIED.,.F.,
  .F.,(2,2),(0.,6.28318530718),.PIECEWISE_BEZIER_KNOTS.);
#3328 = CARTESIAN_POINT('',(0.,0.));
#3329 = CARTESIAN_POINT('',(6.28318530718,0.));
#3330 = ( GEOMETRIC_REPRESENTATION_CONTEXT(2) 
PARAMETRIC_REPRESENTATION_CONTEXT() REPRESENTATION_CONTEXT('2D SPACE',''
  ) );
#3331 = PCURVE('',#3332,#3337);
#3332 = CONICAL_SURFACE('',#3333,9.272636772,3.600215903004E-02);
#3333 = AXIS2_PLACEMENT_3D('',#3334,#3335,#3336);
#3334 = CARTESIAN_POINT('',(0.,3.659608319357E-14,164.81410663376));
#3335 = DIRECTION('',(0.,-2.22044604925E-16,-1.));
#3336 = DIRECTION('',(1.,0.,0.));
#3337 = DEFINITIONAL_REPRESENTATION('',(#3338),#3341);
#3338 = B_SPLINE_CURVE_WITH_KNOTS('',1,(#3339,#3340),.UNSPECIFIED.,.F.,
  .F.,(2,2),(0.,6.28318530718),.PIECEWISE_BEZIER_KNOTS.);
#3339 = CARTESIAN_POINT('',(0.,19.987039845407));
#3340 = CARTESIAN_POINT('',(-6.28318530718,19.987039845407));
#3341 = ( GEOMETRIC_REPRESENTATION_CONTEXT(2) 
PARAMETRIC_REPRESENTATION_CONTEXT() REPRESENTATION_CONTEXT('2D SPACE',''
  ) );
#3342 = ORIENTED_EDGE('',*,*,#3343,.T.);
#3343 = EDGE_CURVE('',#3317,#2816,#3344,.T.);
#3344 = SEAM_CURVE('',#3345,(#3349,#3355),.PCURVE_S1.);
#3345 = LINE('',#3346,#3347);
#3346 = CARTESIAN_POINT('',(9.992524414698,3.215806882747E-14,
    144.82706678835));
#3347 = VECTOR('',#3348,1.);
#3348 = DIRECTION('',(0.99935199227,7.992358360671E-18,
    3.599438213493E-02));
#3349 = PCURVE('',#2831,#3350);
#3350 = DEFINITIONAL_REPRESENTATION('',(#3351),#3354);
#3351 = B_SPLINE_CURVE_WITH_KNOTS('',1,(#3352,#3353),.UNSPECIFIED.,.F.,
  .F.,(2,2),(0.,1.),.PIECEWISE_BEZIER_KNOTS.);
#3352 = CARTESIAN_POINT('',(0.,0.));
#3353 = CARTESIAN_POINT('',(0.,3.599438213493E-02));
#3354 = ( GEOMETRIC_REPRESENTATION_CONTEXT(2) 
PARAMETRIC_REPRESENTATION_CONTEXT() REPRESENTATION_CONTEXT('2D SPACE',''
  ) );
#3355 = PCURVE('',#2831,#3356);
#3356 = DEFINITIONAL_REPRESENTATION('',(#3357),#3360);
#3357 = B_SPLINE_CURVE_WITH_KNOTS('',1,(#3358,#3359),.UNSPECIFIED.,.F.,
  .F.,(2,2),(0.,1.),.PIECEWISE_BEZIER_KNOTS.);
#3358 = CARTESIAN_POINT('',(6.28318530718,0.));
#3359 = CARTESIAN_POINT('',(6.28318530718,3.599438213493E-02));
#3360 = ( GEOMETRIC_REPRESENTATION_CONTEXT(2) 
PARAMETRIC_REPRESENTATION_CONTEXT() REPRESENTATION_CONTEXT('2D SPACE',''
  ) );
#3361 = ORIENTED_EDGE('',*,*,#2815,.F.);
#3362 = ORIENTED_EDGE('',*,*,#3343,.F.);
#3363 = ADVANCED_FACE('',(#3364),#2902,.T.);
#3364 = FACE_BOUND('',#3365,.T.);
#3365 = EDGE_LOOP('',(#3366,#3367,#3388,#3414));
#3366 = ORIENTED_EDGE('',*,*,#2888,.T.);
#3367 = ORIENTED_EDGE('',*,*,#3368,.T.);
#3368 = EDGE_CURVE('',#2868,#3369,#3371,.T.);
#3369 = VERTEX_POINT('',#3370);
#3370 = CARTESIAN_POINT('',(57.,0.,0.));
#3371 = SEAM_CURVE('',#3372,(#3376,#3382),.PCURVE_S1.);
#3372 = LINE('',#3373,#3374);
#3373 = CARTESIAN_POINT('',(57.,6.661338147751E-16,3.));
#3374 = VECTOR('',#3375,1.);
#3375 = DIRECTION('',(0.,-2.22044604925E-16,-1.));
#3376 = PCURVE('',#2902,#3377);
#3377 = DEFINITIONAL_REPRESENTATION('',(#3378),#3381);
#3378 = B_SPLINE_CURVE_WITH_KNOTS('',1,(#3379,#3380),.UNSPECIFIED.,.F.,
  .F.,(2,2),(0.,3.),.PIECEWISE_BEZIER_KNOTS.);
#3379 = CARTESIAN_POINT('',(0.,0.));
#3380 = CARTESIAN_POINT('',(0.,3.));
#3381 = ( GEOMETRIC_REPRESENTATION_CONTEXT(2) 
PARAMETRIC_REPRESENTATION_CONTEXT() REPRESENTATION_CONTEXT('2D SPACE',''
  ) );
#3382 = PCURVE('',#2902,#3383);
#3383 = DEFINITIONAL_REPRESENTATION('',(#3384),#3387);
#3384 = B_SPLINE_CURVE_WITH_KNOTS('',1,(#3385,#3386),.UNSPECIFIED.,.F.,
  .F.,(2,2),(0.,3.),.PIECEWISE_BEZIER_KNOTS.);
#3385 = CARTESIAN_POINT('',(6.28318530718,0.));
#3386 = CARTESIAN_POINT('',(6.28318530718,3.));
#3387 = ( GEOMETRIC_REPRESENTATION_CONTEXT(2) 
PARAMETRIC_REPRESENTATION_CONTEXT() REPRESENTATION_CONTEXT('2D SPACE',''
  ) );
#3388 = ORIENTED_EDGE('',*,*,#3389,.F.);
#3389 = EDGE_CURVE('',#3369,#3369,#3390,.T.);
#3390 = SURFACE_CURVE('',#3391,(#3396,#3402),.PCURVE_S1.);
#3391 = CIRCLE('',#3392,57.);
#3392 = AXIS2_PLACEMENT_3D('',#3393,#3394,#3395);
#3393 = CARTESIAN_POINT('',(0.,0.,0.));
#3394 = DIRECTION('',(0.,-2.22044604925E-16,-1.));
#3395 = DIRECTION('',(1.,0.,0.));
#3396 = PCURVE('',#2902,#3397);
#3397 = DEFINITIONAL_REPRESENTATION('',(#3398),#3401);
#3398 = B_SPLINE_CURVE_WITH_KNOTS('',1,(#3399,#3400),.UNSPECIFIED.,.F.,
  .F.,(2,2),(0.,6.28318530718),.PIECEWISE_BEZIER_KNOTS.);
#3399 = CARTESIAN_POINT('',(0.,3.));
#3400 = CARTESIAN_POINT('',(6.28318530718,3.));
#3401 = ( GEOMETRIC_REPRESENTATION_CONTEXT(2) 
PARAMETRIC_REPRESENTATION_CONTEXT() REPRESENTATION_CONTEXT('2D SPACE',''
  ) );
#3402 = PCURVE('',#3403,#3408);
#3403 = PLANE('',#3404);
#3404 = AXIS2_PLACEMENT_3D('',#3405,#3406,#3407);
#3405 = CARTESIAN_POINT('',(0.,0.,0.));
#3406 = DIRECTION('',(0.,-2.22044604925E-16,-1.));
#3407 = DIRECTION('',(1.,0.,0.));
#3408 = DEFINITIONAL_REPRESENTATION('',(#3409),#3413);
#3409 = CIRCLE('',#3410,57.);
#3410 = AXIS2_PLACEMENT_2D('',#3411,#3412);
#3411 = CARTESIAN_POINT('',(0.,0.));
#3412 = DIRECTION('',(1.,-0.));
#3413 = ( GEOMETRIC_REPRESENTATION_CONTEXT(2) 
PARAMETRIC_REPRESENTATION_CONTEXT() REPRESENTATION_CONTEXT('2D SPACE',''
  ) );
#3414 = ORIENTED_EDGE('',*,*,#3368,.F.);
#3415 = ADVANCED_FACE('',(#3416,#3446),#2953,.F.);
#3416 = FACE_BOUND('',#3417,.F.);
#3417 = EDGE_LOOP('',(#3418));
#3418 = ORIENTED_EDGE('',*,*,#3419,.T.);
#3419 = EDGE_CURVE('',#3420,#3420,#3422,.T.);
#3420 = VERTEX_POINT('',#3421);
#3421 = CARTESIAN_POINT('',(30.275214572716,-30.27521457271,
    7.945992940757));
#3422 = SURFACE_CURVE('',#3423,(#3428,#3435),.PCURVE_S1.);
#3423 = CIRCLE('',#3424,6.);
#3424 = AXIS2_PLACEMENT_3D('',#3425,#3426,#3427);
#3425 = CARTESIAN_POINT('',(34.182399740351,-34.18239974035,
    5.607658462626));
#3426 = DIRECTION('',(0.275575361028,-0.275575361028,0.920932375796));
#3427 = DIRECTION('',(-0.651197527939,0.651197527939,0.389722413022));
#3428 = PCURVE('',#2953,#3429);
#3429 = DEFINITIONAL_REPRESENTATION('',(#3430),#3434);
#3430 = CIRCLE('',#3431,6.);
#3431 = AXIS2_PLACEMENT_2D('',#3432,#3433);
#3432 = CARTESIAN_POINT('',(-2.614944879035E-15,-1.7763568394E-15));
#3433 = DIRECTION('',(-1.,1.110223024625E-16));
#3434 = ( GEOMETRIC_REPRESENTATION_CONTEXT(2) 
PARAMETRIC_REPRESENTATION_CONTEXT() REPRESENTATION_CONTEXT('2D SPACE',''
  ) );
#3435 = PCURVE('',#3436,#3441);
#3436 = CYLINDRICAL_SURFACE('',#3437,6.);
#3437 = AXIS2_PLACEMENT_3D('',#3438,#3439,#3440);
#3438 = CARTESIAN_POINT('',(34.182399740351,-34.18239974035,
    5.607658462626));
#3439 = DIRECTION('',(0.275575361028,-0.275575361028,0.920932375796));
#3440 = DIRECTION('',(-0.651197527939,0.651197527939,0.389722413022));
#3441 = DEFINITIONAL_REPRESENTATION('',(#3442),#3445);
#3442 = B_SPLINE_CURVE_WITH_KNOTS('',1,(#3443,#3444),.UNSPECIFIED.,.F.,
  .F.,(2,2),(0.,6.28318530718),.PIECEWISE_BEZIER_KNOTS.);
#3443 = CARTESIAN_POINT('',(0.,0.));
#3444 = CARTESIAN_POINT('',(6.28318530718,0.));
#3445 = ( GEOMETRIC_REPRESENTATION_CONTEXT(2) 
PARAMETRIC_REPRESENTATION_CONTEXT() REPRESENTATION_CONTEXT('2D SPACE',''
  ) );
#3446 = FACE_BOUND('',#3447,.F.);
#3447 = EDGE_LOOP('',(#3448));
#3448 = ORIENTED_EDGE('',*,*,#2939,.T.);
#3449 = ADVANCED_FACE('',(#3450,#3480),#3010,.F.);
#3450 = FACE_BOUND('',#3451,.F.);
#3451 = EDGE_LOOP('',(#3452));
#3452 = ORIENTED_EDGE('',*,*,#3453,.T.);
#3453 = EDGE_CURVE('',#3454,#3454,#3456,.T.);
#3454 = VERTEX_POINT('',#3455);
#3455 = CARTESIAN_POINT('',(2.747138262187E-15,-42.81561905249,
    7.945992940757));
#3456 = SURFACE_CURVE('',#3457,(#3462,#3469),.PCURVE_S1.);
#3457 = CIRCLE('',#3458,6.);
#3458 = AXIS2_PLACEMENT_3D('',#3459,#3460,#3461);
#3459 = CARTESIAN_POINT('',(3.107710153127E-15,-48.34121330726,
    5.607658462626));
#3460 = DIRECTION('',(-7.117587211257E-16,-0.389722413022,0.920932375796
    ));
#3461 = DIRECTION('',(-6.009531515676E-17,0.920932375796,0.389722413022)
  );
#3462 = PCURVE('',#3010,#3463);
#3463 = DEFINITIONAL_REPRESENTATION('',(#3464),#3468);
#3464 = CIRCLE('',#3465,6.);
#3465 = AXIS2_PLACEMENT_2D('',#3466,#3467);
#3466 = CARTESIAN_POINT('',(7.235904171317E-15,5.052943016995E-16));
#3467 = DIRECTION('',(-1.,-4.976103013281E-18));
#3468 = ( GEOMETRIC_REPRESENTATION_CONTEXT(2) 
PARAMETRIC_REPRESENTATION_CONTEXT() REPRESENTATION_CONTEXT('2D SPACE',''
  ) );
#3469 = PCURVE('',#3470,#3475);
#3470 = CYLINDRICAL_SURFACE('',#3471,6.);
#3471 = AXIS2_PLACEMENT_3D('',#3472,#3473,#3474);
#3472 = CARTESIAN_POINT('',(3.107710153127E-15,-48.34121330726,
    5.607658462626));
#3473 = DIRECTION('',(-7.117587211257E-16,-0.389722413022,0.920932375796
    ));
#3474 = DIRECTION('',(-6.009531515676E-17,0.920932375796,0.389722413022)
  );
#3475 = DEFINITIONAL_REPRESENTATION('',(#3476),#3479);
#3476 = B_SPLINE_CURVE_WITH_KNOTS('',1,(#3477,#3478),.UNSPECIFIED.,.F.,
  .F.,(2,2),(0.,6.28318530718),.PIECEWISE_BEZIER_KNOTS.);
#3477 = CARTESIAN_POINT('',(0.,0.));
#3478 = CARTESIAN_POINT('',(6.28318530718,0.));
#3479 = ( GEOMETRIC_REPRESENTATION_CONTEXT(2) 
PARAMETRIC_REPRESENTATION_CONTEXT() REPRESENTATION_CONTEXT('2D SPACE',''
  ) );
#3480 = FACE_BOUND('',#3481,.F.);
#3481 = EDGE_LOOP('',(#3482));
#3482 = ORIENTED_EDGE('',*,*,#2996,.T.);
#3483 = ADVANCED_FACE('',(#3484,#3514),#3067,.F.);
#3484 = FACE_BOUND('',#3485,.F.);
#3485 = EDGE_LOOP('',(#3486));
#3486 = ORIENTED_EDGE('',*,*,#3487,.T.);
#3487 = EDGE_CURVE('',#3488,#3488,#3490,.T.);
#3488 = VERTEX_POINT('',#3489);
#3489 = CARTESIAN_POINT('',(-30.27521457271,-30.27521457271,
    7.945992940757));
#3490 = SURFACE_CURVE('',#3491,(#3496,#3503),.PCURVE_S1.);
#3491 = CIRCLE('',#3492,6.);
#3492 = AXIS2_PLACEMENT_3D('',#3493,#3494,#3495);
#3493 = CARTESIAN_POINT('',(-34.18239974035,-34.18239974035,
    5.607658462626));
#3494 = DIRECTION('',(-0.275575361028,-0.275575361028,0.920932375796));
#3495 = DIRECTION('',(0.651197527939,0.651197527939,0.389722413022));
#3496 = PCURVE('',#3067,#3497);
#3497 = DEFINITIONAL_REPRESENTATION('',(#3498),#3502);
#3498 = CIRCLE('',#3499,6.);
#3499 = AXIS2_PLACEMENT_2D('',#3500,#3501);
#3500 = CARTESIAN_POINT('',(-3.271809048739E-15,3.5527136788E-15));
#3501 = DIRECTION('',(-1.,-1.665334536938E-16));
#3502 = ( GEOMETRIC_REPRESENTATION_CONTEXT(2) 
PARAMETRIC_REPRESENTATION_CONTEXT() REPRESENTATION_CONTEXT('2D SPACE',''
  ) );
#3503 = PCURVE('',#3504,#3509);
#3504 = CYLINDRICAL_SURFACE('',#3505,6.);
#3505 = AXIS2_PLACEMENT_3D('',#3506,#3507,#3508);
#3506 = CARTESIAN_POINT('',(-34.18239974035,-34.18239974035,
    5.607658462626));
#3507 = DIRECTION('',(-0.275575361028,-0.275575361028,0.920932375796));
#3508 = DIRECTION('',(0.651197527939,0.651197527939,0.389722413022));
#3509 = DEFINITIONAL_REPRESENTATION('',(#3510),#3513);
#3510 = B_SPLINE_CURVE_WITH_KNOTS('',1,(#3511,#3512),.UNSPECIFIED.,.F.,
  .F.,(2,2),(0.,6.28318530718),.PIECEWISE_BEZIER_KNOTS.);
#3511 = CARTESIAN_POINT('',(0.,0.));
#3512 = CARTESIAN_POINT('',(6.28318530718,0.));
#3513 = ( GEOMETRIC_REPRESENTATION_CONTEXT(2) 
PARAMETRIC_REPRESENTATION_CONTEXT() REPRESENTATION_CONTEXT('2D SPACE',''
  ) );
#3514 = FACE_BOUND('',#3515,.F.);
#3515 = EDGE_LOOP('',(#3516));
#3516 = ORIENTED_EDGE('',*,*,#3053,.T.);
#3517 = ADVANCED_FACE('',(#3518,#3548),#3124,.F.);
#3518 = FACE_BOUND('',#3519,.F.);
#3519 = EDGE_LOOP('',(#3520));
#3520 = ORIENTED_EDGE('',*,*,#3521,.T.);
#3521 = EDGE_CURVE('',#3522,#3522,#3524,.T.);
#3522 = VERTEX_POINT('',#3523);
#3523 = CARTESIAN_POINT('',(-42.81561905249,-7.010714396703E-15,
    7.945992940757));
#3524 = SURFACE_CURVE('',#3525,(#3530,#3537),.PCURVE_S1.);
#3525 = CIRCLE('',#3526,6.);
#3526 = AXIS2_PLACEMENT_3D('',#3527,#3528,#3529);
#3527 = CARTESIAN_POINT('',(-48.34121330726,-1.7763568394E-14,
    5.607658462626));
#3528 = DIRECTION('',(-0.389722413022,6.684908415108E-16,0.920932375796)
  );
#3529 = DIRECTION('',(0.920932375796,1.110223024625E-16,0.389722413022)
  );
#3530 = PCURVE('',#3124,#3531);
#3531 = DEFINITIONAL_REPRESENTATION('',(#3532),#3536);
#3532 = CIRCLE('',#3533,6.);
#3533 = AXIS2_PLACEMENT_2D('',#3534,#3535);
#3534 = CARTESIAN_POINT('',(7.582047208237E-15,5.594030636997E-15));
#3535 = DIRECTION('',(-1.,-3.562552725574E-17));
#3536 = ( GEOMETRIC_REPRESENTATION_CONTEXT(2) 
PARAMETRIC_REPRESENTATION_CONTEXT() REPRESENTATION_CONTEXT('2D SPACE',''
  ) );
#3537 = PCURVE('',#3538,#3543);
#3538 = CYLINDRICAL_SURFACE('',#3539,6.);
#3539 = AXIS2_PLACEMENT_3D('',#3540,#3541,#3542);
#3540 = CARTESIAN_POINT('',(-48.34121330726,-7.921524549171E-15,
    5.607658462626));
#3541 = DIRECTION('',(-0.389722413022,6.729501924622E-16,0.920932375796)
  );
#3542 = DIRECTION('',(0.920932375796,1.51801692078E-16,0.389722413022));
#3543 = DEFINITIONAL_REPRESENTATION('',(#3544),#3547);
#3544 = B_SPLINE_CURVE_WITH_KNOTS('',1,(#3545,#3546),.UNSPECIFIED.,.F.,
  .F.,(2,2),(0.,6.28318530718),.PIECEWISE_BEZIER_KNOTS.);
#3545 = CARTESIAN_POINT('',(0.,0.));
#3546 = CARTESIAN_POINT('',(6.28318530718,0.));
#3547 = ( GEOMETRIC_REPRESENTATION_CONTEXT(2) 
PARAMETRIC_REPRESENTATION_CONTEXT() REPRESENTATION_CONTEXT('2D SPACE',''
  ) );
#3548 = FACE_BOUND('',#3549,.F.);
#3549 = EDGE_LOOP('',(#3550));
#3550 = ORIENTED_EDGE('',*,*,#3110,.T.);
#3551 = ADVANCED_FACE('',(#3552,#3582),#3181,.F.);
#3552 = FACE_BOUND('',#3553,.F.);
#3553 = EDGE_LOOP('',(#3554));
#3554 = ORIENTED_EDGE('',*,*,#3555,.T.);
#3555 = EDGE_CURVE('',#3556,#3556,#3558,.T.);
#3556 = VERTEX_POINT('',#3557);
#3557 = CARTESIAN_POINT('',(-30.27521457271,30.275214572716,
    7.945992940757));
#3558 = SURFACE_CURVE('',#3559,(#3564,#3571),.PCURVE_S1.);
#3559 = CIRCLE('',#3560,6.);
#3560 = AXIS2_PLACEMENT_3D('',#3561,#3562,#3563);
#3561 = CARTESIAN_POINT('',(-34.18239974035,34.182399740351,
    5.607658462626));
#3562 = DIRECTION('',(-0.275575361028,0.275575361028,0.920932375796));
#3563 = DIRECTION('',(0.651197527939,-0.651197527939,0.389722413022));
#3564 = PCURVE('',#3181,#3565);
#3565 = DEFINITIONAL_REPRESENTATION('',(#3566),#3570);
#3566 = CIRCLE('',#3567,6.);
#3567 = AXIS2_PLACEMENT_2D('',#3568,#3569);
#3568 = CARTESIAN_POINT('',(0.,0.));
#3569 = DIRECTION('',(-1.,1.110223024625E-16));
#3570 = ( GEOMETRIC_REPRESENTATION_CONTEXT(2) 
PARAMETRIC_REPRESENTATION_CONTEXT() REPRESENTATION_CONTEXT('2D SPACE',''
  ) );
#3571 = PCURVE('',#3572,#3577);
#3572 = CYLINDRICAL_SURFACE('',#3573,6.);
#3573 = AXIS2_PLACEMENT_3D('',#3574,#3575,#3576);
#3574 = CARTESIAN_POINT('',(-34.18239974035,34.182399740351,
    5.607658462626));
#3575 = DIRECTION('',(-0.275575361028,0.275575361028,0.920932375796));
#3576 = DIRECTION('',(0.651197527939,-0.651197527939,0.389722413022));
#3577 = DEFINITIONAL_REPRESENTATION('',(#3578),#3581);
#3578 = B_SPLINE_CURVE_WITH_KNOTS('',1,(#3579,#3580),.UNSPECIFIED.,.F.,
  .F.,(2,2),(0.,6.28318530718),.PIECEWISE_BEZIER_KNOTS.);
#3579 = CARTESIAN_POINT('',(0.,0.));
#3580 = CARTESIAN_POINT('',(6.28318530718,0.));
#3581 = ( GEOMETRIC_REPRESENTATION_CONTEXT(2) 
PARAMETRIC_REPRESENTATION_CONTEXT() REPRESENTATION_CONTEXT('2D SPACE',''
  ) );
#3582 = FACE_BOUND('',#3583,.F.);
#3583 = EDGE_LOOP('',(#3584));
#3584 = ORIENTED_EDGE('',*,*,#3167,.T.);
#3585 = ADVANCED_FACE('',(#3586,#3616),#3238,.F.);
#3586 = FACE_BOUND('',#3587,.F.);
#3587 = EDGE_LOOP('',(#3588));
#3588 = ORIENTED_EDGE('',*,*,#3589,.T.);
#3589 = EDGE_CURVE('',#3590,#3590,#3592,.T.);
#3590 = VERTEX_POINT('',#3591);
#3591 = CARTESIAN_POINT('',(-1.279372146055E-14,42.81561905249,
    7.945992940757));
#3592 = SURFACE_CURVE('',#3593,(#3598,#3605),.PCURVE_S1.);
#3593 = CIRCLE('',#3594,6.);
#3594 = AXIS2_PLACEMENT_3D('',#3595,#3596,#3597);
#3595 = CARTESIAN_POINT('',(-1.2210113882E-14,48.341213307263,
    5.607658462626));
#3596 = DIRECTION('',(5.502664487222E-17,0.389722413022,0.920932375796)
  );
#3597 = DIRECTION('',(-9.726792975981E-17,-0.920932375796,0.389722413022
    ));
#3598 = PCURVE('',#3238,#3599);
#3599 = DEFINITIONAL_REPRESENTATION('',(#3600),#3604);
#3600 = CIRCLE('',#3601,6.);
#3601 = AXIS2_PLACEMENT_2D('',#3602,#3603);
#3602 = CARTESIAN_POINT('',(-7.928190245156E-15,5.052943016995E-16));
#3603 = DIRECTION('',(-1.,-4.976103013281E-18));
#3604 = ( GEOMETRIC_REPRESENTATION_CONTEXT(2) 
PARAMETRIC_REPRESENTATION_CONTEXT() REPRESENTATION_CONTEXT('2D SPACE',''
  ) );
#3605 = PCURVE('',#3606,#3611);
#3606 = CYLINDRICAL_SURFACE('',#3607,6.);
#3607 = AXIS2_PLACEMENT_3D('',#3608,#3609,#3610);
#3608 = CARTESIAN_POINT('',(-1.2210113882E-14,48.341213307263,
    5.607658462626));
#3609 = DIRECTION('',(5.502664487222E-17,0.389722413022,0.920932375796)
  );
#3610 = DIRECTION('',(-9.726792975981E-17,-0.920932375796,0.389722413022
    ));
#3611 = DEFINITIONAL_REPRESENTATION('',(#3612),#3615);
#3612 = B_SPLINE_CURVE_WITH_KNOTS('',1,(#3613,#3614),.UNSPECIFIED.,.F.,
  .F.,(2,2),(0.,6.28318530718),.PIECEWISE_BEZIER_KNOTS.);
#3613 = CARTESIAN_POINT('',(0.,0.));
#3614 = CARTESIAN_POINT('',(6.28318530718,0.));
#3615 = ( GEOMETRIC_REPRESENTATION_CONTEXT(2) 
PARAMETRIC_REPRESENTATION_CONTEXT() REPRESENTATION_CONTEXT('2D SPACE',''
  ) );
#3616 = FACE_BOUND('',#3617,.F.);
#3617 = EDGE_LOOP('',(#3618));
#3618 = ORIENTED_EDGE('',*,*,#3224,.T.);
#3619 = ADVANCED_FACE('',(#3620,#3650),#3295,.F.);
#3620 = FACE_BOUND('',#3621,.F.);
#3621 = EDGE_LOOP('',(#3622));
#3622 = ORIENTED_EDGE('',*,*,#3623,.T.);
#3623 = EDGE_CURVE('',#3624,#3624,#3626,.T.);
#3624 = VERTEX_POINT('',#3625);
#3625 = CARTESIAN_POINT('',(30.275214572716,30.275214572716,
    7.945992940757));
#3626 = SURFACE_CURVE('',#3627,(#3632,#3639),.PCURVE_S1.);
#3627 = CIRCLE('',#3628,6.);
#3628 = AXIS2_PLACEMENT_3D('',#3629,#3630,#3631);
#3629 = CARTESIAN_POINT('',(34.182399740351,34.182399740351,
    5.607658462626));
#3630 = DIRECTION('',(0.275575361028,0.275575361028,0.920932375796));
#3631 = DIRECTION('',(-0.651197527939,-0.651197527939,0.389722413022));
#3632 = PCURVE('',#3295,#3633);
#3633 = DEFINITIONAL_REPRESENTATION('',(#3634),#3638);
#3634 = CIRCLE('',#3635,6.);
#3635 = AXIS2_PLACEMENT_2D('',#3636,#3637);
#3636 = CARTESIAN_POINT('',(-1.312873553703E-14,2.081131489813E-15));
#3637 = DIRECTION('',(-1.,-1.665334536938E-16));
#3638 = ( GEOMETRIC_REPRESENTATION_CONTEXT(2) 
PARAMETRIC_REPRESENTATION_CONTEXT() REPRESENTATION_CONTEXT('2D SPACE',''
  ) );
#3639 = PCURVE('',#3640,#3645);
#3640 = CYLINDRICAL_SURFACE('',#3641,6.);
#3641 = AXIS2_PLACEMENT_3D('',#3642,#3643,#3644);
#3642 = CARTESIAN_POINT('',(34.182399740351,34.182399740351,
    5.607658462626));
#3643 = DIRECTION('',(0.275575361028,0.275575361028,0.920932375796));
#3644 = DIRECTION('',(-0.651197527939,-0.651197527939,0.389722413022));
#3645 = DEFINITIONAL_REPRESENTATION('',(#3646),#3649);
#3646 = B_SPLINE_CURVE_WITH_KNOTS('',1,(#3647,#3648),.UNSPECIFIED.,.F.,
  .F.,(2,2),(0.,6.28318530718),.PIECEWISE_BEZIER_KNOTS.);
#3647 = CARTESIAN_POINT('',(0.,0.));
#3648 = CARTESIAN_POINT('',(6.28318530718,0.));
#3649 = ( GEOMETRIC_REPRESENTATION_CONTEXT(2) 
PARAMETRIC_REPRESENTATION_CONTEXT() REPRESENTATION_CONTEXT('2D SPACE',''
  ) );
#3650 = FACE_BOUND('',#3651,.F.);
#3651 = EDGE_LOOP('',(#3652));
#3652 = ORIENTED_EDGE('',*,*,#3281,.T.);
#3653 = ADVANCED_FACE('',(#3654),#3332,.T.);
#3654 = FACE_BOUND('',#3655,.F.);
#3655 = EDGE_LOOP('',(#3656,#3683,#3702,#3703));
#3656 = ORIENTED_EDGE('',*,*,#3657,.T.);
#3657 = EDGE_CURVE('',#3658,#3658,#3660,.T.);
#3658 = VERTEX_POINT('',#3659);
#3659 = CARTESIAN_POINT('',(9.272636772,3.659608319357E-14,
    164.81410663376));
#3660 = SURFACE_CURVE('',#3661,(#3666,#3672),.PCURVE_S1.);
#3661 = CIRCLE('',#3662,9.272636772);
#3662 = AXIS2_PLACEMENT_3D('',#3663,#3664,#3665);
#3663 = CARTESIAN_POINT('',(0.,3.659608319357E-14,164.81410663376));
#3664 = DIRECTION('',(-0.,2.22044604925E-16,1.));
#3665 = DIRECTION('',(1.,0.,0.));
#3666 = PCURVE('',#3332,#3667);
#3667 = DEFINITIONAL_REPRESENTATION('',(#3668),#3671);
#3668 = B_SPLINE_CURVE_WITH_KNOTS('',1,(#3669,#3670),.UNSPECIFIED.,.F.,
  .F.,(2,2),(0.,6.28318530718),.PIECEWISE_BEZIER_KNOTS.);
#3669 = CARTESIAN_POINT('',(0.,0.));
#3670 = CARTESIAN_POINT('',(-6.28318530718,0.));
#3671 = ( GEOMETRIC_REPRESENTATION_CONTEXT(2) 
PARAMETRIC_REPRESENTATION_CONTEXT() REPRESENTATION_CONTEXT('2D SPACE',''
  ) );
#3672 = PCURVE('',#3673,#3678);
#3673 = CONICAL_SURFACE('',#3674,10.27198876427,1.534794167765);
#3674 = AXIS2_PLACEMENT_3D('',#3675,#3676,#3677);
#3675 = CARTESIAN_POINT('',(0.,3.660407555193E-14,164.85010101589));
#3676 = DIRECTION('',(0.,2.22044604925E-16,1.));
#3677 = DIRECTION('',(1.,0.,0.));
#3678 = DEFINITIONAL_REPRESENTATION('',(#3679),#3682);
#3679 = B_SPLINE_CURVE_WITH_KNOTS('',1,(#3680,#3681),.UNSPECIFIED.,.F.,
  .F.,(2,2),(0.,6.28318530718),.PIECEWISE_BEZIER_KNOTS.);
#3680 = CARTESIAN_POINT('',(0.,-3.599438213493E-02));
#3681 = CARTESIAN_POINT('',(6.28318530718,-3.599438213493E-02));
#3682 = ( GEOMETRIC_REPRESENTATION_CONTEXT(2) 
PARAMETRIC_REPRESENTATION_CONTEXT() REPRESENTATION_CONTEXT('2D SPACE',''
  ) );
#3683 = ORIENTED_EDGE('',*,*,#3684,.T.);
#3684 = EDGE_CURVE('',#3658,#3317,#3685,.T.);
#3685 = SEAM_CURVE('',#3686,(#3690,#3696),.PCURVE_S1.);
#3686 = LINE('',#3687,#3688);
#3687 = CARTESIAN_POINT('',(9.272636772,3.659608319357E-14,
    164.81410663376));
#3688 = VECTOR('',#3689,1.);
#3689 = DIRECTION('',(3.599438213493E-02,-2.219007183047E-16,
    -0.99935199227));
#3690 = PCURVE('',#3332,#3691);
#3691 = DEFINITIONAL_REPRESENTATION('',(#3692),#3695);
#3692 = B_SPLINE_CURVE_WITH_KNOTS('',1,(#3693,#3694),.UNSPECIFIED.,.F.,
  .F.,(2,2),(0.,20.),.PIECEWISE_BEZIER_KNOTS.);
#3693 = CARTESIAN_POINT('',(0.,0.));
#3694 = CARTESIAN_POINT('',(0.,19.987039845407));
#3695 = ( GEOMETRIC_REPRESENTATION_CONTEXT(2) 
PARAMETRIC_REPRESENTATION_CONTEXT() REPRESENTATION_CONTEXT('2D SPACE',''
  ) );
#3696 = PCURVE('',#3332,#3697);
#3697 = DEFINITIONAL_REPRESENTATION('',(#3698),#3701);
#3698 = B_SPLINE_CURVE_WITH_KNOTS('',1,(#3699,#3700),.UNSPECIFIED.,.F.,
  .F.,(2,2),(0.,20.),.PIECEWISE_BEZIER_KNOTS.);
#3699 = CARTESIAN_POINT('',(-6.28318530718,0.));
#3700 = CARTESIAN_POINT('',(-6.28318530718,19.987039845407));
#3701 = ( GEOMETRIC_REPRESENTATION_CONTEXT(2) 
PARAMETRIC_REPRESENTATION_CONTEXT() REPRESENTATION_CONTEXT('2D SPACE',''
  ) );
#3702 = ORIENTED_EDGE('',*,*,#3316,.F.);
#3703 = ORIENTED_EDGE('',*,*,#3684,.F.);
#3704 = ADVANCED_FACE('',(#3705,#3735),#3403,.T.);
#3705 = FACE_BOUND('',#3706,.F.);
#3706 = EDGE_LOOP('',(#3707));
#3707 = ORIENTED_EDGE('',*,*,#3708,.T.);
#3708 = EDGE_CURVE('',#3709,#3709,#3711,.T.);
#3709 = VERTEX_POINT('',#3710);
#3710 = CARTESIAN_POINT('',(12.127036916711,0.,0.));
#3711 = SURFACE_CURVE('',#3712,(#3717,#3724),.PCURVE_S1.);
#3712 = CIRCLE('',#3713,12.127036916711);
#3713 = AXIS2_PLACEMENT_3D('',#3714,#3715,#3716);
#3714 = CARTESIAN_POINT('',(0.,0.,0.));
#3715 = DIRECTION('',(0.,-2.22044604925E-16,-1.));
#3716 = DIRECTION('',(1.,0.,0.));
#3717 = PCURVE('',#3403,#3718);
#3718 = DEFINITIONAL_REPRESENTATION('',(#3719),#3723);
#3719 = CIRCLE('',#3720,12.127036916711);
#3720 = AXIS2_PLACEMENT_2D('',#3721,#3722);
#3721 = CARTESIAN_POINT('',(0.,0.));
#3722 = DIRECTION('',(1.,-0.));
#3723 = ( GEOMETRIC_REPRESENTATION_CONTEXT(2) 
PARAMETRIC_REPRESENTATION_CONTEXT() REPRESENTATION_CONTEXT('2D SPACE',''
  ) );
#3724 = PCURVE('',#3725,#3730);
#3725 = CYLINDRICAL_SURFACE('',#3726,12.127036916711);
#3726 = AXIS2_PLACEMENT_3D('',#3727,#3728,#3729);
#3727 = CARTESIAN_POINT('',(0.,6.661338147751E-15,30.));
#3728 = DIRECTION('',(0.,-2.22044604925E-16,-1.));
#3729 = DIRECTION('',(1.,0.,0.));
#3730 = DEFINITIONAL_REPRESENTATION('',(#3731),#3734);
#3731 = B_SPLINE_CURVE_WITH_KNOTS('',1,(#3732,#3733),.UNSPECIFIED.,.F.,
  .F.,(2,2),(0.,6.28318530718),.PIECEWISE_BEZIER_KNOTS.);
#3732 = CARTESIAN_POINT('',(0.,30.));
#3733 = CARTESIAN_POINT('',(6.28318530718,30.));
#3734 = ( GEOMETRIC_REPRESENTATION_CONTEXT(2) 
PARAMETRIC_REPRESENTATION_CONTEXT() REPRESENTATION_CONTEXT('2D SPACE',''
  ) );
#3735 = FACE_BOUND('',#3736,.F.);
#3736 = EDGE_LOOP('',(#3737));
#3737 = ORIENTED_EDGE('',*,*,#3389,.F.);
#3738 = ADVANCED_FACE('',(#3739),#3436,.F.);
#3739 = FACE_BOUND('',#3740,.F.);
#3740 = EDGE_LOOP('',(#3741,#3742,#3763,#3788));
#3741 = ORIENTED_EDGE('',*,*,#3419,.F.);
#3742 = ORIENTED_EDGE('',*,*,#3743,.T.);
#3743 = EDGE_CURVE('',#3420,#3744,#3746,.T.);
#3744 = VERTEX_POINT('',#3745);
#3745 = CARTESIAN_POINT('',(30.272458819106,-30.2724588191,
    7.936783616999));
#3746 = SEAM_CURVE('',#3747,(#3751,#3757),.PCURVE_S1.);
#3747 = LINE('',#3748,#3749);
#3748 = CARTESIAN_POINT('',(30.275214572716,-30.27521457271,
    7.945992940757));
#3749 = VECTOR('',#3750,1.);
#3750 = DIRECTION('',(-0.275575361028,0.275575361028,-0.920932375796));
#3751 = PCURVE('',#3436,#3752);
#3752 = DEFINITIONAL_REPRESENTATION('',(#3753),#3756);
#3753 = B_SPLINE_CURVE_WITH_KNOTS('',1,(#3754,#3755),.UNSPECIFIED.,.F.,
  .F.,(2,2),(0.,9.999999999997E-03),.PIECEWISE_BEZIER_KNOTS.);
#3754 = CARTESIAN_POINT('',(6.28318530718,0.));
#3755 = CARTESIAN_POINT('',(6.28318530718,-9.999999999997E-03));
#3756 = ( GEOMETRIC_REPRESENTATION_CONTEXT(2) 
PARAMETRIC_REPRESENTATION_CONTEXT() REPRESENTATION_CONTEXT('2D SPACE',''
  ) );
#3757 = PCURVE('',#3436,#3758);
#3758 = DEFINITIONAL_REPRESENTATION('',(#3759),#3762);
#3759 = B_SPLINE_CURVE_WITH_KNOTS('',1,(#3760,#3761),.UNSPECIFIED.,.F.,
  .F.,(2,2),(0.,9.999999999997E-03),.PIECEWISE_BEZIER_KNOTS.);
#3760 = CARTESIAN_POINT('',(0.,0.));
#3761 = CARTESIAN_POINT('',(0.,-9.999999999997E-03));
#3762 = ( GEOMETRIC_REPRESENTATION_CONTEXT(2) 
PARAMETRIC_REPRESENTATION_CONTEXT() REPRESENTATION_CONTEXT('2D SPACE',''
  ) );
#3763 = ORIENTED_EDGE('',*,*,#3764,.T.);
#3764 = EDGE_CURVE('',#3744,#3744,#3765,.T.);
#3765 = SURFACE_CURVE('',#3766,(#3771,#3777),.PCURVE_S1.);
#3766 = CIRCLE('',#3767,6.);
#3767 = AXIS2_PLACEMENT_3D('',#3768,#3769,#3770);
#3768 = CARTESIAN_POINT('',(34.179643986741,-34.17964398674,
    5.598449138868));
#3769 = DIRECTION('',(0.275575361028,-0.275575361028,0.920932375796));
#3770 = DIRECTION('',(-0.651197527939,0.651197527939,0.389722413022));
#3771 = PCURVE('',#3436,#3772);
#3772 = DEFINITIONAL_REPRESENTATION('',(#3773),#3776);
#3773 = B_SPLINE_CURVE_WITH_KNOTS('',1,(#3774,#3775),.UNSPECIFIED.,.F.,
  .F.,(2,2),(0.,6.28318530718),.PIECEWISE_BEZIER_KNOTS.);
#3774 = CARTESIAN_POINT('',(1.241267076624E-16,-1.E-02));
#3775 = CARTESIAN_POINT('',(6.28318530718,-1.E-02));
#3776 = ( GEOMETRIC_REPRESENTATION_CONTEXT(2) 
PARAMETRIC_REPRESENTATION_CONTEXT() REPRESENTATION_CONTEXT('2D SPACE',''
  ) );
#3777 = PCURVE('',#3778,#3783);
#3778 = CONICAL_SURFACE('',#3779,6.,0.785398163397);
#3779 = AXIS2_PLACEMENT_3D('',#3780,#3781,#3782);
#3780 = CARTESIAN_POINT('',(34.179643986741,-34.17964398674,
    5.598449138868));
#3781 = DIRECTION('',(0.275575361028,-0.275575361028,0.920932375796));
#3782 = DIRECTION('',(-0.651197527939,0.651197527939,0.389722413022));
#3783 = DEFINITIONAL_REPRESENTATION('',(#3784),#3787);
#3784 = B_SPLINE_CURVE_WITH_KNOTS('',1,(#3785,#3786),.UNSPECIFIED.,.F.,
  .F.,(2,2),(0.,6.28318530718),.PIECEWISE_BEZIER_KNOTS.);
#3785 = CARTESIAN_POINT('',(0.,0.));
#3786 = CARTESIAN_POINT('',(6.28318530718,0.));
#3787 = ( GEOMETRIC_REPRESENTATION_CONTEXT(2) 
PARAMETRIC_REPRESENTATION_CONTEXT() REPRESENTATION_CONTEXT('2D SPACE',''
  ) );
#3788 = ORIENTED_EDGE('',*,*,#3743,.F.);
#3789 = ADVANCED_FACE('',(#3790),#3470,.F.);
#3790 = FACE_BOUND('',#3791,.F.);
#3791 = EDGE_LOOP('',(#3792,#3793,#3814,#3839));
#3792 = ORIENTED_EDGE('',*,*,#3453,.F.);
#3793 = ORIENTED_EDGE('',*,*,#3794,.T.);
#3794 = EDGE_CURVE('',#3454,#3795,#3797,.T.);
#3795 = VERTEX_POINT('',#3796);
#3796 = CARTESIAN_POINT('',(2.773981178117E-15,-42.81172182836,
    7.936783616999));
#3797 = SEAM_CURVE('',#3798,(#3802,#3808),.PCURVE_S1.);
#3798 = LINE('',#3799,#3800);
#3799 = CARTESIAN_POINT('',(2.747138262187E-15,-42.81561905249,
    7.945992940757));
#3800 = VECTOR('',#3801,1.);
#3801 = DIRECTION('',(7.117587211257E-16,0.389722413022,-0.920932375796)
  );
#3802 = PCURVE('',#3470,#3803);
#3803 = DEFINITIONAL_REPRESENTATION('',(#3804),#3807);
#3804 = B_SPLINE_CURVE_WITH_KNOTS('',1,(#3805,#3806),.UNSPECIFIED.,.F.,
  .F.,(2,2),(0.,9.999999999997E-03),.PIECEWISE_BEZIER_KNOTS.);
#3805 = CARTESIAN_POINT('',(6.28318530718,0.));
#3806 = CARTESIAN_POINT('',(6.28318530718,-9.999999999997E-03));
#3807 = ( GEOMETRIC_REPRESENTATION_CONTEXT(2) 
PARAMETRIC_REPRESENTATION_CONTEXT() REPRESENTATION_CONTEXT('2D SPACE',''
  ) );
#3808 = PCURVE('',#3470,#3809);
#3809 = DEFINITIONAL_REPRESENTATION('',(#3810),#3813);
#3810 = B_SPLINE_CURVE_WITH_KNOTS('',1,(#3811,#3812),.UNSPECIFIED.,.F.,
  .F.,(2,2),(0.,9.999999999997E-03),.PIECEWISE_BEZIER_KNOTS.);
#3811 = CARTESIAN_POINT('',(0.,0.));
#3812 = CARTESIAN_POINT('',(0.,-9.999999999997E-03));
#3813 = ( GEOMETRIC_REPRESENTATION_CONTEXT(2) 
PARAMETRIC_REPRESENTATION_CONTEXT() REPRESENTATION_CONTEXT('2D SPACE',''
  ) );
#3814 = ORIENTED_EDGE('',*,*,#3815,.T.);
#3815 = EDGE_CURVE('',#3795,#3795,#3816,.T.);
#3816 = SURFACE_CURVE('',#3817,(#3822,#3828),.PCURVE_S1.);
#3817 = CIRCLE('',#3818,6.);
#3818 = AXIS2_PLACEMENT_3D('',#3819,#3820,#3821);
#3819 = CARTESIAN_POINT('',(3.114628494594E-15,-48.33731608313,
    5.598449138868));
#3820 = DIRECTION('',(-6.91834146662E-16,-0.389722413022,0.920932375796)
  );
#3821 = DIRECTION('',(-5.677455274614E-17,0.920932375796,0.389722413022)
  );
#3822 = PCURVE('',#3470,#3823);
#3823 = DEFINITIONAL_REPRESENTATION('',(#3824),#3827);
#3824 = B_SPLINE_CURVE_WITH_KNOTS('',1,(#3825,#3826),.UNSPECIFIED.,.F.,
  .F.,(2,2),(0.,6.28318530718),.PIECEWISE_BEZIER_KNOTS.);
#3825 = CARTESIAN_POINT('',(0.,-1.E-02));
#3826 = CARTESIAN_POINT('',(6.28318530718,-1.E-02));
#3827 = ( GEOMETRIC_REPRESENTATION_CONTEXT(2) 
PARAMETRIC_REPRESENTATION_CONTEXT() REPRESENTATION_CONTEXT('2D SPACE',''
  ) );
#3828 = PCURVE('',#3829,#3834);
#3829 = CONICAL_SURFACE('',#3830,6.,0.785398163397);
#3830 = AXIS2_PLACEMENT_3D('',#3831,#3832,#3833);
#3831 = CARTESIAN_POINT('',(3.114628494594E-15,-48.33731608313,
    5.598449138868));
#3832 = DIRECTION('',(-6.91834146662E-16,-0.389722413022,0.920932375796)
  );
#3833 = DIRECTION('',(-5.677455274614E-17,0.920932375796,0.389722413022)
  );
#3834 = DEFINITIONAL_REPRESENTATION('',(#3835),#3838);
#3835 = B_SPLINE_CURVE_WITH_KNOTS('',1,(#3836,#3837),.UNSPECIFIED.,.F.,
  .F.,(2,2),(0.,6.28318530718),.PIECEWISE_BEZIER_KNOTS.);
#3836 = CARTESIAN_POINT('',(0.,0.));
#3837 = CARTESIAN_POINT('',(6.28318530718,0.));
#3838 = ( GEOMETRIC_REPRESENTATION_CONTEXT(2) 
PARAMETRIC_REPRESENTATION_CONTEXT() REPRESENTATION_CONTEXT('2D SPACE',''
  ) );
#3839 = ORIENTED_EDGE('',*,*,#3794,.F.);
#3840 = ADVANCED_FACE('',(#3841),#3504,.F.);
#3841 = FACE_BOUND('',#3842,.F.);
#3842 = EDGE_LOOP('',(#3843,#3844,#3865,#3890));
#3843 = ORIENTED_EDGE('',*,*,#3487,.F.);
#3844 = ORIENTED_EDGE('',*,*,#3845,.T.);
#3845 = EDGE_CURVE('',#3488,#3846,#3848,.T.);
#3846 = VERTEX_POINT('',#3847);
#3847 = CARTESIAN_POINT('',(-30.2724588191,-30.2724588191,7.936783616999
    ));
#3848 = SEAM_CURVE('',#3849,(#3853,#3859),.PCURVE_S1.);
#3849 = LINE('',#3850,#3851);
#3850 = CARTESIAN_POINT('',(-30.27521457271,-30.27521457271,
    7.945992940757));
#3851 = VECTOR('',#3852,1.);
#3852 = DIRECTION('',(0.275575361028,0.275575361028,-0.920932375796));
#3853 = PCURVE('',#3504,#3854);
#3854 = DEFINITIONAL_REPRESENTATION('',(#3855),#3858);
#3855 = B_SPLINE_CURVE_WITH_KNOTS('',1,(#3856,#3857),.UNSPECIFIED.,.F.,
  .F.,(2,2),(0.,9.999999999997E-03),.PIECEWISE_BEZIER_KNOTS.);
#3856 = CARTESIAN_POINT('',(6.28318530718,0.));
#3857 = CARTESIAN_POINT('',(6.28318530718,-9.999999999997E-03));
#3858 = ( GEOMETRIC_REPRESENTATION_CONTEXT(2) 
PARAMETRIC_REPRESENTATION_CONTEXT() REPRESENTATION_CONTEXT('2D SPACE',''
  ) );
#3859 = PCURVE('',#3504,#3860);
#3860 = DEFINITIONAL_REPRESENTATION('',(#3861),#3864);
#3861 = B_SPLINE_CURVE_WITH_KNOTS('',1,(#3862,#3863),.UNSPECIFIED.,.F.,
  .F.,(2,2),(0.,9.999999999997E-03),.PIECEWISE_BEZIER_KNOTS.);
#3862 = CARTESIAN_POINT('',(0.,0.));
#3863 = CARTESIAN_POINT('',(0.,-9.999999999997E-03));
#3864 = ( GEOMETRIC_REPRESENTATION_CONTEXT(2) 
PARAMETRIC_REPRESENTATION_CONTEXT() REPRESENTATION_CONTEXT('2D SPACE',''
  ) );
#3865 = ORIENTED_EDGE('',*,*,#3866,.T.);
#3866 = EDGE_CURVE('',#3846,#3846,#3867,.T.);
#3867 = SURFACE_CURVE('',#3868,(#3873,#3879),.PCURVE_S1.);
#3868 = CIRCLE('',#3869,6.);
#3869 = AXIS2_PLACEMENT_3D('',#3870,#3871,#3872);
#3870 = CARTESIAN_POINT('',(-34.17964398674,-34.17964398674,
    5.598449138868));
#3871 = DIRECTION('',(-0.275575361028,-0.275575361028,0.920932375796));
#3872 = DIRECTION('',(0.651197527939,0.651197527939,0.389722413022));
#3873 = PCURVE('',#3504,#3874);
#3874 = DEFINITIONAL_REPRESENTATION('',(#3875),#3878);
#3875 = B_SPLINE_CURVE_WITH_KNOTS('',1,(#3876,#3877),.UNSPECIFIED.,.F.,
  .F.,(2,2),(0.,6.28318530718),.PIECEWISE_BEZIER_KNOTS.);
#3876 = CARTESIAN_POINT('',(1.241267076624E-16,-1.E-02));
#3877 = CARTESIAN_POINT('',(6.28318530718,-1.E-02));
#3878 = ( GEOMETRIC_REPRESENTATION_CONTEXT(2) 
PARAMETRIC_REPRESENTATION_CONTEXT() REPRESENTATION_CONTEXT('2D SPACE',''
  ) );
#3879 = PCURVE('',#3880,#3885);
#3880 = CONICAL_SURFACE('',#3881,6.,0.785398163397);
#3881 = AXIS2_PLACEMENT_3D('',#3882,#3883,#3884);
#3882 = CARTESIAN_POINT('',(-34.17964398674,-34.17964398674,
    5.598449138868));
#3883 = DIRECTION('',(-0.275575361028,-0.275575361028,0.920932375796));
#3884 = DIRECTION('',(0.651197527939,0.651197527939,0.389722413022));
#3885 = DEFINITIONAL_REPRESENTATION('',(#3886),#3889);
#3886 = B_SPLINE_CURVE_WITH_KNOTS('',1,(#3887,#3888),.UNSPECIFIED.,.F.,
  .F.,(2,2),(0.,6.28318530718),.PIECEWISE_BEZIER_KNOTS.);
#3887 = CARTESIAN_POINT('',(0.,0.));
#3888 = CARTESIAN_POINT('',(6.28318530718,0.));
#3889 = ( GEOMETRIC_REPRESENTATION_CONTEXT(2) 
PARAMETRIC_REPRESENTATION_CONTEXT() REPRESENTATION_CONTEXT('2D SPACE',''
  ) );
#3890 = ORIENTED_EDGE('',*,*,#3845,.F.);
#3891 = ADVANCED_FACE('',(#3892),#3538,.F.);
#3892 = FACE_BOUND('',#3893,.F.);
#3893 = EDGE_LOOP('',(#3894,#3895,#3916,#3941));
#3894 = ORIENTED_EDGE('',*,*,#3521,.F.);
#3895 = ORIENTED_EDGE('',*,*,#3896,.T.);
#3896 = EDGE_CURVE('',#3522,#3897,#3899,.T.);
#3897 = VERTEX_POINT('',#3898);
#3898 = CARTESIAN_POINT('',(-42.81172182836,-7.037169227347E-15,
    7.936783616999));
#3899 = SEAM_CURVE('',#3900,(#3904,#3910),.PCURVE_S1.);
#3900 = LINE('',#3901,#3902);
#3901 = CARTESIAN_POINT('',(-42.81561905249,-7.010714396703E-15,
    7.945992940757));
#3902 = VECTOR('',#3903,1.);
#3903 = DIRECTION('',(0.389722413022,-6.729501924622E-16,-0.920932375796
    ));
#3904 = PCURVE('',#3538,#3905);
#3905 = DEFINITIONAL_REPRESENTATION('',(#3906),#3909);
#3906 = B_SPLINE_CURVE_WITH_KNOTS('',1,(#3907,#3908),.UNSPECIFIED.,.F.,
  .F.,(2,2),(0.,9.999999999997E-03),.PIECEWISE_BEZIER_KNOTS.);
#3907 = CARTESIAN_POINT('',(6.28318530718,0.));
#3908 = CARTESIAN_POINT('',(6.28318530718,-9.999999999997E-03));
#3909 = ( GEOMETRIC_REPRESENTATION_CONTEXT(2) 
PARAMETRIC_REPRESENTATION_CONTEXT() REPRESENTATION_CONTEXT('2D SPACE',''
  ) );
#3910 = PCURVE('',#3538,#3911);
#3911 = DEFINITIONAL_REPRESENTATION('',(#3912),#3915);
#3912 = B_SPLINE_CURVE_WITH_KNOTS('',1,(#3913,#3914),.UNSPECIFIED.,.F.,
  .F.,(2,2),(0.,9.999999999997E-03),.PIECEWISE_BEZIER_KNOTS.);
#3913 = CARTESIAN_POINT('',(0.,0.));
#3914 = CARTESIAN_POINT('',(0.,-9.999999999997E-03));
#3915 = ( GEOMETRIC_REPRESENTATION_CONTEXT(2) 
PARAMETRIC_REPRESENTATION_CONTEXT() REPRESENTATION_CONTEXT('2D SPACE',''
  ) );
#3916 = ORIENTED_EDGE('',*,*,#3917,.T.);
#3917 = EDGE_CURVE('',#3897,#3897,#3918,.T.);
#3918 = SURFACE_CURVE('',#3919,(#3924,#3930),.PCURVE_S1.);
#3919 = CIRCLE('',#3920,6.);
#3920 = AXIS2_PLACEMENT_3D('',#3921,#3922,#3923);
#3921 = CARTESIAN_POINT('',(-48.33731608313,-7.928054805351E-15,
    5.598449138868));
#3922 = DIRECTION('',(-0.389722413022,6.530256179984E-16,0.920932375796)
  );
#3923 = DIRECTION('',(0.920932375796,1.484809296674E-16,0.389722413022)
  );
#3924 = PCURVE('',#3538,#3925);
#3925 = DEFINITIONAL_REPRESENTATION('',(#3926),#3929);
#3926 = B_SPLINE_CURVE_WITH_KNOTS('',1,(#3927,#3928),.UNSPECIFIED.,.F.,
  .F.,(2,2),(0.,6.28318530718),.PIECEWISE_BEZIER_KNOTS.);
#3927 = CARTESIAN_POINT('',(0.,-1.E-02));
#3928 = CARTESIAN_POINT('',(6.28318530718,-1.E-02));
#3929 = ( GEOMETRIC_REPRESENTATION_CONTEXT(2) 
PARAMETRIC_REPRESENTATION_CONTEXT() REPRESENTATION_CONTEXT('2D SPACE',''
  ) );
#3930 = PCURVE('',#3931,#3936);
#3931 = CONICAL_SURFACE('',#3932,6.,0.785398163397);
#3932 = AXIS2_PLACEMENT_3D('',#3933,#3934,#3935);
#3933 = CARTESIAN_POINT('',(-48.33731608313,-7.928054805351E-15,
    5.598449138868));
#3934 = DIRECTION('',(-0.389722413022,6.530256179984E-16,0.920932375796)
  );
#3935 = DIRECTION('',(0.920932375796,1.484809296674E-16,0.389722413022)
  );
#3936 = DEFINITIONAL_REPRESENTATION('',(#3937),#3940);
#3937 = B_SPLINE_CURVE_WITH_KNOTS('',1,(#3938,#3939),.UNSPECIFIED.,.F.,
  .F.,(2,2),(0.,6.28318530718),.PIECEWISE_BEZIER_KNOTS.);
#3938 = CARTESIAN_POINT('',(0.,0.));
#3939 = CARTESIAN_POINT('',(6.28318530718,0.));
#3940 = ( GEOMETRIC_REPRESENTATION_CONTEXT(2) 
PARAMETRIC_REPRESENTATION_CONTEXT() REPRESENTATION_CONTEXT('2D SPACE',''
  ) );
#3941 = ORIENTED_EDGE('',*,*,#3896,.F.);
#3942 = ADVANCED_FACE('',(#3943),#3572,.F.);
#3943 = FACE_BOUND('',#3944,.F.);
#3944 = EDGE_LOOP('',(#3945,#3946,#3967,#3992));
#3945 = ORIENTED_EDGE('',*,*,#3555,.F.);
#3946 = ORIENTED_EDGE('',*,*,#3947,.T.);
#3947 = EDGE_CURVE('',#3556,#3948,#3950,.T.);
#3948 = VERTEX_POINT('',#3949);
#3949 = CARTESIAN_POINT('',(-30.2724588191,30.272458819106,
    7.936783616999));
#3950 = SEAM_CURVE('',#3951,(#3955,#3961),.PCURVE_S1.);
#3951 = LINE('',#3952,#3953);
#3952 = CARTESIAN_POINT('',(-30.27521457271,30.275214572716,
    7.945992940757));
#3953 = VECTOR('',#3954,1.);
#3954 = DIRECTION('',(0.275575361028,-0.275575361028,-0.920932375796));
#3955 = PCURVE('',#3572,#3956);
#3956 = DEFINITIONAL_REPRESENTATION('',(#3957),#3960);
#3957 = B_SPLINE_CURVE_WITH_KNOTS('',1,(#3958,#3959),.UNSPECIFIED.,.F.,
  .F.,(2,2),(0.,9.999999999996E-03),.PIECEWISE_BEZIER_KNOTS.);
#3958 = CARTESIAN_POINT('',(6.28318530718,0.));
#3959 = CARTESIAN_POINT('',(6.28318530718,-9.999999999996E-03));
#3960 = ( GEOMETRIC_REPRESENTATION_CONTEXT(2) 
PARAMETRIC_REPRESENTATION_CONTEXT() REPRESENTATION_CONTEXT('2D SPACE',''
  ) );
#3961 = PCURVE('',#3572,#3962);
#3962 = DEFINITIONAL_REPRESENTATION('',(#3963),#3966);
#3963 = B_SPLINE_CURVE_WITH_KNOTS('',1,(#3964,#3965),.UNSPECIFIED.,.F.,
  .F.,(2,2),(0.,9.999999999996E-03),.PIECEWISE_BEZIER_KNOTS.);
#3964 = CARTESIAN_POINT('',(0.,0.));
#3965 = CARTESIAN_POINT('',(0.,-9.999999999996E-03));
#3966 = ( GEOMETRIC_REPRESENTATION_CONTEXT(2) 
PARAMETRIC_REPRESENTATION_CONTEXT() REPRESENTATION_CONTEXT('2D SPACE',''
  ) );
#3967 = ORIENTED_EDGE('',*,*,#3968,.T.);
#3968 = EDGE_CURVE('',#3948,#3948,#3969,.T.);
#3969 = SURFACE_CURVE('',#3970,(#3975,#3981),.PCURVE_S1.);
#3970 = CIRCLE('',#3971,6.);
#3971 = AXIS2_PLACEMENT_3D('',#3972,#3973,#3974);
#3972 = CARTESIAN_POINT('',(-34.17964398674,34.179643986741,
    5.598449138868));
#3973 = DIRECTION('',(-0.275575361028,0.275575361028,0.920932375796));
#3974 = DIRECTION('',(0.651197527939,-0.651197527939,0.389722413022));
#3975 = PCURVE('',#3572,#3976);
#3976 = DEFINITIONAL_REPRESENTATION('',(#3977),#3980);
#3977 = B_SPLINE_CURVE_WITH_KNOTS('',1,(#3978,#3979),.UNSPECIFIED.,.F.,
  .F.,(2,2),(0.,6.28318530718),.PIECEWISE_BEZIER_KNOTS.);
#3978 = CARTESIAN_POINT('',(0.,-1.E-02));
#3979 = CARTESIAN_POINT('',(6.28318530718,-1.E-02));
#3980 = ( GEOMETRIC_REPRESENTATION_CONTEXT(2) 
PARAMETRIC_REPRESENTATION_CONTEXT() REPRESENTATION_CONTEXT('2D SPACE',''
  ) );
#3981 = PCURVE('',#3982,#3987);
#3982 = CONICAL_SURFACE('',#3983,6.,0.785398163397);
#3983 = AXIS2_PLACEMENT_3D('',#3984,#3985,#3986);
#3984 = CARTESIAN_POINT('',(-34.17964398674,34.179643986741,
    5.598449138868));
#3985 = DIRECTION('',(-0.275575361028,0.275575361028,0.920932375796));
#3986 = DIRECTION('',(0.651197527939,-0.651197527939,0.389722413022));
#3987 = DEFINITIONAL_REPRESENTATION('',(#3988),#3991);
#3988 = B_SPLINE_CURVE_WITH_KNOTS('',1,(#3989,#3990),.UNSPECIFIED.,.F.,
  .F.,(2,2),(0.,6.28318530718),.PIECEWISE_BEZIER_KNOTS.);
#3989 = CARTESIAN_POINT('',(0.,0.));
#3990 = CARTESIAN_POINT('',(6.28318530718,0.));
#3991 = ( GEOMETRIC_REPRESENTATION_CONTEXT(2) 
PARAMETRIC_REPRESENTATION_CONTEXT() REPRESENTATION_CONTEXT('2D SPACE',''
  ) );
#3992 = ORIENTED_EDGE('',*,*,#3947,.F.);
#3993 = ADVANCED_FACE('',(#3994),#3606,.F.);
#3994 = FACE_BOUND('',#3995,.F.);
#3995 = EDGE_LOOP('',(#3996,#3997,#4018,#4043));
#3996 = ORIENTED_EDGE('',*,*,#3589,.F.);
#3997 = ORIENTED_EDGE('',*,*,#3998,.T.);
#3998 = EDGE_CURVE('',#3590,#3999,#4001,.T.);
#3999 = VERTEX_POINT('',#4000);
#4000 = CARTESIAN_POINT('',(-1.281399705572E-14,42.81172182836,
    7.936783616999));
#4001 = SEAM_CURVE('',#4002,(#4006,#4012),.PCURVE_S1.);
#4002 = LINE('',#4003,#4004);
#4003 = CARTESIAN_POINT('',(-1.279372146055E-14,42.81561905249,
    7.945992940757));
#4004 = VECTOR('',#4005,1.);
#4005 = DIRECTION('',(-5.502664487222E-17,-0.389722413022,
    -0.920932375796));
#4006 = PCURVE('',#3606,#4007);
#4007 = DEFINITIONAL_REPRESENTATION('',(#4008),#4011);
#4008 = B_SPLINE_CURVE_WITH_KNOTS('',1,(#4009,#4010),.UNSPECIFIED.,.F.,
  .F.,(2,2),(0.,9.999999999997E-03),.PIECEWISE_BEZIER_KNOTS.);
#4009 = CARTESIAN_POINT('',(6.28318530718,0.));
#4010 = CARTESIAN_POINT('',(6.28318530718,-9.999999999997E-03));
#4011 = ( GEOMETRIC_REPRESENTATION_CONTEXT(2) 
PARAMETRIC_REPRESENTATION_CONTEXT() REPRESENTATION_CONTEXT('2D SPACE',''
  ) );
#4012 = PCURVE('',#3606,#4013);
#4013 = DEFINITIONAL_REPRESENTATION('',(#4014),#4017);
#4014 = B_SPLINE_CURVE_WITH_KNOTS('',1,(#4015,#4016),.UNSPECIFIED.,.F.,
  .F.,(2,2),(0.,9.999999999997E-03),.PIECEWISE_BEZIER_KNOTS.);
#4015 = CARTESIAN_POINT('',(0.,0.));
#4016 = CARTESIAN_POINT('',(0.,-9.999999999997E-03));
#4017 = ( GEOMETRIC_REPRESENTATION_CONTEXT(2) 
PARAMETRIC_REPRESENTATION_CONTEXT() REPRESENTATION_CONTEXT('2D SPACE',''
  ) );
#4018 = ORIENTED_EDGE('',*,*,#4019,.T.);
#4019 = EDGE_CURVE('',#3999,#3999,#4020,.T.);
#4020 = SURFACE_CURVE('',#4021,(#4026,#4032),.PCURVE_S1.);
#4021 = CIRCLE('',#4022,6.);
#4022 = AXIS2_PLACEMENT_3D('',#4023,#4024,#4025);
#4023 = CARTESIAN_POINT('',(-1.22104649027E-14,48.337316083133,
    5.598449138868));
#4024 = DIRECTION('',(3.51020704085E-17,0.389722413022,0.920932375796));
#4025 = DIRECTION('',(-1.005886921704E-16,-0.920932375796,0.389722413022
    ));
#4026 = PCURVE('',#3606,#4027);
#4027 = DEFINITIONAL_REPRESENTATION('',(#4028),#4031);
#4028 = B_SPLINE_CURVE_WITH_KNOTS('',1,(#4029,#4030),.UNSPECIFIED.,.F.,
  .F.,(2,2),(0.,6.28318530718),.PIECEWISE_BEZIER_KNOTS.);
#4029 = CARTESIAN_POINT('',(0.,-1.E-02));
#4030 = CARTESIAN_POINT('',(6.28318530718,-1.E-02));
#4031 = ( GEOMETRIC_REPRESENTATION_CONTEXT(2) 
PARAMETRIC_REPRESENTATION_CONTEXT() REPRESENTATION_CONTEXT('2D SPACE',''
  ) );
#4032 = PCURVE('',#4033,#4038);
#4033 = CONICAL_SURFACE('',#4034,6.,0.785398163397);
#4034 = AXIS2_PLACEMENT_3D('',#4035,#4036,#4037);
#4035 = CARTESIAN_POINT('',(-1.22104649027E-14,48.337316083133,
    5.598449138868));
#4036 = DIRECTION('',(3.51020704085E-17,0.389722413022,0.920932375796));
#4037 = DIRECTION('',(-1.005886921704E-16,-0.920932375796,0.389722413022
    ));
#4038 = DEFINITIONAL_REPRESENTATION('',(#4039),#4042);
#4039 = B_SPLINE_CURVE_WITH_KNOTS('',1,(#4040,#4041),.UNSPECIFIED.,.F.,
  .F.,(2,2),(0.,6.28318530718),.PIECEWISE_BEZIER_KNOTS.);
#4040 = CARTESIAN_POINT('',(0.,0.));
#4041 = CARTESIAN_POINT('',(6.28318530718,0.));
#4042 = ( GEOMETRIC_REPRESENTATION_CONTEXT(2) 
PARAMETRIC_REPRESENTATION_CONTEXT() REPRESENTATION_CONTEXT('2D SPACE',''
  ) );
#4043 = ORIENTED_EDGE('',*,*,#3998,.F.);
#4044 = ADVANCED_FACE('',(#4045),#3640,.F.);
#4045 = FACE_BOUND('',#4046,.F.);
#4046 = EDGE_LOOP('',(#4047,#4048,#4069,#4094));
#4047 = ORIENTED_EDGE('',*,*,#3623,.F.);
#4048 = ORIENTED_EDGE('',*,*,#4049,.T.);
#4049 = EDGE_CURVE('',#3624,#4050,#4052,.T.);
#4050 = VERTEX_POINT('',#4051);
#4051 = CARTESIAN_POINT('',(30.272458819106,30.272458819106,
    7.936783616999));
#4052 = SEAM_CURVE('',#4053,(#4057,#4063),.PCURVE_S1.);
#4053 = LINE('',#4054,#4055);
#4054 = CARTESIAN_POINT('',(30.275214572716,30.275214572716,
    7.945992940757));
#4055 = VECTOR('',#4056,1.);
#4056 = DIRECTION('',(-0.275575361028,-0.275575361028,-0.920932375796));
#4057 = PCURVE('',#3640,#4058);
#4058 = DEFINITIONAL_REPRESENTATION('',(#4059),#4062);
#4059 = B_SPLINE_CURVE_WITH_KNOTS('',1,(#4060,#4061),.UNSPECIFIED.,.F.,
  .F.,(2,2),(0.,9.999999999996E-03),.PIECEWISE_BEZIER_KNOTS.);
#4060 = CARTESIAN_POINT('',(6.28318530718,0.));
#4061 = CARTESIAN_POINT('',(6.28318530718,-9.999999999996E-03));
#4062 = ( GEOMETRIC_REPRESENTATION_CONTEXT(2) 
PARAMETRIC_REPRESENTATION_CONTEXT() REPRESENTATION_CONTEXT('2D SPACE',''
  ) );
#4063 = PCURVE('',#3640,#4064);
#4064 = DEFINITIONAL_REPRESENTATION('',(#4065),#4068);
#4065 = B_SPLINE_CURVE_WITH_KNOTS('',1,(#4066,#4067),.UNSPECIFIED.,.F.,
  .F.,(2,2),(0.,9.999999999996E-03),.PIECEWISE_BEZIER_KNOTS.);
#4066 = CARTESIAN_POINT('',(0.,0.));
#4067 = CARTESIAN_POINT('',(0.,-9.999999999996E-03));
#4068 = ( GEOMETRIC_REPRESENTATION_CONTEXT(2) 
PARAMETRIC_REPRESENTATION_CONTEXT() REPRESENTATION_CONTEXT('2D SPACE',''
  ) );
#4069 = ORIENTED_EDGE('',*,*,#4070,.T.);
#4070 = EDGE_CURVE('',#4050,#4050,#4071,.T.);
#4071 = SURFACE_CURVE('',#4072,(#4077,#4083),.PCURVE_S1.);
#4072 = CIRCLE('',#4073,6.);
#4073 = AXIS2_PLACEMENT_3D('',#4074,#4075,#4076);
#4074 = CARTESIAN_POINT('',(34.179643986741,34.179643986741,
    5.598449138868));
#4075 = DIRECTION('',(0.275575361028,0.275575361028,0.920932375796));
#4076 = DIRECTION('',(-0.651197527939,-0.651197527939,0.389722413022));
#4077 = PCURVE('',#3640,#4078);
#4078 = DEFINITIONAL_REPRESENTATION('',(#4079),#4082);
#4079 = B_SPLINE_CURVE_WITH_KNOTS('',1,(#4080,#4081),.UNSPECIFIED.,.F.,
  .F.,(2,2),(0.,6.28318530718),.PIECEWISE_BEZIER_KNOTS.);
#4080 = CARTESIAN_POINT('',(5.551115123126E-17,-1.E-02));
#4081 = CARTESIAN_POINT('',(6.28318530718,-1.E-02));
#4082 = ( GEOMETRIC_REPRESENTATION_CONTEXT(2) 
PARAMETRIC_REPRESENTATION_CONTEXT() REPRESENTATION_CONTEXT('2D SPACE',''
  ) );
#4083 = PCURVE('',#4084,#4089);
#4084 = CONICAL_SURFACE('',#4085,6.,0.785398163397);
#4085 = AXIS2_PLACEMENT_3D('',#4086,#4087,#4088);
#4086 = CARTESIAN_POINT('',(34.179643986741,34.179643986741,
    5.598449138868));
#4087 = DIRECTION('',(0.275575361028,0.275575361028,0.920932375796));
#4088 = DIRECTION('',(-0.651197527939,-0.651197527939,0.389722413022));
#4089 = DEFINITIONAL_REPRESENTATION('',(#4090),#4093);
#4090 = B_SPLINE_CURVE_WITH_KNOTS('',1,(#4091,#4092),.UNSPECIFIED.,.F.,
  .F.,(2,2),(0.,6.28318530718),.PIECEWISE_BEZIER_KNOTS.);
#4091 = CARTESIAN_POINT('',(0.,0.));
#4092 = CARTESIAN_POINT('',(6.28318530718,0.));
#4093 = ( GEOMETRIC_REPRESENTATION_CONTEXT(2) 
PARAMETRIC_REPRESENTATION_CONTEXT() REPRESENTATION_CONTEXT('2D SPACE',''
  ) );
#4094 = ORIENTED_EDGE('',*,*,#4049,.F.);
#4095 = ADVANCED_FACE('',(#4096),#3673,.T.);
#4096 = FACE_BOUND('',#4097,.F.);
#4097 = EDGE_LOOP('',(#4098,#4125,#4144,#4145));
#4098 = ORIENTED_EDGE('',*,*,#4099,.T.);
#4099 = EDGE_CURVE('',#4100,#4100,#4102,.T.);
#4100 = VERTEX_POINT('',#4101);
#4101 = CARTESIAN_POINT('',(10.27198876427,3.660407555193E-14,
    164.85010101589));
#4102 = SURFACE_CURVE('',#4103,(#4108,#4114),.PCURVE_S1.);
#4103 = CIRCLE('',#4104,10.27198876427);
#4104 = AXIS2_PLACEMENT_3D('',#4105,#4106,#4107);
#4105 = CARTESIAN_POINT('',(0.,3.660407555193E-14,164.85010101589));
#4106 = DIRECTION('',(-0.,2.22044604925E-16,1.));
#4107 = DIRECTION('',(1.,0.,0.));
#4108 = PCURVE('',#3673,#4109);
#4109 = DEFINITIONAL_REPRESENTATION('',(#4110),#4113);
#4110 = B_SPLINE_CURVE_WITH_KNOTS('',1,(#4111,#4112),.UNSPECIFIED.,.F.,
  .F.,(2,2),(0.,6.28318530718),.PIECEWISE_BEZIER_KNOTS.);
#4111 = CARTESIAN_POINT('',(0.,0.));
#4112 = CARTESIAN_POINT('',(6.28318530718,0.));
#4113 = ( GEOMETRIC_REPRESENTATION_CONTEXT(2) 
PARAMETRIC_REPRESENTATION_CONTEXT() REPRESENTATION_CONTEXT('2D SPACE',''
  ) );
#4114 = PCURVE('',#4115,#4120);
#4115 = CONICAL_SURFACE('',#4116,10.2,3.600215903004E-02);
#4116 = AXIS2_PLACEMENT_3D('',#4117,#4118,#4119);
#4117 = CARTESIAN_POINT('',(0.,3.704787698854E-14,166.84880500044));
#4118 = DIRECTION('',(0.,-2.22044604925E-16,-1.));
#4119 = DIRECTION('',(1.,0.,0.));
#4120 = DEFINITIONAL_REPRESENTATION('',(#4121),#4124);
#4121 = B_SPLINE_CURVE_WITH_KNOTS('',1,(#4122,#4123),.UNSPECIFIED.,.F.,
  .F.,(2,2),(0.,6.28318530718),.PIECEWISE_BEZIER_KNOTS.);
#4122 = CARTESIAN_POINT('',(6.28318530718,1.998703984541));
#4123 = CARTESIAN_POINT('',(0.,1.998703984541));
#4124 = ( GEOMETRIC_REPRESENTATION_CONTEXT(2) 
PARAMETRIC_REPRESENTATION_CONTEXT() REPRESENTATION_CONTEXT('2D SPACE',''
  ) );
#4125 = ORIENTED_EDGE('',*,*,#4126,.T.);
#4126 = EDGE_CURVE('',#4100,#3658,#4127,.T.);
#4127 = SEAM_CURVE('',#4128,(#4132,#4138),.PCURVE_S1.);
#4128 = LINE('',#4129,#4130);
#4129 = CARTESIAN_POINT('',(10.27198876427,3.660407555193E-14,
    164.85010101589));
#4130 = VECTOR('',#4131,1.);
#4131 = DIRECTION('',(-0.99935199227,-7.992358360671E-18,
    -3.599438213493E-02));
#4132 = PCURVE('',#3673,#4133);
#4133 = DEFINITIONAL_REPRESENTATION('',(#4134),#4137);
#4134 = B_SPLINE_CURVE_WITH_KNOTS('',1,(#4135,#4136),.UNSPECIFIED.,.F.,
  .F.,(2,2),(0.,1.),.PIECEWISE_BEZIER_KNOTS.);
#4135 = CARTESIAN_POINT('',(0.,0.));
#4136 = CARTESIAN_POINT('',(0.,-3.599438213493E-02));
#4137 = ( GEOMETRIC_REPRESENTATION_CONTEXT(2) 
PARAMETRIC_REPRESENTATION_CONTEXT() REPRESENTATION_CONTEXT('2D SPACE',''
  ) );
#4138 = PCURVE('',#3673,#4139);
#4139 = DEFINITIONAL_REPRESENTATION('',(#4140),#4143);
#4140 = B_SPLINE_CURVE_WITH_KNOTS('',1,(#4141,#4142),.UNSPECIFIED.,.F.,
  .F.,(2,2),(0.,1.),.PIECEWISE_BEZIER_KNOTS.);
#4141 = CARTESIAN_POINT('',(6.28318530718,0.));
#4142 = CARTESIAN_POINT('',(6.28318530718,-3.599438213493E-02));
#4143 = ( GEOMETRIC_REPRESENTATION_CONTEXT(2) 
PARAMETRIC_REPRESENTATION_CONTEXT() REPRESENTATION_CONTEXT('2D SPACE',''
  ) );
#4144 = ORIENTED_EDGE('',*,*,#3657,.F.);
#4145 = ORIENTED_EDGE('',*,*,#4126,.F.);
#4146 = ADVANCED_FACE('',(#4147),#3725,.F.);
#4147 = FACE_BOUND('',#4148,.F.);
#4148 = EDGE_LOOP('',(#4149,#4176,#4195,#4196));
#4149 = ORIENTED_EDGE('',*,*,#4150,.T.);
#4150 = EDGE_CURVE('',#4151,#4151,#4153,.T.);
#4151 = VERTEX_POINT('',#4152);
#4152 = CARTESIAN_POINT('',(12.127036916711,6.661338147751E-15,30.));
#4153 = SURFACE_CURVE('',#4154,(#4159,#4165),.PCURVE_S1.);
#4154 = CIRCLE('',#4155,12.127036916711);
#4155 = AXIS2_PLACEMENT_3D('',#4156,#4157,#4158);
#4156 = CARTESIAN_POINT('',(0.,6.661338147751E-15,30.));
#4157 = DIRECTION('',(0.,-2.22044604925E-16,-1.));
#4158 = DIRECTION('',(1.,0.,0.));
#4159 = PCURVE('',#3725,#4160);
#4160 = DEFINITIONAL_REPRESENTATION('',(#4161),#4164);
#4161 = B_SPLINE_CURVE_WITH_KNOTS('',1,(#4162,#4163),.UNSPECIFIED.,.F.,
  .F.,(2,2),(0.,6.28318530718),.PIECEWISE_BEZIER_KNOTS.);
#4162 = CARTESIAN_POINT('',(0.,0.));
#4163 = CARTESIAN_POINT('',(6.28318530718,0.));
#4164 = ( GEOMETRIC_REPRESENTATION_CONTEXT(2) 
PARAMETRIC_REPRESENTATION_CONTEXT() REPRESENTATION_CONTEXT('2D SPACE',''
  ) );
#4165 = PCURVE('',#4166,#4171);
#4166 = CONICAL_SURFACE('',#4167,7.219304666315,3.600215903004E-02);
#4167 = AXIS2_PLACEMENT_3D('',#4168,#4169,#4170);
#4168 = CARTESIAN_POINT('',(0.,3.691687379017E-14,166.2588190451));
#4169 = DIRECTION('',(0.,-2.22044604925E-16,-1.));
#4170 = DIRECTION('',(1.,0.,0.));
#4171 = DEFINITIONAL_REPRESENTATION('',(#4172),#4175);
#4172 = B_SPLINE_CURVE_WITH_KNOTS('',1,(#4173,#4174),.UNSPECIFIED.,.F.,
  .F.,(2,2),(0.,6.28318530718),.PIECEWISE_BEZIER_KNOTS.);
#4173 = CARTESIAN_POINT('',(0.,136.2588190451));
#4174 = CARTESIAN_POINT('',(6.28318530718,136.2588190451));
#4175 = ( GEOMETRIC_REPRESENTATION_CONTEXT(2) 
PARAMETRIC_REPRESENTATION_CONTEXT() REPRESENTATION_CONTEXT('2D SPACE',''
  ) );
#4176 = ORIENTED_EDGE('',*,*,#4177,.T.);
#4177 = EDGE_CURVE('',#4151,#3709,#4178,.T.);
#4178 = SEAM_CURVE('',#4179,(#4183,#4189),.PCURVE_S1.);
#4179 = LINE('',#4180,#4181);
#4180 = CARTESIAN_POINT('',(12.127036916711,6.661338147751E-15,30.));
#4181 = VECTOR('',#4182,1.);
#4182 = DIRECTION('',(0.,-2.22044604925E-16,-1.));
#4183 = PCURVE('',#3725,#4184);
#4184 = DEFINITIONAL_REPRESENTATION('',(#4185),#4188);
#4185 = B_SPLINE_CURVE_WITH_KNOTS('',1,(#4186,#4187),.UNSPECIFIED.,.F.,
  .F.,(2,2),(0.,30.),.PIECEWISE_BEZIER_KNOTS.);
#4186 = CARTESIAN_POINT('',(0.,0.));
#4187 = CARTESIAN_POINT('',(0.,30.));
#4188 = ( GEOMETRIC_REPRESENTATION_CONTEXT(2) 
PARAMETRIC_REPRESENTATION_CONTEXT() REPRESENTATION_CONTEXT('2D SPACE',''
  ) );
#4189 = PCURVE('',#3725,#4190);
#4190 = DEFINITIONAL_REPRESENTATION('',(#4191),#4194);
#4191 = B_SPLINE_CURVE_WITH_KNOTS('',1,(#4192,#4193),.UNSPECIFIED.,.F.,
  .F.,(2,2),(0.,30.),.PIECEWISE_BEZIER_KNOTS.);
#4192 = CARTESIAN_POINT('',(6.28318530718,0.));
#4193 = CARTESIAN_POINT('',(6.28318530718,30.));
#4194 = ( GEOMETRIC_REPRESENTATION_CONTEXT(2) 
PARAMETRIC_REPRESENTATION_CONTEXT() REPRESENTATION_CONTEXT('2D SPACE',''
  ) );
#4195 = ORIENTED_EDGE('',*,*,#3708,.F.);
#4196 = ORIENTED_EDGE('',*,*,#4177,.F.);
#4197 = ADVANCED_FACE('',(#4198),#3778,.F.);
#4198 = FACE_BOUND('',#4199,.T.);
#4199 = EDGE_LOOP('',(#4200,#4221,#4222,#4223));
#4200 = ORIENTED_EDGE('',*,*,#4201,.F.);
#4201 = EDGE_CURVE('',#3744,#4202,#4204,.T.);
#4202 = VERTEX_POINT('',#4203);
#4203 = CARTESIAN_POINT('',(30.644324764348,-30.64432476434,
    6.63923537607));
#4204 = SEAM_CURVE('',#4205,(#4209,#4215),.PCURVE_S1.);
#4205 = LINE('',#4206,#4207);
#4206 = CARTESIAN_POINT('',(30.272458819106,-30.2724588191,
    7.936783616999));
#4207 = VECTOR('',#4208,1.);
#4208 = DIRECTION('',(0.265604981387,-0.265604981387,-0.926772888967));
#4209 = PCURVE('',#3778,#4210);
#4210 = DEFINITIONAL_REPRESENTATION('',(#4211),#4214);
#4211 = B_SPLINE_CURVE_WITH_KNOTS('',1,(#4212,#4213),.UNSPECIFIED.,.F.,
  .F.,(2,2),(0.,1.400071426749),.PIECEWISE_BEZIER_KNOTS.);
#4212 = CARTESIAN_POINT('',(0.,0.));
#4213 = CARTESIAN_POINT('',(0.,-0.99));
#4214 = ( GEOMETRIC_REPRESENTATION_CONTEXT(2) 
PARAMETRIC_REPRESENTATION_CONTEXT() REPRESENTATION_CONTEXT('2D SPACE',''
  ) );
#4215 = PCURVE('',#3778,#4216);
#4216 = DEFINITIONAL_REPRESENTATION('',(#4217),#4220);
#4217 = B_SPLINE_CURVE_WITH_KNOTS('',1,(#4218,#4219),.UNSPECIFIED.,.F.,
  .F.,(2,2),(0.,1.400071426749),.PIECEWISE_BEZIER_KNOTS.);
#4218 = CARTESIAN_POINT('',(6.28318530718,0.));
#4219 = CARTESIAN_POINT('',(6.28318530718,-0.99));
#4220 = ( GEOMETRIC_REPRESENTATION_CONTEXT(2) 
PARAMETRIC_REPRESENTATION_CONTEXT() REPRESENTATION_CONTEXT('2D SPACE',''
  ) );
#4221 = ORIENTED_EDGE('',*,*,#3764,.T.);
#4222 = ORIENTED_EDGE('',*,*,#4201,.T.);
#4223 = ORIENTED_EDGE('',*,*,#4224,.F.);
#4224 = EDGE_CURVE('',#4202,#4202,#4225,.T.);
#4225 = SURFACE_CURVE('',#4226,(#4231,#4237),.PCURVE_S1.);
#4226 = CIRCLE('',#4227,5.01);
#4227 = AXIS2_PLACEMENT_3D('',#4228,#4229,#4230);
#4228 = CARTESIAN_POINT('',(33.906824379323,-33.90682437932,
    4.68672608683));
#4229 = DIRECTION('',(0.275575361028,-0.275575361028,0.920932375796));
#4230 = DIRECTION('',(-0.651197527939,0.651197527939,0.389722413022));
#4231 = PCURVE('',#3778,#4232);
#4232 = DEFINITIONAL_REPRESENTATION('',(#4233),#4236);
#4233 = B_SPLINE_CURVE_WITH_KNOTS('',1,(#4234,#4235),.UNSPECIFIED.,.F.,
  .F.,(2,2),(0.,6.28318530718),.PIECEWISE_BEZIER_KNOTS.);
#4234 = CARTESIAN_POINT('',(0.,-0.99));
#4235 = CARTESIAN_POINT('',(6.28318530718,-0.99));
#4236 = ( GEOMETRIC_REPRESENTATION_CONTEXT(2) 
PARAMETRIC_REPRESENTATION_CONTEXT() REPRESENTATION_CONTEXT('2D SPACE',''
  ) );
#4237 = PCURVE('',#4238,#4243);
#4238 = PLANE('',#4239);
#4239 = AXIS2_PLACEMENT_3D('',#4240,#4241,#4242);
#4240 = CARTESIAN_POINT('',(33.906824379323,-33.90682437932,
    4.68672608683));
#4241 = DIRECTION('',(0.275575361028,-0.275575361028,0.920932375796));
#4242 = DIRECTION('',(0.651197527939,-0.651197527939,-0.389722413022));
#4243 = DEFINITIONAL_REPRESENTATION('',(#4244),#4248);
#4244 = CIRCLE('',#4245,5.01);
#4245 = AXIS2_PLACEMENT_2D('',#4246,#4247);
#4246 = CARTESIAN_POINT('',(5.886753927774E-15,5.329070518201E-15));
#4247 = DIRECTION('',(-1.,-5.551115123126E-17));
#4248 = ( GEOMETRIC_REPRESENTATION_CONTEXT(2) 
PARAMETRIC_REPRESENTATION_CONTEXT() REPRESENTATION_CONTEXT('2D SPACE',''
  ) );
#4249 = ADVANCED_FACE('',(#4250),#3829,.F.);
#4250 = FACE_BOUND('',#4251,.T.);
#4251 = EDGE_LOOP('',(#4252,#4273,#4274,#4275));
#4252 = ORIENTED_EDGE('',*,*,#4253,.F.);
#4253 = EDGE_CURVE('',#3795,#4254,#4256,.T.);
#4254 = VERTEX_POINT('',#4255);
#4255 = CARTESIAN_POINT('',(3.515103790531E-15,-43.3376196915,
    6.63923537607));
#4256 = SEAM_CURVE('',#4257,(#4261,#4267),.PCURVE_S1.);
#4257 = LINE('',#4258,#4259);
#4258 = CARTESIAN_POINT('',(2.773981178117E-15,-42.81172182836,
    7.936783616999));
#4259 = VECTOR('',#4260,1.);
#4260 = DIRECTION('',(5.293462878067E-16,-0.375622166911,-0.926772888967
    ));
#4261 = PCURVE('',#3829,#4262);
#4262 = DEFINITIONAL_REPRESENTATION('',(#4263),#4266);
#4263 = B_SPLINE_CURVE_WITH_KNOTS('',1,(#4264,#4265),.UNSPECIFIED.,.F.,
  .F.,(2,2),(0.,1.400071426749),.PIECEWISE_BEZIER_KNOTS.);
#4264 = CARTESIAN_POINT('',(0.,0.));
#4265 = CARTESIAN_POINT('',(0.,-0.99));
#4266 = ( GEOMETRIC_REPRESENTATION_CONTEXT(2) 
PARAMETRIC_REPRESENTATION_CONTEXT() REPRESENTATION_CONTEXT('2D SPACE',''
  ) );
#4267 = PCURVE('',#3829,#4268);
#4268 = DEFINITIONAL_REPRESENTATION('',(#4269),#4272);
#4269 = B_SPLINE_CURVE_WITH_KNOTS('',1,(#4270,#4271),.UNSPECIFIED.,.F.,
  .F.,(2,2),(0.,1.400071426749),.PIECEWISE_BEZIER_KNOTS.);
#4270 = CARTESIAN_POINT('',(6.28318530718,0.));
#4271 = CARTESIAN_POINT('',(6.28318530718,-0.99));
#4272 = ( GEOMETRIC_REPRESENTATION_CONTEXT(2) 
PARAMETRIC_REPRESENTATION_CONTEXT() REPRESENTATION_CONTEXT('2D SPACE',''
  ) );
#4273 = ORIENTED_EDGE('',*,*,#3815,.T.);
#4274 = ORIENTED_EDGE('',*,*,#4253,.T.);
#4275 = ORIENTED_EDGE('',*,*,#4276,.F.);
#4276 = EDGE_CURVE('',#4254,#4254,#4277,.T.);
#4277 = SURFACE_CURVE('',#4278,(#4283,#4289),.PCURVE_S1.);
#4278 = CIRCLE('',#4279,5.01);
#4279 = AXIS2_PLACEMENT_3D('',#4280,#4281,#4282);
#4280 = CARTESIAN_POINT('',(3.799544299789E-15,-47.95149089424,
    4.68672608683));
#4281 = DIRECTION('',(-6.91834146662E-16,-0.389722413022,0.920932375796)
  );
#4282 = DIRECTION('',(-5.677455274614E-17,0.920932375796,0.389722413022)
  );
#4283 = PCURVE('',#3829,#4284);
#4284 = DEFINITIONAL_REPRESENTATION('',(#4285),#4288);
#4285 = B_SPLINE_CURVE_WITH_KNOTS('',1,(#4286,#4287),.UNSPECIFIED.,.F.,
  .F.,(2,2),(0.,6.28318530718),.PIECEWISE_BEZIER_KNOTS.);
#4286 = CARTESIAN_POINT('',(0.,-0.99));
#4287 = CARTESIAN_POINT('',(6.28318530718,-0.99));
#4288 = ( GEOMETRIC_REPRESENTATION_CONTEXT(2) 
PARAMETRIC_REPRESENTATION_CONTEXT() REPRESENTATION_CONTEXT('2D SPACE',''
  ) );
#4289 = PCURVE('',#4290,#4295);
#4290 = PLANE('',#4291);
#4291 = AXIS2_PLACEMENT_3D('',#4292,#4293,#4294);
#4292 = CARTESIAN_POINT('',(3.314174572553E-15,-47.95149089424,
    4.68672608683));
#4293 = DIRECTION('',(-6.91834146662E-16,-0.389722413022,0.920932375796)
  );
#4294 = DIRECTION('',(5.511921214348E-17,-0.920932375796,-0.389722413022
    ));
#4295 = DEFINITIONAL_REPRESENTATION('',(#4296),#4300);
#4296 = CIRCLE('',#4297,5.01);
#4297 = AXIS2_PLACEMENT_2D('',#4298,#4299);
#4298 = CARTESIAN_POINT('',(-3.130055906814E-31,4.853697272358E-16));
#4299 = DIRECTION('',(-1.,-1.655340602662E-18));
#4300 = ( GEOMETRIC_REPRESENTATION_CONTEXT(2) 
PARAMETRIC_REPRESENTATION_CONTEXT() REPRESENTATION_CONTEXT('2D SPACE',''
  ) );
#4301 = ADVANCED_FACE('',(#4302),#3880,.F.);
#4302 = FACE_BOUND('',#4303,.T.);
#4303 = EDGE_LOOP('',(#4304,#4325,#4326,#4327));
#4304 = ORIENTED_EDGE('',*,*,#4305,.F.);
#4305 = EDGE_CURVE('',#3846,#4306,#4308,.T.);
#4306 = VERTEX_POINT('',#4307);
#4307 = CARTESIAN_POINT('',(-30.64432476434,-30.64432476434,
    6.63923537607));
#4308 = SEAM_CURVE('',#4309,(#4313,#4319),.PCURVE_S1.);
#4309 = LINE('',#4310,#4311);
#4310 = CARTESIAN_POINT('',(-30.2724588191,-30.2724588191,7.936783616999
    ));
#4311 = VECTOR('',#4312,1.);
#4312 = DIRECTION('',(-0.265604981387,-0.265604981387,-0.926772888967));
#4313 = PCURVE('',#3880,#4314);
#4314 = DEFINITIONAL_REPRESENTATION('',(#4315),#4318);
#4315 = B_SPLINE_CURVE_WITH_KNOTS('',1,(#4316,#4317),.UNSPECIFIED.,.F.,
  .F.,(2,2),(0.,1.400071426749),.PIECEWISE_BEZIER_KNOTS.);
#4316 = CARTESIAN_POINT('',(0.,0.));
#4317 = CARTESIAN_POINT('',(0.,-0.99));
#4318 = ( GEOMETRIC_REPRESENTATION_CONTEXT(2) 
PARAMETRIC_REPRESENTATION_CONTEXT() REPRESENTATION_CONTEXT('2D SPACE',''
  ) );
#4319 = PCURVE('',#3880,#4320);
#4320 = DEFINITIONAL_REPRESENTATION('',(#4321),#4324);
#4321 = B_SPLINE_CURVE_WITH_KNOTS('',1,(#4322,#4323),.UNSPECIFIED.,.F.,
  .F.,(2,2),(0.,1.400071426749),.PIECEWISE_BEZIER_KNOTS.);
#4322 = CARTESIAN_POINT('',(6.28318530718,0.));
#4323 = CARTESIAN_POINT('',(6.28318530718,-0.99));
#4324 = ( GEOMETRIC_REPRESENTATION_CONTEXT(2) 
PARAMETRIC_REPRESENTATION_CONTEXT() REPRESENTATION_CONTEXT('2D SPACE',''
  ) );
#4325 = ORIENTED_EDGE('',*,*,#3866,.T.);
#4326 = ORIENTED_EDGE('',*,*,#4305,.T.);
#4327 = ORIENTED_EDGE('',*,*,#4328,.F.);
#4328 = EDGE_CURVE('',#4306,#4306,#4329,.T.);
#4329 = SURFACE_CURVE('',#4330,(#4335,#4341),.PCURVE_S1.);
#4330 = CIRCLE('',#4331,5.01);
#4331 = AXIS2_PLACEMENT_3D('',#4332,#4333,#4334);
#4332 = CARTESIAN_POINT('',(-33.90682437932,-33.90682437932,
    4.68672608683));
#4333 = DIRECTION('',(-0.275575361028,-0.275575361028,0.920932375796));
#4334 = DIRECTION('',(0.651197527939,0.651197527939,0.389722413022));
#4335 = PCURVE('',#3880,#4336);
#4336 = DEFINITIONAL_REPRESENTATION('',(#4337),#4340);
#4337 = B_SPLINE_CURVE_WITH_KNOTS('',1,(#4338,#4339),.UNSPECIFIED.,.F.,
  .F.,(2,2),(0.,6.28318530718),.PIECEWISE_BEZIER_KNOTS.);
#4338 = CARTESIAN_POINT('',(0.,-0.99));
#4339 = CARTESIAN_POINT('',(6.28318530718,-0.99));
#4340 = ( GEOMETRIC_REPRESENTATION_CONTEXT(2) 
PARAMETRIC_REPRESENTATION_CONTEXT() REPRESENTATION_CONTEXT('2D SPACE',''
  ) );
#4341 = PCURVE('',#4342,#4347);
#4342 = PLANE('',#4343);
#4343 = AXIS2_PLACEMENT_3D('',#4344,#4345,#4346);
#4344 = CARTESIAN_POINT('',(-33.90682437932,-33.90682437932,
    4.68672608683));
#4345 = DIRECTION('',(-0.275575361028,-0.275575361028,0.920932375796));
#4346 = DIRECTION('',(-0.651197527939,-0.651197527939,-0.389722413022));
#4347 = DEFINITIONAL_REPRESENTATION('',(#4348),#4352);
#4348 = CIRCLE('',#4349,5.01);
#4349 = AXIS2_PLACEMENT_2D('',#4350,#4351);
#4350 = CARTESIAN_POINT('',(1.355227681483E-15,8.577009546589E-15));
#4351 = DIRECTION('',(-1.,2.22044604925E-16));
#4352 = ( GEOMETRIC_REPRESENTATION_CONTEXT(2) 
PARAMETRIC_REPRESENTATION_CONTEXT() REPRESENTATION_CONTEXT('2D SPACE',''
  ) );
#4353 = ADVANCED_FACE('',(#4354),#3931,.F.);
#4354 = FACE_BOUND('',#4355,.T.);
#4355 = EDGE_LOOP('',(#4356,#4377,#4378,#4379));
#4356 = ORIENTED_EDGE('',*,*,#4357,.F.);
#4357 = EDGE_CURVE('',#3897,#4358,#4360,.T.);
#4358 = VERTEX_POINT('',#4359);
#4359 = CARTESIAN_POINT('',(-43.3376196915,-7.830660709536E-15,
    6.63923537607));
#4360 = SEAM_CURVE('',#4361,(#4365,#4371),.PCURVE_S1.);
#4361 = LINE('',#4362,#4363);
#4362 = CARTESIAN_POINT('',(-42.81172182836,-7.037169227347E-15,
    7.936783616999));
#4363 = VECTOR('',#4364,1.);
#4364 = DIRECTION('',(-0.375622166911,-5.667507150199E-16,
    -0.926772888967));
#4365 = PCURVE('',#3931,#4366);
#4366 = DEFINITIONAL_REPRESENTATION('',(#4367),#4370);
#4367 = B_SPLINE_CURVE_WITH_KNOTS('',1,(#4368,#4369),.UNSPECIFIED.,.F.,
  .F.,(2,2),(0.,1.400071426749),.PIECEWISE_BEZIER_KNOTS.);
#4368 = CARTESIAN_POINT('',(0.,0.));
#4369 = CARTESIAN_POINT('',(0.,-0.99));
#4370 = ( GEOMETRIC_REPRESENTATION_CONTEXT(2) 
PARAMETRIC_REPRESENTATION_CONTEXT() REPRESENTATION_CONTEXT('2D SPACE',''
  ) );
#4371 = PCURVE('',#3931,#4372);
#4372 = DEFINITIONAL_REPRESENTATION('',(#4373),#4376);
#4373 = B_SPLINE_CURVE_WITH_KNOTS('',1,(#4374,#4375),.UNSPECIFIED.,.F.,
  .F.,(2,2),(0.,1.400071426749),.PIECEWISE_BEZIER_KNOTS.);
#4374 = CARTESIAN_POINT('',(6.28318530718,0.));
#4375 = CARTESIAN_POINT('',(6.28318530718,-0.99));
#4376 = ( GEOMETRIC_REPRESENTATION_CONTEXT(2) 
PARAMETRIC_REPRESENTATION_CONTEXT() REPRESENTATION_CONTEXT('2D SPACE',''
  ) );
#4377 = ORIENTED_EDGE('',*,*,#3917,.T.);
#4378 = ORIENTED_EDGE('',*,*,#4357,.T.);
#4379 = ORIENTED_EDGE('',*,*,#4380,.F.);
#4380 = EDGE_CURVE('',#4358,#4358,#4381,.T.);
#4381 = SURFACE_CURVE('',#4382,(#4387,#4393),.PCURVE_S1.);
#4382 = CIRCLE('',#4383,5.01);
#4383 = AXIS2_PLACEMENT_3D('',#4384,#4385,#4386);
#4384 = CARTESIAN_POINT('',(-47.95149089424,-8.57455016717E-15,
    4.68672608683));
#4385 = DIRECTION('',(-0.389722413022,6.530256179984E-16,0.920932375796)
  );
#4386 = DIRECTION('',(0.920932375796,1.484809296674E-16,0.389722413022)
  );
#4387 = PCURVE('',#3931,#4388);
#4388 = DEFINITIONAL_REPRESENTATION('',(#4389),#4392);
#4389 = B_SPLINE_CURVE_WITH_KNOTS('',1,(#4390,#4391),.UNSPECIFIED.,.F.,
  .F.,(2,2),(0.,6.28318530718),.PIECEWISE_BEZIER_KNOTS.);
#4390 = CARTESIAN_POINT('',(0.,-0.99));
#4391 = CARTESIAN_POINT('',(6.28318530718,-0.99));
#4392 = ( GEOMETRIC_REPRESENTATION_CONTEXT(2) 
PARAMETRIC_REPRESENTATION_CONTEXT() REPRESENTATION_CONTEXT('2D SPACE',''
  ) );
#4393 = PCURVE('',#4394,#4399);
#4394 = PLANE('',#4395);
#4395 = AXIS2_PLACEMENT_3D('',#4396,#4397,#4398);
#4396 = CARTESIAN_POINT('',(-47.95149089424,-8.215650382226E-15,
    4.68672608683));
#4397 = DIRECTION('',(-0.389722413022,6.530256179984E-16,0.920932375796)
  );
#4398 = DIRECTION('',(-0.920932375796,-1.468255890647E-16,
    -0.389722413022));
#4399 = DEFINITIONAL_REPRESENTATION('',(#4400),#4404);
#4400 = CIRCLE('',#4401,5.01);
#4401 = AXIS2_PLACEMENT_2D('',#4402,#4403);
#4402 = CARTESIAN_POINT('',(-7.582047208237E-15,4.440892098501E-16));
#4403 = DIRECTION('',(-1.,-1.655340602662E-18));
#4404 = ( GEOMETRIC_REPRESENTATION_CONTEXT(2) 
PARAMETRIC_REPRESENTATION_CONTEXT() REPRESENTATION_CONTEXT('2D SPACE',''
  ) );
#4405 = ADVANCED_FACE('',(#4406),#3982,.F.);
#4406 = FACE_BOUND('',#4407,.T.);
#4407 = EDGE_LOOP('',(#4408,#4429,#4430,#4431));
#4408 = ORIENTED_EDGE('',*,*,#4409,.F.);
#4409 = EDGE_CURVE('',#3948,#4410,#4412,.T.);
#4410 = VERTEX_POINT('',#4411);
#4411 = CARTESIAN_POINT('',(-30.64432476434,30.644324764348,
    6.63923537607));
#4412 = SEAM_CURVE('',#4413,(#4417,#4423),.PCURVE_S1.);
#4413 = LINE('',#4414,#4415);
#4414 = CARTESIAN_POINT('',(-30.2724588191,30.272458819106,
    7.936783616999));
#4415 = VECTOR('',#4416,1.);
#4416 = DIRECTION('',(-0.265604981387,0.265604981387,-0.926772888967));
#4417 = PCURVE('',#3982,#4418);
#4418 = DEFINITIONAL_REPRESENTATION('',(#4419),#4422);
#4419 = B_SPLINE_CURVE_WITH_KNOTS('',1,(#4420,#4421),.UNSPECIFIED.,.F.,
  .F.,(2,2),(0.,1.400071426749),.PIECEWISE_BEZIER_KNOTS.);
#4420 = CARTESIAN_POINT('',(0.,0.));
#4421 = CARTESIAN_POINT('',(0.,-0.99));
#4422 = ( GEOMETRIC_REPRESENTATION_CONTEXT(2) 
PARAMETRIC_REPRESENTATION_CONTEXT() REPRESENTATION_CONTEXT('2D SPACE',''
  ) );
#4423 = PCURVE('',#3982,#4424);
#4424 = DEFINITIONAL_REPRESENTATION('',(#4425),#4428);
#4425 = B_SPLINE_CURVE_WITH_KNOTS('',1,(#4426,#4427),.UNSPECIFIED.,.F.,
  .F.,(2,2),(0.,1.400071426749),.PIECEWISE_BEZIER_KNOTS.);
#4426 = CARTESIAN_POINT('',(6.28318530718,0.));
#4427 = CARTESIAN_POINT('',(6.28318530718,-0.99));
#4428 = ( GEOMETRIC_REPRESENTATION_CONTEXT(2) 
PARAMETRIC_REPRESENTATION_CONTEXT() REPRESENTATION_CONTEXT('2D SPACE',''
  ) );
#4429 = ORIENTED_EDGE('',*,*,#3968,.T.);
#4430 = ORIENTED_EDGE('',*,*,#4409,.T.);
#4431 = ORIENTED_EDGE('',*,*,#4432,.F.);
#4432 = EDGE_CURVE('',#4410,#4410,#4433,.T.);
#4433 = SURFACE_CURVE('',#4434,(#4439,#4445),.PCURVE_S1.);
#4434 = CIRCLE('',#4435,5.01);
#4435 = AXIS2_PLACEMENT_3D('',#4436,#4437,#4438);
#4436 = CARTESIAN_POINT('',(-33.90682437932,33.906824379323,
    4.68672608683));
#4437 = DIRECTION('',(-0.275575361028,0.275575361028,0.920932375796));
#4438 = DIRECTION('',(0.651197527939,-0.651197527939,0.389722413022));
#4439 = PCURVE('',#3982,#4440);
#4440 = DEFINITIONAL_REPRESENTATION('',(#4441),#4444);
#4441 = B_SPLINE_CURVE_WITH_KNOTS('',1,(#4442,#4443),.UNSPECIFIED.,.F.,
  .F.,(2,2),(0.,6.28318530718),.PIECEWISE_BEZIER_KNOTS.);
#4442 = CARTESIAN_POINT('',(0.,-0.99));
#4443 = CARTESIAN_POINT('',(6.28318530718,-0.99));
#4444 = ( GEOMETRIC_REPRESENTATION_CONTEXT(2) 
PARAMETRIC_REPRESENTATION_CONTEXT() REPRESENTATION_CONTEXT('2D SPACE',''
  ) );
#4445 = PCURVE('',#4446,#4451);
#4446 = PLANE('',#4447);
#4447 = AXIS2_PLACEMENT_3D('',#4448,#4449,#4450);
#4448 = CARTESIAN_POINT('',(-33.90682437932,33.906824379323,
    4.68672608683));
#4449 = DIRECTION('',(-0.275575361028,0.275575361028,0.920932375796));
#4450 = DIRECTION('',(-0.651197527939,0.651197527939,-0.389722413022));
#4451 = DEFINITIONAL_REPRESENTATION('',(#4452),#4456);
#4452 = CIRCLE('',#4453,5.01);
#4453 = AXIS2_PLACEMENT_2D('',#4454,#4455);
#4454 = CARTESIAN_POINT('',(-1.355227681483E-15,8.577009546589E-15));
#4455 = DIRECTION('',(-1.,-5.551115123126E-17));
#4456 = ( GEOMETRIC_REPRESENTATION_CONTEXT(2) 
PARAMETRIC_REPRESENTATION_CONTEXT() REPRESENTATION_CONTEXT('2D SPACE',''
  ) );
#4457 = ADVANCED_FACE('',(#4458),#4033,.F.);
#4458 = FACE_BOUND('',#4459,.T.);
#4459 = EDGE_LOOP('',(#4460,#4481,#4482,#4483));
#4460 = ORIENTED_EDGE('',*,*,#4461,.F.);
#4461 = EDGE_CURVE('',#3999,#4462,#4464,.T.);
#4462 = VERTEX_POINT('',#4463);
#4463 = CARTESIAN_POINT('',(-1.274916530018E-14,43.337619691506,
    6.63923537607));
#4464 = SEAM_CURVE('',#4465,(#4469,#4475),.PCURVE_S1.);
#4465 = LINE('',#4466,#4467);
#4466 = CARTESIAN_POINT('',(-1.281399705572E-14,42.81172182836,
    7.936783616999));
#4467 = VECTOR('',#4468,1.);
#4468 = DIRECTION('',(4.630603432486E-17,0.375622166911,-0.926772888967)
  );
#4469 = PCURVE('',#4033,#4470);
#4470 = DEFINITIONAL_REPRESENTATION('',(#4471),#4474);
#4471 = B_SPLINE_CURVE_WITH_KNOTS('',1,(#4472,#4473),.UNSPECIFIED.,.F.,
  .F.,(2,2),(0.,1.400071426749),.PIECEWISE_BEZIER_KNOTS.);
#4472 = CARTESIAN_POINT('',(0.,0.));
#4473 = CARTESIAN_POINT('',(0.,-0.99));
#4474 = ( GEOMETRIC_REPRESENTATION_CONTEXT(2) 
PARAMETRIC_REPRESENTATION_CONTEXT() REPRESENTATION_CONTEXT('2D SPACE',''
  ) );
#4475 = PCURVE('',#4033,#4476);
#4476 = DEFINITIONAL_REPRESENTATION('',(#4477),#4480);
#4477 = B_SPLINE_CURVE_WITH_KNOTS('',1,(#4478,#4479),.UNSPECIFIED.,.F.,
  .F.,(2,2),(0.,1.400071426749),.PIECEWISE_BEZIER_KNOTS.);
#4478 = CARTESIAN_POINT('',(6.28318530718,0.));
#4479 = CARTESIAN_POINT('',(6.28318530718,-0.99));
#4480 = ( GEOMETRIC_REPRESENTATION_CONTEXT(2) 
PARAMETRIC_REPRESENTATION_CONTEXT() REPRESENTATION_CONTEXT('2D SPACE',''
  ) );
#4481 = ORIENTED_EDGE('',*,*,#4019,.T.);
#4482 = ORIENTED_EDGE('',*,*,#4461,.T.);
#4483 = ORIENTED_EDGE('',*,*,#4484,.F.);
#4484 = EDGE_CURVE('',#4462,#4462,#4485,.T.);
#4485 = SURFACE_CURVE('',#4486,(#4491,#4497),.PCURVE_S1.);
#4486 = CIRCLE('',#4487,5.01);
#4487 = AXIS2_PLACEMENT_3D('',#4488,#4489,#4490);
#4488 = CARTESIAN_POINT('',(-1.22452159524E-14,47.951490894242,
    4.68672608683));
#4489 = DIRECTION('',(3.51020704085E-17,0.389722413022,0.920932375796));
#4490 = DIRECTION('',(-1.005886921704E-16,-0.920932375796,0.389722413022
    ));
#4491 = PCURVE('',#4033,#4492);
#4492 = DEFINITIONAL_REPRESENTATION('',(#4493),#4496);
#4493 = B_SPLINE_CURVE_WITH_KNOTS('',1,(#4494,#4495),.UNSPECIFIED.,.F.,
  .F.,(2,2),(0.,6.28318530718),.PIECEWISE_BEZIER_KNOTS.);
#4494 = CARTESIAN_POINT('',(0.,-0.99));
#4495 = CARTESIAN_POINT('',(6.28318530718,-0.99));
#4496 = ( GEOMETRIC_REPRESENTATION_CONTEXT(2) 
PARAMETRIC_REPRESENTATION_CONTEXT() REPRESENTATION_CONTEXT('2D SPACE',''
  ) );
#4497 = PCURVE('',#4498,#4503);
#4498 = PLANE('',#4499);
#4499 = AXIS2_PLACEMENT_3D('',#4500,#4501,#4502);
#4500 = CARTESIAN_POINT('',(-1.175984622517E-14,47.951490894242,
    4.68672608683));
#4501 = DIRECTION('',(3.51020704085E-17,0.389722413022,0.920932375796));
#4502 = DIRECTION('',(1.022440327731E-16,0.920932375796,-0.389722413022)
  );
#4503 = DEFINITIONAL_REPRESENTATION('',(#4504),#4508);
#4504 = CIRCLE('',#4505,5.01);
#4505 = AXIS2_PLACEMENT_2D('',#4506,#4507);
#4506 = CARTESIAN_POINT('',(-7.582047208237E-15,4.853697272358E-16));
#4507 = DIRECTION('',(-1.,-1.655340602661E-18));
#4508 = ( GEOMETRIC_REPRESENTATION_CONTEXT(2) 
PARAMETRIC_REPRESENTATION_CONTEXT() REPRESENTATION_CONTEXT('2D SPACE',''
  ) );
#4509 = ADVANCED_FACE('',(#4510),#4084,.F.);
#4510 = FACE_BOUND('',#4511,.T.);
#4511 = EDGE_LOOP('',(#4512,#4533,#4534,#4535));
#4512 = ORIENTED_EDGE('',*,*,#4513,.F.);
#4513 = EDGE_CURVE('',#4050,#4514,#4516,.T.);
#4514 = VERTEX_POINT('',#4515);
#4515 = CARTESIAN_POINT('',(30.644324764348,30.644324764348,
    6.63923537607));
#4516 = SEAM_CURVE('',#4517,(#4521,#4527),.PCURVE_S1.);
#4517 = LINE('',#4518,#4519);
#4518 = CARTESIAN_POINT('',(30.272458819106,30.272458819106,
    7.936783616999));
#4519 = VECTOR('',#4520,1.);
#4520 = DIRECTION('',(0.265604981387,0.265604981387,-0.926772888967));
#4521 = PCURVE('',#4084,#4522);
#4522 = DEFINITIONAL_REPRESENTATION('',(#4523),#4526);
#4523 = B_SPLINE_CURVE_WITH_KNOTS('',1,(#4524,#4525),.UNSPECIFIED.,.F.,
  .F.,(2,2),(0.,1.400071426749),.PIECEWISE_BEZIER_KNOTS.);
#4524 = CARTESIAN_POINT('',(0.,0.));
#4525 = CARTESIAN_POINT('',(0.,-0.99));
#4526 = ( GEOMETRIC_REPRESENTATION_CONTEXT(2) 
PARAMETRIC_REPRESENTATION_CONTEXT() REPRESENTATION_CONTEXT('2D SPACE',''
  ) );
#4527 = PCURVE('',#4084,#4528);
#4528 = DEFINITIONAL_REPRESENTATION('',(#4529),#4532);
#4529 = B_SPLINE_CURVE_WITH_KNOTS('',1,(#4530,#4531),.UNSPECIFIED.,.F.,
  .F.,(2,2),(0.,1.400071426749),.PIECEWISE_BEZIER_KNOTS.);
#4530 = CARTESIAN_POINT('',(6.28318530718,0.));
#4531 = CARTESIAN_POINT('',(6.28318530718,-0.99));
#4532 = ( GEOMETRIC_REPRESENTATION_CONTEXT(2) 
PARAMETRIC_REPRESENTATION_CONTEXT() REPRESENTATION_CONTEXT('2D SPACE',''
  ) );
#4533 = ORIENTED_EDGE('',*,*,#4070,.T.);
#4534 = ORIENTED_EDGE('',*,*,#4513,.T.);
#4535 = ORIENTED_EDGE('',*,*,#4536,.F.);
#4536 = EDGE_CURVE('',#4514,#4514,#4537,.T.);
#4537 = SURFACE_CURVE('',#4538,(#4543,#4549),.PCURVE_S1.);
#4538 = CIRCLE('',#4539,5.01);
#4539 = AXIS2_PLACEMENT_3D('',#4540,#4541,#4542);
#4540 = CARTESIAN_POINT('',(33.906824379323,33.906824379323,
    4.68672608683));
#4541 = DIRECTION('',(0.275575361028,0.275575361028,0.920932375796));
#4542 = DIRECTION('',(-0.651197527939,-0.651197527939,0.389722413022));
#4543 = PCURVE('',#4084,#4544);
#4544 = DEFINITIONAL_REPRESENTATION('',(#4545),#4548);
#4545 = B_SPLINE_CURVE_WITH_KNOTS('',1,(#4546,#4547),.UNSPECIFIED.,.F.,
  .F.,(2,2),(0.,6.28318530718),.PIECEWISE_BEZIER_KNOTS.);
#4546 = CARTESIAN_POINT('',(0.,-0.99));
#4547 = CARTESIAN_POINT('',(6.28318530718,-0.99));
#4548 = ( GEOMETRIC_REPRESENTATION_CONTEXT(2) 
PARAMETRIC_REPRESENTATION_CONTEXT() REPRESENTATION_CONTEXT('2D SPACE',''
  ) );
#4549 = PCURVE('',#4550,#4555);
#4550 = PLANE('',#4551);
#4551 = AXIS2_PLACEMENT_3D('',#4552,#4553,#4554);
#4552 = CARTESIAN_POINT('',(33.906824379323,33.906824379323,
    4.68672608683));
#4553 = DIRECTION('',(0.275575361028,0.275575361028,0.920932375796));
#4554 = DIRECTION('',(0.651197527939,0.651197527939,-0.389722413022));
#4555 = DEFINITIONAL_REPRESENTATION('',(#4556),#4560);
#4556 = CIRCLE('',#4557,5.01);
#4557 = AXIS2_PLACEMENT_2D('',#4558,#4559);
#4558 = CARTESIAN_POINT('',(-9.856926488291E-15,-1.471582188988E-15));
#4559 = DIRECTION('',(-1.,0.));
#4560 = ( GEOMETRIC_REPRESENTATION_CONTEXT(2) 
PARAMETRIC_REPRESENTATION_CONTEXT() REPRESENTATION_CONTEXT('2D SPACE',''
  ) );
#4561 = ADVANCED_FACE('',(#4562),#4115,.T.);
#4562 = FACE_BOUND('',#4563,.T.);
#4563 = EDGE_LOOP('',(#4564,#4585,#4610,#4611));
#4564 = ORIENTED_EDGE('',*,*,#4565,.F.);
#4565 = EDGE_CURVE('',#4566,#4100,#4568,.T.);
#4566 = VERTEX_POINT('',#4567);
#4567 = CARTESIAN_POINT('',(10.2,3.704787698854E-14,166.84880500044));
#4568 = SEAM_CURVE('',#4569,(#4573,#4579),.PCURVE_S1.);
#4569 = LINE('',#4570,#4571);
#4570 = CARTESIAN_POINT('',(10.2,3.704787698854E-14,166.84880500044));
#4571 = VECTOR('',#4572,1.);
#4572 = DIRECTION('',(3.599438213493E-02,-2.219007183047E-16,
    -0.99935199227));
#4573 = PCURVE('',#4115,#4574);
#4574 = DEFINITIONAL_REPRESENTATION('',(#4575),#4578);
#4575 = B_SPLINE_CURVE_WITH_KNOTS('',1,(#4576,#4577),.UNSPECIFIED.,.F.,
  .F.,(2,2),(0.,2.),.PIECEWISE_BEZIER_KNOTS.);
#4576 = CARTESIAN_POINT('',(0.,0.));
#4577 = CARTESIAN_POINT('',(0.,1.998703984541));
#4578 = ( GEOMETRIC_REPRESENTATION_CONTEXT(2) 
PARAMETRIC_REPRESENTATION_CONTEXT() REPRESENTATION_CONTEXT('2D SPACE',''
  ) );
#4579 = PCURVE('',#4115,#4580);
#4580 = DEFINITIONAL_REPRESENTATION('',(#4581),#4584);
#4581 = B_SPLINE_CURVE_WITH_KNOTS('',1,(#4582,#4583),.UNSPECIFIED.,.F.,
  .F.,(2,2),(0.,2.),.PIECEWISE_BEZIER_KNOTS.);
#4582 = CARTESIAN_POINT('',(6.28318530718,0.));
#4583 = CARTESIAN_POINT('',(6.28318530718,1.998703984541));
#4584 = ( GEOMETRIC_REPRESENTATION_CONTEXT(2) 
PARAMETRIC_REPRESENTATION_CONTEXT() REPRESENTATION_CONTEXT('2D SPACE',''
  ) );
#4585 = ORIENTED_EDGE('',*,*,#4586,.T.);
#4586 = EDGE_CURVE('',#4566,#4566,#4587,.T.);
#4587 = SURFACE_CURVE('',#4588,(#4593,#4599),.PCURVE_S1.);
#4588 = CIRCLE('',#4589,10.2);
#4589 = AXIS2_PLACEMENT_3D('',#4590,#4591,#4592);
#4590 = CARTESIAN_POINT('',(0.,3.704787698854E-14,166.84880500044));
#4591 = DIRECTION('',(0.,-2.22044604925E-16,-1.));
#4592 = DIRECTION('',(1.,0.,0.));
#4593 = PCURVE('',#4115,#4594);
#4594 = DEFINITIONAL_REPRESENTATION('',(#4595),#4598);
#4595 = B_SPLINE_CURVE_WITH_KNOTS('',1,(#4596,#4597),.UNSPECIFIED.,.F.,
  .F.,(2,2),(0.,6.28318530718),.PIECEWISE_BEZIER_KNOTS.);
#4596 = CARTESIAN_POINT('',(0.,0.));
#4597 = CARTESIAN_POINT('',(6.28318530718,0.));
#4598 = ( GEOMETRIC_REPRESENTATION_CONTEXT(2) 
PARAMETRIC_REPRESENTATION_CONTEXT() REPRESENTATION_CONTEXT('2D SPACE',''
  ) );
#4599 = PCURVE('',#4600,#4605);
#4600 = TOROIDAL_SURFACE('',#4601,7.701620019324,2.5);
#4601 = AXIS2_PLACEMENT_3D('',#4602,#4603,#4604);
#4602 = CARTESIAN_POINT('',(0.,3.702789609263E-14,166.7588190451));
#4603 = DIRECTION('',(0.,2.22044604925E-16,1.));
#4604 = DIRECTION('',(1.,0.,0.));
#4605 = DEFINITIONAL_REPRESENTATION('',(#4606),#4609);
#4606 = B_SPLINE_CURVE_WITH_KNOTS('',1,(#4607,#4608),.UNSPECIFIED.,.F.,
  .F.,(2,2),(0.,6.28318530718),.PIECEWISE_BEZIER_KNOTS.);
#4607 = CARTESIAN_POINT('',(0.,3.600215903004E-02));
#4608 = CARTESIAN_POINT('',(-6.28318530718,3.600215903004E-02));
#4609 = ( GEOMETRIC_REPRESENTATION_CONTEXT(2) 
PARAMETRIC_REPRESENTATION_CONTEXT() REPRESENTATION_CONTEXT('2D SPACE',''
  ) );
#4610 = ORIENTED_EDGE('',*,*,#4565,.T.);
#4611 = ORIENTED_EDGE('',*,*,#4099,.T.);
#4612 = ADVANCED_FACE('',(#4613),#4166,.F.);
#4613 = FACE_BOUND('',#4614,.F.);
#4614 = EDGE_LOOP('',(#4615,#4643,#4662,#4663));
#4615 = ORIENTED_EDGE('',*,*,#4616,.T.);
#4616 = EDGE_CURVE('',#4617,#4617,#4619,.T.);
#4617 = VERTEX_POINT('',#4618);
#4618 = CARTESIAN_POINT('',(7.219304666315,3.691687379017E-14,
    166.2588190451));
#4619 = SURFACE_CURVE('',#4620,(#4625,#4631),.PCURVE_S1.);
#4620 = CIRCLE('',#4621,7.219304666315);
#4621 = AXIS2_PLACEMENT_3D('',#4622,#4623,#4624);
#4622 = CARTESIAN_POINT('',(0.,3.691687379017E-14,166.2588190451));
#4623 = DIRECTION('',(0.,-2.22044604925E-16,-1.));
#4624 = DIRECTION('',(1.,0.,0.));
#4625 = PCURVE('',#4166,#4626);
#4626 = DEFINITIONAL_REPRESENTATION('',(#4627),#4630);
#4627 = B_SPLINE_CURVE_WITH_KNOTS('',1,(#4628,#4629),.UNSPECIFIED.,.F.,
  .F.,(2,2),(0.,6.28318530718),.PIECEWISE_BEZIER_KNOTS.);
#4628 = CARTESIAN_POINT('',(0.,0.));
#4629 = CARTESIAN_POINT('',(6.28318530718,0.));
#4630 = ( GEOMETRIC_REPRESENTATION_CONTEXT(2) 
PARAMETRIC_REPRESENTATION_CONTEXT() REPRESENTATION_CONTEXT('2D SPACE',''
  ) );
#4631 = PCURVE('',#4632,#4637);
#4632 = PLANE('',#4633);
#4633 = AXIS2_PLACEMENT_3D('',#4634,#4635,#4636);
#4634 = CARTESIAN_POINT('',(0.,3.691687379017E-14,166.2588190451));
#4635 = DIRECTION('',(0.,-2.22044604925E-16,-1.));
#4636 = DIRECTION('',(1.,0.,0.));
#4637 = DEFINITIONAL_REPRESENTATION('',(#4638),#4642);
#4638 = CIRCLE('',#4639,7.219304666315);
#4639 = AXIS2_PLACEMENT_2D('',#4640,#4641);
#4640 = CARTESIAN_POINT('',(0.,0.));
#4641 = DIRECTION('',(1.,-0.));
#4642 = ( GEOMETRIC_REPRESENTATION_CONTEXT(2) 
PARAMETRIC_REPRESENTATION_CONTEXT() REPRESENTATION_CONTEXT('2D SPACE',''
  ) );
#4643 = ORIENTED_EDGE('',*,*,#4644,.T.);
#4644 = EDGE_CURVE('',#4617,#4151,#4645,.T.);
#4645 = SEAM_CURVE('',#4646,(#4650,#4656),.PCURVE_S1.);
#4646 = LINE('',#4647,#4648);
#4647 = CARTESIAN_POINT('',(7.219304666315,3.691687379017E-14,
    166.2588190451));
#4648 = VECTOR('',#4649,1.);
#4649 = DIRECTION('',(3.599438213493E-02,-2.219007183047E-16,
    -0.99935199227));
#4650 = PCURVE('',#4166,#4651);
#4651 = DEFINITIONAL_REPRESENTATION('',(#4652),#4655);
#4652 = B_SPLINE_CURVE_WITH_KNOTS('',1,(#4653,#4654),.UNSPECIFIED.,.F.,
  .F.,(2,2),(0.,136.34717306716),.PIECEWISE_BEZIER_KNOTS.);
#4653 = CARTESIAN_POINT('',(0.,0.));
#4654 = CARTESIAN_POINT('',(0.,136.2588190451));
#4655 = ( GEOMETRIC_REPRESENTATION_CONTEXT(2) 
PARAMETRIC_REPRESENTATION_CONTEXT() REPRESENTATION_CONTEXT('2D SPACE',''
  ) );
#4656 = PCURVE('',#4166,#4657);
#4657 = DEFINITIONAL_REPRESENTATION('',(#4658),#4661);
#4658 = B_SPLINE_CURVE_WITH_KNOTS('',1,(#4659,#4660),.UNSPECIFIED.,.F.,
  .F.,(2,2),(0.,136.34717306716),.PIECEWISE_BEZIER_KNOTS.);
#4659 = CARTESIAN_POINT('',(6.28318530718,0.));
#4660 = CARTESIAN_POINT('',(6.28318530718,136.2588190451));
#4661 = ( GEOMETRIC_REPRESENTATION_CONTEXT(2) 
PARAMETRIC_REPRESENTATION_CONTEXT() REPRESENTATION_CONTEXT('2D SPACE',''
  ) );
#4662 = ORIENTED_EDGE('',*,*,#4150,.F.);
#4663 = ORIENTED_EDGE('',*,*,#4644,.F.);
#4664 = ADVANCED_FACE('',(#4665),#4238,.T.);
#4665 = FACE_BOUND('',#4666,.T.);
#4666 = EDGE_LOOP('',(#4667));
#4667 = ORIENTED_EDGE('',*,*,#4224,.T.);
#4668 = ADVANCED_FACE('',(#4669),#4290,.T.);
#4669 = FACE_BOUND('',#4670,.T.);
#4670 = EDGE_LOOP('',(#4671));
#4671 = ORIENTED_EDGE('',*,*,#4276,.T.);
#4672 = ADVANCED_FACE('',(#4673),#4342,.T.);
#4673 = FACE_BOUND('',#4674,.T.);
#4674 = EDGE_LOOP('',(#4675));
#4675 = ORIENTED_EDGE('',*,*,#4328,.T.);
#4676 = ADVANCED_FACE('',(#4677),#4394,.T.);
#4677 = FACE_BOUND('',#4678,.T.);
#4678 = EDGE_LOOP('',(#4679));
#4679 = ORIENTED_EDGE('',*,*,#4380,.T.);
#4680 = ADVANCED_FACE('',(#4681),#4446,.T.);
#4681 = FACE_BOUND('',#4682,.T.);
#4682 = EDGE_LOOP('',(#4683));
#4683 = ORIENTED_EDGE('',*,*,#4432,.T.);
#4684 = ADVANCED_FACE('',(#4685),#4498,.T.);
#4685 = FACE_BOUND('',#4686,.T.);
#4686 = EDGE_LOOP('',(#4687));
#4687 = ORIENTED_EDGE('',*,*,#4484,.T.);
#4688 = ADVANCED_FACE('',(#4689),#4550,.T.);
#4689 = FACE_BOUND('',#4690,.T.);
#4690 = EDGE_LOOP('',(#4691));
#4691 = ORIENTED_EDGE('',*,*,#4536,.T.);
#4692 = ADVANCED_FACE('',(#4693),#4600,.T.);
#4693 = FACE_BOUND('',#4694,.F.);
#4694 = EDGE_LOOP('',(#4695,#4696,#4718,#4744));
#4695 = ORIENTED_EDGE('',*,*,#4586,.T.);
#4696 = ORIENTED_EDGE('',*,*,#4697,.T.);
#4697 = EDGE_CURVE('',#4566,#4698,#4700,.T.);
#4698 = VERTEX_POINT('',#4699);
#4699 = CARTESIAN_POINT('',(7.701620019324,3.758300760495E-14,
    169.2588190451));
#4700 = SEAM_CURVE('',#4701,(#4706,#4712),.PCURVE_S1.);
#4701 = CIRCLE('',#4702,2.5);
#4702 = AXIS2_PLACEMENT_3D('',#4703,#4704,#4705);
#4703 = CARTESIAN_POINT('',(7.701620019324,3.702789609263E-14,
    166.7588190451));
#4704 = DIRECTION('',(0.,-1.,2.22044604925E-16));
#4705 = DIRECTION('',(1.,0.,0.));
#4706 = PCURVE('',#4600,#4707);
#4707 = DEFINITIONAL_REPRESENTATION('',(#4708),#4711);
#4708 = B_SPLINE_CURVE_WITH_KNOTS('',1,(#4709,#4710),.UNSPECIFIED.,.F.,
  .F.,(2,2),(3.600215903004E-02,1.570796326795),
  .PIECEWISE_BEZIER_KNOTS.);
#4709 = CARTESIAN_POINT('',(0.,3.600215903004E-02));
#4710 = CARTESIAN_POINT('',(0.,1.570796326795));
#4711 = ( GEOMETRIC_REPRESENTATION_CONTEXT(2) 
PARAMETRIC_REPRESENTATION_CONTEXT() REPRESENTATION_CONTEXT('2D SPACE',''
  ) );
#4712 = PCURVE('',#4600,#4713);
#4713 = DEFINITIONAL_REPRESENTATION('',(#4714),#4717);
#4714 = B_SPLINE_CURVE_WITH_KNOTS('',1,(#4715,#4716),.UNSPECIFIED.,.F.,
  .F.,(2,2),(3.600215903004E-02,1.570796326795),
  .PIECEWISE_BEZIER_KNOTS.);
#4715 = CARTESIAN_POINT('',(-6.28318530718,3.600215903004E-02));
#4716 = CARTESIAN_POINT('',(-6.28318530718,1.570796326795));
#4717 = ( GEOMETRIC_REPRESENTATION_CONTEXT(2) 
PARAMETRIC_REPRESENTATION_CONTEXT() REPRESENTATION_CONTEXT('2D SPACE',''
  ) );
#4718 = ORIENTED_EDGE('',*,*,#4719,.F.);
#4719 = EDGE_CURVE('',#4698,#4698,#4720,.T.);
#4720 = SURFACE_CURVE('',#4721,(#4726,#4732),.PCURVE_S1.);
#4721 = CIRCLE('',#4722,7.701620019324);
#4722 = AXIS2_PLACEMENT_3D('',#4723,#4724,#4725);
#4723 = CARTESIAN_POINT('',(0.,3.758300760495E-14,169.2588190451));
#4724 = DIRECTION('',(0.,-2.22044604925E-16,-1.));
#4725 = DIRECTION('',(1.,0.,0.));
#4726 = PCURVE('',#4600,#4727);
#4727 = DEFINITIONAL_REPRESENTATION('',(#4728),#4731);
#4728 = B_SPLINE_CURVE_WITH_KNOTS('',1,(#4729,#4730),.UNSPECIFIED.,.F.,
  .F.,(2,2),(0.,6.28318530718),.PIECEWISE_BEZIER_KNOTS.);
#4729 = CARTESIAN_POINT('',(0.,1.570796326795));
#4730 = CARTESIAN_POINT('',(-6.28318530718,1.570796326795));
#4731 = ( GEOMETRIC_REPRESENTATION_CONTEXT(2) 
PARAMETRIC_REPRESENTATION_CONTEXT() REPRESENTATION_CONTEXT('2D SPACE',''
  ) );
#4732 = PCURVE('',#4733,#4738);
#4733 = PLANE('',#4734);
#4734 = AXIS2_PLACEMENT_3D('',#4735,#4736,#4737);
#4735 = CARTESIAN_POINT('',(0.,3.758300760495E-14,169.2588190451));
#4736 = DIRECTION('',(0.,-2.22044604925E-16,-1.));
#4737 = DIRECTION('',(1.,0.,0.));
#4738 = DEFINITIONAL_REPRESENTATION('',(#4739),#4743);
#4739 = CIRCLE('',#4740,7.701620019324);
#4740 = AXIS2_PLACEMENT_2D('',#4741,#4742);
#4741 = CARTESIAN_POINT('',(0.,0.));
#4742 = DIRECTION('',(1.,-0.));
#4743 = ( GEOMETRIC_REPRESENTATION_CONTEXT(2) 
PARAMETRIC_REPRESENTATION_CONTEXT() REPRESENTATION_CONTEXT('2D SPACE',''
  ) );
#4744 = ORIENTED_EDGE('',*,*,#4697,.F.);
#4745 = ADVANCED_FACE('',(#4746),#4632,.T.);
#4746 = FACE_BOUND('',#4747,.F.);
#4747 = EDGE_LOOP('',(#4748));
#4748 = ORIENTED_EDGE('',*,*,#4616,.F.);
#4749 = ADVANCED_FACE('',(#4750),#4733,.F.);
#4750 = FACE_BOUND('',#4751,.T.);
#4751 = EDGE_LOOP('',(#4752));
#4752 = ORIENTED_EDGE('',*,*,#4719,.F.);
#4753 = ( GEOMETRIC_REPRESENTATION_CONTEXT(3) 
GLOBAL_UNCERTAINTY_ASSIGNED_CONTEXT((#4757)) 
GLOBAL_UNIT_ASSIGNED_CONTEXT((#4754,#4755,#4756)) REPRESENTATION_CONTEXT
('Context #1','3D Context with UNIT and UNCERTAINTY') );
#4754 = ( LENGTH_UNIT() NAMED_UNIT(*) SI_UNIT(.MILLI.,.METRE.) );
#4755 = ( NAMED_UNIT(*) PLANE_ANGLE_UNIT() SI_UNIT($,.RADIAN.) );
#4756 = ( NAMED_UNIT(*) SI_UNIT($,.STERADIAN.) SOLID_ANGLE_UNIT() );
#4757 = UNCERTAINTY_MEASURE_WITH_UNIT(LENGTH_MEASURE(1.E-07),#4754,
  'distance_accuracy_value','confusion accuracy');
#4758 = CONTEXT_DEPENDENT_SHAPE_REPRESENTATION(#4759,#4761);
#4759 = ( REPRESENTATION_RELATIONSHIP('','',#32,#10) 
REPRESENTATION_RELATIONSHIP_WITH_TRANSFORMATION(#4760) 
SHAPE_REPRESENTATION_RELATIONSHIP() );
#4760 = ITEM_DEFINED_TRANSFORMATION('','',#11,#15);
#4761 = PRODUCT_DEFINITION_SHAPE('Placement','Placement of an item',
  #4762);
#4762 = NEXT_ASSEMBLY_USAGE_OCCURRENCE('6','Body','',#5,#27,$);
#4763 = PRODUCT_RELATED_PRODUCT_CATEGORY('part',$,(#29));
#4764 = MECHANICAL_DESIGN_GEOMETRIC_PRESENTATION_REPRESENTATION('',(
    #4765),#4753);
#4765 = STYLED_ITEM('color',(#4766),#33);
#4766 = PRESENTATION_STYLE_ASSIGNMENT((#4767,#4775));
#4767 = SURFACE_STYLE_USAGE(.BOTH.,#4768);
#4768 = SURFACE_SIDE_STYLE('',(#4769,#4773));
#4769 = SURFACE_STYLE_FILL_AREA(#4770);
#4770 = FILL_AREA_STYLE('',(#4771));
#4771 = FILL_AREA_STYLE_COLOUR('',#4772);
#4772 = COLOUR_RGB('',0.800000010877,0.800000010877,0.800000010877);
#4773 = SURFACE_STYLE_RENDERING_WITH_PROPERTIES(.NORMAL_SHADING.,#4772,(
    #4774));
#4774 = SURFACE_STYLE_TRANSPARENT(0.899999976158);
#4775 = CURVE_STYLE('',#4776,POSITIVE_LENGTH_MEASURE(0.1),#4777);
#4776 = DRAUGHTING_PRE_DEFINED_CURVE_FONT('continuous');
#4777 = COLOUR_RGB('',9.803921802644E-02,9.803921802644E-02,
  9.803921802644E-02);
ENDSEC;
END-ISO-10303-21;
