ISO-10303-21;
HEADER;
FILE_DESCRIPTION(('FreeCAD Model'),'2;1');
FILE_NAME('Open CASCADE Shape Model','2026-04-14T14:49:04',(''),(''),
  'Open CASCADE STEP processor 7.8','FreeCAD','Unknown');
FILE_SCHEMA(('AUTOMOTIVE_DESIGN { 1 0 10303 214 1 1 1 1 }'));
ENDSEC;
DATA;
#1 = APPLICATION_PROTOCOL_DEFINITION('international standard',
  'automotive_design',2000,#2);
#2 = APPLICATION_CONTEXT(
  'core data for automotive mechanical design processes');
#3 = SHAPE_DEFINITION_REPRESENTATION(#4,#10);
#4 = PRODUCT_DEFINITION_SHAPE('','',#5);
#5 = PRODUCT_DEFINITION('design','',#6,#9);
#6 = PRODUCT_DEFINITION_FORMATION('','',#7);
#7 = PRODUCT('Part','Part','',(#8));
#8 = PRODUCT_CONTEXT('',#2,'mechanical');
#9 = PRODUCT_DEFINITION_CONTEXT('part definition',#2,'design');
#10 = SHAPE_REPRESENTATION('',(#11,#15,#19),#23);
#11 = AXIS2_PLACEMENT_3D('',#12,#13,#14);
#12 = CARTESIAN_POINT('',(0.,0.,0.));
#13 = DIRECTION('',(0.,0.,1.));
#14 = DIRECTION('',(1.,0.,-0.));
#15 = AXIS2_PLACEMENT_3D('',#16,#17,#18);
#16 = CARTESIAN_POINT('',(0.,0.,0.));
#17 = DIRECTION('',(0.,0.,1.));
#18 = DIRECTION('',(1.,0.,0.));
#19 = AXIS2_PLACEMENT_3D('',#20,#21,#22);
#20 = CARTESIAN_POINT('',(0.,0.,0.));
#21 = DIRECTION('',(0.,0.,1.));
#22 = DIRECTION('',(1.,0.,0.));
#23 = ( GEOMETRIC_REPRESENTATION_CONTEXT(3) 
GLOBAL_UNCERTAINTY_ASSIGNED_CONTEXT((#27)) GLOBAL_UNIT_ASSIGNED_CONTEXT(
(#24,#25,#26)) REPRESENTATION_CONTEXT('Context #1',
  '3D Context with UNIT and UNCERTAINTY') );
#24 = ( LENGTH_UNIT() NAMED_UNIT(*) SI_UNIT(.MILLI.,.METRE.) );
#25 = ( NAMED_UNIT(*) PLANE_ANGLE_UNIT() SI_UNIT($,.RADIAN.) );
#26 = ( NAMED_UNIT(*) SI_UNIT($,.STERADIAN.) SOLID_ANGLE_UNIT() );
#27 = UNCERTAINTY_MEASURE_WITH_UNIT(LENGTH_MEASURE(2.E-05),#24,
  'distance_accuracy_value','confusion accuracy');
#28 = PRODUCT_RELATED_PRODUCT_CATEGORY('part',$,(#7));
#29 = SHAPE_DEFINITION_REPRESENTATION(#30,#36);
#30 = PRODUCT_DEFINITION_SHAPE('','',#31);
#31 = PRODUCT_DEFINITION('design','',#32,#35);
#32 = PRODUCT_DEFINITION_FORMATION('','',#33);
#33 = PRODUCT('Body','Body','',(#34));
#34 = PRODUCT_CONTEXT('',#2,'mechanical');
#35 = PRODUCT_DEFINITION_CONTEXT('part definition',#2,'design');
#36 = ADVANCED_BREP_SHAPE_REPRESENTATION('',(#11,#37),#3687);
#37 = MANIFOLD_SOLID_BREP('',#38);
#38 = CLOSED_SHELL('',(#39,#531,#608,#689,#882,#909,#936,#1008,#1035,
    #1085,#1192,#1242,#1301,#1351,#1410,#1469,#1519,#1693,#1867,#2041,
    #2201,#2763,#2817,#2893,#2940,#3020,#3069,#3116,#3171,#3218,#3247,
    #3294,#3341,#3368,#3395,#3422,#3469,#3496,#3503,#3530,#3537,#3564,
    #3571,#3598,#3605,#3632,#3639,#3666,#3673,#3680));
#39 = ADVANCED_FACE('',(#40,#283,#314,#345,#376,#407,#438,#469,#500),#55
  ,.F.);
#40 = FACE_BOUND('',#41,.F.);
#41 = EDGE_LOOP('',(#42,#82,#110,#139,#167,#196,#224,#257));
#42 = ORIENTED_EDGE('',*,*,#43,.F.);
#43 = EDGE_CURVE('',#44,#46,#48,.T.);
#44 = VERTEX_POINT('',#45);
#45 = CARTESIAN_POINT('',(-13.76095188525,-32.5,43.));
#46 = VERTEX_POINT('',#47);
#47 = CARTESIAN_POINT('',(-15.3,-29.99999895486,43.));
#48 = SURFACE_CURVE('',#49,(#54,#70),.PCURVE_S1.);
#49 = CIRCLE('',#50,2.800000178512);
#50 = AXIS2_PLACEMENT_3D('',#51,#52,#53);
#51 = CARTESIAN_POINT('',(-12.49999982148,-29.99999982148,43.));
#52 = DIRECTION('',(0.,0.,-1.));
#53 = DIRECTION('',(1.,0.,0.));
#54 = PCURVE('',#55,#60);
#55 = PLANE('',#56);
#56 = AXIS2_PLACEMENT_3D('',#57,#58,#59);
#57 = CARTESIAN_POINT('',(14.177342981597,4.732921490335E-14,43.));
#58 = DIRECTION('',(0.,0.,1.));
#59 = DIRECTION('',(1.,0.,0.));
#60 = DEFINITIONAL_REPRESENTATION('',(#61),#69);
#61 = ( BOUNDED_CURVE() B_SPLINE_CURVE(2,(#62,#63,#64,#65,#66,#67,#68),
.UNSPECIFIED.,.T.,.F.) B_SPLINE_CURVE_WITH_KNOTS((1,2,2,2,2,1),(
    -2.094395102393,0.,2.094395102393,4.188790204786,6.28318530718,
8.377580409573),.UNSPECIFIED.) CURVE() GEOMETRIC_REPRESENTATION_ITEM() 
RATIONAL_B_SPLINE_CURVE((1.,0.5,1.,0.5,1.,0.5,1.)) REPRESENTATION_ITEM(
  '') );
#62 = CARTESIAN_POINT('',(-23.87734262457,-29.99999982148));
#63 = CARTESIAN_POINT('',(-23.87734262457,-34.84974239187));
#64 = CARTESIAN_POINT('',(-28.07734289234,-32.42487110668));
#65 = CARTESIAN_POINT('',(-32.2773431601,-29.99999982148));
#66 = CARTESIAN_POINT('',(-28.07734289234,-27.57512853629));
#67 = CARTESIAN_POINT('',(-23.87734262457,-25.1502572511));
#68 = CARTESIAN_POINT('',(-23.87734262457,-29.99999982148));
#69 = ( GEOMETRIC_REPRESENTATION_CONTEXT(2) 
PARAMETRIC_REPRESENTATION_CONTEXT() REPRESENTATION_CONTEXT('2D SPACE',''
  ) );
#70 = PCURVE('',#71,#76);
#71 = CYLINDRICAL_SURFACE('',#72,2.800000178512);
#72 = AXIS2_PLACEMENT_3D('',#73,#74,#75);
#73 = CARTESIAN_POINT('',(-12.49999982148,-29.99999982148,43.));
#74 = DIRECTION('',(0.,0.,1.));
#75 = DIRECTION('',(1.,0.,0.));
#76 = DEFINITIONAL_REPRESENTATION('',(#77),#81);
#77 = LINE('',#78,#79);
#78 = CARTESIAN_POINT('',(-0.,0.));
#79 = VECTOR('',#80,1.);
#80 = DIRECTION('',(-1.,0.));
#81 = ( GEOMETRIC_REPRESENTATION_CONTEXT(2) 
PARAMETRIC_REPRESENTATION_CONTEXT() REPRESENTATION_CONTEXT('2D SPACE',''
  ) );
#82 = ORIENTED_EDGE('',*,*,#83,.T.);
#83 = EDGE_CURVE('',#44,#84,#86,.T.);
#84 = VERTEX_POINT('',#85);
#85 = CARTESIAN_POINT('',(47.500000000001,-32.5,43.));
#86 = SURFACE_CURVE('',#87,(#91,#98),.PCURVE_S1.);
#87 = LINE('',#88,#89);
#88 = CARTESIAN_POINT('',(-23.5,-32.5,43.));
#89 = VECTOR('',#90,1.);
#90 = DIRECTION('',(1.,0.,0.));
#91 = PCURVE('',#55,#92);
#92 = DEFINITIONAL_REPRESENTATION('',(#93),#97);
#93 = LINE('',#94,#95);
#94 = CARTESIAN_POINT('',(-37.67734298159,-32.5));
#95 = VECTOR('',#96,1.);
#96 = DIRECTION('',(1.,0.));
#97 = ( GEOMETRIC_REPRESENTATION_CONTEXT(2) 
PARAMETRIC_REPRESENTATION_CONTEXT() REPRESENTATION_CONTEXT('2D SPACE',''
  ) );
#98 = PCURVE('',#99,#104);
#99 = PLANE('',#100);
#100 = AXIS2_PLACEMENT_3D('',#101,#102,#103);
#101 = CARTESIAN_POINT('',(10.906054430621,-32.5,47.593945569379));
#102 = DIRECTION('',(-0.,-1.,-2.366025663608E-16));
#103 = DIRECTION('',(0.,2.366025663608E-16,-1.));
#104 = DEFINITIONAL_REPRESENTATION('',(#105),#109);
#105 = LINE('',#106,#107);
#106 = CARTESIAN_POINT('',(4.593945569379,-34.40605443062));
#107 = VECTOR('',#108,1.);
#108 = DIRECTION('',(0.,1.));
#109 = ( GEOMETRIC_REPRESENTATION_CONTEXT(2) 
PARAMETRIC_REPRESENTATION_CONTEXT() REPRESENTATION_CONTEXT('2D SPACE',''
  ) );
#110 = ORIENTED_EDGE('',*,*,#111,.T.);
#111 = EDGE_CURVE('',#84,#112,#114,.T.);
#112 = VERTEX_POINT('',#113);
#113 = CARTESIAN_POINT('',(50.,-30.,43.));
#114 = SURFACE_CURVE('',#115,(#120,#127),.PCURVE_S1.);
#115 = CIRCLE('',#116,2.499999999999);
#116 = AXIS2_PLACEMENT_3D('',#117,#118,#119);
#117 = CARTESIAN_POINT('',(47.500000000001,-30.,43.));
#118 = DIRECTION('',(0.,0.,1.));
#119 = DIRECTION('',(1.,0.,0.));
#120 = PCURVE('',#55,#121);
#121 = DEFINITIONAL_REPRESENTATION('',(#122),#126);
#122 = CIRCLE('',#123,2.499999999999);
#123 = AXIS2_PLACEMENT_2D('',#124,#125);
#124 = CARTESIAN_POINT('',(33.322657018403,-30.));
#125 = DIRECTION('',(1.,0.));
#126 = ( GEOMETRIC_REPRESENTATION_CONTEXT(2) 
PARAMETRIC_REPRESENTATION_CONTEXT() REPRESENTATION_CONTEXT('2D SPACE',''
  ) );
#127 = PCURVE('',#128,#133);
#128 = CYLINDRICAL_SURFACE('',#129,2.499999999999);
#129 = AXIS2_PLACEMENT_3D('',#130,#131,#132);
#130 = CARTESIAN_POINT('',(47.500000000001,-30.,43.));
#131 = DIRECTION('',(-0.,-0.,-1.));
#132 = DIRECTION('',(1.,0.,0.));
#133 = DEFINITIONAL_REPRESENTATION('',(#134),#138);
#134 = LINE('',#135,#136);
#135 = CARTESIAN_POINT('',(-0.,0.));
#136 = VECTOR('',#137,1.);
#137 = DIRECTION('',(-1.,0.));
#138 = ( GEOMETRIC_REPRESENTATION_CONTEXT(2) 
PARAMETRIC_REPRESENTATION_CONTEXT() REPRESENTATION_CONTEXT('2D SPACE',''
  ) );
#139 = ORIENTED_EDGE('',*,*,#140,.T.);
#140 = EDGE_CURVE('',#112,#141,#143,.T.);
#141 = VERTEX_POINT('',#142);
#142 = CARTESIAN_POINT('',(50.,30.,43.));
#143 = SURFACE_CURVE('',#144,(#148,#155),.PCURVE_S1.);
#144 = LINE('',#145,#146);
#145 = CARTESIAN_POINT('',(50.,-30.,43.));
#146 = VECTOR('',#147,1.);
#147 = DIRECTION('',(0.,1.,0.));
#148 = PCURVE('',#55,#149);
#149 = DEFINITIONAL_REPRESENTATION('',(#150),#154);
#150 = LINE('',#151,#152);
#151 = CARTESIAN_POINT('',(35.822657018403,-30.));
#152 = VECTOR('',#153,1.);
#153 = DIRECTION('',(0.,1.));
#154 = ( GEOMETRIC_REPRESENTATION_CONTEXT(2) 
PARAMETRIC_REPRESENTATION_CONTEXT() REPRESENTATION_CONTEXT('2D SPACE',''
  ) );
#155 = PCURVE('',#156,#161);
#156 = PLANE('',#157);
#157 = AXIS2_PLACEMENT_3D('',#158,#159,#160);
#158 = CARTESIAN_POINT('',(50.,-30.,43.));
#159 = DIRECTION('',(-1.,0.,0.));
#160 = DIRECTION('',(0.,1.,0.));
#161 = DEFINITIONAL_REPRESENTATION('',(#162),#166);
#162 = LINE('',#163,#164);
#163 = CARTESIAN_POINT('',(0.,0.));
#164 = VECTOR('',#165,1.);
#165 = DIRECTION('',(1.,0.));
#166 = ( GEOMETRIC_REPRESENTATION_CONTEXT(2) 
PARAMETRIC_REPRESENTATION_CONTEXT() REPRESENTATION_CONTEXT('2D SPACE',''
  ) );
#167 = ORIENTED_EDGE('',*,*,#168,.T.);
#168 = EDGE_CURVE('',#141,#169,#171,.T.);
#169 = VERTEX_POINT('',#170);
#170 = CARTESIAN_POINT('',(47.5,32.5,43.));
#171 = SURFACE_CURVE('',#172,(#177,#184),.PCURVE_S1.);
#172 = CIRCLE('',#173,2.5);
#173 = AXIS2_PLACEMENT_3D('',#174,#175,#176);
#174 = CARTESIAN_POINT('',(47.5,30.,43.));
#175 = DIRECTION('',(0.,0.,1.));
#176 = DIRECTION('',(1.,0.,0.));
#177 = PCURVE('',#55,#178);
#178 = DEFINITIONAL_REPRESENTATION('',(#179),#183);
#179 = CIRCLE('',#180,2.5);
#180 = AXIS2_PLACEMENT_2D('',#181,#182);
#181 = CARTESIAN_POINT('',(33.322657018403,30.));
#182 = DIRECTION('',(1.,0.));
#183 = ( GEOMETRIC_REPRESENTATION_CONTEXT(2) 
PARAMETRIC_REPRESENTATION_CONTEXT() REPRESENTATION_CONTEXT('2D SPACE',''
  ) );
#184 = PCURVE('',#185,#190);
#185 = CYLINDRICAL_SURFACE('',#186,2.5);
#186 = AXIS2_PLACEMENT_3D('',#187,#188,#189);
#187 = CARTESIAN_POINT('',(47.5,30.,43.));
#188 = DIRECTION('',(-0.,-0.,-1.));
#189 = DIRECTION('',(1.,0.,0.));
#190 = DEFINITIONAL_REPRESENTATION('',(#191),#195);
#191 = LINE('',#192,#193);
#192 = CARTESIAN_POINT('',(-0.,0.));
#193 = VECTOR('',#194,1.);
#194 = DIRECTION('',(-1.,0.));
#195 = ( GEOMETRIC_REPRESENTATION_CONTEXT(2) 
PARAMETRIC_REPRESENTATION_CONTEXT() REPRESENTATION_CONTEXT('2D SPACE',''
  ) );
#196 = ORIENTED_EDGE('',*,*,#197,.T.);
#197 = EDGE_CURVE('',#169,#198,#200,.T.);
#198 = VERTEX_POINT('',#199);
#199 = CARTESIAN_POINT('',(-13.76095202129,32.5,43.));
#200 = SURFACE_CURVE('',#201,(#205,#212),.PCURVE_S1.);
#201 = LINE('',#202,#203);
#202 = CARTESIAN_POINT('',(47.5,32.5,43.));
#203 = VECTOR('',#204,1.);
#204 = DIRECTION('',(-1.,-1.401070183189E-15,0.));
#205 = PCURVE('',#55,#206);
#206 = DEFINITIONAL_REPRESENTATION('',(#207),#211);
#207 = LINE('',#208,#209);
#208 = CARTESIAN_POINT('',(33.322657018403,32.5));
#209 = VECTOR('',#210,1.);
#210 = DIRECTION('',(-1.,-1.401070183189E-15));
#211 = ( GEOMETRIC_REPRESENTATION_CONTEXT(2) 
PARAMETRIC_REPRESENTATION_CONTEXT() REPRESENTATION_CONTEXT('2D SPACE',''
  ) );
#212 = PCURVE('',#213,#218);
#213 = PLANE('',#214);
#214 = AXIS2_PLACEMENT_3D('',#215,#216,#217);
#215 = CARTESIAN_POINT('',(10.906054428191,32.5,47.593945571809));
#216 = DIRECTION('',(-1.443836336756E-15,1.,-3.76378857529E-16));
#217 = DIRECTION('',(1.,1.443836336756E-15,-4.016802393982E-47));
#218 = DEFINITIONAL_REPRESENTATION('',(#219),#223);
#219 = LINE('',#220,#221);
#220 = CARTESIAN_POINT('',(36.593945571809,4.593945571809));
#221 = VECTOR('',#222,1.);
#222 = DIRECTION('',(-1.,-1.609627602067E-32));
#223 = ( GEOMETRIC_REPRESENTATION_CONTEXT(2) 
PARAMETRIC_REPRESENTATION_CONTEXT() REPRESENTATION_CONTEXT('2D SPACE',''
  ) );
#224 = ORIENTED_EDGE('',*,*,#225,.F.);
#225 = EDGE_CURVE('',#226,#198,#228,.T.);
#226 = VERTEX_POINT('',#227);
#227 = CARTESIAN_POINT('',(-15.3,30.,43.));
#228 = SURFACE_CURVE('',#229,(#234,#245),.PCURVE_S1.);
#229 = CIRCLE('',#230,2.8);
#230 = AXIS2_PLACEMENT_3D('',#231,#232,#233);
#231 = CARTESIAN_POINT('',(-12.5,30.,43.));
#232 = DIRECTION('',(0.,0.,-1.));
#233 = DIRECTION('',(1.,0.,0.));
#234 = PCURVE('',#55,#235);
#235 = DEFINITIONAL_REPRESENTATION('',(#236),#244);
#236 = ( BOUNDED_CURVE() B_SPLINE_CURVE(2,(#237,#238,#239,#240,#241,#242
,#243),.UNSPECIFIED.,.T.,.F.) B_SPLINE_CURVE_WITH_KNOTS((1,2,2,2,2,1),(
    -2.094395102393,0.,2.094395102393,4.188790204786,6.28318530718,
8.377580409573),.UNSPECIFIED.) CURVE() GEOMETRIC_REPRESENTATION_ITEM() 
RATIONAL_B_SPLINE_CURVE((1.,0.5,1.,0.5,1.,0.5,1.)) REPRESENTATION_ITEM(
  '') );
#237 = CARTESIAN_POINT('',(-23.87734298159,30.));
#238 = CARTESIAN_POINT('',(-23.87734298159,25.150257738808));
#239 = CARTESIAN_POINT('',(-28.07734298159,27.575128869404));
#240 = CARTESIAN_POINT('',(-32.27734298159,30.));
#241 = CARTESIAN_POINT('',(-28.07734298159,32.424871130596));
#242 = CARTESIAN_POINT('',(-23.87734298159,34.849742261192));
#243 = CARTESIAN_POINT('',(-23.87734298159,30.));
#244 = ( GEOMETRIC_REPRESENTATION_CONTEXT(2) 
PARAMETRIC_REPRESENTATION_CONTEXT() REPRESENTATION_CONTEXT('2D SPACE',''
  ) );
#245 = PCURVE('',#246,#251);
#246 = CYLINDRICAL_SURFACE('',#247,2.8);
#247 = AXIS2_PLACEMENT_3D('',#248,#249,#250);
#248 = CARTESIAN_POINT('',(-12.5,30.,43.));
#249 = DIRECTION('',(0.,0.,1.));
#250 = DIRECTION('',(1.,0.,0.));
#251 = DEFINITIONAL_REPRESENTATION('',(#252),#256);
#252 = LINE('',#253,#254);
#253 = CARTESIAN_POINT('',(-0.,0.));
#254 = VECTOR('',#255,1.);
#255 = DIRECTION('',(-1.,0.));
#256 = ( GEOMETRIC_REPRESENTATION_CONTEXT(2) 
PARAMETRIC_REPRESENTATION_CONTEXT() REPRESENTATION_CONTEXT('2D SPACE',''
  ) );
#257 = ORIENTED_EDGE('',*,*,#258,.T.);
#258 = EDGE_CURVE('',#226,#46,#259,.T.);
#259 = SURFACE_CURVE('',#260,(#264,#271),.PCURVE_S1.);
#260 = LINE('',#261,#262);
#261 = CARTESIAN_POINT('',(-15.3,30.,43.));
#262 = VECTOR('',#263,1.);
#263 = DIRECTION('',(0.,-1.,0.));
#264 = PCURVE('',#55,#265);
#265 = DEFINITIONAL_REPRESENTATION('',(#266),#270);
#266 = LINE('',#267,#268);
#267 = CARTESIAN_POINT('',(-29.47734298159,30.));
#268 = VECTOR('',#269,1.);
#269 = DIRECTION('',(0.,-1.));
#270 = ( GEOMETRIC_REPRESENTATION_CONTEXT(2) 
PARAMETRIC_REPRESENTATION_CONTEXT() REPRESENTATION_CONTEXT('2D SPACE',''
  ) );
#271 = PCURVE('',#272,#277);
#272 = PLANE('',#273);
#273 = AXIS2_PLACEMENT_3D('',#274,#275,#276);
#274 = CARTESIAN_POINT('',(-15.3,30.,43.));
#275 = DIRECTION('',(-1.,-0.,-0.));
#276 = DIRECTION('',(0.,-1.,0.));
#277 = DEFINITIONAL_REPRESENTATION('',(#278),#282);
#278 = LINE('',#279,#280);
#279 = CARTESIAN_POINT('',(0.,0.));
#280 = VECTOR('',#281,1.);
#281 = DIRECTION('',(1.,0.));
#282 = ( GEOMETRIC_REPRESENTATION_CONTEXT(2) 
PARAMETRIC_REPRESENTATION_CONTEXT() REPRESENTATION_CONTEXT('2D SPACE',''
  ) );
#283 = FACE_BOUND('',#284,.F.);
#284 = EDGE_LOOP('',(#285));
#285 = ORIENTED_EDGE('',*,*,#286,.F.);
#286 = EDGE_CURVE('',#287,#287,#289,.T.);
#287 = VERTEX_POINT('',#288);
#288 = CARTESIAN_POINT('',(3.5,-20.,43.));
#289 = SURFACE_CURVE('',#290,(#295,#302),.PCURVE_S1.);
#290 = CIRCLE('',#291,6.);
#291 = AXIS2_PLACEMENT_3D('',#292,#293,#294);
#292 = CARTESIAN_POINT('',(-2.5,-20.,43.));
#293 = DIRECTION('',(0.,0.,1.));
#294 = DIRECTION('',(1.,0.,0.));
#295 = PCURVE('',#55,#296);
#296 = DEFINITIONAL_REPRESENTATION('',(#297),#301);
#297 = CIRCLE('',#298,6.);
#298 = AXIS2_PLACEMENT_2D('',#299,#300);
#299 = CARTESIAN_POINT('',(-16.67734298159,-20.));
#300 = DIRECTION('',(1.,0.));
#301 = ( GEOMETRIC_REPRESENTATION_CONTEXT(2) 
PARAMETRIC_REPRESENTATION_CONTEXT() REPRESENTATION_CONTEXT('2D SPACE',''
  ) );
#302 = PCURVE('',#303,#308);
#303 = CYLINDRICAL_SURFACE('',#304,6.);
#304 = AXIS2_PLACEMENT_3D('',#305,#306,#307);
#305 = CARTESIAN_POINT('',(-2.5,-20.,43.));
#306 = DIRECTION('',(-0.,-0.,-1.));
#307 = DIRECTION('',(1.,0.,0.));
#308 = DEFINITIONAL_REPRESENTATION('',(#309),#313);
#309 = LINE('',#310,#311);
#310 = CARTESIAN_POINT('',(-0.,0.));
#311 = VECTOR('',#312,1.);
#312 = DIRECTION('',(-1.,0.));
#313 = ( GEOMETRIC_REPRESENTATION_CONTEXT(2) 
PARAMETRIC_REPRESENTATION_CONTEXT() REPRESENTATION_CONTEXT('2D SPACE',''
  ) );
#314 = FACE_BOUND('',#315,.F.);
#315 = EDGE_LOOP('',(#316));
#316 = ORIENTED_EDGE('',*,*,#317,.F.);
#317 = EDGE_CURVE('',#318,#318,#320,.T.);
#318 = VERTEX_POINT('',#319);
#319 = CARTESIAN_POINT('',(20.25,-20.,43.));
#320 = SURFACE_CURVE('',#321,(#326,#333),.PCURVE_S1.);
#321 = CIRCLE('',#322,2.75);
#322 = AXIS2_PLACEMENT_3D('',#323,#324,#325);
#323 = CARTESIAN_POINT('',(17.5,-20.,43.));
#324 = DIRECTION('',(0.,0.,1.));
#325 = DIRECTION('',(1.,0.,0.));
#326 = PCURVE('',#55,#327);
#327 = DEFINITIONAL_REPRESENTATION('',(#328),#332);
#328 = CIRCLE('',#329,2.75);
#329 = AXIS2_PLACEMENT_2D('',#330,#331);
#330 = CARTESIAN_POINT('',(3.322657018403,-20.));
#331 = DIRECTION('',(1.,0.));
#332 = ( GEOMETRIC_REPRESENTATION_CONTEXT(2) 
PARAMETRIC_REPRESENTATION_CONTEXT() REPRESENTATION_CONTEXT('2D SPACE',''
  ) );
#333 = PCURVE('',#334,#339);
#334 = CYLINDRICAL_SURFACE('',#335,2.75);
#335 = AXIS2_PLACEMENT_3D('',#336,#337,#338);
#336 = CARTESIAN_POINT('',(17.5,-20.,43.));
#337 = DIRECTION('',(-0.,-0.,-1.));
#338 = DIRECTION('',(1.,0.,0.));
#339 = DEFINITIONAL_REPRESENTATION('',(#340),#344);
#340 = LINE('',#341,#342);
#341 = CARTESIAN_POINT('',(-0.,0.));
#342 = VECTOR('',#343,1.);
#343 = DIRECTION('',(-1.,0.));
#344 = ( GEOMETRIC_REPRESENTATION_CONTEXT(2) 
PARAMETRIC_REPRESENTATION_CONTEXT() REPRESENTATION_CONTEXT('2D SPACE',''
  ) );
#345 = FACE_BOUND('',#346,.F.);
#346 = EDGE_LOOP('',(#347));
#347 = ORIENTED_EDGE('',*,*,#348,.F.);
#348 = EDGE_CURVE('',#349,#349,#351,.T.);
#349 = VERTEX_POINT('',#350);
#350 = CARTESIAN_POINT('',(43.5,-20.,43.));
#351 = SURFACE_CURVE('',#352,(#357,#364),.PCURVE_S1.);
#352 = CIRCLE('',#353,6.);
#353 = AXIS2_PLACEMENT_3D('',#354,#355,#356);
#354 = CARTESIAN_POINT('',(37.5,-20.,43.));
#355 = DIRECTION('',(0.,0.,1.));
#356 = DIRECTION('',(1.,0.,0.));
#357 = PCURVE('',#55,#358);
#358 = DEFINITIONAL_REPRESENTATION('',(#359),#363);
#359 = CIRCLE('',#360,6.);
#360 = AXIS2_PLACEMENT_2D('',#361,#362);
#361 = CARTESIAN_POINT('',(23.322657018403,-20.));
#362 = DIRECTION('',(1.,0.));
#363 = ( GEOMETRIC_REPRESENTATION_CONTEXT(2) 
PARAMETRIC_REPRESENTATION_CONTEXT() REPRESENTATION_CONTEXT('2D SPACE',''
  ) );
#364 = PCURVE('',#365,#370);
#365 = CYLINDRICAL_SURFACE('',#366,6.);
#366 = AXIS2_PLACEMENT_3D('',#367,#368,#369);
#367 = CARTESIAN_POINT('',(37.5,-20.,43.));
#368 = DIRECTION('',(-0.,-0.,-1.));
#369 = DIRECTION('',(1.,0.,0.));
#370 = DEFINITIONAL_REPRESENTATION('',(#371),#375);
#371 = LINE('',#372,#373);
#372 = CARTESIAN_POINT('',(-0.,0.));
#373 = VECTOR('',#374,1.);
#374 = DIRECTION('',(-1.,0.));
#375 = ( GEOMETRIC_REPRESENTATION_CONTEXT(2) 
PARAMETRIC_REPRESENTATION_CONTEXT() REPRESENTATION_CONTEXT('2D SPACE',''
  ) );
#376 = FACE_BOUND('',#377,.F.);
#377 = EDGE_LOOP('',(#378));
#378 = ORIENTED_EDGE('',*,*,#379,.F.);
#379 = EDGE_CURVE('',#380,#380,#382,.T.);
#380 = VERTEX_POINT('',#381);
#381 = CARTESIAN_POINT('',(0.25,0.,43.));
#382 = SURFACE_CURVE('',#383,(#388,#395),.PCURVE_S1.);
#383 = CIRCLE('',#384,2.75);
#384 = AXIS2_PLACEMENT_3D('',#385,#386,#387);
#385 = CARTESIAN_POINT('',(-2.5,0.,43.));
#386 = DIRECTION('',(0.,0.,1.));
#387 = DIRECTION('',(1.,0.,0.));
#388 = PCURVE('',#55,#389);
#389 = DEFINITIONAL_REPRESENTATION('',(#390),#394);
#390 = CIRCLE('',#391,2.75);
#391 = AXIS2_PLACEMENT_2D('',#392,#393);
#392 = CARTESIAN_POINT('',(-16.67734298159,-4.732921490335E-14));
#393 = DIRECTION('',(1.,0.));
#394 = ( GEOMETRIC_REPRESENTATION_CONTEXT(2) 
PARAMETRIC_REPRESENTATION_CONTEXT() REPRESENTATION_CONTEXT('2D SPACE',''
  ) );
#395 = PCURVE('',#396,#401);
#396 = CYLINDRICAL_SURFACE('',#397,2.75);
#397 = AXIS2_PLACEMENT_3D('',#398,#399,#400);
#398 = CARTESIAN_POINT('',(-2.5,0.,43.));
#399 = DIRECTION('',(-0.,-0.,-1.));
#400 = DIRECTION('',(1.,0.,0.));
#401 = DEFINITIONAL_REPRESENTATION('',(#402),#406);
#402 = LINE('',#403,#404);
#403 = CARTESIAN_POINT('',(-0.,0.));
#404 = VECTOR('',#405,1.);
#405 = DIRECTION('',(-1.,0.));
#406 = ( GEOMETRIC_REPRESENTATION_CONTEXT(2) 
PARAMETRIC_REPRESENTATION_CONTEXT() REPRESENTATION_CONTEXT('2D SPACE',''
  ) );
#407 = FACE_BOUND('',#408,.F.);
#408 = EDGE_LOOP('',(#409));
#409 = ORIENTED_EDGE('',*,*,#410,.F.);
#410 = EDGE_CURVE('',#411,#411,#413,.T.);
#411 = VERTEX_POINT('',#412);
#412 = CARTESIAN_POINT('',(3.5,20.,43.));
#413 = SURFACE_CURVE('',#414,(#419,#426),.PCURVE_S1.);
#414 = CIRCLE('',#415,6.);
#415 = AXIS2_PLACEMENT_3D('',#416,#417,#418);
#416 = CARTESIAN_POINT('',(-2.5,20.,43.));
#417 = DIRECTION('',(0.,0.,1.));
#418 = DIRECTION('',(1.,0.,0.));
#419 = PCURVE('',#55,#420);
#420 = DEFINITIONAL_REPRESENTATION('',(#421),#425);
#421 = CIRCLE('',#422,6.);
#422 = AXIS2_PLACEMENT_2D('',#423,#424);
#423 = CARTESIAN_POINT('',(-16.67734298159,20.));
#424 = DIRECTION('',(1.,0.));
#425 = ( GEOMETRIC_REPRESENTATION_CONTEXT(2) 
PARAMETRIC_REPRESENTATION_CONTEXT() REPRESENTATION_CONTEXT('2D SPACE',''
  ) );
#426 = PCURVE('',#427,#432);
#427 = CYLINDRICAL_SURFACE('',#428,6.);
#428 = AXIS2_PLACEMENT_3D('',#429,#430,#431);
#429 = CARTESIAN_POINT('',(-2.5,20.,43.));
#430 = DIRECTION('',(-0.,-0.,-1.));
#431 = DIRECTION('',(1.,0.,0.));
#432 = DEFINITIONAL_REPRESENTATION('',(#433),#437);
#433 = LINE('',#434,#435);
#434 = CARTESIAN_POINT('',(-0.,0.));
#435 = VECTOR('',#436,1.);
#436 = DIRECTION('',(-1.,0.));
#437 = ( GEOMETRIC_REPRESENTATION_CONTEXT(2) 
PARAMETRIC_REPRESENTATION_CONTEXT() REPRESENTATION_CONTEXT('2D SPACE',''
  ) );
#438 = FACE_BOUND('',#439,.F.);
#439 = EDGE_LOOP('',(#440));
#440 = ORIENTED_EDGE('',*,*,#441,.F.);
#441 = EDGE_CURVE('',#442,#442,#444,.T.);
#442 = VERTEX_POINT('',#443);
#443 = CARTESIAN_POINT('',(40.25,0.,43.));
#444 = SURFACE_CURVE('',#445,(#450,#457),.PCURVE_S1.);
#445 = CIRCLE('',#446,2.75);
#446 = AXIS2_PLACEMENT_3D('',#447,#448,#449);
#447 = CARTESIAN_POINT('',(37.5,0.,43.));
#448 = DIRECTION('',(0.,0.,1.));
#449 = DIRECTION('',(1.,0.,0.));
#450 = PCURVE('',#55,#451);
#451 = DEFINITIONAL_REPRESENTATION('',(#452),#456);
#452 = CIRCLE('',#453,2.75);
#453 = AXIS2_PLACEMENT_2D('',#454,#455);
#454 = CARTESIAN_POINT('',(23.322657018403,-4.732921490335E-14));
#455 = DIRECTION('',(1.,0.));
#456 = ( GEOMETRIC_REPRESENTATION_CONTEXT(2) 
PARAMETRIC_REPRESENTATION_CONTEXT() REPRESENTATION_CONTEXT('2D SPACE',''
  ) );
#457 = PCURVE('',#458,#463);
#458 = CYLINDRICAL_SURFACE('',#459,2.75);
#459 = AXIS2_PLACEMENT_3D('',#460,#461,#462);
#460 = CARTESIAN_POINT('',(37.5,0.,43.));
#461 = DIRECTION('',(-0.,-0.,-1.));
#462 = DIRECTION('',(1.,0.,0.));
#463 = DEFINITIONAL_REPRESENTATION('',(#464),#468);
#464 = LINE('',#465,#466);
#465 = CARTESIAN_POINT('',(-0.,0.));
#466 = VECTOR('',#467,1.);
#467 = DIRECTION('',(-1.,0.));
#468 = ( GEOMETRIC_REPRESENTATION_CONTEXT(2) 
PARAMETRIC_REPRESENTATION_CONTEXT() REPRESENTATION_CONTEXT('2D SPACE',''
  ) );
#469 = FACE_BOUND('',#470,.F.);
#470 = EDGE_LOOP('',(#471));
#471 = ORIENTED_EDGE('',*,*,#472,.F.);
#472 = EDGE_CURVE('',#473,#473,#475,.T.);
#473 = VERTEX_POINT('',#474);
#474 = CARTESIAN_POINT('',(20.25,20.,43.));
#475 = SURFACE_CURVE('',#476,(#481,#488),.PCURVE_S1.);
#476 = CIRCLE('',#477,2.75);
#477 = AXIS2_PLACEMENT_3D('',#478,#479,#480);
#478 = CARTESIAN_POINT('',(17.5,20.,43.));
#479 = DIRECTION('',(0.,0.,1.));
#480 = DIRECTION('',(1.,0.,0.));
#481 = PCURVE('',#55,#482);
#482 = DEFINITIONAL_REPRESENTATION('',(#483),#487);
#483 = CIRCLE('',#484,2.75);
#484 = AXIS2_PLACEMENT_2D('',#485,#486);
#485 = CARTESIAN_POINT('',(3.322657018403,20.));
#486 = DIRECTION('',(1.,0.));
#487 = ( GEOMETRIC_REPRESENTATION_CONTEXT(2) 
PARAMETRIC_REPRESENTATION_CONTEXT() REPRESENTATION_CONTEXT('2D SPACE',''
  ) );
#488 = PCURVE('',#489,#494);
#489 = CYLINDRICAL_SURFACE('',#490,2.75);
#490 = AXIS2_PLACEMENT_3D('',#491,#492,#493);
#491 = CARTESIAN_POINT('',(17.5,20.,43.));
#492 = DIRECTION('',(-0.,-0.,-1.));
#493 = DIRECTION('',(1.,0.,0.));
#494 = DEFINITIONAL_REPRESENTATION('',(#495),#499);
#495 = LINE('',#496,#497);
#496 = CARTESIAN_POINT('',(-0.,0.));
#497 = VECTOR('',#498,1.);
#498 = DIRECTION('',(-1.,0.));
#499 = ( GEOMETRIC_REPRESENTATION_CONTEXT(2) 
PARAMETRIC_REPRESENTATION_CONTEXT() REPRESENTATION_CONTEXT('2D SPACE',''
  ) );
#500 = FACE_BOUND('',#501,.F.);
#501 = EDGE_LOOP('',(#502));
#502 = ORIENTED_EDGE('',*,*,#503,.F.);
#503 = EDGE_CURVE('',#504,#504,#506,.T.);
#504 = VERTEX_POINT('',#505);
#505 = CARTESIAN_POINT('',(43.5,20.,43.));
#506 = SURFACE_CURVE('',#507,(#512,#519),.PCURVE_S1.);
#507 = CIRCLE('',#508,6.);
#508 = AXIS2_PLACEMENT_3D('',#509,#510,#511);
#509 = CARTESIAN_POINT('',(37.5,20.,43.));
#510 = DIRECTION('',(0.,0.,1.));
#511 = DIRECTION('',(1.,0.,0.));
#512 = PCURVE('',#55,#513);
#513 = DEFINITIONAL_REPRESENTATION('',(#514),#518);
#514 = CIRCLE('',#515,6.);
#515 = AXIS2_PLACEMENT_2D('',#516,#517);
#516 = CARTESIAN_POINT('',(23.322657018403,20.));
#517 = DIRECTION('',(1.,0.));
#518 = ( GEOMETRIC_REPRESENTATION_CONTEXT(2) 
PARAMETRIC_REPRESENTATION_CONTEXT() REPRESENTATION_CONTEXT('2D SPACE',''
  ) );
#519 = PCURVE('',#520,#525);
#520 = CYLINDRICAL_SURFACE('',#521,6.);
#521 = AXIS2_PLACEMENT_3D('',#522,#523,#524);
#522 = CARTESIAN_POINT('',(37.5,20.,43.));
#523 = DIRECTION('',(-0.,-0.,-1.));
#524 = DIRECTION('',(1.,0.,0.));
#525 = DEFINITIONAL_REPRESENTATION('',(#526),#530);
#526 = LINE('',#527,#528);
#527 = CARTESIAN_POINT('',(-0.,0.));
#528 = VECTOR('',#529,1.);
#529 = DIRECTION('',(-1.,0.));
#530 = ( GEOMETRIC_REPRESENTATION_CONTEXT(2) 
PARAMETRIC_REPRESENTATION_CONTEXT() REPRESENTATION_CONTEXT('2D SPACE',''
  ) );
#531 = ADVANCED_FACE('',(#532),#128,.T.);
#532 = FACE_BOUND('',#533,.F.);
#533 = EDGE_LOOP('',(#534,#557,#586,#607));
#534 = ORIENTED_EDGE('',*,*,#535,.T.);
#535 = EDGE_CURVE('',#84,#536,#538,.T.);
#536 = VERTEX_POINT('',#537);
#537 = CARTESIAN_POINT('',(47.500000000001,-32.5,53.));
#538 = SURFACE_CURVE('',#539,(#543,#550),.PCURVE_S1.);
#539 = LINE('',#540,#541);
#540 = CARTESIAN_POINT('',(47.500000000001,-32.5,43.));
#541 = VECTOR('',#542,1.);
#542 = DIRECTION('',(0.,0.,1.));
#543 = PCURVE('',#128,#544);
#544 = DEFINITIONAL_REPRESENTATION('',(#545),#549);
#545 = LINE('',#546,#547);
#546 = CARTESIAN_POINT('',(-4.712388980385,0.));
#547 = VECTOR('',#548,1.);
#548 = DIRECTION('',(-0.,-1.));
#549 = ( GEOMETRIC_REPRESENTATION_CONTEXT(2) 
PARAMETRIC_REPRESENTATION_CONTEXT() REPRESENTATION_CONTEXT('2D SPACE',''
  ) );
#550 = PCURVE('',#99,#551);
#551 = DEFINITIONAL_REPRESENTATION('',(#552),#556);
#552 = LINE('',#553,#554);
#553 = CARTESIAN_POINT('',(4.593945569379,36.59394556938));
#554 = VECTOR('',#555,1.);
#555 = DIRECTION('',(-1.,0.));
#556 = ( GEOMETRIC_REPRESENTATION_CONTEXT(2) 
PARAMETRIC_REPRESENTATION_CONTEXT() REPRESENTATION_CONTEXT('2D SPACE',''
  ) );
#557 = ORIENTED_EDGE('',*,*,#558,.T.);
#558 = EDGE_CURVE('',#536,#559,#561,.T.);
#559 = VERTEX_POINT('',#560);
#560 = CARTESIAN_POINT('',(50.,-30.,53.));
#561 = SURFACE_CURVE('',#562,(#567,#574),.PCURVE_S1.);
#562 = CIRCLE('',#563,2.499999999999);
#563 = AXIS2_PLACEMENT_3D('',#564,#565,#566);
#564 = CARTESIAN_POINT('',(47.500000000001,-30.,53.));
#565 = DIRECTION('',(0.,0.,1.));
#566 = DIRECTION('',(1.,0.,0.));
#567 = PCURVE('',#128,#568);
#568 = DEFINITIONAL_REPRESENTATION('',(#569),#573);
#569 = LINE('',#570,#571);
#570 = CARTESIAN_POINT('',(-0.,-10.));
#571 = VECTOR('',#572,1.);
#572 = DIRECTION('',(-1.,0.));
#573 = ( GEOMETRIC_REPRESENTATION_CONTEXT(2) 
PARAMETRIC_REPRESENTATION_CONTEXT() REPRESENTATION_CONTEXT('2D SPACE',''
  ) );
#574 = PCURVE('',#575,#580);
#575 = PLANE('',#576);
#576 = AXIS2_PLACEMENT_3D('',#577,#578,#579);
#577 = CARTESIAN_POINT('',(12.,7.826670460761E-14,53.));
#578 = DIRECTION('',(0.,0.,1.));
#579 = DIRECTION('',(1.,0.,0.));
#580 = DEFINITIONAL_REPRESENTATION('',(#581),#585);
#581 = CIRCLE('',#582,2.499999999999);
#582 = AXIS2_PLACEMENT_2D('',#583,#584);
#583 = CARTESIAN_POINT('',(35.500000000001,-30.));
#584 = DIRECTION('',(1.,0.));
#585 = ( GEOMETRIC_REPRESENTATION_CONTEXT(2) 
PARAMETRIC_REPRESENTATION_CONTEXT() REPRESENTATION_CONTEXT('2D SPACE',''
  ) );
#586 = ORIENTED_EDGE('',*,*,#587,.F.);
#587 = EDGE_CURVE('',#112,#559,#588,.T.);
#588 = SURFACE_CURVE('',#589,(#593,#600),.PCURVE_S1.);
#589 = LINE('',#590,#591);
#590 = CARTESIAN_POINT('',(50.,-30.,43.));
#591 = VECTOR('',#592,1.);
#592 = DIRECTION('',(0.,0.,1.));
#593 = PCURVE('',#128,#594);
#594 = DEFINITIONAL_REPRESENTATION('',(#595),#599);
#595 = LINE('',#596,#597);
#596 = CARTESIAN_POINT('',(-6.28318530718,0.));
#597 = VECTOR('',#598,1.);
#598 = DIRECTION('',(-0.,-1.));
#599 = ( GEOMETRIC_REPRESENTATION_CONTEXT(2) 
PARAMETRIC_REPRESENTATION_CONTEXT() REPRESENTATION_CONTEXT('2D SPACE',''
  ) );
#600 = PCURVE('',#156,#601);
#601 = DEFINITIONAL_REPRESENTATION('',(#602),#606);
#602 = LINE('',#603,#604);
#603 = CARTESIAN_POINT('',(0.,0.));
#604 = VECTOR('',#605,1.);
#605 = DIRECTION('',(0.,-1.));
#606 = ( GEOMETRIC_REPRESENTATION_CONTEXT(2) 
PARAMETRIC_REPRESENTATION_CONTEXT() REPRESENTATION_CONTEXT('2D SPACE',''
  ) );
#607 = ORIENTED_EDGE('',*,*,#111,.F.);
#608 = ADVANCED_FACE('',(#609),#71,.F.);
#609 = FACE_BOUND('',#610,.T.);
#610 = EDGE_LOOP('',(#611,#634,#667,#688));
#611 = ORIENTED_EDGE('',*,*,#612,.T.);
#612 = EDGE_CURVE('',#44,#613,#615,.T.);
#613 = VERTEX_POINT('',#614);
#614 = CARTESIAN_POINT('',(-13.76095188525,-32.5,40.));
#615 = SURFACE_CURVE('',#616,(#620,#627),.PCURVE_S1.);
#616 = LINE('',#617,#618);
#617 = CARTESIAN_POINT('',(-13.76095188525,-32.5,43.));
#618 = VECTOR('',#619,1.);
#619 = DIRECTION('',(0.,0.,-1.));
#620 = PCURVE('',#71,#621);
#621 = DEFINITIONAL_REPRESENTATION('',(#622),#626);
#622 = LINE('',#623,#624);
#623 = CARTESIAN_POINT('',(-2.037942422636,0.));
#624 = VECTOR('',#625,1.);
#625 = DIRECTION('',(-0.,-1.));
#626 = ( GEOMETRIC_REPRESENTATION_CONTEXT(2) 
PARAMETRIC_REPRESENTATION_CONTEXT() REPRESENTATION_CONTEXT('2D SPACE',''
  ) );
#627 = PCURVE('',#99,#628);
#628 = DEFINITIONAL_REPRESENTATION('',(#629),#633);
#629 = LINE('',#630,#631);
#630 = CARTESIAN_POINT('',(4.593945569379,-24.66700631587));
#631 = VECTOR('',#632,1.);
#632 = DIRECTION('',(1.,0.));
#633 = ( GEOMETRIC_REPRESENTATION_CONTEXT(2) 
PARAMETRIC_REPRESENTATION_CONTEXT() REPRESENTATION_CONTEXT('2D SPACE',''
  ) );
#634 = ORIENTED_EDGE('',*,*,#635,.T.);
#635 = EDGE_CURVE('',#613,#636,#638,.T.);
#636 = VERTEX_POINT('',#637);
#637 = CARTESIAN_POINT('',(-15.3,-29.99999895486,40.));
#638 = SURFACE_CURVE('',#639,(#644,#651),.PCURVE_S1.);
#639 = CIRCLE('',#640,2.800000178512);
#640 = AXIS2_PLACEMENT_3D('',#641,#642,#643);
#641 = CARTESIAN_POINT('',(-12.49999982148,-29.99999982148,40.));
#642 = DIRECTION('',(0.,0.,-1.));
#643 = DIRECTION('',(1.,0.,0.));
#644 = PCURVE('',#71,#645);
#645 = DEFINITIONAL_REPRESENTATION('',(#646),#650);
#646 = LINE('',#647,#648);
#647 = CARTESIAN_POINT('',(-0.,-3.));
#648 = VECTOR('',#649,1.);
#649 = DIRECTION('',(-1.,0.));
#650 = ( GEOMETRIC_REPRESENTATION_CONTEXT(2) 
PARAMETRIC_REPRESENTATION_CONTEXT() REPRESENTATION_CONTEXT('2D SPACE',''
  ) );
#651 = PCURVE('',#652,#657);
#652 = PLANE('',#653);
#653 = AXIS2_PLACEMENT_3D('',#654,#655,#656);
#654 = CARTESIAN_POINT('',(-20.37972785673,-3.788131826478E-08,40.));
#655 = DIRECTION('',(0.,0.,1.));
#656 = DIRECTION('',(1.,0.,0.));
#657 = DEFINITIONAL_REPRESENTATION('',(#658),#666);
#658 = ( BOUNDED_CURVE() B_SPLINE_CURVE(2,(#659,#660,#661,#662,#663,#664
,#665),.UNSPECIFIED.,.T.,.F.) B_SPLINE_CURVE_WITH_KNOTS((1,2,2,2,2,1),(
    -2.094395102393,0.,2.094395102393,4.188790204786,6.28318530718,
8.377580409573),.UNSPECIFIED.) CURVE() GEOMETRIC_REPRESENTATION_ITEM() 
RATIONAL_B_SPLINE_CURVE((1.,0.5,1.,0.5,1.,0.5,1.)) REPRESENTATION_ITEM(
  '') );
#659 = CARTESIAN_POINT('',(10.679728213755,-29.9999997836));
#660 = CARTESIAN_POINT('',(10.679728213755,-34.84974235399));
#661 = CARTESIAN_POINT('',(6.479727945987,-32.42487106879));
#662 = CARTESIAN_POINT('',(2.279727678219,-29.9999997836));
#663 = CARTESIAN_POINT('',(6.479727945987,-27.57512849841));
#664 = CARTESIAN_POINT('',(10.679728213755,-25.15025721322));
#665 = CARTESIAN_POINT('',(10.679728213755,-29.9999997836));
#666 = ( GEOMETRIC_REPRESENTATION_CONTEXT(2) 
PARAMETRIC_REPRESENTATION_CONTEXT() REPRESENTATION_CONTEXT('2D SPACE',''
  ) );
#667 = ORIENTED_EDGE('',*,*,#668,.F.);
#668 = EDGE_CURVE('',#46,#636,#669,.T.);
#669 = SURFACE_CURVE('',#670,(#674,#681),.PCURVE_S1.);
#670 = LINE('',#671,#672);
#671 = CARTESIAN_POINT('',(-15.3,-29.99999895486,43.));
#672 = VECTOR('',#673,1.);
#673 = DIRECTION('',(0.,0.,-1.));
#674 = PCURVE('',#71,#675);
#675 = DEFINITIONAL_REPRESENTATION('',(#676),#680);
#676 = LINE('',#677,#678);
#677 = CARTESIAN_POINT('',(-3.141592963097,0.));
#678 = VECTOR('',#679,1.);
#679 = DIRECTION('',(-0.,-1.));
#680 = ( GEOMETRIC_REPRESENTATION_CONTEXT(2) 
PARAMETRIC_REPRESENTATION_CONTEXT() REPRESENTATION_CONTEXT('2D SPACE',''
  ) );
#681 = PCURVE('',#272,#682);
#682 = DEFINITIONAL_REPRESENTATION('',(#683),#687);
#683 = LINE('',#684,#685);
#684 = CARTESIAN_POINT('',(59.999998954867,0.));
#685 = VECTOR('',#686,1.);
#686 = DIRECTION('',(0.,-1.));
#687 = ( GEOMETRIC_REPRESENTATION_CONTEXT(2) 
PARAMETRIC_REPRESENTATION_CONTEXT() REPRESENTATION_CONTEXT('2D SPACE',''
  ) );
#688 = ORIENTED_EDGE('',*,*,#43,.F.);
#689 = ADVANCED_FACE('',(#690),#652,.F.);
#690 = FACE_BOUND('',#691,.T.);
#691 = EDGE_LOOP('',(#692,#715,#748,#776,#809,#832,#860,#881));
#692 = ORIENTED_EDGE('',*,*,#693,.T.);
#693 = EDGE_CURVE('',#613,#694,#696,.T.);
#694 = VERTEX_POINT('',#695);
#695 = CARTESIAN_POINT('',(-23.5,-32.5,40.));
#696 = SURFACE_CURVE('',#697,(#701,#708),.PCURVE_S1.);
#697 = LINE('',#698,#699);
#698 = CARTESIAN_POINT('',(-13.76095188525,-32.5,40.));
#699 = VECTOR('',#700,1.);
#700 = DIRECTION('',(-1.,0.,0.));
#701 = PCURVE('',#652,#702);
#702 = DEFINITIONAL_REPRESENTATION('',(#703),#707);
#703 = LINE('',#704,#705);
#704 = CARTESIAN_POINT('',(6.618775971479,-32.49999996211));
#705 = VECTOR('',#706,1.);
#706 = DIRECTION('',(-1.,0.));
#707 = ( GEOMETRIC_REPRESENTATION_CONTEXT(2) 
PARAMETRIC_REPRESENTATION_CONTEXT() REPRESENTATION_CONTEXT('2D SPACE',''
  ) );
#708 = PCURVE('',#99,#709);
#709 = DEFINITIONAL_REPRESENTATION('',(#710),#714);
#710 = LINE('',#711,#712);
#711 = CARTESIAN_POINT('',(7.593945569379,-24.66700631587));
#712 = VECTOR('',#713,1.);
#713 = DIRECTION('',(0.,-1.));
#714 = ( GEOMETRIC_REPRESENTATION_CONTEXT(2) 
PARAMETRIC_REPRESENTATION_CONTEXT() REPRESENTATION_CONTEXT('2D SPACE',''
  ) );
#715 = ORIENTED_EDGE('',*,*,#716,.T.);
#716 = EDGE_CURVE('',#694,#717,#719,.T.);
#717 = VERTEX_POINT('',#718);
#718 = CARTESIAN_POINT('',(-26.,-29.99999999999,40.));
#719 = SURFACE_CURVE('',#720,(#725,#736),.PCURVE_S1.);
#720 = CIRCLE('',#721,2.5);
#721 = AXIS2_PLACEMENT_3D('',#722,#723,#724);
#722 = CARTESIAN_POINT('',(-23.5,-30.,40.));
#723 = DIRECTION('',(0.,0.,-1.));
#724 = DIRECTION('',(1.,0.,0.));
#725 = PCURVE('',#652,#726);
#726 = DEFINITIONAL_REPRESENTATION('',(#727),#735);
#727 = ( BOUNDED_CURVE() B_SPLINE_CURVE(2,(#728,#729,#730,#731,#732,#733
,#734),.UNSPECIFIED.,.T.,.F.) B_SPLINE_CURVE_WITH_KNOTS((1,2,2,2,2,1),(
    -2.094395102393,0.,2.094395102393,4.188790204786,6.28318530718,
8.377580409573),.UNSPECIFIED.) CURVE() GEOMETRIC_REPRESENTATION_ITEM() 
RATIONAL_B_SPLINE_CURVE((1.,0.5,1.,0.5,1.,0.5,1.)) REPRESENTATION_ITEM(
  '') );
#728 = CARTESIAN_POINT('',(-0.62027214327,-29.99999996211));
#729 = CARTESIAN_POINT('',(-0.62027214327,-34.33012698104));
#730 = CARTESIAN_POINT('',(-4.37027214327,-32.16506347157));
#731 = CARTESIAN_POINT('',(-8.120272143269,-29.99999996211));
#732 = CARTESIAN_POINT('',(-4.37027214327,-27.83493645265));
#733 = CARTESIAN_POINT('',(-0.62027214327,-25.66987294319));
#734 = CARTESIAN_POINT('',(-0.62027214327,-29.99999996211));
#735 = ( GEOMETRIC_REPRESENTATION_CONTEXT(2) 
PARAMETRIC_REPRESENTATION_CONTEXT() REPRESENTATION_CONTEXT('2D SPACE',''
  ) );
#736 = PCURVE('',#737,#742);
#737 = CYLINDRICAL_SURFACE('',#738,2.5);
#738 = AXIS2_PLACEMENT_3D('',#739,#740,#741);
#739 = CARTESIAN_POINT('',(-23.5,-30.,43.));
#740 = DIRECTION('',(-0.,-0.,-1.));
#741 = DIRECTION('',(1.,0.,0.));
#742 = DEFINITIONAL_REPRESENTATION('',(#743),#747);
#743 = LINE('',#744,#745);
#744 = CARTESIAN_POINT('',(-6.28318530718,3.));
#745 = VECTOR('',#746,1.);
#746 = DIRECTION('',(1.,-0.));
#747 = ( GEOMETRIC_REPRESENTATION_CONTEXT(2) 
PARAMETRIC_REPRESENTATION_CONTEXT() REPRESENTATION_CONTEXT('2D SPACE',''
  ) );
#748 = ORIENTED_EDGE('',*,*,#749,.T.);
#749 = EDGE_CURVE('',#717,#750,#752,.T.);
#750 = VERTEX_POINT('',#751);
#751 = CARTESIAN_POINT('',(-26.,30.,40.));
#752 = SURFACE_CURVE('',#753,(#757,#764),.PCURVE_S1.);
#753 = LINE('',#754,#755);
#754 = CARTESIAN_POINT('',(-26.,-30.,40.));
#755 = VECTOR('',#756,1.);
#756 = DIRECTION('',(0.,1.,0.));
#757 = PCURVE('',#652,#758);
#758 = DEFINITIONAL_REPRESENTATION('',(#759),#763);
#759 = LINE('',#760,#761);
#760 = CARTESIAN_POINT('',(-5.62027214327,-29.99999996211));
#761 = VECTOR('',#762,1.);
#762 = DIRECTION('',(0.,1.));
#763 = ( GEOMETRIC_REPRESENTATION_CONTEXT(2) 
PARAMETRIC_REPRESENTATION_CONTEXT() REPRESENTATION_CONTEXT('2D SPACE',''
  ) );
#764 = PCURVE('',#765,#770);
#765 = PLANE('',#766);
#766 = AXIS2_PLACEMENT_3D('',#767,#768,#769);
#767 = CARTESIAN_POINT('',(-26.,8.876917465934E-14,46.5));
#768 = DIRECTION('',(-1.,-0.,-3.320005860608E-16));
#769 = DIRECTION('',(3.320005860608E-16,0.,-1.));
#770 = DEFINITIONAL_REPRESENTATION('',(#771),#775);
#771 = LINE('',#772,#773);
#772 = CARTESIAN_POINT('',(6.5,30.));
#773 = VECTOR('',#774,1.);
#774 = DIRECTION('',(0.,-1.));
#775 = ( GEOMETRIC_REPRESENTATION_CONTEXT(2) 
PARAMETRIC_REPRESENTATION_CONTEXT() REPRESENTATION_CONTEXT('2D SPACE',''
  ) );
#776 = ORIENTED_EDGE('',*,*,#777,.T.);
#777 = EDGE_CURVE('',#750,#778,#780,.T.);
#778 = VERTEX_POINT('',#779);
#779 = CARTESIAN_POINT('',(-23.5,32.5,40.));
#780 = SURFACE_CURVE('',#781,(#786,#797),.PCURVE_S1.);
#781 = CIRCLE('',#782,2.5);
#782 = AXIS2_PLACEMENT_3D('',#783,#784,#785);
#783 = CARTESIAN_POINT('',(-23.5,30.,40.));
#784 = DIRECTION('',(0.,0.,-1.));
#785 = DIRECTION('',(1.,0.,0.));
#786 = PCURVE('',#652,#787);
#787 = DEFINITIONAL_REPRESENTATION('',(#788),#796);
#788 = ( BOUNDED_CURVE() B_SPLINE_CURVE(2,(#789,#790,#791,#792,#793,#794
,#795),.UNSPECIFIED.,.T.,.F.) B_SPLINE_CURVE_WITH_KNOTS((1,2,2,2,2,1),(
    -2.094395102393,0.,2.094395102393,4.188790204786,6.28318530718,
8.377580409573),.UNSPECIFIED.) CURVE() GEOMETRIC_REPRESENTATION_ITEM() 
RATIONAL_B_SPLINE_CURVE((1.,0.5,1.,0.5,1.,0.5,1.)) REPRESENTATION_ITEM(
  '') );
#789 = CARTESIAN_POINT('',(-0.62027214327,30.000000037881));
#790 = CARTESIAN_POINT('',(-0.62027214327,25.66987301896));
#791 = CARTESIAN_POINT('',(-4.37027214327,27.834936528421));
#792 = CARTESIAN_POINT('',(-8.120272143269,30.000000037881));
#793 = CARTESIAN_POINT('',(-4.37027214327,32.165063547342));
#794 = CARTESIAN_POINT('',(-0.62027214327,34.330127056803));
#795 = CARTESIAN_POINT('',(-0.62027214327,30.000000037881));
#796 = ( GEOMETRIC_REPRESENTATION_CONTEXT(2) 
PARAMETRIC_REPRESENTATION_CONTEXT() REPRESENTATION_CONTEXT('2D SPACE',''
  ) );
#797 = PCURVE('',#798,#803);
#798 = CYLINDRICAL_SURFACE('',#799,2.5);
#799 = AXIS2_PLACEMENT_3D('',#800,#801,#802);
#800 = CARTESIAN_POINT('',(-23.5,30.,43.));
#801 = DIRECTION('',(-0.,-0.,-1.));
#802 = DIRECTION('',(1.,0.,0.));
#803 = DEFINITIONAL_REPRESENTATION('',(#804),#808);
#804 = LINE('',#805,#806);
#805 = CARTESIAN_POINT('',(-6.28318530718,3.));
#806 = VECTOR('',#807,1.);
#807 = DIRECTION('',(1.,-0.));
#808 = ( GEOMETRIC_REPRESENTATION_CONTEXT(2) 
PARAMETRIC_REPRESENTATION_CONTEXT() REPRESENTATION_CONTEXT('2D SPACE',''
  ) );
#809 = ORIENTED_EDGE('',*,*,#810,.T.);
#810 = EDGE_CURVE('',#778,#811,#813,.T.);
#811 = VERTEX_POINT('',#812);
#812 = CARTESIAN_POINT('',(-13.76095202129,32.5,40.));
#813 = SURFACE_CURVE('',#814,(#818,#825),.PCURVE_S1.);
#814 = LINE('',#815,#816);
#815 = CARTESIAN_POINT('',(-23.5,32.5,40.));
#816 = VECTOR('',#817,1.);
#817 = DIRECTION('',(1.,0.,0.));
#818 = PCURVE('',#652,#819);
#819 = DEFINITIONAL_REPRESENTATION('',(#820),#824);
#820 = LINE('',#821,#822);
#821 = CARTESIAN_POINT('',(-3.12027214327,32.500000037881));
#822 = VECTOR('',#823,1.);
#823 = DIRECTION('',(1.,0.));
#824 = ( GEOMETRIC_REPRESENTATION_CONTEXT(2) 
PARAMETRIC_REPRESENTATION_CONTEXT() REPRESENTATION_CONTEXT('2D SPACE',''
  ) );
#825 = PCURVE('',#213,#826);
#826 = DEFINITIONAL_REPRESENTATION('',(#827),#831);
#827 = LINE('',#828,#829);
#828 = CARTESIAN_POINT('',(-34.40605442819,7.593945571809));
#829 = VECTOR('',#830,1.);
#830 = DIRECTION('',(1.,5.434294708873E-31));
#831 = ( GEOMETRIC_REPRESENTATION_CONTEXT(2) 
PARAMETRIC_REPRESENTATION_CONTEXT() REPRESENTATION_CONTEXT('2D SPACE',''
  ) );
#832 = ORIENTED_EDGE('',*,*,#833,.F.);
#833 = EDGE_CURVE('',#834,#811,#836,.T.);
#834 = VERTEX_POINT('',#835);
#835 = CARTESIAN_POINT('',(-15.3,30.,40.));
#836 = SURFACE_CURVE('',#837,(#842,#853),.PCURVE_S1.);
#837 = CIRCLE('',#838,2.8);
#838 = AXIS2_PLACEMENT_3D('',#839,#840,#841);
#839 = CARTESIAN_POINT('',(-12.5,30.,40.));
#840 = DIRECTION('',(0.,0.,-1.));
#841 = DIRECTION('',(1.,0.,0.));
#842 = PCURVE('',#652,#843);
#843 = DEFINITIONAL_REPRESENTATION('',(#844),#852);
#844 = ( BOUNDED_CURVE() B_SPLINE_CURVE(2,(#845,#846,#847,#848,#849,#850
,#851),.UNSPECIFIED.,.T.,.F.) B_SPLINE_CURVE_WITH_KNOTS((1,2,2,2,2,1),(
    -2.094395102393,0.,2.094395102393,4.188790204786,6.28318530718,
8.377580409573),.UNSPECIFIED.) CURVE() GEOMETRIC_REPRESENTATION_ITEM() 
RATIONAL_B_SPLINE_CURVE((1.,0.5,1.,0.5,1.,0.5,1.)) REPRESENTATION_ITEM(
  '') );
#845 = CARTESIAN_POINT('',(10.67972785673,30.000000037881));
#846 = CARTESIAN_POINT('',(10.67972785673,25.150257776689));
#847 = CARTESIAN_POINT('',(6.479727856731,27.575128907285));
#848 = CARTESIAN_POINT('',(2.279727856731,30.000000037881));
#849 = CARTESIAN_POINT('',(6.479727856731,32.424871168478));
#850 = CARTESIAN_POINT('',(10.67972785673,34.849742299074));
#851 = CARTESIAN_POINT('',(10.67972785673,30.000000037881));
#852 = ( GEOMETRIC_REPRESENTATION_CONTEXT(2) 
PARAMETRIC_REPRESENTATION_CONTEXT() REPRESENTATION_CONTEXT('2D SPACE',''
  ) );
#853 = PCURVE('',#246,#854);
#854 = DEFINITIONAL_REPRESENTATION('',(#855),#859);
#855 = LINE('',#856,#857);
#856 = CARTESIAN_POINT('',(-0.,-3.));
#857 = VECTOR('',#858,1.);
#858 = DIRECTION('',(-1.,0.));
#859 = ( GEOMETRIC_REPRESENTATION_CONTEXT(2) 
PARAMETRIC_REPRESENTATION_CONTEXT() REPRESENTATION_CONTEXT('2D SPACE',''
  ) );
#860 = ORIENTED_EDGE('',*,*,#861,.T.);
#861 = EDGE_CURVE('',#834,#636,#862,.T.);
#862 = SURFACE_CURVE('',#863,(#867,#874),.PCURVE_S1.);
#863 = LINE('',#864,#865);
#864 = CARTESIAN_POINT('',(-15.3,30.,40.));
#865 = VECTOR('',#866,1.);
#866 = DIRECTION('',(0.,-1.,0.));
#867 = PCURVE('',#652,#868);
#868 = DEFINITIONAL_REPRESENTATION('',(#869),#873);
#869 = LINE('',#870,#871);
#870 = CARTESIAN_POINT('',(5.079727856731,30.000000037881));
#871 = VECTOR('',#872,1.);
#872 = DIRECTION('',(0.,-1.));
#873 = ( GEOMETRIC_REPRESENTATION_CONTEXT(2) 
PARAMETRIC_REPRESENTATION_CONTEXT() REPRESENTATION_CONTEXT('2D SPACE',''
  ) );
#874 = PCURVE('',#272,#875);
#875 = DEFINITIONAL_REPRESENTATION('',(#876),#880);
#876 = LINE('',#877,#878);
#877 = CARTESIAN_POINT('',(0.,-3.));
#878 = VECTOR('',#879,1.);
#879 = DIRECTION('',(1.,0.));
#880 = ( GEOMETRIC_REPRESENTATION_CONTEXT(2) 
PARAMETRIC_REPRESENTATION_CONTEXT() REPRESENTATION_CONTEXT('2D SPACE',''
  ) );
#881 = ORIENTED_EDGE('',*,*,#635,.F.);
#882 = ADVANCED_FACE('',(#883),#272,.F.);
#883 = FACE_BOUND('',#884,.F.);
#884 = EDGE_LOOP('',(#885,#906,#907,#908));
#885 = ORIENTED_EDGE('',*,*,#886,.T.);
#886 = EDGE_CURVE('',#226,#834,#887,.T.);
#887 = SURFACE_CURVE('',#888,(#892,#899),.PCURVE_S1.);
#888 = LINE('',#889,#890);
#889 = CARTESIAN_POINT('',(-15.3,30.,43.));
#890 = VECTOR('',#891,1.);
#891 = DIRECTION('',(0.,0.,-1.));
#892 = PCURVE('',#272,#893);
#893 = DEFINITIONAL_REPRESENTATION('',(#894),#898);
#894 = LINE('',#895,#896);
#895 = CARTESIAN_POINT('',(0.,0.));
#896 = VECTOR('',#897,1.);
#897 = DIRECTION('',(0.,-1.));
#898 = ( GEOMETRIC_REPRESENTATION_CONTEXT(2) 
PARAMETRIC_REPRESENTATION_CONTEXT() REPRESENTATION_CONTEXT('2D SPACE',''
  ) );
#899 = PCURVE('',#246,#900);
#900 = DEFINITIONAL_REPRESENTATION('',(#901),#905);
#901 = LINE('',#902,#903);
#902 = CARTESIAN_POINT('',(-3.14159265359,0.));
#903 = VECTOR('',#904,1.);
#904 = DIRECTION('',(-0.,-1.));
#905 = ( GEOMETRIC_REPRESENTATION_CONTEXT(2) 
PARAMETRIC_REPRESENTATION_CONTEXT() REPRESENTATION_CONTEXT('2D SPACE',''
  ) );
#906 = ORIENTED_EDGE('',*,*,#861,.T.);
#907 = ORIENTED_EDGE('',*,*,#668,.F.);
#908 = ORIENTED_EDGE('',*,*,#258,.F.);
#909 = ADVANCED_FACE('',(#910),#246,.F.);
#910 = FACE_BOUND('',#911,.T.);
#911 = EDGE_LOOP('',(#912,#913,#914,#935));
#912 = ORIENTED_EDGE('',*,*,#886,.T.);
#913 = ORIENTED_EDGE('',*,*,#833,.T.);
#914 = ORIENTED_EDGE('',*,*,#915,.F.);
#915 = EDGE_CURVE('',#198,#811,#916,.T.);
#916 = SURFACE_CURVE('',#917,(#921,#928),.PCURVE_S1.);
#917 = LINE('',#918,#919);
#918 = CARTESIAN_POINT('',(-13.76095202129,32.5,43.));
#919 = VECTOR('',#920,1.);
#920 = DIRECTION('',(0.,0.,-1.));
#921 = PCURVE('',#246,#922);
#922 = DEFINITIONAL_REPRESENTATION('',(#923),#927);
#923 = LINE('',#924,#925);
#924 = CARTESIAN_POINT('',(-4.245242869376,0.));
#925 = VECTOR('',#926,1.);
#926 = DIRECTION('',(-0.,-1.));
#927 = ( GEOMETRIC_REPRESENTATION_CONTEXT(2) 
PARAMETRIC_REPRESENTATION_CONTEXT() REPRESENTATION_CONTEXT('2D SPACE',''
  ) );
#928 = PCURVE('',#213,#929);
#929 = DEFINITIONAL_REPRESENTATION('',(#930),#934);
#930 = LINE('',#931,#932);
#931 = CARTESIAN_POINT('',(-24.66700644948,4.593945571809));
#932 = VECTOR('',#933,1.);
#933 = DIRECTION('',(4.016802393982E-47,1.));
#934 = ( GEOMETRIC_REPRESENTATION_CONTEXT(2) 
PARAMETRIC_REPRESENTATION_CONTEXT() REPRESENTATION_CONTEXT('2D SPACE',''
  ) );
#935 = ORIENTED_EDGE('',*,*,#225,.F.);
#936 = ADVANCED_FACE('',(#937),#185,.T.);
#937 = FACE_BOUND('',#938,.F.);
#938 = EDGE_LOOP('',(#939,#962,#986,#1007));
#939 = ORIENTED_EDGE('',*,*,#940,.T.);
#940 = EDGE_CURVE('',#141,#941,#943,.T.);
#941 = VERTEX_POINT('',#942);
#942 = CARTESIAN_POINT('',(50.,30.,53.));
#943 = SURFACE_CURVE('',#944,(#948,#955),.PCURVE_S1.);
#944 = LINE('',#945,#946);
#945 = CARTESIAN_POINT('',(50.,30.,43.));
#946 = VECTOR('',#947,1.);
#947 = DIRECTION('',(0.,0.,1.));
#948 = PCURVE('',#185,#949);
#949 = DEFINITIONAL_REPRESENTATION('',(#950),#954);
#950 = LINE('',#951,#952);
#951 = CARTESIAN_POINT('',(-0.,0.));
#952 = VECTOR('',#953,1.);
#953 = DIRECTION('',(-0.,-1.));
#954 = ( GEOMETRIC_REPRESENTATION_CONTEXT(2) 
PARAMETRIC_REPRESENTATION_CONTEXT() REPRESENTATION_CONTEXT('2D SPACE',''
  ) );
#955 = PCURVE('',#156,#956);
#956 = DEFINITIONAL_REPRESENTATION('',(#957),#961);
#957 = LINE('',#958,#959);
#958 = CARTESIAN_POINT('',(60.,0.));
#959 = VECTOR('',#960,1.);
#960 = DIRECTION('',(0.,-1.));
#961 = ( GEOMETRIC_REPRESENTATION_CONTEXT(2) 
PARAMETRIC_REPRESENTATION_CONTEXT() REPRESENTATION_CONTEXT('2D SPACE',''
  ) );
#962 = ORIENTED_EDGE('',*,*,#963,.T.);
#963 = EDGE_CURVE('',#941,#964,#966,.T.);
#964 = VERTEX_POINT('',#965);
#965 = CARTESIAN_POINT('',(47.5,32.5,53.));
#966 = SURFACE_CURVE('',#967,(#972,#979),.PCURVE_S1.);
#967 = CIRCLE('',#968,2.5);
#968 = AXIS2_PLACEMENT_3D('',#969,#970,#971);
#969 = CARTESIAN_POINT('',(47.5,30.,53.));
#970 = DIRECTION('',(0.,0.,1.));
#971 = DIRECTION('',(1.,0.,0.));
#972 = PCURVE('',#185,#973);
#973 = DEFINITIONAL_REPRESENTATION('',(#974),#978);
#974 = LINE('',#975,#976);
#975 = CARTESIAN_POINT('',(-0.,-10.));
#976 = VECTOR('',#977,1.);
#977 = DIRECTION('',(-1.,0.));
#978 = ( GEOMETRIC_REPRESENTATION_CONTEXT(2) 
PARAMETRIC_REPRESENTATION_CONTEXT() REPRESENTATION_CONTEXT('2D SPACE',''
  ) );
#979 = PCURVE('',#575,#980);
#980 = DEFINITIONAL_REPRESENTATION('',(#981),#985);
#981 = CIRCLE('',#982,2.5);
#982 = AXIS2_PLACEMENT_2D('',#983,#984);
#983 = CARTESIAN_POINT('',(35.5,30.));
#984 = DIRECTION('',(1.,0.));
#985 = ( GEOMETRIC_REPRESENTATION_CONTEXT(2) 
PARAMETRIC_REPRESENTATION_CONTEXT() REPRESENTATION_CONTEXT('2D SPACE',''
  ) );
#986 = ORIENTED_EDGE('',*,*,#987,.F.);
#987 = EDGE_CURVE('',#169,#964,#988,.T.);
#988 = SURFACE_CURVE('',#989,(#993,#1000),.PCURVE_S1.);
#989 = LINE('',#990,#991);
#990 = CARTESIAN_POINT('',(47.5,32.5,43.));
#991 = VECTOR('',#992,1.);
#992 = DIRECTION('',(0.,0.,1.));
#993 = PCURVE('',#185,#994);
#994 = DEFINITIONAL_REPRESENTATION('',(#995),#999);
#995 = LINE('',#996,#997);
#996 = CARTESIAN_POINT('',(-1.570796326795,0.));
#997 = VECTOR('',#998,1.);
#998 = DIRECTION('',(-0.,-1.));
#999 = ( GEOMETRIC_REPRESENTATION_CONTEXT(2) 
PARAMETRIC_REPRESENTATION_CONTEXT() REPRESENTATION_CONTEXT('2D SPACE',''
  ) );
#1000 = PCURVE('',#213,#1001);
#1001 = DEFINITIONAL_REPRESENTATION('',(#1002),#1006);
#1002 = LINE('',#1003,#1004);
#1003 = CARTESIAN_POINT('',(36.593945571809,4.593945571809));
#1004 = VECTOR('',#1005,1.);
#1005 = DIRECTION('',(-4.016802393982E-47,-1.));
#1006 = ( GEOMETRIC_REPRESENTATION_CONTEXT(2) 
PARAMETRIC_REPRESENTATION_CONTEXT() REPRESENTATION_CONTEXT('2D SPACE',''
  ) );
#1007 = ORIENTED_EDGE('',*,*,#168,.F.);
#1008 = ADVANCED_FACE('',(#1009),#156,.F.);
#1009 = FACE_BOUND('',#1010,.F.);
#1010 = EDGE_LOOP('',(#1011,#1012,#1033,#1034));
#1011 = ORIENTED_EDGE('',*,*,#587,.T.);
#1012 = ORIENTED_EDGE('',*,*,#1013,.T.);
#1013 = EDGE_CURVE('',#559,#941,#1014,.T.);
#1014 = SURFACE_CURVE('',#1015,(#1019,#1026),.PCURVE_S1.);
#1015 = LINE('',#1016,#1017);
#1016 = CARTESIAN_POINT('',(50.,-30.,53.));
#1017 = VECTOR('',#1018,1.);
#1018 = DIRECTION('',(0.,1.,0.));
#1019 = PCURVE('',#156,#1020);
#1020 = DEFINITIONAL_REPRESENTATION('',(#1021),#1025);
#1021 = LINE('',#1022,#1023);
#1022 = CARTESIAN_POINT('',(0.,-10.));
#1023 = VECTOR('',#1024,1.);
#1024 = DIRECTION('',(1.,0.));
#1025 = ( GEOMETRIC_REPRESENTATION_CONTEXT(2) 
PARAMETRIC_REPRESENTATION_CONTEXT() REPRESENTATION_CONTEXT('2D SPACE',''
  ) );
#1026 = PCURVE('',#575,#1027);
#1027 = DEFINITIONAL_REPRESENTATION('',(#1028),#1032);
#1028 = LINE('',#1029,#1030);
#1029 = CARTESIAN_POINT('',(38.,-30.));
#1030 = VECTOR('',#1031,1.);
#1031 = DIRECTION('',(0.,1.));
#1032 = ( GEOMETRIC_REPRESENTATION_CONTEXT(2) 
PARAMETRIC_REPRESENTATION_CONTEXT() REPRESENTATION_CONTEXT('2D SPACE',''
  ) );
#1033 = ORIENTED_EDGE('',*,*,#940,.F.);
#1034 = ORIENTED_EDGE('',*,*,#140,.F.);
#1035 = ADVANCED_FACE('',(#1036),#303,.F.);
#1036 = FACE_BOUND('',#1037,.T.);
#1037 = EDGE_LOOP('',(#1038,#1061,#1083,#1084));
#1038 = ORIENTED_EDGE('',*,*,#1039,.T.);
#1039 = EDGE_CURVE('',#287,#1040,#1042,.T.);
#1040 = VERTEX_POINT('',#1041);
#1041 = CARTESIAN_POINT('',(3.5,-20.,53.));
#1042 = SEAM_CURVE('',#1043,(#1047,#1054),.PCURVE_S1.);
#1043 = LINE('',#1044,#1045);
#1044 = CARTESIAN_POINT('',(3.5,-20.,43.));
#1045 = VECTOR('',#1046,1.);
#1046 = DIRECTION('',(0.,0.,1.));
#1047 = PCURVE('',#303,#1048);
#1048 = DEFINITIONAL_REPRESENTATION('',(#1049),#1053);
#1049 = LINE('',#1050,#1051);
#1050 = CARTESIAN_POINT('',(-0.,0.));
#1051 = VECTOR('',#1052,1.);
#1052 = DIRECTION('',(-0.,-1.));
#1053 = ( GEOMETRIC_REPRESENTATION_CONTEXT(2) 
PARAMETRIC_REPRESENTATION_CONTEXT() REPRESENTATION_CONTEXT('2D SPACE',''
  ) );
#1054 = PCURVE('',#303,#1055);
#1055 = DEFINITIONAL_REPRESENTATION('',(#1056),#1060);
#1056 = LINE('',#1057,#1058);
#1057 = CARTESIAN_POINT('',(-6.28318530718,0.));
#1058 = VECTOR('',#1059,1.);
#1059 = DIRECTION('',(-0.,-1.));
#1060 = ( GEOMETRIC_REPRESENTATION_CONTEXT(2) 
PARAMETRIC_REPRESENTATION_CONTEXT() REPRESENTATION_CONTEXT('2D SPACE',''
  ) );
#1061 = ORIENTED_EDGE('',*,*,#1062,.T.);
#1062 = EDGE_CURVE('',#1040,#1040,#1063,.T.);
#1063 = SURFACE_CURVE('',#1064,(#1069,#1076),.PCURVE_S1.);
#1064 = CIRCLE('',#1065,6.);
#1065 = AXIS2_PLACEMENT_3D('',#1066,#1067,#1068);
#1066 = CARTESIAN_POINT('',(-2.5,-20.,53.));
#1067 = DIRECTION('',(0.,0.,1.));
#1068 = DIRECTION('',(1.,0.,0.));
#1069 = PCURVE('',#303,#1070);
#1070 = DEFINITIONAL_REPRESENTATION('',(#1071),#1075);
#1071 = LINE('',#1072,#1073);
#1072 = CARTESIAN_POINT('',(-0.,-10.));
#1073 = VECTOR('',#1074,1.);
#1074 = DIRECTION('',(-1.,0.));
#1075 = ( GEOMETRIC_REPRESENTATION_CONTEXT(2) 
PARAMETRIC_REPRESENTATION_CONTEXT() REPRESENTATION_CONTEXT('2D SPACE',''
  ) );
#1076 = PCURVE('',#575,#1077);
#1077 = DEFINITIONAL_REPRESENTATION('',(#1078),#1082);
#1078 = CIRCLE('',#1079,6.);
#1079 = AXIS2_PLACEMENT_2D('',#1080,#1081);
#1080 = CARTESIAN_POINT('',(-14.5,-20.));
#1081 = DIRECTION('',(1.,0.));
#1082 = ( GEOMETRIC_REPRESENTATION_CONTEXT(2) 
PARAMETRIC_REPRESENTATION_CONTEXT() REPRESENTATION_CONTEXT('2D SPACE',''
  ) );
#1083 = ORIENTED_EDGE('',*,*,#1039,.F.);
#1084 = ORIENTED_EDGE('',*,*,#286,.F.);
#1085 = ADVANCED_FACE('',(#1086),#334,.F.);
#1086 = FACE_BOUND('',#1087,.T.);
#1087 = EDGE_LOOP('',(#1088,#1089,#1112,#1141,#1169,#1191));
#1088 = ORIENTED_EDGE('',*,*,#317,.F.);
#1089 = ORIENTED_EDGE('',*,*,#1090,.T.);
#1090 = EDGE_CURVE('',#318,#1091,#1093,.T.);
#1091 = VERTEX_POINT('',#1092);
#1092 = CARTESIAN_POINT('',(20.25,-20.,45.));
#1093 = SEAM_CURVE('',#1094,(#1098,#1105),.PCURVE_S1.);
#1094 = LINE('',#1095,#1096);
#1095 = CARTESIAN_POINT('',(20.25,-20.,43.));
#1096 = VECTOR('',#1097,1.);
#1097 = DIRECTION('',(0.,0.,1.));
#1098 = PCURVE('',#334,#1099);
#1099 = DEFINITIONAL_REPRESENTATION('',(#1100),#1104);
#1100 = LINE('',#1101,#1102);
#1101 = CARTESIAN_POINT('',(-6.28318530718,0.));
#1102 = VECTOR('',#1103,1.);
#1103 = DIRECTION('',(-0.,-1.));
#1104 = ( GEOMETRIC_REPRESENTATION_CONTEXT(2) 
PARAMETRIC_REPRESENTATION_CONTEXT() REPRESENTATION_CONTEXT('2D SPACE',''
  ) );
#1105 = PCURVE('',#334,#1106);
#1106 = DEFINITIONAL_REPRESENTATION('',(#1107),#1111);
#1107 = LINE('',#1108,#1109);
#1108 = CARTESIAN_POINT('',(-0.,0.));
#1109 = VECTOR('',#1110,1.);
#1110 = DIRECTION('',(-0.,-1.));
#1111 = ( GEOMETRIC_REPRESENTATION_CONTEXT(2) 
PARAMETRIC_REPRESENTATION_CONTEXT() REPRESENTATION_CONTEXT('2D SPACE',''
  ) );
#1112 = ORIENTED_EDGE('',*,*,#1113,.T.);
#1113 = EDGE_CURVE('',#1091,#1114,#1116,.T.);
#1114 = VERTEX_POINT('',#1115);
#1115 = CARTESIAN_POINT('',(14.795836543402,-20.5,45.));
#1116 = SURFACE_CURVE('',#1117,(#1122,#1129),.PCURVE_S1.);
#1117 = CIRCLE('',#1118,2.75);
#1118 = AXIS2_PLACEMENT_3D('',#1119,#1120,#1121);
#1119 = CARTESIAN_POINT('',(17.5,-20.,45.));
#1120 = DIRECTION('',(0.,0.,1.));
#1121 = DIRECTION('',(1.,0.,0.));
#1122 = PCURVE('',#334,#1123);
#1123 = DEFINITIONAL_REPRESENTATION('',(#1124),#1128);
#1124 = LINE('',#1125,#1126);
#1125 = CARTESIAN_POINT('',(-0.,-2.));
#1126 = VECTOR('',#1127,1.);
#1127 = DIRECTION('',(-1.,0.));
#1128 = ( GEOMETRIC_REPRESENTATION_CONTEXT(2) 
PARAMETRIC_REPRESENTATION_CONTEXT() REPRESENTATION_CONTEXT('2D SPACE',''
  ) );
#1129 = PCURVE('',#1130,#1135);
#1130 = PLANE('',#1131);
#1131 = AXIS2_PLACEMENT_3D('',#1132,#1133,#1134);
#1132 = CARTESIAN_POINT('',(17.500000000027,-24.67207545781,45.));
#1133 = DIRECTION('',(0.,0.,1.));
#1134 = DIRECTION('',(1.,0.,0.));
#1135 = DEFINITIONAL_REPRESENTATION('',(#1136),#1140);
#1136 = CIRCLE('',#1137,2.75);
#1137 = AXIS2_PLACEMENT_2D('',#1138,#1139);
#1138 = CARTESIAN_POINT('',(-2.702194024096E-11,4.672075457813));
#1139 = DIRECTION('',(1.,0.));
#1140 = ( GEOMETRIC_REPRESENTATION_CONTEXT(2) 
PARAMETRIC_REPRESENTATION_CONTEXT() REPRESENTATION_CONTEXT('2D SPACE',''
  ) );
#1141 = ORIENTED_EDGE('',*,*,#1142,.F.);
#1142 = EDGE_CURVE('',#1143,#1114,#1145,.T.);
#1143 = VERTEX_POINT('',#1144);
#1144 = CARTESIAN_POINT('',(20.204163456598,-20.5,45.));
#1145 = SURFACE_CURVE('',#1146,(#1151,#1158),.PCURVE_S1.);
#1146 = CIRCLE('',#1147,2.75);
#1147 = AXIS2_PLACEMENT_3D('',#1148,#1149,#1150);
#1148 = CARTESIAN_POINT('',(17.5,-20.,45.));
#1149 = DIRECTION('',(0.,0.,-1.));
#1150 = DIRECTION('',(1.,0.,0.));
#1151 = PCURVE('',#334,#1152);
#1152 = DEFINITIONAL_REPRESENTATION('',(#1153),#1157);
#1153 = LINE('',#1154,#1155);
#1154 = CARTESIAN_POINT('',(-6.28318530718,-2.));
#1155 = VECTOR('',#1156,1.);
#1156 = DIRECTION('',(1.,-0.));
#1157 = ( GEOMETRIC_REPRESENTATION_CONTEXT(2) 
PARAMETRIC_REPRESENTATION_CONTEXT() REPRESENTATION_CONTEXT('2D SPACE',''
  ) );
#1158 = PCURVE('',#1130,#1159);
#1159 = DEFINITIONAL_REPRESENTATION('',(#1160),#1168);
#1160 = ( BOUNDED_CURVE() B_SPLINE_CURVE(2,(#1161,#1162,#1163,#1164,
#1165,#1166,#1167),.UNSPECIFIED.,.T.,.F.) B_SPLINE_CURVE_WITH_KNOTS((1,2
    ,2,2,2,1),(-2.094395102393,0.,2.094395102393,4.188790204786,
6.28318530718,8.377580409573),.UNSPECIFIED.) CURVE() 
GEOMETRIC_REPRESENTATION_ITEM() RATIONAL_B_SPLINE_CURVE((1.,0.5,1.,0.5,
1.,0.5,1.)) REPRESENTATION_ITEM('') );
#1161 = CARTESIAN_POINT('',(2.749999999973,4.672075457813));
#1162 = CARTESIAN_POINT('',(2.749999999973,-9.106426300095E-02));
#1163 = CARTESIAN_POINT('',(-1.375000000027,2.290505597406));
#1164 = CARTESIAN_POINT('',(-5.500000000027,4.672075457813));
#1165 = CARTESIAN_POINT('',(-1.375000000027,7.053645318221));
#1166 = CARTESIAN_POINT('',(2.749999999973,9.435215178628));
#1167 = CARTESIAN_POINT('',(2.749999999973,4.672075457813));
#1168 = ( GEOMETRIC_REPRESENTATION_CONTEXT(2) 
PARAMETRIC_REPRESENTATION_CONTEXT() REPRESENTATION_CONTEXT('2D SPACE',''
  ) );
#1169 = ORIENTED_EDGE('',*,*,#1170,.T.);
#1170 = EDGE_CURVE('',#1143,#1091,#1171,.T.);
#1171 = SURFACE_CURVE('',#1172,(#1177,#1184),.PCURVE_S1.);
#1172 = CIRCLE('',#1173,2.75);
#1173 = AXIS2_PLACEMENT_3D('',#1174,#1175,#1176);
#1174 = CARTESIAN_POINT('',(17.5,-20.,45.));
#1175 = DIRECTION('',(0.,0.,1.));
#1176 = DIRECTION('',(1.,0.,0.));
#1177 = PCURVE('',#334,#1178);
#1178 = DEFINITIONAL_REPRESENTATION('',(#1179),#1183);
#1179 = LINE('',#1180,#1181);
#1180 = CARTESIAN_POINT('',(-0.,-2.));
#1181 = VECTOR('',#1182,1.);
#1182 = DIRECTION('',(-1.,0.));
#1183 = ( GEOMETRIC_REPRESENTATION_CONTEXT(2) 
PARAMETRIC_REPRESENTATION_CONTEXT() REPRESENTATION_CONTEXT('2D SPACE',''
  ) );
#1184 = PCURVE('',#1130,#1185);
#1185 = DEFINITIONAL_REPRESENTATION('',(#1186),#1190);
#1186 = CIRCLE('',#1187,2.75);
#1187 = AXIS2_PLACEMENT_2D('',#1188,#1189);
#1188 = CARTESIAN_POINT('',(-2.702194024096E-11,4.672075457813));
#1189 = DIRECTION('',(1.,0.));
#1190 = ( GEOMETRIC_REPRESENTATION_CONTEXT(2) 
PARAMETRIC_REPRESENTATION_CONTEXT() REPRESENTATION_CONTEXT('2D SPACE',''
  ) );
#1191 = ORIENTED_EDGE('',*,*,#1090,.F.);
#1192 = ADVANCED_FACE('',(#1193),#365,.F.);
#1193 = FACE_BOUND('',#1194,.T.);
#1194 = EDGE_LOOP('',(#1195,#1218,#1240,#1241));
#1195 = ORIENTED_EDGE('',*,*,#1196,.T.);
#1196 = EDGE_CURVE('',#349,#1197,#1199,.T.);
#1197 = VERTEX_POINT('',#1198);
#1198 = CARTESIAN_POINT('',(43.5,-20.,53.));
#1199 = SEAM_CURVE('',#1200,(#1204,#1211),.PCURVE_S1.);
#1200 = LINE('',#1201,#1202);
#1201 = CARTESIAN_POINT('',(43.5,-20.,43.));
#1202 = VECTOR('',#1203,1.);
#1203 = DIRECTION('',(0.,0.,1.));
#1204 = PCURVE('',#365,#1205);
#1205 = DEFINITIONAL_REPRESENTATION('',(#1206),#1210);
#1206 = LINE('',#1207,#1208);
#1207 = CARTESIAN_POINT('',(-0.,0.));
#1208 = VECTOR('',#1209,1.);
#1209 = DIRECTION('',(-0.,-1.));
#1210 = ( GEOMETRIC_REPRESENTATION_CONTEXT(2) 
PARAMETRIC_REPRESENTATION_CONTEXT() REPRESENTATION_CONTEXT('2D SPACE',''
  ) );
#1211 = PCURVE('',#365,#1212);
#1212 = DEFINITIONAL_REPRESENTATION('',(#1213),#1217);
#1213 = LINE('',#1214,#1215);
#1214 = CARTESIAN_POINT('',(-6.28318530718,0.));
#1215 = VECTOR('',#1216,1.);
#1216 = DIRECTION('',(-0.,-1.));
#1217 = ( GEOMETRIC_REPRESENTATION_CONTEXT(2) 
PARAMETRIC_REPRESENTATION_CONTEXT() REPRESENTATION_CONTEXT('2D SPACE',''
  ) );
#1218 = ORIENTED_EDGE('',*,*,#1219,.T.);
#1219 = EDGE_CURVE('',#1197,#1197,#1220,.T.);
#1220 = SURFACE_CURVE('',#1221,(#1226,#1233),.PCURVE_S1.);
#1221 = CIRCLE('',#1222,6.);
#1222 = AXIS2_PLACEMENT_3D('',#1223,#1224,#1225);
#1223 = CARTESIAN_POINT('',(37.5,-20.,53.));
#1224 = DIRECTION('',(0.,0.,1.));
#1225 = DIRECTION('',(1.,0.,0.));
#1226 = PCURVE('',#365,#1227);
#1227 = DEFINITIONAL_REPRESENTATION('',(#1228),#1232);
#1228 = LINE('',#1229,#1230);
#1229 = CARTESIAN_POINT('',(-0.,-10.));
#1230 = VECTOR('',#1231,1.);
#1231 = DIRECTION('',(-1.,0.));
#1232 = ( GEOMETRIC_REPRESENTATION_CONTEXT(2) 
PARAMETRIC_REPRESENTATION_CONTEXT() REPRESENTATION_CONTEXT('2D SPACE',''
  ) );
#1233 = PCURVE('',#575,#1234);
#1234 = DEFINITIONAL_REPRESENTATION('',(#1235),#1239);
#1235 = CIRCLE('',#1236,6.);
#1236 = AXIS2_PLACEMENT_2D('',#1237,#1238);
#1237 = CARTESIAN_POINT('',(25.5,-20.));
#1238 = DIRECTION('',(1.,0.));
#1239 = ( GEOMETRIC_REPRESENTATION_CONTEXT(2) 
PARAMETRIC_REPRESENTATION_CONTEXT() REPRESENTATION_CONTEXT('2D SPACE',''
  ) );
#1240 = ORIENTED_EDGE('',*,*,#1196,.F.);
#1241 = ORIENTED_EDGE('',*,*,#348,.F.);
#1242 = ADVANCED_FACE('',(#1243),#396,.F.);
#1243 = FACE_BOUND('',#1244,.T.);
#1244 = EDGE_LOOP('',(#1245,#1268,#1269,#1270));
#1245 = ORIENTED_EDGE('',*,*,#1246,.F.);
#1246 = EDGE_CURVE('',#380,#1247,#1249,.T.);
#1247 = VERTEX_POINT('',#1248);
#1248 = CARTESIAN_POINT('',(0.25,0.,45.));
#1249 = SEAM_CURVE('',#1250,(#1254,#1261),.PCURVE_S1.);
#1250 = LINE('',#1251,#1252);
#1251 = CARTESIAN_POINT('',(0.25,0.,43.));
#1252 = VECTOR('',#1253,1.);
#1253 = DIRECTION('',(0.,0.,1.));
#1254 = PCURVE('',#396,#1255);
#1255 = DEFINITIONAL_REPRESENTATION('',(#1256),#1260);
#1256 = LINE('',#1257,#1258);
#1257 = CARTESIAN_POINT('',(-6.28318530718,0.));
#1258 = VECTOR('',#1259,1.);
#1259 = DIRECTION('',(-0.,-1.));
#1260 = ( GEOMETRIC_REPRESENTATION_CONTEXT(2) 
PARAMETRIC_REPRESENTATION_CONTEXT() REPRESENTATION_CONTEXT('2D SPACE',''
  ) );
#1261 = PCURVE('',#396,#1262);
#1262 = DEFINITIONAL_REPRESENTATION('',(#1263),#1267);
#1263 = LINE('',#1264,#1265);
#1264 = CARTESIAN_POINT('',(-0.,0.));
#1265 = VECTOR('',#1266,1.);
#1266 = DIRECTION('',(-0.,-1.));
#1267 = ( GEOMETRIC_REPRESENTATION_CONTEXT(2) 
PARAMETRIC_REPRESENTATION_CONTEXT() REPRESENTATION_CONTEXT('2D SPACE',''
  ) );
#1268 = ORIENTED_EDGE('',*,*,#379,.F.);
#1269 = ORIENTED_EDGE('',*,*,#1246,.T.);
#1270 = ORIENTED_EDGE('',*,*,#1271,.T.);
#1271 = EDGE_CURVE('',#1247,#1247,#1272,.T.);
#1272 = SURFACE_CURVE('',#1273,(#1278,#1285),.PCURVE_S1.);
#1273 = CIRCLE('',#1274,2.75);
#1274 = AXIS2_PLACEMENT_3D('',#1275,#1276,#1277);
#1275 = CARTESIAN_POINT('',(-2.5,0.,45.));
#1276 = DIRECTION('',(0.,0.,1.));
#1277 = DIRECTION('',(1.,0.,0.));
#1278 = PCURVE('',#396,#1279);
#1279 = DEFINITIONAL_REPRESENTATION('',(#1280),#1284);
#1280 = LINE('',#1281,#1282);
#1281 = CARTESIAN_POINT('',(-0.,-2.));
#1282 = VECTOR('',#1283,1.);
#1283 = DIRECTION('',(-1.,0.));
#1284 = ( GEOMETRIC_REPRESENTATION_CONTEXT(2) 
PARAMETRIC_REPRESENTATION_CONTEXT() REPRESENTATION_CONTEXT('2D SPACE',''
  ) );
#1285 = PCURVE('',#1286,#1291);
#1286 = PLANE('',#1287);
#1287 = AXIS2_PLACEMENT_3D('',#1288,#1289,#1290);
#1288 = CARTESIAN_POINT('',(13.499999999995,-32.5,45.));
#1289 = DIRECTION('',(0.,-2.22044604925E-16,-1.));
#1290 = DIRECTION('',(1.,0.,0.));
#1291 = DEFINITIONAL_REPRESENTATION('',(#1292),#1300);
#1292 = ( BOUNDED_CURVE() B_SPLINE_CURVE(2,(#1293,#1294,#1295,#1296,
#1297,#1298,#1299),.UNSPECIFIED.,.T.,.F.) B_SPLINE_CURVE_WITH_KNOTS((1,2
    ,2,2,2,1),(-2.094395102393,0.,2.094395102393,4.188790204786,
6.28318530718,8.377580409573),.UNSPECIFIED.) CURVE() 
GEOMETRIC_REPRESENTATION_ITEM() RATIONAL_B_SPLINE_CURVE((1.,0.5,1.,0.5,
1.,0.5,1.)) REPRESENTATION_ITEM('') );
#1293 = CARTESIAN_POINT('',(-13.24999999999,-32.5));
#1294 = CARTESIAN_POINT('',(-13.24999999999,-37.26313972081));
#1295 = CARTESIAN_POINT('',(-17.37499999999,-34.8815698604));
#1296 = CARTESIAN_POINT('',(-21.49999999999,-32.5));
#1297 = CARTESIAN_POINT('',(-17.37499999999,-30.11843013959));
#1298 = CARTESIAN_POINT('',(-13.24999999999,-27.73686027918));
#1299 = CARTESIAN_POINT('',(-13.24999999999,-32.5));
#1300 = ( GEOMETRIC_REPRESENTATION_CONTEXT(2) 
PARAMETRIC_REPRESENTATION_CONTEXT() REPRESENTATION_CONTEXT('2D SPACE',''
  ) );
#1301 = ADVANCED_FACE('',(#1302),#427,.F.);
#1302 = FACE_BOUND('',#1303,.T.);
#1303 = EDGE_LOOP('',(#1304,#1327,#1349,#1350));
#1304 = ORIENTED_EDGE('',*,*,#1305,.T.);
#1305 = EDGE_CURVE('',#411,#1306,#1308,.T.);
#1306 = VERTEX_POINT('',#1307);
#1307 = CARTESIAN_POINT('',(3.5,20.,53.));
#1308 = SEAM_CURVE('',#1309,(#1313,#1320),.PCURVE_S1.);
#1309 = LINE('',#1310,#1311);
#1310 = CARTESIAN_POINT('',(3.5,20.,43.));
#1311 = VECTOR('',#1312,1.);
#1312 = DIRECTION('',(0.,0.,1.));
#1313 = PCURVE('',#427,#1314);
#1314 = DEFINITIONAL_REPRESENTATION('',(#1315),#1319);
#1315 = LINE('',#1316,#1317);
#1316 = CARTESIAN_POINT('',(-0.,0.));
#1317 = VECTOR('',#1318,1.);
#1318 = DIRECTION('',(-0.,-1.));
#1319 = ( GEOMETRIC_REPRESENTATION_CONTEXT(2) 
PARAMETRIC_REPRESENTATION_CONTEXT() REPRESENTATION_CONTEXT('2D SPACE',''
  ) );
#1320 = PCURVE('',#427,#1321);
#1321 = DEFINITIONAL_REPRESENTATION('',(#1322),#1326);
#1322 = LINE('',#1323,#1324);
#1323 = CARTESIAN_POINT('',(-6.28318530718,0.));
#1324 = VECTOR('',#1325,1.);
#1325 = DIRECTION('',(-0.,-1.));
#1326 = ( GEOMETRIC_REPRESENTATION_CONTEXT(2) 
PARAMETRIC_REPRESENTATION_CONTEXT() REPRESENTATION_CONTEXT('2D SPACE',''
  ) );
#1327 = ORIENTED_EDGE('',*,*,#1328,.T.);
#1328 = EDGE_CURVE('',#1306,#1306,#1329,.T.);
#1329 = SURFACE_CURVE('',#1330,(#1335,#1342),.PCURVE_S1.);
#1330 = CIRCLE('',#1331,6.);
#1331 = AXIS2_PLACEMENT_3D('',#1332,#1333,#1334);
#1332 = CARTESIAN_POINT('',(-2.5,20.,53.));
#1333 = DIRECTION('',(0.,0.,1.));
#1334 = DIRECTION('',(1.,0.,0.));
#1335 = PCURVE('',#427,#1336);
#1336 = DEFINITIONAL_REPRESENTATION('',(#1337),#1341);
#1337 = LINE('',#1338,#1339);
#1338 = CARTESIAN_POINT('',(-0.,-10.));
#1339 = VECTOR('',#1340,1.);
#1340 = DIRECTION('',(-1.,0.));
#1341 = ( GEOMETRIC_REPRESENTATION_CONTEXT(2) 
PARAMETRIC_REPRESENTATION_CONTEXT() REPRESENTATION_CONTEXT('2D SPACE',''
  ) );
#1342 = PCURVE('',#575,#1343);
#1343 = DEFINITIONAL_REPRESENTATION('',(#1344),#1348);
#1344 = CIRCLE('',#1345,6.);
#1345 = AXIS2_PLACEMENT_2D('',#1346,#1347);
#1346 = CARTESIAN_POINT('',(-14.5,20.));
#1347 = DIRECTION('',(1.,0.));
#1348 = ( GEOMETRIC_REPRESENTATION_CONTEXT(2) 
PARAMETRIC_REPRESENTATION_CONTEXT() REPRESENTATION_CONTEXT('2D SPACE',''
  ) );
#1349 = ORIENTED_EDGE('',*,*,#1305,.F.);
#1350 = ORIENTED_EDGE('',*,*,#410,.F.);
#1351 = ADVANCED_FACE('',(#1352),#458,.F.);
#1352 = FACE_BOUND('',#1353,.T.);
#1353 = EDGE_LOOP('',(#1354,#1377,#1378,#1379));
#1354 = ORIENTED_EDGE('',*,*,#1355,.F.);
#1355 = EDGE_CURVE('',#442,#1356,#1358,.T.);
#1356 = VERTEX_POINT('',#1357);
#1357 = CARTESIAN_POINT('',(40.25,0.,45.));
#1358 = SEAM_CURVE('',#1359,(#1363,#1370),.PCURVE_S1.);
#1359 = LINE('',#1360,#1361);
#1360 = CARTESIAN_POINT('',(40.25,0.,43.));
#1361 = VECTOR('',#1362,1.);
#1362 = DIRECTION('',(0.,0.,1.));
#1363 = PCURVE('',#458,#1364);
#1364 = DEFINITIONAL_REPRESENTATION('',(#1365),#1369);
#1365 = LINE('',#1366,#1367);
#1366 = CARTESIAN_POINT('',(-6.28318530718,0.));
#1367 = VECTOR('',#1368,1.);
#1368 = DIRECTION('',(-0.,-1.));
#1369 = ( GEOMETRIC_REPRESENTATION_CONTEXT(2) 
PARAMETRIC_REPRESENTATION_CONTEXT() REPRESENTATION_CONTEXT('2D SPACE',''
  ) );
#1370 = PCURVE('',#458,#1371);
#1371 = DEFINITIONAL_REPRESENTATION('',(#1372),#1376);
#1372 = LINE('',#1373,#1374);
#1373 = CARTESIAN_POINT('',(-0.,0.));
#1374 = VECTOR('',#1375,1.);
#1375 = DIRECTION('',(-0.,-1.));
#1376 = ( GEOMETRIC_REPRESENTATION_CONTEXT(2) 
PARAMETRIC_REPRESENTATION_CONTEXT() REPRESENTATION_CONTEXT('2D SPACE',''
  ) );
#1377 = ORIENTED_EDGE('',*,*,#441,.F.);
#1378 = ORIENTED_EDGE('',*,*,#1355,.T.);
#1379 = ORIENTED_EDGE('',*,*,#1380,.T.);
#1380 = EDGE_CURVE('',#1356,#1356,#1381,.T.);
#1381 = SURFACE_CURVE('',#1382,(#1387,#1394),.PCURVE_S1.);
#1382 = CIRCLE('',#1383,2.75);
#1383 = AXIS2_PLACEMENT_3D('',#1384,#1385,#1386);
#1384 = CARTESIAN_POINT('',(37.5,0.,45.));
#1385 = DIRECTION('',(0.,0.,1.));
#1386 = DIRECTION('',(1.,0.,0.));
#1387 = PCURVE('',#458,#1388);
#1388 = DEFINITIONAL_REPRESENTATION('',(#1389),#1393);
#1389 = LINE('',#1390,#1391);
#1390 = CARTESIAN_POINT('',(-0.,-2.));
#1391 = VECTOR('',#1392,1.);
#1392 = DIRECTION('',(-1.,0.));
#1393 = ( GEOMETRIC_REPRESENTATION_CONTEXT(2) 
PARAMETRIC_REPRESENTATION_CONTEXT() REPRESENTATION_CONTEXT('2D SPACE',''
  ) );
#1394 = PCURVE('',#1395,#1400);
#1395 = PLANE('',#1396);
#1396 = AXIS2_PLACEMENT_3D('',#1397,#1398,#1399);
#1397 = CARTESIAN_POINT('',(13.499999999995,-32.5,45.));
#1398 = DIRECTION('',(0.,-2.22044604925E-16,-1.));
#1399 = DIRECTION('',(1.,0.,0.));
#1400 = DEFINITIONAL_REPRESENTATION('',(#1401),#1409);
#1401 = ( BOUNDED_CURVE() B_SPLINE_CURVE(2,(#1402,#1403,#1404,#1405,
#1406,#1407,#1408),.UNSPECIFIED.,.T.,.F.) B_SPLINE_CURVE_WITH_KNOTS((1,2
    ,2,2,2,1),(-2.094395102393,0.,2.094395102393,4.188790204786,
6.28318530718,8.377580409573),.UNSPECIFIED.) CURVE() 
GEOMETRIC_REPRESENTATION_ITEM() RATIONAL_B_SPLINE_CURVE((1.,0.5,1.,0.5,
1.,0.5,1.)) REPRESENTATION_ITEM('') );
#1402 = CARTESIAN_POINT('',(26.750000000005,-32.5));
#1403 = CARTESIAN_POINT('',(26.750000000005,-37.26313972081));
#1404 = CARTESIAN_POINT('',(22.625000000005,-34.8815698604));
#1405 = CARTESIAN_POINT('',(18.500000000005,-32.5));
#1406 = CARTESIAN_POINT('',(22.625000000005,-30.11843013959));
#1407 = CARTESIAN_POINT('',(26.750000000005,-27.73686027918));
#1408 = CARTESIAN_POINT('',(26.750000000005,-32.5));
#1409 = ( GEOMETRIC_REPRESENTATION_CONTEXT(2) 
PARAMETRIC_REPRESENTATION_CONTEXT() REPRESENTATION_CONTEXT('2D SPACE',''
  ) );
#1410 = ADVANCED_FACE('',(#1411),#489,.F.);
#1411 = FACE_BOUND('',#1412,.T.);
#1412 = EDGE_LOOP('',(#1413,#1436,#1437,#1438));
#1413 = ORIENTED_EDGE('',*,*,#1414,.F.);
#1414 = EDGE_CURVE('',#473,#1415,#1417,.T.);
#1415 = VERTEX_POINT('',#1416);
#1416 = CARTESIAN_POINT('',(20.25,20.,45.));
#1417 = SEAM_CURVE('',#1418,(#1422,#1429),.PCURVE_S1.);
#1418 = LINE('',#1419,#1420);
#1419 = CARTESIAN_POINT('',(20.25,20.,43.));
#1420 = VECTOR('',#1421,1.);
#1421 = DIRECTION('',(0.,0.,1.));
#1422 = PCURVE('',#489,#1423);
#1423 = DEFINITIONAL_REPRESENTATION('',(#1424),#1428);
#1424 = LINE('',#1425,#1426);
#1425 = CARTESIAN_POINT('',(-6.28318530718,0.));
#1426 = VECTOR('',#1427,1.);
#1427 = DIRECTION('',(-0.,-1.));
#1428 = ( GEOMETRIC_REPRESENTATION_CONTEXT(2) 
PARAMETRIC_REPRESENTATION_CONTEXT() REPRESENTATION_CONTEXT('2D SPACE',''
  ) );
#1429 = PCURVE('',#489,#1430);
#1430 = DEFINITIONAL_REPRESENTATION('',(#1431),#1435);
#1431 = LINE('',#1432,#1433);
#1432 = CARTESIAN_POINT('',(-0.,0.));
#1433 = VECTOR('',#1434,1.);
#1434 = DIRECTION('',(-0.,-1.));
#1435 = ( GEOMETRIC_REPRESENTATION_CONTEXT(2) 
PARAMETRIC_REPRESENTATION_CONTEXT() REPRESENTATION_CONTEXT('2D SPACE',''
  ) );
#1436 = ORIENTED_EDGE('',*,*,#472,.F.);
#1437 = ORIENTED_EDGE('',*,*,#1414,.T.);
#1438 = ORIENTED_EDGE('',*,*,#1439,.T.);
#1439 = EDGE_CURVE('',#1415,#1415,#1440,.T.);
#1440 = SURFACE_CURVE('',#1441,(#1446,#1453),.PCURVE_S1.);
#1441 = CIRCLE('',#1442,2.75);
#1442 = AXIS2_PLACEMENT_3D('',#1443,#1444,#1445);
#1443 = CARTESIAN_POINT('',(17.5,20.,45.));
#1444 = DIRECTION('',(0.,0.,1.));
#1445 = DIRECTION('',(1.,0.,0.));
#1446 = PCURVE('',#489,#1447);
#1447 = DEFINITIONAL_REPRESENTATION('',(#1448),#1452);
#1448 = LINE('',#1449,#1450);
#1449 = CARTESIAN_POINT('',(-0.,-2.));
#1450 = VECTOR('',#1451,1.);
#1451 = DIRECTION('',(-1.,0.));
#1452 = ( GEOMETRIC_REPRESENTATION_CONTEXT(2) 
PARAMETRIC_REPRESENTATION_CONTEXT() REPRESENTATION_CONTEXT('2D SPACE',''
  ) );
#1453 = PCURVE('',#1454,#1459);
#1454 = PLANE('',#1455);
#1455 = AXIS2_PLACEMENT_3D('',#1456,#1457,#1458);
#1456 = CARTESIAN_POINT('',(13.499999999995,-32.5,45.));
#1457 = DIRECTION('',(0.,-2.22044604925E-16,-1.));
#1458 = DIRECTION('',(1.,0.,0.));
#1459 = DEFINITIONAL_REPRESENTATION('',(#1460),#1468);
#1460 = ( BOUNDED_CURVE() B_SPLINE_CURVE(2,(#1461,#1462,#1463,#1464,
#1465,#1466,#1467),.UNSPECIFIED.,.T.,.F.) B_SPLINE_CURVE_WITH_KNOTS((1,2
    ,2,2,2,1),(-2.094395102393,0.,2.094395102393,4.188790204786,
6.28318530718,8.377580409573),.UNSPECIFIED.) CURVE() 
GEOMETRIC_REPRESENTATION_ITEM() RATIONAL_B_SPLINE_CURVE((1.,0.5,1.,0.5,
1.,0.5,1.)) REPRESENTATION_ITEM('') );
#1461 = CARTESIAN_POINT('',(6.750000000005,-52.5));
#1462 = CARTESIAN_POINT('',(6.750000000005,-57.26313972081));
#1463 = CARTESIAN_POINT('',(2.625000000005,-54.8815698604));
#1464 = CARTESIAN_POINT('',(-1.499999999995,-52.5));
#1465 = CARTESIAN_POINT('',(2.625000000005,-50.11843013959));
#1466 = CARTESIAN_POINT('',(6.750000000005,-47.73686027918));
#1467 = CARTESIAN_POINT('',(6.750000000005,-52.5));
#1468 = ( GEOMETRIC_REPRESENTATION_CONTEXT(2) 
PARAMETRIC_REPRESENTATION_CONTEXT() REPRESENTATION_CONTEXT('2D SPACE',''
  ) );
#1469 = ADVANCED_FACE('',(#1470),#520,.F.);
#1470 = FACE_BOUND('',#1471,.T.);
#1471 = EDGE_LOOP('',(#1472,#1495,#1517,#1518));
#1472 = ORIENTED_EDGE('',*,*,#1473,.T.);
#1473 = EDGE_CURVE('',#504,#1474,#1476,.T.);
#1474 = VERTEX_POINT('',#1475);
#1475 = CARTESIAN_POINT('',(43.5,20.,53.));
#1476 = SEAM_CURVE('',#1477,(#1481,#1488),.PCURVE_S1.);
#1477 = LINE('',#1478,#1479);
#1478 = CARTESIAN_POINT('',(43.5,20.,43.));
#1479 = VECTOR('',#1480,1.);
#1480 = DIRECTION('',(0.,0.,1.));
#1481 = PCURVE('',#520,#1482);
#1482 = DEFINITIONAL_REPRESENTATION('',(#1483),#1487);
#1483 = LINE('',#1484,#1485);
#1484 = CARTESIAN_POINT('',(-0.,0.));
#1485 = VECTOR('',#1486,1.);
#1486 = DIRECTION('',(-0.,-1.));
#1487 = ( GEOMETRIC_REPRESENTATION_CONTEXT(2) 
PARAMETRIC_REPRESENTATION_CONTEXT() REPRESENTATION_CONTEXT('2D SPACE',''
  ) );
#1488 = PCURVE('',#520,#1489);
#1489 = DEFINITIONAL_REPRESENTATION('',(#1490),#1494);
#1490 = LINE('',#1491,#1492);
#1491 = CARTESIAN_POINT('',(-6.28318530718,0.));
#1492 = VECTOR('',#1493,1.);
#1493 = DIRECTION('',(-0.,-1.));
#1494 = ( GEOMETRIC_REPRESENTATION_CONTEXT(2) 
PARAMETRIC_REPRESENTATION_CONTEXT() REPRESENTATION_CONTEXT('2D SPACE',''
  ) );
#1495 = ORIENTED_EDGE('',*,*,#1496,.T.);
#1496 = EDGE_CURVE('',#1474,#1474,#1497,.T.);
#1497 = SURFACE_CURVE('',#1498,(#1503,#1510),.PCURVE_S1.);
#1498 = CIRCLE('',#1499,6.);
#1499 = AXIS2_PLACEMENT_3D('',#1500,#1501,#1502);
#1500 = CARTESIAN_POINT('',(37.5,20.,53.));
#1501 = DIRECTION('',(0.,0.,1.));
#1502 = DIRECTION('',(1.,0.,0.));
#1503 = PCURVE('',#520,#1504);
#1504 = DEFINITIONAL_REPRESENTATION('',(#1505),#1509);
#1505 = LINE('',#1506,#1507);
#1506 = CARTESIAN_POINT('',(-0.,-10.));
#1507 = VECTOR('',#1508,1.);
#1508 = DIRECTION('',(-1.,0.));
#1509 = ( GEOMETRIC_REPRESENTATION_CONTEXT(2) 
PARAMETRIC_REPRESENTATION_CONTEXT() REPRESENTATION_CONTEXT('2D SPACE',''
  ) );
#1510 = PCURVE('',#575,#1511);
#1511 = DEFINITIONAL_REPRESENTATION('',(#1512),#1516);
#1512 = CIRCLE('',#1513,6.);
#1513 = AXIS2_PLACEMENT_2D('',#1514,#1515);
#1514 = CARTESIAN_POINT('',(25.5,20.));
#1515 = DIRECTION('',(1.,0.));
#1516 = ( GEOMETRIC_REPRESENTATION_CONTEXT(2) 
PARAMETRIC_REPRESENTATION_CONTEXT() REPRESENTATION_CONTEXT('2D SPACE',''
  ) );
#1517 = ORIENTED_EDGE('',*,*,#1473,.F.);
#1518 = ORIENTED_EDGE('',*,*,#503,.F.);
#1519 = ADVANCED_FACE('',(#1520,#1690),#1286,.F.);
#1520 = FACE_BOUND('',#1521,.F.);
#1521 = EDGE_LOOP('',(#1522,#1552,#1580,#1608,#1636,#1664));
#1522 = ORIENTED_EDGE('',*,*,#1523,.F.);
#1523 = EDGE_CURVE('',#1524,#1526,#1528,.T.);
#1524 = VERTEX_POINT('',#1525);
#1525 = CARTESIAN_POINT('',(-4.809401076758,-4.,45.));
#1526 = VERTEX_POINT('',#1527);
#1527 = CARTESIAN_POINT('',(-0.190598923242,-4.,45.));
#1528 = SURFACE_CURVE('',#1529,(#1533,#1540),.PCURVE_S1.);
#1529 = LINE('',#1530,#1531);
#1530 = CARTESIAN_POINT('',(4.345299461618,-4.,45.));
#1531 = VECTOR('',#1532,1.);
#1532 = DIRECTION('',(1.,-9.614813431918E-17,2.134917449918E-32));
#1533 = PCURVE('',#1286,#1534);
#1534 = DEFINITIONAL_REPRESENTATION('',(#1535),#1539);
#1535 = LINE('',#1536,#1537);
#1536 = CARTESIAN_POINT('',(-9.154700538377,-28.5));
#1537 = VECTOR('',#1538,1.);
#1538 = DIRECTION('',(1.,9.614813431918E-17));
#1539 = ( GEOMETRIC_REPRESENTATION_CONTEXT(2) 
PARAMETRIC_REPRESENTATION_CONTEXT() REPRESENTATION_CONTEXT('2D SPACE',''
  ) );
#1540 = PCURVE('',#1541,#1546);
#1541 = PLANE('',#1542);
#1542 = AXIS2_PLACEMENT_3D('',#1543,#1544,#1545);
#1543 = CARTESIAN_POINT('',(-2.5,-4.,49.));
#1544 = DIRECTION('',(0.,1.,0.));
#1545 = DIRECTION('',(0.,0.,1.));
#1546 = DEFINITIONAL_REPRESENTATION('',(#1547),#1551);
#1547 = LINE('',#1548,#1549);
#1548 = CARTESIAN_POINT('',(-4.,6.845299461618));
#1549 = VECTOR('',#1550,1.);
#1550 = DIRECTION('',(2.134917449918E-32,1.));
#1551 = ( GEOMETRIC_REPRESENTATION_CONTEXT(2) 
PARAMETRIC_REPRESENTATION_CONTEXT() REPRESENTATION_CONTEXT('2D SPACE',''
  ) );
#1552 = ORIENTED_EDGE('',*,*,#1553,.F.);
#1553 = EDGE_CURVE('',#1554,#1524,#1556,.T.);
#1554 = VERTEX_POINT('',#1555);
#1555 = CARTESIAN_POINT('',(-7.118802153517,2.479520825189E-14,45.));
#1556 = SURFACE_CURVE('',#1557,(#1561,#1568),.PCURVE_S1.);
#1557 = LINE('',#1558,#1559);
#1558 = CARTESIAN_POINT('',(2.495004521421,-16.65160161513,45.));
#1559 = VECTOR('',#1560,1.);
#1560 = DIRECTION('',(0.5,-0.866025403784,1.922962686384E-16));
#1561 = PCURVE('',#1286,#1562);
#1562 = DEFINITIONAL_REPRESENTATION('',(#1563),#1567);
#1563 = LINE('',#1564,#1565);
#1564 = CARTESIAN_POINT('',(-11.00499547857,-15.84839838486));
#1565 = VECTOR('',#1566,1.);
#1566 = DIRECTION('',(0.5,0.866025403784));
#1567 = ( GEOMETRIC_REPRESENTATION_CONTEXT(2) 
PARAMETRIC_REPRESENTATION_CONTEXT() REPRESENTATION_CONTEXT('2D SPACE',''
  ) );
#1568 = PCURVE('',#1569,#1574);
#1569 = PLANE('',#1570);
#1570 = AXIS2_PLACEMENT_3D('',#1571,#1572,#1573);
#1571 = CARTESIAN_POINT('',(-5.964101615138,-2.,49.));
#1572 = DIRECTION('',(0.866025403784,0.5,0.));
#1573 = DIRECTION('',(-0.5,0.866025403784,0.));
#1574 = DEFINITIONAL_REPRESENTATION('',(#1575),#1579);
#1575 = LINE('',#1576,#1577);
#1576 = CARTESIAN_POINT('',(-16.91821227311,-4.));
#1577 = VECTOR('',#1578,1.);
#1578 = DIRECTION('',(-1.,1.922962686384E-16));
#1579 = ( GEOMETRIC_REPRESENTATION_CONTEXT(2) 
PARAMETRIC_REPRESENTATION_CONTEXT() REPRESENTATION_CONTEXT('2D SPACE',''
  ) );
#1580 = ORIENTED_EDGE('',*,*,#1581,.F.);
#1581 = EDGE_CURVE('',#1582,#1554,#1584,.T.);
#1582 = VERTEX_POINT('',#1583);
#1583 = CARTESIAN_POINT('',(-4.809401076758,4.000000000001,45.));
#1584 = SURFACE_CURVE('',#1585,(#1589,#1596),.PCURVE_S1.);
#1585 = LINE('',#1586,#1587);
#1586 = CARTESIAN_POINT('',(-10.42320775169,-5.723398384865,45.));
#1587 = VECTOR('',#1588,1.);
#1588 = DIRECTION('',(-0.5,-0.866025403784,1.922962686384E-16));
#1589 = PCURVE('',#1286,#1590);
#1590 = DEFINITIONAL_REPRESENTATION('',(#1591),#1595);
#1591 = LINE('',#1592,#1593);
#1592 = CARTESIAN_POINT('',(-23.92320775169,-26.77660161513));
#1593 = VECTOR('',#1594,1.);
#1594 = DIRECTION('',(-0.5,0.866025403784));
#1595 = ( GEOMETRIC_REPRESENTATION_CONTEXT(2) 
PARAMETRIC_REPRESENTATION_CONTEXT() REPRESENTATION_CONTEXT('2D SPACE',''
  ) );
#1596 = PCURVE('',#1597,#1602);
#1597 = PLANE('',#1598);
#1598 = AXIS2_PLACEMENT_3D('',#1599,#1600,#1601);
#1599 = CARTESIAN_POINT('',(-5.964101615138,2.,49.));
#1600 = DIRECTION('',(0.866025403784,-0.5,-1.998463232912E-16));
#1601 = DIRECTION('',(0.5,0.866025403784,3.922289563119E-33));
#1602 = DEFINITIONAL_REPRESENTATION('',(#1603),#1607);
#1603 = LINE('',#1604,#1605);
#1604 = CARTESIAN_POINT('',(-8.918212273121,-4.));
#1605 = VECTOR('',#1606,1.);
#1606 = DIRECTION('',(-1.,1.922962686384E-16));
#1607 = ( GEOMETRIC_REPRESENTATION_CONTEXT(2) 
PARAMETRIC_REPRESENTATION_CONTEXT() REPRESENTATION_CONTEXT('2D SPACE',''
  ) );
#1608 = ORIENTED_EDGE('',*,*,#1609,.F.);
#1609 = EDGE_CURVE('',#1610,#1582,#1612,.T.);
#1610 = VERTEX_POINT('',#1611);
#1611 = CARTESIAN_POINT('',(-0.190598923242,4.000000000001,45.));
#1612 = SURFACE_CURVE('',#1613,(#1617,#1624),.PCURVE_S1.);
#1613 = LINE('',#1614,#1615);
#1614 = CARTESIAN_POINT('',(6.654700538377,4.000000000001,45.));
#1615 = VECTOR('',#1616,1.);
#1616 = DIRECTION('',(-1.,0.,0.));
#1617 = PCURVE('',#1286,#1618);
#1618 = DEFINITIONAL_REPRESENTATION('',(#1619),#1623);
#1619 = LINE('',#1620,#1621);
#1620 = CARTESIAN_POINT('',(-6.845299461618,-36.5));
#1621 = VECTOR('',#1622,1.);
#1622 = DIRECTION('',(-1.,0.));
#1623 = ( GEOMETRIC_REPRESENTATION_CONTEXT(2) 
PARAMETRIC_REPRESENTATION_CONTEXT() REPRESENTATION_CONTEXT('2D SPACE',''
  ) );
#1624 = PCURVE('',#1625,#1630);
#1625 = PLANE('',#1626);
#1626 = AXIS2_PLACEMENT_3D('',#1627,#1628,#1629);
#1627 = CARTESIAN_POINT('',(-2.5,4.000000000001,49.));
#1628 = DIRECTION('',(-0.,-1.,-0.));
#1629 = DIRECTION('',(0.,0.,-1.));
#1630 = DEFINITIONAL_REPRESENTATION('',(#1631),#1635);
#1631 = LINE('',#1632,#1633);
#1632 = CARTESIAN_POINT('',(4.,9.154700538377));
#1633 = VECTOR('',#1634,1.);
#1634 = DIRECTION('',(0.,-1.));
#1635 = ( GEOMETRIC_REPRESENTATION_CONTEXT(2) 
PARAMETRIC_REPRESENTATION_CONTEXT() REPRESENTATION_CONTEXT('2D SPACE',''
  ) );
#1636 = ORIENTED_EDGE('',*,*,#1637,.F.);
#1637 = EDGE_CURVE('',#1638,#1610,#1640,.T.);
#1638 = VERTEX_POINT('',#1639);
#1639 = CARTESIAN_POINT('',(2.118802153517,2.506713269719E-14,45.));
#1640 = SURFACE_CURVE('',#1641,(#1645,#1652),.PCURVE_S1.);
#1641 = LINE('',#1642,#1643);
#1642 = CARTESIAN_POINT('',(10.577908290074,-14.65160161513,45.));
#1643 = VECTOR('',#1644,1.);
#1644 = DIRECTION('',(-0.5,0.866025403784,-1.922962686384E-16));
#1645 = PCURVE('',#1286,#1646);
#1646 = DEFINITIONAL_REPRESENTATION('',(#1647),#1651);
#1647 = LINE('',#1648,#1649);
#1648 = CARTESIAN_POINT('',(-2.922091709921,-17.84839838486));
#1649 = VECTOR('',#1650,1.);
#1650 = DIRECTION('',(-0.5,-0.866025403784));
#1651 = ( GEOMETRIC_REPRESENTATION_CONTEXT(2) 
PARAMETRIC_REPRESENTATION_CONTEXT() REPRESENTATION_CONTEXT('2D SPACE',''
  ) );
#1652 = PCURVE('',#1653,#1658);
#1653 = PLANE('',#1654);
#1654 = AXIS2_PLACEMENT_3D('',#1655,#1656,#1657);
#1655 = CARTESIAN_POINT('',(0.964101615138,2.,49.));
#1656 = DIRECTION('',(-0.866025403784,-0.5,-0.));
#1657 = DIRECTION('',(0.5,-0.866025403784,0.));
#1658 = DEFINITIONAL_REPRESENTATION('',(#1659),#1663);
#1659 = LINE('',#1660,#1661);
#1660 = CARTESIAN_POINT('',(19.227613349876,-4.));
#1661 = VECTOR('',#1662,1.);
#1662 = DIRECTION('',(-1.,-1.922962686384E-16));
#1663 = ( GEOMETRIC_REPRESENTATION_CONTEXT(2) 
PARAMETRIC_REPRESENTATION_CONTEXT() REPRESENTATION_CONTEXT('2D SPACE',''
  ) );
#1664 = ORIENTED_EDGE('',*,*,#1665,.F.);
#1665 = EDGE_CURVE('',#1526,#1638,#1666,.T.);
#1666 = SURFACE_CURVE('',#1667,(#1671,#1678),.PCURVE_S1.);
#1667 = LINE('',#1668,#1669);
#1668 = CARTESIAN_POINT('',(-4.649705059801,-11.72339838486,45.));
#1669 = VECTOR('',#1670,1.);
#1670 = DIRECTION('',(0.5,0.866025403784,-1.922962686384E-16));
#1671 = PCURVE('',#1286,#1672);
#1672 = DEFINITIONAL_REPRESENTATION('',(#1673),#1677);
#1673 = LINE('',#1674,#1675);
#1674 = CARTESIAN_POINT('',(-18.14970505979,-20.77660161513));
#1675 = VECTOR('',#1676,1.);
#1676 = DIRECTION('',(0.5,-0.866025403784));
#1677 = ( GEOMETRIC_REPRESENTATION_CONTEXT(2) 
PARAMETRIC_REPRESENTATION_CONTEXT() REPRESENTATION_CONTEXT('2D SPACE',''
  ) );
#1678 = PCURVE('',#1679,#1684);
#1679 = PLANE('',#1680);
#1680 = AXIS2_PLACEMENT_3D('',#1681,#1682,#1683);
#1681 = CARTESIAN_POINT('',(0.964101615138,-2.,49.));
#1682 = DIRECTION('',(-0.866025403784,0.5,1.643402816665E-16));
#1683 = DIRECTION('',(-0.5,-0.866025403784,9.605972256301E-34));
#1684 = DEFINITIONAL_REPRESENTATION('',(#1685),#1689);
#1685 = LINE('',#1686,#1687);
#1686 = CARTESIAN_POINT('',(11.227613349877,-4.));
#1687 = VECTOR('',#1688,1.);
#1688 = DIRECTION('',(-1.,-1.922962686384E-16));
#1689 = ( GEOMETRIC_REPRESENTATION_CONTEXT(2) 
PARAMETRIC_REPRESENTATION_CONTEXT() REPRESENTATION_CONTEXT('2D SPACE',''
  ) );
#1690 = FACE_BOUND('',#1691,.F.);
#1691 = EDGE_LOOP('',(#1692));
#1692 = ORIENTED_EDGE('',*,*,#1271,.T.);
#1693 = ADVANCED_FACE('',(#1694,#1864),#1395,.F.);
#1694 = FACE_BOUND('',#1695,.F.);
#1695 = EDGE_LOOP('',(#1696,#1726,#1754,#1782,#1810,#1838));
#1696 = ORIENTED_EDGE('',*,*,#1697,.F.);
#1697 = EDGE_CURVE('',#1698,#1700,#1702,.T.);
#1698 = VERTEX_POINT('',#1699);
#1699 = CARTESIAN_POINT('',(39.809401076759,-4.,45.));
#1700 = VERTEX_POINT('',#1701);
#1701 = CARTESIAN_POINT('',(42.118802153517,1.81108474503E-13,45.));
#1702 = SURFACE_CURVE('',#1703,(#1707,#1714),.PCURVE_S1.);
#1703 = LINE('',#1704,#1705);
#1704 = CARTESIAN_POINT('',(30.3502949402,-20.3836524227,45.));
#1705 = VECTOR('',#1706,1.);
#1706 = DIRECTION('',(0.5,0.866025403784,-1.922962686384E-16));
#1707 = PCURVE('',#1395,#1708);
#1708 = DEFINITIONAL_REPRESENTATION('',(#1709),#1713);
#1709 = LINE('',#1710,#1711);
#1710 = CARTESIAN_POINT('',(16.850294940205,-12.11634757729));
#1711 = VECTOR('',#1712,1.);
#1712 = DIRECTION('',(0.5,-0.866025403784));
#1713 = ( GEOMETRIC_REPRESENTATION_CONTEXT(2) 
PARAMETRIC_REPRESENTATION_CONTEXT() REPRESENTATION_CONTEXT('2D SPACE',''
  ) );
#1714 = PCURVE('',#1715,#1720);
#1715 = PLANE('',#1716);
#1716 = AXIS2_PLACEMENT_3D('',#1717,#1718,#1719);
#1717 = CARTESIAN_POINT('',(40.964101615138,-2.,49.));
#1718 = DIRECTION('',(-0.866025403784,0.5,0.));
#1719 = DIRECTION('',(-0.5,-0.866025403784,0.));
#1720 = DEFINITIONAL_REPRESENTATION('',(#1721),#1725);
#1721 = LINE('',#1722,#1723);
#1722 = CARTESIAN_POINT('',(21.227613349877,-4.));
#1723 = VECTOR('',#1724,1.);
#1724 = DIRECTION('',(-1.,-1.922962686384E-16));
#1725 = ( GEOMETRIC_REPRESENTATION_CONTEXT(2) 
PARAMETRIC_REPRESENTATION_CONTEXT() REPRESENTATION_CONTEXT('2D SPACE',''
  ) );
#1726 = ORIENTED_EDGE('',*,*,#1727,.F.);
#1727 = EDGE_CURVE('',#1728,#1698,#1730,.T.);
#1728 = VERTEX_POINT('',#1729);
#1729 = CARTESIAN_POINT('',(35.190598923242,-4.,45.));
#1730 = SURFACE_CURVE('',#1731,(#1735,#1742),.PCURVE_S1.);
#1731 = LINE('',#1732,#1733);
#1732 = CARTESIAN_POINT('',(24.345299461618,-4.,45.));
#1733 = VECTOR('',#1734,1.);
#1734 = DIRECTION('',(1.,3.663243917561E-14,-8.134035484188E-30));
#1735 = PCURVE('',#1395,#1736);
#1736 = DEFINITIONAL_REPRESENTATION('',(#1737),#1741);
#1737 = LINE('',#1738,#1739);
#1738 = CARTESIAN_POINT('',(10.845299461623,-28.49999999999));
#1739 = VECTOR('',#1740,1.);
#1740 = DIRECTION('',(1.,-3.663243917561E-14));
#1741 = ( GEOMETRIC_REPRESENTATION_CONTEXT(2) 
PARAMETRIC_REPRESENTATION_CONTEXT() REPRESENTATION_CONTEXT('2D SPACE',''
  ) );
#1742 = PCURVE('',#1743,#1748);
#1743 = PLANE('',#1744);
#1744 = AXIS2_PLACEMENT_3D('',#1745,#1746,#1747);
#1745 = CARTESIAN_POINT('',(37.5,-4.,49.));
#1746 = DIRECTION('',(-3.663243917561E-14,1.,0.));
#1747 = DIRECTION('',(1.,3.663243917561E-14,0.));
#1748 = DEFINITIONAL_REPRESENTATION('',(#1749),#1753);
#1749 = LINE('',#1750,#1751);
#1750 = CARTESIAN_POINT('',(-13.15470053838,4.));
#1751 = VECTOR('',#1752,1.);
#1752 = DIRECTION('',(1.,8.134035484188E-30));
#1753 = ( GEOMETRIC_REPRESENTATION_CONTEXT(2) 
PARAMETRIC_REPRESENTATION_CONTEXT() REPRESENTATION_CONTEXT('2D SPACE',''
  ) );
#1754 = ORIENTED_EDGE('',*,*,#1755,.F.);
#1755 = EDGE_CURVE('',#1756,#1728,#1758,.T.);
#1756 = VERTEX_POINT('',#1757);
#1757 = CARTESIAN_POINT('',(32.881197846483,-1.749509594648E-13,45.));
#1758 = SURFACE_CURVE('',#1759,(#1763,#1770),.PCURVE_S1.);
#1759 = LINE('',#1760,#1761);
#1760 = CARTESIAN_POINT('',(37.495004521421,-7.991347577292,45.));
#1761 = VECTOR('',#1762,1.);
#1762 = DIRECTION('',(0.5,-0.866025403784,1.922962686384E-16));
#1763 = PCURVE('',#1395,#1764);
#1764 = DEFINITIONAL_REPRESENTATION('',(#1765),#1769);
#1765 = LINE('',#1766,#1767);
#1766 = CARTESIAN_POINT('',(23.995004521426,-24.5086524227));
#1767 = VECTOR('',#1768,1.);
#1768 = DIRECTION('',(0.5,0.866025403784));
#1769 = ( GEOMETRIC_REPRESENTATION_CONTEXT(2) 
PARAMETRIC_REPRESENTATION_CONTEXT() REPRESENTATION_CONTEXT('2D SPACE',''
  ) );
#1770 = PCURVE('',#1771,#1776);
#1771 = PLANE('',#1772);
#1772 = AXIS2_PLACEMENT_3D('',#1773,#1774,#1775);
#1773 = CARTESIAN_POINT('',(34.035898384863,-2.,49.));
#1774 = DIRECTION('',(0.866025403784,0.5,0.));
#1775 = DIRECTION('',(-0.5,0.866025403784,0.));
#1776 = DEFINITIONAL_REPRESENTATION('',(#1777),#1781);
#1777 = LINE('',#1778,#1779);
#1778 = CARTESIAN_POINT('',(-6.918212273116,-4.));
#1779 = VECTOR('',#1780,1.);
#1780 = DIRECTION('',(-1.,1.922962686384E-16));
#1781 = ( GEOMETRIC_REPRESENTATION_CONTEXT(2) 
PARAMETRIC_REPRESENTATION_CONTEXT() REPRESENTATION_CONTEXT('2D SPACE',''
  ) );
#1782 = ORIENTED_EDGE('',*,*,#1783,.F.);
#1783 = EDGE_CURVE('',#1784,#1756,#1786,.T.);
#1784 = VERTEX_POINT('',#1785);
#1785 = CARTESIAN_POINT('',(35.190598923242,4.000000000001,45.));
#1786 = SURFACE_CURVE('',#1787,(#1791,#1798),.PCURVE_S1.);
#1787 = LINE('',#1788,#1789);
#1788 = CARTESIAN_POINT('',(24.576792248305,-14.3836524227,45.));
#1789 = VECTOR('',#1790,1.);
#1790 = DIRECTION('',(-0.5,-0.866025403784,1.922962686384E-16));
#1791 = PCURVE('',#1395,#1792);
#1792 = DEFINITIONAL_REPRESENTATION('',(#1793),#1797);
#1793 = LINE('',#1794,#1795);
#1794 = CARTESIAN_POINT('',(11.07679224831,-18.11634757729));
#1795 = VECTOR('',#1796,1.);
#1796 = DIRECTION('',(-0.5,0.866025403784));
#1797 = ( GEOMETRIC_REPRESENTATION_CONTEXT(2) 
PARAMETRIC_REPRESENTATION_CONTEXT() REPRESENTATION_CONTEXT('2D SPACE',''
  ) );
#1798 = PCURVE('',#1799,#1804);
#1799 = PLANE('',#1800);
#1800 = AXIS2_PLACEMENT_3D('',#1801,#1802,#1803);
#1801 = CARTESIAN_POINT('',(34.035898384862,2.,49.));
#1802 = DIRECTION('',(0.866025403784,-0.5,0.));
#1803 = DIRECTION('',(0.5,0.866025403784,0.));
#1804 = DEFINITIONAL_REPRESENTATION('',(#1805),#1809);
#1805 = LINE('',#1806,#1807);
#1806 = CARTESIAN_POINT('',(-18.91821227311,-4.));
#1807 = VECTOR('',#1808,1.);
#1808 = DIRECTION('',(-1.,1.922962686384E-16));
#1809 = ( GEOMETRIC_REPRESENTATION_CONTEXT(2) 
PARAMETRIC_REPRESENTATION_CONTEXT() REPRESENTATION_CONTEXT('2D SPACE',''
  ) );
#1810 = ORIENTED_EDGE('',*,*,#1811,.F.);
#1811 = EDGE_CURVE('',#1812,#1784,#1814,.T.);
#1812 = VERTEX_POINT('',#1813);
#1813 = CARTESIAN_POINT('',(39.809401076758,4.000000000001,45.));
#1814 = SURFACE_CURVE('',#1815,(#1819,#1826),.PCURVE_S1.);
#1815 = LINE('',#1816,#1817);
#1816 = CARTESIAN_POINT('',(26.654700538377,4.000000000001,45.));
#1817 = VECTOR('',#1818,1.);
#1818 = DIRECTION('',(-1.,0.,0.));
#1819 = PCURVE('',#1395,#1820);
#1820 = DEFINITIONAL_REPRESENTATION('',(#1821),#1825);
#1821 = LINE('',#1822,#1823);
#1822 = CARTESIAN_POINT('',(13.154700538382,-36.5));
#1823 = VECTOR('',#1824,1.);
#1824 = DIRECTION('',(-1.,0.));
#1825 = ( GEOMETRIC_REPRESENTATION_CONTEXT(2) 
PARAMETRIC_REPRESENTATION_CONTEXT() REPRESENTATION_CONTEXT('2D SPACE',''
  ) );
#1826 = PCURVE('',#1827,#1832);
#1827 = PLANE('',#1828);
#1828 = AXIS2_PLACEMENT_3D('',#1829,#1830,#1831);
#1829 = CARTESIAN_POINT('',(37.5,4.000000000001,49.));
#1830 = DIRECTION('',(-0.,-1.,-0.));
#1831 = DIRECTION('',(0.,0.,-1.));
#1832 = DEFINITIONAL_REPRESENTATION('',(#1833),#1837);
#1833 = LINE('',#1834,#1835);
#1834 = CARTESIAN_POINT('',(4.,-10.84529946162));
#1835 = VECTOR('',#1836,1.);
#1836 = DIRECTION('',(0.,-1.));
#1837 = ( GEOMETRIC_REPRESENTATION_CONTEXT(2) 
PARAMETRIC_REPRESENTATION_CONTEXT() REPRESENTATION_CONTEXT('2D SPACE',''
  ) );
#1838 = ORIENTED_EDGE('',*,*,#1839,.F.);
#1839 = EDGE_CURVE('',#1700,#1812,#1840,.T.);
#1840 = SURFACE_CURVE('',#1841,(#1845,#1852),.PCURVE_S1.);
#1841 = LINE('',#1842,#1843);
#1842 = CARTESIAN_POINT('',(45.577908290075,-5.991347577293,45.));
#1843 = VECTOR('',#1844,1.);
#1844 = DIRECTION('',(-0.5,0.866025403784,-1.922962686384E-16));
#1845 = PCURVE('',#1395,#1846);
#1846 = DEFINITIONAL_REPRESENTATION('',(#1847),#1851);
#1847 = LINE('',#1848,#1849);
#1848 = CARTESIAN_POINT('',(32.07790829008,-26.5086524227));
#1849 = VECTOR('',#1850,1.);
#1850 = DIRECTION('',(-0.5,-0.866025403784));
#1851 = ( GEOMETRIC_REPRESENTATION_CONTEXT(2) 
PARAMETRIC_REPRESENTATION_CONTEXT() REPRESENTATION_CONTEXT('2D SPACE',''
  ) );
#1852 = PCURVE('',#1853,#1858);
#1853 = PLANE('',#1854);
#1854 = AXIS2_PLACEMENT_3D('',#1855,#1856,#1857);
#1855 = CARTESIAN_POINT('',(40.964101615138,2.,49.));
#1856 = DIRECTION('',(-0.866025403784,-0.5,-0.));
#1857 = DIRECTION('',(0.5,-0.866025403784,0.));
#1858 = DEFINITIONAL_REPRESENTATION('',(#1859),#1863);
#1859 = LINE('',#1860,#1861);
#1860 = CARTESIAN_POINT('',(9.227613349877,-4.));
#1861 = VECTOR('',#1862,1.);
#1862 = DIRECTION('',(-1.,-1.922962686384E-16));
#1863 = ( GEOMETRIC_REPRESENTATION_CONTEXT(2) 
PARAMETRIC_REPRESENTATION_CONTEXT() REPRESENTATION_CONTEXT('2D SPACE',''
  ) );
#1864 = FACE_BOUND('',#1865,.F.);
#1865 = EDGE_LOOP('',(#1866));
#1866 = ORIENTED_EDGE('',*,*,#1380,.T.);
#1867 = ADVANCED_FACE('',(#1868,#2038),#1454,.F.);
#1868 = FACE_BOUND('',#1869,.F.);
#1869 = EDGE_LOOP('',(#1870,#1900,#1928,#1956,#1984,#2012));
#1870 = ORIENTED_EDGE('',*,*,#1871,.F.);
#1871 = EDGE_CURVE('',#1872,#1874,#1876,.T.);
#1872 = VERTEX_POINT('',#1873);
#1873 = CARTESIAN_POINT('',(21.5,17.690598923242,45.));
#1874 = VERTEX_POINT('',#1875);
#1875 = CARTESIAN_POINT('',(21.5,22.309401076758,45.));
#1876 = SURFACE_CURVE('',#1877,(#1881,#1888),.PCURVE_S1.);
#1877 = LINE('',#1878,#1879);
#1878 = CARTESIAN_POINT('',(21.5,-7.404700538379,45.));
#1879 = VECTOR('',#1880,1.);
#1880 = DIRECTION('',(0.,1.,-2.22044604925E-16));
#1881 = PCURVE('',#1454,#1882);
#1882 = DEFINITIONAL_REPRESENTATION('',(#1883),#1887);
#1883 = LINE('',#1884,#1885);
#1884 = CARTESIAN_POINT('',(8.000000000005,-25.09529946162));
#1885 = VECTOR('',#1886,1.);
#1886 = DIRECTION('',(0.,-1.));
#1887 = ( GEOMETRIC_REPRESENTATION_CONTEXT(2) 
PARAMETRIC_REPRESENTATION_CONTEXT() REPRESENTATION_CONTEXT('2D SPACE',''
  ) );
#1888 = PCURVE('',#1889,#1894);
#1889 = PLANE('',#1890);
#1890 = AXIS2_PLACEMENT_3D('',#1891,#1892,#1893);
#1891 = CARTESIAN_POINT('',(21.5,20.,49.));
#1892 = DIRECTION('',(-1.,-0.,-0.));
#1893 = DIRECTION('',(0.,0.,-1.));
#1894 = DEFINITIONAL_REPRESENTATION('',(#1895),#1899);
#1895 = LINE('',#1896,#1897);
#1896 = CARTESIAN_POINT('',(4.,27.404700538379));
#1897 = VECTOR('',#1898,1.);
#1898 = DIRECTION('',(2.22044604925E-16,-1.));
#1899 = ( GEOMETRIC_REPRESENTATION_CONTEXT(2) 
PARAMETRIC_REPRESENTATION_CONTEXT() REPRESENTATION_CONTEXT('2D SPACE',''
  ) );
#1900 = ORIENTED_EDGE('',*,*,#1901,.F.);
#1901 = EDGE_CURVE('',#1902,#1872,#1904,.T.);
#1902 = VERTEX_POINT('',#1903);
#1903 = CARTESIAN_POINT('',(17.5,15.381197846483,45.));
#1904 = SURFACE_CURVE('',#1905,(#1909,#1916),.PCURVE_S1.);
#1905 = LINE('',#1906,#1907);
#1906 = CARTESIAN_POINT('',(5.633416575328,8.530022711888,45.));
#1907 = VECTOR('',#1908,1.);
#1908 = DIRECTION('',(0.866025403784,0.5,-1.110223024625E-16));
#1909 = PCURVE('',#1454,#1910);
#1910 = DEFINITIONAL_REPRESENTATION('',(#1911),#1915);
#1911 = LINE('',#1912,#1913);
#1912 = CARTESIAN_POINT('',(-7.866583424667,-41.03002271188));
#1913 = VECTOR('',#1914,1.);
#1914 = DIRECTION('',(0.866025403784,-0.5));
#1915 = ( GEOMETRIC_REPRESENTATION_CONTEXT(2) 
PARAMETRIC_REPRESENTATION_CONTEXT() REPRESENTATION_CONTEXT('2D SPACE',''
  ) );
#1916 = PCURVE('',#1917,#1922);
#1917 = PLANE('',#1918);
#1918 = AXIS2_PLACEMENT_3D('',#1919,#1920,#1921);
#1919 = CARTESIAN_POINT('',(19.5,16.535898384862,49.));
#1920 = DIRECTION('',(-0.5,0.866025403784,1.449658854094E-16));
#1921 = DIRECTION('',(0.866025403784,0.5,9.414765560453E-33));
#1922 = DEFINITIONAL_REPRESENTATION('',(#1923),#1927);
#1923 = LINE('',#1924,#1925);
#1924 = CARTESIAN_POINT('',(-16.01175134595,4.));
#1925 = VECTOR('',#1926,1.);
#1926 = DIRECTION('',(1.,1.110223024625E-16));
#1927 = ( GEOMETRIC_REPRESENTATION_CONTEXT(2) 
PARAMETRIC_REPRESENTATION_CONTEXT() REPRESENTATION_CONTEXT('2D SPACE',''
  ) );
#1928 = ORIENTED_EDGE('',*,*,#1929,.F.);
#1929 = EDGE_CURVE('',#1930,#1902,#1932,.T.);
#1930 = VERTEX_POINT('',#1931);
#1931 = CARTESIAN_POINT('',(13.5,17.690598923242,45.));
#1932 = SURFACE_CURVE('',#1933,(#1937,#1944),.PCURVE_S1.);
#1933 = LINE('',#1934,#1935);
#1934 = CARTESIAN_POINT('',(24.366583424669,11.416774057837,45.));
#1935 = VECTOR('',#1936,1.);
#1936 = DIRECTION('',(0.866025403784,-0.5,1.110223024625E-16));
#1937 = PCURVE('',#1454,#1938);
#1938 = DEFINITIONAL_REPRESENTATION('',(#1939),#1943);
#1939 = LINE('',#1940,#1941);
#1940 = CARTESIAN_POINT('',(10.866583424674,-43.91677405783));
#1941 = VECTOR('',#1942,1.);
#1942 = DIRECTION('',(0.866025403784,0.5));
#1943 = ( GEOMETRIC_REPRESENTATION_CONTEXT(2) 
PARAMETRIC_REPRESENTATION_CONTEXT() REPRESENTATION_CONTEXT('2D SPACE',''
  ) );
#1944 = PCURVE('',#1945,#1950);
#1945 = PLANE('',#1946);
#1946 = AXIS2_PLACEMENT_3D('',#1947,#1948,#1949);
#1947 = CARTESIAN_POINT('',(15.5,16.535898384862,49.));
#1948 = DIRECTION('',(0.5,0.866025403784,0.));
#1949 = DIRECTION('',(0.866025403784,-0.5,0.));
#1950 = DEFINITIONAL_REPRESENTATION('',(#1951),#1955);
#1951 = LINE('',#1952,#1953);
#1952 = CARTESIAN_POINT('',(10.23824865405,4.));
#1953 = VECTOR('',#1954,1.);
#1954 = DIRECTION('',(1.,-1.110223024625E-16));
#1955 = ( GEOMETRIC_REPRESENTATION_CONTEXT(2) 
PARAMETRIC_REPRESENTATION_CONTEXT() REPRESENTATION_CONTEXT('2D SPACE',''
  ) );
#1956 = ORIENTED_EDGE('',*,*,#1957,.F.);
#1957 = EDGE_CURVE('',#1958,#1930,#1960,.T.);
#1958 = VERTEX_POINT('',#1959);
#1959 = CARTESIAN_POINT('',(13.5,22.309401076758,45.));
#1960 = SURFACE_CURVE('',#1961,(#1965,#1972),.PCURVE_S1.);
#1961 = LINE('',#1962,#1963);
#1962 = CARTESIAN_POINT('',(13.5,-5.095299461621,45.));
#1963 = VECTOR('',#1964,1.);
#1964 = DIRECTION('',(-7.691850745535E-16,-1.,2.22044604925E-16));
#1965 = PCURVE('',#1454,#1966);
#1966 = DEFINITIONAL_REPRESENTATION('',(#1967),#1971);
#1967 = LINE('',#1968,#1969);
#1968 = CARTESIAN_POINT('',(5.163869332137E-12,-27.40470053837));
#1969 = VECTOR('',#1970,1.);
#1970 = DIRECTION('',(-7.691850745535E-16,1.));
#1971 = ( GEOMETRIC_REPRESENTATION_CONTEXT(2) 
PARAMETRIC_REPRESENTATION_CONTEXT() REPRESENTATION_CONTEXT('2D SPACE',''
  ) );
#1972 = PCURVE('',#1973,#1978);
#1973 = PLANE('',#1974);
#1974 = AXIS2_PLACEMENT_3D('',#1975,#1976,#1977);
#1975 = CARTESIAN_POINT('',(13.5,20.,49.));
#1976 = DIRECTION('',(1.,-7.691850745535E-16,0.));
#1977 = DIRECTION('',(7.691850745535E-16,1.,0.));
#1978 = DEFINITIONAL_REPRESENTATION('',(#1979),#1983);
#1979 = LINE('',#1980,#1981);
#1980 = CARTESIAN_POINT('',(-25.09529946162,-4.));
#1981 = VECTOR('',#1982,1.);
#1982 = DIRECTION('',(-1.,2.22044604925E-16));
#1983 = ( GEOMETRIC_REPRESENTATION_CONTEXT(2) 
PARAMETRIC_REPRESENTATION_CONTEXT() REPRESENTATION_CONTEXT('2D SPACE',''
  ) );
#1984 = ORIENTED_EDGE('',*,*,#1985,.F.);
#1985 = EDGE_CURVE('',#1986,#1958,#1988,.T.);
#1986 = VERTEX_POINT('',#1987);
#1987 = CARTESIAN_POINT('',(17.5,24.618802153517,45.));
#1988 = SURFACE_CURVE('',#1989,(#1993,#2000),.PCURVE_S1.);
#1989 = LINE('',#1990,#1991);
#1990 = CARTESIAN_POINT('',(3.633416575327,16.612926480541,45.));
#1991 = VECTOR('',#1992,1.);
#1992 = DIRECTION('',(-0.866025403784,-0.5,1.110223024625E-16));
#1993 = PCURVE('',#1454,#1994);
#1994 = DEFINITIONAL_REPRESENTATION('',(#1995),#1999);
#1995 = LINE('',#1996,#1997);
#1996 = CARTESIAN_POINT('',(-9.866583424668,-49.11292648054));
#1997 = VECTOR('',#1998,1.);
#1998 = DIRECTION('',(-0.866025403784,0.5));
#1999 = ( GEOMETRIC_REPRESENTATION_CONTEXT(2) 
PARAMETRIC_REPRESENTATION_CONTEXT() REPRESENTATION_CONTEXT('2D SPACE',''
  ) );
#2000 = PCURVE('',#2001,#2006);
#2001 = PLANE('',#2002);
#2002 = AXIS2_PLACEMENT_3D('',#2003,#2004,#2005);
#2003 = CARTESIAN_POINT('',(15.5,23.464101615138,49.));
#2004 = DIRECTION('',(0.5,-0.866025403784,-4.080984810626E-16));
#2005 = DIRECTION('',(-0.866025403784,-0.5,1.41332720909E-32));
#2006 = DEFINITIONAL_REPRESENTATION('',(#2007),#2011);
#2007 = LINE('',#2008,#2009);
#2008 = CARTESIAN_POINT('',(13.702350269192,4.));
#2009 = VECTOR('',#2010,1.);
#2010 = DIRECTION('',(1.,-1.110223024625E-16));
#2011 = ( GEOMETRIC_REPRESENTATION_CONTEXT(2) 
PARAMETRIC_REPRESENTATION_CONTEXT() REPRESENTATION_CONTEXT('2D SPACE',''
  ) );
#2012 = ORIENTED_EDGE('',*,*,#2013,.F.);
#2013 = EDGE_CURVE('',#1874,#1986,#2014,.T.);
#2014 = SURFACE_CURVE('',#2015,(#2019,#2026),.PCURVE_S1.);
#2015 = LINE('',#2016,#2017);
#2016 = CARTESIAN_POINT('',(30.366583424669,17.190276749734,45.));
#2017 = VECTOR('',#2018,1.);
#2018 = DIRECTION('',(-0.866025403784,0.5,-1.110223024625E-16));
#2019 = PCURVE('',#1454,#2020);
#2020 = DEFINITIONAL_REPRESENTATION('',(#2021),#2025);
#2021 = LINE('',#2022,#2023);
#2022 = CARTESIAN_POINT('',(16.866583424673,-49.69027674973));
#2023 = VECTOR('',#2024,1.);
#2024 = DIRECTION('',(-0.866025403784,-0.5));
#2025 = ( GEOMETRIC_REPRESENTATION_CONTEXT(2) 
PARAMETRIC_REPRESENTATION_CONTEXT() REPRESENTATION_CONTEXT('2D SPACE',''
  ) );
#2026 = PCURVE('',#2027,#2032);
#2027 = PLANE('',#2028);
#2028 = AXIS2_PLACEMENT_3D('',#2029,#2030,#2031);
#2029 = CARTESIAN_POINT('',(19.5,23.464101615138,49.));
#2030 = DIRECTION('',(-0.5,-0.866025403784,-4.731398080982E-16));
#2031 = DIRECTION('',(-0.866025403784,0.5,-1.749650825665E-33));
#2032 = DEFINITIONAL_REPRESENTATION('',(#2033),#2037);
#2033 = LINE('',#2034,#2035);
#2034 = CARTESIAN_POINT('',(-12.5476497308,4.));
#2035 = VECTOR('',#2036,1.);
#2036 = DIRECTION('',(1.,1.110223024625E-16));
#2037 = ( GEOMETRIC_REPRESENTATION_CONTEXT(2) 
PARAMETRIC_REPRESENTATION_CONTEXT() REPRESENTATION_CONTEXT('2D SPACE',''
  ) );
#2038 = FACE_BOUND('',#2039,.F.);
#2039 = EDGE_LOOP('',(#2040));
#2040 = ORIENTED_EDGE('',*,*,#1439,.T.);
#2041 = ADVANCED_FACE('',(#2042,#2092),#99,.T.);
#2042 = FACE_BOUND('',#2043,.T.);
#2043 = EDGE_LOOP('',(#2044,#2067,#2068,#2069,#2070,#2071));
#2044 = ORIENTED_EDGE('',*,*,#2045,.F.);
#2045 = EDGE_CURVE('',#694,#2046,#2048,.T.);
#2046 = VERTEX_POINT('',#2047);
#2047 = CARTESIAN_POINT('',(-23.5,-32.5,53.));
#2048 = SURFACE_CURVE('',#2049,(#2053,#2060),.PCURVE_S1.);
#2049 = LINE('',#2050,#2051);
#2050 = CARTESIAN_POINT('',(-23.5,-32.5,43.));
#2051 = VECTOR('',#2052,1.);
#2052 = DIRECTION('',(0.,0.,1.));
#2053 = PCURVE('',#99,#2054);
#2054 = DEFINITIONAL_REPRESENTATION('',(#2055),#2059);
#2055 = LINE('',#2056,#2057);
#2056 = CARTESIAN_POINT('',(4.593945569379,-34.40605443062));
#2057 = VECTOR('',#2058,1.);
#2058 = DIRECTION('',(-1.,0.));
#2059 = ( GEOMETRIC_REPRESENTATION_CONTEXT(2) 
PARAMETRIC_REPRESENTATION_CONTEXT() REPRESENTATION_CONTEXT('2D SPACE',''
  ) );
#2060 = PCURVE('',#737,#2061);
#2061 = DEFINITIONAL_REPRESENTATION('',(#2062),#2066);
#2062 = LINE('',#2063,#2064);
#2063 = CARTESIAN_POINT('',(-4.712388980385,0.));
#2064 = VECTOR('',#2065,1.);
#2065 = DIRECTION('',(-0.,-1.));
#2066 = ( GEOMETRIC_REPRESENTATION_CONTEXT(2) 
PARAMETRIC_REPRESENTATION_CONTEXT() REPRESENTATION_CONTEXT('2D SPACE',''
  ) );
#2067 = ORIENTED_EDGE('',*,*,#693,.F.);
#2068 = ORIENTED_EDGE('',*,*,#612,.F.);
#2069 = ORIENTED_EDGE('',*,*,#83,.T.);
#2070 = ORIENTED_EDGE('',*,*,#535,.T.);
#2071 = ORIENTED_EDGE('',*,*,#2072,.F.);
#2072 = EDGE_CURVE('',#2046,#536,#2073,.T.);
#2073 = SURFACE_CURVE('',#2074,(#2078,#2085),.PCURVE_S1.);
#2074 = LINE('',#2075,#2076);
#2075 = CARTESIAN_POINT('',(-23.5,-32.5,53.));
#2076 = VECTOR('',#2077,1.);
#2077 = DIRECTION('',(1.,0.,0.));
#2078 = PCURVE('',#99,#2079);
#2079 = DEFINITIONAL_REPRESENTATION('',(#2080),#2084);
#2080 = LINE('',#2081,#2082);
#2081 = CARTESIAN_POINT('',(-5.406054430621,-34.40605443062));
#2082 = VECTOR('',#2083,1.);
#2083 = DIRECTION('',(0.,1.));
#2084 = ( GEOMETRIC_REPRESENTATION_CONTEXT(2) 
PARAMETRIC_REPRESENTATION_CONTEXT() REPRESENTATION_CONTEXT('2D SPACE',''
  ) );
#2085 = PCURVE('',#575,#2086);
#2086 = DEFINITIONAL_REPRESENTATION('',(#2087),#2091);
#2087 = LINE('',#2088,#2089);
#2088 = CARTESIAN_POINT('',(-35.5,-32.5));
#2089 = VECTOR('',#2090,1.);
#2090 = DIRECTION('',(1.,0.));
#2091 = ( GEOMETRIC_REPRESENTATION_CONTEXT(2) 
PARAMETRIC_REPRESENTATION_CONTEXT() REPRESENTATION_CONTEXT('2D SPACE',''
  ) );
#2092 = FACE_BOUND('',#2093,.T.);
#2093 = EDGE_LOOP('',(#2094,#2124,#2152,#2180));
#2094 = ORIENTED_EDGE('',*,*,#2095,.F.);
#2095 = EDGE_CURVE('',#2096,#2098,#2100,.T.);
#2096 = VERTEX_POINT('',#2097);
#2097 = CARTESIAN_POINT('',(13.499999999995,-32.5,49.));
#2098 = VERTEX_POINT('',#2099);
#2099 = CARTESIAN_POINT('',(13.499999999995,-32.5,45.));
#2100 = SURFACE_CURVE('',#2101,(#2105,#2112),.PCURVE_S1.);
#2101 = LINE('',#2102,#2103);
#2102 = CARTESIAN_POINT('',(13.499999999995,-32.5,49.));
#2103 = VECTOR('',#2104,1.);
#2104 = DIRECTION('',(0.,-2.22044604925E-16,-1.));
#2105 = PCURVE('',#99,#2106);
#2106 = DEFINITIONAL_REPRESENTATION('',(#2107),#2111);
#2107 = LINE('',#2108,#2109);
#2108 = CARTESIAN_POINT('',(-1.406054430621,2.593945569374));
#2109 = VECTOR('',#2110,1.);
#2110 = DIRECTION('',(1.,0.));
#2111 = ( GEOMETRIC_REPRESENTATION_CONTEXT(2) 
PARAMETRIC_REPRESENTATION_CONTEXT() REPRESENTATION_CONTEXT('2D SPACE',''
  ) );
#2112 = PCURVE('',#2113,#2118);
#2113 = PLANE('',#2114);
#2114 = AXIS2_PLACEMENT_3D('',#2115,#2116,#2117);
#2115 = CARTESIAN_POINT('',(13.499999999992,-25.09529946161,
    47.000000000002));
#2116 = DIRECTION('',(1.,5.092513819177E-13,1.706870756077E-12));
#2117 = DIRECTION('',(-1.706870756077E-12,7.939078617505E-41,1.));
#2118 = DEFINITIONAL_REPRESENTATION('',(#2119),#2123);
#2119 = LINE('',#2120,#2121);
#2120 = CARTESIAN_POINT('',(1.999999999998,7.404700538389));
#2121 = VECTOR('',#2122,1.);
#2122 = DIRECTION('',(-1.,2.220446040558E-16));
#2123 = ( GEOMETRIC_REPRESENTATION_CONTEXT(2) 
PARAMETRIC_REPRESENTATION_CONTEXT() REPRESENTATION_CONTEXT('2D SPACE',''
  ) );
#2124 = ORIENTED_EDGE('',*,*,#2125,.F.);
#2125 = EDGE_CURVE('',#2126,#2096,#2128,.T.);
#2126 = VERTEX_POINT('',#2127);
#2127 = CARTESIAN_POINT('',(21.50000000006,-32.5,49.));
#2128 = SURFACE_CURVE('',#2129,(#2133,#2140),.PCURVE_S1.);
#2129 = LINE('',#2130,#2131);
#2130 = CARTESIAN_POINT('',(21.50000000006,-32.5,49.));
#2131 = VECTOR('',#2132,1.);
#2132 = DIRECTION('',(-1.,0.,0.));
#2133 = PCURVE('',#99,#2134);
#2134 = DEFINITIONAL_REPRESENTATION('',(#2135),#2139);
#2135 = LINE('',#2136,#2137);
#2136 = CARTESIAN_POINT('',(-1.406054430621,10.593945569439));
#2137 = VECTOR('',#2138,1.);
#2138 = DIRECTION('',(0.,-1.));
#2139 = ( GEOMETRIC_REPRESENTATION_CONTEXT(2) 
PARAMETRIC_REPRESENTATION_CONTEXT() REPRESENTATION_CONTEXT('2D SPACE',''
  ) );
#2140 = PCURVE('',#2141,#2146);
#2141 = PLANE('',#2142);
#2142 = AXIS2_PLACEMENT_3D('',#2143,#2144,#2145);
#2143 = CARTESIAN_POINT('',(17.500000000024,-24.67207545779,49.));
#2144 = DIRECTION('',(-0.,-0.,-1.));
#2145 = DIRECTION('',(-1.,0.,0.));
#2146 = DEFINITIONAL_REPRESENTATION('',(#2147),#2151);
#2147 = LINE('',#2148,#2149);
#2148 = CARTESIAN_POINT('',(-4.000000000036,-7.827924542202));
#2149 = VECTOR('',#2150,1.);
#2150 = DIRECTION('',(1.,0.));
#2151 = ( GEOMETRIC_REPRESENTATION_CONTEXT(2) 
PARAMETRIC_REPRESENTATION_CONTEXT() REPRESENTATION_CONTEXT('2D SPACE',''
  ) );
#2152 = ORIENTED_EDGE('',*,*,#2153,.F.);
#2153 = EDGE_CURVE('',#2154,#2126,#2156,.T.);
#2154 = VERTEX_POINT('',#2155);
#2155 = CARTESIAN_POINT('',(21.50000000006,-32.5,45.));
#2156 = SURFACE_CURVE('',#2157,(#2161,#2168),.PCURVE_S1.);
#2157 = LINE('',#2158,#2159);
#2158 = CARTESIAN_POINT('',(21.50000000006,-32.5,45.));
#2159 = VECTOR('',#2160,1.);
#2160 = DIRECTION('',(0.,2.22044604925E-16,1.));
#2161 = PCURVE('',#99,#2162);
#2162 = DEFINITIONAL_REPRESENTATION('',(#2163),#2167);
#2163 = LINE('',#2164,#2165);
#2164 = CARTESIAN_POINT('',(2.593945569379,10.593945569439));
#2165 = VECTOR('',#2166,1.);
#2166 = DIRECTION('',(-1.,0.));
#2167 = ( GEOMETRIC_REPRESENTATION_CONTEXT(2) 
PARAMETRIC_REPRESENTATION_CONTEXT() REPRESENTATION_CONTEXT('2D SPACE',''
  ) );
#2168 = PCURVE('',#2169,#2174);
#2169 = PLANE('',#2170);
#2170 = AXIS2_PLACEMENT_3D('',#2171,#2172,#2173);
#2171 = CARTESIAN_POINT('',(21.500000000061,-25.09529946161,
    47.000000000002));
#2172 = DIRECTION('',(-1.,2.379405817322E-13,7.97511474811E-13));
#2173 = DIRECTION('',(-7.97511474811E-13,2.43951103538E-42,-1.));
#2174 = DEFINITIONAL_REPRESENTATION('',(#2175),#2179);
#2175 = LINE('',#2176,#2177);
#2176 = CARTESIAN_POINT('',(2.000000000002,7.404700538389));
#2177 = VECTOR('',#2178,1.);
#2178 = DIRECTION('',(-1.,-2.220446047353E-16));
#2179 = ( GEOMETRIC_REPRESENTATION_CONTEXT(2) 
PARAMETRIC_REPRESENTATION_CONTEXT() REPRESENTATION_CONTEXT('2D SPACE',''
  ) );
#2180 = ORIENTED_EDGE('',*,*,#2181,.F.);
#2181 = EDGE_CURVE('',#2098,#2154,#2182,.T.);
#2182 = SURFACE_CURVE('',#2183,(#2187,#2194),.PCURVE_S1.);
#2183 = LINE('',#2184,#2185);
#2184 = CARTESIAN_POINT('',(13.499999999995,-32.5,45.));
#2185 = VECTOR('',#2186,1.);
#2186 = DIRECTION('',(1.,0.,0.));
#2187 = PCURVE('',#99,#2188);
#2188 = DEFINITIONAL_REPRESENTATION('',(#2189),#2193);
#2189 = LINE('',#2190,#2191);
#2190 = CARTESIAN_POINT('',(2.593945569379,2.593945569374));
#2191 = VECTOR('',#2192,1.);
#2192 = DIRECTION('',(0.,1.));
#2193 = ( GEOMETRIC_REPRESENTATION_CONTEXT(2) 
PARAMETRIC_REPRESENTATION_CONTEXT() REPRESENTATION_CONTEXT('2D SPACE',''
  ) );
#2194 = PCURVE('',#1130,#2195);
#2195 = DEFINITIONAL_REPRESENTATION('',(#2196),#2200);
#2196 = LINE('',#2197,#2198);
#2197 = CARTESIAN_POINT('',(-4.000000000032,-7.827924542186));
#2198 = VECTOR('',#2199,1.);
#2199 = DIRECTION('',(1.,0.));
#2200 = ( GEOMETRIC_REPRESENTATION_CONTEXT(2) 
PARAMETRIC_REPRESENTATION_CONTEXT() REPRESENTATION_CONTEXT('2D SPACE',''
  ) );
#2201 = ADVANCED_FACE('',(#2202,#2300,#2303,#2306,#2309,#2312,#2452,
    #2592,#2732),#575,.T.);
#2202 = FACE_BOUND('',#2203,.T.);
#2203 = EDGE_LOOP('',(#2204,#2205,#2206,#2207,#2208,#2231,#2255,#2278));
#2204 = ORIENTED_EDGE('',*,*,#2072,.T.);
#2205 = ORIENTED_EDGE('',*,*,#558,.T.);
#2206 = ORIENTED_EDGE('',*,*,#1013,.T.);
#2207 = ORIENTED_EDGE('',*,*,#963,.T.);
#2208 = ORIENTED_EDGE('',*,*,#2209,.T.);
#2209 = EDGE_CURVE('',#964,#2210,#2212,.T.);
#2210 = VERTEX_POINT('',#2211);
#2211 = CARTESIAN_POINT('',(-23.5,32.5,53.));
#2212 = SURFACE_CURVE('',#2213,(#2217,#2224),.PCURVE_S1.);
#2213 = LINE('',#2214,#2215);
#2214 = CARTESIAN_POINT('',(47.5,32.5,53.));
#2215 = VECTOR('',#2216,1.);
#2216 = DIRECTION('',(-1.,-1.401070183189E-15,0.));
#2217 = PCURVE('',#575,#2218);
#2218 = DEFINITIONAL_REPRESENTATION('',(#2219),#2223);
#2219 = LINE('',#2220,#2221);
#2220 = CARTESIAN_POINT('',(35.5,32.5));
#2221 = VECTOR('',#2222,1.);
#2222 = DIRECTION('',(-1.,-1.401070183189E-15));
#2223 = ( GEOMETRIC_REPRESENTATION_CONTEXT(2) 
PARAMETRIC_REPRESENTATION_CONTEXT() REPRESENTATION_CONTEXT('2D SPACE',''
  ) );
#2224 = PCURVE('',#213,#2225);
#2225 = DEFINITIONAL_REPRESENTATION('',(#2226),#2230);
#2226 = LINE('',#2227,#2228);
#2227 = CARTESIAN_POINT('',(36.593945571809,-5.406054428191));
#2228 = VECTOR('',#2229,1.);
#2229 = DIRECTION('',(-1.,-1.609627602067E-32));
#2230 = ( GEOMETRIC_REPRESENTATION_CONTEXT(2) 
PARAMETRIC_REPRESENTATION_CONTEXT() REPRESENTATION_CONTEXT('2D SPACE',''
  ) );
#2231 = ORIENTED_EDGE('',*,*,#2232,.T.);
#2232 = EDGE_CURVE('',#2210,#2233,#2235,.T.);
#2233 = VERTEX_POINT('',#2234);
#2234 = CARTESIAN_POINT('',(-26.,30.,53.));
#2235 = SURFACE_CURVE('',#2236,(#2241,#2248),.PCURVE_S1.);
#2236 = CIRCLE('',#2237,2.5);
#2237 = AXIS2_PLACEMENT_3D('',#2238,#2239,#2240);
#2238 = CARTESIAN_POINT('',(-23.5,30.,53.));
#2239 = DIRECTION('',(0.,0.,1.));
#2240 = DIRECTION('',(1.,0.,0.));
#2241 = PCURVE('',#575,#2242);
#2242 = DEFINITIONAL_REPRESENTATION('',(#2243),#2247);
#2243 = CIRCLE('',#2244,2.5);
#2244 = AXIS2_PLACEMENT_2D('',#2245,#2246);
#2245 = CARTESIAN_POINT('',(-35.5,30.));
#2246 = DIRECTION('',(1.,0.));
#2247 = ( GEOMETRIC_REPRESENTATION_CONTEXT(2) 
PARAMETRIC_REPRESENTATION_CONTEXT() REPRESENTATION_CONTEXT('2D SPACE',''
  ) );
#2248 = PCURVE('',#798,#2249);
#2249 = DEFINITIONAL_REPRESENTATION('',(#2250),#2254);
#2250 = LINE('',#2251,#2252);
#2251 = CARTESIAN_POINT('',(-0.,-10.));
#2252 = VECTOR('',#2253,1.);
#2253 = DIRECTION('',(-1.,0.));
#2254 = ( GEOMETRIC_REPRESENTATION_CONTEXT(2) 
PARAMETRIC_REPRESENTATION_CONTEXT() REPRESENTATION_CONTEXT('2D SPACE',''
  ) );
#2255 = ORIENTED_EDGE('',*,*,#2256,.T.);
#2256 = EDGE_CURVE('',#2233,#2257,#2259,.T.);
#2257 = VERTEX_POINT('',#2258);
#2258 = CARTESIAN_POINT('',(-26.,-30.,53.));
#2259 = SURFACE_CURVE('',#2260,(#2264,#2271),.PCURVE_S1.);
#2260 = LINE('',#2261,#2262);
#2261 = CARTESIAN_POINT('',(-26.,30.,53.));
#2262 = VECTOR('',#2263,1.);
#2263 = DIRECTION('',(0.,-1.,0.));
#2264 = PCURVE('',#575,#2265);
#2265 = DEFINITIONAL_REPRESENTATION('',(#2266),#2270);
#2266 = LINE('',#2267,#2268);
#2267 = CARTESIAN_POINT('',(-38.,30.));
#2268 = VECTOR('',#2269,1.);
#2269 = DIRECTION('',(0.,-1.));
#2270 = ( GEOMETRIC_REPRESENTATION_CONTEXT(2) 
PARAMETRIC_REPRESENTATION_CONTEXT() REPRESENTATION_CONTEXT('2D SPACE',''
  ) );
#2271 = PCURVE('',#765,#2272);
#2272 = DEFINITIONAL_REPRESENTATION('',(#2273),#2277);
#2273 = LINE('',#2274,#2275);
#2274 = CARTESIAN_POINT('',(-6.5,-30.));
#2275 = VECTOR('',#2276,1.);
#2276 = DIRECTION('',(0.,1.));
#2277 = ( GEOMETRIC_REPRESENTATION_CONTEXT(2) 
PARAMETRIC_REPRESENTATION_CONTEXT() REPRESENTATION_CONTEXT('2D SPACE',''
  ) );
#2278 = ORIENTED_EDGE('',*,*,#2279,.T.);
#2279 = EDGE_CURVE('',#2257,#2046,#2280,.T.);
#2280 = SURFACE_CURVE('',#2281,(#2286,#2293),.PCURVE_S1.);
#2281 = CIRCLE('',#2282,2.5);
#2282 = AXIS2_PLACEMENT_3D('',#2283,#2284,#2285);
#2283 = CARTESIAN_POINT('',(-23.5,-30.,53.));
#2284 = DIRECTION('',(0.,0.,1.));
#2285 = DIRECTION('',(1.,0.,0.));
#2286 = PCURVE('',#575,#2287);
#2287 = DEFINITIONAL_REPRESENTATION('',(#2288),#2292);
#2288 = CIRCLE('',#2289,2.5);
#2289 = AXIS2_PLACEMENT_2D('',#2290,#2291);
#2290 = CARTESIAN_POINT('',(-35.5,-30.));
#2291 = DIRECTION('',(1.,0.));
#2292 = ( GEOMETRIC_REPRESENTATION_CONTEXT(2) 
PARAMETRIC_REPRESENTATION_CONTEXT() REPRESENTATION_CONTEXT('2D SPACE',''
  ) );
#2293 = PCURVE('',#737,#2294);
#2294 = DEFINITIONAL_REPRESENTATION('',(#2295),#2299);
#2295 = LINE('',#2296,#2297);
#2296 = CARTESIAN_POINT('',(4.440892098501E-16,-10.));
#2297 = VECTOR('',#2298,1.);
#2298 = DIRECTION('',(-1.,0.));
#2299 = ( GEOMETRIC_REPRESENTATION_CONTEXT(2) 
PARAMETRIC_REPRESENTATION_CONTEXT() REPRESENTATION_CONTEXT('2D SPACE',''
  ) );
#2300 = FACE_BOUND('',#2301,.T.);
#2301 = EDGE_LOOP('',(#2302));
#2302 = ORIENTED_EDGE('',*,*,#1062,.F.);
#2303 = FACE_BOUND('',#2304,.T.);
#2304 = EDGE_LOOP('',(#2305));
#2305 = ORIENTED_EDGE('',*,*,#1219,.F.);
#2306 = FACE_BOUND('',#2307,.T.);
#2307 = EDGE_LOOP('',(#2308));
#2308 = ORIENTED_EDGE('',*,*,#1328,.F.);
#2309 = FACE_BOUND('',#2310,.T.);
#2310 = EDGE_LOOP('',(#2311));
#2311 = ORIENTED_EDGE('',*,*,#1496,.F.);
#2312 = FACE_BOUND('',#2313,.T.);
#2313 = EDGE_LOOP('',(#2314,#2339,#2362,#2385,#2408,#2431));
#2314 = ORIENTED_EDGE('',*,*,#2315,.F.);
#2315 = EDGE_CURVE('',#2316,#2318,#2320,.T.);
#2316 = VERTEX_POINT('',#2317);
#2317 = CARTESIAN_POINT('',(39.809401076759,-4.,53.));
#2318 = VERTEX_POINT('',#2319);
#2319 = CARTESIAN_POINT('',(42.118802153517,1.81108474503E-13,53.));
#2320 = SURFACE_CURVE('',#2321,(#2325,#2332),.PCURVE_S1.);
#2321 = LINE('',#2322,#2323);
#2322 = CARTESIAN_POINT('',(39.809401076759,-4.,53.));
#2323 = VECTOR('',#2324,1.);
#2324 = DIRECTION('',(0.5,0.866025403784,0.));
#2325 = PCURVE('',#575,#2326);
#2326 = DEFINITIONAL_REPRESENTATION('',(#2327),#2331);
#2327 = LINE('',#2328,#2329);
#2328 = CARTESIAN_POINT('',(27.809401076758,-4.));
#2329 = VECTOR('',#2330,1.);
#2330 = DIRECTION('',(0.5,0.866025403784));
#2331 = ( GEOMETRIC_REPRESENTATION_CONTEXT(2) 
PARAMETRIC_REPRESENTATION_CONTEXT() REPRESENTATION_CONTEXT('2D SPACE',''
  ) );
#2332 = PCURVE('',#1715,#2333);
#2333 = DEFINITIONAL_REPRESENTATION('',(#2334),#2338);
#2334 = LINE('',#2335,#2336);
#2335 = CARTESIAN_POINT('',(2.309401076758,4.));
#2336 = VECTOR('',#2337,1.);
#2337 = DIRECTION('',(-1.,0.));
#2338 = ( GEOMETRIC_REPRESENTATION_CONTEXT(2) 
PARAMETRIC_REPRESENTATION_CONTEXT() REPRESENTATION_CONTEXT('2D SPACE',''
  ) );
#2339 = ORIENTED_EDGE('',*,*,#2340,.F.);
#2340 = EDGE_CURVE('',#2341,#2316,#2343,.T.);
#2341 = VERTEX_POINT('',#2342);
#2342 = CARTESIAN_POINT('',(35.190598923242,-4.,53.));
#2343 = SURFACE_CURVE('',#2344,(#2348,#2355),.PCURVE_S1.);
#2344 = LINE('',#2345,#2346);
#2345 = CARTESIAN_POINT('',(35.190598923242,-4.,53.));
#2346 = VECTOR('',#2347,1.);
#2347 = DIRECTION('',(1.,3.663243917561E-14,0.));
#2348 = PCURVE('',#575,#2349);
#2349 = DEFINITIONAL_REPRESENTATION('',(#2350),#2354);
#2350 = LINE('',#2351,#2352);
#2351 = CARTESIAN_POINT('',(23.190598923242,-4.));
#2352 = VECTOR('',#2353,1.);
#2353 = DIRECTION('',(1.,3.663243917561E-14));
#2354 = ( GEOMETRIC_REPRESENTATION_CONTEXT(2) 
PARAMETRIC_REPRESENTATION_CONTEXT() REPRESENTATION_CONTEXT('2D SPACE',''
  ) );
#2355 = PCURVE('',#1743,#2356);
#2356 = DEFINITIONAL_REPRESENTATION('',(#2357),#2361);
#2357 = LINE('',#2358,#2359);
#2358 = CARTESIAN_POINT('',(-2.309401076758,-4.));
#2359 = VECTOR('',#2360,1.);
#2360 = DIRECTION('',(1.,0.));
#2361 = ( GEOMETRIC_REPRESENTATION_CONTEXT(2) 
PARAMETRIC_REPRESENTATION_CONTEXT() REPRESENTATION_CONTEXT('2D SPACE',''
  ) );
#2362 = ORIENTED_EDGE('',*,*,#2363,.F.);
#2363 = EDGE_CURVE('',#2364,#2341,#2366,.T.);
#2364 = VERTEX_POINT('',#2365);
#2365 = CARTESIAN_POINT('',(32.881197846483,-1.749509594648E-13,53.));
#2366 = SURFACE_CURVE('',#2367,(#2371,#2378),.PCURVE_S1.);
#2367 = LINE('',#2368,#2369);
#2368 = CARTESIAN_POINT('',(32.881197846483,-1.749509594648E-13,53.));
#2369 = VECTOR('',#2370,1.);
#2370 = DIRECTION('',(0.5,-0.866025403784,0.));
#2371 = PCURVE('',#575,#2372);
#2372 = DEFINITIONAL_REPRESENTATION('',(#2373),#2377);
#2373 = LINE('',#2374,#2375);
#2374 = CARTESIAN_POINT('',(20.881197846483,-2.532176640725E-13));
#2375 = VECTOR('',#2376,1.);
#2376 = DIRECTION('',(0.5,-0.866025403784));
#2377 = ( GEOMETRIC_REPRESENTATION_CONTEXT(2) 
PARAMETRIC_REPRESENTATION_CONTEXT() REPRESENTATION_CONTEXT('2D SPACE',''
  ) );
#2378 = PCURVE('',#1771,#2379);
#2379 = DEFINITIONAL_REPRESENTATION('',(#2380),#2384);
#2380 = LINE('',#2381,#2382);
#2381 = CARTESIAN_POINT('',(2.309401076758,4.));
#2382 = VECTOR('',#2383,1.);
#2383 = DIRECTION('',(-1.,0.));
#2384 = ( GEOMETRIC_REPRESENTATION_CONTEXT(2) 
PARAMETRIC_REPRESENTATION_CONTEXT() REPRESENTATION_CONTEXT('2D SPACE',''
  ) );
#2385 = ORIENTED_EDGE('',*,*,#2386,.F.);
#2386 = EDGE_CURVE('',#2387,#2364,#2389,.T.);
#2387 = VERTEX_POINT('',#2388);
#2388 = CARTESIAN_POINT('',(35.190598923242,4.000000000001,53.));
#2389 = SURFACE_CURVE('',#2390,(#2394,#2401),.PCURVE_S1.);
#2390 = LINE('',#2391,#2392);
#2391 = CARTESIAN_POINT('',(35.190598923242,4.000000000001,53.));
#2392 = VECTOR('',#2393,1.);
#2393 = DIRECTION('',(-0.5,-0.866025403784,0.));
#2394 = PCURVE('',#575,#2395);
#2395 = DEFINITIONAL_REPRESENTATION('',(#2396),#2400);
#2396 = LINE('',#2397,#2398);
#2397 = CARTESIAN_POINT('',(23.190598923242,4.000000000001));
#2398 = VECTOR('',#2399,1.);
#2399 = DIRECTION('',(-0.5,-0.866025403784));
#2400 = ( GEOMETRIC_REPRESENTATION_CONTEXT(2) 
PARAMETRIC_REPRESENTATION_CONTEXT() REPRESENTATION_CONTEXT('2D SPACE',''
  ) );
#2401 = PCURVE('',#1799,#2402);
#2402 = DEFINITIONAL_REPRESENTATION('',(#2403),#2407);
#2403 = LINE('',#2404,#2405);
#2404 = CARTESIAN_POINT('',(2.309401076759,4.));
#2405 = VECTOR('',#2406,1.);
#2406 = DIRECTION('',(-1.,0.));
#2407 = ( GEOMETRIC_REPRESENTATION_CONTEXT(2) 
PARAMETRIC_REPRESENTATION_CONTEXT() REPRESENTATION_CONTEXT('2D SPACE',''
  ) );
#2408 = ORIENTED_EDGE('',*,*,#2409,.F.);
#2409 = EDGE_CURVE('',#2410,#2387,#2412,.T.);
#2410 = VERTEX_POINT('',#2411);
#2411 = CARTESIAN_POINT('',(39.809401076758,4.000000000001,53.));
#2412 = SURFACE_CURVE('',#2413,(#2417,#2424),.PCURVE_S1.);
#2413 = LINE('',#2414,#2415);
#2414 = CARTESIAN_POINT('',(39.809401076758,4.000000000001,53.));
#2415 = VECTOR('',#2416,1.);
#2416 = DIRECTION('',(-1.,0.,0.));
#2417 = PCURVE('',#575,#2418);
#2418 = DEFINITIONAL_REPRESENTATION('',(#2419),#2423);
#2419 = LINE('',#2420,#2421);
#2420 = CARTESIAN_POINT('',(27.809401076758,4.000000000001));
#2421 = VECTOR('',#2422,1.);
#2422 = DIRECTION('',(-1.,0.));
#2423 = ( GEOMETRIC_REPRESENTATION_CONTEXT(2) 
PARAMETRIC_REPRESENTATION_CONTEXT() REPRESENTATION_CONTEXT('2D SPACE',''
  ) );
#2424 = PCURVE('',#1827,#2425);
#2425 = DEFINITIONAL_REPRESENTATION('',(#2426),#2430);
#2426 = LINE('',#2427,#2428);
#2427 = CARTESIAN_POINT('',(-4.,2.309401076758));
#2428 = VECTOR('',#2429,1.);
#2429 = DIRECTION('',(0.,-1.));
#2430 = ( GEOMETRIC_REPRESENTATION_CONTEXT(2) 
PARAMETRIC_REPRESENTATION_CONTEXT() REPRESENTATION_CONTEXT('2D SPACE',''
  ) );
#2431 = ORIENTED_EDGE('',*,*,#2432,.F.);
#2432 = EDGE_CURVE('',#2318,#2410,#2433,.T.);
#2433 = SURFACE_CURVE('',#2434,(#2438,#2445),.PCURVE_S1.);
#2434 = LINE('',#2435,#2436);
#2435 = CARTESIAN_POINT('',(42.118802153517,1.81108474503E-13,53.));
#2436 = VECTOR('',#2437,1.);
#2437 = DIRECTION('',(-0.5,0.866025403784,0.));
#2438 = PCURVE('',#575,#2439);
#2439 = DEFINITIONAL_REPRESENTATION('',(#2440),#2444);
#2440 = LINE('',#2441,#2442);
#2441 = CARTESIAN_POINT('',(30.118802153517,1.028417698954E-13));
#2442 = VECTOR('',#2443,1.);
#2443 = DIRECTION('',(-0.5,0.866025403784));
#2444 = ( GEOMETRIC_REPRESENTATION_CONTEXT(2) 
PARAMETRIC_REPRESENTATION_CONTEXT() REPRESENTATION_CONTEXT('2D SPACE',''
  ) );
#2445 = PCURVE('',#1853,#2446);
#2446 = DEFINITIONAL_REPRESENTATION('',(#2447),#2451);
#2447 = LINE('',#2448,#2449);
#2448 = CARTESIAN_POINT('',(2.309401076759,4.));
#2449 = VECTOR('',#2450,1.);
#2450 = DIRECTION('',(-1.,0.));
#2451 = ( GEOMETRIC_REPRESENTATION_CONTEXT(2) 
PARAMETRIC_REPRESENTATION_CONTEXT() REPRESENTATION_CONTEXT('2D SPACE',''
  ) );
#2452 = FACE_BOUND('',#2453,.T.);
#2453 = EDGE_LOOP('',(#2454,#2479,#2502,#2525,#2548,#2571));
#2454 = ORIENTED_EDGE('',*,*,#2455,.F.);
#2455 = EDGE_CURVE('',#2456,#2458,#2460,.T.);
#2456 = VERTEX_POINT('',#2457);
#2457 = CARTESIAN_POINT('',(-4.809401076758,-4.,53.));
#2458 = VERTEX_POINT('',#2459);
#2459 = CARTESIAN_POINT('',(-0.190598923242,-4.,53.));
#2460 = SURFACE_CURVE('',#2461,(#2465,#2472),.PCURVE_S1.);
#2461 = LINE('',#2462,#2463);
#2462 = CARTESIAN_POINT('',(-4.809401076758,-4.,53.));
#2463 = VECTOR('',#2464,1.);
#2464 = DIRECTION('',(1.,-9.614813431918E-17,0.));
#2465 = PCURVE('',#575,#2466);
#2466 = DEFINITIONAL_REPRESENTATION('',(#2467),#2471);
#2467 = LINE('',#2468,#2469);
#2468 = CARTESIAN_POINT('',(-16.80940107675,-4.));
#2469 = VECTOR('',#2470,1.);
#2470 = DIRECTION('',(1.,-9.614813431918E-17));
#2471 = ( GEOMETRIC_REPRESENTATION_CONTEXT(2) 
PARAMETRIC_REPRESENTATION_CONTEXT() REPRESENTATION_CONTEXT('2D SPACE',''
  ) );
#2472 = PCURVE('',#1541,#2473);
#2473 = DEFINITIONAL_REPRESENTATION('',(#2474),#2478);
#2474 = LINE('',#2475,#2476);
#2475 = CARTESIAN_POINT('',(4.,-2.309401076758));
#2476 = VECTOR('',#2477,1.);
#2477 = DIRECTION('',(0.,1.));
#2478 = ( GEOMETRIC_REPRESENTATION_CONTEXT(2) 
PARAMETRIC_REPRESENTATION_CONTEXT() REPRESENTATION_CONTEXT('2D SPACE',''
  ) );
#2479 = ORIENTED_EDGE('',*,*,#2480,.F.);
#2480 = EDGE_CURVE('',#2481,#2456,#2483,.T.);
#2481 = VERTEX_POINT('',#2482);
#2482 = CARTESIAN_POINT('',(-7.118802153517,2.479520825189E-14,53.));
#2483 = SURFACE_CURVE('',#2484,(#2488,#2495),.PCURVE_S1.);
#2484 = LINE('',#2485,#2486);
#2485 = CARTESIAN_POINT('',(-7.118802153517,2.479520825189E-14,53.));
#2486 = VECTOR('',#2487,1.);
#2487 = DIRECTION('',(0.5,-0.866025403784,0.));
#2488 = PCURVE('',#575,#2489);
#2489 = DEFINITIONAL_REPRESENTATION('',(#2490),#2494);
#2490 = LINE('',#2491,#2492);
#2491 = CARTESIAN_POINT('',(-19.11880215351,-5.347149635572E-14));
#2492 = VECTOR('',#2493,1.);
#2493 = DIRECTION('',(0.5,-0.866025403784));
#2494 = ( GEOMETRIC_REPRESENTATION_CONTEXT(2) 
PARAMETRIC_REPRESENTATION_CONTEXT() REPRESENTATION_CONTEXT('2D SPACE',''
  ) );
#2495 = PCURVE('',#1569,#2496);
#2496 = DEFINITIONAL_REPRESENTATION('',(#2497),#2501);
#2497 = LINE('',#2498,#2499);
#2498 = CARTESIAN_POINT('',(2.309401076758,4.));
#2499 = VECTOR('',#2500,1.);
#2500 = DIRECTION('',(-1.,0.));
#2501 = ( GEOMETRIC_REPRESENTATION_CONTEXT(2) 
PARAMETRIC_REPRESENTATION_CONTEXT() REPRESENTATION_CONTEXT('2D SPACE',''
  ) );
#2502 = ORIENTED_EDGE('',*,*,#2503,.F.);
#2503 = EDGE_CURVE('',#2504,#2481,#2506,.T.);
#2504 = VERTEX_POINT('',#2505);
#2505 = CARTESIAN_POINT('',(-4.809401076758,4.000000000001,53.));
#2506 = SURFACE_CURVE('',#2507,(#2511,#2518),.PCURVE_S1.);
#2507 = LINE('',#2508,#2509);
#2508 = CARTESIAN_POINT('',(-4.809401076758,4.000000000001,53.));
#2509 = VECTOR('',#2510,1.);
#2510 = DIRECTION('',(-0.5,-0.866025403784,0.));
#2511 = PCURVE('',#575,#2512);
#2512 = DEFINITIONAL_REPRESENTATION('',(#2513),#2517);
#2513 = LINE('',#2514,#2515);
#2514 = CARTESIAN_POINT('',(-16.80940107675,4.000000000001));
#2515 = VECTOR('',#2516,1.);
#2516 = DIRECTION('',(-0.5,-0.866025403784));
#2517 = ( GEOMETRIC_REPRESENTATION_CONTEXT(2) 
PARAMETRIC_REPRESENTATION_CONTEXT() REPRESENTATION_CONTEXT('2D SPACE',''
  ) );
#2518 = PCURVE('',#1597,#2519);
#2519 = DEFINITIONAL_REPRESENTATION('',(#2520),#2524);
#2520 = LINE('',#2521,#2522);
#2521 = CARTESIAN_POINT('',(2.309401076759,4.));
#2522 = VECTOR('',#2523,1.);
#2523 = DIRECTION('',(-1.,1.273275520522E-32));
#2524 = ( GEOMETRIC_REPRESENTATION_CONTEXT(2) 
PARAMETRIC_REPRESENTATION_CONTEXT() REPRESENTATION_CONTEXT('2D SPACE',''
  ) );
#2525 = ORIENTED_EDGE('',*,*,#2526,.F.);
#2526 = EDGE_CURVE('',#2527,#2504,#2529,.T.);
#2527 = VERTEX_POINT('',#2528);
#2528 = CARTESIAN_POINT('',(-0.190598923242,4.000000000001,53.));
#2529 = SURFACE_CURVE('',#2530,(#2534,#2541),.PCURVE_S1.);
#2530 = LINE('',#2531,#2532);
#2531 = CARTESIAN_POINT('',(-0.190598923242,4.000000000001,53.));
#2532 = VECTOR('',#2533,1.);
#2533 = DIRECTION('',(-1.,0.,0.));
#2534 = PCURVE('',#575,#2535);
#2535 = DEFINITIONAL_REPRESENTATION('',(#2536),#2540);
#2536 = LINE('',#2537,#2538);
#2537 = CARTESIAN_POINT('',(-12.19059892324,4.000000000001));
#2538 = VECTOR('',#2539,1.);
#2539 = DIRECTION('',(-1.,0.));
#2540 = ( GEOMETRIC_REPRESENTATION_CONTEXT(2) 
PARAMETRIC_REPRESENTATION_CONTEXT() REPRESENTATION_CONTEXT('2D SPACE',''
  ) );
#2541 = PCURVE('',#1625,#2542);
#2542 = DEFINITIONAL_REPRESENTATION('',(#2543),#2547);
#2543 = LINE('',#2544,#2545);
#2544 = CARTESIAN_POINT('',(-4.,2.309401076758));
#2545 = VECTOR('',#2546,1.);
#2546 = DIRECTION('',(0.,-1.));
#2547 = ( GEOMETRIC_REPRESENTATION_CONTEXT(2) 
PARAMETRIC_REPRESENTATION_CONTEXT() REPRESENTATION_CONTEXT('2D SPACE',''
  ) );
#2548 = ORIENTED_EDGE('',*,*,#2549,.F.);
#2549 = EDGE_CURVE('',#2550,#2527,#2552,.T.);
#2550 = VERTEX_POINT('',#2551);
#2551 = CARTESIAN_POINT('',(2.118802153517,2.506713269719E-14,53.));
#2552 = SURFACE_CURVE('',#2553,(#2557,#2564),.PCURVE_S1.);
#2553 = LINE('',#2554,#2555);
#2554 = CARTESIAN_POINT('',(2.118802153517,2.506713269719E-14,53.));
#2555 = VECTOR('',#2556,1.);
#2556 = DIRECTION('',(-0.5,0.866025403784,0.));
#2557 = PCURVE('',#575,#2558);
#2558 = DEFINITIONAL_REPRESENTATION('',(#2559),#2563);
#2559 = LINE('',#2560,#2561);
#2560 = CARTESIAN_POINT('',(-9.881197846483,-5.319957191043E-14));
#2561 = VECTOR('',#2562,1.);
#2562 = DIRECTION('',(-0.5,0.866025403784));
#2563 = ( GEOMETRIC_REPRESENTATION_CONTEXT(2) 
PARAMETRIC_REPRESENTATION_CONTEXT() REPRESENTATION_CONTEXT('2D SPACE',''
  ) );
#2564 = PCURVE('',#1653,#2565);
#2565 = DEFINITIONAL_REPRESENTATION('',(#2566),#2570);
#2566 = LINE('',#2567,#2568);
#2567 = CARTESIAN_POINT('',(2.309401076759,4.));
#2568 = VECTOR('',#2569,1.);
#2569 = DIRECTION('',(-1.,0.));
#2570 = ( GEOMETRIC_REPRESENTATION_CONTEXT(2) 
PARAMETRIC_REPRESENTATION_CONTEXT() REPRESENTATION_CONTEXT('2D SPACE',''
  ) );
#2571 = ORIENTED_EDGE('',*,*,#2572,.F.);
#2572 = EDGE_CURVE('',#2458,#2550,#2573,.T.);
#2573 = SURFACE_CURVE('',#2574,(#2578,#2585),.PCURVE_S1.);
#2574 = LINE('',#2575,#2576);
#2575 = CARTESIAN_POINT('',(-0.190598923242,-4.,53.));
#2576 = VECTOR('',#2577,1.);
#2577 = DIRECTION('',(0.5,0.866025403784,0.));
#2578 = PCURVE('',#575,#2579);
#2579 = DEFINITIONAL_REPRESENTATION('',(#2580),#2584);
#2580 = LINE('',#2581,#2582);
#2581 = CARTESIAN_POINT('',(-12.19059892324,-4.));
#2582 = VECTOR('',#2583,1.);
#2583 = DIRECTION('',(0.5,0.866025403784));
#2584 = ( GEOMETRIC_REPRESENTATION_CONTEXT(2) 
PARAMETRIC_REPRESENTATION_CONTEXT() REPRESENTATION_CONTEXT('2D SPACE',''
  ) );
#2585 = PCURVE('',#1679,#2586);
#2586 = DEFINITIONAL_REPRESENTATION('',(#2587),#2591);
#2587 = LINE('',#2588,#2589);
#2588 = CARTESIAN_POINT('',(2.309401076758,4.));
#2589 = VECTOR('',#2590,1.);
#2590 = DIRECTION('',(-1.,1.471062148666E-32));
#2591 = ( GEOMETRIC_REPRESENTATION_CONTEXT(2) 
PARAMETRIC_REPRESENTATION_CONTEXT() REPRESENTATION_CONTEXT('2D SPACE',''
  ) );
#2592 = FACE_BOUND('',#2593,.T.);
#2593 = EDGE_LOOP('',(#2594,#2619,#2642,#2665,#2688,#2711));
#2594 = ORIENTED_EDGE('',*,*,#2595,.F.);
#2595 = EDGE_CURVE('',#2596,#2598,#2600,.T.);
#2596 = VERTEX_POINT('',#2597);
#2597 = CARTESIAN_POINT('',(21.5,17.690598923242,53.));
#2598 = VERTEX_POINT('',#2599);
#2599 = CARTESIAN_POINT('',(21.5,22.309401076758,53.));
#2600 = SURFACE_CURVE('',#2601,(#2605,#2612),.PCURVE_S1.);
#2601 = LINE('',#2602,#2603);
#2602 = CARTESIAN_POINT('',(21.5,17.690598923242,53.));
#2603 = VECTOR('',#2604,1.);
#2604 = DIRECTION('',(0.,1.,0.));
#2605 = PCURVE('',#575,#2606);
#2606 = DEFINITIONAL_REPRESENTATION('',(#2607),#2611);
#2607 = LINE('',#2608,#2609);
#2608 = CARTESIAN_POINT('',(9.5,17.690598923242));
#2609 = VECTOR('',#2610,1.);
#2610 = DIRECTION('',(0.,1.));
#2611 = ( GEOMETRIC_REPRESENTATION_CONTEXT(2) 
PARAMETRIC_REPRESENTATION_CONTEXT() REPRESENTATION_CONTEXT('2D SPACE',''
  ) );
#2612 = PCURVE('',#1889,#2613);
#2613 = DEFINITIONAL_REPRESENTATION('',(#2614),#2618);
#2614 = LINE('',#2615,#2616);
#2615 = CARTESIAN_POINT('',(-4.,2.309401076758));
#2616 = VECTOR('',#2617,1.);
#2617 = DIRECTION('',(0.,-1.));
#2618 = ( GEOMETRIC_REPRESENTATION_CONTEXT(2) 
PARAMETRIC_REPRESENTATION_CONTEXT() REPRESENTATION_CONTEXT('2D SPACE',''
  ) );
#2619 = ORIENTED_EDGE('',*,*,#2620,.F.);
#2620 = EDGE_CURVE('',#2621,#2596,#2623,.T.);
#2621 = VERTEX_POINT('',#2622);
#2622 = CARTESIAN_POINT('',(17.5,15.381197846483,53.));
#2623 = SURFACE_CURVE('',#2624,(#2628,#2635),.PCURVE_S1.);
#2624 = LINE('',#2625,#2626);
#2625 = CARTESIAN_POINT('',(17.5,15.381197846483,53.));
#2626 = VECTOR('',#2627,1.);
#2627 = DIRECTION('',(0.866025403784,0.5,0.));
#2628 = PCURVE('',#575,#2629);
#2629 = DEFINITIONAL_REPRESENTATION('',(#2630),#2634);
#2630 = LINE('',#2631,#2632);
#2631 = CARTESIAN_POINT('',(5.5,15.381197846483));
#2632 = VECTOR('',#2633,1.);
#2633 = DIRECTION('',(0.866025403784,0.5));
#2634 = ( GEOMETRIC_REPRESENTATION_CONTEXT(2) 
PARAMETRIC_REPRESENTATION_CONTEXT() REPRESENTATION_CONTEXT('2D SPACE',''
  ) );
#2635 = PCURVE('',#1917,#2636);
#2636 = DEFINITIONAL_REPRESENTATION('',(#2637),#2641);
#2637 = LINE('',#2638,#2639);
#2638 = CARTESIAN_POINT('',(-2.309401076759,-4.));
#2639 = VECTOR('',#2640,1.);
#2640 = DIRECTION('',(1.,2.007753137104E-32));
#2641 = ( GEOMETRIC_REPRESENTATION_CONTEXT(2) 
PARAMETRIC_REPRESENTATION_CONTEXT() REPRESENTATION_CONTEXT('2D SPACE',''
  ) );
#2642 = ORIENTED_EDGE('',*,*,#2643,.F.);
#2643 = EDGE_CURVE('',#2644,#2621,#2646,.T.);
#2644 = VERTEX_POINT('',#2645);
#2645 = CARTESIAN_POINT('',(13.5,17.690598923242,53.));
#2646 = SURFACE_CURVE('',#2647,(#2651,#2658),.PCURVE_S1.);
#2647 = LINE('',#2648,#2649);
#2648 = CARTESIAN_POINT('',(13.5,17.690598923242,53.));
#2649 = VECTOR('',#2650,1.);
#2650 = DIRECTION('',(0.866025403784,-0.5,0.));
#2651 = PCURVE('',#575,#2652);
#2652 = DEFINITIONAL_REPRESENTATION('',(#2653),#2657);
#2653 = LINE('',#2654,#2655);
#2654 = CARTESIAN_POINT('',(1.5,17.690598923242));
#2655 = VECTOR('',#2656,1.);
#2656 = DIRECTION('',(0.866025403784,-0.5));
#2657 = ( GEOMETRIC_REPRESENTATION_CONTEXT(2) 
PARAMETRIC_REPRESENTATION_CONTEXT() REPRESENTATION_CONTEXT('2D SPACE',''
  ) );
#2658 = PCURVE('',#1945,#2659);
#2659 = DEFINITIONAL_REPRESENTATION('',(#2660),#2664);
#2660 = LINE('',#2661,#2662);
#2661 = CARTESIAN_POINT('',(-2.309401076758,-4.));
#2662 = VECTOR('',#2663,1.);
#2663 = DIRECTION('',(1.,0.));
#2664 = ( GEOMETRIC_REPRESENTATION_CONTEXT(2) 
PARAMETRIC_REPRESENTATION_CONTEXT() REPRESENTATION_CONTEXT('2D SPACE',''
  ) );
#2665 = ORIENTED_EDGE('',*,*,#2666,.F.);
#2666 = EDGE_CURVE('',#2667,#2644,#2669,.T.);
#2667 = VERTEX_POINT('',#2668);
#2668 = CARTESIAN_POINT('',(13.5,22.309401076758,53.));
#2669 = SURFACE_CURVE('',#2670,(#2674,#2681),.PCURVE_S1.);
#2670 = LINE('',#2671,#2672);
#2671 = CARTESIAN_POINT('',(13.5,22.309401076758,53.));
#2672 = VECTOR('',#2673,1.);
#2673 = DIRECTION('',(-7.691850745535E-16,-1.,0.));
#2674 = PCURVE('',#575,#2675);
#2675 = DEFINITIONAL_REPRESENTATION('',(#2676),#2680);
#2676 = LINE('',#2677,#2678);
#2677 = CARTESIAN_POINT('',(1.5,22.309401076758));
#2678 = VECTOR('',#2679,1.);
#2679 = DIRECTION('',(-7.691850745535E-16,-1.));
#2680 = ( GEOMETRIC_REPRESENTATION_CONTEXT(2) 
PARAMETRIC_REPRESENTATION_CONTEXT() REPRESENTATION_CONTEXT('2D SPACE',''
  ) );
#2681 = PCURVE('',#1973,#2682);
#2682 = DEFINITIONAL_REPRESENTATION('',(#2683),#2687);
#2683 = LINE('',#2684,#2685);
#2684 = CARTESIAN_POINT('',(2.309401076758,4.));
#2685 = VECTOR('',#2686,1.);
#2686 = DIRECTION('',(-1.,0.));
#2687 = ( GEOMETRIC_REPRESENTATION_CONTEXT(2) 
PARAMETRIC_REPRESENTATION_CONTEXT() REPRESENTATION_CONTEXT('2D SPACE',''
  ) );
#2688 = ORIENTED_EDGE('',*,*,#2689,.F.);
#2689 = EDGE_CURVE('',#2690,#2667,#2692,.T.);
#2690 = VERTEX_POINT('',#2691);
#2691 = CARTESIAN_POINT('',(17.5,24.618802153517,53.));
#2692 = SURFACE_CURVE('',#2693,(#2697,#2704),.PCURVE_S1.);
#2693 = LINE('',#2694,#2695);
#2694 = CARTESIAN_POINT('',(17.5,24.618802153517,53.));
#2695 = VECTOR('',#2696,1.);
#2696 = DIRECTION('',(-0.866025403784,-0.5,0.));
#2697 = PCURVE('',#575,#2698);
#2698 = DEFINITIONAL_REPRESENTATION('',(#2699),#2703);
#2699 = LINE('',#2700,#2701);
#2700 = CARTESIAN_POINT('',(5.5,24.618802153517));
#2701 = VECTOR('',#2702,1.);
#2702 = DIRECTION('',(-0.866025403784,-0.5));
#2703 = ( GEOMETRIC_REPRESENTATION_CONTEXT(2) 
PARAMETRIC_REPRESENTATION_CONTEXT() REPRESENTATION_CONTEXT('2D SPACE',''
  ) );
#2704 = PCURVE('',#2001,#2705);
#2705 = DEFINITIONAL_REPRESENTATION('',(#2706),#2710);
#2706 = LINE('',#2707,#2708);
#2707 = CARTESIAN_POINT('',(-2.309401076758,-4.));
#2708 = VECTOR('',#2709,1.);
#2709 = DIRECTION('',(1.,9.047163140564E-32));
#2710 = ( GEOMETRIC_REPRESENTATION_CONTEXT(2) 
PARAMETRIC_REPRESENTATION_CONTEXT() REPRESENTATION_CONTEXT('2D SPACE',''
  ) );
#2711 = ORIENTED_EDGE('',*,*,#2712,.F.);
#2712 = EDGE_CURVE('',#2598,#2690,#2713,.T.);
#2713 = SURFACE_CURVE('',#2714,(#2718,#2725),.PCURVE_S1.);
#2714 = LINE('',#2715,#2716);
#2715 = CARTESIAN_POINT('',(21.5,22.309401076758,53.));
#2716 = VECTOR('',#2717,1.);
#2717 = DIRECTION('',(-0.866025403784,0.5,0.));
#2718 = PCURVE('',#575,#2719);
#2719 = DEFINITIONAL_REPRESENTATION('',(#2720),#2724);
#2720 = LINE('',#2721,#2722);
#2721 = CARTESIAN_POINT('',(9.5,22.309401076758));
#2722 = VECTOR('',#2723,1.);
#2723 = DIRECTION('',(-0.866025403784,0.5));
#2724 = ( GEOMETRIC_REPRESENTATION_CONTEXT(2) 
PARAMETRIC_REPRESENTATION_CONTEXT() REPRESENTATION_CONTEXT('2D SPACE',''
  ) );
#2725 = PCURVE('',#2027,#2726);
#2726 = DEFINITIONAL_REPRESENTATION('',(#2727),#2731);
#2727 = LINE('',#2728,#2729);
#2728 = CARTESIAN_POINT('',(-2.309401076759,-4.));
#2729 = VECTOR('',#2730,1.);
#2730 = DIRECTION('',(1.,6.986555297552E-32));
#2731 = ( GEOMETRIC_REPRESENTATION_CONTEXT(2) 
PARAMETRIC_REPRESENTATION_CONTEXT() REPRESENTATION_CONTEXT('2D SPACE',''
  ) );
#2732 = FACE_BOUND('',#2733,.T.);
#2733 = EDGE_LOOP('',(#2734));
#2734 = ORIENTED_EDGE('',*,*,#2735,.F.);
#2735 = EDGE_CURVE('',#2736,#2736,#2738,.T.);
#2736 = VERTEX_POINT('',#2737);
#2737 = CARTESIAN_POINT('',(20.25,-20.,53.));
#2738 = SURFACE_CURVE('',#2739,(#2744,#2751),.PCURVE_S1.);
#2739 = CIRCLE('',#2740,2.75);
#2740 = AXIS2_PLACEMENT_3D('',#2741,#2742,#2743);
#2741 = CARTESIAN_POINT('',(17.5,-20.,53.));
#2742 = DIRECTION('',(0.,0.,1.));
#2743 = DIRECTION('',(1.,0.,0.));
#2744 = PCURVE('',#575,#2745);
#2745 = DEFINITIONAL_REPRESENTATION('',(#2746),#2750);
#2746 = CIRCLE('',#2747,2.75);
#2747 = AXIS2_PLACEMENT_2D('',#2748,#2749);
#2748 = CARTESIAN_POINT('',(5.5,-20.));
#2749 = DIRECTION('',(1.,0.));
#2750 = ( GEOMETRIC_REPRESENTATION_CONTEXT(2) 
PARAMETRIC_REPRESENTATION_CONTEXT() REPRESENTATION_CONTEXT('2D SPACE',''
  ) );
#2751 = PCURVE('',#2752,#2757);
#2752 = CYLINDRICAL_SURFACE('',#2753,2.75);
#2753 = AXIS2_PLACEMENT_3D('',#2754,#2755,#2756);
#2754 = CARTESIAN_POINT('',(17.5,-20.,53.));
#2755 = DIRECTION('',(0.,0.,1.));
#2756 = DIRECTION('',(1.,0.,0.));
#2757 = DEFINITIONAL_REPRESENTATION('',(#2758),#2762);
#2758 = LINE('',#2759,#2760);
#2759 = CARTESIAN_POINT('',(0.,0.));
#2760 = VECTOR('',#2761,1.);
#2761 = DIRECTION('',(1.,0.));
#2762 = ( GEOMETRIC_REPRESENTATION_CONTEXT(2) 
PARAMETRIC_REPRESENTATION_CONTEXT() REPRESENTATION_CONTEXT('2D SPACE',''
  ) );
#2763 = ADVANCED_FACE('',(#2764),#2752,.F.);
#2764 = FACE_BOUND('',#2765,.F.);
#2765 = EDGE_LOOP('',(#2766,#2767,#2790,#2816));
#2766 = ORIENTED_EDGE('',*,*,#2735,.F.);
#2767 = ORIENTED_EDGE('',*,*,#2768,.T.);
#2768 = EDGE_CURVE('',#2736,#2769,#2771,.T.);
#2769 = VERTEX_POINT('',#2770);
#2770 = CARTESIAN_POINT('',(20.25,-20.,49.));
#2771 = SEAM_CURVE('',#2772,(#2776,#2783),.PCURVE_S1.);
#2772 = LINE('',#2773,#2774);
#2773 = CARTESIAN_POINT('',(20.25,-20.,53.));
#2774 = VECTOR('',#2775,1.);
#2775 = DIRECTION('',(-0.,-0.,-1.));
#2776 = PCURVE('',#2752,#2777);
#2777 = DEFINITIONAL_REPRESENTATION('',(#2778),#2782);
#2778 = LINE('',#2779,#2780);
#2779 = CARTESIAN_POINT('',(6.28318530718,0.));
#2780 = VECTOR('',#2781,1.);
#2781 = DIRECTION('',(0.,-1.));
#2782 = ( GEOMETRIC_REPRESENTATION_CONTEXT(2) 
PARAMETRIC_REPRESENTATION_CONTEXT() REPRESENTATION_CONTEXT('2D SPACE',''
  ) );
#2783 = PCURVE('',#2752,#2784);
#2784 = DEFINITIONAL_REPRESENTATION('',(#2785),#2789);
#2785 = LINE('',#2786,#2787);
#2786 = CARTESIAN_POINT('',(0.,0.));
#2787 = VECTOR('',#2788,1.);
#2788 = DIRECTION('',(0.,-1.));
#2789 = ( GEOMETRIC_REPRESENTATION_CONTEXT(2) 
PARAMETRIC_REPRESENTATION_CONTEXT() REPRESENTATION_CONTEXT('2D SPACE',''
  ) );
#2790 = ORIENTED_EDGE('',*,*,#2791,.T.);
#2791 = EDGE_CURVE('',#2769,#2769,#2792,.T.);
#2792 = SURFACE_CURVE('',#2793,(#2798,#2805),.PCURVE_S1.);
#2793 = CIRCLE('',#2794,2.75);
#2794 = AXIS2_PLACEMENT_3D('',#2795,#2796,#2797);
#2795 = CARTESIAN_POINT('',(17.5,-20.,49.));
#2796 = DIRECTION('',(0.,0.,1.));
#2797 = DIRECTION('',(1.,0.,0.));
#2798 = PCURVE('',#2752,#2799);
#2799 = DEFINITIONAL_REPRESENTATION('',(#2800),#2804);
#2800 = LINE('',#2801,#2802);
#2801 = CARTESIAN_POINT('',(0.,-4.));
#2802 = VECTOR('',#2803,1.);
#2803 = DIRECTION('',(1.,0.));
#2804 = ( GEOMETRIC_REPRESENTATION_CONTEXT(2) 
PARAMETRIC_REPRESENTATION_CONTEXT() REPRESENTATION_CONTEXT('2D SPACE',''
  ) );
#2805 = PCURVE('',#2141,#2806);
#2806 = DEFINITIONAL_REPRESENTATION('',(#2807),#2815);
#2807 = ( BOUNDED_CURVE() B_SPLINE_CURVE(2,(#2808,#2809,#2810,#2811,
#2812,#2813,#2814),.UNSPECIFIED.,.T.,.F.) B_SPLINE_CURVE_WITH_KNOTS((1,2
    ,2,2,2,1),(-2.094395102393,0.,2.094395102393,4.188790204786,
6.28318530718,8.377580409573),.UNSPECIFIED.) CURVE() 
GEOMETRIC_REPRESENTATION_ITEM() RATIONAL_B_SPLINE_CURVE((1.,0.5,1.,0.5,
1.,0.5,1.)) REPRESENTATION_ITEM('') );
#2808 = CARTESIAN_POINT('',(-2.749999999976,4.672075457797));
#2809 = CARTESIAN_POINT('',(-2.749999999976,9.435215178612));
#2810 = CARTESIAN_POINT('',(1.375000000024,7.053645318205));
#2811 = CARTESIAN_POINT('',(5.500000000024,4.672075457797));
#2812 = CARTESIAN_POINT('',(1.375000000024,2.29050559739));
#2813 = CARTESIAN_POINT('',(-2.749999999976,-9.106426301705E-02));
#2814 = CARTESIAN_POINT('',(-2.749999999976,4.672075457797));
#2815 = ( GEOMETRIC_REPRESENTATION_CONTEXT(2) 
PARAMETRIC_REPRESENTATION_CONTEXT() REPRESENTATION_CONTEXT('2D SPACE',''
  ) );
#2816 = ORIENTED_EDGE('',*,*,#2768,.F.);
#2817 = ADVANCED_FACE('',(#2818),#2113,.T.);
#2818 = FACE_BOUND('',#2819,.T.);
#2819 = EDGE_LOOP('',(#2820,#2821,#2844,#2872));
#2820 = ORIENTED_EDGE('',*,*,#2095,.T.);
#2821 = ORIENTED_EDGE('',*,*,#2822,.T.);
#2822 = EDGE_CURVE('',#2098,#2823,#2825,.T.);
#2823 = VERTEX_POINT('',#2824);
#2824 = CARTESIAN_POINT('',(13.499999999995,-17.69059892323,45.));
#2825 = SURFACE_CURVE('',#2826,(#2830,#2837),.PCURVE_S1.);
#2826 = LINE('',#2827,#2828);
#2827 = CARTESIAN_POINT('',(13.499999999995,-32.5,45.));
#2828 = VECTOR('',#2829,1.);
#2829 = DIRECTION('',(0.,1.,-2.22044604925E-16));
#2830 = PCURVE('',#2113,#2831);
#2831 = DEFINITIONAL_REPRESENTATION('',(#2832),#2836);
#2832 = LINE('',#2833,#2834);
#2833 = CARTESIAN_POINT('',(-2.000000000002,7.404700538389));
#2834 = VECTOR('',#2835,1.);
#2835 = DIRECTION('',(-2.22044604925E-16,-1.));
#2836 = ( GEOMETRIC_REPRESENTATION_CONTEXT(2) 
PARAMETRIC_REPRESENTATION_CONTEXT() REPRESENTATION_CONTEXT('2D SPACE',''
  ) );
#2837 = PCURVE('',#1130,#2838);
#2838 = DEFINITIONAL_REPRESENTATION('',(#2839),#2843);
#2839 = LINE('',#2840,#2841);
#2840 = CARTESIAN_POINT('',(-4.000000000032,-7.827924542186));
#2841 = VECTOR('',#2842,1.);
#2842 = DIRECTION('',(0.,1.));
#2843 = ( GEOMETRIC_REPRESENTATION_CONTEXT(2) 
PARAMETRIC_REPRESENTATION_CONTEXT() REPRESENTATION_CONTEXT('2D SPACE',''
  ) );
#2844 = ORIENTED_EDGE('',*,*,#2845,.F.);
#2845 = EDGE_CURVE('',#2846,#2823,#2848,.T.);
#2846 = VERTEX_POINT('',#2847);
#2847 = CARTESIAN_POINT('',(13.499999999951,-17.6905989232,49.));
#2848 = SURFACE_CURVE('',#2849,(#2853,#2860),.PCURVE_S1.);
#2849 = LINE('',#2850,#2851);
#2850 = CARTESIAN_POINT('',(13.499999999995,-17.69059892323,48.));
#2851 = VECTOR('',#2852,1.);
#2852 = DIRECTION('',(-0.,-0.,-1.));
#2853 = PCURVE('',#2113,#2854);
#2854 = DEFINITIONAL_REPRESENTATION('',(#2855),#2859);
#2855 = LINE('',#2856,#2857);
#2856 = CARTESIAN_POINT('',(0.999999999999,-7.404700538378));
#2857 = VECTOR('',#2858,1.);
#2858 = DIRECTION('',(-1.,-8.692262912872E-25));
#2859 = ( GEOMETRIC_REPRESENTATION_CONTEXT(2) 
PARAMETRIC_REPRESENTATION_CONTEXT() REPRESENTATION_CONTEXT('2D SPACE',''
  ) );
#2860 = PCURVE('',#2861,#2866);
#2861 = PLANE('',#2862);
#2862 = AXIS2_PLACEMENT_3D('',#2863,#2864,#2865);
#2863 = CARTESIAN_POINT('',(15.499999999999,-16.53589838481,
    47.000000000003));
#2864 = DIRECTION('',(0.500000000006,-0.866025403781,3.79684672747E-12)
  );
#2865 = DIRECTION('',(-0.866025403781,-0.500000000006,
    -1.565045681253E-28));
#2866 = DEFINITIONAL_REPRESENTATION('',(#2867),#2871);
#2867 = LINE('',#2868,#2869);
#2868 = CARTESIAN_POINT('',(2.309401076781,-0.999999999997));
#2869 = VECTOR('',#2870,1.);
#2870 = DIRECTION('',(-6.152148273429E-29,1.));
#2871 = ( GEOMETRIC_REPRESENTATION_CONTEXT(2) 
PARAMETRIC_REPRESENTATION_CONTEXT() REPRESENTATION_CONTEXT('2D SPACE',''
  ) );
#2872 = ORIENTED_EDGE('',*,*,#2873,.F.);
#2873 = EDGE_CURVE('',#2096,#2846,#2874,.T.);
#2874 = SURFACE_CURVE('',#2875,(#2879,#2886),.PCURVE_S1.);
#2875 = LINE('',#2876,#2877);
#2876 = CARTESIAN_POINT('',(13.499999999951,-25.0952994616,49.));
#2877 = VECTOR('',#2878,1.);
#2878 = DIRECTION('',(0.,1.,-2.22044604925E-16));
#2879 = PCURVE('',#2113,#2880);
#2880 = DEFINITIONAL_REPRESENTATION('',(#2881),#2885);
#2881 = LINE('',#2882,#2883);
#2882 = CARTESIAN_POINT('',(1.999999999998,-8.70770122674E-12));
#2883 = VECTOR('',#2884,1.);
#2884 = DIRECTION('',(-2.22044604925E-16,-1.));
#2885 = ( GEOMETRIC_REPRESENTATION_CONTEXT(2) 
PARAMETRIC_REPRESENTATION_CONTEXT() REPRESENTATION_CONTEXT('2D SPACE',''
  ) );
#2886 = PCURVE('',#2141,#2887);
#2887 = DEFINITIONAL_REPRESENTATION('',(#2888),#2892);
#2888 = LINE('',#2889,#2890);
#2889 = CARTESIAN_POINT('',(4.000000000072,-0.423224003805));
#2890 = VECTOR('',#2891,1.);
#2891 = DIRECTION('',(0.,1.));
#2892 = ( GEOMETRIC_REPRESENTATION_CONTEXT(2) 
PARAMETRIC_REPRESENTATION_CONTEXT() REPRESENTATION_CONTEXT('2D SPACE',''
  ) );
#2893 = ADVANCED_FACE('',(#2894),#1973,.T.);
#2894 = FACE_BOUND('',#2895,.T.);
#2895 = EDGE_LOOP('',(#2896,#2897,#2918,#2919));
#2896 = ORIENTED_EDGE('',*,*,#2666,.T.);
#2897 = ORIENTED_EDGE('',*,*,#2898,.T.);
#2898 = EDGE_CURVE('',#2644,#1930,#2899,.T.);
#2899 = SURFACE_CURVE('',#2900,(#2904,#2911),.PCURVE_S1.);
#2900 = LINE('',#2901,#2902);
#2901 = CARTESIAN_POINT('',(13.5,17.690598923242,53.));
#2902 = VECTOR('',#2903,1.);
#2903 = DIRECTION('',(-0.,-0.,-1.));
#2904 = PCURVE('',#1973,#2905);
#2905 = DEFINITIONAL_REPRESENTATION('',(#2906),#2910);
#2906 = LINE('',#2907,#2908);
#2907 = CARTESIAN_POINT('',(-2.309401076758,4.));
#2908 = VECTOR('',#2909,1.);
#2909 = DIRECTION('',(0.,-1.));
#2910 = ( GEOMETRIC_REPRESENTATION_CONTEXT(2) 
PARAMETRIC_REPRESENTATION_CONTEXT() REPRESENTATION_CONTEXT('2D SPACE',''
  ) );
#2911 = PCURVE('',#1945,#2912);
#2912 = DEFINITIONAL_REPRESENTATION('',(#2913),#2917);
#2913 = LINE('',#2914,#2915);
#2914 = CARTESIAN_POINT('',(-2.309401076758,-4.));
#2915 = VECTOR('',#2916,1.);
#2916 = DIRECTION('',(0.,1.));
#2917 = ( GEOMETRIC_REPRESENTATION_CONTEXT(2) 
PARAMETRIC_REPRESENTATION_CONTEXT() REPRESENTATION_CONTEXT('2D SPACE',''
  ) );
#2918 = ORIENTED_EDGE('',*,*,#1957,.F.);
#2919 = ORIENTED_EDGE('',*,*,#2920,.F.);
#2920 = EDGE_CURVE('',#2667,#1958,#2921,.T.);
#2921 = SURFACE_CURVE('',#2922,(#2926,#2933),.PCURVE_S1.);
#2922 = LINE('',#2923,#2924);
#2923 = CARTESIAN_POINT('',(13.5,22.309401076758,48.));
#2924 = VECTOR('',#2925,1.);
#2925 = DIRECTION('',(-0.,-0.,-1.));
#2926 = PCURVE('',#1973,#2927);
#2927 = DEFINITIONAL_REPRESENTATION('',(#2928),#2932);
#2928 = LINE('',#2929,#2930);
#2929 = CARTESIAN_POINT('',(2.309401076758,-1.));
#2930 = VECTOR('',#2931,1.);
#2931 = DIRECTION('',(0.,-1.));
#2932 = ( GEOMETRIC_REPRESENTATION_CONTEXT(2) 
PARAMETRIC_REPRESENTATION_CONTEXT() REPRESENTATION_CONTEXT('2D SPACE',''
  ) );
#2933 = PCURVE('',#2001,#2934);
#2934 = DEFINITIONAL_REPRESENTATION('',(#2935),#2939);
#2935 = LINE('',#2936,#2937);
#2936 = CARTESIAN_POINT('',(2.309401076758,1.));
#2937 = VECTOR('',#2938,1.);
#2938 = DIRECTION('',(3.411367952347E-33,1.));
#2939 = ( GEOMETRIC_REPRESENTATION_CONTEXT(2) 
PARAMETRIC_REPRESENTATION_CONTEXT() REPRESENTATION_CONTEXT('2D SPACE',''
  ) );
#2940 = ADVANCED_FACE('',(#2941,#3017),#2141,.T.);
#2941 = FACE_BOUND('',#2942,.T.);
#2942 = EDGE_LOOP('',(#2943,#2944,#2945,#2968,#2996));
#2943 = ORIENTED_EDGE('',*,*,#2125,.T.);
#2944 = ORIENTED_EDGE('',*,*,#2873,.T.);
#2945 = ORIENTED_EDGE('',*,*,#2946,.T.);
#2946 = EDGE_CURVE('',#2846,#2947,#2949,.T.);
#2947 = VERTEX_POINT('',#2948);
#2948 = CARTESIAN_POINT('',(17.500000000016,-15.3811978464,49.));
#2949 = SURFACE_CURVE('',#2950,(#2954,#2961),.PCURVE_S1.);
#2950 = LINE('',#2951,#2952);
#2951 = CARTESIAN_POINT('',(15.29367061319,-16.65502271181,49.));
#2952 = VECTOR('',#2953,1.);
#2953 = DIRECTION('',(0.866025403784,0.5,-1.110223024625E-16));
#2954 = PCURVE('',#2141,#2955);
#2955 = DEFINITIONAL_REPRESENTATION('',(#2956),#2960);
#2956 = LINE('',#2957,#2958);
#2957 = CARTESIAN_POINT('',(2.206329386834,8.017052745984));
#2958 = VECTOR('',#2959,1.);
#2959 = DIRECTION('',(-0.866025403784,0.5));
#2960 = ( GEOMETRIC_REPRESENTATION_CONTEXT(2) 
PARAMETRIC_REPRESENTATION_CONTEXT() REPRESENTATION_CONTEXT('2D SPACE',''
  ) );
#2961 = PCURVE('',#2861,#2962);
#2962 = DEFINITIONAL_REPRESENTATION('',(#2963),#2967);
#2963 = LINE('',#2964,#2965);
#2964 = CARTESIAN_POINT('',(0.238248654023,-1.999999999997));
#2965 = VECTOR('',#2966,1.);
#2966 = DIRECTION('',(-1.,1.110223306387E-16));
#2967 = ( GEOMETRIC_REPRESENTATION_CONTEXT(2) 
PARAMETRIC_REPRESENTATION_CONTEXT() REPRESENTATION_CONTEXT('2D SPACE',''
  ) );
#2968 = ORIENTED_EDGE('',*,*,#2969,.T.);
#2969 = EDGE_CURVE('',#2947,#2970,#2972,.T.);
#2970 = VERTEX_POINT('',#2971);
#2971 = CARTESIAN_POINT('',(21.50000000008,-17.6905989232,49.));
#2972 = SURFACE_CURVE('',#2973,(#2977,#2984),.PCURVE_S1.);
#2973 = LINE('',#2974,#2975);
#2974 = CARTESIAN_POINT('',(24.706329386907,-19.54177405779,49.));
#2975 = VECTOR('',#2976,1.);
#2976 = DIRECTION('',(0.866025403784,-0.5,1.110223024625E-16));
#2977 = PCURVE('',#2141,#2978);
#2978 = DEFINITIONAL_REPRESENTATION('',(#2979),#2983);
#2979 = LINE('',#2980,#2981);
#2980 = CARTESIAN_POINT('',(-7.206329386883,5.130301399998));
#2981 = VECTOR('',#2982,1.);
#2982 = DIRECTION('',(-0.866025403784,-0.5));
#2983 = ( GEOMETRIC_REPRESENTATION_CONTEXT(2) 
PARAMETRIC_REPRESENTATION_CONTEXT() REPRESENTATION_CONTEXT('2D SPACE',''
  ) );
#2984 = PCURVE('',#2985,#2990);
#2985 = PLANE('',#2986);
#2986 = AXIS2_PLACEMENT_3D('',#2987,#2988,#2989);
#2987 = CARTESIAN_POINT('',(19.50000000004,-16.53589838481,47.));
#2988 = DIRECTION('',(-0.500000000005,-0.866025403782,2.849251894135E-12
    ));
#2989 = DIRECTION('',(-0.866025403782,0.500000000005,4.391645937145E-29)
  );
#2990 = DEFINITIONAL_REPRESENTATION('',(#2991),#2995);
#2991 = LINE('',#2992,#2993);
#2992 = CARTESIAN_POINT('',(-6.011751345987,-2.));
#2993 = VECTOR('',#2994,1.);
#2994 = DIRECTION('',(-1.,-1.110223183279E-16));
#2995 = ( GEOMETRIC_REPRESENTATION_CONTEXT(2) 
PARAMETRIC_REPRESENTATION_CONTEXT() REPRESENTATION_CONTEXT('2D SPACE',''
  ) );
#2996 = ORIENTED_EDGE('',*,*,#2997,.T.);
#2997 = EDGE_CURVE('',#2970,#2126,#2998,.T.);
#2998 = SURFACE_CURVE('',#2999,(#3003,#3010),.PCURVE_S1.);
#2999 = LINE('',#3000,#3001);
#3000 = CARTESIAN_POINT('',(21.50000000008,-27.40470053839,49.));
#3001 = VECTOR('',#3002,1.);
#3002 = DIRECTION('',(0.,-1.,2.22044604925E-16));
#3003 = PCURVE('',#2141,#3004);
#3004 = DEFINITIONAL_REPRESENTATION('',(#3005),#3009);
#3005 = LINE('',#3006,#3007);
#3006 = CARTESIAN_POINT('',(-4.000000000056,-2.7326250806));
#3007 = VECTOR('',#3008,1.);
#3008 = DIRECTION('',(0.,-1.));
#3009 = ( GEOMETRIC_REPRESENTATION_CONTEXT(2) 
PARAMETRIC_REPRESENTATION_CONTEXT() REPRESENTATION_CONTEXT('2D SPACE',''
  ) );
#3010 = PCURVE('',#2169,#3011);
#3011 = DEFINITIONAL_REPRESENTATION('',(#3012),#3016);
#3012 = LINE('',#3013,#3014);
#3013 = CARTESIAN_POINT('',(-1.999999999998,2.309401076787));
#3014 = VECTOR('',#3015,1.);
#3015 = DIRECTION('',(-2.22044604925E-16,1.));
#3016 = ( GEOMETRIC_REPRESENTATION_CONTEXT(2) 
PARAMETRIC_REPRESENTATION_CONTEXT() REPRESENTATION_CONTEXT('2D SPACE',''
  ) );
#3017 = FACE_BOUND('',#3018,.T.);
#3018 = EDGE_LOOP('',(#3019));
#3019 = ORIENTED_EDGE('',*,*,#2791,.T.);
#3020 = ADVANCED_FACE('',(#3021),#2169,.T.);
#3021 = FACE_BOUND('',#3022,.T.);
#3022 = EDGE_LOOP('',(#3023,#3024,#3025,#3048));
#3023 = ORIENTED_EDGE('',*,*,#2153,.T.);
#3024 = ORIENTED_EDGE('',*,*,#2997,.F.);
#3025 = ORIENTED_EDGE('',*,*,#3026,.T.);
#3026 = EDGE_CURVE('',#2970,#3027,#3029,.T.);
#3027 = VERTEX_POINT('',#3028);
#3028 = CARTESIAN_POINT('',(21.50000000006,-17.69059892323,45.));
#3029 = SURFACE_CURVE('',#3030,(#3034,#3041),.PCURVE_S1.);
#3030 = LINE('',#3031,#3032);
#3031 = CARTESIAN_POINT('',(21.50000000006,-17.69059892323,53.));
#3032 = VECTOR('',#3033,1.);
#3033 = DIRECTION('',(-0.,-0.,-1.));
#3034 = PCURVE('',#2169,#3035);
#3035 = DEFINITIONAL_REPRESENTATION('',(#3036),#3040);
#3036 = LINE('',#3037,#3038);
#3037 = CARTESIAN_POINT('',(-5.999999999999,-7.404700538378));
#3038 = VECTOR('',#3039,1.);
#3039 = DIRECTION('',(1.,-1.897603442546E-25));
#3040 = ( GEOMETRIC_REPRESENTATION_CONTEXT(2) 
PARAMETRIC_REPRESENTATION_CONTEXT() REPRESENTATION_CONTEXT('2D SPACE',''
  ) );
#3041 = PCURVE('',#2985,#3042);
#3042 = DEFINITIONAL_REPRESENTATION('',(#3043),#3047);
#3043 = LINE('',#3044,#3045);
#3044 = CARTESIAN_POINT('',(-2.309401076794,-6.));
#3045 = VECTOR('',#3046,1.);
#3046 = DIRECTION('',(-7.68860252404E-29,1.));
#3047 = ( GEOMETRIC_REPRESENTATION_CONTEXT(2) 
PARAMETRIC_REPRESENTATION_CONTEXT() REPRESENTATION_CONTEXT('2D SPACE',''
  ) );
#3048 = ORIENTED_EDGE('',*,*,#3049,.F.);
#3049 = EDGE_CURVE('',#2154,#3027,#3050,.T.);
#3050 = SURFACE_CURVE('',#3051,(#3055,#3062),.PCURVE_S1.);
#3051 = LINE('',#3052,#3053);
#3052 = CARTESIAN_POINT('',(21.50000000006,-26.5,45.));
#3053 = VECTOR('',#3054,1.);
#3054 = DIRECTION('',(0.,1.,-2.22044604925E-16));
#3055 = PCURVE('',#2169,#3056);
#3056 = DEFINITIONAL_REPRESENTATION('',(#3057),#3061);
#3057 = LINE('',#3058,#3059);
#3058 = CARTESIAN_POINT('',(2.000000000002,1.404700538389));
#3059 = VECTOR('',#3060,1.);
#3060 = DIRECTION('',(2.22044604925E-16,-1.));
#3061 = ( GEOMETRIC_REPRESENTATION_CONTEXT(2) 
PARAMETRIC_REPRESENTATION_CONTEXT() REPRESENTATION_CONTEXT('2D SPACE',''
  ) );
#3062 = PCURVE('',#1130,#3063);
#3063 = DEFINITIONAL_REPRESENTATION('',(#3064),#3068);
#3064 = LINE('',#3065,#3066);
#3065 = CARTESIAN_POINT('',(4.000000000033,-1.827924542186));
#3066 = VECTOR('',#3067,1.);
#3067 = DIRECTION('',(0.,1.));
#3068 = ( GEOMETRIC_REPRESENTATION_CONTEXT(2) 
PARAMETRIC_REPRESENTATION_CONTEXT() REPRESENTATION_CONTEXT('2D SPACE',''
  ) );
#3069 = ADVANCED_FACE('',(#3070),#1889,.T.);
#3070 = FACE_BOUND('',#3071,.T.);
#3071 = EDGE_LOOP('',(#3072,#3073,#3094,#3095));
#3072 = ORIENTED_EDGE('',*,*,#2595,.T.);
#3073 = ORIENTED_EDGE('',*,*,#3074,.T.);
#3074 = EDGE_CURVE('',#2598,#1874,#3075,.T.);
#3075 = SURFACE_CURVE('',#3076,(#3080,#3087),.PCURVE_S1.);
#3076 = LINE('',#3077,#3078);
#3077 = CARTESIAN_POINT('',(21.5,22.309401076758,53.));
#3078 = VECTOR('',#3079,1.);
#3079 = DIRECTION('',(-0.,-0.,-1.));
#3080 = PCURVE('',#1889,#3081);
#3081 = DEFINITIONAL_REPRESENTATION('',(#3082),#3086);
#3082 = LINE('',#3083,#3084);
#3083 = CARTESIAN_POINT('',(-4.,-2.309401076758));
#3084 = VECTOR('',#3085,1.);
#3085 = DIRECTION('',(1.,0.));
#3086 = ( GEOMETRIC_REPRESENTATION_CONTEXT(2) 
PARAMETRIC_REPRESENTATION_CONTEXT() REPRESENTATION_CONTEXT('2D SPACE',''
  ) );
#3087 = PCURVE('',#2027,#3088);
#3088 = DEFINITIONAL_REPRESENTATION('',(#3089),#3093);
#3089 = LINE('',#3090,#3091);
#3090 = CARTESIAN_POINT('',(-2.309401076759,-4.));
#3091 = VECTOR('',#3092,1.);
#3092 = DIRECTION('',(9.926063456993E-33,1.));
#3093 = ( GEOMETRIC_REPRESENTATION_CONTEXT(2) 
PARAMETRIC_REPRESENTATION_CONTEXT() REPRESENTATION_CONTEXT('2D SPACE',''
  ) );
#3094 = ORIENTED_EDGE('',*,*,#1871,.F.);
#3095 = ORIENTED_EDGE('',*,*,#3096,.F.);
#3096 = EDGE_CURVE('',#2596,#1872,#3097,.T.);
#3097 = SURFACE_CURVE('',#3098,(#3102,#3109),.PCURVE_S1.);
#3098 = LINE('',#3099,#3100);
#3099 = CARTESIAN_POINT('',(21.5,17.690598923242,48.));
#3100 = VECTOR('',#3101,1.);
#3101 = DIRECTION('',(-0.,-0.,-1.));
#3102 = PCURVE('',#1889,#3103);
#3103 = DEFINITIONAL_REPRESENTATION('',(#3104),#3108);
#3104 = LINE('',#3105,#3106);
#3105 = CARTESIAN_POINT('',(1.,2.309401076758));
#3106 = VECTOR('',#3107,1.);
#3107 = DIRECTION('',(1.,0.));
#3108 = ( GEOMETRIC_REPRESENTATION_CONTEXT(2) 
PARAMETRIC_REPRESENTATION_CONTEXT() REPRESENTATION_CONTEXT('2D SPACE',''
  ) );
#3109 = PCURVE('',#1917,#3110);
#3110 = DEFINITIONAL_REPRESENTATION('',(#3111),#3115);
#3111 = LINE('',#3112,#3113);
#3112 = CARTESIAN_POINT('',(2.309401076759,1.));
#3113 = VECTOR('',#3114,1.);
#3114 = DIRECTION('',(-3.622105815793E-33,1.));
#3115 = ( GEOMETRIC_REPRESENTATION_CONTEXT(2) 
PARAMETRIC_REPRESENTATION_CONTEXT() REPRESENTATION_CONTEXT('2D SPACE',''
  ) );
#3116 = ADVANCED_FACE('',(#3117,#3166),#1130,.T.);
#3117 = FACE_BOUND('',#3118,.T.);
#3118 = EDGE_LOOP('',(#3119,#3120,#3121,#3144,#3165));
#3119 = ORIENTED_EDGE('',*,*,#2181,.T.);
#3120 = ORIENTED_EDGE('',*,*,#3049,.T.);
#3121 = ORIENTED_EDGE('',*,*,#3122,.T.);
#3122 = EDGE_CURVE('',#3027,#3123,#3125,.T.);
#3123 = VERTEX_POINT('',#3124);
#3124 = CARTESIAN_POINT('',(17.500000000016,-15.3811978464,45.));
#3125 = SURFACE_CURVE('',#3126,(#3130,#3137),.PCURVE_S1.);
#3126 = LINE('',#3127,#3128);
#3127 = CARTESIAN_POINT('',(21.706329386918,-17.80972325028,45.));
#3128 = VECTOR('',#3129,1.);
#3129 = DIRECTION('',(-0.866025403781,0.500000000007,-1.11022302464E-16)
  );
#3130 = PCURVE('',#1130,#3131);
#3131 = DEFINITIONAL_REPRESENTATION('',(#3132),#3136);
#3132 = LINE('',#3133,#3134);
#3133 = CARTESIAN_POINT('',(4.206329386891,6.862352207534));
#3134 = VECTOR('',#3135,1.);
#3135 = DIRECTION('',(-0.866025403781,0.500000000007));
#3136 = ( GEOMETRIC_REPRESENTATION_CONTEXT(2) 
PARAMETRIC_REPRESENTATION_CONTEXT() REPRESENTATION_CONTEXT('2D SPACE',''
  ) );
#3137 = PCURVE('',#2985,#3138);
#3138 = DEFINITIONAL_REPRESENTATION('',(#3139),#3143);
#3139 = LINE('',#3140,#3141);
#3140 = CARTESIAN_POINT('',(-2.547649730884,2.));
#3141 = VECTOR('',#3142,1.);
#3142 = DIRECTION('',(1.,1.110222966569E-16));
#3143 = ( GEOMETRIC_REPRESENTATION_CONTEXT(2) 
PARAMETRIC_REPRESENTATION_CONTEXT() REPRESENTATION_CONTEXT('2D SPACE',''
  ) );
#3144 = ORIENTED_EDGE('',*,*,#3145,.T.);
#3145 = EDGE_CURVE('',#3123,#2823,#3146,.T.);
#3146 = SURFACE_CURVE('',#3147,(#3151,#3158),.PCURVE_S1.);
#3147 = LINE('',#3148,#3149);
#3148 = CARTESIAN_POINT('',(12.29367061314,-18.38707351948,45.));
#3149 = VECTOR('',#3150,1.);
#3150 = DIRECTION('',(-0.866025403779,-0.500000000009,1.110223024645E-16
    ));
#3151 = PCURVE('',#1130,#3152);
#3152 = DEFINITIONAL_REPRESENTATION('',(#3153),#3157);
#3153 = LINE('',#3154,#3155);
#3154 = CARTESIAN_POINT('',(-5.206329386887,6.285001938332));
#3155 = VECTOR('',#3156,1.);
#3156 = DIRECTION('',(-0.866025403779,-0.500000000009));
#3157 = ( GEOMETRIC_REPRESENTATION_CONTEXT(2) 
PARAMETRIC_REPRESENTATION_CONTEXT() REPRESENTATION_CONTEXT('2D SPACE',''
  ) );
#3158 = PCURVE('',#2861,#3159);
#3159 = DEFINITIONAL_REPRESENTATION('',(#3160),#3164);
#3160 = LINE('',#3161,#3162);
#3161 = CARTESIAN_POINT('',(3.702350269254,2.000000000003));
#3162 = VECTOR('',#3163,1.);
#3163 = DIRECTION('',(1.,-1.110222921506E-16));
#3164 = ( GEOMETRIC_REPRESENTATION_CONTEXT(2) 
PARAMETRIC_REPRESENTATION_CONTEXT() REPRESENTATION_CONTEXT('2D SPACE',''
  ) );
#3165 = ORIENTED_EDGE('',*,*,#2822,.F.);
#3166 = FACE_BOUND('',#3167,.T.);
#3167 = EDGE_LOOP('',(#3168,#3169,#3170));
#3168 = ORIENTED_EDGE('',*,*,#1142,.T.);
#3169 = ORIENTED_EDGE('',*,*,#1113,.F.);
#3170 = ORIENTED_EDGE('',*,*,#1170,.F.);
#3171 = ADVANCED_FACE('',(#3172),#765,.T.);
#3172 = FACE_BOUND('',#3173,.T.);
#3173 = EDGE_LOOP('',(#3174,#3195,#3196,#3217));
#3174 = ORIENTED_EDGE('',*,*,#3175,.F.);
#3175 = EDGE_CURVE('',#750,#2233,#3176,.T.);
#3176 = SURFACE_CURVE('',#3177,(#3181,#3188),.PCURVE_S1.);
#3177 = LINE('',#3178,#3179);
#3178 = CARTESIAN_POINT('',(-26.,30.,43.));
#3179 = VECTOR('',#3180,1.);
#3180 = DIRECTION('',(0.,0.,1.));
#3181 = PCURVE('',#765,#3182);
#3182 = DEFINITIONAL_REPRESENTATION('',(#3183),#3187);
#3183 = LINE('',#3184,#3185);
#3184 = CARTESIAN_POINT('',(3.5,-30.));
#3185 = VECTOR('',#3186,1.);
#3186 = DIRECTION('',(-1.,0.));
#3187 = ( GEOMETRIC_REPRESENTATION_CONTEXT(2) 
PARAMETRIC_REPRESENTATION_CONTEXT() REPRESENTATION_CONTEXT('2D SPACE',''
  ) );
#3188 = PCURVE('',#798,#3189);
#3189 = DEFINITIONAL_REPRESENTATION('',(#3190),#3194);
#3190 = LINE('',#3191,#3192);
#3191 = CARTESIAN_POINT('',(-3.14159265359,0.));
#3192 = VECTOR('',#3193,1.);
#3193 = DIRECTION('',(-0.,-1.));
#3194 = ( GEOMETRIC_REPRESENTATION_CONTEXT(2) 
PARAMETRIC_REPRESENTATION_CONTEXT() REPRESENTATION_CONTEXT('2D SPACE',''
  ) );
#3195 = ORIENTED_EDGE('',*,*,#749,.F.);
#3196 = ORIENTED_EDGE('',*,*,#3197,.F.);
#3197 = EDGE_CURVE('',#2257,#717,#3198,.T.);
#3198 = SURFACE_CURVE('',#3199,(#3203,#3210),.PCURVE_S1.);
#3199 = LINE('',#3200,#3201);
#3200 = CARTESIAN_POINT('',(-26.,-29.99999999999,43.));
#3201 = VECTOR('',#3202,1.);
#3202 = DIRECTION('',(0.,0.,-1.));
#3203 = PCURVE('',#765,#3204);
#3204 = DEFINITIONAL_REPRESENTATION('',(#3205),#3209);
#3205 = LINE('',#3206,#3207);
#3206 = CARTESIAN_POINT('',(3.5,30.));
#3207 = VECTOR('',#3208,1.);
#3208 = DIRECTION('',(1.,0.));
#3209 = ( GEOMETRIC_REPRESENTATION_CONTEXT(2) 
PARAMETRIC_REPRESENTATION_CONTEXT() REPRESENTATION_CONTEXT('2D SPACE',''
  ) );
#3210 = PCURVE('',#737,#3211);
#3211 = DEFINITIONAL_REPRESENTATION('',(#3212),#3216);
#3212 = LINE('',#3213,#3214);
#3213 = CARTESIAN_POINT('',(-3.14159265359,-3.552713678801E-14));
#3214 = VECTOR('',#3215,1.);
#3215 = DIRECTION('',(-0.,1.));
#3216 = ( GEOMETRIC_REPRESENTATION_CONTEXT(2) 
PARAMETRIC_REPRESENTATION_CONTEXT() REPRESENTATION_CONTEXT('2D SPACE',''
  ) );
#3217 = ORIENTED_EDGE('',*,*,#2256,.F.);
#3218 = ADVANCED_FACE('',(#3219),#213,.T.);
#3219 = FACE_BOUND('',#3220,.T.);
#3220 = EDGE_LOOP('',(#3221,#3222,#3223,#3224,#3225,#3246));
#3221 = ORIENTED_EDGE('',*,*,#987,.F.);
#3222 = ORIENTED_EDGE('',*,*,#197,.T.);
#3223 = ORIENTED_EDGE('',*,*,#915,.T.);
#3224 = ORIENTED_EDGE('',*,*,#810,.F.);
#3225 = ORIENTED_EDGE('',*,*,#3226,.F.);
#3226 = EDGE_CURVE('',#2210,#778,#3227,.T.);
#3227 = SURFACE_CURVE('',#3228,(#3232,#3239),.PCURVE_S1.);
#3228 = LINE('',#3229,#3230);
#3229 = CARTESIAN_POINT('',(-23.5,32.5,43.));
#3230 = VECTOR('',#3231,1.);
#3231 = DIRECTION('',(0.,0.,-1.));
#3232 = PCURVE('',#213,#3233);
#3233 = DEFINITIONAL_REPRESENTATION('',(#3234),#3238);
#3234 = LINE('',#3235,#3236);
#3235 = CARTESIAN_POINT('',(-34.40605442819,4.593945571809));
#3236 = VECTOR('',#3237,1.);
#3237 = DIRECTION('',(4.016802393982E-47,1.));
#3238 = ( GEOMETRIC_REPRESENTATION_CONTEXT(2) 
PARAMETRIC_REPRESENTATION_CONTEXT() REPRESENTATION_CONTEXT('2D SPACE',''
  ) );
#3239 = PCURVE('',#798,#3240);
#3240 = DEFINITIONAL_REPRESENTATION('',(#3241),#3245);
#3241 = LINE('',#3242,#3243);
#3242 = CARTESIAN_POINT('',(-1.570796326795,-3.552713678801E-14));
#3243 = VECTOR('',#3244,1.);
#3244 = DIRECTION('',(-0.,1.));
#3245 = ( GEOMETRIC_REPRESENTATION_CONTEXT(2) 
PARAMETRIC_REPRESENTATION_CONTEXT() REPRESENTATION_CONTEXT('2D SPACE',''
  ) );
#3246 = ORIENTED_EDGE('',*,*,#2209,.F.);
#3247 = ADVANCED_FACE('',(#3248),#1541,.T.);
#3248 = FACE_BOUND('',#3249,.T.);
#3249 = EDGE_LOOP('',(#3250,#3251,#3272,#3273));
#3250 = ORIENTED_EDGE('',*,*,#2455,.T.);
#3251 = ORIENTED_EDGE('',*,*,#3252,.T.);
#3252 = EDGE_CURVE('',#2458,#1526,#3253,.T.);
#3253 = SURFACE_CURVE('',#3254,(#3258,#3265),.PCURVE_S1.);
#3254 = LINE('',#3255,#3256);
#3255 = CARTESIAN_POINT('',(-0.190598923242,-4.,53.));
#3256 = VECTOR('',#3257,1.);
#3257 = DIRECTION('',(-0.,-0.,-1.));
#3258 = PCURVE('',#1541,#3259);
#3259 = DEFINITIONAL_REPRESENTATION('',(#3260),#3264);
#3260 = LINE('',#3261,#3262);
#3261 = CARTESIAN_POINT('',(4.,2.309401076758));
#3262 = VECTOR('',#3263,1.);
#3263 = DIRECTION('',(-1.,0.));
#3264 = ( GEOMETRIC_REPRESENTATION_CONTEXT(2) 
PARAMETRIC_REPRESENTATION_CONTEXT() REPRESENTATION_CONTEXT('2D SPACE',''
  ) );
#3265 = PCURVE('',#1679,#3266);
#3266 = DEFINITIONAL_REPRESENTATION('',(#3267),#3271);
#3267 = LINE('',#3268,#3269);
#3268 = CARTESIAN_POINT('',(2.309401076758,4.));
#3269 = VECTOR('',#3270,1.);
#3270 = DIRECTION('',(-5.980877414373E-33,-1.));
#3271 = ( GEOMETRIC_REPRESENTATION_CONTEXT(2) 
PARAMETRIC_REPRESENTATION_CONTEXT() REPRESENTATION_CONTEXT('2D SPACE',''
  ) );
#3272 = ORIENTED_EDGE('',*,*,#1523,.F.);
#3273 = ORIENTED_EDGE('',*,*,#3274,.F.);
#3274 = EDGE_CURVE('',#2456,#1524,#3275,.T.);
#3275 = SURFACE_CURVE('',#3276,(#3280,#3287),.PCURVE_S1.);
#3276 = LINE('',#3277,#3278);
#3277 = CARTESIAN_POINT('',(-4.809401076758,-4.,48.));
#3278 = VECTOR('',#3279,1.);
#3279 = DIRECTION('',(-0.,-0.,-1.));
#3280 = PCURVE('',#1541,#3281);
#3281 = DEFINITIONAL_REPRESENTATION('',(#3282),#3286);
#3282 = LINE('',#3283,#3284);
#3283 = CARTESIAN_POINT('',(-1.,-2.309401076758));
#3284 = VECTOR('',#3285,1.);
#3285 = DIRECTION('',(-1.,0.));
#3286 = ( GEOMETRIC_REPRESENTATION_CONTEXT(2) 
PARAMETRIC_REPRESENTATION_CONTEXT() REPRESENTATION_CONTEXT('2D SPACE',''
  ) );
#3287 = PCURVE('',#1569,#3288);
#3288 = DEFINITIONAL_REPRESENTATION('',(#3289),#3293);
#3289 = LINE('',#3290,#3291);
#3290 = CARTESIAN_POINT('',(-2.309401076758,-1.));
#3291 = VECTOR('',#3292,1.);
#3292 = DIRECTION('',(0.,-1.));
#3293 = ( GEOMETRIC_REPRESENTATION_CONTEXT(2) 
PARAMETRIC_REPRESENTATION_CONTEXT() REPRESENTATION_CONTEXT('2D SPACE',''
  ) );
#3294 = ADVANCED_FACE('',(#3295),#1743,.T.);
#3295 = FACE_BOUND('',#3296,.T.);
#3296 = EDGE_LOOP('',(#3297,#3298,#3319,#3320));
#3297 = ORIENTED_EDGE('',*,*,#2340,.T.);
#3298 = ORIENTED_EDGE('',*,*,#3299,.T.);
#3299 = EDGE_CURVE('',#2316,#1698,#3300,.T.);
#3300 = SURFACE_CURVE('',#3301,(#3305,#3312),.PCURVE_S1.);
#3301 = LINE('',#3302,#3303);
#3302 = CARTESIAN_POINT('',(39.809401076759,-4.,53.));
#3303 = VECTOR('',#3304,1.);
#3304 = DIRECTION('',(-0.,-0.,-1.));
#3305 = PCURVE('',#1743,#3306);
#3306 = DEFINITIONAL_REPRESENTATION('',(#3307),#3311);
#3307 = LINE('',#3308,#3309);
#3308 = CARTESIAN_POINT('',(2.309401076758,-4.));
#3309 = VECTOR('',#3310,1.);
#3310 = DIRECTION('',(0.,1.));
#3311 = ( GEOMETRIC_REPRESENTATION_CONTEXT(2) 
PARAMETRIC_REPRESENTATION_CONTEXT() REPRESENTATION_CONTEXT('2D SPACE',''
  ) );
#3312 = PCURVE('',#1715,#3313);
#3313 = DEFINITIONAL_REPRESENTATION('',(#3314),#3318);
#3314 = LINE('',#3315,#3316);
#3315 = CARTESIAN_POINT('',(2.309401076758,4.));
#3316 = VECTOR('',#3317,1.);
#3317 = DIRECTION('',(0.,-1.));
#3318 = ( GEOMETRIC_REPRESENTATION_CONTEXT(2) 
PARAMETRIC_REPRESENTATION_CONTEXT() REPRESENTATION_CONTEXT('2D SPACE',''
  ) );
#3319 = ORIENTED_EDGE('',*,*,#1727,.F.);
#3320 = ORIENTED_EDGE('',*,*,#3321,.F.);
#3321 = EDGE_CURVE('',#2341,#1728,#3322,.T.);
#3322 = SURFACE_CURVE('',#3323,(#3327,#3334),.PCURVE_S1.);
#3323 = LINE('',#3324,#3325);
#3324 = CARTESIAN_POINT('',(35.190598923242,-4.,48.));
#3325 = VECTOR('',#3326,1.);
#3326 = DIRECTION('',(-0.,-0.,-1.));
#3327 = PCURVE('',#1743,#3328);
#3328 = DEFINITIONAL_REPRESENTATION('',(#3329),#3333);
#3329 = LINE('',#3330,#3331);
#3330 = CARTESIAN_POINT('',(-2.309401076758,1.));
#3331 = VECTOR('',#3332,1.);
#3332 = DIRECTION('',(0.,1.));
#3333 = ( GEOMETRIC_REPRESENTATION_CONTEXT(2) 
PARAMETRIC_REPRESENTATION_CONTEXT() REPRESENTATION_CONTEXT('2D SPACE',''
  ) );
#3334 = PCURVE('',#1771,#3335);
#3335 = DEFINITIONAL_REPRESENTATION('',(#3336),#3340);
#3336 = LINE('',#3337,#3338);
#3337 = CARTESIAN_POINT('',(-2.309401076758,-1.));
#3338 = VECTOR('',#3339,1.);
#3339 = DIRECTION('',(0.,-1.));
#3340 = ( GEOMETRIC_REPRESENTATION_CONTEXT(2) 
PARAMETRIC_REPRESENTATION_CONTEXT() REPRESENTATION_CONTEXT('2D SPACE',''
  ) );
#3341 = ADVANCED_FACE('',(#3342),#1679,.T.);
#3342 = FACE_BOUND('',#3343,.T.);
#3343 = EDGE_LOOP('',(#3344,#3345,#3346,#3367));
#3344 = ORIENTED_EDGE('',*,*,#3252,.F.);
#3345 = ORIENTED_EDGE('',*,*,#2572,.T.);
#3346 = ORIENTED_EDGE('',*,*,#3347,.T.);
#3347 = EDGE_CURVE('',#2550,#1638,#3348,.T.);
#3348 = SURFACE_CURVE('',#3349,(#3353,#3360),.PCURVE_S1.);
#3349 = LINE('',#3350,#3351);
#3350 = CARTESIAN_POINT('',(2.118802153517,2.506713269719E-14,53.));
#3351 = VECTOR('',#3352,1.);
#3352 = DIRECTION('',(-0.,-0.,-1.));
#3353 = PCURVE('',#1679,#3354);
#3354 = DEFINITIONAL_REPRESENTATION('',(#3355),#3359);
#3355 = LINE('',#3356,#3357);
#3356 = CARTESIAN_POINT('',(-2.309401076758,4.));
#3357 = VECTOR('',#3358,1.);
#3358 = DIRECTION('',(-5.980877414373E-33,-1.));
#3359 = ( GEOMETRIC_REPRESENTATION_CONTEXT(2) 
PARAMETRIC_REPRESENTATION_CONTEXT() REPRESENTATION_CONTEXT('2D SPACE',''
  ) );
#3360 = PCURVE('',#1653,#3361);
#3361 = DEFINITIONAL_REPRESENTATION('',(#3362),#3366);
#3362 = LINE('',#3363,#3364);
#3363 = CARTESIAN_POINT('',(2.309401076759,4.));
#3364 = VECTOR('',#3365,1.);
#3365 = DIRECTION('',(0.,-1.));
#3366 = ( GEOMETRIC_REPRESENTATION_CONTEXT(2) 
PARAMETRIC_REPRESENTATION_CONTEXT() REPRESENTATION_CONTEXT('2D SPACE',''
  ) );
#3367 = ORIENTED_EDGE('',*,*,#1665,.F.);
#3368 = ADVANCED_FACE('',(#3369),#1653,.T.);
#3369 = FACE_BOUND('',#3370,.T.);
#3370 = EDGE_LOOP('',(#3371,#3372,#3373,#3394));
#3371 = ORIENTED_EDGE('',*,*,#3347,.F.);
#3372 = ORIENTED_EDGE('',*,*,#2549,.T.);
#3373 = ORIENTED_EDGE('',*,*,#3374,.T.);
#3374 = EDGE_CURVE('',#2527,#1610,#3375,.T.);
#3375 = SURFACE_CURVE('',#3376,(#3380,#3387),.PCURVE_S1.);
#3376 = LINE('',#3377,#3378);
#3377 = CARTESIAN_POINT('',(-0.190598923242,4.000000000001,53.));
#3378 = VECTOR('',#3379,1.);
#3379 = DIRECTION('',(-0.,-0.,-1.));
#3380 = PCURVE('',#1653,#3381);
#3381 = DEFINITIONAL_REPRESENTATION('',(#3382),#3386);
#3382 = LINE('',#3383,#3384);
#3383 = CARTESIAN_POINT('',(-2.309401076759,4.));
#3384 = VECTOR('',#3385,1.);
#3385 = DIRECTION('',(0.,-1.));
#3386 = ( GEOMETRIC_REPRESENTATION_CONTEXT(2) 
PARAMETRIC_REPRESENTATION_CONTEXT() REPRESENTATION_CONTEXT('2D SPACE',''
  ) );
#3387 = PCURVE('',#1625,#3388);
#3388 = DEFINITIONAL_REPRESENTATION('',(#3389),#3393);
#3389 = LINE('',#3390,#3391);
#3390 = CARTESIAN_POINT('',(-4.,2.309401076758));
#3391 = VECTOR('',#3392,1.);
#3392 = DIRECTION('',(1.,0.));
#3393 = ( GEOMETRIC_REPRESENTATION_CONTEXT(2) 
PARAMETRIC_REPRESENTATION_CONTEXT() REPRESENTATION_CONTEXT('2D SPACE',''
  ) );
#3394 = ORIENTED_EDGE('',*,*,#1637,.F.);
#3395 = ADVANCED_FACE('',(#3396),#1625,.T.);
#3396 = FACE_BOUND('',#3397,.T.);
#3397 = EDGE_LOOP('',(#3398,#3399,#3400,#3421));
#3398 = ORIENTED_EDGE('',*,*,#3374,.F.);
#3399 = ORIENTED_EDGE('',*,*,#2526,.T.);
#3400 = ORIENTED_EDGE('',*,*,#3401,.T.);
#3401 = EDGE_CURVE('',#2504,#1582,#3402,.T.);
#3402 = SURFACE_CURVE('',#3403,(#3407,#3414),.PCURVE_S1.);
#3403 = LINE('',#3404,#3405);
#3404 = CARTESIAN_POINT('',(-4.809401076758,4.000000000001,53.));
#3405 = VECTOR('',#3406,1.);
#3406 = DIRECTION('',(-0.,-0.,-1.));
#3407 = PCURVE('',#1625,#3408);
#3408 = DEFINITIONAL_REPRESENTATION('',(#3409),#3413);
#3409 = LINE('',#3410,#3411);
#3410 = CARTESIAN_POINT('',(-4.,-2.309401076758));
#3411 = VECTOR('',#3412,1.);
#3412 = DIRECTION('',(1.,0.));
#3413 = ( GEOMETRIC_REPRESENTATION_CONTEXT(2) 
PARAMETRIC_REPRESENTATION_CONTEXT() REPRESENTATION_CONTEXT('2D SPACE',''
  ) );
#3414 = PCURVE('',#1597,#3415);
#3415 = DEFINITIONAL_REPRESENTATION('',(#3416),#3420);
#3416 = LINE('',#3417,#3418);
#3417 = CARTESIAN_POINT('',(2.309401076759,4.));
#3418 = VECTOR('',#3419,1.);
#3419 = DIRECTION('',(-7.81396819547E-33,-1.));
#3420 = ( GEOMETRIC_REPRESENTATION_CONTEXT(2) 
PARAMETRIC_REPRESENTATION_CONTEXT() REPRESENTATION_CONTEXT('2D SPACE',''
  ) );
#3421 = ORIENTED_EDGE('',*,*,#1609,.F.);
#3422 = ADVANCED_FACE('',(#3423),#1827,.T.);
#3423 = FACE_BOUND('',#3424,.T.);
#3424 = EDGE_LOOP('',(#3425,#3426,#3447,#3448));
#3425 = ORIENTED_EDGE('',*,*,#2409,.T.);
#3426 = ORIENTED_EDGE('',*,*,#3427,.T.);
#3427 = EDGE_CURVE('',#2387,#1784,#3428,.T.);
#3428 = SURFACE_CURVE('',#3429,(#3433,#3440),.PCURVE_S1.);
#3429 = LINE('',#3430,#3431);
#3430 = CARTESIAN_POINT('',(35.190598923242,4.000000000001,53.));
#3431 = VECTOR('',#3432,1.);
#3432 = DIRECTION('',(-0.,-0.,-1.));
#3433 = PCURVE('',#1827,#3434);
#3434 = DEFINITIONAL_REPRESENTATION('',(#3435),#3439);
#3435 = LINE('',#3436,#3437);
#3436 = CARTESIAN_POINT('',(-4.,-2.309401076758));
#3437 = VECTOR('',#3438,1.);
#3438 = DIRECTION('',(1.,0.));
#3439 = ( GEOMETRIC_REPRESENTATION_CONTEXT(2) 
PARAMETRIC_REPRESENTATION_CONTEXT() REPRESENTATION_CONTEXT('2D SPACE',''
  ) );
#3440 = PCURVE('',#1799,#3441);
#3441 = DEFINITIONAL_REPRESENTATION('',(#3442),#3446);
#3442 = LINE('',#3443,#3444);
#3443 = CARTESIAN_POINT('',(2.309401076759,4.));
#3444 = VECTOR('',#3445,1.);
#3445 = DIRECTION('',(0.,-1.));
#3446 = ( GEOMETRIC_REPRESENTATION_CONTEXT(2) 
PARAMETRIC_REPRESENTATION_CONTEXT() REPRESENTATION_CONTEXT('2D SPACE',''
  ) );
#3447 = ORIENTED_EDGE('',*,*,#1811,.F.);
#3448 = ORIENTED_EDGE('',*,*,#3449,.F.);
#3449 = EDGE_CURVE('',#2410,#1812,#3450,.T.);
#3450 = SURFACE_CURVE('',#3451,(#3455,#3462),.PCURVE_S1.);
#3451 = LINE('',#3452,#3453);
#3452 = CARTESIAN_POINT('',(39.809401076758,4.000000000001,48.));
#3453 = VECTOR('',#3454,1.);
#3454 = DIRECTION('',(-0.,-0.,-1.));
#3455 = PCURVE('',#1827,#3456);
#3456 = DEFINITIONAL_REPRESENTATION('',(#3457),#3461);
#3457 = LINE('',#3458,#3459);
#3458 = CARTESIAN_POINT('',(1.,2.309401076758));
#3459 = VECTOR('',#3460,1.);
#3460 = DIRECTION('',(1.,0.));
#3461 = ( GEOMETRIC_REPRESENTATION_CONTEXT(2) 
PARAMETRIC_REPRESENTATION_CONTEXT() REPRESENTATION_CONTEXT('2D SPACE',''
  ) );
#3462 = PCURVE('',#1853,#3463);
#3463 = DEFINITIONAL_REPRESENTATION('',(#3464),#3468);
#3464 = LINE('',#3465,#3466);
#3465 = CARTESIAN_POINT('',(-2.309401076759,-1.));
#3466 = VECTOR('',#3467,1.);
#3467 = DIRECTION('',(0.,-1.));
#3468 = ( GEOMETRIC_REPRESENTATION_CONTEXT(2) 
PARAMETRIC_REPRESENTATION_CONTEXT() REPRESENTATION_CONTEXT('2D SPACE',''
  ) );
#3469 = ADVANCED_FACE('',(#3470),#1597,.T.);
#3470 = FACE_BOUND('',#3471,.T.);
#3471 = EDGE_LOOP('',(#3472,#3473,#3474,#3495));
#3472 = ORIENTED_EDGE('',*,*,#3401,.F.);
#3473 = ORIENTED_EDGE('',*,*,#2503,.T.);
#3474 = ORIENTED_EDGE('',*,*,#3475,.T.);
#3475 = EDGE_CURVE('',#2481,#1554,#3476,.T.);
#3476 = SURFACE_CURVE('',#3477,(#3481,#3488),.PCURVE_S1.);
#3477 = LINE('',#3478,#3479);
#3478 = CARTESIAN_POINT('',(-7.118802153517,2.479520825189E-14,53.));
#3479 = VECTOR('',#3480,1.);
#3480 = DIRECTION('',(-0.,-0.,-1.));
#3481 = PCURVE('',#1597,#3482);
#3482 = DEFINITIONAL_REPRESENTATION('',(#3483),#3487);
#3483 = LINE('',#3484,#3485);
#3484 = CARTESIAN_POINT('',(-2.309401076759,4.));
#3485 = VECTOR('',#3486,1.);
#3486 = DIRECTION('',(-7.81396819547E-33,-1.));
#3487 = ( GEOMETRIC_REPRESENTATION_CONTEXT(2) 
PARAMETRIC_REPRESENTATION_CONTEXT() REPRESENTATION_CONTEXT('2D SPACE',''
  ) );
#3488 = PCURVE('',#1569,#3489);
#3489 = DEFINITIONAL_REPRESENTATION('',(#3490),#3494);
#3490 = LINE('',#3491,#3492);
#3491 = CARTESIAN_POINT('',(2.309401076758,4.));
#3492 = VECTOR('',#3493,1.);
#3493 = DIRECTION('',(0.,-1.));
#3494 = ( GEOMETRIC_REPRESENTATION_CONTEXT(2) 
PARAMETRIC_REPRESENTATION_CONTEXT() REPRESENTATION_CONTEXT('2D SPACE',''
  ) );
#3495 = ORIENTED_EDGE('',*,*,#1581,.F.);
#3496 = ADVANCED_FACE('',(#3497),#1569,.T.);
#3497 = FACE_BOUND('',#3498,.T.);
#3498 = EDGE_LOOP('',(#3499,#3500,#3501,#3502));
#3499 = ORIENTED_EDGE('',*,*,#3475,.F.);
#3500 = ORIENTED_EDGE('',*,*,#2480,.T.);
#3501 = ORIENTED_EDGE('',*,*,#3274,.T.);
#3502 = ORIENTED_EDGE('',*,*,#1553,.F.);
#3503 = ADVANCED_FACE('',(#3504),#1715,.T.);
#3504 = FACE_BOUND('',#3505,.T.);
#3505 = EDGE_LOOP('',(#3506,#3507,#3508,#3529));
#3506 = ORIENTED_EDGE('',*,*,#3299,.F.);
#3507 = ORIENTED_EDGE('',*,*,#2315,.T.);
#3508 = ORIENTED_EDGE('',*,*,#3509,.T.);
#3509 = EDGE_CURVE('',#2318,#1700,#3510,.T.);
#3510 = SURFACE_CURVE('',#3511,(#3515,#3522),.PCURVE_S1.);
#3511 = LINE('',#3512,#3513);
#3512 = CARTESIAN_POINT('',(42.118802153517,1.81108474503E-13,53.));
#3513 = VECTOR('',#3514,1.);
#3514 = DIRECTION('',(-0.,-0.,-1.));
#3515 = PCURVE('',#1715,#3516);
#3516 = DEFINITIONAL_REPRESENTATION('',(#3517),#3521);
#3517 = LINE('',#3518,#3519);
#3518 = CARTESIAN_POINT('',(-2.309401076758,4.));
#3519 = VECTOR('',#3520,1.);
#3520 = DIRECTION('',(0.,-1.));
#3521 = ( GEOMETRIC_REPRESENTATION_CONTEXT(2) 
PARAMETRIC_REPRESENTATION_CONTEXT() REPRESENTATION_CONTEXT('2D SPACE',''
  ) );
#3522 = PCURVE('',#1853,#3523);
#3523 = DEFINITIONAL_REPRESENTATION('',(#3524),#3528);
#3524 = LINE('',#3525,#3526);
#3525 = CARTESIAN_POINT('',(2.309401076759,4.));
#3526 = VECTOR('',#3527,1.);
#3527 = DIRECTION('',(0.,-1.));
#3528 = ( GEOMETRIC_REPRESENTATION_CONTEXT(2) 
PARAMETRIC_REPRESENTATION_CONTEXT() REPRESENTATION_CONTEXT('2D SPACE',''
  ) );
#3529 = ORIENTED_EDGE('',*,*,#1697,.F.);
#3530 = ADVANCED_FACE('',(#3531),#1853,.T.);
#3531 = FACE_BOUND('',#3532,.T.);
#3532 = EDGE_LOOP('',(#3533,#3534,#3535,#3536));
#3533 = ORIENTED_EDGE('',*,*,#3509,.F.);
#3534 = ORIENTED_EDGE('',*,*,#2432,.T.);
#3535 = ORIENTED_EDGE('',*,*,#3449,.T.);
#3536 = ORIENTED_EDGE('',*,*,#1839,.F.);
#3537 = ADVANCED_FACE('',(#3538),#1799,.T.);
#3538 = FACE_BOUND('',#3539,.T.);
#3539 = EDGE_LOOP('',(#3540,#3541,#3542,#3563));
#3540 = ORIENTED_EDGE('',*,*,#3427,.F.);
#3541 = ORIENTED_EDGE('',*,*,#2386,.T.);
#3542 = ORIENTED_EDGE('',*,*,#3543,.T.);
#3543 = EDGE_CURVE('',#2364,#1756,#3544,.T.);
#3544 = SURFACE_CURVE('',#3545,(#3549,#3556),.PCURVE_S1.);
#3545 = LINE('',#3546,#3547);
#3546 = CARTESIAN_POINT('',(32.881197846483,-1.749509594648E-13,53.));
#3547 = VECTOR('',#3548,1.);
#3548 = DIRECTION('',(-0.,-0.,-1.));
#3549 = PCURVE('',#1799,#3550);
#3550 = DEFINITIONAL_REPRESENTATION('',(#3551),#3555);
#3551 = LINE('',#3552,#3553);
#3552 = CARTESIAN_POINT('',(-2.309401076759,4.));
#3553 = VECTOR('',#3554,1.);
#3554 = DIRECTION('',(0.,-1.));
#3555 = ( GEOMETRIC_REPRESENTATION_CONTEXT(2) 
PARAMETRIC_REPRESENTATION_CONTEXT() REPRESENTATION_CONTEXT('2D SPACE',''
  ) );
#3556 = PCURVE('',#1771,#3557);
#3557 = DEFINITIONAL_REPRESENTATION('',(#3558),#3562);
#3558 = LINE('',#3559,#3560);
#3559 = CARTESIAN_POINT('',(2.309401076758,4.));
#3560 = VECTOR('',#3561,1.);
#3561 = DIRECTION('',(0.,-1.));
#3562 = ( GEOMETRIC_REPRESENTATION_CONTEXT(2) 
PARAMETRIC_REPRESENTATION_CONTEXT() REPRESENTATION_CONTEXT('2D SPACE',''
  ) );
#3563 = ORIENTED_EDGE('',*,*,#1783,.F.);
#3564 = ADVANCED_FACE('',(#3565),#1771,.T.);
#3565 = FACE_BOUND('',#3566,.T.);
#3566 = EDGE_LOOP('',(#3567,#3568,#3569,#3570));
#3567 = ORIENTED_EDGE('',*,*,#3543,.F.);
#3568 = ORIENTED_EDGE('',*,*,#2363,.T.);
#3569 = ORIENTED_EDGE('',*,*,#3321,.T.);
#3570 = ORIENTED_EDGE('',*,*,#1755,.F.);
#3571 = ADVANCED_FACE('',(#3572),#2027,.T.);
#3572 = FACE_BOUND('',#3573,.T.);
#3573 = EDGE_LOOP('',(#3574,#3575,#3576,#3597));
#3574 = ORIENTED_EDGE('',*,*,#3074,.F.);
#3575 = ORIENTED_EDGE('',*,*,#2712,.T.);
#3576 = ORIENTED_EDGE('',*,*,#3577,.T.);
#3577 = EDGE_CURVE('',#2690,#1986,#3578,.T.);
#3578 = SURFACE_CURVE('',#3579,(#3583,#3590),.PCURVE_S1.);
#3579 = LINE('',#3580,#3581);
#3580 = CARTESIAN_POINT('',(17.5,24.618802153517,53.));
#3581 = VECTOR('',#3582,1.);
#3582 = DIRECTION('',(-0.,-0.,-1.));
#3583 = PCURVE('',#2027,#3584);
#3584 = DEFINITIONAL_REPRESENTATION('',(#3585),#3589);
#3585 = LINE('',#3586,#3587);
#3586 = CARTESIAN_POINT('',(2.309401076759,-4.));
#3587 = VECTOR('',#3588,1.);
#3588 = DIRECTION('',(9.926063456993E-33,1.));
#3589 = ( GEOMETRIC_REPRESENTATION_CONTEXT(2) 
PARAMETRIC_REPRESENTATION_CONTEXT() REPRESENTATION_CONTEXT('2D SPACE',''
  ) );
#3590 = PCURVE('',#2001,#3591);
#3591 = DEFINITIONAL_REPRESENTATION('',(#3592),#3596);
#3592 = LINE('',#3593,#3594);
#3593 = CARTESIAN_POINT('',(-2.309401076758,-4.));
#3594 = VECTOR('',#3595,1.);
#3595 = DIRECTION('',(3.411367952347E-33,1.));
#3596 = ( GEOMETRIC_REPRESENTATION_CONTEXT(2) 
PARAMETRIC_REPRESENTATION_CONTEXT() REPRESENTATION_CONTEXT('2D SPACE',''
  ) );
#3597 = ORIENTED_EDGE('',*,*,#2013,.F.);
#3598 = ADVANCED_FACE('',(#3599),#2001,.T.);
#3599 = FACE_BOUND('',#3600,.T.);
#3600 = EDGE_LOOP('',(#3601,#3602,#3603,#3604));
#3601 = ORIENTED_EDGE('',*,*,#3577,.F.);
#3602 = ORIENTED_EDGE('',*,*,#2689,.T.);
#3603 = ORIENTED_EDGE('',*,*,#2920,.T.);
#3604 = ORIENTED_EDGE('',*,*,#1985,.F.);
#3605 = ADVANCED_FACE('',(#3606),#1945,.T.);
#3606 = FACE_BOUND('',#3607,.T.);
#3607 = EDGE_LOOP('',(#3608,#3609,#3610,#3631));
#3608 = ORIENTED_EDGE('',*,*,#2898,.F.);
#3609 = ORIENTED_EDGE('',*,*,#2643,.T.);
#3610 = ORIENTED_EDGE('',*,*,#3611,.T.);
#3611 = EDGE_CURVE('',#2621,#1902,#3612,.T.);
#3612 = SURFACE_CURVE('',#3613,(#3617,#3624),.PCURVE_S1.);
#3613 = LINE('',#3614,#3615);
#3614 = CARTESIAN_POINT('',(17.5,15.381197846483,53.));
#3615 = VECTOR('',#3616,1.);
#3616 = DIRECTION('',(-0.,-0.,-1.));
#3617 = PCURVE('',#1945,#3618);
#3618 = DEFINITIONAL_REPRESENTATION('',(#3619),#3623);
#3619 = LINE('',#3620,#3621);
#3620 = CARTESIAN_POINT('',(2.309401076758,-4.));
#3621 = VECTOR('',#3622,1.);
#3622 = DIRECTION('',(0.,1.));
#3623 = ( GEOMETRIC_REPRESENTATION_CONTEXT(2) 
PARAMETRIC_REPRESENTATION_CONTEXT() REPRESENTATION_CONTEXT('2D SPACE',''
  ) );
#3624 = PCURVE('',#1917,#3625);
#3625 = DEFINITIONAL_REPRESENTATION('',(#3626),#3630);
#3626 = LINE('',#3627,#3628);
#3627 = CARTESIAN_POINT('',(-2.309401076759,-4.));
#3628 = VECTOR('',#3629,1.);
#3629 = DIRECTION('',(-3.622105815793E-33,1.));
#3630 = ( GEOMETRIC_REPRESENTATION_CONTEXT(2) 
PARAMETRIC_REPRESENTATION_CONTEXT() REPRESENTATION_CONTEXT('2D SPACE',''
  ) );
#3631 = ORIENTED_EDGE('',*,*,#1929,.F.);
#3632 = ADVANCED_FACE('',(#3633),#1917,.T.);
#3633 = FACE_BOUND('',#3634,.T.);
#3634 = EDGE_LOOP('',(#3635,#3636,#3637,#3638));
#3635 = ORIENTED_EDGE('',*,*,#3611,.F.);
#3636 = ORIENTED_EDGE('',*,*,#2620,.T.);
#3637 = ORIENTED_EDGE('',*,*,#3096,.T.);
#3638 = ORIENTED_EDGE('',*,*,#1901,.F.);
#3639 = ADVANCED_FACE('',(#3640),#2861,.T.);
#3640 = FACE_BOUND('',#3641,.T.);
#3641 = EDGE_LOOP('',(#3642,#3643,#3644,#3665));
#3642 = ORIENTED_EDGE('',*,*,#2845,.T.);
#3643 = ORIENTED_EDGE('',*,*,#3145,.F.);
#3644 = ORIENTED_EDGE('',*,*,#3645,.F.);
#3645 = EDGE_CURVE('',#2947,#3123,#3646,.T.);
#3646 = SURFACE_CURVE('',#3647,(#3651,#3658),.PCURVE_S1.);
#3647 = LINE('',#3648,#3649);
#3648 = CARTESIAN_POINT('',(17.500000000016,-15.3811978464,48.));
#3649 = VECTOR('',#3650,1.);
#3650 = DIRECTION('',(-0.,-0.,-1.));
#3651 = PCURVE('',#2861,#3652);
#3652 = DEFINITIONAL_REPRESENTATION('',(#3653),#3657);
#3653 = LINE('',#3654,#3655);
#3654 = CARTESIAN_POINT('',(-2.309401076787,-0.999999999997));
#3655 = VECTOR('',#3656,1.);
#3656 = DIRECTION('',(-6.152148273429E-29,1.));
#3657 = ( GEOMETRIC_REPRESENTATION_CONTEXT(2) 
PARAMETRIC_REPRESENTATION_CONTEXT() REPRESENTATION_CONTEXT('2D SPACE',''
  ) );
#3658 = PCURVE('',#2985,#3659);
#3659 = DEFINITIONAL_REPRESENTATION('',(#3660),#3664);
#3660 = LINE('',#3661,#3662);
#3661 = CARTESIAN_POINT('',(2.309401076794,-1.));
#3662 = VECTOR('',#3663,1.);
#3663 = DIRECTION('',(-7.68860252404E-29,1.));
#3664 = ( GEOMETRIC_REPRESENTATION_CONTEXT(2) 
PARAMETRIC_REPRESENTATION_CONTEXT() REPRESENTATION_CONTEXT('2D SPACE',''
  ) );
#3665 = ORIENTED_EDGE('',*,*,#2946,.F.);
#3666 = ADVANCED_FACE('',(#3667),#2985,.T.);
#3667 = FACE_BOUND('',#3668,.T.);
#3668 = EDGE_LOOP('',(#3669,#3670,#3671,#3672));
#3669 = ORIENTED_EDGE('',*,*,#2969,.F.);
#3670 = ORIENTED_EDGE('',*,*,#3645,.T.);
#3671 = ORIENTED_EDGE('',*,*,#3122,.F.);
#3672 = ORIENTED_EDGE('',*,*,#3026,.F.);
#3673 = ADVANCED_FACE('',(#3674),#737,.T.);
#3674 = FACE_BOUND('',#3675,.F.);
#3675 = EDGE_LOOP('',(#3676,#3677,#3678,#3679));
#3676 = ORIENTED_EDGE('',*,*,#3197,.F.);
#3677 = ORIENTED_EDGE('',*,*,#2279,.T.);
#3678 = ORIENTED_EDGE('',*,*,#2045,.F.);
#3679 = ORIENTED_EDGE('',*,*,#716,.T.);
#3680 = ADVANCED_FACE('',(#3681),#798,.T.);
#3681 = FACE_BOUND('',#3682,.F.);
#3682 = EDGE_LOOP('',(#3683,#3684,#3685,#3686));
#3683 = ORIENTED_EDGE('',*,*,#3226,.F.);
#3684 = ORIENTED_EDGE('',*,*,#2232,.T.);
#3685 = ORIENTED_EDGE('',*,*,#3175,.F.);
#3686 = ORIENTED_EDGE('',*,*,#777,.T.);
#3687 = ( GEOMETRIC_REPRESENTATION_CONTEXT(3) 
GLOBAL_UNCERTAINTY_ASSIGNED_CONTEXT((#3691)) 
GLOBAL_UNIT_ASSIGNED_CONTEXT((#3688,#3689,#3690)) REPRESENTATION_CONTEXT
('Context #1','3D Context with UNIT and UNCERTAINTY') );
#3688 = ( LENGTH_UNIT() NAMED_UNIT(*) SI_UNIT(.MILLI.,.METRE.) );
#3689 = ( NAMED_UNIT(*) PLANE_ANGLE_UNIT() SI_UNIT($,.RADIAN.) );
#3690 = ( NAMED_UNIT(*) SI_UNIT($,.STERADIAN.) SOLID_ANGLE_UNIT() );
#3691 = UNCERTAINTY_MEASURE_WITH_UNIT(LENGTH_MEASURE(5.E-07),#3688,
  'distance_accuracy_value','confusion accuracy');
#3692 = CONTEXT_DEPENDENT_SHAPE_REPRESENTATION(#3693,#3695);
#3693 = ( REPRESENTATION_RELATIONSHIP('','',#36,#10) 
REPRESENTATION_RELATIONSHIP_WITH_TRANSFORMATION(#3694) 
SHAPE_REPRESENTATION_RELATIONSHIP() );
#3694 = ITEM_DEFINED_TRANSFORMATION('','',#11,#15);
#3695 = PRODUCT_DEFINITION_SHAPE('Placement','Placement of an item',
  #3696);
#3696 = NEXT_ASSEMBLY_USAGE_OCCURRENCE('11','Body','',#5,#31,$);
#3697 = PRODUCT_RELATED_PRODUCT_CATEGORY('part',$,(#33));
#3698 = SHAPE_DEFINITION_REPRESENTATION(#3699,#3705);
#3699 = PRODUCT_DEFINITION_SHAPE('','',#3700);
#3700 = PRODUCT_DEFINITION('design','',#3701,#3704);
#3701 = PRODUCT_DEFINITION_FORMATION('','',#3702);
#3702 = PRODUCT('Body005','Body005','',(#3703));
#3703 = PRODUCT_CONTEXT('',#2,'mechanical');
#3704 = PRODUCT_DEFINITION_CONTEXT('part definition',#2,'design');
#3705 = ADVANCED_BREP_SHAPE_REPRESENTATION('',(#11,#3706),#9444);
#3706 = MANIFOLD_SOLID_BREP('',#3707);
#3707 = CLOSED_SHELL('',(#3708,#3828,#3904,#3981,#4510,#4592,#4668,#4745
    ,#5155,#5237,#5514,#5567,#5595,#5794,#5865,#5914,#5963,#6012,#6061,
    #6088,#6116,#6143,#6517,#6627,#6726,#6854,#6903,#7043,#7118,#7228,
    #7327,#7455,#7504,#7634,#7709,#7736,#7763,#7790,#7817,#7892,#7900,
    #8004,#8075,#8124,#8152,#8159,#8186,#8213,#8221,#8250,#8277,#8284,
    #8338,#8392,#8446,#8720,#8791,#8840,#8911,#8960,#9014,#9043,#9072,
    #9101,#9130,#9141,#9152,#9259,#9330,#9379,#9430,#9437));
#3708 = ADVANCED_FACE('',(#3709),#3723,.T.);
#3709 = FACE_BOUND('',#3710,.T.);
#3710 = EDGE_LOOP('',(#3711,#3746,#3774,#3802));
#3711 = ORIENTED_EDGE('',*,*,#3712,.F.);
#3712 = EDGE_CURVE('',#3713,#3715,#3717,.T.);
#3713 = VERTEX_POINT('',#3714);
#3714 = CARTESIAN_POINT('',(44.87128129211,-22.29999999996,53.));
#3715 = VERTEX_POINT('',#3716);
#3716 = CARTESIAN_POINT('',(47.64256258422,-17.49999999996,53.));
#3717 = SURFACE_CURVE('',#3718,(#3722,#3734),.PCURVE_S1.);
#3718 = LINE('',#3719,#3720);
#3719 = CARTESIAN_POINT('',(44.87128129211,-22.29999999996,53.));
#3720 = VECTOR('',#3721,1.);
#3721 = DIRECTION('',(0.5,0.866025403784,0.));
#3722 = PCURVE('',#3723,#3728);
#3723 = PLANE('',#3724);
#3724 = AXIS2_PLACEMENT_3D('',#3725,#3726,#3727);
#3725 = CARTESIAN_POINT('',(44.87128129211,-22.29999999996,53.));
#3726 = DIRECTION('',(-0.866025403784,0.5,0.));
#3727 = DIRECTION('',(0.5,0.866025403784,0.));
#3728 = DEFINITIONAL_REPRESENTATION('',(#3729),#3733);
#3729 = LINE('',#3730,#3731);
#3730 = CARTESIAN_POINT('',(0.,0.));
#3731 = VECTOR('',#3732,1.);
#3732 = DIRECTION('',(1.,0.));
#3733 = ( GEOMETRIC_REPRESENTATION_CONTEXT(2) 
PARAMETRIC_REPRESENTATION_CONTEXT() REPRESENTATION_CONTEXT('2D SPACE',''
  ) );
#3734 = PCURVE('',#3735,#3740);
#3735 = PLANE('',#3736);
#3736 = AXIS2_PLACEMENT_3D('',#3737,#3738,#3739);
#3737 = CARTESIAN_POINT('',(12.,8.191505442985E-14,53.));
#3738 = DIRECTION('',(-0.,-0.,-1.));
#3739 = DIRECTION('',(-1.,0.,0.));
#3740 = DEFINITIONAL_REPRESENTATION('',(#3741),#3745);
#3741 = LINE('',#3742,#3743);
#3742 = CARTESIAN_POINT('',(-32.87128129211,-22.29999999996));
#3743 = VECTOR('',#3744,1.);
#3744 = DIRECTION('',(-0.5,0.866025403784));
#3745 = ( GEOMETRIC_REPRESENTATION_CONTEXT(2) 
PARAMETRIC_REPRESENTATION_CONTEXT() REPRESENTATION_CONTEXT('2D SPACE',''
  ) );
#3746 = ORIENTED_EDGE('',*,*,#3747,.T.);
#3747 = EDGE_CURVE('',#3713,#3748,#3750,.T.);
#3748 = VERTEX_POINT('',#3749);
#3749 = CARTESIAN_POINT('',(44.87128129211,-22.29999999998,59.2));
#3750 = SURFACE_CURVE('',#3751,(#3755,#3762),.PCURVE_S1.);
#3751 = LINE('',#3752,#3753);
#3752 = CARTESIAN_POINT('',(44.87128129211,-22.29999999996,53.));
#3753 = VECTOR('',#3754,1.);
#3754 = DIRECTION('',(0.,0.,1.));
#3755 = PCURVE('',#3723,#3756);
#3756 = DEFINITIONAL_REPRESENTATION('',(#3757),#3761);
#3757 = LINE('',#3758,#3759);
#3758 = CARTESIAN_POINT('',(0.,0.));
#3759 = VECTOR('',#3760,1.);
#3760 = DIRECTION('',(0.,-1.));
#3761 = ( GEOMETRIC_REPRESENTATION_CONTEXT(2) 
PARAMETRIC_REPRESENTATION_CONTEXT() REPRESENTATION_CONTEXT('2D SPACE',''
  ) );
#3762 = PCURVE('',#3763,#3768);
#3763 = PLANE('',#3764);
#3764 = AXIS2_PLACEMENT_3D('',#3765,#3766,#3767);
#3765 = CARTESIAN_POINT('',(43.895223286868,-22.29999999997,
    58.769136067077));
#3766 = DIRECTION('',(3.217176819239E-12,1.,1.139859335802E-12));
#3767 = DIRECTION('',(1.,-3.217176819239E-12,5.401749887625E-41));
#3768 = DEFINITIONAL_REPRESENTATION('',(#3769),#3773);
#3769 = LINE('',#3770,#3771);
#3770 = CARTESIAN_POINT('',(0.976058005242,5.769136067077));
#3771 = VECTOR('',#3772,1.);
#3772 = DIRECTION('',(5.401749887625E-41,-1.));
#3773 = ( GEOMETRIC_REPRESENTATION_CONTEXT(2) 
PARAMETRIC_REPRESENTATION_CONTEXT() REPRESENTATION_CONTEXT('2D SPACE',''
  ) );
#3774 = ORIENTED_EDGE('',*,*,#3775,.T.);
#3775 = EDGE_CURVE('',#3748,#3776,#3778,.T.);
#3776 = VERTEX_POINT('',#3777);
#3777 = CARTESIAN_POINT('',(47.64256258422,-17.49999999996,59.2));
#3778 = SURFACE_CURVE('',#3779,(#3783,#3790),.PCURVE_S1.);
#3779 = LINE('',#3780,#3781);
#3780 = CARTESIAN_POINT('',(41.112582068779,-28.81025802514,59.2));
#3781 = VECTOR('',#3782,1.);
#3782 = DIRECTION('',(0.5,0.866025403784,0.));
#3783 = PCURVE('',#3723,#3784);
#3784 = DEFINITIONAL_REPRESENTATION('',(#3785),#3789);
#3785 = LINE('',#3786,#3787);
#3786 = CARTESIAN_POINT('',(-7.517398446663,-6.2));
#3787 = VECTOR('',#3788,1.);
#3788 = DIRECTION('',(1.,0.));
#3789 = ( GEOMETRIC_REPRESENTATION_CONTEXT(2) 
PARAMETRIC_REPRESENTATION_CONTEXT() REPRESENTATION_CONTEXT('2D SPACE',''
  ) );
#3790 = PCURVE('',#3791,#3796);
#3791 = PLANE('',#3792);
#3792 = AXIS2_PLACEMENT_3D('',#3793,#3794,#3795);
#3793 = CARTESIAN_POINT('',(12.,-20.68244496449,59.2));
#3794 = DIRECTION('',(0.,0.,1.));
#3795 = DIRECTION('',(1.,0.,0.));
#3796 = DEFINITIONAL_REPRESENTATION('',(#3797),#3801);
#3797 = LINE('',#3798,#3799);
#3798 = CARTESIAN_POINT('',(29.112582068779,-8.127813060642));
#3799 = VECTOR('',#3800,1.);
#3800 = DIRECTION('',(0.5,0.866025403784));
#3801 = ( GEOMETRIC_REPRESENTATION_CONTEXT(2) 
PARAMETRIC_REPRESENTATION_CONTEXT() REPRESENTATION_CONTEXT('2D SPACE',''
  ) );
#3802 = ORIENTED_EDGE('',*,*,#3803,.F.);
#3803 = EDGE_CURVE('',#3715,#3776,#3804,.T.);
#3804 = SURFACE_CURVE('',#3805,(#3809,#3816),.PCURVE_S1.);
#3805 = LINE('',#3806,#3807);
#3806 = CARTESIAN_POINT('',(47.64256258422,-17.49999999996,53.));
#3807 = VECTOR('',#3808,1.);
#3808 = DIRECTION('',(0.,0.,1.));
#3809 = PCURVE('',#3723,#3810);
#3810 = DEFINITIONAL_REPRESENTATION('',(#3811),#3815);
#3811 = LINE('',#3812,#3813);
#3812 = CARTESIAN_POINT('',(5.54256258422,0.));
#3813 = VECTOR('',#3814,1.);
#3814 = DIRECTION('',(0.,-1.));
#3815 = ( GEOMETRIC_REPRESENTATION_CONTEXT(2) 
PARAMETRIC_REPRESENTATION_CONTEXT() REPRESENTATION_CONTEXT('2D SPACE',''
  ) );
#3816 = PCURVE('',#3817,#3822);
#3817 = PLANE('',#3818);
#3818 = AXIS2_PLACEMENT_3D('',#3819,#3820,#3821);
#3819 = CARTESIAN_POINT('',(47.64256258422,-17.49999999996,53.));
#3820 = DIRECTION('',(-0.866025403784,-0.5,0.));
#3821 = DIRECTION('',(-0.5,0.866025403784,0.));
#3822 = DEFINITIONAL_REPRESENTATION('',(#3823),#3827);
#3823 = LINE('',#3824,#3825);
#3824 = CARTESIAN_POINT('',(0.,0.));
#3825 = VECTOR('',#3826,1.);
#3826 = DIRECTION('',(0.,-1.));
#3827 = ( GEOMETRIC_REPRESENTATION_CONTEXT(2) 
PARAMETRIC_REPRESENTATION_CONTEXT() REPRESENTATION_CONTEXT('2D SPACE',''
  ) );
#3828 = ADVANCED_FACE('',(#3829),#3817,.T.);
#3829 = FACE_BOUND('',#3830,.T.);
#3830 = EDGE_LOOP('',(#3831,#3854,#3855,#3878));
#3831 = ORIENTED_EDGE('',*,*,#3832,.F.);
#3832 = EDGE_CURVE('',#3715,#3833,#3835,.T.);
#3833 = VERTEX_POINT('',#3834);
#3834 = CARTESIAN_POINT('',(44.87128129211,-12.69999999996,53.));
#3835 = SURFACE_CURVE('',#3836,(#3840,#3847),.PCURVE_S1.);
#3836 = LINE('',#3837,#3838);
#3837 = CARTESIAN_POINT('',(47.64256258422,-17.49999999996,53.));
#3838 = VECTOR('',#3839,1.);
#3839 = DIRECTION('',(-0.5,0.866025403784,0.));
#3840 = PCURVE('',#3817,#3841);
#3841 = DEFINITIONAL_REPRESENTATION('',(#3842),#3846);
#3842 = LINE('',#3843,#3844);
#3843 = CARTESIAN_POINT('',(0.,0.));
#3844 = VECTOR('',#3845,1.);
#3845 = DIRECTION('',(1.,0.));
#3846 = ( GEOMETRIC_REPRESENTATION_CONTEXT(2) 
PARAMETRIC_REPRESENTATION_CONTEXT() REPRESENTATION_CONTEXT('2D SPACE',''
  ) );
#3847 = PCURVE('',#3735,#3848);
#3848 = DEFINITIONAL_REPRESENTATION('',(#3849),#3853);
#3849 = LINE('',#3850,#3851);
#3850 = CARTESIAN_POINT('',(-35.64256258422,-17.49999999996));
#3851 = VECTOR('',#3852,1.);
#3852 = DIRECTION('',(0.5,0.866025403784));
#3853 = ( GEOMETRIC_REPRESENTATION_CONTEXT(2) 
PARAMETRIC_REPRESENTATION_CONTEXT() REPRESENTATION_CONTEXT('2D SPACE',''
  ) );
#3854 = ORIENTED_EDGE('',*,*,#3803,.T.);
#3855 = ORIENTED_EDGE('',*,*,#3856,.T.);
#3856 = EDGE_CURVE('',#3776,#3857,#3859,.T.);
#3857 = VERTEX_POINT('',#3858);
#3858 = CARTESIAN_POINT('',(44.87128129211,-12.69999999996,59.2));
#3859 = SURFACE_CURVE('',#3860,(#3864,#3871),.PCURVE_S1.);
#3860 = LINE('',#3861,#3862);
#3861 = CARTESIAN_POINT('',(43.876261807552,-10.97657569818,59.2));
#3862 = VECTOR('',#3863,1.);
#3863 = DIRECTION('',(-0.5,0.866025403784,0.));
#3864 = PCURVE('',#3817,#3865);
#3865 = DEFINITIONAL_REPRESENTATION('',(#3866),#3870);
#3866 = LINE('',#3867,#3868);
#3867 = CARTESIAN_POINT('',(7.532601553337,-6.2));
#3868 = VECTOR('',#3869,1.);
#3869 = DIRECTION('',(1.,0.));
#3870 = ( GEOMETRIC_REPRESENTATION_CONTEXT(2) 
PARAMETRIC_REPRESENTATION_CONTEXT() REPRESENTATION_CONTEXT('2D SPACE',''
  ) );
#3871 = PCURVE('',#3791,#3872);
#3872 = DEFINITIONAL_REPRESENTATION('',(#3873),#3877);
#3873 = LINE('',#3874,#3875);
#3874 = CARTESIAN_POINT('',(31.876261807552,9.705869266314));
#3875 = VECTOR('',#3876,1.);
#3876 = DIRECTION('',(-0.5,0.866025403784));
#3877 = ( GEOMETRIC_REPRESENTATION_CONTEXT(2) 
PARAMETRIC_REPRESENTATION_CONTEXT() REPRESENTATION_CONTEXT('2D SPACE',''
  ) );
#3878 = ORIENTED_EDGE('',*,*,#3879,.F.);
#3879 = EDGE_CURVE('',#3833,#3857,#3880,.T.);
#3880 = SURFACE_CURVE('',#3881,(#3885,#3892),.PCURVE_S1.);
#3881 = LINE('',#3882,#3883);
#3882 = CARTESIAN_POINT('',(44.87128129211,-12.69999999996,53.));
#3883 = VECTOR('',#3884,1.);
#3884 = DIRECTION('',(0.,0.,1.));
#3885 = PCURVE('',#3817,#3886);
#3886 = DEFINITIONAL_REPRESENTATION('',(#3887),#3891);
#3887 = LINE('',#3888,#3889);
#3888 = CARTESIAN_POINT('',(5.54256258422,0.));
#3889 = VECTOR('',#3890,1.);
#3890 = DIRECTION('',(0.,-1.));
#3891 = ( GEOMETRIC_REPRESENTATION_CONTEXT(2) 
PARAMETRIC_REPRESENTATION_CONTEXT() REPRESENTATION_CONTEXT('2D SPACE',''
  ) );
#3892 = PCURVE('',#3893,#3898);
#3893 = PLANE('',#3894);
#3894 = AXIS2_PLACEMENT_3D('',#3895,#3896,#3897);
#3895 = CARTESIAN_POINT('',(43.895223286868,-12.69999999996,
    58.769136067077));
#3896 = DIRECTION('',(-0.,-1.,-0.));
#3897 = DIRECTION('',(0.,0.,-1.));
#3898 = DEFINITIONAL_REPRESENTATION('',(#3899),#3903);
#3899 = LINE('',#3900,#3901);
#3900 = CARTESIAN_POINT('',(5.769136067077,0.976058005242));
#3901 = VECTOR('',#3902,1.);
#3902 = DIRECTION('',(-1.,0.));
#3903 = ( GEOMETRIC_REPRESENTATION_CONTEXT(2) 
PARAMETRIC_REPRESENTATION_CONTEXT() REPRESENTATION_CONTEXT('2D SPACE',''
  ) );
#3904 = ADVANCED_FACE('',(#3905),#3791,.T.);
#3905 = FACE_BOUND('',#3906,.T.);
#3906 = EDGE_LOOP('',(#3907,#3908,#3931,#3959,#3980));
#3907 = ORIENTED_EDGE('',*,*,#3775,.F.);
#3908 = ORIENTED_EDGE('',*,*,#3909,.F.);
#3909 = EDGE_CURVE('',#3910,#3748,#3912,.T.);
#3910 = VERTEX_POINT('',#3911);
#3911 = CARTESIAN_POINT('',(50.,-22.3,59.2));
#3912 = SURFACE_CURVE('',#3913,(#3917,#3924),.PCURVE_S1.);
#3913 = LINE('',#3914,#3915);
#3914 = CARTESIAN_POINT('',(50.,-22.3,59.2));
#3915 = VECTOR('',#3916,1.);
#3916 = DIRECTION('',(-1.,0.,0.));
#3917 = PCURVE('',#3791,#3918);
#3918 = DEFINITIONAL_REPRESENTATION('',(#3919),#3923);
#3919 = LINE('',#3920,#3921);
#3920 = CARTESIAN_POINT('',(38.,-1.617555035502));
#3921 = VECTOR('',#3922,1.);
#3922 = DIRECTION('',(-1.,0.));
#3923 = ( GEOMETRIC_REPRESENTATION_CONTEXT(2) 
PARAMETRIC_REPRESENTATION_CONTEXT() REPRESENTATION_CONTEXT('2D SPACE',''
  ) );
#3924 = PCURVE('',#3763,#3925);
#3925 = DEFINITIONAL_REPRESENTATION('',(#3926),#3930);
#3926 = LINE('',#3927,#3928);
#3927 = CARTESIAN_POINT('',(6.104776713132,-0.430863932923));
#3928 = VECTOR('',#3929,1.);
#3929 = DIRECTION('',(-1.,-3.667129032334E-24));
#3930 = ( GEOMETRIC_REPRESENTATION_CONTEXT(2) 
PARAMETRIC_REPRESENTATION_CONTEXT() REPRESENTATION_CONTEXT('2D SPACE',''
  ) );
#3931 = ORIENTED_EDGE('',*,*,#3932,.F.);
#3932 = EDGE_CURVE('',#3933,#3910,#3935,.T.);
#3933 = VERTEX_POINT('',#3934);
#3934 = CARTESIAN_POINT('',(50.,-12.69999999996,59.2));
#3935 = SURFACE_CURVE('',#3936,(#3940,#3947),.PCURVE_S1.);
#3936 = LINE('',#3937,#3938);
#3937 = CARTESIAN_POINT('',(50.,-12.69999999996,59.2));
#3938 = VECTOR('',#3939,1.);
#3939 = DIRECTION('',(0.,-1.,0.));
#3940 = PCURVE('',#3791,#3941);
#3941 = DEFINITIONAL_REPRESENTATION('',(#3942),#3946);
#3942 = LINE('',#3943,#3944);
#3943 = CARTESIAN_POINT('',(38.,7.982444964538));
#3944 = VECTOR('',#3945,1.);
#3945 = DIRECTION('',(0.,-1.));
#3946 = ( GEOMETRIC_REPRESENTATION_CONTEXT(2) 
PARAMETRIC_REPRESENTATION_CONTEXT() REPRESENTATION_CONTEXT('2D SPACE',''
  ) );
#3947 = PCURVE('',#3948,#3953);
#3948 = PLANE('',#3949);
#3949 = AXIS2_PLACEMENT_3D('',#3950,#3951,#3952);
#3950 = CARTESIAN_POINT('',(50.,-0.263601036268,60.447279792746));
#3951 = DIRECTION('',(1.,0.,5.876218498085E-16));
#3952 = DIRECTION('',(-5.876218498085E-16,0.,1.));
#3953 = DEFINITIONAL_REPRESENTATION('',(#3954),#3958);
#3954 = LINE('',#3955,#3956);
#3955 = CARTESIAN_POINT('',(-1.247279792746,12.436398963692));
#3956 = VECTOR('',#3957,1.);
#3957 = DIRECTION('',(0.,1.));
#3958 = ( GEOMETRIC_REPRESENTATION_CONTEXT(2) 
PARAMETRIC_REPRESENTATION_CONTEXT() REPRESENTATION_CONTEXT('2D SPACE',''
  ) );
#3959 = ORIENTED_EDGE('',*,*,#3960,.F.);
#3960 = EDGE_CURVE('',#3857,#3933,#3961,.T.);
#3961 = SURFACE_CURVE('',#3962,(#3966,#3973),.PCURVE_S1.);
#3962 = LINE('',#3963,#3964);
#3963 = CARTESIAN_POINT('',(39.32871870789,-12.69999999996,59.2));
#3964 = VECTOR('',#3965,1.);
#3965 = DIRECTION('',(1.,0.,0.));
#3966 = PCURVE('',#3791,#3967);
#3967 = DEFINITIONAL_REPRESENTATION('',(#3968),#3972);
#3968 = LINE('',#3969,#3970);
#3969 = CARTESIAN_POINT('',(27.32871870789,7.982444964538));
#3970 = VECTOR('',#3971,1.);
#3971 = DIRECTION('',(1.,0.));
#3972 = ( GEOMETRIC_REPRESENTATION_CONTEXT(2) 
PARAMETRIC_REPRESENTATION_CONTEXT() REPRESENTATION_CONTEXT('2D SPACE',''
  ) );
#3973 = PCURVE('',#3893,#3974);
#3974 = DEFINITIONAL_REPRESENTATION('',(#3975),#3979);
#3975 = LINE('',#3976,#3977);
#3976 = CARTESIAN_POINT('',(-0.430863932923,-4.566504578978));
#3977 = VECTOR('',#3978,1.);
#3978 = DIRECTION('',(0.,1.));
#3979 = ( GEOMETRIC_REPRESENTATION_CONTEXT(2) 
PARAMETRIC_REPRESENTATION_CONTEXT() REPRESENTATION_CONTEXT('2D SPACE',''
  ) );
#3980 = ORIENTED_EDGE('',*,*,#3856,.F.);
#3981 = ADVANCED_FACE('',(#3982,#4396),#3996,.T.);
#3982 = FACE_BOUND('',#3983,.T.);
#3983 = EDGE_LOOP('',(#3984,#4014,#4042,#4070,#4098,#4126,#4159,#4187,
    #4220,#4248,#4281,#4309,#4342,#4370));
#3984 = ORIENTED_EDGE('',*,*,#3985,.F.);
#3985 = EDGE_CURVE('',#3986,#3988,#3990,.T.);
#3986 = VERTEX_POINT('',#3987);
#3987 = CARTESIAN_POINT('',(-26.,-30.,53.));
#3988 = VERTEX_POINT('',#3989);
#3989 = CARTESIAN_POINT('',(-26.,30.,53.));
#3990 = SURFACE_CURVE('',#3991,(#3995,#4007),.PCURVE_S1.);
#3991 = LINE('',#3992,#3993);
#3992 = CARTESIAN_POINT('',(-26.,-30.,53.));
#3993 = VECTOR('',#3994,1.);
#3994 = DIRECTION('',(-1.7763568394E-16,1.,0.));
#3995 = PCURVE('',#3996,#4001);
#3996 = PLANE('',#3997);
#3997 = AXIS2_PLACEMENT_3D('',#3998,#3999,#4000);
#3998 = CARTESIAN_POINT('',(-26.,-0.263601036267,60.447279792746));
#3999 = DIRECTION('',(-1.,-1.686587467958E-15,8.163953848966E-15));
#4000 = DIRECTION('',(-8.163953848966E-15,-2.542934630256E-46,-1.));
#4001 = DEFINITIONAL_REPRESENTATION('',(#4002),#4006);
#4002 = LINE('',#4003,#4004);
#4003 = CARTESIAN_POINT('',(7.447279792746,29.736398963732));
#4004 = VECTOR('',#4005,1.);
#4005 = DIRECTION('',(1.450209525616E-30,-1.));
#4006 = ( GEOMETRIC_REPRESENTATION_CONTEXT(2) 
PARAMETRIC_REPRESENTATION_CONTEXT() REPRESENTATION_CONTEXT('2D SPACE',''
  ) );
#4007 = PCURVE('',#3735,#4008);
#4008 = DEFINITIONAL_REPRESENTATION('',(#4009),#4013);
#4009 = LINE('',#4010,#4011);
#4010 = CARTESIAN_POINT('',(38.,-30.));
#4011 = VECTOR('',#4012,1.);
#4012 = DIRECTION('',(1.7763568394E-16,1.));
#4013 = ( GEOMETRIC_REPRESENTATION_CONTEXT(2) 
PARAMETRIC_REPRESENTATION_CONTEXT() REPRESENTATION_CONTEXT('2D SPACE',''
  ) );
#4014 = ORIENTED_EDGE('',*,*,#4015,.T.);
#4015 = EDGE_CURVE('',#3986,#4016,#4018,.T.);
#4016 = VERTEX_POINT('',#4017);
#4017 = CARTESIAN_POINT('',(-26.,-30.,68.));
#4018 = SURFACE_CURVE('',#4019,(#4023,#4030),.PCURVE_S1.);
#4019 = LINE('',#4020,#4021);
#4020 = CARTESIAN_POINT('',(-26.,-30.,53.));
#4021 = VECTOR('',#4022,1.);
#4022 = DIRECTION('',(0.,0.,1.));
#4023 = PCURVE('',#3996,#4024);
#4024 = DEFINITIONAL_REPRESENTATION('',(#4025),#4029);
#4025 = LINE('',#4026,#4027);
#4026 = CARTESIAN_POINT('',(7.447279792746,29.736398963732));
#4027 = VECTOR('',#4028,1.);
#4028 = DIRECTION('',(-1.,-1.376922225066E-29));
#4029 = ( GEOMETRIC_REPRESENTATION_CONTEXT(2) 
PARAMETRIC_REPRESENTATION_CONTEXT() REPRESENTATION_CONTEXT('2D SPACE',''
  ) );
#4030 = PCURVE('',#4031,#4036);
#4031 = CYLINDRICAL_SURFACE('',#4032,2.5);
#4032 = AXIS2_PLACEMENT_3D('',#4033,#4034,#4035);
#4033 = CARTESIAN_POINT('',(-23.5,-30.,53.));
#4034 = DIRECTION('',(-0.,-0.,-1.));
#4035 = DIRECTION('',(1.,0.,0.));
#4036 = DEFINITIONAL_REPRESENTATION('',(#4037),#4041);
#4037 = LINE('',#4038,#4039);
#4038 = CARTESIAN_POINT('',(-3.14159265359,0.));
#4039 = VECTOR('',#4040,1.);
#4040 = DIRECTION('',(-0.,-1.));
#4041 = ( GEOMETRIC_REPRESENTATION_CONTEXT(2) 
PARAMETRIC_REPRESENTATION_CONTEXT() REPRESENTATION_CONTEXT('2D SPACE',''
  ) );
#4042 = ORIENTED_EDGE('',*,*,#4043,.F.);
#4043 = EDGE_CURVE('',#4044,#4016,#4046,.T.);
#4044 = VERTEX_POINT('',#4045);
#4045 = CARTESIAN_POINT('',(-25.99999999999,-17.49999999996,68.));
#4046 = SURFACE_CURVE('',#4047,(#4051,#4058),.PCURVE_S1.);
#4047 = LINE('',#4048,#4049);
#4048 = CARTESIAN_POINT('',(-26.,30.,68.));
#4049 = VECTOR('',#4050,1.);
#4050 = DIRECTION('',(0.,-1.,0.));
#4051 = PCURVE('',#3996,#4052);
#4052 = DEFINITIONAL_REPRESENTATION('',(#4053),#4057);
#4053 = LINE('',#4054,#4055);
#4054 = CARTESIAN_POINT('',(-7.552720207254,-30.26360103626));
#4055 = VECTOR('',#4056,1.);
#4056 = DIRECTION('',(0.,1.));
#4057 = ( GEOMETRIC_REPRESENTATION_CONTEXT(2) 
PARAMETRIC_REPRESENTATION_CONTEXT() REPRESENTATION_CONTEXT('2D SPACE',''
  ) );
#4058 = PCURVE('',#4059,#4064);
#4059 = PLANE('',#4060);
#4060 = AXIS2_PLACEMENT_3D('',#4061,#4062,#4063);
#4061 = CARTESIAN_POINT('',(13.144186949372,-0.530920080677,68.));
#4062 = DIRECTION('',(0.,0.,1.));
#4063 = DIRECTION('',(1.,0.,0.));
#4064 = DEFINITIONAL_REPRESENTATION('',(#4065),#4069);
#4065 = LINE('',#4066,#4067);
#4066 = CARTESIAN_POINT('',(-39.14418694937,30.530920080677));
#4067 = VECTOR('',#4068,1.);
#4068 = DIRECTION('',(0.,-1.));
#4069 = ( GEOMETRIC_REPRESENTATION_CONTEXT(2) 
PARAMETRIC_REPRESENTATION_CONTEXT() REPRESENTATION_CONTEXT('2D SPACE',''
  ) );
#4070 = ORIENTED_EDGE('',*,*,#4071,.T.);
#4071 = EDGE_CURVE('',#4044,#4072,#4074,.T.);
#4072 = VERTEX_POINT('',#4073);
#4073 = CARTESIAN_POINT('',(-25.99999999999,-17.49999999996,65.8));
#4074 = SURFACE_CURVE('',#4075,(#4079,#4086),.PCURVE_S1.);
#4075 = LINE('',#4076,#4077);
#4076 = CARTESIAN_POINT('',(-25.99999999999,-17.49999999996,68.));
#4077 = VECTOR('',#4078,1.);
#4078 = DIRECTION('',(-0.,-0.,-1.));
#4079 = PCURVE('',#3996,#4080);
#4080 = DEFINITIONAL_REPRESENTATION('',(#4081),#4085);
#4081 = LINE('',#4082,#4083);
#4082 = CARTESIAN_POINT('',(-7.552720207254,17.236398963702));
#4083 = VECTOR('',#4084,1.);
#4084 = DIRECTION('',(1.,1.376922225066E-29));
#4085 = ( GEOMETRIC_REPRESENTATION_CONTEXT(2) 
PARAMETRIC_REPRESENTATION_CONTEXT() REPRESENTATION_CONTEXT('2D SPACE',''
  ) );
#4086 = PCURVE('',#4087,#4092);
#4087 = CYLINDRICAL_SURFACE('',#4088,14.999999999974);
#4088 = AXIS2_PLACEMENT_3D('',#4089,#4090,#4091);
#4089 = CARTESIAN_POINT('',(-11.00000000001,-17.49999999997,68.));
#4090 = DIRECTION('',(0.,0.,1.));
#4091 = DIRECTION('',(1.,0.,0.));
#4092 = DEFINITIONAL_REPRESENTATION('',(#4093),#4097);
#4093 = LINE('',#4094,#4095);
#4094 = CARTESIAN_POINT('',(3.14159265359,0.));
#4095 = VECTOR('',#4096,1.);
#4096 = DIRECTION('',(0.,-1.));
#4097 = ( GEOMETRIC_REPRESENTATION_CONTEXT(2) 
PARAMETRIC_REPRESENTATION_CONTEXT() REPRESENTATION_CONTEXT('2D SPACE',''
  ) );
#4098 = ORIENTED_EDGE('',*,*,#4099,.T.);
#4099 = EDGE_CURVE('',#4072,#4100,#4102,.T.);
#4100 = VERTEX_POINT('',#4101);
#4101 = CARTESIAN_POINT('',(-26.,-2.99999999996,65.8));
#4102 = SURFACE_CURVE('',#4103,(#4107,#4114),.PCURVE_S1.);
#4103 = LINE('',#4104,#4105);
#4104 = CARTESIAN_POINT('',(-26.,-17.49999999996,65.8));
#4105 = VECTOR('',#4106,1.);
#4106 = DIRECTION('',(0.,1.,0.));
#4107 = PCURVE('',#3996,#4108);
#4108 = DEFINITIONAL_REPRESENTATION('',(#4109),#4113);
#4109 = LINE('',#4110,#4111);
#4110 = CARTESIAN_POINT('',(-5.352720207254,17.236398963693));
#4111 = VECTOR('',#4112,1.);
#4112 = DIRECTION('',(0.,-1.));
#4113 = ( GEOMETRIC_REPRESENTATION_CONTEXT(2) 
PARAMETRIC_REPRESENTATION_CONTEXT() REPRESENTATION_CONTEXT('2D SPACE',''
  ) );
#4114 = PCURVE('',#4115,#4120);
#4115 = PLANE('',#4116);
#4116 = AXIS2_PLACEMENT_3D('',#4117,#4118,#4119);
#4117 = CARTESIAN_POINT('',(12.000000000007,-15.50789472872,65.8));
#4118 = DIRECTION('',(0.,0.,1.));
#4119 = DIRECTION('',(1.,0.,0.));
#4120 = DEFINITIONAL_REPRESENTATION('',(#4121),#4125);
#4121 = LINE('',#4122,#4123);
#4122 = CARTESIAN_POINT('',(-38.,-1.992105271239));
#4123 = VECTOR('',#4124,1.);
#4124 = DIRECTION('',(0.,1.));
#4125 = ( GEOMETRIC_REPRESENTATION_CONTEXT(2) 
PARAMETRIC_REPRESENTATION_CONTEXT() REPRESENTATION_CONTEXT('2D SPACE',''
  ) );
#4126 = ORIENTED_EDGE('',*,*,#4127,.F.);
#4127 = EDGE_CURVE('',#4128,#4100,#4130,.T.);
#4128 = VERTEX_POINT('',#4129);
#4129 = CARTESIAN_POINT('',(-26.,-0.99999999996,63.8));
#4130 = SURFACE_CURVE('',#4131,(#4136,#4147),.PCURVE_S1.);
#4131 = CIRCLE('',#4132,2.);
#4132 = AXIS2_PLACEMENT_3D('',#4133,#4134,#4135);
#4133 = CARTESIAN_POINT('',(-26.,-2.99999999996,63.8));
#4134 = DIRECTION('',(1.,0.,0.));
#4135 = DIRECTION('',(0.,1.,0.));
#4136 = PCURVE('',#3996,#4137);
#4137 = DEFINITIONAL_REPRESENTATION('',(#4138),#4146);
#4138 = ( BOUNDED_CURVE() B_SPLINE_CURVE(2,(#4139,#4140,#4141,#4142,
#4143,#4144,#4145),.UNSPECIFIED.,.T.,.F.) B_SPLINE_CURVE_WITH_KNOTS((1,2
    ,2,2,2,1),(-2.094395102393,0.,2.094395102393,4.188790204786,
6.28318530718,8.377580409573),.UNSPECIFIED.) CURVE() 
GEOMETRIC_REPRESENTATION_ITEM() RATIONAL_B_SPLINE_CURVE((1.,0.5,1.,0.5,
1.,0.5,1.)) REPRESENTATION_ITEM('') );
#4139 = CARTESIAN_POINT('',(-3.352720207254,0.736398963693));
#4140 = CARTESIAN_POINT('',(-6.816821822392,0.736398963693));
#4141 = CARTESIAN_POINT('',(-5.084771014823,3.736398963693));
#4142 = CARTESIAN_POINT('',(-3.352720207254,6.736398963693));
#4143 = CARTESIAN_POINT('',(-1.620669399685,3.736398963693));
#4144 = CARTESIAN_POINT('',(0.111381407883,0.736398963693));
#4145 = CARTESIAN_POINT('',(-3.352720207254,0.736398963693));
#4146 = ( GEOMETRIC_REPRESENTATION_CONTEXT(2) 
PARAMETRIC_REPRESENTATION_CONTEXT() REPRESENTATION_CONTEXT('2D SPACE',''
  ) );
#4147 = PCURVE('',#4148,#4153);
#4148 = CYLINDRICAL_SURFACE('',#4149,2.);
#4149 = AXIS2_PLACEMENT_3D('',#4150,#4151,#4152);
#4150 = CARTESIAN_POINT('',(50.,-2.99999999996,63.8));
#4151 = DIRECTION('',(1.,0.,0.));
#4152 = DIRECTION('',(0.,1.,0.));
#4153 = DEFINITIONAL_REPRESENTATION('',(#4154),#4158);
#4154 = LINE('',#4155,#4156);
#4155 = CARTESIAN_POINT('',(0.,-76.));
#4156 = VECTOR('',#4157,1.);
#4157 = DIRECTION('',(1.,0.));
#4158 = ( GEOMETRIC_REPRESENTATION_CONTEXT(2) 
PARAMETRIC_REPRESENTATION_CONTEXT() REPRESENTATION_CONTEXT('2D SPACE',''
  ) );
#4159 = ORIENTED_EDGE('',*,*,#4160,.F.);
#4160 = EDGE_CURVE('',#4161,#4128,#4163,.T.);
#4161 = VERTEX_POINT('',#4162);
#4162 = CARTESIAN_POINT('',(-26.,-0.99999999996,62.8));
#4163 = SURFACE_CURVE('',#4164,(#4168,#4175),.PCURVE_S1.);
#4164 = LINE('',#4165,#4166);
#4165 = CARTESIAN_POINT('',(-26.,-0.99999999996,62.123639896373));
#4166 = VECTOR('',#4167,1.);
#4167 = DIRECTION('',(8.163953848966E-15,0.,1.));
#4168 = PCURVE('',#3996,#4169);
#4169 = DEFINITIONAL_REPRESENTATION('',(#4170),#4174);
#4170 = LINE('',#4171,#4172);
#4171 = CARTESIAN_POINT('',(-1.676360103627,0.736398963693));
#4172 = VECTOR('',#4173,1.);
#4173 = DIRECTION('',(-1.,0.));
#4174 = ( GEOMETRIC_REPRESENTATION_CONTEXT(2) 
PARAMETRIC_REPRESENTATION_CONTEXT() REPRESENTATION_CONTEXT('2D SPACE',''
  ) );
#4175 = PCURVE('',#4176,#4181);
#4176 = PLANE('',#4177);
#4177 = AXIS2_PLACEMENT_3D('',#4178,#4179,#4180);
#4178 = CARTESIAN_POINT('',(50.,-0.99999999996,63.8));
#4179 = DIRECTION('',(0.,-1.,0.));
#4180 = DIRECTION('',(0.,0.,-1.));
#4181 = DEFINITIONAL_REPRESENTATION('',(#4182),#4186);
#4182 = LINE('',#4183,#4184);
#4183 = CARTESIAN_POINT('',(1.676360103627,-76.));
#4184 = VECTOR('',#4185,1.);
#4185 = DIRECTION('',(-1.,8.163953848966E-15));
#4186 = ( GEOMETRIC_REPRESENTATION_CONTEXT(2) 
PARAMETRIC_REPRESENTATION_CONTEXT() REPRESENTATION_CONTEXT('2D SPACE',''
  ) );
#4187 = ORIENTED_EDGE('',*,*,#4188,.T.);
#4188 = EDGE_CURVE('',#4161,#4189,#4191,.T.);
#4189 = VERTEX_POINT('',#4190);
#4190 = CARTESIAN_POINT('',(-26.,1.00000000004,60.8));
#4191 = SURFACE_CURVE('',#4192,(#4197,#4208),.PCURVE_S1.);
#4192 = CIRCLE('',#4193,2.);
#4193 = AXIS2_PLACEMENT_3D('',#4194,#4195,#4196);
#4194 = CARTESIAN_POINT('',(-26.,1.00000000004,62.8));
#4195 = DIRECTION('',(1.,0.,0.));
#4196 = DIRECTION('',(0.,1.,0.));
#4197 = PCURVE('',#3996,#4198);
#4198 = DEFINITIONAL_REPRESENTATION('',(#4199),#4207);
#4199 = ( BOUNDED_CURVE() B_SPLINE_CURVE(2,(#4200,#4201,#4202,#4203,
#4204,#4205,#4206),.UNSPECIFIED.,.T.,.F.) B_SPLINE_CURVE_WITH_KNOTS((1,2
    ,2,2,2,1),(-2.094395102393,0.,2.094395102393,4.188790204786,
6.28318530718,8.377580409573),.UNSPECIFIED.) CURVE() 
GEOMETRIC_REPRESENTATION_ITEM() RATIONAL_B_SPLINE_CURVE((1.,0.5,1.,0.5,
1.,0.5,1.)) REPRESENTATION_ITEM('') );
#4200 = CARTESIAN_POINT('',(-2.352720207254,-3.263601036307));
#4201 = CARTESIAN_POINT('',(-5.816821822392,-3.263601036307));
#4202 = CARTESIAN_POINT('',(-4.084771014823,-0.263601036307));
#4203 = CARTESIAN_POINT('',(-2.352720207254,2.736398963693));
#4204 = CARTESIAN_POINT('',(-0.620669399685,-0.263601036307));
#4205 = CARTESIAN_POINT('',(1.111381407883,-3.263601036307));
#4206 = CARTESIAN_POINT('',(-2.352720207254,-3.263601036307));
#4207 = ( GEOMETRIC_REPRESENTATION_CONTEXT(2) 
PARAMETRIC_REPRESENTATION_CONTEXT() REPRESENTATION_CONTEXT('2D SPACE',''
  ) );
#4208 = PCURVE('',#4209,#4214);
#4209 = CYLINDRICAL_SURFACE('',#4210,2.);
#4210 = AXIS2_PLACEMENT_3D('',#4211,#4212,#4213);
#4211 = CARTESIAN_POINT('',(50.,1.00000000004,62.8));
#4212 = DIRECTION('',(1.,0.,0.));
#4213 = DIRECTION('',(0.,1.,0.));
#4214 = DEFINITIONAL_REPRESENTATION('',(#4215),#4219);
#4215 = LINE('',#4216,#4217);
#4216 = CARTESIAN_POINT('',(0.,-76.));
#4217 = VECTOR('',#4218,1.);
#4218 = DIRECTION('',(1.,0.));
#4219 = ( GEOMETRIC_REPRESENTATION_CONTEXT(2) 
PARAMETRIC_REPRESENTATION_CONTEXT() REPRESENTATION_CONTEXT('2D SPACE',''
  ) );
#4220 = ORIENTED_EDGE('',*,*,#4221,.F.);
#4221 = EDGE_CURVE('',#4222,#4189,#4224,.T.);
#4222 = VERTEX_POINT('',#4223);
#4223 = CARTESIAN_POINT('',(-26.,9.00000000004,60.8));
#4224 = SURFACE_CURVE('',#4225,(#4229,#4236),.PCURVE_S1.);
#4225 = LINE('',#4226,#4227);
#4226 = CARTESIAN_POINT('',(-26.,0.368199481886,60.8));
#4227 = VECTOR('',#4228,1.);
#4228 = DIRECTION('',(1.686587467958E-15,-1.,0.));
#4229 = PCURVE('',#3996,#4230);
#4230 = DEFINITIONAL_REPRESENTATION('',(#4231),#4235);
#4231 = LINE('',#4232,#4233);
#4232 = CARTESIAN_POINT('',(-0.352720207254,-0.631800518153));
#4233 = VECTOR('',#4234,1.);
#4234 = DIRECTION('',(-1.376922225066E-29,1.));
#4235 = ( GEOMETRIC_REPRESENTATION_CONTEXT(2) 
PARAMETRIC_REPRESENTATION_CONTEXT() REPRESENTATION_CONTEXT('2D SPACE',''
  ) );
#4236 = PCURVE('',#4237,#4242);
#4237 = PLANE('',#4238);
#4238 = AXIS2_PLACEMENT_3D('',#4239,#4240,#4241);
#4239 = CARTESIAN_POINT('',(50.,1.00000000004,60.8));
#4240 = DIRECTION('',(0.,0.,-1.));
#4241 = DIRECTION('',(0.,1.,0.));
#4242 = DEFINITIONAL_REPRESENTATION('',(#4243),#4247);
#4243 = LINE('',#4244,#4245);
#4244 = CARTESIAN_POINT('',(-0.631800518154,-76.));
#4245 = VECTOR('',#4246,1.);
#4246 = DIRECTION('',(-1.,1.686587467958E-15));
#4247 = ( GEOMETRIC_REPRESENTATION_CONTEXT(2) 
PARAMETRIC_REPRESENTATION_CONTEXT() REPRESENTATION_CONTEXT('2D SPACE',''
  ) );
#4248 = ORIENTED_EDGE('',*,*,#4249,.T.);
#4249 = EDGE_CURVE('',#4222,#4250,#4252,.T.);
#4250 = VERTEX_POINT('',#4251);
#4251 = CARTESIAN_POINT('',(-26.,11.000000000045,62.8));
#4252 = SURFACE_CURVE('',#4253,(#4258,#4269),.PCURVE_S1.);
#4253 = CIRCLE('',#4254,2.);
#4254 = AXIS2_PLACEMENT_3D('',#4255,#4256,#4257);
#4255 = CARTESIAN_POINT('',(-26.,9.00000000004,62.8));
#4256 = DIRECTION('',(1.,0.,0.));
#4257 = DIRECTION('',(0.,1.,0.));
#4258 = PCURVE('',#3996,#4259);
#4259 = DEFINITIONAL_REPRESENTATION('',(#4260),#4268);
#4260 = ( BOUNDED_CURVE() B_SPLINE_CURVE(2,(#4261,#4262,#4263,#4264,
#4265,#4266,#4267),.UNSPECIFIED.,.T.,.F.) B_SPLINE_CURVE_WITH_KNOTS((1,2
    ,2,2,2,1),(-2.094395102393,0.,2.094395102393,4.188790204786,
6.28318530718,8.377580409573),.UNSPECIFIED.) CURVE() 
GEOMETRIC_REPRESENTATION_ITEM() RATIONAL_B_SPLINE_CURVE((1.,0.5,1.,0.5,
1.,0.5,1.)) REPRESENTATION_ITEM('') );
#4261 = CARTESIAN_POINT('',(-2.352720207254,-11.2636010363));
#4262 = CARTESIAN_POINT('',(-5.816821822392,-11.2636010363));
#4263 = CARTESIAN_POINT('',(-4.084771014823,-8.263601036307));
#4264 = CARTESIAN_POINT('',(-2.352720207254,-5.263601036307));
#4265 = CARTESIAN_POINT('',(-0.620669399685,-8.263601036307));
#4266 = CARTESIAN_POINT('',(1.111381407883,-11.2636010363));
#4267 = CARTESIAN_POINT('',(-2.352720207254,-11.2636010363));
#4268 = ( GEOMETRIC_REPRESENTATION_CONTEXT(2) 
PARAMETRIC_REPRESENTATION_CONTEXT() REPRESENTATION_CONTEXT('2D SPACE',''
  ) );
#4269 = PCURVE('',#4270,#4275);
#4270 = CYLINDRICAL_SURFACE('',#4271,2.);
#4271 = AXIS2_PLACEMENT_3D('',#4272,#4273,#4274);
#4272 = CARTESIAN_POINT('',(50.,9.00000000004,62.8));
#4273 = DIRECTION('',(1.,0.,0.));
#4274 = DIRECTION('',(0.,1.,0.));
#4275 = DEFINITIONAL_REPRESENTATION('',(#4276),#4280);
#4276 = LINE('',#4277,#4278);
#4277 = CARTESIAN_POINT('',(0.,-76.));
#4278 = VECTOR('',#4279,1.);
#4279 = DIRECTION('',(1.,0.));
#4280 = ( GEOMETRIC_REPRESENTATION_CONTEXT(2) 
PARAMETRIC_REPRESENTATION_CONTEXT() REPRESENTATION_CONTEXT('2D SPACE',''
  ) );
#4281 = ORIENTED_EDGE('',*,*,#4282,.F.);
#4282 = EDGE_CURVE('',#4283,#4250,#4285,.T.);
#4283 = VERTEX_POINT('',#4284);
#4284 = CARTESIAN_POINT('',(-26.,11.000000000049,63.8));
#4285 = SURFACE_CURVE('',#4286,(#4290,#4297),.PCURVE_S1.);
#4286 = LINE('',#4287,#4288);
#4287 = CARTESIAN_POINT('',(-26.,11.000000000049,61.623639896373));
#4288 = VECTOR('',#4289,1.);
#4289 = DIRECTION('',(-8.163953848966E-15,0.,-1.));
#4290 = PCURVE('',#3996,#4291);
#4291 = DEFINITIONAL_REPRESENTATION('',(#4292),#4296);
#4292 = LINE('',#4293,#4294);
#4293 = CARTESIAN_POINT('',(-1.176360103627,-11.26360103631));
#4294 = VECTOR('',#4295,1.);
#4295 = DIRECTION('',(1.,0.));
#4296 = ( GEOMETRIC_REPRESENTATION_CONTEXT(2) 
PARAMETRIC_REPRESENTATION_CONTEXT() REPRESENTATION_CONTEXT('2D SPACE',''
  ) );
#4297 = PCURVE('',#4298,#4303);
#4298 = PLANE('',#4299);
#4299 = AXIS2_PLACEMENT_3D('',#4300,#4301,#4302);
#4300 = CARTESIAN_POINT('',(50.,11.000000000049,62.8));
#4301 = DIRECTION('',(0.,1.,0.));
#4302 = DIRECTION('',(0.,0.,1.));
#4303 = DEFINITIONAL_REPRESENTATION('',(#4304),#4308);
#4304 = LINE('',#4305,#4306);
#4305 = CARTESIAN_POINT('',(-1.176360103627,-76.));
#4306 = VECTOR('',#4307,1.);
#4307 = DIRECTION('',(-1.,-8.163953848966E-15));
#4308 = ( GEOMETRIC_REPRESENTATION_CONTEXT(2) 
PARAMETRIC_REPRESENTATION_CONTEXT() REPRESENTATION_CONTEXT('2D SPACE',''
  ) );
#4309 = ORIENTED_EDGE('',*,*,#4310,.F.);
#4310 = EDGE_CURVE('',#4311,#4283,#4313,.T.);
#4311 = VERTEX_POINT('',#4312);
#4312 = CARTESIAN_POINT('',(-26.,13.000000000049,65.8));
#4313 = SURFACE_CURVE('',#4314,(#4319,#4330),.PCURVE_S1.);
#4314 = CIRCLE('',#4315,2.);
#4315 = AXIS2_PLACEMENT_3D('',#4316,#4317,#4318);
#4316 = CARTESIAN_POINT('',(-26.,13.000000000049,63.8));
#4317 = DIRECTION('',(1.,0.,0.));
#4318 = DIRECTION('',(0.,1.,0.));
#4319 = PCURVE('',#3996,#4320);
#4320 = DEFINITIONAL_REPRESENTATION('',(#4321),#4329);
#4321 = ( BOUNDED_CURVE() B_SPLINE_CURVE(2,(#4322,#4323,#4324,#4325,
#4326,#4327,#4328),.UNSPECIFIED.,.T.,.F.) B_SPLINE_CURVE_WITH_KNOTS((1,2
    ,2,2,2,1),(-2.094395102393,0.,2.094395102393,4.188790204786,
6.28318530718,8.377580409573),.UNSPECIFIED.) CURVE() 
GEOMETRIC_REPRESENTATION_ITEM() RATIONAL_B_SPLINE_CURVE((1.,0.5,1.,0.5,
1.,0.5,1.)) REPRESENTATION_ITEM('') );
#4322 = CARTESIAN_POINT('',(-3.352720207254,-15.26360103631));
#4323 = CARTESIAN_POINT('',(-6.816821822392,-15.26360103631));
#4324 = CARTESIAN_POINT('',(-5.084771014823,-12.26360103631));
#4325 = CARTESIAN_POINT('',(-3.352720207254,-9.263601036317));
#4326 = CARTESIAN_POINT('',(-1.620669399685,-12.26360103631));
#4327 = CARTESIAN_POINT('',(0.111381407883,-15.26360103631));
#4328 = CARTESIAN_POINT('',(-3.352720207254,-15.26360103631));
#4329 = ( GEOMETRIC_REPRESENTATION_CONTEXT(2) 
PARAMETRIC_REPRESENTATION_CONTEXT() REPRESENTATION_CONTEXT('2D SPACE',''
  ) );
#4330 = PCURVE('',#4331,#4336);
#4331 = CYLINDRICAL_SURFACE('',#4332,2.);
#4332 = AXIS2_PLACEMENT_3D('',#4333,#4334,#4335);
#4333 = CARTESIAN_POINT('',(50.,13.000000000049,63.8));
#4334 = DIRECTION('',(1.,0.,0.));
#4335 = DIRECTION('',(0.,1.,0.));
#4336 = DEFINITIONAL_REPRESENTATION('',(#4337),#4341);
#4337 = LINE('',#4338,#4339);
#4338 = CARTESIAN_POINT('',(0.,-76.));
#4339 = VECTOR('',#4340,1.);
#4340 = DIRECTION('',(1.,0.));
#4341 = ( GEOMETRIC_REPRESENTATION_CONTEXT(2) 
PARAMETRIC_REPRESENTATION_CONTEXT() REPRESENTATION_CONTEXT('2D SPACE',''
  ) );
#4342 = ORIENTED_EDGE('',*,*,#4343,.F.);
#4343 = EDGE_CURVE('',#4344,#4311,#4346,.T.);
#4344 = VERTEX_POINT('',#4345);
#4345 = CARTESIAN_POINT('',(-26.,30.,65.8));
#4346 = SURFACE_CURVE('',#4347,(#4351,#4358),.PCURVE_S1.);
#4347 = LINE('',#4348,#4349);
#4348 = CARTESIAN_POINT('',(-26.,6.368199481891,65.8));
#4349 = VECTOR('',#4350,1.);
#4350 = DIRECTION('',(1.686587467958E-15,-1.,0.));
#4351 = PCURVE('',#3996,#4352);
#4352 = DEFINITIONAL_REPRESENTATION('',(#4353),#4357);
#4353 = LINE('',#4354,#4355);
#4354 = CARTESIAN_POINT('',(-5.352720207254,-6.631800518158));
#4355 = VECTOR('',#4356,1.);
#4356 = DIRECTION('',(-1.376922225066E-29,1.));
#4357 = ( GEOMETRIC_REPRESENTATION_CONTEXT(2) 
PARAMETRIC_REPRESENTATION_CONTEXT() REPRESENTATION_CONTEXT('2D SPACE',''
  ) );
#4358 = PCURVE('',#4359,#4364);
#4359 = PLANE('',#4360);
#4360 = AXIS2_PLACEMENT_3D('',#4361,#4362,#4363);
#4361 = CARTESIAN_POINT('',(50.,13.000000000049,65.8));
#4362 = DIRECTION('',(0.,0.,-1.));
#4363 = DIRECTION('',(0.,1.,0.));
#4364 = DEFINITIONAL_REPRESENTATION('',(#4365),#4369);
#4365 = LINE('',#4366,#4367);
#4366 = CARTESIAN_POINT('',(-6.631800518158,-76.));
#4367 = VECTOR('',#4368,1.);
#4368 = DIRECTION('',(-1.,1.686587467958E-15));
#4369 = ( GEOMETRIC_REPRESENTATION_CONTEXT(2) 
PARAMETRIC_REPRESENTATION_CONTEXT() REPRESENTATION_CONTEXT('2D SPACE',''
  ) );
#4370 = ORIENTED_EDGE('',*,*,#4371,.F.);
#4371 = EDGE_CURVE('',#3988,#4344,#4372,.T.);
#4372 = SURFACE_CURVE('',#4373,(#4377,#4384),.PCURVE_S1.);
#4373 = LINE('',#4374,#4375);
#4374 = CARTESIAN_POINT('',(-26.,30.,63.));
#4375 = VECTOR('',#4376,1.);
#4376 = DIRECTION('',(0.,0.,1.));
#4377 = PCURVE('',#3996,#4378);
#4378 = DEFINITIONAL_REPRESENTATION('',(#4379),#4383);
#4379 = LINE('',#4380,#4381);
#4380 = CARTESIAN_POINT('',(-2.552720207254,-30.26360103626));
#4381 = VECTOR('',#4382,1.);
#4382 = DIRECTION('',(-1.,-1.376922225066E-29));
#4383 = ( GEOMETRIC_REPRESENTATION_CONTEXT(2) 
PARAMETRIC_REPRESENTATION_CONTEXT() REPRESENTATION_CONTEXT('2D SPACE',''
  ) );
#4384 = PCURVE('',#4385,#4390);
#4385 = CYLINDRICAL_SURFACE('',#4386,2.5);
#4386 = AXIS2_PLACEMENT_3D('',#4387,#4388,#4389);
#4387 = CARTESIAN_POINT('',(-23.5,30.,53.));
#4388 = DIRECTION('',(-0.,-0.,-1.));
#4389 = DIRECTION('',(1.,0.,0.));
#4390 = DEFINITIONAL_REPRESENTATION('',(#4391),#4395);
#4391 = LINE('',#4392,#4393);
#4392 = CARTESIAN_POINT('',(-3.14159265359,-10.));
#4393 = VECTOR('',#4394,1.);
#4394 = DIRECTION('',(-0.,-1.));
#4395 = ( GEOMETRIC_REPRESENTATION_CONTEXT(2) 
PARAMETRIC_REPRESENTATION_CONTEXT() REPRESENTATION_CONTEXT('2D SPACE',''
  ) );
#4396 = FACE_BOUND('',#4397,.T.);
#4397 = EDGE_LOOP('',(#4398,#4428,#4456,#4484));
#4398 = ORIENTED_EDGE('',*,*,#4399,.F.);
#4399 = EDGE_CURVE('',#4400,#4402,#4404,.T.);
#4400 = VERTEX_POINT('',#4401);
#4401 = CARTESIAN_POINT('',(-26.,-22.3,63.));
#4402 = VERTEX_POINT('',#4403);
#4403 = CARTESIAN_POINT('',(-26.,-12.69999999996,63.));
#4404 = SURFACE_CURVE('',#4405,(#4409,#4416),.PCURVE_S1.);
#4405 = LINE('',#4406,#4407);
#4406 = CARTESIAN_POINT('',(-26.,-22.3,63.));
#4407 = VECTOR('',#4408,1.);
#4408 = DIRECTION('',(0.,1.,0.));
#4409 = PCURVE('',#3996,#4410);
#4410 = DEFINITIONAL_REPRESENTATION('',(#4411),#4415);
#4411 = LINE('',#4412,#4413);
#4412 = CARTESIAN_POINT('',(-2.552720207254,22.036398963733));
#4413 = VECTOR('',#4414,1.);
#4414 = DIRECTION('',(0.,-1.));
#4415 = ( GEOMETRIC_REPRESENTATION_CONTEXT(2) 
PARAMETRIC_REPRESENTATION_CONTEXT() REPRESENTATION_CONTEXT('2D SPACE',''
  ) );
#4416 = PCURVE('',#4417,#4422);
#4417 = PLANE('',#4418);
#4418 = AXIS2_PLACEMENT_3D('',#4419,#4420,#4421);
#4419 = CARTESIAN_POINT('',(-20.11034138488,-17.49999999997,63.));
#4420 = DIRECTION('',(-5.927046489058E-15,-0.,-1.));
#4421 = DIRECTION('',(-1.,0.,5.927046489058E-15));
#4422 = DEFINITIONAL_REPRESENTATION('',(#4423),#4427);
#4423 = LINE('',#4424,#4425);
#4424 = CARTESIAN_POINT('',(5.889658615114,-4.80000000003));
#4425 = VECTOR('',#4426,1.);
#4426 = DIRECTION('',(0.,1.));
#4427 = ( GEOMETRIC_REPRESENTATION_CONTEXT(2) 
PARAMETRIC_REPRESENTATION_CONTEXT() REPRESENTATION_CONTEXT('2D SPACE',''
  ) );
#4428 = ORIENTED_EDGE('',*,*,#4429,.T.);
#4429 = EDGE_CURVE('',#4400,#4430,#4432,.T.);
#4430 = VERTEX_POINT('',#4431);
#4431 = CARTESIAN_POINT('',(-26.,-22.3,59.2));
#4432 = SURFACE_CURVE('',#4433,(#4437,#4444),.PCURVE_S1.);
#4433 = LINE('',#4434,#4435);
#4434 = CARTESIAN_POINT('',(-26.,-22.3,63.));
#4435 = VECTOR('',#4436,1.);
#4436 = DIRECTION('',(-0.,-0.,-1.));
#4437 = PCURVE('',#3996,#4438);
#4438 = DEFINITIONAL_REPRESENTATION('',(#4439),#4443);
#4439 = LINE('',#4440,#4441);
#4440 = CARTESIAN_POINT('',(-2.552720207254,22.036398963733));
#4441 = VECTOR('',#4442,1.);
#4442 = DIRECTION('',(1.,1.376922225066E-29));
#4443 = ( GEOMETRIC_REPRESENTATION_CONTEXT(2) 
PARAMETRIC_REPRESENTATION_CONTEXT() REPRESENTATION_CONTEXT('2D SPACE',''
  ) );
#4444 = PCURVE('',#4445,#4450);
#4445 = PLANE('',#4446);
#4446 = AXIS2_PLACEMENT_3D('',#4447,#4448,#4449);
#4447 = CARTESIAN_POINT('',(-19.89522328686,-22.29999999997,
    58.769136067077));
#4448 = DIRECTION('',(-3.217176819239E-12,1.,1.139859335802E-12));
#4449 = DIRECTION('',(1.,3.217176819239E-12,1.385027831476E-40));
#4450 = DEFINITIONAL_REPRESENTATION('',(#4451),#4455);
#4451 = LINE('',#4452,#4453);
#4452 = CARTESIAN_POINT('',(-6.104776713132,-4.230863932923));
#4453 = VECTOR('',#4454,1.);
#4454 = DIRECTION('',(-1.385027831476E-40,1.));
#4455 = ( GEOMETRIC_REPRESENTATION_CONTEXT(2) 
PARAMETRIC_REPRESENTATION_CONTEXT() REPRESENTATION_CONTEXT('2D SPACE',''
  ) );
#4456 = ORIENTED_EDGE('',*,*,#4457,.T.);
#4457 = EDGE_CURVE('',#4430,#4458,#4460,.T.);
#4458 = VERTEX_POINT('',#4459);
#4459 = CARTESIAN_POINT('',(-26.,-12.69999999996,59.2));
#4460 = SURFACE_CURVE('',#4461,(#4465,#4472),.PCURVE_S1.);
#4461 = LINE('',#4462,#4463);
#4462 = CARTESIAN_POINT('',(-26.,-22.3,59.2));
#4463 = VECTOR('',#4464,1.);
#4464 = DIRECTION('',(0.,1.,0.));
#4465 = PCURVE('',#3996,#4466);
#4466 = DEFINITIONAL_REPRESENTATION('',(#4467),#4471);
#4467 = LINE('',#4468,#4469);
#4468 = CARTESIAN_POINT('',(1.247279792746,22.036398963733));
#4469 = VECTOR('',#4470,1.);
#4470 = DIRECTION('',(0.,-1.));
#4471 = ( GEOMETRIC_REPRESENTATION_CONTEXT(2) 
PARAMETRIC_REPRESENTATION_CONTEXT() REPRESENTATION_CONTEXT('2D SPACE',''
  ) );
#4472 = PCURVE('',#4473,#4478);
#4473 = PLANE('',#4474);
#4474 = AXIS2_PLACEMENT_3D('',#4475,#4476,#4477);
#4475 = CARTESIAN_POINT('',(12.,-20.68244496449,59.2));
#4476 = DIRECTION('',(0.,0.,1.));
#4477 = DIRECTION('',(1.,0.,0.));
#4478 = DEFINITIONAL_REPRESENTATION('',(#4479),#4483);
#4479 = LINE('',#4480,#4481);
#4480 = CARTESIAN_POINT('',(-38.,-1.617555035502));
#4481 = VECTOR('',#4482,1.);
#4482 = DIRECTION('',(0.,1.));
#4483 = ( GEOMETRIC_REPRESENTATION_CONTEXT(2) 
PARAMETRIC_REPRESENTATION_CONTEXT() REPRESENTATION_CONTEXT('2D SPACE',''
  ) );
#4484 = ORIENTED_EDGE('',*,*,#4485,.F.);
#4485 = EDGE_CURVE('',#4402,#4458,#4486,.T.);
#4486 = SURFACE_CURVE('',#4487,(#4491,#4498),.PCURVE_S1.);
#4487 = LINE('',#4488,#4489);
#4488 = CARTESIAN_POINT('',(-26.,-12.69999999996,63.));
#4489 = VECTOR('',#4490,1.);
#4490 = DIRECTION('',(-0.,-0.,-1.));
#4491 = PCURVE('',#3996,#4492);
#4492 = DEFINITIONAL_REPRESENTATION('',(#4493),#4497);
#4493 = LINE('',#4494,#4495);
#4494 = CARTESIAN_POINT('',(-2.552720207254,12.436398963693));
#4495 = VECTOR('',#4496,1.);
#4496 = DIRECTION('',(1.,1.376922225066E-29));
#4497 = ( GEOMETRIC_REPRESENTATION_CONTEXT(2) 
PARAMETRIC_REPRESENTATION_CONTEXT() REPRESENTATION_CONTEXT('2D SPACE',''
  ) );
#4498 = PCURVE('',#4499,#4504);
#4499 = PLANE('',#4500);
#4500 = AXIS2_PLACEMENT_3D('',#4501,#4502,#4503);
#4501 = CARTESIAN_POINT('',(-19.89522328686,-12.69999999996,
    58.769136067077));
#4502 = DIRECTION('',(-0.,-1.,-0.));
#4503 = DIRECTION('',(0.,0.,-1.));
#4504 = DEFINITIONAL_REPRESENTATION('',(#4505),#4509);
#4505 = LINE('',#4506,#4507);
#4506 = CARTESIAN_POINT('',(-4.230863932923,-6.104776713132));
#4507 = VECTOR('',#4508,1.);
#4508 = DIRECTION('',(1.,0.));
#4509 = ( GEOMETRIC_REPRESENTATION_CONTEXT(2) 
PARAMETRIC_REPRESENTATION_CONTEXT() REPRESENTATION_CONTEXT('2D SPACE',''
  ) );
#4510 = ADVANCED_FACE('',(#4511),#4385,.T.);
#4511 = FACE_BOUND('',#4512,.F.);
#4512 = EDGE_LOOP('',(#4513,#4514,#4542,#4570));
#4513 = ORIENTED_EDGE('',*,*,#4371,.F.);
#4514 = ORIENTED_EDGE('',*,*,#4515,.F.);
#4515 = EDGE_CURVE('',#4516,#3988,#4518,.T.);
#4516 = VERTEX_POINT('',#4517);
#4517 = CARTESIAN_POINT('',(-23.5,32.5,53.));
#4518 = SURFACE_CURVE('',#4519,(#4524,#4531),.PCURVE_S1.);
#4519 = CIRCLE('',#4520,2.5);
#4520 = AXIS2_PLACEMENT_3D('',#4521,#4522,#4523);
#4521 = CARTESIAN_POINT('',(-23.5,30.,53.));
#4522 = DIRECTION('',(0.,0.,1.));
#4523 = DIRECTION('',(1.,0.,0.));
#4524 = PCURVE('',#4385,#4525);
#4525 = DEFINITIONAL_REPRESENTATION('',(#4526),#4530);
#4526 = LINE('',#4527,#4528);
#4527 = CARTESIAN_POINT('',(4.440892098501E-16,-0.));
#4528 = VECTOR('',#4529,1.);
#4529 = DIRECTION('',(-1.,0.));
#4530 = ( GEOMETRIC_REPRESENTATION_CONTEXT(2) 
PARAMETRIC_REPRESENTATION_CONTEXT() REPRESENTATION_CONTEXT('2D SPACE',''
  ) );
#4531 = PCURVE('',#3735,#4532);
#4532 = DEFINITIONAL_REPRESENTATION('',(#4533),#4541);
#4533 = ( BOUNDED_CURVE() B_SPLINE_CURVE(2,(#4534,#4535,#4536,#4537,
#4538,#4539,#4540),.UNSPECIFIED.,.T.,.F.) B_SPLINE_CURVE_WITH_KNOTS((1,2
    ,2,2,2,1),(-2.094395102393,0.,2.094395102393,4.188790204786,
6.28318530718,8.377580409573),.UNSPECIFIED.) CURVE() 
GEOMETRIC_REPRESENTATION_ITEM() RATIONAL_B_SPLINE_CURVE((1.,0.5,1.,0.5,
1.,0.5,1.)) REPRESENTATION_ITEM('') );
#4534 = CARTESIAN_POINT('',(33.,30.));
#4535 = CARTESIAN_POINT('',(33.,34.330127018922));
#4536 = CARTESIAN_POINT('',(36.75,32.165063509461));
#4537 = CARTESIAN_POINT('',(40.5,30.));
#4538 = CARTESIAN_POINT('',(36.75,27.834936490539));
#4539 = CARTESIAN_POINT('',(33.,25.669872981078));
#4540 = CARTESIAN_POINT('',(33.,30.));
#4541 = ( GEOMETRIC_REPRESENTATION_CONTEXT(2) 
PARAMETRIC_REPRESENTATION_CONTEXT() REPRESENTATION_CONTEXT('2D SPACE',''
  ) );
#4542 = ORIENTED_EDGE('',*,*,#4543,.T.);
#4543 = EDGE_CURVE('',#4516,#4544,#4546,.T.);
#4544 = VERTEX_POINT('',#4545);
#4545 = CARTESIAN_POINT('',(-23.5,32.5,65.8));
#4546 = SURFACE_CURVE('',#4547,(#4551,#4558),.PCURVE_S1.);
#4547 = LINE('',#4548,#4549);
#4548 = CARTESIAN_POINT('',(-23.5,32.5,53.));
#4549 = VECTOR('',#4550,1.);
#4550 = DIRECTION('',(0.,0.,1.));
#4551 = PCURVE('',#4385,#4552);
#4552 = DEFINITIONAL_REPRESENTATION('',(#4553),#4557);
#4553 = LINE('',#4554,#4555);
#4554 = CARTESIAN_POINT('',(-1.570796326795,0.));
#4555 = VECTOR('',#4556,1.);
#4556 = DIRECTION('',(-0.,-1.));
#4557 = ( GEOMETRIC_REPRESENTATION_CONTEXT(2) 
PARAMETRIC_REPRESENTATION_CONTEXT() REPRESENTATION_CONTEXT('2D SPACE',''
  ) );
#4558 = PCURVE('',#4559,#4564);
#4559 = PLANE('',#4560);
#4560 = AXIS2_PLACEMENT_3D('',#4561,#4562,#4563);
#4561 = CARTESIAN_POINT('',(12.,32.5,60.5));
#4562 = DIRECTION('',(-1.348122763475E-15,1.,-2.318717891206E-16));
#4563 = DIRECTION('',(1.,1.348122763475E-15,-6.624041895459E-48));
#4564 = DEFINITIONAL_REPRESENTATION('',(#4565),#4569);
#4565 = LINE('',#4566,#4567);
#4566 = CARTESIAN_POINT('',(-35.5,7.5));
#4567 = VECTOR('',#4568,1.);
#4568 = DIRECTION('',(-6.624041895459E-48,-1.));
#4569 = ( GEOMETRIC_REPRESENTATION_CONTEXT(2) 
PARAMETRIC_REPRESENTATION_CONTEXT() REPRESENTATION_CONTEXT('2D SPACE',''
  ) );
#4570 = ORIENTED_EDGE('',*,*,#4571,.F.);
#4571 = EDGE_CURVE('',#4344,#4544,#4572,.T.);
#4572 = SURFACE_CURVE('',#4573,(#4578,#4585),.PCURVE_S1.);
#4573 = CIRCLE('',#4574,2.5);
#4574 = AXIS2_PLACEMENT_3D('',#4575,#4576,#4577);
#4575 = CARTESIAN_POINT('',(-23.5,30.,65.8));
#4576 = DIRECTION('',(0.,0.,-1.));
#4577 = DIRECTION('',(1.,0.,0.));
#4578 = PCURVE('',#4385,#4579);
#4579 = DEFINITIONAL_REPRESENTATION('',(#4580),#4584);
#4580 = LINE('',#4581,#4582);
#4581 = CARTESIAN_POINT('',(-6.28318530718,-12.8));
#4582 = VECTOR('',#4583,1.);
#4583 = DIRECTION('',(1.,-0.));
#4584 = ( GEOMETRIC_REPRESENTATION_CONTEXT(2) 
PARAMETRIC_REPRESENTATION_CONTEXT() REPRESENTATION_CONTEXT('2D SPACE',''
  ) );
#4585 = PCURVE('',#4359,#4586);
#4586 = DEFINITIONAL_REPRESENTATION('',(#4587),#4591);
#4587 = CIRCLE('',#4588,2.5);
#4588 = AXIS2_PLACEMENT_2D('',#4589,#4590);
#4589 = CARTESIAN_POINT('',(16.999999999951,-73.5));
#4590 = DIRECTION('',(0.,1.));
#4591 = ( GEOMETRIC_REPRESENTATION_CONTEXT(2) 
PARAMETRIC_REPRESENTATION_CONTEXT() REPRESENTATION_CONTEXT('2D SPACE',''
  ) );
#4592 = ADVANCED_FACE('',(#4593),#4559,.T.);
#4593 = FACE_BOUND('',#4594,.T.);
#4594 = EDGE_LOOP('',(#4595,#4618,#4619,#4642));
#4595 = ORIENTED_EDGE('',*,*,#4596,.F.);
#4596 = EDGE_CURVE('',#4516,#4597,#4599,.T.);
#4597 = VERTEX_POINT('',#4598);
#4598 = CARTESIAN_POINT('',(47.5,32.5,53.));
#4599 = SURFACE_CURVE('',#4600,(#4604,#4611),.PCURVE_S1.);
#4600 = LINE('',#4601,#4602);
#4601 = CARTESIAN_POINT('',(-23.5,32.5,53.));
#4602 = VECTOR('',#4603,1.);
#4603 = DIRECTION('',(1.,1.300993741533E-15,0.));
#4604 = PCURVE('',#4559,#4605);
#4605 = DEFINITIONAL_REPRESENTATION('',(#4606),#4610);
#4606 = LINE('',#4607,#4608);
#4607 = CARTESIAN_POINT('',(-35.5,7.5));
#4608 = VECTOR('',#4609,1.);
#4609 = DIRECTION('',(1.,1.092789063738E-32));
#4610 = ( GEOMETRIC_REPRESENTATION_CONTEXT(2) 
PARAMETRIC_REPRESENTATION_CONTEXT() REPRESENTATION_CONTEXT('2D SPACE',''
  ) );
#4611 = PCURVE('',#3735,#4612);
#4612 = DEFINITIONAL_REPRESENTATION('',(#4613),#4617);
#4613 = LINE('',#4614,#4615);
#4614 = CARTESIAN_POINT('',(35.5,32.5));
#4615 = VECTOR('',#4616,1.);
#4616 = DIRECTION('',(-1.,1.300993741533E-15));
#4617 = ( GEOMETRIC_REPRESENTATION_CONTEXT(2) 
PARAMETRIC_REPRESENTATION_CONTEXT() REPRESENTATION_CONTEXT('2D SPACE',''
  ) );
#4618 = ORIENTED_EDGE('',*,*,#4543,.T.);
#4619 = ORIENTED_EDGE('',*,*,#4620,.F.);
#4620 = EDGE_CURVE('',#4621,#4544,#4623,.T.);
#4621 = VERTEX_POINT('',#4622);
#4622 = CARTESIAN_POINT('',(47.5,32.5,65.8));
#4623 = SURFACE_CURVE('',#4624,(#4628,#4635),.PCURVE_S1.);
#4624 = LINE('',#4625,#4626);
#4625 = CARTESIAN_POINT('',(50.,32.5,65.8));
#4626 = VECTOR('',#4627,1.);
#4627 = DIRECTION('',(-1.,-0.,-0.));
#4628 = PCURVE('',#4559,#4629);
#4629 = DEFINITIONAL_REPRESENTATION('',(#4630),#4634);
#4630 = LINE('',#4631,#4632);
#4631 = CARTESIAN_POINT('',(38.,-5.3));
#4632 = VECTOR('',#4633,1.);
#4633 = DIRECTION('',(-1.,-3.125916371212E-31));
#4634 = ( GEOMETRIC_REPRESENTATION_CONTEXT(2) 
PARAMETRIC_REPRESENTATION_CONTEXT() REPRESENTATION_CONTEXT('2D SPACE',''
  ) );
#4635 = PCURVE('',#4359,#4636);
#4636 = DEFINITIONAL_REPRESENTATION('',(#4637),#4641);
#4637 = LINE('',#4638,#4639);
#4638 = CARTESIAN_POINT('',(19.499999999951,0.));
#4639 = VECTOR('',#4640,1.);
#4640 = DIRECTION('',(0.,-1.));
#4641 = ( GEOMETRIC_REPRESENTATION_CONTEXT(2) 
PARAMETRIC_REPRESENTATION_CONTEXT() REPRESENTATION_CONTEXT('2D SPACE',''
  ) );
#4642 = ORIENTED_EDGE('',*,*,#4643,.F.);
#4643 = EDGE_CURVE('',#4597,#4621,#4644,.T.);
#4644 = SURFACE_CURVE('',#4645,(#4649,#4656),.PCURVE_S1.);
#4645 = LINE('',#4646,#4647);
#4646 = CARTESIAN_POINT('',(47.5,32.5,63.));
#4647 = VECTOR('',#4648,1.);
#4648 = DIRECTION('',(0.,0.,1.));
#4649 = PCURVE('',#4559,#4650);
#4650 = DEFINITIONAL_REPRESENTATION('',(#4651),#4655);
#4651 = LINE('',#4652,#4653);
#4652 = CARTESIAN_POINT('',(35.5,-2.5));
#4653 = VECTOR('',#4654,1.);
#4654 = DIRECTION('',(-6.624041895459E-48,-1.));
#4655 = ( GEOMETRIC_REPRESENTATION_CONTEXT(2) 
PARAMETRIC_REPRESENTATION_CONTEXT() REPRESENTATION_CONTEXT('2D SPACE',''
  ) );
#4656 = PCURVE('',#4657,#4662);
#4657 = CYLINDRICAL_SURFACE('',#4658,2.5);
#4658 = AXIS2_PLACEMENT_3D('',#4659,#4660,#4661);
#4659 = CARTESIAN_POINT('',(47.5,30.,53.));
#4660 = DIRECTION('',(-0.,-0.,-1.));
#4661 = DIRECTION('',(1.,0.,0.));
#4662 = DEFINITIONAL_REPRESENTATION('',(#4663),#4667);
#4663 = LINE('',#4664,#4665);
#4664 = CARTESIAN_POINT('',(-1.570796326795,-10.));
#4665 = VECTOR('',#4666,1.);
#4666 = DIRECTION('',(-0.,-1.));
#4667 = ( GEOMETRIC_REPRESENTATION_CONTEXT(2) 
PARAMETRIC_REPRESENTATION_CONTEXT() REPRESENTATION_CONTEXT('2D SPACE',''
  ) );
#4668 = ADVANCED_FACE('',(#4669),#4657,.T.);
#4669 = FACE_BOUND('',#4670,.F.);
#4670 = EDGE_LOOP('',(#4671,#4672,#4700,#4723));
#4671 = ORIENTED_EDGE('',*,*,#4643,.F.);
#4672 = ORIENTED_EDGE('',*,*,#4673,.F.);
#4673 = EDGE_CURVE('',#4674,#4597,#4676,.T.);
#4674 = VERTEX_POINT('',#4675);
#4675 = CARTESIAN_POINT('',(50.,30.,53.));
#4676 = SURFACE_CURVE('',#4677,(#4682,#4689),.PCURVE_S1.);
#4677 = CIRCLE('',#4678,2.5);
#4678 = AXIS2_PLACEMENT_3D('',#4679,#4680,#4681);
#4679 = CARTESIAN_POINT('',(47.5,30.,53.));
#4680 = DIRECTION('',(0.,0.,1.));
#4681 = DIRECTION('',(1.,0.,0.));
#4682 = PCURVE('',#4657,#4683);
#4683 = DEFINITIONAL_REPRESENTATION('',(#4684),#4688);
#4684 = LINE('',#4685,#4686);
#4685 = CARTESIAN_POINT('',(-8.881784197001E-15,0.));
#4686 = VECTOR('',#4687,1.);
#4687 = DIRECTION('',(-1.,0.));
#4688 = ( GEOMETRIC_REPRESENTATION_CONTEXT(2) 
PARAMETRIC_REPRESENTATION_CONTEXT() REPRESENTATION_CONTEXT('2D SPACE',''
  ) );
#4689 = PCURVE('',#3735,#4690);
#4690 = DEFINITIONAL_REPRESENTATION('',(#4691),#4699);
#4691 = ( BOUNDED_CURVE() B_SPLINE_CURVE(2,(#4692,#4693,#4694,#4695,
#4696,#4697,#4698),.UNSPECIFIED.,.T.,.F.) B_SPLINE_CURVE_WITH_KNOTS((1,2
    ,2,2,2,1),(-2.094395102393,0.,2.094395102393,4.188790204786,
6.28318530718,8.377580409573),.UNSPECIFIED.) CURVE() 
GEOMETRIC_REPRESENTATION_ITEM() RATIONAL_B_SPLINE_CURVE((1.,0.5,1.,0.5,
1.,0.5,1.)) REPRESENTATION_ITEM('') );
#4692 = CARTESIAN_POINT('',(-38.,30.));
#4693 = CARTESIAN_POINT('',(-38.,34.330127018922));
#4694 = CARTESIAN_POINT('',(-34.25,32.165063509461));
#4695 = CARTESIAN_POINT('',(-30.5,30.));
#4696 = CARTESIAN_POINT('',(-34.25,27.834936490539));
#4697 = CARTESIAN_POINT('',(-38.,25.669872981078));
#4698 = CARTESIAN_POINT('',(-38.,30.));
#4699 = ( GEOMETRIC_REPRESENTATION_CONTEXT(2) 
PARAMETRIC_REPRESENTATION_CONTEXT() REPRESENTATION_CONTEXT('2D SPACE',''
  ) );
#4700 = ORIENTED_EDGE('',*,*,#4701,.T.);
#4701 = EDGE_CURVE('',#4674,#4702,#4704,.T.);
#4702 = VERTEX_POINT('',#4703);
#4703 = CARTESIAN_POINT('',(50.,30.,65.8));
#4704 = SURFACE_CURVE('',#4705,(#4709,#4716),.PCURVE_S1.);
#4705 = LINE('',#4706,#4707);
#4706 = CARTESIAN_POINT('',(50.,30.,53.));
#4707 = VECTOR('',#4708,1.);
#4708 = DIRECTION('',(0.,0.,1.));
#4709 = PCURVE('',#4657,#4710);
#4710 = DEFINITIONAL_REPRESENTATION('',(#4711),#4715);
#4711 = LINE('',#4712,#4713);
#4712 = CARTESIAN_POINT('',(-0.,0.));
#4713 = VECTOR('',#4714,1.);
#4714 = DIRECTION('',(-0.,-1.));
#4715 = ( GEOMETRIC_REPRESENTATION_CONTEXT(2) 
PARAMETRIC_REPRESENTATION_CONTEXT() REPRESENTATION_CONTEXT('2D SPACE',''
  ) );
#4716 = PCURVE('',#3948,#4717);
#4717 = DEFINITIONAL_REPRESENTATION('',(#4718),#4722);
#4718 = LINE('',#4719,#4720);
#4719 = CARTESIAN_POINT('',(-7.447279792746,-30.26360103626));
#4720 = VECTOR('',#4721,1.);
#4721 = DIRECTION('',(1.,0.));
#4722 = ( GEOMETRIC_REPRESENTATION_CONTEXT(2) 
PARAMETRIC_REPRESENTATION_CONTEXT() REPRESENTATION_CONTEXT('2D SPACE',''
  ) );
#4723 = ORIENTED_EDGE('',*,*,#4724,.F.);
#4724 = EDGE_CURVE('',#4621,#4702,#4725,.T.);
#4725 = SURFACE_CURVE('',#4726,(#4731,#4738),.PCURVE_S1.);
#4726 = CIRCLE('',#4727,2.5);
#4727 = AXIS2_PLACEMENT_3D('',#4728,#4729,#4730);
#4728 = CARTESIAN_POINT('',(47.5,30.,65.8));
#4729 = DIRECTION('',(0.,0.,-1.));
#4730 = DIRECTION('',(1.,0.,0.));
#4731 = PCURVE('',#4657,#4732);
#4732 = DEFINITIONAL_REPRESENTATION('',(#4733),#4737);
#4733 = LINE('',#4734,#4735);
#4734 = CARTESIAN_POINT('',(-6.28318530718,-12.8));
#4735 = VECTOR('',#4736,1.);
#4736 = DIRECTION('',(1.,-0.));
#4737 = ( GEOMETRIC_REPRESENTATION_CONTEXT(2) 
PARAMETRIC_REPRESENTATION_CONTEXT() REPRESENTATION_CONTEXT('2D SPACE',''
  ) );
#4738 = PCURVE('',#4359,#4739);
#4739 = DEFINITIONAL_REPRESENTATION('',(#4740),#4744);
#4740 = CIRCLE('',#4741,2.5);
#4741 = AXIS2_PLACEMENT_2D('',#4742,#4743);
#4742 = CARTESIAN_POINT('',(16.999999999951,-2.5));
#4743 = DIRECTION('',(0.,1.));
#4744 = ( GEOMETRIC_REPRESENTATION_CONTEXT(2) 
PARAMETRIC_REPRESENTATION_CONTEXT() REPRESENTATION_CONTEXT('2D SPACE',''
  ) );
#4745 = ADVANCED_FACE('',(#4746,#5080),#3948,.T.);
#4746 = FACE_BOUND('',#4747,.T.);
#4747 = EDGE_LOOP('',(#4748,#4771,#4772,#4795,#4819,#4842,#4866,#4889,
    #4918,#4946,#4975,#4998,#5026,#5054));
#4748 = ORIENTED_EDGE('',*,*,#4749,.F.);
#4749 = EDGE_CURVE('',#4674,#4750,#4752,.T.);
#4750 = VERTEX_POINT('',#4751);
#4751 = CARTESIAN_POINT('',(50.,-30.,53.));
#4752 = SURFACE_CURVE('',#4753,(#4757,#4764),.PCURVE_S1.);
#4753 = LINE('',#4754,#4755);
#4754 = CARTESIAN_POINT('',(50.,30.,53.));
#4755 = VECTOR('',#4756,1.);
#4756 = DIRECTION('',(0.,-1.,0.));
#4757 = PCURVE('',#3948,#4758);
#4758 = DEFINITIONAL_REPRESENTATION('',(#4759),#4763);
#4759 = LINE('',#4760,#4761);
#4760 = CARTESIAN_POINT('',(-7.447279792746,-30.26360103626));
#4761 = VECTOR('',#4762,1.);
#4762 = DIRECTION('',(0.,1.));
#4763 = ( GEOMETRIC_REPRESENTATION_CONTEXT(2) 
PARAMETRIC_REPRESENTATION_CONTEXT() REPRESENTATION_CONTEXT('2D SPACE',''
  ) );
#4764 = PCURVE('',#3735,#4765);
#4765 = DEFINITIONAL_REPRESENTATION('',(#4766),#4770);
#4766 = LINE('',#4767,#4768);
#4767 = CARTESIAN_POINT('',(-38.,30.));
#4768 = VECTOR('',#4769,1.);
#4769 = DIRECTION('',(0.,-1.));
#4770 = ( GEOMETRIC_REPRESENTATION_CONTEXT(2) 
PARAMETRIC_REPRESENTATION_CONTEXT() REPRESENTATION_CONTEXT('2D SPACE',''
  ) );
#4771 = ORIENTED_EDGE('',*,*,#4701,.T.);
#4772 = ORIENTED_EDGE('',*,*,#4773,.F.);
#4773 = EDGE_CURVE('',#4774,#4702,#4776,.T.);
#4774 = VERTEX_POINT('',#4775);
#4775 = CARTESIAN_POINT('',(50.,13.000000000049,65.8));
#4776 = SURFACE_CURVE('',#4777,(#4781,#4788),.PCURVE_S1.);
#4777 = LINE('',#4778,#4779);
#4778 = CARTESIAN_POINT('',(50.,13.000000000049,65.8));
#4779 = VECTOR('',#4780,1.);
#4780 = DIRECTION('',(0.,1.,0.));
#4781 = PCURVE('',#3948,#4782);
#4782 = DEFINITIONAL_REPRESENTATION('',(#4783),#4787);
#4783 = LINE('',#4784,#4785);
#4784 = CARTESIAN_POINT('',(5.352720207254,-13.26360103631));
#4785 = VECTOR('',#4786,1.);
#4786 = DIRECTION('',(0.,-1.));
#4787 = ( GEOMETRIC_REPRESENTATION_CONTEXT(2) 
PARAMETRIC_REPRESENTATION_CONTEXT() REPRESENTATION_CONTEXT('2D SPACE',''
  ) );
#4788 = PCURVE('',#4359,#4789);
#4789 = DEFINITIONAL_REPRESENTATION('',(#4790),#4794);
#4790 = LINE('',#4791,#4792);
#4791 = CARTESIAN_POINT('',(0.,0.));
#4792 = VECTOR('',#4793,1.);
#4793 = DIRECTION('',(1.,0.));
#4794 = ( GEOMETRIC_REPRESENTATION_CONTEXT(2) 
PARAMETRIC_REPRESENTATION_CONTEXT() REPRESENTATION_CONTEXT('2D SPACE',''
  ) );
#4795 = ORIENTED_EDGE('',*,*,#4796,.T.);
#4796 = EDGE_CURVE('',#4774,#4797,#4799,.T.);
#4797 = VERTEX_POINT('',#4798);
#4798 = CARTESIAN_POINT('',(50.,11.000000000049,63.8));
#4799 = SURFACE_CURVE('',#4800,(#4805,#4812),.PCURVE_S1.);
#4800 = CIRCLE('',#4801,2.);
#4801 = AXIS2_PLACEMENT_3D('',#4802,#4803,#4804);
#4802 = CARTESIAN_POINT('',(50.,13.000000000049,63.8));
#4803 = DIRECTION('',(1.,0.,0.));
#4804 = DIRECTION('',(0.,1.,0.));
#4805 = PCURVE('',#3948,#4806);
#4806 = DEFINITIONAL_REPRESENTATION('',(#4807),#4811);
#4807 = CIRCLE('',#4808,2.);
#4808 = AXIS2_PLACEMENT_2D('',#4809,#4810);
#4809 = CARTESIAN_POINT('',(3.352720207254,-13.26360103631));
#4810 = DIRECTION('',(0.,-1.));
#4811 = ( GEOMETRIC_REPRESENTATION_CONTEXT(2) 
PARAMETRIC_REPRESENTATION_CONTEXT() REPRESENTATION_CONTEXT('2D SPACE',''
  ) );
#4812 = PCURVE('',#4331,#4813);
#4813 = DEFINITIONAL_REPRESENTATION('',(#4814),#4818);
#4814 = LINE('',#4815,#4816);
#4815 = CARTESIAN_POINT('',(0.,0.));
#4816 = VECTOR('',#4817,1.);
#4817 = DIRECTION('',(1.,0.));
#4818 = ( GEOMETRIC_REPRESENTATION_CONTEXT(2) 
PARAMETRIC_REPRESENTATION_CONTEXT() REPRESENTATION_CONTEXT('2D SPACE',''
  ) );
#4819 = ORIENTED_EDGE('',*,*,#4820,.F.);
#4820 = EDGE_CURVE('',#4821,#4797,#4823,.T.);
#4821 = VERTEX_POINT('',#4822);
#4822 = CARTESIAN_POINT('',(50.,11.000000000045,62.8));
#4823 = SURFACE_CURVE('',#4824,(#4828,#4835),.PCURVE_S1.);
#4824 = LINE('',#4825,#4826);
#4825 = CARTESIAN_POINT('',(50.,11.000000000049,62.8));
#4826 = VECTOR('',#4827,1.);
#4827 = DIRECTION('',(0.,0.,1.));
#4828 = PCURVE('',#3948,#4829);
#4829 = DEFINITIONAL_REPRESENTATION('',(#4830),#4834);
#4830 = LINE('',#4831,#4832);
#4831 = CARTESIAN_POINT('',(2.352720207254,-11.26360103631));
#4832 = VECTOR('',#4833,1.);
#4833 = DIRECTION('',(1.,0.));
#4834 = ( GEOMETRIC_REPRESENTATION_CONTEXT(2) 
PARAMETRIC_REPRESENTATION_CONTEXT() REPRESENTATION_CONTEXT('2D SPACE',''
  ) );
#4835 = PCURVE('',#4298,#4836);
#4836 = DEFINITIONAL_REPRESENTATION('',(#4837),#4841);
#4837 = LINE('',#4838,#4839);
#4838 = CARTESIAN_POINT('',(0.,0.));
#4839 = VECTOR('',#4840,1.);
#4840 = DIRECTION('',(1.,0.));
#4841 = ( GEOMETRIC_REPRESENTATION_CONTEXT(2) 
PARAMETRIC_REPRESENTATION_CONTEXT() REPRESENTATION_CONTEXT('2D SPACE',''
  ) );
#4842 = ORIENTED_EDGE('',*,*,#4843,.F.);
#4843 = EDGE_CURVE('',#4844,#4821,#4846,.T.);
#4844 = VERTEX_POINT('',#4845);
#4845 = CARTESIAN_POINT('',(50.,9.00000000004,60.8));
#4846 = SURFACE_CURVE('',#4847,(#4852,#4859),.PCURVE_S1.);
#4847 = CIRCLE('',#4848,2.);
#4848 = AXIS2_PLACEMENT_3D('',#4849,#4850,#4851);
#4849 = CARTESIAN_POINT('',(50.,9.00000000004,62.8));
#4850 = DIRECTION('',(1.,0.,0.));
#4851 = DIRECTION('',(0.,1.,0.));
#4852 = PCURVE('',#3948,#4853);
#4853 = DEFINITIONAL_REPRESENTATION('',(#4854),#4858);
#4854 = CIRCLE('',#4855,2.);
#4855 = AXIS2_PLACEMENT_2D('',#4856,#4857);
#4856 = CARTESIAN_POINT('',(2.352720207254,-9.263601036308));
#4857 = DIRECTION('',(0.,-1.));
#4858 = ( GEOMETRIC_REPRESENTATION_CONTEXT(2) 
PARAMETRIC_REPRESENTATION_CONTEXT() REPRESENTATION_CONTEXT('2D SPACE',''
  ) );
#4859 = PCURVE('',#4270,#4860);
#4860 = DEFINITIONAL_REPRESENTATION('',(#4861),#4865);
#4861 = LINE('',#4862,#4863);
#4862 = CARTESIAN_POINT('',(0.,0.));
#4863 = VECTOR('',#4864,1.);
#4864 = DIRECTION('',(1.,0.));
#4865 = ( GEOMETRIC_REPRESENTATION_CONTEXT(2) 
PARAMETRIC_REPRESENTATION_CONTEXT() REPRESENTATION_CONTEXT('2D SPACE',''
  ) );
#4866 = ORIENTED_EDGE('',*,*,#4867,.F.);
#4867 = EDGE_CURVE('',#4868,#4844,#4870,.T.);
#4868 = VERTEX_POINT('',#4869);
#4869 = CARTESIAN_POINT('',(50.,1.00000000004,60.8));
#4870 = SURFACE_CURVE('',#4871,(#4875,#4882),.PCURVE_S1.);
#4871 = LINE('',#4872,#4873);
#4872 = CARTESIAN_POINT('',(50.,1.00000000004,60.8));
#4873 = VECTOR('',#4874,1.);
#4874 = DIRECTION('',(0.,1.,0.));
#4875 = PCURVE('',#3948,#4876);
#4876 = DEFINITIONAL_REPRESENTATION('',(#4877),#4881);
#4877 = LINE('',#4878,#4879);
#4878 = CARTESIAN_POINT('',(0.352720207254,-1.263601036308));
#4879 = VECTOR('',#4880,1.);
#4880 = DIRECTION('',(0.,-1.));
#4881 = ( GEOMETRIC_REPRESENTATION_CONTEXT(2) 
PARAMETRIC_REPRESENTATION_CONTEXT() REPRESENTATION_CONTEXT('2D SPACE',''
  ) );
#4882 = PCURVE('',#4237,#4883);
#4883 = DEFINITIONAL_REPRESENTATION('',(#4884),#4888);
#4884 = LINE('',#4885,#4886);
#4885 = CARTESIAN_POINT('',(0.,0.));
#4886 = VECTOR('',#4887,1.);
#4887 = DIRECTION('',(1.,0.));
#4888 = ( GEOMETRIC_REPRESENTATION_CONTEXT(2) 
PARAMETRIC_REPRESENTATION_CONTEXT() REPRESENTATION_CONTEXT('2D SPACE',''
  ) );
#4889 = ORIENTED_EDGE('',*,*,#4890,.F.);
#4890 = EDGE_CURVE('',#4891,#4868,#4893,.T.);
#4891 = VERTEX_POINT('',#4892);
#4892 = CARTESIAN_POINT('',(50.,-0.99999999996,62.8));
#4893 = SURFACE_CURVE('',#4894,(#4899,#4906),.PCURVE_S1.);
#4894 = CIRCLE('',#4895,2.);
#4895 = AXIS2_PLACEMENT_3D('',#4896,#4897,#4898);
#4896 = CARTESIAN_POINT('',(50.,1.00000000004,62.8));
#4897 = DIRECTION('',(1.,0.,0.));
#4898 = DIRECTION('',(0.,1.,0.));
#4899 = PCURVE('',#3948,#4900);
#4900 = DEFINITIONAL_REPRESENTATION('',(#4901),#4905);
#4901 = CIRCLE('',#4902,2.);
#4902 = AXIS2_PLACEMENT_2D('',#4903,#4904);
#4903 = CARTESIAN_POINT('',(2.352720207254,-1.263601036308));
#4904 = DIRECTION('',(0.,-1.));
#4905 = ( GEOMETRIC_REPRESENTATION_CONTEXT(2) 
PARAMETRIC_REPRESENTATION_CONTEXT() REPRESENTATION_CONTEXT('2D SPACE',''
  ) );
#4906 = PCURVE('',#4907,#4912);
#4907 = CYLINDRICAL_SURFACE('',#4908,2.);
#4908 = AXIS2_PLACEMENT_3D('',#4909,#4910,#4911);
#4909 = CARTESIAN_POINT('',(50.,1.00000000004,62.8));
#4910 = DIRECTION('',(1.,0.,0.));
#4911 = DIRECTION('',(0.,1.,0.));
#4912 = DEFINITIONAL_REPRESENTATION('',(#4913),#4917);
#4913 = LINE('',#4914,#4915);
#4914 = CARTESIAN_POINT('',(0.,0.));
#4915 = VECTOR('',#4916,1.);
#4916 = DIRECTION('',(1.,0.));
#4917 = ( GEOMETRIC_REPRESENTATION_CONTEXT(2) 
PARAMETRIC_REPRESENTATION_CONTEXT() REPRESENTATION_CONTEXT('2D SPACE',''
  ) );
#4918 = ORIENTED_EDGE('',*,*,#4919,.F.);
#4919 = EDGE_CURVE('',#4920,#4891,#4922,.T.);
#4920 = VERTEX_POINT('',#4921);
#4921 = CARTESIAN_POINT('',(50.,-0.99999999996,63.8));
#4922 = SURFACE_CURVE('',#4923,(#4927,#4934),.PCURVE_S1.);
#4923 = LINE('',#4924,#4925);
#4924 = CARTESIAN_POINT('',(50.,-0.99999999996,63.8));
#4925 = VECTOR('',#4926,1.);
#4926 = DIRECTION('',(0.,0.,-1.));
#4927 = PCURVE('',#3948,#4928);
#4928 = DEFINITIONAL_REPRESENTATION('',(#4929),#4933);
#4929 = LINE('',#4930,#4931);
#4930 = CARTESIAN_POINT('',(3.352720207254,0.736398963692));
#4931 = VECTOR('',#4932,1.);
#4932 = DIRECTION('',(-1.,0.));
#4933 = ( GEOMETRIC_REPRESENTATION_CONTEXT(2) 
PARAMETRIC_REPRESENTATION_CONTEXT() REPRESENTATION_CONTEXT('2D SPACE',''
  ) );
#4934 = PCURVE('',#4935,#4940);
#4935 = PLANE('',#4936);
#4936 = AXIS2_PLACEMENT_3D('',#4937,#4938,#4939);
#4937 = CARTESIAN_POINT('',(50.,-0.99999999996,63.8));
#4938 = DIRECTION('',(0.,-1.,0.));
#4939 = DIRECTION('',(0.,0.,-1.));
#4940 = DEFINITIONAL_REPRESENTATION('',(#4941),#4945);
#4941 = LINE('',#4942,#4943);
#4942 = CARTESIAN_POINT('',(0.,0.));
#4943 = VECTOR('',#4944,1.);
#4944 = DIRECTION('',(1.,0.));
#4945 = ( GEOMETRIC_REPRESENTATION_CONTEXT(2) 
PARAMETRIC_REPRESENTATION_CONTEXT() REPRESENTATION_CONTEXT('2D SPACE',''
  ) );
#4946 = ORIENTED_EDGE('',*,*,#4947,.T.);
#4947 = EDGE_CURVE('',#4920,#4948,#4950,.T.);
#4948 = VERTEX_POINT('',#4949);
#4949 = CARTESIAN_POINT('',(50.,-2.99999999996,65.8));
#4950 = SURFACE_CURVE('',#4951,(#4956,#4963),.PCURVE_S1.);
#4951 = CIRCLE('',#4952,2.);
#4952 = AXIS2_PLACEMENT_3D('',#4953,#4954,#4955);
#4953 = CARTESIAN_POINT('',(50.,-2.99999999996,63.8));
#4954 = DIRECTION('',(1.,0.,0.));
#4955 = DIRECTION('',(0.,1.,0.));
#4956 = PCURVE('',#3948,#4957);
#4957 = DEFINITIONAL_REPRESENTATION('',(#4958),#4962);
#4958 = CIRCLE('',#4959,2.);
#4959 = AXIS2_PLACEMENT_2D('',#4960,#4961);
#4960 = CARTESIAN_POINT('',(3.352720207254,2.736398963692));
#4961 = DIRECTION('',(0.,-1.));
#4962 = ( GEOMETRIC_REPRESENTATION_CONTEXT(2) 
PARAMETRIC_REPRESENTATION_CONTEXT() REPRESENTATION_CONTEXT('2D SPACE',''
  ) );
#4963 = PCURVE('',#4964,#4969);
#4964 = CYLINDRICAL_SURFACE('',#4965,2.);
#4965 = AXIS2_PLACEMENT_3D('',#4966,#4967,#4968);
#4966 = CARTESIAN_POINT('',(50.,-2.99999999996,63.8));
#4967 = DIRECTION('',(1.,0.,0.));
#4968 = DIRECTION('',(0.,1.,0.));
#4969 = DEFINITIONAL_REPRESENTATION('',(#4970),#4974);
#4970 = LINE('',#4971,#4972);
#4971 = CARTESIAN_POINT('',(0.,0.));
#4972 = VECTOR('',#4973,1.);
#4973 = DIRECTION('',(1.,0.));
#4974 = ( GEOMETRIC_REPRESENTATION_CONTEXT(2) 
PARAMETRIC_REPRESENTATION_CONTEXT() REPRESENTATION_CONTEXT('2D SPACE',''
  ) );
#4975 = ORIENTED_EDGE('',*,*,#4976,.T.);
#4976 = EDGE_CURVE('',#4948,#4977,#4979,.T.);
#4977 = VERTEX_POINT('',#4978);
#4978 = CARTESIAN_POINT('',(50.,-17.49999999996,65.8));
#4979 = SURFACE_CURVE('',#4980,(#4984,#4991),.PCURVE_S1.);
#4980 = LINE('',#4981,#4982);
#4981 = CARTESIAN_POINT('',(50.,-0.99999999996,65.8));
#4982 = VECTOR('',#4983,1.);
#4983 = DIRECTION('',(0.,-1.,0.));
#4984 = PCURVE('',#3948,#4985);
#4985 = DEFINITIONAL_REPRESENTATION('',(#4986),#4990);
#4986 = LINE('',#4987,#4988);
#4987 = CARTESIAN_POINT('',(5.352720207254,0.736398963692));
#4988 = VECTOR('',#4989,1.);
#4989 = DIRECTION('',(0.,1.));
#4990 = ( GEOMETRIC_REPRESENTATION_CONTEXT(2) 
PARAMETRIC_REPRESENTATION_CONTEXT() REPRESENTATION_CONTEXT('2D SPACE',''
  ) );
#4991 = PCURVE('',#4115,#4992);
#4992 = DEFINITIONAL_REPRESENTATION('',(#4993),#4997);
#4993 = LINE('',#4994,#4995);
#4994 = CARTESIAN_POINT('',(37.999999999993,14.507894728761));
#4995 = VECTOR('',#4996,1.);
#4996 = DIRECTION('',(0.,-1.));
#4997 = ( GEOMETRIC_REPRESENTATION_CONTEXT(2) 
PARAMETRIC_REPRESENTATION_CONTEXT() REPRESENTATION_CONTEXT('2D SPACE',''
  ) );
#4998 = ORIENTED_EDGE('',*,*,#4999,.F.);
#4999 = EDGE_CURVE('',#5000,#4977,#5002,.T.);
#5000 = VERTEX_POINT('',#5001);
#5001 = CARTESIAN_POINT('',(50.,-17.49999999996,68.));
#5002 = SURFACE_CURVE('',#5003,(#5007,#5014),.PCURVE_S1.);
#5003 = LINE('',#5004,#5005);
#5004 = CARTESIAN_POINT('',(50.,-17.49999999996,68.));
#5005 = VECTOR('',#5006,1.);
#5006 = DIRECTION('',(-0.,-0.,-1.));
#5007 = PCURVE('',#3948,#5008);
#5008 = DEFINITIONAL_REPRESENTATION('',(#5009),#5013);
#5009 = LINE('',#5010,#5011);
#5010 = CARTESIAN_POINT('',(7.552720207254,17.236398963692));
#5011 = VECTOR('',#5012,1.);
#5012 = DIRECTION('',(-1.,0.));
#5013 = ( GEOMETRIC_REPRESENTATION_CONTEXT(2) 
PARAMETRIC_REPRESENTATION_CONTEXT() REPRESENTATION_CONTEXT('2D SPACE',''
  ) );
#5014 = PCURVE('',#5015,#5020);
#5015 = CYLINDRICAL_SURFACE('',#5016,15.);
#5016 = AXIS2_PLACEMENT_3D('',#5017,#5018,#5019);
#5017 = CARTESIAN_POINT('',(35.,-17.49999999996,68.));
#5018 = DIRECTION('',(0.,0.,1.));
#5019 = DIRECTION('',(1.,0.,0.));
#5020 = DEFINITIONAL_REPRESENTATION('',(#5021),#5025);
#5021 = LINE('',#5022,#5023);
#5022 = CARTESIAN_POINT('',(6.28318530718,0.));
#5023 = VECTOR('',#5024,1.);
#5024 = DIRECTION('',(0.,-1.));
#5025 = ( GEOMETRIC_REPRESENTATION_CONTEXT(2) 
PARAMETRIC_REPRESENTATION_CONTEXT() REPRESENTATION_CONTEXT('2D SPACE',''
  ) );
#5026 = ORIENTED_EDGE('',*,*,#5027,.T.);
#5027 = EDGE_CURVE('',#5000,#5028,#5030,.T.);
#5028 = VERTEX_POINT('',#5029);
#5029 = CARTESIAN_POINT('',(50.,-30.,68.));
#5030 = SURFACE_CURVE('',#5031,(#5035,#5042),.PCURVE_S1.);
#5031 = LINE('',#5032,#5033);
#5032 = CARTESIAN_POINT('',(50.,30.,68.));
#5033 = VECTOR('',#5034,1.);
#5034 = DIRECTION('',(0.,-1.,0.));
#5035 = PCURVE('',#3948,#5036);
#5036 = DEFINITIONAL_REPRESENTATION('',(#5037),#5041);
#5037 = LINE('',#5038,#5039);
#5038 = CARTESIAN_POINT('',(7.552720207254,-30.26360103626));
#5039 = VECTOR('',#5040,1.);
#5040 = DIRECTION('',(0.,1.));
#5041 = ( GEOMETRIC_REPRESENTATION_CONTEXT(2) 
PARAMETRIC_REPRESENTATION_CONTEXT() REPRESENTATION_CONTEXT('2D SPACE',''
  ) );
#5042 = PCURVE('',#5043,#5048);
#5043 = PLANE('',#5044);
#5044 = AXIS2_PLACEMENT_3D('',#5045,#5046,#5047);
#5045 = CARTESIAN_POINT('',(13.144186949372,-0.530920080677,68.));
#5046 = DIRECTION('',(0.,0.,1.));
#5047 = DIRECTION('',(1.,0.,0.));
#5048 = DEFINITIONAL_REPRESENTATION('',(#5049),#5053);
#5049 = LINE('',#5050,#5051);
#5050 = CARTESIAN_POINT('',(36.855813050628,30.530920080677));
#5051 = VECTOR('',#5052,1.);
#5052 = DIRECTION('',(0.,-1.));
#5053 = ( GEOMETRIC_REPRESENTATION_CONTEXT(2) 
PARAMETRIC_REPRESENTATION_CONTEXT() REPRESENTATION_CONTEXT('2D SPACE',''
  ) );
#5054 = ORIENTED_EDGE('',*,*,#5055,.F.);
#5055 = EDGE_CURVE('',#4750,#5028,#5056,.T.);
#5056 = SURFACE_CURVE('',#5057,(#5061,#5068),.PCURVE_S1.);
#5057 = LINE('',#5058,#5059);
#5058 = CARTESIAN_POINT('',(50.,-30.,63.));
#5059 = VECTOR('',#5060,1.);
#5060 = DIRECTION('',(0.,0.,1.));
#5061 = PCURVE('',#3948,#5062);
#5062 = DEFINITIONAL_REPRESENTATION('',(#5063),#5067);
#5063 = LINE('',#5064,#5065);
#5064 = CARTESIAN_POINT('',(2.552720207254,29.736398963732));
#5065 = VECTOR('',#5066,1.);
#5066 = DIRECTION('',(1.,0.));
#5067 = ( GEOMETRIC_REPRESENTATION_CONTEXT(2) 
PARAMETRIC_REPRESENTATION_CONTEXT() REPRESENTATION_CONTEXT('2D SPACE',''
  ) );
#5068 = PCURVE('',#5069,#5074);
#5069 = CYLINDRICAL_SURFACE('',#5070,2.499999999999);
#5070 = AXIS2_PLACEMENT_3D('',#5071,#5072,#5073);
#5071 = CARTESIAN_POINT('',(47.500000000001,-30.,53.));
#5072 = DIRECTION('',(-0.,-0.,-1.));
#5073 = DIRECTION('',(1.,0.,0.));
#5074 = DEFINITIONAL_REPRESENTATION('',(#5075),#5079);
#5075 = LINE('',#5076,#5077);
#5076 = CARTESIAN_POINT('',(-6.28318530718,-10.));
#5077 = VECTOR('',#5078,1.);
#5078 = DIRECTION('',(-0.,-1.));
#5079 = ( GEOMETRIC_REPRESENTATION_CONTEXT(2) 
PARAMETRIC_REPRESENTATION_CONTEXT() REPRESENTATION_CONTEXT('2D SPACE',''
  ) );
#5080 = FACE_BOUND('',#5081,.T.);
#5081 = EDGE_LOOP('',(#5082,#5112,#5133,#5134));
#5082 = ORIENTED_EDGE('',*,*,#5083,.F.);
#5083 = EDGE_CURVE('',#5084,#5086,#5088,.T.);
#5084 = VERTEX_POINT('',#5085);
#5085 = CARTESIAN_POINT('',(50.,-12.69999999996,63.));
#5086 = VERTEX_POINT('',#5087);
#5087 = CARTESIAN_POINT('',(50.,-22.3,63.));
#5088 = SURFACE_CURVE('',#5089,(#5093,#5100),.PCURVE_S1.);
#5089 = LINE('',#5090,#5091);
#5090 = CARTESIAN_POINT('',(50.,-12.69999999996,63.));
#5091 = VECTOR('',#5092,1.);
#5092 = DIRECTION('',(0.,-1.,0.));
#5093 = PCURVE('',#3948,#5094);
#5094 = DEFINITIONAL_REPRESENTATION('',(#5095),#5099);
#5095 = LINE('',#5096,#5097);
#5096 = CARTESIAN_POINT('',(2.552720207254,12.436398963692));
#5097 = VECTOR('',#5098,1.);
#5098 = DIRECTION('',(0.,1.));
#5099 = ( GEOMETRIC_REPRESENTATION_CONTEXT(2) 
PARAMETRIC_REPRESENTATION_CONTEXT() REPRESENTATION_CONTEXT('2D SPACE',''
  ) );
#5100 = PCURVE('',#5101,#5106);
#5101 = PLANE('',#5102);
#5102 = AXIS2_PLACEMENT_3D('',#5103,#5104,#5105);
#5103 = CARTESIAN_POINT('',(44.110341384886,-17.49999999997,63.));
#5104 = DIRECTION('',(5.927046489058E-15,0.,-1.));
#5105 = DIRECTION('',(-1.,0.,-5.927046489058E-15));
#5106 = DEFINITIONAL_REPRESENTATION('',(#5107),#5111);
#5107 = LINE('',#5108,#5109);
#5108 = CARTESIAN_POINT('',(-5.889658615114,4.800000000009));
#5109 = VECTOR('',#5110,1.);
#5110 = DIRECTION('',(-0.,-1.));
#5111 = ( GEOMETRIC_REPRESENTATION_CONTEXT(2) 
PARAMETRIC_REPRESENTATION_CONTEXT() REPRESENTATION_CONTEXT('2D SPACE',''
  ) );
#5112 = ORIENTED_EDGE('',*,*,#5113,.T.);
#5113 = EDGE_CURVE('',#5084,#3933,#5114,.T.);
#5114 = SURFACE_CURVE('',#5115,(#5119,#5126),.PCURVE_S1.);
#5115 = LINE('',#5116,#5117);
#5116 = CARTESIAN_POINT('',(50.,-12.69999999996,63.));
#5117 = VECTOR('',#5118,1.);
#5118 = DIRECTION('',(-0.,-0.,-1.));
#5119 = PCURVE('',#3948,#5120);
#5120 = DEFINITIONAL_REPRESENTATION('',(#5121),#5125);
#5121 = LINE('',#5122,#5123);
#5122 = CARTESIAN_POINT('',(2.552720207254,12.436398963692));
#5123 = VECTOR('',#5124,1.);
#5124 = DIRECTION('',(-1.,0.));
#5125 = ( GEOMETRIC_REPRESENTATION_CONTEXT(2) 
PARAMETRIC_REPRESENTATION_CONTEXT() REPRESENTATION_CONTEXT('2D SPACE',''
  ) );
#5126 = PCURVE('',#3893,#5127);
#5127 = DEFINITIONAL_REPRESENTATION('',(#5128),#5132);
#5128 = LINE('',#5129,#5130);
#5129 = CARTESIAN_POINT('',(-4.230863932923,6.104776713132));
#5130 = VECTOR('',#5131,1.);
#5131 = DIRECTION('',(1.,0.));
#5132 = ( GEOMETRIC_REPRESENTATION_CONTEXT(2) 
PARAMETRIC_REPRESENTATION_CONTEXT() REPRESENTATION_CONTEXT('2D SPACE',''
  ) );
#5133 = ORIENTED_EDGE('',*,*,#3932,.T.);
#5134 = ORIENTED_EDGE('',*,*,#5135,.F.);
#5135 = EDGE_CURVE('',#5086,#3910,#5136,.T.);
#5136 = SURFACE_CURVE('',#5137,(#5141,#5148),.PCURVE_S1.);
#5137 = LINE('',#5138,#5139);
#5138 = CARTESIAN_POINT('',(50.,-22.3,63.));
#5139 = VECTOR('',#5140,1.);
#5140 = DIRECTION('',(-0.,-0.,-1.));
#5141 = PCURVE('',#3948,#5142);
#5142 = DEFINITIONAL_REPRESENTATION('',(#5143),#5147);
#5143 = LINE('',#5144,#5145);
#5144 = CARTESIAN_POINT('',(2.552720207254,22.036398963732));
#5145 = VECTOR('',#5146,1.);
#5146 = DIRECTION('',(-1.,0.));
#5147 = ( GEOMETRIC_REPRESENTATION_CONTEXT(2) 
PARAMETRIC_REPRESENTATION_CONTEXT() REPRESENTATION_CONTEXT('2D SPACE',''
  ) );
#5148 = PCURVE('',#3763,#5149);
#5149 = DEFINITIONAL_REPRESENTATION('',(#5150),#5154);
#5150 = LINE('',#5151,#5152);
#5151 = CARTESIAN_POINT('',(6.104776713132,-4.230863932923));
#5152 = VECTOR('',#5153,1.);
#5153 = DIRECTION('',(-5.401749887625E-41,1.));
#5154 = ( GEOMETRIC_REPRESENTATION_CONTEXT(2) 
PARAMETRIC_REPRESENTATION_CONTEXT() REPRESENTATION_CONTEXT('2D SPACE',''
  ) );
#5155 = ADVANCED_FACE('',(#5156),#5069,.T.);
#5156 = FACE_BOUND('',#5157,.F.);
#5157 = EDGE_LOOP('',(#5158,#5159,#5187,#5215));
#5158 = ORIENTED_EDGE('',*,*,#5055,.F.);
#5159 = ORIENTED_EDGE('',*,*,#5160,.F.);
#5160 = EDGE_CURVE('',#5161,#4750,#5163,.T.);
#5161 = VERTEX_POINT('',#5162);
#5162 = CARTESIAN_POINT('',(47.500000000001,-32.5,53.));
#5163 = SURFACE_CURVE('',#5164,(#5169,#5176),.PCURVE_S1.);
#5164 = CIRCLE('',#5165,2.499999999999);
#5165 = AXIS2_PLACEMENT_3D('',#5166,#5167,#5168);
#5166 = CARTESIAN_POINT('',(47.500000000001,-30.,53.));
#5167 = DIRECTION('',(0.,0.,1.));
#5168 = DIRECTION('',(1.,0.,0.));
#5169 = PCURVE('',#5069,#5170);
#5170 = DEFINITIONAL_REPRESENTATION('',(#5171),#5175);
#5171 = LINE('',#5172,#5173);
#5172 = CARTESIAN_POINT('',(8.881784197001E-16,-0.));
#5173 = VECTOR('',#5174,1.);
#5174 = DIRECTION('',(-1.,0.));
#5175 = ( GEOMETRIC_REPRESENTATION_CONTEXT(2) 
PARAMETRIC_REPRESENTATION_CONTEXT() REPRESENTATION_CONTEXT('2D SPACE',''
  ) );
#5176 = PCURVE('',#3735,#5177);
#5177 = DEFINITIONAL_REPRESENTATION('',(#5178),#5186);
#5178 = ( BOUNDED_CURVE() B_SPLINE_CURVE(2,(#5179,#5180,#5181,#5182,
#5183,#5184,#5185),.UNSPECIFIED.,.T.,.F.) B_SPLINE_CURVE_WITH_KNOTS((1,2
    ,2,2,2,1),(-2.094395102393,0.,2.094395102393,4.188790204786,
6.28318530718,8.377580409573),.UNSPECIFIED.) CURVE() 
GEOMETRIC_REPRESENTATION_ITEM() RATIONAL_B_SPLINE_CURVE((1.,0.5,1.,0.5,
1.,0.5,1.)) REPRESENTATION_ITEM('') );
#5179 = CARTESIAN_POINT('',(-38.,-30.));
#5180 = CARTESIAN_POINT('',(-38.,-25.66987298107));
#5181 = CARTESIAN_POINT('',(-34.25,-27.83493649054));
#5182 = CARTESIAN_POINT('',(-30.5,-30.));
#5183 = CARTESIAN_POINT('',(-34.25,-32.16506350946));
#5184 = CARTESIAN_POINT('',(-38.,-34.33012701892));
#5185 = CARTESIAN_POINT('',(-38.,-30.));
#5186 = ( GEOMETRIC_REPRESENTATION_CONTEXT(2) 
PARAMETRIC_REPRESENTATION_CONTEXT() REPRESENTATION_CONTEXT('2D SPACE',''
  ) );
#5187 = ORIENTED_EDGE('',*,*,#5188,.T.);
#5188 = EDGE_CURVE('',#5161,#5189,#5191,.T.);
#5189 = VERTEX_POINT('',#5190);
#5190 = CARTESIAN_POINT('',(47.500000000001,-32.5,68.));
#5191 = SURFACE_CURVE('',#5192,(#5196,#5203),.PCURVE_S1.);
#5192 = LINE('',#5193,#5194);
#5193 = CARTESIAN_POINT('',(47.500000000001,-32.5,53.));
#5194 = VECTOR('',#5195,1.);
#5195 = DIRECTION('',(0.,0.,1.));
#5196 = PCURVE('',#5069,#5197);
#5197 = DEFINITIONAL_REPRESENTATION('',(#5198),#5202);
#5198 = LINE('',#5199,#5200);
#5199 = CARTESIAN_POINT('',(-4.712388980385,0.));
#5200 = VECTOR('',#5201,1.);
#5201 = DIRECTION('',(-0.,-1.));
#5202 = ( GEOMETRIC_REPRESENTATION_CONTEXT(2) 
PARAMETRIC_REPRESENTATION_CONTEXT() REPRESENTATION_CONTEXT('2D SPACE',''
  ) );
#5203 = PCURVE('',#5204,#5209);
#5204 = PLANE('',#5205);
#5205 = AXIS2_PLACEMENT_3D('',#5206,#5207,#5208);
#5206 = CARTESIAN_POINT('',(12.000000000001,-32.49999999998,
    60.085941043084));
#5207 = DIRECTION('',(-1.366130310331E-15,-1.,1.490739451331E-12));
#5208 = DIRECTION('',(0.,-1.490739451331E-12,-1.));
#5209 = DEFINITIONAL_REPRESENTATION('',(#5210),#5214);
#5210 = LINE('',#5211,#5212);
#5211 = CARTESIAN_POINT('',(7.085941043084,35.499999999999));
#5212 = VECTOR('',#5213,1.);
#5213 = DIRECTION('',(-1.,2.03654434927E-27));
#5214 = ( GEOMETRIC_REPRESENTATION_CONTEXT(2) 
PARAMETRIC_REPRESENTATION_CONTEXT() REPRESENTATION_CONTEXT('2D SPACE',''
  ) );
#5215 = ORIENTED_EDGE('',*,*,#5216,.T.);
#5216 = EDGE_CURVE('',#5189,#5028,#5217,.T.);
#5217 = SURFACE_CURVE('',#5218,(#5223,#5230),.PCURVE_S1.);
#5218 = CIRCLE('',#5219,2.499999999999);
#5219 = AXIS2_PLACEMENT_3D('',#5220,#5221,#5222);
#5220 = CARTESIAN_POINT('',(47.500000000001,-30.,68.));
#5221 = DIRECTION('',(0.,0.,1.));
#5222 = DIRECTION('',(1.,0.,0.));
#5223 = PCURVE('',#5069,#5224);
#5224 = DEFINITIONAL_REPRESENTATION('',(#5225),#5229);
#5225 = LINE('',#5226,#5227);
#5226 = CARTESIAN_POINT('',(-2.6645352591E-15,-15.));
#5227 = VECTOR('',#5228,1.);
#5228 = DIRECTION('',(-1.,0.));
#5229 = ( GEOMETRIC_REPRESENTATION_CONTEXT(2) 
PARAMETRIC_REPRESENTATION_CONTEXT() REPRESENTATION_CONTEXT('2D SPACE',''
  ) );
#5230 = PCURVE('',#5043,#5231);
#5231 = DEFINITIONAL_REPRESENTATION('',(#5232),#5236);
#5232 = CIRCLE('',#5233,2.499999999999);
#5233 = AXIS2_PLACEMENT_2D('',#5234,#5235);
#5234 = CARTESIAN_POINT('',(34.355813050629,-29.46907991932));
#5235 = DIRECTION('',(1.,0.));
#5236 = ( GEOMETRIC_REPRESENTATION_CONTEXT(2) 
PARAMETRIC_REPRESENTATION_CONTEXT() REPRESENTATION_CONTEXT('2D SPACE',''
  ) );
#5237 = ADVANCED_FACE('',(#5238,#5400),#5204,.T.);
#5238 = FACE_BOUND('',#5239,.T.);
#5239 = EDGE_LOOP('',(#5240,#5241,#5264,#5287,#5310,#5333,#5356,#5379));
#5240 = ORIENTED_EDGE('',*,*,#5188,.T.);
#5241 = ORIENTED_EDGE('',*,*,#5242,.T.);
#5242 = EDGE_CURVE('',#5189,#5243,#5245,.T.);
#5243 = VERTEX_POINT('',#5244);
#5244 = CARTESIAN_POINT('',(35.,-32.49999999996,68.));
#5245 = SURFACE_CURVE('',#5246,(#5250,#5257),.PCURVE_S1.);
#5246 = LINE('',#5247,#5248);
#5247 = CARTESIAN_POINT('',(47.500000000001,-32.5,68.));
#5248 = VECTOR('',#5249,1.);
#5249 = DIRECTION('',(-1.,2.001528833127E-16,0.));
#5250 = PCURVE('',#5204,#5251);
#5251 = DEFINITIONAL_REPRESENTATION('',(#5252),#5256);
#5252 = LINE('',#5253,#5254);
#5253 = CARTESIAN_POINT('',(-7.914058956917,35.499999999999));
#5254 = VECTOR('',#5255,1.);
#5255 = DIRECTION('',(-2.983757994519E-28,-1.));
#5256 = ( GEOMETRIC_REPRESENTATION_CONTEXT(2) 
PARAMETRIC_REPRESENTATION_CONTEXT() REPRESENTATION_CONTEXT('2D SPACE',''
  ) );
#5257 = PCURVE('',#5043,#5258);
#5258 = DEFINITIONAL_REPRESENTATION('',(#5259),#5263);
#5259 = LINE('',#5260,#5261);
#5260 = CARTESIAN_POINT('',(34.355813050629,-31.96907991932));
#5261 = VECTOR('',#5262,1.);
#5262 = DIRECTION('',(-1.,2.001528833127E-16));
#5263 = ( GEOMETRIC_REPRESENTATION_CONTEXT(2) 
PARAMETRIC_REPRESENTATION_CONTEXT() REPRESENTATION_CONTEXT('2D SPACE',''
  ) );
#5264 = ORIENTED_EDGE('',*,*,#5265,.T.);
#5265 = EDGE_CURVE('',#5243,#5266,#5268,.T.);
#5266 = VERTEX_POINT('',#5267);
#5267 = CARTESIAN_POINT('',(35.,-32.49999999996,65.8));
#5268 = SURFACE_CURVE('',#5269,(#5273,#5280),.PCURVE_S1.);
#5269 = LINE('',#5270,#5271);
#5270 = CARTESIAN_POINT('',(35.,-32.49999999996,68.));
#5271 = VECTOR('',#5272,1.);
#5272 = DIRECTION('',(-0.,-0.,-1.));
#5273 = PCURVE('',#5204,#5274);
#5274 = DEFINITIONAL_REPRESENTATION('',(#5275),#5279);
#5275 = LINE('',#5276,#5277);
#5276 = CARTESIAN_POINT('',(-7.914058956917,22.999999999999));
#5277 = VECTOR('',#5278,1.);
#5278 = DIRECTION('',(1.,-2.03654434927E-27));
#5279 = ( GEOMETRIC_REPRESENTATION_CONTEXT(2) 
PARAMETRIC_REPRESENTATION_CONTEXT() REPRESENTATION_CONTEXT('2D SPACE',''
  ) );
#5280 = PCURVE('',#5015,#5281);
#5281 = DEFINITIONAL_REPRESENTATION('',(#5282),#5286);
#5282 = LINE('',#5283,#5284);
#5283 = CARTESIAN_POINT('',(4.712388980385,0.));
#5284 = VECTOR('',#5285,1.);
#5285 = DIRECTION('',(0.,-1.));
#5286 = ( GEOMETRIC_REPRESENTATION_CONTEXT(2) 
PARAMETRIC_REPRESENTATION_CONTEXT() REPRESENTATION_CONTEXT('2D SPACE',''
  ) );
#5287 = ORIENTED_EDGE('',*,*,#5288,.T.);
#5288 = EDGE_CURVE('',#5266,#5289,#5291,.T.);
#5289 = VERTEX_POINT('',#5290);
#5290 = CARTESIAN_POINT('',(-11.,-32.49999999995,65.8));
#5291 = SURFACE_CURVE('',#5292,(#5296,#5303),.PCURVE_S1.);
#5292 = LINE('',#5293,#5294);
#5293 = CARTESIAN_POINT('',(35.,-32.49999999996,65.8));
#5294 = VECTOR('',#5295,1.);
#5295 = DIRECTION('',(-1.,1.544658121218E-16,0.));
#5296 = PCURVE('',#5204,#5297);
#5297 = DEFINITIONAL_REPRESENTATION('',(#5298),#5302);
#5298 = LINE('',#5299,#5300);
#5299 = CARTESIAN_POINT('',(-5.714058956917,22.999999999999));
#5300 = VECTOR('',#5301,1.);
#5301 = DIRECTION('',(-2.302682800118E-28,-1.));
#5302 = ( GEOMETRIC_REPRESENTATION_CONTEXT(2) 
PARAMETRIC_REPRESENTATION_CONTEXT() REPRESENTATION_CONTEXT('2D SPACE',''
  ) );
#5303 = PCURVE('',#4115,#5304);
#5304 = DEFINITIONAL_REPRESENTATION('',(#5305),#5309);
#5305 = LINE('',#5306,#5307);
#5306 = CARTESIAN_POINT('',(22.999999999993,-16.99210527123));
#5307 = VECTOR('',#5308,1.);
#5308 = DIRECTION('',(-1.,1.544658121218E-16));
#5309 = ( GEOMETRIC_REPRESENTATION_CONTEXT(2) 
PARAMETRIC_REPRESENTATION_CONTEXT() REPRESENTATION_CONTEXT('2D SPACE',''
  ) );
#5310 = ORIENTED_EDGE('',*,*,#5311,.F.);
#5311 = EDGE_CURVE('',#5312,#5289,#5314,.T.);
#5312 = VERTEX_POINT('',#5313);
#5313 = CARTESIAN_POINT('',(-11.,-32.49999999995,68.));
#5314 = SURFACE_CURVE('',#5315,(#5319,#5326),.PCURVE_S1.);
#5315 = LINE('',#5316,#5317);
#5316 = CARTESIAN_POINT('',(-11.,-32.49999999995,68.));
#5317 = VECTOR('',#5318,1.);
#5318 = DIRECTION('',(-0.,-0.,-1.));
#5319 = PCURVE('',#5204,#5320);
#5320 = DEFINITIONAL_REPRESENTATION('',(#5321),#5325);
#5321 = LINE('',#5322,#5323);
#5322 = CARTESIAN_POINT('',(-7.914058956917,-23.00000000001));
#5323 = VECTOR('',#5324,1.);
#5324 = DIRECTION('',(1.,-2.03654434927E-27));
#5325 = ( GEOMETRIC_REPRESENTATION_CONTEXT(2) 
PARAMETRIC_REPRESENTATION_CONTEXT() REPRESENTATION_CONTEXT('2D SPACE',''
  ) );
#5326 = PCURVE('',#4087,#5327);
#5327 = DEFINITIONAL_REPRESENTATION('',(#5328),#5332);
#5328 = LINE('',#5329,#5330);
#5329 = CARTESIAN_POINT('',(4.712388980385,0.));
#5330 = VECTOR('',#5331,1.);
#5331 = DIRECTION('',(0.,-1.));
#5332 = ( GEOMETRIC_REPRESENTATION_CONTEXT(2) 
PARAMETRIC_REPRESENTATION_CONTEXT() REPRESENTATION_CONTEXT('2D SPACE',''
  ) );
#5333 = ORIENTED_EDGE('',*,*,#5334,.T.);
#5334 = EDGE_CURVE('',#5312,#5335,#5337,.T.);
#5335 = VERTEX_POINT('',#5336);
#5336 = CARTESIAN_POINT('',(-23.5,-32.5,68.));
#5337 = SURFACE_CURVE('',#5338,(#5342,#5349),.PCURVE_S1.);
#5338 = LINE('',#5339,#5340);
#5339 = CARTESIAN_POINT('',(47.500000000001,-32.5,68.));
#5340 = VECTOR('',#5341,1.);
#5341 = DIRECTION('',(-1.,2.001528833127E-16,0.));
#5342 = PCURVE('',#5204,#5343);
#5343 = DEFINITIONAL_REPRESENTATION('',(#5344),#5348);
#5344 = LINE('',#5345,#5346);
#5345 = CARTESIAN_POINT('',(-7.914058956917,35.499999999999));
#5346 = VECTOR('',#5347,1.);
#5347 = DIRECTION('',(-2.983757994519E-28,-1.));
#5348 = ( GEOMETRIC_REPRESENTATION_CONTEXT(2) 
PARAMETRIC_REPRESENTATION_CONTEXT() REPRESENTATION_CONTEXT('2D SPACE',''
  ) );
#5349 = PCURVE('',#4059,#5350);
#5350 = DEFINITIONAL_REPRESENTATION('',(#5351),#5355);
#5351 = LINE('',#5352,#5353);
#5352 = CARTESIAN_POINT('',(34.355813050629,-31.96907991932));
#5353 = VECTOR('',#5354,1.);
#5354 = DIRECTION('',(-1.,2.001528833127E-16));
#5355 = ( GEOMETRIC_REPRESENTATION_CONTEXT(2) 
PARAMETRIC_REPRESENTATION_CONTEXT() REPRESENTATION_CONTEXT('2D SPACE',''
  ) );
#5356 = ORIENTED_EDGE('',*,*,#5357,.F.);
#5357 = EDGE_CURVE('',#5358,#5335,#5360,.T.);
#5358 = VERTEX_POINT('',#5359);
#5359 = CARTESIAN_POINT('',(-23.5,-32.5,53.));
#5360 = SURFACE_CURVE('',#5361,(#5365,#5372),.PCURVE_S1.);
#5361 = LINE('',#5362,#5363);
#5362 = CARTESIAN_POINT('',(-23.5,-32.5,63.));
#5363 = VECTOR('',#5364,1.);
#5364 = DIRECTION('',(0.,0.,1.));
#5365 = PCURVE('',#5204,#5366);
#5366 = DEFINITIONAL_REPRESENTATION('',(#5367),#5371);
#5367 = LINE('',#5368,#5369);
#5368 = CARTESIAN_POINT('',(-2.914058956917,-35.5));
#5369 = VECTOR('',#5370,1.);
#5370 = DIRECTION('',(-1.,2.03654434927E-27));
#5371 = ( GEOMETRIC_REPRESENTATION_CONTEXT(2) 
PARAMETRIC_REPRESENTATION_CONTEXT() REPRESENTATION_CONTEXT('2D SPACE',''
  ) );
#5372 = PCURVE('',#4031,#5373);
#5373 = DEFINITIONAL_REPRESENTATION('',(#5374),#5378);
#5374 = LINE('',#5375,#5376);
#5375 = CARTESIAN_POINT('',(-4.712388980385,-10.));
#5376 = VECTOR('',#5377,1.);
#5377 = DIRECTION('',(-0.,-1.));
#5378 = ( GEOMETRIC_REPRESENTATION_CONTEXT(2) 
PARAMETRIC_REPRESENTATION_CONTEXT() REPRESENTATION_CONTEXT('2D SPACE',''
  ) );
#5379 = ORIENTED_EDGE('',*,*,#5380,.F.);
#5380 = EDGE_CURVE('',#5161,#5358,#5381,.T.);
#5381 = SURFACE_CURVE('',#5382,(#5386,#5393),.PCURVE_S1.);
#5382 = LINE('',#5383,#5384);
#5383 = CARTESIAN_POINT('',(47.500000000001,-32.5,53.));
#5384 = VECTOR('',#5385,1.);
#5385 = DIRECTION('',(-1.,0.,0.));
#5386 = PCURVE('',#5204,#5387);
#5387 = DEFINITIONAL_REPRESENTATION('',(#5388),#5392);
#5388 = LINE('',#5389,#5390);
#5389 = CARTESIAN_POINT('',(7.085941043084,35.499999999999));
#5390 = VECTOR('',#5391,1.);
#5391 = DIRECTION('',(0.,-1.));
#5392 = ( GEOMETRIC_REPRESENTATION_CONTEXT(2) 
PARAMETRIC_REPRESENTATION_CONTEXT() REPRESENTATION_CONTEXT('2D SPACE',''
  ) );
#5393 = PCURVE('',#3735,#5394);
#5394 = DEFINITIONAL_REPRESENTATION('',(#5395),#5399);
#5395 = LINE('',#5396,#5397);
#5396 = CARTESIAN_POINT('',(-35.5,-32.5));
#5397 = VECTOR('',#5398,1.);
#5398 = DIRECTION('',(1.,0.));
#5399 = ( GEOMETRIC_REPRESENTATION_CONTEXT(2) 
PARAMETRIC_REPRESENTATION_CONTEXT() REPRESENTATION_CONTEXT('2D SPACE',''
  ) );
#5400 = FACE_BOUND('',#5401,.T.);
#5401 = EDGE_LOOP('',(#5402,#5432,#5460,#5488));
#5402 = ORIENTED_EDGE('',*,*,#5403,.F.);
#5403 = EDGE_CURVE('',#5404,#5406,#5408,.T.);
#5404 = VERTEX_POINT('',#5405);
#5405 = CARTESIAN_POINT('',(16.8,-32.49999999996,63.));
#5406 = VERTEX_POINT('',#5407);
#5407 = CARTESIAN_POINT('',(7.2,-32.49999999996,63.));
#5408 = SURFACE_CURVE('',#5409,(#5413,#5420),.PCURVE_S1.);
#5409 = LINE('',#5410,#5411);
#5410 = CARTESIAN_POINT('',(16.8,-32.49999999996,63.));
#5411 = VECTOR('',#5412,1.);
#5412 = DIRECTION('',(-1.,0.,0.));
#5413 = PCURVE('',#5204,#5414);
#5414 = DEFINITIONAL_REPRESENTATION('',(#5415),#5419);
#5415 = LINE('',#5416,#5417);
#5416 = CARTESIAN_POINT('',(-2.914058956917,4.799999999999));
#5417 = VECTOR('',#5418,1.);
#5418 = DIRECTION('',(0.,-1.));
#5419 = ( GEOMETRIC_REPRESENTATION_CONTEXT(2) 
PARAMETRIC_REPRESENTATION_CONTEXT() REPRESENTATION_CONTEXT('2D SPACE',''
  ) );
#5420 = PCURVE('',#5421,#5426);
#5421 = PLANE('',#5422);
#5422 = AXIS2_PLACEMENT_3D('',#5423,#5424,#5425);
#5423 = CARTESIAN_POINT('',(12.,-26.3154141524,63.));
#5424 = DIRECTION('',(-0.,-5.68411569192E-15,-1.));
#5425 = DIRECTION('',(0.,-1.,5.68411569192E-15));
#5426 = DEFINITIONAL_REPRESENTATION('',(#5427),#5431);
#5427 = LINE('',#5428,#5429);
#5428 = CARTESIAN_POINT('',(6.184585847555,-4.8));
#5429 = VECTOR('',#5430,1.);
#5430 = DIRECTION('',(0.,1.));
#5431 = ( GEOMETRIC_REPRESENTATION_CONTEXT(2) 
PARAMETRIC_REPRESENTATION_CONTEXT() REPRESENTATION_CONTEXT('2D SPACE',''
  ) );
#5432 = ORIENTED_EDGE('',*,*,#5433,.T.);
#5433 = EDGE_CURVE('',#5404,#5434,#5436,.T.);
#5434 = VERTEX_POINT('',#5435);
#5435 = CARTESIAN_POINT('',(16.8,-32.49999999996,59.2));
#5436 = SURFACE_CURVE('',#5437,(#5441,#5448),.PCURVE_S1.);
#5437 = LINE('',#5438,#5439);
#5438 = CARTESIAN_POINT('',(16.8,-32.49999999996,63.));
#5439 = VECTOR('',#5440,1.);
#5440 = DIRECTION('',(-0.,-0.,-1.));
#5441 = PCURVE('',#5204,#5442);
#5442 = DEFINITIONAL_REPRESENTATION('',(#5443),#5447);
#5443 = LINE('',#5444,#5445);
#5444 = CARTESIAN_POINT('',(-2.914058956917,4.799999999999));
#5445 = VECTOR('',#5446,1.);
#5446 = DIRECTION('',(1.,-2.03654434927E-27));
#5447 = ( GEOMETRIC_REPRESENTATION_CONTEXT(2) 
PARAMETRIC_REPRESENTATION_CONTEXT() REPRESENTATION_CONTEXT('2D SPACE',''
  ) );
#5448 = PCURVE('',#5449,#5454);
#5449 = PLANE('',#5450);
#5450 = AXIS2_PLACEMENT_3D('',#5451,#5452,#5453);
#5451 = CARTESIAN_POINT('',(16.8,-26.8643593539,61.1));
#5452 = DIRECTION('',(-1.,6.630259988056E-16,1.031474025975E-15));
#5453 = DIRECTION('',(-1.031474025975E-15,3.994569002205E-47,-1.));
#5454 = DEFINITIONAL_REPRESENTATION('',(#5455),#5459);
#5455 = LINE('',#5456,#5457);
#5456 = CARTESIAN_POINT('',(-1.9,5.635640646055));
#5457 = VECTOR('',#5458,1.);
#5458 = DIRECTION('',(1.,-6.838940963141E-31));
#5459 = ( GEOMETRIC_REPRESENTATION_CONTEXT(2) 
PARAMETRIC_REPRESENTATION_CONTEXT() REPRESENTATION_CONTEXT('2D SPACE',''
  ) );
#5460 = ORIENTED_EDGE('',*,*,#5461,.T.);
#5461 = EDGE_CURVE('',#5434,#5462,#5464,.T.);
#5462 = VERTEX_POINT('',#5463);
#5463 = CARTESIAN_POINT('',(7.2,-32.49999999996,59.2));
#5464 = SURFACE_CURVE('',#5465,(#5469,#5476),.PCURVE_S1.);
#5465 = LINE('',#5466,#5467);
#5466 = CARTESIAN_POINT('',(16.8,-32.49999999996,59.2));
#5467 = VECTOR('',#5468,1.);
#5468 = DIRECTION('',(-1.,0.,0.));
#5469 = PCURVE('',#5204,#5470);
#5470 = DEFINITIONAL_REPRESENTATION('',(#5471),#5475);
#5471 = LINE('',#5472,#5473);
#5472 = CARTESIAN_POINT('',(0.885941043083,4.799999999999));
#5473 = VECTOR('',#5474,1.);
#5474 = DIRECTION('',(0.,-1.));
#5475 = ( GEOMETRIC_REPRESENTATION_CONTEXT(2) 
PARAMETRIC_REPRESENTATION_CONTEXT() REPRESENTATION_CONTEXT('2D SPACE',''
  ) );
#5476 = PCURVE('',#5477,#5482);
#5477 = PLANE('',#5478);
#5478 = AXIS2_PLACEMENT_3D('',#5479,#5480,#5481);
#5479 = CARTESIAN_POINT('',(12.,-26.31541415243,59.2));
#5480 = DIRECTION('',(0.,-4.186453428739E-16,1.));
#5481 = DIRECTION('',(0.,1.,4.186453428739E-16));
#5482 = DEFINITIONAL_REPRESENTATION('',(#5483),#5487);
#5483 = LINE('',#5484,#5485);
#5484 = CARTESIAN_POINT('',(-6.184585847525,-4.8));
#5485 = VECTOR('',#5486,1.);
#5486 = DIRECTION('',(0.,1.));
#5487 = ( GEOMETRIC_REPRESENTATION_CONTEXT(2) 
PARAMETRIC_REPRESENTATION_CONTEXT() REPRESENTATION_CONTEXT('2D SPACE',''
  ) );
#5488 = ORIENTED_EDGE('',*,*,#5489,.F.);
#5489 = EDGE_CURVE('',#5406,#5462,#5490,.T.);
#5490 = SURFACE_CURVE('',#5491,(#5495,#5502),.PCURVE_S1.);
#5491 = LINE('',#5492,#5493);
#5492 = CARTESIAN_POINT('',(7.2,-32.49999999996,63.));
#5493 = VECTOR('',#5494,1.);
#5494 = DIRECTION('',(-0.,-0.,-1.));
#5495 = PCURVE('',#5204,#5496);
#5496 = DEFINITIONAL_REPRESENTATION('',(#5497),#5501);
#5497 = LINE('',#5498,#5499);
#5498 = CARTESIAN_POINT('',(-2.914058956917,-4.800000000001));
#5499 = VECTOR('',#5500,1.);
#5500 = DIRECTION('',(1.,-2.03654434927E-27));
#5501 = ( GEOMETRIC_REPRESENTATION_CONTEXT(2) 
PARAMETRIC_REPRESENTATION_CONTEXT() REPRESENTATION_CONTEXT('2D SPACE',''
  ) );
#5502 = PCURVE('',#5503,#5508);
#5503 = PLANE('',#5504);
#5504 = AXIS2_PLACEMENT_3D('',#5505,#5506,#5507);
#5505 = CARTESIAN_POINT('',(7.2,-26.8643593539,61.1));
#5506 = DIRECTION('',(1.,0.,0.));
#5507 = DIRECTION('',(0.,0.,1.));
#5508 = DEFINITIONAL_REPRESENTATION('',(#5509),#5513);
#5509 = LINE('',#5510,#5511);
#5510 = CARTESIAN_POINT('',(1.9,5.635640646055));
#5511 = VECTOR('',#5512,1.);
#5512 = DIRECTION('',(-1.,0.));
#5513 = ( GEOMETRIC_REPRESENTATION_CONTEXT(2) 
PARAMETRIC_REPRESENTATION_CONTEXT() REPRESENTATION_CONTEXT('2D SPACE',''
  ) );
#5514 = ADVANCED_FACE('',(#5515),#4031,.T.);
#5515 = FACE_BOUND('',#5516,.F.);
#5516 = EDGE_LOOP('',(#5517,#5518,#5544,#5545));
#5517 = ORIENTED_EDGE('',*,*,#5357,.F.);
#5518 = ORIENTED_EDGE('',*,*,#5519,.F.);
#5519 = EDGE_CURVE('',#3986,#5358,#5520,.T.);
#5520 = SURFACE_CURVE('',#5521,(#5526,#5533),.PCURVE_S1.);
#5521 = CIRCLE('',#5522,2.5);
#5522 = AXIS2_PLACEMENT_3D('',#5523,#5524,#5525);
#5523 = CARTESIAN_POINT('',(-23.5,-30.,53.));
#5524 = DIRECTION('',(0.,0.,1.));
#5525 = DIRECTION('',(1.,0.,0.));
#5526 = PCURVE('',#4031,#5527);
#5527 = DEFINITIONAL_REPRESENTATION('',(#5528),#5532);
#5528 = LINE('',#5529,#5530);
#5529 = CARTESIAN_POINT('',(4.440892098501E-16,-0.));
#5530 = VECTOR('',#5531,1.);
#5531 = DIRECTION('',(-1.,0.));
#5532 = ( GEOMETRIC_REPRESENTATION_CONTEXT(2) 
PARAMETRIC_REPRESENTATION_CONTEXT() REPRESENTATION_CONTEXT('2D SPACE',''
  ) );
#5533 = PCURVE('',#3735,#5534);
#5534 = DEFINITIONAL_REPRESENTATION('',(#5535),#5543);
#5535 = ( BOUNDED_CURVE() B_SPLINE_CURVE(2,(#5536,#5537,#5538,#5539,
#5540,#5541,#5542),.UNSPECIFIED.,.T.,.F.) B_SPLINE_CURVE_WITH_KNOTS((1,2
    ,2,2,2,1),(-2.094395102393,0.,2.094395102393,4.188790204786,
6.28318530718,8.377580409573),.UNSPECIFIED.) CURVE() 
GEOMETRIC_REPRESENTATION_ITEM() RATIONAL_B_SPLINE_CURVE((1.,0.5,1.,0.5,
1.,0.5,1.)) REPRESENTATION_ITEM('') );
#5536 = CARTESIAN_POINT('',(33.,-30.));
#5537 = CARTESIAN_POINT('',(33.,-25.66987298107));
#5538 = CARTESIAN_POINT('',(36.75,-27.83493649053));
#5539 = CARTESIAN_POINT('',(40.5,-30.));
#5540 = CARTESIAN_POINT('',(36.75,-32.16506350946));
#5541 = CARTESIAN_POINT('',(33.,-34.33012701892));
#5542 = CARTESIAN_POINT('',(33.,-30.));
#5543 = ( GEOMETRIC_REPRESENTATION_CONTEXT(2) 
PARAMETRIC_REPRESENTATION_CONTEXT() REPRESENTATION_CONTEXT('2D SPACE',''
  ) );
#5544 = ORIENTED_EDGE('',*,*,#4015,.T.);
#5545 = ORIENTED_EDGE('',*,*,#5546,.T.);
#5546 = EDGE_CURVE('',#4016,#5335,#5547,.T.);
#5547 = SURFACE_CURVE('',#5548,(#5553,#5560),.PCURVE_S1.);
#5548 = CIRCLE('',#5549,2.5);
#5549 = AXIS2_PLACEMENT_3D('',#5550,#5551,#5552);
#5550 = CARTESIAN_POINT('',(-23.5,-30.,68.));
#5551 = DIRECTION('',(0.,0.,1.));
#5552 = DIRECTION('',(1.,0.,0.));
#5553 = PCURVE('',#4031,#5554);
#5554 = DEFINITIONAL_REPRESENTATION('',(#5555),#5559);
#5555 = LINE('',#5556,#5557);
#5556 = CARTESIAN_POINT('',(8.881784197001E-16,-15.));
#5557 = VECTOR('',#5558,1.);
#5558 = DIRECTION('',(-1.,0.));
#5559 = ( GEOMETRIC_REPRESENTATION_CONTEXT(2) 
PARAMETRIC_REPRESENTATION_CONTEXT() REPRESENTATION_CONTEXT('2D SPACE',''
  ) );
#5560 = PCURVE('',#4059,#5561);
#5561 = DEFINITIONAL_REPRESENTATION('',(#5562),#5566);
#5562 = CIRCLE('',#5563,2.5);
#5563 = AXIS2_PLACEMENT_2D('',#5564,#5565);
#5564 = CARTESIAN_POINT('',(-36.64418694937,-29.46907991932));
#5565 = DIRECTION('',(1.,0.));
#5566 = ( GEOMETRIC_REPRESENTATION_CONTEXT(2) 
PARAMETRIC_REPRESENTATION_CONTEXT() REPRESENTATION_CONTEXT('2D SPACE',''
  ) );
#5567 = ADVANCED_FACE('',(#5568),#4059,.T.);
#5568 = FACE_BOUND('',#5569,.T.);
#5569 = EDGE_LOOP('',(#5570,#5592,#5593,#5594));
#5570 = ORIENTED_EDGE('',*,*,#5571,.F.);
#5571 = EDGE_CURVE('',#4044,#5312,#5572,.T.);
#5572 = SURFACE_CURVE('',#5573,(#5578,#5585),.PCURVE_S1.);
#5573 = CIRCLE('',#5574,14.999999999974);
#5574 = AXIS2_PLACEMENT_3D('',#5575,#5576,#5577);
#5575 = CARTESIAN_POINT('',(-11.00000000001,-17.49999999997,68.));
#5576 = DIRECTION('',(0.,0.,1.));
#5577 = DIRECTION('',(1.,0.,0.));
#5578 = PCURVE('',#4059,#5579);
#5579 = DEFINITIONAL_REPRESENTATION('',(#5580),#5584);
#5580 = CIRCLE('',#5581,14.999999999974);
#5581 = AXIS2_PLACEMENT_2D('',#5582,#5583);
#5582 = CARTESIAN_POINT('',(-24.14418694938,-16.9690799193));
#5583 = DIRECTION('',(1.,0.));
#5584 = ( GEOMETRIC_REPRESENTATION_CONTEXT(2) 
PARAMETRIC_REPRESENTATION_CONTEXT() REPRESENTATION_CONTEXT('2D SPACE',''
  ) );
#5585 = PCURVE('',#4087,#5586);
#5586 = DEFINITIONAL_REPRESENTATION('',(#5587),#5591);
#5587 = LINE('',#5588,#5589);
#5588 = CARTESIAN_POINT('',(0.,0.));
#5589 = VECTOR('',#5590,1.);
#5590 = DIRECTION('',(1.,0.));
#5591 = ( GEOMETRIC_REPRESENTATION_CONTEXT(2) 
PARAMETRIC_REPRESENTATION_CONTEXT() REPRESENTATION_CONTEXT('2D SPACE',''
  ) );
#5592 = ORIENTED_EDGE('',*,*,#4043,.T.);
#5593 = ORIENTED_EDGE('',*,*,#5546,.T.);
#5594 = ORIENTED_EDGE('',*,*,#5334,.F.);
#5595 = ADVANCED_FACE('',(#5596,#5624),#4359,.F.);
#5596 = FACE_BOUND('',#5597,.F.);
#5597 = EDGE_LOOP('',(#5598,#5599,#5620,#5621,#5622,#5623));
#5598 = ORIENTED_EDGE('',*,*,#4773,.F.);
#5599 = ORIENTED_EDGE('',*,*,#5600,.T.);
#5600 = EDGE_CURVE('',#4774,#4311,#5601,.T.);
#5601 = SURFACE_CURVE('',#5602,(#5606,#5613),.PCURVE_S1.);
#5602 = LINE('',#5603,#5604);
#5603 = CARTESIAN_POINT('',(50.,13.000000000049,65.8));
#5604 = VECTOR('',#5605,1.);
#5605 = DIRECTION('',(-1.,-0.,-0.));
#5606 = PCURVE('',#4359,#5607);
#5607 = DEFINITIONAL_REPRESENTATION('',(#5608),#5612);
#5608 = LINE('',#5609,#5610);
#5609 = CARTESIAN_POINT('',(0.,0.));
#5610 = VECTOR('',#5611,1.);
#5611 = DIRECTION('',(0.,-1.));
#5612 = ( GEOMETRIC_REPRESENTATION_CONTEXT(2) 
PARAMETRIC_REPRESENTATION_CONTEXT() REPRESENTATION_CONTEXT('2D SPACE',''
  ) );
#5613 = PCURVE('',#4331,#5614);
#5614 = DEFINITIONAL_REPRESENTATION('',(#5615),#5619);
#5615 = LINE('',#5616,#5617);
#5616 = CARTESIAN_POINT('',(1.570796326795,0.));
#5617 = VECTOR('',#5618,1.);
#5618 = DIRECTION('',(0.,-1.));
#5619 = ( GEOMETRIC_REPRESENTATION_CONTEXT(2) 
PARAMETRIC_REPRESENTATION_CONTEXT() REPRESENTATION_CONTEXT('2D SPACE',''
  ) );
#5620 = ORIENTED_EDGE('',*,*,#4343,.F.);
#5621 = ORIENTED_EDGE('',*,*,#4571,.T.);
#5622 = ORIENTED_EDGE('',*,*,#4620,.F.);
#5623 = ORIENTED_EDGE('',*,*,#4724,.T.);
#5624 = FACE_BOUND('',#5625,.F.);
#5625 = EDGE_LOOP('',(#5626,#5656,#5684,#5712,#5740,#5768));
#5626 = ORIENTED_EDGE('',*,*,#5627,.F.);
#5627 = EDGE_CURVE('',#5628,#5630,#5632,.T.);
#5628 = VERTEX_POINT('',#5629);
#5629 = CARTESIAN_POINT('',(17.5,24.618802153517,65.8));
#5630 = VERTEX_POINT('',#5631);
#5631 = CARTESIAN_POINT('',(21.5,22.309401076758,65.8));
#5632 = SURFACE_CURVE('',#5633,(#5637,#5644),.PCURVE_S1.);
#5633 = LINE('',#5634,#5635);
#5634 = CARTESIAN_POINT('',(33.2030444566,15.552645209385,65.8));
#5635 = VECTOR('',#5636,1.);
#5636 = DIRECTION('',(0.866025403784,-0.500000000001,0.));
#5637 = PCURVE('',#4359,#5638);
#5638 = DEFINITIONAL_REPRESENTATION('',(#5639),#5643);
#5639 = LINE('',#5640,#5641);
#5640 = CARTESIAN_POINT('',(2.552645209335,-16.7969555434));
#5641 = VECTOR('',#5642,1.);
#5642 = DIRECTION('',(-0.500000000001,0.866025403784));
#5643 = ( GEOMETRIC_REPRESENTATION_CONTEXT(2) 
PARAMETRIC_REPRESENTATION_CONTEXT() REPRESENTATION_CONTEXT('2D SPACE',''
  ) );
#5644 = PCURVE('',#5645,#5650);
#5645 = PLANE('',#5646);
#5646 = AXIS2_PLACEMENT_3D('',#5647,#5648,#5649);
#5647 = CARTESIAN_POINT('',(19.499999999998,23.464101615142,
    60.499999999997));
#5648 = DIRECTION('',(-0.500000000001,-0.866025403784,-2.19364535693E-13
    ));
#5649 = DIRECTION('',(-0.866025403784,0.500000000001,-3.454781032058E-30
    ));
#5650 = DEFINITIONAL_REPRESENTATION('',(#5651),#5655);
#5651 = LINE('',#5652,#5653);
#5652 = CARTESIAN_POINT('',(-15.82291281148,-5.300000000003));
#5653 = VECTOR('',#5654,1.);
#5654 = DIRECTION('',(-1.,1.848331291529E-30));
#5655 = ( GEOMETRIC_REPRESENTATION_CONTEXT(2) 
PARAMETRIC_REPRESENTATION_CONTEXT() REPRESENTATION_CONTEXT('2D SPACE',''
  ) );
#5656 = ORIENTED_EDGE('',*,*,#5657,.F.);
#5657 = EDGE_CURVE('',#5658,#5628,#5660,.T.);
#5658 = VERTEX_POINT('',#5659);
#5659 = CARTESIAN_POINT('',(13.5,22.309401076759,65.8));
#5660 = SURFACE_CURVE('',#5661,(#5665,#5672),.PCURVE_S1.);
#5661 = LINE('',#5662,#5663);
#5662 = CARTESIAN_POINT('',(26.171955543386,29.625558020896,65.8));
#5663 = VECTOR('',#5664,1.);
#5664 = DIRECTION('',(0.866025403784,0.5,0.));
#5665 = PCURVE('',#4359,#5666);
#5666 = DEFINITIONAL_REPRESENTATION('',(#5667),#5671);
#5667 = LINE('',#5668,#5669);
#5668 = CARTESIAN_POINT('',(16.625558020846,-23.82804445661));
#5669 = VECTOR('',#5670,1.);
#5670 = DIRECTION('',(0.5,0.866025403784));
#5671 = ( GEOMETRIC_REPRESENTATION_CONTEXT(2) 
PARAMETRIC_REPRESENTATION_CONTEXT() REPRESENTATION_CONTEXT('2D SPACE',''
  ) );
#5672 = PCURVE('',#5673,#5678);
#5673 = PLANE('',#5674);
#5674 = AXIS2_PLACEMENT_3D('',#5675,#5676,#5677);
#5675 = CARTESIAN_POINT('',(15.499999999993,23.464101615145,
    60.499999999999));
#5676 = DIRECTION('',(0.5,-0.866025403784,-9.322718330609E-13));
#5677 = DIRECTION('',(-0.866025403784,-0.5,-3.135339086285E-30));
#5678 = DEFINITIONAL_REPRESENTATION('',(#5679),#5683);
#5679 = LINE('',#5680,#5681);
#5680 = CARTESIAN_POINT('',(-12.32291281151,-5.300000000002));
#5681 = VECTOR('',#5682,1.);
#5682 = DIRECTION('',(-1.,-2.901202791727E-29));
#5683 = ( GEOMETRIC_REPRESENTATION_CONTEXT(2) 
PARAMETRIC_REPRESENTATION_CONTEXT() REPRESENTATION_CONTEXT('2D SPACE',''
  ) );
#5684 = ORIENTED_EDGE('',*,*,#5685,.F.);
#5685 = EDGE_CURVE('',#5686,#5658,#5688,.T.);
#5686 = VERTEX_POINT('',#5687);
#5687 = CARTESIAN_POINT('',(13.5,17.690598923242,65.8));
#5688 = SURFACE_CURVE('',#5689,(#5693,#5700),.PCURVE_S1.);
#5689 = LINE('',#5690,#5691);
#5690 = CARTESIAN_POINT('',(13.500000000005,16.499999999989,65.8));
#5691 = VECTOR('',#5692,1.);
#5692 = DIRECTION('',(-2.046924357587E-12,1.,0.));
#5693 = PCURVE('',#4359,#5694);
#5694 = DEFINITIONAL_REPRESENTATION('',(#5695),#5699);
#5695 = LINE('',#5696,#5697);
#5696 = CARTESIAN_POINT('',(3.49999999994,-36.49999999999));
#5697 = VECTOR('',#5698,1.);
#5698 = DIRECTION('',(1.,-2.046924357587E-12));
#5699 = ( GEOMETRIC_REPRESENTATION_CONTEXT(2) 
PARAMETRIC_REPRESENTATION_CONTEXT() REPRESENTATION_CONTEXT('2D SPACE',''
  ) );
#5700 = PCURVE('',#5701,#5706);
#5701 = PLANE('',#5702);
#5702 = AXIS2_PLACEMENT_3D('',#5703,#5704,#5705);
#5703 = CARTESIAN_POINT('',(13.499999999996,20.000000000003,
    60.499999999998));
#5704 = DIRECTION('',(1.,2.046924357587E-12,-4.422515325838E-13));
#5705 = DIRECTION('',(-2.046924357587E-12,1.,0.));
#5706 = DEFINITIONAL_REPRESENTATION('',(#5707),#5711);
#5707 = LINE('',#5708,#5709);
#5708 = CARTESIAN_POINT('',(-3.500000000014,5.300000000002));
#5709 = VECTOR('',#5710,1.);
#5710 = DIRECTION('',(1.,-4.270231536811E-41));
#5711 = ( GEOMETRIC_REPRESENTATION_CONTEXT(2) 
PARAMETRIC_REPRESENTATION_CONTEXT() REPRESENTATION_CONTEXT('2D SPACE',''
  ) );
#5712 = ORIENTED_EDGE('',*,*,#5713,.F.);
#5713 = EDGE_CURVE('',#5714,#5686,#5716,.T.);
#5714 = VERTEX_POINT('',#5715);
#5715 = CARTESIAN_POINT('',(17.5,15.381197846483,65.8));
#5716 = SURFACE_CURVE('',#5717,(#5721,#5728),.PCURVE_S1.);
#5717 = LINE('',#5718,#5719);
#5718 = CARTESIAN_POINT('',(29.203044456581,8.62444197909,65.8));
#5719 = VECTOR('',#5720,1.);
#5720 = DIRECTION('',(-0.866025403783,0.500000000002,0.));
#5721 = PCURVE('',#4359,#5722);
#5722 = DEFINITIONAL_REPRESENTATION('',(#5723),#5727);
#5723 = LINE('',#5724,#5725);
#5724 = CARTESIAN_POINT('',(-4.375558020959,-20.79695554341));
#5725 = VECTOR('',#5726,1.);
#5726 = DIRECTION('',(0.500000000002,-0.866025403783));
#5727 = ( GEOMETRIC_REPRESENTATION_CONTEXT(2) 
PARAMETRIC_REPRESENTATION_CONTEXT() REPRESENTATION_CONTEXT('2D SPACE',''
  ) );
#5728 = PCURVE('',#5729,#5734);
#5729 = PLANE('',#5730);
#5730 = AXIS2_PLACEMENT_3D('',#5731,#5732,#5733);
#5731 = CARTESIAN_POINT('',(15.500000000006,16.535898384852,
    60.499999999994));
#5732 = DIRECTION('',(0.500000000002,0.866025403783,-5.117758059191E-13)
  );
#5733 = DIRECTION('',(0.866025403783,-0.500000000002,6.23357779629E-30)
  );
#5734 = DEFINITIONAL_REPRESENTATION('',(#5735),#5739);
#5735 = LINE('',#5736,#5737);
#5736 = CARTESIAN_POINT('',(15.822912811462,-5.300000000006));
#5737 = VECTOR('',#5738,1.);
#5738 = DIRECTION('',(-1.,-1.509352479043E-29));
#5739 = ( GEOMETRIC_REPRESENTATION_CONTEXT(2) 
PARAMETRIC_REPRESENTATION_CONTEXT() REPRESENTATION_CONTEXT('2D SPACE',''
  ) );
#5740 = ORIENTED_EDGE('',*,*,#5741,.F.);
#5741 = EDGE_CURVE('',#5742,#5714,#5744,.T.);
#5742 = VERTEX_POINT('',#5743);
#5743 = CARTESIAN_POINT('',(21.5,17.690598923241,65.8));
#5744 = SURFACE_CURVE('',#5745,(#5749,#5756),.PCURVE_S1.);
#5745 = LINE('',#5746,#5747);
#5746 = CARTESIAN_POINT('',(30.171955543366,22.697354790622,65.8));
#5747 = VECTOR('',#5748,1.);
#5748 = DIRECTION('',(-0.866025403783,-0.500000000002,-0.));
#5749 = PCURVE('',#4359,#5750);
#5750 = DEFINITIONAL_REPRESENTATION('',(#5751),#5755);
#5751 = LINE('',#5752,#5753);
#5752 = CARTESIAN_POINT('',(9.697354790572,-19.82804445663));
#5753 = VECTOR('',#5754,1.);
#5754 = DIRECTION('',(-0.500000000002,-0.866025403783));
#5755 = ( GEOMETRIC_REPRESENTATION_CONTEXT(2) 
PARAMETRIC_REPRESENTATION_CONTEXT() REPRESENTATION_CONTEXT('2D SPACE',''
  ) );
#5756 = PCURVE('',#5757,#5762);
#5757 = PLANE('',#5758);
#5758 = AXIS2_PLACEMENT_3D('',#5759,#5760,#5761);
#5759 = CARTESIAN_POINT('',(19.500000000012,16.535898384848,
    60.499999999999));
#5760 = DIRECTION('',(-0.500000000002,0.866025403783,-1.735592823223E-12
    ));
#5761 = DIRECTION('',(0.866025403783,0.500000000002,-4.533592462267E-29)
  );
#5762 = DEFINITIONAL_REPRESENTATION('',(#5763),#5767);
#5763 = LINE('',#5764,#5765);
#5764 = CARTESIAN_POINT('',(12.32291281149,-5.300000000002));
#5765 = VECTOR('',#5766,1.);
#5766 = DIRECTION('',(-1.,-4.523303730749E-29));
#5767 = ( GEOMETRIC_REPRESENTATION_CONTEXT(2) 
PARAMETRIC_REPRESENTATION_CONTEXT() REPRESENTATION_CONTEXT('2D SPACE',''
  ) );
#5768 = ORIENTED_EDGE('',*,*,#5769,.F.);
#5769 = EDGE_CURVE('',#5630,#5742,#5770,.T.);
#5770 = SURFACE_CURVE('',#5771,(#5775,#5782),.PCURVE_S1.);
#5771 = LINE('',#5772,#5773);
#5772 = CARTESIAN_POINT('',(21.500000000012,16.499999999985,65.8));
#5773 = VECTOR('',#5774,1.);
#5774 = DIRECTION('',(2.605875951797E-12,-1.,0.));
#5775 = PCURVE('',#4359,#5776);
#5776 = DEFINITIONAL_REPRESENTATION('',(#5777),#5781);
#5777 = LINE('',#5778,#5779);
#5778 = CARTESIAN_POINT('',(3.499999999936,-28.49999999998));
#5779 = VECTOR('',#5780,1.);
#5780 = DIRECTION('',(-1.,2.605875951797E-12));
#5781 = ( GEOMETRIC_REPRESENTATION_CONTEXT(2) 
PARAMETRIC_REPRESENTATION_CONTEXT() REPRESENTATION_CONTEXT('2D SPACE',''
  ) );
#5782 = PCURVE('',#5783,#5788);
#5783 = PLANE('',#5784);
#5784 = AXIS2_PLACEMENT_3D('',#5785,#5786,#5787);
#5785 = CARTESIAN_POINT('',(21.500000000006,19.999999999995,
    60.499999999997));
#5786 = DIRECTION('',(-1.,-2.605875951797E-12,-5.614303753586E-13));
#5787 = DIRECTION('',(2.605875951797E-12,-1.,0.));
#5788 = DEFINITIONAL_REPRESENTATION('',(#5789),#5793);
#5789 = LINE('',#5790,#5791);
#5790 = CARTESIAN_POINT('',(3.50000000001,5.300000000003));
#5791 = VECTOR('',#5792,1.);
#5792 = DIRECTION('',(1.,7.028393917196E-41));
#5793 = ( GEOMETRIC_REPRESENTATION_CONTEXT(2) 
PARAMETRIC_REPRESENTATION_CONTEXT() REPRESENTATION_CONTEXT('2D SPACE',''
  ) );
#5794 = ADVANCED_FACE('',(#5795),#5645,.T.);
#5795 = FACE_BOUND('',#5796,.T.);
#5796 = EDGE_LOOP('',(#5797,#5822,#5843,#5844));
#5797 = ORIENTED_EDGE('',*,*,#5798,.F.);
#5798 = EDGE_CURVE('',#5799,#5801,#5803,.T.);
#5799 = VERTEX_POINT('',#5800);
#5800 = CARTESIAN_POINT('',(21.5,22.309401076758,53.));
#5801 = VERTEX_POINT('',#5802);
#5802 = CARTESIAN_POINT('',(17.499999999992,24.61880215353,53.));
#5803 = SURFACE_CURVE('',#5804,(#5808,#5815),.PCURVE_S1.);
#5804 = LINE('',#5805,#5806);
#5805 = CARTESIAN_POINT('',(21.5,22.309401076758,53.));
#5806 = VECTOR('',#5807,1.);
#5807 = DIRECTION('',(-0.866025403784,0.500000000001,0.));
#5808 = PCURVE('',#5645,#5809);
#5809 = DEFINITIONAL_REPRESENTATION('',(#5810),#5814);
#5810 = LINE('',#5811,#5812);
#5811 = CARTESIAN_POINT('',(-2.309401076763,7.499999999997));
#5812 = VECTOR('',#5813,1.);
#5813 = DIRECTION('',(1.,1.336792108266E-25));
#5814 = ( GEOMETRIC_REPRESENTATION_CONTEXT(2) 
PARAMETRIC_REPRESENTATION_CONTEXT() REPRESENTATION_CONTEXT('2D SPACE',''
  ) );
#5815 = PCURVE('',#3735,#5816);
#5816 = DEFINITIONAL_REPRESENTATION('',(#5817),#5821);
#5817 = LINE('',#5818,#5819);
#5818 = CARTESIAN_POINT('',(-9.5,22.309401076758));
#5819 = VECTOR('',#5820,1.);
#5820 = DIRECTION('',(0.866025403784,0.500000000001));
#5821 = ( GEOMETRIC_REPRESENTATION_CONTEXT(2) 
PARAMETRIC_REPRESENTATION_CONTEXT() REPRESENTATION_CONTEXT('2D SPACE',''
  ) );
#5822 = ORIENTED_EDGE('',*,*,#5823,.T.);
#5823 = EDGE_CURVE('',#5799,#5630,#5824,.T.);
#5824 = SURFACE_CURVE('',#5825,(#5829,#5836),.PCURVE_S1.);
#5825 = LINE('',#5826,#5827);
#5826 = CARTESIAN_POINT('',(21.5,22.309401076758,53.));
#5827 = VECTOR('',#5828,1.);
#5828 = DIRECTION('',(0.,0.,1.));
#5829 = PCURVE('',#5645,#5830);
#5830 = DEFINITIONAL_REPRESENTATION('',(#5831),#5835);
#5831 = LINE('',#5832,#5833);
#5832 = CARTESIAN_POINT('',(-2.309401076763,7.499999999997));
#5833 = VECTOR('',#5834,1.);
#5834 = DIRECTION('',(-3.104815214584E-30,-1.));
#5835 = ( GEOMETRIC_REPRESENTATION_CONTEXT(2) 
PARAMETRIC_REPRESENTATION_CONTEXT() REPRESENTATION_CONTEXT('2D SPACE',''
  ) );
#5836 = PCURVE('',#5783,#5837);
#5837 = DEFINITIONAL_REPRESENTATION('',(#5838),#5842);
#5838 = LINE('',#5839,#5840);
#5839 = CARTESIAN_POINT('',(-2.309401076763,-7.499999999997));
#5840 = VECTOR('',#5841,1.);
#5841 = DIRECTION('',(7.028393917196E-41,1.));
#5842 = ( GEOMETRIC_REPRESENTATION_CONTEXT(2) 
PARAMETRIC_REPRESENTATION_CONTEXT() REPRESENTATION_CONTEXT('2D SPACE',''
  ) );
#5843 = ORIENTED_EDGE('',*,*,#5627,.F.);
#5844 = ORIENTED_EDGE('',*,*,#5845,.F.);
#5845 = EDGE_CURVE('',#5801,#5628,#5846,.T.);
#5846 = SURFACE_CURVE('',#5847,(#5851,#5858),.PCURVE_S1.);
#5847 = LINE('',#5848,#5849);
#5848 = CARTESIAN_POINT('',(17.5,24.618802153517,63.));
#5849 = VECTOR('',#5850,1.);
#5850 = DIRECTION('',(0.,0.,1.));
#5851 = PCURVE('',#5645,#5852);
#5852 = DEFINITIONAL_REPRESENTATION('',(#5853),#5857);
#5853 = LINE('',#5854,#5855);
#5854 = CARTESIAN_POINT('',(2.309401076754,-2.500000000003));
#5855 = VECTOR('',#5856,1.);
#5856 = DIRECTION('',(-3.104815214584E-30,-1.));
#5857 = ( GEOMETRIC_REPRESENTATION_CONTEXT(2) 
PARAMETRIC_REPRESENTATION_CONTEXT() REPRESENTATION_CONTEXT('2D SPACE',''
  ) );
#5858 = PCURVE('',#5673,#5859);
#5859 = DEFINITIONAL_REPRESENTATION('',(#5860),#5864);
#5860 = LINE('',#5861,#5862);
#5861 = CARTESIAN_POINT('',(-2.309401076761,-2.500000000002));
#5862 = VECTOR('',#5863,1.);
#5863 = DIRECTION('',(-2.565688450956E-29,-1.));
#5864 = ( GEOMETRIC_REPRESENTATION_CONTEXT(2) 
PARAMETRIC_REPRESENTATION_CONTEXT() REPRESENTATION_CONTEXT('2D SPACE',''
  ) );
#5865 = ADVANCED_FACE('',(#5866),#5673,.T.);
#5866 = FACE_BOUND('',#5867,.T.);
#5867 = EDGE_LOOP('',(#5868,#5891,#5892,#5893));
#5868 = ORIENTED_EDGE('',*,*,#5869,.F.);
#5869 = EDGE_CURVE('',#5801,#5870,#5872,.T.);
#5870 = VERTEX_POINT('',#5871);
#5871 = CARTESIAN_POINT('',(13.499999999985,22.309401076769,53.));
#5872 = SURFACE_CURVE('',#5873,(#5877,#5884),.PCURVE_S1.);
#5873 = LINE('',#5874,#5875);
#5874 = CARTESIAN_POINT('',(17.499999999992,24.61880215353,53.));
#5875 = VECTOR('',#5876,1.);
#5876 = DIRECTION('',(-0.866025403785,-0.5,0.));
#5877 = PCURVE('',#5673,#5878);
#5878 = DEFINITIONAL_REPRESENTATION('',(#5879),#5883);
#5879 = LINE('',#5880,#5881);
#5880 = CARTESIAN_POINT('',(-2.309401076761,7.499999999999));
#5881 = VECTOR('',#5882,1.);
#5882 = DIRECTION('',(1.,5.053845915647E-26));
#5883 = ( GEOMETRIC_REPRESENTATION_CONTEXT(2) 
PARAMETRIC_REPRESENTATION_CONTEXT() REPRESENTATION_CONTEXT('2D SPACE',''
  ) );
#5884 = PCURVE('',#3735,#5885);
#5885 = DEFINITIONAL_REPRESENTATION('',(#5886),#5890);
#5886 = LINE('',#5887,#5888);
#5887 = CARTESIAN_POINT('',(-5.499999999992,24.61880215353));
#5888 = VECTOR('',#5889,1.);
#5889 = DIRECTION('',(0.866025403785,-0.5));
#5890 = ( GEOMETRIC_REPRESENTATION_CONTEXT(2) 
PARAMETRIC_REPRESENTATION_CONTEXT() REPRESENTATION_CONTEXT('2D SPACE',''
  ) );
#5891 = ORIENTED_EDGE('',*,*,#5845,.T.);
#5892 = ORIENTED_EDGE('',*,*,#5657,.F.);
#5893 = ORIENTED_EDGE('',*,*,#5894,.F.);
#5894 = EDGE_CURVE('',#5870,#5658,#5895,.T.);
#5895 = SURFACE_CURVE('',#5896,(#5900,#5907),.PCURVE_S1.);
#5896 = LINE('',#5897,#5898);
#5897 = CARTESIAN_POINT('',(13.5,22.309401076759,63.));
#5898 = VECTOR('',#5899,1.);
#5899 = DIRECTION('',(0.,0.,1.));
#5900 = PCURVE('',#5673,#5901);
#5901 = DEFINITIONAL_REPRESENTATION('',(#5902),#5906);
#5902 = LINE('',#5903,#5904);
#5903 = CARTESIAN_POINT('',(2.309401076756,-2.500000000002));
#5904 = VECTOR('',#5905,1.);
#5905 = DIRECTION('',(-2.565688450956E-29,-1.));
#5906 = ( GEOMETRIC_REPRESENTATION_CONTEXT(2) 
PARAMETRIC_REPRESENTATION_CONTEXT() REPRESENTATION_CONTEXT('2D SPACE',''
  ) );
#5907 = PCURVE('',#5701,#5908);
#5908 = DEFINITIONAL_REPRESENTATION('',(#5909),#5913);
#5909 = LINE('',#5910,#5911);
#5910 = CARTESIAN_POINT('',(2.309401076755,2.500000000002));
#5911 = VECTOR('',#5912,1.);
#5912 = DIRECTION('',(-4.270231536811E-41,1.));
#5913 = ( GEOMETRIC_REPRESENTATION_CONTEXT(2) 
PARAMETRIC_REPRESENTATION_CONTEXT() REPRESENTATION_CONTEXT('2D SPACE',''
  ) );
#5914 = ADVANCED_FACE('',(#5915),#5701,.T.);
#5915 = FACE_BOUND('',#5916,.T.);
#5916 = EDGE_LOOP('',(#5917,#5940,#5941,#5942));
#5917 = ORIENTED_EDGE('',*,*,#5918,.F.);
#5918 = EDGE_CURVE('',#5870,#5919,#5921,.T.);
#5919 = VERTEX_POINT('',#5920);
#5920 = CARTESIAN_POINT('',(13.5,17.690598923242,53.));
#5921 = SURFACE_CURVE('',#5922,(#5926,#5933),.PCURVE_S1.);
#5922 = LINE('',#5923,#5924);
#5923 = CARTESIAN_POINT('',(13.499999999985,22.309401076769,53.));
#5924 = VECTOR('',#5925,1.);
#5925 = DIRECTION('',(3.275190047441E-12,-1.,0.));
#5926 = PCURVE('',#5701,#5927);
#5927 = DEFINITIONAL_REPRESENTATION('',(#5928),#5932);
#5928 = LINE('',#5929,#5930);
#5929 = CARTESIAN_POINT('',(2.309401076765,-7.499999999998));
#5930 = VECTOR('',#5931,1.);
#5931 = DIRECTION('',(-1.,5.432023837583E-25));
#5932 = ( GEOMETRIC_REPRESENTATION_CONTEXT(2) 
PARAMETRIC_REPRESENTATION_CONTEXT() REPRESENTATION_CONTEXT('2D SPACE',''
  ) );
#5933 = PCURVE('',#3735,#5934);
#5934 = DEFINITIONAL_REPRESENTATION('',(#5935),#5939);
#5935 = LINE('',#5936,#5937);
#5936 = CARTESIAN_POINT('',(-1.499999999985,22.309401076769));
#5937 = VECTOR('',#5938,1.);
#5938 = DIRECTION('',(-3.275190047441E-12,-1.));
#5939 = ( GEOMETRIC_REPRESENTATION_CONTEXT(2) 
PARAMETRIC_REPRESENTATION_CONTEXT() REPRESENTATION_CONTEXT('2D SPACE',''
  ) );
#5940 = ORIENTED_EDGE('',*,*,#5894,.T.);
#5941 = ORIENTED_EDGE('',*,*,#5685,.F.);
#5942 = ORIENTED_EDGE('',*,*,#5943,.F.);
#5943 = EDGE_CURVE('',#5919,#5686,#5944,.T.);
#5944 = SURFACE_CURVE('',#5945,(#5949,#5956),.PCURVE_S1.);
#5945 = LINE('',#5946,#5947);
#5946 = CARTESIAN_POINT('',(13.5,17.690598923242,63.));
#5947 = VECTOR('',#5948,1.);
#5948 = DIRECTION('',(0.,0.,1.));
#5949 = PCURVE('',#5701,#5950);
#5950 = DEFINITIONAL_REPRESENTATION('',(#5951),#5955);
#5951 = LINE('',#5952,#5953);
#5952 = CARTESIAN_POINT('',(-2.309401076762,2.500000000002));
#5953 = VECTOR('',#5954,1.);
#5954 = DIRECTION('',(-4.270231536811E-41,1.));
#5955 = ( GEOMETRIC_REPRESENTATION_CONTEXT(2) 
PARAMETRIC_REPRESENTATION_CONTEXT() REPRESENTATION_CONTEXT('2D SPACE',''
  ) );
#5956 = PCURVE('',#5729,#5957);
#5957 = DEFINITIONAL_REPRESENTATION('',(#5958),#5962);
#5958 = LINE('',#5959,#5960);
#5959 = CARTESIAN_POINT('',(-2.309401076769,-2.500000000006));
#5960 = VECTOR('',#5961,1.);
#5961 = DIRECTION('',(1.337213786728E-30,-1.));
#5962 = ( GEOMETRIC_REPRESENTATION_CONTEXT(2) 
PARAMETRIC_REPRESENTATION_CONTEXT() REPRESENTATION_CONTEXT('2D SPACE',''
  ) );
#5963 = ADVANCED_FACE('',(#5964),#5729,.T.);
#5964 = FACE_BOUND('',#5965,.T.);
#5965 = EDGE_LOOP('',(#5966,#5989,#5990,#5991));
#5966 = ORIENTED_EDGE('',*,*,#5967,.F.);
#5967 = EDGE_CURVE('',#5919,#5968,#5970,.T.);
#5968 = VERTEX_POINT('',#5969);
#5969 = CARTESIAN_POINT('',(17.50000000002,15.381197846451,53.));
#5970 = SURFACE_CURVE('',#5971,(#5975,#5982),.PCURVE_S1.);
#5971 = LINE('',#5972,#5973);
#5972 = CARTESIAN_POINT('',(13.5,17.690598923242,53.));
#5973 = VECTOR('',#5974,1.);
#5974 = DIRECTION('',(0.866025403783,-0.500000000003,0.));
#5975 = PCURVE('',#5729,#5976);
#5976 = DEFINITIONAL_REPRESENTATION('',(#5977),#5981);
#5977 = LINE('',#5978,#5979);
#5978 = CARTESIAN_POINT('',(-2.309401076769,7.499999999994));
#5979 = VECTOR('',#5980,1.);
#5980 = DIRECTION('',(1.,7.274058930493E-25));
#5981 = ( GEOMETRIC_REPRESENTATION_CONTEXT(2) 
PARAMETRIC_REPRESENTATION_CONTEXT() REPRESENTATION_CONTEXT('2D SPACE',''
  ) );
#5982 = PCURVE('',#3735,#5983);
#5983 = DEFINITIONAL_REPRESENTATION('',(#5984),#5988);
#5984 = LINE('',#5985,#5986);
#5985 = CARTESIAN_POINT('',(-1.5,17.690598923242));
#5986 = VECTOR('',#5987,1.);
#5987 = DIRECTION('',(-0.866025403783,-0.500000000003));
#5988 = ( GEOMETRIC_REPRESENTATION_CONTEXT(2) 
PARAMETRIC_REPRESENTATION_CONTEXT() REPRESENTATION_CONTEXT('2D SPACE',''
  ) );
#5989 = ORIENTED_EDGE('',*,*,#5943,.T.);
#5990 = ORIENTED_EDGE('',*,*,#5713,.F.);
#5991 = ORIENTED_EDGE('',*,*,#5992,.F.);
#5992 = EDGE_CURVE('',#5968,#5714,#5993,.T.);
#5993 = SURFACE_CURVE('',#5994,(#5998,#6005),.PCURVE_S1.);
#5994 = LINE('',#5995,#5996);
#5995 = CARTESIAN_POINT('',(17.5,15.381197846483,63.));
#5996 = VECTOR('',#5997,1.);
#5997 = DIRECTION('',(0.,0.,1.));
#5998 = PCURVE('',#5729,#5999);
#5999 = DEFINITIONAL_REPRESENTATION('',(#6000),#6004);
#6000 = LINE('',#6001,#6002);
#6001 = CARTESIAN_POINT('',(2.309401076748,-2.500000000006));
#6002 = VECTOR('',#6003,1.);
#6003 = DIRECTION('',(1.337213786728E-30,-1.));
#6004 = ( GEOMETRIC_REPRESENTATION_CONTEXT(2) 
PARAMETRIC_REPRESENTATION_CONTEXT() REPRESENTATION_CONTEXT('2D SPACE',''
  ) );
#6005 = PCURVE('',#5757,#6006);
#6006 = DEFINITIONAL_REPRESENTATION('',(#6007),#6011);
#6007 = LINE('',#6008,#6009);
#6008 = CARTESIAN_POINT('',(-2.309401076762,-2.500000000002));
#6009 = VECTOR('',#6010,1.);
#6010 = DIRECTION('',(-8.016128477719E-29,-1.));
#6011 = ( GEOMETRIC_REPRESENTATION_CONTEXT(2) 
PARAMETRIC_REPRESENTATION_CONTEXT() REPRESENTATION_CONTEXT('2D SPACE',''
  ) );
#6012 = ADVANCED_FACE('',(#6013),#5757,.T.);
#6013 = FACE_BOUND('',#6014,.T.);
#6014 = EDGE_LOOP('',(#6015,#6038,#6039,#6040));
#6015 = ORIENTED_EDGE('',*,*,#6016,.F.);
#6016 = EDGE_CURVE('',#5968,#6017,#6019,.T.);
#6017 = VERTEX_POINT('',#6018);
#6018 = CARTESIAN_POINT('',(21.500000000019,17.690598923227,53.));
#6019 = SURFACE_CURVE('',#6020,(#6024,#6031),.PCURVE_S1.);
#6020 = LINE('',#6021,#6022);
#6021 = CARTESIAN_POINT('',(17.50000000002,15.381197846451,53.));
#6022 = VECTOR('',#6023,1.);
#6023 = DIRECTION('',(0.866025403783,0.500000000003,0.));
#6024 = PCURVE('',#5757,#6025);
#6025 = DEFINITIONAL_REPRESENTATION('',(#6026),#6030);
#6026 = LINE('',#6027,#6028);
#6027 = CARTESIAN_POINT('',(-2.309401076761,7.499999999998));
#6028 = VECTOR('',#6029,1.);
#6029 = DIRECTION('',(1.,-2.070692600919E-24));
#6030 = ( GEOMETRIC_REPRESENTATION_CONTEXT(2) 
PARAMETRIC_REPRESENTATION_CONTEXT() REPRESENTATION_CONTEXT('2D SPACE',''
  ) );
#6031 = PCURVE('',#3735,#6032);
#6032 = DEFINITIONAL_REPRESENTATION('',(#6033),#6037);
#6033 = LINE('',#6034,#6035);
#6034 = CARTESIAN_POINT('',(-5.50000000002,15.381197846451));
#6035 = VECTOR('',#6036,1.);
#6036 = DIRECTION('',(-0.866025403783,0.500000000003));
#6037 = ( GEOMETRIC_REPRESENTATION_CONTEXT(2) 
PARAMETRIC_REPRESENTATION_CONTEXT() REPRESENTATION_CONTEXT('2D SPACE',''
  ) );
#6038 = ORIENTED_EDGE('',*,*,#5992,.T.);
#6039 = ORIENTED_EDGE('',*,*,#5741,.F.);
#6040 = ORIENTED_EDGE('',*,*,#6041,.F.);
#6041 = EDGE_CURVE('',#6017,#5742,#6042,.T.);
#6042 = SURFACE_CURVE('',#6043,(#6047,#6054),.PCURVE_S1.);
#6043 = LINE('',#6044,#6045);
#6044 = CARTESIAN_POINT('',(21.5,17.690598923241,63.));
#6045 = VECTOR('',#6046,1.);
#6046 = DIRECTION('',(0.,0.,1.));
#6047 = PCURVE('',#5757,#6048);
#6048 = DEFINITIONAL_REPRESENTATION('',(#6049),#6053);
#6049 = LINE('',#6050,#6051);
#6050 = CARTESIAN_POINT('',(2.309401076755,-2.500000000002));
#6051 = VECTOR('',#6052,1.);
#6052 = DIRECTION('',(-8.016128477719E-29,-1.));
#6053 = ( GEOMETRIC_REPRESENTATION_CONTEXT(2) 
PARAMETRIC_REPRESENTATION_CONTEXT() REPRESENTATION_CONTEXT('2D SPACE',''
  ) );
#6054 = PCURVE('',#5783,#6055);
#6055 = DEFINITIONAL_REPRESENTATION('',(#6056),#6060);
#6056 = LINE('',#6057,#6058);
#6057 = CARTESIAN_POINT('',(2.309401076754,2.500000000003));
#6058 = VECTOR('',#6059,1.);
#6059 = DIRECTION('',(7.028393917196E-41,1.));
#6060 = ( GEOMETRIC_REPRESENTATION_CONTEXT(2) 
PARAMETRIC_REPRESENTATION_CONTEXT() REPRESENTATION_CONTEXT('2D SPACE',''
  ) );
#6061 = ADVANCED_FACE('',(#6062),#5783,.T.);
#6062 = FACE_BOUND('',#6063,.T.);
#6063 = EDGE_LOOP('',(#6064,#6085,#6086,#6087));
#6064 = ORIENTED_EDGE('',*,*,#6065,.F.);
#6065 = EDGE_CURVE('',#6017,#5799,#6066,.T.);
#6066 = SURFACE_CURVE('',#6067,(#6071,#6078),.PCURVE_S1.);
#6067 = LINE('',#6068,#6069);
#6068 = CARTESIAN_POINT('',(21.500000000019,17.690598923227,53.));
#6069 = VECTOR('',#6070,1.);
#6070 = DIRECTION('',(-4.165137178694E-12,1.,0.));
#6071 = PCURVE('',#5783,#6072);
#6072 = DEFINITIONAL_REPRESENTATION('',(#6073),#6077);
#6073 = LINE('',#6074,#6075);
#6074 = CARTESIAN_POINT('',(2.309401076769,-7.499999999997));
#6075 = VECTOR('',#6076,1.);
#6076 = DIRECTION('',(-1.,8.754166158989E-25));
#6077 = ( GEOMETRIC_REPRESENTATION_CONTEXT(2) 
PARAMETRIC_REPRESENTATION_CONTEXT() REPRESENTATION_CONTEXT('2D SPACE',''
  ) );
#6078 = PCURVE('',#3735,#6079);
#6079 = DEFINITIONAL_REPRESENTATION('',(#6080),#6084);
#6080 = LINE('',#6081,#6082);
#6081 = CARTESIAN_POINT('',(-9.500000000019,17.690598923227));
#6082 = VECTOR('',#6083,1.);
#6083 = DIRECTION('',(4.165137178694E-12,1.));
#6084 = ( GEOMETRIC_REPRESENTATION_CONTEXT(2) 
PARAMETRIC_REPRESENTATION_CONTEXT() REPRESENTATION_CONTEXT('2D SPACE',''
  ) );
#6085 = ORIENTED_EDGE('',*,*,#6041,.T.);
#6086 = ORIENTED_EDGE('',*,*,#5769,.F.);
#6087 = ORIENTED_EDGE('',*,*,#5823,.F.);
#6088 = ADVANCED_FACE('',(#6089),#4087,.F.);
#6089 = FACE_BOUND('',#6090,.F.);
#6090 = EDGE_LOOP('',(#6091,#6092,#6114,#6115));
#6091 = ORIENTED_EDGE('',*,*,#4071,.T.);
#6092 = ORIENTED_EDGE('',*,*,#6093,.T.);
#6093 = EDGE_CURVE('',#4072,#5289,#6094,.T.);
#6094 = SURFACE_CURVE('',#6095,(#6100,#6107),.PCURVE_S1.);
#6095 = CIRCLE('',#6096,14.999999999974);
#6096 = AXIS2_PLACEMENT_3D('',#6097,#6098,#6099);
#6097 = CARTESIAN_POINT('',(-11.00000000001,-17.49999999997,65.8));
#6098 = DIRECTION('',(0.,0.,1.));
#6099 = DIRECTION('',(1.,0.,0.));
#6100 = PCURVE('',#4087,#6101);
#6101 = DEFINITIONAL_REPRESENTATION('',(#6102),#6106);
#6102 = LINE('',#6103,#6104);
#6103 = CARTESIAN_POINT('',(0.,-2.2));
#6104 = VECTOR('',#6105,1.);
#6105 = DIRECTION('',(1.,0.));
#6106 = ( GEOMETRIC_REPRESENTATION_CONTEXT(2) 
PARAMETRIC_REPRESENTATION_CONTEXT() REPRESENTATION_CONTEXT('2D SPACE',''
  ) );
#6107 = PCURVE('',#4115,#6108);
#6108 = DEFINITIONAL_REPRESENTATION('',(#6109),#6113);
#6109 = CIRCLE('',#6110,14.999999999974);
#6110 = AXIS2_PLACEMENT_2D('',#6111,#6112);
#6111 = CARTESIAN_POINT('',(-23.00000000002,-1.992105271257));
#6112 = DIRECTION('',(1.,0.));
#6113 = ( GEOMETRIC_REPRESENTATION_CONTEXT(2) 
PARAMETRIC_REPRESENTATION_CONTEXT() REPRESENTATION_CONTEXT('2D SPACE',''
  ) );
#6114 = ORIENTED_EDGE('',*,*,#5311,.F.);
#6115 = ORIENTED_EDGE('',*,*,#5571,.F.);
#6116 = ADVANCED_FACE('',(#6117),#4331,.T.);
#6117 = FACE_BOUND('',#6118,.T.);
#6118 = EDGE_LOOP('',(#6119,#6120,#6121,#6122));
#6119 = ORIENTED_EDGE('',*,*,#4796,.F.);
#6120 = ORIENTED_EDGE('',*,*,#5600,.T.);
#6121 = ORIENTED_EDGE('',*,*,#4310,.T.);
#6122 = ORIENTED_EDGE('',*,*,#6123,.F.);
#6123 = EDGE_CURVE('',#4797,#4283,#6124,.T.);
#6124 = SURFACE_CURVE('',#6125,(#6129,#6136),.PCURVE_S1.);
#6125 = LINE('',#6126,#6127);
#6126 = CARTESIAN_POINT('',(50.,11.000000000049,63.8));
#6127 = VECTOR('',#6128,1.);
#6128 = DIRECTION('',(-1.,-0.,-0.));
#6129 = PCURVE('',#4331,#6130);
#6130 = DEFINITIONAL_REPRESENTATION('',(#6131),#6135);
#6131 = LINE('',#6132,#6133);
#6132 = CARTESIAN_POINT('',(3.14159265359,0.));
#6133 = VECTOR('',#6134,1.);
#6134 = DIRECTION('',(0.,-1.));
#6135 = ( GEOMETRIC_REPRESENTATION_CONTEXT(2) 
PARAMETRIC_REPRESENTATION_CONTEXT() REPRESENTATION_CONTEXT('2D SPACE',''
  ) );
#6136 = PCURVE('',#4298,#6137);
#6137 = DEFINITIONAL_REPRESENTATION('',(#6138),#6142);
#6138 = LINE('',#6139,#6140);
#6139 = CARTESIAN_POINT('',(1.,0.));
#6140 = VECTOR('',#6141,1.);
#6141 = DIRECTION('',(0.,-1.));
#6142 = ( GEOMETRIC_REPRESENTATION_CONTEXT(2) 
PARAMETRIC_REPRESENTATION_CONTEXT() REPRESENTATION_CONTEXT('2D SPACE',''
  ) );
#6143 = ADVANCED_FACE('',(#6144,#6412,#6447,#6482),#4115,.T.);
#6144 = FACE_BOUND('',#6145,.T.);
#6145 = EDGE_LOOP('',(#6146,#6147,#6148,#6149,#6171,#6172,#6195,#6223,
    #6251,#6279,#6307,#6335,#6363,#6391));
#6146 = ORIENTED_EDGE('',*,*,#4099,.F.);
#6147 = ORIENTED_EDGE('',*,*,#6093,.T.);
#6148 = ORIENTED_EDGE('',*,*,#5288,.F.);
#6149 = ORIENTED_EDGE('',*,*,#6150,.T.);
#6150 = EDGE_CURVE('',#5266,#4977,#6151,.T.);
#6151 = SURFACE_CURVE('',#6152,(#6157,#6164),.PCURVE_S1.);
#6152 = CIRCLE('',#6153,15.);
#6153 = AXIS2_PLACEMENT_3D('',#6154,#6155,#6156);
#6154 = CARTESIAN_POINT('',(35.,-17.49999999996,65.8));
#6155 = DIRECTION('',(0.,0.,1.));
#6156 = DIRECTION('',(1.,0.,0.));
#6157 = PCURVE('',#4115,#6158);
#6158 = DEFINITIONAL_REPRESENTATION('',(#6159),#6163);
#6159 = CIRCLE('',#6160,15.);
#6160 = AXIS2_PLACEMENT_2D('',#6161,#6162);
#6161 = CARTESIAN_POINT('',(22.999999999993,-1.992105271239));
#6162 = DIRECTION('',(1.,0.));
#6163 = ( GEOMETRIC_REPRESENTATION_CONTEXT(2) 
PARAMETRIC_REPRESENTATION_CONTEXT() REPRESENTATION_CONTEXT('2D SPACE',''
  ) );
#6164 = PCURVE('',#5015,#6165);
#6165 = DEFINITIONAL_REPRESENTATION('',(#6166),#6170);
#6166 = LINE('',#6167,#6168);
#6167 = CARTESIAN_POINT('',(0.,-2.2));
#6168 = VECTOR('',#6169,1.);
#6169 = DIRECTION('',(1.,0.));
#6170 = ( GEOMETRIC_REPRESENTATION_CONTEXT(2) 
PARAMETRIC_REPRESENTATION_CONTEXT() REPRESENTATION_CONTEXT('2D SPACE',''
  ) );
#6171 = ORIENTED_EDGE('',*,*,#4976,.F.);
#6172 = ORIENTED_EDGE('',*,*,#6173,.T.);
#6173 = EDGE_CURVE('',#4948,#6174,#6176,.T.);
#6174 = VERTEX_POINT('',#6175);
#6175 = CARTESIAN_POINT('',(40.386751345971,-2.99999999996,65.8));
#6176 = SURFACE_CURVE('',#6177,(#6181,#6188),.PCURVE_S1.);
#6177 = LINE('',#6178,#6179);
#6178 = CARTESIAN_POINT('',(50.,-2.99999999996,65.8));
#6179 = VECTOR('',#6180,1.);
#6180 = DIRECTION('',(-1.,-0.,-0.));
#6181 = PCURVE('',#4115,#6182);
#6182 = DEFINITIONAL_REPRESENTATION('',(#6183),#6187);
#6183 = LINE('',#6184,#6185);
#6184 = CARTESIAN_POINT('',(37.999999999994,12.507894728761));
#6185 = VECTOR('',#6186,1.);
#6186 = DIRECTION('',(-1.,0.));
#6187 = ( GEOMETRIC_REPRESENTATION_CONTEXT(2) 
PARAMETRIC_REPRESENTATION_CONTEXT() REPRESENTATION_CONTEXT('2D SPACE',''
  ) );
#6188 = PCURVE('',#4964,#6189);
#6189 = DEFINITIONAL_REPRESENTATION('',(#6190),#6194);
#6190 = LINE('',#6191,#6192);
#6191 = CARTESIAN_POINT('',(1.570796326795,0.));
#6192 = VECTOR('',#6193,1.);
#6193 = DIRECTION('',(0.,-1.));
#6194 = ( GEOMETRIC_REPRESENTATION_CONTEXT(2) 
PARAMETRIC_REPRESENTATION_CONTEXT() REPRESENTATION_CONTEXT('2D SPACE',''
  ) );
#6195 = ORIENTED_EDGE('',*,*,#6196,.F.);
#6196 = EDGE_CURVE('',#6197,#6174,#6199,.T.);
#6197 = VERTEX_POINT('',#6198);
#6198 = CARTESIAN_POINT('',(39.809401076759,-4.,65.8));
#6199 = SURFACE_CURVE('',#6200,(#6204,#6211),.PCURVE_S1.);
#6200 = LINE('',#6201,#6202);
#6201 = CARTESIAN_POINT('',(33.841693647378,-14.33637247239,65.8));
#6202 = VECTOR('',#6203,1.);
#6203 = DIRECTION('',(0.5,0.866025403784,0.));
#6204 = PCURVE('',#4115,#6205);
#6205 = DEFINITIONAL_REPRESENTATION('',(#6206),#6210);
#6206 = LINE('',#6207,#6208);
#6207 = CARTESIAN_POINT('',(21.841693647372,1.171522256327));
#6208 = VECTOR('',#6209,1.);
#6209 = DIRECTION('',(0.5,0.866025403784));
#6210 = ( GEOMETRIC_REPRESENTATION_CONTEXT(2) 
PARAMETRIC_REPRESENTATION_CONTEXT() REPRESENTATION_CONTEXT('2D SPACE',''
  ) );
#6211 = PCURVE('',#6212,#6217);
#6212 = PLANE('',#6213);
#6213 = AXIS2_PLACEMENT_3D('',#6214,#6215,#6216);
#6214 = CARTESIAN_POINT('',(41.061215387602,-1.831794011977,
    60.305772455072));
#6215 = DIRECTION('',(-0.866025403784,0.5,-1.521109651298E-15));
#6216 = DIRECTION('',(-0.5,-0.866025403784,-2.929397563135E-32));
#6217 = DEFINITIONAL_REPRESENTATION('',(#6218),#6222);
#6218 = LINE('',#6219,#6220);
#6219 = CARTESIAN_POINT('',(14.439043480449,5.494227544928));
#6220 = VECTOR('',#6221,1.);
#6221 = DIRECTION('',(-1.,3.59878509279E-30));
#6222 = ( GEOMETRIC_REPRESENTATION_CONTEXT(2) 
PARAMETRIC_REPRESENTATION_CONTEXT() REPRESENTATION_CONTEXT('2D SPACE',''
  ) );
#6223 = ORIENTED_EDGE('',*,*,#6224,.F.);
#6224 = EDGE_CURVE('',#6225,#6197,#6227,.T.);
#6225 = VERTEX_POINT('',#6226);
#6226 = CARTESIAN_POINT('',(35.190598923242,-4.,65.8));
#6227 = SURFACE_CURVE('',#6228,(#6232,#6239),.PCURVE_S1.);
#6228 = LINE('',#6229,#6230);
#6229 = CARTESIAN_POINT('',(23.595299461624,-4.000000000001,65.8));
#6230 = VECTOR('',#6231,1.);
#6231 = DIRECTION('',(1.,7.595702611215E-14,0.));
#6232 = PCURVE('',#4115,#6233);
#6233 = DEFINITIONAL_REPRESENTATION('',(#6234),#6238);
#6234 = LINE('',#6235,#6236);
#6235 = CARTESIAN_POINT('',(11.595299461617,11.50789472872));
#6236 = VECTOR('',#6237,1.);
#6237 = DIRECTION('',(1.,7.595702611215E-14));
#6238 = ( GEOMETRIC_REPRESENTATION_CONTEXT(2) 
PARAMETRIC_REPRESENTATION_CONTEXT() REPRESENTATION_CONTEXT('2D SPACE',''
  ) );
#6239 = PCURVE('',#6240,#6245);
#6240 = PLANE('',#6241);
#6241 = AXIS2_PLACEMENT_3D('',#6242,#6243,#6244);
#6242 = CARTESIAN_POINT('',(37.5,-4.,59.4));
#6243 = DIRECTION('',(-7.289948706923E-14,1.,-5.498841595441E-16));
#6244 = DIRECTION('',(1.,7.289948706923E-14,-3.061197236469E-46));
#6245 = DEFINITIONAL_REPRESENTATION('',(#6246),#6250);
#6246 = LINE('',#6247,#6248);
#6247 = CARTESIAN_POINT('',(-13.90470053837,-6.4));
#6248 = VECTOR('',#6249,1.);
#6249 = DIRECTION('',(1.,-1.681292286889E-30));
#6250 = ( GEOMETRIC_REPRESENTATION_CONTEXT(2) 
PARAMETRIC_REPRESENTATION_CONTEXT() REPRESENTATION_CONTEXT('2D SPACE',''
  ) );
#6251 = ORIENTED_EDGE('',*,*,#6252,.F.);
#6252 = EDGE_CURVE('',#6253,#6225,#6255,.T.);
#6253 = VERTEX_POINT('',#6254);
#6254 = CARTESIAN_POINT('',(34.613248654029,-2.99999999996,65.8));
#6255 = SURFACE_CURVE('',#6256,(#6260,#6267),.PCURVE_S1.);
#6256 = LINE('',#6257,#6258);
#6257 = CARTESIAN_POINT('',(33.628605814245,-1.294548574145,65.8));
#6258 = VECTOR('',#6259,1.);
#6259 = DIRECTION('',(0.5,-0.866025403784,0.));
#6260 = PCURVE('',#4115,#6261);
#6261 = DEFINITIONAL_REPRESENTATION('',(#6262),#6266);
#6262 = LINE('',#6263,#6264);
#6263 = CARTESIAN_POINT('',(21.628605814238,14.213346154576));
#6264 = VECTOR('',#6265,1.);
#6265 = DIRECTION('',(0.5,-0.866025403784));
#6266 = ( GEOMETRIC_REPRESENTATION_CONTEXT(2) 
PARAMETRIC_REPRESENTATION_CONTEXT() REPRESENTATION_CONTEXT('2D SPACE',''
  ) );
#6267 = PCURVE('',#6268,#6273);
#6268 = PLANE('',#6269);
#6269 = AXIS2_PLACEMENT_3D('',#6270,#6271,#6272);
#6270 = CARTESIAN_POINT('',(33.938784612398,-1.831794011978,
    60.305772455072));
#6271 = DIRECTION('',(0.866025403784,0.5,-1.950175178496E-16));
#6272 = DIRECTION('',(-0.5,0.866025403784,-1.710125418988E-33));
#6273 = DEFINITIONAL_REPRESENTATION('',(#6274),#6278);
#6274 = LINE('',#6275,#6276);
#6275 = CARTESIAN_POINT('',(0.620357596307,5.494227544928));
#6276 = VECTOR('',#6277,1.);
#6277 = DIRECTION('',(-1.,-3.36194917553E-32));
#6278 = ( GEOMETRIC_REPRESENTATION_CONTEXT(2) 
PARAMETRIC_REPRESENTATION_CONTEXT() REPRESENTATION_CONTEXT('2D SPACE',''
  ) );
#6279 = ORIENTED_EDGE('',*,*,#6280,.T.);
#6280 = EDGE_CURVE('',#6253,#6281,#6283,.T.);
#6281 = VERTEX_POINT('',#6282);
#6282 = CARTESIAN_POINT('',(0.386751346028,-2.99999999996,65.8));
#6283 = SURFACE_CURVE('',#6284,(#6288,#6295),.PCURVE_S1.);
#6284 = LINE('',#6285,#6286);
#6285 = CARTESIAN_POINT('',(50.,-2.99999999996,65.8));
#6286 = VECTOR('',#6287,1.);
#6287 = DIRECTION('',(-1.,-0.,-0.));
#6288 = PCURVE('',#4115,#6289);
#6289 = DEFINITIONAL_REPRESENTATION('',(#6290),#6294);
#6290 = LINE('',#6291,#6292);
#6291 = CARTESIAN_POINT('',(37.999999999994,12.507894728761));
#6292 = VECTOR('',#6293,1.);
#6293 = DIRECTION('',(-1.,0.));
#6294 = ( GEOMETRIC_REPRESENTATION_CONTEXT(2) 
PARAMETRIC_REPRESENTATION_CONTEXT() REPRESENTATION_CONTEXT('2D SPACE',''
  ) );
#6295 = PCURVE('',#6296,#6301);
#6296 = CYLINDRICAL_SURFACE('',#6297,2.);
#6297 = AXIS2_PLACEMENT_3D('',#6298,#6299,#6300);
#6298 = CARTESIAN_POINT('',(50.,-2.99999999996,63.8));
#6299 = DIRECTION('',(1.,0.,0.));
#6300 = DIRECTION('',(0.,1.,0.));
#6301 = DEFINITIONAL_REPRESENTATION('',(#6302),#6306);
#6302 = LINE('',#6303,#6304);
#6303 = CARTESIAN_POINT('',(1.570796326795,0.));
#6304 = VECTOR('',#6305,1.);
#6305 = DIRECTION('',(0.,-1.));
#6306 = ( GEOMETRIC_REPRESENTATION_CONTEXT(2) 
PARAMETRIC_REPRESENTATION_CONTEXT() REPRESENTATION_CONTEXT('2D SPACE',''
  ) );
#6307 = ORIENTED_EDGE('',*,*,#6308,.F.);
#6308 = EDGE_CURVE('',#6309,#6281,#6311,.T.);
#6309 = VERTEX_POINT('',#6310);
#6310 = CARTESIAN_POINT('',(-0.190598923223,-4.000000000073,65.8));
#6311 = SURFACE_CURVE('',#6312,(#6316,#6323),.PCURVE_S1.);
#6312 = LINE('',#6313,#6314);
#6313 = CARTESIAN_POINT('',(-1.158306352598,-5.676118434624,65.8));
#6314 = VECTOR('',#6315,1.);
#6315 = DIRECTION('',(0.499999999997,0.866025403786,0.));
#6316 = PCURVE('',#4115,#6317);
#6317 = DEFINITIONAL_REPRESENTATION('',(#6318),#6322);
#6318 = LINE('',#6319,#6320);
#6319 = CARTESIAN_POINT('',(-13.1583063526,9.831776294097));
#6320 = VECTOR('',#6321,1.);
#6321 = DIRECTION('',(0.499999999997,0.866025403786));
#6322 = ( GEOMETRIC_REPRESENTATION_CONTEXT(2) 
PARAMETRIC_REPRESENTATION_CONTEXT() REPRESENTATION_CONTEXT('2D SPACE',''
  ) );
#6323 = PCURVE('',#6324,#6329);
#6324 = PLANE('',#6325);
#6325 = AXIS2_PLACEMENT_3D('',#6326,#6327,#6328);
#6326 = CARTESIAN_POINT('',(1.061215387615,-1.831794011988,
    60.305772455082));
#6327 = DIRECTION('',(-0.866025403785,0.5,2.62810634571E-12));
#6328 = DIRECTION('',(-0.5,-0.866025403785,5.24512821161E-29));
#6329 = DEFINITIONAL_REPRESENTATION('',(#6330),#6334);
#6330 = LINE('',#6331,#6332);
#6331 = CARTESIAN_POINT('',(4.439043480498,5.494227544918));
#6332 = VECTOR('',#6333,1.);
#6333 = DIRECTION('',(-1.,-6.360553453832E-24));
#6334 = ( GEOMETRIC_REPRESENTATION_CONTEXT(2) 
PARAMETRIC_REPRESENTATION_CONTEXT() REPRESENTATION_CONTEXT('2D SPACE',''
  ) );
#6335 = ORIENTED_EDGE('',*,*,#6336,.F.);
#6336 = EDGE_CURVE('',#6337,#6309,#6339,.T.);
#6337 = VERTEX_POINT('',#6338);
#6338 = CARTESIAN_POINT('',(-4.809401076758,-4.,65.8));
#6339 = SURFACE_CURVE('',#6340,(#6344,#6351),.PCURVE_S1.);
#6340 = LINE('',#6341,#6342);
#6341 = CARTESIAN_POINT('',(3.595299461715,-4.000000000133,65.8));
#6342 = VECTOR('',#6343,1.);
#6343 = DIRECTION('',(1.,-1.582011787268E-11,0.));
#6344 = PCURVE('',#4115,#6345);
#6345 = DEFINITIONAL_REPRESENTATION('',(#6346),#6350);
#6346 = LINE('',#6347,#6348);
#6347 = CARTESIAN_POINT('',(-8.404700538291,11.507894728588));
#6348 = VECTOR('',#6349,1.);
#6349 = DIRECTION('',(1.,-1.582011787268E-11));
#6350 = ( GEOMETRIC_REPRESENTATION_CONTEXT(2) 
PARAMETRIC_REPRESENTATION_CONTEXT() REPRESENTATION_CONTEXT('2D SPACE',''
  ) );
#6351 = PCURVE('',#6352,#6357);
#6352 = PLANE('',#6353);
#6353 = AXIS2_PLACEMENT_3D('',#6354,#6355,#6356);
#6354 = CARTESIAN_POINT('',(-2.499999999997,-4.00000000001,
    59.400000000003));
#6355 = DIRECTION('',(4.60744274926E-12,1.,1.973871976852E-12));
#6356 = DIRECTION('',(1.,-4.60744274926E-12,1.787169930167E-40));
#6357 = DEFINITIONAL_REPRESENTATION('',(#6358),#6362);
#6358 = LINE('',#6359,#6360);
#6359 = CARTESIAN_POINT('',(6.095299461712,-6.399999999997));
#6360 = VECTOR('',#6361,1.);
#6361 = DIRECTION('',(1.,-2.213238521166E-23));
#6362 = ( GEOMETRIC_REPRESENTATION_CONTEXT(2) 
PARAMETRIC_REPRESENTATION_CONTEXT() REPRESENTATION_CONTEXT('2D SPACE',''
  ) );
#6363 = ORIENTED_EDGE('',*,*,#6364,.F.);
#6364 = EDGE_CURVE('',#6365,#6337,#6367,.T.);
#6365 = VERTEX_POINT('',#6366);
#6366 = CARTESIAN_POINT('',(-5.386751345977,-2.99999999996,65.8));
#6367 = SURFACE_CURVE('',#6368,(#6372,#6379),.PCURVE_S1.);
#6368 = LINE('',#6369,#6370);
#6369 = CARTESIAN_POINT('',(-1.371394185721,-9.954802611986,65.8));
#6370 = VECTOR('',#6371,1.);
#6371 = DIRECTION('',(0.500000000004,-0.866025403782,0.));
#6372 = PCURVE('',#4115,#6373);
#6373 = DEFINITIONAL_REPRESENTATION('',(#6374),#6378);
#6374 = LINE('',#6375,#6376);
#6375 = CARTESIAN_POINT('',(-13.37139418572,5.553092116735));
#6376 = VECTOR('',#6377,1.);
#6377 = DIRECTION('',(0.500000000004,-0.866025403782));
#6378 = ( GEOMETRIC_REPRESENTATION_CONTEXT(2) 
PARAMETRIC_REPRESENTATION_CONTEXT() REPRESENTATION_CONTEXT('2D SPACE',''
  ) );
#6379 = PCURVE('',#6380,#6385);
#6380 = PLANE('',#6381);
#6381 = AXIS2_PLACEMENT_3D('',#6382,#6383,#6384);
#6382 = CARTESIAN_POINT('',(-6.061215387607,-1.831794011977,
    60.305772455075));
#6383 = DIRECTION('',(0.866025403784,0.500000000001,7.524585133066E-13)
  );
#6384 = DIRECTION('',(-0.500000000001,0.866025403784,-1.777426981097E-29
    ));
#6385 = DEFINITIONAL_REPRESENTATION('',(#6386),#6390);
#6386 = LINE('',#6387,#6388);
#6387 = CARTESIAN_POINT('',(-9.37964240371,5.494227544926));
#6388 = VECTOR('',#6389,1.);
#6389 = DIRECTION('',(-1.,-2.336628215885E-24));
#6390 = ( GEOMETRIC_REPRESENTATION_CONTEXT(2) 
PARAMETRIC_REPRESENTATION_CONTEXT() REPRESENTATION_CONTEXT('2D SPACE',''
  ) );
#6391 = ORIENTED_EDGE('',*,*,#6392,.T.);
#6392 = EDGE_CURVE('',#6365,#4100,#6393,.T.);
#6393 = SURFACE_CURVE('',#6394,(#6398,#6405),.PCURVE_S1.);
#6394 = LINE('',#6395,#6396);
#6395 = CARTESIAN_POINT('',(50.,-2.99999999996,65.8));
#6396 = VECTOR('',#6397,1.);
#6397 = DIRECTION('',(-1.,-0.,-0.));
#6398 = PCURVE('',#4115,#6399);
#6399 = DEFINITIONAL_REPRESENTATION('',(#6400),#6404);
#6400 = LINE('',#6401,#6402);
#6401 = CARTESIAN_POINT('',(37.999999999994,12.507894728761));
#6402 = VECTOR('',#6403,1.);
#6403 = DIRECTION('',(-1.,0.));
#6404 = ( GEOMETRIC_REPRESENTATION_CONTEXT(2) 
PARAMETRIC_REPRESENTATION_CONTEXT() REPRESENTATION_CONTEXT('2D SPACE',''
  ) );
#6405 = PCURVE('',#4148,#6406);
#6406 = DEFINITIONAL_REPRESENTATION('',(#6407),#6411);
#6407 = LINE('',#6408,#6409);
#6408 = CARTESIAN_POINT('',(1.570796326795,0.));
#6409 = VECTOR('',#6410,1.);
#6410 = DIRECTION('',(0.,-1.));
#6411 = ( GEOMETRIC_REPRESENTATION_CONTEXT(2) 
PARAMETRIC_REPRESENTATION_CONTEXT() REPRESENTATION_CONTEXT('2D SPACE',''
  ) );
#6412 = FACE_BOUND('',#6413,.T.);
#6413 = EDGE_LOOP('',(#6414));
#6414 = ORIENTED_EDGE('',*,*,#6415,.T.);
#6415 = EDGE_CURVE('',#6416,#6416,#6418,.T.);
#6416 = VERTEX_POINT('',#6417);
#6417 = CARTESIAN_POINT('',(14.5,-24.,65.8));
#6418 = SURFACE_CURVE('',#6419,(#6424,#6435),.PCURVE_S1.);
#6419 = CIRCLE('',#6420,2.5);
#6420 = AXIS2_PLACEMENT_3D('',#6421,#6422,#6423);
#6421 = CARTESIAN_POINT('',(12.,-24.,65.8));
#6422 = DIRECTION('',(0.,0.,-1.));
#6423 = DIRECTION('',(1.,0.,0.));
#6424 = PCURVE('',#4115,#6425);
#6425 = DEFINITIONAL_REPRESENTATION('',(#6426),#6434);
#6426 = ( BOUNDED_CURVE() B_SPLINE_CURVE(2,(#6427,#6428,#6429,#6430,
#6431,#6432,#6433),.UNSPECIFIED.,.T.,.F.) B_SPLINE_CURVE_WITH_KNOTS((1,2
    ,2,2,2,1),(-2.094395102393,0.,2.094395102393,4.188790204786,
6.28318530718,8.377580409573),.UNSPECIFIED.) CURVE() 
GEOMETRIC_REPRESENTATION_ITEM() RATIONAL_B_SPLINE_CURVE((1.,0.5,1.,0.5,
1.,0.5,1.)) REPRESENTATION_ITEM('') );
#6427 = CARTESIAN_POINT('',(2.499999999993,-8.492105271279));
#6428 = CARTESIAN_POINT('',(2.499999999993,-12.8222322902));
#6429 = CARTESIAN_POINT('',(-1.250000000007,-10.65716878074));
#6430 = CARTESIAN_POINT('',(-5.000000000007,-8.492105271279));
#6431 = CARTESIAN_POINT('',(-1.250000000007,-6.327041761818));
#6432 = CARTESIAN_POINT('',(2.499999999993,-4.161978252357));
#6433 = CARTESIAN_POINT('',(2.499999999993,-8.492105271279));
#6434 = ( GEOMETRIC_REPRESENTATION_CONTEXT(2) 
PARAMETRIC_REPRESENTATION_CONTEXT() REPRESENTATION_CONTEXT('2D SPACE',''
  ) );
#6435 = PCURVE('',#6436,#6441);
#6436 = CYLINDRICAL_SURFACE('',#6437,2.5);
#6437 = AXIS2_PLACEMENT_3D('',#6438,#6439,#6440);
#6438 = CARTESIAN_POINT('',(12.,-24.,63.));
#6439 = DIRECTION('',(-0.,-0.,-1.));
#6440 = DIRECTION('',(1.,0.,0.));
#6441 = DEFINITIONAL_REPRESENTATION('',(#6442),#6446);
#6442 = LINE('',#6443,#6444);
#6443 = CARTESIAN_POINT('',(-6.28318530718,-2.8));
#6444 = VECTOR('',#6445,1.);
#6445 = DIRECTION('',(1.,-0.));
#6446 = ( GEOMETRIC_REPRESENTATION_CONTEXT(2) 
PARAMETRIC_REPRESENTATION_CONTEXT() REPRESENTATION_CONTEXT('2D SPACE',''
  ) );
#6447 = FACE_BOUND('',#6448,.T.);
#6448 = EDGE_LOOP('',(#6449));
#6449 = ORIENTED_EDGE('',*,*,#6450,.T.);
#6450 = EDGE_CURVE('',#6451,#6451,#6453,.T.);
#6451 = VERTEX_POINT('',#6452);
#6452 = CARTESIAN_POINT('',(-15.6,-17.5,65.8));
#6453 = SURFACE_CURVE('',#6454,(#6459,#6470),.PCURVE_S1.);
#6454 = CIRCLE('',#6455,2.5);
#6455 = AXIS2_PLACEMENT_3D('',#6456,#6457,#6458);
#6456 = CARTESIAN_POINT('',(-18.1,-17.5,65.8));
#6457 = DIRECTION('',(0.,0.,-1.));
#6458 = DIRECTION('',(1.,0.,0.));
#6459 = PCURVE('',#4115,#6460);
#6460 = DEFINITIONAL_REPRESENTATION('',(#6461),#6469);
#6461 = ( BOUNDED_CURVE() B_SPLINE_CURVE(2,(#6462,#6463,#6464,#6465,
#6466,#6467,#6468),.UNSPECIFIED.,.T.,.F.) B_SPLINE_CURVE_WITH_KNOTS((1,2
    ,2,2,2,1),(-2.094395102393,0.,2.094395102393,4.188790204786,
6.28318530718,8.377580409573),.UNSPECIFIED.) CURVE() 
GEOMETRIC_REPRESENTATION_ITEM() RATIONAL_B_SPLINE_CURVE((1.,0.5,1.,0.5,
1.,0.5,1.)) REPRESENTATION_ITEM('') );
#6462 = CARTESIAN_POINT('',(-27.6,-1.992105271279));
#6463 = CARTESIAN_POINT('',(-27.6,-6.322232290201));
#6464 = CARTESIAN_POINT('',(-31.35,-4.15716878074));
#6465 = CARTESIAN_POINT('',(-35.1,-1.992105271279));
#6466 = CARTESIAN_POINT('',(-31.35,0.172958238182));
#6467 = CARTESIAN_POINT('',(-27.6,2.338021747643));
#6468 = CARTESIAN_POINT('',(-27.6,-1.992105271279));
#6469 = ( GEOMETRIC_REPRESENTATION_CONTEXT(2) 
PARAMETRIC_REPRESENTATION_CONTEXT() REPRESENTATION_CONTEXT('2D SPACE',''
  ) );
#6470 = PCURVE('',#6471,#6476);
#6471 = CYLINDRICAL_SURFACE('',#6472,2.5);
#6472 = AXIS2_PLACEMENT_3D('',#6473,#6474,#6475);
#6473 = CARTESIAN_POINT('',(-18.1,-17.5,63.));
#6474 = DIRECTION('',(-0.,-0.,-1.));
#6475 = DIRECTION('',(1.,0.,0.));
#6476 = DEFINITIONAL_REPRESENTATION('',(#6477),#6481);
#6477 = LINE('',#6478,#6479);
#6478 = CARTESIAN_POINT('',(-6.28318530718,-2.8));
#6479 = VECTOR('',#6480,1.);
#6480 = DIRECTION('',(1.,-0.));
#6481 = ( GEOMETRIC_REPRESENTATION_CONTEXT(2) 
PARAMETRIC_REPRESENTATION_CONTEXT() REPRESENTATION_CONTEXT('2D SPACE',''
  ) );
#6482 = FACE_BOUND('',#6483,.T.);
#6483 = EDGE_LOOP('',(#6484));
#6484 = ORIENTED_EDGE('',*,*,#6485,.T.);
#6485 = EDGE_CURVE('',#6486,#6486,#6488,.T.);
#6486 = VERTEX_POINT('',#6487);
#6487 = CARTESIAN_POINT('',(44.6,-17.5,65.8));
#6488 = SURFACE_CURVE('',#6489,(#6494,#6505),.PCURVE_S1.);
#6489 = CIRCLE('',#6490,2.5);
#6490 = AXIS2_PLACEMENT_3D('',#6491,#6492,#6493);
#6491 = CARTESIAN_POINT('',(42.1,-17.5,65.8));
#6492 = DIRECTION('',(0.,0.,-1.));
#6493 = DIRECTION('',(1.,0.,0.));
#6494 = PCURVE('',#4115,#6495);
#6495 = DEFINITIONAL_REPRESENTATION('',(#6496),#6504);
#6496 = ( BOUNDED_CURVE() B_SPLINE_CURVE(2,(#6497,#6498,#6499,#6500,
#6501,#6502,#6503),.UNSPECIFIED.,.T.,.F.) B_SPLINE_CURVE_WITH_KNOTS((1,2
    ,2,2,2,1),(-2.094395102393,0.,2.094395102393,4.188790204786,
6.28318530718,8.377580409573),.UNSPECIFIED.) CURVE() 
GEOMETRIC_REPRESENTATION_ITEM() RATIONAL_B_SPLINE_CURVE((1.,0.5,1.,0.5,
1.,0.5,1.)) REPRESENTATION_ITEM('') );
#6497 = CARTESIAN_POINT('',(32.599999999993,-1.992105271279));
#6498 = CARTESIAN_POINT('',(32.599999999993,-6.322232290201));
#6499 = CARTESIAN_POINT('',(28.849999999993,-4.15716878074));
#6500 = CARTESIAN_POINT('',(25.099999999993,-1.992105271279));
#6501 = CARTESIAN_POINT('',(28.849999999993,0.172958238182));
#6502 = CARTESIAN_POINT('',(32.599999999993,2.338021747643));
#6503 = CARTESIAN_POINT('',(32.599999999993,-1.992105271279));
#6504 = ( GEOMETRIC_REPRESENTATION_CONTEXT(2) 
PARAMETRIC_REPRESENTATION_CONTEXT() REPRESENTATION_CONTEXT('2D SPACE',''
  ) );
#6505 = PCURVE('',#6506,#6511);
#6506 = CYLINDRICAL_SURFACE('',#6507,2.5);
#6507 = AXIS2_PLACEMENT_3D('',#6508,#6509,#6510);
#6508 = CARTESIAN_POINT('',(42.1,-17.5,63.));
#6509 = DIRECTION('',(-0.,-0.,-1.));
#6510 = DIRECTION('',(1.,0.,0.));
#6511 = DEFINITIONAL_REPRESENTATION('',(#6512),#6516);
#6512 = LINE('',#6513,#6514);
#6513 = CARTESIAN_POINT('',(-6.28318530718,-2.8));
#6514 = VECTOR('',#6515,1.);
#6515 = DIRECTION('',(1.,-0.));
#6516 = ( GEOMETRIC_REPRESENTATION_CONTEXT(2) 
PARAMETRIC_REPRESENTATION_CONTEXT() REPRESENTATION_CONTEXT('2D SPACE',''
  ) );
#6517 = ADVANCED_FACE('',(#6518),#6532,.T.);
#6518 = FACE_BOUND('',#6519,.T.);
#6519 = EDGE_LOOP('',(#6520,#6550,#6578,#6601));
#6520 = ORIENTED_EDGE('',*,*,#6521,.F.);
#6521 = EDGE_CURVE('',#6522,#6524,#6526,.T.);
#6522 = VERTEX_POINT('',#6523);
#6523 = CARTESIAN_POINT('',(-0.190598923242,4.000000000001,53.));
#6524 = VERTEX_POINT('',#6525);
#6525 = CARTESIAN_POINT('',(-4.809401076759,4.,53.));
#6526 = SURFACE_CURVE('',#6527,(#6531,#6543),.PCURVE_S1.);
#6527 = LINE('',#6528,#6529);
#6528 = CARTESIAN_POINT('',(-0.190598923242,4.000000000001,53.));
#6529 = VECTOR('',#6530,1.);
#6530 = DIRECTION('',(-1.,-4.672799327912E-14,0.));
#6531 = PCURVE('',#6532,#6537);
#6532 = PLANE('',#6533);
#6533 = AXIS2_PLACEMENT_3D('',#6534,#6535,#6536);
#6534 = CARTESIAN_POINT('',(-2.500000000001,4.000000000001,
    60.500000000001));
#6535 = DIRECTION('',(-7.786101947588E-14,-1.,4.485974190178E-14));
#6536 = DIRECTION('',(-1.,7.786101947588E-14,-3.057471148711E-43));
#6537 = DEFINITIONAL_REPRESENTATION('',(#6538),#6542);
#6538 = LINE('',#6539,#6540);
#6539 = CARTESIAN_POINT('',(-2.30940107676,7.500000000001));
#6540 = VECTOR('',#6541,1.);
#6541 = DIRECTION('',(1.,5.589030955988E-27));
#6542 = ( GEOMETRIC_REPRESENTATION_CONTEXT(2) 
PARAMETRIC_REPRESENTATION_CONTEXT() REPRESENTATION_CONTEXT('2D SPACE',''
  ) );
#6543 = PCURVE('',#3735,#6544);
#6544 = DEFINITIONAL_REPRESENTATION('',(#6545),#6549);
#6545 = LINE('',#6546,#6547);
#6546 = CARTESIAN_POINT('',(12.190598923242,4.000000000001));
#6547 = VECTOR('',#6548,1.);
#6548 = DIRECTION('',(1.,-4.672799327912E-14));
#6549 = ( GEOMETRIC_REPRESENTATION_CONTEXT(2) 
PARAMETRIC_REPRESENTATION_CONTEXT() REPRESENTATION_CONTEXT('2D SPACE',''
  ) );
#6550 = ORIENTED_EDGE('',*,*,#6551,.T.);
#6551 = EDGE_CURVE('',#6522,#6552,#6554,.T.);
#6552 = VERTEX_POINT('',#6553);
#6553 = CARTESIAN_POINT('',(-0.190598923242,4.000000000001,60.8));
#6554 = SURFACE_CURVE('',#6555,(#6559,#6566),.PCURVE_S1.);
#6555 = LINE('',#6556,#6557);
#6556 = CARTESIAN_POINT('',(-0.190598923242,4.000000000001,53.));
#6557 = VECTOR('',#6558,1.);
#6558 = DIRECTION('',(0.,0.,1.));
#6559 = PCURVE('',#6532,#6560);
#6560 = DEFINITIONAL_REPRESENTATION('',(#6561),#6565);
#6561 = LINE('',#6562,#6563);
#6562 = CARTESIAN_POINT('',(-2.30940107676,7.500000000001));
#6563 = VECTOR('',#6564,1.);
#6564 = DIRECTION('',(-3.057471148711E-43,-1.));
#6565 = ( GEOMETRIC_REPRESENTATION_CONTEXT(2) 
PARAMETRIC_REPRESENTATION_CONTEXT() REPRESENTATION_CONTEXT('2D SPACE',''
  ) );
#6566 = PCURVE('',#6567,#6572);
#6567 = PLANE('',#6568);
#6568 = AXIS2_PLACEMENT_3D('',#6569,#6570,#6571);
#6569 = CARTESIAN_POINT('',(0.964101615146,2.,60.500000000005));
#6570 = DIRECTION('',(-0.866025403783,-0.500000000003,1.079301167557E-12
    ));
#6571 = DIRECTION('',(0.500000000003,-0.866025403783,2.802708167758E-30)
  );
#6572 = DEFINITIONAL_REPRESENTATION('',(#6573),#6577);
#6573 = LINE('',#6574,#6575);
#6574 = CARTESIAN_POINT('',(-2.309401076763,-7.500000000005));
#6575 = VECTOR('',#6576,1.);
#6576 = DIRECTION('',(1.728425129893E-29,1.));
#6577 = ( GEOMETRIC_REPRESENTATION_CONTEXT(2) 
PARAMETRIC_REPRESENTATION_CONTEXT() REPRESENTATION_CONTEXT('2D SPACE',''
  ) );
#6578 = ORIENTED_EDGE('',*,*,#6579,.F.);
#6579 = EDGE_CURVE('',#6580,#6552,#6582,.T.);
#6580 = VERTEX_POINT('',#6581);
#6581 = CARTESIAN_POINT('',(-4.809401076765,4.000000000002,60.8));
#6582 = SURFACE_CURVE('',#6583,(#6587,#6594),.PCURVE_S1.);
#6583 = LINE('',#6584,#6585);
#6584 = CARTESIAN_POINT('',(23.75,3.999999999999,60.8));
#6585 = VECTOR('',#6586,1.);
#6586 = DIRECTION('',(1.,-7.786101947588E-14,0.));
#6587 = PCURVE('',#6532,#6588);
#6588 = DEFINITIONAL_REPRESENTATION('',(#6589),#6593);
#6589 = LINE('',#6590,#6591);
#6590 = CARTESIAN_POINT('',(-26.25,-0.299999999999));
#6591 = VECTOR('',#6592,1.);
#6592 = DIRECTION('',(-1.,0.));
#6593 = ( GEOMETRIC_REPRESENTATION_CONTEXT(2) 
PARAMETRIC_REPRESENTATION_CONTEXT() REPRESENTATION_CONTEXT('2D SPACE',''
  ) );
#6594 = PCURVE('',#4237,#6595);
#6595 = DEFINITIONAL_REPRESENTATION('',(#6596),#6600);
#6596 = LINE('',#6597,#6598);
#6597 = CARTESIAN_POINT('',(2.999999999959,-26.25));
#6598 = VECTOR('',#6599,1.);
#6599 = DIRECTION('',(-7.786101947588E-14,1.));
#6600 = ( GEOMETRIC_REPRESENTATION_CONTEXT(2) 
PARAMETRIC_REPRESENTATION_CONTEXT() REPRESENTATION_CONTEXT('2D SPACE',''
  ) );
#6601 = ORIENTED_EDGE('',*,*,#6602,.F.);
#6602 = EDGE_CURVE('',#6524,#6580,#6603,.T.);
#6603 = SURFACE_CURVE('',#6604,(#6608,#6615),.PCURVE_S1.);
#6604 = LINE('',#6605,#6606);
#6605 = CARTESIAN_POINT('',(-4.809401076765,4.000000000002,63.));
#6606 = VECTOR('',#6607,1.);
#6607 = DIRECTION('',(0.,0.,1.));
#6608 = PCURVE('',#6532,#6609);
#6609 = DEFINITIONAL_REPRESENTATION('',(#6610),#6614);
#6610 = LINE('',#6611,#6612);
#6611 = CARTESIAN_POINT('',(2.309401076763,-2.499999999999));
#6612 = VECTOR('',#6613,1.);
#6613 = DIRECTION('',(-3.057471148711E-43,-1.));
#6614 = ( GEOMETRIC_REPRESENTATION_CONTEXT(2) 
PARAMETRIC_REPRESENTATION_CONTEXT() REPRESENTATION_CONTEXT('2D SPACE',''
  ) );
#6615 = PCURVE('',#6616,#6621);
#6616 = PLANE('',#6617);
#6617 = AXIS2_PLACEMENT_3D('',#6618,#6619,#6620);
#6618 = CARTESIAN_POINT('',(-5.964101615144,2.000000000001,
    60.500000000002));
#6619 = DIRECTION('',(0.866025403784,-0.500000000001,8.328589619042E-13)
  );
#6620 = DIRECTION('',(0.500000000001,0.866025403784,-1.374469127756E-29)
  );
#6621 = DEFINITIONAL_REPRESENTATION('',(#6622),#6626);
#6622 = LINE('',#6623,#6624);
#6623 = CARTESIAN_POINT('',(2.309401076759,2.499999999998));
#6624 = VECTOR('',#6625,1.);
#6625 = DIRECTION('',(-7.132602227034E-30,1.));
#6626 = ( GEOMETRIC_REPRESENTATION_CONTEXT(2) 
PARAMETRIC_REPRESENTATION_CONTEXT() REPRESENTATION_CONTEXT('2D SPACE',''
  ) );
#6627 = ADVANCED_FACE('',(#6628),#6616,.T.);
#6628 = FACE_BOUND('',#6629,.T.);
#6629 = EDGE_LOOP('',(#6630,#6653,#6654,#6677,#6705));
#6630 = ORIENTED_EDGE('',*,*,#6631,.F.);
#6631 = EDGE_CURVE('',#6524,#6632,#6634,.T.);
#6632 = VERTEX_POINT('',#6633);
#6633 = CARTESIAN_POINT('',(-7.118802153517,2.325324333189E-13,53.));
#6634 = SURFACE_CURVE('',#6635,(#6639,#6646),.PCURVE_S1.);
#6635 = LINE('',#6636,#6637);
#6636 = CARTESIAN_POINT('',(-4.809401076759,4.,53.));
#6637 = VECTOR('',#6638,1.);
#6638 = DIRECTION('',(-0.5,-0.866025403784,0.));
#6639 = PCURVE('',#6616,#6640);
#6640 = DEFINITIONAL_REPRESENTATION('',(#6641),#6645);
#6641 = LINE('',#6642,#6643);
#6642 = CARTESIAN_POINT('',(2.309401076761,-7.500000000002));
#6643 = VECTOR('',#6644,1.);
#6644 = DIRECTION('',(-1.,-1.151164063135E-24));
#6645 = ( GEOMETRIC_REPRESENTATION_CONTEXT(2) 
PARAMETRIC_REPRESENTATION_CONTEXT() REPRESENTATION_CONTEXT('2D SPACE',''
  ) );
#6646 = PCURVE('',#3735,#6647);
#6647 = DEFINITIONAL_REPRESENTATION('',(#6648),#6652);
#6648 = LINE('',#6649,#6650);
#6649 = CARTESIAN_POINT('',(16.809401076759,4.));
#6650 = VECTOR('',#6651,1.);
#6651 = DIRECTION('',(0.5,-0.866025403784));
#6652 = ( GEOMETRIC_REPRESENTATION_CONTEXT(2) 
PARAMETRIC_REPRESENTATION_CONTEXT() REPRESENTATION_CONTEXT('2D SPACE',''
  ) );
#6653 = ORIENTED_EDGE('',*,*,#6602,.T.);
#6654 = ORIENTED_EDGE('',*,*,#6655,.F.);
#6655 = EDGE_CURVE('',#6656,#6580,#6658,.T.);
#6656 = VERTEX_POINT('',#6657);
#6657 = CARTESIAN_POINT('',(-6.541451884313,1.00000000004,60.8));
#6658 = SURFACE_CURVE('',#6659,(#6663,#6670),.PCURVE_S1.);
#6659 = LINE('',#6660,#6661);
#6660 = CARTESIAN_POINT('',(0.814904735843,13.741583424707,60.8));
#6661 = VECTOR('',#6662,1.);
#6662 = DIRECTION('',(0.500000000001,0.866025403784,0.));
#6663 = PCURVE('',#6616,#6664);
#6664 = DEFINITIONAL_REPRESENTATION('',(#6665),#6669);
#6665 = LINE('',#6666,#6667);
#6666 = CARTESIAN_POINT('',(13.558012701943,0.299999999998));
#6667 = VECTOR('',#6668,1.);
#6668 = DIRECTION('',(1.,4.706753717601E-30));
#6669 = ( GEOMETRIC_REPRESENTATION_CONTEXT(2) 
PARAMETRIC_REPRESENTATION_CONTEXT() REPRESENTATION_CONTEXT('2D SPACE',''
  ) );
#6670 = PCURVE('',#4237,#6671);
#6671 = DEFINITIONAL_REPRESENTATION('',(#6672),#6676);
#6672 = LINE('',#6673,#6674);
#6673 = CARTESIAN_POINT('',(12.741583424667,-49.18509526415));
#6674 = VECTOR('',#6675,1.);
#6675 = DIRECTION('',(0.866025403784,0.500000000001));
#6676 = ( GEOMETRIC_REPRESENTATION_CONTEXT(2) 
PARAMETRIC_REPRESENTATION_CONTEXT() REPRESENTATION_CONTEXT('2D SPACE',''
  ) );
#6677 = ORIENTED_EDGE('',*,*,#6678,.F.);
#6678 = EDGE_CURVE('',#6679,#6656,#6681,.T.);
#6679 = VERTEX_POINT('',#6680);
#6680 = CARTESIAN_POINT('',(-7.118802153543,2.086030710141E-12,
    61.067949192453));
#6681 = SURFACE_CURVE('',#6682,(#6687,#6694),.PCURVE_S1.);
#6682 = ELLIPSE('',#6683,2.30940107676,2.);
#6683 = AXIS2_PLACEMENT_3D('',#6684,#6685,#6686);
#6684 = CARTESIAN_POINT('',(-6.541451884315,1.00000000004,62.8));
#6685 = DIRECTION('',(0.866025403784,-0.500000000001,8.328589619042E-13)
  );
#6686 = DIRECTION('',(0.500000000001,0.866025403784,-1.442554037553E-12)
  );
#6687 = PCURVE('',#6616,#6688);
#6688 = DEFINITIONAL_REPRESENTATION('',(#6689),#6693);
#6689 = ELLIPSE('',#6690,2.30940107676,2.);
#6690 = AXIS2_PLACEMENT_2D('',#6691,#6692);
#6691 = CARTESIAN_POINT('',(-1.154700538337,2.299999999998));
#6692 = DIRECTION('',(1.,-1.442554037553E-12));
#6693 = ( GEOMETRIC_REPRESENTATION_CONTEXT(2) 
PARAMETRIC_REPRESENTATION_CONTEXT() REPRESENTATION_CONTEXT('2D SPACE',''
  ) );
#6694 = PCURVE('',#4209,#6695);
#6695 = DEFINITIONAL_REPRESENTATION('',(#6696),#6704);
#6696 = B_SPLINE_CURVE_WITH_KNOTS('',6,(#6697,#6698,#6699,#6700,#6701,
    #6702,#6703),.UNSPECIFIED.,.F.,.F.,(7,7),(3.936991483744,
    4.712388980386),.PIECEWISE_BEZIER_KNOTS.);
#6697 = CARTESIAN_POINT('',(3.936991483742,-57.3497422612));
#6698 = CARTESIAN_POINT('',(4.066224399849,-57.24317406852));
#6699 = CARTESIAN_POINT('',(4.195457315956,-57.12040682735));
#6700 = CARTESIAN_POINT('',(4.324690232063,-56.98464272441));
#6701 = CARTESIAN_POINT('',(4.453923148171,-56.83990231118));
#6702 = CARTESIAN_POINT('',(4.583156064278,-56.69067720211));
#6703 = CARTESIAN_POINT('',(4.712388980385,-56.54145188431));
#6704 = ( GEOMETRIC_REPRESENTATION_CONTEXT(2) 
PARAMETRIC_REPRESENTATION_CONTEXT() REPRESENTATION_CONTEXT('2D SPACE',''
  ) );
#6705 = ORIENTED_EDGE('',*,*,#6706,.F.);
#6706 = EDGE_CURVE('',#6632,#6679,#6707,.T.);
#6707 = SURFACE_CURVE('',#6708,(#6712,#6719),.PCURVE_S1.);
#6708 = LINE('',#6709,#6710);
#6709 = CARTESIAN_POINT('',(-7.118802153543,2.086030710141E-12,63.));
#6710 = VECTOR('',#6711,1.);
#6711 = DIRECTION('',(0.,0.,1.));
#6712 = PCURVE('',#6616,#6713);
#6713 = DEFINITIONAL_REPRESENTATION('',(#6714),#6718);
#6714 = LINE('',#6715,#6716);
#6715 = CARTESIAN_POINT('',(-2.309401076767,2.499999999998));
#6716 = VECTOR('',#6717,1.);
#6717 = DIRECTION('',(-7.132602227034E-30,1.));
#6718 = ( GEOMETRIC_REPRESENTATION_CONTEXT(2) 
PARAMETRIC_REPRESENTATION_CONTEXT() REPRESENTATION_CONTEXT('2D SPACE',''
  ) );
#6719 = PCURVE('',#6380,#6720);
#6720 = DEFINITIONAL_REPRESENTATION('',(#6721),#6725);
#6721 = LINE('',#6722,#6723);
#6722 = CARTESIAN_POINT('',(2.115173531842,2.694227544926));
#6723 = VECTOR('',#6724,1.);
#6724 = DIRECTION('',(-3.401046731266E-29,1.));
#6725 = ( GEOMETRIC_REPRESENTATION_CONTEXT(2) 
PARAMETRIC_REPRESENTATION_CONTEXT() REPRESENTATION_CONTEXT('2D SPACE',''
  ) );
#6726 = ADVANCED_FACE('',(#6727),#6380,.T.);
#6727 = FACE_BOUND('',#6728,.T.);
#6728 = EDGE_LOOP('',(#6729,#6752,#6753,#6782,#6805,#6832,#6833));
#6729 = ORIENTED_EDGE('',*,*,#6730,.F.);
#6730 = EDGE_CURVE('',#6632,#6731,#6733,.T.);
#6731 = VERTEX_POINT('',#6732);
#6732 = CARTESIAN_POINT('',(-4.809401076758,-4.,53.));
#6733 = SURFACE_CURVE('',#6734,(#6738,#6745),.PCURVE_S1.);
#6734 = LINE('',#6735,#6736);
#6735 = CARTESIAN_POINT('',(-7.118802153517,2.325324333189E-13,53.));
#6736 = VECTOR('',#6737,1.);
#6737 = DIRECTION('',(0.5,-0.866025403784,0.));
#6738 = PCURVE('',#6380,#6739);
#6739 = DEFINITIONAL_REPRESENTATION('',(#6740),#6744);
#6740 = LINE('',#6741,#6742);
#6741 = CARTESIAN_POINT('',(2.115173531828,-7.305772455075));
#6742 = VECTOR('',#6743,1.);
#6743 = DIRECTION('',(-1.,1.092951290365E-24));
#6744 = ( GEOMETRIC_REPRESENTATION_CONTEXT(2) 
PARAMETRIC_REPRESENTATION_CONTEXT() REPRESENTATION_CONTEXT('2D SPACE',''
  ) );
#6745 = PCURVE('',#3735,#6746);
#6746 = DEFINITIONAL_REPRESENTATION('',(#6747),#6751);
#6747 = LINE('',#6748,#6749);
#6748 = CARTESIAN_POINT('',(19.118802153517,1.50617378889E-13));
#6749 = VECTOR('',#6750,1.);
#6750 = DIRECTION('',(-0.5,-0.866025403784));
#6751 = ( GEOMETRIC_REPRESENTATION_CONTEXT(2) 
PARAMETRIC_REPRESENTATION_CONTEXT() REPRESENTATION_CONTEXT('2D SPACE',''
  ) );
#6752 = ORIENTED_EDGE('',*,*,#6706,.T.);
#6753 = ORIENTED_EDGE('',*,*,#6754,.F.);
#6754 = EDGE_CURVE('',#6755,#6679,#6757,.T.);
#6755 = VERTEX_POINT('',#6756);
#6756 = CARTESIAN_POINT('',(-6.54145188436,-0.99999999996,62.8));
#6757 = SURFACE_CURVE('',#6758,(#6763,#6770),.PCURVE_S1.);
#6758 = ELLIPSE('',#6759,2.309401076761,2.);
#6759 = AXIS2_PLACEMENT_3D('',#6760,#6761,#6762);
#6760 = CARTESIAN_POINT('',(-7.696152422743,1.00000000004,62.8));
#6761 = DIRECTION('',(0.866025403784,0.500000000001,7.524585133066E-13)
  );
#6762 = DIRECTION('',(0.500000000001,-0.866025403784,-1.30329637563E-12)
  );
#6763 = PCURVE('',#6380,#6764);
#6764 = DEFINITIONAL_REPRESENTATION('',(#6765),#6769);
#6765 = ELLIPSE('',#6766,2.309401076761,2.);
#6766 = AXIS2_PLACEMENT_2D('',#6767,#6768);
#6767 = CARTESIAN_POINT('',(3.269874070259,2.494227544926));
#6768 = DIRECTION('',(-1.,-1.30329637563E-12));
#6769 = ( GEOMETRIC_REPRESENTATION_CONTEXT(2) 
PARAMETRIC_REPRESENTATION_CONTEXT() REPRESENTATION_CONTEXT('2D SPACE',''
  ) );
#6770 = PCURVE('',#4209,#6771);
#6771 = DEFINITIONAL_REPRESENTATION('',(#6772),#6781);
#6772 = B_SPLINE_CURVE_WITH_KNOTS('',7,(#6773,#6774,#6775,#6776,#6777,
    #6778,#6779,#6780),.UNSPECIFIED.,.F.,.F.,(8,8),(-1.504574242972E-12,
    1.266103672762),.PIECEWISE_BEZIER_KNOTS.);
#6773 = CARTESIAN_POINT('',(3.14159265359,-56.54145188436));
#6774 = CARTESIAN_POINT('',(3.322464606842,-56.54145188435));
#6775 = CARTESIAN_POINT('',(3.503336560093,-56.58552370116));
#6776 = CARTESIAN_POINT('',(3.684208513347,-56.67366537915));
#6777 = CARTESIAN_POINT('',(3.865080466597,-56.80235234946));
#6778 = CARTESIAN_POINT('',(4.04595241985,-56.96449793912));
#6779 = CARTESIAN_POINT('',(4.226824373101,-57.15050925269));
#6780 = CARTESIAN_POINT('',(4.407696326353,-57.3497422612));
#6781 = ( GEOMETRIC_REPRESENTATION_CONTEXT(2) 
PARAMETRIC_REPRESENTATION_CONTEXT() REPRESENTATION_CONTEXT('2D SPACE',''
  ) );
#6782 = ORIENTED_EDGE('',*,*,#6783,.F.);
#6783 = EDGE_CURVE('',#6784,#6755,#6786,.T.);
#6784 = VERTEX_POINT('',#6785);
#6785 = CARTESIAN_POINT('',(-6.54145188436,-0.99999999996,63.8));
#6786 = SURFACE_CURVE('',#6787,(#6791,#6798),.PCURVE_S1.);
#6787 = LINE('',#6788,#6789);
#6788 = CARTESIAN_POINT('',(-6.541451884359,-0.99999999996,
    62.052886227513));
#6789 = VECTOR('',#6790,1.);
#6790 = DIRECTION('',(8.688642504239E-13,0.,-1.));
#6791 = PCURVE('',#6380,#6792);
#6792 = DEFINITIONAL_REPRESENTATION('',(#6793),#6797);
#6793 = LINE('',#6794,#6795);
#6794 = CARTESIAN_POINT('',(0.960472993498,1.747113772438));
#6795 = VECTOR('',#6796,1.);
#6796 = DIRECTION('',(-4.344321252131E-13,-1.));
#6797 = ( GEOMETRIC_REPRESENTATION_CONTEXT(2) 
PARAMETRIC_REPRESENTATION_CONTEXT() REPRESENTATION_CONTEXT('2D SPACE',''
  ) );
#6798 = PCURVE('',#4176,#6799);
#6799 = DEFINITIONAL_REPRESENTATION('',(#6800),#6804);
#6800 = LINE('',#6801,#6802);
#6801 = CARTESIAN_POINT('',(1.747113772488,-56.54145188435));
#6802 = VECTOR('',#6803,1.);
#6803 = DIRECTION('',(1.,8.688642504239E-13));
#6804 = ( GEOMETRIC_REPRESENTATION_CONTEXT(2) 
PARAMETRIC_REPRESENTATION_CONTEXT() REPRESENTATION_CONTEXT('2D SPACE',''
  ) );
#6805 = ORIENTED_EDGE('',*,*,#6806,.T.);
#6806 = EDGE_CURVE('',#6784,#6365,#6807,.T.);
#6807 = SURFACE_CURVE('',#6808,(#6813,#6820),.PCURVE_S1.);
#6808 = ELLIPSE('',#6809,2.309401076761,2.);
#6809 = AXIS2_PLACEMENT_3D('',#6810,#6811,#6812);
#6810 = CARTESIAN_POINT('',(-5.386751345977,-2.99999999996,63.8));
#6811 = DIRECTION('',(0.866025403784,0.500000000001,7.524585133066E-13)
  );
#6812 = DIRECTION('',(0.500000000001,-0.866025403784,-1.30329637563E-12)
  );
#6813 = PCURVE('',#6380,#6814);
#6814 = DEFINITIONAL_REPRESENTATION('',(#6815),#6819);
#6815 = ELLIPSE('',#6816,2.309401076761,2.);
#6816 = AXIS2_PLACEMENT_2D('',#6817,#6818);
#6817 = CARTESIAN_POINT('',(-1.348928083261,3.494227544926));
#6818 = DIRECTION('',(-1.,-1.30329637563E-12));
#6819 = ( GEOMETRIC_REPRESENTATION_CONTEXT(2) 
PARAMETRIC_REPRESENTATION_CONTEXT() REPRESENTATION_CONTEXT('2D SPACE',''
  ) );
#6820 = PCURVE('',#4148,#6821);
#6821 = DEFINITIONAL_REPRESENTATION('',(#6822),#6831);
#6822 = B_SPLINE_CURVE_WITH_KNOTS('',7,(#6823,#6824,#6825,#6826,#6827,
    #6828,#6829,#6830),.UNSPECIFIED.,.F.,.F.,(8,8),(3.141592653588,
    4.712388980383),.PIECEWISE_BEZIER_KNOTS.);
#6823 = CARTESIAN_POINT('',(0.,-56.54145188436));
#6824 = CARTESIAN_POINT('',(0.224399475256,-56.54145188436));
#6825 = CARTESIAN_POINT('',(0.448798950513,-56.47361476047));
#6826 = CARTESIAN_POINT('',(0.673198425769,-56.33795035356));
#6827 = CARTESIAN_POINT('',(0.897597901026,-56.14278785821));
#6828 = CARTESIAN_POINT('',(1.121997376282,-55.9049786836));
#6829 = CARTESIAN_POINT('',(1.346396851538,-55.64586554087));
#6830 = CARTESIAN_POINT('',(1.570796326795,-55.38675134597));
#6831 = ( GEOMETRIC_REPRESENTATION_CONTEXT(2) 
PARAMETRIC_REPRESENTATION_CONTEXT() REPRESENTATION_CONTEXT('2D SPACE',''
  ) );
#6832 = ORIENTED_EDGE('',*,*,#6364,.T.);
#6833 = ORIENTED_EDGE('',*,*,#6834,.F.);
#6834 = EDGE_CURVE('',#6731,#6337,#6835,.T.);
#6835 = SURFACE_CURVE('',#6836,(#6840,#6847),.PCURVE_S1.);
#6836 = LINE('',#6837,#6838);
#6837 = CARTESIAN_POINT('',(-4.809401076758,-4.,63.));
#6838 = VECTOR('',#6839,1.);
#6839 = DIRECTION('',(0.,0.,1.));
#6840 = PCURVE('',#6380,#6841);
#6841 = DEFINITIONAL_REPRESENTATION('',(#6842),#6846);
#6842 = LINE('',#6843,#6844);
#6843 = CARTESIAN_POINT('',(-2.503628621689,2.694227544926));
#6844 = VECTOR('',#6845,1.);
#6845 = DIRECTION('',(-3.401046731266E-29,1.));
#6846 = ( GEOMETRIC_REPRESENTATION_CONTEXT(2) 
PARAMETRIC_REPRESENTATION_CONTEXT() REPRESENTATION_CONTEXT('2D SPACE',''
  ) );
#6847 = PCURVE('',#6352,#6848);
#6848 = DEFINITIONAL_REPRESENTATION('',(#6849),#6853);
#6849 = LINE('',#6850,#6851);
#6850 = CARTESIAN_POINT('',(-2.309401076761,-3.599999999997));
#6851 = VECTOR('',#6852,1.);
#6852 = DIRECTION('',(1.787169930167E-40,-1.));
#6853 = ( GEOMETRIC_REPRESENTATION_CONTEXT(2) 
PARAMETRIC_REPRESENTATION_CONTEXT() REPRESENTATION_CONTEXT('2D SPACE',''
  ) );
#6854 = ADVANCED_FACE('',(#6855),#6352,.T.);
#6855 = FACE_BOUND('',#6856,.T.);
#6856 = EDGE_LOOP('',(#6857,#6858,#6859,#6882));
#6857 = ORIENTED_EDGE('',*,*,#6834,.T.);
#6858 = ORIENTED_EDGE('',*,*,#6336,.T.);
#6859 = ORIENTED_EDGE('',*,*,#6860,.F.);
#6860 = EDGE_CURVE('',#6861,#6309,#6863,.T.);
#6861 = VERTEX_POINT('',#6862);
#6862 = CARTESIAN_POINT('',(-0.190598923241,-4.,53.));
#6863 = SURFACE_CURVE('',#6864,(#6868,#6875),.PCURVE_S1.);
#6864 = LINE('',#6865,#6866);
#6865 = CARTESIAN_POINT('',(-0.190598923223,-4.000000000073,63.));
#6866 = VECTOR('',#6867,1.);
#6867 = DIRECTION('',(0.,0.,1.));
#6868 = PCURVE('',#6352,#6869);
#6869 = DEFINITIONAL_REPRESENTATION('',(#6870),#6874);
#6870 = LINE('',#6871,#6872);
#6871 = CARTESIAN_POINT('',(2.309401076774,-3.599999999997));
#6872 = VECTOR('',#6873,1.);
#6873 = DIRECTION('',(1.787169930167E-40,-1.));
#6874 = ( GEOMETRIC_REPRESENTATION_CONTEXT(2) 
PARAMETRIC_REPRESENTATION_CONTEXT() REPRESENTATION_CONTEXT('2D SPACE',''
  ) );
#6875 = PCURVE('',#6324,#6876);
#6876 = DEFINITIONAL_REPRESENTATION('',(#6877),#6881);
#6877 = LINE('',#6878,#6879);
#6878 = CARTESIAN_POINT('',(2.503628621738,2.694227544918));
#6879 = VECTOR('',#6880,1.);
#6880 = DIRECTION('',(4.580277307089E-29,1.));
#6881 = ( GEOMETRIC_REPRESENTATION_CONTEXT(2) 
PARAMETRIC_REPRESENTATION_CONTEXT() REPRESENTATION_CONTEXT('2D SPACE',''
  ) );
#6882 = ORIENTED_EDGE('',*,*,#6883,.F.);
#6883 = EDGE_CURVE('',#6731,#6861,#6884,.T.);
#6884 = SURFACE_CURVE('',#6885,(#6889,#6896),.PCURVE_S1.);
#6885 = LINE('',#6886,#6887);
#6886 = CARTESIAN_POINT('',(-4.809401076758,-4.,53.));
#6887 = VECTOR('',#6888,1.);
#6888 = DIRECTION('',(1.,4.672799327912E-14,0.));
#6889 = PCURVE('',#6352,#6890);
#6890 = DEFINITIONAL_REPRESENTATION('',(#6891),#6895);
#6891 = LINE('',#6892,#6893);
#6892 = CARTESIAN_POINT('',(-2.309401076761,6.400000000003));
#6893 = VECTOR('',#6894,1.);
#6894 = DIRECTION('',(1.,9.186737204184E-24));
#6895 = ( GEOMETRIC_REPRESENTATION_CONTEXT(2) 
PARAMETRIC_REPRESENTATION_CONTEXT() REPRESENTATION_CONTEXT('2D SPACE',''
  ) );
#6896 = PCURVE('',#3735,#6897);
#6897 = DEFINITIONAL_REPRESENTATION('',(#6898),#6902);
#6898 = LINE('',#6899,#6900);
#6899 = CARTESIAN_POINT('',(16.809401076758,-4.));
#6900 = VECTOR('',#6901,1.);
#6901 = DIRECTION('',(-1.,4.672799327912E-14));
#6902 = ( GEOMETRIC_REPRESENTATION_CONTEXT(2) 
PARAMETRIC_REPRESENTATION_CONTEXT() REPRESENTATION_CONTEXT('2D SPACE',''
  ) );
#6903 = ADVANCED_FACE('',(#6904),#6324,.T.);
#6904 = FACE_BOUND('',#6905,.T.);
#6905 = EDGE_LOOP('',(#6906,#6929,#6930,#6931,#6960,#6988,#7022));
#6906 = ORIENTED_EDGE('',*,*,#6907,.F.);
#6907 = EDGE_CURVE('',#6861,#6908,#6910,.T.);
#6908 = VERTEX_POINT('',#6909);
#6909 = CARTESIAN_POINT('',(2.118802153517,6.65415948998E-13,53.));
#6910 = SURFACE_CURVE('',#6911,(#6915,#6922),.PCURVE_S1.);
#6911 = LINE('',#6912,#6913);
#6912 = CARTESIAN_POINT('',(-0.190598923241,-4.,53.));
#6913 = VECTOR('',#6914,1.);
#6914 = DIRECTION('',(0.5,0.866025403784,0.));
#6915 = PCURVE('',#6324,#6916);
#6916 = DEFINITIONAL_REPRESENTATION('',(#6917),#6921);
#6917 = LINE('',#6918,#6919);
#6918 = CARTESIAN_POINT('',(2.503628621684,-7.305772455082));
#6919 = VECTOR('',#6920,1.);
#6920 = DIRECTION('',(-1.,1.318728877735E-24));
#6921 = ( GEOMETRIC_REPRESENTATION_CONTEXT(2) 
PARAMETRIC_REPRESENTATION_CONTEXT() REPRESENTATION_CONTEXT('2D SPACE',''
  ) );
#6922 = PCURVE('',#3735,#6923);
#6923 = DEFINITIONAL_REPRESENTATION('',(#6924),#6928);
#6924 = LINE('',#6925,#6926);
#6925 = CARTESIAN_POINT('',(12.190598923241,-4.));
#6926 = VECTOR('',#6927,1.);
#6927 = DIRECTION('',(-0.5,0.866025403784));
#6928 = ( GEOMETRIC_REPRESENTATION_CONTEXT(2) 
PARAMETRIC_REPRESENTATION_CONTEXT() REPRESENTATION_CONTEXT('2D SPACE',''
  ) );
#6929 = ORIENTED_EDGE('',*,*,#6860,.T.);
#6930 = ORIENTED_EDGE('',*,*,#6308,.T.);
#6931 = ORIENTED_EDGE('',*,*,#6932,.T.);
#6932 = EDGE_CURVE('',#6281,#6933,#6935,.T.);
#6933 = VERTEX_POINT('',#6934);
#6934 = CARTESIAN_POINT('',(1.541451884379,-0.99999999996,63.8));
#6935 = SURFACE_CURVE('',#6936,(#6941,#6948),.PCURVE_S1.);
#6936 = ELLIPSE('',#6937,2.309401076758,2.);
#6937 = AXIS2_PLACEMENT_3D('',#6938,#6939,#6940);
#6938 = CARTESIAN_POINT('',(0.386751346001,-2.99999999996,63.8));
#6939 = DIRECTION('',(-0.866025403785,0.5,2.62810634571E-12));
#6940 = DIRECTION('',(0.5,0.866025403785,4.55201371847E-12));
#6941 = PCURVE('',#6324,#6942);
#6942 = DEFINITIONAL_REPRESENTATION('',(#6943),#6947);
#6943 = ELLIPSE('',#6944,2.309401076758,2.);
#6944 = AXIS2_PLACEMENT_2D('',#6945,#6946);
#6945 = CARTESIAN_POINT('',(1.348928083244,3.494227544918));
#6946 = DIRECTION('',(-1.,4.55201371847E-12));
#6947 = ( GEOMETRIC_REPRESENTATION_CONTEXT(2) 
PARAMETRIC_REPRESENTATION_CONTEXT() REPRESENTATION_CONTEXT('2D SPACE',''
  ) );
#6948 = PCURVE('',#6296,#6949);
#6949 = DEFINITIONAL_REPRESENTATION('',(#6950),#6959);
#6950 = B_SPLINE_CURVE_WITH_KNOTS('',7,(#6951,#6952,#6953,#6954,#6955,
    #6956,#6957,#6958),.UNSPECIFIED.,.F.,.F.,(8,8),(4.71238898039,
    6.283185307185),.PIECEWISE_BEZIER_KNOTS.);
#6951 = CARTESIAN_POINT('',(1.570796326795,-49.61324865399));
#6952 = CARTESIAN_POINT('',(1.346396851538,-49.3541344591));
#6953 = CARTESIAN_POINT('',(1.121997376282,-49.09502131636));
#6954 = CARTESIAN_POINT('',(0.897597901026,-48.85721214179));
#6955 = CARTESIAN_POINT('',(0.673198425769,-48.66204964639));
#6956 = CARTESIAN_POINT('',(0.448798950513,-48.52638523951));
#6957 = CARTESIAN_POINT('',(0.224399475256,-48.45854811561));
#6958 = CARTESIAN_POINT('',(0.,-48.45854811562));
#6959 = ( GEOMETRIC_REPRESENTATION_CONTEXT(2) 
PARAMETRIC_REPRESENTATION_CONTEXT() REPRESENTATION_CONTEXT('2D SPACE',''
  ) );
#6960 = ORIENTED_EDGE('',*,*,#6961,.F.);
#6961 = EDGE_CURVE('',#6962,#6933,#6964,.T.);
#6962 = VERTEX_POINT('',#6963);
#6963 = CARTESIAN_POINT('',(1.541451884376,-0.99999999996,62.8));
#6964 = SURFACE_CURVE('',#6965,(#6969,#6976),.PCURVE_S1.);
#6965 = LINE('',#6966,#6967);
#6966 = CARTESIAN_POINT('',(1.541451884374,-0.99999999996,
    62.052886227614));
#6967 = VECTOR('',#6968,1.);
#6968 = DIRECTION('',(3.034675812308E-12,0.,1.));
#6969 = PCURVE('',#6324,#6970);
#6970 = DEFINITIONAL_REPRESENTATION('',(#6971),#6975);
#6971 = LINE('',#6972,#6973);
#6972 = CARTESIAN_POINT('',(-0.960472993511,1.747113772532));
#6973 = VECTOR('',#6974,1.);
#6974 = DIRECTION('',(-1.517337906153E-12,1.));
#6975 = ( GEOMETRIC_REPRESENTATION_CONTEXT(2) 
PARAMETRIC_REPRESENTATION_CONTEXT() REPRESENTATION_CONTEXT('2D SPACE',''
  ) );
#6976 = PCURVE('',#6977,#6982);
#6977 = PLANE('',#6978);
#6978 = AXIS2_PLACEMENT_3D('',#6979,#6980,#6981);
#6979 = CARTESIAN_POINT('',(50.,-0.99999999996,63.8));
#6980 = DIRECTION('',(0.,-1.,0.));
#6981 = DIRECTION('',(0.,0.,-1.));
#6982 = DEFINITIONAL_REPRESENTATION('',(#6983),#6987);
#6983 = LINE('',#6984,#6985);
#6984 = CARTESIAN_POINT('',(1.747113772386,-48.45854811562));
#6985 = VECTOR('',#6986,1.);
#6986 = DIRECTION('',(-1.,3.034675812308E-12));
#6987 = ( GEOMETRIC_REPRESENTATION_CONTEXT(2) 
PARAMETRIC_REPRESENTATION_CONTEXT() REPRESENTATION_CONTEXT('2D SPACE',''
  ) );
#6988 = ORIENTED_EDGE('',*,*,#6989,.F.);
#6989 = EDGE_CURVE('',#6990,#6962,#6992,.T.);
#6990 = VERTEX_POINT('',#6991);
#6991 = CARTESIAN_POINT('',(2.118802153561,-1.269191319833E-12,
    61.067949192455));
#6992 = SURFACE_CURVE('',#6993,(#6998,#7005),.PCURVE_S1.);
#6993 = ELLIPSE('',#6994,2.309401076758,2.);
#6994 = AXIS2_PLACEMENT_3D('',#6995,#6996,#6997);
#6995 = CARTESIAN_POINT('',(2.696152422754,1.00000000004,62.8));
#6996 = DIRECTION('',(-0.866025403785,0.5,2.62810634571E-12));
#6997 = DIRECTION('',(0.5,0.866025403785,4.55201371847E-12));
#6998 = PCURVE('',#6324,#6999);
#6999 = DEFINITIONAL_REPRESENTATION('',(#7000),#7004);
#7000 = ELLIPSE('',#7001,2.309401076758,2.);
#7001 = AXIS2_PLACEMENT_2D('',#7002,#7003);
#7002 = CARTESIAN_POINT('',(-3.26987407027,2.494227544918));
#7003 = DIRECTION('',(-1.,4.55201371847E-12));
#7004 = ( GEOMETRIC_REPRESENTATION_CONTEXT(2) 
PARAMETRIC_REPRESENTATION_CONTEXT() REPRESENTATION_CONTEXT('2D SPACE',''
  ) );
#7005 = PCURVE('',#7006,#7011);
#7006 = CYLINDRICAL_SURFACE('',#7007,2.);
#7007 = AXIS2_PLACEMENT_3D('',#7008,#7009,#7010);
#7008 = CARTESIAN_POINT('',(50.,1.00000000004,62.8));
#7009 = DIRECTION('',(1.,0.,0.));
#7010 = DIRECTION('',(0.,1.,0.));
#7011 = DEFINITIONAL_REPRESENTATION('',(#7012),#7021);
#7012 = B_SPLINE_CURVE_WITH_KNOTS('',7,(#7013,#7014,#7015,#7016,#7017,
    #7018,#7019,#7020),.UNSPECIFIED.,.F.,.F.,(8,8),(1.875488980828,
    3.141592653595),.PIECEWISE_BEZIER_KNOTS.);
#7013 = CARTESIAN_POINT('',(4.407696326357,-47.65025773877));
#7014 = CARTESIAN_POINT('',(4.226824373105,-47.84949074729));
#7015 = CARTESIAN_POINT('',(4.045952419851,-48.03550206085));
#7016 = CARTESIAN_POINT('',(3.865080466603,-48.19764765053));
#7017 = CARTESIAN_POINT('',(3.684208513344,-48.32633462081));
#7018 = CARTESIAN_POINT('',(3.503336560096,-48.41447629882));
#7019 = CARTESIAN_POINT('',(3.322464606842,-48.45854811562));
#7020 = CARTESIAN_POINT('',(3.14159265359,-48.45854811562));
#7021 = ( GEOMETRIC_REPRESENTATION_CONTEXT(2) 
PARAMETRIC_REPRESENTATION_CONTEXT() REPRESENTATION_CONTEXT('2D SPACE',''
  ) );
#7022 = ORIENTED_EDGE('',*,*,#7023,.F.);
#7023 = EDGE_CURVE('',#6908,#6990,#7024,.T.);
#7024 = SURFACE_CURVE('',#7025,(#7029,#7036),.PCURVE_S1.);
#7025 = LINE('',#7026,#7027);
#7026 = CARTESIAN_POINT('',(2.118802153561,-1.269191319833E-12,63.));
#7027 = VECTOR('',#7028,1.);
#7028 = DIRECTION('',(0.,0.,1.));
#7029 = PCURVE('',#6324,#7030);
#7030 = DEFINITIONAL_REPRESENTATION('',(#7031),#7035);
#7031 = LINE('',#7032,#7033);
#7032 = CARTESIAN_POINT('',(-2.115173531853,2.694227544918));
#7033 = VECTOR('',#7034,1.);
#7034 = DIRECTION('',(4.580277307089E-29,1.));
#7035 = ( GEOMETRIC_REPRESENTATION_CONTEXT(2) 
PARAMETRIC_REPRESENTATION_CONTEXT() REPRESENTATION_CONTEXT('2D SPACE',''
  ) );
#7036 = PCURVE('',#6567,#7037);
#7037 = DEFINITIONAL_REPRESENTATION('',(#7038),#7042);
#7038 = LINE('',#7039,#7040);
#7039 = CARTESIAN_POINT('',(2.309401076778,2.499999999996));
#7040 = VECTOR('',#7041,1.);
#7041 = DIRECTION('',(1.728425129893E-29,1.));
#7042 = ( GEOMETRIC_REPRESENTATION_CONTEXT(2) 
PARAMETRIC_REPRESENTATION_CONTEXT() REPRESENTATION_CONTEXT('2D SPACE',''
  ) );
#7043 = ADVANCED_FACE('',(#7044),#6567,.T.);
#7044 = FACE_BOUND('',#7045,.T.);
#7045 = EDGE_LOOP('',(#7046,#7067,#7068,#7096,#7117));
#7046 = ORIENTED_EDGE('',*,*,#7047,.F.);
#7047 = EDGE_CURVE('',#6908,#6522,#7048,.T.);
#7048 = SURFACE_CURVE('',#7049,(#7053,#7060),.PCURVE_S1.);
#7049 = LINE('',#7050,#7051);
#7050 = CARTESIAN_POINT('',(2.118802153517,6.65415948998E-13,53.));
#7051 = VECTOR('',#7052,1.);
#7052 = DIRECTION('',(-0.5,0.866025403784,0.));
#7053 = PCURVE('',#6567,#7054);
#7054 = DEFINITIONAL_REPRESENTATION('',(#7055),#7059);
#7055 = LINE('',#7056,#7057);
#7056 = CARTESIAN_POINT('',(2.309401076754,-7.500000000005));
#7057 = VECTOR('',#7058,1.);
#7058 = DIRECTION('',(-1.,3.235210375602E-24));
#7059 = ( GEOMETRIC_REPRESENTATION_CONTEXT(2) 
PARAMETRIC_REPRESENTATION_CONTEXT() REPRESENTATION_CONTEXT('2D SPACE',''
  ) );
#7060 = PCURVE('',#3735,#7061);
#7061 = DEFINITIONAL_REPRESENTATION('',(#7062),#7066);
#7062 = LINE('',#7063,#7064);
#7063 = CARTESIAN_POINT('',(9.881197846483,5.835008945681E-13));
#7064 = VECTOR('',#7065,1.);
#7065 = DIRECTION('',(0.5,0.866025403784));
#7066 = ( GEOMETRIC_REPRESENTATION_CONTEXT(2) 
PARAMETRIC_REPRESENTATION_CONTEXT() REPRESENTATION_CONTEXT('2D SPACE',''
  ) );
#7067 = ORIENTED_EDGE('',*,*,#7023,.T.);
#7068 = ORIENTED_EDGE('',*,*,#7069,.F.);
#7069 = EDGE_CURVE('',#7070,#6990,#7072,.T.);
#7070 = VERTEX_POINT('',#7071);
#7071 = CARTESIAN_POINT('',(1.541451884317,1.00000000004,60.8));
#7072 = SURFACE_CURVE('',#7073,(#7078,#7085),.PCURVE_S1.);
#7073 = ELLIPSE('',#7074,2.309401076763,2.);
#7074 = AXIS2_PLACEMENT_3D('',#7075,#7076,#7077);
#7075 = CARTESIAN_POINT('',(1.54145188432,1.00000000004,62.8));
#7076 = DIRECTION('',(-0.866025403783,-0.500000000003,1.079301167557E-12
    ));
#7077 = DIRECTION('',(0.500000000003,-0.866025403783,1.869404458864E-12)
  );
#7078 = PCURVE('',#6567,#7079);
#7079 = DEFINITIONAL_REPRESENTATION('',(#7080),#7084);
#7080 = ELLIPSE('',#7081,2.309401076763,2.);
#7081 = AXIS2_PLACEMENT_2D('',#7082,#7083);
#7082 = CARTESIAN_POINT('',(1.154700538337,2.299999999996));
#7083 = DIRECTION('',(1.,1.869404458864E-12));
#7084 = ( GEOMETRIC_REPRESENTATION_CONTEXT(2) 
PARAMETRIC_REPRESENTATION_CONTEXT() REPRESENTATION_CONTEXT('2D SPACE',''
  ) );
#7085 = PCURVE('',#7006,#7086);
#7086 = DEFINITIONAL_REPRESENTATION('',(#7087),#7095);
#7087 = B_SPLINE_CURVE_WITH_KNOTS('',6,(#7088,#7089,#7090,#7091,#7092,
    #7093,#7094),.UNSPECIFIED.,.F.,.F.,(7,7),(4.712388980383,
    5.487786477031),.PIECEWISE_BEZIER_KNOTS.);
#7088 = CARTESIAN_POINT('',(4.712388980385,-48.45854811568));
#7089 = CARTESIAN_POINT('',(4.583156064277,-48.30932279787));
#7090 = CARTESIAN_POINT('',(4.453923148169,-48.16009768881));
#7091 = CARTESIAN_POINT('',(4.32469023206,-48.01535727556));
#7092 = CARTESIAN_POINT('',(4.195457315953,-47.87959317263));
#7093 = CARTESIAN_POINT('',(4.066224399844,-47.75682593146));
#7094 = CARTESIAN_POINT('',(3.936991483736,-47.65025773878));
#7095 = ( GEOMETRIC_REPRESENTATION_CONTEXT(2) 
PARAMETRIC_REPRESENTATION_CONTEXT() REPRESENTATION_CONTEXT('2D SPACE',''
  ) );
#7096 = ORIENTED_EDGE('',*,*,#7097,.F.);
#7097 = EDGE_CURVE('',#6552,#7070,#7098,.T.);
#7098 = SURFACE_CURVE('',#7099,(#7103,#7110),.PCURVE_S1.);
#7099 = LINE('',#7100,#7101);
#7100 = CARTESIAN_POINT('',(7.310095264256,-8.99158342469,60.8));
#7101 = VECTOR('',#7102,1.);
#7102 = DIRECTION('',(0.500000000003,-0.866025403783,0.));
#7103 = PCURVE('',#6567,#7104);
#7104 = DEFINITIONAL_REPRESENTATION('',(#7105),#7109);
#7105 = LINE('',#7106,#7107);
#7106 = CARTESIAN_POINT('',(12.691987298153,0.299999999996));
#7107 = VECTOR('',#7108,1.);
#7108 = DIRECTION('',(1.,-6.980822297973E-29));
#7109 = ( GEOMETRIC_REPRESENTATION_CONTEXT(2) 
PARAMETRIC_REPRESENTATION_CONTEXT() REPRESENTATION_CONTEXT('2D SPACE',''
  ) );
#7110 = PCURVE('',#4237,#7111);
#7111 = DEFINITIONAL_REPRESENTATION('',(#7112),#7116);
#7112 = LINE('',#7113,#7114);
#7113 = CARTESIAN_POINT('',(-9.991583424729,-42.68990473574));
#7114 = VECTOR('',#7115,1.);
#7115 = DIRECTION('',(-0.866025403783,0.500000000003));
#7116 = ( GEOMETRIC_REPRESENTATION_CONTEXT(2) 
PARAMETRIC_REPRESENTATION_CONTEXT() REPRESENTATION_CONTEXT('2D SPACE',''
  ) );
#7117 = ORIENTED_EDGE('',*,*,#6551,.F.);
#7118 = ADVANCED_FACE('',(#7119),#7133,.T.);
#7119 = FACE_BOUND('',#7120,.T.);
#7120 = EDGE_LOOP('',(#7121,#7151,#7179,#7202));
#7121 = ORIENTED_EDGE('',*,*,#7122,.F.);
#7122 = EDGE_CURVE('',#7123,#7125,#7127,.T.);
#7123 = VERTEX_POINT('',#7124);
#7124 = CARTESIAN_POINT('',(39.809401076758,4.000000000001,53.));
#7125 = VERTEX_POINT('',#7126);
#7126 = CARTESIAN_POINT('',(35.190598923241,4.,53.));
#7127 = SURFACE_CURVE('',#7128,(#7132,#7144),.PCURVE_S1.);
#7128 = LINE('',#7129,#7130);
#7129 = CARTESIAN_POINT('',(39.809401076758,4.000000000001,53.));
#7130 = VECTOR('',#7131,1.);
#7131 = DIRECTION('',(-1.,-4.749717835367E-14,0.));
#7132 = PCURVE('',#7133,#7138);
#7133 = PLANE('',#7134);
#7134 = AXIS2_PLACEMENT_3D('',#7135,#7136,#7137);
#7135 = CARTESIAN_POINT('',(37.5,4.,60.5));
#7136 = DIRECTION('',(4.198058606953E-14,-1.,1.934721473625E-15));
#7137 = DIRECTION('',(-1.,-4.198058606953E-14,1.60881853146E-45));
#7138 = DEFINITIONAL_REPRESENTATION('',(#7139),#7143);
#7139 = LINE('',#7140,#7141);
#7140 = CARTESIAN_POINT('',(-2.309401076759,7.5));
#7141 = VECTOR('',#7142,1.);
#7142 = DIRECTION('',(1.,1.067306955337E-29));
#7143 = ( GEOMETRIC_REPRESENTATION_CONTEXT(2) 
PARAMETRIC_REPRESENTATION_CONTEXT() REPRESENTATION_CONTEXT('2D SPACE',''
  ) );
#7144 = PCURVE('',#3735,#7145);
#7145 = DEFINITIONAL_REPRESENTATION('',(#7146),#7150);
#7146 = LINE('',#7147,#7148);
#7147 = CARTESIAN_POINT('',(-27.80940107675,4.000000000001));
#7148 = VECTOR('',#7149,1.);
#7149 = DIRECTION('',(1.,-4.749717835367E-14));
#7150 = ( GEOMETRIC_REPRESENTATION_CONTEXT(2) 
PARAMETRIC_REPRESENTATION_CONTEXT() REPRESENTATION_CONTEXT('2D SPACE',''
  ) );
#7151 = ORIENTED_EDGE('',*,*,#7152,.T.);
#7152 = EDGE_CURVE('',#7123,#7153,#7155,.T.);
#7153 = VERTEX_POINT('',#7154);
#7154 = CARTESIAN_POINT('',(39.809401076758,4.000000000001,60.8));
#7155 = SURFACE_CURVE('',#7156,(#7160,#7167),.PCURVE_S1.);
#7156 = LINE('',#7157,#7158);
#7157 = CARTESIAN_POINT('',(39.809401076758,4.000000000001,53.));
#7158 = VECTOR('',#7159,1.);
#7159 = DIRECTION('',(0.,0.,1.));
#7160 = PCURVE('',#7133,#7161);
#7161 = DEFINITIONAL_REPRESENTATION('',(#7162),#7166);
#7162 = LINE('',#7163,#7164);
#7163 = CARTESIAN_POINT('',(-2.309401076759,7.5));
#7164 = VECTOR('',#7165,1.);
#7165 = DIRECTION('',(1.60881853146E-45,-1.));
#7166 = ( GEOMETRIC_REPRESENTATION_CONTEXT(2) 
PARAMETRIC_REPRESENTATION_CONTEXT() REPRESENTATION_CONTEXT('2D SPACE',''
  ) );
#7167 = PCURVE('',#7168,#7173);
#7168 = PLANE('',#7169);
#7169 = AXIS2_PLACEMENT_3D('',#7170,#7171,#7172);
#7170 = CARTESIAN_POINT('',(40.964101615138,2.000000000001,60.5));
#7171 = DIRECTION('',(-0.866025403784,-0.5,-1.209412592273E-15));
#7172 = DIRECTION('',(0.5,-0.866025403784,6.739892494788E-32));
#7173 = DEFINITIONAL_REPRESENTATION('',(#7174),#7178);
#7174 = LINE('',#7175,#7176);
#7175 = CARTESIAN_POINT('',(-2.309401076759,-7.5));
#7176 = VECTOR('',#7177,1.);
#7177 = DIRECTION('',(-2.464801519833E-33,1.));
#7178 = ( GEOMETRIC_REPRESENTATION_CONTEXT(2) 
PARAMETRIC_REPRESENTATION_CONTEXT() REPRESENTATION_CONTEXT('2D SPACE',''
  ) );
#7179 = ORIENTED_EDGE('',*,*,#7180,.F.);
#7180 = EDGE_CURVE('',#7181,#7153,#7183,.T.);
#7181 = VERTEX_POINT('',#7182);
#7182 = CARTESIAN_POINT('',(35.190598923241,4.,60.8));
#7183 = SURFACE_CURVE('',#7184,(#7188,#7195),.PCURVE_S1.);
#7184 = LINE('',#7185,#7186);
#7185 = CARTESIAN_POINT('',(43.75,4.000000000001,60.8));
#7186 = VECTOR('',#7187,1.);
#7187 = DIRECTION('',(1.,4.198058606953E-14,0.));
#7188 = PCURVE('',#7133,#7189);
#7189 = DEFINITIONAL_REPRESENTATION('',(#7190),#7194);
#7190 = LINE('',#7191,#7192);
#7191 = CARTESIAN_POINT('',(-6.25,-0.3));
#7192 = VECTOR('',#7193,1.);
#7193 = DIRECTION('',(-1.,0.));
#7194 = ( GEOMETRIC_REPRESENTATION_CONTEXT(2) 
PARAMETRIC_REPRESENTATION_CONTEXT() REPRESENTATION_CONTEXT('2D SPACE',''
  ) );
#7195 = PCURVE('',#4237,#7196);
#7196 = DEFINITIONAL_REPRESENTATION('',(#7197),#7201);
#7197 = LINE('',#7198,#7199);
#7198 = CARTESIAN_POINT('',(2.999999999961,-6.25));
#7199 = VECTOR('',#7200,1.);
#7200 = DIRECTION('',(4.198058606953E-14,1.));
#7201 = ( GEOMETRIC_REPRESENTATION_CONTEXT(2) 
PARAMETRIC_REPRESENTATION_CONTEXT() REPRESENTATION_CONTEXT('2D SPACE',''
  ) );
#7202 = ORIENTED_EDGE('',*,*,#7203,.F.);
#7203 = EDGE_CURVE('',#7125,#7181,#7204,.T.);
#7204 = SURFACE_CURVE('',#7205,(#7209,#7216),.PCURVE_S1.);
#7205 = LINE('',#7206,#7207);
#7206 = CARTESIAN_POINT('',(35.190598923241,4.,63.));
#7207 = VECTOR('',#7208,1.);
#7208 = DIRECTION('',(0.,0.,1.));
#7209 = PCURVE('',#7133,#7210);
#7210 = DEFINITIONAL_REPRESENTATION('',(#7211),#7215);
#7211 = LINE('',#7212,#7213);
#7212 = CARTESIAN_POINT('',(2.309401076759,-2.5));
#7213 = VECTOR('',#7214,1.);
#7214 = DIRECTION('',(1.60881853146E-45,-1.));
#7215 = ( GEOMETRIC_REPRESENTATION_CONTEXT(2) 
PARAMETRIC_REPRESENTATION_CONTEXT() REPRESENTATION_CONTEXT('2D SPACE',''
  ) );
#7216 = PCURVE('',#7217,#7222);
#7217 = PLANE('',#7218);
#7218 = AXIS2_PLACEMENT_3D('',#7219,#7220,#7221);
#7219 = CARTESIAN_POINT('',(34.035898384862,2.,60.5));
#7220 = DIRECTION('',(0.866025403784,-0.5,3.177301463805E-15));
#7221 = DIRECTION('',(0.5,0.866025403784,-1.11769103109E-31));
#7222 = DEFINITIONAL_REPRESENTATION('',(#7223),#7227);
#7223 = LINE('',#7224,#7225);
#7224 = CARTESIAN_POINT('',(2.309401076759,2.5));
#7225 = VECTOR('',#7226,1.);
#7226 = DIRECTION('',(7.650317273418E-32,1.));
#7227 = ( GEOMETRIC_REPRESENTATION_CONTEXT(2) 
PARAMETRIC_REPRESENTATION_CONTEXT() REPRESENTATION_CONTEXT('2D SPACE',''
  ) );
#7228 = ADVANCED_FACE('',(#7229),#7217,.T.);
#7229 = FACE_BOUND('',#7230,.T.);
#7230 = EDGE_LOOP('',(#7231,#7254,#7255,#7278,#7306));
#7231 = ORIENTED_EDGE('',*,*,#7232,.F.);
#7232 = EDGE_CURVE('',#7125,#7233,#7235,.T.);
#7233 = VERTEX_POINT('',#7234);
#7234 = CARTESIAN_POINT('',(32.881197846483,1.101353864312E-13,53.));
#7235 = SURFACE_CURVE('',#7236,(#7240,#7247),.PCURVE_S1.);
#7236 = LINE('',#7237,#7238);
#7237 = CARTESIAN_POINT('',(35.190598923241,4.,53.));
#7238 = VECTOR('',#7239,1.);
#7239 = DIRECTION('',(-0.5,-0.866025403784,0.));
#7240 = PCURVE('',#7217,#7241);
#7241 = DEFINITIONAL_REPRESENTATION('',(#7242),#7246);
#7242 = LINE('',#7243,#7244);
#7243 = CARTESIAN_POINT('',(2.309401076759,-7.5));
#7244 = VECTOR('',#7245,1.);
#7245 = DIRECTION('',(-1.,-1.738971271835E-29));
#7246 = ( GEOMETRIC_REPRESENTATION_CONTEXT(2) 
PARAMETRIC_REPRESENTATION_CONTEXT() REPRESENTATION_CONTEXT('2D SPACE',''
  ) );
#7247 = PCURVE('',#3735,#7248);
#7248 = DEFINITIONAL_REPRESENTATION('',(#7249),#7253);
#7249 = LINE('',#7250,#7251);
#7250 = CARTESIAN_POINT('',(-23.19059892324,4.));
#7251 = VECTOR('',#7252,1.);
#7252 = DIRECTION('',(0.5,-0.866025403784));
#7253 = ( GEOMETRIC_REPRESENTATION_CONTEXT(2) 
PARAMETRIC_REPRESENTATION_CONTEXT() REPRESENTATION_CONTEXT('2D SPACE',''
  ) );
#7254 = ORIENTED_EDGE('',*,*,#7203,.T.);
#7255 = ORIENTED_EDGE('',*,*,#7256,.F.);
#7256 = EDGE_CURVE('',#7257,#7181,#7259,.T.);
#7257 = VERTEX_POINT('',#7258);
#7258 = CARTESIAN_POINT('',(33.458548115695,1.00000000004,60.8));
#7259 = SURFACE_CURVE('',#7260,(#7264,#7271),.PCURVE_S1.);
#7260 = LINE('',#7261,#7262);
#7261 = CARTESIAN_POINT('',(35.814904735816,5.081329386841,60.8));
#7262 = VECTOR('',#7263,1.);
#7263 = DIRECTION('',(0.5,0.866025403784,0.));
#7264 = PCURVE('',#7217,#7265);
#7265 = DEFINITIONAL_REPRESENTATION('',(#7266),#7270);
#7266 = LINE('',#7267,#7268);
#7267 = CARTESIAN_POINT('',(3.558012701909,0.3));
#7268 = VECTOR('',#7269,1.);
#7269 = DIRECTION('',(1.,1.496736343227E-31));
#7270 = ( GEOMETRIC_REPRESENTATION_CONTEXT(2) 
PARAMETRIC_REPRESENTATION_CONTEXT() REPRESENTATION_CONTEXT('2D SPACE',''
  ) );
#7271 = PCURVE('',#4237,#7272);
#7272 = DEFINITIONAL_REPRESENTATION('',(#7273),#7277);
#7273 = LINE('',#7274,#7275);
#7274 = CARTESIAN_POINT('',(4.081329386801,-14.18509526418));
#7275 = VECTOR('',#7276,1.);
#7276 = DIRECTION('',(0.866025403784,0.5));
#7277 = ( GEOMETRIC_REPRESENTATION_CONTEXT(2) 
PARAMETRIC_REPRESENTATION_CONTEXT() REPRESENTATION_CONTEXT('2D SPACE',''
  ) );
#7278 = ORIENTED_EDGE('',*,*,#7279,.F.);
#7279 = EDGE_CURVE('',#7280,#7257,#7282,.T.);
#7280 = VERTEX_POINT('',#7281);
#7281 = CARTESIAN_POINT('',(32.881197846483,1.996869184656E-13,
    61.067949192454));
#7282 = SURFACE_CURVE('',#7283,(#7288,#7295),.PCURVE_S1.);
#7283 = ELLIPSE('',#7284,2.309401076758,2.);
#7284 = AXIS2_PLACEMENT_3D('',#7285,#7286,#7287);
#7285 = CARTESIAN_POINT('',(33.458548115695,1.00000000004,62.8));
#7286 = DIRECTION('',(0.866025403784,-0.5,3.177301463805E-15));
#7287 = DIRECTION('',(0.5,0.866025403784,-5.503247566274E-15));
#7288 = PCURVE('',#7217,#7289);
#7289 = DEFINITIONAL_REPRESENTATION('',(#7290),#7294);
#7290 = ELLIPSE('',#7291,2.309401076758,2.);
#7291 = AXIS2_PLACEMENT_2D('',#7292,#7293);
#7292 = CARTESIAN_POINT('',(-1.154700538334,2.3));
#7293 = DIRECTION('',(1.,-5.503247566274E-15));
#7294 = ( GEOMETRIC_REPRESENTATION_CONTEXT(2) 
PARAMETRIC_REPRESENTATION_CONTEXT() REPRESENTATION_CONTEXT('2D SPACE',''
  ) );
#7295 = PCURVE('',#7006,#7296);
#7296 = DEFINITIONAL_REPRESENTATION('',(#7297),#7305);
#7297 = B_SPLINE_CURVE_WITH_KNOTS('',6,(#7298,#7299,#7300,#7301,#7302,
    #7303,#7304),.UNSPECIFIED.,.F.,.F.,(7,7),(3.936991483746,
    4.712388980385),.PIECEWISE_BEZIER_KNOTS.);
#7298 = CARTESIAN_POINT('',(3.936991483746,-17.34974226119));
#7299 = CARTESIAN_POINT('',(4.066224399853,-17.24317406851));
#7300 = CARTESIAN_POINT('',(4.195457315959,-17.12040682734));
#7301 = CARTESIAN_POINT('',(4.324690232065,-16.9846427244));
#7302 = CARTESIAN_POINT('',(4.453923148172,-16.83990231117));
#7303 = CARTESIAN_POINT('',(4.583156064278,-16.6906772021));
#7304 = CARTESIAN_POINT('',(4.712388980385,-16.5414518843));
#7305 = ( GEOMETRIC_REPRESENTATION_CONTEXT(2) 
PARAMETRIC_REPRESENTATION_CONTEXT() REPRESENTATION_CONTEXT('2D SPACE',''
  ) );
#7306 = ORIENTED_EDGE('',*,*,#7307,.F.);
#7307 = EDGE_CURVE('',#7233,#7280,#7308,.T.);
#7308 = SURFACE_CURVE('',#7309,(#7313,#7320),.PCURVE_S1.);
#7309 = LINE('',#7310,#7311);
#7310 = CARTESIAN_POINT('',(32.881197846483,1.996869184656E-13,63.));
#7311 = VECTOR('',#7312,1.);
#7312 = DIRECTION('',(0.,0.,1.));
#7313 = PCURVE('',#7217,#7314);
#7314 = DEFINITIONAL_REPRESENTATION('',(#7315),#7319);
#7315 = LINE('',#7316,#7317);
#7316 = CARTESIAN_POINT('',(-2.309401076759,2.5));
#7317 = VECTOR('',#7318,1.);
#7318 = DIRECTION('',(7.650317273418E-32,1.));
#7319 = ( GEOMETRIC_REPRESENTATION_CONTEXT(2) 
PARAMETRIC_REPRESENTATION_CONTEXT() REPRESENTATION_CONTEXT('2D SPACE',''
  ) );
#7320 = PCURVE('',#6268,#7321);
#7321 = DEFINITIONAL_REPRESENTATION('',(#7322),#7326);
#7322 = LINE('',#7323,#7324);
#7323 = CARTESIAN_POINT('',(2.115173531831,2.694227544928));
#7324 = VECTOR('',#7325,1.);
#7325 = DIRECTION('',(2.094981183607E-33,1.));
#7326 = ( GEOMETRIC_REPRESENTATION_CONTEXT(2) 
PARAMETRIC_REPRESENTATION_CONTEXT() REPRESENTATION_CONTEXT('2D SPACE',''
  ) );
#7327 = ADVANCED_FACE('',(#7328),#6268,.T.);
#7328 = FACE_BOUND('',#7329,.T.);
#7329 = EDGE_LOOP('',(#7330,#7353,#7354,#7383,#7406,#7433,#7434));
#7330 = ORIENTED_EDGE('',*,*,#7331,.F.);
#7331 = EDGE_CURVE('',#7233,#7332,#7334,.T.);
#7332 = VERTEX_POINT('',#7333);
#7333 = CARTESIAN_POINT('',(35.190598923242,-4.,53.));
#7334 = SURFACE_CURVE('',#7335,(#7339,#7346),.PCURVE_S1.);
#7335 = LINE('',#7336,#7337);
#7336 = CARTESIAN_POINT('',(32.881197846483,1.101353864312E-13,53.));
#7337 = VECTOR('',#7338,1.);
#7338 = DIRECTION('',(0.5,-0.866025403784,0.));
#7339 = PCURVE('',#6268,#7340);
#7340 = DEFINITIONAL_REPRESENTATION('',(#7341),#7345);
#7341 = LINE('',#7342,#7343);
#7342 = CARTESIAN_POINT('',(2.115173531831,-7.305772455072));
#7343 = VECTOR('',#7344,1.);
#7344 = DIRECTION('',(-1.,4.428351359928E-32));
#7345 = ( GEOMETRIC_REPRESENTATION_CONTEXT(2) 
PARAMETRIC_REPRESENTATION_CONTEXT() REPRESENTATION_CONTEXT('2D SPACE',''
  ) );
#7346 = PCURVE('',#3735,#7347);
#7347 = DEFINITIONAL_REPRESENTATION('',(#7348),#7352);
#7348 = LINE('',#7349,#7350);
#7349 = CARTESIAN_POINT('',(-20.88119784648,2.82203320013E-14));
#7350 = VECTOR('',#7351,1.);
#7351 = DIRECTION('',(-0.5,-0.866025403784));
#7352 = ( GEOMETRIC_REPRESENTATION_CONTEXT(2) 
PARAMETRIC_REPRESENTATION_CONTEXT() REPRESENTATION_CONTEXT('2D SPACE',''
  ) );
#7353 = ORIENTED_EDGE('',*,*,#7307,.T.);
#7354 = ORIENTED_EDGE('',*,*,#7355,.F.);
#7355 = EDGE_CURVE('',#7356,#7280,#7358,.T.);
#7356 = VERTEX_POINT('',#7357);
#7357 = CARTESIAN_POINT('',(33.45854811565,-0.99999999996,62.8));
#7358 = SURFACE_CURVE('',#7359,(#7364,#7371),.PCURVE_S1.);
#7359 = ELLIPSE('',#7360,2.309401076759,2.);
#7360 = AXIS2_PLACEMENT_3D('',#7361,#7362,#7363);
#7361 = CARTESIAN_POINT('',(32.30384757727,1.00000000004,62.8));
#7362 = DIRECTION('',(0.866025403784,0.5,-1.950175178496E-16));
#7363 = DIRECTION('',(0.5,-0.866025403784,3.377802492815E-16));
#7364 = PCURVE('',#6268,#7365);
#7365 = DEFINITIONAL_REPRESENTATION('',(#7366),#7370);
#7366 = ELLIPSE('',#7367,2.309401076759,2.);
#7367 = AXIS2_PLACEMENT_2D('',#7368,#7369);
#7368 = CARTESIAN_POINT('',(3.269874070256,2.494227544928));
#7369 = DIRECTION('',(-1.,3.377802492815E-16));
#7370 = ( GEOMETRIC_REPRESENTATION_CONTEXT(2) 
PARAMETRIC_REPRESENTATION_CONTEXT() REPRESENTATION_CONTEXT('2D SPACE',''
  ) );
#7371 = PCURVE('',#7006,#7372);
#7372 = DEFINITIONAL_REPRESENTATION('',(#7373),#7382);
#7373 = B_SPLINE_CURVE_WITH_KNOTS('',7,(#7374,#7375,#7376,#7377,#7378,
    #7379,#7380,#7381),.UNSPECIFIED.,.F.,.F.,(8,8),(3.900369476816E-16,
    1.266103672759),.PIECEWISE_BEZIER_KNOTS.);
#7374 = CARTESIAN_POINT('',(3.14159265359,-16.54145188435));
#7375 = CARTESIAN_POINT('',(3.322464606841,-16.54145188435));
#7376 = CARTESIAN_POINT('',(3.503336560093,-16.58552370114));
#7377 = CARTESIAN_POINT('',(3.684208513342,-16.67366537917));
#7378 = CARTESIAN_POINT('',(3.865080466597,-16.80235234943));
#7379 = CARTESIAN_POINT('',(4.045952419845,-16.96449793912));
#7380 = CARTESIAN_POINT('',(4.226824373097,-17.15050925268));
#7381 = CARTESIAN_POINT('',(4.407696326349,-17.34974226119));
#7382 = ( GEOMETRIC_REPRESENTATION_CONTEXT(2) 
PARAMETRIC_REPRESENTATION_CONTEXT() REPRESENTATION_CONTEXT('2D SPACE',''
  ) );
#7383 = ORIENTED_EDGE('',*,*,#7384,.F.);
#7384 = EDGE_CURVE('',#7385,#7356,#7387,.T.);
#7385 = VERTEX_POINT('',#7386);
#7386 = CARTESIAN_POINT('',(33.45854811565,-0.99999999996,63.8));
#7387 = SURFACE_CURVE('',#7388,(#7392,#7399),.PCURVE_S1.);
#7388 = LINE('',#7389,#7390);
#7389 = CARTESIAN_POINT('',(33.45854811565,-0.99999999996,
    62.052886227536));
#7390 = VECTOR('',#7391,1.);
#7391 = DIRECTION('',(-2.251868328543E-16,-0.,-1.));
#7392 = PCURVE('',#6268,#7393);
#7393 = DEFINITIONAL_REPRESENTATION('',(#7394),#7398);
#7394 = LINE('',#7395,#7396);
#7395 = CARTESIAN_POINT('',(0.960472993497,1.747113772464));
#7396 = VECTOR('',#7397,1.);
#7397 = DIRECTION('',(1.125934164272E-16,-1.));
#7398 = ( GEOMETRIC_REPRESENTATION_CONTEXT(2) 
PARAMETRIC_REPRESENTATION_CONTEXT() REPRESENTATION_CONTEXT('2D SPACE',''
  ) );
#7399 = PCURVE('',#6977,#7400);
#7400 = DEFINITIONAL_REPRESENTATION('',(#7401),#7405);
#7401 = LINE('',#7402,#7403);
#7402 = CARTESIAN_POINT('',(1.747113772464,-16.54145188435));
#7403 = VECTOR('',#7404,1.);
#7404 = DIRECTION('',(1.,-2.251868328543E-16));
#7405 = ( GEOMETRIC_REPRESENTATION_CONTEXT(2) 
PARAMETRIC_REPRESENTATION_CONTEXT() REPRESENTATION_CONTEXT('2D SPACE',''
  ) );
#7406 = ORIENTED_EDGE('',*,*,#7407,.T.);
#7407 = EDGE_CURVE('',#7385,#6253,#7408,.T.);
#7408 = SURFACE_CURVE('',#7409,(#7414,#7421),.PCURVE_S1.);
#7409 = ELLIPSE('',#7410,2.309401076759,2.);
#7410 = AXIS2_PLACEMENT_3D('',#7411,#7412,#7413);
#7411 = CARTESIAN_POINT('',(34.613248654029,-2.99999999996,63.8));
#7412 = DIRECTION('',(0.866025403784,0.5,-1.950175178496E-16));
#7413 = DIRECTION('',(0.5,-0.866025403784,3.377802492815E-16));
#7414 = PCURVE('',#6268,#7415);
#7415 = DEFINITIONAL_REPRESENTATION('',(#7416),#7420);
#7416 = ELLIPSE('',#7417,2.309401076759,2.);
#7417 = AXIS2_PLACEMENT_2D('',#7418,#7419);
#7418 = CARTESIAN_POINT('',(-1.348928083261,3.494227544928));
#7419 = DIRECTION('',(-1.,3.377802492815E-16));
#7420 = ( GEOMETRIC_REPRESENTATION_CONTEXT(2) 
PARAMETRIC_REPRESENTATION_CONTEXT() REPRESENTATION_CONTEXT('2D SPACE',''
  ) );
#7421 = PCURVE('',#6296,#7422);
#7422 = DEFINITIONAL_REPRESENTATION('',(#7423),#7432);
#7423 = B_SPLINE_CURVE_WITH_KNOTS('',7,(#7424,#7425,#7426,#7427,#7428,
    #7429,#7430,#7431),.UNSPECIFIED.,.F.,.F.,(8,8),(3.14159265359,
    4.712388980385),.PIECEWISE_BEZIER_KNOTS.);
#7424 = CARTESIAN_POINT('',(0.,-16.54145188435));
#7425 = CARTESIAN_POINT('',(0.224399475256,-16.54145188435));
#7426 = CARTESIAN_POINT('',(0.448798950513,-16.47361476045));
#7427 = CARTESIAN_POINT('',(0.673198425769,-16.33795035357));
#7428 = CARTESIAN_POINT('',(0.897597901026,-16.14278785818));
#7429 = CARTESIAN_POINT('',(1.121997376282,-15.9049786836));
#7430 = CARTESIAN_POINT('',(1.346396851538,-15.64586554086));
#7431 = CARTESIAN_POINT('',(1.570796326795,-15.38675134597));
#7432 = ( GEOMETRIC_REPRESENTATION_CONTEXT(2) 
PARAMETRIC_REPRESENTATION_CONTEXT() REPRESENTATION_CONTEXT('2D SPACE',''
  ) );
#7433 = ORIENTED_EDGE('',*,*,#6252,.T.);
#7434 = ORIENTED_EDGE('',*,*,#7435,.F.);
#7435 = EDGE_CURVE('',#7332,#6225,#7436,.T.);
#7436 = SURFACE_CURVE('',#7437,(#7441,#7448),.PCURVE_S1.);
#7437 = LINE('',#7438,#7439);
#7438 = CARTESIAN_POINT('',(35.190598923242,-4.,53.));
#7439 = VECTOR('',#7440,1.);
#7440 = DIRECTION('',(0.,0.,1.));
#7441 = PCURVE('',#6268,#7442);
#7442 = DEFINITIONAL_REPRESENTATION('',(#7443),#7447);
#7443 = LINE('',#7444,#7445);
#7444 = CARTESIAN_POINT('',(-2.503628621686,-7.305772455072));
#7445 = VECTOR('',#7446,1.);
#7446 = DIRECTION('',(2.094981183607E-33,1.));
#7447 = ( GEOMETRIC_REPRESENTATION_CONTEXT(2) 
PARAMETRIC_REPRESENTATION_CONTEXT() REPRESENTATION_CONTEXT('2D SPACE',''
  ) );
#7448 = PCURVE('',#6240,#7449);
#7449 = DEFINITIONAL_REPRESENTATION('',(#7450),#7454);
#7450 = LINE('',#7451,#7452);
#7451 = CARTESIAN_POINT('',(-2.309401076759,6.4));
#7452 = VECTOR('',#7453,1.);
#7453 = DIRECTION('',(-3.061197236469E-46,-1.));
#7454 = ( GEOMETRIC_REPRESENTATION_CONTEXT(2) 
PARAMETRIC_REPRESENTATION_CONTEXT() REPRESENTATION_CONTEXT('2D SPACE',''
  ) );
#7455 = ADVANCED_FACE('',(#7456),#6240,.T.);
#7456 = FACE_BOUND('',#7457,.T.);
#7457 = EDGE_LOOP('',(#7458,#7459,#7460,#7483));
#7458 = ORIENTED_EDGE('',*,*,#7435,.T.);
#7459 = ORIENTED_EDGE('',*,*,#6224,.T.);
#7460 = ORIENTED_EDGE('',*,*,#7461,.F.);
#7461 = EDGE_CURVE('',#7462,#6197,#7464,.T.);
#7462 = VERTEX_POINT('',#7463);
#7463 = CARTESIAN_POINT('',(39.809401076759,-4.,53.));
#7464 = SURFACE_CURVE('',#7465,(#7469,#7476),.PCURVE_S1.);
#7465 = LINE('',#7466,#7467);
#7466 = CARTESIAN_POINT('',(39.809401076759,-4.,63.));
#7467 = VECTOR('',#7468,1.);
#7468 = DIRECTION('',(0.,0.,1.));
#7469 = PCURVE('',#6240,#7470);
#7470 = DEFINITIONAL_REPRESENTATION('',(#7471),#7475);
#7471 = LINE('',#7472,#7473);
#7472 = CARTESIAN_POINT('',(2.309401076759,-3.6));
#7473 = VECTOR('',#7474,1.);
#7474 = DIRECTION('',(-3.061197236469E-46,-1.));
#7475 = ( GEOMETRIC_REPRESENTATION_CONTEXT(2) 
PARAMETRIC_REPRESENTATION_CONTEXT() REPRESENTATION_CONTEXT('2D SPACE',''
  ) );
#7476 = PCURVE('',#6212,#7477);
#7477 = DEFINITIONAL_REPRESENTATION('',(#7478),#7482);
#7478 = LINE('',#7479,#7480);
#7479 = CARTESIAN_POINT('',(2.503628621686,2.694227544928));
#7480 = VECTOR('',#7481,1.);
#7481 = DIRECTION('',(-5.36837874691E-32,1.));
#7482 = ( GEOMETRIC_REPRESENTATION_CONTEXT(2) 
PARAMETRIC_REPRESENTATION_CONTEXT() REPRESENTATION_CONTEXT('2D SPACE',''
  ) );
#7483 = ORIENTED_EDGE('',*,*,#7484,.F.);
#7484 = EDGE_CURVE('',#7332,#7462,#7485,.T.);
#7485 = SURFACE_CURVE('',#7486,(#7490,#7497),.PCURVE_S1.);
#7486 = LINE('',#7487,#7488);
#7487 = CARTESIAN_POINT('',(35.190598923242,-4.,53.));
#7488 = VECTOR('',#7489,1.);
#7489 = DIRECTION('',(1.,7.163036006779E-14,0.));
#7490 = PCURVE('',#6240,#7491);
#7491 = DEFINITIONAL_REPRESENTATION('',(#7492),#7496);
#7492 = LINE('',#7493,#7494);
#7493 = CARTESIAN_POINT('',(-2.309401076759,6.4));
#7494 = VECTOR('',#7495,1.);
#7495 = DIRECTION('',(1.,6.978728345439E-31));
#7496 = ( GEOMETRIC_REPRESENTATION_CONTEXT(2) 
PARAMETRIC_REPRESENTATION_CONTEXT() REPRESENTATION_CONTEXT('2D SPACE',''
  ) );
#7497 = PCURVE('',#3735,#7498);
#7498 = DEFINITIONAL_REPRESENTATION('',(#7499),#7503);
#7499 = LINE('',#7500,#7501);
#7500 = CARTESIAN_POINT('',(-23.19059892324,-4.));
#7501 = VECTOR('',#7502,1.);
#7502 = DIRECTION('',(-1.,7.163036006779E-14));
#7503 = ( GEOMETRIC_REPRESENTATION_CONTEXT(2) 
PARAMETRIC_REPRESENTATION_CONTEXT() REPRESENTATION_CONTEXT('2D SPACE',''
  ) );
#7504 = ADVANCED_FACE('',(#7505),#6212,.T.);
#7505 = FACE_BOUND('',#7506,.T.);
#7506 = EDGE_LOOP('',(#7507,#7530,#7531,#7532,#7561,#7584,#7613));
#7507 = ORIENTED_EDGE('',*,*,#7508,.F.);
#7508 = EDGE_CURVE('',#7462,#7509,#7511,.T.);
#7509 = VERTEX_POINT('',#7510);
#7510 = CARTESIAN_POINT('',(42.118802153517,6.715240695875E-13,53.));
#7511 = SURFACE_CURVE('',#7512,(#7516,#7523),.PCURVE_S1.);
#7512 = LINE('',#7513,#7514);
#7513 = CARTESIAN_POINT('',(39.809401076759,-4.,53.));
#7514 = VECTOR('',#7515,1.);
#7515 = DIRECTION('',(0.5,0.866025403784,0.));
#7516 = PCURVE('',#6212,#7517);
#7517 = DEFINITIONAL_REPRESENTATION('',(#7518),#7522);
#7518 = LINE('',#7519,#7520);
#7519 = CARTESIAN_POINT('',(2.503628621686,-7.305772455072));
#7520 = VECTOR('',#7521,1.);
#7521 = DIRECTION('',(-1.,-1.591111526792E-30));
#7522 = ( GEOMETRIC_REPRESENTATION_CONTEXT(2) 
PARAMETRIC_REPRESENTATION_CONTEXT() REPRESENTATION_CONTEXT('2D SPACE',''
  ) );
#7523 = PCURVE('',#3735,#7524);
#7524 = DEFINITIONAL_REPRESENTATION('',(#7525),#7529);
#7525 = LINE('',#7526,#7527);
#7526 = CARTESIAN_POINT('',(-27.80940107675,-4.));
#7527 = VECTOR('',#7528,1.);
#7528 = DIRECTION('',(-0.5,0.866025403784));
#7529 = ( GEOMETRIC_REPRESENTATION_CONTEXT(2) 
PARAMETRIC_REPRESENTATION_CONTEXT() REPRESENTATION_CONTEXT('2D SPACE',''
  ) );
#7530 = ORIENTED_EDGE('',*,*,#7461,.T.);
#7531 = ORIENTED_EDGE('',*,*,#6196,.T.);
#7532 = ORIENTED_EDGE('',*,*,#7533,.T.);
#7533 = EDGE_CURVE('',#6174,#7534,#7536,.T.);
#7534 = VERTEX_POINT('',#7535);
#7535 = CARTESIAN_POINT('',(41.54145188435,-0.99999999996,63.8));
#7536 = SURFACE_CURVE('',#7537,(#7542,#7549),.PCURVE_S1.);
#7537 = ELLIPSE('',#7538,2.309401076758,2.);
#7538 = AXIS2_PLACEMENT_3D('',#7539,#7540,#7541);
#7539 = CARTESIAN_POINT('',(40.386751345971,-2.99999999996,63.8));
#7540 = DIRECTION('',(-0.866025403784,0.5,-1.521109651298E-15));
#7541 = DIRECTION('',(0.5,0.866025403784,-2.634639199931E-15));
#7542 = PCURVE('',#6212,#7543);
#7543 = DEFINITIONAL_REPRESENTATION('',(#7544),#7548);
#7544 = ELLIPSE('',#7545,2.309401076758,2.);
#7545 = AXIS2_PLACEMENT_2D('',#7546,#7547);
#7546 = CARTESIAN_POINT('',(1.348928083262,3.494227544928));
#7547 = DIRECTION('',(-1.,-2.634639199931E-15));
#7548 = ( GEOMETRIC_REPRESENTATION_CONTEXT(2) 
PARAMETRIC_REPRESENTATION_CONTEXT() REPRESENTATION_CONTEXT('2D SPACE',''
  ) );
#7549 = PCURVE('',#4964,#7550);
#7550 = DEFINITIONAL_REPRESENTATION('',(#7551),#7560);
#7551 = B_SPLINE_CURVE_WITH_KNOTS('',7,(#7552,#7553,#7554,#7555,#7556,
    #7557,#7558,#7559),.UNSPECIFIED.,.F.,.F.,(8,8),(4.712388980385,
    6.28318530718),.PIECEWISE_BEZIER_KNOTS.);
#7552 = CARTESIAN_POINT('',(1.570796326795,-9.613248654029));
#7553 = CARTESIAN_POINT('',(1.346396851538,-9.354134459138));
#7554 = CARTESIAN_POINT('',(1.121997376282,-9.095021316403));
#7555 = CARTESIAN_POINT('',(0.897597901025,-8.857212141808));
#7556 = CARTESIAN_POINT('',(0.67319842577,-8.66204964644));
#7557 = CARTESIAN_POINT('',(0.448798950513,-8.526385239542));
#7558 = CARTESIAN_POINT('',(0.224399475256,-8.45854811565));
#7559 = CARTESIAN_POINT('',(0.,-8.45854811565));
#7560 = ( GEOMETRIC_REPRESENTATION_CONTEXT(2) 
PARAMETRIC_REPRESENTATION_CONTEXT() REPRESENTATION_CONTEXT('2D SPACE',''
  ) );
#7561 = ORIENTED_EDGE('',*,*,#7562,.F.);
#7562 = EDGE_CURVE('',#7563,#7534,#7565,.T.);
#7563 = VERTEX_POINT('',#7564);
#7564 = CARTESIAN_POINT('',(41.54145188435,-0.99999999996,62.8));
#7565 = SURFACE_CURVE('',#7566,(#7570,#7577),.PCURVE_S1.);
#7566 = LINE('',#7567,#7568);
#7567 = CARTESIAN_POINT('',(41.54145188435,-0.99999999996,
    62.052886227536));
#7568 = VECTOR('',#7569,1.);
#7569 = DIRECTION('',(-1.756426133287E-15,0.,1.));
#7570 = PCURVE('',#6212,#7571);
#7571 = DEFINITIONAL_REPRESENTATION('',(#7572),#7576);
#7572 = LINE('',#7573,#7574);
#7573 = CARTESIAN_POINT('',(-0.960472993497,1.747113772464));
#7574 = VECTOR('',#7575,1.);
#7575 = DIRECTION('',(8.782130666435E-16,1.));
#7576 = ( GEOMETRIC_REPRESENTATION_CONTEXT(2) 
PARAMETRIC_REPRESENTATION_CONTEXT() REPRESENTATION_CONTEXT('2D SPACE',''
  ) );
#7577 = PCURVE('',#4935,#7578);
#7578 = DEFINITIONAL_REPRESENTATION('',(#7579),#7583);
#7579 = LINE('',#7580,#7581);
#7580 = CARTESIAN_POINT('',(1.747113772464,-8.45854811565));
#7581 = VECTOR('',#7582,1.);
#7582 = DIRECTION('',(-1.,-1.756426133287E-15));
#7583 = ( GEOMETRIC_REPRESENTATION_CONTEXT(2) 
PARAMETRIC_REPRESENTATION_CONTEXT() REPRESENTATION_CONTEXT('2D SPACE',''
  ) );
#7584 = ORIENTED_EDGE('',*,*,#7585,.F.);
#7585 = EDGE_CURVE('',#7586,#7563,#7588,.T.);
#7586 = VERTEX_POINT('',#7587);
#7587 = CARTESIAN_POINT('',(42.118802153517,6.627231404075E-13,
    61.067949192454));
#7588 = SURFACE_CURVE('',#7589,(#7594,#7601),.PCURVE_S1.);
#7589 = ELLIPSE('',#7590,2.309401076758,2.);
#7590 = AXIS2_PLACEMENT_3D('',#7591,#7592,#7593);
#7591 = CARTESIAN_POINT('',(42.696152422729,1.00000000004,62.8));
#7592 = DIRECTION('',(-0.866025403784,0.5,-1.521109651298E-15));
#7593 = DIRECTION('',(0.5,0.866025403784,-2.634639199931E-15));
#7594 = PCURVE('',#6212,#7595);
#7595 = DEFINITIONAL_REPRESENTATION('',(#7596),#7600);
#7596 = ELLIPSE('',#7597,2.309401076758,2.);
#7597 = AXIS2_PLACEMENT_2D('',#7598,#7599);
#7598 = CARTESIAN_POINT('',(-3.269874070255,2.494227544928));
#7599 = DIRECTION('',(-1.,-2.634639199931E-15));
#7600 = ( GEOMETRIC_REPRESENTATION_CONTEXT(2) 
PARAMETRIC_REPRESENTATION_CONTEXT() REPRESENTATION_CONTEXT('2D SPACE',''
  ) );
#7601 = PCURVE('',#4907,#7602);
#7602 = DEFINITIONAL_REPRESENTATION('',(#7603),#7612);
#7603 = B_SPLINE_CURVE_WITH_KNOTS('',7,(#7604,#7605,#7606,#7607,#7608,
    #7609,#7610,#7611),.UNSPECIFIED.,.F.,.F.,(8,8),(1.875488980831,
    3.14159265359),.PIECEWISE_BEZIER_KNOTS.);
#7604 = CARTESIAN_POINT('',(4.407696326349,-7.650257738807));
#7605 = CARTESIAN_POINT('',(4.226824373098,-7.849490747317));
#7606 = CARTESIAN_POINT('',(4.045952419846,-8.035502060877));
#7607 = CARTESIAN_POINT('',(3.865080466596,-8.197647650561));
#7608 = CARTESIAN_POINT('',(3.684208513344,-8.326334620835));
#7609 = CARTESIAN_POINT('',(3.503336560092,-8.414476298853));
#7610 = CARTESIAN_POINT('',(3.322464606841,-8.45854811565));
#7611 = CARTESIAN_POINT('',(3.14159265359,-8.45854811565));
#7612 = ( GEOMETRIC_REPRESENTATION_CONTEXT(2) 
PARAMETRIC_REPRESENTATION_CONTEXT() REPRESENTATION_CONTEXT('2D SPACE',''
  ) );
#7613 = ORIENTED_EDGE('',*,*,#7614,.F.);
#7614 = EDGE_CURVE('',#7509,#7586,#7615,.T.);
#7615 = SURFACE_CURVE('',#7616,(#7620,#7627),.PCURVE_S1.);
#7616 = LINE('',#7617,#7618);
#7617 = CARTESIAN_POINT('',(42.118802153517,6.627231404075E-13,63.));
#7618 = VECTOR('',#7619,1.);
#7619 = DIRECTION('',(0.,0.,1.));
#7620 = PCURVE('',#6212,#7621);
#7621 = DEFINITIONAL_REPRESENTATION('',(#7622),#7626);
#7622 = LINE('',#7623,#7624);
#7623 = CARTESIAN_POINT('',(-2.115173531831,2.694227544928));
#7624 = VECTOR('',#7625,1.);
#7625 = DIRECTION('',(-5.36837874691E-32,1.));
#7626 = ( GEOMETRIC_REPRESENTATION_CONTEXT(2) 
PARAMETRIC_REPRESENTATION_CONTEXT() REPRESENTATION_CONTEXT('2D SPACE',''
  ) );
#7627 = PCURVE('',#7168,#7628);
#7628 = DEFINITIONAL_REPRESENTATION('',(#7629),#7633);
#7629 = LINE('',#7630,#7631);
#7630 = CARTESIAN_POINT('',(2.309401076759,2.5));
#7631 = VECTOR('',#7632,1.);
#7632 = DIRECTION('',(-2.464801519833E-33,1.));
#7633 = ( GEOMETRIC_REPRESENTATION_CONTEXT(2) 
PARAMETRIC_REPRESENTATION_CONTEXT() REPRESENTATION_CONTEXT('2D SPACE',''
  ) );
#7634 = ADVANCED_FACE('',(#7635),#7168,.T.);
#7635 = FACE_BOUND('',#7636,.T.);
#7636 = EDGE_LOOP('',(#7637,#7658,#7659,#7687,#7708));
#7637 = ORIENTED_EDGE('',*,*,#7638,.F.);
#7638 = EDGE_CURVE('',#7509,#7123,#7639,.T.);
#7639 = SURFACE_CURVE('',#7640,(#7644,#7651),.PCURVE_S1.);
#7640 = LINE('',#7641,#7642);
#7641 = CARTESIAN_POINT('',(42.118802153517,6.715240695875E-13,53.));
#7642 = VECTOR('',#7643,1.);
#7643 = DIRECTION('',(-0.5,0.866025403784,0.));
#7644 = PCURVE('',#7168,#7645);
#7645 = DEFINITIONAL_REPRESENTATION('',(#7646),#7650);
#7646 = LINE('',#7647,#7648);
#7647 = CARTESIAN_POINT('',(2.309401076759,-7.5));
#7648 = VECTOR('',#7649,1.);
#7649 = DIRECTION('',(-1.,3.975090859439E-30));
#7650 = ( GEOMETRIC_REPRESENTATION_CONTEXT(2) 
PARAMETRIC_REPRESENTATION_CONTEXT() REPRESENTATION_CONTEXT('2D SPACE',''
  ) );
#7651 = PCURVE('',#3735,#7652);
#7652 = DEFINITIONAL_REPRESENTATION('',(#7653),#7657);
#7653 = LINE('',#7654,#7655);
#7654 = CARTESIAN_POINT('',(-30.11880215351,5.896090151576E-13));
#7655 = VECTOR('',#7656,1.);
#7656 = DIRECTION('',(0.5,0.866025403784));
#7657 = ( GEOMETRIC_REPRESENTATION_CONTEXT(2) 
PARAMETRIC_REPRESENTATION_CONTEXT() REPRESENTATION_CONTEXT('2D SPACE',''
  ) );
#7658 = ORIENTED_EDGE('',*,*,#7614,.T.);
#7659 = ORIENTED_EDGE('',*,*,#7660,.F.);
#7660 = EDGE_CURVE('',#7661,#7586,#7663,.T.);
#7661 = VERTEX_POINT('',#7662);
#7662 = CARTESIAN_POINT('',(41.541451884305,1.00000000004,60.8));
#7663 = SURFACE_CURVE('',#7664,(#7669,#7676),.PCURVE_S1.);
#7664 = ELLIPSE('',#7665,2.309401076759,2.);
#7665 = AXIS2_PLACEMENT_3D('',#7666,#7667,#7668);
#7666 = CARTESIAN_POINT('',(41.541451884305,1.00000000004,62.8));
#7667 = DIRECTION('',(-0.866025403784,-0.5,-1.209412592273E-15));
#7668 = DIRECTION('',(0.5,-0.866025403784,-2.094764057131E-15));
#7669 = PCURVE('',#7168,#7670);
#7670 = DEFINITIONAL_REPRESENTATION('',(#7671),#7675);
#7671 = ELLIPSE('',#7672,2.309401076759,2.);
#7672 = AXIS2_PLACEMENT_2D('',#7673,#7674);
#7673 = CARTESIAN_POINT('',(1.154700538334,2.3));
#7674 = DIRECTION('',(1.,-2.094764057131E-15));
#7675 = ( GEOMETRIC_REPRESENTATION_CONTEXT(2) 
PARAMETRIC_REPRESENTATION_CONTEXT() REPRESENTATION_CONTEXT('2D SPACE',''
  ) );
#7676 = PCURVE('',#4907,#7677);
#7677 = DEFINITIONAL_REPRESENTATION('',(#7678),#7686);
#7678 = B_SPLINE_CURVE_WITH_KNOTS('',6,(#7679,#7680,#7681,#7682,#7683,
    #7684,#7685),.UNSPECIFIED.,.F.,.F.,(7,7),(4.712388980385,
    5.487786477023),.PIECEWISE_BEZIER_KNOTS.);
#7679 = CARTESIAN_POINT('',(4.712388980385,-8.458548115695));
#7680 = CARTESIAN_POINT('',(4.583156064278,-8.309322797891));
#7681 = CARTESIAN_POINT('',(4.453923148172,-8.160097688828));
#7682 = CARTESIAN_POINT('',(4.324690232066,-8.015357275592));
#7683 = CARTESIAN_POINT('',(4.195457315959,-7.879593172655));
#7684 = CARTESIAN_POINT('',(4.066224399853,-7.756825931487));
#7685 = CARTESIAN_POINT('',(3.936991483747,-7.650257738807));
#7686 = ( GEOMETRIC_REPRESENTATION_CONTEXT(2) 
PARAMETRIC_REPRESENTATION_CONTEXT() REPRESENTATION_CONTEXT('2D SPACE',''
  ) );
#7687 = ORIENTED_EDGE('',*,*,#7688,.F.);
#7688 = EDGE_CURVE('',#7153,#7661,#7689,.T.);
#7689 = SURFACE_CURVE('',#7690,(#7694,#7701),.PCURVE_S1.);
#7690 = LINE('',#7691,#7692);
#7691 = CARTESIAN_POINT('',(42.310095264183,-0.331329386811,60.8));
#7692 = VECTOR('',#7693,1.);
#7693 = DIRECTION('',(0.5,-0.866025403784,0.));
#7694 = PCURVE('',#7168,#7695);
#7695 = DEFINITIONAL_REPRESENTATION('',(#7696),#7700);
#7696 = LINE('',#7697,#7698);
#7697 = CARTESIAN_POINT('',(2.691987298091,0.3));
#7698 = VECTOR('',#7699,1.);
#7699 = DIRECTION('',(1.,-6.098347054905E-32));
#7700 = ( GEOMETRIC_REPRESENTATION_CONTEXT(2) 
PARAMETRIC_REPRESENTATION_CONTEXT() REPRESENTATION_CONTEXT('2D SPACE',''
  ) );
#7701 = PCURVE('',#4237,#7702);
#7702 = DEFINITIONAL_REPRESENTATION('',(#7703),#7707);
#7703 = LINE('',#7704,#7705);
#7704 = CARTESIAN_POINT('',(-1.331329386851,-7.689904735817));
#7705 = VECTOR('',#7706,1.);
#7706 = DIRECTION('',(-0.866025403784,0.5));
#7707 = ( GEOMETRIC_REPRESENTATION_CONTEXT(2) 
PARAMETRIC_REPRESENTATION_CONTEXT() REPRESENTATION_CONTEXT('2D SPACE',''
  ) );
#7708 = ORIENTED_EDGE('',*,*,#7152,.F.);
#7709 = ADVANCED_FACE('',(#7710),#4298,.F.);
#7710 = FACE_BOUND('',#7711,.F.);
#7711 = EDGE_LOOP('',(#7712,#7713,#7734,#7735));
#7712 = ORIENTED_EDGE('',*,*,#4820,.F.);
#7713 = ORIENTED_EDGE('',*,*,#7714,.T.);
#7714 = EDGE_CURVE('',#4821,#4250,#7715,.T.);
#7715 = SURFACE_CURVE('',#7716,(#7720,#7727),.PCURVE_S1.);
#7716 = LINE('',#7717,#7718);
#7717 = CARTESIAN_POINT('',(50.,11.000000000045,62.8));
#7718 = VECTOR('',#7719,1.);
#7719 = DIRECTION('',(-1.,-0.,-0.));
#7720 = PCURVE('',#4298,#7721);
#7721 = DEFINITIONAL_REPRESENTATION('',(#7722),#7726);
#7722 = LINE('',#7723,#7724);
#7723 = CARTESIAN_POINT('',(0.,0.));
#7724 = VECTOR('',#7725,1.);
#7725 = DIRECTION('',(0.,-1.));
#7726 = ( GEOMETRIC_REPRESENTATION_CONTEXT(2) 
PARAMETRIC_REPRESENTATION_CONTEXT() REPRESENTATION_CONTEXT('2D SPACE',''
  ) );
#7727 = PCURVE('',#4270,#7728);
#7728 = DEFINITIONAL_REPRESENTATION('',(#7729),#7733);
#7729 = LINE('',#7730,#7731);
#7730 = CARTESIAN_POINT('',(6.28318530718,0.));
#7731 = VECTOR('',#7732,1.);
#7732 = DIRECTION('',(0.,-1.));
#7733 = ( GEOMETRIC_REPRESENTATION_CONTEXT(2) 
PARAMETRIC_REPRESENTATION_CONTEXT() REPRESENTATION_CONTEXT('2D SPACE',''
  ) );
#7734 = ORIENTED_EDGE('',*,*,#4282,.F.);
#7735 = ORIENTED_EDGE('',*,*,#6123,.F.);
#7736 = ADVANCED_FACE('',(#7737),#4148,.T.);
#7737 = FACE_BOUND('',#7738,.T.);
#7738 = EDGE_LOOP('',(#7739,#7740,#7761,#7762));
#7739 = ORIENTED_EDGE('',*,*,#6806,.F.);
#7740 = ORIENTED_EDGE('',*,*,#7741,.T.);
#7741 = EDGE_CURVE('',#6784,#4128,#7742,.T.);
#7742 = SURFACE_CURVE('',#7743,(#7747,#7754),.PCURVE_S1.);
#7743 = LINE('',#7744,#7745);
#7744 = CARTESIAN_POINT('',(50.,-0.99999999996,63.8));
#7745 = VECTOR('',#7746,1.);
#7746 = DIRECTION('',(-1.,-0.,-0.));
#7747 = PCURVE('',#4148,#7748);
#7748 = DEFINITIONAL_REPRESENTATION('',(#7749),#7753);
#7749 = LINE('',#7750,#7751);
#7750 = CARTESIAN_POINT('',(4.790863341028E-16,0.));
#7751 = VECTOR('',#7752,1.);
#7752 = DIRECTION('',(0.,-1.));
#7753 = ( GEOMETRIC_REPRESENTATION_CONTEXT(2) 
PARAMETRIC_REPRESENTATION_CONTEXT() REPRESENTATION_CONTEXT('2D SPACE',''
  ) );
#7754 = PCURVE('',#4176,#7755);
#7755 = DEFINITIONAL_REPRESENTATION('',(#7756),#7760);
#7756 = LINE('',#7757,#7758);
#7757 = CARTESIAN_POINT('',(0.,0.));
#7758 = VECTOR('',#7759,1.);
#7759 = DIRECTION('',(0.,-1.));
#7760 = ( GEOMETRIC_REPRESENTATION_CONTEXT(2) 
PARAMETRIC_REPRESENTATION_CONTEXT() REPRESENTATION_CONTEXT('2D SPACE',''
  ) );
#7761 = ORIENTED_EDGE('',*,*,#4127,.T.);
#7762 = ORIENTED_EDGE('',*,*,#6392,.F.);
#7763 = ADVANCED_FACE('',(#7764),#4270,.F.);
#7764 = FACE_BOUND('',#7765,.F.);
#7765 = EDGE_LOOP('',(#7766,#7767,#7788,#7789));
#7766 = ORIENTED_EDGE('',*,*,#4843,.F.);
#7767 = ORIENTED_EDGE('',*,*,#7768,.T.);
#7768 = EDGE_CURVE('',#4844,#4222,#7769,.T.);
#7769 = SURFACE_CURVE('',#7770,(#7774,#7781),.PCURVE_S1.);
#7770 = LINE('',#7771,#7772);
#7771 = CARTESIAN_POINT('',(50.,9.00000000004,60.8));
#7772 = VECTOR('',#7773,1.);
#7773 = DIRECTION('',(-1.,-0.,-0.));
#7774 = PCURVE('',#4270,#7775);
#7775 = DEFINITIONAL_REPRESENTATION('',(#7776),#7780);
#7776 = LINE('',#7777,#7778);
#7777 = CARTESIAN_POINT('',(4.712388980385,0.));
#7778 = VECTOR('',#7779,1.);
#7779 = DIRECTION('',(0.,-1.));
#7780 = ( GEOMETRIC_REPRESENTATION_CONTEXT(2) 
PARAMETRIC_REPRESENTATION_CONTEXT() REPRESENTATION_CONTEXT('2D SPACE',''
  ) );
#7781 = PCURVE('',#4237,#7782);
#7782 = DEFINITIONAL_REPRESENTATION('',(#7783),#7787);
#7783 = LINE('',#7784,#7785);
#7784 = CARTESIAN_POINT('',(8.,0.));
#7785 = VECTOR('',#7786,1.);
#7786 = DIRECTION('',(0.,-1.));
#7787 = ( GEOMETRIC_REPRESENTATION_CONTEXT(2) 
PARAMETRIC_REPRESENTATION_CONTEXT() REPRESENTATION_CONTEXT('2D SPACE',''
  ) );
#7788 = ORIENTED_EDGE('',*,*,#4249,.T.);
#7789 = ORIENTED_EDGE('',*,*,#7714,.F.);
#7790 = ADVANCED_FACE('',(#7791),#4176,.F.);
#7791 = FACE_BOUND('',#7792,.F.);
#7792 = EDGE_LOOP('',(#7793,#7794,#7795,#7796));
#7793 = ORIENTED_EDGE('',*,*,#6783,.F.);
#7794 = ORIENTED_EDGE('',*,*,#7741,.T.);
#7795 = ORIENTED_EDGE('',*,*,#4160,.F.);
#7796 = ORIENTED_EDGE('',*,*,#7797,.F.);
#7797 = EDGE_CURVE('',#6755,#4161,#7798,.T.);
#7798 = SURFACE_CURVE('',#7799,(#7803,#7810),.PCURVE_S1.);
#7799 = LINE('',#7800,#7801);
#7800 = CARTESIAN_POINT('',(50.,-0.99999999996,62.8));
#7801 = VECTOR('',#7802,1.);
#7802 = DIRECTION('',(-1.,-0.,-0.));
#7803 = PCURVE('',#4176,#7804);
#7804 = DEFINITIONAL_REPRESENTATION('',(#7805),#7809);
#7805 = LINE('',#7806,#7807);
#7806 = CARTESIAN_POINT('',(1.,0.));
#7807 = VECTOR('',#7808,1.);
#7808 = DIRECTION('',(0.,-1.));
#7809 = ( GEOMETRIC_REPRESENTATION_CONTEXT(2) 
PARAMETRIC_REPRESENTATION_CONTEXT() REPRESENTATION_CONTEXT('2D SPACE',''
  ) );
#7810 = PCURVE('',#4209,#7811);
#7811 = DEFINITIONAL_REPRESENTATION('',(#7812),#7816);
#7812 = LINE('',#7813,#7814);
#7813 = CARTESIAN_POINT('',(3.14159265359,0.));
#7814 = VECTOR('',#7815,1.);
#7815 = DIRECTION('',(0.,-1.));
#7816 = ( GEOMETRIC_REPRESENTATION_CONTEXT(2) 
PARAMETRIC_REPRESENTATION_CONTEXT() REPRESENTATION_CONTEXT('2D SPACE',''
  ) );
#7817 = ADVANCED_FACE('',(#7818),#4237,.F.);
#7818 = FACE_BOUND('',#7819,.F.);
#7819 = EDGE_LOOP('',(#7820,#7821,#7842,#7843,#7844,#7845,#7866,#7867,
    #7868,#7869,#7890,#7891));
#7820 = ORIENTED_EDGE('',*,*,#4867,.F.);
#7821 = ORIENTED_EDGE('',*,*,#7822,.T.);
#7822 = EDGE_CURVE('',#4868,#7661,#7823,.T.);
#7823 = SURFACE_CURVE('',#7824,(#7828,#7835),.PCURVE_S1.);
#7824 = LINE('',#7825,#7826);
#7825 = CARTESIAN_POINT('',(50.,1.00000000004,60.8));
#7826 = VECTOR('',#7827,1.);
#7827 = DIRECTION('',(-1.,-0.,-0.));
#7828 = PCURVE('',#4237,#7829);
#7829 = DEFINITIONAL_REPRESENTATION('',(#7830),#7834);
#7830 = LINE('',#7831,#7832);
#7831 = CARTESIAN_POINT('',(-2.22044604925E-16,0.));
#7832 = VECTOR('',#7833,1.);
#7833 = DIRECTION('',(0.,-1.));
#7834 = ( GEOMETRIC_REPRESENTATION_CONTEXT(2) 
PARAMETRIC_REPRESENTATION_CONTEXT() REPRESENTATION_CONTEXT('2D SPACE',''
  ) );
#7835 = PCURVE('',#4907,#7836);
#7836 = DEFINITIONAL_REPRESENTATION('',(#7837),#7841);
#7837 = LINE('',#7838,#7839);
#7838 = CARTESIAN_POINT('',(4.712388980385,0.));
#7839 = VECTOR('',#7840,1.);
#7840 = DIRECTION('',(0.,-1.));
#7841 = ( GEOMETRIC_REPRESENTATION_CONTEXT(2) 
PARAMETRIC_REPRESENTATION_CONTEXT() REPRESENTATION_CONTEXT('2D SPACE',''
  ) );
#7842 = ORIENTED_EDGE('',*,*,#7688,.F.);
#7843 = ORIENTED_EDGE('',*,*,#7180,.F.);
#7844 = ORIENTED_EDGE('',*,*,#7256,.F.);
#7845 = ORIENTED_EDGE('',*,*,#7846,.T.);
#7846 = EDGE_CURVE('',#7257,#7070,#7847,.T.);
#7847 = SURFACE_CURVE('',#7848,(#7852,#7859),.PCURVE_S1.);
#7848 = LINE('',#7849,#7850);
#7849 = CARTESIAN_POINT('',(50.,1.00000000004,60.8));
#7850 = VECTOR('',#7851,1.);
#7851 = DIRECTION('',(-1.,-0.,-0.));
#7852 = PCURVE('',#4237,#7853);
#7853 = DEFINITIONAL_REPRESENTATION('',(#7854),#7858);
#7854 = LINE('',#7855,#7856);
#7855 = CARTESIAN_POINT('',(-2.22044604925E-16,0.));
#7856 = VECTOR('',#7857,1.);
#7857 = DIRECTION('',(0.,-1.));
#7858 = ( GEOMETRIC_REPRESENTATION_CONTEXT(2) 
PARAMETRIC_REPRESENTATION_CONTEXT() REPRESENTATION_CONTEXT('2D SPACE',''
  ) );
#7859 = PCURVE('',#7006,#7860);
#7860 = DEFINITIONAL_REPRESENTATION('',(#7861),#7865);
#7861 = LINE('',#7862,#7863);
#7862 = CARTESIAN_POINT('',(4.712388980385,0.));
#7863 = VECTOR('',#7864,1.);
#7864 = DIRECTION('',(0.,-1.));
#7865 = ( GEOMETRIC_REPRESENTATION_CONTEXT(2) 
PARAMETRIC_REPRESENTATION_CONTEXT() REPRESENTATION_CONTEXT('2D SPACE',''
  ) );
#7866 = ORIENTED_EDGE('',*,*,#7097,.F.);
#7867 = ORIENTED_EDGE('',*,*,#6579,.F.);
#7868 = ORIENTED_EDGE('',*,*,#6655,.F.);
#7869 = ORIENTED_EDGE('',*,*,#7870,.T.);
#7870 = EDGE_CURVE('',#6656,#4189,#7871,.T.);
#7871 = SURFACE_CURVE('',#7872,(#7876,#7883),.PCURVE_S1.);
#7872 = LINE('',#7873,#7874);
#7873 = CARTESIAN_POINT('',(50.,1.00000000004,60.8));
#7874 = VECTOR('',#7875,1.);
#7875 = DIRECTION('',(-1.,-0.,-0.));
#7876 = PCURVE('',#4237,#7877);
#7877 = DEFINITIONAL_REPRESENTATION('',(#7878),#7882);
#7878 = LINE('',#7879,#7880);
#7879 = CARTESIAN_POINT('',(-2.22044604925E-16,0.));
#7880 = VECTOR('',#7881,1.);
#7881 = DIRECTION('',(0.,-1.));
#7882 = ( GEOMETRIC_REPRESENTATION_CONTEXT(2) 
PARAMETRIC_REPRESENTATION_CONTEXT() REPRESENTATION_CONTEXT('2D SPACE',''
  ) );
#7883 = PCURVE('',#4209,#7884);
#7884 = DEFINITIONAL_REPRESENTATION('',(#7885),#7889);
#7885 = LINE('',#7886,#7887);
#7886 = CARTESIAN_POINT('',(4.712388980385,0.));
#7887 = VECTOR('',#7888,1.);
#7888 = DIRECTION('',(0.,-1.));
#7889 = ( GEOMETRIC_REPRESENTATION_CONTEXT(2) 
PARAMETRIC_REPRESENTATION_CONTEXT() REPRESENTATION_CONTEXT('2D SPACE',''
  ) );
#7890 = ORIENTED_EDGE('',*,*,#4221,.F.);
#7891 = ORIENTED_EDGE('',*,*,#7768,.F.);
#7892 = ADVANCED_FACE('',(#7893),#4209,.F.);
#7893 = FACE_BOUND('',#7894,.F.);
#7894 = EDGE_LOOP('',(#7895,#7896,#7897,#7898,#7899));
#7895 = ORIENTED_EDGE('',*,*,#6754,.F.);
#7896 = ORIENTED_EDGE('',*,*,#7797,.T.);
#7897 = ORIENTED_EDGE('',*,*,#4188,.T.);
#7898 = ORIENTED_EDGE('',*,*,#7870,.F.);
#7899 = ORIENTED_EDGE('',*,*,#6678,.F.);
#7900 = ADVANCED_FACE('',(#7901),#4473,.T.);
#7901 = FACE_BOUND('',#7902,.T.);
#7902 = EDGE_LOOP('',(#7903,#7926,#7954,#7982,#8003));
#7903 = ORIENTED_EDGE('',*,*,#7904,.F.);
#7904 = EDGE_CURVE('',#7905,#4430,#7907,.T.);
#7905 = VERTEX_POINT('',#7906);
#7906 = CARTESIAN_POINT('',(-20.87128129211,-22.29999999998,59.2));
#7907 = SURFACE_CURVE('',#7908,(#7912,#7919),.PCURVE_S1.);
#7908 = LINE('',#7909,#7910);
#7909 = CARTESIAN_POINT('',(-15.32871870789,-22.3,59.2));
#7910 = VECTOR('',#7911,1.);
#7911 = DIRECTION('',(-1.,0.,0.));
#7912 = PCURVE('',#4473,#7913);
#7913 = DEFINITIONAL_REPRESENTATION('',(#7914),#7918);
#7914 = LINE('',#7915,#7916);
#7915 = CARTESIAN_POINT('',(-27.32871870789,-1.617555035502));
#7916 = VECTOR('',#7917,1.);
#7917 = DIRECTION('',(-1.,0.));
#7918 = ( GEOMETRIC_REPRESENTATION_CONTEXT(2) 
PARAMETRIC_REPRESENTATION_CONTEXT() REPRESENTATION_CONTEXT('2D SPACE',''
  ) );
#7919 = PCURVE('',#4445,#7920);
#7920 = DEFINITIONAL_REPRESENTATION('',(#7921),#7925);
#7921 = LINE('',#7922,#7923);
#7922 = CARTESIAN_POINT('',(4.566504578978,-0.430863932923));
#7923 = VECTOR('',#7924,1.);
#7924 = DIRECTION('',(-1.,3.667129032334E-24));
#7925 = ( GEOMETRIC_REPRESENTATION_CONTEXT(2) 
PARAMETRIC_REPRESENTATION_CONTEXT() REPRESENTATION_CONTEXT('2D SPACE',''
  ) );
#7926 = ORIENTED_EDGE('',*,*,#7927,.F.);
#7927 = EDGE_CURVE('',#7928,#7905,#7930,.T.);
#7928 = VERTEX_POINT('',#7929);
#7929 = CARTESIAN_POINT('',(-23.64256258422,-17.49999999996,59.2));
#7930 = SURFACE_CURVE('',#7931,(#7935,#7942),.PCURVE_S1.);
#7931 = LINE('',#7932,#7933);
#7932 = CARTESIAN_POINT('',(-18.49822271483,-26.41025802514,59.2));
#7933 = VECTOR('',#7934,1.);
#7934 = DIRECTION('',(0.5,-0.866025403784,0.));
#7935 = PCURVE('',#4473,#7936);
#7936 = DEFINITIONAL_REPRESENTATION('',(#7937),#7941);
#7937 = LINE('',#7938,#7939);
#7938 = CARTESIAN_POINT('',(-30.49822271483,-5.727813060642));
#7939 = VECTOR('',#7940,1.);
#7940 = DIRECTION('',(0.5,-0.866025403784));
#7941 = ( GEOMETRIC_REPRESENTATION_CONTEXT(2) 
PARAMETRIC_REPRESENTATION_CONTEXT() REPRESENTATION_CONTEXT('2D SPACE',''
  ) );
#7942 = PCURVE('',#7943,#7948);
#7943 = PLANE('',#7944);
#7944 = AXIS2_PLACEMENT_3D('',#7945,#7946,#7947);
#7945 = CARTESIAN_POINT('',(-23.64256258422,-17.49999999996,53.));
#7946 = DIRECTION('',(0.866025403784,0.5,0.));
#7947 = DIRECTION('',(0.5,-0.866025403784,0.));
#7948 = DEFINITIONAL_REPRESENTATION('',(#7949),#7953);
#7949 = LINE('',#7950,#7951);
#7950 = CARTESIAN_POINT('',(10.288679738773,-6.2));
#7951 = VECTOR('',#7952,1.);
#7952 = DIRECTION('',(1.,0.));
#7953 = ( GEOMETRIC_REPRESENTATION_CONTEXT(2) 
PARAMETRIC_REPRESENTATION_CONTEXT() REPRESENTATION_CONTEXT('2D SPACE',''
  ) );
#7954 = ORIENTED_EDGE('',*,*,#7955,.F.);
#7955 = EDGE_CURVE('',#7956,#7928,#7958,.T.);
#7956 = VERTEX_POINT('',#7957);
#7957 = CARTESIAN_POINT('',(-20.87128129211,-12.69999999996,59.2));
#7958 = SURFACE_CURVE('',#7959,(#7963,#7970),.PCURVE_S1.);
#7959 = LINE('',#7960,#7961);
#7960 = CARTESIAN_POINT('',(-18.49062116149,-8.576575698184,59.2));
#7961 = VECTOR('',#7962,1.);
#7962 = DIRECTION('',(-0.5,-0.866025403784,0.));
#7963 = PCURVE('',#4473,#7964);
#7964 = DEFINITIONAL_REPRESENTATION('',(#7965),#7969);
#7965 = LINE('',#7966,#7967);
#7966 = CARTESIAN_POINT('',(-30.49062116149,12.105869266314));
#7967 = VECTOR('',#7968,1.);
#7968 = DIRECTION('',(-0.5,-0.866025403784));
#7969 = ( GEOMETRIC_REPRESENTATION_CONTEXT(2) 
PARAMETRIC_REPRESENTATION_CONTEXT() REPRESENTATION_CONTEXT('2D SPACE',''
  ) );
#7970 = PCURVE('',#7971,#7976);
#7971 = PLANE('',#7972);
#7972 = AXIS2_PLACEMENT_3D('',#7973,#7974,#7975);
#7973 = CARTESIAN_POINT('',(-20.87128129211,-12.69999999996,53.));
#7974 = DIRECTION('',(0.866025403784,-0.5,0.));
#7975 = DIRECTION('',(-0.5,-0.866025403784,0.));
#7976 = DEFINITIONAL_REPRESENTATION('',(#7977),#7981);
#7977 = LINE('',#7978,#7979);
#7978 = CARTESIAN_POINT('',(-4.761320261227,-6.2));
#7979 = VECTOR('',#7980,1.);
#7980 = DIRECTION('',(1.,-0.));
#7981 = ( GEOMETRIC_REPRESENTATION_CONTEXT(2) 
PARAMETRIC_REPRESENTATION_CONTEXT() REPRESENTATION_CONTEXT('2D SPACE',''
  ) );
#7982 = ORIENTED_EDGE('',*,*,#7983,.F.);
#7983 = EDGE_CURVE('',#4458,#7956,#7984,.T.);
#7984 = SURFACE_CURVE('',#7985,(#7989,#7996),.PCURVE_S1.);
#7985 = LINE('',#7986,#7987);
#7986 = CARTESIAN_POINT('',(-26.,-12.69999999996,59.2));
#7987 = VECTOR('',#7988,1.);
#7988 = DIRECTION('',(1.,0.,0.));
#7989 = PCURVE('',#4473,#7990);
#7990 = DEFINITIONAL_REPRESENTATION('',(#7991),#7995);
#7991 = LINE('',#7992,#7993);
#7992 = CARTESIAN_POINT('',(-38.,7.982444964538));
#7993 = VECTOR('',#7994,1.);
#7994 = DIRECTION('',(1.,0.));
#7995 = ( GEOMETRIC_REPRESENTATION_CONTEXT(2) 
PARAMETRIC_REPRESENTATION_CONTEXT() REPRESENTATION_CONTEXT('2D SPACE',''
  ) );
#7996 = PCURVE('',#4499,#7997);
#7997 = DEFINITIONAL_REPRESENTATION('',(#7998),#8002);
#7998 = LINE('',#7999,#8000);
#7999 = CARTESIAN_POINT('',(-0.430863932923,-6.104776713132));
#8000 = VECTOR('',#8001,1.);
#8001 = DIRECTION('',(0.,1.));
#8002 = ( GEOMETRIC_REPRESENTATION_CONTEXT(2) 
PARAMETRIC_REPRESENTATION_CONTEXT() REPRESENTATION_CONTEXT('2D SPACE',''
  ) );
#8003 = ORIENTED_EDGE('',*,*,#4457,.F.);
#8004 = ADVANCED_FACE('',(#8005),#7971,.T.);
#8005 = FACE_BOUND('',#8006,.T.);
#8006 = EDGE_LOOP('',(#8007,#8032,#8053,#8054));
#8007 = ORIENTED_EDGE('',*,*,#8008,.F.);
#8008 = EDGE_CURVE('',#8009,#8011,#8013,.T.);
#8009 = VERTEX_POINT('',#8010);
#8010 = CARTESIAN_POINT('',(-20.87128129211,-12.69999999996,53.));
#8011 = VERTEX_POINT('',#8012);
#8012 = CARTESIAN_POINT('',(-23.64256258422,-17.49999999996,53.));
#8013 = SURFACE_CURVE('',#8014,(#8018,#8025),.PCURVE_S1.);
#8014 = LINE('',#8015,#8016);
#8015 = CARTESIAN_POINT('',(-20.87128129211,-12.69999999996,53.));
#8016 = VECTOR('',#8017,1.);
#8017 = DIRECTION('',(-0.5,-0.866025403784,0.));
#8018 = PCURVE('',#7971,#8019);
#8019 = DEFINITIONAL_REPRESENTATION('',(#8020),#8024);
#8020 = LINE('',#8021,#8022);
#8021 = CARTESIAN_POINT('',(0.,0.));
#8022 = VECTOR('',#8023,1.);
#8023 = DIRECTION('',(1.,-0.));
#8024 = ( GEOMETRIC_REPRESENTATION_CONTEXT(2) 
PARAMETRIC_REPRESENTATION_CONTEXT() REPRESENTATION_CONTEXT('2D SPACE',''
  ) );
#8025 = PCURVE('',#3735,#8026);
#8026 = DEFINITIONAL_REPRESENTATION('',(#8027),#8031);
#8027 = LINE('',#8028,#8029);
#8028 = CARTESIAN_POINT('',(32.87128129211,-12.69999999996));
#8029 = VECTOR('',#8030,1.);
#8030 = DIRECTION('',(0.5,-0.866025403784));
#8031 = ( GEOMETRIC_REPRESENTATION_CONTEXT(2) 
PARAMETRIC_REPRESENTATION_CONTEXT() REPRESENTATION_CONTEXT('2D SPACE',''
  ) );
#8032 = ORIENTED_EDGE('',*,*,#8033,.T.);
#8033 = EDGE_CURVE('',#8009,#7956,#8034,.T.);
#8034 = SURFACE_CURVE('',#8035,(#8039,#8046),.PCURVE_S1.);
#8035 = LINE('',#8036,#8037);
#8036 = CARTESIAN_POINT('',(-20.87128129211,-12.69999999996,53.));
#8037 = VECTOR('',#8038,1.);
#8038 = DIRECTION('',(0.,0.,1.));
#8039 = PCURVE('',#7971,#8040);
#8040 = DEFINITIONAL_REPRESENTATION('',(#8041),#8045);
#8041 = LINE('',#8042,#8043);
#8042 = CARTESIAN_POINT('',(0.,0.));
#8043 = VECTOR('',#8044,1.);
#8044 = DIRECTION('',(0.,-1.));
#8045 = ( GEOMETRIC_REPRESENTATION_CONTEXT(2) 
PARAMETRIC_REPRESENTATION_CONTEXT() REPRESENTATION_CONTEXT('2D SPACE',''
  ) );
#8046 = PCURVE('',#4499,#8047);
#8047 = DEFINITIONAL_REPRESENTATION('',(#8048),#8052);
#8048 = LINE('',#8049,#8050);
#8049 = CARTESIAN_POINT('',(5.769136067077,-0.976058005242));
#8050 = VECTOR('',#8051,1.);
#8051 = DIRECTION('',(-1.,0.));
#8052 = ( GEOMETRIC_REPRESENTATION_CONTEXT(2) 
PARAMETRIC_REPRESENTATION_CONTEXT() REPRESENTATION_CONTEXT('2D SPACE',''
  ) );
#8053 = ORIENTED_EDGE('',*,*,#7955,.T.);
#8054 = ORIENTED_EDGE('',*,*,#8055,.F.);
#8055 = EDGE_CURVE('',#8011,#7928,#8056,.T.);
#8056 = SURFACE_CURVE('',#8057,(#8061,#8068),.PCURVE_S1.);
#8057 = LINE('',#8058,#8059);
#8058 = CARTESIAN_POINT('',(-23.64256258422,-17.49999999996,53.));
#8059 = VECTOR('',#8060,1.);
#8060 = DIRECTION('',(0.,0.,1.));
#8061 = PCURVE('',#7971,#8062);
#8062 = DEFINITIONAL_REPRESENTATION('',(#8063),#8067);
#8063 = LINE('',#8064,#8065);
#8064 = CARTESIAN_POINT('',(5.54256258422,-0.));
#8065 = VECTOR('',#8066,1.);
#8066 = DIRECTION('',(0.,-1.));
#8067 = ( GEOMETRIC_REPRESENTATION_CONTEXT(2) 
PARAMETRIC_REPRESENTATION_CONTEXT() REPRESENTATION_CONTEXT('2D SPACE',''
  ) );
#8068 = PCURVE('',#7943,#8069);
#8069 = DEFINITIONAL_REPRESENTATION('',(#8070),#8074);
#8070 = LINE('',#8071,#8072);
#8071 = CARTESIAN_POINT('',(0.,0.));
#8072 = VECTOR('',#8073,1.);
#8073 = DIRECTION('',(0.,-1.));
#8074 = ( GEOMETRIC_REPRESENTATION_CONTEXT(2) 
PARAMETRIC_REPRESENTATION_CONTEXT() REPRESENTATION_CONTEXT('2D SPACE',''
  ) );
#8075 = ADVANCED_FACE('',(#8076),#7943,.T.);
#8076 = FACE_BOUND('',#8077,.T.);
#8077 = EDGE_LOOP('',(#8078,#8101,#8102,#8103));
#8078 = ORIENTED_EDGE('',*,*,#8079,.F.);
#8079 = EDGE_CURVE('',#8011,#8080,#8082,.T.);
#8080 = VERTEX_POINT('',#8081);
#8081 = CARTESIAN_POINT('',(-20.87128129211,-22.29999999996,53.));
#8082 = SURFACE_CURVE('',#8083,(#8087,#8094),.PCURVE_S1.);
#8083 = LINE('',#8084,#8085);
#8084 = CARTESIAN_POINT('',(-23.64256258422,-17.49999999996,53.));
#8085 = VECTOR('',#8086,1.);
#8086 = DIRECTION('',(0.5,-0.866025403784,0.));
#8087 = PCURVE('',#7943,#8088);
#8088 = DEFINITIONAL_REPRESENTATION('',(#8089),#8093);
#8089 = LINE('',#8090,#8091);
#8090 = CARTESIAN_POINT('',(0.,0.));
#8091 = VECTOR('',#8092,1.);
#8092 = DIRECTION('',(1.,0.));
#8093 = ( GEOMETRIC_REPRESENTATION_CONTEXT(2) 
PARAMETRIC_REPRESENTATION_CONTEXT() REPRESENTATION_CONTEXT('2D SPACE',''
  ) );
#8094 = PCURVE('',#3735,#8095);
#8095 = DEFINITIONAL_REPRESENTATION('',(#8096),#8100);
#8096 = LINE('',#8097,#8098);
#8097 = CARTESIAN_POINT('',(35.64256258422,-17.49999999996));
#8098 = VECTOR('',#8099,1.);
#8099 = DIRECTION('',(-0.5,-0.866025403784));
#8100 = ( GEOMETRIC_REPRESENTATION_CONTEXT(2) 
PARAMETRIC_REPRESENTATION_CONTEXT() REPRESENTATION_CONTEXT('2D SPACE',''
  ) );
#8101 = ORIENTED_EDGE('',*,*,#8055,.T.);
#8102 = ORIENTED_EDGE('',*,*,#7927,.T.);
#8103 = ORIENTED_EDGE('',*,*,#8104,.F.);
#8104 = EDGE_CURVE('',#8080,#7905,#8105,.T.);
#8105 = SURFACE_CURVE('',#8106,(#8110,#8117),.PCURVE_S1.);
#8106 = LINE('',#8107,#8108);
#8107 = CARTESIAN_POINT('',(-20.87128129211,-22.29999999996,53.));
#8108 = VECTOR('',#8109,1.);
#8109 = DIRECTION('',(0.,0.,1.));
#8110 = PCURVE('',#7943,#8111);
#8111 = DEFINITIONAL_REPRESENTATION('',(#8112),#8116);
#8112 = LINE('',#8113,#8114);
#8113 = CARTESIAN_POINT('',(5.54256258422,0.));
#8114 = VECTOR('',#8115,1.);
#8115 = DIRECTION('',(0.,-1.));
#8116 = ( GEOMETRIC_REPRESENTATION_CONTEXT(2) 
PARAMETRIC_REPRESENTATION_CONTEXT() REPRESENTATION_CONTEXT('2D SPACE',''
  ) );
#8117 = PCURVE('',#4445,#8118);
#8118 = DEFINITIONAL_REPRESENTATION('',(#8119),#8123);
#8119 = LINE('',#8120,#8121);
#8120 = CARTESIAN_POINT('',(-0.976058005242,5.769136067077));
#8121 = VECTOR('',#8122,1.);
#8122 = DIRECTION('',(1.385027831476E-40,-1.));
#8123 = ( GEOMETRIC_REPRESENTATION_CONTEXT(2) 
PARAMETRIC_REPRESENTATION_CONTEXT() REPRESENTATION_CONTEXT('2D SPACE',''
  ) );
#8124 = ADVANCED_FACE('',(#8125),#5043,.T.);
#8125 = FACE_BOUND('',#8126,.T.);
#8126 = EDGE_LOOP('',(#8127,#8128,#8150,#8151));
#8127 = ORIENTED_EDGE('',*,*,#5027,.F.);
#8128 = ORIENTED_EDGE('',*,*,#8129,.F.);
#8129 = EDGE_CURVE('',#5243,#5000,#8130,.T.);
#8130 = SURFACE_CURVE('',#8131,(#8136,#8143),.PCURVE_S1.);
#8131 = CIRCLE('',#8132,15.);
#8132 = AXIS2_PLACEMENT_3D('',#8133,#8134,#8135);
#8133 = CARTESIAN_POINT('',(35.,-17.49999999996,68.));
#8134 = DIRECTION('',(0.,0.,1.));
#8135 = DIRECTION('',(1.,0.,0.));
#8136 = PCURVE('',#5043,#8137);
#8137 = DEFINITIONAL_REPRESENTATION('',(#8138),#8142);
#8138 = CIRCLE('',#8139,15.);
#8139 = AXIS2_PLACEMENT_2D('',#8140,#8141);
#8140 = CARTESIAN_POINT('',(21.855813050628,-16.96907991928));
#8141 = DIRECTION('',(1.,0.));
#8142 = ( GEOMETRIC_REPRESENTATION_CONTEXT(2) 
PARAMETRIC_REPRESENTATION_CONTEXT() REPRESENTATION_CONTEXT('2D SPACE',''
  ) );
#8143 = PCURVE('',#5015,#8144);
#8144 = DEFINITIONAL_REPRESENTATION('',(#8145),#8149);
#8145 = LINE('',#8146,#8147);
#8146 = CARTESIAN_POINT('',(0.,0.));
#8147 = VECTOR('',#8148,1.);
#8148 = DIRECTION('',(1.,0.));
#8149 = ( GEOMETRIC_REPRESENTATION_CONTEXT(2) 
PARAMETRIC_REPRESENTATION_CONTEXT() REPRESENTATION_CONTEXT('2D SPACE',''
  ) );
#8150 = ORIENTED_EDGE('',*,*,#5242,.F.);
#8151 = ORIENTED_EDGE('',*,*,#5216,.T.);
#8152 = ADVANCED_FACE('',(#8153),#5015,.F.);
#8153 = FACE_BOUND('',#8154,.F.);
#8154 = EDGE_LOOP('',(#8155,#8156,#8157,#8158));
#8155 = ORIENTED_EDGE('',*,*,#5265,.T.);
#8156 = ORIENTED_EDGE('',*,*,#6150,.T.);
#8157 = ORIENTED_EDGE('',*,*,#4999,.F.);
#8158 = ORIENTED_EDGE('',*,*,#8129,.F.);
#8159 = ADVANCED_FACE('',(#8160),#4964,.T.);
#8160 = FACE_BOUND('',#8161,.T.);
#8161 = EDGE_LOOP('',(#8162,#8163,#8184,#8185));
#8162 = ORIENTED_EDGE('',*,*,#4947,.F.);
#8163 = ORIENTED_EDGE('',*,*,#8164,.T.);
#8164 = EDGE_CURVE('',#4920,#7534,#8165,.T.);
#8165 = SURFACE_CURVE('',#8166,(#8170,#8177),.PCURVE_S1.);
#8166 = LINE('',#8167,#8168);
#8167 = CARTESIAN_POINT('',(50.,-0.99999999996,63.8));
#8168 = VECTOR('',#8169,1.);
#8169 = DIRECTION('',(-1.,-0.,-0.));
#8170 = PCURVE('',#4964,#8171);
#8171 = DEFINITIONAL_REPRESENTATION('',(#8172),#8176);
#8172 = LINE('',#8173,#8174);
#8173 = CARTESIAN_POINT('',(4.790863341028E-16,0.));
#8174 = VECTOR('',#8175,1.);
#8175 = DIRECTION('',(0.,-1.));
#8176 = ( GEOMETRIC_REPRESENTATION_CONTEXT(2) 
PARAMETRIC_REPRESENTATION_CONTEXT() REPRESENTATION_CONTEXT('2D SPACE',''
  ) );
#8177 = PCURVE('',#4935,#8178);
#8178 = DEFINITIONAL_REPRESENTATION('',(#8179),#8183);
#8179 = LINE('',#8180,#8181);
#8180 = CARTESIAN_POINT('',(0.,0.));
#8181 = VECTOR('',#8182,1.);
#8182 = DIRECTION('',(0.,-1.));
#8183 = ( GEOMETRIC_REPRESENTATION_CONTEXT(2) 
PARAMETRIC_REPRESENTATION_CONTEXT() REPRESENTATION_CONTEXT('2D SPACE',''
  ) );
#8184 = ORIENTED_EDGE('',*,*,#7533,.F.);
#8185 = ORIENTED_EDGE('',*,*,#6173,.F.);
#8186 = ADVANCED_FACE('',(#8187),#4935,.F.);
#8187 = FACE_BOUND('',#8188,.F.);
#8188 = EDGE_LOOP('',(#8189,#8190,#8191,#8192));
#8189 = ORIENTED_EDGE('',*,*,#4919,.F.);
#8190 = ORIENTED_EDGE('',*,*,#8164,.T.);
#8191 = ORIENTED_EDGE('',*,*,#7562,.F.);
#8192 = ORIENTED_EDGE('',*,*,#8193,.F.);
#8193 = EDGE_CURVE('',#4891,#7563,#8194,.T.);
#8194 = SURFACE_CURVE('',#8195,(#8199,#8206),.PCURVE_S1.);
#8195 = LINE('',#8196,#8197);
#8196 = CARTESIAN_POINT('',(50.,-0.99999999996,62.8));
#8197 = VECTOR('',#8198,1.);
#8198 = DIRECTION('',(-1.,-0.,-0.));
#8199 = PCURVE('',#4935,#8200);
#8200 = DEFINITIONAL_REPRESENTATION('',(#8201),#8205);
#8201 = LINE('',#8202,#8203);
#8202 = CARTESIAN_POINT('',(1.,0.));
#8203 = VECTOR('',#8204,1.);
#8204 = DIRECTION('',(0.,-1.));
#8205 = ( GEOMETRIC_REPRESENTATION_CONTEXT(2) 
PARAMETRIC_REPRESENTATION_CONTEXT() REPRESENTATION_CONTEXT('2D SPACE',''
  ) );
#8206 = PCURVE('',#4907,#8207);
#8207 = DEFINITIONAL_REPRESENTATION('',(#8208),#8212);
#8208 = LINE('',#8209,#8210);
#8209 = CARTESIAN_POINT('',(3.14159265359,0.));
#8210 = VECTOR('',#8211,1.);
#8211 = DIRECTION('',(0.,-1.));
#8212 = ( GEOMETRIC_REPRESENTATION_CONTEXT(2) 
PARAMETRIC_REPRESENTATION_CONTEXT() REPRESENTATION_CONTEXT('2D SPACE',''
  ) );
#8213 = ADVANCED_FACE('',(#8214),#4907,.F.);
#8214 = FACE_BOUND('',#8215,.F.);
#8215 = EDGE_LOOP('',(#8216,#8217,#8218,#8219,#8220));
#8216 = ORIENTED_EDGE('',*,*,#4890,.F.);
#8217 = ORIENTED_EDGE('',*,*,#8193,.T.);
#8218 = ORIENTED_EDGE('',*,*,#7585,.F.);
#8219 = ORIENTED_EDGE('',*,*,#7660,.F.);
#8220 = ORIENTED_EDGE('',*,*,#7822,.F.);
#8221 = ADVANCED_FACE('',(#8222),#7006,.F.);
#8222 = FACE_BOUND('',#8223,.F.);
#8223 = EDGE_LOOP('',(#8224,#8225,#8246,#8247,#8248,#8249));
#8224 = ORIENTED_EDGE('',*,*,#7355,.F.);
#8225 = ORIENTED_EDGE('',*,*,#8226,.T.);
#8226 = EDGE_CURVE('',#7356,#6962,#8227,.T.);
#8227 = SURFACE_CURVE('',#8228,(#8232,#8239),.PCURVE_S1.);
#8228 = LINE('',#8229,#8230);
#8229 = CARTESIAN_POINT('',(50.,-0.99999999996,62.8));
#8230 = VECTOR('',#8231,1.);
#8231 = DIRECTION('',(-1.,-0.,-0.));
#8232 = PCURVE('',#7006,#8233);
#8233 = DEFINITIONAL_REPRESENTATION('',(#8234),#8238);
#8234 = LINE('',#8235,#8236);
#8235 = CARTESIAN_POINT('',(3.14159265359,0.));
#8236 = VECTOR('',#8237,1.);
#8237 = DIRECTION('',(0.,-1.));
#8238 = ( GEOMETRIC_REPRESENTATION_CONTEXT(2) 
PARAMETRIC_REPRESENTATION_CONTEXT() REPRESENTATION_CONTEXT('2D SPACE',''
  ) );
#8239 = PCURVE('',#6977,#8240);
#8240 = DEFINITIONAL_REPRESENTATION('',(#8241),#8245);
#8241 = LINE('',#8242,#8243);
#8242 = CARTESIAN_POINT('',(1.,0.));
#8243 = VECTOR('',#8244,1.);
#8244 = DIRECTION('',(0.,-1.));
#8245 = ( GEOMETRIC_REPRESENTATION_CONTEXT(2) 
PARAMETRIC_REPRESENTATION_CONTEXT() REPRESENTATION_CONTEXT('2D SPACE',''
  ) );
#8246 = ORIENTED_EDGE('',*,*,#6989,.F.);
#8247 = ORIENTED_EDGE('',*,*,#7069,.F.);
#8248 = ORIENTED_EDGE('',*,*,#7846,.F.);
#8249 = ORIENTED_EDGE('',*,*,#7279,.F.);
#8250 = ADVANCED_FACE('',(#8251),#6977,.F.);
#8251 = FACE_BOUND('',#8252,.F.);
#8252 = EDGE_LOOP('',(#8253,#8254,#8275,#8276));
#8253 = ORIENTED_EDGE('',*,*,#7384,.F.);
#8254 = ORIENTED_EDGE('',*,*,#8255,.T.);
#8255 = EDGE_CURVE('',#7385,#6933,#8256,.T.);
#8256 = SURFACE_CURVE('',#8257,(#8261,#8268),.PCURVE_S1.);
#8257 = LINE('',#8258,#8259);
#8258 = CARTESIAN_POINT('',(50.,-0.99999999996,63.8));
#8259 = VECTOR('',#8260,1.);
#8260 = DIRECTION('',(-1.,-0.,-0.));
#8261 = PCURVE('',#6977,#8262);
#8262 = DEFINITIONAL_REPRESENTATION('',(#8263),#8267);
#8263 = LINE('',#8264,#8265);
#8264 = CARTESIAN_POINT('',(0.,0.));
#8265 = VECTOR('',#8266,1.);
#8266 = DIRECTION('',(0.,-1.));
#8267 = ( GEOMETRIC_REPRESENTATION_CONTEXT(2) 
PARAMETRIC_REPRESENTATION_CONTEXT() REPRESENTATION_CONTEXT('2D SPACE',''
  ) );
#8268 = PCURVE('',#6296,#8269);
#8269 = DEFINITIONAL_REPRESENTATION('',(#8270),#8274);
#8270 = LINE('',#8271,#8272);
#8271 = CARTESIAN_POINT('',(4.790863341028E-16,0.));
#8272 = VECTOR('',#8273,1.);
#8273 = DIRECTION('',(0.,-1.));
#8274 = ( GEOMETRIC_REPRESENTATION_CONTEXT(2) 
PARAMETRIC_REPRESENTATION_CONTEXT() REPRESENTATION_CONTEXT('2D SPACE',''
  ) );
#8275 = ORIENTED_EDGE('',*,*,#6961,.F.);
#8276 = ORIENTED_EDGE('',*,*,#8226,.F.);
#8277 = ADVANCED_FACE('',(#8278),#6296,.T.);
#8278 = FACE_BOUND('',#8279,.T.);
#8279 = EDGE_LOOP('',(#8280,#8281,#8282,#8283));
#8280 = ORIENTED_EDGE('',*,*,#7407,.F.);
#8281 = ORIENTED_EDGE('',*,*,#8255,.T.);
#8282 = ORIENTED_EDGE('',*,*,#6932,.F.);
#8283 = ORIENTED_EDGE('',*,*,#6280,.F.);
#8284 = ADVANCED_FACE('',(#8285),#6436,.F.);
#8285 = FACE_BOUND('',#8286,.T.);
#8286 = EDGE_LOOP('',(#8287,#8310,#8336,#8337));
#8287 = ORIENTED_EDGE('',*,*,#8288,.F.);
#8288 = EDGE_CURVE('',#8289,#6416,#8291,.T.);
#8289 = VERTEX_POINT('',#8290);
#8290 = CARTESIAN_POINT('',(14.5,-24.,63.));
#8291 = SEAM_CURVE('',#8292,(#8296,#8303),.PCURVE_S1.);
#8292 = LINE('',#8293,#8294);
#8293 = CARTESIAN_POINT('',(14.5,-24.,63.));
#8294 = VECTOR('',#8295,1.);
#8295 = DIRECTION('',(0.,0.,1.));
#8296 = PCURVE('',#6436,#8297);
#8297 = DEFINITIONAL_REPRESENTATION('',(#8298),#8302);
#8298 = LINE('',#8299,#8300);
#8299 = CARTESIAN_POINT('',(-6.28318530718,0.));
#8300 = VECTOR('',#8301,1.);
#8301 = DIRECTION('',(-0.,-1.));
#8302 = ( GEOMETRIC_REPRESENTATION_CONTEXT(2) 
PARAMETRIC_REPRESENTATION_CONTEXT() REPRESENTATION_CONTEXT('2D SPACE',''
  ) );
#8303 = PCURVE('',#6436,#8304);
#8304 = DEFINITIONAL_REPRESENTATION('',(#8305),#8309);
#8305 = LINE('',#8306,#8307);
#8306 = CARTESIAN_POINT('',(-0.,0.));
#8307 = VECTOR('',#8308,1.);
#8308 = DIRECTION('',(-0.,-1.));
#8309 = ( GEOMETRIC_REPRESENTATION_CONTEXT(2) 
PARAMETRIC_REPRESENTATION_CONTEXT() REPRESENTATION_CONTEXT('2D SPACE',''
  ) );
#8310 = ORIENTED_EDGE('',*,*,#8311,.F.);
#8311 = EDGE_CURVE('',#8289,#8289,#8312,.T.);
#8312 = SURFACE_CURVE('',#8313,(#8318,#8325),.PCURVE_S1.);
#8313 = CIRCLE('',#8314,2.5);
#8314 = AXIS2_PLACEMENT_3D('',#8315,#8316,#8317);
#8315 = CARTESIAN_POINT('',(12.,-24.,63.));
#8316 = DIRECTION('',(0.,0.,1.));
#8317 = DIRECTION('',(1.,0.,0.));
#8318 = PCURVE('',#6436,#8319);
#8319 = DEFINITIONAL_REPRESENTATION('',(#8320),#8324);
#8320 = LINE('',#8321,#8322);
#8321 = CARTESIAN_POINT('',(-0.,0.));
#8322 = VECTOR('',#8323,1.);
#8323 = DIRECTION('',(-1.,0.));
#8324 = ( GEOMETRIC_REPRESENTATION_CONTEXT(2) 
PARAMETRIC_REPRESENTATION_CONTEXT() REPRESENTATION_CONTEXT('2D SPACE',''
  ) );
#8325 = PCURVE('',#5421,#8326);
#8326 = DEFINITIONAL_REPRESENTATION('',(#8327),#8335);
#8327 = ( BOUNDED_CURVE() B_SPLINE_CURVE(2,(#8328,#8329,#8330,#8331,
#8332,#8333,#8334),.UNSPECIFIED.,.T.,.F.) B_SPLINE_CURVE_WITH_KNOTS((1,2
    ,2,2,2,1),(-2.094395102393,0.,2.094395102393,4.188790204786,
6.28318530718,8.377580409573),.UNSPECIFIED.) CURVE() 
GEOMETRIC_REPRESENTATION_ITEM() RATIONAL_B_SPLINE_CURVE((1.,0.5,1.,0.5,
1.,0.5,1.)) REPRESENTATION_ITEM('') );
#8328 = CARTESIAN_POINT('',(-2.315414152406,-2.5));
#8329 = CARTESIAN_POINT('',(-6.645541171328,-2.5));
#8330 = CARTESIAN_POINT('',(-4.480477661867,1.25));
#8331 = CARTESIAN_POINT('',(-2.315414152406,5.));
#8332 = CARTESIAN_POINT('',(-0.150350642945,1.25));
#8333 = CARTESIAN_POINT('',(2.014712866517,-2.5));
#8334 = CARTESIAN_POINT('',(-2.315414152406,-2.5));
#8335 = ( GEOMETRIC_REPRESENTATION_CONTEXT(2) 
PARAMETRIC_REPRESENTATION_CONTEXT() REPRESENTATION_CONTEXT('2D SPACE',''
  ) );
#8336 = ORIENTED_EDGE('',*,*,#8288,.T.);
#8337 = ORIENTED_EDGE('',*,*,#6415,.F.);
#8338 = ADVANCED_FACE('',(#8339),#6471,.F.);
#8339 = FACE_BOUND('',#8340,.T.);
#8340 = EDGE_LOOP('',(#8341,#8364,#8390,#8391));
#8341 = ORIENTED_EDGE('',*,*,#8342,.F.);
#8342 = EDGE_CURVE('',#8343,#6451,#8345,.T.);
#8343 = VERTEX_POINT('',#8344);
#8344 = CARTESIAN_POINT('',(-15.6,-17.5,63.));
#8345 = SEAM_CURVE('',#8346,(#8350,#8357),.PCURVE_S1.);
#8346 = LINE('',#8347,#8348);
#8347 = CARTESIAN_POINT('',(-15.6,-17.5,63.));
#8348 = VECTOR('',#8349,1.);
#8349 = DIRECTION('',(0.,0.,1.));
#8350 = PCURVE('',#6471,#8351);
#8351 = DEFINITIONAL_REPRESENTATION('',(#8352),#8356);
#8352 = LINE('',#8353,#8354);
#8353 = CARTESIAN_POINT('',(-6.28318530718,0.));
#8354 = VECTOR('',#8355,1.);
#8355 = DIRECTION('',(-0.,-1.));
#8356 = ( GEOMETRIC_REPRESENTATION_CONTEXT(2) 
PARAMETRIC_REPRESENTATION_CONTEXT() REPRESENTATION_CONTEXT('2D SPACE',''
  ) );
#8357 = PCURVE('',#6471,#8358);
#8358 = DEFINITIONAL_REPRESENTATION('',(#8359),#8363);
#8359 = LINE('',#8360,#8361);
#8360 = CARTESIAN_POINT('',(-0.,0.));
#8361 = VECTOR('',#8362,1.);
#8362 = DIRECTION('',(-0.,-1.));
#8363 = ( GEOMETRIC_REPRESENTATION_CONTEXT(2) 
PARAMETRIC_REPRESENTATION_CONTEXT() REPRESENTATION_CONTEXT('2D SPACE',''
  ) );
#8364 = ORIENTED_EDGE('',*,*,#8365,.F.);
#8365 = EDGE_CURVE('',#8343,#8343,#8366,.T.);
#8366 = SURFACE_CURVE('',#8367,(#8372,#8379),.PCURVE_S1.);
#8367 = CIRCLE('',#8368,2.5);
#8368 = AXIS2_PLACEMENT_3D('',#8369,#8370,#8371);
#8369 = CARTESIAN_POINT('',(-18.1,-17.5,63.));
#8370 = DIRECTION('',(0.,0.,1.));
#8371 = DIRECTION('',(1.,0.,0.));
#8372 = PCURVE('',#6471,#8373);
#8373 = DEFINITIONAL_REPRESENTATION('',(#8374),#8378);
#8374 = LINE('',#8375,#8376);
#8375 = CARTESIAN_POINT('',(-0.,0.));
#8376 = VECTOR('',#8377,1.);
#8377 = DIRECTION('',(-1.,0.));
#8378 = ( GEOMETRIC_REPRESENTATION_CONTEXT(2) 
PARAMETRIC_REPRESENTATION_CONTEXT() REPRESENTATION_CONTEXT('2D SPACE',''
  ) );
#8379 = PCURVE('',#4417,#8380);
#8380 = DEFINITIONAL_REPRESENTATION('',(#8381),#8389);
#8381 = ( BOUNDED_CURVE() B_SPLINE_CURVE(2,(#8382,#8383,#8384,#8385,
#8386,#8387,#8388),.UNSPECIFIED.,.T.,.F.) B_SPLINE_CURVE_WITH_KNOTS((1,2
    ,2,2,2,1),(-2.094395102393,0.,2.094395102393,4.188790204786,
6.28318530718,8.377580409573),.UNSPECIFIED.) CURVE() 
GEOMETRIC_REPRESENTATION_ITEM() RATIONAL_B_SPLINE_CURVE((1.,0.5,1.,0.5,
1.,0.5,1.)) REPRESENTATION_ITEM('') );
#8382 = CARTESIAN_POINT('',(-4.510341384886,-3.031175310753E-11));
#8383 = CARTESIAN_POINT('',(-4.510341384886,4.330127018892));
#8384 = CARTESIAN_POINT('',(-0.760341384886,2.165063509431));
#8385 = CARTESIAN_POINT('',(2.989658615114,-3.031114078413E-11));
#8386 = CARTESIAN_POINT('',(-0.760341384886,-2.165063509491));
#8387 = CARTESIAN_POINT('',(-4.510341384886,-4.330127018953));
#8388 = CARTESIAN_POINT('',(-4.510341384886,-3.031175310753E-11));
#8389 = ( GEOMETRIC_REPRESENTATION_CONTEXT(2) 
PARAMETRIC_REPRESENTATION_CONTEXT() REPRESENTATION_CONTEXT('2D SPACE',''
  ) );
#8390 = ORIENTED_EDGE('',*,*,#8342,.T.);
#8391 = ORIENTED_EDGE('',*,*,#6450,.F.);
#8392 = ADVANCED_FACE('',(#8393),#6506,.F.);
#8393 = FACE_BOUND('',#8394,.T.);
#8394 = EDGE_LOOP('',(#8395,#8418,#8444,#8445));
#8395 = ORIENTED_EDGE('',*,*,#8396,.F.);
#8396 = EDGE_CURVE('',#8397,#6486,#8399,.T.);
#8397 = VERTEX_POINT('',#8398);
#8398 = CARTESIAN_POINT('',(44.6,-17.5,63.));
#8399 = SEAM_CURVE('',#8400,(#8404,#8411),.PCURVE_S1.);
#8400 = LINE('',#8401,#8402);
#8401 = CARTESIAN_POINT('',(44.6,-17.5,63.));
#8402 = VECTOR('',#8403,1.);
#8403 = DIRECTION('',(0.,0.,1.));
#8404 = PCURVE('',#6506,#8405);
#8405 = DEFINITIONAL_REPRESENTATION('',(#8406),#8410);
#8406 = LINE('',#8407,#8408);
#8407 = CARTESIAN_POINT('',(-6.28318530718,0.));
#8408 = VECTOR('',#8409,1.);
#8409 = DIRECTION('',(-0.,-1.));
#8410 = ( GEOMETRIC_REPRESENTATION_CONTEXT(2) 
PARAMETRIC_REPRESENTATION_CONTEXT() REPRESENTATION_CONTEXT('2D SPACE',''
  ) );
#8411 = PCURVE('',#6506,#8412);
#8412 = DEFINITIONAL_REPRESENTATION('',(#8413),#8417);
#8413 = LINE('',#8414,#8415);
#8414 = CARTESIAN_POINT('',(-0.,0.));
#8415 = VECTOR('',#8416,1.);
#8416 = DIRECTION('',(-0.,-1.));
#8417 = ( GEOMETRIC_REPRESENTATION_CONTEXT(2) 
PARAMETRIC_REPRESENTATION_CONTEXT() REPRESENTATION_CONTEXT('2D SPACE',''
  ) );
#8418 = ORIENTED_EDGE('',*,*,#8419,.F.);
#8419 = EDGE_CURVE('',#8397,#8397,#8420,.T.);
#8420 = SURFACE_CURVE('',#8421,(#8426,#8433),.PCURVE_S1.);
#8421 = CIRCLE('',#8422,2.5);
#8422 = AXIS2_PLACEMENT_3D('',#8423,#8424,#8425);
#8423 = CARTESIAN_POINT('',(42.1,-17.5,63.));
#8424 = DIRECTION('',(0.,0.,1.));
#8425 = DIRECTION('',(1.,0.,0.));
#8426 = PCURVE('',#6506,#8427);
#8427 = DEFINITIONAL_REPRESENTATION('',(#8428),#8432);
#8428 = LINE('',#8429,#8430);
#8429 = CARTESIAN_POINT('',(-0.,0.));
#8430 = VECTOR('',#8431,1.);
#8431 = DIRECTION('',(-1.,0.));
#8432 = ( GEOMETRIC_REPRESENTATION_CONTEXT(2) 
PARAMETRIC_REPRESENTATION_CONTEXT() REPRESENTATION_CONTEXT('2D SPACE',''
  ) );
#8433 = PCURVE('',#5101,#8434);
#8434 = DEFINITIONAL_REPRESENTATION('',(#8435),#8443);
#8435 = ( BOUNDED_CURVE() B_SPLINE_CURVE(2,(#8436,#8437,#8438,#8439,
#8440,#8441,#8442),.UNSPECIFIED.,.T.,.F.) B_SPLINE_CURVE_WITH_KNOTS((1,2
    ,2,2,2,1),(-2.094395102393,0.,2.094395102393,4.188790204786,
6.28318530718,8.377580409573),.UNSPECIFIED.) CURVE() 
GEOMETRIC_REPRESENTATION_ITEM() RATIONAL_B_SPLINE_CURVE((1.,0.5,1.,0.5,
1.,0.5,1.)) REPRESENTATION_ITEM('') );
#8436 = CARTESIAN_POINT('',(-0.489658615114,-3.03153058212E-11));
#8437 = CARTESIAN_POINT('',(-0.489658615114,4.330127018892));
#8438 = CARTESIAN_POINT('',(3.260341384886,2.165063509431));
#8439 = CARTESIAN_POINT('',(7.010341384886,-3.031469349781E-11));
#8440 = CARTESIAN_POINT('',(3.260341384886,-2.165063509491));
#8441 = CARTESIAN_POINT('',(-0.489658615114,-4.330127018953));
#8442 = CARTESIAN_POINT('',(-0.489658615114,-3.03153058212E-11));
#8443 = ( GEOMETRIC_REPRESENTATION_CONTEXT(2) 
PARAMETRIC_REPRESENTATION_CONTEXT() REPRESENTATION_CONTEXT('2D SPACE',''
  ) );
#8444 = ORIENTED_EDGE('',*,*,#8396,.T.);
#8445 = ORIENTED_EDGE('',*,*,#6485,.F.);
#8446 = ADVANCED_FACE('',(#8447,#8457,#8561,#8665,#8673,#8681,#8689),
  #3735,.T.);
#8447 = FACE_BOUND('',#8448,.T.);
#8448 = EDGE_LOOP('',(#8449,#8450,#8451,#8452,#8453,#8454,#8455,#8456));
#8449 = ORIENTED_EDGE('',*,*,#3985,.T.);
#8450 = ORIENTED_EDGE('',*,*,#4515,.F.);
#8451 = ORIENTED_EDGE('',*,*,#4596,.T.);
#8452 = ORIENTED_EDGE('',*,*,#4673,.F.);
#8453 = ORIENTED_EDGE('',*,*,#4749,.T.);
#8454 = ORIENTED_EDGE('',*,*,#5160,.F.);
#8455 = ORIENTED_EDGE('',*,*,#5380,.T.);
#8456 = ORIENTED_EDGE('',*,*,#5519,.F.);
#8457 = FACE_BOUND('',#8458,.T.);
#8458 = EDGE_LOOP('',(#8459,#8489,#8510,#8511,#8512,#8535));
#8459 = ORIENTED_EDGE('',*,*,#8460,.T.);
#8460 = EDGE_CURVE('',#8461,#8463,#8465,.T.);
#8461 = VERTEX_POINT('',#8462);
#8462 = CARTESIAN_POINT('',(-12.55743741578,-17.49999999996,53.));
#8463 = VERTEX_POINT('',#8464);
#8464 = CARTESIAN_POINT('',(-15.32871870789,-12.69999999996,53.));
#8465 = SURFACE_CURVE('',#8466,(#8470,#8477),.PCURVE_S1.);
#8466 = LINE('',#8467,#8468);
#8467 = CARTESIAN_POINT('',(-12.55743741578,-17.49999999996,53.));
#8468 = VECTOR('',#8469,1.);
#8469 = DIRECTION('',(-0.5,0.866025403784,0.));
#8470 = PCURVE('',#3735,#8471);
#8471 = DEFINITIONAL_REPRESENTATION('',(#8472),#8476);
#8472 = LINE('',#8473,#8474);
#8473 = CARTESIAN_POINT('',(24.55743741578,-17.49999999996));
#8474 = VECTOR('',#8475,1.);
#8475 = DIRECTION('',(0.5,0.866025403784));
#8476 = ( GEOMETRIC_REPRESENTATION_CONTEXT(2) 
PARAMETRIC_REPRESENTATION_CONTEXT() REPRESENTATION_CONTEXT('2D SPACE',''
  ) );
#8477 = PCURVE('',#8478,#8483);
#8478 = PLANE('',#8479);
#8479 = AXIS2_PLACEMENT_3D('',#8480,#8481,#8482);
#8480 = CARTESIAN_POINT('',(-12.55743741578,-17.49999999996,53.));
#8481 = DIRECTION('',(-0.866025403784,-0.5,0.));
#8482 = DIRECTION('',(-0.5,0.866025403784,0.));
#8483 = DEFINITIONAL_REPRESENTATION('',(#8484),#8488);
#8484 = LINE('',#8485,#8486);
#8485 = CARTESIAN_POINT('',(0.,0.));
#8486 = VECTOR('',#8487,1.);
#8487 = DIRECTION('',(1.,0.));
#8488 = ( GEOMETRIC_REPRESENTATION_CONTEXT(2) 
PARAMETRIC_REPRESENTATION_CONTEXT() REPRESENTATION_CONTEXT('2D SPACE',''
  ) );
#8489 = ORIENTED_EDGE('',*,*,#8490,.T.);
#8490 = EDGE_CURVE('',#8463,#8009,#8491,.T.);
#8491 = SURFACE_CURVE('',#8492,(#8496,#8503),.PCURVE_S1.);
#8492 = LINE('',#8493,#8494);
#8493 = CARTESIAN_POINT('',(-15.32871870789,-12.69999999996,53.));
#8494 = VECTOR('',#8495,1.);
#8495 = DIRECTION('',(-1.,0.,0.));
#8496 = PCURVE('',#3735,#8497);
#8497 = DEFINITIONAL_REPRESENTATION('',(#8498),#8502);
#8498 = LINE('',#8499,#8500);
#8499 = CARTESIAN_POINT('',(27.32871870789,-12.69999999996));
#8500 = VECTOR('',#8501,1.);
#8501 = DIRECTION('',(1.,0.));
#8502 = ( GEOMETRIC_REPRESENTATION_CONTEXT(2) 
PARAMETRIC_REPRESENTATION_CONTEXT() REPRESENTATION_CONTEXT('2D SPACE',''
  ) );
#8503 = PCURVE('',#4499,#8504);
#8504 = DEFINITIONAL_REPRESENTATION('',(#8505),#8509);
#8505 = LINE('',#8506,#8507);
#8506 = CARTESIAN_POINT('',(5.769136067077,4.566504578978));
#8507 = VECTOR('',#8508,1.);
#8508 = DIRECTION('',(0.,-1.));
#8509 = ( GEOMETRIC_REPRESENTATION_CONTEXT(2) 
PARAMETRIC_REPRESENTATION_CONTEXT() REPRESENTATION_CONTEXT('2D SPACE',''
  ) );
#8510 = ORIENTED_EDGE('',*,*,#8008,.T.);
#8511 = ORIENTED_EDGE('',*,*,#8079,.T.);
#8512 = ORIENTED_EDGE('',*,*,#8513,.T.);
#8513 = EDGE_CURVE('',#8080,#8514,#8516,.T.);
#8514 = VERTEX_POINT('',#8515);
#8515 = CARTESIAN_POINT('',(-15.32871870789,-22.29999999996,53.));
#8516 = SURFACE_CURVE('',#8517,(#8521,#8528),.PCURVE_S1.);
#8517 = LINE('',#8518,#8519);
#8518 = CARTESIAN_POINT('',(-20.87128129211,-22.29999999996,53.));
#8519 = VECTOR('',#8520,1.);
#8520 = DIRECTION('',(1.,0.,0.));
#8521 = PCURVE('',#3735,#8522);
#8522 = DEFINITIONAL_REPRESENTATION('',(#8523),#8527);
#8523 = LINE('',#8524,#8525);
#8524 = CARTESIAN_POINT('',(32.87128129211,-22.29999999996));
#8525 = VECTOR('',#8526,1.);
#8526 = DIRECTION('',(-1.,0.));
#8527 = ( GEOMETRIC_REPRESENTATION_CONTEXT(2) 
PARAMETRIC_REPRESENTATION_CONTEXT() REPRESENTATION_CONTEXT('2D SPACE',''
  ) );
#8528 = PCURVE('',#4445,#8529);
#8529 = DEFINITIONAL_REPRESENTATION('',(#8530),#8534);
#8530 = LINE('',#8531,#8532);
#8531 = CARTESIAN_POINT('',(-0.976058005242,5.769136067077));
#8532 = VECTOR('',#8533,1.);
#8533 = DIRECTION('',(1.,-3.667129032334E-24));
#8534 = ( GEOMETRIC_REPRESENTATION_CONTEXT(2) 
PARAMETRIC_REPRESENTATION_CONTEXT() REPRESENTATION_CONTEXT('2D SPACE',''
  ) );
#8535 = ORIENTED_EDGE('',*,*,#8536,.T.);
#8536 = EDGE_CURVE('',#8514,#8461,#8537,.T.);
#8537 = SURFACE_CURVE('',#8538,(#8542,#8549),.PCURVE_S1.);
#8538 = LINE('',#8539,#8540);
#8539 = CARTESIAN_POINT('',(-15.32871870789,-22.29999999996,53.));
#8540 = VECTOR('',#8541,1.);
#8541 = DIRECTION('',(0.5,0.866025403784,0.));
#8542 = PCURVE('',#3735,#8543);
#8543 = DEFINITIONAL_REPRESENTATION('',(#8544),#8548);
#8544 = LINE('',#8545,#8546);
#8545 = CARTESIAN_POINT('',(27.32871870789,-22.29999999996));
#8546 = VECTOR('',#8547,1.);
#8547 = DIRECTION('',(-0.5,0.866025403784));
#8548 = ( GEOMETRIC_REPRESENTATION_CONTEXT(2) 
PARAMETRIC_REPRESENTATION_CONTEXT() REPRESENTATION_CONTEXT('2D SPACE',''
  ) );
#8549 = PCURVE('',#8550,#8555);
#8550 = PLANE('',#8551);
#8551 = AXIS2_PLACEMENT_3D('',#8552,#8553,#8554);
#8552 = CARTESIAN_POINT('',(-15.32871870789,-22.29999999996,53.));
#8553 = DIRECTION('',(-0.866025403784,0.5,0.));
#8554 = DIRECTION('',(0.5,0.866025403784,0.));
#8555 = DEFINITIONAL_REPRESENTATION('',(#8556),#8560);
#8556 = LINE('',#8557,#8558);
#8557 = CARTESIAN_POINT('',(0.,0.));
#8558 = VECTOR('',#8559,1.);
#8559 = DIRECTION('',(1.,0.));
#8560 = ( GEOMETRIC_REPRESENTATION_CONTEXT(2) 
PARAMETRIC_REPRESENTATION_CONTEXT() REPRESENTATION_CONTEXT('2D SPACE',''
  ) );
#8561 = FACE_BOUND('',#8562,.T.);
#8562 = EDGE_LOOP('',(#8563,#8586,#8587,#8588,#8611,#8639));
#8563 = ORIENTED_EDGE('',*,*,#8564,.T.);
#8564 = EDGE_CURVE('',#8565,#3713,#8567,.T.);
#8565 = VERTEX_POINT('',#8566);
#8566 = CARTESIAN_POINT('',(39.32871870789,-22.29999999996,53.));
#8567 = SURFACE_CURVE('',#8568,(#8572,#8579),.PCURVE_S1.);
#8568 = LINE('',#8569,#8570);
#8569 = CARTESIAN_POINT('',(39.32871870789,-22.29999999996,53.));
#8570 = VECTOR('',#8571,1.);
#8571 = DIRECTION('',(1.,0.,0.));
#8572 = PCURVE('',#3735,#8573);
#8573 = DEFINITIONAL_REPRESENTATION('',(#8574),#8578);
#8574 = LINE('',#8575,#8576);
#8575 = CARTESIAN_POINT('',(-27.32871870789,-22.29999999996));
#8576 = VECTOR('',#8577,1.);
#8577 = DIRECTION('',(-1.,0.));
#8578 = ( GEOMETRIC_REPRESENTATION_CONTEXT(2) 
PARAMETRIC_REPRESENTATION_CONTEXT() REPRESENTATION_CONTEXT('2D SPACE',''
  ) );
#8579 = PCURVE('',#3763,#8580);
#8580 = DEFINITIONAL_REPRESENTATION('',(#8581),#8585);
#8581 = LINE('',#8582,#8583);
#8582 = CARTESIAN_POINT('',(-4.566504578978,5.769136067077));
#8583 = VECTOR('',#8584,1.);
#8584 = DIRECTION('',(1.,3.667129032334E-24));
#8585 = ( GEOMETRIC_REPRESENTATION_CONTEXT(2) 
PARAMETRIC_REPRESENTATION_CONTEXT() REPRESENTATION_CONTEXT('2D SPACE',''
  ) );
#8586 = ORIENTED_EDGE('',*,*,#3712,.T.);
#8587 = ORIENTED_EDGE('',*,*,#3832,.T.);
#8588 = ORIENTED_EDGE('',*,*,#8589,.T.);
#8589 = EDGE_CURVE('',#3833,#8590,#8592,.T.);
#8590 = VERTEX_POINT('',#8591);
#8591 = CARTESIAN_POINT('',(39.32871870789,-12.69999999996,53.));
#8592 = SURFACE_CURVE('',#8593,(#8597,#8604),.PCURVE_S1.);
#8593 = LINE('',#8594,#8595);
#8594 = CARTESIAN_POINT('',(44.87128129211,-12.69999999996,53.));
#8595 = VECTOR('',#8596,1.);
#8596 = DIRECTION('',(-1.,0.,0.));
#8597 = PCURVE('',#3735,#8598);
#8598 = DEFINITIONAL_REPRESENTATION('',(#8599),#8603);
#8599 = LINE('',#8600,#8601);
#8600 = CARTESIAN_POINT('',(-32.87128129211,-12.69999999996));
#8601 = VECTOR('',#8602,1.);
#8602 = DIRECTION('',(1.,0.));
#8603 = ( GEOMETRIC_REPRESENTATION_CONTEXT(2) 
PARAMETRIC_REPRESENTATION_CONTEXT() REPRESENTATION_CONTEXT('2D SPACE',''
  ) );
#8604 = PCURVE('',#3893,#8605);
#8605 = DEFINITIONAL_REPRESENTATION('',(#8606),#8610);
#8606 = LINE('',#8607,#8608);
#8607 = CARTESIAN_POINT('',(5.769136067077,0.976058005242));
#8608 = VECTOR('',#8609,1.);
#8609 = DIRECTION('',(0.,-1.));
#8610 = ( GEOMETRIC_REPRESENTATION_CONTEXT(2) 
PARAMETRIC_REPRESENTATION_CONTEXT() REPRESENTATION_CONTEXT('2D SPACE',''
  ) );
#8611 = ORIENTED_EDGE('',*,*,#8612,.T.);
#8612 = EDGE_CURVE('',#8590,#8613,#8615,.T.);
#8613 = VERTEX_POINT('',#8614);
#8614 = CARTESIAN_POINT('',(36.55743741578,-17.49999999996,53.));
#8615 = SURFACE_CURVE('',#8616,(#8620,#8627),.PCURVE_S1.);
#8616 = LINE('',#8617,#8618);
#8617 = CARTESIAN_POINT('',(39.32871870789,-12.69999999996,53.));
#8618 = VECTOR('',#8619,1.);
#8619 = DIRECTION('',(-0.5,-0.866025403784,0.));
#8620 = PCURVE('',#3735,#8621);
#8621 = DEFINITIONAL_REPRESENTATION('',(#8622),#8626);
#8622 = LINE('',#8623,#8624);
#8623 = CARTESIAN_POINT('',(-27.32871870789,-12.69999999996));
#8624 = VECTOR('',#8625,1.);
#8625 = DIRECTION('',(0.5,-0.866025403784));
#8626 = ( GEOMETRIC_REPRESENTATION_CONTEXT(2) 
PARAMETRIC_REPRESENTATION_CONTEXT() REPRESENTATION_CONTEXT('2D SPACE',''
  ) );
#8627 = PCURVE('',#8628,#8633);
#8628 = PLANE('',#8629);
#8629 = AXIS2_PLACEMENT_3D('',#8630,#8631,#8632);
#8630 = CARTESIAN_POINT('',(39.32871870789,-12.69999999996,53.));
#8631 = DIRECTION('',(0.866025403784,-0.5,0.));
#8632 = DIRECTION('',(-0.5,-0.866025403784,0.));
#8633 = DEFINITIONAL_REPRESENTATION('',(#8634),#8638);
#8634 = LINE('',#8635,#8636);
#8635 = CARTESIAN_POINT('',(0.,0.));
#8636 = VECTOR('',#8637,1.);
#8637 = DIRECTION('',(1.,-0.));
#8638 = ( GEOMETRIC_REPRESENTATION_CONTEXT(2) 
PARAMETRIC_REPRESENTATION_CONTEXT() REPRESENTATION_CONTEXT('2D SPACE',''
  ) );
#8639 = ORIENTED_EDGE('',*,*,#8640,.T.);
#8640 = EDGE_CURVE('',#8613,#8565,#8641,.T.);
#8641 = SURFACE_CURVE('',#8642,(#8646,#8653),.PCURVE_S1.);
#8642 = LINE('',#8643,#8644);
#8643 = CARTESIAN_POINT('',(36.55743741578,-17.49999999996,53.));
#8644 = VECTOR('',#8645,1.);
#8645 = DIRECTION('',(0.5,-0.866025403784,0.));
#8646 = PCURVE('',#3735,#8647);
#8647 = DEFINITIONAL_REPRESENTATION('',(#8648),#8652);
#8648 = LINE('',#8649,#8650);
#8649 = CARTESIAN_POINT('',(-24.55743741578,-17.49999999996));
#8650 = VECTOR('',#8651,1.);
#8651 = DIRECTION('',(-0.5,-0.866025403784));
#8652 = ( GEOMETRIC_REPRESENTATION_CONTEXT(2) 
PARAMETRIC_REPRESENTATION_CONTEXT() REPRESENTATION_CONTEXT('2D SPACE',''
  ) );
#8653 = PCURVE('',#8654,#8659);
#8654 = PLANE('',#8655);
#8655 = AXIS2_PLACEMENT_3D('',#8656,#8657,#8658);
#8656 = CARTESIAN_POINT('',(36.55743741578,-17.49999999996,53.));
#8657 = DIRECTION('',(0.866025403784,0.5,0.));
#8658 = DIRECTION('',(0.5,-0.866025403784,0.));
#8659 = DEFINITIONAL_REPRESENTATION('',(#8660),#8664);
#8660 = LINE('',#8661,#8662);
#8661 = CARTESIAN_POINT('',(0.,0.));
#8662 = VECTOR('',#8663,1.);
#8663 = DIRECTION('',(1.,0.));
#8664 = ( GEOMETRIC_REPRESENTATION_CONTEXT(2) 
PARAMETRIC_REPRESENTATION_CONTEXT() REPRESENTATION_CONTEXT('2D SPACE',''
  ) );
#8665 = FACE_BOUND('',#8666,.T.);
#8666 = EDGE_LOOP('',(#8667,#8668,#8669,#8670,#8671,#8672));
#8667 = ORIENTED_EDGE('',*,*,#6521,.T.);
#8668 = ORIENTED_EDGE('',*,*,#6631,.T.);
#8669 = ORIENTED_EDGE('',*,*,#6730,.T.);
#8670 = ORIENTED_EDGE('',*,*,#6883,.T.);
#8671 = ORIENTED_EDGE('',*,*,#6907,.T.);
#8672 = ORIENTED_EDGE('',*,*,#7047,.T.);
#8673 = FACE_BOUND('',#8674,.T.);
#8674 = EDGE_LOOP('',(#8675,#8676,#8677,#8678,#8679,#8680));
#8675 = ORIENTED_EDGE('',*,*,#7122,.T.);
#8676 = ORIENTED_EDGE('',*,*,#7232,.T.);
#8677 = ORIENTED_EDGE('',*,*,#7331,.T.);
#8678 = ORIENTED_EDGE('',*,*,#7484,.T.);
#8679 = ORIENTED_EDGE('',*,*,#7508,.T.);
#8680 = ORIENTED_EDGE('',*,*,#7638,.T.);
#8681 = FACE_BOUND('',#8682,.T.);
#8682 = EDGE_LOOP('',(#8683,#8684,#8685,#8686,#8687,#8688));
#8683 = ORIENTED_EDGE('',*,*,#5798,.T.);
#8684 = ORIENTED_EDGE('',*,*,#5869,.T.);
#8685 = ORIENTED_EDGE('',*,*,#5918,.T.);
#8686 = ORIENTED_EDGE('',*,*,#5967,.T.);
#8687 = ORIENTED_EDGE('',*,*,#6016,.T.);
#8688 = ORIENTED_EDGE('',*,*,#6065,.T.);
#8689 = FACE_BOUND('',#8690,.T.);
#8690 = EDGE_LOOP('',(#8691));
#8691 = ORIENTED_EDGE('',*,*,#8692,.F.);
#8692 = EDGE_CURVE('',#8693,#8693,#8695,.T.);
#8693 = VERTEX_POINT('',#8694);
#8694 = CARTESIAN_POINT('',(14.5,-24.,53.));
#8695 = SURFACE_CURVE('',#8696,(#8701,#8708),.PCURVE_S1.);
#8696 = CIRCLE('',#8697,2.5);
#8697 = AXIS2_PLACEMENT_3D('',#8698,#8699,#8700);
#8698 = CARTESIAN_POINT('',(12.,-24.,53.));
#8699 = DIRECTION('',(0.,0.,-1.));
#8700 = DIRECTION('',(1.,0.,0.));
#8701 = PCURVE('',#3735,#8702);
#8702 = DEFINITIONAL_REPRESENTATION('',(#8703),#8707);
#8703 = CIRCLE('',#8704,2.5);
#8704 = AXIS2_PLACEMENT_2D('',#8705,#8706);
#8705 = CARTESIAN_POINT('',(7.460698725481E-14,-24.));
#8706 = DIRECTION('',(-1.,0.));
#8707 = ( GEOMETRIC_REPRESENTATION_CONTEXT(2) 
PARAMETRIC_REPRESENTATION_CONTEXT() REPRESENTATION_CONTEXT('2D SPACE',''
  ) );
#8708 = PCURVE('',#8709,#8714);
#8709 = CYLINDRICAL_SURFACE('',#8710,2.5);
#8710 = AXIS2_PLACEMENT_3D('',#8711,#8712,#8713);
#8711 = CARTESIAN_POINT('',(12.,-24.,53.));
#8712 = DIRECTION('',(0.,0.,-1.));
#8713 = DIRECTION('',(1.,0.,0.));
#8714 = DEFINITIONAL_REPRESENTATION('',(#8715),#8719);
#8715 = LINE('',#8716,#8717);
#8716 = CARTESIAN_POINT('',(0.,0.));
#8717 = VECTOR('',#8718,1.);
#8718 = DIRECTION('',(1.,0.));
#8719 = ( GEOMETRIC_REPRESENTATION_CONTEXT(2) 
PARAMETRIC_REPRESENTATION_CONTEXT() REPRESENTATION_CONTEXT('2D SPACE',''
  ) );
#8720 = ADVANCED_FACE('',(#8721),#8478,.T.);
#8721 = FACE_BOUND('',#8722,.T.);
#8722 = EDGE_LOOP('',(#8723,#8746,#8769,#8790));
#8723 = ORIENTED_EDGE('',*,*,#8724,.T.);
#8724 = EDGE_CURVE('',#8461,#8725,#8727,.T.);
#8725 = VERTEX_POINT('',#8726);
#8726 = CARTESIAN_POINT('',(-12.55743741578,-17.49999999996,63.));
#8727 = SURFACE_CURVE('',#8728,(#8732,#8739),.PCURVE_S1.);
#8728 = LINE('',#8729,#8730);
#8729 = CARTESIAN_POINT('',(-12.55743741578,-17.49999999996,53.));
#8730 = VECTOR('',#8731,1.);
#8731 = DIRECTION('',(0.,0.,1.));
#8732 = PCURVE('',#8478,#8733);
#8733 = DEFINITIONAL_REPRESENTATION('',(#8734),#8738);
#8734 = LINE('',#8735,#8736);
#8735 = CARTESIAN_POINT('',(0.,0.));
#8736 = VECTOR('',#8737,1.);
#8737 = DIRECTION('',(0.,-1.));
#8738 = ( GEOMETRIC_REPRESENTATION_CONTEXT(2) 
PARAMETRIC_REPRESENTATION_CONTEXT() REPRESENTATION_CONTEXT('2D SPACE',''
  ) );
#8739 = PCURVE('',#8550,#8740);
#8740 = DEFINITIONAL_REPRESENTATION('',(#8741),#8745);
#8741 = LINE('',#8742,#8743);
#8742 = CARTESIAN_POINT('',(5.54256258422,0.));
#8743 = VECTOR('',#8744,1.);
#8744 = DIRECTION('',(0.,-1.));
#8745 = ( GEOMETRIC_REPRESENTATION_CONTEXT(2) 
PARAMETRIC_REPRESENTATION_CONTEXT() REPRESENTATION_CONTEXT('2D SPACE',''
  ) );
#8746 = ORIENTED_EDGE('',*,*,#8747,.T.);
#8747 = EDGE_CURVE('',#8725,#8748,#8750,.T.);
#8748 = VERTEX_POINT('',#8749);
#8749 = CARTESIAN_POINT('',(-15.32871870789,-12.69999999996,63.));
#8750 = SURFACE_CURVE('',#8751,(#8755,#8762),.PCURVE_S1.);
#8751 = LINE('',#8752,#8753);
#8752 = CARTESIAN_POINT('',(-12.55743741578,-17.49999999996,63.));
#8753 = VECTOR('',#8754,1.);
#8754 = DIRECTION('',(-0.5,0.866025403784,0.));
#8755 = PCURVE('',#8478,#8756);
#8756 = DEFINITIONAL_REPRESENTATION('',(#8757),#8761);
#8757 = LINE('',#8758,#8759);
#8758 = CARTESIAN_POINT('',(0.,-10.));
#8759 = VECTOR('',#8760,1.);
#8760 = DIRECTION('',(1.,0.));
#8761 = ( GEOMETRIC_REPRESENTATION_CONTEXT(2) 
PARAMETRIC_REPRESENTATION_CONTEXT() REPRESENTATION_CONTEXT('2D SPACE',''
  ) );
#8762 = PCURVE('',#4417,#8763);
#8763 = DEFINITIONAL_REPRESENTATION('',(#8764),#8768);
#8764 = LINE('',#8765,#8766);
#8765 = CARTESIAN_POINT('',(-7.552903969106,9.379164112033E-12));
#8766 = VECTOR('',#8767,1.);
#8767 = DIRECTION('',(0.5,0.866025403784));
#8768 = ( GEOMETRIC_REPRESENTATION_CONTEXT(2) 
PARAMETRIC_REPRESENTATION_CONTEXT() REPRESENTATION_CONTEXT('2D SPACE',''
  ) );
#8769 = ORIENTED_EDGE('',*,*,#8770,.F.);
#8770 = EDGE_CURVE('',#8463,#8748,#8771,.T.);
#8771 = SURFACE_CURVE('',#8772,(#8776,#8783),.PCURVE_S1.);
#8772 = LINE('',#8773,#8774);
#8773 = CARTESIAN_POINT('',(-15.32871870789,-12.69999999996,53.));
#8774 = VECTOR('',#8775,1.);
#8775 = DIRECTION('',(0.,0.,1.));
#8776 = PCURVE('',#8478,#8777);
#8777 = DEFINITIONAL_REPRESENTATION('',(#8778),#8782);
#8778 = LINE('',#8779,#8780);
#8779 = CARTESIAN_POINT('',(5.54256258422,0.));
#8780 = VECTOR('',#8781,1.);
#8781 = DIRECTION('',(0.,-1.));
#8782 = ( GEOMETRIC_REPRESENTATION_CONTEXT(2) 
PARAMETRIC_REPRESENTATION_CONTEXT() REPRESENTATION_CONTEXT('2D SPACE',''
  ) );
#8783 = PCURVE('',#4499,#8784);
#8784 = DEFINITIONAL_REPRESENTATION('',(#8785),#8789);
#8785 = LINE('',#8786,#8787);
#8786 = CARTESIAN_POINT('',(5.769136067077,4.566504578978));
#8787 = VECTOR('',#8788,1.);
#8788 = DIRECTION('',(-1.,0.));
#8789 = ( GEOMETRIC_REPRESENTATION_CONTEXT(2) 
PARAMETRIC_REPRESENTATION_CONTEXT() REPRESENTATION_CONTEXT('2D SPACE',''
  ) );
#8790 = ORIENTED_EDGE('',*,*,#8460,.F.);
#8791 = ADVANCED_FACE('',(#8792),#8550,.T.);
#8792 = FACE_BOUND('',#8793,.T.);
#8793 = EDGE_LOOP('',(#8794,#8817,#8838,#8839));
#8794 = ORIENTED_EDGE('',*,*,#8795,.T.);
#8795 = EDGE_CURVE('',#8514,#8796,#8798,.T.);
#8796 = VERTEX_POINT('',#8797);
#8797 = CARTESIAN_POINT('',(-15.32871870789,-22.29999999998,63.));
#8798 = SURFACE_CURVE('',#8799,(#8803,#8810),.PCURVE_S1.);
#8799 = LINE('',#8800,#8801);
#8800 = CARTESIAN_POINT('',(-15.32871870789,-22.29999999996,53.));
#8801 = VECTOR('',#8802,1.);
#8802 = DIRECTION('',(0.,0.,1.));
#8803 = PCURVE('',#8550,#8804);
#8804 = DEFINITIONAL_REPRESENTATION('',(#8805),#8809);
#8805 = LINE('',#8806,#8807);
#8806 = CARTESIAN_POINT('',(0.,0.));
#8807 = VECTOR('',#8808,1.);
#8808 = DIRECTION('',(0.,-1.));
#8809 = ( GEOMETRIC_REPRESENTATION_CONTEXT(2) 
PARAMETRIC_REPRESENTATION_CONTEXT() REPRESENTATION_CONTEXT('2D SPACE',''
  ) );
#8810 = PCURVE('',#4445,#8811);
#8811 = DEFINITIONAL_REPRESENTATION('',(#8812),#8816);
#8812 = LINE('',#8813,#8814);
#8813 = CARTESIAN_POINT('',(4.566504578978,5.769136067077));
#8814 = VECTOR('',#8815,1.);
#8815 = DIRECTION('',(1.385027831476E-40,-1.));
#8816 = ( GEOMETRIC_REPRESENTATION_CONTEXT(2) 
PARAMETRIC_REPRESENTATION_CONTEXT() REPRESENTATION_CONTEXT('2D SPACE',''
  ) );
#8817 = ORIENTED_EDGE('',*,*,#8818,.T.);
#8818 = EDGE_CURVE('',#8796,#8725,#8819,.T.);
#8819 = SURFACE_CURVE('',#8820,(#8824,#8831),.PCURVE_S1.);
#8820 = LINE('',#8821,#8822);
#8821 = CARTESIAN_POINT('',(-15.32871870789,-22.29999999996,63.));
#8822 = VECTOR('',#8823,1.);
#8823 = DIRECTION('',(0.5,0.866025403784,0.));
#8824 = PCURVE('',#8550,#8825);
#8825 = DEFINITIONAL_REPRESENTATION('',(#8826),#8830);
#8826 = LINE('',#8827,#8828);
#8827 = CARTESIAN_POINT('',(0.,-10.));
#8828 = VECTOR('',#8829,1.);
#8829 = DIRECTION('',(1.,0.));
#8830 = ( GEOMETRIC_REPRESENTATION_CONTEXT(2) 
PARAMETRIC_REPRESENTATION_CONTEXT() REPRESENTATION_CONTEXT('2D SPACE',''
  ) );
#8831 = PCURVE('',#4417,#8832);
#8832 = DEFINITIONAL_REPRESENTATION('',(#8833),#8837);
#8833 = LINE('',#8834,#8835);
#8834 = CARTESIAN_POINT('',(-4.781622676996,-4.799999999991));
#8835 = VECTOR('',#8836,1.);
#8836 = DIRECTION('',(-0.5,0.866025403784));
#8837 = ( GEOMETRIC_REPRESENTATION_CONTEXT(2) 
PARAMETRIC_REPRESENTATION_CONTEXT() REPRESENTATION_CONTEXT('2D SPACE',''
  ) );
#8838 = ORIENTED_EDGE('',*,*,#8724,.F.);
#8839 = ORIENTED_EDGE('',*,*,#8536,.F.);
#8840 = ADVANCED_FACE('',(#8841),#8628,.T.);
#8841 = FACE_BOUND('',#8842,.T.);
#8842 = EDGE_LOOP('',(#8843,#8866,#8889,#8910));
#8843 = ORIENTED_EDGE('',*,*,#8844,.T.);
#8844 = EDGE_CURVE('',#8590,#8845,#8847,.T.);
#8845 = VERTEX_POINT('',#8846);
#8846 = CARTESIAN_POINT('',(39.32871870789,-12.69999999996,63.));
#8847 = SURFACE_CURVE('',#8848,(#8852,#8859),.PCURVE_S1.);
#8848 = LINE('',#8849,#8850);
#8849 = CARTESIAN_POINT('',(39.32871870789,-12.69999999996,53.));
#8850 = VECTOR('',#8851,1.);
#8851 = DIRECTION('',(0.,0.,1.));
#8852 = PCURVE('',#8628,#8853);
#8853 = DEFINITIONAL_REPRESENTATION('',(#8854),#8858);
#8854 = LINE('',#8855,#8856);
#8855 = CARTESIAN_POINT('',(0.,0.));
#8856 = VECTOR('',#8857,1.);
#8857 = DIRECTION('',(0.,-1.));
#8858 = ( GEOMETRIC_REPRESENTATION_CONTEXT(2) 
PARAMETRIC_REPRESENTATION_CONTEXT() REPRESENTATION_CONTEXT('2D SPACE',''
  ) );
#8859 = PCURVE('',#3893,#8860);
#8860 = DEFINITIONAL_REPRESENTATION('',(#8861),#8865);
#8861 = LINE('',#8862,#8863);
#8862 = CARTESIAN_POINT('',(5.769136067077,-4.566504578978));
#8863 = VECTOR('',#8864,1.);
#8864 = DIRECTION('',(-1.,0.));
#8865 = ( GEOMETRIC_REPRESENTATION_CONTEXT(2) 
PARAMETRIC_REPRESENTATION_CONTEXT() REPRESENTATION_CONTEXT('2D SPACE',''
  ) );
#8866 = ORIENTED_EDGE('',*,*,#8867,.T.);
#8867 = EDGE_CURVE('',#8845,#8868,#8870,.T.);
#8868 = VERTEX_POINT('',#8869);
#8869 = CARTESIAN_POINT('',(36.55743741578,-17.49999999996,63.));
#8870 = SURFACE_CURVE('',#8871,(#8875,#8882),.PCURVE_S1.);
#8871 = LINE('',#8872,#8873);
#8872 = CARTESIAN_POINT('',(39.32871870789,-12.69999999996,63.));
#8873 = VECTOR('',#8874,1.);
#8874 = DIRECTION('',(-0.5,-0.866025403784,0.));
#8875 = PCURVE('',#8628,#8876);
#8876 = DEFINITIONAL_REPRESENTATION('',(#8877),#8881);
#8877 = LINE('',#8878,#8879);
#8878 = CARTESIAN_POINT('',(0.,-10.));
#8879 = VECTOR('',#8880,1.);
#8880 = DIRECTION('',(1.,-0.));
#8881 = ( GEOMETRIC_REPRESENTATION_CONTEXT(2) 
PARAMETRIC_REPRESENTATION_CONTEXT() REPRESENTATION_CONTEXT('2D SPACE',''
  ) );
#8882 = PCURVE('',#5101,#8883);
#8883 = DEFINITIONAL_REPRESENTATION('',(#8884),#8888);
#8884 = LINE('',#8885,#8886);
#8885 = CARTESIAN_POINT('',(4.781622676996,4.800000000009));
#8886 = VECTOR('',#8887,1.);
#8887 = DIRECTION('',(0.5,-0.866025403784));
#8888 = ( GEOMETRIC_REPRESENTATION_CONTEXT(2) 
PARAMETRIC_REPRESENTATION_CONTEXT() REPRESENTATION_CONTEXT('2D SPACE',''
  ) );
#8889 = ORIENTED_EDGE('',*,*,#8890,.F.);
#8890 = EDGE_CURVE('',#8613,#8868,#8891,.T.);
#8891 = SURFACE_CURVE('',#8892,(#8896,#8903),.PCURVE_S1.);
#8892 = LINE('',#8893,#8894);
#8893 = CARTESIAN_POINT('',(36.55743741578,-17.49999999996,53.));
#8894 = VECTOR('',#8895,1.);
#8895 = DIRECTION('',(0.,0.,1.));
#8896 = PCURVE('',#8628,#8897);
#8897 = DEFINITIONAL_REPRESENTATION('',(#8898),#8902);
#8898 = LINE('',#8899,#8900);
#8899 = CARTESIAN_POINT('',(5.54256258422,-0.));
#8900 = VECTOR('',#8901,1.);
#8901 = DIRECTION('',(0.,-1.));
#8902 = ( GEOMETRIC_REPRESENTATION_CONTEXT(2) 
PARAMETRIC_REPRESENTATION_CONTEXT() REPRESENTATION_CONTEXT('2D SPACE',''
  ) );
#8903 = PCURVE('',#8654,#8904);
#8904 = DEFINITIONAL_REPRESENTATION('',(#8905),#8909);
#8905 = LINE('',#8906,#8907);
#8906 = CARTESIAN_POINT('',(0.,0.));
#8907 = VECTOR('',#8908,1.);
#8908 = DIRECTION('',(0.,-1.));
#8909 = ( GEOMETRIC_REPRESENTATION_CONTEXT(2) 
PARAMETRIC_REPRESENTATION_CONTEXT() REPRESENTATION_CONTEXT('2D SPACE',''
  ) );
#8910 = ORIENTED_EDGE('',*,*,#8612,.F.);
#8911 = ADVANCED_FACE('',(#8912),#8654,.T.);
#8912 = FACE_BOUND('',#8913,.T.);
#8913 = EDGE_LOOP('',(#8914,#8915,#8938,#8959));
#8914 = ORIENTED_EDGE('',*,*,#8890,.T.);
#8915 = ORIENTED_EDGE('',*,*,#8916,.T.);
#8916 = EDGE_CURVE('',#8868,#8917,#8919,.T.);
#8917 = VERTEX_POINT('',#8918);
#8918 = CARTESIAN_POINT('',(39.32871870789,-22.29999999998,63.));
#8919 = SURFACE_CURVE('',#8920,(#8924,#8931),.PCURVE_S1.);
#8920 = LINE('',#8921,#8922);
#8921 = CARTESIAN_POINT('',(36.55743741578,-17.49999999996,63.));
#8922 = VECTOR('',#8923,1.);
#8923 = DIRECTION('',(0.5,-0.866025403784,0.));
#8924 = PCURVE('',#8654,#8925);
#8925 = DEFINITIONAL_REPRESENTATION('',(#8926),#8930);
#8926 = LINE('',#8927,#8928);
#8927 = CARTESIAN_POINT('',(0.,-10.));
#8928 = VECTOR('',#8929,1.);
#8929 = DIRECTION('',(1.,0.));
#8930 = ( GEOMETRIC_REPRESENTATION_CONTEXT(2) 
PARAMETRIC_REPRESENTATION_CONTEXT() REPRESENTATION_CONTEXT('2D SPACE',''
  ) );
#8931 = PCURVE('',#5101,#8932);
#8932 = DEFINITIONAL_REPRESENTATION('',(#8933),#8937);
#8933 = LINE('',#8934,#8935);
#8934 = CARTESIAN_POINT('',(7.552903969106,9.375611398355E-12));
#8935 = VECTOR('',#8936,1.);
#8936 = DIRECTION('',(-0.5,-0.866025403784));
#8937 = ( GEOMETRIC_REPRESENTATION_CONTEXT(2) 
PARAMETRIC_REPRESENTATION_CONTEXT() REPRESENTATION_CONTEXT('2D SPACE',''
  ) );
#8938 = ORIENTED_EDGE('',*,*,#8939,.F.);
#8939 = EDGE_CURVE('',#8565,#8917,#8940,.T.);
#8940 = SURFACE_CURVE('',#8941,(#8945,#8952),.PCURVE_S1.);
#8941 = LINE('',#8942,#8943);
#8942 = CARTESIAN_POINT('',(39.32871870789,-22.29999999996,53.));
#8943 = VECTOR('',#8944,1.);
#8944 = DIRECTION('',(0.,0.,1.));
#8945 = PCURVE('',#8654,#8946);
#8946 = DEFINITIONAL_REPRESENTATION('',(#8947),#8951);
#8947 = LINE('',#8948,#8949);
#8948 = CARTESIAN_POINT('',(5.54256258422,0.));
#8949 = VECTOR('',#8950,1.);
#8950 = DIRECTION('',(0.,-1.));
#8951 = ( GEOMETRIC_REPRESENTATION_CONTEXT(2) 
PARAMETRIC_REPRESENTATION_CONTEXT() REPRESENTATION_CONTEXT('2D SPACE',''
  ) );
#8952 = PCURVE('',#3763,#8953);
#8953 = DEFINITIONAL_REPRESENTATION('',(#8954),#8958);
#8954 = LINE('',#8955,#8956);
#8955 = CARTESIAN_POINT('',(-4.566504578978,5.769136067077));
#8956 = VECTOR('',#8957,1.);
#8957 = DIRECTION('',(5.401749887625E-41,-1.));
#8958 = ( GEOMETRIC_REPRESENTATION_CONTEXT(2) 
PARAMETRIC_REPRESENTATION_CONTEXT() REPRESENTATION_CONTEXT('2D SPACE',''
  ) );
#8959 = ORIENTED_EDGE('',*,*,#8640,.F.);
#8960 = ADVANCED_FACE('',(#8961),#8709,.F.);
#8961 = FACE_BOUND('',#8962,.F.);
#8962 = EDGE_LOOP('',(#8963,#8964,#8987,#9013));
#8963 = ORIENTED_EDGE('',*,*,#8692,.F.);
#8964 = ORIENTED_EDGE('',*,*,#8965,.T.);
#8965 = EDGE_CURVE('',#8693,#8966,#8968,.T.);
#8966 = VERTEX_POINT('',#8967);
#8967 = CARTESIAN_POINT('',(14.5,-24.,59.2));
#8968 = SEAM_CURVE('',#8969,(#8973,#8980),.PCURVE_S1.);
#8969 = LINE('',#8970,#8971);
#8970 = CARTESIAN_POINT('',(14.5,-24.,53.));
#8971 = VECTOR('',#8972,1.);
#8972 = DIRECTION('',(0.,0.,1.));
#8973 = PCURVE('',#8709,#8974);
#8974 = DEFINITIONAL_REPRESENTATION('',(#8975),#8979);
#8975 = LINE('',#8976,#8977);
#8976 = CARTESIAN_POINT('',(6.28318530718,0.));
#8977 = VECTOR('',#8978,1.);
#8978 = DIRECTION('',(0.,-1.));
#8979 = ( GEOMETRIC_REPRESENTATION_CONTEXT(2) 
PARAMETRIC_REPRESENTATION_CONTEXT() REPRESENTATION_CONTEXT('2D SPACE',''
  ) );
#8980 = PCURVE('',#8709,#8981);
#8981 = DEFINITIONAL_REPRESENTATION('',(#8982),#8986);
#8982 = LINE('',#8983,#8984);
#8983 = CARTESIAN_POINT('',(0.,0.));
#8984 = VECTOR('',#8985,1.);
#8985 = DIRECTION('',(0.,-1.));
#8986 = ( GEOMETRIC_REPRESENTATION_CONTEXT(2) 
PARAMETRIC_REPRESENTATION_CONTEXT() REPRESENTATION_CONTEXT('2D SPACE',''
  ) );
#8987 = ORIENTED_EDGE('',*,*,#8988,.T.);
#8988 = EDGE_CURVE('',#8966,#8966,#8989,.T.);
#8989 = SURFACE_CURVE('',#8990,(#8995,#9002),.PCURVE_S1.);
#8990 = CIRCLE('',#8991,2.5);
#8991 = AXIS2_PLACEMENT_3D('',#8992,#8993,#8994);
#8992 = CARTESIAN_POINT('',(12.,-24.,59.2));
#8993 = DIRECTION('',(0.,0.,-1.));
#8994 = DIRECTION('',(1.,0.,0.));
#8995 = PCURVE('',#8709,#8996);
#8996 = DEFINITIONAL_REPRESENTATION('',(#8997),#9001);
#8997 = LINE('',#8998,#8999);
#8998 = CARTESIAN_POINT('',(0.,-6.2));
#8999 = VECTOR('',#9000,1.);
#9000 = DIRECTION('',(1.,0.));
#9001 = ( GEOMETRIC_REPRESENTATION_CONTEXT(2) 
PARAMETRIC_REPRESENTATION_CONTEXT() REPRESENTATION_CONTEXT('2D SPACE',''
  ) );
#9002 = PCURVE('',#5477,#9003);
#9003 = DEFINITIONAL_REPRESENTATION('',(#9004),#9012);
#9004 = ( BOUNDED_CURVE() B_SPLINE_CURVE(2,(#9005,#9006,#9007,#9008,
#9009,#9010,#9011),.UNSPECIFIED.,.T.,.F.) B_SPLINE_CURVE_WITH_KNOTS((1,2
    ,2,2,2,1),(-2.094395102393,0.,2.094395102393,4.188790204786,
6.28318530718,8.377580409573),.UNSPECIFIED.) CURVE() 
GEOMETRIC_REPRESENTATION_ITEM() RATIONAL_B_SPLINE_CURVE((1.,0.5,1.,0.5,
1.,0.5,1.)) REPRESENTATION_ITEM('') );
#9005 = CARTESIAN_POINT('',(2.315414152435,-2.5));
#9006 = CARTESIAN_POINT('',(-2.014712866487,-2.5));
#9007 = CARTESIAN_POINT('',(0.150350642974,1.25));
#9008 = CARTESIAN_POINT('',(2.315414152435,5.));
#9009 = CARTESIAN_POINT('',(4.480477661896,1.25));
#9010 = CARTESIAN_POINT('',(6.645541171358,-2.5));
#9011 = CARTESIAN_POINT('',(2.315414152435,-2.5));
#9012 = ( GEOMETRIC_REPRESENTATION_CONTEXT(2) 
PARAMETRIC_REPRESENTATION_CONTEXT() REPRESENTATION_CONTEXT('2D SPACE',''
  ) );
#9013 = ORIENTED_EDGE('',*,*,#8965,.F.);
#9014 = ADVANCED_FACE('',(#9015),#4499,.T.);
#9015 = FACE_BOUND('',#9016,.T.);
#9016 = EDGE_LOOP('',(#9017,#9018,#9019,#9040,#9041,#9042));
#9017 = ORIENTED_EDGE('',*,*,#8490,.F.);
#9018 = ORIENTED_EDGE('',*,*,#8770,.T.);
#9019 = ORIENTED_EDGE('',*,*,#9020,.T.);
#9020 = EDGE_CURVE('',#8748,#4402,#9021,.T.);
#9021 = SURFACE_CURVE('',#9022,(#9026,#9033),.PCURVE_S1.);
#9022 = LINE('',#9023,#9024);
#9023 = CARTESIAN_POINT('',(-15.32871870789,-12.69999999996,63.));
#9024 = VECTOR('',#9025,1.);
#9025 = DIRECTION('',(-1.,0.,0.));
#9026 = PCURVE('',#4499,#9027);
#9027 = DEFINITIONAL_REPRESENTATION('',(#9028),#9032);
#9028 = LINE('',#9029,#9030);
#9029 = CARTESIAN_POINT('',(-4.230863932923,4.566504578978));
#9030 = VECTOR('',#9031,1.);
#9031 = DIRECTION('',(0.,-1.));
#9032 = ( GEOMETRIC_REPRESENTATION_CONTEXT(2) 
PARAMETRIC_REPRESENTATION_CONTEXT() REPRESENTATION_CONTEXT('2D SPACE',''
  ) );
#9033 = PCURVE('',#4417,#9034);
#9034 = DEFINITIONAL_REPRESENTATION('',(#9035),#9039);
#9035 = LINE('',#9036,#9037);
#9036 = CARTESIAN_POINT('',(-4.781622676996,4.800000000009));
#9037 = VECTOR('',#9038,1.);
#9038 = DIRECTION('',(1.,0.));
#9039 = ( GEOMETRIC_REPRESENTATION_CONTEXT(2) 
PARAMETRIC_REPRESENTATION_CONTEXT() REPRESENTATION_CONTEXT('2D SPACE',''
  ) );
#9040 = ORIENTED_EDGE('',*,*,#4485,.T.);
#9041 = ORIENTED_EDGE('',*,*,#7983,.T.);
#9042 = ORIENTED_EDGE('',*,*,#8033,.F.);
#9043 = ADVANCED_FACE('',(#9044),#3893,.T.);
#9044 = FACE_BOUND('',#9045,.T.);
#9045 = EDGE_LOOP('',(#9046,#9047,#9048,#9049,#9050,#9071));
#9046 = ORIENTED_EDGE('',*,*,#8589,.F.);
#9047 = ORIENTED_EDGE('',*,*,#3879,.T.);
#9048 = ORIENTED_EDGE('',*,*,#3960,.T.);
#9049 = ORIENTED_EDGE('',*,*,#5113,.F.);
#9050 = ORIENTED_EDGE('',*,*,#9051,.F.);
#9051 = EDGE_CURVE('',#8845,#5084,#9052,.T.);
#9052 = SURFACE_CURVE('',#9053,(#9057,#9064),.PCURVE_S1.);
#9053 = LINE('',#9054,#9055);
#9054 = CARTESIAN_POINT('',(39.32871870789,-12.69999999996,63.));
#9055 = VECTOR('',#9056,1.);
#9056 = DIRECTION('',(1.,0.,0.));
#9057 = PCURVE('',#3893,#9058);
#9058 = DEFINITIONAL_REPRESENTATION('',(#9059),#9063);
#9059 = LINE('',#9060,#9061);
#9060 = CARTESIAN_POINT('',(-4.230863932923,-4.566504578978));
#9061 = VECTOR('',#9062,1.);
#9062 = DIRECTION('',(0.,1.));
#9063 = ( GEOMETRIC_REPRESENTATION_CONTEXT(2) 
PARAMETRIC_REPRESENTATION_CONTEXT() REPRESENTATION_CONTEXT('2D SPACE',''
  ) );
#9064 = PCURVE('',#5101,#9065);
#9065 = DEFINITIONAL_REPRESENTATION('',(#9066),#9070);
#9066 = LINE('',#9067,#9068);
#9067 = CARTESIAN_POINT('',(4.781622676996,4.800000000009));
#9068 = VECTOR('',#9069,1.);
#9069 = DIRECTION('',(-1.,0.));
#9070 = ( GEOMETRIC_REPRESENTATION_CONTEXT(2) 
PARAMETRIC_REPRESENTATION_CONTEXT() REPRESENTATION_CONTEXT('2D SPACE',''
  ) );
#9071 = ORIENTED_EDGE('',*,*,#8844,.F.);
#9072 = ADVANCED_FACE('',(#9073),#4445,.T.);
#9073 = FACE_BOUND('',#9074,.T.);
#9074 = EDGE_LOOP('',(#9075,#9076,#9077,#9078,#9079,#9100));
#9075 = ORIENTED_EDGE('',*,*,#8513,.F.);
#9076 = ORIENTED_EDGE('',*,*,#8104,.T.);
#9077 = ORIENTED_EDGE('',*,*,#7904,.T.);
#9078 = ORIENTED_EDGE('',*,*,#4429,.F.);
#9079 = ORIENTED_EDGE('',*,*,#9080,.F.);
#9080 = EDGE_CURVE('',#8796,#4400,#9081,.T.);
#9081 = SURFACE_CURVE('',#9082,(#9086,#9093),.PCURVE_S1.);
#9082 = LINE('',#9083,#9084);
#9083 = CARTESIAN_POINT('',(-15.32871870789,-22.3,63.));
#9084 = VECTOR('',#9085,1.);
#9085 = DIRECTION('',(-1.,0.,0.));
#9086 = PCURVE('',#4445,#9087);
#9087 = DEFINITIONAL_REPRESENTATION('',(#9088),#9092);
#9088 = LINE('',#9089,#9090);
#9089 = CARTESIAN_POINT('',(4.566504578978,-4.230863932923));
#9090 = VECTOR('',#9091,1.);
#9091 = DIRECTION('',(-1.,3.667129032334E-24));
#9092 = ( GEOMETRIC_REPRESENTATION_CONTEXT(2) 
PARAMETRIC_REPRESENTATION_CONTEXT() REPRESENTATION_CONTEXT('2D SPACE',''
  ) );
#9093 = PCURVE('',#4417,#9094);
#9094 = DEFINITIONAL_REPRESENTATION('',(#9095),#9099);
#9095 = LINE('',#9096,#9097);
#9096 = CARTESIAN_POINT('',(-4.781622676996,-4.80000000003));
#9097 = VECTOR('',#9098,1.);
#9098 = DIRECTION('',(1.,0.));
#9099 = ( GEOMETRIC_REPRESENTATION_CONTEXT(2) 
PARAMETRIC_REPRESENTATION_CONTEXT() REPRESENTATION_CONTEXT('2D SPACE',''
  ) );
#9100 = ORIENTED_EDGE('',*,*,#8795,.F.);
#9101 = ADVANCED_FACE('',(#9102),#3763,.T.);
#9102 = FACE_BOUND('',#9103,.T.);
#9103 = EDGE_LOOP('',(#9104,#9105,#9106,#9127,#9128,#9129));
#9104 = ORIENTED_EDGE('',*,*,#8564,.F.);
#9105 = ORIENTED_EDGE('',*,*,#8939,.T.);
#9106 = ORIENTED_EDGE('',*,*,#9107,.T.);
#9107 = EDGE_CURVE('',#8917,#5086,#9108,.T.);
#9108 = SURFACE_CURVE('',#9109,(#9113,#9120),.PCURVE_S1.);
#9109 = LINE('',#9110,#9111);
#9110 = CARTESIAN_POINT('',(39.32871870789,-22.29999999996,63.));
#9111 = VECTOR('',#9112,1.);
#9112 = DIRECTION('',(1.,0.,0.));
#9113 = PCURVE('',#3763,#9114);
#9114 = DEFINITIONAL_REPRESENTATION('',(#9115),#9119);
#9115 = LINE('',#9116,#9117);
#9116 = CARTESIAN_POINT('',(-4.566504578978,-4.230863932923));
#9117 = VECTOR('',#9118,1.);
#9118 = DIRECTION('',(1.,3.667129032334E-24));
#9119 = ( GEOMETRIC_REPRESENTATION_CONTEXT(2) 
PARAMETRIC_REPRESENTATION_CONTEXT() REPRESENTATION_CONTEXT('2D SPACE',''
  ) );
#9120 = PCURVE('',#5101,#9121);
#9121 = DEFINITIONAL_REPRESENTATION('',(#9122),#9126);
#9122 = LINE('',#9123,#9124);
#9123 = CARTESIAN_POINT('',(4.781622676996,-4.799999999991));
#9124 = VECTOR('',#9125,1.);
#9125 = DIRECTION('',(-1.,0.));
#9126 = ( GEOMETRIC_REPRESENTATION_CONTEXT(2) 
PARAMETRIC_REPRESENTATION_CONTEXT() REPRESENTATION_CONTEXT('2D SPACE',''
  ) );
#9127 = ORIENTED_EDGE('',*,*,#5135,.T.);
#9128 = ORIENTED_EDGE('',*,*,#3909,.T.);
#9129 = ORIENTED_EDGE('',*,*,#3747,.F.);
#9130 = ADVANCED_FACE('',(#9131,#9138),#4417,.T.);
#9131 = FACE_BOUND('',#9132,.T.);
#9132 = EDGE_LOOP('',(#9133,#9134,#9135,#9136,#9137));
#9133 = ORIENTED_EDGE('',*,*,#9080,.T.);
#9134 = ORIENTED_EDGE('',*,*,#4399,.T.);
#9135 = ORIENTED_EDGE('',*,*,#9020,.F.);
#9136 = ORIENTED_EDGE('',*,*,#8747,.F.);
#9137 = ORIENTED_EDGE('',*,*,#8818,.F.);
#9138 = FACE_BOUND('',#9139,.T.);
#9139 = EDGE_LOOP('',(#9140));
#9140 = ORIENTED_EDGE('',*,*,#8365,.T.);
#9141 = ADVANCED_FACE('',(#9142,#9149),#5101,.T.);
#9142 = FACE_BOUND('',#9143,.T.);
#9143 = EDGE_LOOP('',(#9144,#9145,#9146,#9147,#9148));
#9144 = ORIENTED_EDGE('',*,*,#9051,.T.);
#9145 = ORIENTED_EDGE('',*,*,#5083,.T.);
#9146 = ORIENTED_EDGE('',*,*,#9107,.F.);
#9147 = ORIENTED_EDGE('',*,*,#8916,.F.);
#9148 = ORIENTED_EDGE('',*,*,#8867,.F.);
#9149 = FACE_BOUND('',#9150,.T.);
#9150 = EDGE_LOOP('',(#9151));
#9151 = ORIENTED_EDGE('',*,*,#8419,.T.);
#9152 = ADVANCED_FACE('',(#9153,#9256),#5421,.T.);
#9153 = FACE_BOUND('',#9154,.T.);
#9154 = EDGE_LOOP('',(#9155,#9156,#9179,#9207,#9235));
#9155 = ORIENTED_EDGE('',*,*,#5403,.T.);
#9156 = ORIENTED_EDGE('',*,*,#9157,.T.);
#9157 = EDGE_CURVE('',#5406,#9158,#9160,.T.);
#9158 = VERTEX_POINT('',#9159);
#9159 = CARTESIAN_POINT('',(7.2,-21.22871870785,63.));
#9160 = SURFACE_CURVE('',#9161,(#9165,#9172),.PCURVE_S1.);
#9161 = LINE('',#9162,#9163);
#9162 = CARTESIAN_POINT('',(7.2,-32.49999999996,63.));
#9163 = VECTOR('',#9164,1.);
#9164 = DIRECTION('',(0.,1.,0.));
#9165 = PCURVE('',#5421,#9166);
#9166 = DEFINITIONAL_REPRESENTATION('',(#9167),#9171);
#9167 = LINE('',#9168,#9169);
#9168 = CARTESIAN_POINT('',(6.184585847555,4.8));
#9169 = VECTOR('',#9170,1.);
#9170 = DIRECTION('',(-1.,0.));
#9171 = ( GEOMETRIC_REPRESENTATION_CONTEXT(2) 
PARAMETRIC_REPRESENTATION_CONTEXT() REPRESENTATION_CONTEXT('2D SPACE',''
  ) );
#9172 = PCURVE('',#5503,#9173);
#9173 = DEFINITIONAL_REPRESENTATION('',(#9174),#9178);
#9174 = LINE('',#9175,#9176);
#9175 = CARTESIAN_POINT('',(1.9,5.635640646055));
#9176 = VECTOR('',#9177,1.);
#9177 = DIRECTION('',(0.,-1.));
#9178 = ( GEOMETRIC_REPRESENTATION_CONTEXT(2) 
PARAMETRIC_REPRESENTATION_CONTEXT() REPRESENTATION_CONTEXT('2D SPACE',''
  ) );
#9179 = ORIENTED_EDGE('',*,*,#9180,.F.);
#9180 = EDGE_CURVE('',#9181,#9158,#9183,.T.);
#9181 = VERTEX_POINT('',#9182);
#9182 = CARTESIAN_POINT('',(12.,-18.45743741574,63.));
#9183 = SURFACE_CURVE('',#9184,(#9188,#9195),.PCURVE_S1.);
#9184 = LINE('',#9185,#9186);
#9185 = CARTESIAN_POINT('',(12.,-18.45743741574,63.));
#9186 = VECTOR('',#9187,1.);
#9187 = DIRECTION('',(-0.866025403784,-0.5,0.));
#9188 = PCURVE('',#5421,#9189);
#9189 = DEFINITIONAL_REPRESENTATION('',(#9190),#9194);
#9190 = LINE('',#9191,#9192);
#9191 = CARTESIAN_POINT('',(-7.857976736666,1.7763568394E-15));
#9192 = VECTOR('',#9193,1.);
#9193 = DIRECTION('',(0.5,0.866025403784));
#9194 = ( GEOMETRIC_REPRESENTATION_CONTEXT(2) 
PARAMETRIC_REPRESENTATION_CONTEXT() REPRESENTATION_CONTEXT('2D SPACE',''
  ) );
#9195 = PCURVE('',#9196,#9201);
#9196 = PLANE('',#9197);
#9197 = AXIS2_PLACEMENT_3D('',#9198,#9199,#9200);
#9198 = CARTESIAN_POINT('',(12.,-18.45743741574,53.));
#9199 = DIRECTION('',(0.5,-0.866025403784,0.));
#9200 = DIRECTION('',(-0.866025403784,-0.5,0.));
#9201 = DEFINITIONAL_REPRESENTATION('',(#9202),#9206);
#9202 = LINE('',#9203,#9204);
#9203 = CARTESIAN_POINT('',(0.,-10.));
#9204 = VECTOR('',#9205,1.);
#9205 = DIRECTION('',(1.,-0.));
#9206 = ( GEOMETRIC_REPRESENTATION_CONTEXT(2) 
PARAMETRIC_REPRESENTATION_CONTEXT() REPRESENTATION_CONTEXT('2D SPACE',''
  ) );
#9207 = ORIENTED_EDGE('',*,*,#9208,.F.);
#9208 = EDGE_CURVE('',#9209,#9181,#9211,.T.);
#9209 = VERTEX_POINT('',#9210);
#9210 = CARTESIAN_POINT('',(16.8,-21.22871870785,63.));
#9211 = SURFACE_CURVE('',#9212,(#9216,#9223),.PCURVE_S1.);
#9212 = LINE('',#9213,#9214);
#9213 = CARTESIAN_POINT('',(16.8,-21.22871870785,63.));
#9214 = VECTOR('',#9215,1.);
#9215 = DIRECTION('',(-0.866025403784,0.5,0.));
#9216 = PCURVE('',#5421,#9217);
#9217 = DEFINITIONAL_REPRESENTATION('',(#9218),#9222);
#9218 = LINE('',#9219,#9220);
#9219 = CARTESIAN_POINT('',(-5.086695444556,-4.8));
#9220 = VECTOR('',#9221,1.);
#9221 = DIRECTION('',(-0.5,0.866025403784));
#9222 = ( GEOMETRIC_REPRESENTATION_CONTEXT(2) 
PARAMETRIC_REPRESENTATION_CONTEXT() REPRESENTATION_CONTEXT('2D SPACE',''
  ) );
#9223 = PCURVE('',#9224,#9229);
#9224 = PLANE('',#9225);
#9225 = AXIS2_PLACEMENT_3D('',#9226,#9227,#9228);
#9226 = CARTESIAN_POINT('',(16.8,-21.22871870785,53.));
#9227 = DIRECTION('',(-0.5,-0.866025403784,0.));
#9228 = DIRECTION('',(-0.866025403784,0.5,0.));
#9229 = DEFINITIONAL_REPRESENTATION('',(#9230),#9234);
#9230 = LINE('',#9231,#9232);
#9231 = CARTESIAN_POINT('',(0.,-10.));
#9232 = VECTOR('',#9233,1.);
#9233 = DIRECTION('',(1.,0.));
#9234 = ( GEOMETRIC_REPRESENTATION_CONTEXT(2) 
PARAMETRIC_REPRESENTATION_CONTEXT() REPRESENTATION_CONTEXT('2D SPACE',''
  ) );
#9235 = ORIENTED_EDGE('',*,*,#9236,.F.);
#9236 = EDGE_CURVE('',#5404,#9209,#9237,.T.);
#9237 = SURFACE_CURVE('',#9238,(#9242,#9249),.PCURVE_S1.);
#9238 = LINE('',#9239,#9240);
#9239 = CARTESIAN_POINT('',(16.8,-26.77128129207,63.));
#9240 = VECTOR('',#9241,1.);
#9241 = DIRECTION('',(0.,1.,0.));
#9242 = PCURVE('',#5421,#9243);
#9243 = DEFINITIONAL_REPRESENTATION('',(#9244),#9248);
#9244 = LINE('',#9245,#9246);
#9245 = CARTESIAN_POINT('',(0.455867139665,-4.8));
#9246 = VECTOR('',#9247,1.);
#9247 = DIRECTION('',(-1.,0.));
#9248 = ( GEOMETRIC_REPRESENTATION_CONTEXT(2) 
PARAMETRIC_REPRESENTATION_CONTEXT() REPRESENTATION_CONTEXT('2D SPACE',''
  ) );
#9249 = PCURVE('',#5449,#9250);
#9250 = DEFINITIONAL_REPRESENTATION('',(#9251),#9255);
#9251 = LINE('',#9252,#9253);
#9252 = CARTESIAN_POINT('',(-1.9,-9.307806183471E-02));
#9253 = VECTOR('',#9254,1.);
#9254 = DIRECTION('',(0.,-1.));
#9255 = ( GEOMETRIC_REPRESENTATION_CONTEXT(2) 
PARAMETRIC_REPRESENTATION_CONTEXT() REPRESENTATION_CONTEXT('2D SPACE',''
  ) );
#9256 = FACE_BOUND('',#9257,.T.);
#9257 = EDGE_LOOP('',(#9258));
#9258 = ORIENTED_EDGE('',*,*,#8311,.T.);
#9259 = ADVANCED_FACE('',(#9260),#9196,.T.);
#9260 = FACE_BOUND('',#9261,.T.);
#9261 = EDGE_LOOP('',(#9262,#9287,#9308,#9309));
#9262 = ORIENTED_EDGE('',*,*,#9263,.T.);
#9263 = EDGE_CURVE('',#9264,#9266,#9268,.T.);
#9264 = VERTEX_POINT('',#9265);
#9265 = CARTESIAN_POINT('',(7.200000000023,-21.22871870789,59.2));
#9266 = VERTEX_POINT('',#9267);
#9267 = CARTESIAN_POINT('',(12.,-18.45743741581,59.2));
#9268 = SURFACE_CURVE('',#9269,(#9273,#9280),.PCURVE_S1.);
#9269 = LINE('',#9270,#9271);
#9270 = CARTESIAN_POINT('',(9.118271734825,-20.12120400544,59.2));
#9271 = VECTOR('',#9272,1.);
#9272 = DIRECTION('',(0.866025403784,0.5,0.));
#9273 = PCURVE('',#9196,#9274);
#9274 = DEFINITIONAL_REPRESENTATION('',(#9275),#9279);
#9275 = LINE('',#9276,#9277);
#9276 = CARTESIAN_POINT('',(3.3275331793,-6.2));
#9277 = VECTOR('',#9278,1.);
#9278 = DIRECTION('',(-1.,0.));
#9279 = ( GEOMETRIC_REPRESENTATION_CONTEXT(2) 
PARAMETRIC_REPRESENTATION_CONTEXT() REPRESENTATION_CONTEXT('2D SPACE',''
  ) );
#9280 = PCURVE('',#5477,#9281);
#9281 = DEFINITIONAL_REPRESENTATION('',(#9282),#9286);
#9282 = LINE('',#9283,#9284);
#9283 = CARTESIAN_POINT('',(6.194210146986,2.881728265175));
#9284 = VECTOR('',#9285,1.);
#9285 = DIRECTION('',(0.5,-0.866025403784));
#9286 = ( GEOMETRIC_REPRESENTATION_CONTEXT(2) 
PARAMETRIC_REPRESENTATION_CONTEXT() REPRESENTATION_CONTEXT('2D SPACE',''
  ) );
#9287 = ORIENTED_EDGE('',*,*,#9288,.T.);
#9288 = EDGE_CURVE('',#9266,#9181,#9289,.T.);
#9289 = SURFACE_CURVE('',#9290,(#9294,#9301),.PCURVE_S1.);
#9290 = LINE('',#9291,#9292);
#9291 = CARTESIAN_POINT('',(12.,-18.45743741574,53.));
#9292 = VECTOR('',#9293,1.);
#9293 = DIRECTION('',(0.,0.,1.));
#9294 = PCURVE('',#9196,#9295);
#9295 = DEFINITIONAL_REPRESENTATION('',(#9296),#9300);
#9296 = LINE('',#9297,#9298);
#9297 = CARTESIAN_POINT('',(0.,0.));
#9298 = VECTOR('',#9299,1.);
#9299 = DIRECTION('',(0.,-1.));
#9300 = ( GEOMETRIC_REPRESENTATION_CONTEXT(2) 
PARAMETRIC_REPRESENTATION_CONTEXT() REPRESENTATION_CONTEXT('2D SPACE',''
  ) );
#9301 = PCURVE('',#9224,#9302);
#9302 = DEFINITIONAL_REPRESENTATION('',(#9303),#9307);
#9303 = LINE('',#9304,#9305);
#9304 = CARTESIAN_POINT('',(5.54256258422,0.));
#9305 = VECTOR('',#9306,1.);
#9306 = DIRECTION('',(0.,-1.));
#9307 = ( GEOMETRIC_REPRESENTATION_CONTEXT(2) 
PARAMETRIC_REPRESENTATION_CONTEXT() REPRESENTATION_CONTEXT('2D SPACE',''
  ) );
#9308 = ORIENTED_EDGE('',*,*,#9180,.T.);
#9309 = ORIENTED_EDGE('',*,*,#9310,.F.);
#9310 = EDGE_CURVE('',#9264,#9158,#9311,.T.);
#9311 = SURFACE_CURVE('',#9312,(#9316,#9323),.PCURVE_S1.);
#9312 = LINE('',#9313,#9314);
#9313 = CARTESIAN_POINT('',(7.2,-21.22871870785,53.));
#9314 = VECTOR('',#9315,1.);
#9315 = DIRECTION('',(0.,0.,1.));
#9316 = PCURVE('',#9196,#9317);
#9317 = DEFINITIONAL_REPRESENTATION('',(#9318),#9322);
#9318 = LINE('',#9319,#9320);
#9319 = CARTESIAN_POINT('',(5.54256258422,-0.));
#9320 = VECTOR('',#9321,1.);
#9321 = DIRECTION('',(0.,-1.));
#9322 = ( GEOMETRIC_REPRESENTATION_CONTEXT(2) 
PARAMETRIC_REPRESENTATION_CONTEXT() REPRESENTATION_CONTEXT('2D SPACE',''
  ) );
#9323 = PCURVE('',#5503,#9324);
#9324 = DEFINITIONAL_REPRESENTATION('',(#9325),#9329);
#9325 = LINE('',#9326,#9327);
#9326 = CARTESIAN_POINT('',(-8.1,-5.635640646055));
#9327 = VECTOR('',#9328,1.);
#9328 = DIRECTION('',(1.,0.));
#9329 = ( GEOMETRIC_REPRESENTATION_CONTEXT(2) 
PARAMETRIC_REPRESENTATION_CONTEXT() REPRESENTATION_CONTEXT('2D SPACE',''
  ) );
#9330 = ADVANCED_FACE('',(#9331),#9224,.T.);
#9331 = FACE_BOUND('',#9332,.T.);
#9332 = EDGE_LOOP('',(#9333,#9356,#9377,#9378));
#9333 = ORIENTED_EDGE('',*,*,#9334,.T.);
#9334 = EDGE_CURVE('',#9266,#9335,#9337,.T.);
#9335 = VERTEX_POINT('',#9336);
#9336 = CARTESIAN_POINT('',(16.799999999977,-21.22871870789,59.2));
#9337 = SURFACE_CURVE('',#9338,(#9342,#9349),.PCURVE_S1.);
#9338 = LINE('',#9339,#9340);
#9339 = CARTESIAN_POINT('',(12.481728265192,-18.7355633594,59.2));
#9340 = VECTOR('',#9341,1.);
#9341 = DIRECTION('',(0.866025403784,-0.5,0.));
#9342 = PCURVE('',#9224,#9343);
#9343 = DEFINITIONAL_REPRESENTATION('',(#9344),#9348);
#9344 = LINE('',#9345,#9346);
#9345 = CARTESIAN_POINT('',(4.986310697011,-6.2));
#9346 = VECTOR('',#9347,1.);
#9347 = DIRECTION('',(-1.,0.));
#9348 = ( GEOMETRIC_REPRESENTATION_CONTEXT(2) 
PARAMETRIC_REPRESENTATION_CONTEXT() REPRESENTATION_CONTEXT('2D SPACE',''
  ) );
#9349 = PCURVE('',#5477,#9350);
#9350 = DEFINITIONAL_REPRESENTATION('',(#9351),#9355);
#9351 = LINE('',#9352,#9353);
#9352 = CARTESIAN_POINT('',(7.579850793031,-0.481728265192));
#9353 = VECTOR('',#9354,1.);
#9354 = DIRECTION('',(-0.5,-0.866025403784));
#9355 = ( GEOMETRIC_REPRESENTATION_CONTEXT(2) 
PARAMETRIC_REPRESENTATION_CONTEXT() REPRESENTATION_CONTEXT('2D SPACE',''
  ) );
#9356 = ORIENTED_EDGE('',*,*,#9357,.T.);
#9357 = EDGE_CURVE('',#9335,#9209,#9358,.T.);
#9358 = SURFACE_CURVE('',#9359,(#9363,#9370),.PCURVE_S1.);
#9359 = LINE('',#9360,#9361);
#9360 = CARTESIAN_POINT('',(16.8,-21.22871870785,53.));
#9361 = VECTOR('',#9362,1.);
#9362 = DIRECTION('',(0.,0.,1.));
#9363 = PCURVE('',#9224,#9364);
#9364 = DEFINITIONAL_REPRESENTATION('',(#9365),#9369);
#9365 = LINE('',#9366,#9367);
#9366 = CARTESIAN_POINT('',(0.,0.));
#9367 = VECTOR('',#9368,1.);
#9368 = DIRECTION('',(0.,-1.));
#9369 = ( GEOMETRIC_REPRESENTATION_CONTEXT(2) 
PARAMETRIC_REPRESENTATION_CONTEXT() REPRESENTATION_CONTEXT('2D SPACE',''
  ) );
#9370 = PCURVE('',#5449,#9371);
#9371 = DEFINITIONAL_REPRESENTATION('',(#9372),#9376);
#9372 = LINE('',#9373,#9374);
#9373 = CARTESIAN_POINT('',(8.1,-5.635640646055));
#9374 = VECTOR('',#9375,1.);
#9375 = DIRECTION('',(-1.,6.838940963141E-31));
#9376 = ( GEOMETRIC_REPRESENTATION_CONTEXT(2) 
PARAMETRIC_REPRESENTATION_CONTEXT() REPRESENTATION_CONTEXT('2D SPACE',''
  ) );
#9377 = ORIENTED_EDGE('',*,*,#9208,.T.);
#9378 = ORIENTED_EDGE('',*,*,#9288,.F.);
#9379 = ADVANCED_FACE('',(#9380,#9427),#5477,.T.);
#9380 = FACE_BOUND('',#9381,.T.);
#9381 = EDGE_LOOP('',(#9382,#9403,#9404,#9405,#9426));
#9382 = ORIENTED_EDGE('',*,*,#9383,.F.);
#9383 = EDGE_CURVE('',#9335,#5434,#9384,.T.);
#9384 = SURFACE_CURVE('',#9385,(#9389,#9396),.PCURVE_S1.);
#9385 = LINE('',#9386,#9387);
#9386 = CARTESIAN_POINT('',(16.8,-21.22871870785,59.2));
#9387 = VECTOR('',#9388,1.);
#9388 = DIRECTION('',(0.,-1.,0.));
#9389 = PCURVE('',#5477,#9390);
#9390 = DEFINITIONAL_REPRESENTATION('',(#9391),#9395);
#9391 = LINE('',#9392,#9393);
#9392 = CARTESIAN_POINT('',(5.086695444585,-4.8));
#9393 = VECTOR('',#9394,1.);
#9394 = DIRECTION('',(-1.,-0.));
#9395 = ( GEOMETRIC_REPRESENTATION_CONTEXT(2) 
PARAMETRIC_REPRESENTATION_CONTEXT() REPRESENTATION_CONTEXT('2D SPACE',''
  ) );
#9396 = PCURVE('',#5449,#9397);
#9397 = DEFINITIONAL_REPRESENTATION('',(#9398),#9402);
#9398 = LINE('',#9399,#9400);
#9399 = CARTESIAN_POINT('',(1.9,-5.635640646055));
#9400 = VECTOR('',#9401,1.);
#9401 = DIRECTION('',(0.,1.));
#9402 = ( GEOMETRIC_REPRESENTATION_CONTEXT(2) 
PARAMETRIC_REPRESENTATION_CONTEXT() REPRESENTATION_CONTEXT('2D SPACE',''
  ) );
#9403 = ORIENTED_EDGE('',*,*,#9334,.F.);
#9404 = ORIENTED_EDGE('',*,*,#9263,.F.);
#9405 = ORIENTED_EDGE('',*,*,#9406,.F.);
#9406 = EDGE_CURVE('',#5462,#9264,#9407,.T.);
#9407 = SURFACE_CURVE('',#9408,(#9412,#9419),.PCURVE_S1.);
#9408 = LINE('',#9409,#9410);
#9409 = CARTESIAN_POINT('',(7.2,-32.49999999996,59.2));
#9410 = VECTOR('',#9411,1.);
#9411 = DIRECTION('',(0.,1.,0.));
#9412 = PCURVE('',#5477,#9413);
#9413 = DEFINITIONAL_REPRESENTATION('',(#9414),#9418);
#9414 = LINE('',#9415,#9416);
#9415 = CARTESIAN_POINT('',(-6.184585847525,4.8));
#9416 = VECTOR('',#9417,1.);
#9417 = DIRECTION('',(1.,0.));
#9418 = ( GEOMETRIC_REPRESENTATION_CONTEXT(2) 
PARAMETRIC_REPRESENTATION_CONTEXT() REPRESENTATION_CONTEXT('2D SPACE',''
  ) );
#9419 = PCURVE('',#5503,#9420);
#9420 = DEFINITIONAL_REPRESENTATION('',(#9421),#9425);
#9421 = LINE('',#9422,#9423);
#9422 = CARTESIAN_POINT('',(-1.9,5.635640646055));
#9423 = VECTOR('',#9424,1.);
#9424 = DIRECTION('',(0.,-1.));
#9425 = ( GEOMETRIC_REPRESENTATION_CONTEXT(2) 
PARAMETRIC_REPRESENTATION_CONTEXT() REPRESENTATION_CONTEXT('2D SPACE',''
  ) );
#9426 = ORIENTED_EDGE('',*,*,#5461,.F.);
#9427 = FACE_BOUND('',#9428,.T.);
#9428 = EDGE_LOOP('',(#9429));
#9429 = ORIENTED_EDGE('',*,*,#8988,.T.);
#9430 = ADVANCED_FACE('',(#9431),#5503,.T.);
#9431 = FACE_BOUND('',#9432,.T.);
#9432 = EDGE_LOOP('',(#9433,#9434,#9435,#9436));
#9433 = ORIENTED_EDGE('',*,*,#9157,.F.);
#9434 = ORIENTED_EDGE('',*,*,#5489,.T.);
#9435 = ORIENTED_EDGE('',*,*,#9406,.T.);
#9436 = ORIENTED_EDGE('',*,*,#9310,.T.);
#9437 = ADVANCED_FACE('',(#9438),#5449,.T.);
#9438 = FACE_BOUND('',#9439,.T.);
#9439 = EDGE_LOOP('',(#9440,#9441,#9442,#9443));
#9440 = ORIENTED_EDGE('',*,*,#9236,.T.);
#9441 = ORIENTED_EDGE('',*,*,#9357,.F.);
#9442 = ORIENTED_EDGE('',*,*,#9383,.T.);
#9443 = ORIENTED_EDGE('',*,*,#5433,.F.);
#9444 = ( GEOMETRIC_REPRESENTATION_CONTEXT(3) 
GLOBAL_UNCERTAINTY_ASSIGNED_CONTEXT((#9448)) 
GLOBAL_UNIT_ASSIGNED_CONTEXT((#9445,#9446,#9447)) REPRESENTATION_CONTEXT
('Context #1','3D Context with UNIT and UNCERTAINTY') );
#9445 = ( LENGTH_UNIT() NAMED_UNIT(*) SI_UNIT(.MILLI.,.METRE.) );
#9446 = ( NAMED_UNIT(*) PLANE_ANGLE_UNIT() SI_UNIT($,.RADIAN.) );
#9447 = ( NAMED_UNIT(*) SI_UNIT($,.STERADIAN.) SOLID_ANGLE_UNIT() );
#9448 = UNCERTAINTY_MEASURE_WITH_UNIT(LENGTH_MEASURE(2.E-05),#9445,
  'distance_accuracy_value','confusion accuracy');
#9449 = CONTEXT_DEPENDENT_SHAPE_REPRESENTATION(#9450,#9452);
#9450 = ( REPRESENTATION_RELATIONSHIP('','',#3705,#10) 
REPRESENTATION_RELATIONSHIP_WITH_TRANSFORMATION(#9451) 
SHAPE_REPRESENTATION_RELATIONSHIP() );
#9451 = ITEM_DEFINED_TRANSFORMATION('','',#11,#19);
#9452 = PRODUCT_DEFINITION_SHAPE('Placement','Placement of an item',
  #9453);
#9453 = NEXT_ASSEMBLY_USAGE_OCCURRENCE('12','Body005','',#5,#3700,$);
#9454 = PRODUCT_RELATED_PRODUCT_CATEGORY('part',$,(#3702));
#9455 = MECHANICAL_DESIGN_GEOMETRIC_PRESENTATION_REPRESENTATION('',(
    #9456),#3687);
#9456 = STYLED_ITEM('color',(#9457),#37);
#9457 = PRESENTATION_STYLE_ASSIGNMENT((#9458,#9464));
#9458 = SURFACE_STYLE_USAGE(.BOTH.,#9459);
#9459 = SURFACE_SIDE_STYLE('',(#9460));
#9460 = SURFACE_STYLE_FILL_AREA(#9461);
#9461 = FILL_AREA_STYLE('',(#9462));
#9462 = FILL_AREA_STYLE_COLOUR('',#9463);
#9463 = COLOUR_RGB('',0.800000010877,0.800000010877,0.800000010877);
#9464 = CURVE_STYLE('',#9465,POSITIVE_LENGTH_MEASURE(0.1),#9466);
#9465 = DRAUGHTING_PRE_DEFINED_CURVE_FONT('continuous');
#9466 = COLOUR_RGB('',9.803921802644E-02,9.803921802644E-02,
  9.803921802644E-02);
#9467 = MECHANICAL_DESIGN_GEOMETRIC_PRESENTATION_REPRESENTATION('',(
    #9468),#9444);
#9468 = STYLED_ITEM('color',(#9469),#3706);
#9469 = PRESENTATION_STYLE_ASSIGNMENT((#9470,#9475));
#9470 = SURFACE_STYLE_USAGE(.BOTH.,#9471);
#9471 = SURFACE_SIDE_STYLE('',(#9472));
#9472 = SURFACE_STYLE_FILL_AREA(#9473);
#9473 = FILL_AREA_STYLE('',(#9474));
#9474 = FILL_AREA_STYLE_COLOUR('',#9463);
#9475 = CURVE_STYLE('',#9476,POSITIVE_LENGTH_MEASURE(0.1),#9466);
#9476 = DRAUGHTING_PRE_DEFINED_CURVE_FONT('continuous');
ENDSEC;
END-ISO-10303-21;
