ISO-10303-21;
HEADER;
FILE_DESCRIPTION(('FreeCAD Model'),'2;1');
FILE_NAME('Open CASCADE Shape Model','2026-04-13T06:46:49',(''),(''),
  'Open CASCADE STEP processor 7.8','FreeCAD','Unknown');
FILE_SCHEMA(('AUTOMOTIVE_DESIGN { 1 0 10303 214 1 1 1 1 }'));
ENDSEC;
DATA;
#1 = APPLICATION_PROTOCOL_DEFINITION('international standard',
  'automotive_design',2000,#2);
#2 = APPLICATION_CONTEXT(
  'core data for automotive mechanical design processes');
#3 = SHAPE_DEFINITION_REPRESENTATION(#4,#10);
#4 = PRODUCT_DEFINITION_SHAPE('','',#5);
#5 = PRODUCT_DEFINITION('design','',#6,#9);
#6 = PRODUCT_DEFINITION_FORMATION('','',#7);
#7 = PRODUCT('Part','Part','',(#8));
#8 = PRODUCT_CONTEXT('',#2,'mechanical');
#9 = PRODUCT_DEFINITION_CONTEXT('part definition',#2,'design');
#10 = SHAPE_REPRESENTATION('',(#11,#15),#19);
#11 = AXIS2_PLACEMENT_3D('',#12,#13,#14);
#12 = CARTESIAN_POINT('',(0.,0.,0.));
#13 = DIRECTION('',(0.,0.,1.));
#14 = DIRECTION('',(1.,0.,-0.));
#15 = AXIS2_PLACEMENT_3D('',#16,#17,#18);
#16 = CARTESIAN_POINT('',(0.,0.,0.));
#17 = DIRECTION('',(0.,0.,1.));
#18 = DIRECTION('',(1.,0.,0.));
#19 = ( GEOMETRIC_REPRESENTATION_CONTEXT(3) 
GLOBAL_UNCERTAINTY_ASSIGNED_CONTEXT((#23)) GLOBAL_UNIT_ASSIGNED_CONTEXT(
(#20,#21,#22)) REPRESENTATION_CONTEXT('Context #1',
  '3D Context with UNIT and UNCERTAINTY') );
#20 = ( LENGTH_UNIT() NAMED_UNIT(*) SI_UNIT(.MILLI.,.METRE.) );
#21 = ( NAMED_UNIT(*) PLANE_ANGLE_UNIT() SI_UNIT($,.RADIAN.) );
#22 = ( NAMED_UNIT(*) SI_UNIT($,.STERADIAN.) SOLID_ANGLE_UNIT() );
#23 = UNCERTAINTY_MEASURE_WITH_UNIT(LENGTH_MEASURE(2.E-05),#20,
  'distance_accuracy_value','confusion accuracy');
#24 = PRODUCT_RELATED_PRODUCT_CATEGORY('part',$,(#7));
#25 = SHAPE_DEFINITION_REPRESENTATION(#26,#32);
#26 = PRODUCT_DEFINITION_SHAPE('','',#27);
#27 = PRODUCT_DEFINITION('design','',#28,#31);
#28 = PRODUCT_DEFINITION_FORMATION('','',#29);
#29 = PRODUCT('Body','Body','',(#30));
#30 = PRODUCT_CONTEXT('',#2,'mechanical');
#31 = PRODUCT_DEFINITION_CONTEXT('part definition',#2,'design');
#32 = ADVANCED_BREP_SHAPE_REPRESENTATION('',(#11,#33),#5519);
#33 = MANIFOLD_SOLID_BREP('',#34);
#34 = CLOSED_SHELL('',(#35,#296,#736,#790,#1277,#2116,#2505,#2719,#2773,
    #2878,#2905,#2932,#2959,#2989,#3191,#3331,#3360,#3387,#3414,#3443,
    #3502,#3561,#3620,#3679,#3731,#3781,#3831,#3881,#3957,#4006,#4055,
    #4104,#4153,#4180,#4256,#4305,#4354,#4403,#4452,#4479,#4555,#4604,
    #4653,#4702,#4751,#4778,#4986,#5018,#5024,#5079,#5106,#5155,#5182,
    #5231,#5279,#5286,#5293,#5300,#5307,#5314,#5353,#5392,#5431,#5458,
    #5485,#5512));
#35 = ADVANCED_FACE('',(#36),#50,.F.);
#36 = FACE_BOUND('',#37,.F.);
#37 = EDGE_LOOP('',(#38,#73,#101,#129,#157,#185,#213,#242,#270));
#38 = ORIENTED_EDGE('',*,*,#39,.F.);
#39 = EDGE_CURVE('',#40,#42,#44,.T.);
#40 = VERTEX_POINT('',#41);
#41 = CARTESIAN_POINT('',(-25.,-32.49999999996,43.));
#42 = VERTEX_POINT('',#43);
#43 = CARTESIAN_POINT('',(45.000000000079,-32.49999999996,43.));
#44 = SURFACE_CURVE('',#45,(#49,#61),.PCURVE_S1.);
#45 = LINE('',#46,#47);
#46 = CARTESIAN_POINT('',(-25.,-32.49999999996,43.));
#47 = VECTOR('',#48,1.);
#48 = DIRECTION('',(1.,0.,0.));
#49 = PCURVE('',#50,#55);
#50 = PLANE('',#51);
#51 = AXIS2_PLACEMENT_3D('',#52,#53,#54);
#52 = CARTESIAN_POINT('',(-25.,-32.49999999996,43.));
#53 = DIRECTION('',(0.,1.,0.));
#54 = DIRECTION('',(1.,0.,0.));
#55 = DEFINITIONAL_REPRESENTATION('',(#56),#60);
#56 = LINE('',#57,#58);
#57 = CARTESIAN_POINT('',(0.,0.));
#58 = VECTOR('',#59,1.);
#59 = DIRECTION('',(1.,0.));
#60 = ( GEOMETRIC_REPRESENTATION_CONTEXT(2) 
PARAMETRIC_REPRESENTATION_CONTEXT() REPRESENTATION_CONTEXT('2D SPACE',''
  ) );
#61 = PCURVE('',#62,#67);
#62 = PLANE('',#63);
#63 = AXIS2_PLACEMENT_3D('',#64,#65,#66);
#64 = CARTESIAN_POINT('',(12.946468815638,9.403735534597E-12,43.));
#65 = DIRECTION('',(0.,0.,1.));
#66 = DIRECTION('',(1.,0.,0.));
#67 = DEFINITIONAL_REPRESENTATION('',(#68),#72);
#68 = LINE('',#69,#70);
#69 = CARTESIAN_POINT('',(-37.94646881563,-32.49999999997));
#70 = VECTOR('',#71,1.);
#71 = DIRECTION('',(1.,0.));
#72 = ( GEOMETRIC_REPRESENTATION_CONTEXT(2) 
PARAMETRIC_REPRESENTATION_CONTEXT() REPRESENTATION_CONTEXT('2D SPACE',''
  ) );
#73 = ORIENTED_EDGE('',*,*,#74,.T.);
#74 = EDGE_CURVE('',#40,#75,#77,.T.);
#75 = VERTEX_POINT('',#76);
#76 = CARTESIAN_POINT('',(-25.,-32.49999999996,53.));
#77 = SURFACE_CURVE('',#78,(#82,#89),.PCURVE_S1.);
#78 = LINE('',#79,#80);
#79 = CARTESIAN_POINT('',(-25.,-32.49999999996,43.));
#80 = VECTOR('',#81,1.);
#81 = DIRECTION('',(0.,0.,1.));
#82 = PCURVE('',#50,#83);
#83 = DEFINITIONAL_REPRESENTATION('',(#84),#88);
#84 = LINE('',#85,#86);
#85 = CARTESIAN_POINT('',(0.,0.));
#86 = VECTOR('',#87,1.);
#87 = DIRECTION('',(0.,-1.));
#88 = ( GEOMETRIC_REPRESENTATION_CONTEXT(2) 
PARAMETRIC_REPRESENTATION_CONTEXT() REPRESENTATION_CONTEXT('2D SPACE',''
  ) );
#89 = PCURVE('',#90,#95);
#90 = CYLINDRICAL_SURFACE('',#91,5.);
#91 = AXIS2_PLACEMENT_3D('',#92,#93,#94);
#92 = CARTESIAN_POINT('',(-25.,-27.49999999996,43.));
#93 = DIRECTION('',(-0.,-0.,-1.));
#94 = DIRECTION('',(1.,0.,0.));
#95 = DEFINITIONAL_REPRESENTATION('',(#96),#100);
#96 = LINE('',#97,#98);
#97 = CARTESIAN_POINT('',(-4.712388980385,0.));
#98 = VECTOR('',#99,1.);
#99 = DIRECTION('',(-0.,-1.));
#100 = ( GEOMETRIC_REPRESENTATION_CONTEXT(2) 
PARAMETRIC_REPRESENTATION_CONTEXT() REPRESENTATION_CONTEXT('2D SPACE',''
  ) );
#101 = ORIENTED_EDGE('',*,*,#102,.T.);
#102 = EDGE_CURVE('',#75,#103,#105,.T.);
#103 = VERTEX_POINT('',#104);
#104 = CARTESIAN_POINT('',(-20.,-32.49999999996,53.));
#105 = SURFACE_CURVE('',#106,(#110,#117),.PCURVE_S1.);
#106 = LINE('',#107,#108);
#107 = CARTESIAN_POINT('',(-27.5,-32.49999999996,53.));
#108 = VECTOR('',#109,1.);
#109 = DIRECTION('',(1.,0.,0.));
#110 = PCURVE('',#50,#111);
#111 = DEFINITIONAL_REPRESENTATION('',(#112),#116);
#112 = LINE('',#113,#114);
#113 = CARTESIAN_POINT('',(-2.5,-10.));
#114 = VECTOR('',#115,1.);
#115 = DIRECTION('',(1.,0.));
#116 = ( GEOMETRIC_REPRESENTATION_CONTEXT(2) 
PARAMETRIC_REPRESENTATION_CONTEXT() REPRESENTATION_CONTEXT('2D SPACE',''
  ) );
#117 = PCURVE('',#118,#123);
#118 = PLANE('',#119);
#119 = AXIS2_PLACEMENT_3D('',#120,#121,#122);
#120 = CARTESIAN_POINT('',(-30.,17.5,53.));
#121 = DIRECTION('',(0.,0.,-1.));
#122 = DIRECTION('',(0.,-1.,0.));
#123 = DEFINITIONAL_REPRESENTATION('',(#124),#128);
#124 = LINE('',#125,#126);
#125 = CARTESIAN_POINT('',(49.99999999996,-2.5));
#126 = VECTOR('',#127,1.);
#127 = DIRECTION('',(0.,-1.));
#128 = ( GEOMETRIC_REPRESENTATION_CONTEXT(2) 
PARAMETRIC_REPRESENTATION_CONTEXT() REPRESENTATION_CONTEXT('2D SPACE',''
  ) );
#129 = ORIENTED_EDGE('',*,*,#130,.F.);
#130 = EDGE_CURVE('',#131,#103,#133,.T.);
#131 = VERTEX_POINT('',#132);
#132 = CARTESIAN_POINT('',(-20.,-32.49999999996,129.));
#133 = SURFACE_CURVE('',#134,(#138,#145),.PCURVE_S1.);
#134 = LINE('',#135,#136);
#135 = CARTESIAN_POINT('',(-20.,-32.49999999996,129.));
#136 = VECTOR('',#137,1.);
#137 = DIRECTION('',(-0.,-0.,-1.));
#138 = PCURVE('',#50,#139);
#139 = DEFINITIONAL_REPRESENTATION('',(#140),#144);
#140 = LINE('',#141,#142);
#141 = CARTESIAN_POINT('',(5.,-86.));
#142 = VECTOR('',#143,1.);
#143 = DIRECTION('',(0.,1.));
#144 = ( GEOMETRIC_REPRESENTATION_CONTEXT(2) 
PARAMETRIC_REPRESENTATION_CONTEXT() REPRESENTATION_CONTEXT('2D SPACE',''
  ) );
#145 = PCURVE('',#146,#151);
#146 = CYLINDRICAL_SURFACE('',#147,5.);
#147 = AXIS2_PLACEMENT_3D('',#148,#149,#150);
#148 = CARTESIAN_POINT('',(-20.,-27.49999999996,129.));
#149 = DIRECTION('',(0.,0.,1.));
#150 = DIRECTION('',(1.,0.,0.));
#151 = DEFINITIONAL_REPRESENTATION('',(#152),#156);
#152 = LINE('',#153,#154);
#153 = CARTESIAN_POINT('',(4.712388980385,0.));
#154 = VECTOR('',#155,1.);
#155 = DIRECTION('',(0.,-1.));
#156 = ( GEOMETRIC_REPRESENTATION_CONTEXT(2) 
PARAMETRIC_REPRESENTATION_CONTEXT() REPRESENTATION_CONTEXT('2D SPACE',''
  ) );
#157 = ORIENTED_EDGE('',*,*,#158,.T.);
#158 = EDGE_CURVE('',#131,#159,#161,.T.);
#159 = VERTEX_POINT('',#160);
#160 = CARTESIAN_POINT('',(-15.,-32.49999999996,129.));
#161 = SURFACE_CURVE('',#162,(#166,#173),.PCURVE_S1.);
#162 = LINE('',#163,#164);
#163 = CARTESIAN_POINT('',(-25.,-32.49999999996,129.));
#164 = VECTOR('',#165,1.);
#165 = DIRECTION('',(1.,0.,0.));
#166 = PCURVE('',#50,#167);
#167 = DEFINITIONAL_REPRESENTATION('',(#168),#172);
#168 = LINE('',#169,#170);
#169 = CARTESIAN_POINT('',(0.,-86.));
#170 = VECTOR('',#171,1.);
#171 = DIRECTION('',(1.,0.));
#172 = ( GEOMETRIC_REPRESENTATION_CONTEXT(2) 
PARAMETRIC_REPRESENTATION_CONTEXT() REPRESENTATION_CONTEXT('2D SPACE',''
  ) );
#173 = PCURVE('',#174,#179);
#174 = PLANE('',#175);
#175 = AXIS2_PLACEMENT_3D('',#176,#177,#178);
#176 = CARTESIAN_POINT('',(12.946468815638,9.403735534597E-12,129.));
#177 = DIRECTION('',(0.,0.,1.));
#178 = DIRECTION('',(1.,0.,0.));
#179 = DEFINITIONAL_REPRESENTATION('',(#180),#184);
#180 = LINE('',#181,#182);
#181 = CARTESIAN_POINT('',(-37.94646881563,-32.49999999997));
#182 = VECTOR('',#183,1.);
#183 = DIRECTION('',(1.,0.));
#184 = ( GEOMETRIC_REPRESENTATION_CONTEXT(2) 
PARAMETRIC_REPRESENTATION_CONTEXT() REPRESENTATION_CONTEXT('2D SPACE',''
  ) );
#185 = ORIENTED_EDGE('',*,*,#186,.T.);
#186 = EDGE_CURVE('',#159,#187,#189,.T.);
#187 = VERTEX_POINT('',#188);
#188 = CARTESIAN_POINT('',(-15.,-32.49999999996,68.));
#189 = SURFACE_CURVE('',#190,(#194,#201),.PCURVE_S1.);
#190 = LINE('',#191,#192);
#191 = CARTESIAN_POINT('',(-15.,-32.49999999996,86.));
#192 = VECTOR('',#193,1.);
#193 = DIRECTION('',(0.,0.,-1.));
#194 = PCURVE('',#50,#195);
#195 = DEFINITIONAL_REPRESENTATION('',(#196),#200);
#196 = LINE('',#197,#198);
#197 = CARTESIAN_POINT('',(10.,-43.));
#198 = VECTOR('',#199,1.);
#199 = DIRECTION('',(0.,1.));
#200 = ( GEOMETRIC_REPRESENTATION_CONTEXT(2) 
PARAMETRIC_REPRESENTATION_CONTEXT() REPRESENTATION_CONTEXT('2D SPACE',''
  ) );
#201 = PCURVE('',#202,#207);
#202 = PLANE('',#203);
#203 = AXIS2_PLACEMENT_3D('',#204,#205,#206);
#204 = CARTESIAN_POINT('',(-15.,32.5,129.));
#205 = DIRECTION('',(1.,0.,0.));
#206 = DIRECTION('',(0.,-2.22044604925E-16,-1.));
#207 = DEFINITIONAL_REPRESENTATION('',(#208),#212);
#208 = LINE('',#209,#210);
#209 = CARTESIAN_POINT('',(43.,-64.99999999996));
#210 = VECTOR('',#211,1.);
#211 = DIRECTION('',(1.,2.22044604925E-16));
#212 = ( GEOMETRIC_REPRESENTATION_CONTEXT(2) 
PARAMETRIC_REPRESENTATION_CONTEXT() REPRESENTATION_CONTEXT('2D SPACE',''
  ) );
#213 = ORIENTED_EDGE('',*,*,#214,.F.);
#214 = EDGE_CURVE('',#215,#187,#217,.T.);
#215 = VERTEX_POINT('',#216);
#216 = CARTESIAN_POINT('',(1.062604052475E-14,-32.49999999996,53.));
#217 = SURFACE_CURVE('',#218,(#223,#230),.PCURVE_S1.);
#218 = CIRCLE('',#219,15.);
#219 = AXIS2_PLACEMENT_3D('',#220,#221,#222);
#220 = CARTESIAN_POINT('',(7.870585226671E-15,-32.49999999996,68.));
#221 = DIRECTION('',(0.,1.,-2.22044604925E-16));
#222 = DIRECTION('',(-1.,0.,0.));
#223 = PCURVE('',#50,#224);
#224 = DEFINITIONAL_REPRESENTATION('',(#225),#229);
#225 = CIRCLE('',#226,15.);
#226 = AXIS2_PLACEMENT_2D('',#227,#228);
#227 = CARTESIAN_POINT('',(25.,-25.));
#228 = DIRECTION('',(-1.,0.));
#229 = ( GEOMETRIC_REPRESENTATION_CONTEXT(2) 
PARAMETRIC_REPRESENTATION_CONTEXT() REPRESENTATION_CONTEXT('2D SPACE',''
  ) );
#230 = PCURVE('',#231,#236);
#231 = CYLINDRICAL_SURFACE('',#232,15.);
#232 = AXIS2_PLACEMENT_3D('',#233,#234,#235);
#233 = CARTESIAN_POINT('',(7.870585226671E-15,32.5,68.));
#234 = DIRECTION('',(0.,1.,-2.22044604925E-16));
#235 = DIRECTION('',(-1.,0.,0.));
#236 = DEFINITIONAL_REPRESENTATION('',(#237),#241);
#237 = LINE('',#238,#239);
#238 = CARTESIAN_POINT('',(0.,-64.99999999996));
#239 = VECTOR('',#240,1.);
#240 = DIRECTION('',(1.,0.));
#241 = ( GEOMETRIC_REPRESENTATION_CONTEXT(2) 
PARAMETRIC_REPRESENTATION_CONTEXT() REPRESENTATION_CONTEXT('2D SPACE',''
  ) );
#242 = ORIENTED_EDGE('',*,*,#243,.T.);
#243 = EDGE_CURVE('',#215,#244,#246,.T.);
#244 = VERTEX_POINT('',#245);
#245 = CARTESIAN_POINT('',(45.000000000079,-32.49999999996,53.));
#246 = SURFACE_CURVE('',#247,(#251,#258),.PCURVE_S1.);
#247 = LINE('',#248,#249);
#248 = CARTESIAN_POINT('',(-12.5,-32.49999999996,53.));
#249 = VECTOR('',#250,1.);
#250 = DIRECTION('',(1.,0.,0.));
#251 = PCURVE('',#50,#252);
#252 = DEFINITIONAL_REPRESENTATION('',(#253),#257);
#253 = LINE('',#254,#255);
#254 = CARTESIAN_POINT('',(12.5,-10.));
#255 = VECTOR('',#256,1.);
#256 = DIRECTION('',(1.,0.));
#257 = ( GEOMETRIC_REPRESENTATION_CONTEXT(2) 
PARAMETRIC_REPRESENTATION_CONTEXT() REPRESENTATION_CONTEXT('2D SPACE',''
  ) );
#258 = PCURVE('',#259,#264);
#259 = PLANE('',#260);
#260 = AXIS2_PLACEMENT_3D('',#261,#262,#263);
#261 = CARTESIAN_POINT('',(1.062604052475E-14,32.5,53.));
#262 = DIRECTION('',(0.,2.22044604925E-16,1.));
#263 = DIRECTION('',(1.,0.,0.));
#264 = DEFINITIONAL_REPRESENTATION('',(#265),#269);
#265 = LINE('',#266,#267);
#266 = CARTESIAN_POINT('',(-12.5,-64.99999999996));
#267 = VECTOR('',#268,1.);
#268 = DIRECTION('',(1.,0.));
#269 = ( GEOMETRIC_REPRESENTATION_CONTEXT(2) 
PARAMETRIC_REPRESENTATION_CONTEXT() REPRESENTATION_CONTEXT('2D SPACE',''
  ) );
#270 = ORIENTED_EDGE('',*,*,#271,.F.);
#271 = EDGE_CURVE('',#42,#244,#272,.T.);
#272 = SURFACE_CURVE('',#273,(#277,#284),.PCURVE_S1.);
#273 = LINE('',#274,#275);
#274 = CARTESIAN_POINT('',(45.000000000079,-32.49999999996,43.));
#275 = VECTOR('',#276,1.);
#276 = DIRECTION('',(0.,0.,1.));
#277 = PCURVE('',#50,#278);
#278 = DEFINITIONAL_REPRESENTATION('',(#279),#283);
#279 = LINE('',#280,#281);
#280 = CARTESIAN_POINT('',(70.000000000079,0.));
#281 = VECTOR('',#282,1.);
#282 = DIRECTION('',(0.,-1.));
#283 = ( GEOMETRIC_REPRESENTATION_CONTEXT(2) 
PARAMETRIC_REPRESENTATION_CONTEXT() REPRESENTATION_CONTEXT('2D SPACE',''
  ) );
#284 = PCURVE('',#285,#290);
#285 = CYLINDRICAL_SURFACE('',#286,4.999999999921);
#286 = AXIS2_PLACEMENT_3D('',#287,#288,#289);
#287 = CARTESIAN_POINT('',(45.000000000079,-27.50000000004,43.));
#288 = DIRECTION('',(-0.,-0.,-1.));
#289 = DIRECTION('',(1.,0.,0.));
#290 = DEFINITIONAL_REPRESENTATION('',(#291),#295);
#291 = LINE('',#292,#293);
#292 = CARTESIAN_POINT('',(-4.712388980385,0.));
#293 = VECTOR('',#294,1.);
#294 = DIRECTION('',(-0.,-1.));
#295 = ( GEOMETRIC_REPRESENTATION_CONTEXT(2) 
PARAMETRIC_REPRESENTATION_CONTEXT() REPRESENTATION_CONTEXT('2D SPACE',''
  ) );
#296 = ADVANCED_FACE('',(#297,#488,#519,#550,#581,#612,#643,#674,#705),
  #62,.F.);
#297 = FACE_BOUND('',#298,.F.);
#298 = EDGE_LOOP('',(#299,#300,#324,#352,#381,#409,#438,#466));
#299 = ORIENTED_EDGE('',*,*,#39,.T.);
#300 = ORIENTED_EDGE('',*,*,#301,.T.);
#301 = EDGE_CURVE('',#42,#302,#304,.T.);
#302 = VERTEX_POINT('',#303);
#303 = CARTESIAN_POINT('',(50.,-27.50000000004,43.));
#304 = SURFACE_CURVE('',#305,(#310,#317),.PCURVE_S1.);
#305 = CIRCLE('',#306,4.999999999921);
#306 = AXIS2_PLACEMENT_3D('',#307,#308,#309);
#307 = CARTESIAN_POINT('',(45.000000000079,-27.50000000004,43.));
#308 = DIRECTION('',(0.,0.,1.));
#309 = DIRECTION('',(1.,0.,0.));
#310 = PCURVE('',#62,#311);
#311 = DEFINITIONAL_REPRESENTATION('',(#312),#316);
#312 = CIRCLE('',#313,4.999999999921);
#313 = AXIS2_PLACEMENT_2D('',#314,#315);
#314 = CARTESIAN_POINT('',(32.053531184442,-27.50000000004));
#315 = DIRECTION('',(1.,0.));
#316 = ( GEOMETRIC_REPRESENTATION_CONTEXT(2) 
PARAMETRIC_REPRESENTATION_CONTEXT() REPRESENTATION_CONTEXT('2D SPACE',''
  ) );
#317 = PCURVE('',#285,#318);
#318 = DEFINITIONAL_REPRESENTATION('',(#319),#323);
#319 = LINE('',#320,#321);
#320 = CARTESIAN_POINT('',(-0.,0.));
#321 = VECTOR('',#322,1.);
#322 = DIRECTION('',(-1.,0.));
#323 = ( GEOMETRIC_REPRESENTATION_CONTEXT(2) 
PARAMETRIC_REPRESENTATION_CONTEXT() REPRESENTATION_CONTEXT('2D SPACE',''
  ) );
#324 = ORIENTED_EDGE('',*,*,#325,.T.);
#325 = EDGE_CURVE('',#302,#326,#328,.T.);
#326 = VERTEX_POINT('',#327);
#327 = CARTESIAN_POINT('',(50.,27.5,43.));
#328 = SURFACE_CURVE('',#329,(#333,#340),.PCURVE_S1.);
#329 = LINE('',#330,#331);
#330 = CARTESIAN_POINT('',(50.,-27.50000000004,43.));
#331 = VECTOR('',#332,1.);
#332 = DIRECTION('',(0.,1.,0.));
#333 = PCURVE('',#62,#334);
#334 = DEFINITIONAL_REPRESENTATION('',(#335),#339);
#335 = LINE('',#336,#337);
#336 = CARTESIAN_POINT('',(37.053531184362,-27.50000000004));
#337 = VECTOR('',#338,1.);
#338 = DIRECTION('',(0.,1.));
#339 = ( GEOMETRIC_REPRESENTATION_CONTEXT(2) 
PARAMETRIC_REPRESENTATION_CONTEXT() REPRESENTATION_CONTEXT('2D SPACE',''
  ) );
#340 = PCURVE('',#341,#346);
#341 = PLANE('',#342);
#342 = AXIS2_PLACEMENT_3D('',#343,#344,#345);
#343 = CARTESIAN_POINT('',(50.,-27.50000000004,43.));
#344 = DIRECTION('',(-1.,0.,0.));
#345 = DIRECTION('',(0.,1.,0.));
#346 = DEFINITIONAL_REPRESENTATION('',(#347),#351);
#347 = LINE('',#348,#349);
#348 = CARTESIAN_POINT('',(0.,0.));
#349 = VECTOR('',#350,1.);
#350 = DIRECTION('',(1.,0.));
#351 = ( GEOMETRIC_REPRESENTATION_CONTEXT(2) 
PARAMETRIC_REPRESENTATION_CONTEXT() REPRESENTATION_CONTEXT('2D SPACE',''
  ) );
#352 = ORIENTED_EDGE('',*,*,#353,.T.);
#353 = EDGE_CURVE('',#326,#354,#356,.T.);
#354 = VERTEX_POINT('',#355);
#355 = CARTESIAN_POINT('',(45.,32.5,43.));
#356 = SURFACE_CURVE('',#357,(#362,#369),.PCURVE_S1.);
#357 = CIRCLE('',#358,5.);
#358 = AXIS2_PLACEMENT_3D('',#359,#360,#361);
#359 = CARTESIAN_POINT('',(45.,27.5,43.));
#360 = DIRECTION('',(0.,0.,1.));
#361 = DIRECTION('',(1.,0.,0.));
#362 = PCURVE('',#62,#363);
#363 = DEFINITIONAL_REPRESENTATION('',(#364),#368);
#364 = CIRCLE('',#365,5.);
#365 = AXIS2_PLACEMENT_2D('',#366,#367);
#366 = CARTESIAN_POINT('',(32.053531184362,27.499999999991));
#367 = DIRECTION('',(1.,0.));
#368 = ( GEOMETRIC_REPRESENTATION_CONTEXT(2) 
PARAMETRIC_REPRESENTATION_CONTEXT() REPRESENTATION_CONTEXT('2D SPACE',''
  ) );
#369 = PCURVE('',#370,#375);
#370 = CYLINDRICAL_SURFACE('',#371,5.);
#371 = AXIS2_PLACEMENT_3D('',#372,#373,#374);
#372 = CARTESIAN_POINT('',(45.,27.5,43.));
#373 = DIRECTION('',(-0.,-0.,-1.));
#374 = DIRECTION('',(1.,0.,0.));
#375 = DEFINITIONAL_REPRESENTATION('',(#376),#380);
#376 = LINE('',#377,#378);
#377 = CARTESIAN_POINT('',(-0.,0.));
#378 = VECTOR('',#379,1.);
#379 = DIRECTION('',(-1.,0.));
#380 = ( GEOMETRIC_REPRESENTATION_CONTEXT(2) 
PARAMETRIC_REPRESENTATION_CONTEXT() REPRESENTATION_CONTEXT('2D SPACE',''
  ) );
#381 = ORIENTED_EDGE('',*,*,#382,.T.);
#382 = EDGE_CURVE('',#354,#383,#385,.T.);
#383 = VERTEX_POINT('',#384);
#384 = CARTESIAN_POINT('',(-25.,32.5,43.));
#385 = SURFACE_CURVE('',#386,(#390,#397),.PCURVE_S1.);
#386 = LINE('',#387,#388);
#387 = CARTESIAN_POINT('',(45.,32.5,43.));
#388 = VECTOR('',#389,1.);
#389 = DIRECTION('',(-1.,0.,0.));
#390 = PCURVE('',#62,#391);
#391 = DEFINITIONAL_REPRESENTATION('',(#392),#396);
#392 = LINE('',#393,#394);
#393 = CARTESIAN_POINT('',(32.053531184362,32.499999999991));
#394 = VECTOR('',#395,1.);
#395 = DIRECTION('',(-1.,0.));
#396 = ( GEOMETRIC_REPRESENTATION_CONTEXT(2) 
PARAMETRIC_REPRESENTATION_CONTEXT() REPRESENTATION_CONTEXT('2D SPACE',''
  ) );
#397 = PCURVE('',#398,#403);
#398 = PLANE('',#399);
#399 = AXIS2_PLACEMENT_3D('',#400,#401,#402);
#400 = CARTESIAN_POINT('',(45.,32.5,43.));
#401 = DIRECTION('',(0.,-1.,0.));
#402 = DIRECTION('',(-1.,0.,0.));
#403 = DEFINITIONAL_REPRESENTATION('',(#404),#408);
#404 = LINE('',#405,#406);
#405 = CARTESIAN_POINT('',(0.,-0.));
#406 = VECTOR('',#407,1.);
#407 = DIRECTION('',(1.,0.));
#408 = ( GEOMETRIC_REPRESENTATION_CONTEXT(2) 
PARAMETRIC_REPRESENTATION_CONTEXT() REPRESENTATION_CONTEXT('2D SPACE',''
  ) );
#409 = ORIENTED_EDGE('',*,*,#410,.T.);
#410 = EDGE_CURVE('',#383,#411,#413,.T.);
#411 = VERTEX_POINT('',#412);
#412 = CARTESIAN_POINT('',(-30.,27.5,43.));
#413 = SURFACE_CURVE('',#414,(#419,#426),.PCURVE_S1.);
#414 = CIRCLE('',#415,5.);
#415 = AXIS2_PLACEMENT_3D('',#416,#417,#418);
#416 = CARTESIAN_POINT('',(-25.,27.5,43.));
#417 = DIRECTION('',(0.,0.,1.));
#418 = DIRECTION('',(1.,0.,0.));
#419 = PCURVE('',#62,#420);
#420 = DEFINITIONAL_REPRESENTATION('',(#421),#425);
#421 = CIRCLE('',#422,5.);
#422 = AXIS2_PLACEMENT_2D('',#423,#424);
#423 = CARTESIAN_POINT('',(-37.94646881563,27.499999999991));
#424 = DIRECTION('',(1.,0.));
#425 = ( GEOMETRIC_REPRESENTATION_CONTEXT(2) 
PARAMETRIC_REPRESENTATION_CONTEXT() REPRESENTATION_CONTEXT('2D SPACE',''
  ) );
#426 = PCURVE('',#427,#432);
#427 = CYLINDRICAL_SURFACE('',#428,5.);
#428 = AXIS2_PLACEMENT_3D('',#429,#430,#431);
#429 = CARTESIAN_POINT('',(-25.,27.5,43.));
#430 = DIRECTION('',(-0.,-0.,-1.));
#431 = DIRECTION('',(1.,0.,0.));
#432 = DEFINITIONAL_REPRESENTATION('',(#433),#437);
#433 = LINE('',#434,#435);
#434 = CARTESIAN_POINT('',(-0.,0.));
#435 = VECTOR('',#436,1.);
#436 = DIRECTION('',(-1.,0.));
#437 = ( GEOMETRIC_REPRESENTATION_CONTEXT(2) 
PARAMETRIC_REPRESENTATION_CONTEXT() REPRESENTATION_CONTEXT('2D SPACE',''
  ) );
#438 = ORIENTED_EDGE('',*,*,#439,.T.);
#439 = EDGE_CURVE('',#411,#440,#442,.T.);
#440 = VERTEX_POINT('',#441);
#441 = CARTESIAN_POINT('',(-30.,-27.49999999996,43.));
#442 = SURFACE_CURVE('',#443,(#447,#454),.PCURVE_S1.);
#443 = LINE('',#444,#445);
#444 = CARTESIAN_POINT('',(-30.,27.5,43.));
#445 = VECTOR('',#446,1.);
#446 = DIRECTION('',(0.,-1.,0.));
#447 = PCURVE('',#62,#448);
#448 = DEFINITIONAL_REPRESENTATION('',(#449),#453);
#449 = LINE('',#450,#451);
#450 = CARTESIAN_POINT('',(-42.94646881563,27.499999999991));
#451 = VECTOR('',#452,1.);
#452 = DIRECTION('',(0.,-1.));
#453 = ( GEOMETRIC_REPRESENTATION_CONTEXT(2) 
PARAMETRIC_REPRESENTATION_CONTEXT() REPRESENTATION_CONTEXT('2D SPACE',''
  ) );
#454 = PCURVE('',#455,#460);
#455 = PLANE('',#456);
#456 = AXIS2_PLACEMENT_3D('',#457,#458,#459);
#457 = CARTESIAN_POINT('',(-30.,27.5,43.));
#458 = DIRECTION('',(1.,0.,0.));
#459 = DIRECTION('',(0.,-1.,0.));
#460 = DEFINITIONAL_REPRESENTATION('',(#461),#465);
#461 = LINE('',#462,#463);
#462 = CARTESIAN_POINT('',(0.,0.));
#463 = VECTOR('',#464,1.);
#464 = DIRECTION('',(1.,0.));
#465 = ( GEOMETRIC_REPRESENTATION_CONTEXT(2) 
PARAMETRIC_REPRESENTATION_CONTEXT() REPRESENTATION_CONTEXT('2D SPACE',''
  ) );
#466 = ORIENTED_EDGE('',*,*,#467,.T.);
#467 = EDGE_CURVE('',#440,#40,#468,.T.);
#468 = SURFACE_CURVE('',#469,(#474,#481),.PCURVE_S1.);
#469 = CIRCLE('',#470,5.);
#470 = AXIS2_PLACEMENT_3D('',#471,#472,#473);
#471 = CARTESIAN_POINT('',(-25.,-27.49999999996,43.));
#472 = DIRECTION('',(0.,0.,1.));
#473 = DIRECTION('',(1.,0.,0.));
#474 = PCURVE('',#62,#475);
#475 = DEFINITIONAL_REPRESENTATION('',(#476),#480);
#476 = CIRCLE('',#477,5.);
#477 = AXIS2_PLACEMENT_2D('',#478,#479);
#478 = CARTESIAN_POINT('',(-37.94646881563,-27.49999999997));
#479 = DIRECTION('',(1.,0.));
#480 = ( GEOMETRIC_REPRESENTATION_CONTEXT(2) 
PARAMETRIC_REPRESENTATION_CONTEXT() REPRESENTATION_CONTEXT('2D SPACE',''
  ) );
#481 = PCURVE('',#90,#482);
#482 = DEFINITIONAL_REPRESENTATION('',(#483),#487);
#483 = LINE('',#484,#485);
#484 = CARTESIAN_POINT('',(-0.,0.));
#485 = VECTOR('',#486,1.);
#486 = DIRECTION('',(-1.,0.));
#487 = ( GEOMETRIC_REPRESENTATION_CONTEXT(2) 
PARAMETRIC_REPRESENTATION_CONTEXT() REPRESENTATION_CONTEXT('2D SPACE',''
  ) );
#488 = FACE_BOUND('',#489,.T.);
#489 = EDGE_LOOP('',(#490));
#490 = ORIENTED_EDGE('',*,*,#491,.T.);
#491 = EDGE_CURVE('',#492,#492,#494,.T.);
#492 = VERTEX_POINT('',#493);
#493 = CARTESIAN_POINT('',(3.5,-20.,43.));
#494 = SURFACE_CURVE('',#495,(#500,#507),.PCURVE_S1.);
#495 = CIRCLE('',#496,6.);
#496 = AXIS2_PLACEMENT_3D('',#497,#498,#499);
#497 = CARTESIAN_POINT('',(-2.5,-20.,43.));
#498 = DIRECTION('',(0.,0.,1.));
#499 = DIRECTION('',(1.,0.,0.));
#500 = PCURVE('',#62,#501);
#501 = DEFINITIONAL_REPRESENTATION('',(#502),#506);
#502 = CIRCLE('',#503,6.);
#503 = AXIS2_PLACEMENT_2D('',#504,#505);
#504 = CARTESIAN_POINT('',(-15.44646881563,-20.));
#505 = DIRECTION('',(1.,0.));
#506 = ( GEOMETRIC_REPRESENTATION_CONTEXT(2) 
PARAMETRIC_REPRESENTATION_CONTEXT() REPRESENTATION_CONTEXT('2D SPACE',''
  ) );
#507 = PCURVE('',#508,#513);
#508 = CYLINDRICAL_SURFACE('',#509,6.);
#509 = AXIS2_PLACEMENT_3D('',#510,#511,#512);
#510 = CARTESIAN_POINT('',(-2.5,-20.,43.));
#511 = DIRECTION('',(-0.,-0.,-1.));
#512 = DIRECTION('',(1.,0.,0.));
#513 = DEFINITIONAL_REPRESENTATION('',(#514),#518);
#514 = LINE('',#515,#516);
#515 = CARTESIAN_POINT('',(-0.,0.));
#516 = VECTOR('',#517,1.);
#517 = DIRECTION('',(-1.,0.));
#518 = ( GEOMETRIC_REPRESENTATION_CONTEXT(2) 
PARAMETRIC_REPRESENTATION_CONTEXT() REPRESENTATION_CONTEXT('2D SPACE',''
  ) );
#519 = FACE_BOUND('',#520,.T.);
#520 = EDGE_LOOP('',(#521));
#521 = ORIENTED_EDGE('',*,*,#522,.T.);
#522 = EDGE_CURVE('',#523,#523,#525,.T.);
#523 = VERTEX_POINT('',#524);
#524 = CARTESIAN_POINT('',(43.5,-20.,43.));
#525 = SURFACE_CURVE('',#526,(#531,#538),.PCURVE_S1.);
#526 = CIRCLE('',#527,6.);
#527 = AXIS2_PLACEMENT_3D('',#528,#529,#530);
#528 = CARTESIAN_POINT('',(37.5,-20.,43.));
#529 = DIRECTION('',(0.,0.,1.));
#530 = DIRECTION('',(1.,0.,0.));
#531 = PCURVE('',#62,#532);
#532 = DEFINITIONAL_REPRESENTATION('',(#533),#537);
#533 = CIRCLE('',#534,6.);
#534 = AXIS2_PLACEMENT_2D('',#535,#536);
#535 = CARTESIAN_POINT('',(24.553531184362,-20.));
#536 = DIRECTION('',(1.,0.));
#537 = ( GEOMETRIC_REPRESENTATION_CONTEXT(2) 
PARAMETRIC_REPRESENTATION_CONTEXT() REPRESENTATION_CONTEXT('2D SPACE',''
  ) );
#538 = PCURVE('',#539,#544);
#539 = CYLINDRICAL_SURFACE('',#540,6.);
#540 = AXIS2_PLACEMENT_3D('',#541,#542,#543);
#541 = CARTESIAN_POINT('',(37.5,-20.,43.));
#542 = DIRECTION('',(-0.,-0.,-1.));
#543 = DIRECTION('',(1.,0.,0.));
#544 = DEFINITIONAL_REPRESENTATION('',(#545),#549);
#545 = LINE('',#546,#547);
#546 = CARTESIAN_POINT('',(-0.,0.));
#547 = VECTOR('',#548,1.);
#548 = DIRECTION('',(-1.,0.));
#549 = ( GEOMETRIC_REPRESENTATION_CONTEXT(2) 
PARAMETRIC_REPRESENTATION_CONTEXT() REPRESENTATION_CONTEXT('2D SPACE',''
  ) );
#550 = FACE_BOUND('',#551,.T.);
#551 = EDGE_LOOP('',(#552));
#552 = ORIENTED_EDGE('',*,*,#553,.T.);
#553 = EDGE_CURVE('',#554,#554,#556,.T.);
#554 = VERTEX_POINT('',#555);
#555 = CARTESIAN_POINT('',(43.5,20.,43.));
#556 = SURFACE_CURVE('',#557,(#562,#569),.PCURVE_S1.);
#557 = CIRCLE('',#558,6.);
#558 = AXIS2_PLACEMENT_3D('',#559,#560,#561);
#559 = CARTESIAN_POINT('',(37.5,20.,43.));
#560 = DIRECTION('',(0.,0.,1.));
#561 = DIRECTION('',(1.,0.,0.));
#562 = PCURVE('',#62,#563);
#563 = DEFINITIONAL_REPRESENTATION('',(#564),#568);
#564 = CIRCLE('',#565,6.);
#565 = AXIS2_PLACEMENT_2D('',#566,#567);
#566 = CARTESIAN_POINT('',(24.553531184362,19.999999999991));
#567 = DIRECTION('',(1.,0.));
#568 = ( GEOMETRIC_REPRESENTATION_CONTEXT(2) 
PARAMETRIC_REPRESENTATION_CONTEXT() REPRESENTATION_CONTEXT('2D SPACE',''
  ) );
#569 = PCURVE('',#570,#575);
#570 = CYLINDRICAL_SURFACE('',#571,6.);
#571 = AXIS2_PLACEMENT_3D('',#572,#573,#574);
#572 = CARTESIAN_POINT('',(37.5,20.,43.));
#573 = DIRECTION('',(-0.,-0.,-1.));
#574 = DIRECTION('',(1.,0.,0.));
#575 = DEFINITIONAL_REPRESENTATION('',(#576),#580);
#576 = LINE('',#577,#578);
#577 = CARTESIAN_POINT('',(-0.,0.));
#578 = VECTOR('',#579,1.);
#579 = DIRECTION('',(-1.,0.));
#580 = ( GEOMETRIC_REPRESENTATION_CONTEXT(2) 
PARAMETRIC_REPRESENTATION_CONTEXT() REPRESENTATION_CONTEXT('2D SPACE',''
  ) );
#581 = FACE_BOUND('',#582,.T.);
#582 = EDGE_LOOP('',(#583));
#583 = ORIENTED_EDGE('',*,*,#584,.T.);
#584 = EDGE_CURVE('',#585,#585,#587,.T.);
#585 = VERTEX_POINT('',#586);
#586 = CARTESIAN_POINT('',(3.5,20.,43.));
#587 = SURFACE_CURVE('',#588,(#593,#600),.PCURVE_S1.);
#588 = CIRCLE('',#589,6.);
#589 = AXIS2_PLACEMENT_3D('',#590,#591,#592);
#590 = CARTESIAN_POINT('',(-2.5,20.,43.));
#591 = DIRECTION('',(0.,0.,1.));
#592 = DIRECTION('',(1.,0.,0.));
#593 = PCURVE('',#62,#594);
#594 = DEFINITIONAL_REPRESENTATION('',(#595),#599);
#595 = CIRCLE('',#596,6.);
#596 = AXIS2_PLACEMENT_2D('',#597,#598);
#597 = CARTESIAN_POINT('',(-15.44646881563,19.999999999991));
#598 = DIRECTION('',(1.,0.));
#599 = ( GEOMETRIC_REPRESENTATION_CONTEXT(2) 
PARAMETRIC_REPRESENTATION_CONTEXT() REPRESENTATION_CONTEXT('2D SPACE',''
  ) );
#600 = PCURVE('',#601,#606);
#601 = CYLINDRICAL_SURFACE('',#602,6.);
#602 = AXIS2_PLACEMENT_3D('',#603,#604,#605);
#603 = CARTESIAN_POINT('',(-2.5,20.,43.));
#604 = DIRECTION('',(-0.,-0.,-1.));
#605 = DIRECTION('',(1.,0.,0.));
#606 = DEFINITIONAL_REPRESENTATION('',(#607),#611);
#607 = LINE('',#608,#609);
#608 = CARTESIAN_POINT('',(-0.,0.));
#609 = VECTOR('',#610,1.);
#610 = DIRECTION('',(-1.,0.));
#611 = ( GEOMETRIC_REPRESENTATION_CONTEXT(2) 
PARAMETRIC_REPRESENTATION_CONTEXT() REPRESENTATION_CONTEXT('2D SPACE',''
  ) );
#612 = FACE_BOUND('',#613,.T.);
#613 = EDGE_LOOP('',(#614));
#614 = ORIENTED_EDGE('',*,*,#615,.T.);
#615 = EDGE_CURVE('',#616,#616,#618,.T.);
#616 = VERTEX_POINT('',#617);
#617 = CARTESIAN_POINT('',(0.25,0.,43.));
#618 = SURFACE_CURVE('',#619,(#624,#631),.PCURVE_S1.);
#619 = CIRCLE('',#620,2.75);
#620 = AXIS2_PLACEMENT_3D('',#621,#622,#623);
#621 = CARTESIAN_POINT('',(-2.5,0.,43.));
#622 = DIRECTION('',(0.,0.,1.));
#623 = DIRECTION('',(1.,0.,0.));
#624 = PCURVE('',#62,#625);
#625 = DEFINITIONAL_REPRESENTATION('',(#626),#630);
#626 = CIRCLE('',#627,2.75);
#627 = AXIS2_PLACEMENT_2D('',#628,#629);
#628 = CARTESIAN_POINT('',(-15.44646881563,-9.403735534597E-12));
#629 = DIRECTION('',(1.,0.));
#630 = ( GEOMETRIC_REPRESENTATION_CONTEXT(2) 
PARAMETRIC_REPRESENTATION_CONTEXT() REPRESENTATION_CONTEXT('2D SPACE',''
  ) );
#631 = PCURVE('',#632,#637);
#632 = CYLINDRICAL_SURFACE('',#633,2.75);
#633 = AXIS2_PLACEMENT_3D('',#634,#635,#636);
#634 = CARTESIAN_POINT('',(-2.5,0.,43.));
#635 = DIRECTION('',(-0.,-0.,-1.));
#636 = DIRECTION('',(1.,0.,0.));
#637 = DEFINITIONAL_REPRESENTATION('',(#638),#642);
#638 = LINE('',#639,#640);
#639 = CARTESIAN_POINT('',(-0.,0.));
#640 = VECTOR('',#641,1.);
#641 = DIRECTION('',(-1.,0.));
#642 = ( GEOMETRIC_REPRESENTATION_CONTEXT(2) 
PARAMETRIC_REPRESENTATION_CONTEXT() REPRESENTATION_CONTEXT('2D SPACE',''
  ) );
#643 = FACE_BOUND('',#644,.T.);
#644 = EDGE_LOOP('',(#645));
#645 = ORIENTED_EDGE('',*,*,#646,.T.);
#646 = EDGE_CURVE('',#647,#647,#649,.T.);
#647 = VERTEX_POINT('',#648);
#648 = CARTESIAN_POINT('',(20.25,-20.,43.));
#649 = SURFACE_CURVE('',#650,(#655,#662),.PCURVE_S1.);
#650 = CIRCLE('',#651,2.75);
#651 = AXIS2_PLACEMENT_3D('',#652,#653,#654);
#652 = CARTESIAN_POINT('',(17.5,-20.,43.));
#653 = DIRECTION('',(0.,0.,1.));
#654 = DIRECTION('',(1.,0.,0.));
#655 = PCURVE('',#62,#656);
#656 = DEFINITIONAL_REPRESENTATION('',(#657),#661);
#657 = CIRCLE('',#658,2.75);
#658 = AXIS2_PLACEMENT_2D('',#659,#660);
#659 = CARTESIAN_POINT('',(4.553531184362,-20.));
#660 = DIRECTION('',(1.,0.));
#661 = ( GEOMETRIC_REPRESENTATION_CONTEXT(2) 
PARAMETRIC_REPRESENTATION_CONTEXT() REPRESENTATION_CONTEXT('2D SPACE',''
  ) );
#662 = PCURVE('',#663,#668);
#663 = CYLINDRICAL_SURFACE('',#664,2.75);
#664 = AXIS2_PLACEMENT_3D('',#665,#666,#667);
#665 = CARTESIAN_POINT('',(17.5,-20.,43.));
#666 = DIRECTION('',(-0.,-0.,-1.));
#667 = DIRECTION('',(1.,0.,0.));
#668 = DEFINITIONAL_REPRESENTATION('',(#669),#673);
#669 = LINE('',#670,#671);
#670 = CARTESIAN_POINT('',(-0.,0.));
#671 = VECTOR('',#672,1.);
#672 = DIRECTION('',(-1.,0.));
#673 = ( GEOMETRIC_REPRESENTATION_CONTEXT(2) 
PARAMETRIC_REPRESENTATION_CONTEXT() REPRESENTATION_CONTEXT('2D SPACE',''
  ) );
#674 = FACE_BOUND('',#675,.T.);
#675 = EDGE_LOOP('',(#676));
#676 = ORIENTED_EDGE('',*,*,#677,.T.);
#677 = EDGE_CURVE('',#678,#678,#680,.T.);
#678 = VERTEX_POINT('',#679);
#679 = CARTESIAN_POINT('',(40.25,0.,43.));
#680 = SURFACE_CURVE('',#681,(#686,#693),.PCURVE_S1.);
#681 = CIRCLE('',#682,2.75);
#682 = AXIS2_PLACEMENT_3D('',#683,#684,#685);
#683 = CARTESIAN_POINT('',(37.5,0.,43.));
#684 = DIRECTION('',(0.,0.,1.));
#685 = DIRECTION('',(1.,0.,0.));
#686 = PCURVE('',#62,#687);
#687 = DEFINITIONAL_REPRESENTATION('',(#688),#692);
#688 = CIRCLE('',#689,2.75);
#689 = AXIS2_PLACEMENT_2D('',#690,#691);
#690 = CARTESIAN_POINT('',(24.553531184362,-9.403735534597E-12));
#691 = DIRECTION('',(1.,0.));
#692 = ( GEOMETRIC_REPRESENTATION_CONTEXT(2) 
PARAMETRIC_REPRESENTATION_CONTEXT() REPRESENTATION_CONTEXT('2D SPACE',''
  ) );
#693 = PCURVE('',#694,#699);
#694 = CYLINDRICAL_SURFACE('',#695,2.75);
#695 = AXIS2_PLACEMENT_3D('',#696,#697,#698);
#696 = CARTESIAN_POINT('',(37.5,0.,43.));
#697 = DIRECTION('',(-0.,-0.,-1.));
#698 = DIRECTION('',(1.,0.,0.));
#699 = DEFINITIONAL_REPRESENTATION('',(#700),#704);
#700 = LINE('',#701,#702);
#701 = CARTESIAN_POINT('',(-0.,0.));
#702 = VECTOR('',#703,1.);
#703 = DIRECTION('',(-1.,0.));
#704 = ( GEOMETRIC_REPRESENTATION_CONTEXT(2) 
PARAMETRIC_REPRESENTATION_CONTEXT() REPRESENTATION_CONTEXT('2D SPACE',''
  ) );
#705 = FACE_BOUND('',#706,.T.);
#706 = EDGE_LOOP('',(#707));
#707 = ORIENTED_EDGE('',*,*,#708,.T.);
#708 = EDGE_CURVE('',#709,#709,#711,.T.);
#709 = VERTEX_POINT('',#710);
#710 = CARTESIAN_POINT('',(20.25,20.,43.));
#711 = SURFACE_CURVE('',#712,(#717,#724),.PCURVE_S1.);
#712 = CIRCLE('',#713,2.75);
#713 = AXIS2_PLACEMENT_3D('',#714,#715,#716);
#714 = CARTESIAN_POINT('',(17.5,20.,43.));
#715 = DIRECTION('',(0.,0.,1.));
#716 = DIRECTION('',(1.,0.,0.));
#717 = PCURVE('',#62,#718);
#718 = DEFINITIONAL_REPRESENTATION('',(#719),#723);
#719 = CIRCLE('',#720,2.75);
#720 = AXIS2_PLACEMENT_2D('',#721,#722);
#721 = CARTESIAN_POINT('',(4.553531184362,19.999999999991));
#722 = DIRECTION('',(1.,0.));
#723 = ( GEOMETRIC_REPRESENTATION_CONTEXT(2) 
PARAMETRIC_REPRESENTATION_CONTEXT() REPRESENTATION_CONTEXT('2D SPACE',''
  ) );
#724 = PCURVE('',#725,#730);
#725 = CYLINDRICAL_SURFACE('',#726,2.75);
#726 = AXIS2_PLACEMENT_3D('',#727,#728,#729);
#727 = CARTESIAN_POINT('',(17.5,20.,43.));
#728 = DIRECTION('',(-0.,-0.,-1.));
#729 = DIRECTION('',(1.,0.,0.));
#730 = DEFINITIONAL_REPRESENTATION('',(#731),#735);
#731 = LINE('',#732,#733);
#732 = CARTESIAN_POINT('',(-0.,0.));
#733 = VECTOR('',#734,1.);
#734 = DIRECTION('',(-1.,0.));
#735 = ( GEOMETRIC_REPRESENTATION_CONTEXT(2) 
PARAMETRIC_REPRESENTATION_CONTEXT() REPRESENTATION_CONTEXT('2D SPACE',''
  ) );
#736 = ADVANCED_FACE('',(#737),#285,.T.);
#737 = FACE_BOUND('',#738,.F.);
#738 = EDGE_LOOP('',(#739,#740,#741,#769));
#739 = ORIENTED_EDGE('',*,*,#301,.F.);
#740 = ORIENTED_EDGE('',*,*,#271,.T.);
#741 = ORIENTED_EDGE('',*,*,#742,.F.);
#742 = EDGE_CURVE('',#743,#244,#745,.T.);
#743 = VERTEX_POINT('',#744);
#744 = CARTESIAN_POINT('',(50.,-27.50000000004,53.));
#745 = SURFACE_CURVE('',#746,(#751,#758),.PCURVE_S1.);
#746 = CIRCLE('',#747,4.999999999921);
#747 = AXIS2_PLACEMENT_3D('',#748,#749,#750);
#748 = CARTESIAN_POINT('',(45.000000000079,-27.50000000004,53.));
#749 = DIRECTION('',(0.,0.,-1.));
#750 = DIRECTION('',(1.,0.,0.));
#751 = PCURVE('',#285,#752);
#752 = DEFINITIONAL_REPRESENTATION('',(#753),#757);
#753 = LINE('',#754,#755);
#754 = CARTESIAN_POINT('',(-6.28318530718,-10.));
#755 = VECTOR('',#756,1.);
#756 = DIRECTION('',(1.,-0.));
#757 = ( GEOMETRIC_REPRESENTATION_CONTEXT(2) 
PARAMETRIC_REPRESENTATION_CONTEXT() REPRESENTATION_CONTEXT('2D SPACE',''
  ) );
#758 = PCURVE('',#259,#759);
#759 = DEFINITIONAL_REPRESENTATION('',(#760),#768);
#760 = ( BOUNDED_CURVE() B_SPLINE_CURVE(2,(#761,#762,#763,#764,#765,#766
,#767),.UNSPECIFIED.,.T.,.F.) B_SPLINE_CURVE_WITH_KNOTS((1,2,2,2,2,1),(
    -2.094395102393,0.,2.094395102393,4.188790204786,6.28318530718,
8.377580409573),.UNSPECIFIED.) CURVE() GEOMETRIC_REPRESENTATION_ITEM() 
RATIONAL_B_SPLINE_CURVE((1.,0.5,1.,0.5,1.,0.5,1.)) REPRESENTATION_ITEM(
  '') );
#761 = CARTESIAN_POINT('',(50.,-60.00000000004));
#762 = CARTESIAN_POINT('',(50.,-68.66025403774));
#763 = CARTESIAN_POINT('',(42.500000000119,-64.33012701889));
#764 = CARTESIAN_POINT('',(35.000000000238,-60.00000000004));
#765 = CARTESIAN_POINT('',(42.500000000119,-55.66987298118));
#766 = CARTESIAN_POINT('',(50.,-51.33974596233));
#767 = CARTESIAN_POINT('',(50.,-60.00000000004));
#768 = ( GEOMETRIC_REPRESENTATION_CONTEXT(2) 
PARAMETRIC_REPRESENTATION_CONTEXT() REPRESENTATION_CONTEXT('2D SPACE',''
  ) );
#769 = ORIENTED_EDGE('',*,*,#770,.F.);
#770 = EDGE_CURVE('',#302,#743,#771,.T.);
#771 = SURFACE_CURVE('',#772,(#776,#783),.PCURVE_S1.);
#772 = LINE('',#773,#774);
#773 = CARTESIAN_POINT('',(50.,-27.50000000004,43.));
#774 = VECTOR('',#775,1.);
#775 = DIRECTION('',(0.,0.,1.));
#776 = PCURVE('',#285,#777);
#777 = DEFINITIONAL_REPRESENTATION('',(#778),#782);
#778 = LINE('',#779,#780);
#779 = CARTESIAN_POINT('',(-6.28318530718,0.));
#780 = VECTOR('',#781,1.);
#781 = DIRECTION('',(-0.,-1.));
#782 = ( GEOMETRIC_REPRESENTATION_CONTEXT(2) 
PARAMETRIC_REPRESENTATION_CONTEXT() REPRESENTATION_CONTEXT('2D SPACE',''
  ) );
#783 = PCURVE('',#341,#784);
#784 = DEFINITIONAL_REPRESENTATION('',(#785),#789);
#785 = LINE('',#786,#787);
#786 = CARTESIAN_POINT('',(0.,0.));
#787 = VECTOR('',#788,1.);
#788 = DIRECTION('',(0.,-1.));
#789 = ( GEOMETRIC_REPRESENTATION_CONTEXT(2) 
PARAMETRIC_REPRESENTATION_CONTEXT() REPRESENTATION_CONTEXT('2D SPACE',''
  ) );
#790 = ADVANCED_FACE('',(#791,#1124,#1155,#1185,#1216,#1247),#259,.T.);
#791 = FACE_BOUND('',#792,.T.);
#792 = EDGE_LOOP('',(#793,#818,#841,#869,#897,#920,#949,#973,#996,#1024,
    #1052,#1073,#1074,#1075,#1098));
#793 = ORIENTED_EDGE('',*,*,#794,.F.);
#794 = EDGE_CURVE('',#795,#797,#799,.T.);
#795 = VERTEX_POINT('',#796);
#796 = CARTESIAN_POINT('',(1.062604052475E-14,32.5,53.));
#797 = VERTEX_POINT('',#798);
#798 = CARTESIAN_POINT('',(45.,32.5,53.));
#799 = SURFACE_CURVE('',#800,(#804,#811),.PCURVE_S1.);
#800 = LINE('',#801,#802);
#801 = CARTESIAN_POINT('',(1.062604052475E-14,32.5,53.));
#802 = VECTOR('',#803,1.);
#803 = DIRECTION('',(1.,0.,0.));
#804 = PCURVE('',#259,#805);
#805 = DEFINITIONAL_REPRESENTATION('',(#806),#810);
#806 = LINE('',#807,#808);
#807 = CARTESIAN_POINT('',(0.,0.));
#808 = VECTOR('',#809,1.);
#809 = DIRECTION('',(1.,0.));
#810 = ( GEOMETRIC_REPRESENTATION_CONTEXT(2) 
PARAMETRIC_REPRESENTATION_CONTEXT() REPRESENTATION_CONTEXT('2D SPACE',''
  ) );
#811 = PCURVE('',#398,#812);
#812 = DEFINITIONAL_REPRESENTATION('',(#813),#817);
#813 = LINE('',#814,#815);
#814 = CARTESIAN_POINT('',(45.,-10.));
#815 = VECTOR('',#816,1.);
#816 = DIRECTION('',(-1.,-0.));
#817 = ( GEOMETRIC_REPRESENTATION_CONTEXT(2) 
PARAMETRIC_REPRESENTATION_CONTEXT() REPRESENTATION_CONTEXT('2D SPACE',''
  ) );
#818 = ORIENTED_EDGE('',*,*,#819,.T.);
#819 = EDGE_CURVE('',#795,#820,#822,.T.);
#820 = VERTEX_POINT('',#821);
#821 = CARTESIAN_POINT('',(1.062604052475E-14,25.454356057318,53.));
#822 = SURFACE_CURVE('',#823,(#827,#834),.PCURVE_S1.);
#823 = LINE('',#824,#825);
#824 = CARTESIAN_POINT('',(1.062604052475E-14,32.5,53.));
#825 = VECTOR('',#826,1.);
#826 = DIRECTION('',(0.,-1.,2.22044604925E-16));
#827 = PCURVE('',#259,#828);
#828 = DEFINITIONAL_REPRESENTATION('',(#829),#833);
#829 = LINE('',#830,#831);
#830 = CARTESIAN_POINT('',(0.,0.));
#831 = VECTOR('',#832,1.);
#832 = DIRECTION('',(0.,-1.));
#833 = ( GEOMETRIC_REPRESENTATION_CONTEXT(2) 
PARAMETRIC_REPRESENTATION_CONTEXT() REPRESENTATION_CONTEXT('2D SPACE',''
  ) );
#834 = PCURVE('',#231,#835);
#835 = DEFINITIONAL_REPRESENTATION('',(#836),#840);
#836 = LINE('',#837,#838);
#837 = CARTESIAN_POINT('',(4.712388980385,0.));
#838 = VECTOR('',#839,1.);
#839 = DIRECTION('',(0.,-1.));
#840 = ( GEOMETRIC_REPRESENTATION_CONTEXT(2) 
PARAMETRIC_REPRESENTATION_CONTEXT() REPRESENTATION_CONTEXT('2D SPACE',''
  ) );
#841 = ORIENTED_EDGE('',*,*,#842,.T.);
#842 = EDGE_CURVE('',#820,#843,#845,.T.);
#843 = VERTEX_POINT('',#844);
#844 = CARTESIAN_POINT('',(3.5,20.,53.));
#845 = SURFACE_CURVE('',#846,(#851,#862),.PCURVE_S1.);
#846 = CIRCLE('',#847,6.);
#847 = AXIS2_PLACEMENT_3D('',#848,#849,#850);
#848 = CARTESIAN_POINT('',(-2.5,20.,53.));
#849 = DIRECTION('',(0.,0.,-1.));
#850 = DIRECTION('',(1.,0.,0.));
#851 = PCURVE('',#259,#852);
#852 = DEFINITIONAL_REPRESENTATION('',(#853),#861);
#853 = ( BOUNDED_CURVE() B_SPLINE_CURVE(2,(#854,#855,#856,#857,#858,#859
,#860),.UNSPECIFIED.,.T.,.F.) B_SPLINE_CURVE_WITH_KNOTS((1,2,2,2,2,1),(
    -2.094395102393,0.,2.094395102393,4.188790204786,6.28318530718,
8.377580409573),.UNSPECIFIED.) CURVE() GEOMETRIC_REPRESENTATION_ITEM() 
RATIONAL_B_SPLINE_CURVE((1.,0.5,1.,0.5,1.,0.5,1.)) REPRESENTATION_ITEM(
  '') );
#854 = CARTESIAN_POINT('',(3.5,-12.5));
#855 = CARTESIAN_POINT('',(3.5,-22.89230484541));
#856 = CARTESIAN_POINT('',(-5.5,-17.6961524227));
#857 = CARTESIAN_POINT('',(-14.5,-12.5));
#858 = CARTESIAN_POINT('',(-5.5,-7.303847577293));
#859 = CARTESIAN_POINT('',(3.5,-2.107695154587));
#860 = CARTESIAN_POINT('',(3.5,-12.5));
#861 = ( GEOMETRIC_REPRESENTATION_CONTEXT(2) 
PARAMETRIC_REPRESENTATION_CONTEXT() REPRESENTATION_CONTEXT('2D SPACE',''
  ) );
#862 = PCURVE('',#601,#863);
#863 = DEFINITIONAL_REPRESENTATION('',(#864),#868);
#864 = LINE('',#865,#866);
#865 = CARTESIAN_POINT('',(-6.28318530718,-10.));
#866 = VECTOR('',#867,1.);
#867 = DIRECTION('',(1.,-0.));
#868 = ( GEOMETRIC_REPRESENTATION_CONTEXT(2) 
PARAMETRIC_REPRESENTATION_CONTEXT() REPRESENTATION_CONTEXT('2D SPACE',''
  ) );
#869 = ORIENTED_EDGE('',*,*,#870,.T.);
#870 = EDGE_CURVE('',#843,#871,#873,.T.);
#871 = VERTEX_POINT('',#872);
#872 = CARTESIAN_POINT('',(1.062604052475E-14,14.545643942682,53.));
#873 = SURFACE_CURVE('',#874,(#879,#890),.PCURVE_S1.);
#874 = CIRCLE('',#875,6.);
#875 = AXIS2_PLACEMENT_3D('',#876,#877,#878);
#876 = CARTESIAN_POINT('',(-2.5,20.,53.));
#877 = DIRECTION('',(0.,0.,-1.));
#878 = DIRECTION('',(1.,0.,0.));
#879 = PCURVE('',#259,#880);
#880 = DEFINITIONAL_REPRESENTATION('',(#881),#889);
#881 = ( BOUNDED_CURVE() B_SPLINE_CURVE(2,(#882,#883,#884,#885,#886,#887
,#888),.UNSPECIFIED.,.T.,.F.) B_SPLINE_CURVE_WITH_KNOTS((1,2,2,2,2,1),(
    -2.094395102393,0.,2.094395102393,4.188790204786,6.28318530718,
8.377580409573),.UNSPECIFIED.) CURVE() GEOMETRIC_REPRESENTATION_ITEM() 
RATIONAL_B_SPLINE_CURVE((1.,0.5,1.,0.5,1.,0.5,1.)) REPRESENTATION_ITEM(
  '') );
#882 = CARTESIAN_POINT('',(3.5,-12.5));
#883 = CARTESIAN_POINT('',(3.5,-22.89230484541));
#884 = CARTESIAN_POINT('',(-5.5,-17.6961524227));
#885 = CARTESIAN_POINT('',(-14.5,-12.5));
#886 = CARTESIAN_POINT('',(-5.5,-7.303847577293));
#887 = CARTESIAN_POINT('',(3.5,-2.107695154587));
#888 = CARTESIAN_POINT('',(3.5,-12.5));
#889 = ( GEOMETRIC_REPRESENTATION_CONTEXT(2) 
PARAMETRIC_REPRESENTATION_CONTEXT() REPRESENTATION_CONTEXT('2D SPACE',''
  ) );
#890 = PCURVE('',#601,#891);
#891 = DEFINITIONAL_REPRESENTATION('',(#892),#896);
#892 = LINE('',#893,#894);
#893 = CARTESIAN_POINT('',(-6.28318530718,-10.));
#894 = VECTOR('',#895,1.);
#895 = DIRECTION('',(1.,-0.));
#896 = ( GEOMETRIC_REPRESENTATION_CONTEXT(2) 
PARAMETRIC_REPRESENTATION_CONTEXT() REPRESENTATION_CONTEXT('2D SPACE',''
  ) );
#897 = ORIENTED_EDGE('',*,*,#898,.T.);
#898 = EDGE_CURVE('',#871,#899,#901,.T.);
#899 = VERTEX_POINT('',#900);
#900 = CARTESIAN_POINT('',(1.062604052475E-14,5.454356057318,53.));
#901 = SURFACE_CURVE('',#902,(#906,#913),.PCURVE_S1.);
#902 = LINE('',#903,#904);
#903 = CARTESIAN_POINT('',(1.062604052475E-14,32.5,53.));
#904 = VECTOR('',#905,1.);
#905 = DIRECTION('',(0.,-1.,2.22044604925E-16));
#906 = PCURVE('',#259,#907);
#907 = DEFINITIONAL_REPRESENTATION('',(#908),#912);
#908 = LINE('',#909,#910);
#909 = CARTESIAN_POINT('',(0.,0.));
#910 = VECTOR('',#911,1.);
#911 = DIRECTION('',(0.,-1.));
#912 = ( GEOMETRIC_REPRESENTATION_CONTEXT(2) 
PARAMETRIC_REPRESENTATION_CONTEXT() REPRESENTATION_CONTEXT('2D SPACE',''
  ) );
#913 = PCURVE('',#231,#914);
#914 = DEFINITIONAL_REPRESENTATION('',(#915),#919);
#915 = LINE('',#916,#917);
#916 = CARTESIAN_POINT('',(4.712388980385,0.));
#917 = VECTOR('',#918,1.);
#918 = DIRECTION('',(0.,-1.));
#919 = ( GEOMETRIC_REPRESENTATION_CONTEXT(2) 
PARAMETRIC_REPRESENTATION_CONTEXT() REPRESENTATION_CONTEXT('2D SPACE',''
  ) );
#920 = ORIENTED_EDGE('',*,*,#921,.F.);
#921 = EDGE_CURVE('',#922,#899,#924,.T.);
#922 = VERTEX_POINT('',#923);
#923 = CARTESIAN_POINT('',(3.5,1.176836406103E-14,53.));
#924 = SURFACE_CURVE('',#925,(#930,#937),.PCURVE_S1.);
#925 = CIRCLE('',#926,6.);
#926 = AXIS2_PLACEMENT_3D('',#927,#928,#929);
#927 = CARTESIAN_POINT('',(-2.5,1.176836406103E-14,53.));
#928 = DIRECTION('',(0.,0.,1.));
#929 = DIRECTION('',(1.,0.,0.));
#930 = PCURVE('',#259,#931);
#931 = DEFINITIONAL_REPRESENTATION('',(#932),#936);
#932 = CIRCLE('',#933,6.);
#933 = AXIS2_PLACEMENT_2D('',#934,#935);
#934 = CARTESIAN_POINT('',(-2.5,-32.5));
#935 = DIRECTION('',(1.,0.));
#936 = ( GEOMETRIC_REPRESENTATION_CONTEXT(2) 
PARAMETRIC_REPRESENTATION_CONTEXT() REPRESENTATION_CONTEXT('2D SPACE',''
  ) );
#937 = PCURVE('',#938,#943);
#938 = CYLINDRICAL_SURFACE('',#939,6.);
#939 = AXIS2_PLACEMENT_3D('',#940,#941,#942);
#940 = CARTESIAN_POINT('',(-2.5,1.176836406103E-14,153.));
#941 = DIRECTION('',(0.,0.,1.));
#942 = DIRECTION('',(1.,0.,0.));
#943 = DEFINITIONAL_REPRESENTATION('',(#944),#948);
#944 = LINE('',#945,#946);
#945 = CARTESIAN_POINT('',(0.,-100.));
#946 = VECTOR('',#947,1.);
#947 = DIRECTION('',(1.,0.));
#948 = ( GEOMETRIC_REPRESENTATION_CONTEXT(2) 
PARAMETRIC_REPRESENTATION_CONTEXT() REPRESENTATION_CONTEXT('2D SPACE',''
  ) );
#949 = ORIENTED_EDGE('',*,*,#950,.F.);
#950 = EDGE_CURVE('',#951,#922,#953,.T.);
#951 = VERTEX_POINT('',#952);
#952 = CARTESIAN_POINT('',(1.062604052475E-14,-5.454356057318,53.));
#953 = SURFACE_CURVE('',#954,(#959,#966),.PCURVE_S1.);
#954 = CIRCLE('',#955,6.);
#955 = AXIS2_PLACEMENT_3D('',#956,#957,#958);
#956 = CARTESIAN_POINT('',(-2.5,1.176836406103E-14,53.));
#957 = DIRECTION('',(0.,0.,1.));
#958 = DIRECTION('',(1.,0.,0.));
#959 = PCURVE('',#259,#960);
#960 = DEFINITIONAL_REPRESENTATION('',(#961),#965);
#961 = CIRCLE('',#962,6.);
#962 = AXIS2_PLACEMENT_2D('',#963,#964);
#963 = CARTESIAN_POINT('',(-2.5,-32.5));
#964 = DIRECTION('',(1.,0.));
#965 = ( GEOMETRIC_REPRESENTATION_CONTEXT(2) 
PARAMETRIC_REPRESENTATION_CONTEXT() REPRESENTATION_CONTEXT('2D SPACE',''
  ) );
#966 = PCURVE('',#938,#967);
#967 = DEFINITIONAL_REPRESENTATION('',(#968),#972);
#968 = LINE('',#969,#970);
#969 = CARTESIAN_POINT('',(0.,-100.));
#970 = VECTOR('',#971,1.);
#971 = DIRECTION('',(1.,0.));
#972 = ( GEOMETRIC_REPRESENTATION_CONTEXT(2) 
PARAMETRIC_REPRESENTATION_CONTEXT() REPRESENTATION_CONTEXT('2D SPACE',''
  ) );
#973 = ORIENTED_EDGE('',*,*,#974,.T.);
#974 = EDGE_CURVE('',#951,#975,#977,.T.);
#975 = VERTEX_POINT('',#976);
#976 = CARTESIAN_POINT('',(1.062604052475E-14,-14.54564394268,53.));
#977 = SURFACE_CURVE('',#978,(#982,#989),.PCURVE_S1.);
#978 = LINE('',#979,#980);
#979 = CARTESIAN_POINT('',(1.062604052475E-14,32.5,53.));
#980 = VECTOR('',#981,1.);
#981 = DIRECTION('',(0.,-1.,2.22044604925E-16));
#982 = PCURVE('',#259,#983);
#983 = DEFINITIONAL_REPRESENTATION('',(#984),#988);
#984 = LINE('',#985,#986);
#985 = CARTESIAN_POINT('',(0.,0.));
#986 = VECTOR('',#987,1.);
#987 = DIRECTION('',(0.,-1.));
#988 = ( GEOMETRIC_REPRESENTATION_CONTEXT(2) 
PARAMETRIC_REPRESENTATION_CONTEXT() REPRESENTATION_CONTEXT('2D SPACE',''
  ) );
#989 = PCURVE('',#231,#990);
#990 = DEFINITIONAL_REPRESENTATION('',(#991),#995);
#991 = LINE('',#992,#993);
#992 = CARTESIAN_POINT('',(4.712388980385,0.));
#993 = VECTOR('',#994,1.);
#994 = DIRECTION('',(0.,-1.));
#995 = ( GEOMETRIC_REPRESENTATION_CONTEXT(2) 
PARAMETRIC_REPRESENTATION_CONTEXT() REPRESENTATION_CONTEXT('2D SPACE',''
  ) );
#996 = ORIENTED_EDGE('',*,*,#997,.T.);
#997 = EDGE_CURVE('',#975,#998,#1000,.T.);
#998 = VERTEX_POINT('',#999);
#999 = CARTESIAN_POINT('',(3.5,-20.,53.));
#1000 = SURFACE_CURVE('',#1001,(#1006,#1017),.PCURVE_S1.);
#1001 = CIRCLE('',#1002,6.);
#1002 = AXIS2_PLACEMENT_3D('',#1003,#1004,#1005);
#1003 = CARTESIAN_POINT('',(-2.5,-20.,53.));
#1004 = DIRECTION('',(0.,0.,-1.));
#1005 = DIRECTION('',(1.,0.,0.));
#1006 = PCURVE('',#259,#1007);
#1007 = DEFINITIONAL_REPRESENTATION('',(#1008),#1016);
#1008 = ( BOUNDED_CURVE() B_SPLINE_CURVE(2,(#1009,#1010,#1011,#1012,
#1013,#1014,#1015),.UNSPECIFIED.,.T.,.F.) B_SPLINE_CURVE_WITH_KNOTS((1,2
    ,2,2,2,1),(-2.094395102393,0.,2.094395102393,4.188790204786,
6.28318530718,8.377580409573),.UNSPECIFIED.) CURVE() 
GEOMETRIC_REPRESENTATION_ITEM() RATIONAL_B_SPLINE_CURVE((1.,0.5,1.,0.5,
1.,0.5,1.)) REPRESENTATION_ITEM('') );
#1009 = CARTESIAN_POINT('',(3.5,-52.5));
#1010 = CARTESIAN_POINT('',(3.5,-62.89230484541));
#1011 = CARTESIAN_POINT('',(-5.5,-57.6961524227));
#1012 = CARTESIAN_POINT('',(-14.5,-52.5));
#1013 = CARTESIAN_POINT('',(-5.5,-47.30384757729));
#1014 = CARTESIAN_POINT('',(3.5,-42.10769515458));
#1015 = CARTESIAN_POINT('',(3.5,-52.5));
#1016 = ( GEOMETRIC_REPRESENTATION_CONTEXT(2) 
PARAMETRIC_REPRESENTATION_CONTEXT() REPRESENTATION_CONTEXT('2D SPACE',''
  ) );
#1017 = PCURVE('',#508,#1018);
#1018 = DEFINITIONAL_REPRESENTATION('',(#1019),#1023);
#1019 = LINE('',#1020,#1021);
#1020 = CARTESIAN_POINT('',(-6.28318530718,-10.));
#1021 = VECTOR('',#1022,1.);
#1022 = DIRECTION('',(1.,-0.));
#1023 = ( GEOMETRIC_REPRESENTATION_CONTEXT(2) 
PARAMETRIC_REPRESENTATION_CONTEXT() REPRESENTATION_CONTEXT('2D SPACE',''
  ) );
#1024 = ORIENTED_EDGE('',*,*,#1025,.T.);
#1025 = EDGE_CURVE('',#998,#1026,#1028,.T.);
#1026 = VERTEX_POINT('',#1027);
#1027 = CARTESIAN_POINT('',(1.062604052475E-14,-25.45435605731,53.));
#1028 = SURFACE_CURVE('',#1029,(#1034,#1045),.PCURVE_S1.);
#1029 = CIRCLE('',#1030,6.);
#1030 = AXIS2_PLACEMENT_3D('',#1031,#1032,#1033);
#1031 = CARTESIAN_POINT('',(-2.5,-20.,53.));
#1032 = DIRECTION('',(0.,0.,-1.));
#1033 = DIRECTION('',(1.,0.,0.));
#1034 = PCURVE('',#259,#1035);
#1035 = DEFINITIONAL_REPRESENTATION('',(#1036),#1044);
#1036 = ( BOUNDED_CURVE() B_SPLINE_CURVE(2,(#1037,#1038,#1039,#1040,
#1041,#1042,#1043),.UNSPECIFIED.,.T.,.F.) B_SPLINE_CURVE_WITH_KNOTS((1,2
    ,2,2,2,1),(-2.094395102393,0.,2.094395102393,4.188790204786,
6.28318530718,8.377580409573),.UNSPECIFIED.) CURVE() 
GEOMETRIC_REPRESENTATION_ITEM() RATIONAL_B_SPLINE_CURVE((1.,0.5,1.,0.5,
1.,0.5,1.)) REPRESENTATION_ITEM('') );
#1037 = CARTESIAN_POINT('',(3.5,-52.5));
#1038 = CARTESIAN_POINT('',(3.5,-62.89230484541));
#1039 = CARTESIAN_POINT('',(-5.5,-57.6961524227));
#1040 = CARTESIAN_POINT('',(-14.5,-52.5));
#1041 = CARTESIAN_POINT('',(-5.5,-47.30384757729));
#1042 = CARTESIAN_POINT('',(3.5,-42.10769515458));
#1043 = CARTESIAN_POINT('',(3.5,-52.5));
#1044 = ( GEOMETRIC_REPRESENTATION_CONTEXT(2) 
PARAMETRIC_REPRESENTATION_CONTEXT() REPRESENTATION_CONTEXT('2D SPACE',''
  ) );
#1045 = PCURVE('',#508,#1046);
#1046 = DEFINITIONAL_REPRESENTATION('',(#1047),#1051);
#1047 = LINE('',#1048,#1049);
#1048 = CARTESIAN_POINT('',(-6.28318530718,-10.));
#1049 = VECTOR('',#1050,1.);
#1050 = DIRECTION('',(1.,-0.));
#1051 = ( GEOMETRIC_REPRESENTATION_CONTEXT(2) 
PARAMETRIC_REPRESENTATION_CONTEXT() REPRESENTATION_CONTEXT('2D SPACE',''
  ) );
#1052 = ORIENTED_EDGE('',*,*,#1053,.T.);
#1053 = EDGE_CURVE('',#1026,#215,#1054,.T.);
#1054 = SURFACE_CURVE('',#1055,(#1059,#1066),.PCURVE_S1.);
#1055 = LINE('',#1056,#1057);
#1056 = CARTESIAN_POINT('',(1.062604052475E-14,32.5,53.));
#1057 = VECTOR('',#1058,1.);
#1058 = DIRECTION('',(0.,-1.,2.22044604925E-16));
#1059 = PCURVE('',#259,#1060);
#1060 = DEFINITIONAL_REPRESENTATION('',(#1061),#1065);
#1061 = LINE('',#1062,#1063);
#1062 = CARTESIAN_POINT('',(0.,0.));
#1063 = VECTOR('',#1064,1.);
#1064 = DIRECTION('',(0.,-1.));
#1065 = ( GEOMETRIC_REPRESENTATION_CONTEXT(2) 
PARAMETRIC_REPRESENTATION_CONTEXT() REPRESENTATION_CONTEXT('2D SPACE',''
  ) );
#1066 = PCURVE('',#231,#1067);
#1067 = DEFINITIONAL_REPRESENTATION('',(#1068),#1072);
#1068 = LINE('',#1069,#1070);
#1069 = CARTESIAN_POINT('',(4.712388980385,0.));
#1070 = VECTOR('',#1071,1.);
#1071 = DIRECTION('',(0.,-1.));
#1072 = ( GEOMETRIC_REPRESENTATION_CONTEXT(2) 
PARAMETRIC_REPRESENTATION_CONTEXT() REPRESENTATION_CONTEXT('2D SPACE',''
  ) );
#1073 = ORIENTED_EDGE('',*,*,#243,.T.);
#1074 = ORIENTED_EDGE('',*,*,#742,.F.);
#1075 = ORIENTED_EDGE('',*,*,#1076,.F.);
#1076 = EDGE_CURVE('',#1077,#743,#1079,.T.);
#1077 = VERTEX_POINT('',#1078);
#1078 = CARTESIAN_POINT('',(50.,27.5,53.));
#1079 = SURFACE_CURVE('',#1080,(#1084,#1091),.PCURVE_S1.);
#1080 = LINE('',#1081,#1082);
#1081 = CARTESIAN_POINT('',(50.,32.5,53.));
#1082 = VECTOR('',#1083,1.);
#1083 = DIRECTION('',(0.,-1.,2.22044604925E-16));
#1084 = PCURVE('',#259,#1085);
#1085 = DEFINITIONAL_REPRESENTATION('',(#1086),#1090);
#1086 = LINE('',#1087,#1088);
#1087 = CARTESIAN_POINT('',(50.,0.));
#1088 = VECTOR('',#1089,1.);
#1089 = DIRECTION('',(0.,-1.));
#1090 = ( GEOMETRIC_REPRESENTATION_CONTEXT(2) 
PARAMETRIC_REPRESENTATION_CONTEXT() REPRESENTATION_CONTEXT('2D SPACE',''
  ) );
#1091 = PCURVE('',#341,#1092);
#1092 = DEFINITIONAL_REPRESENTATION('',(#1093),#1097);
#1093 = LINE('',#1094,#1095);
#1094 = CARTESIAN_POINT('',(60.00000000004,-10.));
#1095 = VECTOR('',#1096,1.);
#1096 = DIRECTION('',(-1.,-2.22044604925E-16));
#1097 = ( GEOMETRIC_REPRESENTATION_CONTEXT(2) 
PARAMETRIC_REPRESENTATION_CONTEXT() REPRESENTATION_CONTEXT('2D SPACE',''
  ) );
#1098 = ORIENTED_EDGE('',*,*,#1099,.F.);
#1099 = EDGE_CURVE('',#797,#1077,#1100,.T.);
#1100 = SURFACE_CURVE('',#1101,(#1106,#1117),.PCURVE_S1.);
#1101 = CIRCLE('',#1102,5.);
#1102 = AXIS2_PLACEMENT_3D('',#1103,#1104,#1105);
#1103 = CARTESIAN_POINT('',(45.,27.5,53.));
#1104 = DIRECTION('',(0.,0.,-1.));
#1105 = DIRECTION('',(1.,0.,0.));
#1106 = PCURVE('',#259,#1107);
#1107 = DEFINITIONAL_REPRESENTATION('',(#1108),#1116);
#1108 = ( BOUNDED_CURVE() B_SPLINE_CURVE(2,(#1109,#1110,#1111,#1112,
#1113,#1114,#1115),.UNSPECIFIED.,.T.,.F.) B_SPLINE_CURVE_WITH_KNOTS((1,2
    ,2,2,2,1),(-2.094395102393,0.,2.094395102393,4.188790204786,
6.28318530718,8.377580409573),.UNSPECIFIED.) CURVE() 
GEOMETRIC_REPRESENTATION_ITEM() RATIONAL_B_SPLINE_CURVE((1.,0.5,1.,0.5,
1.,0.5,1.)) REPRESENTATION_ITEM('') );
#1109 = CARTESIAN_POINT('',(50.,-5.));
#1110 = CARTESIAN_POINT('',(50.,-13.66025403784));
#1111 = CARTESIAN_POINT('',(42.5,-9.330127018922));
#1112 = CARTESIAN_POINT('',(35.,-5.));
#1113 = CARTESIAN_POINT('',(42.5,-0.669872981078));
#1114 = CARTESIAN_POINT('',(50.,3.660254037844));
#1115 = CARTESIAN_POINT('',(50.,-5.));
#1116 = ( GEOMETRIC_REPRESENTATION_CONTEXT(2) 
PARAMETRIC_REPRESENTATION_CONTEXT() REPRESENTATION_CONTEXT('2D SPACE',''
  ) );
#1117 = PCURVE('',#370,#1118);
#1118 = DEFINITIONAL_REPRESENTATION('',(#1119),#1123);
#1119 = LINE('',#1120,#1121);
#1120 = CARTESIAN_POINT('',(-6.28318530718,-10.));
#1121 = VECTOR('',#1122,1.);
#1122 = DIRECTION('',(1.,-0.));
#1123 = ( GEOMETRIC_REPRESENTATION_CONTEXT(2) 
PARAMETRIC_REPRESENTATION_CONTEXT() REPRESENTATION_CONTEXT('2D SPACE',''
  ) );
#1124 = FACE_BOUND('',#1125,.T.);
#1125 = EDGE_LOOP('',(#1126));
#1126 = ORIENTED_EDGE('',*,*,#1127,.F.);
#1127 = EDGE_CURVE('',#1128,#1128,#1130,.T.);
#1128 = VERTEX_POINT('',#1129);
#1129 = CARTESIAN_POINT('',(23.5,-20.,53.));
#1130 = SURFACE_CURVE('',#1131,(#1136,#1143),.PCURVE_S1.);
#1131 = CIRCLE('',#1132,6.);
#1132 = AXIS2_PLACEMENT_3D('',#1133,#1134,#1135);
#1133 = CARTESIAN_POINT('',(17.5,-20.,53.));
#1134 = DIRECTION('',(0.,0.,1.));
#1135 = DIRECTION('',(1.,0.,0.));
#1136 = PCURVE('',#259,#1137);
#1137 = DEFINITIONAL_REPRESENTATION('',(#1138),#1142);
#1138 = CIRCLE('',#1139,6.);
#1139 = AXIS2_PLACEMENT_2D('',#1140,#1141);
#1140 = CARTESIAN_POINT('',(17.5,-52.5));
#1141 = DIRECTION('',(1.,0.));
#1142 = ( GEOMETRIC_REPRESENTATION_CONTEXT(2) 
PARAMETRIC_REPRESENTATION_CONTEXT() REPRESENTATION_CONTEXT('2D SPACE',''
  ) );
#1143 = PCURVE('',#1144,#1149);
#1144 = CYLINDRICAL_SURFACE('',#1145,6.);
#1145 = AXIS2_PLACEMENT_3D('',#1146,#1147,#1148);
#1146 = CARTESIAN_POINT('',(17.5,-20.,153.));
#1147 = DIRECTION('',(0.,0.,1.));
#1148 = DIRECTION('',(1.,0.,0.));
#1149 = DEFINITIONAL_REPRESENTATION('',(#1150),#1154);
#1150 = LINE('',#1151,#1152);
#1151 = CARTESIAN_POINT('',(0.,-100.));
#1152 = VECTOR('',#1153,1.);
#1153 = DIRECTION('',(1.,0.));
#1154 = ( GEOMETRIC_REPRESENTATION_CONTEXT(2) 
PARAMETRIC_REPRESENTATION_CONTEXT() REPRESENTATION_CONTEXT('2D SPACE',''
  ) );
#1155 = FACE_BOUND('',#1156,.T.);
#1156 = EDGE_LOOP('',(#1157));
#1157 = ORIENTED_EDGE('',*,*,#1158,.T.);
#1158 = EDGE_CURVE('',#1159,#1159,#1161,.T.);
#1159 = VERTEX_POINT('',#1160);
#1160 = CARTESIAN_POINT('',(43.5,-20.,53.));
#1161 = SURFACE_CURVE('',#1162,(#1167,#1178),.PCURVE_S1.);
#1162 = CIRCLE('',#1163,6.);
#1163 = AXIS2_PLACEMENT_3D('',#1164,#1165,#1166);
#1164 = CARTESIAN_POINT('',(37.5,-20.,53.));
#1165 = DIRECTION('',(0.,0.,-1.));
#1166 = DIRECTION('',(1.,0.,0.));
#1167 = PCURVE('',#259,#1168);
#1168 = DEFINITIONAL_REPRESENTATION('',(#1169),#1177);
#1169 = ( BOUNDED_CURVE() B_SPLINE_CURVE(2,(#1170,#1171,#1172,#1173,
#1174,#1175,#1176),.UNSPECIFIED.,.T.,.F.) B_SPLINE_CURVE_WITH_KNOTS((1,2
    ,2,2,2,1),(-2.094395102393,0.,2.094395102393,4.188790204786,
6.28318530718,8.377580409573),.UNSPECIFIED.) CURVE() 
GEOMETRIC_REPRESENTATION_ITEM() RATIONAL_B_SPLINE_CURVE((1.,0.5,1.,0.5,
1.,0.5,1.)) REPRESENTATION_ITEM('') );
#1170 = CARTESIAN_POINT('',(43.5,-52.5));
#1171 = CARTESIAN_POINT('',(43.5,-62.89230484541));
#1172 = CARTESIAN_POINT('',(34.5,-57.6961524227));
#1173 = CARTESIAN_POINT('',(25.5,-52.5));
#1174 = CARTESIAN_POINT('',(34.5,-47.30384757729));
#1175 = CARTESIAN_POINT('',(43.5,-42.10769515458));
#1176 = CARTESIAN_POINT('',(43.5,-52.5));
#1177 = ( GEOMETRIC_REPRESENTATION_CONTEXT(2) 
PARAMETRIC_REPRESENTATION_CONTEXT() REPRESENTATION_CONTEXT('2D SPACE',''
  ) );
#1178 = PCURVE('',#539,#1179);
#1179 = DEFINITIONAL_REPRESENTATION('',(#1180),#1184);
#1180 = LINE('',#1181,#1182);
#1181 = CARTESIAN_POINT('',(-6.28318530718,-10.));
#1182 = VECTOR('',#1183,1.);
#1183 = DIRECTION('',(1.,-0.));
#1184 = ( GEOMETRIC_REPRESENTATION_CONTEXT(2) 
PARAMETRIC_REPRESENTATION_CONTEXT() REPRESENTATION_CONTEXT('2D SPACE',''
  ) );
#1185 = FACE_BOUND('',#1186,.T.);
#1186 = EDGE_LOOP('',(#1187));
#1187 = ORIENTED_EDGE('',*,*,#1188,.F.);
#1188 = EDGE_CURVE('',#1189,#1189,#1191,.T.);
#1189 = VERTEX_POINT('',#1190);
#1190 = CARTESIAN_POINT('',(23.5,20.,53.));
#1191 = SURFACE_CURVE('',#1192,(#1197,#1204),.PCURVE_S1.);
#1192 = CIRCLE('',#1193,6.);
#1193 = AXIS2_PLACEMENT_3D('',#1194,#1195,#1196);
#1194 = CARTESIAN_POINT('',(17.5,20.,53.));
#1195 = DIRECTION('',(0.,0.,1.));
#1196 = DIRECTION('',(1.,0.,0.));
#1197 = PCURVE('',#259,#1198);
#1198 = DEFINITIONAL_REPRESENTATION('',(#1199),#1203);
#1199 = CIRCLE('',#1200,6.);
#1200 = AXIS2_PLACEMENT_2D('',#1201,#1202);
#1201 = CARTESIAN_POINT('',(17.5,-12.5));
#1202 = DIRECTION('',(1.,0.));
#1203 = ( GEOMETRIC_REPRESENTATION_CONTEXT(2) 
PARAMETRIC_REPRESENTATION_CONTEXT() REPRESENTATION_CONTEXT('2D SPACE',''
  ) );
#1204 = PCURVE('',#1205,#1210);
#1205 = CYLINDRICAL_SURFACE('',#1206,6.);
#1206 = AXIS2_PLACEMENT_3D('',#1207,#1208,#1209);
#1207 = CARTESIAN_POINT('',(17.5,20.,153.));
#1208 = DIRECTION('',(0.,0.,1.));
#1209 = DIRECTION('',(1.,0.,0.));
#1210 = DEFINITIONAL_REPRESENTATION('',(#1211),#1215);
#1211 = LINE('',#1212,#1213);
#1212 = CARTESIAN_POINT('',(0.,-100.));
#1213 = VECTOR('',#1214,1.);
#1214 = DIRECTION('',(1.,0.));
#1215 = ( GEOMETRIC_REPRESENTATION_CONTEXT(2) 
PARAMETRIC_REPRESENTATION_CONTEXT() REPRESENTATION_CONTEXT('2D SPACE',''
  ) );
#1216 = FACE_BOUND('',#1217,.T.);
#1217 = EDGE_LOOP('',(#1218));
#1218 = ORIENTED_EDGE('',*,*,#1219,.F.);
#1219 = EDGE_CURVE('',#1220,#1220,#1222,.T.);
#1220 = VERTEX_POINT('',#1221);
#1221 = CARTESIAN_POINT('',(43.5,1.176836406103E-14,53.));
#1222 = SURFACE_CURVE('',#1223,(#1228,#1235),.PCURVE_S1.);
#1223 = CIRCLE('',#1224,6.);
#1224 = AXIS2_PLACEMENT_3D('',#1225,#1226,#1227);
#1225 = CARTESIAN_POINT('',(37.5,1.176836406103E-14,53.));
#1226 = DIRECTION('',(0.,0.,1.));
#1227 = DIRECTION('',(1.,0.,0.));
#1228 = PCURVE('',#259,#1229);
#1229 = DEFINITIONAL_REPRESENTATION('',(#1230),#1234);
#1230 = CIRCLE('',#1231,6.);
#1231 = AXIS2_PLACEMENT_2D('',#1232,#1233);
#1232 = CARTESIAN_POINT('',(37.5,-32.5));
#1233 = DIRECTION('',(1.,0.));
#1234 = ( GEOMETRIC_REPRESENTATION_CONTEXT(2) 
PARAMETRIC_REPRESENTATION_CONTEXT() REPRESENTATION_CONTEXT('2D SPACE',''
  ) );
#1235 = PCURVE('',#1236,#1241);
#1236 = CYLINDRICAL_SURFACE('',#1237,6.);
#1237 = AXIS2_PLACEMENT_3D('',#1238,#1239,#1240);
#1238 = CARTESIAN_POINT('',(37.5,1.176836406103E-14,153.));
#1239 = DIRECTION('',(0.,0.,1.));
#1240 = DIRECTION('',(1.,0.,0.));
#1241 = DEFINITIONAL_REPRESENTATION('',(#1242),#1246);
#1242 = LINE('',#1243,#1244);
#1243 = CARTESIAN_POINT('',(0.,-100.));
#1244 = VECTOR('',#1245,1.);
#1245 = DIRECTION('',(1.,0.));
#1246 = ( GEOMETRIC_REPRESENTATION_CONTEXT(2) 
PARAMETRIC_REPRESENTATION_CONTEXT() REPRESENTATION_CONTEXT('2D SPACE',''
  ) );
#1247 = FACE_BOUND('',#1248,.T.);
#1248 = EDGE_LOOP('',(#1249));
#1249 = ORIENTED_EDGE('',*,*,#1250,.T.);
#1250 = EDGE_CURVE('',#1251,#1251,#1253,.T.);
#1251 = VERTEX_POINT('',#1252);
#1252 = CARTESIAN_POINT('',(43.5,20.,53.));
#1253 = SURFACE_CURVE('',#1254,(#1259,#1270),.PCURVE_S1.);
#1254 = CIRCLE('',#1255,6.);
#1255 = AXIS2_PLACEMENT_3D('',#1256,#1257,#1258);
#1256 = CARTESIAN_POINT('',(37.5,20.,53.));
#1257 = DIRECTION('',(0.,0.,-1.));
#1258 = DIRECTION('',(1.,0.,0.));
#1259 = PCURVE('',#259,#1260);
#1260 = DEFINITIONAL_REPRESENTATION('',(#1261),#1269);
#1261 = ( BOUNDED_CURVE() B_SPLINE_CURVE(2,(#1262,#1263,#1264,#1265,
#1266,#1267,#1268),.UNSPECIFIED.,.T.,.F.) B_SPLINE_CURVE_WITH_KNOTS((1,2
    ,2,2,2,1),(-2.094395102393,0.,2.094395102393,4.188790204786,
6.28318530718,8.377580409573),.UNSPECIFIED.) CURVE() 
GEOMETRIC_REPRESENTATION_ITEM() RATIONAL_B_SPLINE_CURVE((1.,0.5,1.,0.5,
1.,0.5,1.)) REPRESENTATION_ITEM('') );
#1262 = CARTESIAN_POINT('',(43.5,-12.5));
#1263 = CARTESIAN_POINT('',(43.5,-22.89230484541));
#1264 = CARTESIAN_POINT('',(34.5,-17.6961524227));
#1265 = CARTESIAN_POINT('',(25.5,-12.5));
#1266 = CARTESIAN_POINT('',(34.5,-7.303847577293));
#1267 = CARTESIAN_POINT('',(43.5,-2.107695154587));
#1268 = CARTESIAN_POINT('',(43.5,-12.5));
#1269 = ( GEOMETRIC_REPRESENTATION_CONTEXT(2) 
PARAMETRIC_REPRESENTATION_CONTEXT() REPRESENTATION_CONTEXT('2D SPACE',''
  ) );
#1270 = PCURVE('',#570,#1271);
#1271 = DEFINITIONAL_REPRESENTATION('',(#1272),#1276);
#1272 = LINE('',#1273,#1274);
#1273 = CARTESIAN_POINT('',(-6.28318530718,-10.));
#1274 = VECTOR('',#1275,1.);
#1275 = DIRECTION('',(1.,-0.));
#1276 = ( GEOMETRIC_REPRESENTATION_CONTEXT(2) 
PARAMETRIC_REPRESENTATION_CONTEXT() REPRESENTATION_CONTEXT('2D SPACE',''
  ) );
#1277 = ADVANCED_FACE('',(#1278,#1928),#231,.F.);
#1278 = FACE_BOUND('',#1279,.F.);
#1279 = EDGE_LOOP('',(#1280,#1308,#1309,#1507,#1508,#1706,#1707,#1905,
    #1906,#1907));
#1280 = ORIENTED_EDGE('',*,*,#1281,.F.);
#1281 = EDGE_CURVE('',#795,#1282,#1284,.T.);
#1282 = VERTEX_POINT('',#1283);
#1283 = CARTESIAN_POINT('',(-15.,32.5,68.));
#1284 = SURFACE_CURVE('',#1285,(#1290,#1297),.PCURVE_S1.);
#1285 = CIRCLE('',#1286,15.);
#1286 = AXIS2_PLACEMENT_3D('',#1287,#1288,#1289);
#1287 = CARTESIAN_POINT('',(7.870585226671E-15,32.5,68.));
#1288 = DIRECTION('',(0.,1.,-2.22044604925E-16));
#1289 = DIRECTION('',(-1.,0.,0.));
#1290 = PCURVE('',#231,#1291);
#1291 = DEFINITIONAL_REPRESENTATION('',(#1292),#1296);
#1292 = LINE('',#1293,#1294);
#1293 = CARTESIAN_POINT('',(0.,0.));
#1294 = VECTOR('',#1295,1.);
#1295 = DIRECTION('',(1.,0.));
#1296 = ( GEOMETRIC_REPRESENTATION_CONTEXT(2) 
PARAMETRIC_REPRESENTATION_CONTEXT() REPRESENTATION_CONTEXT('2D SPACE',''
  ) );
#1297 = PCURVE('',#398,#1298);
#1298 = DEFINITIONAL_REPRESENTATION('',(#1299),#1307);
#1299 = ( BOUNDED_CURVE() B_SPLINE_CURVE(2,(#1300,#1301,#1302,#1303,
#1304,#1305,#1306),.UNSPECIFIED.,.T.,.F.) B_SPLINE_CURVE_WITH_KNOTS((1,2
    ,2,2,2,1),(-2.094395102393,0.,2.094395102393,4.188790204786,
6.28318530718,8.377580409573),.UNSPECIFIED.) CURVE() 
GEOMETRIC_REPRESENTATION_ITEM() RATIONAL_B_SPLINE_CURVE((1.,0.5,1.,0.5,
1.,0.5,1.)) REPRESENTATION_ITEM('') );
#1300 = CARTESIAN_POINT('',(60.,-25.));
#1301 = CARTESIAN_POINT('',(60.,-50.98076211353));
#1302 = CARTESIAN_POINT('',(37.5,-37.99038105676));
#1303 = CARTESIAN_POINT('',(15.,-25.));
#1304 = CARTESIAN_POINT('',(37.5,-12.00961894323));
#1305 = CARTESIAN_POINT('',(60.,0.980762113533));
#1306 = CARTESIAN_POINT('',(60.,-25.));
#1307 = ( GEOMETRIC_REPRESENTATION_CONTEXT(2) 
PARAMETRIC_REPRESENTATION_CONTEXT() REPRESENTATION_CONTEXT('2D SPACE',''
  ) );
#1308 = ORIENTED_EDGE('',*,*,#819,.T.);
#1309 = ORIENTED_EDGE('',*,*,#1310,.T.);
#1310 = EDGE_CURVE('',#820,#871,#1311,.T.);
#1311 = SURFACE_CURVE('',#1312,(#1375,#1441),.PCURVE_S1.);
#1312 = B_SPLINE_CURVE_WITH_KNOTS('',6,(#1313,#1314,#1315,#1316,#1317,
    #1318,#1319,#1320,#1321,#1322,#1323,#1324,#1325,#1326,#1327,#1328,
    #1329,#1330,#1331,#1332,#1333,#1334,#1335,#1336,#1337,#1338,#1339,
    #1340,#1341,#1342,#1343,#1344,#1345,#1346,#1347,#1348,#1349,#1350,
    #1351,#1352,#1353,#1354,#1355,#1356,#1357,#1358,#1359,#1360,#1361,
    #1362,#1363,#1364,#1365,#1366,#1367,#1368,#1369,#1370,#1371,#1372,
    #1373,#1374),.UNSPECIFIED.,.F.,.F.,(7,5,5,5,5,5,5,5,5,5,5,5,7),(0.,
    7.327607677037E-02,0.16889511798,0.247172340101,0.341368754299,
    0.418239746811,0.499867112007,0.582995157394,0.659594525754,
    0.752755614695,0.833441445777,0.928819379721,1.),.UNSPECIFIED.);
#1313 = CARTESIAN_POINT('',(1.06581410364E-14,25.454356057318,53.));
#1314 = CARTESIAN_POINT('',(-0.301753295249,25.592664453432,53.));
#1315 = CARTESIAN_POINT('',(-0.620326705548,25.714441208555,
    53.007284447252));
#1316 = CARTESIAN_POINT('',(-0.952638465944,25.815970968855,
    53.023375682841));
#1317 = CARTESIAN_POINT('',(-1.295141150665,25.894686089979,
    53.049469629097));
#1318 = CARTESIAN_POINT('',(-1.644029073316,25.949088285972,
    53.086152384107));
#1319 = CARTESIAN_POINT('',(-2.453898320241,26.017441080006,
    53.194852408337));
#1320 = CARTESIAN_POINT('',(-2.911217062308,26.013543731778,
    53.27350780882));
#1321 = CARTESIAN_POINT('',(-3.360095021141,25.968087566652,
    53.368459678023));
#1322 = CARTESIAN_POINT('',(-3.793447254747,25.884247869089,
    53.477240686873));
#1323 = CARTESIAN_POINT('',(-4.204872329905,25.767255487174,
    53.595772820871));
#1324 = CARTESIAN_POINT('',(-4.90329378222,25.50787162707,53.82019908438
    ));
#1325 = CARTESIAN_POINT('',(-5.20150847515,25.373123613985,
    53.925188352466));
#1326 = CARTESIAN_POINT('',(-5.48342749939,25.222818708076,
    54.032628109247));
#1327 = CARTESIAN_POINT('',(-5.749173925786,25.058979700896,
    54.141121159793));
#1328 = CARTESIAN_POINT('',(-5.999008924873,24.883284497463,
    54.249428586809));
#1329 = CARTESIAN_POINT('',(-6.515131994461,24.473071051831,
    54.485226741219));
#1330 = CARTESIAN_POINT('',(-6.774756901086,24.233599415349,
    54.612287797539));
#1331 = CARTESIAN_POINT('',(-7.012717756534,23.980920775046,
    54.735754007268));
#1332 = CARTESIAN_POINT('',(-7.22960986945,23.716658072011,
    54.853991632506));
#1333 = CARTESIAN_POINT('',(-7.425909392232,23.441973003204,
    54.965525596421));
#1334 = CARTESIAN_POINT('',(-7.74543067763,22.925728469661,
    55.153364504563));
#1335 = CARTESIAN_POINT('',(-7.875450948853,22.687372696082,
    55.232374566361));
#1336 = CARTESIAN_POINT('',(-7.991863526779,22.443382010415,
    55.305123200056));
#1337 = CARTESIAN_POINT('',(-8.094618494453,22.194428930228,
    55.370819065561));
#1338 = CARTESIAN_POINT('',(-8.1836451397,21.941119385336,
    55.428760409863));
#1339 = CARTESIAN_POINT('',(-8.338674045409,21.4109598729,
    55.531011959296));
#1340 = CARTESIAN_POINT('',(-8.402907578118,21.133632751108,
    55.574254759596));
#1341 = CARTESIAN_POINT('',(-8.451270891324,20.853111964519,
    55.607280766062));
#1342 = CARTESIAN_POINT('',(-8.48361875564,20.570446407004,
    55.62952676964));
#1343 = CARTESIAN_POINT('',(-8.499869341352,20.286655021404,
    55.640703045689));
#1344 = CARTESIAN_POINT('',(-8.500131790593,19.713621480237,
    55.640883544186));
#1345 = CARTESIAN_POINT('',(-8.483545364655,19.4246097554,
    55.629476296126));
#1346 = CARTESIAN_POINT('',(-8.450265891416,19.136775265132,
    55.606587267175));
#1347 = CARTESIAN_POINT('',(-8.400380442361,18.85118924006,
    55.572525059086));
#1348 = CARTESIAN_POINT('',(-8.334042318866,18.568955090735,
    55.527891076164));
#1349 = CARTESIAN_POINT('',(-8.175499376565,18.035317047413,
    55.423454404627));
#1350 = CARTESIAN_POINT('',(-8.085737184045,17.78323782002,
    55.36511960658));
#1351 = CARTESIAN_POINT('',(-7.982351317968,17.535524716463,
    55.299128106432));
#1352 = CARTESIAN_POINT('',(-7.865409427496,17.292774877687,
    55.226177363497));
#1353 = CARTESIAN_POINT('',(-7.734957480049,17.055652003408,
    55.147051828176));
#1354 = CARTESIAN_POINT('',(-7.416000502751,16.544230050442,
    54.959903278576));
#1355 = CARTESIAN_POINT('',(-7.221043395672,16.272981606038,
    54.849332430307));
#1356 = CARTESIAN_POINT('',(-7.005932801466,16.011964472728,
    54.732249207052));
#1357 = CARTESIAN_POINT('',(-6.770204578627,15.762308618526,
    54.610082633292));
#1358 = CARTESIAN_POINT('',(-6.513280999466,15.525587503189,
    54.484414161638));
#1359 = CARTESIAN_POINT('',(-5.993214610043,15.111998422584,
    54.246752874549));
#1360 = CARTESIAN_POINT('',(-5.735264234338,14.931163601261,
    54.135068653548));
#1361 = CARTESIAN_POINT('',(-5.460392740581,14.762963759124,
    54.023216772931));
#1362 = CARTESIAN_POINT('',(-5.168324498584,14.609252191514,
    53.912562368557));
#1363 = CARTESIAN_POINT('',(-4.85894467648,14.472268795444,
    53.804649278457));
#1364 = CARTESIAN_POINT('',(-4.14645477726,14.215756647867,
    53.578805318181));
#1365 = CARTESIAN_POINT('',(-3.733318868554,14.102790179197,
    53.4616087838));
#1366 = CARTESIAN_POINT('',(-3.2987280987,14.023350118999,
    53.354470943182));
#1367 = CARTESIAN_POINT('',(-2.849319524976,13.982570772889,
    53.261430854962));
#1368 = CARTESIAN_POINT('',(-2.392389442624,13.983425276459,
    53.18484242823));
#1369 = CARTESIAN_POINT('',(-1.594261346983,14.058870594343,
    53.080997290842));
#1370 = CARTESIAN_POINT('',(-1.256036763294,14.114423259269,
    53.046535234448));
#1371 = CARTESIAN_POINT('',(-0.924205414169,14.192781820524,
    53.022021122493));
#1372 = CARTESIAN_POINT('',(-0.602195354353,14.292514472117,
    53.006877307916));
#1373 = CARTESIAN_POINT('',(-0.293199455209,14.411256192722,53.));
#1374 = CARTESIAN_POINT('',(8.881784197001E-15,14.545643942682,53.));
#1375 = PCURVE('',#231,#1376);
#1376 = DEFINITIONAL_REPRESENTATION('',(#1377),#1440);
#1377 = B_SPLINE_CURVE_WITH_KNOTS('',6,(#1378,#1379,#1380,#1381,#1382,
    #1383,#1384,#1385,#1386,#1387,#1388,#1389,#1390,#1391,#1392,#1393,
    #1394,#1395,#1396,#1397,#1398,#1399,#1400,#1401,#1402,#1403,#1404,
    #1405,#1406,#1407,#1408,#1409,#1410,#1411,#1412,#1413,#1414,#1415,
    #1416,#1417,#1418,#1419,#1420,#1421,#1422,#1423,#1424,#1425,#1426,
    #1427,#1428,#1429,#1430,#1431,#1432,#1433,#1434,#1435,#1436,#1437,
    #1438,#1439),.UNSPECIFIED.,.F.,.F.,(7,5,5,5,5,5,5,5,5,5,5,5,7),(0.,
    7.327607677037E-02,0.16889511798,0.247172340101,0.341368754299,
    0.418239746811,0.499867112007,0.582995157394,0.659594525754,
    0.752755614695,0.833441445777,0.928819379721,1.),.UNSPECIFIED.);
#1378 = CARTESIAN_POINT('',(4.712388980385,-7.045643942682));
#1379 = CARTESIAN_POINT('',(4.732505866735,-6.907335546568));
#1380 = CARTESIAN_POINT('',(4.753744100792,-6.785558791445));
#1381 = CARTESIAN_POINT('',(4.775912840945,-6.684029031145));
#1382 = CARTESIAN_POINT('',(4.79879856012,-6.605313910021));
#1383 = CARTESIAN_POINT('',(4.822176364188,-6.550911714028));
#1384 = CARTESIAN_POINT('',(4.876651797688,-6.482558919994));
#1385 = CARTESIAN_POINT('',(4.907566347494,-6.486456268222));
#1386 = CARTESIAN_POINT('',(4.938120233459,-6.531912433348));
#1387 = CARTESIAN_POINT('',(4.967878638829,-6.615752130911));
#1388 = CARTESIAN_POINT('',(4.996409447628,-6.732744512826));
#1389 = CARTESIAN_POINT('',(5.045315692301,-6.99212837293));
#1390 = CARTESIAN_POINT('',(5.066384745617,-7.126876386015));
#1391 = CARTESIAN_POINT('',(5.086488703913,-7.277181291924));
#1392 = CARTESIAN_POINT('',(5.105617780719,-7.441020299104));
#1393 = CARTESIAN_POINT('',(5.123767755485,-7.616715502537));
#1394 = CARTESIAN_POINT('',(5.161596832637,-8.026928948169));
#1395 = CARTESIAN_POINT('',(5.180860017494,-8.266400584651));
#1396 = CARTESIAN_POINT('',(5.198725711957,-8.519079224954));
#1397 = CARTESIAN_POINT('',(5.215190164213,-8.783341927989));
#1398 = CARTESIAN_POINT('',(5.230240015291,-9.058026996796));
#1399 = CARTESIAN_POINT('',(5.254949645194,-9.574271530339));
#1400 = CARTESIAN_POINT('',(5.265091515015,-9.812627303918));
#1401 = CARTESIAN_POINT('',(5.274242243687,-10.05661798958));
#1402 = CARTESIAN_POINT('',(5.282372564123,-10.30557106977));
#1403 = CARTESIAN_POINT('',(5.289453842849,-10.55888061466));
#1404 = CARTESIAN_POINT('',(5.301834713571,-11.0890401271));
#1405 = CARTESIAN_POINT('',(5.306996689241,-11.36636724889));
#1406 = CARTESIAN_POINT('',(5.310900915603,-11.64688803548));
#1407 = CARTESIAN_POINT('',(5.313518186472,-11.92955359299));
#1408 = CARTESIAN_POINT('',(5.314833042004,-12.21334497859));
#1409 = CARTESIAN_POINT('',(5.314854277123,-12.78637851976));
#1410 = CARTESIAN_POINT('',(5.313512248512,-13.0753902446));
#1411 = CARTESIAN_POINT('',(5.310819511775,-13.36322473486));
#1412 = CARTESIAN_POINT('',(5.306792530912,-13.64881075994));
#1413 = CARTESIAN_POINT('',(5.301462395975,-13.93104490926));
#1414 = CARTESIAN_POINT('',(5.288805753817,-14.46468295258));
#1415 = CARTESIAN_POINT('',(5.28166907144,-14.71676217998));
#1416 = CARTESIAN_POINT('',(5.27349270636,-14.96447528353));
#1417 = CARTESIAN_POINT('',(5.264304920157,-15.20722512231));
#1418 = CARTESIAN_POINT('',(5.254134460589,-15.44434799659));
#1419 = CARTESIAN_POINT('',(5.229480578048,-15.95576994955));
#1420 = CARTESIAN_POINT('',(5.214540226879,-16.22701839396));
#1421 = CARTESIAN_POINT('',(5.198216798851,-16.48803552727));
#1422 = CARTESIAN_POINT('',(5.180522930772,-16.73769138147));
#1423 = CARTESIAN_POINT('',(5.161462080896,-16.97441249681));
#1424 = CARTESIAN_POINT('',(5.123342273459,-17.38800157741));
#1425 = CARTESIAN_POINT('',(5.104606687033,-17.56883639873));
#1426 = CARTESIAN_POINT('',(5.084830453636,-17.73703624087));
#1427 = CARTESIAN_POINT('',(5.064018903738,-17.89074780848));
#1428 = CARTESIAN_POINT('',(5.042183867552,-18.02773120455));
#1429 = CARTESIAN_POINT('',(4.992355390603,-18.28424335213));
#1430 = CARTESIAN_POINT('',(4.96373955113,-18.3972098208));
#1431 = CARTESIAN_POINT('',(4.933927744639,-18.476649881));
#1432 = CARTESIAN_POINT('',(4.903365335692,-18.51742922711));
#1433 = CARTESIAN_POINT('',(4.872499116617,-18.51657472354));
#1434 = CARTESIAN_POINT('',(4.818842087685,-18.44112940565));
#1435 = CARTESIAN_POINT('',(4.796185817981,-18.38557674073));
#1436 = CARTESIAN_POINT('',(4.774016098892,-18.30721817947));
#1437 = CARTESIAN_POINT('',(4.752535342282,-18.20748552788));
#1438 = CARTESIAN_POINT('',(4.731935610732,-18.08874380727));
#1439 = CARTESIAN_POINT('',(4.712388980385,-17.95435605731));
#1440 = ( GEOMETRIC_REPRESENTATION_CONTEXT(2) 
PARAMETRIC_REPRESENTATION_CONTEXT() REPRESENTATION_CONTEXT('2D SPACE',''
  ) );
#1441 = PCURVE('',#601,#1442);
#1442 = DEFINITIONAL_REPRESENTATION('',(#1443),#1506);
#1443 = B_SPLINE_CURVE_WITH_KNOTS('',6,(#1444,#1445,#1446,#1447,#1448,
    #1449,#1450,#1451,#1452,#1453,#1454,#1455,#1456,#1457,#1458,#1459,
    #1460,#1461,#1462,#1463,#1464,#1465,#1466,#1467,#1468,#1469,#1470,
    #1471,#1472,#1473,#1474,#1475,#1476,#1477,#1478,#1479,#1480,#1481,
    #1482,#1483,#1484,#1485,#1486,#1487,#1488,#1489,#1490,#1491,#1492,
    #1493,#1494,#1495,#1496,#1497,#1498,#1499,#1500,#1501,#1502,#1503,
    #1504,#1505),.UNSPECIFIED.,.F.,.F.,(7,5,5,5,5,5,5,5,5,5,5,5,7),(0.,
    7.327607677037E-02,0.16889511798,0.247172340101,0.341368754299,
    0.418239746811,0.499867112007,0.582995157394,0.659594525754,
    0.752755614695,0.833441445777,0.928819379721,1.),.UNSPECIFIED.);
#1444 = CARTESIAN_POINT('',(-1.14102089549,-10.));
#1445 = CARTESIAN_POINT('',(-1.196344253936,-10.));
#1446 = CARTESIAN_POINT('',(-1.253067981479,-10.00728444725));
#1447 = CARTESIAN_POINT('',(-1.310772022009,-10.02337568284));
#1448 = CARTESIAN_POINT('',(-1.369122326841,-10.04946962909));
#1449 = CARTESIAN_POINT('',(-1.427826844293,-10.0861523841));
#1450 = CARTESIAN_POINT('',(-1.563284945807,-10.19485240833));
#1451 = CARTESIAN_POINT('',(-1.639180014343,-10.27350780882));
#1452 = CARTESIAN_POINT('',(-1.713903000329,-10.36845967802));
#1453 = CARTESIAN_POINT('',(-1.78704775969,-10.47724068687));
#1454 = CARTESIAN_POINT('',(-1.858117166745,-10.59577282087));
#1455 = CARTESIAN_POINT('',(-1.982289147832,-10.82019908438));
#1456 = CARTESIAN_POINT('',(-2.036700932521,-10.92518835246));
#1457 = CARTESIAN_POINT('',(-2.089783584487,-11.03262810924));
#1458 = CARTESIAN_POINT('',(-2.141670414096,-11.14112115979));
#1459 = CARTESIAN_POINT('',(-2.192487560152,-11.2494285868));
#1460 = CARTESIAN_POINT('',(-2.30236856826,-11.48522674121));
#1461 = CARTESIAN_POINT('',(-2.361077055304,-11.61228779753));
#1462 = CARTESIAN_POINT('',(-2.418716290073,-11.73575400726));
#1463 = CARTESIAN_POINT('',(-2.475503558257,-11.8539916325));
#1464 = CARTESIAN_POINT('',(-2.53164940042,-11.96552559642));
#1465 = CARTESIAN_POINT('',(-2.632837106941,-12.15336450456));
#1466 = CARTESIAN_POINT('',(-2.678021019272,-12.23237456636));
#1467 = CARTESIAN_POINT('',(-2.722979198125,-12.30512320005));
#1468 = CARTESIAN_POINT('',(-2.76777041527,-12.37081906556));
#1469 = CARTESIAN_POINT('',(-2.81245620512,-12.42876040986));
#1470 = CARTESIAN_POINT('',(-2.904516431517,-12.53101195929));
#1471 = CARTESIAN_POINT('',(-2.951884469556,-12.57425475959));
#1472 = CARTESIAN_POINT('',(-2.999212893461,-12.60728076606));
#1473 = CARTESIAN_POINT('',(-3.04651701974,-12.62952676964));
#1474 = CARTESIAN_POINT('',(-3.09381681171,-12.64070304568));
#1475 = CARTESIAN_POINT('',(-3.189322411922,-12.64088354418));
#1476 = CARTESIAN_POINT('',(-3.237489752518,-12.62947629612));
#1477 = CARTESIAN_POINT('',(-3.28566107538,-12.60658726717));
#1478 = CARTESIAN_POINT('',(-3.333858205083,-12.57252505908));
#1479 = CARTESIAN_POINT('',(-3.382098057671,-12.52789107616));
#1480 = CARTESIAN_POINT('',(-3.474879974287,-12.42345440462));
#1481 = CARTESIAN_POINT('',(-3.519413998534,-12.36511960658));
#1482 = CARTESIAN_POINT('',(-3.564055624681,-12.29912810643));
#1483 = CARTESIAN_POINT('',(-3.608866415969,-12.22617736349));
#1484 = CARTESIAN_POINT('',(-3.65390531329,-12.14705182817));
#1485 = CARTESIAN_POINT('',(-3.754360660935,-11.95990327857));
#1486 = CARTESIAN_POINT('',(-3.809914512928,-11.8493324303));
#1487 = CARTESIAN_POINT('',(-3.866101333488,-11.73224920705));
#1488 = CARTESIAN_POINT('',(-3.923125371328,-11.61008263329));
#1489 = CARTESIAN_POINT('',(-3.981197355313,-11.48441416163));
#1490 = CARTESIAN_POINT('',(-4.091942931724,-11.24675287454));
#1491 = CARTESIAN_POINT('',(-4.144351022948,-11.13506865354));
#1492 = CARTESIAN_POINT('',(-4.197899965757,-11.02321677293));
#1493 = CARTESIAN_POINT('',(-4.252726346078,-10.91256236855));
#1494 = CARTESIAN_POINT('',(-4.308974870286,-10.80464927845));
#1495 = CARTESIAN_POINT('',(-4.435184609559,-10.57880531818));
#1496 = CARTESIAN_POINT('',(-4.506347504496,-10.4616087838));
#1497 = CARTESIAN_POINT('',(-4.579557568334,-10.35447094318));
#1498 = CARTESIAN_POINT('',(-4.654293607241,-10.26143085496));
#1499 = CARTESIAN_POINT('',(-4.730123973113,-10.18484242823));
#1500 = CARTESIAN_POINT('',(-4.863738307533,-10.08099729084));
#1501 = CARTESIAN_POINT('',(-4.920730215408,-10.04653523444));
#1502 = CARTESIAN_POINT('',(-4.977354207502,-10.02202112249));
#1503 = CARTESIAN_POINT('',(-5.03334743459,-10.00687730791));
#1504 = CARTESIAN_POINT('',(-5.088409311705,-10.));
#1505 = CARTESIAN_POINT('',(-5.142164411689,-10.));
#1506 = ( GEOMETRIC_REPRESENTATION_CONTEXT(2) 
PARAMETRIC_REPRESENTATION_CONTEXT() REPRESENTATION_CONTEXT('2D SPACE',''
  ) );
#1507 = ORIENTED_EDGE('',*,*,#898,.T.);
#1508 = ORIENTED_EDGE('',*,*,#1509,.T.);
#1509 = EDGE_CURVE('',#899,#951,#1510,.T.);
#1510 = SURFACE_CURVE('',#1511,(#1574,#1640),.PCURVE_S1.);
#1511 = B_SPLINE_CURVE_WITH_KNOTS('',6,(#1512,#1513,#1514,#1515,#1516,
    #1517,#1518,#1519,#1520,#1521,#1522,#1523,#1524,#1525,#1526,#1527,
    #1528,#1529,#1530,#1531,#1532,#1533,#1534,#1535,#1536,#1537,#1538,
    #1539,#1540,#1541,#1542,#1543,#1544,#1545,#1546,#1547,#1548,#1549,
    #1550,#1551,#1552,#1553,#1554,#1555,#1556,#1557,#1558,#1559,#1560,
    #1561,#1562,#1563,#1564,#1565,#1566,#1567,#1568,#1569,#1570,#1571,
    #1572,#1573),.UNSPECIFIED.,.F.,.F.,(7,5,5,5,5,5,5,5,5,5,5,5,7),(0.,
    7.327607674933E-02,0.168895117931,0.247172340031,0.341368754201,
    0.418239746691,0.499867111864,0.582995157227,0.659594525566,
    0.752755614481,0.833441445541,0.928819379574,1.),.UNSPECIFIED.);
#1512 = CARTESIAN_POINT('',(2.6645352591E-14,5.454356057318,53.));
#1513 = CARTESIAN_POINT('',(-0.30175329525,5.592664453432,53.));
#1514 = CARTESIAN_POINT('',(-0.620326705547,5.714441208555,
    53.007284447252));
#1515 = CARTESIAN_POINT('',(-0.952638465945,5.815970968855,
    53.023375682841));
#1516 = CARTESIAN_POINT('',(-1.295141150664,5.894686089979,
    53.049469629097));
#1517 = CARTESIAN_POINT('',(-1.644029073316,5.949088285972,
    53.086152384107));
#1518 = CARTESIAN_POINT('',(-2.453898320241,6.017441080006,
    53.194852408337));
#1519 = CARTESIAN_POINT('',(-2.911217062308,6.013543731778,
    53.27350780882));
#1520 = CARTESIAN_POINT('',(-3.360095021141,5.968087566652,
    53.368459678023));
#1521 = CARTESIAN_POINT('',(-3.793447254747,5.884247869089,
    53.477240686873));
#1522 = CARTESIAN_POINT('',(-4.204872329904,5.767255487174,
    53.595772820871));
#1523 = CARTESIAN_POINT('',(-4.90329378222,5.507871627071,53.82019908438
    ));
#1524 = CARTESIAN_POINT('',(-5.201508475151,5.373123613985,
    53.925188352466));
#1525 = CARTESIAN_POINT('',(-5.483427499389,5.222818708076,
    54.032628109246));
#1526 = CARTESIAN_POINT('',(-5.749173925787,5.058979700895,
    54.141121159793));
#1527 = CARTESIAN_POINT('',(-5.999008924873,4.883284497463,
    54.249428586809));
#1528 = CARTESIAN_POINT('',(-6.515131994462,4.47307105183,54.48522674122
    ));
#1529 = CARTESIAN_POINT('',(-6.774756901086,4.233599415349,
    54.612287797539));
#1530 = CARTESIAN_POINT('',(-7.012717756533,3.980920775046,
    54.735754007267));
#1531 = CARTESIAN_POINT('',(-7.22960986945,3.716658072011,
    54.853991632506));
#1532 = CARTESIAN_POINT('',(-7.425909392232,3.441973003204,
    54.965525596421));
#1533 = CARTESIAN_POINT('',(-7.74543067763,2.925728469661,
    55.153364504563));
#1534 = CARTESIAN_POINT('',(-7.875450948853,2.687372696082,
    55.232374566361));
#1535 = CARTESIAN_POINT('',(-7.991863526779,2.443382010415,
    55.305123200056));
#1536 = CARTESIAN_POINT('',(-8.094618494453,2.194428930228,
    55.370819065561));
#1537 = CARTESIAN_POINT('',(-8.1836451397,1.941119385336,55.428760409863
    ));
#1538 = CARTESIAN_POINT('',(-8.338674045409,1.410959872901,
    55.531011959295));
#1539 = CARTESIAN_POINT('',(-8.402907578118,1.133632751108,
    55.574254759596));
#1540 = CARTESIAN_POINT('',(-8.451270891324,0.85311196452,
    55.607280766062));
#1541 = CARTESIAN_POINT('',(-8.48361875564,0.570446407004,55.62952676964
    ));
#1542 = CARTESIAN_POINT('',(-8.499869341352,0.286655021404,
    55.640703045689));
#1543 = CARTESIAN_POINT('',(-8.500131790593,-0.286378519764,
    55.640883544186));
#1544 = CARTESIAN_POINT('',(-8.483545364655,-0.575390244599,
    55.629476296126));
#1545 = CARTESIAN_POINT('',(-8.450265891416,-0.863224734869,
    55.606587267175));
#1546 = CARTESIAN_POINT('',(-8.400380442362,-1.148810759939,
    55.572525059086));
#1547 = CARTESIAN_POINT('',(-8.334042318866,-1.431044909266,
    55.527891076163));
#1548 = CARTESIAN_POINT('',(-8.175499376565,-1.964682952587,
    55.423454404627));
#1549 = CARTESIAN_POINT('',(-8.085737184045,-2.21676217998,
    55.36511960658));
#1550 = CARTESIAN_POINT('',(-7.982351317968,-2.464475283537,
    55.299128106432));
#1551 = CARTESIAN_POINT('',(-7.865409427496,-2.707225122313,
    55.226177363497));
#1552 = CARTESIAN_POINT('',(-7.734957480049,-2.944347996591,
    55.147051828176));
#1553 = CARTESIAN_POINT('',(-7.416000502751,-3.455769949557,
    54.959903278576));
#1554 = CARTESIAN_POINT('',(-7.221043395672,-3.727018393962,
    54.849332430307));
#1555 = CARTESIAN_POINT('',(-7.005932801466,-3.988035527272,
    54.732249207052));
#1556 = CARTESIAN_POINT('',(-6.770204578627,-4.237691381474,
    54.610082633292));
#1557 = CARTESIAN_POINT('',(-6.513280999466,-4.474412496811,
    54.484414161638));
#1558 = CARTESIAN_POINT('',(-5.993214610043,-4.888001577416,
    54.246752874549));
#1559 = CARTESIAN_POINT('',(-5.735264234338,-5.068836398739,
    54.135068653548));
#1560 = CARTESIAN_POINT('',(-5.460392740581,-5.237036240876,
    54.023216772931));
#1561 = CARTESIAN_POINT('',(-5.168324498584,-5.390747808486,
    53.912562368557));
#1562 = CARTESIAN_POINT('',(-4.858944676481,-5.527731204556,
    53.804649278457));
#1563 = CARTESIAN_POINT('',(-4.146454776788,-5.784243352303,
    53.578805318031));
#1564 = CARTESIAN_POINT('',(-3.733318868693,-5.897209820667,
    53.461608783878));
#1565 = CARTESIAN_POINT('',(-3.298728099185,-5.976649880939,
    53.354470943292));
#1566 = CARTESIAN_POINT('',(-2.849319525096,-6.017429227212,
    53.26143085494));
#1567 = CARTESIAN_POINT('',(-2.392389442131,-6.016574723495,
    53.184842428166));
#1568 = CARTESIAN_POINT('',(-1.594261346971,-5.941129405656,
    53.080997290841));
#1569 = CARTESIAN_POINT('',(-1.256036763297,-5.88557674073,
    53.046535234449));
#1570 = CARTESIAN_POINT('',(-0.924205414181,-5.807218179479,
    53.022021122494));
#1571 = CARTESIAN_POINT('',(-0.602195354356,-5.707485527886,
    53.006877307915));
#1572 = CARTESIAN_POINT('',(-0.293199455198,-5.588743807273,53.));
#1573 = CARTESIAN_POINT('',(2.48689957516E-14,-5.454356057318,53.));
#1574 = PCURVE('',#231,#1575);
#1575 = DEFINITIONAL_REPRESENTATION('',(#1576),#1639);
#1576 = B_SPLINE_CURVE_WITH_KNOTS('',6,(#1577,#1578,#1579,#1580,#1581,
    #1582,#1583,#1584,#1585,#1586,#1587,#1588,#1589,#1590,#1591,#1592,
    #1593,#1594,#1595,#1596,#1597,#1598,#1599,#1600,#1601,#1602,#1603,
    #1604,#1605,#1606,#1607,#1608,#1609,#1610,#1611,#1612,#1613,#1614,
    #1615,#1616,#1617,#1618,#1619,#1620,#1621,#1622,#1623,#1624,#1625,
    #1626,#1627,#1628,#1629,#1630,#1631,#1632,#1633,#1634,#1635,#1636,
    #1637,#1638),.UNSPECIFIED.,.F.,.F.,(7,5,5,5,5,5,5,5,5,5,5,5,7),(0.,
    7.327607674933E-02,0.168895117931,0.247172340031,0.341368754201,
    0.418239746691,0.499867111864,0.582995157227,0.659594525566,
    0.752755614481,0.833441445541,0.928819379574,1.),.UNSPECIFIED.);
#1577 = CARTESIAN_POINT('',(4.712388980385,-27.04564394268));
#1578 = CARTESIAN_POINT('',(4.732505866735,-26.90733554656));
#1579 = CARTESIAN_POINT('',(4.753744100792,-26.78555879144));
#1580 = CARTESIAN_POINT('',(4.775912840945,-26.68402903114));
#1581 = CARTESIAN_POINT('',(4.79879856012,-26.60531391002));
#1582 = CARTESIAN_POINT('',(4.822176364188,-26.55091171402));
#1583 = CARTESIAN_POINT('',(4.876651797688,-26.48255891999));
#1584 = CARTESIAN_POINT('',(4.907566347494,-26.48645626822));
#1585 = CARTESIAN_POINT('',(4.938120233459,-26.53191243334));
#1586 = CARTESIAN_POINT('',(4.967878638829,-26.61575213091));
#1587 = CARTESIAN_POINT('',(4.996409447628,-26.73274451282));
#1588 = CARTESIAN_POINT('',(5.045315692301,-26.99212837292));
#1589 = CARTESIAN_POINT('',(5.066384745617,-27.12687638601));
#1590 = CARTESIAN_POINT('',(5.086488703913,-27.27718129192));
#1591 = CARTESIAN_POINT('',(5.105617780719,-27.4410202991));
#1592 = CARTESIAN_POINT('',(5.123767755485,-27.61671550253));
#1593 = CARTESIAN_POINT('',(5.161596832637,-28.02692894817));
#1594 = CARTESIAN_POINT('',(5.180860017494,-28.26640058465));
#1595 = CARTESIAN_POINT('',(5.198725711957,-28.51907922495));
#1596 = CARTESIAN_POINT('',(5.215190164213,-28.78334192798));
#1597 = CARTESIAN_POINT('',(5.230240015291,-29.05802699679));
#1598 = CARTESIAN_POINT('',(5.254949645194,-29.57427153033));
#1599 = CARTESIAN_POINT('',(5.265091515015,-29.81262730391));
#1600 = CARTESIAN_POINT('',(5.274242243687,-30.05661798958));
#1601 = CARTESIAN_POINT('',(5.282372564123,-30.30557106977));
#1602 = CARTESIAN_POINT('',(5.289453842849,-30.55888061466));
#1603 = CARTESIAN_POINT('',(5.301834713571,-31.08904012709));
#1604 = CARTESIAN_POINT('',(5.306996689241,-31.36636724889));
#1605 = CARTESIAN_POINT('',(5.310900915603,-31.64688803548));
#1606 = CARTESIAN_POINT('',(5.313518186472,-31.92955359299));
#1607 = CARTESIAN_POINT('',(5.314833042004,-32.21334497859));
#1608 = CARTESIAN_POINT('',(5.314854277123,-32.78637851976));
#1609 = CARTESIAN_POINT('',(5.313512248512,-33.07539024459));
#1610 = CARTESIAN_POINT('',(5.310819511775,-33.36322473486));
#1611 = CARTESIAN_POINT('',(5.306792530912,-33.64881075993));
#1612 = CARTESIAN_POINT('',(5.301462395975,-33.93104490926));
#1613 = CARTESIAN_POINT('',(5.288805753817,-34.46468295258));
#1614 = CARTESIAN_POINT('',(5.28166907144,-34.71676217998));
#1615 = CARTESIAN_POINT('',(5.27349270636,-34.96447528353));
#1616 = CARTESIAN_POINT('',(5.264304920157,-35.20722512231));
#1617 = CARTESIAN_POINT('',(5.254134460589,-35.44434799659));
#1618 = CARTESIAN_POINT('',(5.229480578048,-35.95576994955));
#1619 = CARTESIAN_POINT('',(5.214540226879,-36.22701839396));
#1620 = CARTESIAN_POINT('',(5.198216798851,-36.48803552727));
#1621 = CARTESIAN_POINT('',(5.180522930772,-36.73769138147));
#1622 = CARTESIAN_POINT('',(5.161462080896,-36.97441249681));
#1623 = CARTESIAN_POINT('',(5.123342273459,-37.38800157741));
#1624 = CARTESIAN_POINT('',(5.104606687033,-37.56883639873));
#1625 = CARTESIAN_POINT('',(5.084830453636,-37.73703624087));
#1626 = CARTESIAN_POINT('',(5.064018903738,-37.89074780848));
#1627 = CARTESIAN_POINT('',(5.042183867552,-38.02773120455));
#1628 = CARTESIAN_POINT('',(4.99235539057,-38.2842433523));
#1629 = CARTESIAN_POINT('',(4.96373955114,-38.39720982066));
#1630 = CARTESIAN_POINT('',(4.933927744671,-38.47664988093));
#1631 = CARTESIAN_POINT('',(4.903365335699,-38.51742922721));
#1632 = CARTESIAN_POINT('',(4.872499116584,-38.51657472349));
#1633 = CARTESIAN_POINT('',(4.818842087685,-38.44112940565));
#1634 = CARTESIAN_POINT('',(4.796185817981,-38.38557674073));
#1635 = CARTESIAN_POINT('',(4.774016098892,-38.30721817947));
#1636 = CARTESIAN_POINT('',(4.752535342282,-38.20748552788));
#1637 = CARTESIAN_POINT('',(4.731935610731,-38.08874380727));
#1638 = CARTESIAN_POINT('',(4.712388980385,-37.95435605731));
#1639 = ( GEOMETRIC_REPRESENTATION_CONTEXT(2) 
PARAMETRIC_REPRESENTATION_CONTEXT() REPRESENTATION_CONTEXT('2D SPACE',''
  ) );
#1640 = PCURVE('',#938,#1641);
#1641 = DEFINITIONAL_REPRESENTATION('',(#1642),#1705);
#1642 = B_SPLINE_CURVE_WITH_KNOTS('',6,(#1643,#1644,#1645,#1646,#1647,
    #1648,#1649,#1650,#1651,#1652,#1653,#1654,#1655,#1656,#1657,#1658,
    #1659,#1660,#1661,#1662,#1663,#1664,#1665,#1666,#1667,#1668,#1669,
    #1670,#1671,#1672,#1673,#1674,#1675,#1676,#1677,#1678,#1679,#1680,
    #1681,#1682,#1683,#1684,#1685,#1686,#1687,#1688,#1689,#1690,#1691,
    #1692,#1693,#1694,#1695,#1696,#1697,#1698,#1699,#1700,#1701,#1702,
    #1703,#1704),.UNSPECIFIED.,.F.,.F.,(7,5,5,5,5,5,5,5,5,5,5,5,7),(0.,
    7.327607674933E-02,0.168895117931,0.247172340031,0.341368754201,
    0.418239746691,0.499867111864,0.582995157227,0.659594525566,
    0.752755614481,0.833441445541,0.928819379574,1.),.UNSPECIFIED.);
#1643 = CARTESIAN_POINT('',(1.14102089549,-100.));
#1644 = CARTESIAN_POINT('',(1.196344253936,-100.));
#1645 = CARTESIAN_POINT('',(1.253067981479,-99.99271555274));
#1646 = CARTESIAN_POINT('',(1.310772022009,-99.97662431715));
#1647 = CARTESIAN_POINT('',(1.369122326841,-99.9505303709));
#1648 = CARTESIAN_POINT('',(1.427826844293,-99.91384761589));
#1649 = CARTESIAN_POINT('',(1.563284945807,-99.80514759166));
#1650 = CARTESIAN_POINT('',(1.639180014343,-99.72649219118));
#1651 = CARTESIAN_POINT('',(1.713903000329,-99.63154032197));
#1652 = CARTESIAN_POINT('',(1.78704775969,-99.52275931312));
#1653 = CARTESIAN_POINT('',(1.858117166745,-99.40422717912));
#1654 = CARTESIAN_POINT('',(1.982289147832,-99.17980091562));
#1655 = CARTESIAN_POINT('',(2.036700932521,-99.07481164753));
#1656 = CARTESIAN_POINT('',(2.089783584487,-98.96737189075));
#1657 = CARTESIAN_POINT('',(2.141670414096,-98.8588788402));
#1658 = CARTESIAN_POINT('',(2.192487560152,-98.75057141319));
#1659 = CARTESIAN_POINT('',(2.30236856826,-98.51477325878));
#1660 = CARTESIAN_POINT('',(2.361077055304,-98.38771220246));
#1661 = CARTESIAN_POINT('',(2.418716290073,-98.26424599273));
#1662 = CARTESIAN_POINT('',(2.475503558257,-98.14600836749));
#1663 = CARTESIAN_POINT('',(2.53164940042,-98.03447440357));
#1664 = CARTESIAN_POINT('',(2.632837106941,-97.84663549543));
#1665 = CARTESIAN_POINT('',(2.678021019272,-97.76762543363));
#1666 = CARTESIAN_POINT('',(2.722979198125,-97.69487679994));
#1667 = CARTESIAN_POINT('',(2.76777041527,-97.62918093443));
#1668 = CARTESIAN_POINT('',(2.81245620512,-97.57123959013));
#1669 = CARTESIAN_POINT('',(2.904516431517,-97.4689880407));
#1670 = CARTESIAN_POINT('',(2.951884469556,-97.4257452404));
#1671 = CARTESIAN_POINT('',(2.999212893461,-97.39271923393));
#1672 = CARTESIAN_POINT('',(3.04651701974,-97.37047323036));
#1673 = CARTESIAN_POINT('',(3.09381681171,-97.35929695431));
#1674 = CARTESIAN_POINT('',(3.189322411922,-97.35911645581));
#1675 = CARTESIAN_POINT('',(3.237489752518,-97.37052370387));
#1676 = CARTESIAN_POINT('',(3.28566107538,-97.39341273282));
#1677 = CARTESIAN_POINT('',(3.333858205083,-97.42747494091));
#1678 = CARTESIAN_POINT('',(3.382098057671,-97.47210892383));
#1679 = CARTESIAN_POINT('',(3.474879974287,-97.57654559537));
#1680 = CARTESIAN_POINT('',(3.519413998534,-97.63488039342));
#1681 = CARTESIAN_POINT('',(3.564055624681,-97.70087189356));
#1682 = CARTESIAN_POINT('',(3.608866415969,-97.7738226365));
#1683 = CARTESIAN_POINT('',(3.65390531329,-97.85294817182));
#1684 = CARTESIAN_POINT('',(3.754360660935,-98.04009672142));
#1685 = CARTESIAN_POINT('',(3.809914512928,-98.15066756969));
#1686 = CARTESIAN_POINT('',(3.866101333488,-98.26775079294));
#1687 = CARTESIAN_POINT('',(3.923125371328,-98.3899173667));
#1688 = CARTESIAN_POINT('',(3.981197355313,-98.51558583836));
#1689 = CARTESIAN_POINT('',(4.091942931724,-98.75324712545));
#1690 = CARTESIAN_POINT('',(4.144351022948,-98.86493134645));
#1691 = CARTESIAN_POINT('',(4.197899965757,-98.97678322706));
#1692 = CARTESIAN_POINT('',(4.252726346078,-99.08743763144));
#1693 = CARTESIAN_POINT('',(4.308974870286,-99.19535072154));
#1694 = CARTESIAN_POINT('',(4.435184609643,-99.42119468196));
#1695 = CARTESIAN_POINT('',(4.506347504466,-99.53839121612));
#1696 = CARTESIAN_POINT('',(4.579557568257,-99.6455290567));
#1697 = CARTESIAN_POINT('',(4.65429360722,-99.73856914506));
#1698 = CARTESIAN_POINT('',(4.730123973196,-99.81515757183));
#1699 = CARTESIAN_POINT('',(4.863738307535,-99.91900270915));
#1700 = CARTESIAN_POINT('',(4.920730215408,-99.95346476555));
#1701 = CARTESIAN_POINT('',(4.9773542075,-99.9779788775));
#1702 = CARTESIAN_POINT('',(5.03334743459,-99.99312269208));
#1703 = CARTESIAN_POINT('',(5.088409311707,-100.));
#1704 = CARTESIAN_POINT('',(5.142164411689,-100.));
#1705 = ( GEOMETRIC_REPRESENTATION_CONTEXT(2) 
PARAMETRIC_REPRESENTATION_CONTEXT() REPRESENTATION_CONTEXT('2D SPACE',''
  ) );
#1706 = ORIENTED_EDGE('',*,*,#974,.T.);
#1707 = ORIENTED_EDGE('',*,*,#1708,.T.);
#1708 = EDGE_CURVE('',#975,#1026,#1709,.T.);
#1709 = SURFACE_CURVE('',#1710,(#1773,#1839),.PCURVE_S1.);
#1710 = B_SPLINE_CURVE_WITH_KNOTS('',6,(#1711,#1712,#1713,#1714,#1715,
    #1716,#1717,#1718,#1719,#1720,#1721,#1722,#1723,#1724,#1725,#1726,
    #1727,#1728,#1729,#1730,#1731,#1732,#1733,#1734,#1735,#1736,#1737,
    #1738,#1739,#1740,#1741,#1742,#1743,#1744,#1745,#1746,#1747,#1748,
    #1749,#1750,#1751,#1752,#1753,#1754,#1755,#1756,#1757,#1758,#1759,
    #1760,#1761,#1762,#1763,#1764,#1765,#1766,#1767,#1768,#1769,#1770,
    #1771,#1772),.UNSPECIFIED.,.F.,.F.,(7,5,5,5,5,5,5,5,5,5,5,5,7),(0.,
    7.32760777158E-02,0.168895120154,0.247172343314,0.34136875017,
    0.41823974313,0.499867108803,0.582995154675,0.659594523482,
    0.752755612968,0.833441444521,0.928819379138,1.),.UNSPECIFIED.);
#1711 = CARTESIAN_POINT('',(1.06581410364E-14,-14.54564394268,53.));
#1712 = CARTESIAN_POINT('',(-0.301753295111,-14.40733554663,53.));
#1713 = CARTESIAN_POINT('',(-0.620326705583,-14.2855587914,
    53.007284447245));
#1714 = CARTESIAN_POINT('',(-0.952638466087,-14.1840290311,
    53.023375682849));
#1715 = CARTESIAN_POINT('',(-1.295141150704,-14.10531391003,
    53.049469629111));
#1716 = CARTESIAN_POINT('',(-1.644029073169,-14.05091171404,
    53.086152384087));
#1717 = CARTESIAN_POINT('',(-2.45389832041,-13.98255891998,
    53.19485240836));
#1718 = CARTESIAN_POINT('',(-2.911217062267,-13.98645626825,
    53.273507808827));
#1719 = CARTESIAN_POINT('',(-3.360095020976,-14.03191243332,
    53.368459677985));
#1720 = CARTESIAN_POINT('',(-3.793447254699,-14.11575213086,
    53.477240686846));
#1721 = CARTESIAN_POINT('',(-4.204872330064,-14.23274451288,
    53.595772820922));
#1722 = CARTESIAN_POINT('',(-4.903293782219,-14.49212837292,
    53.82019908438));
#1723 = CARTESIAN_POINT('',(-5.201508475151,-14.62687638601,
    53.925188352466));
#1724 = CARTESIAN_POINT('',(-5.483427499388,-14.77718129192,
    54.032628109246));
#1725 = CARTESIAN_POINT('',(-5.749173925787,-14.9410202991,
    54.141121159793));
#1726 = CARTESIAN_POINT('',(-5.999008924873,-15.11671550253,
    54.249428586809));
#1727 = CARTESIAN_POINT('',(-6.515131968752,-15.52692892773,
    54.485226729474));
#1728 = CARTESIAN_POINT('',(-6.774756934416,-15.76640062003,
    54.612287814272));
#1729 = CARTESIAN_POINT('',(-7.012717761673,-16.01907922345,
    54.735754008727));
#1730 = CARTESIAN_POINT('',(-7.229609838586,-16.28334189196,
    54.853991616488));
#1731 = CARTESIAN_POINT('',(-7.425909406972,-16.55802702061,
    54.965525605087));
#1732 = CARTESIAN_POINT('',(-7.74543067763,-17.07427153033,
    55.153364504563));
#1733 = CARTESIAN_POINT('',(-7.875450948853,-17.31262730391,
    55.232374566361));
#1734 = CARTESIAN_POINT('',(-7.991863526779,-17.55661798958,
    55.305123200056));
#1735 = CARTESIAN_POINT('',(-8.094618494453,-17.80557106977,
    55.370819065561));
#1736 = CARTESIAN_POINT('',(-8.1836451397,-18.05888061466,
    55.428760409863));
#1737 = CARTESIAN_POINT('',(-8.338674045409,-18.58904012709,
    55.531011959296));
#1738 = CARTESIAN_POINT('',(-8.402907578118,-18.86636724889,
    55.574254759596));
#1739 = CARTESIAN_POINT('',(-8.451270891324,-19.14688803548,
    55.607280766062));
#1740 = CARTESIAN_POINT('',(-8.48361875564,-19.42955359299,
    55.62952676964));
#1741 = CARTESIAN_POINT('',(-8.499869341352,-19.71334497859,
    55.640703045689));
#1742 = CARTESIAN_POINT('',(-8.500131790593,-20.28637851976,
    55.640883544186));
#1743 = CARTESIAN_POINT('',(-8.483545364655,-20.5753902446,
    55.629476296126));
#1744 = CARTESIAN_POINT('',(-8.450265891416,-20.86322473486,
    55.606587267175));
#1745 = CARTESIAN_POINT('',(-8.400380442362,-21.14881075993,
    55.572525059086));
#1746 = CARTESIAN_POINT('',(-8.334042318866,-21.43104490926,
    55.527891076163));
#1747 = CARTESIAN_POINT('',(-8.175499376565,-21.96468295258,
    55.423454404627));
#1748 = CARTESIAN_POINT('',(-8.085737184045,-22.21676217998,
    55.36511960658));
#1749 = CARTESIAN_POINT('',(-7.982351317968,-22.46447528353,
    55.299128106432));
#1750 = CARTESIAN_POINT('',(-7.865409427496,-22.70722512231,
    55.226177363497));
#1751 = CARTESIAN_POINT('',(-7.734957480049,-22.94434799659,
    55.147051828176));
#1752 = CARTESIAN_POINT('',(-7.416000502751,-23.45576994955,
    54.959903278576));
#1753 = CARTESIAN_POINT('',(-7.221043395672,-23.72701839396,
    54.849332430307));
#1754 = CARTESIAN_POINT('',(-7.005932801466,-23.98803552727,
    54.732249207052));
#1755 = CARTESIAN_POINT('',(-6.770204578627,-24.23769138147,
    54.610082633292));
#1756 = CARTESIAN_POINT('',(-6.513280999466,-24.47441249681,
    54.484414161638));
#1757 = CARTESIAN_POINT('',(-5.993214610043,-24.88800157741,
    54.246752874549));
#1758 = CARTESIAN_POINT('',(-5.735264234338,-25.06883639873,
    54.135068653548));
#1759 = CARTESIAN_POINT('',(-5.460392740581,-25.23703624087,
    54.023216772931));
#1760 = CARTESIAN_POINT('',(-5.168324498584,-25.39074780848,
    53.912562368557));
#1761 = CARTESIAN_POINT('',(-4.858944676481,-25.52773120455,
    53.804649278457));
#1762 = CARTESIAN_POINT('',(-4.146454776788,-25.7842433523,
    53.578805318031));
#1763 = CARTESIAN_POINT('',(-3.733318868693,-25.89720982066,
    53.461608783878));
#1764 = CARTESIAN_POINT('',(-3.298728099185,-25.97664988093,
    53.354470943292));
#1765 = CARTESIAN_POINT('',(-2.849319525095,-26.01742922721,
    53.26143085494));
#1766 = CARTESIAN_POINT('',(-2.392389442131,-26.01657472349,
    53.184842428166));
#1767 = CARTESIAN_POINT('',(-1.594261346972,-25.94112940565,
    53.080997290841));
#1768 = CARTESIAN_POINT('',(-1.256036763297,-25.88557674073,
    53.046535234449));
#1769 = CARTESIAN_POINT('',(-0.924205414181,-25.80721817947,
    53.022021122494));
#1770 = CARTESIAN_POINT('',(-0.602195354356,-25.70748552788,
    53.006877307915));
#1771 = CARTESIAN_POINT('',(-0.293199455198,-25.58874380727,53.));
#1772 = CARTESIAN_POINT('',(8.881784197001E-15,-25.45435605731,53.));
#1773 = PCURVE('',#231,#1774);
#1774 = DEFINITIONAL_REPRESENTATION('',(#1775),#1838);
#1775 = B_SPLINE_CURVE_WITH_KNOTS('',6,(#1776,#1777,#1778,#1779,#1780,
    #1781,#1782,#1783,#1784,#1785,#1786,#1787,#1788,#1789,#1790,#1791,
    #1792,#1793,#1794,#1795,#1796,#1797,#1798,#1799,#1800,#1801,#1802,
    #1803,#1804,#1805,#1806,#1807,#1808,#1809,#1810,#1811,#1812,#1813,
    #1814,#1815,#1816,#1817,#1818,#1819,#1820,#1821,#1822,#1823,#1824,
    #1825,#1826,#1827,#1828,#1829,#1830,#1831,#1832,#1833,#1834,#1835,
    #1836,#1837),.UNSPECIFIED.,.F.,.F.,(7,5,5,5,5,5,5,5,5,5,5,5,7),(0.,
    7.32760777158E-02,0.168895120154,0.247172343314,0.34136875017,
    0.41823974313,0.499867108803,0.582995154675,0.659594523482,
    0.752755612968,0.833441444521,0.928819379138,1.),.UNSPECIFIED.);
#1776 = CARTESIAN_POINT('',(4.712388980385,-47.04564394268));
#1777 = CARTESIAN_POINT('',(4.732505866725,-46.90733554663));
#1778 = CARTESIAN_POINT('',(4.753744100795,-46.7855587914));
#1779 = CARTESIAN_POINT('',(4.775912840954,-46.6840290311));
#1780 = CARTESIAN_POINT('',(4.798798560123,-46.60531391003));
#1781 = CARTESIAN_POINT('',(4.822176364178,-46.55091171404));
#1782 = CARTESIAN_POINT('',(4.8766517977,-46.48255891998));
#1783 = CARTESIAN_POINT('',(4.907566347491,-46.48645626825));
#1784 = CARTESIAN_POINT('',(4.938120233448,-46.53191243332));
#1785 = CARTESIAN_POINT('',(4.967878638825,-46.61575213086));
#1786 = CARTESIAN_POINT('',(4.996409447639,-46.73274451288));
#1787 = CARTESIAN_POINT('',(5.045315692301,-46.99212837292));
#1788 = CARTESIAN_POINT('',(5.066384745617,-47.12687638601));
#1789 = CARTESIAN_POINT('',(5.086488703913,-47.27718129192));
#1790 = CARTESIAN_POINT('',(5.105617780719,-47.4410202991));
#1791 = CARTESIAN_POINT('',(5.123767755485,-47.61671550253));
#1792 = CARTESIAN_POINT('',(5.161596830753,-48.02692892773));
#1793 = CARTESIAN_POINT('',(5.180860019983,-48.26640062003));
#1794 = CARTESIAN_POINT('',(5.198725712306,-48.51907922345));
#1795 = CARTESIAN_POINT('',(5.215190161892,-48.78334189196));
#1796 = CARTESIAN_POINT('',(5.230240016431,-49.05802702061));
#1797 = CARTESIAN_POINT('',(5.254949645194,-49.57427153033));
#1798 = CARTESIAN_POINT('',(5.265091515015,-49.81262730391));
#1799 = CARTESIAN_POINT('',(5.274242243687,-50.05661798958));
#1800 = CARTESIAN_POINT('',(5.282372564123,-50.30557106977));
#1801 = CARTESIAN_POINT('',(5.289453842849,-50.55888061466));
#1802 = CARTESIAN_POINT('',(5.301834713571,-51.08904012709));
#1803 = CARTESIAN_POINT('',(5.306996689241,-51.36636724889));
#1804 = CARTESIAN_POINT('',(5.310900915603,-51.64688803548));
#1805 = CARTESIAN_POINT('',(5.313518186472,-51.92955359299));
#1806 = CARTESIAN_POINT('',(5.314833042004,-52.21334497859));
#1807 = CARTESIAN_POINT('',(5.314854277123,-52.78637851976));
#1808 = CARTESIAN_POINT('',(5.313512248512,-53.0753902446));
#1809 = CARTESIAN_POINT('',(5.310819511775,-53.36322473486));
#1810 = CARTESIAN_POINT('',(5.306792530912,-53.64881075993));
#1811 = CARTESIAN_POINT('',(5.301462395975,-53.93104490926));
#1812 = CARTESIAN_POINT('',(5.288805753817,-54.46468295258));
#1813 = CARTESIAN_POINT('',(5.28166907144,-54.71676217998));
#1814 = CARTESIAN_POINT('',(5.27349270636,-54.96447528353));
#1815 = CARTESIAN_POINT('',(5.264304920157,-55.20722512231));
#1816 = CARTESIAN_POINT('',(5.254134460589,-55.44434799659));
#1817 = CARTESIAN_POINT('',(5.229480578048,-55.95576994955));
#1818 = CARTESIAN_POINT('',(5.214540226879,-56.22701839396));
#1819 = CARTESIAN_POINT('',(5.198216798851,-56.48803552727));
#1820 = CARTESIAN_POINT('',(5.180522930772,-56.73769138147));
#1821 = CARTESIAN_POINT('',(5.161462080896,-56.97441249681));
#1822 = CARTESIAN_POINT('',(5.123342273459,-57.38800157741));
#1823 = CARTESIAN_POINT('',(5.104606687033,-57.56883639873));
#1824 = CARTESIAN_POINT('',(5.084830453636,-57.73703624087));
#1825 = CARTESIAN_POINT('',(5.064018903738,-57.89074780848));
#1826 = CARTESIAN_POINT('',(5.042183867552,-58.02773120455));
#1827 = CARTESIAN_POINT('',(4.99235539057,-58.2842433523));
#1828 = CARTESIAN_POINT('',(4.96373955114,-58.39720982066));
#1829 = CARTESIAN_POINT('',(4.933927744671,-58.47664988093));
#1830 = CARTESIAN_POINT('',(4.903365335699,-58.51742922721));
#1831 = CARTESIAN_POINT('',(4.872499116584,-58.51657472349));
#1832 = CARTESIAN_POINT('',(4.818842087685,-58.44112940565));
#1833 = CARTESIAN_POINT('',(4.796185817981,-58.38557674073));
#1834 = CARTESIAN_POINT('',(4.774016098892,-58.30721817947));
#1835 = CARTESIAN_POINT('',(4.752535342282,-58.20748552788));
#1836 = CARTESIAN_POINT('',(4.731935610731,-58.08874380727));
#1837 = CARTESIAN_POINT('',(4.712388980385,-57.95435605731));
#1838 = ( GEOMETRIC_REPRESENTATION_CONTEXT(2) 
PARAMETRIC_REPRESENTATION_CONTEXT() REPRESENTATION_CONTEXT('2D SPACE',''
  ) );
#1839 = PCURVE('',#508,#1840);
#1840 = DEFINITIONAL_REPRESENTATION('',(#1841),#1904);
#1841 = B_SPLINE_CURVE_WITH_KNOTS('',6,(#1842,#1843,#1844,#1845,#1846,
    #1847,#1848,#1849,#1850,#1851,#1852,#1853,#1854,#1855,#1856,#1857,
    #1858,#1859,#1860,#1861,#1862,#1863,#1864,#1865,#1866,#1867,#1868,
    #1869,#1870,#1871,#1872,#1873,#1874,#1875,#1876,#1877,#1878,#1879,
    #1880,#1881,#1882,#1883,#1884,#1885,#1886,#1887,#1888,#1889,#1890,
    #1891,#1892,#1893,#1894,#1895,#1896,#1897,#1898,#1899,#1900,#1901,
    #1902,#1903),.UNSPECIFIED.,.F.,.F.,(7,5,5,5,5,5,5,5,5,5,5,5,7),(0.,
    7.32760777158E-02,0.168895120154,0.247172343314,0.34136875017,
    0.41823974313,0.499867108803,0.582995154675,0.659594523482,
    0.752755612968,0.833441444521,0.928819379138,1.),.UNSPECIFIED.);
#1842 = CARTESIAN_POINT('',(-1.14102089549,-10.));
#1843 = CARTESIAN_POINT('',(-1.196344253911,-10.));
#1844 = CARTESIAN_POINT('',(-1.253067981487,-10.00728444724));
#1845 = CARTESIAN_POINT('',(-1.310772022033,-10.02337568284));
#1846 = CARTESIAN_POINT('',(-1.369122326847,-10.04946962911));
#1847 = CARTESIAN_POINT('',(-1.427826844268,-10.08615238408));
#1848 = CARTESIAN_POINT('',(-1.563284945835,-10.19485240836));
#1849 = CARTESIAN_POINT('',(-1.639180014336,-10.27350780882));
#1850 = CARTESIAN_POINT('',(-1.713903000303,-10.36845967798));
#1851 = CARTESIAN_POINT('',(-1.78704775968,-10.47724068684));
#1852 = CARTESIAN_POINT('',(-1.858117166774,-10.59577282092));
#1853 = CARTESIAN_POINT('',(-1.982289147832,-10.82019908438));
#1854 = CARTESIAN_POINT('',(-2.036700932521,-10.92518835246));
#1855 = CARTESIAN_POINT('',(-2.089783584487,-11.03262810924));
#1856 = CARTESIAN_POINT('',(-2.141670414096,-11.14112115979));
#1857 = CARTESIAN_POINT('',(-2.192487560152,-11.2494285868));
#1858 = CARTESIAN_POINT('',(-2.302368562786,-11.48522672947));
#1859 = CARTESIAN_POINT('',(-2.361077063504,-11.61228781427));
#1860 = CARTESIAN_POINT('',(-2.418716290461,-11.73575400872));
#1861 = CARTESIAN_POINT('',(-2.475503550251,-11.85399161648));
#1862 = CARTESIAN_POINT('',(-2.531649405088,-11.96552560508));
#1863 = CARTESIAN_POINT('',(-2.632837106941,-12.15336450456));
#1864 = CARTESIAN_POINT('',(-2.678021019272,-12.23237456636));
#1865 = CARTESIAN_POINT('',(-2.722979198125,-12.30512320005));
#1866 = CARTESIAN_POINT('',(-2.76777041527,-12.37081906556));
#1867 = CARTESIAN_POINT('',(-2.81245620512,-12.42876040986));
#1868 = CARTESIAN_POINT('',(-2.904516431517,-12.53101195929));
#1869 = CARTESIAN_POINT('',(-2.951884469556,-12.57425475959));
#1870 = CARTESIAN_POINT('',(-2.999212893461,-12.60728076606));
#1871 = CARTESIAN_POINT('',(-3.04651701974,-12.62952676964));
#1872 = CARTESIAN_POINT('',(-3.09381681171,-12.64070304568));
#1873 = CARTESIAN_POINT('',(-3.189322411922,-12.64088354418));
#1874 = CARTESIAN_POINT('',(-3.237489752518,-12.62947629612));
#1875 = CARTESIAN_POINT('',(-3.28566107538,-12.60658726717));
#1876 = CARTESIAN_POINT('',(-3.333858205083,-12.57252505908));
#1877 = CARTESIAN_POINT('',(-3.382098057671,-12.52789107616));
#1878 = CARTESIAN_POINT('',(-3.474879974287,-12.42345440462));
#1879 = CARTESIAN_POINT('',(-3.519413998534,-12.36511960658));
#1880 = CARTESIAN_POINT('',(-3.564055624681,-12.29912810643));
#1881 = CARTESIAN_POINT('',(-3.608866415969,-12.22617736349));
#1882 = CARTESIAN_POINT('',(-3.65390531329,-12.14705182817));
#1883 = CARTESIAN_POINT('',(-3.754360660935,-11.95990327857));
#1884 = CARTESIAN_POINT('',(-3.809914512928,-11.8493324303));
#1885 = CARTESIAN_POINT('',(-3.866101333488,-11.73224920705));
#1886 = CARTESIAN_POINT('',(-3.923125371328,-11.61008263329));
#1887 = CARTESIAN_POINT('',(-3.981197355313,-11.48441416163));
#1888 = CARTESIAN_POINT('',(-4.091942931724,-11.24675287454));
#1889 = CARTESIAN_POINT('',(-4.144351022948,-11.13506865354));
#1890 = CARTESIAN_POINT('',(-4.197899965757,-11.02321677293));
#1891 = CARTESIAN_POINT('',(-4.252726346078,-10.91256236855));
#1892 = CARTESIAN_POINT('',(-4.308974870286,-10.80464927845));
#1893 = CARTESIAN_POINT('',(-4.435184609643,-10.57880531803));
#1894 = CARTESIAN_POINT('',(-4.506347504466,-10.46160878387));
#1895 = CARTESIAN_POINT('',(-4.579557568257,-10.35447094329));
#1896 = CARTESIAN_POINT('',(-4.65429360722,-10.26143085494));
#1897 = CARTESIAN_POINT('',(-4.730123973196,-10.18484242816));
#1898 = CARTESIAN_POINT('',(-4.863738307534,-10.08099729084));
#1899 = CARTESIAN_POINT('',(-4.920730215408,-10.04653523444));
#1900 = CARTESIAN_POINT('',(-4.9773542075,-10.02202112249));
#1901 = CARTESIAN_POINT('',(-5.03334743459,-10.00687730791));
#1902 = CARTESIAN_POINT('',(-5.088409311707,-10.));
#1903 = CARTESIAN_POINT('',(-5.142164411689,-10.));
#1904 = ( GEOMETRIC_REPRESENTATION_CONTEXT(2) 
PARAMETRIC_REPRESENTATION_CONTEXT() REPRESENTATION_CONTEXT('2D SPACE',''
  ) );
#1905 = ORIENTED_EDGE('',*,*,#1053,.T.);
#1906 = ORIENTED_EDGE('',*,*,#214,.T.);
#1907 = ORIENTED_EDGE('',*,*,#1908,.F.);
#1908 = EDGE_CURVE('',#1282,#187,#1909,.T.);
#1909 = SURFACE_CURVE('',#1910,(#1914,#1921),.PCURVE_S1.);
#1910 = LINE('',#1911,#1912);
#1911 = CARTESIAN_POINT('',(-15.,32.5,68.));
#1912 = VECTOR('',#1913,1.);
#1913 = DIRECTION('',(0.,-1.,2.22044604925E-16));
#1914 = PCURVE('',#231,#1915);
#1915 = DEFINITIONAL_REPRESENTATION('',(#1916),#1920);
#1916 = LINE('',#1917,#1918);
#1917 = CARTESIAN_POINT('',(6.28318530718,0.));
#1918 = VECTOR('',#1919,1.);
#1919 = DIRECTION('',(0.,-1.));
#1920 = ( GEOMETRIC_REPRESENTATION_CONTEXT(2) 
PARAMETRIC_REPRESENTATION_CONTEXT() REPRESENTATION_CONTEXT('2D SPACE',''
  ) );
#1921 = PCURVE('',#202,#1922);
#1922 = DEFINITIONAL_REPRESENTATION('',(#1923),#1927);
#1923 = LINE('',#1924,#1925);
#1924 = CARTESIAN_POINT('',(61.,-6.661338147751E-16));
#1925 = VECTOR('',#1926,1.);
#1926 = DIRECTION('',(0.,-1.));
#1927 = ( GEOMETRIC_REPRESENTATION_CONTEXT(2) 
PARAMETRIC_REPRESENTATION_CONTEXT() REPRESENTATION_CONTEXT('2D SPACE',''
  ) );
#1928 = FACE_BOUND('',#1929,.F.);
#1929 = EDGE_LOOP('',(#1930,#1960,#1992,#2025,#2053,#2086));
#1930 = ORIENTED_EDGE('',*,*,#1931,.F.);
#1931 = EDGE_CURVE('',#1932,#1934,#1936,.T.);
#1932 = VERTEX_POINT('',#1933);
#1933 = CARTESIAN_POINT('',(-14.82261785245,15.228718707889,
    65.700000000001));
#1934 = VERTEX_POINT('',#1935);
#1935 = CARTESIAN_POINT('',(-14.82261785245,20.771281292111,
    65.700000000001));
#1936 = SURFACE_CURVE('',#1937,(#1941,#1948),.PCURVE_S1.);
#1937 = LINE('',#1938,#1939);
#1938 = CARTESIAN_POINT('',(-14.82261785245,32.5,65.700000000001));
#1939 = VECTOR('',#1940,1.);
#1940 = DIRECTION('',(0.,1.,-2.22044604925E-16));
#1941 = PCURVE('',#231,#1942);
#1942 = DEFINITIONAL_REPRESENTATION('',(#1943),#1947);
#1943 = LINE('',#1944,#1945);
#1944 = CARTESIAN_POINT('',(6.129244687047,5.107025913273E-16));
#1945 = VECTOR('',#1946,1.);
#1946 = DIRECTION('',(0.,1.));
#1947 = ( GEOMETRIC_REPRESENTATION_CONTEXT(2) 
PARAMETRIC_REPRESENTATION_CONTEXT() REPRESENTATION_CONTEXT('2D SPACE',''
  ) );
#1948 = PCURVE('',#1949,#1954);
#1949 = PLANE('',#1950);
#1950 = AXIS2_PLACEMENT_3D('',#1951,#1952,#1953);
#1951 = CARTESIAN_POINT('',(-22.8,15.228718707889,65.700000000001));
#1952 = DIRECTION('',(0.,0.,1.));
#1953 = DIRECTION('',(0.,1.,0.));
#1954 = DEFINITIONAL_REPRESENTATION('',(#1955),#1959);
#1955 = LINE('',#1956,#1957);
#1956 = CARTESIAN_POINT('',(17.271281292111,-7.977382147542));
#1957 = VECTOR('',#1958,1.);
#1958 = DIRECTION('',(1.,0.));
#1959 = ( GEOMETRIC_REPRESENTATION_CONTEXT(2) 
PARAMETRIC_REPRESENTATION_CONTEXT() REPRESENTATION_CONTEXT('2D SPACE',''
  ) );
#1960 = ORIENTED_EDGE('',*,*,#1961,.T.);
#1961 = EDGE_CURVE('',#1932,#1962,#1964,.T.);
#1962 = VERTEX_POINT('',#1963);
#1963 = CARTESIAN_POINT('',(-13.21325092473,12.457437415778,60.9));
#1964 = SURFACE_CURVE('',#1965,(#1970,#1980),.PCURVE_S1.);
#1965 = ELLIPSE('',#1966,17.320508075689,15.);
#1966 = AXIS2_PLACEMENT_3D('',#1967,#1968,#1969);
#1967 = CARTESIAN_POINT('',(7.870585226671E-15,16.556624327025,68.));
#1968 = DIRECTION('',(0.,-0.866025403784,0.5));
#1969 = DIRECTION('',(0.,0.5,0.866025403784));
#1970 = PCURVE('',#231,#1971);
#1971 = DEFINITIONAL_REPRESENTATION('',(#1972),#1979);
#1972 = B_SPLINE_CURVE_WITH_KNOTS('',5,(#1973,#1974,#1975,#1976,#1977,
    #1978),.UNSPECIFIED.,.F.,.F.,(6,6),(1.692429356897,2.100564531879),
  .PIECEWISE_BEZIER_KNOTS.);
#1973 = CARTESIAN_POINT('',(6.161552277077,-16.9941531629));
#1974 = CARTESIAN_POINT('',(6.079925242081,-17.69584123658));
#1975 = CARTESIAN_POINT('',(5.998298207084,-18.38877804503));
#1976 = CARTESIAN_POINT('',(5.916671172088,-19.0632210286));
#1977 = CARTESIAN_POINT('',(5.835044137092,-19.70968020622));
#1978 = CARTESIAN_POINT('',(5.753417102096,-20.31969071343));
#1979 = ( GEOMETRIC_REPRESENTATION_CONTEXT(2) 
PARAMETRIC_REPRESENTATION_CONTEXT() REPRESENTATION_CONTEXT('2D SPACE',''
  ) );
#1980 = PCURVE('',#1981,#1986);
#1981 = PLANE('',#1982);
#1982 = AXIS2_PLACEMENT_3D('',#1983,#1984,#1985);
#1983 = CARTESIAN_POINT('',(-22.8,12.457437415778,60.9));
#1984 = DIRECTION('',(0.,-0.866025403784,0.5));
#1985 = DIRECTION('',(0.,0.5,0.866025403784));
#1986 = DEFINITIONAL_REPRESENTATION('',(#1987),#1991);
#1987 = ELLIPSE('',#1988,17.320508075689,15.);
#1988 = AXIS2_PLACEMENT_2D('',#1989,#1990);
#1989 = CARTESIAN_POINT('',(8.198373822493,-22.8));
#1990 = DIRECTION('',(1.,0.));
#1991 = ( GEOMETRIC_REPRESENTATION_CONTEXT(2) 
PARAMETRIC_REPRESENTATION_CONTEXT() REPRESENTATION_CONTEXT('2D SPACE',''
  ) );
#1992 = ORIENTED_EDGE('',*,*,#1993,.T.);
#1993 = EDGE_CURVE('',#1962,#1994,#1996,.T.);
#1994 = VERTEX_POINT('',#1995);
#1995 = CARTESIAN_POINT('',(-9.13181252545,15.228718707889,
    56.099999999999));
#1996 = SURFACE_CURVE('',#1997,(#2002,#2013),.PCURVE_S1.);
#1997 = ELLIPSE('',#1998,17.320508075689,15.);
#1998 = AXIS2_PLACEMENT_3D('',#1999,#2000,#2001);
#1999 = CARTESIAN_POINT('',(7.870585226671E-15,8.358250504532,68.));
#2000 = DIRECTION('',(0.,-0.866025403784,-0.5));
#2001 = DIRECTION('',(0.,0.5,-0.866025403784));
#2002 = PCURVE('',#231,#2003);
#2003 = DEFINITIONAL_REPRESENTATION('',(#2004),#2012);
#2004 = B_SPLINE_CURVE_WITH_KNOTS('',6,(#2005,#2006,#2007,#2008,#2009,
    #2010,#2011),.UNSPECIFIED.,.F.,.F.,(7,7),(5.169472979498,
    5.683181266447),.PIECEWISE_BEZIER_KNOTS.);
#2005 = CARTESIAN_POINT('',(5.826101308066,-20.31969071343));
#2006 = CARTESIAN_POINT('',(5.740483260242,-19.65433399268));
#2007 = CARTESIAN_POINT('',(5.654865212417,-19.02259823769));
#2008 = CARTESIAN_POINT('',(5.569247164592,-18.43326217144));
#2009 = CARTESIAN_POINT('',(5.483629116767,-17.89436763382));
#2010 = CARTESIAN_POINT('',(5.398011068943,-17.41282337406));
#2011 = CARTESIAN_POINT('',(5.312393021118,-16.9941531629));
#2012 = ( GEOMETRIC_REPRESENTATION_CONTEXT(2) 
PARAMETRIC_REPRESENTATION_CONTEXT() REPRESENTATION_CONTEXT('2D SPACE',''
  ) );
#2013 = PCURVE('',#2014,#2019);
#2014 = PLANE('',#2015);
#2015 = AXIS2_PLACEMENT_3D('',#2016,#2017,#2018);
#2016 = CARTESIAN_POINT('',(-22.8,15.228718707889,56.099999999999));
#2017 = DIRECTION('',(0.,-0.866025403784,-0.5));
#2018 = DIRECTION('',(0.,-0.5,0.866025403784));
#2019 = DEFINITIONAL_REPRESENTATION('',(#2020),#2024);
#2020 = ELLIPSE('',#2021,17.320508075689,15.);
#2021 = AXIS2_PLACEMENT_2D('',#2022,#2023);
#2022 = CARTESIAN_POINT('',(13.740936406714,-22.8));
#2023 = DIRECTION('',(-1.,0.));
#2024 = ( GEOMETRIC_REPRESENTATION_CONTEXT(2) 
PARAMETRIC_REPRESENTATION_CONTEXT() REPRESENTATION_CONTEXT('2D SPACE',''
  ) );
#2025 = ORIENTED_EDGE('',*,*,#2026,.T.);
#2026 = EDGE_CURVE('',#1994,#2027,#2029,.T.);
#2027 = VERTEX_POINT('',#2028);
#2028 = CARTESIAN_POINT('',(-9.13181252545,20.771281292111,
    56.099999999999));
#2029 = SURFACE_CURVE('',#2030,(#2034,#2041),.PCURVE_S1.);
#2030 = LINE('',#2031,#2032);
#2031 = CARTESIAN_POINT('',(-9.13181252545,32.5,56.099999999999));
#2032 = VECTOR('',#2033,1.);
#2033 = DIRECTION('',(0.,1.,-2.22044604925E-16));
#2034 = PCURVE('',#231,#2035);
#2035 = DEFINITIONAL_REPRESENTATION('',(#2036),#2040);
#2036 = LINE('',#2037,#2038);
#2037 = CARTESIAN_POINT('',(5.366920314201,2.642330798608E-15));
#2038 = VECTOR('',#2039,1.);
#2039 = DIRECTION('',(0.,1.));
#2040 = ( GEOMETRIC_REPRESENTATION_CONTEXT(2) 
PARAMETRIC_REPRESENTATION_CONTEXT() REPRESENTATION_CONTEXT('2D SPACE',''
  ) );
#2041 = PCURVE('',#2042,#2047);
#2042 = PLANE('',#2043);
#2043 = AXIS2_PLACEMENT_3D('',#2044,#2045,#2046);
#2044 = CARTESIAN_POINT('',(-22.8,20.771281292111,56.099999999999));
#2045 = DIRECTION('',(0.,0.,-1.));
#2046 = DIRECTION('',(0.,-1.,0.));
#2047 = DEFINITIONAL_REPRESENTATION('',(#2048),#2052);
#2048 = LINE('',#2049,#2050);
#2049 = CARTESIAN_POINT('',(-11.72871870788,-13.66818747455));
#2050 = VECTOR('',#2051,1.);
#2051 = DIRECTION('',(-1.,-0.));
#2052 = ( GEOMETRIC_REPRESENTATION_CONTEXT(2) 
PARAMETRIC_REPRESENTATION_CONTEXT() REPRESENTATION_CONTEXT('2D SPACE',''
  ) );
#2053 = ORIENTED_EDGE('',*,*,#2054,.T.);
#2054 = EDGE_CURVE('',#2027,#2055,#2057,.T.);
#2055 = VERTEX_POINT('',#2056);
#2056 = CARTESIAN_POINT('',(-13.21325092473,23.542562584222,60.9));
#2057 = SURFACE_CURVE('',#2058,(#2063,#2074),.PCURVE_S1.);
#2058 = ELLIPSE('',#2059,17.320508075689,15.);
#2059 = AXIS2_PLACEMENT_3D('',#2060,#2061,#2062);
#2060 = CARTESIAN_POINT('',(7.870585226671E-15,27.641749495468,68.));
#2061 = DIRECTION('',(0.,0.866025403784,-0.5));
#2062 = DIRECTION('',(0.,0.5,0.866025403784));
#2063 = PCURVE('',#231,#2064);
#2064 = DEFINITIONAL_REPRESENTATION('',(#2065),#2073);
#2065 = B_SPLINE_CURVE_WITH_KNOTS('',6,(#2066,#2067,#2068,#2069,#2070,
    #2071,#2072),.UNSPECIFIED.,.F.,.F.,(7,7),(3.741596694323,
    4.255304981272),.PIECEWISE_BEZIER_KNOTS.);
#2066 = CARTESIAN_POINT('',(5.312393021118,-12.0058468371));
#2067 = CARTESIAN_POINT('',(5.398011068943,-11.58717662593));
#2068 = CARTESIAN_POINT('',(5.483629116767,-11.10563236617));
#2069 = CARTESIAN_POINT('',(5.569247164592,-10.56673782855));
#2070 = CARTESIAN_POINT('',(5.654865212417,-9.977401762308));
#2071 = CARTESIAN_POINT('',(5.740483260242,-9.34566600732));
#2072 = CARTESIAN_POINT('',(5.826101308066,-8.680309286567));
#2073 = ( GEOMETRIC_REPRESENTATION_CONTEXT(2) 
PARAMETRIC_REPRESENTATION_CONTEXT() REPRESENTATION_CONTEXT('2D SPACE',''
  ) );
#2074 = PCURVE('',#2075,#2080);
#2075 = PLANE('',#2076);
#2076 = AXIS2_PLACEMENT_3D('',#2077,#2078,#2079);
#2077 = CARTESIAN_POINT('',(-22.8,23.542562584222,60.9));
#2078 = DIRECTION('',(0.,0.866025403784,-0.5));
#2079 = DIRECTION('',(0.,-0.5,-0.866025403784));
#2080 = DEFINITIONAL_REPRESENTATION('',(#2081),#2085);
#2081 = ELLIPSE('',#2082,17.320508075689,15.);
#2082 = AXIS2_PLACEMENT_2D('',#2083,#2084);
#2083 = CARTESIAN_POINT('',(-8.198373822493,-22.8));
#2084 = DIRECTION('',(-1.,0.));
#2085 = ( GEOMETRIC_REPRESENTATION_CONTEXT(2) 
PARAMETRIC_REPRESENTATION_CONTEXT() REPRESENTATION_CONTEXT('2D SPACE',''
  ) );
#2086 = ORIENTED_EDGE('',*,*,#2087,.T.);
#2087 = EDGE_CURVE('',#2055,#1934,#2088,.T.);
#2088 = SURFACE_CURVE('',#2089,(#2094,#2104),.PCURVE_S1.);
#2089 = ELLIPSE('',#2090,17.320508075689,15.);
#2090 = AXIS2_PLACEMENT_3D('',#2091,#2092,#2093);
#2091 = CARTESIAN_POINT('',(7.870585226671E-15,19.443375672975,68.));
#2092 = DIRECTION('',(0.,0.866025403784,0.5));
#2093 = DIRECTION('',(0.,0.5,-0.866025403784));
#2094 = PCURVE('',#231,#2095);
#2095 = DEFINITIONAL_REPRESENTATION('',(#2096),#2103);
#2096 = B_SPLINE_CURVE_WITH_KNOTS('',5,(#2097,#2098,#2099,#2100,#2101,
    #2102),.UNSPECIFIED.,.F.,.F.,(6,6),(1.041028121711,1.449163296692),
  .PIECEWISE_BEZIER_KNOTS.);
#2097 = CARTESIAN_POINT('',(5.753417102096,-8.680309286567));
#2098 = CARTESIAN_POINT('',(5.835044137092,-9.290319793771));
#2099 = CARTESIAN_POINT('',(5.916671172088,-9.936778971393));
#2100 = CARTESIAN_POINT('',(5.998298207084,-10.61122195496));
#2101 = CARTESIAN_POINT('',(6.079925242081,-11.30415876341));
#2102 = CARTESIAN_POINT('',(6.161552277077,-12.0058468371));
#2103 = ( GEOMETRIC_REPRESENTATION_CONTEXT(2) 
PARAMETRIC_REPRESENTATION_CONTEXT() REPRESENTATION_CONTEXT('2D SPACE',''
  ) );
#2104 = PCURVE('',#2105,#2110);
#2105 = PLANE('',#2106);
#2106 = AXIS2_PLACEMENT_3D('',#2107,#2108,#2109);
#2107 = CARTESIAN_POINT('',(-22.8,20.771281292111,65.700000000001));
#2108 = DIRECTION('',(0.,0.866025403784,0.5));
#2109 = DIRECTION('',(0.,0.5,-0.866025403784));
#2110 = DEFINITIONAL_REPRESENTATION('',(#2111),#2115);
#2111 = ELLIPSE('',#2112,17.320508075689,15.);
#2112 = AXIS2_PLACEMENT_2D('',#2113,#2114);
#2113 = CARTESIAN_POINT('',(-2.655811238271,-22.8));
#2114 = DIRECTION('',(1.,0.));
#2115 = ( GEOMETRIC_REPRESENTATION_CONTEXT(2) 
PARAMETRIC_REPRESENTATION_CONTEXT() REPRESENTATION_CONTEXT('2D SPACE',''
  ) );
#2116 = ADVANCED_FACE('',(#2117,#2165,#2335),#202,.T.);
#2117 = FACE_BOUND('',#2118,.T.);
#2118 = EDGE_LOOP('',(#2119,#2142,#2163,#2164));
#2119 = ORIENTED_EDGE('',*,*,#2120,.F.);
#2120 = EDGE_CURVE('',#2121,#1282,#2123,.T.);
#2121 = VERTEX_POINT('',#2122);
#2122 = CARTESIAN_POINT('',(-15.,32.5,129.));
#2123 = SURFACE_CURVE('',#2124,(#2128,#2135),.PCURVE_S1.);
#2124 = LINE('',#2125,#2126);
#2125 = CARTESIAN_POINT('',(-15.,32.5,129.));
#2126 = VECTOR('',#2127,1.);
#2127 = DIRECTION('',(0.,-2.22044604925E-16,-1.));
#2128 = PCURVE('',#202,#2129);
#2129 = DEFINITIONAL_REPRESENTATION('',(#2130),#2134);
#2130 = LINE('',#2131,#2132);
#2131 = CARTESIAN_POINT('',(0.,0.));
#2132 = VECTOR('',#2133,1.);
#2133 = DIRECTION('',(1.,0.));
#2134 = ( GEOMETRIC_REPRESENTATION_CONTEXT(2) 
PARAMETRIC_REPRESENTATION_CONTEXT() REPRESENTATION_CONTEXT('2D SPACE',''
  ) );
#2135 = PCURVE('',#398,#2136);
#2136 = DEFINITIONAL_REPRESENTATION('',(#2137),#2141);
#2137 = LINE('',#2138,#2139);
#2138 = CARTESIAN_POINT('',(60.,-86.));
#2139 = VECTOR('',#2140,1.);
#2140 = DIRECTION('',(0.,1.));
#2141 = ( GEOMETRIC_REPRESENTATION_CONTEXT(2) 
PARAMETRIC_REPRESENTATION_CONTEXT() REPRESENTATION_CONTEXT('2D SPACE',''
  ) );
#2142 = ORIENTED_EDGE('',*,*,#2143,.T.);
#2143 = EDGE_CURVE('',#2121,#159,#2144,.T.);
#2144 = SURFACE_CURVE('',#2145,(#2149,#2156),.PCURVE_S1.);
#2145 = LINE('',#2146,#2147);
#2146 = CARTESIAN_POINT('',(-15.,32.5,129.));
#2147 = VECTOR('',#2148,1.);
#2148 = DIRECTION('',(0.,-1.,2.22044604925E-16));
#2149 = PCURVE('',#202,#2150);
#2150 = DEFINITIONAL_REPRESENTATION('',(#2151),#2155);
#2151 = LINE('',#2152,#2153);
#2152 = CARTESIAN_POINT('',(0.,0.));
#2153 = VECTOR('',#2154,1.);
#2154 = DIRECTION('',(0.,-1.));
#2155 = ( GEOMETRIC_REPRESENTATION_CONTEXT(2) 
PARAMETRIC_REPRESENTATION_CONTEXT() REPRESENTATION_CONTEXT('2D SPACE',''
  ) );
#2156 = PCURVE('',#174,#2157);
#2157 = DEFINITIONAL_REPRESENTATION('',(#2158),#2162);
#2158 = LINE('',#2159,#2160);
#2159 = CARTESIAN_POINT('',(-27.94646881563,32.499999999991));
#2160 = VECTOR('',#2161,1.);
#2161 = DIRECTION('',(0.,-1.));
#2162 = ( GEOMETRIC_REPRESENTATION_CONTEXT(2) 
PARAMETRIC_REPRESENTATION_CONTEXT() REPRESENTATION_CONTEXT('2D SPACE',''
  ) );
#2163 = ORIENTED_EDGE('',*,*,#186,.T.);
#2164 = ORIENTED_EDGE('',*,*,#1908,.F.);
#2165 = FACE_BOUND('',#2166,.T.);
#2166 = EDGE_LOOP('',(#2167,#2197,#2225,#2253,#2281,#2309));
#2167 = ORIENTED_EDGE('',*,*,#2168,.F.);
#2168 = EDGE_CURVE('',#2169,#2171,#2173,.T.);
#2169 = VERTEX_POINT('',#2170);
#2170 = CARTESIAN_POINT('',(-15.,15.228718707889,125.9));
#2171 = VERTEX_POINT('',#2172);
#2172 = CARTESIAN_POINT('',(-15.,12.457437415774,121.1));
#2173 = SURFACE_CURVE('',#2174,(#2178,#2185),.PCURVE_S1.);
#2174 = LINE('',#2175,#2176);
#2175 = CARTESIAN_POINT('',(-15.,16.673157911284,128.40184208872));
#2176 = VECTOR('',#2177,1.);
#2177 = DIRECTION('',(0.,-0.500000000001,-0.866025403784));
#2178 = PCURVE('',#202,#2179);
#2179 = DEFINITIONAL_REPRESENTATION('',(#2180),#2184);
#2180 = LINE('',#2181,#2182);
#2181 = CARTESIAN_POINT('',(0.598157911278,-15.82684208871));
#2182 = VECTOR('',#2183,1.);
#2183 = DIRECTION('',(0.866025403784,-0.500000000001));
#2184 = ( GEOMETRIC_REPRESENTATION_CONTEXT(2) 
PARAMETRIC_REPRESENTATION_CONTEXT() REPRESENTATION_CONTEXT('2D SPACE',''
  ) );
#2185 = PCURVE('',#2186,#2191);
#2186 = PLANE('',#2187);
#2187 = AXIS2_PLACEMENT_3D('',#2188,#2189,#2190);
#2188 = CARTESIAN_POINT('',(-22.8,12.457437415774,121.1));
#2189 = DIRECTION('',(0.,-0.866025403784,0.500000000001));
#2190 = DIRECTION('',(0.,0.500000000001,0.866025403784));
#2191 = DEFINITIONAL_REPRESENTATION('',(#2192),#2196);
#2192 = LINE('',#2193,#2194);
#2193 = CARTESIAN_POINT('',(8.431440991009,-7.8));
#2194 = VECTOR('',#2195,1.);
#2195 = DIRECTION('',(-1.,-0.));
#2196 = ( GEOMETRIC_REPRESENTATION_CONTEXT(2) 
PARAMETRIC_REPRESENTATION_CONTEXT() REPRESENTATION_CONTEXT('2D SPACE',''
  ) );
#2197 = ORIENTED_EDGE('',*,*,#2198,.F.);
#2198 = EDGE_CURVE('',#2199,#2169,#2201,.T.);
#2199 = VERTEX_POINT('',#2200);
#2200 = CARTESIAN_POINT('',(-15.,20.77128129211,125.9));
#2201 = SURFACE_CURVE('',#2202,(#2206,#2213),.PCURVE_S1.);
#2202 = LINE('',#2203,#2204);
#2203 = CARTESIAN_POINT('',(-15.,23.864359353945,125.9));
#2204 = VECTOR('',#2205,1.);
#2205 = DIRECTION('',(0.,-1.,0.));
#2206 = PCURVE('',#202,#2207);
#2207 = DEFINITIONAL_REPRESENTATION('',(#2208),#2212);
#2208 = LINE('',#2209,#2210);
#2209 = CARTESIAN_POINT('',(3.099999999998,-8.635640646055));
#2210 = VECTOR('',#2211,1.);
#2211 = DIRECTION('',(2.22044604925E-16,-1.));
#2212 = ( GEOMETRIC_REPRESENTATION_CONTEXT(2) 
PARAMETRIC_REPRESENTATION_CONTEXT() REPRESENTATION_CONTEXT('2D SPACE',''
  ) );
#2213 = PCURVE('',#2214,#2219);
#2214 = PLANE('',#2215);
#2215 = AXIS2_PLACEMENT_3D('',#2216,#2217,#2218);
#2216 = CARTESIAN_POINT('',(-22.8,15.228718707889,125.9));
#2217 = DIRECTION('',(0.,0.,1.));
#2218 = DIRECTION('',(0.,1.,0.));
#2219 = DEFINITIONAL_REPRESENTATION('',(#2220),#2224);
#2220 = LINE('',#2221,#2222);
#2221 = CARTESIAN_POINT('',(8.635640646056,-7.8));
#2222 = VECTOR('',#2223,1.);
#2223 = DIRECTION('',(-1.,0.));
#2224 = ( GEOMETRIC_REPRESENTATION_CONTEXT(2) 
PARAMETRIC_REPRESENTATION_CONTEXT() REPRESENTATION_CONTEXT('2D SPACE',''
  ) );
#2225 = ORIENTED_EDGE('',*,*,#2226,.F.);
#2226 = EDGE_CURVE('',#2227,#2199,#2229,.T.);
#2227 = VERTEX_POINT('',#2228);
#2228 = CARTESIAN_POINT('',(-15.,23.542562584222,121.1));
#2229 = SURFACE_CURVE('',#2230,(#2234,#2241),.PCURVE_S1.);
#2230 = LINE('',#2231,#2232);
#2231 = CARTESIAN_POINT('',(-15.,21.566201442664,124.52315791128));
#2232 = VECTOR('',#2233,1.);
#2233 = DIRECTION('',(0.,-0.5,0.866025403784));
#2234 = PCURVE('',#202,#2235);
#2235 = DEFINITIONAL_REPRESENTATION('',(#2236),#2240);
#2236 = LINE('',#2237,#2238);
#2237 = CARTESIAN_POINT('',(4.476842088718,-10.93379855733));
#2238 = VECTOR('',#2239,1.);
#2239 = DIRECTION('',(-0.866025403784,-0.5));
#2240 = ( GEOMETRIC_REPRESENTATION_CONTEXT(2) 
PARAMETRIC_REPRESENTATION_CONTEXT() REPRESENTATION_CONTEXT('2D SPACE',''
  ) );
#2241 = PCURVE('',#2242,#2247);
#2242 = PLANE('',#2243);
#2243 = AXIS2_PLACEMENT_3D('',#2244,#2245,#2246);
#2244 = CARTESIAN_POINT('',(-22.8,20.77128129211,125.9));
#2245 = DIRECTION('',(0.,0.866025403784,0.5));
#2246 = DIRECTION('',(0.,0.5,-0.866025403784));
#2247 = DEFINITIONAL_REPRESENTATION('',(#2248),#2252);
#2248 = LINE('',#2249,#2250);
#2249 = CARTESIAN_POINT('',(1.589840301108,-7.8));
#2250 = VECTOR('',#2251,1.);
#2251 = DIRECTION('',(-1.,0.));
#2252 = ( GEOMETRIC_REPRESENTATION_CONTEXT(2) 
PARAMETRIC_REPRESENTATION_CONTEXT() REPRESENTATION_CONTEXT('2D SPACE',''
  ) );
#2253 = ORIENTED_EDGE('',*,*,#2254,.F.);
#2254 = EDGE_CURVE('',#2255,#2227,#2257,.T.);
#2255 = VERTEX_POINT('',#2256);
#2256 = CARTESIAN_POINT('',(-15.,20.771281292114,116.29999999999));
#2257 = SURFACE_CURVE('',#2258,(#2262,#2269),.PCURVE_S1.);
#2258 = LINE('',#2259,#2260);
#2259 = CARTESIAN_POINT('',(-15.,26.372642433665,126.00184208871));
#2260 = VECTOR('',#2261,1.);
#2261 = DIRECTION('',(0.,0.5,0.866025403785));
#2262 = PCURVE('',#202,#2263);
#2263 = DEFINITIONAL_REPRESENTATION('',(#2264),#2268);
#2264 = LINE('',#2265,#2266);
#2265 = CARTESIAN_POINT('',(2.998157911281,-6.127357566335));
#2266 = VECTOR('',#2267,1.);
#2267 = DIRECTION('',(-0.866025403785,0.5));
#2268 = ( GEOMETRIC_REPRESENTATION_CONTEXT(2) 
PARAMETRIC_REPRESENTATION_CONTEXT() REPRESENTATION_CONTEXT('2D SPACE',''
  ) );
#2269 = PCURVE('',#2270,#2275);
#2270 = PLANE('',#2271);
#2271 = AXIS2_PLACEMENT_3D('',#2272,#2273,#2274);
#2272 = CARTESIAN_POINT('',(-22.8,23.542562584222,121.1));
#2273 = DIRECTION('',(0.,0.866025403785,-0.5));
#2274 = DIRECTION('',(0.,-0.5,-0.866025403785));
#2275 = DEFINITIONAL_REPRESENTATION('',(#2276),#2280);
#2276 = LINE('',#2277,#2278);
#2277 = CARTESIAN_POINT('',(-5.660159698892,-7.8));
#2278 = VECTOR('',#2279,1.);
#2279 = DIRECTION('',(-1.,0.));
#2280 = ( GEOMETRIC_REPRESENTATION_CONTEXT(2) 
PARAMETRIC_REPRESENTATION_CONTEXT() REPRESENTATION_CONTEXT('2D SPACE',''
  ) );
#2281 = ORIENTED_EDGE('',*,*,#2282,.F.);
#2282 = EDGE_CURVE('',#2283,#2255,#2285,.T.);
#2283 = VERTEX_POINT('',#2284);
#2284 = CARTESIAN_POINT('',(-15.,15.228718707891,116.29999999999));
#2285 = SURFACE_CURVE('',#2286,(#2290,#2297),.PCURVE_S1.);
#2286 = LINE('',#2287,#2288);
#2287 = CARTESIAN_POINT('',(-15.,26.635640646057,116.29999999999));
#2288 = VECTOR('',#2289,1.);
#2289 = DIRECTION('',(0.,1.,6.153480596425E-14));
#2290 = PCURVE('',#202,#2291);
#2291 = DEFINITIONAL_REPRESENTATION('',(#2292),#2296);
#2292 = LINE('',#2293,#2294);
#2293 = CARTESIAN_POINT('',(12.700000000002,-5.864359353943));
#2294 = VECTOR('',#2295,1.);
#2295 = DIRECTION('',(-6.175685056918E-14,1.));
#2296 = ( GEOMETRIC_REPRESENTATION_CONTEXT(2) 
PARAMETRIC_REPRESENTATION_CONTEXT() REPRESENTATION_CONTEXT('2D SPACE',''
  ) );
#2297 = PCURVE('',#2298,#2303);
#2298 = PLANE('',#2299);
#2299 = AXIS2_PLACEMENT_3D('',#2300,#2301,#2302);
#2300 = CARTESIAN_POINT('',(-22.8,20.771281292114,116.29999999999));
#2301 = DIRECTION('',(0.,6.153480596425E-14,-1.));
#2302 = DIRECTION('',(0.,-1.,-6.153480596425E-14));
#2303 = DEFINITIONAL_REPRESENTATION('',(#2304),#2308);
#2304 = LINE('',#2305,#2306);
#2305 = CARTESIAN_POINT('',(-5.864359353944,-7.8));
#2306 = VECTOR('',#2307,1.);
#2307 = DIRECTION('',(-1.,0.));
#2308 = ( GEOMETRIC_REPRESENTATION_CONTEXT(2) 
PARAMETRIC_REPRESENTATION_CONTEXT() REPRESENTATION_CONTEXT('2D SPACE',''
  ) );
#2309 = ORIENTED_EDGE('',*,*,#2310,.F.);
#2310 = EDGE_CURVE('',#2171,#2283,#2311,.T.);
#2311 = SURFACE_CURVE('',#2312,(#2316,#2323),.PCURVE_S1.);
#2312 = LINE('',#2313,#2314);
#2313 = CARTESIAN_POINT('',(-15.,14.637998212392,117.32315791127));
#2314 = VECTOR('',#2315,1.);
#2315 = DIRECTION('',(0.,0.500000000001,-0.866025403784));
#2316 = PCURVE('',#202,#2317);
#2317 = DEFINITIONAL_REPRESENTATION('',(#2318),#2322);
#2318 = LINE('',#2319,#2320);
#2319 = CARTESIAN_POINT('',(11.676842088727,-17.8620017876));
#2320 = VECTOR('',#2321,1.);
#2321 = DIRECTION('',(0.866025403784,0.500000000001));
#2322 = ( GEOMETRIC_REPRESENTATION_CONTEXT(2) 
PARAMETRIC_REPRESENTATION_CONTEXT() REPRESENTATION_CONTEXT('2D SPACE',''
  ) );
#2323 = PCURVE('',#2324,#2329);
#2324 = PLANE('',#2325);
#2325 = AXIS2_PLACEMENT_3D('',#2326,#2327,#2328);
#2326 = CARTESIAN_POINT('',(-22.8,15.228718707891,116.29999999999));
#2327 = DIRECTION('',(0.,-0.866025403784,-0.500000000001));
#2328 = DIRECTION('',(0.,-0.500000000001,0.866025403784));
#2329 = DEFINITIONAL_REPRESENTATION('',(#2330),#2334);
#2330 = LINE('',#2331,#2332);
#2331 = CARTESIAN_POINT('',(1.181440990997,-7.8));
#2332 = VECTOR('',#2333,1.);
#2333 = DIRECTION('',(-1.,0.));
#2334 = ( GEOMETRIC_REPRESENTATION_CONTEXT(2) 
PARAMETRIC_REPRESENTATION_CONTEXT() REPRESENTATION_CONTEXT('2D SPACE',''
  ) );
#2335 = FACE_BOUND('',#2336,.T.);
#2336 = EDGE_LOOP('',(#2337,#2367,#2395,#2423,#2451,#2479));
#2337 = ORIENTED_EDGE('',*,*,#2338,.F.);
#2338 = EDGE_CURVE('',#2339,#2341,#2343,.T.);
#2339 = VERTEX_POINT('',#2340);
#2340 = CARTESIAN_POINT('',(-15.,21.628718707889,95.800000000001));
#2341 = VERTEX_POINT('',#2342);
#2342 = CARTESIAN_POINT('',(-15.,18.857437415778,91.));
#2343 = SURFACE_CURVE('',#2344,(#2348,#2355),.PCURVE_S1.);
#2344 = LINE('',#2345,#2346);
#2345 = CARTESIAN_POINT('',(-15.,28.789999074758,108.20370144266));
#2346 = VECTOR('',#2347,1.);
#2347 = DIRECTION('',(0.,-0.5,-0.866025403784));
#2348 = PCURVE('',#202,#2349);
#2349 = DEFINITIONAL_REPRESENTATION('',(#2350),#2354);
#2350 = LINE('',#2351,#2352);
#2351 = CARTESIAN_POINT('',(20.796298557336,-3.710000925242));
#2352 = VECTOR('',#2353,1.);
#2353 = DIRECTION('',(0.866025403784,-0.5));
#2354 = ( GEOMETRIC_REPRESENTATION_CONTEXT(2) 
PARAMETRIC_REPRESENTATION_CONTEXT() REPRESENTATION_CONTEXT('2D SPACE',''
  ) );
#2355 = PCURVE('',#2356,#2361);
#2356 = PLANE('',#2357);
#2357 = AXIS2_PLACEMENT_3D('',#2358,#2359,#2360);
#2358 = CARTESIAN_POINT('',(-22.8,18.857437415778,91.));
#2359 = DIRECTION('',(0.,-0.866025403784,0.5));
#2360 = DIRECTION('',(0.,0.5,0.866025403784));
#2361 = DEFINITIONAL_REPRESENTATION('',(#2362),#2366);
#2362 = LINE('',#2363,#2364);
#2363 = CARTESIAN_POINT('',(19.86512331796,-7.8));
#2364 = VECTOR('',#2365,1.);
#2365 = DIRECTION('',(-1.,-0.));
#2366 = ( GEOMETRIC_REPRESENTATION_CONTEXT(2) 
PARAMETRIC_REPRESENTATION_CONTEXT() REPRESENTATION_CONTEXT('2D SPACE',''
  ) );
#2367 = ORIENTED_EDGE('',*,*,#2368,.F.);
#2368 = EDGE_CURVE('',#2369,#2339,#2371,.T.);
#2369 = VERTEX_POINT('',#2370);
#2370 = CARTESIAN_POINT('',(-15.,27.171281292111,95.800000000001));
#2371 = SURFACE_CURVE('',#2372,(#2376,#2383),.PCURVE_S1.);
#2372 = LINE('',#2373,#2374);
#2373 = CARTESIAN_POINT('',(-15.,27.064359353945,95.800000000001));
#2374 = VECTOR('',#2375,1.);
#2375 = DIRECTION('',(0.,-1.,0.));
#2376 = PCURVE('',#202,#2377);
#2377 = DEFINITIONAL_REPRESENTATION('',(#2378),#2382);
#2378 = LINE('',#2379,#2380);
#2379 = CARTESIAN_POINT('',(33.199999999999,-5.435640646055));
#2380 = VECTOR('',#2381,1.);
#2381 = DIRECTION('',(2.22044604925E-16,-1.));
#2382 = ( GEOMETRIC_REPRESENTATION_CONTEXT(2) 
PARAMETRIC_REPRESENTATION_CONTEXT() REPRESENTATION_CONTEXT('2D SPACE',''
  ) );
#2383 = PCURVE('',#2384,#2389);
#2384 = PLANE('',#2385);
#2385 = AXIS2_PLACEMENT_3D('',#2386,#2387,#2388);
#2386 = CARTESIAN_POINT('',(-22.8,21.628718707889,95.800000000001));
#2387 = DIRECTION('',(0.,0.,1.));
#2388 = DIRECTION('',(0.,1.,0.));
#2389 = DEFINITIONAL_REPRESENTATION('',(#2390),#2394);
#2390 = LINE('',#2391,#2392);
#2391 = CARTESIAN_POINT('',(5.435640646055,-7.8));
#2392 = VECTOR('',#2393,1.);
#2393 = DIRECTION('',(-1.,0.));
#2394 = ( GEOMETRIC_REPRESENTATION_CONTEXT(2) 
PARAMETRIC_REPRESENTATION_CONTEXT() REPRESENTATION_CONTEXT('2D SPACE',''
  ) );
#2395 = ORIENTED_EDGE('',*,*,#2396,.F.);
#2396 = EDGE_CURVE('',#2397,#2369,#2399,.T.);
#2397 = VERTEX_POINT('',#2398);
#2398 = CARTESIAN_POINT('',(-15.,29.942562584222,91.));
#2399 = SURFACE_CURVE('',#2400,(#2404,#2411),.PCURVE_S1.);
#2400 = LINE('',#2401,#2402);
#2401 = CARTESIAN_POINT('',(-15.,20.649360279186,107.09629855733));
#2402 = VECTOR('',#2403,1.);
#2403 = DIRECTION('',(0.,-0.5,0.866025403784));
#2404 = PCURVE('',#202,#2405);
#2405 = DEFINITIONAL_REPRESENTATION('',(#2406),#2410);
#2406 = LINE('',#2407,#2408);
#2407 = CARTESIAN_POINT('',(21.903701442663,-11.85063972081));
#2408 = VECTOR('',#2409,1.);
#2409 = DIRECTION('',(-0.866025403784,-0.5));
#2410 = ( GEOMETRIC_REPRESENTATION_CONTEXT(2) 
PARAMETRIC_REPRESENTATION_CONTEXT() REPRESENTATION_CONTEXT('2D SPACE',''
  ) );
#2411 = PCURVE('',#2412,#2417);
#2412 = PLANE('',#2413);
#2413 = AXIS2_PLACEMENT_3D('',#2414,#2415,#2416);
#2414 = CARTESIAN_POINT('',(-22.8,27.171281292111,95.800000000001));
#2415 = DIRECTION('',(0.,0.866025403784,0.5));
#2416 = DIRECTION('',(0.,0.5,-0.866025403784));
#2417 = DEFINITIONAL_REPRESENTATION('',(#2418),#2422);
#2418 = LINE('',#2419,#2420);
#2419 = CARTESIAN_POINT('',(-13.04384202584,-7.8));
#2420 = VECTOR('',#2421,1.);
#2421 = DIRECTION('',(-1.,0.));
#2422 = ( GEOMETRIC_REPRESENTATION_CONTEXT(2) 
PARAMETRIC_REPRESENTATION_CONTEXT() REPRESENTATION_CONTEXT('2D SPACE',''
  ) );
#2423 = ORIENTED_EDGE('',*,*,#2424,.F.);
#2424 = EDGE_CURVE('',#2425,#2397,#2427,.T.);
#2425 = VERTEX_POINT('',#2426);
#2426 = CARTESIAN_POINT('',(-15.,27.171281292111,86.199999999999));
#2427 = SURFACE_CURVE('',#2428,(#2432,#2439),.PCURVE_S1.);
#2428 = LINE('',#2429,#2430);
#2429 = CARTESIAN_POINT('',(-15.,38.489483597146,105.80370144266));
#2430 = VECTOR('',#2431,1.);
#2431 = DIRECTION('',(0.,0.5,0.866025403784));
#2432 = PCURVE('',#202,#2433);
#2433 = DEFINITIONAL_REPRESENTATION('',(#2434),#2438);
#2434 = LINE('',#2435,#2436);
#2435 = CARTESIAN_POINT('',(23.196298557337,5.989483597146));
#2436 = VECTOR('',#2437,1.);
#2437 = DIRECTION('',(-0.866025403784,0.5));
#2438 = ( GEOMETRIC_REPRESENTATION_CONTEXT(2) 
PARAMETRIC_REPRESENTATION_CONTEXT() REPRESENTATION_CONTEXT('2D SPACE',''
  ) );
#2439 = PCURVE('',#2440,#2445);
#2440 = PLANE('',#2441);
#2441 = AXIS2_PLACEMENT_3D('',#2442,#2443,#2444);
#2442 = CARTESIAN_POINT('',(-22.8,29.942562584222,91.));
#2443 = DIRECTION('',(0.,0.866025403784,-0.5));
#2444 = DIRECTION('',(0.,-0.5,-0.866025403784));
#2445 = DEFINITIONAL_REPRESENTATION('',(#2446),#2450);
#2446 = LINE('',#2447,#2448);
#2447 = CARTESIAN_POINT('',(-17.09384202584,-7.8));
#2448 = VECTOR('',#2449,1.);
#2449 = DIRECTION('',(-1.,0.));
#2450 = ( GEOMETRIC_REPRESENTATION_CONTEXT(2) 
PARAMETRIC_REPRESENTATION_CONTEXT() REPRESENTATION_CONTEXT('2D SPACE',''
  ) );
#2451 = ORIENTED_EDGE('',*,*,#2452,.F.);
#2452 = EDGE_CURVE('',#2453,#2425,#2455,.T.);
#2453 = VERTEX_POINT('',#2454);
#2454 = CARTESIAN_POINT('',(-15.,21.628718707889,86.199999999999));
#2455 = SURFACE_CURVE('',#2456,(#2460,#2467),.PCURVE_S1.);
#2456 = LINE('',#2457,#2458);
#2457 = CARTESIAN_POINT('',(-15.,29.835640646055,86.199999999999));
#2458 = VECTOR('',#2459,1.);
#2459 = DIRECTION('',(0.,1.,0.));
#2460 = PCURVE('',#202,#2461);
#2461 = DEFINITIONAL_REPRESENTATION('',(#2462),#2466);
#2462 = LINE('',#2463,#2464);
#2463 = CARTESIAN_POINT('',(42.800000000001,-2.664359353945));
#2464 = VECTOR('',#2465,1.);
#2465 = DIRECTION('',(-2.22044604925E-16,1.));
#2466 = ( GEOMETRIC_REPRESENTATION_CONTEXT(2) 
PARAMETRIC_REPRESENTATION_CONTEXT() REPRESENTATION_CONTEXT('2D SPACE',''
  ) );
#2467 = PCURVE('',#2468,#2473);
#2468 = PLANE('',#2469);
#2469 = AXIS2_PLACEMENT_3D('',#2470,#2471,#2472);
#2470 = CARTESIAN_POINT('',(-22.8,27.171281292111,86.199999999999));
#2471 = DIRECTION('',(0.,0.,-1.));
#2472 = DIRECTION('',(0.,-1.,0.));
#2473 = DEFINITIONAL_REPRESENTATION('',(#2474),#2478);
#2474 = LINE('',#2475,#2476);
#2475 = CARTESIAN_POINT('',(-2.664359353945,-7.8));
#2476 = VECTOR('',#2477,1.);
#2477 = DIRECTION('',(-1.,-0.));
#2478 = ( GEOMETRIC_REPRESENTATION_CONTEXT(2) 
PARAMETRIC_REPRESENTATION_CONTEXT() REPRESENTATION_CONTEXT('2D SPACE',''
  ) );
#2479 = ORIENTED_EDGE('',*,*,#2480,.F.);
#2480 = EDGE_CURVE('',#2341,#2453,#2481,.T.);
#2481 = SURFACE_CURVE('',#2482,(#2486,#2493),.PCURVE_S1.);
#2482 = LINE('',#2483,#2484);
#2483 = CARTESIAN_POINT('',(-15.,13.721157048909,99.896298557336));
#2484 = VECTOR('',#2485,1.);
#2485 = DIRECTION('',(0.,0.5,-0.866025403784));
#2486 = PCURVE('',#202,#2487);
#2487 = DEFINITIONAL_REPRESENTATION('',(#2488),#2492);
#2488 = LINE('',#2489,#2490);
#2489 = CARTESIAN_POINT('',(29.103701442664,-18.77884295109));
#2490 = VECTOR('',#2491,1.);
#2491 = DIRECTION('',(0.866025403784,0.5));
#2492 = ( GEOMETRIC_REPRESENTATION_CONTEXT(2) 
PARAMETRIC_REPRESENTATION_CONTEXT() REPRESENTATION_CONTEXT('2D SPACE',''
  ) );
#2493 = PCURVE('',#2494,#2499);
#2494 = PLANE('',#2495);
#2495 = AXIS2_PLACEMENT_3D('',#2496,#2497,#2498);
#2496 = CARTESIAN_POINT('',(-22.8,21.628718707889,86.199999999999));
#2497 = DIRECTION('',(0.,-0.866025403784,-0.5));
#2498 = DIRECTION('',(0.,-0.5,0.866025403784));
#2499 = DEFINITIONAL_REPRESENTATION('',(#2500),#2504);
#2500 = LINE('',#2501,#2502);
#2501 = CARTESIAN_POINT('',(15.81512331796,-7.8));
#2502 = VECTOR('',#2503,1.);
#2503 = DIRECTION('',(-1.,0.));
#2504 = ( GEOMETRIC_REPRESENTATION_CONTEXT(2) 
PARAMETRIC_REPRESENTATION_CONTEXT() REPRESENTATION_CONTEXT('2D SPACE',''
  ) );
#2505 = ADVANCED_FACE('',(#2506),#174,.T.);
#2506 = FACE_BOUND('',#2507,.T.);
#2507 = EDGE_LOOP('',(#2508,#2538,#2566,#2594,#2616,#2617,#2618,#2641,
    #2665,#2693));
#2508 = ORIENTED_EDGE('',*,*,#2509,.F.);
#2509 = EDGE_CURVE('',#2510,#2512,#2514,.T.);
#2510 = VERTEX_POINT('',#2511);
#2511 = CARTESIAN_POINT('',(-27.8,1.,129.));
#2512 = VERTEX_POINT('',#2513);
#2513 = CARTESIAN_POINT('',(-27.8,17.5,129.));
#2514 = SURFACE_CURVE('',#2515,(#2519,#2526),.PCURVE_S1.);
#2515 = LINE('',#2516,#2517);
#2516 = CARTESIAN_POINT('',(-27.8,1.,129.));
#2517 = VECTOR('',#2518,1.);
#2518 = DIRECTION('',(0.,1.,0.));
#2519 = PCURVE('',#174,#2520);
#2520 = DEFINITIONAL_REPRESENTATION('',(#2521),#2525);
#2521 = LINE('',#2522,#2523);
#2522 = CARTESIAN_POINT('',(-40.74646881563,0.999999999991));
#2523 = VECTOR('',#2524,1.);
#2524 = DIRECTION('',(0.,1.));
#2525 = ( GEOMETRIC_REPRESENTATION_CONTEXT(2) 
PARAMETRIC_REPRESENTATION_CONTEXT() REPRESENTATION_CONTEXT('2D SPACE',''
  ) );
#2526 = PCURVE('',#2527,#2532);
#2527 = PLANE('',#2528);
#2528 = AXIS2_PLACEMENT_3D('',#2529,#2530,#2531);
#2529 = CARTESIAN_POINT('',(-27.8,15.507894728763,91.));
#2530 = DIRECTION('',(1.,0.,0.));
#2531 = DIRECTION('',(0.,0.,1.));
#2532 = DEFINITIONAL_REPRESENTATION('',(#2533),#2537);
#2533 = LINE('',#2534,#2535);
#2534 = CARTESIAN_POINT('',(38.,14.507894728763));
#2535 = VECTOR('',#2536,1.);
#2536 = DIRECTION('',(0.,-1.));
#2537 = ( GEOMETRIC_REPRESENTATION_CONTEXT(2) 
PARAMETRIC_REPRESENTATION_CONTEXT() REPRESENTATION_CONTEXT('2D SPACE',''
  ) );
#2538 = ORIENTED_EDGE('',*,*,#2539,.T.);
#2539 = EDGE_CURVE('',#2510,#2540,#2542,.T.);
#2540 = VERTEX_POINT('',#2541);
#2541 = CARTESIAN_POINT('',(-25.,1.,129.));
#2542 = SURFACE_CURVE('',#2543,(#2547,#2554),.PCURVE_S1.);
#2543 = LINE('',#2544,#2545);
#2544 = CARTESIAN_POINT('',(-30.,1.,129.));
#2545 = VECTOR('',#2546,1.);
#2546 = DIRECTION('',(1.,0.,0.));
#2547 = PCURVE('',#174,#2548);
#2548 = DEFINITIONAL_REPRESENTATION('',(#2549),#2553);
#2549 = LINE('',#2550,#2551);
#2550 = CARTESIAN_POINT('',(-42.94646881563,0.999999999991));
#2551 = VECTOR('',#2552,1.);
#2552 = DIRECTION('',(1.,0.));
#2553 = ( GEOMETRIC_REPRESENTATION_CONTEXT(2) 
PARAMETRIC_REPRESENTATION_CONTEXT() REPRESENTATION_CONTEXT('2D SPACE',''
  ) );
#2554 = PCURVE('',#2555,#2560);
#2555 = PLANE('',#2556);
#2556 = AXIS2_PLACEMENT_3D('',#2557,#2558,#2559);
#2557 = CARTESIAN_POINT('',(-30.,1.,129.));
#2558 = DIRECTION('',(0.,-1.,0.));
#2559 = DIRECTION('',(1.,0.,0.));
#2560 = DEFINITIONAL_REPRESENTATION('',(#2561),#2565);
#2561 = LINE('',#2562,#2563);
#2562 = CARTESIAN_POINT('',(0.,0.));
#2563 = VECTOR('',#2564,1.);
#2564 = DIRECTION('',(1.,0.));
#2565 = ( GEOMETRIC_REPRESENTATION_CONTEXT(2) 
PARAMETRIC_REPRESENTATION_CONTEXT() REPRESENTATION_CONTEXT('2D SPACE',''
  ) );
#2566 = ORIENTED_EDGE('',*,*,#2567,.T.);
#2567 = EDGE_CURVE('',#2540,#2568,#2570,.T.);
#2568 = VERTEX_POINT('',#2569);
#2569 = CARTESIAN_POINT('',(-25.,-27.49999999996,129.));
#2570 = SURFACE_CURVE('',#2571,(#2575,#2582),.PCURVE_S1.);
#2571 = LINE('',#2572,#2573);
#2572 = CARTESIAN_POINT('',(-25.,1.,129.));
#2573 = VECTOR('',#2574,1.);
#2574 = DIRECTION('',(0.,-1.,0.));
#2575 = PCURVE('',#174,#2576);
#2576 = DEFINITIONAL_REPRESENTATION('',(#2577),#2581);
#2577 = LINE('',#2578,#2579);
#2578 = CARTESIAN_POINT('',(-37.94646881563,0.999999999991));
#2579 = VECTOR('',#2580,1.);
#2580 = DIRECTION('',(0.,-1.));
#2581 = ( GEOMETRIC_REPRESENTATION_CONTEXT(2) 
PARAMETRIC_REPRESENTATION_CONTEXT() REPRESENTATION_CONTEXT('2D SPACE',''
  ) );
#2582 = PCURVE('',#2583,#2588);
#2583 = PLANE('',#2584);
#2584 = AXIS2_PLACEMENT_3D('',#2585,#2586,#2587);
#2585 = CARTESIAN_POINT('',(-25.,1.,129.));
#2586 = DIRECTION('',(-1.,0.,0.));
#2587 = DIRECTION('',(0.,-1.,0.));
#2588 = DEFINITIONAL_REPRESENTATION('',(#2589),#2593);
#2589 = LINE('',#2590,#2591);
#2590 = CARTESIAN_POINT('',(0.,0.));
#2591 = VECTOR('',#2592,1.);
#2592 = DIRECTION('',(1.,0.));
#2593 = ( GEOMETRIC_REPRESENTATION_CONTEXT(2) 
PARAMETRIC_REPRESENTATION_CONTEXT() REPRESENTATION_CONTEXT('2D SPACE',''
  ) );
#2594 = ORIENTED_EDGE('',*,*,#2595,.T.);
#2595 = EDGE_CURVE('',#2568,#131,#2596,.T.);
#2596 = SURFACE_CURVE('',#2597,(#2602,#2609),.PCURVE_S1.);
#2597 = CIRCLE('',#2598,5.);
#2598 = AXIS2_PLACEMENT_3D('',#2599,#2600,#2601);
#2599 = CARTESIAN_POINT('',(-20.,-27.49999999996,129.));
#2600 = DIRECTION('',(0.,0.,1.));
#2601 = DIRECTION('',(1.,0.,0.));
#2602 = PCURVE('',#174,#2603);
#2603 = DEFINITIONAL_REPRESENTATION('',(#2604),#2608);
#2604 = CIRCLE('',#2605,5.);
#2605 = AXIS2_PLACEMENT_2D('',#2606,#2607);
#2606 = CARTESIAN_POINT('',(-32.94646881563,-27.49999999997));
#2607 = DIRECTION('',(1.,0.));
#2608 = ( GEOMETRIC_REPRESENTATION_CONTEXT(2) 
PARAMETRIC_REPRESENTATION_CONTEXT() REPRESENTATION_CONTEXT('2D SPACE',''
  ) );
#2609 = PCURVE('',#146,#2610);
#2610 = DEFINITIONAL_REPRESENTATION('',(#2611),#2615);
#2611 = LINE('',#2612,#2613);
#2612 = CARTESIAN_POINT('',(0.,0.));
#2613 = VECTOR('',#2614,1.);
#2614 = DIRECTION('',(1.,0.));
#2615 = ( GEOMETRIC_REPRESENTATION_CONTEXT(2) 
PARAMETRIC_REPRESENTATION_CONTEXT() REPRESENTATION_CONTEXT('2D SPACE',''
  ) );
#2616 = ORIENTED_EDGE('',*,*,#158,.T.);
#2617 = ORIENTED_EDGE('',*,*,#2143,.F.);
#2618 = ORIENTED_EDGE('',*,*,#2619,.T.);
#2619 = EDGE_CURVE('',#2121,#2620,#2622,.T.);
#2620 = VERTEX_POINT('',#2621);
#2621 = CARTESIAN_POINT('',(-25.,32.5,129.));
#2622 = SURFACE_CURVE('',#2623,(#2627,#2634),.PCURVE_S1.);
#2623 = LINE('',#2624,#2625);
#2624 = CARTESIAN_POINT('',(45.,32.5,129.));
#2625 = VECTOR('',#2626,1.);
#2626 = DIRECTION('',(-1.,0.,0.));
#2627 = PCURVE('',#174,#2628);
#2628 = DEFINITIONAL_REPRESENTATION('',(#2629),#2633);
#2629 = LINE('',#2630,#2631);
#2630 = CARTESIAN_POINT('',(32.053531184362,32.499999999991));
#2631 = VECTOR('',#2632,1.);
#2632 = DIRECTION('',(-1.,0.));
#2633 = ( GEOMETRIC_REPRESENTATION_CONTEXT(2) 
PARAMETRIC_REPRESENTATION_CONTEXT() REPRESENTATION_CONTEXT('2D SPACE',''
  ) );
#2634 = PCURVE('',#398,#2635);
#2635 = DEFINITIONAL_REPRESENTATION('',(#2636),#2640);
#2636 = LINE('',#2637,#2638);
#2637 = CARTESIAN_POINT('',(0.,-86.));
#2638 = VECTOR('',#2639,1.);
#2639 = DIRECTION('',(1.,0.));
#2640 = ( GEOMETRIC_REPRESENTATION_CONTEXT(2) 
PARAMETRIC_REPRESENTATION_CONTEXT() REPRESENTATION_CONTEXT('2D SPACE',''
  ) );
#2641 = ORIENTED_EDGE('',*,*,#2642,.T.);
#2642 = EDGE_CURVE('',#2620,#2643,#2645,.T.);
#2643 = VERTEX_POINT('',#2644);
#2644 = CARTESIAN_POINT('',(-30.,27.5,129.));
#2645 = SURFACE_CURVE('',#2646,(#2651,#2658),.PCURVE_S1.);
#2646 = CIRCLE('',#2647,5.);
#2647 = AXIS2_PLACEMENT_3D('',#2648,#2649,#2650);
#2648 = CARTESIAN_POINT('',(-25.,27.5,129.));
#2649 = DIRECTION('',(0.,0.,1.));
#2650 = DIRECTION('',(1.,0.,0.));
#2651 = PCURVE('',#174,#2652);
#2652 = DEFINITIONAL_REPRESENTATION('',(#2653),#2657);
#2653 = CIRCLE('',#2654,5.);
#2654 = AXIS2_PLACEMENT_2D('',#2655,#2656);
#2655 = CARTESIAN_POINT('',(-37.94646881563,27.499999999991));
#2656 = DIRECTION('',(1.,0.));
#2657 = ( GEOMETRIC_REPRESENTATION_CONTEXT(2) 
PARAMETRIC_REPRESENTATION_CONTEXT() REPRESENTATION_CONTEXT('2D SPACE',''
  ) );
#2658 = PCURVE('',#427,#2659);
#2659 = DEFINITIONAL_REPRESENTATION('',(#2660),#2664);
#2660 = LINE('',#2661,#2662);
#2661 = CARTESIAN_POINT('',(-0.,-86.));
#2662 = VECTOR('',#2663,1.);
#2663 = DIRECTION('',(-1.,0.));
#2664 = ( GEOMETRIC_REPRESENTATION_CONTEXT(2) 
PARAMETRIC_REPRESENTATION_CONTEXT() REPRESENTATION_CONTEXT('2D SPACE',''
  ) );
#2665 = ORIENTED_EDGE('',*,*,#2666,.T.);
#2666 = EDGE_CURVE('',#2643,#2667,#2669,.T.);
#2667 = VERTEX_POINT('',#2668);
#2668 = CARTESIAN_POINT('',(-30.,17.5,129.));
#2669 = SURFACE_CURVE('',#2670,(#2674,#2681),.PCURVE_S1.);
#2670 = LINE('',#2671,#2672);
#2671 = CARTESIAN_POINT('',(-30.,27.5,129.));
#2672 = VECTOR('',#2673,1.);
#2673 = DIRECTION('',(0.,-1.,0.));
#2674 = PCURVE('',#174,#2675);
#2675 = DEFINITIONAL_REPRESENTATION('',(#2676),#2680);
#2676 = LINE('',#2677,#2678);
#2677 = CARTESIAN_POINT('',(-42.94646881563,27.499999999991));
#2678 = VECTOR('',#2679,1.);
#2679 = DIRECTION('',(0.,-1.));
#2680 = ( GEOMETRIC_REPRESENTATION_CONTEXT(2) 
PARAMETRIC_REPRESENTATION_CONTEXT() REPRESENTATION_CONTEXT('2D SPACE',''
  ) );
#2681 = PCURVE('',#2682,#2687);
#2682 = PLANE('',#2683);
#2683 = AXIS2_PLACEMENT_3D('',#2684,#2685,#2686);
#2684 = CARTESIAN_POINT('',(-30.,27.5,43.));
#2685 = DIRECTION('',(1.,0.,0.));
#2686 = DIRECTION('',(0.,-1.,0.));
#2687 = DEFINITIONAL_REPRESENTATION('',(#2688),#2692);
#2688 = LINE('',#2689,#2690);
#2689 = CARTESIAN_POINT('',(0.,-86.));
#2690 = VECTOR('',#2691,1.);
#2691 = DIRECTION('',(1.,0.));
#2692 = ( GEOMETRIC_REPRESENTATION_CONTEXT(2) 
PARAMETRIC_REPRESENTATION_CONTEXT() REPRESENTATION_CONTEXT('2D SPACE',''
  ) );
#2693 = ORIENTED_EDGE('',*,*,#2694,.T.);
#2694 = EDGE_CURVE('',#2667,#2512,#2695,.T.);
#2695 = SURFACE_CURVE('',#2696,(#2700,#2707),.PCURVE_S1.);
#2696 = LINE('',#2697,#2698);
#2697 = CARTESIAN_POINT('',(-30.,17.5,129.));
#2698 = VECTOR('',#2699,1.);
#2699 = DIRECTION('',(1.,0.,0.));
#2700 = PCURVE('',#174,#2701);
#2701 = DEFINITIONAL_REPRESENTATION('',(#2702),#2706);
#2702 = LINE('',#2703,#2704);
#2703 = CARTESIAN_POINT('',(-42.94646881563,17.499999999991));
#2704 = VECTOR('',#2705,1.);
#2705 = DIRECTION('',(1.,0.));
#2706 = ( GEOMETRIC_REPRESENTATION_CONTEXT(2) 
PARAMETRIC_REPRESENTATION_CONTEXT() REPRESENTATION_CONTEXT('2D SPACE',''
  ) );
#2707 = PCURVE('',#2708,#2713);
#2708 = CYLINDRICAL_SURFACE('',#2709,15.);
#2709 = AXIS2_PLACEMENT_3D('',#2710,#2711,#2712);
#2710 = CARTESIAN_POINT('',(-30.,17.5,114.));
#2711 = DIRECTION('',(-1.,0.,0.));
#2712 = DIRECTION('',(0.,-1.,0.));
#2713 = DEFINITIONAL_REPRESENTATION('',(#2714),#2718);
#2714 = LINE('',#2715,#2716);
#2715 = CARTESIAN_POINT('',(1.570796326795,0.));
#2716 = VECTOR('',#2717,1.);
#2717 = DIRECTION('',(0.,-1.));
#2718 = ( GEOMETRIC_REPRESENTATION_CONTEXT(2) 
PARAMETRIC_REPRESENTATION_CONTEXT() REPRESENTATION_CONTEXT('2D SPACE',''
  ) );
#2719 = ADVANCED_FACE('',(#2720),#146,.T.);
#2720 = FACE_BOUND('',#2721,.T.);
#2721 = EDGE_LOOP('',(#2722,#2723,#2746,#2772));
#2722 = ORIENTED_EDGE('',*,*,#2595,.F.);
#2723 = ORIENTED_EDGE('',*,*,#2724,.T.);
#2724 = EDGE_CURVE('',#2568,#2725,#2727,.T.);
#2725 = VERTEX_POINT('',#2726);
#2726 = CARTESIAN_POINT('',(-25.,-27.49999999996,53.));
#2727 = SURFACE_CURVE('',#2728,(#2732,#2739),.PCURVE_S1.);
#2728 = LINE('',#2729,#2730);
#2729 = CARTESIAN_POINT('',(-25.,-27.49999999996,129.));
#2730 = VECTOR('',#2731,1.);
#2731 = DIRECTION('',(-0.,-0.,-1.));
#2732 = PCURVE('',#146,#2733);
#2733 = DEFINITIONAL_REPRESENTATION('',(#2734),#2738);
#2734 = LINE('',#2735,#2736);
#2735 = CARTESIAN_POINT('',(3.14159265359,0.));
#2736 = VECTOR('',#2737,1.);
#2737 = DIRECTION('',(0.,-1.));
#2738 = ( GEOMETRIC_REPRESENTATION_CONTEXT(2) 
PARAMETRIC_REPRESENTATION_CONTEXT() REPRESENTATION_CONTEXT('2D SPACE',''
  ) );
#2739 = PCURVE('',#2583,#2740);
#2740 = DEFINITIONAL_REPRESENTATION('',(#2741),#2745);
#2741 = LINE('',#2742,#2743);
#2742 = CARTESIAN_POINT('',(28.49999999996,0.));
#2743 = VECTOR('',#2744,1.);
#2744 = DIRECTION('',(0.,-1.));
#2745 = ( GEOMETRIC_REPRESENTATION_CONTEXT(2) 
PARAMETRIC_REPRESENTATION_CONTEXT() REPRESENTATION_CONTEXT('2D SPACE',''
  ) );
#2746 = ORIENTED_EDGE('',*,*,#2747,.T.);
#2747 = EDGE_CURVE('',#2725,#103,#2748,.T.);
#2748 = SURFACE_CURVE('',#2749,(#2754,#2761),.PCURVE_S1.);
#2749 = CIRCLE('',#2750,5.);
#2750 = AXIS2_PLACEMENT_3D('',#2751,#2752,#2753);
#2751 = CARTESIAN_POINT('',(-20.,-27.49999999996,53.));
#2752 = DIRECTION('',(0.,0.,1.));
#2753 = DIRECTION('',(1.,0.,0.));
#2754 = PCURVE('',#146,#2755);
#2755 = DEFINITIONAL_REPRESENTATION('',(#2756),#2760);
#2756 = LINE('',#2757,#2758);
#2757 = CARTESIAN_POINT('',(0.,-76.));
#2758 = VECTOR('',#2759,1.);
#2759 = DIRECTION('',(1.,0.));
#2760 = ( GEOMETRIC_REPRESENTATION_CONTEXT(2) 
PARAMETRIC_REPRESENTATION_CONTEXT() REPRESENTATION_CONTEXT('2D SPACE',''
  ) );
#2761 = PCURVE('',#118,#2762);
#2762 = DEFINITIONAL_REPRESENTATION('',(#2763),#2771);
#2763 = ( BOUNDED_CURVE() B_SPLINE_CURVE(2,(#2764,#2765,#2766,#2767,
#2768,#2769,#2770),.UNSPECIFIED.,.T.,.F.) B_SPLINE_CURVE_WITH_KNOTS((1,2
    ,2,2,2,1),(-2.094395102393,0.,2.094395102393,4.188790204786,
6.28318530718,8.377580409573),.UNSPECIFIED.) CURVE() 
GEOMETRIC_REPRESENTATION_ITEM() RATIONAL_B_SPLINE_CURVE((1.,0.5,1.,0.5,
1.,0.5,1.)) REPRESENTATION_ITEM('') );
#2764 = CARTESIAN_POINT('',(44.99999999996,-15.));
#2765 = CARTESIAN_POINT('',(36.339745962116,-15.));
#2766 = CARTESIAN_POINT('',(40.669872981038,-7.5));
#2767 = CARTESIAN_POINT('',(44.99999999996,-1.7763568394E-15));
#2768 = CARTESIAN_POINT('',(49.330127018883,-7.5));
#2769 = CARTESIAN_POINT('',(53.660254037805,-15.));
#2770 = CARTESIAN_POINT('',(44.99999999996,-15.));
#2771 = ( GEOMETRIC_REPRESENTATION_CONTEXT(2) 
PARAMETRIC_REPRESENTATION_CONTEXT() REPRESENTATION_CONTEXT('2D SPACE',''
  ) );
#2772 = ORIENTED_EDGE('',*,*,#130,.F.);
#2773 = ADVANCED_FACE('',(#2774),#118,.F.);
#2774 = FACE_BOUND('',#2775,.F.);
#2775 = EDGE_LOOP('',(#2776,#2801,#2829,#2850,#2851,#2852));
#2776 = ORIENTED_EDGE('',*,*,#2777,.F.);
#2777 = EDGE_CURVE('',#2778,#2780,#2782,.T.);
#2778 = VERTEX_POINT('',#2779);
#2779 = CARTESIAN_POINT('',(-30.,-11.,53.));
#2780 = VERTEX_POINT('',#2781);
#2781 = CARTESIAN_POINT('',(-30.,-27.49999999996,53.));
#2782 = SURFACE_CURVE('',#2783,(#2787,#2794),.PCURVE_S1.);
#2783 = LINE('',#2784,#2785);
#2784 = CARTESIAN_POINT('',(-30.,9.25,53.));
#2785 = VECTOR('',#2786,1.);
#2786 = DIRECTION('',(-0.,-1.,-0.));
#2787 = PCURVE('',#118,#2788);
#2788 = DEFINITIONAL_REPRESENTATION('',(#2789),#2793);
#2789 = LINE('',#2790,#2791);
#2790 = CARTESIAN_POINT('',(8.25,0.));
#2791 = VECTOR('',#2792,1.);
#2792 = DIRECTION('',(1.,0.));
#2793 = ( GEOMETRIC_REPRESENTATION_CONTEXT(2) 
PARAMETRIC_REPRESENTATION_CONTEXT() REPRESENTATION_CONTEXT('2D SPACE',''
  ) );
#2794 = PCURVE('',#455,#2795);
#2795 = DEFINITIONAL_REPRESENTATION('',(#2796),#2800);
#2796 = LINE('',#2797,#2798);
#2797 = CARTESIAN_POINT('',(18.25,-10.));
#2798 = VECTOR('',#2799,1.);
#2799 = DIRECTION('',(1.,0.));
#2800 = ( GEOMETRIC_REPRESENTATION_CONTEXT(2) 
PARAMETRIC_REPRESENTATION_CONTEXT() REPRESENTATION_CONTEXT('2D SPACE',''
  ) );
#2801 = ORIENTED_EDGE('',*,*,#2802,.T.);
#2802 = EDGE_CURVE('',#2778,#2803,#2805,.T.);
#2803 = VERTEX_POINT('',#2804);
#2804 = CARTESIAN_POINT('',(-25.,-11.,53.));
#2805 = SURFACE_CURVE('',#2806,(#2810,#2817),.PCURVE_S1.);
#2806 = LINE('',#2807,#2808);
#2807 = CARTESIAN_POINT('',(-30.,-11.,53.));
#2808 = VECTOR('',#2809,1.);
#2809 = DIRECTION('',(1.,0.,0.));
#2810 = PCURVE('',#118,#2811);
#2811 = DEFINITIONAL_REPRESENTATION('',(#2812),#2816);
#2812 = LINE('',#2813,#2814);
#2813 = CARTESIAN_POINT('',(28.5,0.));
#2814 = VECTOR('',#2815,1.);
#2815 = DIRECTION('',(0.,-1.));
#2816 = ( GEOMETRIC_REPRESENTATION_CONTEXT(2) 
PARAMETRIC_REPRESENTATION_CONTEXT() REPRESENTATION_CONTEXT('2D SPACE',''
  ) );
#2817 = PCURVE('',#2818,#2823);
#2818 = PLANE('',#2819);
#2819 = AXIS2_PLACEMENT_3D('',#2820,#2821,#2822);
#2820 = CARTESIAN_POINT('',(-30.,-11.,53.));
#2821 = DIRECTION('',(0.,-1.,0.));
#2822 = DIRECTION('',(1.,0.,0.));
#2823 = DEFINITIONAL_REPRESENTATION('',(#2824),#2828);
#2824 = LINE('',#2825,#2826);
#2825 = CARTESIAN_POINT('',(0.,0.));
#2826 = VECTOR('',#2827,1.);
#2827 = DIRECTION('',(1.,0.));
#2828 = ( GEOMETRIC_REPRESENTATION_CONTEXT(2) 
PARAMETRIC_REPRESENTATION_CONTEXT() REPRESENTATION_CONTEXT('2D SPACE',''
  ) );
#2829 = ORIENTED_EDGE('',*,*,#2830,.T.);
#2830 = EDGE_CURVE('',#2803,#2725,#2831,.T.);
#2831 = SURFACE_CURVE('',#2832,(#2836,#2843),.PCURVE_S1.);
#2832 = LINE('',#2833,#2834);
#2833 = CARTESIAN_POINT('',(-25.,9.25,53.));
#2834 = VECTOR('',#2835,1.);
#2835 = DIRECTION('',(-0.,-1.,-0.));
#2836 = PCURVE('',#118,#2837);
#2837 = DEFINITIONAL_REPRESENTATION('',(#2838),#2842);
#2838 = LINE('',#2839,#2840);
#2839 = CARTESIAN_POINT('',(8.25,-5.));
#2840 = VECTOR('',#2841,1.);
#2841 = DIRECTION('',(1.,0.));
#2842 = ( GEOMETRIC_REPRESENTATION_CONTEXT(2) 
PARAMETRIC_REPRESENTATION_CONTEXT() REPRESENTATION_CONTEXT('2D SPACE',''
  ) );
#2843 = PCURVE('',#2583,#2844);
#2844 = DEFINITIONAL_REPRESENTATION('',(#2845),#2849);
#2845 = LINE('',#2846,#2847);
#2846 = CARTESIAN_POINT('',(-8.25,-76.));
#2847 = VECTOR('',#2848,1.);
#2848 = DIRECTION('',(1.,0.));
#2849 = ( GEOMETRIC_REPRESENTATION_CONTEXT(2) 
PARAMETRIC_REPRESENTATION_CONTEXT() REPRESENTATION_CONTEXT('2D SPACE',''
  ) );
#2850 = ORIENTED_EDGE('',*,*,#2747,.T.);
#2851 = ORIENTED_EDGE('',*,*,#102,.F.);
#2852 = ORIENTED_EDGE('',*,*,#2853,.F.);
#2853 = EDGE_CURVE('',#2780,#75,#2854,.T.);
#2854 = SURFACE_CURVE('',#2855,(#2860,#2871),.PCURVE_S1.);
#2855 = CIRCLE('',#2856,5.);
#2856 = AXIS2_PLACEMENT_3D('',#2857,#2858,#2859);
#2857 = CARTESIAN_POINT('',(-25.,-27.49999999996,53.));
#2858 = DIRECTION('',(0.,0.,1.));
#2859 = DIRECTION('',(1.,0.,0.));
#2860 = PCURVE('',#118,#2861);
#2861 = DEFINITIONAL_REPRESENTATION('',(#2862),#2870);
#2862 = ( BOUNDED_CURVE() B_SPLINE_CURVE(2,(#2863,#2864,#2865,#2866,
#2867,#2868,#2869),.UNSPECIFIED.,.T.,.F.) B_SPLINE_CURVE_WITH_KNOTS((1,2
    ,2,2,2,1),(-2.094395102393,0.,2.094395102393,4.188790204786,
6.28318530718,8.377580409573),.UNSPECIFIED.) CURVE() 
GEOMETRIC_REPRESENTATION_ITEM() RATIONAL_B_SPLINE_CURVE((1.,0.5,1.,0.5,
1.,0.5,1.)) REPRESENTATION_ITEM('') );
#2863 = CARTESIAN_POINT('',(44.99999999996,-10.));
#2864 = CARTESIAN_POINT('',(36.339745962116,-10.));
#2865 = CARTESIAN_POINT('',(40.669872981038,-2.5));
#2866 = CARTESIAN_POINT('',(44.99999999996,5.));
#2867 = CARTESIAN_POINT('',(49.330127018883,-2.5));
#2868 = CARTESIAN_POINT('',(53.660254037805,-10.));
#2869 = CARTESIAN_POINT('',(44.99999999996,-10.));
#2870 = ( GEOMETRIC_REPRESENTATION_CONTEXT(2) 
PARAMETRIC_REPRESENTATION_CONTEXT() REPRESENTATION_CONTEXT('2D SPACE',''
  ) );
#2871 = PCURVE('',#90,#2872);
#2872 = DEFINITIONAL_REPRESENTATION('',(#2873),#2877);
#2873 = LINE('',#2874,#2875);
#2874 = CARTESIAN_POINT('',(-0.,-10.));
#2875 = VECTOR('',#2876,1.);
#2876 = DIRECTION('',(-1.,0.));
#2877 = ( GEOMETRIC_REPRESENTATION_CONTEXT(2) 
PARAMETRIC_REPRESENTATION_CONTEXT() REPRESENTATION_CONTEXT('2D SPACE',''
  ) );
#2878 = ADVANCED_FACE('',(#2879),#90,.T.);
#2879 = FACE_BOUND('',#2880,.F.);
#2880 = EDGE_LOOP('',(#2881,#2882,#2903,#2904));
#2881 = ORIENTED_EDGE('',*,*,#467,.F.);
#2882 = ORIENTED_EDGE('',*,*,#2883,.T.);
#2883 = EDGE_CURVE('',#440,#2780,#2884,.T.);
#2884 = SURFACE_CURVE('',#2885,(#2889,#2896),.PCURVE_S1.);
#2885 = LINE('',#2886,#2887);
#2886 = CARTESIAN_POINT('',(-30.,-27.49999999996,43.));
#2887 = VECTOR('',#2888,1.);
#2888 = DIRECTION('',(0.,0.,1.));
#2889 = PCURVE('',#90,#2890);
#2890 = DEFINITIONAL_REPRESENTATION('',(#2891),#2895);
#2891 = LINE('',#2892,#2893);
#2892 = CARTESIAN_POINT('',(-3.14159265359,0.));
#2893 = VECTOR('',#2894,1.);
#2894 = DIRECTION('',(-0.,-1.));
#2895 = ( GEOMETRIC_REPRESENTATION_CONTEXT(2) 
PARAMETRIC_REPRESENTATION_CONTEXT() REPRESENTATION_CONTEXT('2D SPACE',''
  ) );
#2896 = PCURVE('',#455,#2897);
#2897 = DEFINITIONAL_REPRESENTATION('',(#2898),#2902);
#2898 = LINE('',#2899,#2900);
#2899 = CARTESIAN_POINT('',(54.99999999996,0.));
#2900 = VECTOR('',#2901,1.);
#2901 = DIRECTION('',(0.,-1.));
#2902 = ( GEOMETRIC_REPRESENTATION_CONTEXT(2) 
PARAMETRIC_REPRESENTATION_CONTEXT() REPRESENTATION_CONTEXT('2D SPACE',''
  ) );
#2903 = ORIENTED_EDGE('',*,*,#2853,.T.);
#2904 = ORIENTED_EDGE('',*,*,#74,.F.);
#2905 = ADVANCED_FACE('',(#2906),#341,.F.);
#2906 = FACE_BOUND('',#2907,.F.);
#2907 = EDGE_LOOP('',(#2908,#2909,#2910,#2911));
#2908 = ORIENTED_EDGE('',*,*,#325,.F.);
#2909 = ORIENTED_EDGE('',*,*,#770,.T.);
#2910 = ORIENTED_EDGE('',*,*,#1076,.F.);
#2911 = ORIENTED_EDGE('',*,*,#2912,.F.);
#2912 = EDGE_CURVE('',#326,#1077,#2913,.T.);
#2913 = SURFACE_CURVE('',#2914,(#2918,#2925),.PCURVE_S1.);
#2914 = LINE('',#2915,#2916);
#2915 = CARTESIAN_POINT('',(50.,27.5,43.));
#2916 = VECTOR('',#2917,1.);
#2917 = DIRECTION('',(0.,0.,1.));
#2918 = PCURVE('',#341,#2919);
#2919 = DEFINITIONAL_REPRESENTATION('',(#2920),#2924);
#2920 = LINE('',#2921,#2922);
#2921 = CARTESIAN_POINT('',(55.00000000004,0.));
#2922 = VECTOR('',#2923,1.);
#2923 = DIRECTION('',(0.,-1.));
#2924 = ( GEOMETRIC_REPRESENTATION_CONTEXT(2) 
PARAMETRIC_REPRESENTATION_CONTEXT() REPRESENTATION_CONTEXT('2D SPACE',''
  ) );
#2925 = PCURVE('',#370,#2926);
#2926 = DEFINITIONAL_REPRESENTATION('',(#2927),#2931);
#2927 = LINE('',#2928,#2929);
#2928 = CARTESIAN_POINT('',(-1.93440673494E-16,0.));
#2929 = VECTOR('',#2930,1.);
#2930 = DIRECTION('',(-0.,-1.));
#2931 = ( GEOMETRIC_REPRESENTATION_CONTEXT(2) 
PARAMETRIC_REPRESENTATION_CONTEXT() REPRESENTATION_CONTEXT('2D SPACE',''
  ) );
#2932 = ADVANCED_FACE('',(#2933),#370,.T.);
#2933 = FACE_BOUND('',#2934,.F.);
#2934 = EDGE_LOOP('',(#2935,#2936,#2937,#2938));
#2935 = ORIENTED_EDGE('',*,*,#353,.F.);
#2936 = ORIENTED_EDGE('',*,*,#2912,.T.);
#2937 = ORIENTED_EDGE('',*,*,#1099,.F.);
#2938 = ORIENTED_EDGE('',*,*,#2939,.F.);
#2939 = EDGE_CURVE('',#354,#797,#2940,.T.);
#2940 = SURFACE_CURVE('',#2941,(#2945,#2952),.PCURVE_S1.);
#2941 = LINE('',#2942,#2943);
#2942 = CARTESIAN_POINT('',(45.,32.5,43.));
#2943 = VECTOR('',#2944,1.);
#2944 = DIRECTION('',(0.,0.,1.));
#2945 = PCURVE('',#370,#2946);
#2946 = DEFINITIONAL_REPRESENTATION('',(#2947),#2951);
#2947 = LINE('',#2948,#2949);
#2948 = CARTESIAN_POINT('',(-1.570796326795,0.));
#2949 = VECTOR('',#2950,1.);
#2950 = DIRECTION('',(-0.,-1.));
#2951 = ( GEOMETRIC_REPRESENTATION_CONTEXT(2) 
PARAMETRIC_REPRESENTATION_CONTEXT() REPRESENTATION_CONTEXT('2D SPACE',''
  ) );
#2952 = PCURVE('',#398,#2953);
#2953 = DEFINITIONAL_REPRESENTATION('',(#2954),#2958);
#2954 = LINE('',#2955,#2956);
#2955 = CARTESIAN_POINT('',(0.,-0.));
#2956 = VECTOR('',#2957,1.);
#2957 = DIRECTION('',(0.,-1.));
#2958 = ( GEOMETRIC_REPRESENTATION_CONTEXT(2) 
PARAMETRIC_REPRESENTATION_CONTEXT() REPRESENTATION_CONTEXT('2D SPACE',''
  ) );
#2959 = ADVANCED_FACE('',(#2960),#398,.F.);
#2960 = FACE_BOUND('',#2961,.F.);
#2961 = EDGE_LOOP('',(#2962,#2963,#2964,#2965,#2966,#2967,#2968));
#2962 = ORIENTED_EDGE('',*,*,#382,.F.);
#2963 = ORIENTED_EDGE('',*,*,#2939,.T.);
#2964 = ORIENTED_EDGE('',*,*,#794,.F.);
#2965 = ORIENTED_EDGE('',*,*,#1281,.T.);
#2966 = ORIENTED_EDGE('',*,*,#2120,.F.);
#2967 = ORIENTED_EDGE('',*,*,#2619,.T.);
#2968 = ORIENTED_EDGE('',*,*,#2969,.F.);
#2969 = EDGE_CURVE('',#383,#2620,#2970,.T.);
#2970 = SURFACE_CURVE('',#2971,(#2975,#2982),.PCURVE_S1.);
#2971 = LINE('',#2972,#2973);
#2972 = CARTESIAN_POINT('',(-25.,32.5,43.));
#2973 = VECTOR('',#2974,1.);
#2974 = DIRECTION('',(0.,0.,1.));
#2975 = PCURVE('',#398,#2976);
#2976 = DEFINITIONAL_REPRESENTATION('',(#2977),#2981);
#2977 = LINE('',#2978,#2979);
#2978 = CARTESIAN_POINT('',(70.,0.));
#2979 = VECTOR('',#2980,1.);
#2980 = DIRECTION('',(0.,-1.));
#2981 = ( GEOMETRIC_REPRESENTATION_CONTEXT(2) 
PARAMETRIC_REPRESENTATION_CONTEXT() REPRESENTATION_CONTEXT('2D SPACE',''
  ) );
#2982 = PCURVE('',#427,#2983);
#2983 = DEFINITIONAL_REPRESENTATION('',(#2984),#2988);
#2984 = LINE('',#2985,#2986);
#2985 = CARTESIAN_POINT('',(-1.570796326795,0.));
#2986 = VECTOR('',#2987,1.);
#2987 = DIRECTION('',(-0.,-1.));
#2988 = ( GEOMETRIC_REPRESENTATION_CONTEXT(2) 
PARAMETRIC_REPRESENTATION_CONTEXT() REPRESENTATION_CONTEXT('2D SPACE',''
  ) );
#2989 = ADVANCED_FACE('',(#2990),#427,.T.);
#2990 = FACE_BOUND('',#2991,.F.);
#2991 = EDGE_LOOP('',(#2992,#2993,#2994,#2995,#3018,#3080,#3103,#3170));
#2992 = ORIENTED_EDGE('',*,*,#410,.F.);
#2993 = ORIENTED_EDGE('',*,*,#2969,.T.);
#2994 = ORIENTED_EDGE('',*,*,#2642,.T.);
#2995 = ORIENTED_EDGE('',*,*,#2996,.F.);
#2996 = EDGE_CURVE('',#2997,#2643,#2999,.T.);
#2997 = VERTEX_POINT('',#2998);
#2998 = CARTESIAN_POINT('',(-30.,27.5,125.18033988749));
#2999 = SURFACE_CURVE('',#3000,(#3004,#3011),.PCURVE_S1.);
#3000 = LINE('',#3001,#3002);
#3001 = CARTESIAN_POINT('',(-30.,27.5,43.));
#3002 = VECTOR('',#3003,1.);
#3003 = DIRECTION('',(0.,0.,1.));
#3004 = PCURVE('',#427,#3005);
#3005 = DEFINITIONAL_REPRESENTATION('',(#3006),#3010);
#3006 = LINE('',#3007,#3008);
#3007 = CARTESIAN_POINT('',(-3.14159265359,0.));
#3008 = VECTOR('',#3009,1.);
#3009 = DIRECTION('',(-0.,-1.));
#3010 = ( GEOMETRIC_REPRESENTATION_CONTEXT(2) 
PARAMETRIC_REPRESENTATION_CONTEXT() REPRESENTATION_CONTEXT('2D SPACE',''
  ) );
#3011 = PCURVE('',#2682,#3012);
#3012 = DEFINITIONAL_REPRESENTATION('',(#3013),#3017);
#3013 = LINE('',#3014,#3015);
#3014 = CARTESIAN_POINT('',(0.,0.));
#3015 = VECTOR('',#3016,1.);
#3016 = DIRECTION('',(0.,-1.));
#3017 = ( GEOMETRIC_REPRESENTATION_CONTEXT(2) 
PARAMETRIC_REPRESENTATION_CONTEXT() REPRESENTATION_CONTEXT('2D SPACE',''
  ) );
#3018 = ORIENTED_EDGE('',*,*,#3019,.F.);
#3019 = EDGE_CURVE('',#3020,#2997,#3022,.T.);
#3020 = VERTEX_POINT('',#3021);
#3021 = CARTESIAN_POINT('',(-27.8,31.642463035442,118.99907384334));
#3022 = SURFACE_CURVE('',#3023,(#3040,#3060),.PCURVE_S1.);
#3023 = B_SPLINE_CURVE_WITH_KNOTS('',8,(#3024,#3025,#3026,#3027,#3028,
    #3029,#3030,#3031,#3032,#3033,#3034,#3035,#3036,#3037,#3038,#3039),
  .UNSPECIFIED.,.F.,.F.,(9,7,9),(0.,0.740292590809,1.),.UNSPECIFIED.);
#3024 = CARTESIAN_POINT('',(-27.7997299764,31.642645538688,
    118.99855750862));
#3025 = CARTESIAN_POINT('',(-28.10696083784,31.435009272343,
    119.58603221724));
#3026 = CARTESIAN_POINT('',(-28.40249657324,31.197342958923,
    120.16970653927));
#3027 = CARTESIAN_POINT('',(-28.68567666911,30.927541758748,
    120.75233057762));
#3028 = CARTESIAN_POINT('',(-28.95438787156,30.622717473816,
    121.3352264499));
#3029 = CARTESIAN_POINT('',(-29.20473994387,30.279618475319,
    121.91811867402));
#3030 = CARTESIAN_POINT('',(-29.43071191283,29.895070393245,
    122.49909181428));
#3031 = CARTESIAN_POINT('',(-29.62376778918,29.466462996478,
    123.07451515809));
#3032 = CARTESIAN_POINT('',(-29.82389578449,28.826774517279,
    123.83722598926));
#3033 = CARTESIAN_POINT('',(-29.87043813143,28.654810329838,
    124.03433731724));
#3034 = CARTESIAN_POINT('',(-29.91099232796,28.476951007098,
    124.23023067244));
#3035 = CARTESIAN_POINT('',(-29.94494166831,28.293168537614,
    124.42462276359));
#3036 = CARTESIAN_POINT('',(-29.97160514596,28.103478021569,
    124.61719534403));
#3037 = CARTESIAN_POINT('',(-29.99023283188,27.907948474092,
    124.8075971934));
#3038 = CARTESIAN_POINT('',(-30.,27.706716094291,124.99544739194));
#3039 = CARTESIAN_POINT('',(-30.,27.5,125.18033988749));
#3040 = PCURVE('',#427,#3041);
#3041 = DEFINITIONAL_REPRESENTATION('',(#3042),#3059);
#3042 = B_SPLINE_CURVE_WITH_KNOTS('',8,(#3043,#3044,#3045,#3046,#3047,
    #3048,#3049,#3050,#3051,#3052,#3053,#3054,#3055,#3056,#3057,#3058),
  .UNSPECIFIED.,.F.,.F.,(9,7,9),(0.,0.740292590809,1.),.UNSPECIFIED.);
#3043 = CARTESIAN_POINT('',(-2.165116943922,-75.99855750862));
#3044 = CARTESIAN_POINT('',(-2.239279905384,-76.58603221724));
#3045 = CARTESIAN_POINT('',(-2.314868024065,-77.16970653927));
#3046 = CARTESIAN_POINT('',(-2.39262862107,-77.75233057762));
#3047 = CARTESIAN_POINT('',(-2.473258824593,-78.33522644989));
#3048 = CARTESIAN_POINT('',(-2.55742460306,-78.91811867402));
#3049 = CARTESIAN_POINT('',(-2.64580884694,-79.49909181428));
#3050 = CARTESIAN_POINT('',(-2.739148729679,-80.07451515809));
#3051 = CARTESIAN_POINT('',(-2.873201340981,-80.83722598926));
#3052 = CARTESIAN_POINT('',(-2.908804673944,-81.03433731724));
#3053 = CARTESIAN_POINT('',(-2.945239902221,-81.23023067244));
#3054 = CARTESIAN_POINT('',(-2.982552204046,-81.42462276359));
#3055 = CARTESIAN_POINT('',(-3.020789398466,-81.61719534403));
#3056 = CARTESIAN_POINT('',(-3.060002941155,-81.8075971934));
#3057 = CARTESIAN_POINT('',(-3.100249434732,-81.99544739194));
#3058 = CARTESIAN_POINT('',(-3.14159265359,-82.18033988749));
#3059 = ( GEOMETRIC_REPRESENTATION_CONTEXT(2) 
PARAMETRIC_REPRESENTATION_CONTEXT() REPRESENTATION_CONTEXT('2D SPACE',''
  ) );
#3060 = PCURVE('',#2708,#3061);
#3061 = DEFINITIONAL_REPRESENTATION('',(#3062),#3079);
#3062 = B_SPLINE_CURVE_WITH_KNOTS('',8,(#3063,#3064,#3065,#3066,#3067,
    #3068,#3069,#3070,#3071,#3072,#3073,#3074,#3075,#3076,#3077,#3078),
  .UNSPECIFIED.,.F.,.F.,(9,7,9),(0.,0.740292590809,1.),.UNSPECIFIED.);
#3063 = CARTESIAN_POINT('',(2.80185774184,-2.200270023594));
#3064 = CARTESIAN_POINT('',(2.760318504573,-1.893039162156));
#3065 = CARTESIAN_POINT('',(2.718351009499,-1.597503426755));
#3066 = CARTESIAN_POINT('',(2.675626365497,-1.314323330892));
#3067 = CARTESIAN_POINT('',(2.631878808794,-1.045612128437));
#3068 = CARTESIAN_POINT('',(2.586906840373,-0.795260056123));
#3069 = CARTESIAN_POINT('',(2.540575965167,-0.569288087163));
#3070 = CARTESIAN_POINT('',(2.49282176979,-0.376232210815));
#3071 = CARTESIAN_POINT('',(2.426458153172,-0.17610421551));
#3072 = CARTESIAN_POINT('',(2.409022734094,-0.129561868568));
#3073 = CARTESIAN_POINT('',(2.391389170063,-8.900767203496E-02));
#3074 = CARTESIAN_POINT('',(2.373562180362,-5.505833168988E-02));
#3075 = CARTESIAN_POINT('',(2.355549327196,-2.839485403634E-02));
#3076 = CARTESIAN_POINT('',(2.337361446192,-9.767168113871E-03));
#3077 = CARTESIAN_POINT('',(2.319013232577,-1.7763568394E-15));
#3078 = CARTESIAN_POINT('',(2.300523983022,-1.7763568394E-15));
#3079 = ( GEOMETRIC_REPRESENTATION_CONTEXT(2) 
PARAMETRIC_REPRESENTATION_CONTEXT() REPRESENTATION_CONTEXT('2D SPACE',''
  ) );
#3080 = ORIENTED_EDGE('',*,*,#3081,.T.);
#3081 = EDGE_CURVE('',#3020,#3082,#3084,.T.);
#3082 = VERTEX_POINT('',#3083);
#3083 = CARTESIAN_POINT('',(-27.8,31.642463035442,63.00092615666));
#3084 = SURFACE_CURVE('',#3085,(#3089,#3096),.PCURVE_S1.);
#3085 = LINE('',#3086,#3087);
#3086 = CARTESIAN_POINT('',(-27.8,31.642463035442,43.));
#3087 = VECTOR('',#3088,1.);
#3088 = DIRECTION('',(-0.,-0.,-1.));
#3089 = PCURVE('',#427,#3090);
#3090 = DEFINITIONAL_REPRESENTATION('',(#3091),#3095);
#3091 = LINE('',#3092,#3093);
#3092 = CARTESIAN_POINT('',(-2.165182126796,0.));
#3093 = VECTOR('',#3094,1.);
#3094 = DIRECTION('',(-0.,1.));
#3095 = ( GEOMETRIC_REPRESENTATION_CONTEXT(2) 
PARAMETRIC_REPRESENTATION_CONTEXT() REPRESENTATION_CONTEXT('2D SPACE',''
  ) );
#3096 = PCURVE('',#2527,#3097);
#3097 = DEFINITIONAL_REPRESENTATION('',(#3098),#3102);
#3098 = LINE('',#3099,#3100);
#3099 = CARTESIAN_POINT('',(-48.,-16.13456830667));
#3100 = VECTOR('',#3101,1.);
#3101 = DIRECTION('',(-1.,0.));
#3102 = ( GEOMETRIC_REPRESENTATION_CONTEXT(2) 
PARAMETRIC_REPRESENTATION_CONTEXT() REPRESENTATION_CONTEXT('2D SPACE',''
  ) );
#3103 = ORIENTED_EDGE('',*,*,#3104,.T.);
#3104 = EDGE_CURVE('',#3082,#3105,#3107,.T.);
#3105 = VERTEX_POINT('',#3106);
#3106 = CARTESIAN_POINT('',(-30.,27.5,56.819660112501));
#3107 = SURFACE_CURVE('',#3108,(#3125,#3145),.PCURVE_S1.);
#3108 = B_SPLINE_CURVE_WITH_KNOTS('',8,(#3109,#3110,#3111,#3112,#3113,
    #3114,#3115,#3116,#3117,#3118,#3119,#3120,#3121,#3122,#3123,#3124),
  .UNSPECIFIED.,.F.,.F.,(9,7,9),(0.,0.740292551389,1.),.UNSPECIFIED.);
#3109 = CARTESIAN_POINT('',(-27.7997299764,31.642645538688,
    63.001442491377));
#3110 = CARTESIAN_POINT('',(-28.10696082128,31.435009283537,
    62.413967814427));
#3111 = CARTESIAN_POINT('',(-28.40249654164,31.19734298437,
    61.83029352315));
#3112 = CARTESIAN_POINT('',(-28.6856766239,30.927541801872,
    61.24766951543));
#3113 = CARTESIAN_POINT('',(-28.95438781447,30.622717538607,
    60.664773673947));
#3114 = CARTESIAN_POINT('',(-29.20473987737,30.279618566434,
    60.081881480806));
#3115 = CARTESIAN_POINT('',(-29.43071184069,29.895070515918,
    59.50090837112));
#3116 = CARTESIAN_POINT('',(-29.62376771712,29.466463156344,
    58.925485056595));
#3117 = CARTESIAN_POINT('',(-29.82389573489,28.826774700528,
    58.162774220781));
#3118 = CARTESIAN_POINT('',(-29.87043809439,28.654810492263,
    57.965662861653));
#3119 = CARTESIAN_POINT('',(-29.91099230213,28.476951146956,
    57.769769475487));
#3120 = CARTESIAN_POINT('',(-29.94494165207,28.293168653108,
    57.575377353652));
#3121 = CARTESIAN_POINT('',(-29.97160513745,28.103478110876,
    57.382804742928));
#3122 = CARTESIAN_POINT('',(-29.99023282891,27.907948535388,
    57.192402863818));
#3123 = CARTESIAN_POINT('',(-30.,27.706716125788,57.004552636224));
#3124 = CARTESIAN_POINT('',(-30.,27.5,56.819660112501));
#3125 = PCURVE('',#427,#3126);
#3126 = DEFINITIONAL_REPRESENTATION('',(#3127),#3144);
#3127 = B_SPLINE_CURVE_WITH_KNOTS('',8,(#3128,#3129,#3130,#3131,#3132,
    #3133,#3134,#3135,#3136,#3137,#3138,#3139,#3140,#3141,#3142,#3143),
  .UNSPECIFIED.,.F.,.F.,(9,7,9),(0.,0.740292551389,1.),.UNSPECIFIED.);
#3128 = CARTESIAN_POINT('',(-2.165116943922,-20.00144249137));
#3129 = CARTESIAN_POINT('',(-2.239279901386,-19.41396781442));
#3130 = CARTESIAN_POINT('',(-2.314868015979,-18.83029352315));
#3131 = CARTESIAN_POINT('',(-2.392628608648,-18.24766951542));
#3132 = CARTESIAN_POINT('',(-2.473258807459,-17.66477367394));
#3133 = CARTESIAN_POINT('',(-2.557424580705,-17.0818814808));
#3134 = CARTESIAN_POINT('',(-2.645808818739,-16.50090837112));
#3135 = CARTESIAN_POINT('',(-2.739148694861,-15.92548505659));
#3136 = CARTESIAN_POINT('',(-2.873201303042,-15.16277422078));
#3137 = CARTESIAN_POINT('',(-2.908804640671,-14.96566286165));
#3138 = CARTESIAN_POINT('',(-2.945239873827,-14.76976947548));
#3139 = CARTESIAN_POINT('',(-2.982552180765,-14.57537735365));
#3140 = CARTESIAN_POINT('',(-3.020789380556,-14.38280474292));
#3141 = CARTESIAN_POINT('',(-3.060002928896,-14.19240286381));
#3142 = CARTESIAN_POINT('',(-3.100249428432,-14.00455263622));
#3143 = CARTESIAN_POINT('',(-3.14159265359,-13.8196601125));
#3144 = ( GEOMETRIC_REPRESENTATION_CONTEXT(2) 
PARAMETRIC_REPRESENTATION_CONTEXT() REPRESENTATION_CONTEXT('2D SPACE',''
  ) );
#3145 = PCURVE('',#3146,#3151);
#3146 = CYLINDRICAL_SURFACE('',#3147,15.);
#3147 = AXIS2_PLACEMENT_3D('',#3148,#3149,#3150);
#3148 = CARTESIAN_POINT('',(-30.,17.5,68.));
#3149 = DIRECTION('',(-1.,0.,0.));
#3150 = DIRECTION('',(0.,-1.,0.));
#3151 = DEFINITIONAL_REPRESENTATION('',(#3152),#3169);
#3152 = B_SPLINE_CURVE_WITH_KNOTS('',8,(#3153,#3154,#3155,#3156,#3157,
    #3158,#3159,#3160,#3161,#3162,#3163,#3164,#3165,#3166,#3167,#3168),
  .UNSPECIFIED.,.F.,.F.,(9,7,9),(0.,0.740292551389,1.),.UNSPECIFIED.);
#3153 = CARTESIAN_POINT('',(3.481327565339,-2.200270023594));
#3154 = CARTESIAN_POINT('',(3.522866800367,-1.893039178719));
#3155 = CARTESIAN_POINT('',(3.564834293192,-1.597503458357));
#3156 = CARTESIAN_POINT('',(3.607558934858,-1.314323376102));
#3157 = CARTESIAN_POINT('',(3.65130648909,-1.045612185523));
#3158 = CARTESIAN_POINT('',(3.696278454861,-0.795260122624));
#3159 = CARTESIAN_POINT('',(3.742609327229,-0.569288159307));
#3160 = CARTESIAN_POINT('',(3.790363519574,-0.37623228288));
#3161 = CARTESIAN_POINT('',(3.856727135428,-0.176104265104));
#3162 = CARTESIAN_POINT('',(3.874162556982,-0.129561905602));
#3163 = CARTESIAN_POINT('',(3.89179612355,-8.900769787042E-02));
#3164 = CARTESIAN_POINT('',(3.90962311585,-5.505834792587E-02));
#3165 = CARTESIAN_POINT('',(3.927635971676,-2.839486254658E-02));
#3166 = CARTESIAN_POINT('',(3.945823855398,-9.767171090235E-03));
#3167 = CARTESIAN_POINT('',(3.964172071785,-1.7763568394E-15));
#3168 = CARTESIAN_POINT('',(3.982661324158,-1.7763568394E-15));
#3169 = ( GEOMETRIC_REPRESENTATION_CONTEXT(2) 
PARAMETRIC_REPRESENTATION_CONTEXT() REPRESENTATION_CONTEXT('2D SPACE',''
  ) );
#3170 = ORIENTED_EDGE('',*,*,#3171,.F.);
#3171 = EDGE_CURVE('',#411,#3105,#3172,.T.);
#3172 = SURFACE_CURVE('',#3173,(#3177,#3184),.PCURVE_S1.);
#3173 = LINE('',#3174,#3175);
#3174 = CARTESIAN_POINT('',(-30.,27.5,43.));
#3175 = VECTOR('',#3176,1.);
#3176 = DIRECTION('',(0.,0.,1.));
#3177 = PCURVE('',#427,#3178);
#3178 = DEFINITIONAL_REPRESENTATION('',(#3179),#3183);
#3179 = LINE('',#3180,#3181);
#3180 = CARTESIAN_POINT('',(-3.14159265359,0.));
#3181 = VECTOR('',#3182,1.);
#3182 = DIRECTION('',(-0.,-1.));
#3183 = ( GEOMETRIC_REPRESENTATION_CONTEXT(2) 
PARAMETRIC_REPRESENTATION_CONTEXT() REPRESENTATION_CONTEXT('2D SPACE',''
  ) );
#3184 = PCURVE('',#455,#3185);
#3185 = DEFINITIONAL_REPRESENTATION('',(#3186),#3190);
#3186 = LINE('',#3187,#3188);
#3187 = CARTESIAN_POINT('',(0.,0.));
#3188 = VECTOR('',#3189,1.);
#3189 = DIRECTION('',(0.,-1.));
#3190 = ( GEOMETRIC_REPRESENTATION_CONTEXT(2) 
PARAMETRIC_REPRESENTATION_CONTEXT() REPRESENTATION_CONTEXT('2D SPACE',''
  ) );
#3191 = ADVANCED_FACE('',(#3192),#455,.F.);
#3192 = FACE_BOUND('',#3193,.F.);
#3193 = EDGE_LOOP('',(#3194,#3195,#3196,#3224,#3252,#3280,#3308,#3329,
    #3330));
#3194 = ORIENTED_EDGE('',*,*,#439,.F.);
#3195 = ORIENTED_EDGE('',*,*,#3171,.T.);
#3196 = ORIENTED_EDGE('',*,*,#3197,.T.);
#3197 = EDGE_CURVE('',#3105,#3198,#3200,.T.);
#3198 = VERTEX_POINT('',#3199);
#3199 = CARTESIAN_POINT('',(-30.,17.5,53.));
#3200 = SURFACE_CURVE('',#3201,(#3206,#3217),.PCURVE_S1.);
#3201 = CIRCLE('',#3202,15.);
#3202 = AXIS2_PLACEMENT_3D('',#3203,#3204,#3205);
#3203 = CARTESIAN_POINT('',(-30.,17.5,68.));
#3204 = DIRECTION('',(-1.,0.,0.));
#3205 = DIRECTION('',(0.,-1.,0.));
#3206 = PCURVE('',#455,#3207);
#3207 = DEFINITIONAL_REPRESENTATION('',(#3208),#3216);
#3208 = ( BOUNDED_CURVE() B_SPLINE_CURVE(2,(#3209,#3210,#3211,#3212,
#3213,#3214,#3215),.UNSPECIFIED.,.T.,.F.) B_SPLINE_CURVE_WITH_KNOTS((1,2
    ,2,2,2,1),(-2.094395102393,0.,2.094395102393,4.188790204786,
6.28318530718,8.377580409573),.UNSPECIFIED.) CURVE() 
GEOMETRIC_REPRESENTATION_ITEM() RATIONAL_B_SPLINE_CURVE((1.,0.5,1.,0.5,
1.,0.5,1.)) REPRESENTATION_ITEM('') );
#3209 = CARTESIAN_POINT('',(25.,-25.));
#3210 = CARTESIAN_POINT('',(25.,-50.98076211353));
#3211 = CARTESIAN_POINT('',(2.5,-37.99038105676));
#3212 = CARTESIAN_POINT('',(-20.,-25.));
#3213 = CARTESIAN_POINT('',(2.5,-12.00961894323));
#3214 = CARTESIAN_POINT('',(25.,0.980762113533));
#3215 = CARTESIAN_POINT('',(25.,-25.));
#3216 = ( GEOMETRIC_REPRESENTATION_CONTEXT(2) 
PARAMETRIC_REPRESENTATION_CONTEXT() REPRESENTATION_CONTEXT('2D SPACE',''
  ) );
#3217 = PCURVE('',#3146,#3218);
#3218 = DEFINITIONAL_REPRESENTATION('',(#3219),#3223);
#3219 = LINE('',#3220,#3221);
#3220 = CARTESIAN_POINT('',(0.,0.));
#3221 = VECTOR('',#3222,1.);
#3222 = DIRECTION('',(1.,0.));
#3223 = ( GEOMETRIC_REPRESENTATION_CONTEXT(2) 
PARAMETRIC_REPRESENTATION_CONTEXT() REPRESENTATION_CONTEXT('2D SPACE',''
  ) );
#3224 = ORIENTED_EDGE('',*,*,#3225,.T.);
#3225 = EDGE_CURVE('',#3198,#3226,#3228,.T.);
#3226 = VERTEX_POINT('',#3227);
#3227 = CARTESIAN_POINT('',(-30.,1.,53.));
#3228 = SURFACE_CURVE('',#3229,(#3233,#3240),.PCURVE_S1.);
#3229 = LINE('',#3230,#3231);
#3230 = CARTESIAN_POINT('',(-30.,17.5,53.));
#3231 = VECTOR('',#3232,1.);
#3232 = DIRECTION('',(0.,-1.,0.));
#3233 = PCURVE('',#455,#3234);
#3234 = DEFINITIONAL_REPRESENTATION('',(#3235),#3239);
#3235 = LINE('',#3236,#3237);
#3236 = CARTESIAN_POINT('',(10.,-10.));
#3237 = VECTOR('',#3238,1.);
#3238 = DIRECTION('',(1.,0.));
#3239 = ( GEOMETRIC_REPRESENTATION_CONTEXT(2) 
PARAMETRIC_REPRESENTATION_CONTEXT() REPRESENTATION_CONTEXT('2D SPACE',''
  ) );
#3240 = PCURVE('',#3241,#3246);
#3241 = PLANE('',#3242);
#3242 = AXIS2_PLACEMENT_3D('',#3243,#3244,#3245);
#3243 = CARTESIAN_POINT('',(-30.,17.5,53.));
#3244 = DIRECTION('',(0.,0.,-1.));
#3245 = DIRECTION('',(0.,-1.,0.));
#3246 = DEFINITIONAL_REPRESENTATION('',(#3247),#3251);
#3247 = LINE('',#3248,#3249);
#3248 = CARTESIAN_POINT('',(0.,-0.));
#3249 = VECTOR('',#3250,1.);
#3250 = DIRECTION('',(1.,0.));
#3251 = ( GEOMETRIC_REPRESENTATION_CONTEXT(2) 
PARAMETRIC_REPRESENTATION_CONTEXT() REPRESENTATION_CONTEXT('2D SPACE',''
  ) );
#3252 = ORIENTED_EDGE('',*,*,#3253,.T.);
#3253 = EDGE_CURVE('',#3226,#3254,#3256,.T.);
#3254 = VERTEX_POINT('',#3255);
#3255 = CARTESIAN_POINT('',(-30.,1.,50.));
#3256 = SURFACE_CURVE('',#3257,(#3261,#3268),.PCURVE_S1.);
#3257 = LINE('',#3258,#3259);
#3258 = CARTESIAN_POINT('',(-30.,1.,53.));
#3259 = VECTOR('',#3260,1.);
#3260 = DIRECTION('',(-0.,-0.,-1.));
#3261 = PCURVE('',#455,#3262);
#3262 = DEFINITIONAL_REPRESENTATION('',(#3263),#3267);
#3263 = LINE('',#3264,#3265);
#3264 = CARTESIAN_POINT('',(26.5,-10.));
#3265 = VECTOR('',#3266,1.);
#3266 = DIRECTION('',(0.,1.));
#3267 = ( GEOMETRIC_REPRESENTATION_CONTEXT(2) 
PARAMETRIC_REPRESENTATION_CONTEXT() REPRESENTATION_CONTEXT('2D SPACE',''
  ) );
#3268 = PCURVE('',#3269,#3274);
#3269 = PLANE('',#3270);
#3270 = AXIS2_PLACEMENT_3D('',#3271,#3272,#3273);
#3271 = CARTESIAN_POINT('',(-25.,1.,53.));
#3272 = DIRECTION('',(0.,1.,0.));
#3273 = DIRECTION('',(-1.,0.,0.));
#3274 = DEFINITIONAL_REPRESENTATION('',(#3275),#3279);
#3275 = LINE('',#3276,#3277);
#3276 = CARTESIAN_POINT('',(5.,0.));
#3277 = VECTOR('',#3278,1.);
#3278 = DIRECTION('',(0.,-1.));
#3279 = ( GEOMETRIC_REPRESENTATION_CONTEXT(2) 
PARAMETRIC_REPRESENTATION_CONTEXT() REPRESENTATION_CONTEXT('2D SPACE',''
  ) );
#3280 = ORIENTED_EDGE('',*,*,#3281,.T.);
#3281 = EDGE_CURVE('',#3254,#3282,#3284,.T.);
#3282 = VERTEX_POINT('',#3283);
#3283 = CARTESIAN_POINT('',(-30.,-11.,50.));
#3284 = SURFACE_CURVE('',#3285,(#3289,#3296),.PCURVE_S1.);
#3285 = LINE('',#3286,#3287);
#3286 = CARTESIAN_POINT('',(-30.,1.,50.));
#3287 = VECTOR('',#3288,1.);
#3288 = DIRECTION('',(0.,-1.,0.));
#3289 = PCURVE('',#455,#3290);
#3290 = DEFINITIONAL_REPRESENTATION('',(#3291),#3295);
#3291 = LINE('',#3292,#3293);
#3292 = CARTESIAN_POINT('',(26.5,-7.));
#3293 = VECTOR('',#3294,1.);
#3294 = DIRECTION('',(1.,0.));
#3295 = ( GEOMETRIC_REPRESENTATION_CONTEXT(2) 
PARAMETRIC_REPRESENTATION_CONTEXT() REPRESENTATION_CONTEXT('2D SPACE',''
  ) );
#3296 = PCURVE('',#3297,#3302);
#3297 = PLANE('',#3298);
#3298 = AXIS2_PLACEMENT_3D('',#3299,#3300,#3301);
#3299 = CARTESIAN_POINT('',(-27.5,-5.,50.));
#3300 = DIRECTION('',(0.,0.,1.));
#3301 = DIRECTION('',(1.,0.,0.));
#3302 = DEFINITIONAL_REPRESENTATION('',(#3303),#3307);
#3303 = LINE('',#3304,#3305);
#3304 = CARTESIAN_POINT('',(-2.5,6.));
#3305 = VECTOR('',#3306,1.);
#3306 = DIRECTION('',(0.,-1.));
#3307 = ( GEOMETRIC_REPRESENTATION_CONTEXT(2) 
PARAMETRIC_REPRESENTATION_CONTEXT() REPRESENTATION_CONTEXT('2D SPACE',''
  ) );
#3308 = ORIENTED_EDGE('',*,*,#3309,.F.);
#3309 = EDGE_CURVE('',#2778,#3282,#3310,.T.);
#3310 = SURFACE_CURVE('',#3311,(#3315,#3322),.PCURVE_S1.);
#3311 = LINE('',#3312,#3313);
#3312 = CARTESIAN_POINT('',(-30.,-11.,53.));
#3313 = VECTOR('',#3314,1.);
#3314 = DIRECTION('',(-0.,-0.,-1.));
#3315 = PCURVE('',#455,#3316);
#3316 = DEFINITIONAL_REPRESENTATION('',(#3317),#3321);
#3317 = LINE('',#3318,#3319);
#3318 = CARTESIAN_POINT('',(38.5,-10.));
#3319 = VECTOR('',#3320,1.);
#3320 = DIRECTION('',(0.,1.));
#3321 = ( GEOMETRIC_REPRESENTATION_CONTEXT(2) 
PARAMETRIC_REPRESENTATION_CONTEXT() REPRESENTATION_CONTEXT('2D SPACE',''
  ) );
#3322 = PCURVE('',#2818,#3323);
#3323 = DEFINITIONAL_REPRESENTATION('',(#3324),#3328);
#3324 = LINE('',#3325,#3326);
#3325 = CARTESIAN_POINT('',(0.,0.));
#3326 = VECTOR('',#3327,1.);
#3327 = DIRECTION('',(0.,-1.));
#3328 = ( GEOMETRIC_REPRESENTATION_CONTEXT(2) 
PARAMETRIC_REPRESENTATION_CONTEXT() REPRESENTATION_CONTEXT('2D SPACE',''
  ) );
#3329 = ORIENTED_EDGE('',*,*,#2777,.T.);
#3330 = ORIENTED_EDGE('',*,*,#2883,.F.);
#3331 = ADVANCED_FACE('',(#3332),#508,.F.);
#3332 = FACE_BOUND('',#3333,.T.);
#3333 = EDGE_LOOP('',(#3334,#3335,#3356,#3357,#3358,#3359));
#3334 = ORIENTED_EDGE('',*,*,#491,.F.);
#3335 = ORIENTED_EDGE('',*,*,#3336,.T.);
#3336 = EDGE_CURVE('',#492,#998,#3337,.T.);
#3337 = SEAM_CURVE('',#3338,(#3342,#3349),.PCURVE_S1.);
#3338 = LINE('',#3339,#3340);
#3339 = CARTESIAN_POINT('',(3.5,-20.,43.));
#3340 = VECTOR('',#3341,1.);
#3341 = DIRECTION('',(0.,0.,1.));
#3342 = PCURVE('',#508,#3343);
#3343 = DEFINITIONAL_REPRESENTATION('',(#3344),#3348);
#3344 = LINE('',#3345,#3346);
#3345 = CARTESIAN_POINT('',(-6.28318530718,0.));
#3346 = VECTOR('',#3347,1.);
#3347 = DIRECTION('',(-0.,-1.));
#3348 = ( GEOMETRIC_REPRESENTATION_CONTEXT(2) 
PARAMETRIC_REPRESENTATION_CONTEXT() REPRESENTATION_CONTEXT('2D SPACE',''
  ) );
#3349 = PCURVE('',#508,#3350);
#3350 = DEFINITIONAL_REPRESENTATION('',(#3351),#3355);
#3351 = LINE('',#3352,#3353);
#3352 = CARTESIAN_POINT('',(-0.,0.));
#3353 = VECTOR('',#3354,1.);
#3354 = DIRECTION('',(-0.,-1.));
#3355 = ( GEOMETRIC_REPRESENTATION_CONTEXT(2) 
PARAMETRIC_REPRESENTATION_CONTEXT() REPRESENTATION_CONTEXT('2D SPACE',''
  ) );
#3356 = ORIENTED_EDGE('',*,*,#997,.F.);
#3357 = ORIENTED_EDGE('',*,*,#1708,.T.);
#3358 = ORIENTED_EDGE('',*,*,#1025,.F.);
#3359 = ORIENTED_EDGE('',*,*,#3336,.F.);
#3360 = ADVANCED_FACE('',(#3361),#539,.F.);
#3361 = FACE_BOUND('',#3362,.T.);
#3362 = EDGE_LOOP('',(#3363,#3364,#3385,#3386));
#3363 = ORIENTED_EDGE('',*,*,#522,.F.);
#3364 = ORIENTED_EDGE('',*,*,#3365,.T.);
#3365 = EDGE_CURVE('',#523,#1159,#3366,.T.);
#3366 = SEAM_CURVE('',#3367,(#3371,#3378),.PCURVE_S1.);
#3367 = LINE('',#3368,#3369);
#3368 = CARTESIAN_POINT('',(43.5,-20.,43.));
#3369 = VECTOR('',#3370,1.);
#3370 = DIRECTION('',(0.,0.,1.));
#3371 = PCURVE('',#539,#3372);
#3372 = DEFINITIONAL_REPRESENTATION('',(#3373),#3377);
#3373 = LINE('',#3374,#3375);
#3374 = CARTESIAN_POINT('',(-6.28318530718,0.));
#3375 = VECTOR('',#3376,1.);
#3376 = DIRECTION('',(-0.,-1.));
#3377 = ( GEOMETRIC_REPRESENTATION_CONTEXT(2) 
PARAMETRIC_REPRESENTATION_CONTEXT() REPRESENTATION_CONTEXT('2D SPACE',''
  ) );
#3378 = PCURVE('',#539,#3379);
#3379 = DEFINITIONAL_REPRESENTATION('',(#3380),#3384);
#3380 = LINE('',#3381,#3382);
#3381 = CARTESIAN_POINT('',(-0.,0.));
#3382 = VECTOR('',#3383,1.);
#3383 = DIRECTION('',(-0.,-1.));
#3384 = ( GEOMETRIC_REPRESENTATION_CONTEXT(2) 
PARAMETRIC_REPRESENTATION_CONTEXT() REPRESENTATION_CONTEXT('2D SPACE',''
  ) );
#3385 = ORIENTED_EDGE('',*,*,#1158,.F.);
#3386 = ORIENTED_EDGE('',*,*,#3365,.F.);
#3387 = ADVANCED_FACE('',(#3388),#570,.F.);
#3388 = FACE_BOUND('',#3389,.T.);
#3389 = EDGE_LOOP('',(#3390,#3391,#3412,#3413));
#3390 = ORIENTED_EDGE('',*,*,#553,.F.);
#3391 = ORIENTED_EDGE('',*,*,#3392,.T.);
#3392 = EDGE_CURVE('',#554,#1251,#3393,.T.);
#3393 = SEAM_CURVE('',#3394,(#3398,#3405),.PCURVE_S1.);
#3394 = LINE('',#3395,#3396);
#3395 = CARTESIAN_POINT('',(43.5,20.,43.));
#3396 = VECTOR('',#3397,1.);
#3397 = DIRECTION('',(0.,0.,1.));
#3398 = PCURVE('',#570,#3399);
#3399 = DEFINITIONAL_REPRESENTATION('',(#3400),#3404);
#3400 = LINE('',#3401,#3402);
#3401 = CARTESIAN_POINT('',(-6.28318530718,0.));
#3402 = VECTOR('',#3403,1.);
#3403 = DIRECTION('',(-0.,-1.));
#3404 = ( GEOMETRIC_REPRESENTATION_CONTEXT(2) 
PARAMETRIC_REPRESENTATION_CONTEXT() REPRESENTATION_CONTEXT('2D SPACE',''
  ) );
#3405 = PCURVE('',#570,#3406);
#3406 = DEFINITIONAL_REPRESENTATION('',(#3407),#3411);
#3407 = LINE('',#3408,#3409);
#3408 = CARTESIAN_POINT('',(-0.,0.));
#3409 = VECTOR('',#3410,1.);
#3410 = DIRECTION('',(-0.,-1.));
#3411 = ( GEOMETRIC_REPRESENTATION_CONTEXT(2) 
PARAMETRIC_REPRESENTATION_CONTEXT() REPRESENTATION_CONTEXT('2D SPACE',''
  ) );
#3412 = ORIENTED_EDGE('',*,*,#1250,.F.);
#3413 = ORIENTED_EDGE('',*,*,#3392,.F.);
#3414 = ADVANCED_FACE('',(#3415),#601,.F.);
#3415 = FACE_BOUND('',#3416,.T.);
#3416 = EDGE_LOOP('',(#3417,#3418,#3439,#3440,#3441,#3442));
#3417 = ORIENTED_EDGE('',*,*,#584,.F.);
#3418 = ORIENTED_EDGE('',*,*,#3419,.T.);
#3419 = EDGE_CURVE('',#585,#843,#3420,.T.);
#3420 = SEAM_CURVE('',#3421,(#3425,#3432),.PCURVE_S1.);
#3421 = LINE('',#3422,#3423);
#3422 = CARTESIAN_POINT('',(3.5,20.,43.));
#3423 = VECTOR('',#3424,1.);
#3424 = DIRECTION('',(0.,0.,1.));
#3425 = PCURVE('',#601,#3426);
#3426 = DEFINITIONAL_REPRESENTATION('',(#3427),#3431);
#3427 = LINE('',#3428,#3429);
#3428 = CARTESIAN_POINT('',(-6.28318530718,0.));
#3429 = VECTOR('',#3430,1.);
#3430 = DIRECTION('',(-0.,-1.));
#3431 = ( GEOMETRIC_REPRESENTATION_CONTEXT(2) 
PARAMETRIC_REPRESENTATION_CONTEXT() REPRESENTATION_CONTEXT('2D SPACE',''
  ) );
#3432 = PCURVE('',#601,#3433);
#3433 = DEFINITIONAL_REPRESENTATION('',(#3434),#3438);
#3434 = LINE('',#3435,#3436);
#3435 = CARTESIAN_POINT('',(-0.,0.));
#3436 = VECTOR('',#3437,1.);
#3437 = DIRECTION('',(-0.,-1.));
#3438 = ( GEOMETRIC_REPRESENTATION_CONTEXT(2) 
PARAMETRIC_REPRESENTATION_CONTEXT() REPRESENTATION_CONTEXT('2D SPACE',''
  ) );
#3439 = ORIENTED_EDGE('',*,*,#842,.F.);
#3440 = ORIENTED_EDGE('',*,*,#1310,.T.);
#3441 = ORIENTED_EDGE('',*,*,#870,.F.);
#3442 = ORIENTED_EDGE('',*,*,#3419,.F.);
#3443 = ADVANCED_FACE('',(#3444),#632,.F.);
#3444 = FACE_BOUND('',#3445,.T.);
#3445 = EDGE_LOOP('',(#3446,#3469,#3470,#3471));
#3446 = ORIENTED_EDGE('',*,*,#3447,.F.);
#3447 = EDGE_CURVE('',#616,#3448,#3450,.T.);
#3448 = VERTEX_POINT('',#3449);
#3449 = CARTESIAN_POINT('',(0.25,0.,52.));
#3450 = SEAM_CURVE('',#3451,(#3455,#3462),.PCURVE_S1.);
#3451 = LINE('',#3452,#3453);
#3452 = CARTESIAN_POINT('',(0.25,0.,43.));
#3453 = VECTOR('',#3454,1.);
#3454 = DIRECTION('',(0.,0.,1.));
#3455 = PCURVE('',#632,#3456);
#3456 = DEFINITIONAL_REPRESENTATION('',(#3457),#3461);
#3457 = LINE('',#3458,#3459);
#3458 = CARTESIAN_POINT('',(-6.28318530718,0.));
#3459 = VECTOR('',#3460,1.);
#3460 = DIRECTION('',(-0.,-1.));
#3461 = ( GEOMETRIC_REPRESENTATION_CONTEXT(2) 
PARAMETRIC_REPRESENTATION_CONTEXT() REPRESENTATION_CONTEXT('2D SPACE',''
  ) );
#3462 = PCURVE('',#632,#3463);
#3463 = DEFINITIONAL_REPRESENTATION('',(#3464),#3468);
#3464 = LINE('',#3465,#3466);
#3465 = CARTESIAN_POINT('',(-0.,0.));
#3466 = VECTOR('',#3467,1.);
#3467 = DIRECTION('',(-0.,-1.));
#3468 = ( GEOMETRIC_REPRESENTATION_CONTEXT(2) 
PARAMETRIC_REPRESENTATION_CONTEXT() REPRESENTATION_CONTEXT('2D SPACE',''
  ) );
#3469 = ORIENTED_EDGE('',*,*,#615,.F.);
#3470 = ORIENTED_EDGE('',*,*,#3447,.T.);
#3471 = ORIENTED_EDGE('',*,*,#3472,.F.);
#3472 = EDGE_CURVE('',#3448,#3448,#3473,.T.);
#3473 = SURFACE_CURVE('',#3474,(#3479,#3486),.PCURVE_S1.);
#3474 = CIRCLE('',#3475,2.75);
#3475 = AXIS2_PLACEMENT_3D('',#3476,#3477,#3478);
#3476 = CARTESIAN_POINT('',(-2.5,0.,52.));
#3477 = DIRECTION('',(0.,0.,-1.));
#3478 = DIRECTION('',(1.,0.,0.));
#3479 = PCURVE('',#632,#3480);
#3480 = DEFINITIONAL_REPRESENTATION('',(#3481),#3485);
#3481 = LINE('',#3482,#3483);
#3482 = CARTESIAN_POINT('',(-6.28318530718,-9.));
#3483 = VECTOR('',#3484,1.);
#3484 = DIRECTION('',(1.,-0.));
#3485 = ( GEOMETRIC_REPRESENTATION_CONTEXT(2) 
PARAMETRIC_REPRESENTATION_CONTEXT() REPRESENTATION_CONTEXT('2D SPACE',''
  ) );
#3486 = PCURVE('',#3487,#3492);
#3487 = PLANE('',#3488);
#3488 = AXIS2_PLACEMENT_3D('',#3489,#3490,#3491);
#3489 = CARTESIAN_POINT('',(17.5,9.230220894641E-15,52.));
#3490 = DIRECTION('',(0.,0.,1.));
#3491 = DIRECTION('',(1.,0.,0.));
#3492 = DEFINITIONAL_REPRESENTATION('',(#3493),#3501);
#3493 = ( BOUNDED_CURVE() B_SPLINE_CURVE(2,(#3494,#3495,#3496,#3497,
#3498,#3499,#3500),.UNSPECIFIED.,.T.,.F.) B_SPLINE_CURVE_WITH_KNOTS((1,2
    ,2,2,2,1),(-2.094395102393,0.,2.094395102393,4.188790204786,
6.28318530718,8.377580409573),.UNSPECIFIED.) CURVE() 
GEOMETRIC_REPRESENTATION_ITEM() RATIONAL_B_SPLINE_CURVE((1.,0.5,1.,0.5,
1.,0.5,1.)) REPRESENTATION_ITEM('') );
#3494 = CARTESIAN_POINT('',(-17.25,-9.230220894641E-15));
#3495 = CARTESIAN_POINT('',(-17.25,-4.763139720814));
#3496 = CARTESIAN_POINT('',(-21.375,-2.381569860407));
#3497 = CARTESIAN_POINT('',(-25.5,-9.903776634172E-15));
#3498 = CARTESIAN_POINT('',(-21.375,2.381569860407));
#3499 = CARTESIAN_POINT('',(-17.25,4.763139720814));
#3500 = CARTESIAN_POINT('',(-17.25,-9.230220894641E-15));
#3501 = ( GEOMETRIC_REPRESENTATION_CONTEXT(2) 
PARAMETRIC_REPRESENTATION_CONTEXT() REPRESENTATION_CONTEXT('2D SPACE',''
  ) );
#3502 = ADVANCED_FACE('',(#3503),#663,.F.);
#3503 = FACE_BOUND('',#3504,.T.);
#3504 = EDGE_LOOP('',(#3505,#3528,#3529,#3530));
#3505 = ORIENTED_EDGE('',*,*,#3506,.F.);
#3506 = EDGE_CURVE('',#647,#3507,#3509,.T.);
#3507 = VERTEX_POINT('',#3508);
#3508 = CARTESIAN_POINT('',(20.25,-20.,52.));
#3509 = SEAM_CURVE('',#3510,(#3514,#3521),.PCURVE_S1.);
#3510 = LINE('',#3511,#3512);
#3511 = CARTESIAN_POINT('',(20.25,-20.,43.));
#3512 = VECTOR('',#3513,1.);
#3513 = DIRECTION('',(0.,0.,1.));
#3514 = PCURVE('',#663,#3515);
#3515 = DEFINITIONAL_REPRESENTATION('',(#3516),#3520);
#3516 = LINE('',#3517,#3518);
#3517 = CARTESIAN_POINT('',(-6.28318530718,0.));
#3518 = VECTOR('',#3519,1.);
#3519 = DIRECTION('',(-0.,-1.));
#3520 = ( GEOMETRIC_REPRESENTATION_CONTEXT(2) 
PARAMETRIC_REPRESENTATION_CONTEXT() REPRESENTATION_CONTEXT('2D SPACE',''
  ) );
#3521 = PCURVE('',#663,#3522);
#3522 = DEFINITIONAL_REPRESENTATION('',(#3523),#3527);
#3523 = LINE('',#3524,#3525);
#3524 = CARTESIAN_POINT('',(-0.,0.));
#3525 = VECTOR('',#3526,1.);
#3526 = DIRECTION('',(-0.,-1.));
#3527 = ( GEOMETRIC_REPRESENTATION_CONTEXT(2) 
PARAMETRIC_REPRESENTATION_CONTEXT() REPRESENTATION_CONTEXT('2D SPACE',''
  ) );
#3528 = ORIENTED_EDGE('',*,*,#646,.F.);
#3529 = ORIENTED_EDGE('',*,*,#3506,.T.);
#3530 = ORIENTED_EDGE('',*,*,#3531,.F.);
#3531 = EDGE_CURVE('',#3507,#3507,#3532,.T.);
#3532 = SURFACE_CURVE('',#3533,(#3538,#3545),.PCURVE_S1.);
#3533 = CIRCLE('',#3534,2.75);
#3534 = AXIS2_PLACEMENT_3D('',#3535,#3536,#3537);
#3535 = CARTESIAN_POINT('',(17.5,-20.,52.));
#3536 = DIRECTION('',(0.,0.,-1.));
#3537 = DIRECTION('',(1.,0.,0.));
#3538 = PCURVE('',#663,#3539);
#3539 = DEFINITIONAL_REPRESENTATION('',(#3540),#3544);
#3540 = LINE('',#3541,#3542);
#3541 = CARTESIAN_POINT('',(-6.28318530718,-9.));
#3542 = VECTOR('',#3543,1.);
#3543 = DIRECTION('',(1.,-0.));
#3544 = ( GEOMETRIC_REPRESENTATION_CONTEXT(2) 
PARAMETRIC_REPRESENTATION_CONTEXT() REPRESENTATION_CONTEXT('2D SPACE',''
  ) );
#3545 = PCURVE('',#3546,#3551);
#3546 = PLANE('',#3547);
#3547 = AXIS2_PLACEMENT_3D('',#3548,#3549,#3550);
#3548 = CARTESIAN_POINT('',(17.5,9.230220894641E-15,52.));
#3549 = DIRECTION('',(0.,0.,1.));
#3550 = DIRECTION('',(1.,0.,0.));
#3551 = DEFINITIONAL_REPRESENTATION('',(#3552),#3560);
#3552 = ( BOUNDED_CURVE() B_SPLINE_CURVE(2,(#3553,#3554,#3555,#3556,
#3557,#3558,#3559),.UNSPECIFIED.,.T.,.F.) B_SPLINE_CURVE_WITH_KNOTS((1,2
    ,2,2,2,1),(-2.094395102393,0.,2.094395102393,4.188790204786,
6.28318530718,8.377580409573),.UNSPECIFIED.) CURVE() 
GEOMETRIC_REPRESENTATION_ITEM() RATIONAL_B_SPLINE_CURVE((1.,0.5,1.,0.5,
1.,0.5,1.)) REPRESENTATION_ITEM('') );
#3553 = CARTESIAN_POINT('',(2.75,-20.));
#3554 = CARTESIAN_POINT('',(2.75,-24.76313972081));
#3555 = CARTESIAN_POINT('',(-1.375,-22.3815698604));
#3556 = CARTESIAN_POINT('',(-5.5,-20.));
#3557 = CARTESIAN_POINT('',(-1.375,-17.61843013959));
#3558 = CARTESIAN_POINT('',(2.75,-15.23686027918));
#3559 = CARTESIAN_POINT('',(2.75,-20.));
#3560 = ( GEOMETRIC_REPRESENTATION_CONTEXT(2) 
PARAMETRIC_REPRESENTATION_CONTEXT() REPRESENTATION_CONTEXT('2D SPACE',''
  ) );
#3561 = ADVANCED_FACE('',(#3562),#694,.F.);
#3562 = FACE_BOUND('',#3563,.T.);
#3563 = EDGE_LOOP('',(#3564,#3587,#3588,#3589));
#3564 = ORIENTED_EDGE('',*,*,#3565,.F.);
#3565 = EDGE_CURVE('',#678,#3566,#3568,.T.);
#3566 = VERTEX_POINT('',#3567);
#3567 = CARTESIAN_POINT('',(40.25,0.,52.));
#3568 = SEAM_CURVE('',#3569,(#3573,#3580),.PCURVE_S1.);
#3569 = LINE('',#3570,#3571);
#3570 = CARTESIAN_POINT('',(40.25,0.,43.));
#3571 = VECTOR('',#3572,1.);
#3572 = DIRECTION('',(0.,0.,1.));
#3573 = PCURVE('',#694,#3574);
#3574 = DEFINITIONAL_REPRESENTATION('',(#3575),#3579);
#3575 = LINE('',#3576,#3577);
#3576 = CARTESIAN_POINT('',(-6.28318530718,0.));
#3577 = VECTOR('',#3578,1.);
#3578 = DIRECTION('',(-0.,-1.));
#3579 = ( GEOMETRIC_REPRESENTATION_CONTEXT(2) 
PARAMETRIC_REPRESENTATION_CONTEXT() REPRESENTATION_CONTEXT('2D SPACE',''
  ) );
#3580 = PCURVE('',#694,#3581);
#3581 = DEFINITIONAL_REPRESENTATION('',(#3582),#3586);
#3582 = LINE('',#3583,#3584);
#3583 = CARTESIAN_POINT('',(-0.,0.));
#3584 = VECTOR('',#3585,1.);
#3585 = DIRECTION('',(-0.,-1.));
#3586 = ( GEOMETRIC_REPRESENTATION_CONTEXT(2) 
PARAMETRIC_REPRESENTATION_CONTEXT() REPRESENTATION_CONTEXT('2D SPACE',''
  ) );
#3587 = ORIENTED_EDGE('',*,*,#677,.F.);
#3588 = ORIENTED_EDGE('',*,*,#3565,.T.);
#3589 = ORIENTED_EDGE('',*,*,#3590,.F.);
#3590 = EDGE_CURVE('',#3566,#3566,#3591,.T.);
#3591 = SURFACE_CURVE('',#3592,(#3597,#3604),.PCURVE_S1.);
#3592 = CIRCLE('',#3593,2.75);
#3593 = AXIS2_PLACEMENT_3D('',#3594,#3595,#3596);
#3594 = CARTESIAN_POINT('',(37.5,0.,52.));
#3595 = DIRECTION('',(0.,0.,-1.));
#3596 = DIRECTION('',(1.,0.,0.));
#3597 = PCURVE('',#694,#3598);
#3598 = DEFINITIONAL_REPRESENTATION('',(#3599),#3603);
#3599 = LINE('',#3600,#3601);
#3600 = CARTESIAN_POINT('',(-6.28318530718,-9.));
#3601 = VECTOR('',#3602,1.);
#3602 = DIRECTION('',(1.,-0.));
#3603 = ( GEOMETRIC_REPRESENTATION_CONTEXT(2) 
PARAMETRIC_REPRESENTATION_CONTEXT() REPRESENTATION_CONTEXT('2D SPACE',''
  ) );
#3604 = PCURVE('',#3605,#3610);
#3605 = PLANE('',#3606);
#3606 = AXIS2_PLACEMENT_3D('',#3607,#3608,#3609);
#3607 = CARTESIAN_POINT('',(17.5,9.230220894641E-15,52.));
#3608 = DIRECTION('',(0.,0.,1.));
#3609 = DIRECTION('',(1.,0.,0.));
#3610 = DEFINITIONAL_REPRESENTATION('',(#3611),#3619);
#3611 = ( BOUNDED_CURVE() B_SPLINE_CURVE(2,(#3612,#3613,#3614,#3615,
#3616,#3617,#3618),.UNSPECIFIED.,.T.,.F.) B_SPLINE_CURVE_WITH_KNOTS((1,2
    ,2,2,2,1),(-2.094395102393,0.,2.094395102393,4.188790204786,
6.28318530718,8.377580409573),.UNSPECIFIED.) CURVE() 
GEOMETRIC_REPRESENTATION_ITEM() RATIONAL_B_SPLINE_CURVE((1.,0.5,1.,0.5,
1.,0.5,1.)) REPRESENTATION_ITEM('') );
#3612 = CARTESIAN_POINT('',(22.75,-9.230220894641E-15));
#3613 = CARTESIAN_POINT('',(22.75,-4.763139720814));
#3614 = CARTESIAN_POINT('',(18.625,-2.381569860407));
#3615 = CARTESIAN_POINT('',(14.5,-9.903776634172E-15));
#3616 = CARTESIAN_POINT('',(18.625,2.381569860407));
#3617 = CARTESIAN_POINT('',(22.75,4.763139720814));
#3618 = CARTESIAN_POINT('',(22.75,-9.230220894641E-15));
#3619 = ( GEOMETRIC_REPRESENTATION_CONTEXT(2) 
PARAMETRIC_REPRESENTATION_CONTEXT() REPRESENTATION_CONTEXT('2D SPACE',''
  ) );
#3620 = ADVANCED_FACE('',(#3621),#725,.F.);
#3621 = FACE_BOUND('',#3622,.T.);
#3622 = EDGE_LOOP('',(#3623,#3646,#3647,#3648));
#3623 = ORIENTED_EDGE('',*,*,#3624,.F.);
#3624 = EDGE_CURVE('',#709,#3625,#3627,.T.);
#3625 = VERTEX_POINT('',#3626);
#3626 = CARTESIAN_POINT('',(20.25,20.,52.));
#3627 = SEAM_CURVE('',#3628,(#3632,#3639),.PCURVE_S1.);
#3628 = LINE('',#3629,#3630);
#3629 = CARTESIAN_POINT('',(20.25,20.,43.));
#3630 = VECTOR('',#3631,1.);
#3631 = DIRECTION('',(0.,0.,1.));
#3632 = PCURVE('',#725,#3633);
#3633 = DEFINITIONAL_REPRESENTATION('',(#3634),#3638);
#3634 = LINE('',#3635,#3636);
#3635 = CARTESIAN_POINT('',(-6.28318530718,0.));
#3636 = VECTOR('',#3637,1.);
#3637 = DIRECTION('',(-0.,-1.));
#3638 = ( GEOMETRIC_REPRESENTATION_CONTEXT(2) 
PARAMETRIC_REPRESENTATION_CONTEXT() REPRESENTATION_CONTEXT('2D SPACE',''
  ) );
#3639 = PCURVE('',#725,#3640);
#3640 = DEFINITIONAL_REPRESENTATION('',(#3641),#3645);
#3641 = LINE('',#3642,#3643);
#3642 = CARTESIAN_POINT('',(-0.,0.));
#3643 = VECTOR('',#3644,1.);
#3644 = DIRECTION('',(-0.,-1.));
#3645 = ( GEOMETRIC_REPRESENTATION_CONTEXT(2) 
PARAMETRIC_REPRESENTATION_CONTEXT() REPRESENTATION_CONTEXT('2D SPACE',''
  ) );
#3646 = ORIENTED_EDGE('',*,*,#708,.F.);
#3647 = ORIENTED_EDGE('',*,*,#3624,.T.);
#3648 = ORIENTED_EDGE('',*,*,#3649,.F.);
#3649 = EDGE_CURVE('',#3625,#3625,#3650,.T.);
#3650 = SURFACE_CURVE('',#3651,(#3656,#3663),.PCURVE_S1.);
#3651 = CIRCLE('',#3652,2.75);
#3652 = AXIS2_PLACEMENT_3D('',#3653,#3654,#3655);
#3653 = CARTESIAN_POINT('',(17.5,20.,52.));
#3654 = DIRECTION('',(0.,0.,-1.));
#3655 = DIRECTION('',(1.,0.,0.));
#3656 = PCURVE('',#725,#3657);
#3657 = DEFINITIONAL_REPRESENTATION('',(#3658),#3662);
#3658 = LINE('',#3659,#3660);
#3659 = CARTESIAN_POINT('',(-6.28318530718,-9.));
#3660 = VECTOR('',#3661,1.);
#3661 = DIRECTION('',(1.,-0.));
#3662 = ( GEOMETRIC_REPRESENTATION_CONTEXT(2) 
PARAMETRIC_REPRESENTATION_CONTEXT() REPRESENTATION_CONTEXT('2D SPACE',''
  ) );
#3663 = PCURVE('',#3664,#3669);
#3664 = PLANE('',#3665);
#3665 = AXIS2_PLACEMENT_3D('',#3666,#3667,#3668);
#3666 = CARTESIAN_POINT('',(17.5,9.230220894641E-15,52.));
#3667 = DIRECTION('',(0.,0.,1.));
#3668 = DIRECTION('',(1.,0.,0.));
#3669 = DEFINITIONAL_REPRESENTATION('',(#3670),#3678);
#3670 = ( BOUNDED_CURVE() B_SPLINE_CURVE(2,(#3671,#3672,#3673,#3674,
#3675,#3676,#3677),.UNSPECIFIED.,.T.,.F.) B_SPLINE_CURVE_WITH_KNOTS((1,2
    ,2,2,2,1),(-2.094395102393,0.,2.094395102393,4.188790204786,
6.28318530718,8.377580409573),.UNSPECIFIED.) CURVE() 
GEOMETRIC_REPRESENTATION_ITEM() RATIONAL_B_SPLINE_CURVE((1.,0.5,1.,0.5,
1.,0.5,1.)) REPRESENTATION_ITEM('') );
#3671 = CARTESIAN_POINT('',(2.75,20.));
#3672 = CARTESIAN_POINT('',(2.75,15.236860279186));
#3673 = CARTESIAN_POINT('',(-1.375,17.618430139593));
#3674 = CARTESIAN_POINT('',(-5.5,20.));
#3675 = CARTESIAN_POINT('',(-1.375,22.381569860407));
#3676 = CARTESIAN_POINT('',(2.75,24.763139720814));
#3677 = CARTESIAN_POINT('',(2.75,20.));
#3678 = ( GEOMETRIC_REPRESENTATION_CONTEXT(2) 
PARAMETRIC_REPRESENTATION_CONTEXT() REPRESENTATION_CONTEXT('2D SPACE',''
  ) );
#3679 = ADVANCED_FACE('',(#3680),#938,.F.);
#3680 = FACE_BOUND('',#3681,.F.);
#3681 = EDGE_LOOP('',(#3682,#3683,#3706,#3728,#3729,#3730));
#3682 = ORIENTED_EDGE('',*,*,#921,.F.);
#3683 = ORIENTED_EDGE('',*,*,#3684,.T.);
#3684 = EDGE_CURVE('',#922,#3685,#3687,.T.);
#3685 = VERTEX_POINT('',#3686);
#3686 = CARTESIAN_POINT('',(3.5,1.176836406103E-14,52.));
#3687 = SEAM_CURVE('',#3688,(#3692,#3699),.PCURVE_S1.);
#3688 = LINE('',#3689,#3690);
#3689 = CARTESIAN_POINT('',(3.5,1.176836406103E-14,153.));
#3690 = VECTOR('',#3691,1.);
#3691 = DIRECTION('',(-0.,-0.,-1.));
#3692 = PCURVE('',#938,#3693);
#3693 = DEFINITIONAL_REPRESENTATION('',(#3694),#3698);
#3694 = LINE('',#3695,#3696);
#3695 = CARTESIAN_POINT('',(6.28318530718,0.));
#3696 = VECTOR('',#3697,1.);
#3697 = DIRECTION('',(0.,-1.));
#3698 = ( GEOMETRIC_REPRESENTATION_CONTEXT(2) 
PARAMETRIC_REPRESENTATION_CONTEXT() REPRESENTATION_CONTEXT('2D SPACE',''
  ) );
#3699 = PCURVE('',#938,#3700);
#3700 = DEFINITIONAL_REPRESENTATION('',(#3701),#3705);
#3701 = LINE('',#3702,#3703);
#3702 = CARTESIAN_POINT('',(0.,0.));
#3703 = VECTOR('',#3704,1.);
#3704 = DIRECTION('',(0.,-1.));
#3705 = ( GEOMETRIC_REPRESENTATION_CONTEXT(2) 
PARAMETRIC_REPRESENTATION_CONTEXT() REPRESENTATION_CONTEXT('2D SPACE',''
  ) );
#3706 = ORIENTED_EDGE('',*,*,#3707,.T.);
#3707 = EDGE_CURVE('',#3685,#3685,#3708,.T.);
#3708 = SURFACE_CURVE('',#3709,(#3714,#3721),.PCURVE_S1.);
#3709 = CIRCLE('',#3710,6.);
#3710 = AXIS2_PLACEMENT_3D('',#3711,#3712,#3713);
#3711 = CARTESIAN_POINT('',(-2.5,1.176836406103E-14,52.));
#3712 = DIRECTION('',(0.,0.,1.));
#3713 = DIRECTION('',(1.,0.,0.));
#3714 = PCURVE('',#938,#3715);
#3715 = DEFINITIONAL_REPRESENTATION('',(#3716),#3720);
#3716 = LINE('',#3717,#3718);
#3717 = CARTESIAN_POINT('',(0.,-101.));
#3718 = VECTOR('',#3719,1.);
#3719 = DIRECTION('',(1.,0.));
#3720 = ( GEOMETRIC_REPRESENTATION_CONTEXT(2) 
PARAMETRIC_REPRESENTATION_CONTEXT() REPRESENTATION_CONTEXT('2D SPACE',''
  ) );
#3721 = PCURVE('',#3487,#3722);
#3722 = DEFINITIONAL_REPRESENTATION('',(#3723),#3727);
#3723 = CIRCLE('',#3724,6.);
#3724 = AXIS2_PLACEMENT_2D('',#3725,#3726);
#3725 = CARTESIAN_POINT('',(-20.,2.538143166386E-15));
#3726 = DIRECTION('',(1.,0.));
#3727 = ( GEOMETRIC_REPRESENTATION_CONTEXT(2) 
PARAMETRIC_REPRESENTATION_CONTEXT() REPRESENTATION_CONTEXT('2D SPACE',''
  ) );
#3728 = ORIENTED_EDGE('',*,*,#3684,.F.);
#3729 = ORIENTED_EDGE('',*,*,#950,.F.);
#3730 = ORIENTED_EDGE('',*,*,#1509,.F.);
#3731 = ADVANCED_FACE('',(#3732),#1144,.F.);
#3732 = FACE_BOUND('',#3733,.F.);
#3733 = EDGE_LOOP('',(#3734,#3735,#3758,#3780));
#3734 = ORIENTED_EDGE('',*,*,#1127,.F.);
#3735 = ORIENTED_EDGE('',*,*,#3736,.T.);
#3736 = EDGE_CURVE('',#1128,#3737,#3739,.T.);
#3737 = VERTEX_POINT('',#3738);
#3738 = CARTESIAN_POINT('',(23.5,-20.,52.));
#3739 = SEAM_CURVE('',#3740,(#3744,#3751),.PCURVE_S1.);
#3740 = LINE('',#3741,#3742);
#3741 = CARTESIAN_POINT('',(23.5,-20.,153.));
#3742 = VECTOR('',#3743,1.);
#3743 = DIRECTION('',(-0.,-0.,-1.));
#3744 = PCURVE('',#1144,#3745);
#3745 = DEFINITIONAL_REPRESENTATION('',(#3746),#3750);
#3746 = LINE('',#3747,#3748);
#3747 = CARTESIAN_POINT('',(6.28318530718,0.));
#3748 = VECTOR('',#3749,1.);
#3749 = DIRECTION('',(0.,-1.));
#3750 = ( GEOMETRIC_REPRESENTATION_CONTEXT(2) 
PARAMETRIC_REPRESENTATION_CONTEXT() REPRESENTATION_CONTEXT('2D SPACE',''
  ) );
#3751 = PCURVE('',#1144,#3752);
#3752 = DEFINITIONAL_REPRESENTATION('',(#3753),#3757);
#3753 = LINE('',#3754,#3755);
#3754 = CARTESIAN_POINT('',(0.,0.));
#3755 = VECTOR('',#3756,1.);
#3756 = DIRECTION('',(0.,-1.));
#3757 = ( GEOMETRIC_REPRESENTATION_CONTEXT(2) 
PARAMETRIC_REPRESENTATION_CONTEXT() REPRESENTATION_CONTEXT('2D SPACE',''
  ) );
#3758 = ORIENTED_EDGE('',*,*,#3759,.T.);
#3759 = EDGE_CURVE('',#3737,#3737,#3760,.T.);
#3760 = SURFACE_CURVE('',#3761,(#3766,#3773),.PCURVE_S1.);
#3761 = CIRCLE('',#3762,6.);
#3762 = AXIS2_PLACEMENT_3D('',#3763,#3764,#3765);
#3763 = CARTESIAN_POINT('',(17.5,-20.,52.));
#3764 = DIRECTION('',(0.,0.,1.));
#3765 = DIRECTION('',(1.,0.,0.));
#3766 = PCURVE('',#1144,#3767);
#3767 = DEFINITIONAL_REPRESENTATION('',(#3768),#3772);
#3768 = LINE('',#3769,#3770);
#3769 = CARTESIAN_POINT('',(0.,-101.));
#3770 = VECTOR('',#3771,1.);
#3771 = DIRECTION('',(1.,0.));
#3772 = ( GEOMETRIC_REPRESENTATION_CONTEXT(2) 
PARAMETRIC_REPRESENTATION_CONTEXT() REPRESENTATION_CONTEXT('2D SPACE',''
  ) );
#3773 = PCURVE('',#3546,#3774);
#3774 = DEFINITIONAL_REPRESENTATION('',(#3775),#3779);
#3775 = CIRCLE('',#3776,6.);
#3776 = AXIS2_PLACEMENT_2D('',#3777,#3778);
#3777 = CARTESIAN_POINT('',(0.,-20.));
#3778 = DIRECTION('',(1.,0.));
#3779 = ( GEOMETRIC_REPRESENTATION_CONTEXT(2) 
PARAMETRIC_REPRESENTATION_CONTEXT() REPRESENTATION_CONTEXT('2D SPACE',''
  ) );
#3780 = ORIENTED_EDGE('',*,*,#3736,.F.);
#3781 = ADVANCED_FACE('',(#3782),#1205,.F.);
#3782 = FACE_BOUND('',#3783,.F.);
#3783 = EDGE_LOOP('',(#3784,#3785,#3808,#3830));
#3784 = ORIENTED_EDGE('',*,*,#1188,.F.);
#3785 = ORIENTED_EDGE('',*,*,#3786,.T.);
#3786 = EDGE_CURVE('',#1189,#3787,#3789,.T.);
#3787 = VERTEX_POINT('',#3788);
#3788 = CARTESIAN_POINT('',(23.5,20.,52.));
#3789 = SEAM_CURVE('',#3790,(#3794,#3801),.PCURVE_S1.);
#3790 = LINE('',#3791,#3792);
#3791 = CARTESIAN_POINT('',(23.5,20.,153.));
#3792 = VECTOR('',#3793,1.);
#3793 = DIRECTION('',(-0.,-0.,-1.));
#3794 = PCURVE('',#1205,#3795);
#3795 = DEFINITIONAL_REPRESENTATION('',(#3796),#3800);
#3796 = LINE('',#3797,#3798);
#3797 = CARTESIAN_POINT('',(6.28318530718,0.));
#3798 = VECTOR('',#3799,1.);
#3799 = DIRECTION('',(0.,-1.));
#3800 = ( GEOMETRIC_REPRESENTATION_CONTEXT(2) 
PARAMETRIC_REPRESENTATION_CONTEXT() REPRESENTATION_CONTEXT('2D SPACE',''
  ) );
#3801 = PCURVE('',#1205,#3802);
#3802 = DEFINITIONAL_REPRESENTATION('',(#3803),#3807);
#3803 = LINE('',#3804,#3805);
#3804 = CARTESIAN_POINT('',(0.,0.));
#3805 = VECTOR('',#3806,1.);
#3806 = DIRECTION('',(0.,-1.));
#3807 = ( GEOMETRIC_REPRESENTATION_CONTEXT(2) 
PARAMETRIC_REPRESENTATION_CONTEXT() REPRESENTATION_CONTEXT('2D SPACE',''
  ) );
#3808 = ORIENTED_EDGE('',*,*,#3809,.T.);
#3809 = EDGE_CURVE('',#3787,#3787,#3810,.T.);
#3810 = SURFACE_CURVE('',#3811,(#3816,#3823),.PCURVE_S1.);
#3811 = CIRCLE('',#3812,6.);
#3812 = AXIS2_PLACEMENT_3D('',#3813,#3814,#3815);
#3813 = CARTESIAN_POINT('',(17.5,20.,52.));
#3814 = DIRECTION('',(0.,0.,1.));
#3815 = DIRECTION('',(1.,0.,0.));
#3816 = PCURVE('',#1205,#3817);
#3817 = DEFINITIONAL_REPRESENTATION('',(#3818),#3822);
#3818 = LINE('',#3819,#3820);
#3819 = CARTESIAN_POINT('',(0.,-101.));
#3820 = VECTOR('',#3821,1.);
#3821 = DIRECTION('',(1.,0.));
#3822 = ( GEOMETRIC_REPRESENTATION_CONTEXT(2) 
PARAMETRIC_REPRESENTATION_CONTEXT() REPRESENTATION_CONTEXT('2D SPACE',''
  ) );
#3823 = PCURVE('',#3664,#3824);
#3824 = DEFINITIONAL_REPRESENTATION('',(#3825),#3829);
#3825 = CIRCLE('',#3826,6.);
#3826 = AXIS2_PLACEMENT_2D('',#3827,#3828);
#3827 = CARTESIAN_POINT('',(0.,20.));
#3828 = DIRECTION('',(1.,0.));
#3829 = ( GEOMETRIC_REPRESENTATION_CONTEXT(2) 
PARAMETRIC_REPRESENTATION_CONTEXT() REPRESENTATION_CONTEXT('2D SPACE',''
  ) );
#3830 = ORIENTED_EDGE('',*,*,#3786,.F.);
#3831 = ADVANCED_FACE('',(#3832),#1236,.F.);
#3832 = FACE_BOUND('',#3833,.F.);
#3833 = EDGE_LOOP('',(#3834,#3835,#3858,#3880));
#3834 = ORIENTED_EDGE('',*,*,#1219,.F.);
#3835 = ORIENTED_EDGE('',*,*,#3836,.T.);
#3836 = EDGE_CURVE('',#1220,#3837,#3839,.T.);
#3837 = VERTEX_POINT('',#3838);
#3838 = CARTESIAN_POINT('',(43.5,1.176836406103E-14,52.));
#3839 = SEAM_CURVE('',#3840,(#3844,#3851),.PCURVE_S1.);
#3840 = LINE('',#3841,#3842);
#3841 = CARTESIAN_POINT('',(43.5,1.176836406103E-14,153.));
#3842 = VECTOR('',#3843,1.);
#3843 = DIRECTION('',(-0.,-0.,-1.));
#3844 = PCURVE('',#1236,#3845);
#3845 = DEFINITIONAL_REPRESENTATION('',(#3846),#3850);
#3846 = LINE('',#3847,#3848);
#3847 = CARTESIAN_POINT('',(6.28318530718,0.));
#3848 = VECTOR('',#3849,1.);
#3849 = DIRECTION('',(0.,-1.));
#3850 = ( GEOMETRIC_REPRESENTATION_CONTEXT(2) 
PARAMETRIC_REPRESENTATION_CONTEXT() REPRESENTATION_CONTEXT('2D SPACE',''
  ) );
#3851 = PCURVE('',#1236,#3852);
#3852 = DEFINITIONAL_REPRESENTATION('',(#3853),#3857);
#3853 = LINE('',#3854,#3855);
#3854 = CARTESIAN_POINT('',(0.,0.));
#3855 = VECTOR('',#3856,1.);
#3856 = DIRECTION('',(0.,-1.));
#3857 = ( GEOMETRIC_REPRESENTATION_CONTEXT(2) 
PARAMETRIC_REPRESENTATION_CONTEXT() REPRESENTATION_CONTEXT('2D SPACE',''
  ) );
#3858 = ORIENTED_EDGE('',*,*,#3859,.T.);
#3859 = EDGE_CURVE('',#3837,#3837,#3860,.T.);
#3860 = SURFACE_CURVE('',#3861,(#3866,#3873),.PCURVE_S1.);
#3861 = CIRCLE('',#3862,6.);
#3862 = AXIS2_PLACEMENT_3D('',#3863,#3864,#3865);
#3863 = CARTESIAN_POINT('',(37.5,1.176836406103E-14,52.));
#3864 = DIRECTION('',(0.,0.,1.));
#3865 = DIRECTION('',(1.,0.,0.));
#3866 = PCURVE('',#1236,#3867);
#3867 = DEFINITIONAL_REPRESENTATION('',(#3868),#3872);
#3868 = LINE('',#3869,#3870);
#3869 = CARTESIAN_POINT('',(0.,-101.));
#3870 = VECTOR('',#3871,1.);
#3871 = DIRECTION('',(1.,0.));
#3872 = ( GEOMETRIC_REPRESENTATION_CONTEXT(2) 
PARAMETRIC_REPRESENTATION_CONTEXT() REPRESENTATION_CONTEXT('2D SPACE',''
  ) );
#3873 = PCURVE('',#3605,#3874);
#3874 = DEFINITIONAL_REPRESENTATION('',(#3875),#3879);
#3875 = CIRCLE('',#3876,6.);
#3876 = AXIS2_PLACEMENT_2D('',#3877,#3878);
#3877 = CARTESIAN_POINT('',(20.,2.538143166386E-15));
#3878 = DIRECTION('',(1.,0.));
#3879 = ( GEOMETRIC_REPRESENTATION_CONTEXT(2) 
PARAMETRIC_REPRESENTATION_CONTEXT() REPRESENTATION_CONTEXT('2D SPACE',''
  ) );
#3880 = ORIENTED_EDGE('',*,*,#3836,.F.);
#3881 = ADVANCED_FACE('',(#3882),#1949,.F.);
#3882 = FACE_BOUND('',#3883,.F.);
#3883 = EDGE_LOOP('',(#3884,#3914,#3935,#3936));
#3884 = ORIENTED_EDGE('',*,*,#3885,.F.);
#3885 = EDGE_CURVE('',#3886,#3888,#3890,.T.);
#3886 = VERTEX_POINT('',#3887);
#3887 = CARTESIAN_POINT('',(-22.8,15.228718707889,65.700000000001));
#3888 = VERTEX_POINT('',#3889);
#3889 = CARTESIAN_POINT('',(-22.8,20.771281292111,65.700000000001));
#3890 = SURFACE_CURVE('',#3891,(#3895,#3902),.PCURVE_S1.);
#3891 = LINE('',#3892,#3893);
#3892 = CARTESIAN_POINT('',(-22.8,15.228718707889,65.700000000001));
#3893 = VECTOR('',#3894,1.);
#3894 = DIRECTION('',(0.,1.,0.));
#3895 = PCURVE('',#1949,#3896);
#3896 = DEFINITIONAL_REPRESENTATION('',(#3897),#3901);
#3897 = LINE('',#3898,#3899);
#3898 = CARTESIAN_POINT('',(0.,0.));
#3899 = VECTOR('',#3900,1.);
#3900 = DIRECTION('',(1.,0.));
#3901 = ( GEOMETRIC_REPRESENTATION_CONTEXT(2) 
PARAMETRIC_REPRESENTATION_CONTEXT() REPRESENTATION_CONTEXT('2D SPACE',''
  ) );
#3902 = PCURVE('',#3903,#3908);
#3903 = PLANE('',#3904);
#3904 = AXIS2_PLACEMENT_3D('',#3905,#3906,#3907);
#3905 = CARTESIAN_POINT('',(-22.8,20.133333333333,91.000000000002));
#3906 = DIRECTION('',(1.,0.,0.));
#3907 = DIRECTION('',(0.,0.,1.));
#3908 = DEFINITIONAL_REPRESENTATION('',(#3909),#3913);
#3909 = LINE('',#3910,#3911);
#3910 = CARTESIAN_POINT('',(-25.3,4.904614625444));
#3911 = VECTOR('',#3912,1.);
#3912 = DIRECTION('',(0.,-1.));
#3913 = ( GEOMETRIC_REPRESENTATION_CONTEXT(2) 
PARAMETRIC_REPRESENTATION_CONTEXT() REPRESENTATION_CONTEXT('2D SPACE',''
  ) );
#3914 = ORIENTED_EDGE('',*,*,#3915,.T.);
#3915 = EDGE_CURVE('',#3886,#1932,#3916,.T.);
#3916 = SURFACE_CURVE('',#3917,(#3921,#3928),.PCURVE_S1.);
#3917 = LINE('',#3918,#3919);
#3918 = CARTESIAN_POINT('',(-22.8,15.228718707889,65.700000000001));
#3919 = VECTOR('',#3920,1.);
#3920 = DIRECTION('',(1.,0.,0.));
#3921 = PCURVE('',#1949,#3922);
#3922 = DEFINITIONAL_REPRESENTATION('',(#3923),#3927);
#3923 = LINE('',#3924,#3925);
#3924 = CARTESIAN_POINT('',(0.,0.));
#3925 = VECTOR('',#3926,1.);
#3926 = DIRECTION('',(0.,-1.));
#3927 = ( GEOMETRIC_REPRESENTATION_CONTEXT(2) 
PARAMETRIC_REPRESENTATION_CONTEXT() REPRESENTATION_CONTEXT('2D SPACE',''
  ) );
#3928 = PCURVE('',#1981,#3929);
#3929 = DEFINITIONAL_REPRESENTATION('',(#3930),#3934);
#3930 = LINE('',#3931,#3932);
#3931 = CARTESIAN_POINT('',(5.542562584222,0.));
#3932 = VECTOR('',#3933,1.);
#3933 = DIRECTION('',(0.,-1.));
#3934 = ( GEOMETRIC_REPRESENTATION_CONTEXT(2) 
PARAMETRIC_REPRESENTATION_CONTEXT() REPRESENTATION_CONTEXT('2D SPACE',''
  ) );
#3935 = ORIENTED_EDGE('',*,*,#1931,.T.);
#3936 = ORIENTED_EDGE('',*,*,#3937,.F.);
#3937 = EDGE_CURVE('',#3888,#1934,#3938,.T.);
#3938 = SURFACE_CURVE('',#3939,(#3943,#3950),.PCURVE_S1.);
#3939 = LINE('',#3940,#3941);
#3940 = CARTESIAN_POINT('',(-22.8,20.771281292111,65.700000000001));
#3941 = VECTOR('',#3942,1.);
#3942 = DIRECTION('',(1.,0.,0.));
#3943 = PCURVE('',#1949,#3944);
#3944 = DEFINITIONAL_REPRESENTATION('',(#3945),#3949);
#3945 = LINE('',#3946,#3947);
#3946 = CARTESIAN_POINT('',(5.542562584222,0.));
#3947 = VECTOR('',#3948,1.);
#3948 = DIRECTION('',(0.,-1.));
#3949 = ( GEOMETRIC_REPRESENTATION_CONTEXT(2) 
PARAMETRIC_REPRESENTATION_CONTEXT() REPRESENTATION_CONTEXT('2D SPACE',''
  ) );
#3950 = PCURVE('',#2105,#3951);
#3951 = DEFINITIONAL_REPRESENTATION('',(#3952),#3956);
#3952 = LINE('',#3953,#3954);
#3953 = CARTESIAN_POINT('',(0.,0.));
#3954 = VECTOR('',#3955,1.);
#3955 = DIRECTION('',(0.,-1.));
#3956 = ( GEOMETRIC_REPRESENTATION_CONTEXT(2) 
PARAMETRIC_REPRESENTATION_CONTEXT() REPRESENTATION_CONTEXT('2D SPACE',''
  ) );
#3957 = ADVANCED_FACE('',(#3958),#2105,.F.);
#3958 = FACE_BOUND('',#3959,.F.);
#3959 = EDGE_LOOP('',(#3960,#3983,#3984,#3985));
#3960 = ORIENTED_EDGE('',*,*,#3961,.F.);
#3961 = EDGE_CURVE('',#3888,#3962,#3964,.T.);
#3962 = VERTEX_POINT('',#3963);
#3963 = CARTESIAN_POINT('',(-22.8,23.542562584222,60.9));
#3964 = SURFACE_CURVE('',#3965,(#3969,#3976),.PCURVE_S1.);
#3965 = LINE('',#3966,#3967);
#3966 = CARTESIAN_POINT('',(-22.8,20.771281292111,65.700000000001));
#3967 = VECTOR('',#3968,1.);
#3968 = DIRECTION('',(-0.,0.5,-0.866025403784));
#3969 = PCURVE('',#2105,#3970);
#3970 = DEFINITIONAL_REPRESENTATION('',(#3971),#3975);
#3971 = LINE('',#3972,#3973);
#3972 = CARTESIAN_POINT('',(0.,0.));
#3973 = VECTOR('',#3974,1.);
#3974 = DIRECTION('',(1.,0.));
#3975 = ( GEOMETRIC_REPRESENTATION_CONTEXT(2) 
PARAMETRIC_REPRESENTATION_CONTEXT() REPRESENTATION_CONTEXT('2D SPACE',''
  ) );
#3976 = PCURVE('',#3903,#3977);
#3977 = DEFINITIONAL_REPRESENTATION('',(#3978),#3982);
#3978 = LINE('',#3979,#3980);
#3979 = CARTESIAN_POINT('',(-25.3,-0.637947958778));
#3980 = VECTOR('',#3981,1.);
#3981 = DIRECTION('',(-0.866025403784,-0.5));
#3982 = ( GEOMETRIC_REPRESENTATION_CONTEXT(2) 
PARAMETRIC_REPRESENTATION_CONTEXT() REPRESENTATION_CONTEXT('2D SPACE',''
  ) );
#3983 = ORIENTED_EDGE('',*,*,#3937,.T.);
#3984 = ORIENTED_EDGE('',*,*,#2087,.F.);
#3985 = ORIENTED_EDGE('',*,*,#3986,.F.);
#3986 = EDGE_CURVE('',#3962,#2055,#3987,.T.);
#3987 = SURFACE_CURVE('',#3988,(#3992,#3999),.PCURVE_S1.);
#3988 = LINE('',#3989,#3990);
#3989 = CARTESIAN_POINT('',(-22.8,23.542562584222,60.9));
#3990 = VECTOR('',#3991,1.);
#3991 = DIRECTION('',(1.,0.,0.));
#3992 = PCURVE('',#2105,#3993);
#3993 = DEFINITIONAL_REPRESENTATION('',(#3994),#3998);
#3994 = LINE('',#3995,#3996);
#3995 = CARTESIAN_POINT('',(5.542562584222,0.));
#3996 = VECTOR('',#3997,1.);
#3997 = DIRECTION('',(0.,-1.));
#3998 = ( GEOMETRIC_REPRESENTATION_CONTEXT(2) 
PARAMETRIC_REPRESENTATION_CONTEXT() REPRESENTATION_CONTEXT('2D SPACE',''
  ) );
#3999 = PCURVE('',#2075,#4000);
#4000 = DEFINITIONAL_REPRESENTATION('',(#4001),#4005);
#4001 = LINE('',#4002,#4003);
#4002 = CARTESIAN_POINT('',(0.,0.));
#4003 = VECTOR('',#4004,1.);
#4004 = DIRECTION('',(0.,-1.));
#4005 = ( GEOMETRIC_REPRESENTATION_CONTEXT(2) 
PARAMETRIC_REPRESENTATION_CONTEXT() REPRESENTATION_CONTEXT('2D SPACE',''
  ) );
#4006 = ADVANCED_FACE('',(#4007),#2075,.F.);
#4007 = FACE_BOUND('',#4008,.F.);
#4008 = EDGE_LOOP('',(#4009,#4032,#4033,#4034));
#4009 = ORIENTED_EDGE('',*,*,#4010,.F.);
#4010 = EDGE_CURVE('',#3962,#4011,#4013,.T.);
#4011 = VERTEX_POINT('',#4012);
#4012 = CARTESIAN_POINT('',(-22.8,20.771281292111,56.099999999999));
#4013 = SURFACE_CURVE('',#4014,(#4018,#4025),.PCURVE_S1.);
#4014 = LINE('',#4015,#4016);
#4015 = CARTESIAN_POINT('',(-22.8,23.542562584222,60.9));
#4016 = VECTOR('',#4017,1.);
#4017 = DIRECTION('',(0.,-0.5,-0.866025403784));
#4018 = PCURVE('',#2075,#4019);
#4019 = DEFINITIONAL_REPRESENTATION('',(#4020),#4024);
#4020 = LINE('',#4021,#4022);
#4021 = CARTESIAN_POINT('',(0.,0.));
#4022 = VECTOR('',#4023,1.);
#4023 = DIRECTION('',(1.,-0.));
#4024 = ( GEOMETRIC_REPRESENTATION_CONTEXT(2) 
PARAMETRIC_REPRESENTATION_CONTEXT() REPRESENTATION_CONTEXT('2D SPACE',''
  ) );
#4025 = PCURVE('',#3903,#4026);
#4026 = DEFINITIONAL_REPRESENTATION('',(#4027),#4031);
#4027 = LINE('',#4028,#4029);
#4028 = CARTESIAN_POINT('',(-30.1,-3.409229250889));
#4029 = VECTOR('',#4030,1.);
#4030 = DIRECTION('',(-0.866025403784,0.5));
#4031 = ( GEOMETRIC_REPRESENTATION_CONTEXT(2) 
PARAMETRIC_REPRESENTATION_CONTEXT() REPRESENTATION_CONTEXT('2D SPACE',''
  ) );
#4032 = ORIENTED_EDGE('',*,*,#3986,.T.);
#4033 = ORIENTED_EDGE('',*,*,#2054,.F.);
#4034 = ORIENTED_EDGE('',*,*,#4035,.F.);
#4035 = EDGE_CURVE('',#4011,#2027,#4036,.T.);
#4036 = SURFACE_CURVE('',#4037,(#4041,#4048),.PCURVE_S1.);
#4037 = LINE('',#4038,#4039);
#4038 = CARTESIAN_POINT('',(-22.8,20.771281292111,56.099999999999));
#4039 = VECTOR('',#4040,1.);
#4040 = DIRECTION('',(1.,0.,0.));
#4041 = PCURVE('',#2075,#4042);
#4042 = DEFINITIONAL_REPRESENTATION('',(#4043),#4047);
#4043 = LINE('',#4044,#4045);
#4044 = CARTESIAN_POINT('',(5.542562584222,-0.));
#4045 = VECTOR('',#4046,1.);
#4046 = DIRECTION('',(0.,-1.));
#4047 = ( GEOMETRIC_REPRESENTATION_CONTEXT(2) 
PARAMETRIC_REPRESENTATION_CONTEXT() REPRESENTATION_CONTEXT('2D SPACE',''
  ) );
#4048 = PCURVE('',#2042,#4049);
#4049 = DEFINITIONAL_REPRESENTATION('',(#4050),#4054);
#4050 = LINE('',#4051,#4052);
#4051 = CARTESIAN_POINT('',(0.,-0.));
#4052 = VECTOR('',#4053,1.);
#4053 = DIRECTION('',(0.,-1.));
#4054 = ( GEOMETRIC_REPRESENTATION_CONTEXT(2) 
PARAMETRIC_REPRESENTATION_CONTEXT() REPRESENTATION_CONTEXT('2D SPACE',''
  ) );
#4055 = ADVANCED_FACE('',(#4056),#2042,.F.);
#4056 = FACE_BOUND('',#4057,.F.);
#4057 = EDGE_LOOP('',(#4058,#4081,#4082,#4083));
#4058 = ORIENTED_EDGE('',*,*,#4059,.F.);
#4059 = EDGE_CURVE('',#4011,#4060,#4062,.T.);
#4060 = VERTEX_POINT('',#4061);
#4061 = CARTESIAN_POINT('',(-22.8,15.228718707889,56.099999999999));
#4062 = SURFACE_CURVE('',#4063,(#4067,#4074),.PCURVE_S1.);
#4063 = LINE('',#4064,#4065);
#4064 = CARTESIAN_POINT('',(-22.8,20.771281292111,56.099999999999));
#4065 = VECTOR('',#4066,1.);
#4066 = DIRECTION('',(0.,-1.,0.));
#4067 = PCURVE('',#2042,#4068);
#4068 = DEFINITIONAL_REPRESENTATION('',(#4069),#4073);
#4069 = LINE('',#4070,#4071);
#4070 = CARTESIAN_POINT('',(0.,-0.));
#4071 = VECTOR('',#4072,1.);
#4072 = DIRECTION('',(1.,0.));
#4073 = ( GEOMETRIC_REPRESENTATION_CONTEXT(2) 
PARAMETRIC_REPRESENTATION_CONTEXT() REPRESENTATION_CONTEXT('2D SPACE',''
  ) );
#4074 = PCURVE('',#3903,#4075);
#4075 = DEFINITIONAL_REPRESENTATION('',(#4076),#4080);
#4076 = LINE('',#4077,#4078);
#4077 = CARTESIAN_POINT('',(-34.9,-0.637947958778));
#4078 = VECTOR('',#4079,1.);
#4079 = DIRECTION('',(0.,1.));
#4080 = ( GEOMETRIC_REPRESENTATION_CONTEXT(2) 
PARAMETRIC_REPRESENTATION_CONTEXT() REPRESENTATION_CONTEXT('2D SPACE',''
  ) );
#4081 = ORIENTED_EDGE('',*,*,#4035,.T.);
#4082 = ORIENTED_EDGE('',*,*,#2026,.F.);
#4083 = ORIENTED_EDGE('',*,*,#4084,.F.);
#4084 = EDGE_CURVE('',#4060,#1994,#4085,.T.);
#4085 = SURFACE_CURVE('',#4086,(#4090,#4097),.PCURVE_S1.);
#4086 = LINE('',#4087,#4088);
#4087 = CARTESIAN_POINT('',(-22.8,15.228718707889,56.099999999999));
#4088 = VECTOR('',#4089,1.);
#4089 = DIRECTION('',(1.,0.,0.));
#4090 = PCURVE('',#2042,#4091);
#4091 = DEFINITIONAL_REPRESENTATION('',(#4092),#4096);
#4092 = LINE('',#4093,#4094);
#4093 = CARTESIAN_POINT('',(5.542562584222,0.));
#4094 = VECTOR('',#4095,1.);
#4095 = DIRECTION('',(0.,-1.));
#4096 = ( GEOMETRIC_REPRESENTATION_CONTEXT(2) 
PARAMETRIC_REPRESENTATION_CONTEXT() REPRESENTATION_CONTEXT('2D SPACE',''
  ) );
#4097 = PCURVE('',#2014,#4098);
#4098 = DEFINITIONAL_REPRESENTATION('',(#4099),#4103);
#4099 = LINE('',#4100,#4101);
#4100 = CARTESIAN_POINT('',(0.,0.));
#4101 = VECTOR('',#4102,1.);
#4102 = DIRECTION('',(0.,-1.));
#4103 = ( GEOMETRIC_REPRESENTATION_CONTEXT(2) 
PARAMETRIC_REPRESENTATION_CONTEXT() REPRESENTATION_CONTEXT('2D SPACE',''
  ) );
#4104 = ADVANCED_FACE('',(#4105),#2014,.F.);
#4105 = FACE_BOUND('',#4106,.F.);
#4106 = EDGE_LOOP('',(#4107,#4130,#4131,#4132));
#4107 = ORIENTED_EDGE('',*,*,#4108,.F.);
#4108 = EDGE_CURVE('',#4060,#4109,#4111,.T.);
#4109 = VERTEX_POINT('',#4110);
#4110 = CARTESIAN_POINT('',(-22.8,12.457437415778,60.9));
#4111 = SURFACE_CURVE('',#4112,(#4116,#4123),.PCURVE_S1.);
#4112 = LINE('',#4113,#4114);
#4113 = CARTESIAN_POINT('',(-22.8,15.228718707889,56.099999999999));
#4114 = VECTOR('',#4115,1.);
#4115 = DIRECTION('',(0.,-0.5,0.866025403784));
#4116 = PCURVE('',#2014,#4117);
#4117 = DEFINITIONAL_REPRESENTATION('',(#4118),#4122);
#4118 = LINE('',#4119,#4120);
#4119 = CARTESIAN_POINT('',(0.,0.));
#4120 = VECTOR('',#4121,1.);
#4121 = DIRECTION('',(1.,0.));
#4122 = ( GEOMETRIC_REPRESENTATION_CONTEXT(2) 
PARAMETRIC_REPRESENTATION_CONTEXT() REPRESENTATION_CONTEXT('2D SPACE',''
  ) );
#4123 = PCURVE('',#3903,#4124);
#4124 = DEFINITIONAL_REPRESENTATION('',(#4125),#4129);
#4125 = LINE('',#4126,#4127);
#4126 = CARTESIAN_POINT('',(-34.9,4.904614625444));
#4127 = VECTOR('',#4128,1.);
#4128 = DIRECTION('',(0.866025403784,0.5));
#4129 = ( GEOMETRIC_REPRESENTATION_CONTEXT(2) 
PARAMETRIC_REPRESENTATION_CONTEXT() REPRESENTATION_CONTEXT('2D SPACE',''
  ) );
#4130 = ORIENTED_EDGE('',*,*,#4084,.T.);
#4131 = ORIENTED_EDGE('',*,*,#1993,.F.);
#4132 = ORIENTED_EDGE('',*,*,#4133,.F.);
#4133 = EDGE_CURVE('',#4109,#1962,#4134,.T.);
#4134 = SURFACE_CURVE('',#4135,(#4139,#4146),.PCURVE_S1.);
#4135 = LINE('',#4136,#4137);
#4136 = CARTESIAN_POINT('',(-22.8,12.457437415778,60.9));
#4137 = VECTOR('',#4138,1.);
#4138 = DIRECTION('',(1.,0.,0.));
#4139 = PCURVE('',#2014,#4140);
#4140 = DEFINITIONAL_REPRESENTATION('',(#4141),#4145);
#4141 = LINE('',#4142,#4143);
#4142 = CARTESIAN_POINT('',(5.542562584222,0.));
#4143 = VECTOR('',#4144,1.);
#4144 = DIRECTION('',(0.,-1.));
#4145 = ( GEOMETRIC_REPRESENTATION_CONTEXT(2) 
PARAMETRIC_REPRESENTATION_CONTEXT() REPRESENTATION_CONTEXT('2D SPACE',''
  ) );
#4146 = PCURVE('',#1981,#4147);
#4147 = DEFINITIONAL_REPRESENTATION('',(#4148),#4152);
#4148 = LINE('',#4149,#4150);
#4149 = CARTESIAN_POINT('',(0.,0.));
#4150 = VECTOR('',#4151,1.);
#4151 = DIRECTION('',(0.,-1.));
#4152 = ( GEOMETRIC_REPRESENTATION_CONTEXT(2) 
PARAMETRIC_REPRESENTATION_CONTEXT() REPRESENTATION_CONTEXT('2D SPACE',''
  ) );
#4153 = ADVANCED_FACE('',(#4154),#1981,.F.);
#4154 = FACE_BOUND('',#4155,.F.);
#4155 = EDGE_LOOP('',(#4156,#4177,#4178,#4179));
#4156 = ORIENTED_EDGE('',*,*,#4157,.F.);
#4157 = EDGE_CURVE('',#4109,#3886,#4158,.T.);
#4158 = SURFACE_CURVE('',#4159,(#4163,#4170),.PCURVE_S1.);
#4159 = LINE('',#4160,#4161);
#4160 = CARTESIAN_POINT('',(-22.8,12.457437415778,60.9));
#4161 = VECTOR('',#4162,1.);
#4162 = DIRECTION('',(0.,0.5,0.866025403784));
#4163 = PCURVE('',#1981,#4164);
#4164 = DEFINITIONAL_REPRESENTATION('',(#4165),#4169);
#4165 = LINE('',#4166,#4167);
#4166 = CARTESIAN_POINT('',(0.,0.));
#4167 = VECTOR('',#4168,1.);
#4168 = DIRECTION('',(1.,0.));
#4169 = ( GEOMETRIC_REPRESENTATION_CONTEXT(2) 
PARAMETRIC_REPRESENTATION_CONTEXT() REPRESENTATION_CONTEXT('2D SPACE',''
  ) );
#4170 = PCURVE('',#3903,#4171);
#4171 = DEFINITIONAL_REPRESENTATION('',(#4172),#4176);
#4172 = LINE('',#4173,#4174);
#4173 = CARTESIAN_POINT('',(-30.1,7.675895917555));
#4174 = VECTOR('',#4175,1.);
#4175 = DIRECTION('',(0.866025403784,-0.5));
#4176 = ( GEOMETRIC_REPRESENTATION_CONTEXT(2) 
PARAMETRIC_REPRESENTATION_CONTEXT() REPRESENTATION_CONTEXT('2D SPACE',''
  ) );
#4177 = ORIENTED_EDGE('',*,*,#4133,.T.);
#4178 = ORIENTED_EDGE('',*,*,#1961,.F.);
#4179 = ORIENTED_EDGE('',*,*,#3915,.F.);
#4180 = ADVANCED_FACE('',(#4181),#2186,.F.);
#4181 = FACE_BOUND('',#4182,.F.);
#4182 = EDGE_LOOP('',(#4183,#4213,#4234,#4235));
#4183 = ORIENTED_EDGE('',*,*,#4184,.F.);
#4184 = EDGE_CURVE('',#4185,#4187,#4189,.T.);
#4185 = VERTEX_POINT('',#4186);
#4186 = CARTESIAN_POINT('',(-22.8,12.457437415774,121.1));
#4187 = VERTEX_POINT('',#4188);
#4188 = CARTESIAN_POINT('',(-22.8,15.228718707889,125.9));
#4189 = SURFACE_CURVE('',#4190,(#4194,#4201),.PCURVE_S1.);
#4190 = LINE('',#4191,#4192);
#4191 = CARTESIAN_POINT('',(-22.8,12.457437415774,121.1));
#4192 = VECTOR('',#4193,1.);
#4193 = DIRECTION('',(0.,0.500000000001,0.866025403784));
#4194 = PCURVE('',#2186,#4195);
#4195 = DEFINITIONAL_REPRESENTATION('',(#4196),#4200);
#4196 = LINE('',#4197,#4198);
#4197 = CARTESIAN_POINT('',(0.,0.));
#4198 = VECTOR('',#4199,1.);
#4199 = DIRECTION('',(1.,0.));
#4200 = ( GEOMETRIC_REPRESENTATION_CONTEXT(2) 
PARAMETRIC_REPRESENTATION_CONTEXT() REPRESENTATION_CONTEXT('2D SPACE',''
  ) );
#4201 = PCURVE('',#4202,#4207);
#4202 = PLANE('',#4203);
#4203 = AXIS2_PLACEMENT_3D('',#4204,#4205,#4206);
#4204 = CARTESIAN_POINT('',(-22.8,20.133333333333,91.000000000002));
#4205 = DIRECTION('',(1.,0.,0.));
#4206 = DIRECTION('',(0.,0.,1.));
#4207 = DEFINITIONAL_REPRESENTATION('',(#4208),#4212);
#4208 = LINE('',#4209,#4210);
#4209 = CARTESIAN_POINT('',(30.099999999999,7.675895917559));
#4210 = VECTOR('',#4211,1.);
#4211 = DIRECTION('',(0.866025403784,-0.500000000001));
#4212 = ( GEOMETRIC_REPRESENTATION_CONTEXT(2) 
PARAMETRIC_REPRESENTATION_CONTEXT() REPRESENTATION_CONTEXT('2D SPACE',''
  ) );
#4213 = ORIENTED_EDGE('',*,*,#4214,.T.);
#4214 = EDGE_CURVE('',#4185,#2171,#4215,.T.);
#4215 = SURFACE_CURVE('',#4216,(#4220,#4227),.PCURVE_S1.);
#4216 = LINE('',#4217,#4218);
#4217 = CARTESIAN_POINT('',(-22.8,12.457437415774,121.1));
#4218 = VECTOR('',#4219,1.);
#4219 = DIRECTION('',(1.,0.,0.));
#4220 = PCURVE('',#2186,#4221);
#4221 = DEFINITIONAL_REPRESENTATION('',(#4222),#4226);
#4222 = LINE('',#4223,#4224);
#4223 = CARTESIAN_POINT('',(0.,0.));
#4224 = VECTOR('',#4225,1.);
#4225 = DIRECTION('',(0.,-1.));
#4226 = ( GEOMETRIC_REPRESENTATION_CONTEXT(2) 
PARAMETRIC_REPRESENTATION_CONTEXT() REPRESENTATION_CONTEXT('2D SPACE',''
  ) );
#4227 = PCURVE('',#2324,#4228);
#4228 = DEFINITIONAL_REPRESENTATION('',(#4229),#4233);
#4229 = LINE('',#4230,#4231);
#4230 = CARTESIAN_POINT('',(5.542562584227,0.));
#4231 = VECTOR('',#4232,1.);
#4232 = DIRECTION('',(0.,-1.));
#4233 = ( GEOMETRIC_REPRESENTATION_CONTEXT(2) 
PARAMETRIC_REPRESENTATION_CONTEXT() REPRESENTATION_CONTEXT('2D SPACE',''
  ) );
#4234 = ORIENTED_EDGE('',*,*,#2168,.F.);
#4235 = ORIENTED_EDGE('',*,*,#4236,.F.);
#4236 = EDGE_CURVE('',#4187,#2169,#4237,.T.);
#4237 = SURFACE_CURVE('',#4238,(#4242,#4249),.PCURVE_S1.);
#4238 = LINE('',#4239,#4240);
#4239 = CARTESIAN_POINT('',(-22.8,15.228718707889,125.9));
#4240 = VECTOR('',#4241,1.);
#4241 = DIRECTION('',(1.,0.,0.));
#4242 = PCURVE('',#2186,#4243);
#4243 = DEFINITIONAL_REPRESENTATION('',(#4244),#4248);
#4244 = LINE('',#4245,#4246);
#4245 = CARTESIAN_POINT('',(5.542562584223,0.));
#4246 = VECTOR('',#4247,1.);
#4247 = DIRECTION('',(0.,-1.));
#4248 = ( GEOMETRIC_REPRESENTATION_CONTEXT(2) 
PARAMETRIC_REPRESENTATION_CONTEXT() REPRESENTATION_CONTEXT('2D SPACE',''
  ) );
#4249 = PCURVE('',#2214,#4250);
#4250 = DEFINITIONAL_REPRESENTATION('',(#4251),#4255);
#4251 = LINE('',#4252,#4253);
#4252 = CARTESIAN_POINT('',(0.,0.));
#4253 = VECTOR('',#4254,1.);
#4254 = DIRECTION('',(0.,-1.));
#4255 = ( GEOMETRIC_REPRESENTATION_CONTEXT(2) 
PARAMETRIC_REPRESENTATION_CONTEXT() REPRESENTATION_CONTEXT('2D SPACE',''
  ) );
#4256 = ADVANCED_FACE('',(#4257),#2324,.F.);
#4257 = FACE_BOUND('',#4258,.F.);
#4258 = EDGE_LOOP('',(#4259,#4282,#4303,#4304));
#4259 = ORIENTED_EDGE('',*,*,#4260,.F.);
#4260 = EDGE_CURVE('',#4261,#4185,#4263,.T.);
#4261 = VERTEX_POINT('',#4262);
#4262 = CARTESIAN_POINT('',(-22.8,15.228718707891,116.29999999999));
#4263 = SURFACE_CURVE('',#4264,(#4268,#4275),.PCURVE_S1.);
#4264 = LINE('',#4265,#4266);
#4265 = CARTESIAN_POINT('',(-22.8,15.228718707891,116.29999999999));
#4266 = VECTOR('',#4267,1.);
#4267 = DIRECTION('',(0.,-0.500000000001,0.866025403784));
#4268 = PCURVE('',#2324,#4269);
#4269 = DEFINITIONAL_REPRESENTATION('',(#4270),#4274);
#4270 = LINE('',#4271,#4272);
#4271 = CARTESIAN_POINT('',(0.,0.));
#4272 = VECTOR('',#4273,1.);
#4273 = DIRECTION('',(1.,0.));
#4274 = ( GEOMETRIC_REPRESENTATION_CONTEXT(2) 
PARAMETRIC_REPRESENTATION_CONTEXT() REPRESENTATION_CONTEXT('2D SPACE',''
  ) );
#4275 = PCURVE('',#4202,#4276);
#4276 = DEFINITIONAL_REPRESENTATION('',(#4277),#4281);
#4277 = LINE('',#4278,#4279);
#4278 = CARTESIAN_POINT('',(25.299999999996,4.904614625442));
#4279 = VECTOR('',#4280,1.);
#4280 = DIRECTION('',(0.866025403784,0.500000000001));
#4281 = ( GEOMETRIC_REPRESENTATION_CONTEXT(2) 
PARAMETRIC_REPRESENTATION_CONTEXT() REPRESENTATION_CONTEXT('2D SPACE',''
  ) );
#4282 = ORIENTED_EDGE('',*,*,#4283,.T.);
#4283 = EDGE_CURVE('',#4261,#2283,#4284,.T.);
#4284 = SURFACE_CURVE('',#4285,(#4289,#4296),.PCURVE_S1.);
#4285 = LINE('',#4286,#4287);
#4286 = CARTESIAN_POINT('',(-22.8,15.228718707891,116.29999999999));
#4287 = VECTOR('',#4288,1.);
#4288 = DIRECTION('',(1.,0.,0.));
#4289 = PCURVE('',#2324,#4290);
#4290 = DEFINITIONAL_REPRESENTATION('',(#4291),#4295);
#4291 = LINE('',#4292,#4293);
#4292 = CARTESIAN_POINT('',(0.,0.));
#4293 = VECTOR('',#4294,1.);
#4294 = DIRECTION('',(0.,-1.));
#4295 = ( GEOMETRIC_REPRESENTATION_CONTEXT(2) 
PARAMETRIC_REPRESENTATION_CONTEXT() REPRESENTATION_CONTEXT('2D SPACE',''
  ) );
#4296 = PCURVE('',#2298,#4297);
#4297 = DEFINITIONAL_REPRESENTATION('',(#4298),#4302);
#4298 = LINE('',#4299,#4300);
#4299 = CARTESIAN_POINT('',(5.542562584222,-0.));
#4300 = VECTOR('',#4301,1.);
#4301 = DIRECTION('',(0.,-1.));
#4302 = ( GEOMETRIC_REPRESENTATION_CONTEXT(2) 
PARAMETRIC_REPRESENTATION_CONTEXT() REPRESENTATION_CONTEXT('2D SPACE',''
  ) );
#4303 = ORIENTED_EDGE('',*,*,#2310,.F.);
#4304 = ORIENTED_EDGE('',*,*,#4214,.F.);
#4305 = ADVANCED_FACE('',(#4306),#2298,.F.);
#4306 = FACE_BOUND('',#4307,.F.);
#4307 = EDGE_LOOP('',(#4308,#4331,#4352,#4353));
#4308 = ORIENTED_EDGE('',*,*,#4309,.F.);
#4309 = EDGE_CURVE('',#4310,#4261,#4312,.T.);
#4310 = VERTEX_POINT('',#4311);
#4311 = CARTESIAN_POINT('',(-22.8,20.771281292114,116.29999999999));
#4312 = SURFACE_CURVE('',#4313,(#4317,#4324),.PCURVE_S1.);
#4313 = LINE('',#4314,#4315);
#4314 = CARTESIAN_POINT('',(-22.8,20.771281292114,116.29999999999));
#4315 = VECTOR('',#4316,1.);
#4316 = DIRECTION('',(0.,-1.,-6.153480596425E-14));
#4317 = PCURVE('',#2298,#4318);
#4318 = DEFINITIONAL_REPRESENTATION('',(#4319),#4323);
#4319 = LINE('',#4320,#4321);
#4320 = CARTESIAN_POINT('',(0.,0.));
#4321 = VECTOR('',#4322,1.);
#4322 = DIRECTION('',(1.,-0.));
#4323 = ( GEOMETRIC_REPRESENTATION_CONTEXT(2) 
PARAMETRIC_REPRESENTATION_CONTEXT() REPRESENTATION_CONTEXT('2D SPACE',''
  ) );
#4324 = PCURVE('',#4202,#4325);
#4325 = DEFINITIONAL_REPRESENTATION('',(#4326),#4330);
#4326 = LINE('',#4327,#4328);
#4327 = CARTESIAN_POINT('',(25.299999999996,-0.637947958781));
#4328 = VECTOR('',#4329,1.);
#4329 = DIRECTION('',(-6.153480596425E-14,1.));
#4330 = ( GEOMETRIC_REPRESENTATION_CONTEXT(2) 
PARAMETRIC_REPRESENTATION_CONTEXT() REPRESENTATION_CONTEXT('2D SPACE',''
  ) );
#4331 = ORIENTED_EDGE('',*,*,#4332,.T.);
#4332 = EDGE_CURVE('',#4310,#2255,#4333,.T.);
#4333 = SURFACE_CURVE('',#4334,(#4338,#4345),.PCURVE_S1.);
#4334 = LINE('',#4335,#4336);
#4335 = CARTESIAN_POINT('',(-22.8,20.771281292114,116.29999999999));
#4336 = VECTOR('',#4337,1.);
#4337 = DIRECTION('',(1.,0.,0.));
#4338 = PCURVE('',#2298,#4339);
#4339 = DEFINITIONAL_REPRESENTATION('',(#4340),#4344);
#4340 = LINE('',#4341,#4342);
#4341 = CARTESIAN_POINT('',(0.,0.));
#4342 = VECTOR('',#4343,1.);
#4343 = DIRECTION('',(0.,-1.));
#4344 = ( GEOMETRIC_REPRESENTATION_CONTEXT(2) 
PARAMETRIC_REPRESENTATION_CONTEXT() REPRESENTATION_CONTEXT('2D SPACE',''
  ) );
#4345 = PCURVE('',#2270,#4346);
#4346 = DEFINITIONAL_REPRESENTATION('',(#4347),#4351);
#4347 = LINE('',#4348,#4349);
#4348 = CARTESIAN_POINT('',(5.542562584221,-0.));
#4349 = VECTOR('',#4350,1.);
#4350 = DIRECTION('',(0.,-1.));
#4351 = ( GEOMETRIC_REPRESENTATION_CONTEXT(2) 
PARAMETRIC_REPRESENTATION_CONTEXT() REPRESENTATION_CONTEXT('2D SPACE',''
  ) );
#4352 = ORIENTED_EDGE('',*,*,#2282,.F.);
#4353 = ORIENTED_EDGE('',*,*,#4283,.F.);
#4354 = ADVANCED_FACE('',(#4355),#2270,.F.);
#4355 = FACE_BOUND('',#4356,.F.);
#4356 = EDGE_LOOP('',(#4357,#4380,#4401,#4402));
#4357 = ORIENTED_EDGE('',*,*,#4358,.F.);
#4358 = EDGE_CURVE('',#4359,#4310,#4361,.T.);
#4359 = VERTEX_POINT('',#4360);
#4360 = CARTESIAN_POINT('',(-22.8,23.542562584222,121.1));
#4361 = SURFACE_CURVE('',#4362,(#4366,#4373),.PCURVE_S1.);
#4362 = LINE('',#4363,#4364);
#4363 = CARTESIAN_POINT('',(-22.8,23.542562584222,121.1));
#4364 = VECTOR('',#4365,1.);
#4365 = DIRECTION('',(0.,-0.5,-0.866025403785));
#4366 = PCURVE('',#2270,#4367);
#4367 = DEFINITIONAL_REPRESENTATION('',(#4368),#4372);
#4368 = LINE('',#4369,#4370);
#4369 = CARTESIAN_POINT('',(0.,0.));
#4370 = VECTOR('',#4371,1.);
#4371 = DIRECTION('',(1.,-0.));
#4372 = ( GEOMETRIC_REPRESENTATION_CONTEXT(2) 
PARAMETRIC_REPRESENTATION_CONTEXT() REPRESENTATION_CONTEXT('2D SPACE',''
  ) );
#4373 = PCURVE('',#4202,#4374);
#4374 = DEFINITIONAL_REPRESENTATION('',(#4375),#4379);
#4375 = LINE('',#4376,#4377);
#4376 = CARTESIAN_POINT('',(30.099999999998,-3.409229250889));
#4377 = VECTOR('',#4378,1.);
#4378 = DIRECTION('',(-0.866025403785,0.5));
#4379 = ( GEOMETRIC_REPRESENTATION_CONTEXT(2) 
PARAMETRIC_REPRESENTATION_CONTEXT() REPRESENTATION_CONTEXT('2D SPACE',''
  ) );
#4380 = ORIENTED_EDGE('',*,*,#4381,.T.);
#4381 = EDGE_CURVE('',#4359,#2227,#4382,.T.);
#4382 = SURFACE_CURVE('',#4383,(#4387,#4394),.PCURVE_S1.);
#4383 = LINE('',#4384,#4385);
#4384 = CARTESIAN_POINT('',(-22.8,23.542562584222,121.1));
#4385 = VECTOR('',#4386,1.);
#4386 = DIRECTION('',(1.,0.,0.));
#4387 = PCURVE('',#2270,#4388);
#4388 = DEFINITIONAL_REPRESENTATION('',(#4389),#4393);
#4389 = LINE('',#4390,#4391);
#4390 = CARTESIAN_POINT('',(0.,0.));
#4391 = VECTOR('',#4392,1.);
#4392 = DIRECTION('',(0.,-1.));
#4393 = ( GEOMETRIC_REPRESENTATION_CONTEXT(2) 
PARAMETRIC_REPRESENTATION_CONTEXT() REPRESENTATION_CONTEXT('2D SPACE',''
  ) );
#4394 = PCURVE('',#2242,#4395);
#4395 = DEFINITIONAL_REPRESENTATION('',(#4396),#4400);
#4396 = LINE('',#4397,#4398);
#4397 = CARTESIAN_POINT('',(5.542562584222,0.));
#4398 = VECTOR('',#4399,1.);
#4399 = DIRECTION('',(0.,-1.));
#4400 = ( GEOMETRIC_REPRESENTATION_CONTEXT(2) 
PARAMETRIC_REPRESENTATION_CONTEXT() REPRESENTATION_CONTEXT('2D SPACE',''
  ) );
#4401 = ORIENTED_EDGE('',*,*,#2254,.F.);
#4402 = ORIENTED_EDGE('',*,*,#4332,.F.);
#4403 = ADVANCED_FACE('',(#4404),#2242,.F.);
#4404 = FACE_BOUND('',#4405,.F.);
#4405 = EDGE_LOOP('',(#4406,#4429,#4450,#4451));
#4406 = ORIENTED_EDGE('',*,*,#4407,.F.);
#4407 = EDGE_CURVE('',#4408,#4359,#4410,.T.);
#4408 = VERTEX_POINT('',#4409);
#4409 = CARTESIAN_POINT('',(-22.8,20.77128129211,125.9));
#4410 = SURFACE_CURVE('',#4411,(#4415,#4422),.PCURVE_S1.);
#4411 = LINE('',#4412,#4413);
#4412 = CARTESIAN_POINT('',(-22.8,20.77128129211,125.9));
#4413 = VECTOR('',#4414,1.);
#4414 = DIRECTION('',(-0.,0.5,-0.866025403784));
#4415 = PCURVE('',#2242,#4416);
#4416 = DEFINITIONAL_REPRESENTATION('',(#4417),#4421);
#4417 = LINE('',#4418,#4419);
#4418 = CARTESIAN_POINT('',(0.,0.));
#4419 = VECTOR('',#4420,1.);
#4420 = DIRECTION('',(1.,0.));
#4421 = ( GEOMETRIC_REPRESENTATION_CONTEXT(2) 
PARAMETRIC_REPRESENTATION_CONTEXT() REPRESENTATION_CONTEXT('2D SPACE',''
  ) );
#4422 = PCURVE('',#4202,#4423);
#4423 = DEFINITIONAL_REPRESENTATION('',(#4424),#4428);
#4424 = LINE('',#4425,#4426);
#4425 = CARTESIAN_POINT('',(34.9,-0.637947958777));
#4426 = VECTOR('',#4427,1.);
#4427 = DIRECTION('',(-0.866025403784,-0.5));
#4428 = ( GEOMETRIC_REPRESENTATION_CONTEXT(2) 
PARAMETRIC_REPRESENTATION_CONTEXT() REPRESENTATION_CONTEXT('2D SPACE',''
  ) );
#4429 = ORIENTED_EDGE('',*,*,#4430,.T.);
#4430 = EDGE_CURVE('',#4408,#2199,#4431,.T.);
#4431 = SURFACE_CURVE('',#4432,(#4436,#4443),.PCURVE_S1.);
#4432 = LINE('',#4433,#4434);
#4433 = CARTESIAN_POINT('',(-22.8,20.77128129211,125.9));
#4434 = VECTOR('',#4435,1.);
#4435 = DIRECTION('',(1.,0.,0.));
#4436 = PCURVE('',#2242,#4437);
#4437 = DEFINITIONAL_REPRESENTATION('',(#4438),#4442);
#4438 = LINE('',#4439,#4440);
#4439 = CARTESIAN_POINT('',(0.,0.));
#4440 = VECTOR('',#4441,1.);
#4441 = DIRECTION('',(0.,-1.));
#4442 = ( GEOMETRIC_REPRESENTATION_CONTEXT(2) 
PARAMETRIC_REPRESENTATION_CONTEXT() REPRESENTATION_CONTEXT('2D SPACE',''
  ) );
#4443 = PCURVE('',#2214,#4444);
#4444 = DEFINITIONAL_REPRESENTATION('',(#4445),#4449);
#4445 = LINE('',#4446,#4447);
#4446 = CARTESIAN_POINT('',(5.542562584221,0.));
#4447 = VECTOR('',#4448,1.);
#4448 = DIRECTION('',(0.,-1.));
#4449 = ( GEOMETRIC_REPRESENTATION_CONTEXT(2) 
PARAMETRIC_REPRESENTATION_CONTEXT() REPRESENTATION_CONTEXT('2D SPACE',''
  ) );
#4450 = ORIENTED_EDGE('',*,*,#2226,.F.);
#4451 = ORIENTED_EDGE('',*,*,#4381,.F.);
#4452 = ADVANCED_FACE('',(#4453),#2214,.F.);
#4453 = FACE_BOUND('',#4454,.F.);
#4454 = EDGE_LOOP('',(#4455,#4476,#4477,#4478));
#4455 = ORIENTED_EDGE('',*,*,#4456,.F.);
#4456 = EDGE_CURVE('',#4187,#4408,#4457,.T.);
#4457 = SURFACE_CURVE('',#4458,(#4462,#4469),.PCURVE_S1.);
#4458 = LINE('',#4459,#4460);
#4459 = CARTESIAN_POINT('',(-22.8,15.228718707889,125.9));
#4460 = VECTOR('',#4461,1.);
#4461 = DIRECTION('',(0.,1.,0.));
#4462 = PCURVE('',#2214,#4463);
#4463 = DEFINITIONAL_REPRESENTATION('',(#4464),#4468);
#4464 = LINE('',#4465,#4466);
#4465 = CARTESIAN_POINT('',(0.,0.));
#4466 = VECTOR('',#4467,1.);
#4467 = DIRECTION('',(1.,0.));
#4468 = ( GEOMETRIC_REPRESENTATION_CONTEXT(2) 
PARAMETRIC_REPRESENTATION_CONTEXT() REPRESENTATION_CONTEXT('2D SPACE',''
  ) );
#4469 = PCURVE('',#4202,#4470);
#4470 = DEFINITIONAL_REPRESENTATION('',(#4471),#4475);
#4471 = LINE('',#4472,#4473);
#4472 = CARTESIAN_POINT('',(34.9,4.904614625444));
#4473 = VECTOR('',#4474,1.);
#4474 = DIRECTION('',(0.,-1.));
#4475 = ( GEOMETRIC_REPRESENTATION_CONTEXT(2) 
PARAMETRIC_REPRESENTATION_CONTEXT() REPRESENTATION_CONTEXT('2D SPACE',''
  ) );
#4476 = ORIENTED_EDGE('',*,*,#4236,.T.);
#4477 = ORIENTED_EDGE('',*,*,#2198,.F.);
#4478 = ORIENTED_EDGE('',*,*,#4430,.F.);
#4479 = ADVANCED_FACE('',(#4480),#2356,.F.);
#4480 = FACE_BOUND('',#4481,.F.);
#4481 = EDGE_LOOP('',(#4482,#4512,#4533,#4534));
#4482 = ORIENTED_EDGE('',*,*,#4483,.F.);
#4483 = EDGE_CURVE('',#4484,#4486,#4488,.T.);
#4484 = VERTEX_POINT('',#4485);
#4485 = CARTESIAN_POINT('',(-22.8,18.857437415778,91.));
#4486 = VERTEX_POINT('',#4487);
#4487 = CARTESIAN_POINT('',(-22.8,21.628718707889,95.800000000001));
#4488 = SURFACE_CURVE('',#4489,(#4493,#4500),.PCURVE_S1.);
#4489 = LINE('',#4490,#4491);
#4490 = CARTESIAN_POINT('',(-22.8,18.857437415778,91.));
#4491 = VECTOR('',#4492,1.);
#4492 = DIRECTION('',(0.,0.5,0.866025403784));
#4493 = PCURVE('',#2356,#4494);
#4494 = DEFINITIONAL_REPRESENTATION('',(#4495),#4499);
#4495 = LINE('',#4496,#4497);
#4496 = CARTESIAN_POINT('',(0.,0.));
#4497 = VECTOR('',#4498,1.);
#4498 = DIRECTION('',(1.,0.));
#4499 = ( GEOMETRIC_REPRESENTATION_CONTEXT(2) 
PARAMETRIC_REPRESENTATION_CONTEXT() REPRESENTATION_CONTEXT('2D SPACE',''
  ) );
#4500 = PCURVE('',#4501,#4506);
#4501 = PLANE('',#4502);
#4502 = AXIS2_PLACEMENT_3D('',#4503,#4504,#4505);
#4503 = CARTESIAN_POINT('',(-22.8,20.133333333333,91.000000000002));
#4504 = DIRECTION('',(1.,0.,0.));
#4505 = DIRECTION('',(0.,0.,1.));
#4506 = DEFINITIONAL_REPRESENTATION('',(#4507),#4511);
#4507 = LINE('',#4508,#4509);
#4508 = CARTESIAN_POINT('',(-1.890043677122E-12,1.275895917555));
#4509 = VECTOR('',#4510,1.);
#4510 = DIRECTION('',(0.866025403784,-0.5));
#4511 = ( GEOMETRIC_REPRESENTATION_CONTEXT(2) 
PARAMETRIC_REPRESENTATION_CONTEXT() REPRESENTATION_CONTEXT('2D SPACE',''
  ) );
#4512 = ORIENTED_EDGE('',*,*,#4513,.T.);
#4513 = EDGE_CURVE('',#4484,#2341,#4514,.T.);
#4514 = SURFACE_CURVE('',#4515,(#4519,#4526),.PCURVE_S1.);
#4515 = LINE('',#4516,#4517);
#4516 = CARTESIAN_POINT('',(-22.8,18.857437415778,91.));
#4517 = VECTOR('',#4518,1.);
#4518 = DIRECTION('',(1.,0.,0.));
#4519 = PCURVE('',#2356,#4520);
#4520 = DEFINITIONAL_REPRESENTATION('',(#4521),#4525);
#4521 = LINE('',#4522,#4523);
#4522 = CARTESIAN_POINT('',(0.,0.));
#4523 = VECTOR('',#4524,1.);
#4524 = DIRECTION('',(0.,-1.));
#4525 = ( GEOMETRIC_REPRESENTATION_CONTEXT(2) 
PARAMETRIC_REPRESENTATION_CONTEXT() REPRESENTATION_CONTEXT('2D SPACE',''
  ) );
#4526 = PCURVE('',#2494,#4527);
#4527 = DEFINITIONAL_REPRESENTATION('',(#4528),#4532);
#4528 = LINE('',#4529,#4530);
#4529 = CARTESIAN_POINT('',(5.542562584222,0.));
#4530 = VECTOR('',#4531,1.);
#4531 = DIRECTION('',(0.,-1.));
#4532 = ( GEOMETRIC_REPRESENTATION_CONTEXT(2) 
PARAMETRIC_REPRESENTATION_CONTEXT() REPRESENTATION_CONTEXT('2D SPACE',''
  ) );
#4533 = ORIENTED_EDGE('',*,*,#2338,.F.);
#4534 = ORIENTED_EDGE('',*,*,#4535,.F.);
#4535 = EDGE_CURVE('',#4486,#2339,#4536,.T.);
#4536 = SURFACE_CURVE('',#4537,(#4541,#4548),.PCURVE_S1.);
#4537 = LINE('',#4538,#4539);
#4538 = CARTESIAN_POINT('',(-22.8,21.628718707889,95.800000000001));
#4539 = VECTOR('',#4540,1.);
#4540 = DIRECTION('',(1.,0.,0.));
#4541 = PCURVE('',#2356,#4542);
#4542 = DEFINITIONAL_REPRESENTATION('',(#4543),#4547);
#4543 = LINE('',#4544,#4545);
#4544 = CARTESIAN_POINT('',(5.542562584222,0.));
#4545 = VECTOR('',#4546,1.);
#4546 = DIRECTION('',(0.,-1.));
#4547 = ( GEOMETRIC_REPRESENTATION_CONTEXT(2) 
PARAMETRIC_REPRESENTATION_CONTEXT() REPRESENTATION_CONTEXT('2D SPACE',''
  ) );
#4548 = PCURVE('',#2384,#4549);
#4549 = DEFINITIONAL_REPRESENTATION('',(#4550),#4554);
#4550 = LINE('',#4551,#4552);
#4551 = CARTESIAN_POINT('',(0.,0.));
#4552 = VECTOR('',#4553,1.);
#4553 = DIRECTION('',(0.,-1.));
#4554 = ( GEOMETRIC_REPRESENTATION_CONTEXT(2) 
PARAMETRIC_REPRESENTATION_CONTEXT() REPRESENTATION_CONTEXT('2D SPACE',''
  ) );
#4555 = ADVANCED_FACE('',(#4556),#2494,.F.);
#4556 = FACE_BOUND('',#4557,.F.);
#4557 = EDGE_LOOP('',(#4558,#4581,#4602,#4603));
#4558 = ORIENTED_EDGE('',*,*,#4559,.F.);
#4559 = EDGE_CURVE('',#4560,#4484,#4562,.T.);
#4560 = VERTEX_POINT('',#4561);
#4561 = CARTESIAN_POINT('',(-22.8,21.628718707889,86.199999999999));
#4562 = SURFACE_CURVE('',#4563,(#4567,#4574),.PCURVE_S1.);
#4563 = LINE('',#4564,#4565);
#4564 = CARTESIAN_POINT('',(-22.8,21.628718707889,86.199999999999));
#4565 = VECTOR('',#4566,1.);
#4566 = DIRECTION('',(0.,-0.5,0.866025403784));
#4567 = PCURVE('',#2494,#4568);
#4568 = DEFINITIONAL_REPRESENTATION('',(#4569),#4573);
#4569 = LINE('',#4570,#4571);
#4570 = CARTESIAN_POINT('',(0.,0.));
#4571 = VECTOR('',#4572,1.);
#4572 = DIRECTION('',(1.,0.));
#4573 = ( GEOMETRIC_REPRESENTATION_CONTEXT(2) 
PARAMETRIC_REPRESENTATION_CONTEXT() REPRESENTATION_CONTEXT('2D SPACE',''
  ) );
#4574 = PCURVE('',#4501,#4575);
#4575 = DEFINITIONAL_REPRESENTATION('',(#4576),#4580);
#4576 = LINE('',#4577,#4578);
#4577 = CARTESIAN_POINT('',(-4.800000000003,-1.495385374556));
#4578 = VECTOR('',#4579,1.);
#4579 = DIRECTION('',(0.866025403784,0.5));
#4580 = ( GEOMETRIC_REPRESENTATION_CONTEXT(2) 
PARAMETRIC_REPRESENTATION_CONTEXT() REPRESENTATION_CONTEXT('2D SPACE',''
  ) );
#4581 = ORIENTED_EDGE('',*,*,#4582,.T.);
#4582 = EDGE_CURVE('',#4560,#2453,#4583,.T.);
#4583 = SURFACE_CURVE('',#4584,(#4588,#4595),.PCURVE_S1.);
#4584 = LINE('',#4585,#4586);
#4585 = CARTESIAN_POINT('',(-22.8,21.628718707889,86.199999999999));
#4586 = VECTOR('',#4587,1.);
#4587 = DIRECTION('',(1.,0.,0.));
#4588 = PCURVE('',#2494,#4589);
#4589 = DEFINITIONAL_REPRESENTATION('',(#4590),#4594);
#4590 = LINE('',#4591,#4592);
#4591 = CARTESIAN_POINT('',(0.,0.));
#4592 = VECTOR('',#4593,1.);
#4593 = DIRECTION('',(0.,-1.));
#4594 = ( GEOMETRIC_REPRESENTATION_CONTEXT(2) 
PARAMETRIC_REPRESENTATION_CONTEXT() REPRESENTATION_CONTEXT('2D SPACE',''
  ) );
#4595 = PCURVE('',#2468,#4596);
#4596 = DEFINITIONAL_REPRESENTATION('',(#4597),#4601);
#4597 = LINE('',#4598,#4599);
#4598 = CARTESIAN_POINT('',(5.542562584222,0.));
#4599 = VECTOR('',#4600,1.);
#4600 = DIRECTION('',(0.,-1.));
#4601 = ( GEOMETRIC_REPRESENTATION_CONTEXT(2) 
PARAMETRIC_REPRESENTATION_CONTEXT() REPRESENTATION_CONTEXT('2D SPACE',''
  ) );
#4602 = ORIENTED_EDGE('',*,*,#2480,.F.);
#4603 = ORIENTED_EDGE('',*,*,#4513,.F.);
#4604 = ADVANCED_FACE('',(#4605),#2468,.F.);
#4605 = FACE_BOUND('',#4606,.F.);
#4606 = EDGE_LOOP('',(#4607,#4630,#4651,#4652));
#4607 = ORIENTED_EDGE('',*,*,#4608,.F.);
#4608 = EDGE_CURVE('',#4609,#4560,#4611,.T.);
#4609 = VERTEX_POINT('',#4610);
#4610 = CARTESIAN_POINT('',(-22.8,27.171281292111,86.199999999999));
#4611 = SURFACE_CURVE('',#4612,(#4616,#4623),.PCURVE_S1.);
#4612 = LINE('',#4613,#4614);
#4613 = CARTESIAN_POINT('',(-22.8,27.171281292111,86.199999999999));
#4614 = VECTOR('',#4615,1.);
#4615 = DIRECTION('',(0.,-1.,0.));
#4616 = PCURVE('',#2468,#4617);
#4617 = DEFINITIONAL_REPRESENTATION('',(#4618),#4622);
#4618 = LINE('',#4619,#4620);
#4619 = CARTESIAN_POINT('',(0.,-0.));
#4620 = VECTOR('',#4621,1.);
#4621 = DIRECTION('',(1.,0.));
#4622 = ( GEOMETRIC_REPRESENTATION_CONTEXT(2) 
PARAMETRIC_REPRESENTATION_CONTEXT() REPRESENTATION_CONTEXT('2D SPACE',''
  ) );
#4623 = PCURVE('',#4501,#4624);
#4624 = DEFINITIONAL_REPRESENTATION('',(#4625),#4629);
#4625 = LINE('',#4626,#4627);
#4626 = CARTESIAN_POINT('',(-4.800000000003,-7.037947958778));
#4627 = VECTOR('',#4628,1.);
#4628 = DIRECTION('',(0.,1.));
#4629 = ( GEOMETRIC_REPRESENTATION_CONTEXT(2) 
PARAMETRIC_REPRESENTATION_CONTEXT() REPRESENTATION_CONTEXT('2D SPACE',''
  ) );
#4630 = ORIENTED_EDGE('',*,*,#4631,.T.);
#4631 = EDGE_CURVE('',#4609,#2425,#4632,.T.);
#4632 = SURFACE_CURVE('',#4633,(#4637,#4644),.PCURVE_S1.);
#4633 = LINE('',#4634,#4635);
#4634 = CARTESIAN_POINT('',(-22.8,27.171281292111,86.199999999999));
#4635 = VECTOR('',#4636,1.);
#4636 = DIRECTION('',(1.,0.,0.));
#4637 = PCURVE('',#2468,#4638);
#4638 = DEFINITIONAL_REPRESENTATION('',(#4639),#4643);
#4639 = LINE('',#4640,#4641);
#4640 = CARTESIAN_POINT('',(0.,-0.));
#4641 = VECTOR('',#4642,1.);
#4642 = DIRECTION('',(0.,-1.));
#4643 = ( GEOMETRIC_REPRESENTATION_CONTEXT(2) 
PARAMETRIC_REPRESENTATION_CONTEXT() REPRESENTATION_CONTEXT('2D SPACE',''
  ) );
#4644 = PCURVE('',#2440,#4645);
#4645 = DEFINITIONAL_REPRESENTATION('',(#4646),#4650);
#4646 = LINE('',#4647,#4648);
#4647 = CARTESIAN_POINT('',(5.542562584222,-0.));
#4648 = VECTOR('',#4649,1.);
#4649 = DIRECTION('',(0.,-1.));
#4650 = ( GEOMETRIC_REPRESENTATION_CONTEXT(2) 
PARAMETRIC_REPRESENTATION_CONTEXT() REPRESENTATION_CONTEXT('2D SPACE',''
  ) );
#4651 = ORIENTED_EDGE('',*,*,#2452,.F.);
#4652 = ORIENTED_EDGE('',*,*,#4582,.F.);
#4653 = ADVANCED_FACE('',(#4654),#2440,.F.);
#4654 = FACE_BOUND('',#4655,.F.);
#4655 = EDGE_LOOP('',(#4656,#4679,#4700,#4701));
#4656 = ORIENTED_EDGE('',*,*,#4657,.F.);
#4657 = EDGE_CURVE('',#4658,#4609,#4660,.T.);
#4658 = VERTEX_POINT('',#4659);
#4659 = CARTESIAN_POINT('',(-22.8,29.942562584222,91.));
#4660 = SURFACE_CURVE('',#4661,(#4665,#4672),.PCURVE_S1.);
#4661 = LINE('',#4662,#4663);
#4662 = CARTESIAN_POINT('',(-22.8,29.942562584222,91.));
#4663 = VECTOR('',#4664,1.);
#4664 = DIRECTION('',(0.,-0.5,-0.866025403784));
#4665 = PCURVE('',#2440,#4666);
#4666 = DEFINITIONAL_REPRESENTATION('',(#4667),#4671);
#4667 = LINE('',#4668,#4669);
#4668 = CARTESIAN_POINT('',(0.,0.));
#4669 = VECTOR('',#4670,1.);
#4670 = DIRECTION('',(1.,-0.));
#4671 = ( GEOMETRIC_REPRESENTATION_CONTEXT(2) 
PARAMETRIC_REPRESENTATION_CONTEXT() REPRESENTATION_CONTEXT('2D SPACE',''
  ) );
#4672 = PCURVE('',#4501,#4673);
#4673 = DEFINITIONAL_REPRESENTATION('',(#4674),#4678);
#4674 = LINE('',#4675,#4676);
#4675 = CARTESIAN_POINT('',(-1.890043677122E-12,-9.809229250889));
#4676 = VECTOR('',#4677,1.);
#4677 = DIRECTION('',(-0.866025403784,0.5));
#4678 = ( GEOMETRIC_REPRESENTATION_CONTEXT(2) 
PARAMETRIC_REPRESENTATION_CONTEXT() REPRESENTATION_CONTEXT('2D SPACE',''
  ) );
#4679 = ORIENTED_EDGE('',*,*,#4680,.T.);
#4680 = EDGE_CURVE('',#4658,#2397,#4681,.T.);
#4681 = SURFACE_CURVE('',#4682,(#4686,#4693),.PCURVE_S1.);
#4682 = LINE('',#4683,#4684);
#4683 = CARTESIAN_POINT('',(-22.8,29.942562584222,91.));
#4684 = VECTOR('',#4685,1.);
#4685 = DIRECTION('',(1.,0.,0.));
#4686 = PCURVE('',#2440,#4687);
#4687 = DEFINITIONAL_REPRESENTATION('',(#4688),#4692);
#4688 = LINE('',#4689,#4690);
#4689 = CARTESIAN_POINT('',(0.,0.));
#4690 = VECTOR('',#4691,1.);
#4691 = DIRECTION('',(0.,-1.));
#4692 = ( GEOMETRIC_REPRESENTATION_CONTEXT(2) 
PARAMETRIC_REPRESENTATION_CONTEXT() REPRESENTATION_CONTEXT('2D SPACE',''
  ) );
#4693 = PCURVE('',#2412,#4694);
#4694 = DEFINITIONAL_REPRESENTATION('',(#4695),#4699);
#4695 = LINE('',#4696,#4697);
#4696 = CARTESIAN_POINT('',(5.542562584222,0.));
#4697 = VECTOR('',#4698,1.);
#4698 = DIRECTION('',(0.,-1.));
#4699 = ( GEOMETRIC_REPRESENTATION_CONTEXT(2) 
PARAMETRIC_REPRESENTATION_CONTEXT() REPRESENTATION_CONTEXT('2D SPACE',''
  ) );
#4700 = ORIENTED_EDGE('',*,*,#2424,.F.);
#4701 = ORIENTED_EDGE('',*,*,#4631,.F.);
#4702 = ADVANCED_FACE('',(#4703),#2412,.F.);
#4703 = FACE_BOUND('',#4704,.F.);
#4704 = EDGE_LOOP('',(#4705,#4728,#4749,#4750));
#4705 = ORIENTED_EDGE('',*,*,#4706,.F.);
#4706 = EDGE_CURVE('',#4707,#4658,#4709,.T.);
#4707 = VERTEX_POINT('',#4708);
#4708 = CARTESIAN_POINT('',(-22.8,27.171281292111,95.800000000001));
#4709 = SURFACE_CURVE('',#4710,(#4714,#4721),.PCURVE_S1.);
#4710 = LINE('',#4711,#4712);
#4711 = CARTESIAN_POINT('',(-22.8,27.171281292111,95.800000000001));
#4712 = VECTOR('',#4713,1.);
#4713 = DIRECTION('',(-0.,0.5,-0.866025403784));
#4714 = PCURVE('',#2412,#4715);
#4715 = DEFINITIONAL_REPRESENTATION('',(#4716),#4720);
#4716 = LINE('',#4717,#4718);
#4717 = CARTESIAN_POINT('',(0.,0.));
#4718 = VECTOR('',#4719,1.);
#4719 = DIRECTION('',(1.,0.));
#4720 = ( GEOMETRIC_REPRESENTATION_CONTEXT(2) 
PARAMETRIC_REPRESENTATION_CONTEXT() REPRESENTATION_CONTEXT('2D SPACE',''
  ) );
#4721 = PCURVE('',#4501,#4722);
#4722 = DEFINITIONAL_REPRESENTATION('',(#4723),#4727);
#4723 = LINE('',#4724,#4725);
#4724 = CARTESIAN_POINT('',(4.799999999999,-7.037947958778));
#4725 = VECTOR('',#4726,1.);
#4726 = DIRECTION('',(-0.866025403784,-0.5));
#4727 = ( GEOMETRIC_REPRESENTATION_CONTEXT(2) 
PARAMETRIC_REPRESENTATION_CONTEXT() REPRESENTATION_CONTEXT('2D SPACE',''
  ) );
#4728 = ORIENTED_EDGE('',*,*,#4729,.T.);
#4729 = EDGE_CURVE('',#4707,#2369,#4730,.T.);
#4730 = SURFACE_CURVE('',#4731,(#4735,#4742),.PCURVE_S1.);
#4731 = LINE('',#4732,#4733);
#4732 = CARTESIAN_POINT('',(-22.8,27.171281292111,95.800000000001));
#4733 = VECTOR('',#4734,1.);
#4734 = DIRECTION('',(1.,0.,0.));
#4735 = PCURVE('',#2412,#4736);
#4736 = DEFINITIONAL_REPRESENTATION('',(#4737),#4741);
#4737 = LINE('',#4738,#4739);
#4738 = CARTESIAN_POINT('',(0.,0.));
#4739 = VECTOR('',#4740,1.);
#4740 = DIRECTION('',(0.,-1.));
#4741 = ( GEOMETRIC_REPRESENTATION_CONTEXT(2) 
PARAMETRIC_REPRESENTATION_CONTEXT() REPRESENTATION_CONTEXT('2D SPACE',''
  ) );
#4742 = PCURVE('',#2384,#4743);
#4743 = DEFINITIONAL_REPRESENTATION('',(#4744),#4748);
#4744 = LINE('',#4745,#4746);
#4745 = CARTESIAN_POINT('',(5.542562584222,0.));
#4746 = VECTOR('',#4747,1.);
#4747 = DIRECTION('',(0.,-1.));
#4748 = ( GEOMETRIC_REPRESENTATION_CONTEXT(2) 
PARAMETRIC_REPRESENTATION_CONTEXT() REPRESENTATION_CONTEXT('2D SPACE',''
  ) );
#4749 = ORIENTED_EDGE('',*,*,#2396,.F.);
#4750 = ORIENTED_EDGE('',*,*,#4680,.F.);
#4751 = ADVANCED_FACE('',(#4752),#2384,.F.);
#4752 = FACE_BOUND('',#4753,.F.);
#4753 = EDGE_LOOP('',(#4754,#4775,#4776,#4777));
#4754 = ORIENTED_EDGE('',*,*,#4755,.F.);
#4755 = EDGE_CURVE('',#4486,#4707,#4756,.T.);
#4756 = SURFACE_CURVE('',#4757,(#4761,#4768),.PCURVE_S1.);
#4757 = LINE('',#4758,#4759);
#4758 = CARTESIAN_POINT('',(-22.8,21.628718707889,95.800000000001));
#4759 = VECTOR('',#4760,1.);
#4760 = DIRECTION('',(0.,1.,0.));
#4761 = PCURVE('',#2384,#4762);
#4762 = DEFINITIONAL_REPRESENTATION('',(#4763),#4767);
#4763 = LINE('',#4764,#4765);
#4764 = CARTESIAN_POINT('',(0.,0.));
#4765 = VECTOR('',#4766,1.);
#4766 = DIRECTION('',(1.,0.));
#4767 = ( GEOMETRIC_REPRESENTATION_CONTEXT(2) 
PARAMETRIC_REPRESENTATION_CONTEXT() REPRESENTATION_CONTEXT('2D SPACE',''
  ) );
#4768 = PCURVE('',#4501,#4769);
#4769 = DEFINITIONAL_REPRESENTATION('',(#4770),#4774);
#4770 = LINE('',#4771,#4772);
#4771 = CARTESIAN_POINT('',(4.799999999999,-1.495385374556));
#4772 = VECTOR('',#4773,1.);
#4773 = DIRECTION('',(0.,-1.));
#4774 = ( GEOMETRIC_REPRESENTATION_CONTEXT(2) 
PARAMETRIC_REPRESENTATION_CONTEXT() REPRESENTATION_CONTEXT('2D SPACE',''
  ) );
#4775 = ORIENTED_EDGE('',*,*,#4535,.T.);
#4776 = ORIENTED_EDGE('',*,*,#2368,.F.);
#4777 = ORIENTED_EDGE('',*,*,#4729,.F.);
#4778 = ADVANCED_FACE('',(#4779,#4881,#4916,#4951),#2527,.F.);
#4779 = FACE_BOUND('',#4780,.F.);
#4780 = EDGE_LOOP('',(#4781,#4782,#4805,#4828,#4854,#4855));
#4781 = ORIENTED_EDGE('',*,*,#2509,.F.);
#4782 = ORIENTED_EDGE('',*,*,#4783,.F.);
#4783 = EDGE_CURVE('',#4784,#2510,#4786,.T.);
#4784 = VERTEX_POINT('',#4785);
#4785 = CARTESIAN_POINT('',(-27.8,1.,53.));
#4786 = SURFACE_CURVE('',#4787,(#4791,#4798),.PCURVE_S1.);
#4787 = LINE('',#4788,#4789);
#4788 = CARTESIAN_POINT('',(-27.8,1.,53.));
#4789 = VECTOR('',#4790,1.);
#4790 = DIRECTION('',(0.,0.,1.));
#4791 = PCURVE('',#2527,#4792);
#4792 = DEFINITIONAL_REPRESENTATION('',(#4793),#4797);
#4793 = LINE('',#4794,#4795);
#4794 = CARTESIAN_POINT('',(-38.,14.507894728763));
#4795 = VECTOR('',#4796,1.);
#4796 = DIRECTION('',(1.,0.));
#4797 = ( GEOMETRIC_REPRESENTATION_CONTEXT(2) 
PARAMETRIC_REPRESENTATION_CONTEXT() REPRESENTATION_CONTEXT('2D SPACE',''
  ) );
#4798 = PCURVE('',#2555,#4799);
#4799 = DEFINITIONAL_REPRESENTATION('',(#4800),#4804);
#4800 = LINE('',#4801,#4802);
#4801 = CARTESIAN_POINT('',(2.2,-76.));
#4802 = VECTOR('',#4803,1.);
#4803 = DIRECTION('',(0.,1.));
#4804 = ( GEOMETRIC_REPRESENTATION_CONTEXT(2) 
PARAMETRIC_REPRESENTATION_CONTEXT() REPRESENTATION_CONTEXT('2D SPACE',''
  ) );
#4805 = ORIENTED_EDGE('',*,*,#4806,.F.);
#4806 = EDGE_CURVE('',#4807,#4784,#4809,.T.);
#4807 = VERTEX_POINT('',#4808);
#4808 = CARTESIAN_POINT('',(-27.8,17.5,53.));
#4809 = SURFACE_CURVE('',#4810,(#4814,#4821),.PCURVE_S1.);
#4810 = LINE('',#4811,#4812);
#4811 = CARTESIAN_POINT('',(-27.8,17.5,53.));
#4812 = VECTOR('',#4813,1.);
#4813 = DIRECTION('',(0.,-1.,0.));
#4814 = PCURVE('',#2527,#4815);
#4815 = DEFINITIONAL_REPRESENTATION('',(#4816),#4820);
#4816 = LINE('',#4817,#4818);
#4817 = CARTESIAN_POINT('',(-38.,-1.992105271237));
#4818 = VECTOR('',#4819,1.);
#4819 = DIRECTION('',(0.,1.));
#4820 = ( GEOMETRIC_REPRESENTATION_CONTEXT(2) 
PARAMETRIC_REPRESENTATION_CONTEXT() REPRESENTATION_CONTEXT('2D SPACE',''
  ) );
#4821 = PCURVE('',#3241,#4822);
#4822 = DEFINITIONAL_REPRESENTATION('',(#4823),#4827);
#4823 = LINE('',#4824,#4825);
#4824 = CARTESIAN_POINT('',(0.,-2.2));
#4825 = VECTOR('',#4826,1.);
#4826 = DIRECTION('',(1.,0.));
#4827 = ( GEOMETRIC_REPRESENTATION_CONTEXT(2) 
PARAMETRIC_REPRESENTATION_CONTEXT() REPRESENTATION_CONTEXT('2D SPACE',''
  ) );
#4828 = ORIENTED_EDGE('',*,*,#4829,.F.);
#4829 = EDGE_CURVE('',#3082,#4807,#4830,.T.);
#4830 = SURFACE_CURVE('',#4831,(#4836,#4847),.PCURVE_S1.);
#4831 = CIRCLE('',#4832,15.);
#4832 = AXIS2_PLACEMENT_3D('',#4833,#4834,#4835);
#4833 = CARTESIAN_POINT('',(-27.8,17.5,68.));
#4834 = DIRECTION('',(-1.,0.,0.));
#4835 = DIRECTION('',(0.,-1.,0.));
#4836 = PCURVE('',#2527,#4837);
#4837 = DEFINITIONAL_REPRESENTATION('',(#4838),#4846);
#4838 = ( BOUNDED_CURVE() B_SPLINE_CURVE(2,(#4839,#4840,#4841,#4842,
#4843,#4844,#4845),.UNSPECIFIED.,.T.,.F.) B_SPLINE_CURVE_WITH_KNOTS((1,2
    ,2,2,2,1),(-2.094395102393,0.,2.094395102393,4.188790204786,
6.28318530718,8.377580409573),.UNSPECIFIED.) CURVE() 
GEOMETRIC_REPRESENTATION_ITEM() RATIONAL_B_SPLINE_CURVE((1.,0.5,1.,0.5,
1.,0.5,1.)) REPRESENTATION_ITEM('') );
#4839 = CARTESIAN_POINT('',(-23.,13.007894728763));
#4840 = CARTESIAN_POINT('',(2.980762113533,13.007894728763));
#4841 = CARTESIAN_POINT('',(-10.00961894323,-9.492105271237));
#4842 = CARTESIAN_POINT('',(-23.,-31.99210527123));
#4843 = CARTESIAN_POINT('',(-35.99038105676,-9.492105271237));
#4844 = CARTESIAN_POINT('',(-48.98076211353,13.007894728763));
#4845 = CARTESIAN_POINT('',(-23.,13.007894728763));
#4846 = ( GEOMETRIC_REPRESENTATION_CONTEXT(2) 
PARAMETRIC_REPRESENTATION_CONTEXT() REPRESENTATION_CONTEXT('2D SPACE',''
  ) );
#4847 = PCURVE('',#3146,#4848);
#4848 = DEFINITIONAL_REPRESENTATION('',(#4849),#4853);
#4849 = LINE('',#4850,#4851);
#4850 = CARTESIAN_POINT('',(0.,-2.2));
#4851 = VECTOR('',#4852,1.);
#4852 = DIRECTION('',(1.,0.));
#4853 = ( GEOMETRIC_REPRESENTATION_CONTEXT(2) 
PARAMETRIC_REPRESENTATION_CONTEXT() REPRESENTATION_CONTEXT('2D SPACE',''
  ) );
#4854 = ORIENTED_EDGE('',*,*,#3081,.F.);
#4855 = ORIENTED_EDGE('',*,*,#4856,.F.);
#4856 = EDGE_CURVE('',#2512,#3020,#4857,.T.);
#4857 = SURFACE_CURVE('',#4858,(#4863,#4874),.PCURVE_S1.);
#4858 = CIRCLE('',#4859,15.);
#4859 = AXIS2_PLACEMENT_3D('',#4860,#4861,#4862);
#4860 = CARTESIAN_POINT('',(-27.8,17.5,114.));
#4861 = DIRECTION('',(-1.,0.,0.));
#4862 = DIRECTION('',(0.,-1.,0.));
#4863 = PCURVE('',#2527,#4864);
#4864 = DEFINITIONAL_REPRESENTATION('',(#4865),#4873);
#4865 = ( BOUNDED_CURVE() B_SPLINE_CURVE(2,(#4866,#4867,#4868,#4869,
#4870,#4871,#4872),.UNSPECIFIED.,.T.,.F.) B_SPLINE_CURVE_WITH_KNOTS((1,2
    ,2,2,2,1),(-2.094395102393,0.,2.094395102393,4.188790204786,
6.28318530718,8.377580409573),.UNSPECIFIED.) CURVE() 
GEOMETRIC_REPRESENTATION_ITEM() RATIONAL_B_SPLINE_CURVE((1.,0.5,1.,0.5,
1.,0.5,1.)) REPRESENTATION_ITEM('') );
#4866 = CARTESIAN_POINT('',(23.,13.007894728763));
#4867 = CARTESIAN_POINT('',(48.980762113533,13.007894728763));
#4868 = CARTESIAN_POINT('',(35.990381056767,-9.492105271237));
#4869 = CARTESIAN_POINT('',(23.,-31.99210527123));
#4870 = CARTESIAN_POINT('',(10.009618943233,-9.492105271237));
#4871 = CARTESIAN_POINT('',(-2.980762113533,13.007894728763));
#4872 = CARTESIAN_POINT('',(23.,13.007894728763));
#4873 = ( GEOMETRIC_REPRESENTATION_CONTEXT(2) 
PARAMETRIC_REPRESENTATION_CONTEXT() REPRESENTATION_CONTEXT('2D SPACE',''
  ) );
#4874 = PCURVE('',#2708,#4875);
#4875 = DEFINITIONAL_REPRESENTATION('',(#4876),#4880);
#4876 = LINE('',#4877,#4878);
#4877 = CARTESIAN_POINT('',(0.,-2.2));
#4878 = VECTOR('',#4879,1.);
#4879 = DIRECTION('',(1.,0.));
#4880 = ( GEOMETRIC_REPRESENTATION_CONTEXT(2) 
PARAMETRIC_REPRESENTATION_CONTEXT() REPRESENTATION_CONTEXT('2D SPACE',''
  ) );
#4881 = FACE_BOUND('',#4882,.F.);
#4882 = EDGE_LOOP('',(#4883));
#4883 = ORIENTED_EDGE('',*,*,#4884,.T.);
#4884 = EDGE_CURVE('',#4885,#4885,#4887,.T.);
#4885 = VERTEX_POINT('',#4886);
#4886 = CARTESIAN_POINT('',(-27.8,21.9,91.));
#4887 = SURFACE_CURVE('',#4888,(#4893,#4904),.PCURVE_S1.);
#4888 = CIRCLE('',#4889,2.5);
#4889 = AXIS2_PLACEMENT_3D('',#4890,#4891,#4892);
#4890 = CARTESIAN_POINT('',(-27.8,24.4,91.));
#4891 = DIRECTION('',(-1.,0.,0.));
#4892 = DIRECTION('',(0.,-1.,0.));
#4893 = PCURVE('',#2527,#4894);
#4894 = DEFINITIONAL_REPRESENTATION('',(#4895),#4903);
#4895 = ( BOUNDED_CURVE() B_SPLINE_CURVE(2,(#4896,#4897,#4898,#4899,
#4900,#4901,#4902),.UNSPECIFIED.,.T.,.F.) B_SPLINE_CURVE_WITH_KNOTS((1,2
    ,2,2,2,1),(-2.094395102393,0.,2.094395102393,4.188790204786,
6.28318530718,8.377580409573),.UNSPECIFIED.) CURVE() 
GEOMETRIC_REPRESENTATION_ITEM() RATIONAL_B_SPLINE_CURVE((1.,0.5,1.,0.5,
1.,0.5,1.)) REPRESENTATION_ITEM('') );
#4896 = CARTESIAN_POINT('',(1.42108547152E-14,-6.392105271237));
#4897 = CARTESIAN_POINT('',(4.330127018922,-6.392105271237));
#4898 = CARTESIAN_POINT('',(2.165063509461,-10.14210527123));
#4899 = CARTESIAN_POINT('',(1.482317811478E-14,-13.89210527123));
#4900 = CARTESIAN_POINT('',(-2.165063509461,-10.14210527123));
#4901 = CARTESIAN_POINT('',(-4.330127018922,-6.392105271237));
#4902 = CARTESIAN_POINT('',(1.42108547152E-14,-6.392105271237));
#4903 = ( GEOMETRIC_REPRESENTATION_CONTEXT(2) 
PARAMETRIC_REPRESENTATION_CONTEXT() REPRESENTATION_CONTEXT('2D SPACE',''
  ) );
#4904 = PCURVE('',#4905,#4910);
#4905 = CYLINDRICAL_SURFACE('',#4906,2.5);
#4906 = AXIS2_PLACEMENT_3D('',#4907,#4908,#4909);
#4907 = CARTESIAN_POINT('',(-27.8,24.4,91.));
#4908 = DIRECTION('',(-1.,0.,0.));
#4909 = DIRECTION('',(0.,-1.,0.));
#4910 = DEFINITIONAL_REPRESENTATION('',(#4911),#4915);
#4911 = LINE('',#4912,#4913);
#4912 = CARTESIAN_POINT('',(0.,0.));
#4913 = VECTOR('',#4914,1.);
#4914 = DIRECTION('',(1.,0.));
#4915 = ( GEOMETRIC_REPRESENTATION_CONTEXT(2) 
PARAMETRIC_REPRESENTATION_CONTEXT() REPRESENTATION_CONTEXT('2D SPACE',''
  ) );
#4916 = FACE_BOUND('',#4917,.F.);
#4917 = EDGE_LOOP('',(#4918));
#4918 = ORIENTED_EDGE('',*,*,#4919,.T.);
#4919 = EDGE_CURVE('',#4920,#4920,#4922,.T.);
#4920 = VERTEX_POINT('',#4921);
#4921 = CARTESIAN_POINT('',(-27.8,15.5,60.9));
#4922 = SURFACE_CURVE('',#4923,(#4928,#4939),.PCURVE_S1.);
#4923 = CIRCLE('',#4924,2.5);
#4924 = AXIS2_PLACEMENT_3D('',#4925,#4926,#4927);
#4925 = CARTESIAN_POINT('',(-27.8,18.,60.9));
#4926 = DIRECTION('',(-1.,0.,0.));
#4927 = DIRECTION('',(0.,-1.,0.));
#4928 = PCURVE('',#2527,#4929);
#4929 = DEFINITIONAL_REPRESENTATION('',(#4930),#4938);
#4930 = ( BOUNDED_CURVE() B_SPLINE_CURVE(2,(#4931,#4932,#4933,#4934,
#4935,#4936,#4937),.UNSPECIFIED.,.T.,.F.) B_SPLINE_CURVE_WITH_KNOTS((1,2
    ,2,2,2,1),(-2.094395102393,0.,2.094395102393,4.188790204786,
6.28318530718,8.377580409573),.UNSPECIFIED.) CURVE() 
GEOMETRIC_REPRESENTATION_ITEM() RATIONAL_B_SPLINE_CURVE((1.,0.5,1.,0.5,
1.,0.5,1.)) REPRESENTATION_ITEM('') );
#4931 = CARTESIAN_POINT('',(-30.1,7.89472876281E-03));
#4932 = CARTESIAN_POINT('',(-25.76987298107,7.89472876281E-03));
#4933 = CARTESIAN_POINT('',(-27.93493649053,-3.742105271237));
#4934 = CARTESIAN_POINT('',(-30.1,-7.492105271237));
#4935 = CARTESIAN_POINT('',(-32.26506350946,-3.742105271237));
#4936 = CARTESIAN_POINT('',(-34.43012701892,7.894728762806E-03));
#4937 = CARTESIAN_POINT('',(-30.1,7.89472876281E-03));
#4938 = ( GEOMETRIC_REPRESENTATION_CONTEXT(2) 
PARAMETRIC_REPRESENTATION_CONTEXT() REPRESENTATION_CONTEXT('2D SPACE',''
  ) );
#4939 = PCURVE('',#4940,#4945);
#4940 = CYLINDRICAL_SURFACE('',#4941,2.5);
#4941 = AXIS2_PLACEMENT_3D('',#4942,#4943,#4944);
#4942 = CARTESIAN_POINT('',(-27.8,18.,60.9));
#4943 = DIRECTION('',(-1.,0.,0.));
#4944 = DIRECTION('',(0.,-1.,0.));
#4945 = DEFINITIONAL_REPRESENTATION('',(#4946),#4950);
#4946 = LINE('',#4947,#4948);
#4947 = CARTESIAN_POINT('',(0.,0.));
#4948 = VECTOR('',#4949,1.);
#4949 = DIRECTION('',(1.,0.));
#4950 = ( GEOMETRIC_REPRESENTATION_CONTEXT(2) 
PARAMETRIC_REPRESENTATION_CONTEXT() REPRESENTATION_CONTEXT('2D SPACE',''
  ) );
#4951 = FACE_BOUND('',#4952,.F.);
#4952 = EDGE_LOOP('',(#4953));
#4953 = ORIENTED_EDGE('',*,*,#4954,.T.);
#4954 = EDGE_CURVE('',#4955,#4955,#4957,.T.);
#4955 = VERTEX_POINT('',#4956);
#4956 = CARTESIAN_POINT('',(-27.8,15.5,121.1));
#4957 = SURFACE_CURVE('',#4958,(#4963,#4974),.PCURVE_S1.);
#4958 = CIRCLE('',#4959,2.5);
#4959 = AXIS2_PLACEMENT_3D('',#4960,#4961,#4962);
#4960 = CARTESIAN_POINT('',(-27.8,18.,121.1));
#4961 = DIRECTION('',(-1.,0.,0.));
#4962 = DIRECTION('',(0.,-1.,0.));
#4963 = PCURVE('',#2527,#4964);
#4964 = DEFINITIONAL_REPRESENTATION('',(#4965),#4973);
#4965 = ( BOUNDED_CURVE() B_SPLINE_CURVE(2,(#4966,#4967,#4968,#4969,
#4970,#4971,#4972),.UNSPECIFIED.,.T.,.F.) B_SPLINE_CURVE_WITH_KNOTS((1,2
    ,2,2,2,1),(-2.094395102393,0.,2.094395102393,4.188790204786,
6.28318530718,8.377580409573),.UNSPECIFIED.) CURVE() 
GEOMETRIC_REPRESENTATION_ITEM() RATIONAL_B_SPLINE_CURVE((1.,0.5,1.,0.5,
1.,0.5,1.)) REPRESENTATION_ITEM('') );
#4966 = CARTESIAN_POINT('',(30.1,7.89472876281E-03));
#4967 = CARTESIAN_POINT('',(34.430127018922,7.89472876281E-03));
#4968 = CARTESIAN_POINT('',(32.265063509461,-3.742105271237));
#4969 = CARTESIAN_POINT('',(30.1,-7.492105271237));
#4970 = CARTESIAN_POINT('',(27.934936490539,-3.742105271237));
#4971 = CARTESIAN_POINT('',(25.769872981078,7.894728762806E-03));
#4972 = CARTESIAN_POINT('',(30.1,7.89472876281E-03));
#4973 = ( GEOMETRIC_REPRESENTATION_CONTEXT(2) 
PARAMETRIC_REPRESENTATION_CONTEXT() REPRESENTATION_CONTEXT('2D SPACE',''
  ) );
#4974 = PCURVE('',#4975,#4980);
#4975 = CYLINDRICAL_SURFACE('',#4976,2.5);
#4976 = AXIS2_PLACEMENT_3D('',#4977,#4978,#4979);
#4977 = CARTESIAN_POINT('',(-27.8,18.,121.1));
#4978 = DIRECTION('',(-1.,0.,0.));
#4979 = DIRECTION('',(0.,-1.,0.));
#4980 = DEFINITIONAL_REPRESENTATION('',(#4981),#4985);
#4981 = LINE('',#4982,#4983);
#4982 = CARTESIAN_POINT('',(0.,0.));
#4983 = VECTOR('',#4984,1.);
#4984 = DIRECTION('',(1.,0.));
#4985 = ( GEOMETRIC_REPRESENTATION_CONTEXT(2) 
PARAMETRIC_REPRESENTATION_CONTEXT() REPRESENTATION_CONTEXT('2D SPACE',''
  ) );
#4986 = ADVANCED_FACE('',(#4987),#2708,.F.);
#4987 = FACE_BOUND('',#4988,.F.);
#4988 = EDGE_LOOP('',(#4989,#5015,#5016,#5017));
#4989 = ORIENTED_EDGE('',*,*,#4990,.F.);
#4990 = EDGE_CURVE('',#2667,#2997,#4991,.T.);
#4991 = SURFACE_CURVE('',#4992,(#4997,#5004),.PCURVE_S1.);
#4992 = CIRCLE('',#4993,15.);
#4993 = AXIS2_PLACEMENT_3D('',#4994,#4995,#4996);
#4994 = CARTESIAN_POINT('',(-30.,17.5,114.));
#4995 = DIRECTION('',(-1.,0.,0.));
#4996 = DIRECTION('',(0.,-1.,0.));
#4997 = PCURVE('',#2708,#4998);
#4998 = DEFINITIONAL_REPRESENTATION('',(#4999),#5003);
#4999 = LINE('',#5000,#5001);
#5000 = CARTESIAN_POINT('',(0.,0.));
#5001 = VECTOR('',#5002,1.);
#5002 = DIRECTION('',(1.,0.));
#5003 = ( GEOMETRIC_REPRESENTATION_CONTEXT(2) 
PARAMETRIC_REPRESENTATION_CONTEXT() REPRESENTATION_CONTEXT('2D SPACE',''
  ) );
#5004 = PCURVE('',#2682,#5005);
#5005 = DEFINITIONAL_REPRESENTATION('',(#5006),#5014);
#5006 = ( BOUNDED_CURVE() B_SPLINE_CURVE(2,(#5007,#5008,#5009,#5010,
#5011,#5012,#5013),.UNSPECIFIED.,.T.,.F.) B_SPLINE_CURVE_WITH_KNOTS((1,2
    ,2,2,2,1),(-2.094395102393,0.,2.094395102393,4.188790204786,
6.28318530718,8.377580409573),.UNSPECIFIED.) CURVE() 
GEOMETRIC_REPRESENTATION_ITEM() RATIONAL_B_SPLINE_CURVE((1.,0.5,1.,0.5,
1.,0.5,1.)) REPRESENTATION_ITEM('') );
#5007 = CARTESIAN_POINT('',(25.,-71.));
#5008 = CARTESIAN_POINT('',(25.,-96.98076211353));
#5009 = CARTESIAN_POINT('',(2.5,-83.99038105676));
#5010 = CARTESIAN_POINT('',(-20.,-71.));
#5011 = CARTESIAN_POINT('',(2.5,-58.00961894323));
#5012 = CARTESIAN_POINT('',(25.,-45.01923788646));
#5013 = CARTESIAN_POINT('',(25.,-71.));
#5014 = ( GEOMETRIC_REPRESENTATION_CONTEXT(2) 
PARAMETRIC_REPRESENTATION_CONTEXT() REPRESENTATION_CONTEXT('2D SPACE',''
  ) );
#5015 = ORIENTED_EDGE('',*,*,#2694,.T.);
#5016 = ORIENTED_EDGE('',*,*,#4856,.T.);
#5017 = ORIENTED_EDGE('',*,*,#3019,.T.);
#5018 = ADVANCED_FACE('',(#5019),#2682,.F.);
#5019 = FACE_BOUND('',#5020,.F.);
#5020 = EDGE_LOOP('',(#5021,#5022,#5023));
#5021 = ORIENTED_EDGE('',*,*,#4990,.T.);
#5022 = ORIENTED_EDGE('',*,*,#2996,.T.);
#5023 = ORIENTED_EDGE('',*,*,#2666,.T.);
#5024 = ADVANCED_FACE('',(#5025),#2583,.T.);
#5025 = FACE_BOUND('',#5026,.T.);
#5026 = EDGE_LOOP('',(#5027,#5028,#5051,#5077,#5078));
#5027 = ORIENTED_EDGE('',*,*,#2567,.F.);
#5028 = ORIENTED_EDGE('',*,*,#5029,.T.);
#5029 = EDGE_CURVE('',#2540,#5030,#5032,.T.);
#5030 = VERTEX_POINT('',#5031);
#5031 = CARTESIAN_POINT('',(-25.,1.,53.));
#5032 = SURFACE_CURVE('',#5033,(#5037,#5044),.PCURVE_S1.);
#5033 = LINE('',#5034,#5035);
#5034 = CARTESIAN_POINT('',(-25.,1.,129.));
#5035 = VECTOR('',#5036,1.);
#5036 = DIRECTION('',(-0.,-0.,-1.));
#5037 = PCURVE('',#2583,#5038);
#5038 = DEFINITIONAL_REPRESENTATION('',(#5039),#5043);
#5039 = LINE('',#5040,#5041);
#5040 = CARTESIAN_POINT('',(0.,0.));
#5041 = VECTOR('',#5042,1.);
#5042 = DIRECTION('',(0.,-1.));
#5043 = ( GEOMETRIC_REPRESENTATION_CONTEXT(2) 
PARAMETRIC_REPRESENTATION_CONTEXT() REPRESENTATION_CONTEXT('2D SPACE',''
  ) );
#5044 = PCURVE('',#2555,#5045);
#5045 = DEFINITIONAL_REPRESENTATION('',(#5046),#5050);
#5046 = LINE('',#5047,#5048);
#5047 = CARTESIAN_POINT('',(5.,0.));
#5048 = VECTOR('',#5049,1.);
#5049 = DIRECTION('',(0.,-1.));
#5050 = ( GEOMETRIC_REPRESENTATION_CONTEXT(2) 
PARAMETRIC_REPRESENTATION_CONTEXT() REPRESENTATION_CONTEXT('2D SPACE',''
  ) );
#5051 = ORIENTED_EDGE('',*,*,#5052,.T.);
#5052 = EDGE_CURVE('',#5030,#2803,#5053,.T.);
#5053 = SURFACE_CURVE('',#5054,(#5058,#5065),.PCURVE_S1.);
#5054 = LINE('',#5055,#5056);
#5055 = CARTESIAN_POINT('',(-25.,9.25,53.));
#5056 = VECTOR('',#5057,1.);
#5057 = DIRECTION('',(-0.,-1.,-0.));
#5058 = PCURVE('',#2583,#5059);
#5059 = DEFINITIONAL_REPRESENTATION('',(#5060),#5064);
#5060 = LINE('',#5061,#5062);
#5061 = CARTESIAN_POINT('',(-8.25,-76.));
#5062 = VECTOR('',#5063,1.);
#5063 = DIRECTION('',(1.,0.));
#5064 = ( GEOMETRIC_REPRESENTATION_CONTEXT(2) 
PARAMETRIC_REPRESENTATION_CONTEXT() REPRESENTATION_CONTEXT('2D SPACE',''
  ) );
#5065 = PCURVE('',#5066,#5071);
#5066 = PLANE('',#5067);
#5067 = AXIS2_PLACEMENT_3D('',#5068,#5069,#5070);
#5068 = CARTESIAN_POINT('',(-25.,-11.,53.));
#5069 = DIRECTION('',(1.,0.,0.));
#5070 = DIRECTION('',(0.,1.,0.));
#5071 = DEFINITIONAL_REPRESENTATION('',(#5072),#5076);
#5072 = LINE('',#5073,#5074);
#5073 = CARTESIAN_POINT('',(20.25,0.));
#5074 = VECTOR('',#5075,1.);
#5075 = DIRECTION('',(-1.,0.));
#5076 = ( GEOMETRIC_REPRESENTATION_CONTEXT(2) 
PARAMETRIC_REPRESENTATION_CONTEXT() REPRESENTATION_CONTEXT('2D SPACE',''
  ) );
#5077 = ORIENTED_EDGE('',*,*,#2830,.T.);
#5078 = ORIENTED_EDGE('',*,*,#2724,.F.);
#5079 = ADVANCED_FACE('',(#5080),#2555,.T.);
#5080 = FACE_BOUND('',#5081,.T.);
#5081 = EDGE_LOOP('',(#5082,#5083,#5084,#5105));
#5082 = ORIENTED_EDGE('',*,*,#2539,.F.);
#5083 = ORIENTED_EDGE('',*,*,#4783,.F.);
#5084 = ORIENTED_EDGE('',*,*,#5085,.T.);
#5085 = EDGE_CURVE('',#4784,#5030,#5086,.T.);
#5086 = SURFACE_CURVE('',#5087,(#5091,#5098),.PCURVE_S1.);
#5087 = LINE('',#5088,#5089);
#5088 = CARTESIAN_POINT('',(-30.,1.,53.));
#5089 = VECTOR('',#5090,1.);
#5090 = DIRECTION('',(1.,0.,0.));
#5091 = PCURVE('',#2555,#5092);
#5092 = DEFINITIONAL_REPRESENTATION('',(#5093),#5097);
#5093 = LINE('',#5094,#5095);
#5094 = CARTESIAN_POINT('',(0.,-76.));
#5095 = VECTOR('',#5096,1.);
#5096 = DIRECTION('',(1.,0.));
#5097 = ( GEOMETRIC_REPRESENTATION_CONTEXT(2) 
PARAMETRIC_REPRESENTATION_CONTEXT() REPRESENTATION_CONTEXT('2D SPACE',''
  ) );
#5098 = PCURVE('',#3269,#5099);
#5099 = DEFINITIONAL_REPRESENTATION('',(#5100),#5104);
#5100 = LINE('',#5101,#5102);
#5101 = CARTESIAN_POINT('',(5.,0.));
#5102 = VECTOR('',#5103,1.);
#5103 = DIRECTION('',(-1.,0.));
#5104 = ( GEOMETRIC_REPRESENTATION_CONTEXT(2) 
PARAMETRIC_REPRESENTATION_CONTEXT() REPRESENTATION_CONTEXT('2D SPACE',''
  ) );
#5105 = ORIENTED_EDGE('',*,*,#5029,.F.);
#5106 = ADVANCED_FACE('',(#5107),#2818,.F.);
#5107 = FACE_BOUND('',#5108,.F.);
#5108 = EDGE_LOOP('',(#5109,#5110,#5133,#5154));
#5109 = ORIENTED_EDGE('',*,*,#3309,.T.);
#5110 = ORIENTED_EDGE('',*,*,#5111,.T.);
#5111 = EDGE_CURVE('',#3282,#5112,#5114,.T.);
#5112 = VERTEX_POINT('',#5113);
#5113 = CARTESIAN_POINT('',(-25.,-11.,50.));
#5114 = SURFACE_CURVE('',#5115,(#5119,#5126),.PCURVE_S1.);
#5115 = LINE('',#5116,#5117);
#5116 = CARTESIAN_POINT('',(-30.,-11.,50.));
#5117 = VECTOR('',#5118,1.);
#5118 = DIRECTION('',(1.,0.,0.));
#5119 = PCURVE('',#2818,#5120);
#5120 = DEFINITIONAL_REPRESENTATION('',(#5121),#5125);
#5121 = LINE('',#5122,#5123);
#5122 = CARTESIAN_POINT('',(0.,-3.));
#5123 = VECTOR('',#5124,1.);
#5124 = DIRECTION('',(1.,0.));
#5125 = ( GEOMETRIC_REPRESENTATION_CONTEXT(2) 
PARAMETRIC_REPRESENTATION_CONTEXT() REPRESENTATION_CONTEXT('2D SPACE',''
  ) );
#5126 = PCURVE('',#3297,#5127);
#5127 = DEFINITIONAL_REPRESENTATION('',(#5128),#5132);
#5128 = LINE('',#5129,#5130);
#5129 = CARTESIAN_POINT('',(-2.5,-6.));
#5130 = VECTOR('',#5131,1.);
#5131 = DIRECTION('',(1.,0.));
#5132 = ( GEOMETRIC_REPRESENTATION_CONTEXT(2) 
PARAMETRIC_REPRESENTATION_CONTEXT() REPRESENTATION_CONTEXT('2D SPACE',''
  ) );
#5133 = ORIENTED_EDGE('',*,*,#5134,.F.);
#5134 = EDGE_CURVE('',#2803,#5112,#5135,.T.);
#5135 = SURFACE_CURVE('',#5136,(#5140,#5147),.PCURVE_S1.);
#5136 = LINE('',#5137,#5138);
#5137 = CARTESIAN_POINT('',(-25.,-11.,53.));
#5138 = VECTOR('',#5139,1.);
#5139 = DIRECTION('',(-0.,-0.,-1.));
#5140 = PCURVE('',#2818,#5141);
#5141 = DEFINITIONAL_REPRESENTATION('',(#5142),#5146);
#5142 = LINE('',#5143,#5144);
#5143 = CARTESIAN_POINT('',(5.,0.));
#5144 = VECTOR('',#5145,1.);
#5145 = DIRECTION('',(0.,-1.));
#5146 = ( GEOMETRIC_REPRESENTATION_CONTEXT(2) 
PARAMETRIC_REPRESENTATION_CONTEXT() REPRESENTATION_CONTEXT('2D SPACE',''
  ) );
#5147 = PCURVE('',#5066,#5148);
#5148 = DEFINITIONAL_REPRESENTATION('',(#5149),#5153);
#5149 = LINE('',#5150,#5151);
#5150 = CARTESIAN_POINT('',(0.,0.));
#5151 = VECTOR('',#5152,1.);
#5152 = DIRECTION('',(0.,-1.));
#5153 = ( GEOMETRIC_REPRESENTATION_CONTEXT(2) 
PARAMETRIC_REPRESENTATION_CONTEXT() REPRESENTATION_CONTEXT('2D SPACE',''
  ) );
#5154 = ORIENTED_EDGE('',*,*,#2802,.F.);
#5155 = ADVANCED_FACE('',(#5156),#3146,.F.);
#5156 = FACE_BOUND('',#5157,.F.);
#5157 = EDGE_LOOP('',(#5158,#5159,#5160,#5161));
#5158 = ORIENTED_EDGE('',*,*,#3197,.F.);
#5159 = ORIENTED_EDGE('',*,*,#3104,.F.);
#5160 = ORIENTED_EDGE('',*,*,#4829,.T.);
#5161 = ORIENTED_EDGE('',*,*,#5162,.F.);
#5162 = EDGE_CURVE('',#3198,#4807,#5163,.T.);
#5163 = SURFACE_CURVE('',#5164,(#5168,#5175),.PCURVE_S1.);
#5164 = LINE('',#5165,#5166);
#5165 = CARTESIAN_POINT('',(-30.,17.5,53.));
#5166 = VECTOR('',#5167,1.);
#5167 = DIRECTION('',(1.,0.,0.));
#5168 = PCURVE('',#3146,#5169);
#5169 = DEFINITIONAL_REPRESENTATION('',(#5170),#5174);
#5170 = LINE('',#5171,#5172);
#5171 = CARTESIAN_POINT('',(4.712388980385,0.));
#5172 = VECTOR('',#5173,1.);
#5173 = DIRECTION('',(0.,-1.));
#5174 = ( GEOMETRIC_REPRESENTATION_CONTEXT(2) 
PARAMETRIC_REPRESENTATION_CONTEXT() REPRESENTATION_CONTEXT('2D SPACE',''
  ) );
#5175 = PCURVE('',#3241,#5176);
#5176 = DEFINITIONAL_REPRESENTATION('',(#5177),#5181);
#5177 = LINE('',#5178,#5179);
#5178 = CARTESIAN_POINT('',(0.,-0.));
#5179 = VECTOR('',#5180,1.);
#5180 = DIRECTION('',(0.,-1.));
#5181 = ( GEOMETRIC_REPRESENTATION_CONTEXT(2) 
PARAMETRIC_REPRESENTATION_CONTEXT() REPRESENTATION_CONTEXT('2D SPACE',''
  ) );
#5182 = ADVANCED_FACE('',(#5183),#3297,.T.);
#5183 = FACE_BOUND('',#5184,.T.);
#5184 = EDGE_LOOP('',(#5185,#5208,#5209,#5210));
#5185 = ORIENTED_EDGE('',*,*,#5186,.T.);
#5186 = EDGE_CURVE('',#5187,#3254,#5189,.T.);
#5187 = VERTEX_POINT('',#5188);
#5188 = CARTESIAN_POINT('',(-25.,1.,50.));
#5189 = SURFACE_CURVE('',#5190,(#5194,#5201),.PCURVE_S1.);
#5190 = LINE('',#5191,#5192);
#5191 = CARTESIAN_POINT('',(-25.,1.,50.));
#5192 = VECTOR('',#5193,1.);
#5193 = DIRECTION('',(-1.,0.,0.));
#5194 = PCURVE('',#3297,#5195);
#5195 = DEFINITIONAL_REPRESENTATION('',(#5196),#5200);
#5196 = LINE('',#5197,#5198);
#5197 = CARTESIAN_POINT('',(2.5,6.));
#5198 = VECTOR('',#5199,1.);
#5199 = DIRECTION('',(-1.,0.));
#5200 = ( GEOMETRIC_REPRESENTATION_CONTEXT(2) 
PARAMETRIC_REPRESENTATION_CONTEXT() REPRESENTATION_CONTEXT('2D SPACE',''
  ) );
#5201 = PCURVE('',#3269,#5202);
#5202 = DEFINITIONAL_REPRESENTATION('',(#5203),#5207);
#5203 = LINE('',#5204,#5205);
#5204 = CARTESIAN_POINT('',(0.,-3.));
#5205 = VECTOR('',#5206,1.);
#5206 = DIRECTION('',(1.,0.));
#5207 = ( GEOMETRIC_REPRESENTATION_CONTEXT(2) 
PARAMETRIC_REPRESENTATION_CONTEXT() REPRESENTATION_CONTEXT('2D SPACE',''
  ) );
#5208 = ORIENTED_EDGE('',*,*,#3281,.T.);
#5209 = ORIENTED_EDGE('',*,*,#5111,.T.);
#5210 = ORIENTED_EDGE('',*,*,#5211,.T.);
#5211 = EDGE_CURVE('',#5112,#5187,#5212,.T.);
#5212 = SURFACE_CURVE('',#5213,(#5217,#5224),.PCURVE_S1.);
#5213 = LINE('',#5214,#5215);
#5214 = CARTESIAN_POINT('',(-25.,-11.,50.));
#5215 = VECTOR('',#5216,1.);
#5216 = DIRECTION('',(0.,1.,0.));
#5217 = PCURVE('',#3297,#5218);
#5218 = DEFINITIONAL_REPRESENTATION('',(#5219),#5223);
#5219 = LINE('',#5220,#5221);
#5220 = CARTESIAN_POINT('',(2.5,-6.));
#5221 = VECTOR('',#5222,1.);
#5222 = DIRECTION('',(0.,1.));
#5223 = ( GEOMETRIC_REPRESENTATION_CONTEXT(2) 
PARAMETRIC_REPRESENTATION_CONTEXT() REPRESENTATION_CONTEXT('2D SPACE',''
  ) );
#5224 = PCURVE('',#5066,#5225);
#5225 = DEFINITIONAL_REPRESENTATION('',(#5226),#5230);
#5226 = LINE('',#5227,#5228);
#5227 = CARTESIAN_POINT('',(0.,-3.));
#5228 = VECTOR('',#5229,1.);
#5229 = DIRECTION('',(1.,0.));
#5230 = ( GEOMETRIC_REPRESENTATION_CONTEXT(2) 
PARAMETRIC_REPRESENTATION_CONTEXT() REPRESENTATION_CONTEXT('2D SPACE',''
  ) );
#5231 = ADVANCED_FACE('',(#5232),#3269,.F.);
#5232 = FACE_BOUND('',#5233,.F.);
#5233 = EDGE_LOOP('',(#5234,#5255,#5256,#5257,#5278));
#5234 = ORIENTED_EDGE('',*,*,#5235,.T.);
#5235 = EDGE_CURVE('',#5030,#5187,#5236,.T.);
#5236 = SURFACE_CURVE('',#5237,(#5241,#5248),.PCURVE_S1.);
#5237 = LINE('',#5238,#5239);
#5238 = CARTESIAN_POINT('',(-25.,1.,53.));
#5239 = VECTOR('',#5240,1.);
#5240 = DIRECTION('',(-0.,-0.,-1.));
#5241 = PCURVE('',#3269,#5242);
#5242 = DEFINITIONAL_REPRESENTATION('',(#5243),#5247);
#5243 = LINE('',#5244,#5245);
#5244 = CARTESIAN_POINT('',(0.,0.));
#5245 = VECTOR('',#5246,1.);
#5246 = DIRECTION('',(0.,-1.));
#5247 = ( GEOMETRIC_REPRESENTATION_CONTEXT(2) 
PARAMETRIC_REPRESENTATION_CONTEXT() REPRESENTATION_CONTEXT('2D SPACE',''
  ) );
#5248 = PCURVE('',#5066,#5249);
#5249 = DEFINITIONAL_REPRESENTATION('',(#5250),#5254);
#5250 = LINE('',#5251,#5252);
#5251 = CARTESIAN_POINT('',(12.,0.));
#5252 = VECTOR('',#5253,1.);
#5253 = DIRECTION('',(0.,-1.));
#5254 = ( GEOMETRIC_REPRESENTATION_CONTEXT(2) 
PARAMETRIC_REPRESENTATION_CONTEXT() REPRESENTATION_CONTEXT('2D SPACE',''
  ) );
#5255 = ORIENTED_EDGE('',*,*,#5186,.T.);
#5256 = ORIENTED_EDGE('',*,*,#3253,.F.);
#5257 = ORIENTED_EDGE('',*,*,#5258,.T.);
#5258 = EDGE_CURVE('',#3226,#4784,#5259,.T.);
#5259 = SURFACE_CURVE('',#5260,(#5264,#5271),.PCURVE_S1.);
#5260 = LINE('',#5261,#5262);
#5261 = CARTESIAN_POINT('',(-30.,1.,53.));
#5262 = VECTOR('',#5263,1.);
#5263 = DIRECTION('',(1.,0.,0.));
#5264 = PCURVE('',#3269,#5265);
#5265 = DEFINITIONAL_REPRESENTATION('',(#5266),#5270);
#5266 = LINE('',#5267,#5268);
#5267 = CARTESIAN_POINT('',(5.,0.));
#5268 = VECTOR('',#5269,1.);
#5269 = DIRECTION('',(-1.,0.));
#5270 = ( GEOMETRIC_REPRESENTATION_CONTEXT(2) 
PARAMETRIC_REPRESENTATION_CONTEXT() REPRESENTATION_CONTEXT('2D SPACE',''
  ) );
#5271 = PCURVE('',#3241,#5272);
#5272 = DEFINITIONAL_REPRESENTATION('',(#5273),#5277);
#5273 = LINE('',#5274,#5275);
#5274 = CARTESIAN_POINT('',(16.5,0.));
#5275 = VECTOR('',#5276,1.);
#5276 = DIRECTION('',(0.,-1.));
#5277 = ( GEOMETRIC_REPRESENTATION_CONTEXT(2) 
PARAMETRIC_REPRESENTATION_CONTEXT() REPRESENTATION_CONTEXT('2D SPACE',''
  ) );
#5278 = ORIENTED_EDGE('',*,*,#5085,.T.);
#5279 = ADVANCED_FACE('',(#5280),#3241,.F.);
#5280 = FACE_BOUND('',#5281,.F.);
#5281 = EDGE_LOOP('',(#5282,#5283,#5284,#5285));
#5282 = ORIENTED_EDGE('',*,*,#5162,.T.);
#5283 = ORIENTED_EDGE('',*,*,#4806,.T.);
#5284 = ORIENTED_EDGE('',*,*,#5258,.F.);
#5285 = ORIENTED_EDGE('',*,*,#3225,.F.);
#5286 = ADVANCED_FACE('',(#5287,#5290),#3487,.T.);
#5287 = FACE_BOUND('',#5288,.T.);
#5288 = EDGE_LOOP('',(#5289));
#5289 = ORIENTED_EDGE('',*,*,#3707,.T.);
#5290 = FACE_BOUND('',#5291,.T.);
#5291 = EDGE_LOOP('',(#5292));
#5292 = ORIENTED_EDGE('',*,*,#3472,.T.);
#5293 = ADVANCED_FACE('',(#5294,#5297),#3546,.T.);
#5294 = FACE_BOUND('',#5295,.T.);
#5295 = EDGE_LOOP('',(#5296));
#5296 = ORIENTED_EDGE('',*,*,#3759,.T.);
#5297 = FACE_BOUND('',#5298,.T.);
#5298 = EDGE_LOOP('',(#5299));
#5299 = ORIENTED_EDGE('',*,*,#3531,.T.);
#5300 = ADVANCED_FACE('',(#5301,#5304),#3605,.T.);
#5301 = FACE_BOUND('',#5302,.T.);
#5302 = EDGE_LOOP('',(#5303));
#5303 = ORIENTED_EDGE('',*,*,#3859,.T.);
#5304 = FACE_BOUND('',#5305,.T.);
#5305 = EDGE_LOOP('',(#5306));
#5306 = ORIENTED_EDGE('',*,*,#3590,.T.);
#5307 = ADVANCED_FACE('',(#5308,#5311),#3664,.T.);
#5308 = FACE_BOUND('',#5309,.T.);
#5309 = EDGE_LOOP('',(#5310));
#5310 = ORIENTED_EDGE('',*,*,#3809,.T.);
#5311 = FACE_BOUND('',#5312,.T.);
#5312 = EDGE_LOOP('',(#5313));
#5313 = ORIENTED_EDGE('',*,*,#3649,.T.);
#5314 = ADVANCED_FACE('',(#5315,#5323),#3903,.T.);
#5315 = FACE_BOUND('',#5316,.T.);
#5316 = EDGE_LOOP('',(#5317,#5318,#5319,#5320,#5321,#5322));
#5317 = ORIENTED_EDGE('',*,*,#4157,.F.);
#5318 = ORIENTED_EDGE('',*,*,#4108,.F.);
#5319 = ORIENTED_EDGE('',*,*,#4059,.F.);
#5320 = ORIENTED_EDGE('',*,*,#4010,.F.);
#5321 = ORIENTED_EDGE('',*,*,#3961,.F.);
#5322 = ORIENTED_EDGE('',*,*,#3885,.F.);
#5323 = FACE_BOUND('',#5324,.T.);
#5324 = EDGE_LOOP('',(#5325));
#5325 = ORIENTED_EDGE('',*,*,#5326,.T.);
#5326 = EDGE_CURVE('',#5327,#5327,#5329,.T.);
#5327 = VERTEX_POINT('',#5328);
#5328 = CARTESIAN_POINT('',(-22.8,15.5,60.9));
#5329 = SURFACE_CURVE('',#5330,(#5335,#5346),.PCURVE_S1.);
#5330 = CIRCLE('',#5331,2.5);
#5331 = AXIS2_PLACEMENT_3D('',#5332,#5333,#5334);
#5332 = CARTESIAN_POINT('',(-22.8,18.,60.9));
#5333 = DIRECTION('',(-1.,0.,0.));
#5334 = DIRECTION('',(0.,-1.,0.));
#5335 = PCURVE('',#3903,#5336);
#5336 = DEFINITIONAL_REPRESENTATION('',(#5337),#5345);
#5337 = ( BOUNDED_CURVE() B_SPLINE_CURVE(2,(#5338,#5339,#5340,#5341,
#5342,#5343,#5344),.UNSPECIFIED.,.T.,.F.) B_SPLINE_CURVE_WITH_KNOTS((1,2
    ,2,2,2,1),(-2.094395102393,0.,2.094395102393,4.188790204786,
6.28318530718,8.377580409573),.UNSPECIFIED.) CURVE() 
GEOMETRIC_REPRESENTATION_ITEM() RATIONAL_B_SPLINE_CURVE((1.,0.5,1.,0.5,
1.,0.5,1.)) REPRESENTATION_ITEM('') );
#5338 = CARTESIAN_POINT('',(-30.1,4.633333333333));
#5339 = CARTESIAN_POINT('',(-25.76987298108,4.633333333333));
#5340 = CARTESIAN_POINT('',(-27.93493649054,0.883333333333));
#5341 = CARTESIAN_POINT('',(-30.1,-2.866666666667));
#5342 = CARTESIAN_POINT('',(-32.26506350946,0.883333333333));
#5343 = CARTESIAN_POINT('',(-34.43012701892,4.633333333333));
#5344 = CARTESIAN_POINT('',(-30.1,4.633333333333));
#5345 = ( GEOMETRIC_REPRESENTATION_CONTEXT(2) 
PARAMETRIC_REPRESENTATION_CONTEXT() REPRESENTATION_CONTEXT('2D SPACE',''
  ) );
#5346 = PCURVE('',#4940,#5347);
#5347 = DEFINITIONAL_REPRESENTATION('',(#5348),#5352);
#5348 = LINE('',#5349,#5350);
#5349 = CARTESIAN_POINT('',(0.,-5.));
#5350 = VECTOR('',#5351,1.);
#5351 = DIRECTION('',(1.,0.));
#5352 = ( GEOMETRIC_REPRESENTATION_CONTEXT(2) 
PARAMETRIC_REPRESENTATION_CONTEXT() REPRESENTATION_CONTEXT('2D SPACE',''
  ) );
#5353 = ADVANCED_FACE('',(#5354,#5362),#4202,.T.);
#5354 = FACE_BOUND('',#5355,.T.);
#5355 = EDGE_LOOP('',(#5356,#5357,#5358,#5359,#5360,#5361));
#5356 = ORIENTED_EDGE('',*,*,#4184,.F.);
#5357 = ORIENTED_EDGE('',*,*,#4260,.F.);
#5358 = ORIENTED_EDGE('',*,*,#4309,.F.);
#5359 = ORIENTED_EDGE('',*,*,#4358,.F.);
#5360 = ORIENTED_EDGE('',*,*,#4407,.F.);
#5361 = ORIENTED_EDGE('',*,*,#4456,.F.);
#5362 = FACE_BOUND('',#5363,.T.);
#5363 = EDGE_LOOP('',(#5364));
#5364 = ORIENTED_EDGE('',*,*,#5365,.T.);
#5365 = EDGE_CURVE('',#5366,#5366,#5368,.T.);
#5366 = VERTEX_POINT('',#5367);
#5367 = CARTESIAN_POINT('',(-22.8,15.5,121.1));
#5368 = SURFACE_CURVE('',#5369,(#5374,#5385),.PCURVE_S1.);
#5369 = CIRCLE('',#5370,2.5);
#5370 = AXIS2_PLACEMENT_3D('',#5371,#5372,#5373);
#5371 = CARTESIAN_POINT('',(-22.8,18.,121.1));
#5372 = DIRECTION('',(-1.,0.,0.));
#5373 = DIRECTION('',(0.,-1.,0.));
#5374 = PCURVE('',#4202,#5375);
#5375 = DEFINITIONAL_REPRESENTATION('',(#5376),#5384);
#5376 = ( BOUNDED_CURVE() B_SPLINE_CURVE(2,(#5377,#5378,#5379,#5380,
#5381,#5382,#5383),.UNSPECIFIED.,.T.,.F.) B_SPLINE_CURVE_WITH_KNOTS((1,2
    ,2,2,2,1),(-2.094395102393,0.,2.094395102393,4.188790204786,
6.28318530718,8.377580409573),.UNSPECIFIED.) CURVE() 
GEOMETRIC_REPRESENTATION_ITEM() RATIONAL_B_SPLINE_CURVE((1.,0.5,1.,0.5,
1.,0.5,1.)) REPRESENTATION_ITEM('') );
#5377 = CARTESIAN_POINT('',(30.099999999998,4.633333333333));
#5378 = CARTESIAN_POINT('',(34.43012701892,4.633333333333));
#5379 = CARTESIAN_POINT('',(32.265063509459,0.883333333333));
#5380 = CARTESIAN_POINT('',(30.099999999998,-2.866666666667));
#5381 = CARTESIAN_POINT('',(27.934936490537,0.883333333333));
#5382 = CARTESIAN_POINT('',(25.769872981076,4.633333333333));
#5383 = CARTESIAN_POINT('',(30.099999999998,4.633333333333));
#5384 = ( GEOMETRIC_REPRESENTATION_CONTEXT(2) 
PARAMETRIC_REPRESENTATION_CONTEXT() REPRESENTATION_CONTEXT('2D SPACE',''
  ) );
#5385 = PCURVE('',#4975,#5386);
#5386 = DEFINITIONAL_REPRESENTATION('',(#5387),#5391);
#5387 = LINE('',#5388,#5389);
#5388 = CARTESIAN_POINT('',(0.,-5.));
#5389 = VECTOR('',#5390,1.);
#5390 = DIRECTION('',(1.,0.));
#5391 = ( GEOMETRIC_REPRESENTATION_CONTEXT(2) 
PARAMETRIC_REPRESENTATION_CONTEXT() REPRESENTATION_CONTEXT('2D SPACE',''
  ) );
#5392 = ADVANCED_FACE('',(#5393,#5401),#4501,.T.);
#5393 = FACE_BOUND('',#5394,.T.);
#5394 = EDGE_LOOP('',(#5395,#5396,#5397,#5398,#5399,#5400));
#5395 = ORIENTED_EDGE('',*,*,#4483,.F.);
#5396 = ORIENTED_EDGE('',*,*,#4559,.F.);
#5397 = ORIENTED_EDGE('',*,*,#4608,.F.);
#5398 = ORIENTED_EDGE('',*,*,#4657,.F.);
#5399 = ORIENTED_EDGE('',*,*,#4706,.F.);
#5400 = ORIENTED_EDGE('',*,*,#4755,.F.);
#5401 = FACE_BOUND('',#5402,.T.);
#5402 = EDGE_LOOP('',(#5403));
#5403 = ORIENTED_EDGE('',*,*,#5404,.T.);
#5404 = EDGE_CURVE('',#5405,#5405,#5407,.T.);
#5405 = VERTEX_POINT('',#5406);
#5406 = CARTESIAN_POINT('',(-22.8,21.9,91.));
#5407 = SURFACE_CURVE('',#5408,(#5413,#5424),.PCURVE_S1.);
#5408 = CIRCLE('',#5409,2.5);
#5409 = AXIS2_PLACEMENT_3D('',#5410,#5411,#5412);
#5410 = CARTESIAN_POINT('',(-22.8,24.4,91.));
#5411 = DIRECTION('',(-1.,0.,0.));
#5412 = DIRECTION('',(0.,-1.,0.));
#5413 = PCURVE('',#4501,#5414);
#5414 = DEFINITIONAL_REPRESENTATION('',(#5415),#5423);
#5415 = ( BOUNDED_CURVE() B_SPLINE_CURVE(2,(#5416,#5417,#5418,#5419,
#5420,#5421,#5422),.UNSPECIFIED.,.T.,.F.) B_SPLINE_CURVE_WITH_KNOTS((1,2
    ,2,2,2,1),(-2.094395102393,0.,2.094395102393,4.188790204786,
6.28318530718,8.377580409573),.UNSPECIFIED.) CURVE() 
GEOMETRIC_REPRESENTATION_ITEM() RATIONAL_B_SPLINE_CURVE((1.,0.5,1.,0.5,
1.,0.5,1.)) REPRESENTATION_ITEM('') );
#5416 = CARTESIAN_POINT('',(-1.890043677122E-12,-1.766666666667));
#5417 = CARTESIAN_POINT('',(4.33012701892,-1.766666666667));
#5418 = CARTESIAN_POINT('',(2.165063509459,-5.516666666667));
#5419 = CARTESIAN_POINT('',(-1.889431353722E-12,-9.266666666667));
#5420 = CARTESIAN_POINT('',(-2.165063509463,-5.516666666667));
#5421 = CARTESIAN_POINT('',(-4.330127018924,-1.766666666667));
#5422 = CARTESIAN_POINT('',(-1.890043677122E-12,-1.766666666667));
#5423 = ( GEOMETRIC_REPRESENTATION_CONTEXT(2) 
PARAMETRIC_REPRESENTATION_CONTEXT() REPRESENTATION_CONTEXT('2D SPACE',''
  ) );
#5424 = PCURVE('',#4905,#5425);
#5425 = DEFINITIONAL_REPRESENTATION('',(#5426),#5430);
#5426 = LINE('',#5427,#5428);
#5427 = CARTESIAN_POINT('',(0.,-5.));
#5428 = VECTOR('',#5429,1.);
#5429 = DIRECTION('',(1.,0.));
#5430 = ( GEOMETRIC_REPRESENTATION_CONTEXT(2) 
PARAMETRIC_REPRESENTATION_CONTEXT() REPRESENTATION_CONTEXT('2D SPACE',''
  ) );
#5431 = ADVANCED_FACE('',(#5432),#4905,.F.);
#5432 = FACE_BOUND('',#5433,.F.);
#5433 = EDGE_LOOP('',(#5434,#5455,#5456,#5457));
#5434 = ORIENTED_EDGE('',*,*,#5435,.T.);
#5435 = EDGE_CURVE('',#4885,#5405,#5436,.T.);
#5436 = SEAM_CURVE('',#5437,(#5441,#5448),.PCURVE_S1.);
#5437 = LINE('',#5438,#5439);
#5438 = CARTESIAN_POINT('',(-27.8,21.9,91.));
#5439 = VECTOR('',#5440,1.);
#5440 = DIRECTION('',(1.,0.,0.));
#5441 = PCURVE('',#4905,#5442);
#5442 = DEFINITIONAL_REPRESENTATION('',(#5443),#5447);
#5443 = LINE('',#5444,#5445);
#5444 = CARTESIAN_POINT('',(0.,0.));
#5445 = VECTOR('',#5446,1.);
#5446 = DIRECTION('',(0.,-1.));
#5447 = ( GEOMETRIC_REPRESENTATION_CONTEXT(2) 
PARAMETRIC_REPRESENTATION_CONTEXT() REPRESENTATION_CONTEXT('2D SPACE',''
  ) );
#5448 = PCURVE('',#4905,#5449);
#5449 = DEFINITIONAL_REPRESENTATION('',(#5450),#5454);
#5450 = LINE('',#5451,#5452);
#5451 = CARTESIAN_POINT('',(6.28318530718,0.));
#5452 = VECTOR('',#5453,1.);
#5453 = DIRECTION('',(0.,-1.));
#5454 = ( GEOMETRIC_REPRESENTATION_CONTEXT(2) 
PARAMETRIC_REPRESENTATION_CONTEXT() REPRESENTATION_CONTEXT('2D SPACE',''
  ) );
#5455 = ORIENTED_EDGE('',*,*,#5404,.T.);
#5456 = ORIENTED_EDGE('',*,*,#5435,.F.);
#5457 = ORIENTED_EDGE('',*,*,#4884,.F.);
#5458 = ADVANCED_FACE('',(#5459),#4940,.F.);
#5459 = FACE_BOUND('',#5460,.F.);
#5460 = EDGE_LOOP('',(#5461,#5482,#5483,#5484));
#5461 = ORIENTED_EDGE('',*,*,#5462,.T.);
#5462 = EDGE_CURVE('',#4920,#5327,#5463,.T.);
#5463 = SEAM_CURVE('',#5464,(#5468,#5475),.PCURVE_S1.);
#5464 = LINE('',#5465,#5466);
#5465 = CARTESIAN_POINT('',(-27.8,15.5,60.9));
#5466 = VECTOR('',#5467,1.);
#5467 = DIRECTION('',(1.,0.,0.));
#5468 = PCURVE('',#4940,#5469);
#5469 = DEFINITIONAL_REPRESENTATION('',(#5470),#5474);
#5470 = LINE('',#5471,#5472);
#5471 = CARTESIAN_POINT('',(0.,0.));
#5472 = VECTOR('',#5473,1.);
#5473 = DIRECTION('',(0.,-1.));
#5474 = ( GEOMETRIC_REPRESENTATION_CONTEXT(2) 
PARAMETRIC_REPRESENTATION_CONTEXT() REPRESENTATION_CONTEXT('2D SPACE',''
  ) );
#5475 = PCURVE('',#4940,#5476);
#5476 = DEFINITIONAL_REPRESENTATION('',(#5477),#5481);
#5477 = LINE('',#5478,#5479);
#5478 = CARTESIAN_POINT('',(6.28318530718,0.));
#5479 = VECTOR('',#5480,1.);
#5480 = DIRECTION('',(0.,-1.));
#5481 = ( GEOMETRIC_REPRESENTATION_CONTEXT(2) 
PARAMETRIC_REPRESENTATION_CONTEXT() REPRESENTATION_CONTEXT('2D SPACE',''
  ) );
#5482 = ORIENTED_EDGE('',*,*,#5326,.T.);
#5483 = ORIENTED_EDGE('',*,*,#5462,.F.);
#5484 = ORIENTED_EDGE('',*,*,#4919,.F.);
#5485 = ADVANCED_FACE('',(#5486),#4975,.F.);
#5486 = FACE_BOUND('',#5487,.F.);
#5487 = EDGE_LOOP('',(#5488,#5509,#5510,#5511));
#5488 = ORIENTED_EDGE('',*,*,#5489,.T.);
#5489 = EDGE_CURVE('',#4955,#5366,#5490,.T.);
#5490 = SEAM_CURVE('',#5491,(#5495,#5502),.PCURVE_S1.);
#5491 = LINE('',#5492,#5493);
#5492 = CARTESIAN_POINT('',(-27.8,15.5,121.1));
#5493 = VECTOR('',#5494,1.);
#5494 = DIRECTION('',(1.,0.,0.));
#5495 = PCURVE('',#4975,#5496);
#5496 = DEFINITIONAL_REPRESENTATION('',(#5497),#5501);
#5497 = LINE('',#5498,#5499);
#5498 = CARTESIAN_POINT('',(0.,0.));
#5499 = VECTOR('',#5500,1.);
#5500 = DIRECTION('',(0.,-1.));
#5501 = ( GEOMETRIC_REPRESENTATION_CONTEXT(2) 
PARAMETRIC_REPRESENTATION_CONTEXT() REPRESENTATION_CONTEXT('2D SPACE',''
  ) );
#5502 = PCURVE('',#4975,#5503);
#5503 = DEFINITIONAL_REPRESENTATION('',(#5504),#5508);
#5504 = LINE('',#5505,#5506);
#5505 = CARTESIAN_POINT('',(6.28318530718,0.));
#5506 = VECTOR('',#5507,1.);
#5507 = DIRECTION('',(0.,-1.));
#5508 = ( GEOMETRIC_REPRESENTATION_CONTEXT(2) 
PARAMETRIC_REPRESENTATION_CONTEXT() REPRESENTATION_CONTEXT('2D SPACE',''
  ) );
#5509 = ORIENTED_EDGE('',*,*,#5365,.T.);
#5510 = ORIENTED_EDGE('',*,*,#5489,.F.);
#5511 = ORIENTED_EDGE('',*,*,#4954,.F.);
#5512 = ADVANCED_FACE('',(#5513),#5066,.F.);
#5513 = FACE_BOUND('',#5514,.F.);
#5514 = EDGE_LOOP('',(#5515,#5516,#5517,#5518));
#5515 = ORIENTED_EDGE('',*,*,#5134,.T.);
#5516 = ORIENTED_EDGE('',*,*,#5211,.T.);
#5517 = ORIENTED_EDGE('',*,*,#5235,.F.);
#5518 = ORIENTED_EDGE('',*,*,#5052,.T.);
#5519 = ( GEOMETRIC_REPRESENTATION_CONTEXT(3) 
GLOBAL_UNCERTAINTY_ASSIGNED_CONTEXT((#5523)) 
GLOBAL_UNIT_ASSIGNED_CONTEXT((#5520,#5521,#5522)) REPRESENTATION_CONTEXT
('Context #1','3D Context with UNIT and UNCERTAINTY') );
#5520 = ( LENGTH_UNIT() NAMED_UNIT(*) SI_UNIT(.MILLI.,.METRE.) );
#5521 = ( NAMED_UNIT(*) PLANE_ANGLE_UNIT() SI_UNIT($,.RADIAN.) );
#5522 = ( NAMED_UNIT(*) SI_UNIT($,.STERADIAN.) SOLID_ANGLE_UNIT() );
#5523 = UNCERTAINTY_MEASURE_WITH_UNIT(LENGTH_MEASURE(2.E-05),#5520,
  'distance_accuracy_value','confusion accuracy');
#5524 = CONTEXT_DEPENDENT_SHAPE_REPRESENTATION(#5525,#5527);
#5525 = ( REPRESENTATION_RELATIONSHIP('','',#32,#10) 
REPRESENTATION_RELATIONSHIP_WITH_TRANSFORMATION(#5526) 
SHAPE_REPRESENTATION_RELATIONSHIP() );
#5526 = ITEM_DEFINED_TRANSFORMATION('','',#11,#15);
#5527 = PRODUCT_DEFINITION_SHAPE('Placement','Placement of an item',
  #5528);
#5528 = NEXT_ASSEMBLY_USAGE_OCCURRENCE('9','Body','',#5,#27,$);
#5529 = PRODUCT_RELATED_PRODUCT_CATEGORY('part',$,(#29));
#5530 = MECHANICAL_DESIGN_GEOMETRIC_PRESENTATION_REPRESENTATION('',(
    #5531),#5519);
#5531 = STYLED_ITEM('color',(#5532),#33);
#5532 = PRESENTATION_STYLE_ASSIGNMENT((#5533,#5539));
#5533 = SURFACE_STYLE_USAGE(.BOTH.,#5534);
#5534 = SURFACE_SIDE_STYLE('',(#5535));
#5535 = SURFACE_STYLE_FILL_AREA(#5536);
#5536 = FILL_AREA_STYLE('',(#5537));
#5537 = FILL_AREA_STYLE_COLOUR('',#5538);
#5538 = COLOUR_RGB('',0.800000010877,0.800000010877,0.800000010877);
#5539 = CURVE_STYLE('',#5540,POSITIVE_LENGTH_MEASURE(0.1),#5541);
#5540 = DRAUGHTING_PRE_DEFINED_CURVE_FONT('continuous');
#5541 = COLOUR_RGB('',9.803921802644E-02,9.803921802644E-02,
  9.803921802644E-02);
ENDSEC;
END-ISO-10303-21;
