ISO-10303-21;
HEADER;
FILE_DESCRIPTION(('FreeCAD Model'),'2;1');
FILE_NAME('Open CASCADE Shape Model','2026-06-10T13:11:20',(''),(''),
  'Open CASCADE STEP processor 7.8','FreeCAD','Unknown');
FILE_SCHEMA(('AUTOMOTIVE_DESIGN { 1 0 10303 214 1 1 1 1 }'));
ENDSEC;
DATA;
#1 = APPLICATION_PROTOCOL_DEFINITION('international standard',
  'automotive_design',2000,#2);
#2 = APPLICATION_CONTEXT(
  'core data for automotive mechanical design processes');
#3 = SHAPE_DEFINITION_REPRESENTATION(#4,#10);
#4 = PRODUCT_DEFINITION_SHAPE('','',#5);
#5 = PRODUCT_DEFINITION('design','',#6,#9);
#6 = PRODUCT_DEFINITION_FORMATION('','',#7);
#7 = PRODUCT('Milling Fixture','Milling Fixture','',(#8));
#8 = PRODUCT_CONTEXT('',#2,'mechanical');
#9 = PRODUCT_DEFINITION_CONTEXT('part definition',#2,'design');
#10 = SHAPE_REPRESENTATION('',(#11,#15,#19,#23),#27);
#11 = AXIS2_PLACEMENT_3D('',#12,#13,#14);
#12 = CARTESIAN_POINT('',(0.,0.,0.));
#13 = DIRECTION('',(0.,0.,1.));
#14 = DIRECTION('',(1.,0.,-0.));
#15 = AXIS2_PLACEMENT_3D('',#16,#17,#18);
#16 = CARTESIAN_POINT('',(0.,0.,0.));
#17 = DIRECTION('',(0.,0.,1.));
#18 = DIRECTION('',(1.,0.,0.));
#19 = AXIS2_PLACEMENT_3D('',#20,#21,#22);
#20 = CARTESIAN_POINT('',(0.,0.,-3.2));
#21 = DIRECTION('',(0.,0.,1.));
#22 = DIRECTION('',(1.,0.,0.));
#23 = AXIS2_PLACEMENT_3D('',#24,#25,#26);
#24 = CARTESIAN_POINT('',(30.,30.,-6.));
#25 = DIRECTION('',(0.,-0.,1.));
#26 = DIRECTION('',(0.,1.,0.));
#27 = ( GEOMETRIC_REPRESENTATION_CONTEXT(3) 
GLOBAL_UNCERTAINTY_ASSIGNED_CONTEXT((#31)) GLOBAL_UNIT_ASSIGNED_CONTEXT(
(#28,#29,#30)) REPRESENTATION_CONTEXT('Context #1',
  '3D Context with UNIT and UNCERTAINTY') );
#28 = ( LENGTH_UNIT() NAMED_UNIT(*) SI_UNIT(.MILLI.,.METRE.) );
#29 = ( NAMED_UNIT(*) PLANE_ANGLE_UNIT() SI_UNIT($,.RADIAN.) );
#30 = ( NAMED_UNIT(*) SI_UNIT($,.STERADIAN.) SOLID_ANGLE_UNIT() );
#31 = UNCERTAINTY_MEASURE_WITH_UNIT(LENGTH_MEASURE(1.E-05),#28,
  'distance_accuracy_value','confusion accuracy');
#32 = PRODUCT_RELATED_PRODUCT_CATEGORY('part',$,(#7));
#33 = SHAPE_DEFINITION_REPRESENTATION(#34,#40);
#34 = PRODUCT_DEFINITION_SHAPE('','',#35);
#35 = PRODUCT_DEFINITION('design','',#36,#39);
#36 = PRODUCT_DEFINITION_FORMATION('','',#37);
#37 = PRODUCT('Body003','Body003','',(#38));
#38 = PRODUCT_CONTEXT('',#2,'mechanical');
#39 = PRODUCT_DEFINITION_CONTEXT('part definition',#2,'design');
#40 = ADVANCED_BREP_SHAPE_REPRESENTATION('',(#11,#41),#2896);
#41 = MANIFOLD_SOLID_BREP('',#42);
#42 = CLOSED_SHELL('',(#43,#290,#506,#555,#604,#783,#838,#865,#918,#971,
    #1409,#1458,#1539,#1667,#2077,#2104,#2180,#2207,#2234,#2241,#2295,
    #2344,#2391,#2418,#2445,#2452,#2499,#2526,#2553,#2560,#2607,#2634,
    #2661,#2668,#2722,#2754,#2761,#2810,#2837,#2863,#2889));
#43 = ADVANCED_FACE('',(#44,#220,#255),#58,.T.);
#44 = FACE_BOUND('',#45,.T.);
#45 = EDGE_LOOP('',(#46,#81,#109,#138,#166,#194));
#46 = ORIENTED_EDGE('',*,*,#47,.F.);
#47 = EDGE_CURVE('',#48,#50,#52,.T.);
#48 = VERTEX_POINT('',#49);
#49 = CARTESIAN_POINT('',(-7.75,55.625,0.));
#50 = VERTEX_POINT('',#51);
#51 = CARTESIAN_POINT('',(50.25,55.625,-2.867023543578E-35));
#52 = SURFACE_CURVE('',#53,(#57,#69),.PCURVE_S1.);
#53 = LINE('',#54,#55);
#54 = CARTESIAN_POINT('',(-40.,55.625,0.));
#55 = VECTOR('',#56,1.);
#56 = DIRECTION('',(1.,0.,0.));
#57 = PCURVE('',#58,#63);
#58 = PLANE('',#59);
#59 = AXIS2_PLACEMENT_3D('',#60,#61,#62);
#60 = CARTESIAN_POINT('',(3.521519857035,14.110155172411,0.));
#61 = DIRECTION('',(0.,0.,1.));
#62 = DIRECTION('',(1.,0.,0.));
#63 = DEFINITIONAL_REPRESENTATION('',(#64),#68);
#64 = LINE('',#65,#66);
#65 = CARTESIAN_POINT('',(-43.52151985703,41.514844827589));
#66 = VECTOR('',#67,1.);
#67 = DIRECTION('',(1.,0.));
#68 = ( GEOMETRIC_REPRESENTATION_CONTEXT(2) 
PARAMETRIC_REPRESENTATION_CONTEXT() REPRESENTATION_CONTEXT('2D SPACE',''
  ) );
#69 = PCURVE('',#70,#75);
#70 = PLANE('',#71);
#71 = AXIS2_PLACEMENT_3D('',#72,#73,#74);
#72 = CARTESIAN_POINT('',(4.36398727702,55.625,-13.61635993028));
#73 = DIRECTION('',(0.,1.,0.));
#74 = DIRECTION('',(0.,0.,1.));
#75 = DEFINITIONAL_REPRESENTATION('',(#76),#80);
#76 = LINE('',#77,#78);
#77 = CARTESIAN_POINT('',(13.616359930286,-44.36398727702));
#78 = VECTOR('',#79,1.);
#79 = DIRECTION('',(0.,1.));
#80 = ( GEOMETRIC_REPRESENTATION_CONTEXT(2) 
PARAMETRIC_REPRESENTATION_CONTEXT() REPRESENTATION_CONTEXT('2D SPACE',''
  ) );
#81 = ORIENTED_EDGE('',*,*,#82,.F.);
#82 = EDGE_CURVE('',#83,#48,#85,.T.);
#83 = VERTEX_POINT('',#84);
#84 = CARTESIAN_POINT('',(-7.75,2.073352006947E-15,0.));
#85 = SURFACE_CURVE('',#86,(#90,#97),.PCURVE_S1.);
#86 = LINE('',#87,#88);
#87 = CARTESIAN_POINT('',(-7.75,2.073352006947E-15,0.));
#88 = VECTOR('',#89,1.);
#89 = DIRECTION('',(0.,1.,0.));
#90 = PCURVE('',#58,#91);
#91 = DEFINITIONAL_REPRESENTATION('',(#92),#96);
#92 = LINE('',#93,#94);
#93 = CARTESIAN_POINT('',(-11.27151985703,-14.11015517241));
#94 = VECTOR('',#95,1.);
#95 = DIRECTION('',(0.,1.));
#96 = ( GEOMETRIC_REPRESENTATION_CONTEXT(2) 
PARAMETRIC_REPRESENTATION_CONTEXT() REPRESENTATION_CONTEXT('2D SPACE',''
  ) );
#97 = PCURVE('',#98,#103);
#98 = PLANE('',#99);
#99 = AXIS2_PLACEMENT_3D('',#100,#101,#102);
#100 = CARTESIAN_POINT('',(-7.75,2.073352006947E-15,0.));
#101 = DIRECTION('',(1.,0.,0.));
#102 = DIRECTION('',(0.,1.,0.));
#103 = DEFINITIONAL_REPRESENTATION('',(#104),#108);
#104 = LINE('',#105,#106);
#105 = CARTESIAN_POINT('',(0.,0.));
#106 = VECTOR('',#107,1.);
#107 = DIRECTION('',(1.,0.));
#108 = ( GEOMETRIC_REPRESENTATION_CONTEXT(2) 
PARAMETRIC_REPRESENTATION_CONTEXT() REPRESENTATION_CONTEXT('2D SPACE',''
  ) );
#109 = ORIENTED_EDGE('',*,*,#110,.T.);
#110 = EDGE_CURVE('',#83,#111,#113,.T.);
#111 = VERTEX_POINT('',#112);
#112 = CARTESIAN_POINT('',(-4.537485384477E-16,-7.75,0.));
#113 = SURFACE_CURVE('',#114,(#119,#126),.PCURVE_S1.);
#114 = CIRCLE('',#115,7.75);
#115 = AXIS2_PLACEMENT_3D('',#116,#117,#118);
#116 = CARTESIAN_POINT('',(5.161548302086E-16,4.565942113945E-15,0.));
#117 = DIRECTION('',(0.,0.,1.));
#118 = DIRECTION('',(1.,0.,0.));
#119 = PCURVE('',#58,#120);
#120 = DEFINITIONAL_REPRESENTATION('',(#121),#125);
#121 = CIRCLE('',#122,7.75);
#122 = AXIS2_PLACEMENT_2D('',#123,#124);
#123 = CARTESIAN_POINT('',(-3.521519857035,-14.11015517241));
#124 = DIRECTION('',(1.,0.));
#125 = ( GEOMETRIC_REPRESENTATION_CONTEXT(2) 
PARAMETRIC_REPRESENTATION_CONTEXT() REPRESENTATION_CONTEXT('2D SPACE',''
  ) );
#126 = PCURVE('',#127,#132);
#127 = CYLINDRICAL_SURFACE('',#128,7.75);
#128 = AXIS2_PLACEMENT_3D('',#129,#130,#131);
#129 = CARTESIAN_POINT('',(5.161548302086E-16,4.565942113945E-15,0.));
#130 = DIRECTION('',(0.,0.,1.));
#131 = DIRECTION('',(1.,0.,0.));
#132 = DEFINITIONAL_REPRESENTATION('',(#133),#137);
#133 = LINE('',#134,#135);
#134 = CARTESIAN_POINT('',(0.,0.));
#135 = VECTOR('',#136,1.);
#136 = DIRECTION('',(1.,0.));
#137 = ( GEOMETRIC_REPRESENTATION_CONTEXT(2) 
PARAMETRIC_REPRESENTATION_CONTEXT() REPRESENTATION_CONTEXT('2D SPACE',''
  ) );
#138 = ORIENTED_EDGE('',*,*,#139,.F.);
#139 = EDGE_CURVE('',#140,#111,#142,.T.);
#140 = VERTEX_POINT('',#141);
#141 = CARTESIAN_POINT('',(51.25,-7.75,0.));
#142 = SURFACE_CURVE('',#143,(#147,#154),.PCURVE_S1.);
#143 = LINE('',#144,#145);
#144 = CARTESIAN_POINT('',(51.25,-7.75,0.));
#145 = VECTOR('',#146,1.);
#146 = DIRECTION('',(-1.,0.,0.));
#147 = PCURVE('',#58,#148);
#148 = DEFINITIONAL_REPRESENTATION('',(#149),#153);
#149 = LINE('',#150,#151);
#150 = CARTESIAN_POINT('',(47.728480142965,-21.86015517241));
#151 = VECTOR('',#152,1.);
#152 = DIRECTION('',(-1.,0.));
#153 = ( GEOMETRIC_REPRESENTATION_CONTEXT(2) 
PARAMETRIC_REPRESENTATION_CONTEXT() REPRESENTATION_CONTEXT('2D SPACE',''
  ) );
#154 = PCURVE('',#155,#160);
#155 = PLANE('',#156);
#156 = AXIS2_PLACEMENT_3D('',#157,#158,#159);
#157 = CARTESIAN_POINT('',(51.25,-7.75,0.));
#158 = DIRECTION('',(0.,1.,0.));
#159 = DIRECTION('',(-1.,0.,0.));
#160 = DEFINITIONAL_REPRESENTATION('',(#161),#165);
#161 = LINE('',#162,#163);
#162 = CARTESIAN_POINT('',(0.,0.));
#163 = VECTOR('',#164,1.);
#164 = DIRECTION('',(1.,0.));
#165 = ( GEOMETRIC_REPRESENTATION_CONTEXT(2) 
PARAMETRIC_REPRESENTATION_CONTEXT() REPRESENTATION_CONTEXT('2D SPACE',''
  ) );
#166 = ORIENTED_EDGE('',*,*,#167,.F.);
#167 = EDGE_CURVE('',#168,#140,#170,.T.);
#168 = VERTEX_POINT('',#169);
#169 = CARTESIAN_POINT('',(51.25,54.625,2.867023543578E-35));
#170 = SURFACE_CURVE('',#171,(#175,#182),.PCURVE_S1.);
#171 = LINE('',#172,#173);
#172 = CARTESIAN_POINT('',(51.25,55.625,0.));
#173 = VECTOR('',#174,1.);
#174 = DIRECTION('',(0.,-1.,0.));
#175 = PCURVE('',#58,#176);
#176 = DEFINITIONAL_REPRESENTATION('',(#177),#181);
#177 = LINE('',#178,#179);
#178 = CARTESIAN_POINT('',(47.728480142965,41.514844827589));
#179 = VECTOR('',#180,1.);
#180 = DIRECTION('',(0.,-1.));
#181 = ( GEOMETRIC_REPRESENTATION_CONTEXT(2) 
PARAMETRIC_REPRESENTATION_CONTEXT() REPRESENTATION_CONTEXT('2D SPACE',''
  ) );
#182 = PCURVE('',#183,#188);
#183 = PLANE('',#184);
#184 = AXIS2_PLACEMENT_3D('',#185,#186,#187);
#185 = CARTESIAN_POINT('',(51.25,16.1985491044,-13.87127181609));
#186 = DIRECTION('',(1.,0.,0.));
#187 = DIRECTION('',(0.,0.,1.));
#188 = DEFINITIONAL_REPRESENTATION('',(#189),#193);
#189 = LINE('',#190,#191);
#190 = CARTESIAN_POINT('',(13.871271816099,-39.4264508956));
#191 = VECTOR('',#192,1.);
#192 = DIRECTION('',(0.,1.));
#193 = ( GEOMETRIC_REPRESENTATION_CONTEXT(2) 
PARAMETRIC_REPRESENTATION_CONTEXT() REPRESENTATION_CONTEXT('2D SPACE',''
  ) );
#194 = ORIENTED_EDGE('',*,*,#195,.F.);
#195 = EDGE_CURVE('',#50,#168,#196,.T.);
#196 = SURFACE_CURVE('',#197,(#201,#208),.PCURVE_S1.);
#197 = LINE('',#198,#199);
#198 = CARTESIAN_POINT('',(49.196591171156,56.678408828844,0.));
#199 = VECTOR('',#200,1.);
#200 = DIRECTION('',(0.707106781187,-0.707106781187,0.));
#201 = PCURVE('',#58,#202);
#202 = DEFINITIONAL_REPRESENTATION('',(#203),#207);
#203 = LINE('',#204,#205);
#204 = CARTESIAN_POINT('',(45.675071314121,42.568253656433));
#205 = VECTOR('',#206,1.);
#206 = DIRECTION('',(0.707106781187,-0.707106781187));
#207 = ( GEOMETRIC_REPRESENTATION_CONTEXT(2) 
PARAMETRIC_REPRESENTATION_CONTEXT() REPRESENTATION_CONTEXT('2D SPACE',''
  ) );
#208 = PCURVE('',#209,#214);
#209 = PLANE('',#210);
#210 = AXIS2_PLACEMENT_3D('',#211,#212,#213);
#211 = CARTESIAN_POINT('',(50.75,55.125,0.));
#212 = DIRECTION('',(0.707106781187,0.707106781187,5.911709633991E-18));
#213 = DIRECTION('',(-4.180209970601E-18,-4.180209970601E-18,1.));
#214 = DEFINITIONAL_REPRESENTATION('',(#215),#219);
#215 = LINE('',#216,#217);
#216 = CARTESIAN_POINT('',(3.227365647735E-34,-2.196851833661));
#217 = VECTOR('',#218,1.);
#218 = DIRECTION('',(2.138537450336E-34,1.));
#219 = ( GEOMETRIC_REPRESENTATION_CONTEXT(2) 
PARAMETRIC_REPRESENTATION_CONTEXT() REPRESENTATION_CONTEXT('2D SPACE',''
  ) );
#220 = FACE_BOUND('',#221,.T.);
#221 = EDGE_LOOP('',(#222));
#222 = ORIENTED_EDGE('',*,*,#223,.T.);
#223 = EDGE_CURVE('',#224,#224,#226,.T.);
#224 = VERTEX_POINT('',#225);
#225 = CARTESIAN_POINT('',(4.67995,0.,0.));
#226 = SURFACE_CURVE('',#227,(#232,#243),.PCURVE_S1.);
#227 = CIRCLE('',#228,4.67995);
#228 = AXIS2_PLACEMENT_3D('',#229,#230,#231);
#229 = CARTESIAN_POINT('',(0.,0.,0.));
#230 = DIRECTION('',(0.,0.,-1.));
#231 = DIRECTION('',(1.,0.,0.));
#232 = PCURVE('',#58,#233);
#233 = DEFINITIONAL_REPRESENTATION('',(#234),#242);
#234 = ( BOUNDED_CURVE() B_SPLINE_CURVE(2,(#235,#236,#237,#238,#239,#240
,#241),.UNSPECIFIED.,.T.,.F.) B_SPLINE_CURVE_WITH_KNOTS((1,2,2,2,2,1),(
    -2.094395102393,0.,2.094395102393,4.188790204786,6.28318530718,
8.377580409573),.UNSPECIFIED.) CURVE() GEOMETRIC_REPRESENTATION_ITEM() 
RATIONAL_B_SPLINE_CURVE((1.,0.5,1.,0.5,1.,0.5,1.)) REPRESENTATION_ITEM(
  '') );
#235 = CARTESIAN_POINT('',(1.158430142965,-14.11015517241));
#236 = CARTESIAN_POINT('',(1.158430142965,-22.21606634929));
#237 = CARTESIAN_POINT('',(-5.861494857035,-18.16311076085));
#238 = CARTESIAN_POINT('',(-12.88141985703,-14.11015517241));
#239 = CARTESIAN_POINT('',(-5.861494857035,-10.05719958397));
#240 = CARTESIAN_POINT('',(1.158430142965,-6.004243995529));
#241 = CARTESIAN_POINT('',(1.158430142965,-14.11015517241));
#242 = ( GEOMETRIC_REPRESENTATION_CONTEXT(2) 
PARAMETRIC_REPRESENTATION_CONTEXT() REPRESENTATION_CONTEXT('2D SPACE',''
  ) );
#243 = PCURVE('',#244,#249);
#244 = CYLINDRICAL_SURFACE('',#245,4.67995);
#245 = AXIS2_PLACEMENT_3D('',#246,#247,#248);
#246 = CARTESIAN_POINT('',(0.,0.,0.));
#247 = DIRECTION('',(0.,0.,1.));
#248 = DIRECTION('',(1.,0.,0.));
#249 = DEFINITIONAL_REPRESENTATION('',(#250),#254);
#250 = LINE('',#251,#252);
#251 = CARTESIAN_POINT('',(-0.,0.));
#252 = VECTOR('',#253,1.);
#253 = DIRECTION('',(-1.,0.));
#254 = ( GEOMETRIC_REPRESENTATION_CONTEXT(2) 
PARAMETRIC_REPRESENTATION_CONTEXT() REPRESENTATION_CONTEXT('2D SPACE',''
  ) );
#255 = FACE_BOUND('',#256,.T.);
#256 = EDGE_LOOP('',(#257));
#257 = ORIENTED_EDGE('',*,*,#258,.T.);
#258 = EDGE_CURVE('',#259,#259,#261,.T.);
#259 = VERTEX_POINT('',#260);
#260 = CARTESIAN_POINT('',(33.52625,30.,0.));
#261 = SURFACE_CURVE('',#262,(#267,#278),.PCURVE_S1.);
#262 = CIRCLE('',#263,3.52625);
#263 = AXIS2_PLACEMENT_3D('',#264,#265,#266);
#264 = CARTESIAN_POINT('',(30.,30.,0.));
#265 = DIRECTION('',(0.,0.,-1.));
#266 = DIRECTION('',(1.,0.,0.));
#267 = PCURVE('',#58,#268);
#268 = DEFINITIONAL_REPRESENTATION('',(#269),#277);
#269 = ( BOUNDED_CURVE() B_SPLINE_CURVE(2,(#270,#271,#272,#273,#274,#275
,#276),.UNSPECIFIED.,.T.,.F.) B_SPLINE_CURVE_WITH_KNOTS((1,2,2,2,2,1),(
    -2.094395102393,0.,2.094395102393,4.188790204786,6.28318530718,
8.377580409573),.UNSPECIFIED.) CURVE() GEOMETRIC_REPRESENTATION_ITEM() 
RATIONAL_B_SPLINE_CURVE((1.,0.5,1.,0.5,1.,0.5,1.)) REPRESENTATION_ITEM(
  '') );
#270 = CARTESIAN_POINT('',(30.004730142965,15.889844827589));
#271 = CARTESIAN_POINT('',(30.004730142965,9.7822006674));
#272 = CARTESIAN_POINT('',(24.715355142965,12.836022747494));
#273 = CARTESIAN_POINT('',(19.425980142965,15.889844827589));
#274 = CARTESIAN_POINT('',(24.715355142965,18.943666907684));
#275 = CARTESIAN_POINT('',(30.004730142965,21.997488987779));
#276 = CARTESIAN_POINT('',(30.004730142965,15.889844827589));
#277 = ( GEOMETRIC_REPRESENTATION_CONTEXT(2) 
PARAMETRIC_REPRESENTATION_CONTEXT() REPRESENTATION_CONTEXT('2D SPACE',''
  ) );
#278 = PCURVE('',#279,#284);
#279 = CYLINDRICAL_SURFACE('',#280,3.52625);
#280 = AXIS2_PLACEMENT_3D('',#281,#282,#283);
#281 = CARTESIAN_POINT('',(30.,30.,0.));
#282 = DIRECTION('',(0.,0.,1.));
#283 = DIRECTION('',(1.,0.,0.));
#284 = DEFINITIONAL_REPRESENTATION('',(#285),#289);
#285 = LINE('',#286,#287);
#286 = CARTESIAN_POINT('',(-0.,0.));
#287 = VECTOR('',#288,1.);
#288 = DIRECTION('',(-1.,0.));
#289 = ( GEOMETRIC_REPRESENTATION_CONTEXT(2) 
PARAMETRIC_REPRESENTATION_CONTEXT() REPRESENTATION_CONTEXT('2D SPACE',''
  ) );
#290 = ADVANCED_FACE('',(#291),#70,.T.);
#291 = FACE_BOUND('',#292,.T.);
#292 = EDGE_LOOP('',(#293,#294,#317,#345,#373,#401,#429,#457,#485));
#293 = ORIENTED_EDGE('',*,*,#47,.T.);
#294 = ORIENTED_EDGE('',*,*,#295,.T.);
#295 = EDGE_CURVE('',#50,#296,#298,.T.);
#296 = VERTEX_POINT('',#297);
#297 = CARTESIAN_POINT('',(50.25,55.625,-30.));
#298 = SURFACE_CURVE('',#299,(#303,#310),.PCURVE_S1.);
#299 = LINE('',#300,#301);
#300 = CARTESIAN_POINT('',(50.25,55.625,0.));
#301 = VECTOR('',#302,1.);
#302 = DIRECTION('',(0.,0.,-1.));
#303 = PCURVE('',#70,#304);
#304 = DEFINITIONAL_REPRESENTATION('',(#305),#309);
#305 = LINE('',#306,#307);
#306 = CARTESIAN_POINT('',(13.616359930286,45.88601272298));
#307 = VECTOR('',#308,1.);
#308 = DIRECTION('',(-1.,0.));
#309 = ( GEOMETRIC_REPRESENTATION_CONTEXT(2) 
PARAMETRIC_REPRESENTATION_CONTEXT() REPRESENTATION_CONTEXT('2D SPACE',''
  ) );
#310 = PCURVE('',#209,#311);
#311 = DEFINITIONAL_REPRESENTATION('',(#312),#316);
#312 = LINE('',#313,#314);
#313 = CARTESIAN_POINT('',(-0.,-0.707106781187));
#314 = VECTOR('',#315,1.);
#315 = DIRECTION('',(-1.,-1.617303853732E-34));
#316 = ( GEOMETRIC_REPRESENTATION_CONTEXT(2) 
PARAMETRIC_REPRESENTATION_CONTEXT() REPRESENTATION_CONTEXT('2D SPACE',''
  ) );
#317 = ORIENTED_EDGE('',*,*,#318,.F.);
#318 = EDGE_CURVE('',#319,#296,#321,.T.);
#319 = VERTEX_POINT('',#320);
#320 = CARTESIAN_POINT('',(-39.,55.625,-30.));
#321 = SURFACE_CURVE('',#322,(#326,#333),.PCURVE_S1.);
#322 = LINE('',#323,#324);
#323 = CARTESIAN_POINT('',(-40.,55.625,-30.));
#324 = VECTOR('',#325,1.);
#325 = DIRECTION('',(1.,0.,0.));
#326 = PCURVE('',#70,#327);
#327 = DEFINITIONAL_REPRESENTATION('',(#328),#332);
#328 = LINE('',#329,#330);
#329 = CARTESIAN_POINT('',(-16.38364006971,-44.36398727702));
#330 = VECTOR('',#331,1.);
#331 = DIRECTION('',(0.,1.));
#332 = ( GEOMETRIC_REPRESENTATION_CONTEXT(2) 
PARAMETRIC_REPRESENTATION_CONTEXT() REPRESENTATION_CONTEXT('2D SPACE',''
  ) );
#333 = PCURVE('',#334,#339);
#334 = PLANE('',#335);
#335 = AXIS2_PLACEMENT_3D('',#336,#337,#338);
#336 = CARTESIAN_POINT('',(3.521519857035,14.110155172411,-30.));
#337 = DIRECTION('',(0.,0.,1.));
#338 = DIRECTION('',(1.,0.,0.));
#339 = DEFINITIONAL_REPRESENTATION('',(#340),#344);
#340 = LINE('',#341,#342);
#341 = CARTESIAN_POINT('',(-43.52151985703,41.514844827589));
#342 = VECTOR('',#343,1.);
#343 = DIRECTION('',(1.,0.));
#344 = ( GEOMETRIC_REPRESENTATION_CONTEXT(2) 
PARAMETRIC_REPRESENTATION_CONTEXT() REPRESENTATION_CONTEXT('2D SPACE',''
  ) );
#345 = ORIENTED_EDGE('',*,*,#346,.F.);
#346 = EDGE_CURVE('',#347,#319,#349,.T.);
#347 = VERTEX_POINT('',#348);
#348 = CARTESIAN_POINT('',(-39.,55.625,5.));
#349 = SURFACE_CURVE('',#350,(#354,#361),.PCURVE_S1.);
#350 = LINE('',#351,#352);
#351 = CARTESIAN_POINT('',(-39.,55.625,5.));
#352 = VECTOR('',#353,1.);
#353 = DIRECTION('',(-0.,-0.,-1.));
#354 = PCURVE('',#70,#355);
#355 = DEFINITIONAL_REPRESENTATION('',(#356),#360);
#356 = LINE('',#357,#358);
#357 = CARTESIAN_POINT('',(18.616359930286,-43.36398727702));
#358 = VECTOR('',#359,1.);
#359 = DIRECTION('',(-1.,0.));
#360 = ( GEOMETRIC_REPRESENTATION_CONTEXT(2) 
PARAMETRIC_REPRESENTATION_CONTEXT() REPRESENTATION_CONTEXT('2D SPACE',''
  ) );
#361 = PCURVE('',#362,#367);
#362 = PLANE('',#363);
#363 = AXIS2_PLACEMENT_3D('',#364,#365,#366);
#364 = CARTESIAN_POINT('',(-39.5,55.125,5.));
#365 = DIRECTION('',(-0.707106781187,0.707106781187,-5.911709633991E-18)
  );
#366 = DIRECTION('',(4.180209970601E-18,-4.180209970601E-18,-1.));
#367 = DEFINITIONAL_REPRESENTATION('',(#368),#372);
#368 = LINE('',#369,#370);
#369 = CARTESIAN_POINT('',(0.,-0.707106781187));
#370 = VECTOR('',#371,1.);
#371 = DIRECTION('',(1.,1.617303853732E-34));
#372 = ( GEOMETRIC_REPRESENTATION_CONTEXT(2) 
PARAMETRIC_REPRESENTATION_CONTEXT() REPRESENTATION_CONTEXT('2D SPACE',''
  ) );
#373 = ORIENTED_EDGE('',*,*,#374,.T.);
#374 = EDGE_CURVE('',#347,#375,#377,.T.);
#375 = VERTEX_POINT('',#376);
#376 = CARTESIAN_POINT('',(-8.75,55.625,5.));
#377 = SURFACE_CURVE('',#378,(#382,#389),.PCURVE_S1.);
#378 = LINE('',#379,#380);
#379 = CARTESIAN_POINT('',(-40.,55.625,5.));
#380 = VECTOR('',#381,1.);
#381 = DIRECTION('',(1.,0.,0.));
#382 = PCURVE('',#70,#383);
#383 = DEFINITIONAL_REPRESENTATION('',(#384),#388);
#384 = LINE('',#385,#386);
#385 = CARTESIAN_POINT('',(18.616359930286,-44.36398727702));
#386 = VECTOR('',#387,1.);
#387 = DIRECTION('',(0.,1.));
#388 = ( GEOMETRIC_REPRESENTATION_CONTEXT(2) 
PARAMETRIC_REPRESENTATION_CONTEXT() REPRESENTATION_CONTEXT('2D SPACE',''
  ) );
#389 = PCURVE('',#390,#395);
#390 = PLANE('',#391);
#391 = AXIS2_PLACEMENT_3D('',#392,#393,#394);
#392 = CARTESIAN_POINT('',(-5.442940262229,6.195959904681,5.));
#393 = DIRECTION('',(0.,0.,1.));
#394 = DIRECTION('',(1.,0.,0.));
#395 = DEFINITIONAL_REPRESENTATION('',(#396),#400);
#396 = LINE('',#397,#398);
#397 = CARTESIAN_POINT('',(-34.55705973777,49.429040095319));
#398 = VECTOR('',#399,1.);
#399 = DIRECTION('',(1.,0.));
#400 = ( GEOMETRIC_REPRESENTATION_CONTEXT(2) 
PARAMETRIC_REPRESENTATION_CONTEXT() REPRESENTATION_CONTEXT('2D SPACE',''
  ) );
#401 = ORIENTED_EDGE('',*,*,#402,.F.);
#402 = EDGE_CURVE('',#403,#375,#405,.T.);
#403 = VERTEX_POINT('',#404);
#404 = CARTESIAN_POINT('',(-8.75,55.625,-1.));
#405 = SURFACE_CURVE('',#406,(#410,#417),.PCURVE_S1.);
#406 = LINE('',#407,#408);
#407 = CARTESIAN_POINT('',(-8.75,55.625,0.));
#408 = VECTOR('',#409,1.);
#409 = DIRECTION('',(0.,0.,1.));
#410 = PCURVE('',#70,#411);
#411 = DEFINITIONAL_REPRESENTATION('',(#412),#416);
#412 = LINE('',#413,#414);
#413 = CARTESIAN_POINT('',(13.616359930286,-13.11398727702));
#414 = VECTOR('',#415,1.);
#415 = DIRECTION('',(1.,0.));
#416 = ( GEOMETRIC_REPRESENTATION_CONTEXT(2) 
PARAMETRIC_REPRESENTATION_CONTEXT() REPRESENTATION_CONTEXT('2D SPACE',''
  ) );
#417 = PCURVE('',#418,#423);
#418 = PLANE('',#419);
#419 = AXIS2_PLACEMENT_3D('',#420,#421,#422);
#420 = CARTESIAN_POINT('',(-8.75,27.8125,2.));
#421 = DIRECTION('',(1.,0.,0.));
#422 = DIRECTION('',(0.,0.,1.));
#423 = DEFINITIONAL_REPRESENTATION('',(#424),#428);
#424 = LINE('',#425,#426);
#425 = CARTESIAN_POINT('',(-2.,-27.8125));
#426 = VECTOR('',#427,1.);
#427 = DIRECTION('',(1.,0.));
#428 = ( GEOMETRIC_REPRESENTATION_CONTEXT(2) 
PARAMETRIC_REPRESENTATION_CONTEXT() REPRESENTATION_CONTEXT('2D SPACE',''
  ) );
#429 = ORIENTED_EDGE('',*,*,#430,.T.);
#430 = EDGE_CURVE('',#403,#431,#433,.T.);
#431 = VERTEX_POINT('',#432);
#432 = CARTESIAN_POINT('',(-8.74,55.625,-1.));
#433 = SURFACE_CURVE('',#434,(#438,#445),.PCURVE_S1.);
#434 = LINE('',#435,#436);
#435 = CARTESIAN_POINT('',(4.247182523166,55.625,-1.));
#436 = VECTOR('',#437,1.);
#437 = DIRECTION('',(1.,0.,0.));
#438 = PCURVE('',#70,#439);
#439 = DEFINITIONAL_REPRESENTATION('',(#440),#444);
#440 = LINE('',#441,#442);
#441 = CARTESIAN_POINT('',(12.616359930286,-0.116804753855));
#442 = VECTOR('',#443,1.);
#443 = DIRECTION('',(0.,1.));
#444 = ( GEOMETRIC_REPRESENTATION_CONTEXT(2) 
PARAMETRIC_REPRESENTATION_CONTEXT() REPRESENTATION_CONTEXT('2D SPACE',''
  ) );
#445 = PCURVE('',#446,#451);
#446 = PLANE('',#447);
#447 = AXIS2_PLACEMENT_3D('',#448,#449,#450);
#448 = CARTESIAN_POINT('',(4.281129752214,18.729607082571,-1.));
#449 = DIRECTION('',(0.,0.,1.));
#450 = DIRECTION('',(1.,0.,0.));
#451 = DEFINITIONAL_REPRESENTATION('',(#452),#456);
#452 = LINE('',#453,#454);
#453 = CARTESIAN_POINT('',(-3.394722904827E-02,36.895392917429));
#454 = VECTOR('',#455,1.);
#455 = DIRECTION('',(1.,0.));
#456 = ( GEOMETRIC_REPRESENTATION_CONTEXT(2) 
PARAMETRIC_REPRESENTATION_CONTEXT() REPRESENTATION_CONTEXT('2D SPACE',''
  ) );
#457 = ORIENTED_EDGE('',*,*,#458,.F.);
#458 = EDGE_CURVE('',#459,#431,#461,.T.);
#459 = VERTEX_POINT('',#460);
#460 = CARTESIAN_POINT('',(-7.75,55.625,-1.E-02));
#461 = SURFACE_CURVE('',#462,(#466,#473),.PCURVE_S1.);
#462 = LINE('',#463,#464);
#463 = CARTESIAN_POINT('',(-5.982132352941,55.625,1.757867647059));
#464 = VECTOR('',#465,1.);
#465 = DIRECTION('',(-0.707106781187,-1.918801103263E-16,-0.707106781187
    ));
#466 = PCURVE('',#70,#467);
#467 = DEFINITIONAL_REPRESENTATION('',(#468),#472);
#468 = LINE('',#469,#470);
#469 = CARTESIAN_POINT('',(15.374227577345,-10.34611962996));
#470 = VECTOR('',#471,1.);
#471 = DIRECTION('',(-0.707106781187,-0.707106781187));
#472 = ( GEOMETRIC_REPRESENTATION_CONTEXT(2) 
PARAMETRIC_REPRESENTATION_CONTEXT() REPRESENTATION_CONTEXT('2D SPACE',''
  ) );
#473 = PCURVE('',#474,#479);
#474 = PLANE('',#475);
#475 = AXIS2_PLACEMENT_3D('',#476,#477,#478);
#476 = CARTESIAN_POINT('',(-8.245,1.7763568394E-15,-0.505));
#477 = DIRECTION('',(-0.707106781187,-1.033453886968E-17,0.707106781187)
  );
#478 = DIRECTION('',(-7.307622515184E-18,1.,7.307622515184E-18));
#479 = DEFINITIONAL_REPRESENTATION('',(#480),#484);
#480 = LINE('',#481,#482);
#481 = CARTESIAN_POINT('',(55.625,-3.200178116326));
#482 = VECTOR('',#483,1.);
#483 = DIRECTION('',(-1.918801103263E-16,1.));
#484 = ( GEOMETRIC_REPRESENTATION_CONTEXT(2) 
PARAMETRIC_REPRESENTATION_CONTEXT() REPRESENTATION_CONTEXT('2D SPACE',''
  ) );
#485 = ORIENTED_EDGE('',*,*,#486,.F.);
#486 = EDGE_CURVE('',#48,#459,#487,.T.);
#487 = SURFACE_CURVE('',#488,(#492,#499),.PCURVE_S1.);
#488 = LINE('',#489,#490);
#489 = CARTESIAN_POINT('',(-7.75,55.625,-1.955882352941));
#490 = VECTOR('',#491,1.);
#491 = DIRECTION('',(0.,-2.713594543731E-16,-1.));
#492 = PCURVE('',#70,#493);
#493 = DEFINITIONAL_REPRESENTATION('',(#494),#498);
#494 = LINE('',#495,#496);
#495 = CARTESIAN_POINT('',(11.660477577345,-12.11398727702));
#496 = VECTOR('',#497,1.);
#497 = DIRECTION('',(-1.,0.));
#498 = ( GEOMETRIC_REPRESENTATION_CONTEXT(2) 
PARAMETRIC_REPRESENTATION_CONTEXT() REPRESENTATION_CONTEXT('2D SPACE',''
  ) );
#499 = PCURVE('',#98,#500);
#500 = DEFINITIONAL_REPRESENTATION('',(#501),#505);
#501 = LINE('',#502,#503);
#502 = CARTESIAN_POINT('',(55.625,-1.955882352941));
#503 = VECTOR('',#504,1.);
#504 = DIRECTION('',(-2.713594543731E-16,-1.));
#505 = ( GEOMETRIC_REPRESENTATION_CONTEXT(2) 
PARAMETRIC_REPRESENTATION_CONTEXT() REPRESENTATION_CONTEXT('2D SPACE',''
  ) );
#506 = ADVANCED_FACE('',(#507),#209,.T.);
#507 = FACE_BOUND('',#508,.F.);
#508 = EDGE_LOOP('',(#509,#510,#511,#534));
#509 = ORIENTED_EDGE('',*,*,#195,.F.);
#510 = ORIENTED_EDGE('',*,*,#295,.T.);
#511 = ORIENTED_EDGE('',*,*,#512,.T.);
#512 = EDGE_CURVE('',#296,#513,#515,.T.);
#513 = VERTEX_POINT('',#514);
#514 = CARTESIAN_POINT('',(51.25,54.625,-30.));
#515 = SURFACE_CURVE('',#516,(#520,#527),.PCURVE_S1.);
#516 = LINE('',#517,#518);
#517 = CARTESIAN_POINT('',(49.196591171156,56.678408828844,-30.));
#518 = VECTOR('',#519,1.);
#519 = DIRECTION('',(0.707106781187,-0.707106781187,0.));
#520 = PCURVE('',#209,#521);
#521 = DEFINITIONAL_REPRESENTATION('',(#522),#526);
#522 = LINE('',#523,#524);
#523 = CARTESIAN_POINT('',(-30.,-2.196851833661));
#524 = VECTOR('',#525,1.);
#525 = DIRECTION('',(2.138537450336E-34,1.));
#526 = ( GEOMETRIC_REPRESENTATION_CONTEXT(2) 
PARAMETRIC_REPRESENTATION_CONTEXT() REPRESENTATION_CONTEXT('2D SPACE',''
  ) );
#527 = PCURVE('',#334,#528);
#528 = DEFINITIONAL_REPRESENTATION('',(#529),#533);
#529 = LINE('',#530,#531);
#530 = CARTESIAN_POINT('',(45.675071314121,42.568253656433));
#531 = VECTOR('',#532,1.);
#532 = DIRECTION('',(0.707106781187,-0.707106781187));
#533 = ( GEOMETRIC_REPRESENTATION_CONTEXT(2) 
PARAMETRIC_REPRESENTATION_CONTEXT() REPRESENTATION_CONTEXT('2D SPACE',''
  ) );
#534 = ORIENTED_EDGE('',*,*,#535,.F.);
#535 = EDGE_CURVE('',#168,#513,#536,.T.);
#536 = SURFACE_CURVE('',#537,(#541,#548),.PCURVE_S1.);
#537 = LINE('',#538,#539);
#538 = CARTESIAN_POINT('',(51.25,54.625,0.));
#539 = VECTOR('',#540,1.);
#540 = DIRECTION('',(0.,0.,-1.));
#541 = PCURVE('',#209,#542);
#542 = DEFINITIONAL_REPRESENTATION('',(#543),#547);
#543 = LINE('',#544,#545);
#544 = CARTESIAN_POINT('',(-0.,0.707106781187));
#545 = VECTOR('',#546,1.);
#546 = DIRECTION('',(-1.,-1.617303853732E-34));
#547 = ( GEOMETRIC_REPRESENTATION_CONTEXT(2) 
PARAMETRIC_REPRESENTATION_CONTEXT() REPRESENTATION_CONTEXT('2D SPACE',''
  ) );
#548 = PCURVE('',#183,#549);
#549 = DEFINITIONAL_REPRESENTATION('',(#550),#554);
#550 = LINE('',#551,#552);
#551 = CARTESIAN_POINT('',(13.871271816099,-38.4264508956));
#552 = VECTOR('',#553,1.);
#553 = DIRECTION('',(-1.,0.));
#554 = ( GEOMETRIC_REPRESENTATION_CONTEXT(2) 
PARAMETRIC_REPRESENTATION_CONTEXT() REPRESENTATION_CONTEXT('2D SPACE',''
  ) );
#555 = ADVANCED_FACE('',(#556),#98,.F.);
#556 = FACE_BOUND('',#557,.F.);
#557 = EDGE_LOOP('',(#558,#559,#560,#583));
#558 = ORIENTED_EDGE('',*,*,#486,.F.);
#559 = ORIENTED_EDGE('',*,*,#82,.F.);
#560 = ORIENTED_EDGE('',*,*,#561,.T.);
#561 = EDGE_CURVE('',#83,#562,#564,.T.);
#562 = VERTEX_POINT('',#563);
#563 = CARTESIAN_POINT('',(-7.75,1.432147161293E-15,-1.E-02));
#564 = SURFACE_CURVE('',#565,(#569,#576),.PCURVE_S1.);
#565 = LINE('',#566,#567);
#566 = CARTESIAN_POINT('',(-7.75,2.073352006947E-15,0.));
#567 = VECTOR('',#568,1.);
#568 = DIRECTION('',(-0.,-0.,-1.));
#569 = PCURVE('',#98,#570);
#570 = DEFINITIONAL_REPRESENTATION('',(#571),#575);
#571 = LINE('',#572,#573);
#572 = CARTESIAN_POINT('',(0.,0.));
#573 = VECTOR('',#574,1.);
#574 = DIRECTION('',(0.,-1.));
#575 = ( GEOMETRIC_REPRESENTATION_CONTEXT(2) 
PARAMETRIC_REPRESENTATION_CONTEXT() REPRESENTATION_CONTEXT('2D SPACE',''
  ) );
#576 = PCURVE('',#127,#577);
#577 = DEFINITIONAL_REPRESENTATION('',(#578),#582);
#578 = LINE('',#579,#580);
#579 = CARTESIAN_POINT('',(3.14159265359,0.));
#580 = VECTOR('',#581,1.);
#581 = DIRECTION('',(0.,-1.));
#582 = ( GEOMETRIC_REPRESENTATION_CONTEXT(2) 
PARAMETRIC_REPRESENTATION_CONTEXT() REPRESENTATION_CONTEXT('2D SPACE',''
  ) );
#583 = ORIENTED_EDGE('',*,*,#584,.T.);
#584 = EDGE_CURVE('',#562,#459,#585,.T.);
#585 = SURFACE_CURVE('',#586,(#590,#597),.PCURVE_S1.);
#586 = LINE('',#587,#588);
#587 = CARTESIAN_POINT('',(-7.75,1.7763568394E-15,-1.E-02));
#588 = VECTOR('',#589,1.);
#589 = DIRECTION('',(0.,1.,0.));
#590 = PCURVE('',#98,#591);
#591 = DEFINITIONAL_REPRESENTATION('',(#592),#596);
#592 = LINE('',#593,#594);
#593 = CARTESIAN_POINT('',(-2.969951675464E-16,-1.E-02));
#594 = VECTOR('',#595,1.);
#595 = DIRECTION('',(1.,0.));
#596 = ( GEOMETRIC_REPRESENTATION_CONTEXT(2) 
PARAMETRIC_REPRESENTATION_CONTEXT() REPRESENTATION_CONTEXT('2D SPACE',''
  ) );
#597 = PCURVE('',#474,#598);
#598 = DEFINITIONAL_REPRESENTATION('',(#599),#603);
#599 = LINE('',#600,#601);
#600 = CARTESIAN_POINT('',(-2.728081957902E-33,-0.700035713375));
#601 = VECTOR('',#602,1.);
#602 = DIRECTION('',(1.,8.646208203397E-34));
#603 = ( GEOMETRIC_REPRESENTATION_CONTEXT(2) 
PARAMETRIC_REPRESENTATION_CONTEXT() REPRESENTATION_CONTEXT('2D SPACE',''
  ) );
#604 = ADVANCED_FACE('',(#605),#183,.T.);
#605 = FACE_BOUND('',#606,.T.);
#606 = EDGE_LOOP('',(#607,#632,#660,#681,#682,#683,#706,#734,#757));
#607 = ORIENTED_EDGE('',*,*,#608,.T.);
#608 = EDGE_CURVE('',#609,#611,#613,.T.);
#609 = VERTEX_POINT('',#610);
#610 = CARTESIAN_POINT('',(51.25,-8.75,5.));
#611 = VERTEX_POINT('',#612);
#612 = CARTESIAN_POINT('',(51.25,-19.,5.));
#613 = SURFACE_CURVE('',#614,(#618,#625),.PCURVE_S1.);
#614 = LINE('',#615,#616);
#615 = CARTESIAN_POINT('',(51.25,-8.75,5.));
#616 = VECTOR('',#617,1.);
#617 = DIRECTION('',(0.,-1.,0.));
#618 = PCURVE('',#183,#619);
#619 = DEFINITIONAL_REPRESENTATION('',(#620),#624);
#620 = LINE('',#621,#622);
#621 = CARTESIAN_POINT('',(18.871271816098,24.9485491044));
#622 = VECTOR('',#623,1.);
#623 = DIRECTION('',(0.,1.));
#624 = ( GEOMETRIC_REPRESENTATION_CONTEXT(2) 
PARAMETRIC_REPRESENTATION_CONTEXT() REPRESENTATION_CONTEXT('2D SPACE',''
  ) );
#625 = PCURVE('',#390,#626);
#626 = DEFINITIONAL_REPRESENTATION('',(#627),#631);
#627 = LINE('',#628,#629);
#628 = CARTESIAN_POINT('',(56.692940262229,-14.94595990468));
#629 = VECTOR('',#630,1.);
#630 = DIRECTION('',(0.,-1.));
#631 = ( GEOMETRIC_REPRESENTATION_CONTEXT(2) 
PARAMETRIC_REPRESENTATION_CONTEXT() REPRESENTATION_CONTEXT('2D SPACE',''
  ) );
#632 = ORIENTED_EDGE('',*,*,#633,.F.);
#633 = EDGE_CURVE('',#634,#611,#636,.T.);
#634 = VERTEX_POINT('',#635);
#635 = CARTESIAN_POINT('',(51.25,-19.,-30.));
#636 = SURFACE_CURVE('',#637,(#641,#648),.PCURVE_S1.);
#637 = LINE('',#638,#639);
#638 = CARTESIAN_POINT('',(51.25,-19.,-30.));
#639 = VECTOR('',#640,1.);
#640 = DIRECTION('',(0.,0.,1.));
#641 = PCURVE('',#183,#642);
#642 = DEFINITIONAL_REPRESENTATION('',(#643),#647);
#643 = LINE('',#644,#645);
#644 = CARTESIAN_POINT('',(-16.1287281839,35.1985491044));
#645 = VECTOR('',#646,1.);
#646 = DIRECTION('',(1.,0.));
#647 = ( GEOMETRIC_REPRESENTATION_CONTEXT(2) 
PARAMETRIC_REPRESENTATION_CONTEXT() REPRESENTATION_CONTEXT('2D SPACE',''
  ) );
#648 = PCURVE('',#649,#654);
#649 = PLANE('',#650);
#650 = AXIS2_PLACEMENT_3D('',#651,#652,#653);
#651 = CARTESIAN_POINT('',(50.75,-19.5,-30.));
#652 = DIRECTION('',(0.707106781187,-0.707106781187,-5.911709633991E-18)
  );
#653 = DIRECTION('',(4.180209970601E-18,-4.180209970601E-18,1.));
#654 = DEFINITIONAL_REPRESENTATION('',(#655),#659);
#655 = LINE('',#656,#657);
#656 = CARTESIAN_POINT('',(0.,-0.707106781187));
#657 = VECTOR('',#658,1.);
#658 = DIRECTION('',(1.,1.617303853732E-34));
#659 = ( GEOMETRIC_REPRESENTATION_CONTEXT(2) 
PARAMETRIC_REPRESENTATION_CONTEXT() REPRESENTATION_CONTEXT('2D SPACE',''
  ) );
#660 = ORIENTED_EDGE('',*,*,#661,.F.);
#661 = EDGE_CURVE('',#513,#634,#662,.T.);
#662 = SURFACE_CURVE('',#663,(#667,#674),.PCURVE_S1.);
#663 = LINE('',#664,#665);
#664 = CARTESIAN_POINT('',(51.25,55.625,-30.));
#665 = VECTOR('',#666,1.);
#666 = DIRECTION('',(0.,-1.,0.));
#667 = PCURVE('',#183,#668);
#668 = DEFINITIONAL_REPRESENTATION('',(#669),#673);
#669 = LINE('',#670,#671);
#670 = CARTESIAN_POINT('',(-16.1287281839,-39.4264508956));
#671 = VECTOR('',#672,1.);
#672 = DIRECTION('',(0.,1.));
#673 = ( GEOMETRIC_REPRESENTATION_CONTEXT(2) 
PARAMETRIC_REPRESENTATION_CONTEXT() REPRESENTATION_CONTEXT('2D SPACE',''
  ) );
#674 = PCURVE('',#334,#675);
#675 = DEFINITIONAL_REPRESENTATION('',(#676),#680);
#676 = LINE('',#677,#678);
#677 = CARTESIAN_POINT('',(47.728480142965,41.514844827589));
#678 = VECTOR('',#679,1.);
#679 = DIRECTION('',(0.,-1.));
#680 = ( GEOMETRIC_REPRESENTATION_CONTEXT(2) 
PARAMETRIC_REPRESENTATION_CONTEXT() REPRESENTATION_CONTEXT('2D SPACE',''
  ) );
#681 = ORIENTED_EDGE('',*,*,#535,.F.);
#682 = ORIENTED_EDGE('',*,*,#167,.T.);
#683 = ORIENTED_EDGE('',*,*,#684,.T.);
#684 = EDGE_CURVE('',#140,#685,#687,.T.);
#685 = VERTEX_POINT('',#686);
#686 = CARTESIAN_POINT('',(51.25,-7.75,-9.999999999999E-03));
#687 = SURFACE_CURVE('',#688,(#692,#699),.PCURVE_S1.);
#688 = LINE('',#689,#690);
#689 = CARTESIAN_POINT('',(51.25,-7.75,0.));
#690 = VECTOR('',#691,1.);
#691 = DIRECTION('',(-0.,-0.,-1.));
#692 = PCURVE('',#183,#693);
#693 = DEFINITIONAL_REPRESENTATION('',(#694),#698);
#694 = LINE('',#695,#696);
#695 = CARTESIAN_POINT('',(13.871271816099,23.9485491044));
#696 = VECTOR('',#697,1.);
#697 = DIRECTION('',(-1.,0.));
#698 = ( GEOMETRIC_REPRESENTATION_CONTEXT(2) 
PARAMETRIC_REPRESENTATION_CONTEXT() REPRESENTATION_CONTEXT('2D SPACE',''
  ) );
#699 = PCURVE('',#155,#700);
#700 = DEFINITIONAL_REPRESENTATION('',(#701),#705);
#701 = LINE('',#702,#703);
#702 = CARTESIAN_POINT('',(0.,0.));
#703 = VECTOR('',#704,1.);
#704 = DIRECTION('',(0.,-1.));
#705 = ( GEOMETRIC_REPRESENTATION_CONTEXT(2) 
PARAMETRIC_REPRESENTATION_CONTEXT() REPRESENTATION_CONTEXT('2D SPACE',''
  ) );
#706 = ORIENTED_EDGE('',*,*,#707,.T.);
#707 = EDGE_CURVE('',#685,#708,#710,.T.);
#708 = VERTEX_POINT('',#709);
#709 = CARTESIAN_POINT('',(51.25,-8.74,-1.));
#710 = SURFACE_CURVE('',#711,(#715,#722),.PCURVE_S1.);
#711 = LINE('',#712,#713);
#712 = CARTESIAN_POINT('',(51.25,-3.117306034483,4.622693965517));
#713 = VECTOR('',#714,1.);
#714 = DIRECTION('',(0.,-0.707106781187,-0.707106781187));
#715 = PCURVE('',#183,#716);
#716 = DEFINITIONAL_REPRESENTATION('',(#717),#721);
#717 = LINE('',#718,#719);
#718 = CARTESIAN_POINT('',(18.493965781616,19.315855138883));
#719 = VECTOR('',#720,1.);
#720 = DIRECTION('',(-0.707106781187,0.707106781187));
#721 = ( GEOMETRIC_REPRESENTATION_CONTEXT(2) 
PARAMETRIC_REPRESENTATION_CONTEXT() REPRESENTATION_CONTEXT('2D SPACE',''
  ) );
#722 = PCURVE('',#723,#728);
#723 = PLANE('',#724);
#724 = AXIS2_PLACEMENT_3D('',#725,#726,#727);
#725 = CARTESIAN_POINT('',(51.25,-8.245,-0.505));
#726 = DIRECTION('',(-5.99074636585E-18,-0.707106781187,0.707106781187)
  );
#727 = DIRECTION('',(-1.,4.236097379661E-18,-4.236097379661E-18));
#728 = DEFINITIONAL_REPRESENTATION('',(#729),#733);
#729 = LINE('',#730,#731);
#730 = CARTESIAN_POINT('',(-7.105427357601E-15,-7.251654349733));
#731 = VECTOR('',#732,1.);
#732 = DIRECTION('',(-1.579283574532E-34,1.));
#733 = ( GEOMETRIC_REPRESENTATION_CONTEXT(2) 
PARAMETRIC_REPRESENTATION_CONTEXT() REPRESENTATION_CONTEXT('2D SPACE',''
  ) );
#734 = ORIENTED_EDGE('',*,*,#735,.F.);
#735 = EDGE_CURVE('',#736,#708,#738,.T.);
#736 = VERTEX_POINT('',#737);
#737 = CARTESIAN_POINT('',(51.25,-8.75,-1.));
#738 = SURFACE_CURVE('',#739,(#743,#750),.PCURVE_S1.);
#739 = LINE('',#740,#741);
#740 = CARTESIAN_POINT('',(51.25,-8.75,-1.));
#741 = VECTOR('',#742,1.);
#742 = DIRECTION('',(0.,1.,0.));
#743 = PCURVE('',#183,#744);
#744 = DEFINITIONAL_REPRESENTATION('',(#745),#749);
#745 = LINE('',#746,#747);
#746 = CARTESIAN_POINT('',(12.871271816099,24.9485491044));
#747 = VECTOR('',#748,1.);
#748 = DIRECTION('',(0.,-1.));
#749 = ( GEOMETRIC_REPRESENTATION_CONTEXT(2) 
PARAMETRIC_REPRESENTATION_CONTEXT() REPRESENTATION_CONTEXT('2D SPACE',''
  ) );
#750 = PCURVE('',#446,#751);
#751 = DEFINITIONAL_REPRESENTATION('',(#752),#756);
#752 = LINE('',#753,#754);
#753 = CARTESIAN_POINT('',(46.968870247786,-27.47960708257));
#754 = VECTOR('',#755,1.);
#755 = DIRECTION('',(0.,1.));
#756 = ( GEOMETRIC_REPRESENTATION_CONTEXT(2) 
PARAMETRIC_REPRESENTATION_CONTEXT() REPRESENTATION_CONTEXT('2D SPACE',''
  ) );
#757 = ORIENTED_EDGE('',*,*,#758,.F.);
#758 = EDGE_CURVE('',#609,#736,#759,.T.);
#759 = SURFACE_CURVE('',#760,(#764,#771),.PCURVE_S1.);
#760 = LINE('',#761,#762);
#761 = CARTESIAN_POINT('',(51.25,-8.75,0.));
#762 = VECTOR('',#763,1.);
#763 = DIRECTION('',(-0.,-0.,-1.));
#764 = PCURVE('',#183,#765);
#765 = DEFINITIONAL_REPRESENTATION('',(#766),#770);
#766 = LINE('',#767,#768);
#767 = CARTESIAN_POINT('',(13.871271816099,24.9485491044));
#768 = VECTOR('',#769,1.);
#769 = DIRECTION('',(-1.,0.));
#770 = ( GEOMETRIC_REPRESENTATION_CONTEXT(2) 
PARAMETRIC_REPRESENTATION_CONTEXT() REPRESENTATION_CONTEXT('2D SPACE',''
  ) );
#771 = PCURVE('',#772,#777);
#772 = PLANE('',#773);
#773 = AXIS2_PLACEMENT_3D('',#774,#775,#776);
#774 = CARTESIAN_POINT('',(25.625,-8.75,2.));
#775 = DIRECTION('',(0.,1.,-1.409278601973E-15));
#776 = DIRECTION('',(0.,1.409278601973E-15,1.));
#777 = DEFINITIONAL_REPRESENTATION('',(#778),#782);
#778 = LINE('',#779,#780);
#779 = CARTESIAN_POINT('',(-2.,25.625));
#780 = VECTOR('',#781,1.);
#781 = DIRECTION('',(-1.,-0.));
#782 = ( GEOMETRIC_REPRESENTATION_CONTEXT(2) 
PARAMETRIC_REPRESENTATION_CONTEXT() REPRESENTATION_CONTEXT('2D SPACE',''
  ) );
#783 = ADVANCED_FACE('',(#784),#127,.T.);
#784 = FACE_BOUND('',#785,.T.);
#785 = EDGE_LOOP('',(#786,#787,#816,#837));
#786 = ORIENTED_EDGE('',*,*,#561,.T.);
#787 = ORIENTED_EDGE('',*,*,#788,.F.);
#788 = EDGE_CURVE('',#789,#562,#791,.T.);
#789 = VERTEX_POINT('',#790);
#790 = CARTESIAN_POINT('',(0.,-7.75,-1.E-02));
#791 = SURFACE_CURVE('',#792,(#797,#804),.PCURVE_S1.);
#792 = CIRCLE('',#793,7.75);
#793 = AXIS2_PLACEMENT_3D('',#794,#795,#796);
#794 = CARTESIAN_POINT('',(8.881784197001E-16,3.552713678801E-15,-1.E-02
    ));
#795 = DIRECTION('',(-0.,0.,-1.));
#796 = DIRECTION('',(-2.317000636775E-16,-1.,0.));
#797 = PCURVE('',#127,#798);
#798 = DEFINITIONAL_REPRESENTATION('',(#799),#803);
#799 = LINE('',#800,#801);
#800 = CARTESIAN_POINT('',(4.712388980385,-1.E-02));
#801 = VECTOR('',#802,1.);
#802 = DIRECTION('',(-1.,-0.));
#803 = ( GEOMETRIC_REPRESENTATION_CONTEXT(2) 
PARAMETRIC_REPRESENTATION_CONTEXT() REPRESENTATION_CONTEXT('2D SPACE',''
  ) );
#804 = PCURVE('',#805,#810);
#805 = CONICAL_SURFACE('',#806,7.75,0.785398163397);
#806 = AXIS2_PLACEMENT_3D('',#807,#808,#809);
#807 = CARTESIAN_POINT('',(8.881784197001E-16,3.552713678801E-15,-1.E-02
    ));
#808 = DIRECTION('',(-0.,-0.,-1.));
#809 = DIRECTION('',(-2.317000636775E-16,-1.,0.));
#810 = DEFINITIONAL_REPRESENTATION('',(#811),#815);
#811 = LINE('',#812,#813);
#812 = CARTESIAN_POINT('',(0.,0.));
#813 = VECTOR('',#814,1.);
#814 = DIRECTION('',(1.,0.));
#815 = ( GEOMETRIC_REPRESENTATION_CONTEXT(2) 
PARAMETRIC_REPRESENTATION_CONTEXT() REPRESENTATION_CONTEXT('2D SPACE',''
  ) );
#816 = ORIENTED_EDGE('',*,*,#817,.F.);
#817 = EDGE_CURVE('',#111,#789,#818,.T.);
#818 = SURFACE_CURVE('',#819,(#823,#830),.PCURVE_S1.);
#819 = LINE('',#820,#821);
#820 = CARTESIAN_POINT('',(-4.537485384477E-16,-7.75,0.));
#821 = VECTOR('',#822,1.);
#822 = DIRECTION('',(-0.,-0.,-1.));
#823 = PCURVE('',#127,#824);
#824 = DEFINITIONAL_REPRESENTATION('',(#825),#829);
#825 = LINE('',#826,#827);
#826 = CARTESIAN_POINT('',(4.712388980385,0.));
#827 = VECTOR('',#828,1.);
#828 = DIRECTION('',(0.,-1.));
#829 = ( GEOMETRIC_REPRESENTATION_CONTEXT(2) 
PARAMETRIC_REPRESENTATION_CONTEXT() REPRESENTATION_CONTEXT('2D SPACE',''
  ) );
#830 = PCURVE('',#155,#831);
#831 = DEFINITIONAL_REPRESENTATION('',(#832),#836);
#832 = LINE('',#833,#834);
#833 = CARTESIAN_POINT('',(51.25,0.));
#834 = VECTOR('',#835,1.);
#835 = DIRECTION('',(0.,-1.));
#836 = ( GEOMETRIC_REPRESENTATION_CONTEXT(2) 
PARAMETRIC_REPRESENTATION_CONTEXT() REPRESENTATION_CONTEXT('2D SPACE',''
  ) );
#837 = ORIENTED_EDGE('',*,*,#110,.F.);
#838 = ADVANCED_FACE('',(#839),#155,.F.);
#839 = FACE_BOUND('',#840,.F.);
#840 = EDGE_LOOP('',(#841,#842,#863,#864));
#841 = ORIENTED_EDGE('',*,*,#684,.T.);
#842 = ORIENTED_EDGE('',*,*,#843,.T.);
#843 = EDGE_CURVE('',#685,#789,#844,.T.);
#844 = SURFACE_CURVE('',#845,(#849,#856),.PCURVE_S1.);
#845 = LINE('',#846,#847);
#846 = CARTESIAN_POINT('',(51.25,-7.75,-1.E-02));
#847 = VECTOR('',#848,1.);
#848 = DIRECTION('',(-1.,0.,0.));
#849 = PCURVE('',#155,#850);
#850 = DEFINITIONAL_REPRESENTATION('',(#851),#855);
#851 = LINE('',#852,#853);
#852 = CARTESIAN_POINT('',(0.,-1.E-02));
#853 = VECTOR('',#854,1.);
#854 = DIRECTION('',(1.,0.));
#855 = ( GEOMETRIC_REPRESENTATION_CONTEXT(2) 
PARAMETRIC_REPRESENTATION_CONTEXT() REPRESENTATION_CONTEXT('2D SPACE',''
  ) );
#856 = PCURVE('',#723,#857);
#857 = DEFINITIONAL_REPRESENTATION('',(#858),#862);
#858 = LINE('',#859,#860);
#859 = CARTESIAN_POINT('',(7.845834130181E-34,-0.700035713375));
#860 = VECTOR('',#861,1.);
#861 = DIRECTION('',(1.,1.620903175922E-36));
#862 = ( GEOMETRIC_REPRESENTATION_CONTEXT(2) 
PARAMETRIC_REPRESENTATION_CONTEXT() REPRESENTATION_CONTEXT('2D SPACE',''
  ) );
#863 = ORIENTED_EDGE('',*,*,#817,.F.);
#864 = ORIENTED_EDGE('',*,*,#139,.F.);
#865 = ADVANCED_FACE('',(#866),#244,.F.);
#866 = FACE_BOUND('',#867,.T.);
#867 = EDGE_LOOP('',(#868,#896,#916,#917));
#868 = ORIENTED_EDGE('',*,*,#869,.T.);
#869 = EDGE_CURVE('',#870,#870,#872,.T.);
#870 = VERTEX_POINT('',#871);
#871 = CARTESIAN_POINT('',(4.67995,0.,-30.));
#872 = SURFACE_CURVE('',#873,(#878,#885),.PCURVE_S1.);
#873 = CIRCLE('',#874,4.67995);
#874 = AXIS2_PLACEMENT_3D('',#875,#876,#877);
#875 = CARTESIAN_POINT('',(0.,0.,-30.));
#876 = DIRECTION('',(0.,0.,-1.));
#877 = DIRECTION('',(1.,0.,0.));
#878 = PCURVE('',#244,#879);
#879 = DEFINITIONAL_REPRESENTATION('',(#880),#884);
#880 = LINE('',#881,#882);
#881 = CARTESIAN_POINT('',(-0.,-30.));
#882 = VECTOR('',#883,1.);
#883 = DIRECTION('',(-1.,0.));
#884 = ( GEOMETRIC_REPRESENTATION_CONTEXT(2) 
PARAMETRIC_REPRESENTATION_CONTEXT() REPRESENTATION_CONTEXT('2D SPACE',''
  ) );
#885 = PCURVE('',#334,#886);
#886 = DEFINITIONAL_REPRESENTATION('',(#887),#895);
#887 = ( BOUNDED_CURVE() B_SPLINE_CURVE(2,(#888,#889,#890,#891,#892,#893
,#894),.UNSPECIFIED.,.T.,.F.) B_SPLINE_CURVE_WITH_KNOTS((1,2,2,2,2,1),(
    -2.094395102393,0.,2.094395102393,4.188790204786,6.28318530718,
8.377580409573),.UNSPECIFIED.) CURVE() GEOMETRIC_REPRESENTATION_ITEM() 
RATIONAL_B_SPLINE_CURVE((1.,0.5,1.,0.5,1.,0.5,1.)) REPRESENTATION_ITEM(
  '') );
#888 = CARTESIAN_POINT('',(1.158430142965,-14.11015517241));
#889 = CARTESIAN_POINT('',(1.158430142965,-22.21606634929));
#890 = CARTESIAN_POINT('',(-5.861494857035,-18.16311076085));
#891 = CARTESIAN_POINT('',(-12.88141985703,-14.11015517241));
#892 = CARTESIAN_POINT('',(-5.861494857035,-10.05719958397));
#893 = CARTESIAN_POINT('',(1.158430142965,-6.004243995529));
#894 = CARTESIAN_POINT('',(1.158430142965,-14.11015517241));
#895 = ( GEOMETRIC_REPRESENTATION_CONTEXT(2) 
PARAMETRIC_REPRESENTATION_CONTEXT() REPRESENTATION_CONTEXT('2D SPACE',''
  ) );
#896 = ORIENTED_EDGE('',*,*,#897,.T.);
#897 = EDGE_CURVE('',#870,#224,#898,.T.);
#898 = SEAM_CURVE('',#899,(#902,#909),.PCURVE_S1.);
#899 = B_SPLINE_CURVE_WITH_KNOTS('',1,(#900,#901),.UNSPECIFIED.,.F.,.F.,
  (2,2),(-30.,0.),.PIECEWISE_BEZIER_KNOTS.);
#900 = CARTESIAN_POINT('',(4.67995,0.,-30.));
#901 = CARTESIAN_POINT('',(4.67995,0.,0.));
#902 = PCURVE('',#244,#903);
#903 = DEFINITIONAL_REPRESENTATION('',(#904),#908);
#904 = LINE('',#905,#906);
#905 = CARTESIAN_POINT('',(-6.28318530718,0.));
#906 = VECTOR('',#907,1.);
#907 = DIRECTION('',(-0.,1.));
#908 = ( GEOMETRIC_REPRESENTATION_CONTEXT(2) 
PARAMETRIC_REPRESENTATION_CONTEXT() REPRESENTATION_CONTEXT('2D SPACE',''
  ) );
#909 = PCURVE('',#244,#910);
#910 = DEFINITIONAL_REPRESENTATION('',(#911),#915);
#911 = LINE('',#912,#913);
#912 = CARTESIAN_POINT('',(-0.,0.));
#913 = VECTOR('',#914,1.);
#914 = DIRECTION('',(-0.,1.));
#915 = ( GEOMETRIC_REPRESENTATION_CONTEXT(2) 
PARAMETRIC_REPRESENTATION_CONTEXT() REPRESENTATION_CONTEXT('2D SPACE',''
  ) );
#916 = ORIENTED_EDGE('',*,*,#223,.F.);
#917 = ORIENTED_EDGE('',*,*,#897,.F.);
#918 = ADVANCED_FACE('',(#919),#279,.F.);
#919 = FACE_BOUND('',#920,.T.);
#920 = EDGE_LOOP('',(#921,#949,#969,#970));
#921 = ORIENTED_EDGE('',*,*,#922,.T.);
#922 = EDGE_CURVE('',#923,#923,#925,.T.);
#923 = VERTEX_POINT('',#924);
#924 = CARTESIAN_POINT('',(33.52625,30.,-30.));
#925 = SURFACE_CURVE('',#926,(#931,#938),.PCURVE_S1.);
#926 = CIRCLE('',#927,3.52625);
#927 = AXIS2_PLACEMENT_3D('',#928,#929,#930);
#928 = CARTESIAN_POINT('',(30.,30.,-30.));
#929 = DIRECTION('',(0.,0.,-1.));
#930 = DIRECTION('',(1.,0.,0.));
#931 = PCURVE('',#279,#932);
#932 = DEFINITIONAL_REPRESENTATION('',(#933),#937);
#933 = LINE('',#934,#935);
#934 = CARTESIAN_POINT('',(-0.,-30.));
#935 = VECTOR('',#936,1.);
#936 = DIRECTION('',(-1.,0.));
#937 = ( GEOMETRIC_REPRESENTATION_CONTEXT(2) 
PARAMETRIC_REPRESENTATION_CONTEXT() REPRESENTATION_CONTEXT('2D SPACE',''
  ) );
#938 = PCURVE('',#334,#939);
#939 = DEFINITIONAL_REPRESENTATION('',(#940),#948);
#940 = ( BOUNDED_CURVE() B_SPLINE_CURVE(2,(#941,#942,#943,#944,#945,#946
,#947),.UNSPECIFIED.,.T.,.F.) B_SPLINE_CURVE_WITH_KNOTS((1,2,2,2,2,1),(
    -2.094395102393,0.,2.094395102393,4.188790204786,6.28318530718,
8.377580409573),.UNSPECIFIED.) CURVE() GEOMETRIC_REPRESENTATION_ITEM() 
RATIONAL_B_SPLINE_CURVE((1.,0.5,1.,0.5,1.,0.5,1.)) REPRESENTATION_ITEM(
  '') );
#941 = CARTESIAN_POINT('',(30.004730142965,15.889844827589));
#942 = CARTESIAN_POINT('',(30.004730142965,9.7822006674));
#943 = CARTESIAN_POINT('',(24.715355142965,12.836022747494));
#944 = CARTESIAN_POINT('',(19.425980142965,15.889844827589));
#945 = CARTESIAN_POINT('',(24.715355142965,18.943666907684));
#946 = CARTESIAN_POINT('',(30.004730142965,21.997488987779));
#947 = CARTESIAN_POINT('',(30.004730142965,15.889844827589));
#948 = ( GEOMETRIC_REPRESENTATION_CONTEXT(2) 
PARAMETRIC_REPRESENTATION_CONTEXT() REPRESENTATION_CONTEXT('2D SPACE',''
  ) );
#949 = ORIENTED_EDGE('',*,*,#950,.T.);
#950 = EDGE_CURVE('',#923,#259,#951,.T.);
#951 = SEAM_CURVE('',#952,(#955,#962),.PCURVE_S1.);
#952 = B_SPLINE_CURVE_WITH_KNOTS('',1,(#953,#954),.UNSPECIFIED.,.F.,.F.,
  (2,2),(-30.,0.),.PIECEWISE_BEZIER_KNOTS.);
#953 = CARTESIAN_POINT('',(33.52625,30.,-30.));
#954 = CARTESIAN_POINT('',(33.52625,30.,0.));
#955 = PCURVE('',#279,#956);
#956 = DEFINITIONAL_REPRESENTATION('',(#957),#961);
#957 = LINE('',#958,#959);
#958 = CARTESIAN_POINT('',(-6.28318530718,0.));
#959 = VECTOR('',#960,1.);
#960 = DIRECTION('',(-0.,1.));
#961 = ( GEOMETRIC_REPRESENTATION_CONTEXT(2) 
PARAMETRIC_REPRESENTATION_CONTEXT() REPRESENTATION_CONTEXT('2D SPACE',''
  ) );
#962 = PCURVE('',#279,#963);
#963 = DEFINITIONAL_REPRESENTATION('',(#964),#968);
#964 = LINE('',#965,#966);
#965 = CARTESIAN_POINT('',(-0.,0.));
#966 = VECTOR('',#967,1.);
#967 = DIRECTION('',(-0.,1.));
#968 = ( GEOMETRIC_REPRESENTATION_CONTEXT(2) 
PARAMETRIC_REPRESENTATION_CONTEXT() REPRESENTATION_CONTEXT('2D SPACE',''
  ) );
#969 = ORIENTED_EDGE('',*,*,#258,.F.);
#970 = ORIENTED_EDGE('',*,*,#950,.F.);
#971 = ADVANCED_FACE('',(#972,#1031,#1155,#1279,#1403,#1406),#334,.F.);
#972 = FACE_BOUND('',#973,.F.);
#973 = EDGE_LOOP('',(#974,#975,#1003,#1029,#1030));
#974 = ORIENTED_EDGE('',*,*,#318,.F.);
#975 = ORIENTED_EDGE('',*,*,#976,.F.);
#976 = EDGE_CURVE('',#977,#319,#979,.T.);
#977 = VERTEX_POINT('',#978);
#978 = CARTESIAN_POINT('',(-39.,-19.,-30.));
#979 = SURFACE_CURVE('',#980,(#984,#991),.PCURVE_S1.);
#980 = LINE('',#981,#982);
#981 = CARTESIAN_POINT('',(-39.,-20.,-30.));
#982 = VECTOR('',#983,1.);
#983 = DIRECTION('',(0.,1.,0.));
#984 = PCURVE('',#334,#985);
#985 = DEFINITIONAL_REPRESENTATION('',(#986),#990);
#986 = LINE('',#987,#988);
#987 = CARTESIAN_POINT('',(-42.52151985703,-34.11015517241));
#988 = VECTOR('',#989,1.);
#989 = DIRECTION('',(0.,1.));
#990 = ( GEOMETRIC_REPRESENTATION_CONTEXT(2) 
PARAMETRIC_REPRESENTATION_CONTEXT() REPRESENTATION_CONTEXT('2D SPACE',''
  ) );
#991 = PCURVE('',#992,#997);
#992 = PLANE('',#993);
#993 = AXIS2_PLACEMENT_3D('',#994,#995,#996);
#994 = CARTESIAN_POINT('',(-39.5,-20.,-29.5));
#995 = DIRECTION('',(0.707106781187,5.911709633991E-18,0.707106781187));
#996 = DIRECTION('',(-4.180209970601E-18,1.,-4.180209970601E-18));
#997 = DEFINITIONAL_REPRESENTATION('',(#998),#1002);
#998 = LINE('',#999,#1000);
#999 = CARTESIAN_POINT('',(0.,-0.707106781187));
#1000 = VECTOR('',#1001,1.);
#1001 = DIRECTION('',(1.,1.211845495834E-34));
#1002 = ( GEOMETRIC_REPRESENTATION_CONTEXT(2) 
PARAMETRIC_REPRESENTATION_CONTEXT() REPRESENTATION_CONTEXT('2D SPACE',''
  ) );
#1003 = ORIENTED_EDGE('',*,*,#1004,.F.);
#1004 = EDGE_CURVE('',#634,#977,#1005,.T.);
#1005 = SURFACE_CURVE('',#1006,(#1010,#1017),.PCURVE_S1.);
#1006 = LINE('',#1007,#1008);
#1007 = CARTESIAN_POINT('',(51.25,-19.,-30.));
#1008 = VECTOR('',#1009,1.);
#1009 = DIRECTION('',(-1.,0.,0.));
#1010 = PCURVE('',#334,#1011);
#1011 = DEFINITIONAL_REPRESENTATION('',(#1012),#1016);
#1012 = LINE('',#1013,#1014);
#1013 = CARTESIAN_POINT('',(47.728480142965,-33.11015517241));
#1014 = VECTOR('',#1015,1.);
#1015 = DIRECTION('',(-1.,0.));
#1016 = ( GEOMETRIC_REPRESENTATION_CONTEXT(2) 
PARAMETRIC_REPRESENTATION_CONTEXT() REPRESENTATION_CONTEXT('2D SPACE',''
  ) );
#1017 = PCURVE('',#1018,#1023);
#1018 = PLANE('',#1019);
#1019 = AXIS2_PLACEMENT_3D('',#1020,#1021,#1022);
#1020 = CARTESIAN_POINT('',(51.25,-19.5,-29.5));
#1021 = DIRECTION('',(5.911709633991E-18,0.707106781187,0.707106781187)
  );
#1022 = DIRECTION('',(-1.,4.180209970601E-18,4.180209970601E-18));
#1023 = DEFINITIONAL_REPRESENTATION('',(#1024),#1028);
#1024 = LINE('',#1025,#1026);
#1025 = CARTESIAN_POINT('',(0.,-0.707106781187));
#1026 = VECTOR('',#1027,1.);
#1027 = DIRECTION('',(1.,-1.211845495834E-34));
#1028 = ( GEOMETRIC_REPRESENTATION_CONTEXT(2) 
PARAMETRIC_REPRESENTATION_CONTEXT() REPRESENTATION_CONTEXT('2D SPACE',''
  ) );
#1029 = ORIENTED_EDGE('',*,*,#661,.F.);
#1030 = ORIENTED_EDGE('',*,*,#512,.F.);
#1031 = FACE_BOUND('',#1032,.F.);
#1032 = EDGE_LOOP('',(#1033,#1068,#1096,#1129));
#1033 = ORIENTED_EDGE('',*,*,#1034,.T.);
#1034 = EDGE_CURVE('',#1035,#1037,#1039,.T.);
#1035 = VERTEX_POINT('',#1036);
#1036 = CARTESIAN_POINT('',(28.124999999989,-17.12499999999,-30.));
#1037 = VERTEX_POINT('',#1038);
#1038 = CARTESIAN_POINT('',(28.12499999999,-11.62499999999,-30.));
#1039 = SURFACE_CURVE('',#1040,(#1045,#1056),.PCURVE_S1.);
#1040 = CIRCLE('',#1041,2.75);
#1041 = AXIS2_PLACEMENT_3D('',#1042,#1043,#1044);
#1042 = CARTESIAN_POINT('',(28.124999999989,-14.37499999999,-30.));
#1043 = DIRECTION('',(0.,0.,-1.));
#1044 = DIRECTION('',(1.,0.,0.));
#1045 = PCURVE('',#334,#1046);
#1046 = DEFINITIONAL_REPRESENTATION('',(#1047),#1055);
#1047 = ( BOUNDED_CURVE() B_SPLINE_CURVE(2,(#1048,#1049,#1050,#1051,
#1052,#1053,#1054),.UNSPECIFIED.,.T.,.F.) B_SPLINE_CURVE_WITH_KNOTS((1,2
    ,2,2,2,1),(-2.094395102393,0.,2.094395102393,4.188790204786,
6.28318530718,8.377580409573),.UNSPECIFIED.) CURVE() 
GEOMETRIC_REPRESENTATION_ITEM() RATIONAL_B_SPLINE_CURVE((1.,0.5,1.,0.5,
1.,0.5,1.)) REPRESENTATION_ITEM('') );
#1048 = CARTESIAN_POINT('',(27.353480142954,-28.4851551724));
#1049 = CARTESIAN_POINT('',(27.353480142954,-33.24829489322));
#1050 = CARTESIAN_POINT('',(23.228480142954,-30.86672503281));
#1051 = CARTESIAN_POINT('',(19.103480142954,-28.4851551724));
#1052 = CARTESIAN_POINT('',(23.228480142954,-26.103585312));
#1053 = CARTESIAN_POINT('',(27.353480142954,-23.72201545159));
#1054 = CARTESIAN_POINT('',(27.353480142954,-28.4851551724));
#1055 = ( GEOMETRIC_REPRESENTATION_CONTEXT(2) 
PARAMETRIC_REPRESENTATION_CONTEXT() REPRESENTATION_CONTEXT('2D SPACE',''
  ) );
#1056 = PCURVE('',#1057,#1062);
#1057 = CYLINDRICAL_SURFACE('',#1058,2.75);
#1058 = AXIS2_PLACEMENT_3D('',#1059,#1060,#1061);
#1059 = CARTESIAN_POINT('',(28.124999999989,-14.37499999999,0.));
#1060 = DIRECTION('',(-0.,-0.,-1.));
#1061 = DIRECTION('',(1.,0.,0.));
#1062 = DEFINITIONAL_REPRESENTATION('',(#1063),#1067);
#1063 = LINE('',#1064,#1065);
#1064 = CARTESIAN_POINT('',(-6.28318530718,30.));
#1065 = VECTOR('',#1066,1.);
#1066 = DIRECTION('',(1.,-0.));
#1067 = ( GEOMETRIC_REPRESENTATION_CONTEXT(2) 
PARAMETRIC_REPRESENTATION_CONTEXT() REPRESENTATION_CONTEXT('2D SPACE',''
  ) );
#1068 = ORIENTED_EDGE('',*,*,#1069,.T.);
#1069 = EDGE_CURVE('',#1037,#1070,#1072,.T.);
#1070 = VERTEX_POINT('',#1071);
#1071 = CARTESIAN_POINT('',(43.125,-11.625,-30.));
#1072 = SURFACE_CURVE('',#1073,(#1077,#1084),.PCURVE_S1.);
#1073 = LINE('',#1074,#1075);
#1074 = CARTESIAN_POINT('',(28.12499999999,-11.62499999999,-30.));
#1075 = VECTOR('',#1076,1.);
#1076 = DIRECTION('',(1.,-1.329899153763E-13,0.));
#1077 = PCURVE('',#334,#1078);
#1078 = DEFINITIONAL_REPRESENTATION('',(#1079),#1083);
#1079 = LINE('',#1080,#1081);
#1080 = CARTESIAN_POINT('',(24.603480142955,-25.7351551724));
#1081 = VECTOR('',#1082,1.);
#1082 = DIRECTION('',(1.,-1.329899153763E-13));
#1083 = ( GEOMETRIC_REPRESENTATION_CONTEXT(2) 
PARAMETRIC_REPRESENTATION_CONTEXT() REPRESENTATION_CONTEXT('2D SPACE',''
  ) );
#1084 = PCURVE('',#1085,#1090);
#1085 = PLANE('',#1086);
#1086 = AXIS2_PLACEMENT_3D('',#1087,#1088,#1089);
#1087 = CARTESIAN_POINT('',(35.624999999995,-11.62499999999,-12.5));
#1088 = DIRECTION('',(-9.311070433184E-14,-1.,-2.043748193456E-14));
#1089 = DIRECTION('',(-1.,9.311070433184E-14,1.123707880775E-44));
#1090 = DEFINITIONAL_REPRESENTATION('',(#1091),#1095);
#1091 = LINE('',#1092,#1093);
#1092 = CARTESIAN_POINT('',(7.500000000005,17.499999999999));
#1093 = VECTOR('',#1094,1.);
#1094 = DIRECTION('',(-1.,-8.150306552864E-28));
#1095 = ( GEOMETRIC_REPRESENTATION_CONTEXT(2) 
PARAMETRIC_REPRESENTATION_CONTEXT() REPRESENTATION_CONTEXT('2D SPACE',''
  ) );
#1096 = ORIENTED_EDGE('',*,*,#1097,.T.);
#1097 = EDGE_CURVE('',#1070,#1098,#1100,.T.);
#1098 = VERTEX_POINT('',#1099);
#1099 = CARTESIAN_POINT('',(43.125,-17.125,-30.));
#1100 = SURFACE_CURVE('',#1101,(#1106,#1117),.PCURVE_S1.);
#1101 = CIRCLE('',#1102,2.75);
#1102 = AXIS2_PLACEMENT_3D('',#1103,#1104,#1105);
#1103 = CARTESIAN_POINT('',(43.125,-14.375,-30.));
#1104 = DIRECTION('',(0.,0.,-1.));
#1105 = DIRECTION('',(1.,0.,0.));
#1106 = PCURVE('',#334,#1107);
#1107 = DEFINITIONAL_REPRESENTATION('',(#1108),#1116);
#1108 = ( BOUNDED_CURVE() B_SPLINE_CURVE(2,(#1109,#1110,#1111,#1112,
#1113,#1114,#1115),.UNSPECIFIED.,.T.,.F.) B_SPLINE_CURVE_WITH_KNOTS((1,2
    ,2,2,2,1),(-2.094395102393,0.,2.094395102393,4.188790204786,
6.28318530718,8.377580409573),.UNSPECIFIED.) CURVE() 
GEOMETRIC_REPRESENTATION_ITEM() RATIONAL_B_SPLINE_CURVE((1.,0.5,1.,0.5,
1.,0.5,1.)) REPRESENTATION_ITEM('') );
#1109 = CARTESIAN_POINT('',(42.353480142965,-28.48515517241));
#1110 = CARTESIAN_POINT('',(42.353480142965,-33.24829489322));
#1111 = CARTESIAN_POINT('',(38.228480142965,-30.86672503281));
#1112 = CARTESIAN_POINT('',(34.103480142965,-28.48515517241));
#1113 = CARTESIAN_POINT('',(38.228480142965,-26.103585312));
#1114 = CARTESIAN_POINT('',(42.353480142965,-23.72201545159));
#1115 = CARTESIAN_POINT('',(42.353480142965,-28.48515517241));
#1116 = ( GEOMETRIC_REPRESENTATION_CONTEXT(2) 
PARAMETRIC_REPRESENTATION_CONTEXT() REPRESENTATION_CONTEXT('2D SPACE',''
  ) );
#1117 = PCURVE('',#1118,#1123);
#1118 = CYLINDRICAL_SURFACE('',#1119,2.75);
#1119 = AXIS2_PLACEMENT_3D('',#1120,#1121,#1122);
#1120 = CARTESIAN_POINT('',(43.125,-14.375,0.));
#1121 = DIRECTION('',(-0.,-0.,-1.));
#1122 = DIRECTION('',(1.,0.,0.));
#1123 = DEFINITIONAL_REPRESENTATION('',(#1124),#1128);
#1124 = LINE('',#1125,#1126);
#1125 = CARTESIAN_POINT('',(-6.28318530718,30.));
#1126 = VECTOR('',#1127,1.);
#1127 = DIRECTION('',(1.,-0.));
#1128 = ( GEOMETRIC_REPRESENTATION_CONTEXT(2) 
PARAMETRIC_REPRESENTATION_CONTEXT() REPRESENTATION_CONTEXT('2D SPACE',''
  ) );
#1129 = ORIENTED_EDGE('',*,*,#1130,.F.);
#1130 = EDGE_CURVE('',#1035,#1098,#1131,.T.);
#1131 = SURFACE_CURVE('',#1132,(#1136,#1143),.PCURVE_S1.);
#1132 = LINE('',#1133,#1134);
#1133 = CARTESIAN_POINT('',(28.124999999989,-17.12499999999,-30.));
#1134 = VECTOR('',#1135,1.);
#1135 = DIRECTION('',(1.,-1.32871491587E-13,0.));
#1136 = PCURVE('',#334,#1137);
#1137 = DEFINITIONAL_REPRESENTATION('',(#1138),#1142);
#1138 = LINE('',#1139,#1140);
#1139 = CARTESIAN_POINT('',(24.603480142954,-31.2351551724));
#1140 = VECTOR('',#1141,1.);
#1141 = DIRECTION('',(1.,-1.32871491587E-13));
#1142 = ( GEOMETRIC_REPRESENTATION_CONTEXT(2) 
PARAMETRIC_REPRESENTATION_CONTEXT() REPRESENTATION_CONTEXT('2D SPACE',''
  ) );
#1143 = PCURVE('',#1144,#1149);
#1144 = PLANE('',#1145);
#1145 = AXIS2_PLACEMENT_3D('',#1146,#1147,#1148);
#1146 = CARTESIAN_POINT('',(35.624999999994,-17.12499999999,-12.5));
#1147 = DIRECTION('',(1.328714915871E-13,1.,0.));
#1148 = DIRECTION('',(1.,-1.328714915871E-13,0.));
#1149 = DEFINITIONAL_REPRESENTATION('',(#1150),#1154);
#1150 = LINE('',#1151,#1152);
#1151 = CARTESIAN_POINT('',(-7.500000000005,17.499999999999));
#1152 = VECTOR('',#1153,1.);
#1153 = DIRECTION('',(1.,0.));
#1154 = ( GEOMETRIC_REPRESENTATION_CONTEXT(2) 
PARAMETRIC_REPRESENTATION_CONTEXT() REPRESENTATION_CONTEXT('2D SPACE',''
  ) );
#1155 = FACE_BOUND('',#1156,.F.);
#1156 = EDGE_LOOP('',(#1157,#1192,#1220,#1253));
#1157 = ORIENTED_EDGE('',*,*,#1158,.T.);
#1158 = EDGE_CURVE('',#1159,#1161,#1163,.T.);
#1159 = VERTEX_POINT('',#1160);
#1160 = CARTESIAN_POINT('',(-31.87499999998,-17.125,-30.));
#1161 = VERTEX_POINT('',#1162);
#1162 = CARTESIAN_POINT('',(-31.87499999998,-11.625,-30.));
#1163 = SURFACE_CURVE('',#1164,(#1169,#1180),.PCURVE_S1.);
#1164 = CIRCLE('',#1165,2.75);
#1165 = AXIS2_PLACEMENT_3D('',#1166,#1167,#1168);
#1166 = CARTESIAN_POINT('',(-31.875,-14.375,-30.));
#1167 = DIRECTION('',(0.,0.,-1.));
#1168 = DIRECTION('',(1.,0.,0.));
#1169 = PCURVE('',#334,#1170);
#1170 = DEFINITIONAL_REPRESENTATION('',(#1171),#1179);
#1171 = ( BOUNDED_CURVE() B_SPLINE_CURVE(2,(#1172,#1173,#1174,#1175,
#1176,#1177,#1178),.UNSPECIFIED.,.T.,.F.) B_SPLINE_CURVE_WITH_KNOTS((1,2
    ,2,2,2,1),(-2.094395102393,0.,2.094395102393,4.188790204786,
6.28318530718,8.377580409573),.UNSPECIFIED.) CURVE() 
GEOMETRIC_REPRESENTATION_ITEM() RATIONAL_B_SPLINE_CURVE((1.,0.5,1.,0.5,
1.,0.5,1.)) REPRESENTATION_ITEM('') );
#1172 = CARTESIAN_POINT('',(-32.64651985703,-28.48515517241));
#1173 = CARTESIAN_POINT('',(-32.64651985703,-33.24829489322));
#1174 = CARTESIAN_POINT('',(-36.77151985703,-30.86672503281));
#1175 = CARTESIAN_POINT('',(-40.89651985703,-28.48515517241));
#1176 = CARTESIAN_POINT('',(-36.77151985703,-26.103585312));
#1177 = CARTESIAN_POINT('',(-32.64651985703,-23.72201545159));
#1178 = CARTESIAN_POINT('',(-32.64651985703,-28.48515517241));
#1179 = ( GEOMETRIC_REPRESENTATION_CONTEXT(2) 
PARAMETRIC_REPRESENTATION_CONTEXT() REPRESENTATION_CONTEXT('2D SPACE',''
  ) );
#1180 = PCURVE('',#1181,#1186);
#1181 = CYLINDRICAL_SURFACE('',#1182,2.75);
#1182 = AXIS2_PLACEMENT_3D('',#1183,#1184,#1185);
#1183 = CARTESIAN_POINT('',(-31.875,-14.375,0.));
#1184 = DIRECTION('',(-0.,-0.,-1.));
#1185 = DIRECTION('',(1.,0.,0.));
#1186 = DEFINITIONAL_REPRESENTATION('',(#1187),#1191);
#1187 = LINE('',#1188,#1189);
#1188 = CARTESIAN_POINT('',(-6.28318530718,30.));
#1189 = VECTOR('',#1190,1.);
#1190 = DIRECTION('',(1.,-0.));
#1191 = ( GEOMETRIC_REPRESENTATION_CONTEXT(2) 
PARAMETRIC_REPRESENTATION_CONTEXT() REPRESENTATION_CONTEXT('2D SPACE',''
  ) );
#1192 = ORIENTED_EDGE('',*,*,#1193,.T.);
#1193 = EDGE_CURVE('',#1161,#1194,#1196,.T.);
#1194 = VERTEX_POINT('',#1195);
#1195 = CARTESIAN_POINT('',(-16.87499999999,-11.625,-30.));
#1196 = SURFACE_CURVE('',#1197,(#1201,#1208),.PCURVE_S1.);
#1197 = LINE('',#1198,#1199);
#1198 = CARTESIAN_POINT('',(-31.87499999998,-11.625,-30.));
#1199 = VECTOR('',#1200,1.);
#1200 = DIRECTION('',(1.,6.489623653279E-14,0.));
#1201 = PCURVE('',#334,#1202);
#1202 = DEFINITIONAL_REPRESENTATION('',(#1203),#1207);
#1203 = LINE('',#1204,#1205);
#1204 = CARTESIAN_POINT('',(-35.39651985702,-25.73515517241));
#1205 = VECTOR('',#1206,1.);
#1206 = DIRECTION('',(1.,6.489623653279E-14));
#1207 = ( GEOMETRIC_REPRESENTATION_CONTEXT(2) 
PARAMETRIC_REPRESENTATION_CONTEXT() REPRESENTATION_CONTEXT('2D SPACE',''
  ) );
#1208 = PCURVE('',#1209,#1214);
#1209 = PLANE('',#1210);
#1210 = AXIS2_PLACEMENT_3D('',#1211,#1212,#1213);
#1211 = CARTESIAN_POINT('',(-24.37499999999,-11.625,-12.49999999999));
#1212 = DIRECTION('',(9.516535707618E-14,-1.,1.974073078918E-14));
#1213 = DIRECTION('',(-1.,-9.516535707618E-14,-1.358296057513E-43));
#1214 = DEFINITIONAL_REPRESENTATION('',(#1215),#1219);
#1215 = LINE('',#1216,#1217);
#1216 = CARTESIAN_POINT('',(7.499999999994,17.500000000003));
#1217 = VECTOR('',#1218,1.);
#1218 = DIRECTION('',(-1.,5.975345598725E-28));
#1219 = ( GEOMETRIC_REPRESENTATION_CONTEXT(2) 
PARAMETRIC_REPRESENTATION_CONTEXT() REPRESENTATION_CONTEXT('2D SPACE',''
  ) );
#1220 = ORIENTED_EDGE('',*,*,#1221,.T.);
#1221 = EDGE_CURVE('',#1194,#1222,#1224,.T.);
#1222 = VERTEX_POINT('',#1223);
#1223 = CARTESIAN_POINT('',(-16.87499999999,-17.125,-30.));
#1224 = SURFACE_CURVE('',#1225,(#1230,#1241),.PCURVE_S1.);
#1225 = CIRCLE('',#1226,2.75);
#1226 = AXIS2_PLACEMENT_3D('',#1227,#1228,#1229);
#1227 = CARTESIAN_POINT('',(-16.875,-14.375,-30.));
#1228 = DIRECTION('',(0.,0.,-1.));
#1229 = DIRECTION('',(1.,0.,0.));
#1230 = PCURVE('',#334,#1231);
#1231 = DEFINITIONAL_REPRESENTATION('',(#1232),#1240);
#1232 = ( BOUNDED_CURVE() B_SPLINE_CURVE(2,(#1233,#1234,#1235,#1236,
#1237,#1238,#1239),.UNSPECIFIED.,.T.,.F.) B_SPLINE_CURVE_WITH_KNOTS((1,2
    ,2,2,2,1),(-2.094395102393,0.,2.094395102393,4.188790204786,
6.28318530718,8.377580409573),.UNSPECIFIED.) CURVE() 
GEOMETRIC_REPRESENTATION_ITEM() RATIONAL_B_SPLINE_CURVE((1.,0.5,1.,0.5,
1.,0.5,1.)) REPRESENTATION_ITEM('') );
#1233 = CARTESIAN_POINT('',(-17.64651985703,-28.48515517241));
#1234 = CARTESIAN_POINT('',(-17.64651985703,-33.24829489322));
#1235 = CARTESIAN_POINT('',(-21.77151985703,-30.86672503281));
#1236 = CARTESIAN_POINT('',(-25.89651985703,-28.48515517241));
#1237 = CARTESIAN_POINT('',(-21.77151985703,-26.103585312));
#1238 = CARTESIAN_POINT('',(-17.64651985703,-23.72201545159));
#1239 = CARTESIAN_POINT('',(-17.64651985703,-28.48515517241));
#1240 = ( GEOMETRIC_REPRESENTATION_CONTEXT(2) 
PARAMETRIC_REPRESENTATION_CONTEXT() REPRESENTATION_CONTEXT('2D SPACE',''
  ) );
#1241 = PCURVE('',#1242,#1247);
#1242 = CYLINDRICAL_SURFACE('',#1243,2.75);
#1243 = AXIS2_PLACEMENT_3D('',#1244,#1245,#1246);
#1244 = CARTESIAN_POINT('',(-16.875,-14.375,0.));
#1245 = DIRECTION('',(-0.,-0.,-1.));
#1246 = DIRECTION('',(1.,0.,0.));
#1247 = DEFINITIONAL_REPRESENTATION('',(#1248),#1252);
#1248 = LINE('',#1249,#1250);
#1249 = CARTESIAN_POINT('',(-6.28318530718,30.));
#1250 = VECTOR('',#1251,1.);
#1251 = DIRECTION('',(1.,-0.));
#1252 = ( GEOMETRIC_REPRESENTATION_CONTEXT(2) 
PARAMETRIC_REPRESENTATION_CONTEXT() REPRESENTATION_CONTEXT('2D SPACE',''
  ) );
#1253 = ORIENTED_EDGE('',*,*,#1254,.F.);
#1254 = EDGE_CURVE('',#1159,#1222,#1255,.T.);
#1255 = SURFACE_CURVE('',#1256,(#1260,#1267),.PCURVE_S1.);
#1256 = LINE('',#1257,#1258);
#1257 = CARTESIAN_POINT('',(-31.87499999998,-17.125,-30.));
#1258 = VECTOR('',#1259,1.);
#1259 = DIRECTION('',(1.,6.489623653279E-14,0.));
#1260 = PCURVE('',#334,#1261);
#1261 = DEFINITIONAL_REPRESENTATION('',(#1262),#1266);
#1262 = LINE('',#1263,#1264);
#1263 = CARTESIAN_POINT('',(-35.39651985702,-31.23515517241));
#1264 = VECTOR('',#1265,1.);
#1265 = DIRECTION('',(1.,6.489623653279E-14));
#1266 = ( GEOMETRIC_REPRESENTATION_CONTEXT(2) 
PARAMETRIC_REPRESENTATION_CONTEXT() REPRESENTATION_CONTEXT('2D SPACE',''
  ) );
#1267 = PCURVE('',#1268,#1273);
#1268 = PLANE('',#1269);
#1269 = AXIS2_PLACEMENT_3D('',#1270,#1271,#1272);
#1270 = CARTESIAN_POINT('',(-24.37499999999,-17.125,-12.49999999999));
#1271 = DIRECTION('',(-4.542736557294E-14,1.,9.976284808605E-15));
#1272 = DIRECTION('',(1.,4.542736557294E-14,2.302738967828E-44));
#1273 = DEFINITIONAL_REPRESENTATION('',(#1274),#1278);
#1274 = LINE('',#1275,#1276);
#1275 = CARTESIAN_POINT('',(-7.499999999996,17.500000000002));
#1276 = VECTOR('',#1277,1.);
#1277 = DIRECTION('',(1.,1.942270015974E-28));
#1278 = ( GEOMETRIC_REPRESENTATION_CONTEXT(2) 
PARAMETRIC_REPRESENTATION_CONTEXT() REPRESENTATION_CONTEXT('2D SPACE',''
  ) );
#1279 = FACE_BOUND('',#1280,.F.);
#1280 = EDGE_LOOP('',(#1281,#1316,#1344,#1377));
#1281 = ORIENTED_EDGE('',*,*,#1282,.T.);
#1282 = EDGE_CURVE('',#1283,#1285,#1287,.T.);
#1283 = VERTEX_POINT('',#1284);
#1284 = CARTESIAN_POINT('',(-31.875,42.874999999999,-30.));
#1285 = VERTEX_POINT('',#1286);
#1286 = CARTESIAN_POINT('',(-31.875,48.374999999999,-30.));
#1287 = SURFACE_CURVE('',#1288,(#1293,#1304),.PCURVE_S1.);
#1288 = CIRCLE('',#1289,2.75);
#1289 = AXIS2_PLACEMENT_3D('',#1290,#1291,#1292);
#1290 = CARTESIAN_POINT('',(-31.875,45.624999999999,-30.));
#1291 = DIRECTION('',(0.,0.,-1.));
#1292 = DIRECTION('',(1.,0.,0.));
#1293 = PCURVE('',#334,#1294);
#1294 = DEFINITIONAL_REPRESENTATION('',(#1295),#1303);
#1295 = ( BOUNDED_CURVE() B_SPLINE_CURVE(2,(#1296,#1297,#1298,#1299,
#1300,#1301,#1302),.UNSPECIFIED.,.T.,.F.) B_SPLINE_CURVE_WITH_KNOTS((1,2
    ,2,2,2,1),(-2.094395102393,0.,2.094395102393,4.188790204786,
6.28318530718,8.377580409573),.UNSPECIFIED.) CURVE() 
GEOMETRIC_REPRESENTATION_ITEM() RATIONAL_B_SPLINE_CURVE((1.,0.5,1.,0.5,
1.,0.5,1.)) REPRESENTATION_ITEM('') );
#1296 = CARTESIAN_POINT('',(-32.64651985703,31.514844827588));
#1297 = CARTESIAN_POINT('',(-32.64651985703,26.751705106774));
#1298 = CARTESIAN_POINT('',(-36.77151985703,29.133274967181));
#1299 = CARTESIAN_POINT('',(-40.89651985703,31.514844827588));
#1300 = CARTESIAN_POINT('',(-36.77151985703,33.896414687996));
#1301 = CARTESIAN_POINT('',(-32.64651985703,36.277984548403));
#1302 = CARTESIAN_POINT('',(-32.64651985703,31.514844827588));
#1303 = ( GEOMETRIC_REPRESENTATION_CONTEXT(2) 
PARAMETRIC_REPRESENTATION_CONTEXT() REPRESENTATION_CONTEXT('2D SPACE',''
  ) );
#1304 = PCURVE('',#1305,#1310);
#1305 = CYLINDRICAL_SURFACE('',#1306,2.75);
#1306 = AXIS2_PLACEMENT_3D('',#1307,#1308,#1309);
#1307 = CARTESIAN_POINT('',(-31.875,45.624999999999,0.));
#1308 = DIRECTION('',(-0.,-0.,-1.));
#1309 = DIRECTION('',(1.,0.,0.));
#1310 = DEFINITIONAL_REPRESENTATION('',(#1311),#1315);
#1311 = LINE('',#1312,#1313);
#1312 = CARTESIAN_POINT('',(-6.28318530718,30.));
#1313 = VECTOR('',#1314,1.);
#1314 = DIRECTION('',(1.,-0.));
#1315 = ( GEOMETRIC_REPRESENTATION_CONTEXT(2) 
PARAMETRIC_REPRESENTATION_CONTEXT() REPRESENTATION_CONTEXT('2D SPACE',''
  ) );
#1316 = ORIENTED_EDGE('',*,*,#1317,.T.);
#1317 = EDGE_CURVE('',#1285,#1318,#1320,.T.);
#1318 = VERTEX_POINT('',#1319);
#1319 = CARTESIAN_POINT('',(-16.875,48.375,-30.));
#1320 = SURFACE_CURVE('',#1321,(#1325,#1332),.PCURVE_S1.);
#1321 = LINE('',#1322,#1323);
#1322 = CARTESIAN_POINT('',(-31.875,48.374999999999,-30.));
#1323 = VECTOR('',#1324,1.);
#1324 = DIRECTION('',(1.,6.442254137558E-14,0.));
#1325 = PCURVE('',#334,#1326);
#1326 = DEFINITIONAL_REPRESENTATION('',(#1327),#1331);
#1327 = LINE('',#1328,#1329);
#1328 = CARTESIAN_POINT('',(-35.39651985703,34.264844827588));
#1329 = VECTOR('',#1330,1.);
#1330 = DIRECTION('',(1.,6.442254137558E-14));
#1331 = ( GEOMETRIC_REPRESENTATION_CONTEXT(2) 
PARAMETRIC_REPRESENTATION_CONTEXT() REPRESENTATION_CONTEXT('2D SPACE',''
  ) );
#1332 = PCURVE('',#1333,#1338);
#1333 = PLANE('',#1334);
#1334 = AXIS2_PLACEMENT_3D('',#1335,#1336,#1337);
#1335 = CARTESIAN_POINT('',(-24.375,48.375,-12.49999999999));
#1336 = DIRECTION('',(5.056695802825E-14,-1.,7.089980776387E-15));
#1337 = DIRECTION('',(-1.,-5.056695802825E-14,2.113807963086E-44));
#1338 = DEFINITIONAL_REPRESENTATION('',(#1339),#1343);
#1339 = LINE('',#1340,#1341);
#1340 = CARTESIAN_POINT('',(7.500000000001,17.500000000001));
#1341 = VECTOR('',#1342,1.);
#1342 = DIRECTION('',(-1.,-9.82358195782E-29));
#1343 = ( GEOMETRIC_REPRESENTATION_CONTEXT(2) 
PARAMETRIC_REPRESENTATION_CONTEXT() REPRESENTATION_CONTEXT('2D SPACE',''
  ) );
#1344 = ORIENTED_EDGE('',*,*,#1345,.T.);
#1345 = EDGE_CURVE('',#1318,#1346,#1348,.T.);
#1346 = VERTEX_POINT('',#1347);
#1347 = CARTESIAN_POINT('',(-16.875,42.875,-30.));
#1348 = SURFACE_CURVE('',#1349,(#1354,#1365),.PCURVE_S1.);
#1349 = CIRCLE('',#1350,2.75);
#1350 = AXIS2_PLACEMENT_3D('',#1351,#1352,#1353);
#1351 = CARTESIAN_POINT('',(-16.875,45.625,-30.));
#1352 = DIRECTION('',(0.,0.,-1.));
#1353 = DIRECTION('',(1.,0.,0.));
#1354 = PCURVE('',#334,#1355);
#1355 = DEFINITIONAL_REPRESENTATION('',(#1356),#1364);
#1356 = ( BOUNDED_CURVE() B_SPLINE_CURVE(2,(#1357,#1358,#1359,#1360,
#1361,#1362,#1363),.UNSPECIFIED.,.T.,.F.) B_SPLINE_CURVE_WITH_KNOTS((1,2
    ,2,2,2,1),(-2.094395102393,0.,2.094395102393,4.188790204786,
6.28318530718,8.377580409573),.UNSPECIFIED.) CURVE() 
GEOMETRIC_REPRESENTATION_ITEM() RATIONAL_B_SPLINE_CURVE((1.,0.5,1.,0.5,
1.,0.5,1.)) REPRESENTATION_ITEM('') );
#1357 = CARTESIAN_POINT('',(-17.64651985703,31.514844827589));
#1358 = CARTESIAN_POINT('',(-17.64651985703,26.751705106775));
#1359 = CARTESIAN_POINT('',(-21.77151985703,29.133274967182));
#1360 = CARTESIAN_POINT('',(-25.89651985703,31.514844827589));
#1361 = CARTESIAN_POINT('',(-21.77151985703,33.896414687997));
#1362 = CARTESIAN_POINT('',(-17.64651985703,36.277984548404));
#1363 = CARTESIAN_POINT('',(-17.64651985703,31.514844827589));
#1364 = ( GEOMETRIC_REPRESENTATION_CONTEXT(2) 
PARAMETRIC_REPRESENTATION_CONTEXT() REPRESENTATION_CONTEXT('2D SPACE',''
  ) );
#1365 = PCURVE('',#1366,#1371);
#1366 = CYLINDRICAL_SURFACE('',#1367,2.75);
#1367 = AXIS2_PLACEMENT_3D('',#1368,#1369,#1370);
#1368 = CARTESIAN_POINT('',(-16.875,45.625,0.));
#1369 = DIRECTION('',(-0.,-0.,-1.));
#1370 = DIRECTION('',(1.,0.,0.));
#1371 = DEFINITIONAL_REPRESENTATION('',(#1372),#1376);
#1372 = LINE('',#1373,#1374);
#1373 = CARTESIAN_POINT('',(-6.28318530718,30.));
#1374 = VECTOR('',#1375,1.);
#1375 = DIRECTION('',(1.,-0.));
#1376 = ( GEOMETRIC_REPRESENTATION_CONTEXT(2) 
PARAMETRIC_REPRESENTATION_CONTEXT() REPRESENTATION_CONTEXT('2D SPACE',''
  ) );
#1377 = ORIENTED_EDGE('',*,*,#1378,.F.);
#1378 = EDGE_CURVE('',#1283,#1346,#1379,.T.);
#1379 = SURFACE_CURVE('',#1380,(#1384,#1391),.PCURVE_S1.);
#1380 = LINE('',#1381,#1382);
#1381 = CARTESIAN_POINT('',(-31.875,42.874999999999,-30.));
#1382 = VECTOR('',#1383,1.);
#1383 = DIRECTION('',(1.,6.442254137558E-14,0.));
#1384 = PCURVE('',#334,#1385);
#1385 = DEFINITIONAL_REPRESENTATION('',(#1386),#1390);
#1386 = LINE('',#1387,#1388);
#1387 = CARTESIAN_POINT('',(-35.39651985703,28.764844827588));
#1388 = VECTOR('',#1389,1.);
#1389 = DIRECTION('',(1.,6.442254137558E-14));
#1390 = ( GEOMETRIC_REPRESENTATION_CONTEXT(2) 
PARAMETRIC_REPRESENTATION_CONTEXT() REPRESENTATION_CONTEXT('2D SPACE',''
  ) );
#1391 = PCURVE('',#1392,#1397);
#1392 = PLANE('',#1393);
#1393 = AXIS2_PLACEMENT_3D('',#1394,#1395,#1396);
#1394 = CARTESIAN_POINT('',(-24.37499999999,42.874999999999,
    -12.49999999999));
#1395 = DIRECTION('',(-4.50957789629E-14,1.,9.903465211467E-15));
#1396 = DIRECTION('',(1.,4.50957789629E-14,-4.398594068499E-44));
#1397 = DEFINITIONAL_REPRESENTATION('',(#1398),#1402);
#1398 = LINE('',#1399,#1400);
#1399 = CARTESIAN_POINT('',(-7.500000000001,17.500000000001));
#1400 = VECTOR('',#1401,1.);
#1401 = DIRECTION('',(1.,1.914019192043E-28));
#1402 = ( GEOMETRIC_REPRESENTATION_CONTEXT(2) 
PARAMETRIC_REPRESENTATION_CONTEXT() REPRESENTATION_CONTEXT('2D SPACE',''
  ) );
#1403 = FACE_BOUND('',#1404,.F.);
#1404 = EDGE_LOOP('',(#1405));
#1405 = ORIENTED_EDGE('',*,*,#869,.T.);
#1406 = FACE_BOUND('',#1407,.F.);
#1407 = EDGE_LOOP('',(#1408));
#1408 = ORIENTED_EDGE('',*,*,#922,.T.);
#1409 = ADVANCED_FACE('',(#1410),#474,.T.);
#1410 = FACE_BOUND('',#1411,.T.);
#1411 = EDGE_LOOP('',(#1412,#1435,#1436,#1437));
#1412 = ORIENTED_EDGE('',*,*,#1413,.F.);
#1413 = EDGE_CURVE('',#562,#1414,#1416,.T.);
#1414 = VERTEX_POINT('',#1415);
#1415 = CARTESIAN_POINT('',(-8.74,1.161261890025E-15,-1.));
#1416 = SURFACE_CURVE('',#1417,(#1421,#1428),.PCURVE_S1.);
#1417 = LINE('',#1418,#1419);
#1418 = CARTESIAN_POINT('',(-7.75,1.432147161293E-15,-1.E-02));
#1419 = VECTOR('',#1420,1.);
#1420 = DIRECTION('',(-0.707106781187,-1.934796083208E-16,
    -0.707106781187));
#1421 = PCURVE('',#474,#1422);
#1422 = DEFINITIONAL_REPRESENTATION('',(#1423),#1427);
#1423 = LINE('',#1424,#1425);
#1424 = CARTESIAN_POINT('',(-3.44209678107E-16,-0.700035713375));
#1425 = VECTOR('',#1426,1.);
#1426 = DIRECTION('',(-1.934796083208E-16,1.));
#1427 = ( GEOMETRIC_REPRESENTATION_CONTEXT(2) 
PARAMETRIC_REPRESENTATION_CONTEXT() REPRESENTATION_CONTEXT('2D SPACE',''
  ) );
#1428 = PCURVE('',#805,#1429);
#1429 = DEFINITIONAL_REPRESENTATION('',(#1430),#1434);
#1430 = LINE('',#1431,#1432);
#1431 = CARTESIAN_POINT('',(1.570796326795,0.));
#1432 = VECTOR('',#1433,1.);
#1433 = DIRECTION('',(0.,1.));
#1434 = ( GEOMETRIC_REPRESENTATION_CONTEXT(2) 
PARAMETRIC_REPRESENTATION_CONTEXT() REPRESENTATION_CONTEXT('2D SPACE',''
  ) );
#1435 = ORIENTED_EDGE('',*,*,#584,.T.);
#1436 = ORIENTED_EDGE('',*,*,#458,.T.);
#1437 = ORIENTED_EDGE('',*,*,#1438,.F.);
#1438 = EDGE_CURVE('',#1414,#431,#1439,.T.);
#1439 = SURFACE_CURVE('',#1440,(#1444,#1451),.PCURVE_S1.);
#1440 = LINE('',#1441,#1442);
#1441 = CARTESIAN_POINT('',(-8.74,1.7763568394E-15,-1.));
#1442 = VECTOR('',#1443,1.);
#1443 = DIRECTION('',(0.,1.,0.));
#1444 = PCURVE('',#474,#1445);
#1445 = DEFINITIONAL_REPRESENTATION('',(#1446),#1450);
#1446 = LINE('',#1447,#1448);
#1447 = CARTESIAN_POINT('',(2.765302601814E-33,0.700035713375));
#1448 = VECTOR('',#1449,1.);
#1449 = DIRECTION('',(1.,8.646208203397E-34));
#1450 = ( GEOMETRIC_REPRESENTATION_CONTEXT(2) 
PARAMETRIC_REPRESENTATION_CONTEXT() REPRESENTATION_CONTEXT('2D SPACE',''
  ) );
#1451 = PCURVE('',#446,#1452);
#1452 = DEFINITIONAL_REPRESENTATION('',(#1453),#1457);
#1453 = LINE('',#1454,#1455);
#1454 = CARTESIAN_POINT('',(-13.02112975221,-18.72960708257));
#1455 = VECTOR('',#1456,1.);
#1456 = DIRECTION('',(0.,1.));
#1457 = ( GEOMETRIC_REPRESENTATION_CONTEXT(2) 
PARAMETRIC_REPRESENTATION_CONTEXT() REPRESENTATION_CONTEXT('2D SPACE',''
  ) );
#1458 = ADVANCED_FACE('',(#1459),#362,.T.);
#1459 = FACE_BOUND('',#1460,.T.);
#1460 = EDGE_LOOP('',(#1461,#1489,#1490,#1513));
#1461 = ORIENTED_EDGE('',*,*,#1462,.F.);
#1462 = EDGE_CURVE('',#347,#1463,#1465,.T.);
#1463 = VERTEX_POINT('',#1464);
#1464 = CARTESIAN_POINT('',(-40.,54.625,4.));
#1465 = SURFACE_CURVE('',#1466,(#1470,#1477),.PCURVE_S1.);
#1466 = LINE('',#1467,#1468);
#1467 = CARTESIAN_POINT('',(-51.9375,42.6875,-7.9375));
#1468 = VECTOR('',#1469,1.);
#1469 = DIRECTION('',(-0.57735026919,-0.57735026919,-0.57735026919));
#1470 = PCURVE('',#362,#1471);
#1471 = DEFINITIONAL_REPRESENTATION('',(#1472),#1476);
#1472 = LINE('',#1473,#1474);
#1473 = CARTESIAN_POINT('',(12.9375,17.589281182015));
#1474 = VECTOR('',#1475,1.);
#1475 = DIRECTION('',(0.57735026919,0.816496580928));
#1476 = ( GEOMETRIC_REPRESENTATION_CONTEXT(2) 
PARAMETRIC_REPRESENTATION_CONTEXT() REPRESENTATION_CONTEXT('2D SPACE',''
  ) );
#1477 = PCURVE('',#1478,#1483);
#1478 = PLANE('',#1479);
#1479 = AXIS2_PLACEMENT_3D('',#1480,#1481,#1482);
#1480 = CARTESIAN_POINT('',(-39.5,-20.,4.5));
#1481 = DIRECTION('',(-0.707106781187,-5.911709633991E-18,0.707106781187
    ));
#1482 = DIRECTION('',(-4.180209970601E-18,1.,4.180209970601E-18));
#1483 = DEFINITIONAL_REPRESENTATION('',(#1484),#1488);
#1484 = LINE('',#1485,#1486);
#1485 = CARTESIAN_POINT('',(62.6875,17.589281182015));
#1486 = VECTOR('',#1487,1.);
#1487 = DIRECTION('',(-0.57735026919,0.816496580928));
#1488 = ( GEOMETRIC_REPRESENTATION_CONTEXT(2) 
PARAMETRIC_REPRESENTATION_CONTEXT() REPRESENTATION_CONTEXT('2D SPACE',''
  ) );
#1489 = ORIENTED_EDGE('',*,*,#346,.T.);
#1490 = ORIENTED_EDGE('',*,*,#1491,.T.);
#1491 = EDGE_CURVE('',#319,#1492,#1494,.T.);
#1492 = VERTEX_POINT('',#1493);
#1493 = CARTESIAN_POINT('',(-40.,54.625,-29.));
#1494 = SURFACE_CURVE('',#1495,(#1499,#1506),.PCURVE_S1.);
#1495 = LINE('',#1496,#1497);
#1496 = CARTESIAN_POINT('',(-57.77083333333,36.854166666667,
    -11.22916666666));
#1497 = VECTOR('',#1498,1.);
#1498 = DIRECTION('',(-0.57735026919,-0.57735026919,0.57735026919));
#1499 = PCURVE('',#362,#1500);
#1500 = DEFINITIONAL_REPRESENTATION('',(#1501),#1505);
#1501 = LINE('',#1502,#1503);
#1502 = CARTESIAN_POINT('',(16.229166666667,25.838860295858));
#1503 = VECTOR('',#1504,1.);
#1504 = DIRECTION('',(-0.57735026919,0.816496580928));
#1505 = ( GEOMETRIC_REPRESENTATION_CONTEXT(2) 
PARAMETRIC_REPRESENTATION_CONTEXT() REPRESENTATION_CONTEXT('2D SPACE',''
  ) );
#1506 = PCURVE('',#992,#1507);
#1507 = DEFINITIONAL_REPRESENTATION('',(#1508),#1512);
#1508 = LINE('',#1509,#1510);
#1509 = CARTESIAN_POINT('',(56.854166666667,25.838860295858));
#1510 = VECTOR('',#1511,1.);
#1511 = DIRECTION('',(-0.57735026919,0.816496580928));
#1512 = ( GEOMETRIC_REPRESENTATION_CONTEXT(2) 
PARAMETRIC_REPRESENTATION_CONTEXT() REPRESENTATION_CONTEXT('2D SPACE',''
  ) );
#1513 = ORIENTED_EDGE('',*,*,#1514,.F.);
#1514 = EDGE_CURVE('',#1463,#1492,#1515,.T.);
#1515 = SURFACE_CURVE('',#1516,(#1520,#1527),.PCURVE_S1.);
#1516 = LINE('',#1517,#1518);
#1517 = CARTESIAN_POINT('',(-40.,54.625,5.));
#1518 = VECTOR('',#1519,1.);
#1519 = DIRECTION('',(-0.,-0.,-1.));
#1520 = PCURVE('',#362,#1521);
#1521 = DEFINITIONAL_REPRESENTATION('',(#1522),#1526);
#1522 = LINE('',#1523,#1524);
#1523 = CARTESIAN_POINT('',(0.,0.707106781187));
#1524 = VECTOR('',#1525,1.);
#1525 = DIRECTION('',(1.,1.617303853732E-34));
#1526 = ( GEOMETRIC_REPRESENTATION_CONTEXT(2) 
PARAMETRIC_REPRESENTATION_CONTEXT() REPRESENTATION_CONTEXT('2D SPACE',''
  ) );
#1527 = PCURVE('',#1528,#1533);
#1528 = PLANE('',#1529);
#1529 = AXIS2_PLACEMENT_3D('',#1530,#1531,#1532);
#1530 = CARTESIAN_POINT('',(-40.,17.8125,-12.5));
#1531 = DIRECTION('',(-1.,-0.,-0.));
#1532 = DIRECTION('',(0.,0.,-1.));
#1533 = DEFINITIONAL_REPRESENTATION('',(#1534),#1538);
#1534 = LINE('',#1535,#1536);
#1535 = CARTESIAN_POINT('',(-17.5,-36.8125));
#1536 = VECTOR('',#1537,1.);
#1537 = DIRECTION('',(1.,0.));
#1538 = ( GEOMETRIC_REPRESENTATION_CONTEXT(2) 
PARAMETRIC_REPRESENTATION_CONTEXT() REPRESENTATION_CONTEXT('2D SPACE',''
  ) );
#1539 = ADVANCED_FACE('',(#1540),#446,.T.);
#1540 = FACE_BOUND('',#1541,.T.);
#1541 = EDGE_LOOP('',(#1542,#1543,#1566,#1595,#1616,#1617,#1640,#1666));
#1542 = ORIENTED_EDGE('',*,*,#430,.F.);
#1543 = ORIENTED_EDGE('',*,*,#1544,.T.);
#1544 = EDGE_CURVE('',#403,#1545,#1547,.T.);
#1545 = VERTEX_POINT('',#1546);
#1546 = CARTESIAN_POINT('',(-8.75,5.835684735945E-15,-1.));
#1547 = SURFACE_CURVE('',#1548,(#1552,#1559),.PCURVE_S1.);
#1548 = LINE('',#1549,#1550);
#1549 = CARTESIAN_POINT('',(-8.75,55.625,-1.));
#1550 = VECTOR('',#1551,1.);
#1551 = DIRECTION('',(0.,-1.,0.));
#1552 = PCURVE('',#446,#1553);
#1553 = DEFINITIONAL_REPRESENTATION('',(#1554),#1558);
#1554 = LINE('',#1555,#1556);
#1555 = CARTESIAN_POINT('',(-13.03112975221,36.895392917429));
#1556 = VECTOR('',#1557,1.);
#1557 = DIRECTION('',(0.,-1.));
#1558 = ( GEOMETRIC_REPRESENTATION_CONTEXT(2) 
PARAMETRIC_REPRESENTATION_CONTEXT() REPRESENTATION_CONTEXT('2D SPACE',''
  ) );
#1559 = PCURVE('',#418,#1560);
#1560 = DEFINITIONAL_REPRESENTATION('',(#1561),#1565);
#1561 = LINE('',#1562,#1563);
#1562 = CARTESIAN_POINT('',(-3.,-27.8125));
#1563 = VECTOR('',#1564,1.);
#1564 = DIRECTION('',(0.,1.));
#1565 = ( GEOMETRIC_REPRESENTATION_CONTEXT(2) 
PARAMETRIC_REPRESENTATION_CONTEXT() REPRESENTATION_CONTEXT('2D SPACE',''
  ) );
#1566 = ORIENTED_EDGE('',*,*,#1567,.T.);
#1567 = EDGE_CURVE('',#1545,#1568,#1570,.T.);
#1568 = VERTEX_POINT('',#1569);
#1569 = CARTESIAN_POINT('',(5.161548302086E-16,-8.75,-1.));
#1570 = SURFACE_CURVE('',#1571,(#1576,#1583),.PCURVE_S1.);
#1571 = CIRCLE('',#1572,8.75);
#1572 = AXIS2_PLACEMENT_3D('',#1573,#1574,#1575);
#1573 = CARTESIAN_POINT('',(2.12350375409E-15,3.494376164692E-15,-1.));
#1574 = DIRECTION('',(0.,0.,1.));
#1575 = DIRECTION('',(1.,0.,0.));
#1576 = PCURVE('',#446,#1577);
#1577 = DEFINITIONAL_REPRESENTATION('',(#1578),#1582);
#1578 = CIRCLE('',#1579,8.75);
#1579 = AXIS2_PLACEMENT_2D('',#1580,#1581);
#1580 = CARTESIAN_POINT('',(-4.281129752214,-18.72960708257));
#1581 = DIRECTION('',(1.,0.));
#1582 = ( GEOMETRIC_REPRESENTATION_CONTEXT(2) 
PARAMETRIC_REPRESENTATION_CONTEXT() REPRESENTATION_CONTEXT('2D SPACE',''
  ) );
#1583 = PCURVE('',#1584,#1589);
#1584 = CYLINDRICAL_SURFACE('',#1585,8.75);
#1585 = AXIS2_PLACEMENT_3D('',#1586,#1587,#1588);
#1586 = CARTESIAN_POINT('',(2.12350375409E-15,3.494376164692E-15,0.));
#1587 = DIRECTION('',(0.,0.,1.));
#1588 = DIRECTION('',(1.,0.,0.));
#1589 = DEFINITIONAL_REPRESENTATION('',(#1590),#1594);
#1590 = LINE('',#1591,#1592);
#1591 = CARTESIAN_POINT('',(0.,-1.));
#1592 = VECTOR('',#1593,1.);
#1593 = DIRECTION('',(1.,0.));
#1594 = ( GEOMETRIC_REPRESENTATION_CONTEXT(2) 
PARAMETRIC_REPRESENTATION_CONTEXT() REPRESENTATION_CONTEXT('2D SPACE',''
  ) );
#1595 = ORIENTED_EDGE('',*,*,#1596,.T.);
#1596 = EDGE_CURVE('',#1568,#736,#1597,.T.);
#1597 = SURFACE_CURVE('',#1598,(#1602,#1609),.PCURVE_S1.);
#1598 = LINE('',#1599,#1600);
#1599 = CARTESIAN_POINT('',(5.161548302086E-16,-8.75,-1.));
#1600 = VECTOR('',#1601,1.);
#1601 = DIRECTION('',(1.,-3.466062125659E-16,0.));
#1602 = PCURVE('',#446,#1603);
#1603 = DEFINITIONAL_REPRESENTATION('',(#1604),#1608);
#1604 = LINE('',#1605,#1606);
#1605 = CARTESIAN_POINT('',(-4.281129752214,-27.47960708257));
#1606 = VECTOR('',#1607,1.);
#1607 = DIRECTION('',(1.,-3.466062125659E-16));
#1608 = ( GEOMETRIC_REPRESENTATION_CONTEXT(2) 
PARAMETRIC_REPRESENTATION_CONTEXT() REPRESENTATION_CONTEXT('2D SPACE',''
  ) );
#1609 = PCURVE('',#772,#1610);
#1610 = DEFINITIONAL_REPRESENTATION('',(#1611),#1615);
#1611 = LINE('',#1612,#1613);
#1612 = CARTESIAN_POINT('',(-3.,-25.625));
#1613 = VECTOR('',#1614,1.);
#1614 = DIRECTION('',(-4.8846471868E-31,1.));
#1615 = ( GEOMETRIC_REPRESENTATION_CONTEXT(2) 
PARAMETRIC_REPRESENTATION_CONTEXT() REPRESENTATION_CONTEXT('2D SPACE',''
  ) );
#1616 = ORIENTED_EDGE('',*,*,#735,.T.);
#1617 = ORIENTED_EDGE('',*,*,#1618,.T.);
#1618 = EDGE_CURVE('',#708,#1619,#1621,.T.);
#1619 = VERTEX_POINT('',#1620);
#1620 = CARTESIAN_POINT('',(0.,-8.74,-1.));
#1621 = SURFACE_CURVE('',#1622,(#1626,#1633),.PCURVE_S1.);
#1622 = LINE('',#1623,#1624);
#1623 = CARTESIAN_POINT('',(51.25,-8.74,-1.));
#1624 = VECTOR('',#1625,1.);
#1625 = DIRECTION('',(-1.,0.,0.));
#1626 = PCURVE('',#446,#1627);
#1627 = DEFINITIONAL_REPRESENTATION('',(#1628),#1632);
#1628 = LINE('',#1629,#1630);
#1629 = CARTESIAN_POINT('',(46.968870247786,-27.46960708257));
#1630 = VECTOR('',#1631,1.);
#1631 = DIRECTION('',(-1.,0.));
#1632 = ( GEOMETRIC_REPRESENTATION_CONTEXT(2) 
PARAMETRIC_REPRESENTATION_CONTEXT() REPRESENTATION_CONTEXT('2D SPACE',''
  ) );
#1633 = PCURVE('',#723,#1634);
#1634 = DEFINITIONAL_REPRESENTATION('',(#1635),#1639);
#1635 = LINE('',#1636,#1637);
#1636 = CARTESIAN_POINT('',(1.186071337575E-33,0.700035713375));
#1637 = VECTOR('',#1638,1.);
#1638 = DIRECTION('',(1.,1.620903175922E-36));
#1639 = ( GEOMETRIC_REPRESENTATION_CONTEXT(2) 
PARAMETRIC_REPRESENTATION_CONTEXT() REPRESENTATION_CONTEXT('2D SPACE',''
  ) );
#1640 = ORIENTED_EDGE('',*,*,#1641,.T.);
#1641 = EDGE_CURVE('',#1619,#1414,#1642,.T.);
#1642 = SURFACE_CURVE('',#1643,(#1648,#1659),.PCURVE_S1.);
#1643 = CIRCLE('',#1644,8.74);
#1644 = AXIS2_PLACEMENT_3D('',#1645,#1646,#1647);
#1645 = CARTESIAN_POINT('',(8.881784197001E-16,3.552713678801E-15,-1.));
#1646 = DIRECTION('',(-0.,0.,-1.));
#1647 = DIRECTION('',(-2.317000636775E-16,-1.,0.));
#1648 = PCURVE('',#446,#1649);
#1649 = DEFINITIONAL_REPRESENTATION('',(#1650),#1658);
#1650 = ( BOUNDED_CURVE() B_SPLINE_CURVE(2,(#1651,#1652,#1653,#1654,
#1655,#1656,#1657),.UNSPECIFIED.,.T.,.F.) B_SPLINE_CURVE_WITH_KNOTS((1,2
    ,2,2,2,1),(-2.094395102393,0.,2.094395102393,4.188790204786,
6.28318530718,8.377580409573),.UNSPECIFIED.) CURVE() 
GEOMETRIC_REPRESENTATION_ITEM() RATIONAL_B_SPLINE_CURVE((1.,0.5,1.,0.5,
1.,0.5,1.)) REPRESENTATION_ITEM('') );
#1651 = CARTESIAN_POINT('',(-4.281129752214,-27.46960708257));
#1652 = CARTESIAN_POINT('',(-19.41925381036,-27.46960708257));
#1653 = CARTESIAN_POINT('',(-11.85019178129,-14.35960708257));
#1654 = CARTESIAN_POINT('',(-4.281129752214,-1.249607082571));
#1655 = CARTESIAN_POINT('',(3.287932276862,-14.35960708257));
#1656 = CARTESIAN_POINT('',(10.856994305938,-27.46960708257));
#1657 = CARTESIAN_POINT('',(-4.281129752214,-27.46960708257));
#1658 = ( GEOMETRIC_REPRESENTATION_CONTEXT(2) 
PARAMETRIC_REPRESENTATION_CONTEXT() REPRESENTATION_CONTEXT('2D SPACE',''
  ) );
#1659 = PCURVE('',#805,#1660);
#1660 = DEFINITIONAL_REPRESENTATION('',(#1661),#1665);
#1661 = LINE('',#1662,#1663);
#1662 = CARTESIAN_POINT('',(0.,0.99));
#1663 = VECTOR('',#1664,1.);
#1664 = DIRECTION('',(1.,0.));
#1665 = ( GEOMETRIC_REPRESENTATION_CONTEXT(2) 
PARAMETRIC_REPRESENTATION_CONTEXT() REPRESENTATION_CONTEXT('2D SPACE',''
  ) );
#1666 = ORIENTED_EDGE('',*,*,#1438,.T.);
#1667 = ADVANCED_FACE('',(#1668,#1789,#1885,#1981),#390,.T.);
#1668 = FACE_BOUND('',#1669,.T.);
#1669 = EDGE_LOOP('',(#1670,#1671,#1694,#1718,#1739,#1740,#1763));
#1670 = ORIENTED_EDGE('',*,*,#608,.F.);
#1671 = ORIENTED_EDGE('',*,*,#1672,.F.);
#1672 = EDGE_CURVE('',#1673,#609,#1675,.T.);
#1673 = VERTEX_POINT('',#1674);
#1674 = CARTESIAN_POINT('',(-8.424442911924E-16,-8.75,5.));
#1675 = SURFACE_CURVE('',#1676,(#1680,#1687),.PCURVE_S1.);
#1676 = LINE('',#1677,#1678);
#1677 = CARTESIAN_POINT('',(-8.424442911924E-16,-8.75,5.));
#1678 = VECTOR('',#1679,1.);
#1679 = DIRECTION('',(1.,0.,0.));
#1680 = PCURVE('',#390,#1681);
#1681 = DEFINITIONAL_REPRESENTATION('',(#1682),#1686);
#1682 = LINE('',#1683,#1684);
#1683 = CARTESIAN_POINT('',(5.442940262229,-14.94595990468));
#1684 = VECTOR('',#1685,1.);
#1685 = DIRECTION('',(1.,0.));
#1686 = ( GEOMETRIC_REPRESENTATION_CONTEXT(2) 
PARAMETRIC_REPRESENTATION_CONTEXT() REPRESENTATION_CONTEXT('2D SPACE',''
  ) );
#1687 = PCURVE('',#772,#1688);
#1688 = DEFINITIONAL_REPRESENTATION('',(#1689),#1693);
#1689 = LINE('',#1690,#1691);
#1690 = CARTESIAN_POINT('',(3.,-25.625));
#1691 = VECTOR('',#1692,1.);
#1692 = DIRECTION('',(0.,1.));
#1693 = ( GEOMETRIC_REPRESENTATION_CONTEXT(2) 
PARAMETRIC_REPRESENTATION_CONTEXT() REPRESENTATION_CONTEXT('2D SPACE',''
  ) );
#1694 = ORIENTED_EDGE('',*,*,#1695,.F.);
#1695 = EDGE_CURVE('',#1696,#1673,#1698,.T.);
#1696 = VERTEX_POINT('',#1697);
#1697 = CARTESIAN_POINT('',(-8.75,1.747188082735E-15,5.));
#1698 = SURFACE_CURVE('',#1699,(#1704,#1711),.PCURVE_S1.);
#1699 = CIRCLE('',#1700,8.75);
#1700 = AXIS2_PLACEMENT_3D('',#1701,#1702,#1703);
#1701 = CARTESIAN_POINT('',(7.649046326885E-16,2.422810215438E-15,5.));
#1702 = DIRECTION('',(0.,0.,1.));
#1703 = DIRECTION('',(1.,0.,0.));
#1704 = PCURVE('',#390,#1705);
#1705 = DEFINITIONAL_REPRESENTATION('',(#1706),#1710);
#1706 = CIRCLE('',#1707,8.75);
#1707 = AXIS2_PLACEMENT_2D('',#1708,#1709);
#1708 = CARTESIAN_POINT('',(5.442940262229,-6.195959904681));
#1709 = DIRECTION('',(1.,0.));
#1710 = ( GEOMETRIC_REPRESENTATION_CONTEXT(2) 
PARAMETRIC_REPRESENTATION_CONTEXT() REPRESENTATION_CONTEXT('2D SPACE',''
  ) );
#1711 = PCURVE('',#1584,#1712);
#1712 = DEFINITIONAL_REPRESENTATION('',(#1713),#1717);
#1713 = LINE('',#1714,#1715);
#1714 = CARTESIAN_POINT('',(0.,5.));
#1715 = VECTOR('',#1716,1.);
#1716 = DIRECTION('',(1.,0.));
#1717 = ( GEOMETRIC_REPRESENTATION_CONTEXT(2) 
PARAMETRIC_REPRESENTATION_CONTEXT() REPRESENTATION_CONTEXT('2D SPACE',''
  ) );
#1718 = ORIENTED_EDGE('',*,*,#1719,.F.);
#1719 = EDGE_CURVE('',#375,#1696,#1720,.T.);
#1720 = SURFACE_CURVE('',#1721,(#1725,#1732),.PCURVE_S1.);
#1721 = LINE('',#1722,#1723);
#1722 = CARTESIAN_POINT('',(-8.75,55.625,5.));
#1723 = VECTOR('',#1724,1.);
#1724 = DIRECTION('',(0.,-1.,0.));
#1725 = PCURVE('',#390,#1726);
#1726 = DEFINITIONAL_REPRESENTATION('',(#1727),#1731);
#1727 = LINE('',#1728,#1729);
#1728 = CARTESIAN_POINT('',(-3.307059737771,49.429040095319));
#1729 = VECTOR('',#1730,1.);
#1730 = DIRECTION('',(0.,-1.));
#1731 = ( GEOMETRIC_REPRESENTATION_CONTEXT(2) 
PARAMETRIC_REPRESENTATION_CONTEXT() REPRESENTATION_CONTEXT('2D SPACE',''
  ) );
#1732 = PCURVE('',#418,#1733);
#1733 = DEFINITIONAL_REPRESENTATION('',(#1734),#1738);
#1734 = LINE('',#1735,#1736);
#1735 = CARTESIAN_POINT('',(3.,-27.8125));
#1736 = VECTOR('',#1737,1.);
#1737 = DIRECTION('',(0.,1.));
#1738 = ( GEOMETRIC_REPRESENTATION_CONTEXT(2) 
PARAMETRIC_REPRESENTATION_CONTEXT() REPRESENTATION_CONTEXT('2D SPACE',''
  ) );
#1739 = ORIENTED_EDGE('',*,*,#374,.F.);
#1740 = ORIENTED_EDGE('',*,*,#1741,.F.);
#1741 = EDGE_CURVE('',#1742,#347,#1744,.T.);
#1742 = VERTEX_POINT('',#1743);
#1743 = CARTESIAN_POINT('',(-39.,-19.,5.));
#1744 = SURFACE_CURVE('',#1745,(#1749,#1756),.PCURVE_S1.);
#1745 = LINE('',#1746,#1747);
#1746 = CARTESIAN_POINT('',(-39.,-20.,5.));
#1747 = VECTOR('',#1748,1.);
#1748 = DIRECTION('',(0.,1.,0.));
#1749 = PCURVE('',#390,#1750);
#1750 = DEFINITIONAL_REPRESENTATION('',(#1751),#1755);
#1751 = LINE('',#1752,#1753);
#1752 = CARTESIAN_POINT('',(-33.55705973777,-26.19595990468));
#1753 = VECTOR('',#1754,1.);
#1754 = DIRECTION('',(0.,1.));
#1755 = ( GEOMETRIC_REPRESENTATION_CONTEXT(2) 
PARAMETRIC_REPRESENTATION_CONTEXT() REPRESENTATION_CONTEXT('2D SPACE',''
  ) );
#1756 = PCURVE('',#1478,#1757);
#1757 = DEFINITIONAL_REPRESENTATION('',(#1758),#1762);
#1758 = LINE('',#1759,#1760);
#1759 = CARTESIAN_POINT('',(0.,-0.707106781187));
#1760 = VECTOR('',#1761,1.);
#1761 = DIRECTION('',(1.,1.211845495834E-34));
#1762 = ( GEOMETRIC_REPRESENTATION_CONTEXT(2) 
PARAMETRIC_REPRESENTATION_CONTEXT() REPRESENTATION_CONTEXT('2D SPACE',''
  ) );
#1763 = ORIENTED_EDGE('',*,*,#1764,.F.);
#1764 = EDGE_CURVE('',#611,#1742,#1765,.T.);
#1765 = SURFACE_CURVE('',#1766,(#1770,#1777),.PCURVE_S1.);
#1766 = LINE('',#1767,#1768);
#1767 = CARTESIAN_POINT('',(51.25,-19.,5.));
#1768 = VECTOR('',#1769,1.);
#1769 = DIRECTION('',(-1.,0.,0.));
#1770 = PCURVE('',#390,#1771);
#1771 = DEFINITIONAL_REPRESENTATION('',(#1772),#1776);
#1772 = LINE('',#1773,#1774);
#1773 = CARTESIAN_POINT('',(56.692940262229,-25.19595990468));
#1774 = VECTOR('',#1775,1.);
#1775 = DIRECTION('',(-1.,0.));
#1776 = ( GEOMETRIC_REPRESENTATION_CONTEXT(2) 
PARAMETRIC_REPRESENTATION_CONTEXT() REPRESENTATION_CONTEXT('2D SPACE',''
  ) );
#1777 = PCURVE('',#1778,#1783);
#1778 = PLANE('',#1779);
#1779 = AXIS2_PLACEMENT_3D('',#1780,#1781,#1782);
#1780 = CARTESIAN_POINT('',(51.25,-19.5,4.5));
#1781 = DIRECTION('',(-5.911709633991E-18,-0.707106781187,0.707106781187
    ));
#1782 = DIRECTION('',(-1.,4.180209970601E-18,-4.180209970601E-18));
#1783 = DEFINITIONAL_REPRESENTATION('',(#1784),#1788);
#1784 = LINE('',#1785,#1786);
#1785 = CARTESIAN_POINT('',(0.,-0.707106781187));
#1786 = VECTOR('',#1787,1.);
#1787 = DIRECTION('',(1.,-1.211845495834E-34));
#1788 = ( GEOMETRIC_REPRESENTATION_CONTEXT(2) 
PARAMETRIC_REPRESENTATION_CONTEXT() REPRESENTATION_CONTEXT('2D SPACE',''
  ) );
#1789 = FACE_BOUND('',#1790,.F.);
#1790 = EDGE_LOOP('',(#1791,#1817,#1840,#1864));
#1791 = ORIENTED_EDGE('',*,*,#1792,.T.);
#1792 = EDGE_CURVE('',#1793,#1795,#1797,.T.);
#1793 = VERTEX_POINT('',#1794);
#1794 = CARTESIAN_POINT('',(43.124999999997,-17.125,5.));
#1795 = VERTEX_POINT('',#1796);
#1796 = CARTESIAN_POINT('',(43.124999999994,-11.625,5.));
#1797 = SURFACE_CURVE('',#1798,(#1803,#1810),.PCURVE_S1.);
#1798 = CIRCLE('',#1799,2.75);
#1799 = AXIS2_PLACEMENT_3D('',#1800,#1801,#1802);
#1800 = CARTESIAN_POINT('',(43.125,-14.375,5.));
#1801 = DIRECTION('',(0.,0.,1.));
#1802 = DIRECTION('',(1.,0.,0.));
#1803 = PCURVE('',#390,#1804);
#1804 = DEFINITIONAL_REPRESENTATION('',(#1805),#1809);
#1805 = CIRCLE('',#1806,2.75);
#1806 = AXIS2_PLACEMENT_2D('',#1807,#1808);
#1807 = CARTESIAN_POINT('',(48.567940262229,-20.57095990468));
#1808 = DIRECTION('',(1.,0.));
#1809 = ( GEOMETRIC_REPRESENTATION_CONTEXT(2) 
PARAMETRIC_REPRESENTATION_CONTEXT() REPRESENTATION_CONTEXT('2D SPACE',''
  ) );
#1810 = PCURVE('',#1118,#1811);
#1811 = DEFINITIONAL_REPRESENTATION('',(#1812),#1816);
#1812 = LINE('',#1813,#1814);
#1813 = CARTESIAN_POINT('',(6.28318530718,-5.));
#1814 = VECTOR('',#1815,1.);
#1815 = DIRECTION('',(-1.,0.));
#1816 = ( GEOMETRIC_REPRESENTATION_CONTEXT(2) 
PARAMETRIC_REPRESENTATION_CONTEXT() REPRESENTATION_CONTEXT('2D SPACE',''
  ) );
#1817 = ORIENTED_EDGE('',*,*,#1818,.T.);
#1818 = EDGE_CURVE('',#1795,#1819,#1821,.T.);
#1819 = VERTEX_POINT('',#1820);
#1820 = CARTESIAN_POINT('',(28.124999999989,-11.62499999999,5.));
#1821 = SURFACE_CURVE('',#1822,(#1826,#1833),.PCURVE_S1.);
#1822 = LINE('',#1823,#1824);
#1823 = CARTESIAN_POINT('',(43.124999999994,-11.625,5.));
#1824 = VECTOR('',#1825,1.);
#1825 = DIRECTION('',(-1.,0.,0.));
#1826 = PCURVE('',#390,#1827);
#1827 = DEFINITIONAL_REPRESENTATION('',(#1828),#1832);
#1828 = LINE('',#1829,#1830);
#1829 = CARTESIAN_POINT('',(48.567940262222,-17.82095990468));
#1830 = VECTOR('',#1831,1.);
#1831 = DIRECTION('',(-1.,0.));
#1832 = ( GEOMETRIC_REPRESENTATION_CONTEXT(2) 
PARAMETRIC_REPRESENTATION_CONTEXT() REPRESENTATION_CONTEXT('2D SPACE',''
  ) );
#1833 = PCURVE('',#1085,#1834);
#1834 = DEFINITIONAL_REPRESENTATION('',(#1835),#1839);
#1835 = LINE('',#1836,#1837);
#1836 = CARTESIAN_POINT('',(-7.499999999999,-17.5));
#1837 = VECTOR('',#1838,1.);
#1838 = DIRECTION('',(1.,-1.902948337696E-27));
#1839 = ( GEOMETRIC_REPRESENTATION_CONTEXT(2) 
PARAMETRIC_REPRESENTATION_CONTEXT() REPRESENTATION_CONTEXT('2D SPACE',''
  ) );
#1840 = ORIENTED_EDGE('',*,*,#1841,.T.);
#1841 = EDGE_CURVE('',#1819,#1842,#1844,.T.);
#1842 = VERTEX_POINT('',#1843);
#1843 = CARTESIAN_POINT('',(28.124999999989,-17.12499999999,5.));
#1844 = SURFACE_CURVE('',#1845,(#1850,#1857),.PCURVE_S1.);
#1845 = CIRCLE('',#1846,2.75);
#1846 = AXIS2_PLACEMENT_3D('',#1847,#1848,#1849);
#1847 = CARTESIAN_POINT('',(28.124999999989,-14.37499999999,5.));
#1848 = DIRECTION('',(0.,0.,1.));
#1849 = DIRECTION('',(1.,0.,0.));
#1850 = PCURVE('',#390,#1851);
#1851 = DEFINITIONAL_REPRESENTATION('',(#1852),#1856);
#1852 = CIRCLE('',#1853,2.75);
#1853 = AXIS2_PLACEMENT_2D('',#1854,#1855);
#1854 = CARTESIAN_POINT('',(33.567940262218,-20.57095990467));
#1855 = DIRECTION('',(1.,0.));
#1856 = ( GEOMETRIC_REPRESENTATION_CONTEXT(2) 
PARAMETRIC_REPRESENTATION_CONTEXT() REPRESENTATION_CONTEXT('2D SPACE',''
  ) );
#1857 = PCURVE('',#1057,#1858);
#1858 = DEFINITIONAL_REPRESENTATION('',(#1859),#1863);
#1859 = LINE('',#1860,#1861);
#1860 = CARTESIAN_POINT('',(4.440892098501E-16,-5.));
#1861 = VECTOR('',#1862,1.);
#1862 = DIRECTION('',(-1.,0.));
#1863 = ( GEOMETRIC_REPRESENTATION_CONTEXT(2) 
PARAMETRIC_REPRESENTATION_CONTEXT() REPRESENTATION_CONTEXT('2D SPACE',''
  ) );
#1864 = ORIENTED_EDGE('',*,*,#1865,.F.);
#1865 = EDGE_CURVE('',#1793,#1842,#1866,.T.);
#1866 = SURFACE_CURVE('',#1867,(#1871,#1878),.PCURVE_S1.);
#1867 = LINE('',#1868,#1869);
#1868 = CARTESIAN_POINT('',(43.124999999997,-17.125,5.));
#1869 = VECTOR('',#1870,1.);
#1870 = DIRECTION('',(-1.,1.328714915871E-13,0.));
#1871 = PCURVE('',#390,#1872);
#1872 = DEFINITIONAL_REPRESENTATION('',(#1873),#1877);
#1873 = LINE('',#1874,#1875);
#1874 = CARTESIAN_POINT('',(48.567940262225,-23.32095990468));
#1875 = VECTOR('',#1876,1.);
#1876 = DIRECTION('',(-1.,1.328714915871E-13));
#1877 = ( GEOMETRIC_REPRESENTATION_CONTEXT(2) 
PARAMETRIC_REPRESENTATION_CONTEXT() REPRESENTATION_CONTEXT('2D SPACE',''
  ) );
#1878 = PCURVE('',#1144,#1879);
#1879 = DEFINITIONAL_REPRESENTATION('',(#1880),#1884);
#1880 = LINE('',#1881,#1882);
#1881 = CARTESIAN_POINT('',(7.500000000003,-17.5));
#1882 = VECTOR('',#1883,1.);
#1883 = DIRECTION('',(-1.,0.));
#1884 = ( GEOMETRIC_REPRESENTATION_CONTEXT(2) 
PARAMETRIC_REPRESENTATION_CONTEXT() REPRESENTATION_CONTEXT('2D SPACE',''
  ) );
#1885 = FACE_BOUND('',#1886,.F.);
#1886 = EDGE_LOOP('',(#1887,#1913,#1936,#1960));
#1887 = ORIENTED_EDGE('',*,*,#1888,.T.);
#1888 = EDGE_CURVE('',#1889,#1891,#1893,.T.);
#1889 = VERTEX_POINT('',#1890);
#1890 = CARTESIAN_POINT('',(-16.87499999999,-17.125,5.));
#1891 = VERTEX_POINT('',#1892);
#1892 = CARTESIAN_POINT('',(-16.87499999999,-11.62499999999,5.));
#1893 = SURFACE_CURVE('',#1894,(#1899,#1906),.PCURVE_S1.);
#1894 = CIRCLE('',#1895,2.75);
#1895 = AXIS2_PLACEMENT_3D('',#1896,#1897,#1898);
#1896 = CARTESIAN_POINT('',(-16.875,-14.375,5.));
#1897 = DIRECTION('',(0.,0.,1.));
#1898 = DIRECTION('',(1.,0.,0.));
#1899 = PCURVE('',#390,#1900);
#1900 = DEFINITIONAL_REPRESENTATION('',(#1901),#1905);
#1901 = CIRCLE('',#1902,2.75);
#1902 = AXIS2_PLACEMENT_2D('',#1903,#1904);
#1903 = CARTESIAN_POINT('',(-11.43205973777,-20.57095990468));
#1904 = DIRECTION('',(1.,0.));
#1905 = ( GEOMETRIC_REPRESENTATION_CONTEXT(2) 
PARAMETRIC_REPRESENTATION_CONTEXT() REPRESENTATION_CONTEXT('2D SPACE',''
  ) );
#1906 = PCURVE('',#1242,#1907);
#1907 = DEFINITIONAL_REPRESENTATION('',(#1908),#1912);
#1908 = LINE('',#1909,#1910);
#1909 = CARTESIAN_POINT('',(6.28318530718,-5.));
#1910 = VECTOR('',#1911,1.);
#1911 = DIRECTION('',(-1.,0.));
#1912 = ( GEOMETRIC_REPRESENTATION_CONTEXT(2) 
PARAMETRIC_REPRESENTATION_CONTEXT() REPRESENTATION_CONTEXT('2D SPACE',''
  ) );
#1913 = ORIENTED_EDGE('',*,*,#1914,.T.);
#1914 = EDGE_CURVE('',#1891,#1915,#1917,.T.);
#1915 = VERTEX_POINT('',#1916);
#1916 = CARTESIAN_POINT('',(-31.875,-11.625,5.));
#1917 = SURFACE_CURVE('',#1918,(#1922,#1929),.PCURVE_S1.);
#1918 = LINE('',#1919,#1920);
#1919 = CARTESIAN_POINT('',(-16.87499999999,-11.62499999999,5.));
#1920 = VECTOR('',#1921,1.);
#1921 = DIRECTION('',(-1.,-2.666903734885E-13,0.));
#1922 = PCURVE('',#390,#1923);
#1923 = DEFINITIONAL_REPRESENTATION('',(#1924),#1928);
#1924 = LINE('',#1925,#1926);
#1925 = CARTESIAN_POINT('',(-11.43205973776,-17.82095990467));
#1926 = VECTOR('',#1927,1.);
#1927 = DIRECTION('',(-1.,-2.666903734885E-13));
#1928 = ( GEOMETRIC_REPRESENTATION_CONTEXT(2) 
PARAMETRIC_REPRESENTATION_CONTEXT() REPRESENTATION_CONTEXT('2D SPACE',''
  ) );
#1929 = PCURVE('',#1209,#1930);
#1930 = DEFINITIONAL_REPRESENTATION('',(#1931),#1935);
#1931 = LINE('',#1932,#1933);
#1932 = CARTESIAN_POINT('',(-7.500000000002,-17.49999999999));
#1933 = VECTOR('',#1934,1.);
#1934 = DIRECTION('',(1.,3.386029172605E-27));
#1935 = ( GEOMETRIC_REPRESENTATION_CONTEXT(2) 
PARAMETRIC_REPRESENTATION_CONTEXT() REPRESENTATION_CONTEXT('2D SPACE',''
  ) );
#1936 = ORIENTED_EDGE('',*,*,#1937,.T.);
#1937 = EDGE_CURVE('',#1915,#1938,#1940,.T.);
#1938 = VERTEX_POINT('',#1939);
#1939 = CARTESIAN_POINT('',(-31.875,-17.125,5.));
#1940 = SURFACE_CURVE('',#1941,(#1946,#1953),.PCURVE_S1.);
#1941 = CIRCLE('',#1942,2.75);
#1942 = AXIS2_PLACEMENT_3D('',#1943,#1944,#1945);
#1943 = CARTESIAN_POINT('',(-31.875,-14.375,5.));
#1944 = DIRECTION('',(0.,0.,1.));
#1945 = DIRECTION('',(1.,0.,0.));
#1946 = PCURVE('',#390,#1947);
#1947 = DEFINITIONAL_REPRESENTATION('',(#1948),#1952);
#1948 = CIRCLE('',#1949,2.75);
#1949 = AXIS2_PLACEMENT_2D('',#1950,#1951);
#1950 = CARTESIAN_POINT('',(-26.43205973777,-20.57095990468));
#1951 = DIRECTION('',(1.,0.));
#1952 = ( GEOMETRIC_REPRESENTATION_CONTEXT(2) 
PARAMETRIC_REPRESENTATION_CONTEXT() REPRESENTATION_CONTEXT('2D SPACE',''
  ) );
#1953 = PCURVE('',#1181,#1954);
#1954 = DEFINITIONAL_REPRESENTATION('',(#1955),#1959);
#1955 = LINE('',#1956,#1957);
#1956 = CARTESIAN_POINT('',(2.22044604925E-16,-5.));
#1957 = VECTOR('',#1958,1.);
#1958 = DIRECTION('',(-1.,0.));
#1959 = ( GEOMETRIC_REPRESENTATION_CONTEXT(2) 
PARAMETRIC_REPRESENTATION_CONTEXT() REPRESENTATION_CONTEXT('2D SPACE',''
  ) );
#1960 = ORIENTED_EDGE('',*,*,#1961,.F.);
#1961 = EDGE_CURVE('',#1889,#1938,#1962,.T.);
#1962 = SURFACE_CURVE('',#1963,(#1967,#1974),.PCURVE_S1.);
#1963 = LINE('',#1964,#1965);
#1964 = CARTESIAN_POINT('',(-16.87499999999,-17.125,5.));
#1965 = VECTOR('',#1966,1.);
#1966 = DIRECTION('',(-1.,0.,0.));
#1967 = PCURVE('',#390,#1968);
#1968 = DEFINITIONAL_REPRESENTATION('',(#1969),#1973);
#1969 = LINE('',#1970,#1971);
#1970 = CARTESIAN_POINT('',(-11.43205973776,-23.32095990468));
#1971 = VECTOR('',#1972,1.);
#1972 = DIRECTION('',(-1.,0.));
#1973 = ( GEOMETRIC_REPRESENTATION_CONTEXT(2) 
PARAMETRIC_REPRESENTATION_CONTEXT() REPRESENTATION_CONTEXT('2D SPACE',''
  ) );
#1974 = PCURVE('',#1268,#1975);
#1975 = DEFINITIONAL_REPRESENTATION('',(#1976),#1980);
#1976 = LINE('',#1977,#1978);
#1977 = CARTESIAN_POINT('',(7.499999999998,-17.49999999999));
#1978 = VECTOR('',#1979,1.);
#1979 = DIRECTION('',(-1.,4.531963370602E-28));
#1980 = ( GEOMETRIC_REPRESENTATION_CONTEXT(2) 
PARAMETRIC_REPRESENTATION_CONTEXT() REPRESENTATION_CONTEXT('2D SPACE',''
  ) );
#1981 = FACE_BOUND('',#1982,.F.);
#1982 = EDGE_LOOP('',(#1983,#2009,#2032,#2056));
#1983 = ORIENTED_EDGE('',*,*,#1984,.T.);
#1984 = EDGE_CURVE('',#1985,#1987,#1989,.T.);
#1985 = VERTEX_POINT('',#1986);
#1986 = CARTESIAN_POINT('',(-16.87499999999,42.875,5.));
#1987 = VERTEX_POINT('',#1988);
#1988 = CARTESIAN_POINT('',(-16.87499999999,48.375,5.));
#1989 = SURFACE_CURVE('',#1990,(#1995,#2002),.PCURVE_S1.);
#1990 = CIRCLE('',#1991,2.75);
#1991 = AXIS2_PLACEMENT_3D('',#1992,#1993,#1994);
#1992 = CARTESIAN_POINT('',(-16.875,45.625,5.));
#1993 = DIRECTION('',(0.,0.,1.));
#1994 = DIRECTION('',(1.,0.,0.));
#1995 = PCURVE('',#390,#1996);
#1996 = DEFINITIONAL_REPRESENTATION('',(#1997),#2001);
#1997 = CIRCLE('',#1998,2.75);
#1998 = AXIS2_PLACEMENT_2D('',#1999,#2000);
#1999 = CARTESIAN_POINT('',(-11.43205973777,39.429040095319));
#2000 = DIRECTION('',(1.,0.));
#2001 = ( GEOMETRIC_REPRESENTATION_CONTEXT(2) 
PARAMETRIC_REPRESENTATION_CONTEXT() REPRESENTATION_CONTEXT('2D SPACE',''
  ) );
#2002 = PCURVE('',#1366,#2003);
#2003 = DEFINITIONAL_REPRESENTATION('',(#2004),#2008);
#2004 = LINE('',#2005,#2006);
#2005 = CARTESIAN_POINT('',(6.28318530718,-5.));
#2006 = VECTOR('',#2007,1.);
#2007 = DIRECTION('',(-1.,0.));
#2008 = ( GEOMETRIC_REPRESENTATION_CONTEXT(2) 
PARAMETRIC_REPRESENTATION_CONTEXT() REPRESENTATION_CONTEXT('2D SPACE',''
  ) );
#2009 = ORIENTED_EDGE('',*,*,#2010,.T.);
#2010 = EDGE_CURVE('',#1987,#2011,#2013,.T.);
#2011 = VERTEX_POINT('',#2012);
#2012 = CARTESIAN_POINT('',(-31.875,48.374999999999,5.));
#2013 = SURFACE_CURVE('',#2014,(#2018,#2025),.PCURVE_S1.);
#2014 = LINE('',#2015,#2016);
#2015 = CARTESIAN_POINT('',(-16.87499999999,48.375,5.));
#2016 = VECTOR('',#2017,1.);
#2017 = DIRECTION('',(-1.,-1.847411112975E-14,0.));
#2018 = PCURVE('',#390,#2019);
#2019 = DEFINITIONAL_REPRESENTATION('',(#2020),#2024);
#2020 = LINE('',#2021,#2022);
#2021 = CARTESIAN_POINT('',(-11.43205973776,42.179040095319));
#2022 = VECTOR('',#2023,1.);
#2023 = DIRECTION('',(-1.,-1.847411112975E-14));
#2024 = ( GEOMETRIC_REPRESENTATION_CONTEXT(2) 
PARAMETRIC_REPRESENTATION_CONTEXT() REPRESENTATION_CONTEXT('2D SPACE',''
  ) );
#2025 = PCURVE('',#1333,#2026);
#2026 = DEFINITIONAL_REPRESENTATION('',(#2027),#2031);
#2027 = LINE('',#2028,#2029);
#2028 = CARTESIAN_POINT('',(-7.500000000007,-17.49999999999));
#2029 = VECTOR('',#2030,1.);
#2030 = DIRECTION('',(1.,-2.275376675699E-28));
#2031 = ( GEOMETRIC_REPRESENTATION_CONTEXT(2) 
PARAMETRIC_REPRESENTATION_CONTEXT() REPRESENTATION_CONTEXT('2D SPACE',''
  ) );
#2032 = ORIENTED_EDGE('',*,*,#2033,.T.);
#2033 = EDGE_CURVE('',#2011,#2034,#2036,.T.);
#2034 = VERTEX_POINT('',#2035);
#2035 = CARTESIAN_POINT('',(-31.875,42.874999999999,5.));
#2036 = SURFACE_CURVE('',#2037,(#2042,#2049),.PCURVE_S1.);
#2037 = CIRCLE('',#2038,2.75);
#2038 = AXIS2_PLACEMENT_3D('',#2039,#2040,#2041);
#2039 = CARTESIAN_POINT('',(-31.875,45.624999999999,5.));
#2040 = DIRECTION('',(0.,0.,1.));
#2041 = DIRECTION('',(1.,0.,0.));
#2042 = PCURVE('',#390,#2043);
#2043 = DEFINITIONAL_REPRESENTATION('',(#2044),#2048);
#2044 = CIRCLE('',#2045,2.75);
#2045 = AXIS2_PLACEMENT_2D('',#2046,#2047);
#2046 = CARTESIAN_POINT('',(-26.43205973777,39.429040095318));
#2047 = DIRECTION('',(1.,0.));
#2048 = ( GEOMETRIC_REPRESENTATION_CONTEXT(2) 
PARAMETRIC_REPRESENTATION_CONTEXT() REPRESENTATION_CONTEXT('2D SPACE',''
  ) );
#2049 = PCURVE('',#1305,#2050);
#2050 = DEFINITIONAL_REPRESENTATION('',(#2051),#2055);
#2051 = LINE('',#2052,#2053);
#2052 = CARTESIAN_POINT('',(-4.440892098501E-16,-5.));
#2053 = VECTOR('',#2054,1.);
#2054 = DIRECTION('',(-1.,0.));
#2055 = ( GEOMETRIC_REPRESENTATION_CONTEXT(2) 
PARAMETRIC_REPRESENTATION_CONTEXT() REPRESENTATION_CONTEXT('2D SPACE',''
  ) );
#2056 = ORIENTED_EDGE('',*,*,#2057,.F.);
#2057 = EDGE_CURVE('',#1985,#2034,#2058,.T.);
#2058 = SURFACE_CURVE('',#2059,(#2063,#2070),.PCURVE_S1.);
#2059 = LINE('',#2060,#2061);
#2060 = CARTESIAN_POINT('',(-16.87499999999,42.874999999999,5.));
#2061 = VECTOR('',#2062,1.);
#2062 = DIRECTION('',(-1.,0.,0.));
#2063 = PCURVE('',#390,#2064);
#2064 = DEFINITIONAL_REPRESENTATION('',(#2065),#2069);
#2065 = LINE('',#2066,#2067);
#2066 = CARTESIAN_POINT('',(-11.43205973776,36.679040095318));
#2067 = VECTOR('',#2068,1.);
#2068 = DIRECTION('',(-1.,0.));
#2069 = ( GEOMETRIC_REPRESENTATION_CONTEXT(2) 
PARAMETRIC_REPRESENTATION_CONTEXT() REPRESENTATION_CONTEXT('2D SPACE',''
  ) );
#2070 = PCURVE('',#1392,#2071);
#2071 = DEFINITIONAL_REPRESENTATION('',(#2072),#2076);
#2072 = LINE('',#2073,#2074);
#2073 = CARTESIAN_POINT('',(7.500000000003,-17.49999999999));
#2074 = VECTOR('',#2075,1.);
#2075 = DIRECTION('',(-1.,4.46604478143E-28));
#2076 = ( GEOMETRIC_REPRESENTATION_CONTEXT(2) 
PARAMETRIC_REPRESENTATION_CONTEXT() REPRESENTATION_CONTEXT('2D SPACE',''
  ) );
#2077 = ADVANCED_FACE('',(#2078),#418,.T.);
#2078 = FACE_BOUND('',#2079,.T.);
#2079 = EDGE_LOOP('',(#2080,#2081,#2082,#2103));
#2080 = ORIENTED_EDGE('',*,*,#402,.T.);
#2081 = ORIENTED_EDGE('',*,*,#1719,.T.);
#2082 = ORIENTED_EDGE('',*,*,#2083,.F.);
#2083 = EDGE_CURVE('',#1545,#1696,#2084,.T.);
#2084 = SURFACE_CURVE('',#2085,(#2089,#2096),.PCURVE_S1.);
#2085 = LINE('',#2086,#2087);
#2086 = CARTESIAN_POINT('',(-8.75,1.747188082735E-15,0.));
#2087 = VECTOR('',#2088,1.);
#2088 = DIRECTION('',(0.,0.,1.));
#2089 = PCURVE('',#418,#2090);
#2090 = DEFINITIONAL_REPRESENTATION('',(#2091),#2095);
#2091 = LINE('',#2092,#2093);
#2092 = CARTESIAN_POINT('',(-2.,27.8125));
#2093 = VECTOR('',#2094,1.);
#2094 = DIRECTION('',(1.,0.));
#2095 = ( GEOMETRIC_REPRESENTATION_CONTEXT(2) 
PARAMETRIC_REPRESENTATION_CONTEXT() REPRESENTATION_CONTEXT('2D SPACE',''
  ) );
#2096 = PCURVE('',#1584,#2097);
#2097 = DEFINITIONAL_REPRESENTATION('',(#2098),#2102);
#2098 = LINE('',#2099,#2100);
#2099 = CARTESIAN_POINT('',(3.14159265359,0.));
#2100 = VECTOR('',#2101,1.);
#2101 = DIRECTION('',(0.,1.));
#2102 = ( GEOMETRIC_REPRESENTATION_CONTEXT(2) 
PARAMETRIC_REPRESENTATION_CONTEXT() REPRESENTATION_CONTEXT('2D SPACE',''
  ) );
#2103 = ORIENTED_EDGE('',*,*,#1544,.F.);
#2104 = ADVANCED_FACE('',(#2105),#649,.T.);
#2105 = FACE_BOUND('',#2106,.T.);
#2106 = EDGE_LOOP('',(#2107,#2130,#2131,#2154));
#2107 = ORIENTED_EDGE('',*,*,#2108,.F.);
#2108 = EDGE_CURVE('',#634,#2109,#2111,.T.);
#2109 = VERTEX_POINT('',#2110);
#2110 = CARTESIAN_POINT('',(50.25,-20.,-29.));
#2111 = SURFACE_CURVE('',#2112,(#2116,#2123),.PCURVE_S1.);
#2112 = LINE('',#2113,#2114);
#2113 = CARTESIAN_POINT('',(50.916666666667,-19.33333333333,
    -29.66666666666));
#2114 = VECTOR('',#2115,1.);
#2115 = DIRECTION('',(-0.57735026919,-0.57735026919,0.57735026919));
#2116 = PCURVE('',#649,#2117);
#2117 = DEFINITIONAL_REPRESENTATION('',(#2118),#2122);
#2118 = LINE('',#2119,#2120);
#2119 = CARTESIAN_POINT('',(0.333333333333,-0.235702260396));
#2120 = VECTOR('',#2121,1.);
#2121 = DIRECTION('',(0.57735026919,0.816496580928));
#2122 = ( GEOMETRIC_REPRESENTATION_CONTEXT(2) 
PARAMETRIC_REPRESENTATION_CONTEXT() REPRESENTATION_CONTEXT('2D SPACE',''
  ) );
#2123 = PCURVE('',#1018,#2124);
#2124 = DEFINITIONAL_REPRESENTATION('',(#2125),#2129);
#2125 = LINE('',#2126,#2127);
#2126 = CARTESIAN_POINT('',(0.333333333333,-0.235702260396));
#2127 = VECTOR('',#2128,1.);
#2128 = DIRECTION('',(0.57735026919,0.816496580928));
#2129 = ( GEOMETRIC_REPRESENTATION_CONTEXT(2) 
PARAMETRIC_REPRESENTATION_CONTEXT() REPRESENTATION_CONTEXT('2D SPACE',''
  ) );
#2130 = ORIENTED_EDGE('',*,*,#633,.T.);
#2131 = ORIENTED_EDGE('',*,*,#2132,.T.);
#2132 = EDGE_CURVE('',#611,#2133,#2135,.T.);
#2133 = VERTEX_POINT('',#2134);
#2134 = CARTESIAN_POINT('',(50.25,-20.,4.));
#2135 = SURFACE_CURVE('',#2136,(#2140,#2147),.PCURVE_S1.);
#2136 = LINE('',#2137,#2138);
#2137 = CARTESIAN_POINT('',(45.083333333333,-25.16666666666,
    -1.166666666667));
#2138 = VECTOR('',#2139,1.);
#2139 = DIRECTION('',(-0.57735026919,-0.57735026919,-0.57735026919));
#2140 = PCURVE('',#649,#2141);
#2141 = DEFINITIONAL_REPRESENTATION('',(#2142),#2146);
#2142 = LINE('',#2143,#2144);
#2143 = CARTESIAN_POINT('',(28.833333333333,8.013876853448));
#2144 = VECTOR('',#2145,1.);
#2145 = DIRECTION('',(-0.57735026919,0.816496580928));
#2146 = ( GEOMETRIC_REPRESENTATION_CONTEXT(2) 
PARAMETRIC_REPRESENTATION_CONTEXT() REPRESENTATION_CONTEXT('2D SPACE',''
  ) );
#2147 = PCURVE('',#1778,#2148);
#2148 = DEFINITIONAL_REPRESENTATION('',(#2149),#2153);
#2149 = LINE('',#2150,#2151);
#2150 = CARTESIAN_POINT('',(6.166666666667,8.013876853448));
#2151 = VECTOR('',#2152,1.);
#2152 = DIRECTION('',(0.57735026919,0.816496580928));
#2153 = ( GEOMETRIC_REPRESENTATION_CONTEXT(2) 
PARAMETRIC_REPRESENTATION_CONTEXT() REPRESENTATION_CONTEXT('2D SPACE',''
  ) );
#2154 = ORIENTED_EDGE('',*,*,#2155,.F.);
#2155 = EDGE_CURVE('',#2109,#2133,#2156,.T.);
#2156 = SURFACE_CURVE('',#2157,(#2161,#2168),.PCURVE_S1.);
#2157 = LINE('',#2158,#2159);
#2158 = CARTESIAN_POINT('',(50.25,-20.,-30.));
#2159 = VECTOR('',#2160,1.);
#2160 = DIRECTION('',(0.,0.,1.));
#2161 = PCURVE('',#649,#2162);
#2162 = DEFINITIONAL_REPRESENTATION('',(#2163),#2167);
#2163 = LINE('',#2164,#2165);
#2164 = CARTESIAN_POINT('',(0.,0.707106781187));
#2165 = VECTOR('',#2166,1.);
#2166 = DIRECTION('',(1.,1.617303853732E-34));
#2167 = ( GEOMETRIC_REPRESENTATION_CONTEXT(2) 
PARAMETRIC_REPRESENTATION_CONTEXT() REPRESENTATION_CONTEXT('2D SPACE',''
  ) );
#2168 = PCURVE('',#2169,#2174);
#2169 = PLANE('',#2170);
#2170 = AXIS2_PLACEMENT_3D('',#2171,#2172,#2173);
#2171 = CARTESIAN_POINT('',(5.625,-20.,-12.5));
#2172 = DIRECTION('',(-0.,-1.,-0.));
#2173 = DIRECTION('',(0.,0.,-1.));
#2174 = DEFINITIONAL_REPRESENTATION('',(#2175),#2179);
#2175 = LINE('',#2176,#2177);
#2176 = CARTESIAN_POINT('',(17.5,44.625));
#2177 = VECTOR('',#2178,1.);
#2178 = DIRECTION('',(-1.,0.));
#2179 = ( GEOMETRIC_REPRESENTATION_CONTEXT(2) 
PARAMETRIC_REPRESENTATION_CONTEXT() REPRESENTATION_CONTEXT('2D SPACE',''
  ) );
#2180 = ADVANCED_FACE('',(#2181),#772,.T.);
#2181 = FACE_BOUND('',#2182,.T.);
#2182 = EDGE_LOOP('',(#2183,#2204,#2205,#2206));
#2183 = ORIENTED_EDGE('',*,*,#2184,.F.);
#2184 = EDGE_CURVE('',#1673,#1568,#2185,.T.);
#2185 = SURFACE_CURVE('',#2186,(#2190,#2197),.PCURVE_S1.);
#2186 = LINE('',#2187,#2188);
#2187 = CARTESIAN_POINT('',(5.161548302086E-16,-8.75,0.));
#2188 = VECTOR('',#2189,1.);
#2189 = DIRECTION('',(-0.,-0.,-1.));
#2190 = PCURVE('',#772,#2191);
#2191 = DEFINITIONAL_REPRESENTATION('',(#2192),#2196);
#2192 = LINE('',#2193,#2194);
#2193 = CARTESIAN_POINT('',(-2.,-25.625));
#2194 = VECTOR('',#2195,1.);
#2195 = DIRECTION('',(-1.,-0.));
#2196 = ( GEOMETRIC_REPRESENTATION_CONTEXT(2) 
PARAMETRIC_REPRESENTATION_CONTEXT() REPRESENTATION_CONTEXT('2D SPACE',''
  ) );
#2197 = PCURVE('',#1584,#2198);
#2198 = DEFINITIONAL_REPRESENTATION('',(#2199),#2203);
#2199 = LINE('',#2200,#2201);
#2200 = CARTESIAN_POINT('',(4.712388980385,0.));
#2201 = VECTOR('',#2202,1.);
#2202 = DIRECTION('',(0.,-1.));
#2203 = ( GEOMETRIC_REPRESENTATION_CONTEXT(2) 
PARAMETRIC_REPRESENTATION_CONTEXT() REPRESENTATION_CONTEXT('2D SPACE',''
  ) );
#2204 = ORIENTED_EDGE('',*,*,#1672,.T.);
#2205 = ORIENTED_EDGE('',*,*,#758,.T.);
#2206 = ORIENTED_EDGE('',*,*,#1596,.F.);
#2207 = ADVANCED_FACE('',(#2208),#723,.T.);
#2208 = FACE_BOUND('',#2209,.T.);
#2209 = EDGE_LOOP('',(#2210,#2211,#2212,#2233));
#2210 = ORIENTED_EDGE('',*,*,#707,.F.);
#2211 = ORIENTED_EDGE('',*,*,#843,.T.);
#2212 = ORIENTED_EDGE('',*,*,#2213,.T.);
#2213 = EDGE_CURVE('',#789,#1619,#2214,.T.);
#2214 = SURFACE_CURVE('',#2215,(#2219,#2226),.PCURVE_S1.);
#2215 = LINE('',#2216,#2217);
#2216 = CARTESIAN_POINT('',(0.,-8.245,-0.505));
#2217 = VECTOR('',#2218,1.);
#2218 = DIRECTION('',(2.272576314242E-34,-0.707106781187,-0.707106781187
    ));
#2219 = PCURVE('',#723,#2220);
#2220 = DEFINITIONAL_REPRESENTATION('',(#2221),#2225);
#2221 = LINE('',#2222,#2223);
#2222 = CARTESIAN_POINT('',(51.25,2.355138688026E-16));
#2223 = VECTOR('',#2224,1.);
#2224 = DIRECTION('',(-1.579283574532E-34,1.));
#2225 = ( GEOMETRIC_REPRESENTATION_CONTEXT(2) 
PARAMETRIC_REPRESENTATION_CONTEXT() REPRESENTATION_CONTEXT('2D SPACE',''
  ) );
#2226 = PCURVE('',#805,#2227);
#2227 = DEFINITIONAL_REPRESENTATION('',(#2228),#2232);
#2228 = LINE('',#2229,#2230);
#2229 = CARTESIAN_POINT('',(0.,0.495));
#2230 = VECTOR('',#2231,1.);
#2231 = DIRECTION('',(0.,1.));
#2232 = ( GEOMETRIC_REPRESENTATION_CONTEXT(2) 
PARAMETRIC_REPRESENTATION_CONTEXT() REPRESENTATION_CONTEXT('2D SPACE',''
  ) );
#2233 = ORIENTED_EDGE('',*,*,#1618,.F.);
#2234 = ADVANCED_FACE('',(#2235),#805,.T.);
#2235 = FACE_BOUND('',#2236,.T.);
#2236 = EDGE_LOOP('',(#2237,#2238,#2239,#2240));
#2237 = ORIENTED_EDGE('',*,*,#2213,.F.);
#2238 = ORIENTED_EDGE('',*,*,#788,.T.);
#2239 = ORIENTED_EDGE('',*,*,#1413,.T.);
#2240 = ORIENTED_EDGE('',*,*,#1641,.F.);
#2241 = ADVANCED_FACE('',(#2242),#992,.F.);
#2242 = FACE_BOUND('',#2243,.F.);
#2243 = EDGE_LOOP('',(#2244,#2272,#2273,#2274));
#2244 = ORIENTED_EDGE('',*,*,#2245,.F.);
#2245 = EDGE_CURVE('',#977,#2246,#2248,.T.);
#2246 = VERTEX_POINT('',#2247);
#2247 = CARTESIAN_POINT('',(-40.,-19.,-29.));
#2248 = SURFACE_CURVE('',#2249,(#2253,#2260),.PCURVE_S1.);
#2249 = LINE('',#2250,#2251);
#2250 = CARTESIAN_POINT('',(-39.25,-19.,-29.75));
#2251 = VECTOR('',#2252,1.);
#2252 = DIRECTION('',(-0.707106781187,3.082391018568E-17,0.707106781187)
  );
#2253 = PCURVE('',#992,#2254);
#2254 = DEFINITIONAL_REPRESENTATION('',(#2255),#2259);
#2255 = LINE('',#2256,#2257);
#2256 = CARTESIAN_POINT('',(1.,-0.353553390593));
#2257 = VECTOR('',#2258,1.);
#2258 = DIRECTION('',(3.082391018568E-17,1.));
#2259 = ( GEOMETRIC_REPRESENTATION_CONTEXT(2) 
PARAMETRIC_REPRESENTATION_CONTEXT() REPRESENTATION_CONTEXT('2D SPACE',''
  ) );
#2260 = PCURVE('',#2261,#2266);
#2261 = PLANE('',#2262);
#2262 = AXIS2_PLACEMENT_3D('',#2263,#2264,#2265);
#2263 = CARTESIAN_POINT('',(-39.,-19.,-30.));
#2264 = DIRECTION('',(-0.57735026919,-0.57735026919,-0.57735026919));
#2265 = DIRECTION('',(0.707106781187,-0.707106781187,-6.803361091336E-18
    ));
#2266 = DEFINITIONAL_REPRESENTATION('',(#2267),#2271);
#2267 = LINE('',#2268,#2269);
#2268 = CARTESIAN_POINT('',(-0.176776695297,0.306186217848));
#2269 = VECTOR('',#2270,1.);
#2270 = DIRECTION('',(-0.5,0.866025403784));
#2271 = ( GEOMETRIC_REPRESENTATION_CONTEXT(2) 
PARAMETRIC_REPRESENTATION_CONTEXT() REPRESENTATION_CONTEXT('2D SPACE',''
  ) );
#2272 = ORIENTED_EDGE('',*,*,#976,.T.);
#2273 = ORIENTED_EDGE('',*,*,#1491,.T.);
#2274 = ORIENTED_EDGE('',*,*,#2275,.F.);
#2275 = EDGE_CURVE('',#2246,#1492,#2276,.T.);
#2276 = SURFACE_CURVE('',#2277,(#2281,#2288),.PCURVE_S1.);
#2277 = LINE('',#2278,#2279);
#2278 = CARTESIAN_POINT('',(-40.,-20.,-29.));
#2279 = VECTOR('',#2280,1.);
#2280 = DIRECTION('',(0.,1.,0.));
#2281 = PCURVE('',#992,#2282);
#2282 = DEFINITIONAL_REPRESENTATION('',(#2283),#2287);
#2283 = LINE('',#2284,#2285);
#2284 = CARTESIAN_POINT('',(0.,0.707106781187));
#2285 = VECTOR('',#2286,1.);
#2286 = DIRECTION('',(1.,1.211845495834E-34));
#2287 = ( GEOMETRIC_REPRESENTATION_CONTEXT(2) 
PARAMETRIC_REPRESENTATION_CONTEXT() REPRESENTATION_CONTEXT('2D SPACE',''
  ) );
#2288 = PCURVE('',#1528,#2289);
#2289 = DEFINITIONAL_REPRESENTATION('',(#2290),#2294);
#2290 = LINE('',#2291,#2292);
#2291 = CARTESIAN_POINT('',(16.5,37.8125));
#2292 = VECTOR('',#2293,1.);
#2293 = DIRECTION('',(0.,-1.));
#2294 = ( GEOMETRIC_REPRESENTATION_CONTEXT(2) 
PARAMETRIC_REPRESENTATION_CONTEXT() REPRESENTATION_CONTEXT('2D SPACE',''
  ) );
#2295 = ADVANCED_FACE('',(#2296),#1018,.F.);
#2296 = FACE_BOUND('',#2297,.F.);
#2297 = EDGE_LOOP('',(#2298,#2299,#2300,#2323));
#2298 = ORIENTED_EDGE('',*,*,#2108,.F.);
#2299 = ORIENTED_EDGE('',*,*,#1004,.T.);
#2300 = ORIENTED_EDGE('',*,*,#2301,.T.);
#2301 = EDGE_CURVE('',#977,#2302,#2304,.T.);
#2302 = VERTEX_POINT('',#2303);
#2303 = CARTESIAN_POINT('',(-39.,-20.,-29.));
#2304 = SURFACE_CURVE('',#2305,(#2309,#2316),.PCURVE_S1.);
#2305 = LINE('',#2306,#2307);
#2306 = CARTESIAN_POINT('',(-39.,-19.25,-29.75));
#2307 = VECTOR('',#2308,1.);
#2308 = DIRECTION('',(-3.082391018568E-17,-0.707106781187,0.707106781187
    ));
#2309 = PCURVE('',#1018,#2310);
#2310 = DEFINITIONAL_REPRESENTATION('',(#2311),#2315);
#2311 = LINE('',#2312,#2313);
#2312 = CARTESIAN_POINT('',(90.25,-0.353553390593));
#2313 = VECTOR('',#2314,1.);
#2314 = DIRECTION('',(3.082391018568E-17,1.));
#2315 = ( GEOMETRIC_REPRESENTATION_CONTEXT(2) 
PARAMETRIC_REPRESENTATION_CONTEXT() REPRESENTATION_CONTEXT('2D SPACE',''
  ) );
#2316 = PCURVE('',#2261,#2317);
#2317 = DEFINITIONAL_REPRESENTATION('',(#2318),#2322);
#2318 = LINE('',#2319,#2320);
#2319 = CARTESIAN_POINT('',(0.176776695297,0.306186217848));
#2320 = VECTOR('',#2321,1.);
#2321 = DIRECTION('',(0.5,0.866025403784));
#2322 = ( GEOMETRIC_REPRESENTATION_CONTEXT(2) 
PARAMETRIC_REPRESENTATION_CONTEXT() REPRESENTATION_CONTEXT('2D SPACE',''
  ) );
#2323 = ORIENTED_EDGE('',*,*,#2324,.F.);
#2324 = EDGE_CURVE('',#2109,#2302,#2325,.T.);
#2325 = SURFACE_CURVE('',#2326,(#2330,#2337),.PCURVE_S1.);
#2326 = LINE('',#2327,#2328);
#2327 = CARTESIAN_POINT('',(51.25,-20.,-29.));
#2328 = VECTOR('',#2329,1.);
#2329 = DIRECTION('',(-1.,0.,0.));
#2330 = PCURVE('',#1018,#2331);
#2331 = DEFINITIONAL_REPRESENTATION('',(#2332),#2336);
#2332 = LINE('',#2333,#2334);
#2333 = CARTESIAN_POINT('',(0.,0.707106781187));
#2334 = VECTOR('',#2335,1.);
#2335 = DIRECTION('',(1.,-1.211845495834E-34));
#2336 = ( GEOMETRIC_REPRESENTATION_CONTEXT(2) 
PARAMETRIC_REPRESENTATION_CONTEXT() REPRESENTATION_CONTEXT('2D SPACE',''
  ) );
#2337 = PCURVE('',#2169,#2338);
#2338 = DEFINITIONAL_REPRESENTATION('',(#2339),#2343);
#2339 = LINE('',#2340,#2341);
#2340 = CARTESIAN_POINT('',(16.5,45.625));
#2341 = VECTOR('',#2342,1.);
#2342 = DIRECTION('',(0.,-1.));
#2343 = ( GEOMETRIC_REPRESENTATION_CONTEXT(2) 
PARAMETRIC_REPRESENTATION_CONTEXT() REPRESENTATION_CONTEXT('2D SPACE',''
  ) );
#2344 = ADVANCED_FACE('',(#2345),#1057,.F.);
#2345 = FACE_BOUND('',#2346,.T.);
#2346 = EDGE_LOOP('',(#2347,#2348,#2369,#2370));
#2347 = ORIENTED_EDGE('',*,*,#1034,.T.);
#2348 = ORIENTED_EDGE('',*,*,#2349,.T.);
#2349 = EDGE_CURVE('',#1037,#1819,#2350,.T.);
#2350 = SURFACE_CURVE('',#2351,(#2355,#2362),.PCURVE_S1.);
#2351 = LINE('',#2352,#2353);
#2352 = CARTESIAN_POINT('',(28.124999999989,-11.62499999999,0.));
#2353 = VECTOR('',#2354,1.);
#2354 = DIRECTION('',(0.,0.,1.));
#2355 = PCURVE('',#1057,#2356);
#2356 = DEFINITIONAL_REPRESENTATION('',(#2357),#2361);
#2357 = LINE('',#2358,#2359);
#2358 = CARTESIAN_POINT('',(-1.570796326795,0.));
#2359 = VECTOR('',#2360,1.);
#2360 = DIRECTION('',(-0.,-1.));
#2361 = ( GEOMETRIC_REPRESENTATION_CONTEXT(2) 
PARAMETRIC_REPRESENTATION_CONTEXT() REPRESENTATION_CONTEXT('2D SPACE',''
  ) );
#2362 = PCURVE('',#1085,#2363);
#2363 = DEFINITIONAL_REPRESENTATION('',(#2364),#2368);
#2364 = LINE('',#2365,#2366);
#2365 = CARTESIAN_POINT('',(7.500000000005,-12.5));
#2366 = VECTOR('',#2367,1.);
#2367 = DIRECTION('',(1.123707880775E-44,-1.));
#2368 = ( GEOMETRIC_REPRESENTATION_CONTEXT(2) 
PARAMETRIC_REPRESENTATION_CONTEXT() REPRESENTATION_CONTEXT('2D SPACE',''
  ) );
#2369 = ORIENTED_EDGE('',*,*,#1841,.T.);
#2370 = ORIENTED_EDGE('',*,*,#2371,.T.);
#2371 = EDGE_CURVE('',#1842,#1035,#2372,.T.);
#2372 = SURFACE_CURVE('',#2373,(#2377,#2384),.PCURVE_S1.);
#2373 = LINE('',#2374,#2375);
#2374 = CARTESIAN_POINT('',(28.124999999989,-17.12499999999,-10.));
#2375 = VECTOR('',#2376,1.);
#2376 = DIRECTION('',(-0.,-0.,-1.));
#2377 = PCURVE('',#1057,#2378);
#2378 = DEFINITIONAL_REPRESENTATION('',(#2379),#2383);
#2379 = LINE('',#2380,#2381);
#2380 = CARTESIAN_POINT('',(-4.712388980385,10.));
#2381 = VECTOR('',#2382,1.);
#2382 = DIRECTION('',(-0.,1.));
#2383 = ( GEOMETRIC_REPRESENTATION_CONTEXT(2) 
PARAMETRIC_REPRESENTATION_CONTEXT() REPRESENTATION_CONTEXT('2D SPACE',''
  ) );
#2384 = PCURVE('',#1144,#2385);
#2385 = DEFINITIONAL_REPRESENTATION('',(#2386),#2390);
#2386 = LINE('',#2387,#2388);
#2387 = CARTESIAN_POINT('',(-7.500000000005,-2.500000000001));
#2388 = VECTOR('',#2389,1.);
#2389 = DIRECTION('',(0.,1.));
#2390 = ( GEOMETRIC_REPRESENTATION_CONTEXT(2) 
PARAMETRIC_REPRESENTATION_CONTEXT() REPRESENTATION_CONTEXT('2D SPACE',''
  ) );
#2391 = ADVANCED_FACE('',(#2392),#1085,.T.);
#2392 = FACE_BOUND('',#2393,.T.);
#2393 = EDGE_LOOP('',(#2394,#2395,#2396,#2397));
#2394 = ORIENTED_EDGE('',*,*,#1818,.T.);
#2395 = ORIENTED_EDGE('',*,*,#2349,.F.);
#2396 = ORIENTED_EDGE('',*,*,#1069,.T.);
#2397 = ORIENTED_EDGE('',*,*,#2398,.F.);
#2398 = EDGE_CURVE('',#1795,#1070,#2399,.T.);
#2399 = SURFACE_CURVE('',#2400,(#2404,#2411),.PCURVE_S1.);
#2400 = LINE('',#2401,#2402);
#2401 = CARTESIAN_POINT('',(43.125,-11.625,-10.));
#2402 = VECTOR('',#2403,1.);
#2403 = DIRECTION('',(-0.,-0.,-1.));
#2404 = PCURVE('',#1085,#2405);
#2405 = DEFINITIONAL_REPRESENTATION('',(#2406),#2410);
#2406 = LINE('',#2407,#2408);
#2407 = CARTESIAN_POINT('',(-7.500000000006,-2.500000000001));
#2408 = VECTOR('',#2409,1.);
#2409 = DIRECTION('',(-1.123707880775E-44,1.));
#2410 = ( GEOMETRIC_REPRESENTATION_CONTEXT(2) 
PARAMETRIC_REPRESENTATION_CONTEXT() REPRESENTATION_CONTEXT('2D SPACE',''
  ) );
#2411 = PCURVE('',#1118,#2412);
#2412 = DEFINITIONAL_REPRESENTATION('',(#2413),#2417);
#2413 = LINE('',#2414,#2415);
#2414 = CARTESIAN_POINT('',(-1.570796326795,10.));
#2415 = VECTOR('',#2416,1.);
#2416 = DIRECTION('',(-0.,1.));
#2417 = ( GEOMETRIC_REPRESENTATION_CONTEXT(2) 
PARAMETRIC_REPRESENTATION_CONTEXT() REPRESENTATION_CONTEXT('2D SPACE',''
  ) );
#2418 = ADVANCED_FACE('',(#2419),#1118,.F.);
#2419 = FACE_BOUND('',#2420,.T.);
#2420 = EDGE_LOOP('',(#2421,#2422,#2443,#2444));
#2421 = ORIENTED_EDGE('',*,*,#1097,.T.);
#2422 = ORIENTED_EDGE('',*,*,#2423,.T.);
#2423 = EDGE_CURVE('',#1098,#1793,#2424,.T.);
#2424 = SURFACE_CURVE('',#2425,(#2429,#2436),.PCURVE_S1.);
#2425 = LINE('',#2426,#2427);
#2426 = CARTESIAN_POINT('',(43.124999999997,-17.125,0.));
#2427 = VECTOR('',#2428,1.);
#2428 = DIRECTION('',(0.,0.,1.));
#2429 = PCURVE('',#1118,#2430);
#2430 = DEFINITIONAL_REPRESENTATION('',(#2431),#2435);
#2431 = LINE('',#2432,#2433);
#2432 = CARTESIAN_POINT('',(1.570796326796,-0.));
#2433 = VECTOR('',#2434,1.);
#2434 = DIRECTION('',(-0.,-1.));
#2435 = ( GEOMETRIC_REPRESENTATION_CONTEXT(2) 
PARAMETRIC_REPRESENTATION_CONTEXT() REPRESENTATION_CONTEXT('2D SPACE',''
  ) );
#2436 = PCURVE('',#1144,#2437);
#2437 = DEFINITIONAL_REPRESENTATION('',(#2438),#2442);
#2438 = LINE('',#2439,#2440);
#2439 = CARTESIAN_POINT('',(7.500000000003,-12.5));
#2440 = VECTOR('',#2441,1.);
#2441 = DIRECTION('',(0.,-1.));
#2442 = ( GEOMETRIC_REPRESENTATION_CONTEXT(2) 
PARAMETRIC_REPRESENTATION_CONTEXT() REPRESENTATION_CONTEXT('2D SPACE',''
  ) );
#2443 = ORIENTED_EDGE('',*,*,#1792,.T.);
#2444 = ORIENTED_EDGE('',*,*,#2398,.T.);
#2445 = ADVANCED_FACE('',(#2446),#1144,.T.);
#2446 = FACE_BOUND('',#2447,.T.);
#2447 = EDGE_LOOP('',(#2448,#2449,#2450,#2451));
#2448 = ORIENTED_EDGE('',*,*,#2423,.F.);
#2449 = ORIENTED_EDGE('',*,*,#1130,.F.);
#2450 = ORIENTED_EDGE('',*,*,#2371,.F.);
#2451 = ORIENTED_EDGE('',*,*,#1865,.F.);
#2452 = ADVANCED_FACE('',(#2453),#1181,.F.);
#2453 = FACE_BOUND('',#2454,.T.);
#2454 = EDGE_LOOP('',(#2455,#2456,#2477,#2478));
#2455 = ORIENTED_EDGE('',*,*,#1158,.T.);
#2456 = ORIENTED_EDGE('',*,*,#2457,.T.);
#2457 = EDGE_CURVE('',#1161,#1915,#2458,.T.);
#2458 = SURFACE_CURVE('',#2459,(#2463,#2470),.PCURVE_S1.);
#2459 = LINE('',#2460,#2461);
#2460 = CARTESIAN_POINT('',(-31.875,-11.625,0.));
#2461 = VECTOR('',#2462,1.);
#2462 = DIRECTION('',(0.,0.,1.));
#2463 = PCURVE('',#1181,#2464);
#2464 = DEFINITIONAL_REPRESENTATION('',(#2465),#2469);
#2465 = LINE('',#2466,#2467);
#2466 = CARTESIAN_POINT('',(-1.570796326795,0.));
#2467 = VECTOR('',#2468,1.);
#2468 = DIRECTION('',(-0.,-1.));
#2469 = ( GEOMETRIC_REPRESENTATION_CONTEXT(2) 
PARAMETRIC_REPRESENTATION_CONTEXT() REPRESENTATION_CONTEXT('2D SPACE',''
  ) );
#2470 = PCURVE('',#1209,#2471);
#2471 = DEFINITIONAL_REPRESENTATION('',(#2472),#2476);
#2472 = LINE('',#2473,#2474);
#2473 = CARTESIAN_POINT('',(7.500000000005,-12.49999999999));
#2474 = VECTOR('',#2475,1.);
#2475 = DIRECTION('',(-1.358296057513E-43,-1.));
#2476 = ( GEOMETRIC_REPRESENTATION_CONTEXT(2) 
PARAMETRIC_REPRESENTATION_CONTEXT() REPRESENTATION_CONTEXT('2D SPACE',''
  ) );
#2477 = ORIENTED_EDGE('',*,*,#1937,.T.);
#2478 = ORIENTED_EDGE('',*,*,#2479,.T.);
#2479 = EDGE_CURVE('',#1938,#1159,#2480,.T.);
#2480 = SURFACE_CURVE('',#2481,(#2485,#2492),.PCURVE_S1.);
#2481 = LINE('',#2482,#2483);
#2482 = CARTESIAN_POINT('',(-31.87499999998,-17.125,-10.));
#2483 = VECTOR('',#2484,1.);
#2484 = DIRECTION('',(-0.,-0.,-1.));
#2485 = PCURVE('',#1181,#2486);
#2486 = DEFINITIONAL_REPRESENTATION('',(#2487),#2491);
#2487 = LINE('',#2488,#2489);
#2488 = CARTESIAN_POINT('',(-4.712388980389,10.));
#2489 = VECTOR('',#2490,1.);
#2490 = DIRECTION('',(-0.,1.));
#2491 = ( GEOMETRIC_REPRESENTATION_CONTEXT(2) 
PARAMETRIC_REPRESENTATION_CONTEXT() REPRESENTATION_CONTEXT('2D SPACE',''
  ) );
#2492 = PCURVE('',#1268,#2493);
#2493 = DEFINITIONAL_REPRESENTATION('',(#2494),#2498);
#2494 = LINE('',#2495,#2496);
#2495 = CARTESIAN_POINT('',(-7.499999999996,-2.499999999998));
#2496 = VECTOR('',#2497,1.);
#2497 = DIRECTION('',(-2.302738967828E-44,1.));
#2498 = ( GEOMETRIC_REPRESENTATION_CONTEXT(2) 
PARAMETRIC_REPRESENTATION_CONTEXT() REPRESENTATION_CONTEXT('2D SPACE',''
  ) );
#2499 = ADVANCED_FACE('',(#2500),#1209,.T.);
#2500 = FACE_BOUND('',#2501,.T.);
#2501 = EDGE_LOOP('',(#2502,#2503,#2504,#2505));
#2502 = ORIENTED_EDGE('',*,*,#1914,.T.);
#2503 = ORIENTED_EDGE('',*,*,#2457,.F.);
#2504 = ORIENTED_EDGE('',*,*,#1193,.T.);
#2505 = ORIENTED_EDGE('',*,*,#2506,.F.);
#2506 = EDGE_CURVE('',#1891,#1194,#2507,.T.);
#2507 = SURFACE_CURVE('',#2508,(#2512,#2519),.PCURVE_S1.);
#2508 = LINE('',#2509,#2510);
#2509 = CARTESIAN_POINT('',(-16.87499999999,-11.625,-10.));
#2510 = VECTOR('',#2511,1.);
#2511 = DIRECTION('',(-0.,-0.,-1.));
#2512 = PCURVE('',#1209,#2513);
#2513 = DEFINITIONAL_REPRESENTATION('',(#2514),#2518);
#2514 = LINE('',#2515,#2516);
#2515 = CARTESIAN_POINT('',(-7.499999999999,-2.499999999997));
#2516 = VECTOR('',#2517,1.);
#2517 = DIRECTION('',(1.358296057513E-43,1.));
#2518 = ( GEOMETRIC_REPRESENTATION_CONTEXT(2) 
PARAMETRIC_REPRESENTATION_CONTEXT() REPRESENTATION_CONTEXT('2D SPACE',''
  ) );
#2519 = PCURVE('',#1242,#2520);
#2520 = DEFINITIONAL_REPRESENTATION('',(#2521),#2525);
#2521 = LINE('',#2522,#2523);
#2522 = CARTESIAN_POINT('',(-1.570796326794,10.));
#2523 = VECTOR('',#2524,1.);
#2524 = DIRECTION('',(-0.,1.));
#2525 = ( GEOMETRIC_REPRESENTATION_CONTEXT(2) 
PARAMETRIC_REPRESENTATION_CONTEXT() REPRESENTATION_CONTEXT('2D SPACE',''
  ) );
#2526 = ADVANCED_FACE('',(#2527),#1242,.F.);
#2527 = FACE_BOUND('',#2528,.T.);
#2528 = EDGE_LOOP('',(#2529,#2530,#2551,#2552));
#2529 = ORIENTED_EDGE('',*,*,#1221,.T.);
#2530 = ORIENTED_EDGE('',*,*,#2531,.T.);
#2531 = EDGE_CURVE('',#1222,#1889,#2532,.T.);
#2532 = SURFACE_CURVE('',#2533,(#2537,#2544),.PCURVE_S1.);
#2533 = LINE('',#2534,#2535);
#2534 = CARTESIAN_POINT('',(-16.87499999999,-17.125,0.));
#2535 = VECTOR('',#2536,1.);
#2536 = DIRECTION('',(0.,0.,1.));
#2537 = PCURVE('',#1242,#2538);
#2538 = DEFINITIONAL_REPRESENTATION('',(#2539),#2543);
#2539 = LINE('',#2540,#2541);
#2540 = CARTESIAN_POINT('',(1.570796326793,-0.));
#2541 = VECTOR('',#2542,1.);
#2542 = DIRECTION('',(-0.,-1.));
#2543 = ( GEOMETRIC_REPRESENTATION_CONTEXT(2) 
PARAMETRIC_REPRESENTATION_CONTEXT() REPRESENTATION_CONTEXT('2D SPACE',''
  ) );
#2544 = PCURVE('',#1268,#2545);
#2545 = DEFINITIONAL_REPRESENTATION('',(#2546),#2550);
#2546 = LINE('',#2547,#2548);
#2547 = CARTESIAN_POINT('',(7.499999999998,-12.49999999999));
#2548 = VECTOR('',#2549,1.);
#2549 = DIRECTION('',(2.302738967828E-44,-1.));
#2550 = ( GEOMETRIC_REPRESENTATION_CONTEXT(2) 
PARAMETRIC_REPRESENTATION_CONTEXT() REPRESENTATION_CONTEXT('2D SPACE',''
  ) );
#2551 = ORIENTED_EDGE('',*,*,#1888,.T.);
#2552 = ORIENTED_EDGE('',*,*,#2506,.T.);
#2553 = ADVANCED_FACE('',(#2554),#1268,.T.);
#2554 = FACE_BOUND('',#2555,.T.);
#2555 = EDGE_LOOP('',(#2556,#2557,#2558,#2559));
#2556 = ORIENTED_EDGE('',*,*,#2531,.F.);
#2557 = ORIENTED_EDGE('',*,*,#1254,.F.);
#2558 = ORIENTED_EDGE('',*,*,#2479,.F.);
#2559 = ORIENTED_EDGE('',*,*,#1961,.F.);
#2560 = ADVANCED_FACE('',(#2561),#1305,.F.);
#2561 = FACE_BOUND('',#2562,.T.);
#2562 = EDGE_LOOP('',(#2563,#2564,#2585,#2586));
#2563 = ORIENTED_EDGE('',*,*,#1282,.T.);
#2564 = ORIENTED_EDGE('',*,*,#2565,.T.);
#2565 = EDGE_CURVE('',#1285,#2011,#2566,.T.);
#2566 = SURFACE_CURVE('',#2567,(#2571,#2578),.PCURVE_S1.);
#2567 = LINE('',#2568,#2569);
#2568 = CARTESIAN_POINT('',(-31.875,48.374999999999,0.));
#2569 = VECTOR('',#2570,1.);
#2570 = DIRECTION('',(0.,0.,1.));
#2571 = PCURVE('',#1305,#2572);
#2572 = DEFINITIONAL_REPRESENTATION('',(#2573),#2577);
#2573 = LINE('',#2574,#2575);
#2574 = CARTESIAN_POINT('',(-1.570796326795,0.));
#2575 = VECTOR('',#2576,1.);
#2576 = DIRECTION('',(-0.,-1.));
#2577 = ( GEOMETRIC_REPRESENTATION_CONTEXT(2) 
PARAMETRIC_REPRESENTATION_CONTEXT() REPRESENTATION_CONTEXT('2D SPACE',''
  ) );
#2578 = PCURVE('',#1333,#2579);
#2579 = DEFINITIONAL_REPRESENTATION('',(#2580),#2584);
#2580 = LINE('',#2581,#2582);
#2581 = CARTESIAN_POINT('',(7.500000000001,-12.49999999999));
#2582 = VECTOR('',#2583,1.);
#2583 = DIRECTION('',(2.113807963086E-44,-1.));
#2584 = ( GEOMETRIC_REPRESENTATION_CONTEXT(2) 
PARAMETRIC_REPRESENTATION_CONTEXT() REPRESENTATION_CONTEXT('2D SPACE',''
  ) );
#2585 = ORIENTED_EDGE('',*,*,#2033,.T.);
#2586 = ORIENTED_EDGE('',*,*,#2587,.T.);
#2587 = EDGE_CURVE('',#2034,#1283,#2588,.T.);
#2588 = SURFACE_CURVE('',#2589,(#2593,#2600),.PCURVE_S1.);
#2589 = LINE('',#2590,#2591);
#2590 = CARTESIAN_POINT('',(-31.875,42.874999999999,-10.));
#2591 = VECTOR('',#2592,1.);
#2592 = DIRECTION('',(-0.,-0.,-1.));
#2593 = PCURVE('',#1305,#2594);
#2594 = DEFINITIONAL_REPRESENTATION('',(#2595),#2599);
#2595 = LINE('',#2596,#2597);
#2596 = CARTESIAN_POINT('',(-4.712388980385,10.));
#2597 = VECTOR('',#2598,1.);
#2598 = DIRECTION('',(-0.,1.));
#2599 = ( GEOMETRIC_REPRESENTATION_CONTEXT(2) 
PARAMETRIC_REPRESENTATION_CONTEXT() REPRESENTATION_CONTEXT('2D SPACE',''
  ) );
#2600 = PCURVE('',#1392,#2601);
#2601 = DEFINITIONAL_REPRESENTATION('',(#2602),#2606);
#2602 = LINE('',#2603,#2604);
#2603 = CARTESIAN_POINT('',(-7.500000000001,-2.499999999999));
#2604 = VECTOR('',#2605,1.);
#2605 = DIRECTION('',(4.398594068499E-44,1.));
#2606 = ( GEOMETRIC_REPRESENTATION_CONTEXT(2) 
PARAMETRIC_REPRESENTATION_CONTEXT() REPRESENTATION_CONTEXT('2D SPACE',''
  ) );
#2607 = ADVANCED_FACE('',(#2608),#1333,.T.);
#2608 = FACE_BOUND('',#2609,.T.);
#2609 = EDGE_LOOP('',(#2610,#2611,#2612,#2613));
#2610 = ORIENTED_EDGE('',*,*,#2010,.T.);
#2611 = ORIENTED_EDGE('',*,*,#2565,.F.);
#2612 = ORIENTED_EDGE('',*,*,#1317,.T.);
#2613 = ORIENTED_EDGE('',*,*,#2614,.F.);
#2614 = EDGE_CURVE('',#1987,#1318,#2615,.T.);
#2615 = SURFACE_CURVE('',#2616,(#2620,#2627),.PCURVE_S1.);
#2616 = LINE('',#2617,#2618);
#2617 = CARTESIAN_POINT('',(-16.875,48.375,-10.));
#2618 = VECTOR('',#2619,1.);
#2619 = DIRECTION('',(-0.,-0.,-1.));
#2620 = PCURVE('',#1333,#2621);
#2621 = DEFINITIONAL_REPRESENTATION('',(#2622),#2626);
#2622 = LINE('',#2623,#2624);
#2623 = CARTESIAN_POINT('',(-7.499999999999,-2.499999999999));
#2624 = VECTOR('',#2625,1.);
#2625 = DIRECTION('',(-2.113807963086E-44,1.));
#2626 = ( GEOMETRIC_REPRESENTATION_CONTEXT(2) 
PARAMETRIC_REPRESENTATION_CONTEXT() REPRESENTATION_CONTEXT('2D SPACE',''
  ) );
#2627 = PCURVE('',#1366,#2628);
#2628 = DEFINITIONAL_REPRESENTATION('',(#2629),#2633);
#2629 = LINE('',#2630,#2631);
#2630 = CARTESIAN_POINT('',(-1.570796326795,10.));
#2631 = VECTOR('',#2632,1.);
#2632 = DIRECTION('',(-0.,1.));
#2633 = ( GEOMETRIC_REPRESENTATION_CONTEXT(2) 
PARAMETRIC_REPRESENTATION_CONTEXT() REPRESENTATION_CONTEXT('2D SPACE',''
  ) );
#2634 = ADVANCED_FACE('',(#2635),#1366,.F.);
#2635 = FACE_BOUND('',#2636,.T.);
#2636 = EDGE_LOOP('',(#2637,#2638,#2659,#2660));
#2637 = ORIENTED_EDGE('',*,*,#1345,.T.);
#2638 = ORIENTED_EDGE('',*,*,#2639,.T.);
#2639 = EDGE_CURVE('',#1346,#1985,#2640,.T.);
#2640 = SURFACE_CURVE('',#2641,(#2645,#2652),.PCURVE_S1.);
#2641 = LINE('',#2642,#2643);
#2642 = CARTESIAN_POINT('',(-16.87499999999,42.875,0.));
#2643 = VECTOR('',#2644,1.);
#2644 = DIRECTION('',(0.,0.,1.));
#2645 = PCURVE('',#1366,#2646);
#2646 = DEFINITIONAL_REPRESENTATION('',(#2647),#2651);
#2647 = LINE('',#2648,#2649);
#2648 = CARTESIAN_POINT('',(1.570796326793,-0.));
#2649 = VECTOR('',#2650,1.);
#2650 = DIRECTION('',(-0.,-1.));
#2651 = ( GEOMETRIC_REPRESENTATION_CONTEXT(2) 
PARAMETRIC_REPRESENTATION_CONTEXT() REPRESENTATION_CONTEXT('2D SPACE',''
  ) );
#2652 = PCURVE('',#1392,#2653);
#2653 = DEFINITIONAL_REPRESENTATION('',(#2654),#2658);
#2654 = LINE('',#2655,#2656);
#2655 = CARTESIAN_POINT('',(7.500000000003,-12.49999999999));
#2656 = VECTOR('',#2657,1.);
#2657 = DIRECTION('',(-4.398594068499E-44,-1.));
#2658 = ( GEOMETRIC_REPRESENTATION_CONTEXT(2) 
PARAMETRIC_REPRESENTATION_CONTEXT() REPRESENTATION_CONTEXT('2D SPACE',''
  ) );
#2659 = ORIENTED_EDGE('',*,*,#1984,.T.);
#2660 = ORIENTED_EDGE('',*,*,#2614,.T.);
#2661 = ADVANCED_FACE('',(#2662),#1392,.T.);
#2662 = FACE_BOUND('',#2663,.T.);
#2663 = EDGE_LOOP('',(#2664,#2665,#2666,#2667));
#2664 = ORIENTED_EDGE('',*,*,#2639,.F.);
#2665 = ORIENTED_EDGE('',*,*,#1378,.F.);
#2666 = ORIENTED_EDGE('',*,*,#2587,.F.);
#2667 = ORIENTED_EDGE('',*,*,#2057,.F.);
#2668 = ADVANCED_FACE('',(#2669),#1478,.T.);
#2669 = FACE_BOUND('',#2670,.T.);
#2670 = EDGE_LOOP('',(#2671,#2699,#2700,#2701));
#2671 = ORIENTED_EDGE('',*,*,#2672,.F.);
#2672 = EDGE_CURVE('',#1742,#2673,#2675,.T.);
#2673 = VERTEX_POINT('',#2674);
#2674 = CARTESIAN_POINT('',(-40.,-19.,4.));
#2675 = SURFACE_CURVE('',#2676,(#2680,#2687),.PCURVE_S1.);
#2676 = LINE('',#2677,#2678);
#2677 = CARTESIAN_POINT('',(-39.25,-19.,4.75));
#2678 = VECTOR('',#2679,1.);
#2679 = DIRECTION('',(-0.707106781187,-6.490460675696E-16,
    -0.707106781187));
#2680 = PCURVE('',#1478,#2681);
#2681 = DEFINITIONAL_REPRESENTATION('',(#2682),#2686);
#2682 = LINE('',#2683,#2684);
#2683 = CARTESIAN_POINT('',(1.,-0.353553390593));
#2684 = VECTOR('',#2685,1.);
#2685 = DIRECTION('',(-6.490460675696E-16,1.));
#2686 = ( GEOMETRIC_REPRESENTATION_CONTEXT(2) 
PARAMETRIC_REPRESENTATION_CONTEXT() REPRESENTATION_CONTEXT('2D SPACE',''
  ) );
#2687 = PCURVE('',#2688,#2693);
#2688 = PLANE('',#2689);
#2689 = AXIS2_PLACEMENT_3D('',#2690,#2691,#2692);
#2690 = CARTESIAN_POINT('',(-39.,-19.,5.));
#2691 = DIRECTION('',(0.57735026919,0.57735026919,-0.57735026919));
#2692 = DIRECTION('',(0.707106781187,-0.707106781187,-1.247084543754E-15
    ));
#2693 = DEFINITIONAL_REPRESENTATION('',(#2694),#2698);
#2694 = LINE('',#2695,#2696);
#2695 = CARTESIAN_POINT('',(-0.176776695297,0.306186217848));
#2696 = VECTOR('',#2697,1.);
#2697 = DIRECTION('',(-0.5,0.866025403784));
#2698 = ( GEOMETRIC_REPRESENTATION_CONTEXT(2) 
PARAMETRIC_REPRESENTATION_CONTEXT() REPRESENTATION_CONTEXT('2D SPACE',''
  ) );
#2699 = ORIENTED_EDGE('',*,*,#1741,.T.);
#2700 = ORIENTED_EDGE('',*,*,#1462,.T.);
#2701 = ORIENTED_EDGE('',*,*,#2702,.F.);
#2702 = EDGE_CURVE('',#2673,#1463,#2703,.T.);
#2703 = SURFACE_CURVE('',#2704,(#2708,#2715),.PCURVE_S1.);
#2704 = LINE('',#2705,#2706);
#2705 = CARTESIAN_POINT('',(-40.,-20.,4.));
#2706 = VECTOR('',#2707,1.);
#2707 = DIRECTION('',(0.,1.,0.));
#2708 = PCURVE('',#1478,#2709);
#2709 = DEFINITIONAL_REPRESENTATION('',(#2710),#2714);
#2710 = LINE('',#2711,#2712);
#2711 = CARTESIAN_POINT('',(0.,0.707106781187));
#2712 = VECTOR('',#2713,1.);
#2713 = DIRECTION('',(1.,1.211845495834E-34));
#2714 = ( GEOMETRIC_REPRESENTATION_CONTEXT(2) 
PARAMETRIC_REPRESENTATION_CONTEXT() REPRESENTATION_CONTEXT('2D SPACE',''
  ) );
#2715 = PCURVE('',#1528,#2716);
#2716 = DEFINITIONAL_REPRESENTATION('',(#2717),#2721);
#2717 = LINE('',#2718,#2719);
#2718 = CARTESIAN_POINT('',(-16.5,37.8125));
#2719 = VECTOR('',#2720,1.);
#2720 = DIRECTION('',(0.,-1.));
#2721 = ( GEOMETRIC_REPRESENTATION_CONTEXT(2) 
PARAMETRIC_REPRESENTATION_CONTEXT() REPRESENTATION_CONTEXT('2D SPACE',''
  ) );
#2722 = ADVANCED_FACE('',(#2723),#1528,.T.);
#2723 = FACE_BOUND('',#2724,.T.);
#2724 = EDGE_LOOP('',(#2725,#2751,#2752,#2753));
#2725 = ORIENTED_EDGE('',*,*,#2726,.F.);
#2726 = EDGE_CURVE('',#2673,#2246,#2727,.T.);
#2727 = SURFACE_CURVE('',#2728,(#2732,#2739),.PCURVE_S1.);
#2728 = LINE('',#2729,#2730);
#2729 = CARTESIAN_POINT('',(-40.,-19.,5.));
#2730 = VECTOR('',#2731,1.);
#2731 = DIRECTION('',(-0.,-0.,-1.));
#2732 = PCURVE('',#1528,#2733);
#2733 = DEFINITIONAL_REPRESENTATION('',(#2734),#2738);
#2734 = LINE('',#2735,#2736);
#2735 = CARTESIAN_POINT('',(-17.5,36.8125));
#2736 = VECTOR('',#2737,1.);
#2737 = DIRECTION('',(1.,0.));
#2738 = ( GEOMETRIC_REPRESENTATION_CONTEXT(2) 
PARAMETRIC_REPRESENTATION_CONTEXT() REPRESENTATION_CONTEXT('2D SPACE',''
  ) );
#2739 = PCURVE('',#2740,#2745);
#2740 = PLANE('',#2741);
#2741 = AXIS2_PLACEMENT_3D('',#2742,#2743,#2744);
#2742 = CARTESIAN_POINT('',(-39.5,-19.5,5.));
#2743 = DIRECTION('',(-0.707106781187,-0.707106781187,5.911709633991E-18
    ));
#2744 = DIRECTION('',(-4.180209970601E-18,-4.180209970601E-18,-1.));
#2745 = DEFINITIONAL_REPRESENTATION('',(#2746),#2750);
#2746 = LINE('',#2747,#2748);
#2747 = CARTESIAN_POINT('',(0.,-0.707106781187));
#2748 = VECTOR('',#2749,1.);
#2749 = DIRECTION('',(1.,1.617303853732E-34));
#2750 = ( GEOMETRIC_REPRESENTATION_CONTEXT(2) 
PARAMETRIC_REPRESENTATION_CONTEXT() REPRESENTATION_CONTEXT('2D SPACE',''
  ) );
#2751 = ORIENTED_EDGE('',*,*,#2702,.T.);
#2752 = ORIENTED_EDGE('',*,*,#1514,.T.);
#2753 = ORIENTED_EDGE('',*,*,#2275,.F.);
#2754 = ADVANCED_FACE('',(#2755),#1584,.F.);
#2755 = FACE_BOUND('',#2756,.F.);
#2756 = EDGE_LOOP('',(#2757,#2758,#2759,#2760));
#2757 = ORIENTED_EDGE('',*,*,#2083,.F.);
#2758 = ORIENTED_EDGE('',*,*,#1567,.T.);
#2759 = ORIENTED_EDGE('',*,*,#2184,.F.);
#2760 = ORIENTED_EDGE('',*,*,#1695,.F.);
#2761 = ADVANCED_FACE('',(#2762),#1778,.T.);
#2762 = FACE_BOUND('',#2763,.T.);
#2763 = EDGE_LOOP('',(#2764,#2765,#2766,#2789));
#2764 = ORIENTED_EDGE('',*,*,#2132,.F.);
#2765 = ORIENTED_EDGE('',*,*,#1764,.T.);
#2766 = ORIENTED_EDGE('',*,*,#2767,.T.);
#2767 = EDGE_CURVE('',#1742,#2768,#2770,.T.);
#2768 = VERTEX_POINT('',#2769);
#2769 = CARTESIAN_POINT('',(-39.,-20.,4.));
#2770 = SURFACE_CURVE('',#2771,(#2775,#2782),.PCURVE_S1.);
#2771 = LINE('',#2772,#2773);
#2772 = CARTESIAN_POINT('',(-39.,-19.25,4.75));
#2773 = VECTOR('',#2774,1.);
#2774 = DIRECTION('',(5.460648957294E-16,-0.707106781187,-0.707106781187
    ));
#2775 = PCURVE('',#1778,#2776);
#2776 = DEFINITIONAL_REPRESENTATION('',(#2777),#2781);
#2777 = LINE('',#2778,#2779);
#2778 = CARTESIAN_POINT('',(90.25,-0.353553390593));
#2779 = VECTOR('',#2780,1.);
#2780 = DIRECTION('',(-5.460648957294E-16,1.));
#2781 = ( GEOMETRIC_REPRESENTATION_CONTEXT(2) 
PARAMETRIC_REPRESENTATION_CONTEXT() REPRESENTATION_CONTEXT('2D SPACE',''
  ) );
#2782 = PCURVE('',#2688,#2783);
#2783 = DEFINITIONAL_REPRESENTATION('',(#2784),#2788);
#2784 = LINE('',#2785,#2786);
#2785 = CARTESIAN_POINT('',(0.176776695297,0.306186217848));
#2786 = VECTOR('',#2787,1.);
#2787 = DIRECTION('',(0.5,0.866025403784));
#2788 = ( GEOMETRIC_REPRESENTATION_CONTEXT(2) 
PARAMETRIC_REPRESENTATION_CONTEXT() REPRESENTATION_CONTEXT('2D SPACE',''
  ) );
#2789 = ORIENTED_EDGE('',*,*,#2790,.F.);
#2790 = EDGE_CURVE('',#2133,#2768,#2791,.T.);
#2791 = SURFACE_CURVE('',#2792,(#2796,#2803),.PCURVE_S1.);
#2792 = LINE('',#2793,#2794);
#2793 = CARTESIAN_POINT('',(51.25,-20.,4.));
#2794 = VECTOR('',#2795,1.);
#2795 = DIRECTION('',(-1.,0.,0.));
#2796 = PCURVE('',#1778,#2797);
#2797 = DEFINITIONAL_REPRESENTATION('',(#2798),#2802);
#2798 = LINE('',#2799,#2800);
#2799 = CARTESIAN_POINT('',(0.,0.707106781187));
#2800 = VECTOR('',#2801,1.);
#2801 = DIRECTION('',(1.,-1.211845495834E-34));
#2802 = ( GEOMETRIC_REPRESENTATION_CONTEXT(2) 
PARAMETRIC_REPRESENTATION_CONTEXT() REPRESENTATION_CONTEXT('2D SPACE',''
  ) );
#2803 = PCURVE('',#2169,#2804);
#2804 = DEFINITIONAL_REPRESENTATION('',(#2805),#2809);
#2805 = LINE('',#2806,#2807);
#2806 = CARTESIAN_POINT('',(-16.5,45.625));
#2807 = VECTOR('',#2808,1.);
#2808 = DIRECTION('',(0.,-1.));
#2809 = ( GEOMETRIC_REPRESENTATION_CONTEXT(2) 
PARAMETRIC_REPRESENTATION_CONTEXT() REPRESENTATION_CONTEXT('2D SPACE',''
  ) );
#2810 = ADVANCED_FACE('',(#2811),#2169,.T.);
#2811 = FACE_BOUND('',#2812,.T.);
#2812 = EDGE_LOOP('',(#2813,#2834,#2835,#2836));
#2813 = ORIENTED_EDGE('',*,*,#2814,.T.);
#2814 = EDGE_CURVE('',#2768,#2302,#2815,.T.);
#2815 = SURFACE_CURVE('',#2816,(#2820,#2827),.PCURVE_S1.);
#2816 = LINE('',#2817,#2818);
#2817 = CARTESIAN_POINT('',(-39.,-20.,5.));
#2818 = VECTOR('',#2819,1.);
#2819 = DIRECTION('',(-0.,-0.,-1.));
#2820 = PCURVE('',#2169,#2821);
#2821 = DEFINITIONAL_REPRESENTATION('',(#2822),#2826);
#2822 = LINE('',#2823,#2824);
#2823 = CARTESIAN_POINT('',(-17.5,-44.625));
#2824 = VECTOR('',#2825,1.);
#2825 = DIRECTION('',(1.,0.));
#2826 = ( GEOMETRIC_REPRESENTATION_CONTEXT(2) 
PARAMETRIC_REPRESENTATION_CONTEXT() REPRESENTATION_CONTEXT('2D SPACE',''
  ) );
#2827 = PCURVE('',#2740,#2828);
#2828 = DEFINITIONAL_REPRESENTATION('',(#2829),#2833);
#2829 = LINE('',#2830,#2831);
#2830 = CARTESIAN_POINT('',(0.,0.707106781187));
#2831 = VECTOR('',#2832,1.);
#2832 = DIRECTION('',(1.,1.617303853732E-34));
#2833 = ( GEOMETRIC_REPRESENTATION_CONTEXT(2) 
PARAMETRIC_REPRESENTATION_CONTEXT() REPRESENTATION_CONTEXT('2D SPACE',''
  ) );
#2834 = ORIENTED_EDGE('',*,*,#2324,.F.);
#2835 = ORIENTED_EDGE('',*,*,#2155,.T.);
#2836 = ORIENTED_EDGE('',*,*,#2790,.T.);
#2837 = ADVANCED_FACE('',(#2838),#2261,.T.);
#2838 = FACE_BOUND('',#2839,.T.);
#2839 = EDGE_LOOP('',(#2840,#2841,#2842));
#2840 = ORIENTED_EDGE('',*,*,#2245,.F.);
#2841 = ORIENTED_EDGE('',*,*,#2301,.T.);
#2842 = ORIENTED_EDGE('',*,*,#2843,.F.);
#2843 = EDGE_CURVE('',#2246,#2302,#2844,.T.);
#2844 = SURFACE_CURVE('',#2845,(#2849,#2856),.PCURVE_S1.);
#2845 = LINE('',#2846,#2847);
#2846 = CARTESIAN_POINT('',(-39.5,-19.5,-29.));
#2847 = VECTOR('',#2848,1.);
#2848 = DIRECTION('',(0.707106781187,-0.707106781187,3.082391018568E-17)
  );
#2849 = PCURVE('',#2261,#2850);
#2850 = DEFINITIONAL_REPRESENTATION('',(#2851),#2855);
#2851 = LINE('',#2852,#2853);
#2852 = CARTESIAN_POINT('',(-6.803361091336E-18,1.224744871392));
#2853 = VECTOR('',#2854,1.);
#2854 = DIRECTION('',(1.,3.904172384835E-17));
#2855 = ( GEOMETRIC_REPRESENTATION_CONTEXT(2) 
PARAMETRIC_REPRESENTATION_CONTEXT() REPRESENTATION_CONTEXT('2D SPACE',''
  ) );
#2856 = PCURVE('',#2740,#2857);
#2857 = DEFINITIONAL_REPRESENTATION('',(#2858),#2862);
#2858 = LINE('',#2859,#2860);
#2859 = CARTESIAN_POINT('',(34.,1.37855841685E-33));
#2860 = VECTOR('',#2861,1.);
#2861 = DIRECTION('',(-3.082391018568E-17,1.));
#2862 = ( GEOMETRIC_REPRESENTATION_CONTEXT(2) 
PARAMETRIC_REPRESENTATION_CONTEXT() REPRESENTATION_CONTEXT('2D SPACE',''
  ) );
#2863 = ADVANCED_FACE('',(#2864),#2688,.F.);
#2864 = FACE_BOUND('',#2865,.F.);
#2865 = EDGE_LOOP('',(#2866,#2867,#2868));
#2866 = ORIENTED_EDGE('',*,*,#2672,.F.);
#2867 = ORIENTED_EDGE('',*,*,#2767,.T.);
#2868 = ORIENTED_EDGE('',*,*,#2869,.F.);
#2869 = EDGE_CURVE('',#2673,#2768,#2870,.T.);
#2870 = SURFACE_CURVE('',#2871,(#2875,#2882),.PCURVE_S1.);
#2871 = LINE('',#2872,#2873);
#2872 = CARTESIAN_POINT('',(-39.5,-19.5,4.));
#2873 = VECTOR('',#2874,1.);
#2874 = DIRECTION('',(0.707106781187,-0.707106781187,-1.247756832624E-15
    ));
#2875 = PCURVE('',#2688,#2876);
#2876 = DEFINITIONAL_REPRESENTATION('',(#2877),#2881);
#2877 = LINE('',#2878,#2879);
#2878 = CARTESIAN_POINT('',(1.302595694985E-15,1.224744871392));
#2879 = VECTOR('',#2880,1.);
#2880 = DIRECTION('',(1.,-7.740019186889E-17));
#2881 = ( GEOMETRIC_REPRESENTATION_CONTEXT(2) 
PARAMETRIC_REPRESENTATION_CONTEXT() REPRESENTATION_CONTEXT('2D SPACE',''
  ) );
#2882 = PCURVE('',#2740,#2883);
#2883 = DEFINITIONAL_REPRESENTATION('',(#2884),#2888);
#2884 = LINE('',#2885,#2886);
#2885 = CARTESIAN_POINT('',(1.,4.054583578972E-35));
#2886 = VECTOR('',#2887,1.);
#2887 = DIRECTION('',(1.247756832624E-15,1.));
#2888 = ( GEOMETRIC_REPRESENTATION_CONTEXT(2) 
PARAMETRIC_REPRESENTATION_CONTEXT() REPRESENTATION_CONTEXT('2D SPACE',''
  ) );
#2889 = ADVANCED_FACE('',(#2890),#2740,.T.);
#2890 = FACE_BOUND('',#2891,.T.);
#2891 = EDGE_LOOP('',(#2892,#2893,#2894,#2895));
#2892 = ORIENTED_EDGE('',*,*,#2726,.T.);
#2893 = ORIENTED_EDGE('',*,*,#2843,.T.);
#2894 = ORIENTED_EDGE('',*,*,#2814,.F.);
#2895 = ORIENTED_EDGE('',*,*,#2869,.F.);
#2896 = ( GEOMETRIC_REPRESENTATION_CONTEXT(3) 
GLOBAL_UNCERTAINTY_ASSIGNED_CONTEXT((#2900)) 
GLOBAL_UNIT_ASSIGNED_CONTEXT((#2897,#2898,#2899)) REPRESENTATION_CONTEXT
('Context #1','3D Context with UNIT and UNCERTAINTY') );
#2897 = ( LENGTH_UNIT() NAMED_UNIT(*) SI_UNIT(.MILLI.,.METRE.) );
#2898 = ( NAMED_UNIT(*) PLANE_ANGLE_UNIT() SI_UNIT($,.RADIAN.) );
#2899 = ( NAMED_UNIT(*) SI_UNIT($,.STERADIAN.) SOLID_ANGLE_UNIT() );
#2900 = UNCERTAINTY_MEASURE_WITH_UNIT(LENGTH_MEASURE(2.E-05),#2897,
  'distance_accuracy_value','confusion accuracy');
#2901 = CONTEXT_DEPENDENT_SHAPE_REPRESENTATION(#2902,#2904);
#2902 = ( REPRESENTATION_RELATIONSHIP('','',#40,#10) 
REPRESENTATION_RELATIONSHIP_WITH_TRANSFORMATION(#2903) 
SHAPE_REPRESENTATION_RELATIONSHIP() );
#2903 = ITEM_DEFINED_TRANSFORMATION('','',#11,#15);
#2904 = PRODUCT_DEFINITION_SHAPE('Placement','Placement of an item',
  #2905);
#2905 = NEXT_ASSEMBLY_USAGE_OCCURRENCE('1','Body003','',#5,#35,$);
#2906 = PRODUCT_RELATED_PRODUCT_CATEGORY('part',$,(#37));
#2907 = SHAPE_DEFINITION_REPRESENTATION(#2908,#2914);
#2908 = PRODUCT_DEFINITION_SHAPE('','',#2909);
#2909 = PRODUCT_DEFINITION('design','',#2910,#2913);
#2910 = PRODUCT_DEFINITION_FORMATION('','',#2911);
#2911 = PRODUCT('Body004','Body004','',(#2912));
#2912 = PRODUCT_CONTEXT('',#2,'mechanical');
#2913 = PRODUCT_DEFINITION_CONTEXT('part definition',#2,'design');
#2914 = ADVANCED_BREP_SHAPE_REPRESENTATION('',(#11,#2915),#4485);
#2915 = MANIFOLD_SOLID_BREP('',#2916);
#2916 = CLOSED_SHELL('',(#2917,#3005,#3214,#3269,#3327,#3390,#3453,#3516
    ,#3579,#3642,#3673,#3728,#3843,#3931,#4019,#4107,#4195,#4261,#4423,
    #4449,#4455,#4461,#4467,#4473,#4479));
#2917 = ADVANCED_FACE('',(#2918),#2932,.F.);
#2918 = FACE_BOUND('',#2919,.F.);
#2919 = EDGE_LOOP('',(#2920,#2950,#2977,#2978));
#2920 = ORIENTED_EDGE('',*,*,#2921,.F.);
#2921 = EDGE_CURVE('',#2922,#2924,#2926,.T.);
#2922 = VERTEX_POINT('',#2923);
#2923 = CARTESIAN_POINT('',(1.962550279788,0.,2.900163279155));
#2924 = VERTEX_POINT('',#2925);
#2925 = CARTESIAN_POINT('',(2.84606375,0.,3.1369));
#2926 = SEAM_CURVE('',#2927,(#2931,#2943),.PCURVE_S1.);
#2927 = LINE('',#2928,#2929);
#2928 = CARTESIAN_POINT('',(1.962550279788,0.,2.900163279155));
#2929 = VECTOR('',#2930,1.);
#2930 = DIRECTION('',(0.965925826289,0.,0.258819045103));
#2931 = PCURVE('',#2932,#2937);
#2932 = CONICAL_SURFACE('',#2933,1.962550279788,1.308996938996);
#2933 = AXIS2_PLACEMENT_3D('',#2934,#2935,#2936);
#2934 = CARTESIAN_POINT('',(0.,0.,2.900163279155));
#2935 = DIRECTION('',(0.,0.,1.));
#2936 = DIRECTION('',(1.,0.,-0.));
#2937 = DEFINITIONAL_REPRESENTATION('',(#2938),#2942);
#2938 = LINE('',#2939,#2940);
#2939 = CARTESIAN_POINT('',(0.,0.));
#2940 = VECTOR('',#2941,1.);
#2941 = DIRECTION('',(0.,1.));
#2942 = ( GEOMETRIC_REPRESENTATION_CONTEXT(2) 
PARAMETRIC_REPRESENTATION_CONTEXT() REPRESENTATION_CONTEXT('2D SPACE',''
  ) );
#2943 = PCURVE('',#2932,#2944);
#2944 = DEFINITIONAL_REPRESENTATION('',(#2945),#2949);
#2945 = LINE('',#2946,#2947);
#2946 = CARTESIAN_POINT('',(6.28318530718,0.));
#2947 = VECTOR('',#2948,1.);
#2948 = DIRECTION('',(0.,1.));
#2949 = ( GEOMETRIC_REPRESENTATION_CONTEXT(2) 
PARAMETRIC_REPRESENTATION_CONTEXT() REPRESENTATION_CONTEXT('2D SPACE',''
  ) );
#2950 = ORIENTED_EDGE('',*,*,#2951,.T.);
#2951 = EDGE_CURVE('',#2922,#2922,#2952,.T.);
#2952 = SURFACE_CURVE('',#2953,(#2958,#2965),.PCURVE_S1.);
#2953 = CIRCLE('',#2954,1.962550279788);
#2954 = AXIS2_PLACEMENT_3D('',#2955,#2956,#2957);
#2955 = CARTESIAN_POINT('',(0.,0.,2.900163279155));
#2956 = DIRECTION('',(0.,0.,1.));
#2957 = DIRECTION('',(1.,0.,-0.));
#2958 = PCURVE('',#2932,#2959);
#2959 = DEFINITIONAL_REPRESENTATION('',(#2960),#2964);
#2960 = LINE('',#2961,#2962);
#2961 = CARTESIAN_POINT('',(0.,0.));
#2962 = VECTOR('',#2963,1.);
#2963 = DIRECTION('',(1.,0.));
#2964 = ( GEOMETRIC_REPRESENTATION_CONTEXT(2) 
PARAMETRIC_REPRESENTATION_CONTEXT() REPRESENTATION_CONTEXT('2D SPACE',''
  ) );
#2965 = PCURVE('',#2966,#2971);
#2966 = CYLINDRICAL_SURFACE('',#2967,1.962550279788);
#2967 = AXIS2_PLACEMENT_3D('',#2968,#2969,#2970);
#2968 = CARTESIAN_POINT('',(0.,0.,0.236736720845));
#2969 = DIRECTION('',(0.,0.,1.));
#2970 = DIRECTION('',(1.,0.,-0.));
#2971 = DEFINITIONAL_REPRESENTATION('',(#2972),#2976);
#2972 = LINE('',#2973,#2974);
#2973 = CARTESIAN_POINT('',(0.,2.66342655831));
#2974 = VECTOR('',#2975,1.);
#2975 = DIRECTION('',(1.,0.));
#2976 = ( GEOMETRIC_REPRESENTATION_CONTEXT(2) 
PARAMETRIC_REPRESENTATION_CONTEXT() REPRESENTATION_CONTEXT('2D SPACE',''
  ) );
#2977 = ORIENTED_EDGE('',*,*,#2921,.T.);
#2978 = ORIENTED_EDGE('',*,*,#2979,.F.);
#2979 = EDGE_CURVE('',#2924,#2924,#2980,.T.);
#2980 = SURFACE_CURVE('',#2981,(#2986,#2993),.PCURVE_S1.);
#2981 = CIRCLE('',#2982,2.84606375);
#2982 = AXIS2_PLACEMENT_3D('',#2983,#2984,#2985);
#2983 = CARTESIAN_POINT('',(0.,0.,3.1369));
#2984 = DIRECTION('',(0.,0.,1.));
#2985 = DIRECTION('',(1.,0.,-0.));
#2986 = PCURVE('',#2932,#2987);
#2987 = DEFINITIONAL_REPRESENTATION('',(#2988),#2992);
#2988 = LINE('',#2989,#2990);
#2989 = CARTESIAN_POINT('',(0.,0.236736720845));
#2990 = VECTOR('',#2991,1.);
#2991 = DIRECTION('',(1.,0.));
#2992 = ( GEOMETRIC_REPRESENTATION_CONTEXT(2) 
PARAMETRIC_REPRESENTATION_CONTEXT() REPRESENTATION_CONTEXT('2D SPACE',''
  ) );
#2993 = PCURVE('',#2994,#2999);
#2994 = PLANE('',#2995);
#2995 = AXIS2_PLACEMENT_3D('',#2996,#2997,#2998);
#2996 = CARTESIAN_POINT('',(0.,0.,3.1369));
#2997 = DIRECTION('',(0.,0.,1.));
#2998 = DIRECTION('',(1.,-0.,-0.));
#2999 = DEFINITIONAL_REPRESENTATION('',(#3000),#3004);
#3000 = CIRCLE('',#3001,2.84606375);
#3001 = AXIS2_PLACEMENT_2D('',#3002,#3003);
#3002 = CARTESIAN_POINT('',(0.,0.));
#3003 = DIRECTION('',(1.,-0.));
#3004 = ( GEOMETRIC_REPRESENTATION_CONTEXT(2) 
PARAMETRIC_REPRESENTATION_CONTEXT() REPRESENTATION_CONTEXT('2D SPACE',''
  ) );
#3005 = ADVANCED_FACE('',(#3006,#3009),#2994,.T.);
#3006 = FACE_BOUND('',#3007,.F.);
#3007 = EDGE_LOOP('',(#3008));
#3008 = ORIENTED_EDGE('',*,*,#2979,.T.);
#3009 = FACE_BOUND('',#3010,.F.);
#3010 = EDGE_LOOP('',(#3011,#3042,#3071,#3100,#3129,#3158,#3187));
#3011 = ORIENTED_EDGE('',*,*,#3012,.F.);
#3012 = EDGE_CURVE('',#3013,#3015,#3017,.T.);
#3013 = VERTEX_POINT('',#3014);
#3014 = CARTESIAN_POINT('',(4.67995,0.,3.1369));
#3015 = VERTEX_POINT('',#3016);
#3016 = CARTESIAN_POINT('',(4.052955617646,2.339974949416,3.1369));
#3017 = SURFACE_CURVE('',#3018,(#3023,#3030),.PCURVE_S1.);
#3018 = CIRCLE('',#3019,4.67995);
#3019 = AXIS2_PLACEMENT_3D('',#3020,#3021,#3022);
#3020 = CARTESIAN_POINT('',(0.,0.,3.1369));
#3021 = DIRECTION('',(0.,0.,1.));
#3022 = DIRECTION('',(1.,0.,-0.));
#3023 = PCURVE('',#2994,#3024);
#3024 = DEFINITIONAL_REPRESENTATION('',(#3025),#3029);
#3025 = CIRCLE('',#3026,4.67995);
#3026 = AXIS2_PLACEMENT_2D('',#3027,#3028);
#3027 = CARTESIAN_POINT('',(0.,0.));
#3028 = DIRECTION('',(1.,-0.));
#3029 = ( GEOMETRIC_REPRESENTATION_CONTEXT(2) 
PARAMETRIC_REPRESENTATION_CONTEXT() REPRESENTATION_CONTEXT('2D SPACE',''
  ) );
#3030 = PCURVE('',#3031,#3036);
#3031 = CONICAL_SURFACE('',#3032,4.67995,1.178097245096);
#3032 = AXIS2_PLACEMENT_3D('',#3033,#3034,#3035);
#3033 = CARTESIAN_POINT('',(0.,0.,3.1369));
#3034 = DIRECTION('',(-0.,-0.,-1.));
#3035 = DIRECTION('',(1.,0.,0.));
#3036 = DEFINITIONAL_REPRESENTATION('',(#3037),#3041);
#3037 = LINE('',#3038,#3039);
#3038 = CARTESIAN_POINT('',(-0.,0.));
#3039 = VECTOR('',#3040,1.);
#3040 = DIRECTION('',(-1.,0.));
#3041 = ( GEOMETRIC_REPRESENTATION_CONTEXT(2) 
PARAMETRIC_REPRESENTATION_CONTEXT() REPRESENTATION_CONTEXT('2D SPACE',''
  ) );
#3042 = ORIENTED_EDGE('',*,*,#3043,.F.);
#3043 = EDGE_CURVE('',#3044,#3013,#3046,.T.);
#3044 = VERTEX_POINT('',#3045);
#3045 = CARTESIAN_POINT('',(4.052955535354,-2.33997509195,3.1369));
#3046 = SURFACE_CURVE('',#3047,(#3052,#3059),.PCURVE_S1.);
#3047 = CIRCLE('',#3048,4.67995);
#3048 = AXIS2_PLACEMENT_3D('',#3049,#3050,#3051);
#3049 = CARTESIAN_POINT('',(0.,0.,3.1369));
#3050 = DIRECTION('',(0.,0.,1.));
#3051 = DIRECTION('',(1.,0.,-0.));
#3052 = PCURVE('',#2994,#3053);
#3053 = DEFINITIONAL_REPRESENTATION('',(#3054),#3058);
#3054 = CIRCLE('',#3055,4.67995);
#3055 = AXIS2_PLACEMENT_2D('',#3056,#3057);
#3056 = CARTESIAN_POINT('',(0.,0.));
#3057 = DIRECTION('',(1.,-0.));
#3058 = ( GEOMETRIC_REPRESENTATION_CONTEXT(2) 
PARAMETRIC_REPRESENTATION_CONTEXT() REPRESENTATION_CONTEXT('2D SPACE',''
  ) );
#3059 = PCURVE('',#3060,#3065);
#3060 = CONICAL_SURFACE('',#3061,4.67995,1.178097245096);
#3061 = AXIS2_PLACEMENT_3D('',#3062,#3063,#3064);
#3062 = CARTESIAN_POINT('',(0.,0.,3.1369));
#3063 = DIRECTION('',(-0.,-0.,-1.));
#3064 = DIRECTION('',(1.,0.,0.));
#3065 = DEFINITIONAL_REPRESENTATION('',(#3066),#3070);
#3066 = LINE('',#3067,#3068);
#3067 = CARTESIAN_POINT('',(-0.,0.));
#3068 = VECTOR('',#3069,1.);
#3069 = DIRECTION('',(-1.,0.));
#3070 = ( GEOMETRIC_REPRESENTATION_CONTEXT(2) 
PARAMETRIC_REPRESENTATION_CONTEXT() REPRESENTATION_CONTEXT('2D SPACE',''
  ) );
#3071 = ORIENTED_EDGE('',*,*,#3072,.F.);
#3072 = EDGE_CURVE('',#3073,#3044,#3075,.T.);
#3073 = VERTEX_POINT('',#3074);
#3074 = CARTESIAN_POINT('',(-1.307452E-09,-4.67995,3.1369));
#3075 = SURFACE_CURVE('',#3076,(#3081,#3088),.PCURVE_S1.);
#3076 = CIRCLE('',#3077,4.67995);
#3077 = AXIS2_PLACEMENT_3D('',#3078,#3079,#3080);
#3078 = CARTESIAN_POINT('',(0.,0.,3.1369));
#3079 = DIRECTION('',(0.,0.,1.));
#3080 = DIRECTION('',(1.,0.,-0.));
#3081 = PCURVE('',#2994,#3082);
#3082 = DEFINITIONAL_REPRESENTATION('',(#3083),#3087);
#3083 = CIRCLE('',#3084,4.67995);
#3084 = AXIS2_PLACEMENT_2D('',#3085,#3086);
#3085 = CARTESIAN_POINT('',(0.,0.));
#3086 = DIRECTION('',(1.,-0.));
#3087 = ( GEOMETRIC_REPRESENTATION_CONTEXT(2) 
PARAMETRIC_REPRESENTATION_CONTEXT() REPRESENTATION_CONTEXT('2D SPACE',''
  ) );
#3088 = PCURVE('',#3089,#3094);
#3089 = CONICAL_SURFACE('',#3090,4.67995,1.178097245096);
#3090 = AXIS2_PLACEMENT_3D('',#3091,#3092,#3093);
#3091 = CARTESIAN_POINT('',(0.,0.,3.1369));
#3092 = DIRECTION('',(-0.,-0.,-1.));
#3093 = DIRECTION('',(1.,0.,0.));
#3094 = DEFINITIONAL_REPRESENTATION('',(#3095),#3099);
#3095 = LINE('',#3096,#3097);
#3096 = CARTESIAN_POINT('',(-0.,0.));
#3097 = VECTOR('',#3098,1.);
#3098 = DIRECTION('',(-1.,0.));
#3099 = ( GEOMETRIC_REPRESENTATION_CONTEXT(2) 
PARAMETRIC_REPRESENTATION_CONTEXT() REPRESENTATION_CONTEXT('2D SPACE',''
  ) );
#3100 = ORIENTED_EDGE('',*,*,#3101,.F.);
#3101 = EDGE_CURVE('',#3102,#3073,#3104,.T.);
#3102 = VERTEX_POINT('',#3103);
#3103 = CARTESIAN_POINT('',(-4.0529555833,-2.339975008904,3.1369));
#3104 = SURFACE_CURVE('',#3105,(#3110,#3117),.PCURVE_S1.);
#3105 = CIRCLE('',#3106,4.67995);
#3106 = AXIS2_PLACEMENT_3D('',#3107,#3108,#3109);
#3107 = CARTESIAN_POINT('',(0.,0.,3.1369));
#3108 = DIRECTION('',(0.,0.,1.));
#3109 = DIRECTION('',(1.,0.,-0.));
#3110 = PCURVE('',#2994,#3111);
#3111 = DEFINITIONAL_REPRESENTATION('',(#3112),#3116);
#3112 = CIRCLE('',#3113,4.67995);
#3113 = AXIS2_PLACEMENT_2D('',#3114,#3115);
#3114 = CARTESIAN_POINT('',(0.,0.));
#3115 = DIRECTION('',(1.,-0.));
#3116 = ( GEOMETRIC_REPRESENTATION_CONTEXT(2) 
PARAMETRIC_REPRESENTATION_CONTEXT() REPRESENTATION_CONTEXT('2D SPACE',''
  ) );
#3117 = PCURVE('',#3118,#3123);
#3118 = CONICAL_SURFACE('',#3119,4.67995,1.178097245096);
#3119 = AXIS2_PLACEMENT_3D('',#3120,#3121,#3122);
#3120 = CARTESIAN_POINT('',(0.,0.,3.1369));
#3121 = DIRECTION('',(-0.,-0.,-1.));
#3122 = DIRECTION('',(1.,0.,0.));
#3123 = DEFINITIONAL_REPRESENTATION('',(#3124),#3128);
#3124 = LINE('',#3125,#3126);
#3125 = CARTESIAN_POINT('',(-0.,0.));
#3126 = VECTOR('',#3127,1.);
#3127 = DIRECTION('',(-1.,0.));
#3128 = ( GEOMETRIC_REPRESENTATION_CONTEXT(2) 
PARAMETRIC_REPRESENTATION_CONTEXT() REPRESENTATION_CONTEXT('2D SPACE',''
  ) );
#3129 = ORIENTED_EDGE('',*,*,#3130,.F.);
#3130 = EDGE_CURVE('',#3131,#3102,#3133,.T.);
#3131 = VERTEX_POINT('',#3132);
#3132 = CARTESIAN_POINT('',(-4.0529555833,2.339975008905,3.1369));
#3133 = SURFACE_CURVE('',#3134,(#3139,#3146),.PCURVE_S1.);
#3134 = CIRCLE('',#3135,4.67995);
#3135 = AXIS2_PLACEMENT_3D('',#3136,#3137,#3138);
#3136 = CARTESIAN_POINT('',(0.,0.,3.1369));
#3137 = DIRECTION('',(0.,0.,1.));
#3138 = DIRECTION('',(1.,0.,-0.));
#3139 = PCURVE('',#2994,#3140);
#3140 = DEFINITIONAL_REPRESENTATION('',(#3141),#3145);
#3141 = CIRCLE('',#3142,4.67995);
#3142 = AXIS2_PLACEMENT_2D('',#3143,#3144);
#3143 = CARTESIAN_POINT('',(0.,0.));
#3144 = DIRECTION('',(1.,-0.));
#3145 = ( GEOMETRIC_REPRESENTATION_CONTEXT(2) 
PARAMETRIC_REPRESENTATION_CONTEXT() REPRESENTATION_CONTEXT('2D SPACE',''
  ) );
#3146 = PCURVE('',#3147,#3152);
#3147 = CONICAL_SURFACE('',#3148,4.67995,1.178097245096);
#3148 = AXIS2_PLACEMENT_3D('',#3149,#3150,#3151);
#3149 = CARTESIAN_POINT('',(0.,0.,3.1369));
#3150 = DIRECTION('',(-0.,-0.,-1.));
#3151 = DIRECTION('',(1.,0.,0.));
#3152 = DEFINITIONAL_REPRESENTATION('',(#3153),#3157);
#3153 = LINE('',#3154,#3155);
#3154 = CARTESIAN_POINT('',(-0.,0.));
#3155 = VECTOR('',#3156,1.);
#3156 = DIRECTION('',(-1.,0.));
#3157 = ( GEOMETRIC_REPRESENTATION_CONTEXT(2) 
PARAMETRIC_REPRESENTATION_CONTEXT() REPRESENTATION_CONTEXT('2D SPACE',''
  ) );
#3158 = ORIENTED_EDGE('',*,*,#3159,.F.);
#3159 = EDGE_CURVE('',#3160,#3131,#3162,.T.);
#3160 = VERTEX_POINT('',#3161);
#3161 = CARTESIAN_POINT('',(4.93E-13,4.67995,3.1369));
#3162 = SURFACE_CURVE('',#3163,(#3168,#3175),.PCURVE_S1.);
#3163 = CIRCLE('',#3164,4.67995);
#3164 = AXIS2_PLACEMENT_3D('',#3165,#3166,#3167);
#3165 = CARTESIAN_POINT('',(0.,0.,3.1369));
#3166 = DIRECTION('',(0.,0.,1.));
#3167 = DIRECTION('',(1.,0.,-0.));
#3168 = PCURVE('',#2994,#3169);
#3169 = DEFINITIONAL_REPRESENTATION('',(#3170),#3174);
#3170 = CIRCLE('',#3171,4.67995);
#3171 = AXIS2_PLACEMENT_2D('',#3172,#3173);
#3172 = CARTESIAN_POINT('',(0.,0.));
#3173 = DIRECTION('',(1.,-0.));
#3174 = ( GEOMETRIC_REPRESENTATION_CONTEXT(2) 
PARAMETRIC_REPRESENTATION_CONTEXT() REPRESENTATION_CONTEXT('2D SPACE',''
  ) );
#3175 = PCURVE('',#3176,#3181);
#3176 = CONICAL_SURFACE('',#3177,4.67995,1.178097245096);
#3177 = AXIS2_PLACEMENT_3D('',#3178,#3179,#3180);
#3178 = CARTESIAN_POINT('',(0.,0.,3.1369));
#3179 = DIRECTION('',(-0.,-0.,-1.));
#3180 = DIRECTION('',(1.,0.,0.));
#3181 = DEFINITIONAL_REPRESENTATION('',(#3182),#3186);
#3182 = LINE('',#3183,#3184);
#3183 = CARTESIAN_POINT('',(-0.,0.));
#3184 = VECTOR('',#3185,1.);
#3185 = DIRECTION('',(-1.,0.));
#3186 = ( GEOMETRIC_REPRESENTATION_CONTEXT(2) 
PARAMETRIC_REPRESENTATION_CONTEXT() REPRESENTATION_CONTEXT('2D SPACE',''
  ) );
#3187 = ORIENTED_EDGE('',*,*,#3188,.F.);
#3188 = EDGE_CURVE('',#3015,#3160,#3189,.T.);
#3189 = SURFACE_CURVE('',#3190,(#3195,#3202),.PCURVE_S1.);
#3190 = CIRCLE('',#3191,4.67995);
#3191 = AXIS2_PLACEMENT_3D('',#3192,#3193,#3194);
#3192 = CARTESIAN_POINT('',(0.,0.,3.1369));
#3193 = DIRECTION('',(0.,0.,1.));
#3194 = DIRECTION('',(1.,0.,-0.));
#3195 = PCURVE('',#2994,#3196);
#3196 = DEFINITIONAL_REPRESENTATION('',(#3197),#3201);
#3197 = CIRCLE('',#3198,4.67995);
#3198 = AXIS2_PLACEMENT_2D('',#3199,#3200);
#3199 = CARTESIAN_POINT('',(0.,0.));
#3200 = DIRECTION('',(1.,-0.));
#3201 = ( GEOMETRIC_REPRESENTATION_CONTEXT(2) 
PARAMETRIC_REPRESENTATION_CONTEXT() REPRESENTATION_CONTEXT('2D SPACE',''
  ) );
#3202 = PCURVE('',#3203,#3208);
#3203 = CONICAL_SURFACE('',#3204,4.67995,1.178097245096);
#3204 = AXIS2_PLACEMENT_3D('',#3205,#3206,#3207);
#3205 = CARTESIAN_POINT('',(0.,0.,3.1369));
#3206 = DIRECTION('',(-0.,-0.,-1.));
#3207 = DIRECTION('',(1.,0.,0.));
#3208 = DEFINITIONAL_REPRESENTATION('',(#3209),#3213);
#3209 = LINE('',#3210,#3211);
#3210 = CARTESIAN_POINT('',(-0.,0.));
#3211 = VECTOR('',#3212,1.);
#3212 = DIRECTION('',(-1.,0.));
#3213 = ( GEOMETRIC_REPRESENTATION_CONTEXT(2) 
PARAMETRIC_REPRESENTATION_CONTEXT() REPRESENTATION_CONTEXT('2D SPACE',''
  ) );
#3214 = ADVANCED_FACE('',(#3215),#2966,.F.);
#3215 = FACE_BOUND('',#3216,.F.);
#3216 = EDGE_LOOP('',(#3217,#3246,#3267,#3268));
#3217 = ORIENTED_EDGE('',*,*,#3218,.T.);
#3218 = EDGE_CURVE('',#3219,#3219,#3221,.T.);
#3219 = VERTEX_POINT('',#3220);
#3220 = CARTESIAN_POINT('',(1.962550279788,0.,0.236736720845));
#3221 = SURFACE_CURVE('',#3222,(#3227,#3234),.PCURVE_S1.);
#3222 = CIRCLE('',#3223,1.962550279788);
#3223 = AXIS2_PLACEMENT_3D('',#3224,#3225,#3226);
#3224 = CARTESIAN_POINT('',(0.,0.,0.236736720845));
#3225 = DIRECTION('',(0.,0.,1.));
#3226 = DIRECTION('',(1.,0.,-0.));
#3227 = PCURVE('',#2966,#3228);
#3228 = DEFINITIONAL_REPRESENTATION('',(#3229),#3233);
#3229 = LINE('',#3230,#3231);
#3230 = CARTESIAN_POINT('',(0.,0.));
#3231 = VECTOR('',#3232,1.);
#3232 = DIRECTION('',(1.,0.));
#3233 = ( GEOMETRIC_REPRESENTATION_CONTEXT(2) 
PARAMETRIC_REPRESENTATION_CONTEXT() REPRESENTATION_CONTEXT('2D SPACE',''
  ) );
#3234 = PCURVE('',#3235,#3240);
#3235 = CONICAL_SURFACE('',#3236,2.84606375,1.308996938996);
#3236 = AXIS2_PLACEMENT_3D('',#3237,#3238,#3239);
#3237 = CARTESIAN_POINT('',(0.,0.,0.));
#3238 = DIRECTION('',(-0.,-0.,-1.));
#3239 = DIRECTION('',(1.,0.,-0.));
#3240 = DEFINITIONAL_REPRESENTATION('',(#3241),#3245);
#3241 = LINE('',#3242,#3243);
#3242 = CARTESIAN_POINT('',(-0.,-0.236736720845));
#3243 = VECTOR('',#3244,1.);
#3244 = DIRECTION('',(-1.,-0.));
#3245 = ( GEOMETRIC_REPRESENTATION_CONTEXT(2) 
PARAMETRIC_REPRESENTATION_CONTEXT() REPRESENTATION_CONTEXT('2D SPACE',''
  ) );
#3246 = ORIENTED_EDGE('',*,*,#3247,.T.);
#3247 = EDGE_CURVE('',#3219,#2922,#3248,.T.);
#3248 = SEAM_CURVE('',#3249,(#3253,#3260),.PCURVE_S1.);
#3249 = LINE('',#3250,#3251);
#3250 = CARTESIAN_POINT('',(1.962550279788,0.,0.236736720845));
#3251 = VECTOR('',#3252,1.);
#3252 = DIRECTION('',(0.,0.,1.));
#3253 = PCURVE('',#2966,#3254);
#3254 = DEFINITIONAL_REPRESENTATION('',(#3255),#3259);
#3255 = LINE('',#3256,#3257);
#3256 = CARTESIAN_POINT('',(0.,0.));
#3257 = VECTOR('',#3258,1.);
#3258 = DIRECTION('',(0.,1.));
#3259 = ( GEOMETRIC_REPRESENTATION_CONTEXT(2) 
PARAMETRIC_REPRESENTATION_CONTEXT() REPRESENTATION_CONTEXT('2D SPACE',''
  ) );
#3260 = PCURVE('',#2966,#3261);
#3261 = DEFINITIONAL_REPRESENTATION('',(#3262),#3266);
#3262 = LINE('',#3263,#3264);
#3263 = CARTESIAN_POINT('',(6.28318530718,0.));
#3264 = VECTOR('',#3265,1.);
#3265 = DIRECTION('',(0.,1.));
#3266 = ( GEOMETRIC_REPRESENTATION_CONTEXT(2) 
PARAMETRIC_REPRESENTATION_CONTEXT() REPRESENTATION_CONTEXT('2D SPACE',''
  ) );
#3267 = ORIENTED_EDGE('',*,*,#2951,.F.);
#3268 = ORIENTED_EDGE('',*,*,#3247,.F.);
#3269 = ADVANCED_FACE('',(#3270),#3031,.T.);
#3270 = FACE_BOUND('',#3271,.F.);
#3271 = EDGE_LOOP('',(#3272,#3295,#3296));
#3272 = ORIENTED_EDGE('',*,*,#3273,.F.);
#3273 = EDGE_CURVE('',#3013,#3274,#3276,.T.);
#3274 = VERTEX_POINT('',#3275);
#3275 = CARTESIAN_POINT('',(5.403940784588,0.,2.837013197991));
#3276 = SURFACE_CURVE('',#3277,(#3281,#3288),.PCURVE_S1.);
#3277 = LINE('',#3278,#3279);
#3278 = CARTESIAN_POINT('',(4.67995,0.,3.1369));
#3279 = VECTOR('',#3280,1.);
#3280 = DIRECTION('',(0.923879532511,0.,-0.382683432365));
#3281 = PCURVE('',#3031,#3282);
#3282 = DEFINITIONAL_REPRESENTATION('',(#3283),#3287);
#3283 = LINE('',#3284,#3285);
#3284 = CARTESIAN_POINT('',(-0.,0.));
#3285 = VECTOR('',#3286,1.);
#3286 = DIRECTION('',(-0.,1.));
#3287 = ( GEOMETRIC_REPRESENTATION_CONTEXT(2) 
PARAMETRIC_REPRESENTATION_CONTEXT() REPRESENTATION_CONTEXT('2D SPACE',''
  ) );
#3288 = PCURVE('',#3060,#3289);
#3289 = DEFINITIONAL_REPRESENTATION('',(#3290),#3294);
#3290 = LINE('',#3291,#3292);
#3291 = CARTESIAN_POINT('',(-6.28318530718,0.));
#3292 = VECTOR('',#3293,1.);
#3293 = DIRECTION('',(-0.,1.));
#3294 = ( GEOMETRIC_REPRESENTATION_CONTEXT(2) 
PARAMETRIC_REPRESENTATION_CONTEXT() REPRESENTATION_CONTEXT('2D SPACE',''
  ) );
#3295 = ORIENTED_EDGE('',*,*,#3012,.T.);
#3296 = ORIENTED_EDGE('',*,*,#3297,.T.);
#3297 = EDGE_CURVE('',#3015,#3274,#3298,.T.);
#3298 = SURFACE_CURVE('',#3299,(#3304,#3315),.PCURVE_S1.);
#3299 = HYPERBOLA('',#3300,1.938498761228,4.67995);
#3300 = AXIS2_PLACEMENT_3D('',#3301,#3302,#3303);
#3301 = CARTESIAN_POINT('',(4.052955588441,2.339975,5.075398761228));
#3302 = DIRECTION('',(-0.866025403784,-0.5,-0.));
#3303 = DIRECTION('',(0.,0.,-1.));
#3304 = PCURVE('',#3031,#3305);
#3305 = DEFINITIONAL_REPRESENTATION('',(#3306),#3314);
#3306 = B_SPLINE_CURVE_WITH_KNOTS('',6,(#3307,#3308,#3309,#3310,#3311,
    #3312,#3313),.UNSPECIFIED.,.F.,.F.,(7,7),(8.E-17,0.549306144334),
  .PIECEWISE_BEZIER_KNOTS.);
#3307 = CARTESIAN_POINT('',(-0.523598775598,0.));
#3308 = CARTESIAN_POINT('',(-0.432047751543,1.148050297095E-17));
#3309 = CARTESIAN_POINT('',(-0.340497154616,1.949725072537E-02));
#3310 = CARTESIAN_POINT('',(-0.2503248097,5.849169246779E-02));
#3311 = CARTESIAN_POINT('',(-0.162925989184,0.11747377728));
#3312 = CARTESIAN_POINT('',(-7.92855125747E-02,0.197423556737));
#3313 = CARTESIAN_POINT('',(0.,0.299886802009));
#3314 = ( GEOMETRIC_REPRESENTATION_CONTEXT(2) 
PARAMETRIC_REPRESENTATION_CONTEXT() REPRESENTATION_CONTEXT('2D SPACE',''
  ) );
#3315 = PCURVE('',#3316,#3321);
#3316 = PLANE('',#3317);
#3317 = AXIS2_PLACEMENT_3D('',#3318,#3319,#3320);
#3318 = CARTESIAN_POINT('',(5.403940784588,0.,0.));
#3319 = DIRECTION('',(-0.866025403784,-0.5,0.));
#3320 = DIRECTION('',(-0.5,0.866025403784,0.));
#3321 = DEFINITIONAL_REPRESENTATION('',(#3322),#3326);
#3322 = HYPERBOLA('',#3323,1.938498761228,4.67995);
#3323 = AXIS2_PLACEMENT_2D('',#3324,#3325);
#3324 = CARTESIAN_POINT('',(2.701970392294,-5.075398761228));
#3325 = DIRECTION('',(0.,1.));
#3326 = ( GEOMETRIC_REPRESENTATION_CONTEXT(2) 
PARAMETRIC_REPRESENTATION_CONTEXT() REPRESENTATION_CONTEXT('2D SPACE',''
  ) );
#3327 = ADVANCED_FACE('',(#3328),#3203,.T.);
#3328 = FACE_BOUND('',#3329,.F.);
#3329 = EDGE_LOOP('',(#3330,#3358,#3359));
#3330 = ORIENTED_EDGE('',*,*,#3331,.T.);
#3331 = EDGE_CURVE('',#3332,#3015,#3334,.T.);
#3332 = VERTEX_POINT('',#3333);
#3333 = CARTESIAN_POINT('',(2.701970392294,4.67995,2.837013197991));
#3334 = SURFACE_CURVE('',#3335,(#3340,#3351),.PCURVE_S1.);
#3335 = HYPERBOLA('',#3336,1.938498761228,4.67995);
#3336 = AXIS2_PLACEMENT_3D('',#3337,#3338,#3339);
#3337 = CARTESIAN_POINT('',(4.052955588441,2.339975,5.075398761228));
#3338 = DIRECTION('',(-0.866025403784,-0.5,-0.));
#3339 = DIRECTION('',(0.,0.,-1.));
#3340 = PCURVE('',#3203,#3341);
#3341 = DEFINITIONAL_REPRESENTATION('',(#3342),#3350);
#3342 = B_SPLINE_CURVE_WITH_KNOTS('',6,(#3343,#3344,#3345,#3346,#3347,
    #3348,#3349),.UNSPECIFIED.,.F.,.F.,(7,7),(-0.549306144334,8.E-17),
  .PIECEWISE_BEZIER_KNOTS.);
#3343 = CARTESIAN_POINT('',(-1.047197551197,0.299886802009));
#3344 = CARTESIAN_POINT('',(-0.967912038622,0.197423556737));
#3345 = CARTESIAN_POINT('',(-0.884271562013,0.11747377728));
#3346 = CARTESIAN_POINT('',(-0.796872741496,5.849169246779E-02));
#3347 = CARTESIAN_POINT('',(-0.706700396581,1.949725072538E-02));
#3348 = CARTESIAN_POINT('',(-0.615149799654,-1.148050297095E-17));
#3349 = CARTESIAN_POINT('',(-0.523598775598,0.));
#3350 = ( GEOMETRIC_REPRESENTATION_CONTEXT(2) 
PARAMETRIC_REPRESENTATION_CONTEXT() REPRESENTATION_CONTEXT('2D SPACE',''
  ) );
#3351 = PCURVE('',#3316,#3352);
#3352 = DEFINITIONAL_REPRESENTATION('',(#3353),#3357);
#3353 = HYPERBOLA('',#3354,1.938498761228,4.67995);
#3354 = AXIS2_PLACEMENT_2D('',#3355,#3356);
#3355 = CARTESIAN_POINT('',(2.701970392294,-5.075398761228));
#3356 = DIRECTION('',(0.,1.));
#3357 = ( GEOMETRIC_REPRESENTATION_CONTEXT(2) 
PARAMETRIC_REPRESENTATION_CONTEXT() REPRESENTATION_CONTEXT('2D SPACE',''
  ) );
#3358 = ORIENTED_EDGE('',*,*,#3188,.T.);
#3359 = ORIENTED_EDGE('',*,*,#3360,.T.);
#3360 = EDGE_CURVE('',#3160,#3332,#3361,.T.);
#3361 = SURFACE_CURVE('',#3362,(#3367,#3378),.PCURVE_S1.);
#3362 = HYPERBOLA('',#3363,1.938498761228,4.67995);
#3363 = AXIS2_PLACEMENT_3D('',#3364,#3365,#3366);
#3364 = CARTESIAN_POINT('',(7.7E-16,4.67995,5.075398761228));
#3365 = DIRECTION('',(-1.6E-16,-1.,-0.));
#3366 = DIRECTION('',(0.,0.,-1.));
#3367 = PCURVE('',#3203,#3368);
#3368 = DEFINITIONAL_REPRESENTATION('',(#3369),#3377);
#3369 = B_SPLINE_CURVE_WITH_KNOTS('',6,(#3370,#3371,#3372,#3373,#3374,
    #3375,#3376),.UNSPECIFIED.,.F.,.F.,(7,7),(-1.E-16,0.549306144334),
  .PIECEWISE_BEZIER_KNOTS.);
#3370 = CARTESIAN_POINT('',(-1.570796326795,4.439127815435E-16));
#3371 = CARTESIAN_POINT('',(-1.479245302739,4.247786099252E-16));
#3372 = CARTESIAN_POINT('',(-1.387694705812,1.949725072537E-02));
#3373 = CARTESIAN_POINT('',(-1.297522360897,5.849169246779E-02));
#3374 = CARTESIAN_POINT('',(-1.21012354038,0.11747377728));
#3375 = CARTESIAN_POINT('',(-1.126483063771,0.197423556737));
#3376 = CARTESIAN_POINT('',(-1.047197551197,0.299886802009));
#3377 = ( GEOMETRIC_REPRESENTATION_CONTEXT(2) 
PARAMETRIC_REPRESENTATION_CONTEXT() REPRESENTATION_CONTEXT('2D SPACE',''
  ) );
#3378 = PCURVE('',#3379,#3384);
#3379 = PLANE('',#3380);
#3380 = AXIS2_PLACEMENT_3D('',#3381,#3382,#3383);
#3381 = CARTESIAN_POINT('',(2.701970392294,4.67995,0.));
#3382 = DIRECTION('',(-1.6E-16,-1.,0.));
#3383 = DIRECTION('',(-1.,1.6E-16,0.));
#3384 = DEFINITIONAL_REPRESENTATION('',(#3385),#3389);
#3385 = HYPERBOLA('',#3386,1.938498761228,4.67995);
#3386 = AXIS2_PLACEMENT_2D('',#3387,#3388);
#3387 = CARTESIAN_POINT('',(2.701970392294,-5.075398761228));
#3388 = DIRECTION('',(0.,1.));
#3389 = ( GEOMETRIC_REPRESENTATION_CONTEXT(2) 
PARAMETRIC_REPRESENTATION_CONTEXT() REPRESENTATION_CONTEXT('2D SPACE',''
  ) );
#3390 = ADVANCED_FACE('',(#3391),#3176,.T.);
#3391 = FACE_BOUND('',#3392,.F.);
#3392 = EDGE_LOOP('',(#3393,#3421,#3422));
#3393 = ORIENTED_EDGE('',*,*,#3394,.T.);
#3394 = EDGE_CURVE('',#3395,#3160,#3397,.T.);
#3395 = VERTEX_POINT('',#3396);
#3396 = CARTESIAN_POINT('',(-2.701970392294,4.67995,2.837013197991));
#3397 = SURFACE_CURVE('',#3398,(#3403,#3414),.PCURVE_S1.);
#3398 = HYPERBOLA('',#3399,1.938498761228,4.67995);
#3399 = AXIS2_PLACEMENT_3D('',#3400,#3401,#3402);
#3400 = CARTESIAN_POINT('',(7.7E-16,4.67995,5.075398761228));
#3401 = DIRECTION('',(-1.6E-16,-1.,-0.));
#3402 = DIRECTION('',(0.,0.,-1.));
#3403 = PCURVE('',#3176,#3404);
#3404 = DEFINITIONAL_REPRESENTATION('',(#3405),#3413);
#3405 = B_SPLINE_CURVE_WITH_KNOTS('',6,(#3406,#3407,#3408,#3409,#3410,
    #3411,#3412),.UNSPECIFIED.,.F.,.F.,(7,7),(-0.549306144334,-1.E-16),
  .PIECEWISE_BEZIER_KNOTS.);
#3406 = CARTESIAN_POINT('',(-2.094395102393,0.299886802009));
#3407 = CARTESIAN_POINT('',(-2.015109589818,0.197423556737));
#3408 = CARTESIAN_POINT('',(-1.93146911321,0.11747377728));
#3409 = CARTESIAN_POINT('',(-1.844070292693,5.84916924678E-02));
#3410 = CARTESIAN_POINT('',(-1.753897947778,1.949725072537E-02));
#3411 = CARTESIAN_POINT('',(-1.662347350851,4.630469531618E-16));
#3412 = CARTESIAN_POINT('',(-1.570796326795,4.439127815435E-16));
#3413 = ( GEOMETRIC_REPRESENTATION_CONTEXT(2) 
PARAMETRIC_REPRESENTATION_CONTEXT() REPRESENTATION_CONTEXT('2D SPACE',''
  ) );
#3414 = PCURVE('',#3379,#3415);
#3415 = DEFINITIONAL_REPRESENTATION('',(#3416),#3420);
#3416 = HYPERBOLA('',#3417,1.938498761228,4.67995);
#3417 = AXIS2_PLACEMENT_2D('',#3418,#3419);
#3418 = CARTESIAN_POINT('',(2.701970392294,-5.075398761228));
#3419 = DIRECTION('',(0.,1.));
#3420 = ( GEOMETRIC_REPRESENTATION_CONTEXT(2) 
PARAMETRIC_REPRESENTATION_CONTEXT() REPRESENTATION_CONTEXT('2D SPACE',''
  ) );
#3421 = ORIENTED_EDGE('',*,*,#3159,.T.);
#3422 = ORIENTED_EDGE('',*,*,#3423,.T.);
#3423 = EDGE_CURVE('',#3131,#3395,#3424,.T.);
#3424 = SURFACE_CURVE('',#3425,(#3430,#3441),.PCURVE_S1.);
#3425 = HYPERBOLA('',#3426,1.938498761228,4.67995);
#3426 = AXIS2_PLACEMENT_3D('',#3427,#3428,#3429);
#3427 = CARTESIAN_POINT('',(-4.052955588441,2.339975,5.075398761228));
#3428 = DIRECTION('',(0.866025403784,-0.5,0.));
#3429 = DIRECTION('',(0.,0.,-1.));
#3430 = PCURVE('',#3176,#3431);
#3431 = DEFINITIONAL_REPRESENTATION('',(#3432),#3440);
#3432 = B_SPLINE_CURVE_WITH_KNOTS('',6,(#3433,#3434,#3435,#3436,#3437,
    #3438,#3439),.UNSPECIFIED.,.F.,.F.,(7,7),(1.E-17,0.549306144334),
  .PIECEWISE_BEZIER_KNOTS.);
#3433 = CARTESIAN_POINT('',(-2.617993877991,7.577131960829E-16));
#3434 = CARTESIAN_POINT('',(-2.526442853936,7.615400304065E-16));
#3435 = CARTESIAN_POINT('',(-2.434892257009,1.949725072537E-02));
#3436 = CARTESIAN_POINT('',(-2.344719912093,5.849169246779E-02));
#3437 = CARTESIAN_POINT('',(-2.257321091577,0.11747377728));
#3438 = CARTESIAN_POINT('',(-2.173680614968,0.197423556737));
#3439 = CARTESIAN_POINT('',(-2.094395102393,0.299886802009));
#3440 = ( GEOMETRIC_REPRESENTATION_CONTEXT(2) 
PARAMETRIC_REPRESENTATION_CONTEXT() REPRESENTATION_CONTEXT('2D SPACE',''
  ) );
#3441 = PCURVE('',#3442,#3447);
#3442 = PLANE('',#3443);
#3443 = AXIS2_PLACEMENT_3D('',#3444,#3445,#3446);
#3444 = CARTESIAN_POINT('',(-2.701970392294,4.67995,0.));
#3445 = DIRECTION('',(0.866025403784,-0.5,0.));
#3446 = DIRECTION('',(-0.5,-0.866025403784,0.));
#3447 = DEFINITIONAL_REPRESENTATION('',(#3448),#3452);
#3448 = HYPERBOLA('',#3449,1.938498761228,4.67995);
#3449 = AXIS2_PLACEMENT_2D('',#3450,#3451);
#3450 = CARTESIAN_POINT('',(2.701970392294,-5.075398761228));
#3451 = DIRECTION('',(-0.,1.));
#3452 = ( GEOMETRIC_REPRESENTATION_CONTEXT(2) 
PARAMETRIC_REPRESENTATION_CONTEXT() REPRESENTATION_CONTEXT('2D SPACE',''
  ) );
#3453 = ADVANCED_FACE('',(#3454),#3147,.T.);
#3454 = FACE_BOUND('',#3455,.F.);
#3455 = EDGE_LOOP('',(#3456,#3484,#3485));
#3456 = ORIENTED_EDGE('',*,*,#3457,.T.);
#3457 = EDGE_CURVE('',#3458,#3131,#3460,.T.);
#3458 = VERTEX_POINT('',#3459);
#3459 = CARTESIAN_POINT('',(-5.403940784588,8.3E-14,2.837013197991));
#3460 = SURFACE_CURVE('',#3461,(#3466,#3477),.PCURVE_S1.);
#3461 = HYPERBOLA('',#3462,1.938498761228,4.67995);
#3462 = AXIS2_PLACEMENT_3D('',#3463,#3464,#3465);
#3463 = CARTESIAN_POINT('',(-4.052955588441,2.339975,5.075398761228));
#3464 = DIRECTION('',(0.866025403784,-0.5,0.));
#3465 = DIRECTION('',(0.,0.,-1.));
#3466 = PCURVE('',#3147,#3467);
#3467 = DEFINITIONAL_REPRESENTATION('',(#3468),#3476);
#3468 = B_SPLINE_CURVE_WITH_KNOTS('',6,(#3469,#3470,#3471,#3472,#3473,
    #3474,#3475),.UNSPECIFIED.,.F.,.F.,(7,7),(-0.549306144334,1.E-17),
  .PIECEWISE_BEZIER_KNOTS.);
#3469 = CARTESIAN_POINT('',(-3.14159265359,0.299886802009));
#3470 = CARTESIAN_POINT('',(-3.062307141015,0.197423556737));
#3471 = CARTESIAN_POINT('',(-2.978666664406,0.11747377728));
#3472 = CARTESIAN_POINT('',(-2.891267843889,5.84916924678E-02));
#3473 = CARTESIAN_POINT('',(-2.801095498974,1.949725072537E-02));
#3474 = CARTESIAN_POINT('',(-2.709544902047,7.538863617592E-16));
#3475 = CARTESIAN_POINT('',(-2.617993877991,7.577131960829E-16));
#3476 = ( GEOMETRIC_REPRESENTATION_CONTEXT(2) 
PARAMETRIC_REPRESENTATION_CONTEXT() REPRESENTATION_CONTEXT('2D SPACE',''
  ) );
#3477 = PCURVE('',#3442,#3478);
#3478 = DEFINITIONAL_REPRESENTATION('',(#3479),#3483);
#3479 = HYPERBOLA('',#3480,1.938498761228,4.67995);
#3480 = AXIS2_PLACEMENT_2D('',#3481,#3482);
#3481 = CARTESIAN_POINT('',(2.701970392294,-5.075398761228));
#3482 = DIRECTION('',(-0.,1.));
#3483 = ( GEOMETRIC_REPRESENTATION_CONTEXT(2) 
PARAMETRIC_REPRESENTATION_CONTEXT() REPRESENTATION_CONTEXT('2D SPACE',''
  ) );
#3484 = ORIENTED_EDGE('',*,*,#3130,.T.);
#3485 = ORIENTED_EDGE('',*,*,#3486,.T.);
#3486 = EDGE_CURVE('',#3102,#3458,#3487,.T.);
#3487 = SURFACE_CURVE('',#3488,(#3493,#3504),.PCURVE_S1.);
#3488 = HYPERBOLA('',#3489,1.938498761228,4.67995);
#3489 = AXIS2_PLACEMENT_3D('',#3490,#3491,#3492);
#3490 = CARTESIAN_POINT('',(-4.052955588441,-2.339975,5.075398761228));
#3491 = DIRECTION('',(0.866025403784,0.5,0.));
#3492 = DIRECTION('',(0.,0.,-1.));
#3493 = PCURVE('',#3147,#3494);
#3494 = DEFINITIONAL_REPRESENTATION('',(#3495),#3503);
#3495 = B_SPLINE_CURVE_WITH_KNOTS('',6,(#3496,#3497,#3498,#3499,#3500,
    #3501,#3502),.UNSPECIFIED.,.F.,.F.,(7,7),(-3.900402E-11,
    0.549306144334),.PIECEWISE_BEZIER_KNOTS.);
#3496 = CARTESIAN_POINT('',(-3.665191429227,7.577131960829E-16));
#3497 = CARTESIAN_POINT('',(-3.573640405165,-6.921289094441E-12));
#3498 = CARTESIAN_POINT('',(-3.482089808231,1.94972507143E-02));
#3499 = CARTESIAN_POINT('',(-3.391917463309,5.849169245523E-02));
#3500 = CARTESIAN_POINT('',(-3.304518642785,0.117473777269));
#3501 = CARTESIAN_POINT('',(-3.22087816617,0.197423556729));
#3502 = CARTESIAN_POINT('',(-3.14159265359,0.299886802009));
#3503 = ( GEOMETRIC_REPRESENTATION_CONTEXT(2) 
PARAMETRIC_REPRESENTATION_CONTEXT() REPRESENTATION_CONTEXT('2D SPACE',''
  ) );
#3504 = PCURVE('',#3505,#3510);
#3505 = PLANE('',#3506);
#3506 = AXIS2_PLACEMENT_3D('',#3507,#3508,#3509);
#3507 = CARTESIAN_POINT('',(-5.403940784588,2.13E-15,0.));
#3508 = DIRECTION('',(0.866025403784,0.5,0.));
#3509 = DIRECTION('',(0.5,-0.866025403784,0.));
#3510 = DEFINITIONAL_REPRESENTATION('',(#3511),#3515);
#3511 = HYPERBOLA('',#3512,1.938498761228,4.67995);
#3512 = AXIS2_PLACEMENT_2D('',#3513,#3514);
#3513 = CARTESIAN_POINT('',(2.701970392294,-5.075398761228));
#3514 = DIRECTION('',(0.,1.));
#3515 = ( GEOMETRIC_REPRESENTATION_CONTEXT(2) 
PARAMETRIC_REPRESENTATION_CONTEXT() REPRESENTATION_CONTEXT('2D SPACE',''
  ) );
#3516 = ADVANCED_FACE('',(#3517),#3118,.T.);
#3517 = FACE_BOUND('',#3518,.F.);
#3518 = EDGE_LOOP('',(#3519,#3520,#3553));
#3519 = ORIENTED_EDGE('',*,*,#3101,.T.);
#3520 = ORIENTED_EDGE('',*,*,#3521,.T.);
#3521 = EDGE_CURVE('',#3073,#3522,#3524,.T.);
#3522 = VERTEX_POINT('',#3523);
#3523 = CARTESIAN_POINT('',(-2.701970392294,-4.67995,2.837013197991));
#3524 = SURFACE_CURVE('',#3525,(#3530,#3541),.PCURVE_S1.);
#3525 = HYPERBOLA('',#3526,1.938498761228,4.67995);
#3526 = AXIS2_PLACEMENT_3D('',#3527,#3528,#3529);
#3527 = CARTESIAN_POINT('',(-2.31E-15,-4.67995,5.075398761228));
#3528 = DIRECTION('',(4.9E-16,1.,0.));
#3529 = DIRECTION('',(0.,0.,-1.));
#3530 = PCURVE('',#3118,#3531);
#3531 = DEFINITIONAL_REPRESENTATION('',(#3532),#3540);
#3532 = B_SPLINE_CURVE_WITH_KNOTS('',6,(#3533,#3534,#3535,#3536,#3537,
    #3538,#3539),.UNSPECIFIED.,.F.,.F.,(7,7),(-3.1E-16,0.549306144334),
  .PIECEWISE_BEZIER_KNOTS.);
#3533 = CARTESIAN_POINT('',(-4.712388980385,4.439127815435E-16));
#3534 = CARTESIAN_POINT('',(-4.620837956329,3.903371010124E-16));
#3535 = CARTESIAN_POINT('',(-4.529287359402,1.949725072537E-02));
#3536 = CARTESIAN_POINT('',(-4.439115014487,5.849169246779E-02));
#3537 = CARTESIAN_POINT('',(-4.35171619397,0.11747377728));
#3538 = CARTESIAN_POINT('',(-4.268075717361,0.197423556737));
#3539 = CARTESIAN_POINT('',(-4.188790204786,0.299886802009));
#3540 = ( GEOMETRIC_REPRESENTATION_CONTEXT(2) 
PARAMETRIC_REPRESENTATION_CONTEXT() REPRESENTATION_CONTEXT('2D SPACE',''
  ) );
#3541 = PCURVE('',#3542,#3547);
#3542 = PLANE('',#3543);
#3543 = AXIS2_PLACEMENT_3D('',#3544,#3545,#3546);
#3544 = CARTESIAN_POINT('',(-2.701970392294,-4.67995,0.));
#3545 = DIRECTION('',(4.9E-16,1.,0.));
#3546 = DIRECTION('',(1.,-4.9E-16,0.));
#3547 = DEFINITIONAL_REPRESENTATION('',(#3548),#3552);
#3548 = HYPERBOLA('',#3549,1.938498761228,4.67995);
#3549 = AXIS2_PLACEMENT_2D('',#3550,#3551);
#3550 = CARTESIAN_POINT('',(2.701970392294,-5.075398761228));
#3551 = DIRECTION('',(0.,1.));
#3552 = ( GEOMETRIC_REPRESENTATION_CONTEXT(2) 
PARAMETRIC_REPRESENTATION_CONTEXT() REPRESENTATION_CONTEXT('2D SPACE',''
  ) );
#3553 = ORIENTED_EDGE('',*,*,#3554,.T.);
#3554 = EDGE_CURVE('',#3522,#3102,#3555,.T.);
#3555 = SURFACE_CURVE('',#3556,(#3561,#3572),.PCURVE_S1.);
#3556 = HYPERBOLA('',#3557,1.938498761228,4.67995);
#3557 = AXIS2_PLACEMENT_3D('',#3558,#3559,#3560);
#3558 = CARTESIAN_POINT('',(-4.052955588441,-2.339975,5.075398761228));
#3559 = DIRECTION('',(0.866025403784,0.5,0.));
#3560 = DIRECTION('',(0.,0.,-1.));
#3561 = PCURVE('',#3118,#3562);
#3562 = DEFINITIONAL_REPRESENTATION('',(#3563),#3571);
#3563 = B_SPLINE_CURVE_WITH_KNOTS('',6,(#3564,#3565,#3566,#3567,#3568,
    #3569,#3570),.UNSPECIFIED.,.F.,.F.,(7,7),(-0.549306144334,
    -3.900402E-11),.PIECEWISE_BEZIER_KNOTS.);
#3564 = CARTESIAN_POINT('',(-4.188790204786,0.299886802009));
#3565 = CARTESIAN_POINT('',(-4.109504692217,0.197423556744));
#3566 = CARTESIAN_POINT('',(-4.025864215615,0.117473777291));
#3567 = CARTESIAN_POINT('',(-3.938465395105,5.849169248035E-02));
#3568 = CARTESIAN_POINT('',(-3.848293050196,1.949725073645E-02));
#3569 = CARTESIAN_POINT('',(-3.756742453276,6.922804520834E-12));
#3570 = CARTESIAN_POINT('',(-3.665191429227,7.577131960829E-16));
#3571 = ( GEOMETRIC_REPRESENTATION_CONTEXT(2) 
PARAMETRIC_REPRESENTATION_CONTEXT() REPRESENTATION_CONTEXT('2D SPACE',''
  ) );
#3572 = PCURVE('',#3505,#3573);
#3573 = DEFINITIONAL_REPRESENTATION('',(#3574),#3578);
#3574 = HYPERBOLA('',#3575,1.938498761228,4.67995);
#3575 = AXIS2_PLACEMENT_2D('',#3576,#3577);
#3576 = CARTESIAN_POINT('',(2.701970392294,-5.075398761228));
#3577 = DIRECTION('',(0.,1.));
#3578 = ( GEOMETRIC_REPRESENTATION_CONTEXT(2) 
PARAMETRIC_REPRESENTATION_CONTEXT() REPRESENTATION_CONTEXT('2D SPACE',''
  ) );
#3579 = ADVANCED_FACE('',(#3580),#3089,.T.);
#3580 = FACE_BOUND('',#3581,.F.);
#3581 = EDGE_LOOP('',(#3582,#3583,#3616));
#3582 = ORIENTED_EDGE('',*,*,#3072,.T.);
#3583 = ORIENTED_EDGE('',*,*,#3584,.T.);
#3584 = EDGE_CURVE('',#3044,#3585,#3587,.T.);
#3585 = VERTEX_POINT('',#3586);
#3586 = CARTESIAN_POINT('',(2.701970392294,-4.67995,2.837013197991));
#3587 = SURFACE_CURVE('',#3588,(#3593,#3604),.PCURVE_S1.);
#3588 = HYPERBOLA('',#3589,1.938498761228,4.67995);
#3589 = AXIS2_PLACEMENT_3D('',#3590,#3591,#3592);
#3590 = CARTESIAN_POINT('',(4.052955588441,-2.339975,5.075398761228));
#3591 = DIRECTION('',(-0.866025403784,0.5,0.));
#3592 = DIRECTION('',(0.,0.,-1.));
#3593 = PCURVE('',#3089,#3594);
#3594 = DEFINITIONAL_REPRESENTATION('',(#3595),#3603);
#3595 = B_SPLINE_CURVE_WITH_KNOTS('',6,(#3596,#3597,#3598,#3599,#3600,
    #3601,#3602),.UNSPECIFIED.,.F.,.F.,(7,7),(3.4E-16,0.549306144334),
  .PIECEWISE_BEZIER_KNOTS.);
#3596 = CARTESIAN_POINT('',(-5.759586531581,0.));
#3597 = CARTESIAN_POINT('',(-5.668035507526,4.974884620746E-17));
#3598 = CARTESIAN_POINT('',(-5.576484910599,1.949725072537E-02));
#3599 = CARTESIAN_POINT('',(-5.486312565683,5.849169246779E-02));
#3600 = CARTESIAN_POINT('',(-5.398913745167,0.11747377728));
#3601 = CARTESIAN_POINT('',(-5.315273268558,0.197423556737));
#3602 = CARTESIAN_POINT('',(-5.235987755983,0.299886802009));
#3603 = ( GEOMETRIC_REPRESENTATION_CONTEXT(2) 
PARAMETRIC_REPRESENTATION_CONTEXT() REPRESENTATION_CONTEXT('2D SPACE',''
  ) );
#3604 = PCURVE('',#3605,#3610);
#3605 = PLANE('',#3606);
#3606 = AXIS2_PLACEMENT_3D('',#3607,#3608,#3609);
#3607 = CARTESIAN_POINT('',(2.701970392294,-4.67995,0.));
#3608 = DIRECTION('',(-0.866025403784,0.5,0.));
#3609 = DIRECTION('',(0.5,0.866025403784,0.));
#3610 = DEFINITIONAL_REPRESENTATION('',(#3611),#3615);
#3611 = HYPERBOLA('',#3612,1.938498761228,4.67995);
#3612 = AXIS2_PLACEMENT_2D('',#3613,#3614);
#3613 = CARTESIAN_POINT('',(2.701970392294,-5.075398761228));
#3614 = DIRECTION('',(0.,1.));
#3615 = ( GEOMETRIC_REPRESENTATION_CONTEXT(2) 
PARAMETRIC_REPRESENTATION_CONTEXT() REPRESENTATION_CONTEXT('2D SPACE',''
  ) );
#3616 = ORIENTED_EDGE('',*,*,#3617,.T.);
#3617 = EDGE_CURVE('',#3585,#3073,#3618,.T.);
#3618 = SURFACE_CURVE('',#3619,(#3624,#3635),.PCURVE_S1.);
#3619 = HYPERBOLA('',#3620,1.938498761228,4.67995);
#3620 = AXIS2_PLACEMENT_3D('',#3621,#3622,#3623);
#3621 = CARTESIAN_POINT('',(-2.31E-15,-4.67995,5.075398761228));
#3622 = DIRECTION('',(4.9E-16,1.,0.));
#3623 = DIRECTION('',(0.,0.,-1.));
#3624 = PCURVE('',#3089,#3625);
#3625 = DEFINITIONAL_REPRESENTATION('',(#3626),#3634);
#3626 = B_SPLINE_CURVE_WITH_KNOTS('',6,(#3627,#3628,#3629,#3630,#3631,
    #3632,#3633),.UNSPECIFIED.,.F.,.F.,(7,7),(-0.549306144334,-3.1E-16),
  .PIECEWISE_BEZIER_KNOTS.);
#3627 = CARTESIAN_POINT('',(-5.235987755983,0.299886802009));
#3628 = CARTESIAN_POINT('',(-5.156702243408,0.197423556737));
#3629 = CARTESIAN_POINT('',(-5.073061766799,0.11747377728));
#3630 = CARTESIAN_POINT('',(-4.985662946283,5.849169246779E-02));
#3631 = CARTESIAN_POINT('',(-4.895490601367,1.949725072538E-02));
#3632 = CARTESIAN_POINT('',(-4.80394000444,4.974884620746E-16));
#3633 = CARTESIAN_POINT('',(-4.712388980385,4.439127815435E-16));
#3634 = ( GEOMETRIC_REPRESENTATION_CONTEXT(2) 
PARAMETRIC_REPRESENTATION_CONTEXT() REPRESENTATION_CONTEXT('2D SPACE',''
  ) );
#3635 = PCURVE('',#3542,#3636);
#3636 = DEFINITIONAL_REPRESENTATION('',(#3637),#3641);
#3637 = HYPERBOLA('',#3638,1.938498761228,4.67995);
#3638 = AXIS2_PLACEMENT_2D('',#3639,#3640);
#3639 = CARTESIAN_POINT('',(2.701970392294,-5.075398761228));
#3640 = DIRECTION('',(0.,1.));
#3641 = ( GEOMETRIC_REPRESENTATION_CONTEXT(2) 
PARAMETRIC_REPRESENTATION_CONTEXT() REPRESENTATION_CONTEXT('2D SPACE',''
  ) );
#3642 = ADVANCED_FACE('',(#3643),#3060,.T.);
#3643 = FACE_BOUND('',#3644,.F.);
#3644 = EDGE_LOOP('',(#3645,#3646,#3647));
#3645 = ORIENTED_EDGE('',*,*,#3043,.T.);
#3646 = ORIENTED_EDGE('',*,*,#3273,.T.);
#3647 = ORIENTED_EDGE('',*,*,#3648,.T.);
#3648 = EDGE_CURVE('',#3274,#3044,#3649,.T.);
#3649 = SURFACE_CURVE('',#3650,(#3655,#3666),.PCURVE_S1.);
#3650 = HYPERBOLA('',#3651,1.938498761228,4.67995);
#3651 = AXIS2_PLACEMENT_3D('',#3652,#3653,#3654);
#3652 = CARTESIAN_POINT('',(4.052955588441,-2.339975,5.075398761228));
#3653 = DIRECTION('',(-0.866025403784,0.5,0.));
#3654 = DIRECTION('',(0.,0.,-1.));
#3655 = PCURVE('',#3060,#3656);
#3656 = DEFINITIONAL_REPRESENTATION('',(#3657),#3665);
#3657 = B_SPLINE_CURVE_WITH_KNOTS('',6,(#3658,#3659,#3660,#3661,#3662,
    #3663,#3664),.UNSPECIFIED.,.F.,.F.,(7,7),(-0.549306144334,3.4E-16),
  .PIECEWISE_BEZIER_KNOTS.);
#3658 = CARTESIAN_POINT('',(-6.28318530718,0.299886802009));
#3659 = CARTESIAN_POINT('',(-6.203899794605,0.197423556737));
#3660 = CARTESIAN_POINT('',(-6.120259317996,0.11747377728));
#3661 = CARTESIAN_POINT('',(-6.032860497479,5.849169246776E-02));
#3662 = CARTESIAN_POINT('',(-5.942688152564,1.949725072539E-02));
#3663 = CARTESIAN_POINT('',(-5.851137555637,-4.974884620746E-17));
#3664 = CARTESIAN_POINT('',(-5.759586531581,0.));
#3665 = ( GEOMETRIC_REPRESENTATION_CONTEXT(2) 
PARAMETRIC_REPRESENTATION_CONTEXT() REPRESENTATION_CONTEXT('2D SPACE',''
  ) );
#3666 = PCURVE('',#3605,#3667);
#3667 = DEFINITIONAL_REPRESENTATION('',(#3668),#3672);
#3668 = HYPERBOLA('',#3669,1.938498761228,4.67995);
#3669 = AXIS2_PLACEMENT_2D('',#3670,#3671);
#3670 = CARTESIAN_POINT('',(2.701970392294,-5.075398761228));
#3671 = DIRECTION('',(0.,1.));
#3672 = ( GEOMETRIC_REPRESENTATION_CONTEXT(2) 
PARAMETRIC_REPRESENTATION_CONTEXT() REPRESENTATION_CONTEXT('2D SPACE',''
  ) );
#3673 = ADVANCED_FACE('',(#3674),#3235,.F.);
#3674 = FACE_BOUND('',#3675,.F.);
#3675 = EDGE_LOOP('',(#3676,#3699,#3726,#3727));
#3676 = ORIENTED_EDGE('',*,*,#3677,.F.);
#3677 = EDGE_CURVE('',#3678,#3219,#3680,.T.);
#3678 = VERTEX_POINT('',#3679);
#3679 = CARTESIAN_POINT('',(2.84606375,0.,0.));
#3680 = SEAM_CURVE('',#3681,(#3685,#3692),.PCURVE_S1.);
#3681 = LINE('',#3682,#3683);
#3682 = CARTESIAN_POINT('',(2.84606375,0.,0.));
#3683 = VECTOR('',#3684,1.);
#3684 = DIRECTION('',(-0.965925826289,0.,0.258819045103));
#3685 = PCURVE('',#3235,#3686);
#3686 = DEFINITIONAL_REPRESENTATION('',(#3687),#3691);
#3687 = LINE('',#3688,#3689);
#3688 = CARTESIAN_POINT('',(-0.,-0.));
#3689 = VECTOR('',#3690,1.);
#3690 = DIRECTION('',(-0.,-1.));
#3691 = ( GEOMETRIC_REPRESENTATION_CONTEXT(2) 
PARAMETRIC_REPRESENTATION_CONTEXT() REPRESENTATION_CONTEXT('2D SPACE',''
  ) );
#3692 = PCURVE('',#3235,#3693);
#3693 = DEFINITIONAL_REPRESENTATION('',(#3694),#3698);
#3694 = LINE('',#3695,#3696);
#3695 = CARTESIAN_POINT('',(-6.28318530718,-0.));
#3696 = VECTOR('',#3697,1.);
#3697 = DIRECTION('',(-0.,-1.));
#3698 = ( GEOMETRIC_REPRESENTATION_CONTEXT(2) 
PARAMETRIC_REPRESENTATION_CONTEXT() REPRESENTATION_CONTEXT('2D SPACE',''
  ) );
#3699 = ORIENTED_EDGE('',*,*,#3700,.T.);
#3700 = EDGE_CURVE('',#3678,#3678,#3701,.T.);
#3701 = SURFACE_CURVE('',#3702,(#3707,#3714),.PCURVE_S1.);
#3702 = CIRCLE('',#3703,2.84606375);
#3703 = AXIS2_PLACEMENT_3D('',#3704,#3705,#3706);
#3704 = CARTESIAN_POINT('',(0.,0.,0.));
#3705 = DIRECTION('',(0.,0.,1.));
#3706 = DIRECTION('',(1.,0.,-0.));
#3707 = PCURVE('',#3235,#3708);
#3708 = DEFINITIONAL_REPRESENTATION('',(#3709),#3713);
#3709 = LINE('',#3710,#3711);
#3710 = CARTESIAN_POINT('',(-0.,-0.));
#3711 = VECTOR('',#3712,1.);
#3712 = DIRECTION('',(-1.,-0.));
#3713 = ( GEOMETRIC_REPRESENTATION_CONTEXT(2) 
PARAMETRIC_REPRESENTATION_CONTEXT() REPRESENTATION_CONTEXT('2D SPACE',''
  ) );
#3714 = PCURVE('',#3715,#3720);
#3715 = PLANE('',#3716);
#3716 = AXIS2_PLACEMENT_3D('',#3717,#3718,#3719);
#3717 = CARTESIAN_POINT('',(0.,0.,0.));
#3718 = DIRECTION('',(0.,0.,1.));
#3719 = DIRECTION('',(1.,0.,-0.));
#3720 = DEFINITIONAL_REPRESENTATION('',(#3721),#3725);
#3721 = CIRCLE('',#3722,2.84606375);
#3722 = AXIS2_PLACEMENT_2D('',#3723,#3724);
#3723 = CARTESIAN_POINT('',(0.,0.));
#3724 = DIRECTION('',(1.,0.));
#3725 = ( GEOMETRIC_REPRESENTATION_CONTEXT(2) 
PARAMETRIC_REPRESENTATION_CONTEXT() REPRESENTATION_CONTEXT('2D SPACE',''
  ) );
#3726 = ORIENTED_EDGE('',*,*,#3677,.T.);
#3727 = ORIENTED_EDGE('',*,*,#3218,.F.);
#3728 = ADVANCED_FACE('',(#3729),#3316,.F.);
#3729 = FACE_BOUND('',#3730,.F.);
#3730 = EDGE_LOOP('',(#3731,#3766,#3787,#3788,#3789,#3812));
#3731 = ORIENTED_EDGE('',*,*,#3732,.F.);
#3732 = EDGE_CURVE('',#3733,#3735,#3737,.T.);
#3733 = VERTEX_POINT('',#3734);
#3734 = CARTESIAN_POINT('',(5.403940784588,0.,0.299886802009));
#3735 = VERTEX_POINT('',#3736);
#3736 = CARTESIAN_POINT('',(4.052955617646,2.339974949416,0.));
#3737 = SURFACE_CURVE('',#3738,(#3743,#3750),.PCURVE_S1.);
#3738 = HYPERBOLA('',#3739,1.938498761228,4.67995);
#3739 = AXIS2_PLACEMENT_3D('',#3740,#3741,#3742);
#3740 = CARTESIAN_POINT('',(4.052955588441,2.339975,-1.938498761228));
#3741 = DIRECTION('',(-0.866025403784,-0.5,0.));
#3742 = DIRECTION('',(0.,0.,1.));
#3743 = PCURVE('',#3316,#3744);
#3744 = DEFINITIONAL_REPRESENTATION('',(#3745),#3749);
#3745 = HYPERBOLA('',#3746,1.938498761228,4.67995);
#3746 = AXIS2_PLACEMENT_2D('',#3747,#3748);
#3747 = CARTESIAN_POINT('',(2.701970392294,1.938498761228));
#3748 = DIRECTION('',(0.,-1.));
#3749 = ( GEOMETRIC_REPRESENTATION_CONTEXT(2) 
PARAMETRIC_REPRESENTATION_CONTEXT() REPRESENTATION_CONTEXT('2D SPACE',''
  ) );
#3750 = PCURVE('',#3751,#3756);
#3751 = CONICAL_SURFACE('',#3752,5.403940784588,1.178097245096);
#3752 = AXIS2_PLACEMENT_3D('',#3753,#3754,#3755);
#3753 = CARTESIAN_POINT('',(0.,0.,0.299886802009));
#3754 = DIRECTION('',(0.,0.,1.));
#3755 = DIRECTION('',(1.,0.,0.));
#3756 = DEFINITIONAL_REPRESENTATION('',(#3757),#3765);
#3757 = B_SPLINE_CURVE_WITH_KNOTS('',6,(#3758,#3759,#3760,#3761,#3762,
    #3763,#3764),.UNSPECIFIED.,.F.,.F.,(7,7),(-0.549306144334,-5.1E-16),
  .PIECEWISE_BEZIER_KNOTS.);
#3758 = CARTESIAN_POINT('',(0.,7.653668647302E-18));
#3759 = CARTESIAN_POINT('',(7.92855125747E-02,-0.102463245273));
#3760 = CARTESIAN_POINT('',(0.162925989184,-0.182413024729));
#3761 = CARTESIAN_POINT('',(0.2503248097,-0.241395109542));
#3762 = CARTESIAN_POINT('',(0.340497154616,-0.280389551284));
#3763 = CARTESIAN_POINT('',(0.432047751543,-0.299886802009));
#3764 = CARTESIAN_POINT('',(0.523598775598,-0.299886802009));
#3765 = ( GEOMETRIC_REPRESENTATION_CONTEXT(2) 
PARAMETRIC_REPRESENTATION_CONTEXT() REPRESENTATION_CONTEXT('2D SPACE',''
  ) );
#3766 = ORIENTED_EDGE('',*,*,#3767,.F.);
#3767 = EDGE_CURVE('',#3274,#3733,#3768,.T.);
#3768 = SURFACE_CURVE('',#3769,(#3773,#3780),.PCURVE_S1.);
#3769 = LINE('',#3770,#3771);
#3770 = CARTESIAN_POINT('',(5.403940784588,0.,2.837013197991));
#3771 = VECTOR('',#3772,1.);
#3772 = DIRECTION('',(0.,0.,-1.));
#3773 = PCURVE('',#3316,#3774);
#3774 = DEFINITIONAL_REPRESENTATION('',(#3775),#3779);
#3775 = LINE('',#3776,#3777);
#3776 = CARTESIAN_POINT('',(0.,-2.837013197991));
#3777 = VECTOR('',#3778,1.);
#3778 = DIRECTION('',(0.,1.));
#3779 = ( GEOMETRIC_REPRESENTATION_CONTEXT(2) 
PARAMETRIC_REPRESENTATION_CONTEXT() REPRESENTATION_CONTEXT('2D SPACE',''
  ) );
#3780 = PCURVE('',#3605,#3781);
#3781 = DEFINITIONAL_REPRESENTATION('',(#3782),#3786);
#3782 = LINE('',#3783,#3784);
#3783 = CARTESIAN_POINT('',(5.403940784588,-2.837013197991));
#3784 = VECTOR('',#3785,1.);
#3785 = DIRECTION('',(0.,1.));
#3786 = ( GEOMETRIC_REPRESENTATION_CONTEXT(2) 
PARAMETRIC_REPRESENTATION_CONTEXT() REPRESENTATION_CONTEXT('2D SPACE',''
  ) );
#3787 = ORIENTED_EDGE('',*,*,#3297,.F.);
#3788 = ORIENTED_EDGE('',*,*,#3331,.F.);
#3789 = ORIENTED_EDGE('',*,*,#3790,.F.);
#3790 = EDGE_CURVE('',#3791,#3332,#3793,.T.);
#3791 = VERTEX_POINT('',#3792);
#3792 = CARTESIAN_POINT('',(2.701970392294,4.67995,0.299886802009));
#3793 = SURFACE_CURVE('',#3794,(#3798,#3805),.PCURVE_S1.);
#3794 = LINE('',#3795,#3796);
#3795 = CARTESIAN_POINT('',(2.701970392294,4.67995,0.));
#3796 = VECTOR('',#3797,1.);
#3797 = DIRECTION('',(0.,0.,1.));
#3798 = PCURVE('',#3316,#3799);
#3799 = DEFINITIONAL_REPRESENTATION('',(#3800),#3804);
#3800 = LINE('',#3801,#3802);
#3801 = CARTESIAN_POINT('',(5.403940784588,0.));
#3802 = VECTOR('',#3803,1.);
#3803 = DIRECTION('',(0.,-1.));
#3804 = ( GEOMETRIC_REPRESENTATION_CONTEXT(2) 
PARAMETRIC_REPRESENTATION_CONTEXT() REPRESENTATION_CONTEXT('2D SPACE',''
  ) );
#3805 = PCURVE('',#3379,#3806);
#3806 = DEFINITIONAL_REPRESENTATION('',(#3807),#3811);
#3807 = LINE('',#3808,#3809);
#3808 = CARTESIAN_POINT('',(0.,0.));
#3809 = VECTOR('',#3810,1.);
#3810 = DIRECTION('',(0.,-1.));
#3811 = ( GEOMETRIC_REPRESENTATION_CONTEXT(2) 
PARAMETRIC_REPRESENTATION_CONTEXT() REPRESENTATION_CONTEXT('2D SPACE',''
  ) );
#3812 = ORIENTED_EDGE('',*,*,#3813,.F.);
#3813 = EDGE_CURVE('',#3735,#3791,#3814,.T.);
#3814 = SURFACE_CURVE('',#3815,(#3820,#3827),.PCURVE_S1.);
#3815 = HYPERBOLA('',#3816,1.938498761228,4.67995);
#3816 = AXIS2_PLACEMENT_3D('',#3817,#3818,#3819);
#3817 = CARTESIAN_POINT('',(4.052955588441,2.339975,-1.938498761228));
#3818 = DIRECTION('',(-0.866025403784,-0.5,0.));
#3819 = DIRECTION('',(0.,0.,1.));
#3820 = PCURVE('',#3316,#3821);
#3821 = DEFINITIONAL_REPRESENTATION('',(#3822),#3826);
#3822 = HYPERBOLA('',#3823,1.938498761228,4.67995);
#3823 = AXIS2_PLACEMENT_2D('',#3824,#3825);
#3824 = CARTESIAN_POINT('',(2.701970392294,1.938498761228));
#3825 = DIRECTION('',(0.,-1.));
#3826 = ( GEOMETRIC_REPRESENTATION_CONTEXT(2) 
PARAMETRIC_REPRESENTATION_CONTEXT() REPRESENTATION_CONTEXT('2D SPACE',''
  ) );
#3827 = PCURVE('',#3828,#3833);
#3828 = CONICAL_SURFACE('',#3829,5.403940784588,1.178097245096);
#3829 = AXIS2_PLACEMENT_3D('',#3830,#3831,#3832);
#3830 = CARTESIAN_POINT('',(0.,0.,0.299886802009));
#3831 = DIRECTION('',(0.,0.,1.));
#3832 = DIRECTION('',(1.,0.,0.));
#3833 = DEFINITIONAL_REPRESENTATION('',(#3834),#3842);
#3834 = B_SPLINE_CURVE_WITH_KNOTS('',6,(#3835,#3836,#3837,#3838,#3839,
    #3840,#3841),.UNSPECIFIED.,.F.,.F.,(7,7),(-5.1E-16,0.549306144334),
  .PIECEWISE_BEZIER_KNOTS.);
#3835 = CARTESIAN_POINT('',(0.523598775598,-0.299886802009));
#3836 = CARTESIAN_POINT('',(0.615149799654,-0.299886802009));
#3837 = CARTESIAN_POINT('',(0.706700396581,-0.280389551284));
#3838 = CARTESIAN_POINT('',(0.796872741496,-0.241395109542));
#3839 = CARTESIAN_POINT('',(0.884271562013,-0.182413024729));
#3840 = CARTESIAN_POINT('',(0.967912038622,-0.102463245273));
#3841 = CARTESIAN_POINT('',(1.047197551197,7.653668647302E-18));
#3842 = ( GEOMETRIC_REPRESENTATION_CONTEXT(2) 
PARAMETRIC_REPRESENTATION_CONTEXT() REPRESENTATION_CONTEXT('2D SPACE',''
  ) );
#3843 = ADVANCED_FACE('',(#3844),#3379,.F.);
#3844 = FACE_BOUND('',#3845,.F.);
#3845 = EDGE_LOOP('',(#3846,#3874,#3875,#3876,#3877,#3900));
#3846 = ORIENTED_EDGE('',*,*,#3847,.F.);
#3847 = EDGE_CURVE('',#3791,#3848,#3850,.T.);
#3848 = VERTEX_POINT('',#3849);
#3849 = CARTESIAN_POINT('',(4.93E-13,4.67995,0.));
#3850 = SURFACE_CURVE('',#3851,(#3856,#3863),.PCURVE_S1.);
#3851 = HYPERBOLA('',#3852,1.938498761228,4.67995);
#3852 = AXIS2_PLACEMENT_3D('',#3853,#3854,#3855);
#3853 = CARTESIAN_POINT('',(7.7E-16,4.67995,-1.938498761228));
#3854 = DIRECTION('',(-1.6E-16,-1.,0.));
#3855 = DIRECTION('',(0.,0.,1.));
#3856 = PCURVE('',#3379,#3857);
#3857 = DEFINITIONAL_REPRESENTATION('',(#3858),#3862);
#3858 = HYPERBOLA('',#3859,1.938498761228,4.67995);
#3859 = AXIS2_PLACEMENT_2D('',#3860,#3861);
#3860 = CARTESIAN_POINT('',(2.701970392294,1.938498761228));
#3861 = DIRECTION('',(0.,-1.));
#3862 = ( GEOMETRIC_REPRESENTATION_CONTEXT(2) 
PARAMETRIC_REPRESENTATION_CONTEXT() REPRESENTATION_CONTEXT('2D SPACE',''
  ) );
#3863 = PCURVE('',#3828,#3864);
#3864 = DEFINITIONAL_REPRESENTATION('',(#3865),#3873);
#3865 = B_SPLINE_CURVE_WITH_KNOTS('',6,(#3866,#3867,#3868,#3869,#3870,
    #3871,#3872),.UNSPECIFIED.,.F.,.F.,(7,7),(-0.549306144334,1.E-16),
  .PIECEWISE_BEZIER_KNOTS.);
#3866 = CARTESIAN_POINT('',(1.047197551197,3.865102666887E-16));
#3867 = CARTESIAN_POINT('',(1.126483063771,-0.102463245273));
#3868 = CARTESIAN_POINT('',(1.21012354038,-0.182413024729));
#3869 = CARTESIAN_POINT('',(1.297522360897,-0.241395109542));
#3870 = CARTESIAN_POINT('',(1.387694705812,-0.280389551284));
#3871 = CARTESIAN_POINT('',(1.479245302739,-0.299886802009));
#3872 = CARTESIAN_POINT('',(1.570796326795,-0.299886802009));
#3873 = ( GEOMETRIC_REPRESENTATION_CONTEXT(2) 
PARAMETRIC_REPRESENTATION_CONTEXT() REPRESENTATION_CONTEXT('2D SPACE',''
  ) );
#3874 = ORIENTED_EDGE('',*,*,#3790,.T.);
#3875 = ORIENTED_EDGE('',*,*,#3360,.F.);
#3876 = ORIENTED_EDGE('',*,*,#3394,.F.);
#3877 = ORIENTED_EDGE('',*,*,#3878,.F.);
#3878 = EDGE_CURVE('',#3879,#3395,#3881,.T.);
#3879 = VERTEX_POINT('',#3880);
#3880 = CARTESIAN_POINT('',(-2.701970392294,4.67995,0.299886802009));
#3881 = SURFACE_CURVE('',#3882,(#3886,#3893),.PCURVE_S1.);
#3882 = LINE('',#3883,#3884);
#3883 = CARTESIAN_POINT('',(-2.701970392294,4.67995,0.));
#3884 = VECTOR('',#3885,1.);
#3885 = DIRECTION('',(0.,0.,1.));
#3886 = PCURVE('',#3379,#3887);
#3887 = DEFINITIONAL_REPRESENTATION('',(#3888),#3892);
#3888 = LINE('',#3889,#3890);
#3889 = CARTESIAN_POINT('',(5.403940784588,0.));
#3890 = VECTOR('',#3891,1.);
#3891 = DIRECTION('',(0.,-1.));
#3892 = ( GEOMETRIC_REPRESENTATION_CONTEXT(2) 
PARAMETRIC_REPRESENTATION_CONTEXT() REPRESENTATION_CONTEXT('2D SPACE',''
  ) );
#3893 = PCURVE('',#3442,#3894);
#3894 = DEFINITIONAL_REPRESENTATION('',(#3895),#3899);
#3895 = LINE('',#3896,#3897);
#3896 = CARTESIAN_POINT('',(0.,0.));
#3897 = VECTOR('',#3898,1.);
#3898 = DIRECTION('',(0.,-1.));
#3899 = ( GEOMETRIC_REPRESENTATION_CONTEXT(2) 
PARAMETRIC_REPRESENTATION_CONTEXT() REPRESENTATION_CONTEXT('2D SPACE',''
  ) );
#3900 = ORIENTED_EDGE('',*,*,#3901,.F.);
#3901 = EDGE_CURVE('',#3848,#3879,#3902,.T.);
#3902 = SURFACE_CURVE('',#3903,(#3908,#3915),.PCURVE_S1.);
#3903 = HYPERBOLA('',#3904,1.938498761228,4.67995);
#3904 = AXIS2_PLACEMENT_3D('',#3905,#3906,#3907);
#3905 = CARTESIAN_POINT('',(7.7E-16,4.67995,-1.938498761228));
#3906 = DIRECTION('',(-1.6E-16,-1.,0.));
#3907 = DIRECTION('',(0.,0.,1.));
#3908 = PCURVE('',#3379,#3909);
#3909 = DEFINITIONAL_REPRESENTATION('',(#3910),#3914);
#3910 = HYPERBOLA('',#3911,1.938498761228,4.67995);
#3911 = AXIS2_PLACEMENT_2D('',#3912,#3913);
#3912 = CARTESIAN_POINT('',(2.701970392294,1.938498761228));
#3913 = DIRECTION('',(0.,-1.));
#3914 = ( GEOMETRIC_REPRESENTATION_CONTEXT(2) 
PARAMETRIC_REPRESENTATION_CONTEXT() REPRESENTATION_CONTEXT('2D SPACE',''
  ) );
#3915 = PCURVE('',#3916,#3921);
#3916 = CONICAL_SURFACE('',#3917,5.403940784588,1.178097245096);
#3917 = AXIS2_PLACEMENT_3D('',#3918,#3919,#3920);
#3918 = CARTESIAN_POINT('',(0.,0.,0.299886802009));
#3919 = DIRECTION('',(0.,0.,1.));
#3920 = DIRECTION('',(1.,0.,0.));
#3921 = DEFINITIONAL_REPRESENTATION('',(#3922),#3930);
#3922 = B_SPLINE_CURVE_WITH_KNOTS('',6,(#3923,#3924,#3925,#3926,#3927,
    #3928,#3929),.UNSPECIFIED.,.F.,.F.,(7,7),(1.E-16,0.549306144334),
  .PIECEWISE_BEZIER_KNOTS.);
#3923 = CARTESIAN_POINT('',(1.570796326795,-0.299886802009));
#3924 = CARTESIAN_POINT('',(1.662347350851,-0.299886802009));
#3925 = CARTESIAN_POINT('',(1.753897947778,-0.280389551284));
#3926 = CARTESIAN_POINT('',(1.844070292693,-0.241395109542));
#3927 = CARTESIAN_POINT('',(1.93146911321,-0.182413024729));
#3928 = CARTESIAN_POINT('',(2.015109589818,-0.102463245273));
#3929 = CARTESIAN_POINT('',(2.094395102393,7.270985214937E-17));
#3930 = ( GEOMETRIC_REPRESENTATION_CONTEXT(2) 
PARAMETRIC_REPRESENTATION_CONTEXT() REPRESENTATION_CONTEXT('2D SPACE',''
  ) );
#3931 = ADVANCED_FACE('',(#3932),#3442,.F.);
#3932 = FACE_BOUND('',#3933,.F.);
#3933 = EDGE_LOOP('',(#3934,#3962,#3963,#3964,#3965,#3988));
#3934 = ORIENTED_EDGE('',*,*,#3935,.F.);
#3935 = EDGE_CURVE('',#3879,#3936,#3938,.T.);
#3936 = VERTEX_POINT('',#3937);
#3937 = CARTESIAN_POINT('',(-4.0529555833,2.339975008905,0.));
#3938 = SURFACE_CURVE('',#3939,(#3944,#3951),.PCURVE_S1.);
#3939 = HYPERBOLA('',#3940,1.938498761228,4.67995);
#3940 = AXIS2_PLACEMENT_3D('',#3941,#3942,#3943);
#3941 = CARTESIAN_POINT('',(-4.052955588441,2.339975,-1.938498761228));
#3942 = DIRECTION('',(0.866025403784,-0.5,0.));
#3943 = DIRECTION('',(0.,0.,1.));
#3944 = PCURVE('',#3442,#3945);
#3945 = DEFINITIONAL_REPRESENTATION('',(#3946),#3950);
#3946 = HYPERBOLA('',#3947,1.938498761228,4.67995);
#3947 = AXIS2_PLACEMENT_2D('',#3948,#3949);
#3948 = CARTESIAN_POINT('',(2.701970392294,1.938498761228));
#3949 = DIRECTION('',(0.,-1.));
#3950 = ( GEOMETRIC_REPRESENTATION_CONTEXT(2) 
PARAMETRIC_REPRESENTATION_CONTEXT() REPRESENTATION_CONTEXT('2D SPACE',''
  ) );
#3951 = PCURVE('',#3916,#3952);
#3952 = DEFINITIONAL_REPRESENTATION('',(#3953),#3961);
#3953 = B_SPLINE_CURVE_WITH_KNOTS('',6,(#3954,#3955,#3956,#3957,#3958,
    #3959,#3960),.UNSPECIFIED.,.F.,.F.,(7,7),(-0.549306144334,-1.E-17),
  .PIECEWISE_BEZIER_KNOTS.);
#3954 = CARTESIAN_POINT('',(2.094395102393,3.865102666887E-16));
#3955 = CARTESIAN_POINT('',(2.173680614968,-0.102463245273));
#3956 = CARTESIAN_POINT('',(2.257321091577,-0.182413024729));
#3957 = CARTESIAN_POINT('',(2.344719912093,-0.241395109542));
#3958 = CARTESIAN_POINT('',(2.434892257009,-0.280389551284));
#3959 = CARTESIAN_POINT('',(2.526442853936,-0.299886802009));
#3960 = CARTESIAN_POINT('',(2.617993877991,-0.299886802009));
#3961 = ( GEOMETRIC_REPRESENTATION_CONTEXT(2) 
PARAMETRIC_REPRESENTATION_CONTEXT() REPRESENTATION_CONTEXT('2D SPACE',''
  ) );
#3962 = ORIENTED_EDGE('',*,*,#3878,.T.);
#3963 = ORIENTED_EDGE('',*,*,#3423,.F.);
#3964 = ORIENTED_EDGE('',*,*,#3457,.F.);
#3965 = ORIENTED_EDGE('',*,*,#3966,.F.);
#3966 = EDGE_CURVE('',#3967,#3458,#3969,.T.);
#3967 = VERTEX_POINT('',#3968);
#3968 = CARTESIAN_POINT('',(-5.403940784588,8.3E-14,0.299886802009));
#3969 = SURFACE_CURVE('',#3970,(#3974,#3981),.PCURVE_S1.);
#3970 = LINE('',#3971,#3972);
#3971 = CARTESIAN_POINT('',(-5.403940784588,2.13E-15,0.));
#3972 = VECTOR('',#3973,1.);
#3973 = DIRECTION('',(0.,0.,1.));
#3974 = PCURVE('',#3442,#3975);
#3975 = DEFINITIONAL_REPRESENTATION('',(#3976),#3980);
#3976 = LINE('',#3977,#3978);
#3977 = CARTESIAN_POINT('',(5.403940784588,0.));
#3978 = VECTOR('',#3979,1.);
#3979 = DIRECTION('',(0.,-1.));
#3980 = ( GEOMETRIC_REPRESENTATION_CONTEXT(2) 
PARAMETRIC_REPRESENTATION_CONTEXT() REPRESENTATION_CONTEXT('2D SPACE',''
  ) );
#3981 = PCURVE('',#3505,#3982);
#3982 = DEFINITIONAL_REPRESENTATION('',(#3983),#3987);
#3983 = LINE('',#3984,#3985);
#3984 = CARTESIAN_POINT('',(0.,0.));
#3985 = VECTOR('',#3986,1.);
#3986 = DIRECTION('',(0.,-1.));
#3987 = ( GEOMETRIC_REPRESENTATION_CONTEXT(2) 
PARAMETRIC_REPRESENTATION_CONTEXT() REPRESENTATION_CONTEXT('2D SPACE',''
  ) );
#3988 = ORIENTED_EDGE('',*,*,#3989,.F.);
#3989 = EDGE_CURVE('',#3936,#3967,#3990,.T.);
#3990 = SURFACE_CURVE('',#3991,(#3996,#4003),.PCURVE_S1.);
#3991 = HYPERBOLA('',#3992,1.938498761228,4.67995);
#3992 = AXIS2_PLACEMENT_3D('',#3993,#3994,#3995);
#3993 = CARTESIAN_POINT('',(-4.052955588441,2.339975,-1.938498761228));
#3994 = DIRECTION('',(0.866025403784,-0.5,0.));
#3995 = DIRECTION('',(0.,0.,1.));
#3996 = PCURVE('',#3442,#3997);
#3997 = DEFINITIONAL_REPRESENTATION('',(#3998),#4002);
#3998 = HYPERBOLA('',#3999,1.938498761228,4.67995);
#3999 = AXIS2_PLACEMENT_2D('',#4000,#4001);
#4000 = CARTESIAN_POINT('',(2.701970392294,1.938498761228));
#4001 = DIRECTION('',(0.,-1.));
#4002 = ( GEOMETRIC_REPRESENTATION_CONTEXT(2) 
PARAMETRIC_REPRESENTATION_CONTEXT() REPRESENTATION_CONTEXT('2D SPACE',''
  ) );
#4003 = PCURVE('',#4004,#4009);
#4004 = CONICAL_SURFACE('',#4005,5.403940784588,1.178097245096);
#4005 = AXIS2_PLACEMENT_3D('',#4006,#4007,#4008);
#4006 = CARTESIAN_POINT('',(0.,0.,0.299886802009));
#4007 = DIRECTION('',(0.,0.,1.));
#4008 = DIRECTION('',(1.,0.,0.));
#4009 = DEFINITIONAL_REPRESENTATION('',(#4010),#4018);
#4010 = B_SPLINE_CURVE_WITH_KNOTS('',6,(#4011,#4012,#4013,#4014,#4015,
    #4016,#4017),.UNSPECIFIED.,.F.,.F.,(7,7),(-1.E-17,0.549306144334),
  .PIECEWISE_BEZIER_KNOTS.);
#4011 = CARTESIAN_POINT('',(2.617993877991,-0.299886802009));
#4012 = CARTESIAN_POINT('',(2.709544902047,-0.299886802009));
#4013 = CARTESIAN_POINT('',(2.801095498974,-0.280389551284));
#4014 = CARTESIAN_POINT('',(2.891267843889,-0.241395109542));
#4015 = CARTESIAN_POINT('',(2.978666664406,-0.182413024729));
#4016 = CARTESIAN_POINT('',(3.062307141015,-0.102463245273));
#4017 = CARTESIAN_POINT('',(3.14159265359,7.653668647302E-18));
#4018 = ( GEOMETRIC_REPRESENTATION_CONTEXT(2) 
PARAMETRIC_REPRESENTATION_CONTEXT() REPRESENTATION_CONTEXT('2D SPACE',''
  ) );
#4019 = ADVANCED_FACE('',(#4020),#3505,.F.);
#4020 = FACE_BOUND('',#4021,.F.);
#4021 = EDGE_LOOP('',(#4022,#4050,#4051,#4052,#4053,#4076));
#4022 = ORIENTED_EDGE('',*,*,#4023,.F.);
#4023 = EDGE_CURVE('',#3967,#4024,#4026,.T.);
#4024 = VERTEX_POINT('',#4025);
#4025 = CARTESIAN_POINT('',(-4.0529555833,-2.339975008904,0.));
#4026 = SURFACE_CURVE('',#4027,(#4032,#4039),.PCURVE_S1.);
#4027 = HYPERBOLA('',#4028,1.938498761228,4.67995);
#4028 = AXIS2_PLACEMENT_3D('',#4029,#4030,#4031);
#4029 = CARTESIAN_POINT('',(-4.052955588441,-2.339975,-1.938498761228));
#4030 = DIRECTION('',(0.866025403784,0.5,-0.));
#4031 = DIRECTION('',(0.,0.,1.));
#4032 = PCURVE('',#3505,#4033);
#4033 = DEFINITIONAL_REPRESENTATION('',(#4034),#4038);
#4034 = HYPERBOLA('',#4035,1.938498761228,4.67995);
#4035 = AXIS2_PLACEMENT_2D('',#4036,#4037);
#4036 = CARTESIAN_POINT('',(2.701970392294,1.938498761228));
#4037 = DIRECTION('',(0.,-1.));
#4038 = ( GEOMETRIC_REPRESENTATION_CONTEXT(2) 
PARAMETRIC_REPRESENTATION_CONTEXT() REPRESENTATION_CONTEXT('2D SPACE',''
  ) );
#4039 = PCURVE('',#4004,#4040);
#4040 = DEFINITIONAL_REPRESENTATION('',(#4041),#4049);
#4041 = B_SPLINE_CURVE_WITH_KNOTS('',6,(#4042,#4043,#4044,#4045,#4046,
    #4047,#4048),.UNSPECIFIED.,.F.,.F.,(7,7),(-0.549306144334,
    5.733023E-11),.PIECEWISE_BEZIER_KNOTS.);
#4042 = CARTESIAN_POINT('',(3.14159265359,7.653668647302E-18));
#4043 = CARTESIAN_POINT('',(3.220878166173,-0.102463245284));
#4044 = CARTESIAN_POINT('',(3.304518642791,-0.182413024746));
#4045 = CARTESIAN_POINT('',(3.391917463317,-0.24139510956));
#4046 = CARTESIAN_POINT('',(3.482089808243,-0.2803895513));
#4047 = CARTESIAN_POINT('',(3.57364040518,-0.29988680202));
#4048 = CARTESIAN_POINT('',(3.665191429245,-0.299886802009));
#4049 = ( GEOMETRIC_REPRESENTATION_CONTEXT(2) 
PARAMETRIC_REPRESENTATION_CONTEXT() REPRESENTATION_CONTEXT('2D SPACE',''
  ) );
#4050 = ORIENTED_EDGE('',*,*,#3966,.T.);
#4051 = ORIENTED_EDGE('',*,*,#3486,.F.);
#4052 = ORIENTED_EDGE('',*,*,#3554,.F.);
#4053 = ORIENTED_EDGE('',*,*,#4054,.F.);
#4054 = EDGE_CURVE('',#4055,#3522,#4057,.T.);
#4055 = VERTEX_POINT('',#4056);
#4056 = CARTESIAN_POINT('',(-2.701970392294,-4.67995,0.299886802009));
#4057 = SURFACE_CURVE('',#4058,(#4062,#4069),.PCURVE_S1.);
#4058 = LINE('',#4059,#4060);
#4059 = CARTESIAN_POINT('',(-2.701970392294,-4.67995,0.));
#4060 = VECTOR('',#4061,1.);
#4061 = DIRECTION('',(0.,0.,1.));
#4062 = PCURVE('',#3505,#4063);
#4063 = DEFINITIONAL_REPRESENTATION('',(#4064),#4068);
#4064 = LINE('',#4065,#4066);
#4065 = CARTESIAN_POINT('',(5.403940784588,0.));
#4066 = VECTOR('',#4067,1.);
#4067 = DIRECTION('',(0.,-1.));
#4068 = ( GEOMETRIC_REPRESENTATION_CONTEXT(2) 
PARAMETRIC_REPRESENTATION_CONTEXT() REPRESENTATION_CONTEXT('2D SPACE',''
  ) );
#4069 = PCURVE('',#3542,#4070);
#4070 = DEFINITIONAL_REPRESENTATION('',(#4071),#4075);
#4071 = LINE('',#4072,#4073);
#4072 = CARTESIAN_POINT('',(0.,0.));
#4073 = VECTOR('',#4074,1.);
#4074 = DIRECTION('',(0.,-1.));
#4075 = ( GEOMETRIC_REPRESENTATION_CONTEXT(2) 
PARAMETRIC_REPRESENTATION_CONTEXT() REPRESENTATION_CONTEXT('2D SPACE',''
  ) );
#4076 = ORIENTED_EDGE('',*,*,#4077,.F.);
#4077 = EDGE_CURVE('',#4024,#4055,#4078,.T.);
#4078 = SURFACE_CURVE('',#4079,(#4084,#4091),.PCURVE_S1.);
#4079 = HYPERBOLA('',#4080,1.938498761228,4.67995);
#4080 = AXIS2_PLACEMENT_3D('',#4081,#4082,#4083);
#4081 = CARTESIAN_POINT('',(-4.052955588441,-2.339975,-1.938498761228));
#4082 = DIRECTION('',(0.866025403784,0.5,-0.));
#4083 = DIRECTION('',(0.,0.,1.));
#4084 = PCURVE('',#3505,#4085);
#4085 = DEFINITIONAL_REPRESENTATION('',(#4086),#4090);
#4086 = HYPERBOLA('',#4087,1.938498761228,4.67995);
#4087 = AXIS2_PLACEMENT_2D('',#4088,#4089);
#4088 = CARTESIAN_POINT('',(2.701970392294,1.938498761228));
#4089 = DIRECTION('',(0.,-1.));
#4090 = ( GEOMETRIC_REPRESENTATION_CONTEXT(2) 
PARAMETRIC_REPRESENTATION_CONTEXT() REPRESENTATION_CONTEXT('2D SPACE',''
  ) );
#4091 = PCURVE('',#4092,#4097);
#4092 = CONICAL_SURFACE('',#4093,5.403940784588,1.178097245096);
#4093 = AXIS2_PLACEMENT_3D('',#4094,#4095,#4096);
#4094 = CARTESIAN_POINT('',(0.,0.,0.299886802009));
#4095 = DIRECTION('',(0.,0.,1.));
#4096 = DIRECTION('',(1.,0.,0.));
#4097 = DEFINITIONAL_REPRESENTATION('',(#4098),#4106);
#4098 = B_SPLINE_CURVE_WITH_KNOTS('',6,(#4099,#4100,#4101,#4102,#4103,
    #4104,#4105),.UNSPECIFIED.,.F.,.F.,(7,7),(5.733023E-11,
    0.549306144334),.PIECEWISE_BEZIER_KNOTS.);
#4099 = CARTESIAN_POINT('',(3.665191429245,-0.299886802009));
#4100 = CARTESIAN_POINT('',(3.756742453292,-0.299886801999));
#4101 = CARTESIAN_POINT('',(3.848293050208,-0.280389551268));
#4102 = CARTESIAN_POINT('',(3.938465395114,-0.241395109523));
#4103 = CARTESIAN_POINT('',(4.02586421562,-0.182413024713));
#4104 = CARTESIAN_POINT('',(4.10950469222,-0.102463245262));
#4105 = CARTESIAN_POINT('',(4.188790204786,-6.850033439335E-16));
#4106 = ( GEOMETRIC_REPRESENTATION_CONTEXT(2) 
PARAMETRIC_REPRESENTATION_CONTEXT() REPRESENTATION_CONTEXT('2D SPACE',''
  ) );
#4107 = ADVANCED_FACE('',(#4108),#3542,.F.);
#4108 = FACE_BOUND('',#4109,.F.);
#4109 = EDGE_LOOP('',(#4110,#4138,#4139,#4140,#4141,#4164));
#4110 = ORIENTED_EDGE('',*,*,#4111,.F.);
#4111 = EDGE_CURVE('',#4055,#4112,#4114,.T.);
#4112 = VERTEX_POINT('',#4113);
#4113 = CARTESIAN_POINT('',(-1.307452E-09,-4.67995,0.));
#4114 = SURFACE_CURVE('',#4115,(#4120,#4127),.PCURVE_S1.);
#4115 = HYPERBOLA('',#4116,1.938498761228,4.67995);
#4116 = AXIS2_PLACEMENT_3D('',#4117,#4118,#4119);
#4117 = CARTESIAN_POINT('',(-2.31E-15,-4.67995,-1.938498761228));
#4118 = DIRECTION('',(4.9E-16,1.,-0.));
#4119 = DIRECTION('',(0.,0.,1.));
#4120 = PCURVE('',#3542,#4121);
#4121 = DEFINITIONAL_REPRESENTATION('',(#4122),#4126);
#4122 = HYPERBOLA('',#4123,1.938498761228,4.67995);
#4123 = AXIS2_PLACEMENT_2D('',#4124,#4125);
#4124 = CARTESIAN_POINT('',(2.701970392294,1.938498761228));
#4125 = DIRECTION('',(0.,-1.));
#4126 = ( GEOMETRIC_REPRESENTATION_CONTEXT(2) 
PARAMETRIC_REPRESENTATION_CONTEXT() REPRESENTATION_CONTEXT('2D SPACE',''
  ) );
#4127 = PCURVE('',#4092,#4128);
#4128 = DEFINITIONAL_REPRESENTATION('',(#4129),#4137);
#4129 = B_SPLINE_CURVE_WITH_KNOTS('',6,(#4130,#4131,#4132,#4133,#4134,
    #4135,#4136),.UNSPECIFIED.,.F.,.F.,(7,7),(-0.549306144334,3.1E-16),
  .PIECEWISE_BEZIER_KNOTS.);
#4130 = CARTESIAN_POINT('',(4.188790204786,7.270985214937E-17));
#4131 = CARTESIAN_POINT('',(4.268075717361,-0.102463245273));
#4132 = CARTESIAN_POINT('',(4.35171619397,-0.182413024729));
#4133 = CARTESIAN_POINT('',(4.439115014487,-0.241395109542));
#4134 = CARTESIAN_POINT('',(4.529287359402,-0.280389551284));
#4135 = CARTESIAN_POINT('',(4.620837956329,-0.299886802009));
#4136 = CARTESIAN_POINT('',(4.712388980385,-0.299886802009));
#4137 = ( GEOMETRIC_REPRESENTATION_CONTEXT(2) 
PARAMETRIC_REPRESENTATION_CONTEXT() REPRESENTATION_CONTEXT('2D SPACE',''
  ) );
#4138 = ORIENTED_EDGE('',*,*,#4054,.T.);
#4139 = ORIENTED_EDGE('',*,*,#3521,.F.);
#4140 = ORIENTED_EDGE('',*,*,#3617,.F.);
#4141 = ORIENTED_EDGE('',*,*,#4142,.F.);
#4142 = EDGE_CURVE('',#4143,#3585,#4145,.T.);
#4143 = VERTEX_POINT('',#4144);
#4144 = CARTESIAN_POINT('',(2.701970392294,-4.67995,0.299886802009));
#4145 = SURFACE_CURVE('',#4146,(#4150,#4157),.PCURVE_S1.);
#4146 = LINE('',#4147,#4148);
#4147 = CARTESIAN_POINT('',(2.701970392294,-4.67995,0.));
#4148 = VECTOR('',#4149,1.);
#4149 = DIRECTION('',(0.,0.,1.));
#4150 = PCURVE('',#3542,#4151);
#4151 = DEFINITIONAL_REPRESENTATION('',(#4152),#4156);
#4152 = LINE('',#4153,#4154);
#4153 = CARTESIAN_POINT('',(5.403940784588,0.));
#4154 = VECTOR('',#4155,1.);
#4155 = DIRECTION('',(0.,-1.));
#4156 = ( GEOMETRIC_REPRESENTATION_CONTEXT(2) 
PARAMETRIC_REPRESENTATION_CONTEXT() REPRESENTATION_CONTEXT('2D SPACE',''
  ) );
#4157 = PCURVE('',#3605,#4158);
#4158 = DEFINITIONAL_REPRESENTATION('',(#4159),#4163);
#4159 = LINE('',#4160,#4161);
#4160 = CARTESIAN_POINT('',(0.,0.));
#4161 = VECTOR('',#4162,1.);
#4162 = DIRECTION('',(0.,-1.));
#4163 = ( GEOMETRIC_REPRESENTATION_CONTEXT(2) 
PARAMETRIC_REPRESENTATION_CONTEXT() REPRESENTATION_CONTEXT('2D SPACE',''
  ) );
#4164 = ORIENTED_EDGE('',*,*,#4165,.F.);
#4165 = EDGE_CURVE('',#4112,#4143,#4166,.T.);
#4166 = SURFACE_CURVE('',#4167,(#4172,#4179),.PCURVE_S1.);
#4167 = HYPERBOLA('',#4168,1.938498761228,4.67995);
#4168 = AXIS2_PLACEMENT_3D('',#4169,#4170,#4171);
#4169 = CARTESIAN_POINT('',(-2.31E-15,-4.67995,-1.938498761228));
#4170 = DIRECTION('',(4.9E-16,1.,-0.));
#4171 = DIRECTION('',(0.,0.,1.));
#4172 = PCURVE('',#3542,#4173);
#4173 = DEFINITIONAL_REPRESENTATION('',(#4174),#4178);
#4174 = HYPERBOLA('',#4175,1.938498761228,4.67995);
#4175 = AXIS2_PLACEMENT_2D('',#4176,#4177);
#4176 = CARTESIAN_POINT('',(2.701970392294,1.938498761228));
#4177 = DIRECTION('',(0.,-1.));
#4178 = ( GEOMETRIC_REPRESENTATION_CONTEXT(2) 
PARAMETRIC_REPRESENTATION_CONTEXT() REPRESENTATION_CONTEXT('2D SPACE',''
  ) );
#4179 = PCURVE('',#4180,#4185);
#4180 = CONICAL_SURFACE('',#4181,5.403940784588,1.178097245096);
#4181 = AXIS2_PLACEMENT_3D('',#4182,#4183,#4184);
#4182 = CARTESIAN_POINT('',(0.,0.,0.299886802009));
#4183 = DIRECTION('',(0.,0.,1.));
#4184 = DIRECTION('',(1.,0.,0.));
#4185 = DEFINITIONAL_REPRESENTATION('',(#4186),#4194);
#4186 = B_SPLINE_CURVE_WITH_KNOTS('',6,(#4187,#4188,#4189,#4190,#4191,
    #4192,#4193),.UNSPECIFIED.,.F.,.F.,(7,7),(3.1E-16,0.549306144334),
  .PIECEWISE_BEZIER_KNOTS.);
#4187 = CARTESIAN_POINT('',(4.712388980385,-0.299886802009));
#4188 = CARTESIAN_POINT('',(4.80394000444,-0.299886802009));
#4189 = CARTESIAN_POINT('',(4.895490601367,-0.280389551284));
#4190 = CARTESIAN_POINT('',(4.985662946282,-0.241395109542));
#4191 = CARTESIAN_POINT('',(5.073061766799,-0.182413024729));
#4192 = CARTESIAN_POINT('',(5.156702243408,-0.102463245273));
#4193 = CARTESIAN_POINT('',(5.235987755983,-2.4109056239E-16));
#4194 = ( GEOMETRIC_REPRESENTATION_CONTEXT(2) 
PARAMETRIC_REPRESENTATION_CONTEXT() REPRESENTATION_CONTEXT('2D SPACE',''
  ) );
#4195 = ADVANCED_FACE('',(#4196),#3605,.F.);
#4196 = FACE_BOUND('',#4197,.F.);
#4197 = EDGE_LOOP('',(#4198,#4226,#4227,#4228,#4229,#4230));
#4198 = ORIENTED_EDGE('',*,*,#4199,.F.);
#4199 = EDGE_CURVE('',#4143,#4200,#4202,.T.);
#4200 = VERTEX_POINT('',#4201);
#4201 = CARTESIAN_POINT('',(4.052955535354,-2.33997509195,0.));
#4202 = SURFACE_CURVE('',#4203,(#4208,#4215),.PCURVE_S1.);
#4203 = HYPERBOLA('',#4204,1.938498761228,4.67995);
#4204 = AXIS2_PLACEMENT_3D('',#4205,#4206,#4207);
#4205 = CARTESIAN_POINT('',(4.052955588441,-2.339975,-1.938498761228));
#4206 = DIRECTION('',(-0.866025403784,0.5,0.));
#4207 = DIRECTION('',(0.,0.,1.));
#4208 = PCURVE('',#3605,#4209);
#4209 = DEFINITIONAL_REPRESENTATION('',(#4210),#4214);
#4210 = HYPERBOLA('',#4211,1.938498761228,4.67995);
#4211 = AXIS2_PLACEMENT_2D('',#4212,#4213);
#4212 = CARTESIAN_POINT('',(2.701970392294,1.938498761228));
#4213 = DIRECTION('',(0.,-1.));
#4214 = ( GEOMETRIC_REPRESENTATION_CONTEXT(2) 
PARAMETRIC_REPRESENTATION_CONTEXT() REPRESENTATION_CONTEXT('2D SPACE',''
  ) );
#4215 = PCURVE('',#4180,#4216);
#4216 = DEFINITIONAL_REPRESENTATION('',(#4217),#4225);
#4217 = B_SPLINE_CURVE_WITH_KNOTS('',6,(#4218,#4219,#4220,#4221,#4222,
    #4223,#4224),.UNSPECIFIED.,.F.,.F.,(7,7),(-0.549306144334,-3.4E-16),
  .PIECEWISE_BEZIER_KNOTS.);
#4218 = CARTESIAN_POINT('',(5.235987755983,4.515664501908E-16));
#4219 = CARTESIAN_POINT('',(5.315273268558,-0.102463245273));
#4220 = CARTESIAN_POINT('',(5.398913745167,-0.182413024729));
#4221 = CARTESIAN_POINT('',(5.486312565683,-0.241395109542));
#4222 = CARTESIAN_POINT('',(5.576484910599,-0.280389551284));
#4223 = CARTESIAN_POINT('',(5.668035507526,-0.299886802009));
#4224 = CARTESIAN_POINT('',(5.759586531581,-0.299886802009));
#4225 = ( GEOMETRIC_REPRESENTATION_CONTEXT(2) 
PARAMETRIC_REPRESENTATION_CONTEXT() REPRESENTATION_CONTEXT('2D SPACE',''
  ) );
#4226 = ORIENTED_EDGE('',*,*,#4142,.T.);
#4227 = ORIENTED_EDGE('',*,*,#3584,.F.);
#4228 = ORIENTED_EDGE('',*,*,#3648,.F.);
#4229 = ORIENTED_EDGE('',*,*,#3767,.T.);
#4230 = ORIENTED_EDGE('',*,*,#4231,.F.);
#4231 = EDGE_CURVE('',#4200,#3733,#4232,.T.);
#4232 = SURFACE_CURVE('',#4233,(#4238,#4245),.PCURVE_S1.);
#4233 = HYPERBOLA('',#4234,1.938498761228,4.67995);
#4234 = AXIS2_PLACEMENT_3D('',#4235,#4236,#4237);
#4235 = CARTESIAN_POINT('',(4.052955588441,-2.339975,-1.938498761228));
#4236 = DIRECTION('',(-0.866025403784,0.5,0.));
#4237 = DIRECTION('',(0.,0.,1.));
#4238 = PCURVE('',#3605,#4239);
#4239 = DEFINITIONAL_REPRESENTATION('',(#4240),#4244);
#4240 = HYPERBOLA('',#4241,1.938498761228,4.67995);
#4241 = AXIS2_PLACEMENT_2D('',#4242,#4243);
#4242 = CARTESIAN_POINT('',(2.701970392294,1.938498761228));
#4243 = DIRECTION('',(0.,-1.));
#4244 = ( GEOMETRIC_REPRESENTATION_CONTEXT(2) 
PARAMETRIC_REPRESENTATION_CONTEXT() REPRESENTATION_CONTEXT('2D SPACE',''
  ) );
#4245 = PCURVE('',#4246,#4251);
#4246 = CONICAL_SURFACE('',#4247,5.403940784588,1.178097245096);
#4247 = AXIS2_PLACEMENT_3D('',#4248,#4249,#4250);
#4248 = CARTESIAN_POINT('',(0.,0.,0.299886802009));
#4249 = DIRECTION('',(0.,0.,1.));
#4250 = DIRECTION('',(1.,0.,0.));
#4251 = DEFINITIONAL_REPRESENTATION('',(#4252),#4260);
#4252 = B_SPLINE_CURVE_WITH_KNOTS('',6,(#4253,#4254,#4255,#4256,#4257,
    #4258,#4259),.UNSPECIFIED.,.F.,.F.,(7,7),(-3.4E-16,0.549306144334),
  .PIECEWISE_BEZIER_KNOTS.);
#4253 = CARTESIAN_POINT('',(5.759586531581,-0.299886802009));
#4254 = CARTESIAN_POINT('',(5.851137555637,-0.299886802009));
#4255 = CARTESIAN_POINT('',(5.942688152564,-0.280389551284));
#4256 = CARTESIAN_POINT('',(6.032860497479,-0.241395109542));
#4257 = CARTESIAN_POINT('',(6.120259317996,-0.182413024729));
#4258 = CARTESIAN_POINT('',(6.203899794605,-0.102463245273));
#4259 = CARTESIAN_POINT('',(6.28318530718,-2.958142932182E-15));
#4260 = ( GEOMETRIC_REPRESENTATION_CONTEXT(2) 
PARAMETRIC_REPRESENTATION_CONTEXT() REPRESENTATION_CONTEXT('2D SPACE',''
  ) );
#4261 = ADVANCED_FACE('',(#4262,#4420),#3715,.F.);
#4262 = FACE_BOUND('',#4263,.F.);
#4263 = EDGE_LOOP('',(#4264,#4288,#4310,#4332,#4354,#4376,#4398));
#4264 = ORIENTED_EDGE('',*,*,#4265,.T.);
#4265 = EDGE_CURVE('',#4266,#3735,#4268,.T.);
#4266 = VERTEX_POINT('',#4267);
#4267 = CARTESIAN_POINT('',(4.67995,0.,0.));
#4268 = SURFACE_CURVE('',#4269,(#4274,#4281),.PCURVE_S1.);
#4269 = CIRCLE('',#4270,4.67995);
#4270 = AXIS2_PLACEMENT_3D('',#4271,#4272,#4273);
#4271 = CARTESIAN_POINT('',(0.,0.,0.));
#4272 = DIRECTION('',(0.,0.,1.));
#4273 = DIRECTION('',(1.,0.,-0.));
#4274 = PCURVE('',#3715,#4275);
#4275 = DEFINITIONAL_REPRESENTATION('',(#4276),#4280);
#4276 = CIRCLE('',#4277,4.67995);
#4277 = AXIS2_PLACEMENT_2D('',#4278,#4279);
#4278 = CARTESIAN_POINT('',(0.,0.));
#4279 = DIRECTION('',(1.,0.));
#4280 = ( GEOMETRIC_REPRESENTATION_CONTEXT(2) 
PARAMETRIC_REPRESENTATION_CONTEXT() REPRESENTATION_CONTEXT('2D SPACE',''
  ) );
#4281 = PCURVE('',#3751,#4282);
#4282 = DEFINITIONAL_REPRESENTATION('',(#4283),#4287);
#4283 = LINE('',#4284,#4285);
#4284 = CARTESIAN_POINT('',(0.,-0.299886802009));
#4285 = VECTOR('',#4286,1.);
#4286 = DIRECTION('',(1.,-0.));
#4287 = ( GEOMETRIC_REPRESENTATION_CONTEXT(2) 
PARAMETRIC_REPRESENTATION_CONTEXT() REPRESENTATION_CONTEXT('2D SPACE',''
  ) );
#4288 = ORIENTED_EDGE('',*,*,#4289,.T.);
#4289 = EDGE_CURVE('',#3735,#3848,#4290,.T.);
#4290 = SURFACE_CURVE('',#4291,(#4296,#4303),.PCURVE_S1.);
#4291 = CIRCLE('',#4292,4.67995);
#4292 = AXIS2_PLACEMENT_3D('',#4293,#4294,#4295);
#4293 = CARTESIAN_POINT('',(0.,0.,0.));
#4294 = DIRECTION('',(0.,0.,1.));
#4295 = DIRECTION('',(1.,0.,-0.));
#4296 = PCURVE('',#3715,#4297);
#4297 = DEFINITIONAL_REPRESENTATION('',(#4298),#4302);
#4298 = CIRCLE('',#4299,4.67995);
#4299 = AXIS2_PLACEMENT_2D('',#4300,#4301);
#4300 = CARTESIAN_POINT('',(0.,0.));
#4301 = DIRECTION('',(1.,0.));
#4302 = ( GEOMETRIC_REPRESENTATION_CONTEXT(2) 
PARAMETRIC_REPRESENTATION_CONTEXT() REPRESENTATION_CONTEXT('2D SPACE',''
  ) );
#4303 = PCURVE('',#3828,#4304);
#4304 = DEFINITIONAL_REPRESENTATION('',(#4305),#4309);
#4305 = LINE('',#4306,#4307);
#4306 = CARTESIAN_POINT('',(0.,-0.299886802009));
#4307 = VECTOR('',#4308,1.);
#4308 = DIRECTION('',(1.,-0.));
#4309 = ( GEOMETRIC_REPRESENTATION_CONTEXT(2) 
PARAMETRIC_REPRESENTATION_CONTEXT() REPRESENTATION_CONTEXT('2D SPACE',''
  ) );
#4310 = ORIENTED_EDGE('',*,*,#4311,.T.);
#4311 = EDGE_CURVE('',#3848,#3936,#4312,.T.);
#4312 = SURFACE_CURVE('',#4313,(#4318,#4325),.PCURVE_S1.);
#4313 = CIRCLE('',#4314,4.67995);
#4314 = AXIS2_PLACEMENT_3D('',#4315,#4316,#4317);
#4315 = CARTESIAN_POINT('',(0.,0.,0.));
#4316 = DIRECTION('',(0.,0.,1.));
#4317 = DIRECTION('',(1.,0.,-0.));
#4318 = PCURVE('',#3715,#4319);
#4319 = DEFINITIONAL_REPRESENTATION('',(#4320),#4324);
#4320 = CIRCLE('',#4321,4.67995);
#4321 = AXIS2_PLACEMENT_2D('',#4322,#4323);
#4322 = CARTESIAN_POINT('',(0.,0.));
#4323 = DIRECTION('',(1.,0.));
#4324 = ( GEOMETRIC_REPRESENTATION_CONTEXT(2) 
PARAMETRIC_REPRESENTATION_CONTEXT() REPRESENTATION_CONTEXT('2D SPACE',''
  ) );
#4325 = PCURVE('',#3916,#4326);
#4326 = DEFINITIONAL_REPRESENTATION('',(#4327),#4331);
#4327 = LINE('',#4328,#4329);
#4328 = CARTESIAN_POINT('',(0.,-0.299886802009));
#4329 = VECTOR('',#4330,1.);
#4330 = DIRECTION('',(1.,-0.));
#4331 = ( GEOMETRIC_REPRESENTATION_CONTEXT(2) 
PARAMETRIC_REPRESENTATION_CONTEXT() REPRESENTATION_CONTEXT('2D SPACE',''
  ) );
#4332 = ORIENTED_EDGE('',*,*,#4333,.T.);
#4333 = EDGE_CURVE('',#3936,#4024,#4334,.T.);
#4334 = SURFACE_CURVE('',#4335,(#4340,#4347),.PCURVE_S1.);
#4335 = CIRCLE('',#4336,4.67995);
#4336 = AXIS2_PLACEMENT_3D('',#4337,#4338,#4339);
#4337 = CARTESIAN_POINT('',(0.,0.,0.));
#4338 = DIRECTION('',(0.,0.,1.));
#4339 = DIRECTION('',(1.,0.,-0.));
#4340 = PCURVE('',#3715,#4341);
#4341 = DEFINITIONAL_REPRESENTATION('',(#4342),#4346);
#4342 = CIRCLE('',#4343,4.67995);
#4343 = AXIS2_PLACEMENT_2D('',#4344,#4345);
#4344 = CARTESIAN_POINT('',(0.,0.));
#4345 = DIRECTION('',(1.,0.));
#4346 = ( GEOMETRIC_REPRESENTATION_CONTEXT(2) 
PARAMETRIC_REPRESENTATION_CONTEXT() REPRESENTATION_CONTEXT('2D SPACE',''
  ) );
#4347 = PCURVE('',#4004,#4348);
#4348 = DEFINITIONAL_REPRESENTATION('',(#4349),#4353);
#4349 = LINE('',#4350,#4351);
#4350 = CARTESIAN_POINT('',(0.,-0.299886802009));
#4351 = VECTOR('',#4352,1.);
#4352 = DIRECTION('',(1.,-0.));
#4353 = ( GEOMETRIC_REPRESENTATION_CONTEXT(2) 
PARAMETRIC_REPRESENTATION_CONTEXT() REPRESENTATION_CONTEXT('2D SPACE',''
  ) );
#4354 = ORIENTED_EDGE('',*,*,#4355,.T.);
#4355 = EDGE_CURVE('',#4024,#4112,#4356,.T.);
#4356 = SURFACE_CURVE('',#4357,(#4362,#4369),.PCURVE_S1.);
#4357 = CIRCLE('',#4358,4.67995);
#4358 = AXIS2_PLACEMENT_3D('',#4359,#4360,#4361);
#4359 = CARTESIAN_POINT('',(0.,0.,0.));
#4360 = DIRECTION('',(0.,0.,1.));
#4361 = DIRECTION('',(1.,0.,-0.));
#4362 = PCURVE('',#3715,#4363);
#4363 = DEFINITIONAL_REPRESENTATION('',(#4364),#4368);
#4364 = CIRCLE('',#4365,4.67995);
#4365 = AXIS2_PLACEMENT_2D('',#4366,#4367);
#4366 = CARTESIAN_POINT('',(0.,0.));
#4367 = DIRECTION('',(1.,0.));
#4368 = ( GEOMETRIC_REPRESENTATION_CONTEXT(2) 
PARAMETRIC_REPRESENTATION_CONTEXT() REPRESENTATION_CONTEXT('2D SPACE',''
  ) );
#4369 = PCURVE('',#4092,#4370);
#4370 = DEFINITIONAL_REPRESENTATION('',(#4371),#4375);
#4371 = LINE('',#4372,#4373);
#4372 = CARTESIAN_POINT('',(0.,-0.299886802009));
#4373 = VECTOR('',#4374,1.);
#4374 = DIRECTION('',(1.,-0.));
#4375 = ( GEOMETRIC_REPRESENTATION_CONTEXT(2) 
PARAMETRIC_REPRESENTATION_CONTEXT() REPRESENTATION_CONTEXT('2D SPACE',''
  ) );
#4376 = ORIENTED_EDGE('',*,*,#4377,.T.);
#4377 = EDGE_CURVE('',#4112,#4200,#4378,.T.);
#4378 = SURFACE_CURVE('',#4379,(#4384,#4391),.PCURVE_S1.);
#4379 = CIRCLE('',#4380,4.67995);
#4380 = AXIS2_PLACEMENT_3D('',#4381,#4382,#4383);
#4381 = CARTESIAN_POINT('',(0.,0.,0.));
#4382 = DIRECTION('',(0.,0.,1.));
#4383 = DIRECTION('',(1.,0.,-0.));
#4384 = PCURVE('',#3715,#4385);
#4385 = DEFINITIONAL_REPRESENTATION('',(#4386),#4390);
#4386 = CIRCLE('',#4387,4.67995);
#4387 = AXIS2_PLACEMENT_2D('',#4388,#4389);
#4388 = CARTESIAN_POINT('',(0.,0.));
#4389 = DIRECTION('',(1.,0.));
#4390 = ( GEOMETRIC_REPRESENTATION_CONTEXT(2) 
PARAMETRIC_REPRESENTATION_CONTEXT() REPRESENTATION_CONTEXT('2D SPACE',''
  ) );
#4391 = PCURVE('',#4180,#4392);
#4392 = DEFINITIONAL_REPRESENTATION('',(#4393),#4397);
#4393 = LINE('',#4394,#4395);
#4394 = CARTESIAN_POINT('',(0.,-0.299886802009));
#4395 = VECTOR('',#4396,1.);
#4396 = DIRECTION('',(1.,-0.));
#4397 = ( GEOMETRIC_REPRESENTATION_CONTEXT(2) 
PARAMETRIC_REPRESENTATION_CONTEXT() REPRESENTATION_CONTEXT('2D SPACE',''
  ) );
#4398 = ORIENTED_EDGE('',*,*,#4399,.T.);
#4399 = EDGE_CURVE('',#4200,#4266,#4400,.T.);
#4400 = SURFACE_CURVE('',#4401,(#4406,#4413),.PCURVE_S1.);
#4401 = CIRCLE('',#4402,4.67995);
#4402 = AXIS2_PLACEMENT_3D('',#4403,#4404,#4405);
#4403 = CARTESIAN_POINT('',(0.,0.,0.));
#4404 = DIRECTION('',(0.,0.,1.));
#4405 = DIRECTION('',(1.,0.,-0.));
#4406 = PCURVE('',#3715,#4407);
#4407 = DEFINITIONAL_REPRESENTATION('',(#4408),#4412);
#4408 = CIRCLE('',#4409,4.67995);
#4409 = AXIS2_PLACEMENT_2D('',#4410,#4411);
#4410 = CARTESIAN_POINT('',(0.,0.));
#4411 = DIRECTION('',(1.,0.));
#4412 = ( GEOMETRIC_REPRESENTATION_CONTEXT(2) 
PARAMETRIC_REPRESENTATION_CONTEXT() REPRESENTATION_CONTEXT('2D SPACE',''
  ) );
#4413 = PCURVE('',#4246,#4414);
#4414 = DEFINITIONAL_REPRESENTATION('',(#4415),#4419);
#4415 = LINE('',#4416,#4417);
#4416 = CARTESIAN_POINT('',(0.,-0.299886802009));
#4417 = VECTOR('',#4418,1.);
#4418 = DIRECTION('',(1.,-0.));
#4419 = ( GEOMETRIC_REPRESENTATION_CONTEXT(2) 
PARAMETRIC_REPRESENTATION_CONTEXT() REPRESENTATION_CONTEXT('2D SPACE',''
  ) );
#4420 = FACE_BOUND('',#4421,.F.);
#4421 = EDGE_LOOP('',(#4422));
#4422 = ORIENTED_EDGE('',*,*,#3700,.F.);
#4423 = ADVANCED_FACE('',(#4424),#3751,.T.);
#4424 = FACE_BOUND('',#4425,.F.);
#4425 = EDGE_LOOP('',(#4426,#4447,#4448));
#4426 = ORIENTED_EDGE('',*,*,#4427,.F.);
#4427 = EDGE_CURVE('',#3733,#4266,#4428,.T.);
#4428 = SURFACE_CURVE('',#4429,(#4433,#4440),.PCURVE_S1.);
#4429 = LINE('',#4430,#4431);
#4430 = CARTESIAN_POINT('',(5.403940784588,0.,0.299886802009));
#4431 = VECTOR('',#4432,1.);
#4432 = DIRECTION('',(-0.923879532511,0.,-0.382683432365));
#4433 = PCURVE('',#3751,#4434);
#4434 = DEFINITIONAL_REPRESENTATION('',(#4435),#4439);
#4435 = LINE('',#4436,#4437);
#4436 = CARTESIAN_POINT('',(0.,-0.));
#4437 = VECTOR('',#4438,1.);
#4438 = DIRECTION('',(0.,-1.));
#4439 = ( GEOMETRIC_REPRESENTATION_CONTEXT(2) 
PARAMETRIC_REPRESENTATION_CONTEXT() REPRESENTATION_CONTEXT('2D SPACE',''
  ) );
#4440 = PCURVE('',#4246,#4441);
#4441 = DEFINITIONAL_REPRESENTATION('',(#4442),#4446);
#4442 = LINE('',#4443,#4444);
#4443 = CARTESIAN_POINT('',(6.28318530718,-0.));
#4444 = VECTOR('',#4445,1.);
#4445 = DIRECTION('',(0.,-1.));
#4446 = ( GEOMETRIC_REPRESENTATION_CONTEXT(2) 
PARAMETRIC_REPRESENTATION_CONTEXT() REPRESENTATION_CONTEXT('2D SPACE',''
  ) );
#4447 = ORIENTED_EDGE('',*,*,#3732,.T.);
#4448 = ORIENTED_EDGE('',*,*,#4265,.F.);
#4449 = ADVANCED_FACE('',(#4450),#3828,.T.);
#4450 = FACE_BOUND('',#4451,.F.);
#4451 = EDGE_LOOP('',(#4452,#4453,#4454));
#4452 = ORIENTED_EDGE('',*,*,#3813,.T.);
#4453 = ORIENTED_EDGE('',*,*,#3847,.T.);
#4454 = ORIENTED_EDGE('',*,*,#4289,.F.);
#4455 = ADVANCED_FACE('',(#4456),#3916,.T.);
#4456 = FACE_BOUND('',#4457,.F.);
#4457 = EDGE_LOOP('',(#4458,#4459,#4460));
#4458 = ORIENTED_EDGE('',*,*,#3901,.T.);
#4459 = ORIENTED_EDGE('',*,*,#3935,.T.);
#4460 = ORIENTED_EDGE('',*,*,#4311,.F.);
#4461 = ADVANCED_FACE('',(#4462),#4004,.T.);
#4462 = FACE_BOUND('',#4463,.F.);
#4463 = EDGE_LOOP('',(#4464,#4465,#4466));
#4464 = ORIENTED_EDGE('',*,*,#3989,.T.);
#4465 = ORIENTED_EDGE('',*,*,#4023,.T.);
#4466 = ORIENTED_EDGE('',*,*,#4333,.F.);
#4467 = ADVANCED_FACE('',(#4468),#4092,.T.);
#4468 = FACE_BOUND('',#4469,.F.);
#4469 = EDGE_LOOP('',(#4470,#4471,#4472));
#4470 = ORIENTED_EDGE('',*,*,#4077,.T.);
#4471 = ORIENTED_EDGE('',*,*,#4111,.T.);
#4472 = ORIENTED_EDGE('',*,*,#4355,.F.);
#4473 = ADVANCED_FACE('',(#4474),#4180,.T.);
#4474 = FACE_BOUND('',#4475,.F.);
#4475 = EDGE_LOOP('',(#4476,#4477,#4478));
#4476 = ORIENTED_EDGE('',*,*,#4165,.T.);
#4477 = ORIENTED_EDGE('',*,*,#4199,.T.);
#4478 = ORIENTED_EDGE('',*,*,#4377,.F.);
#4479 = ADVANCED_FACE('',(#4480),#4246,.T.);
#4480 = FACE_BOUND('',#4481,.F.);
#4481 = EDGE_LOOP('',(#4482,#4483,#4484));
#4482 = ORIENTED_EDGE('',*,*,#4231,.T.);
#4483 = ORIENTED_EDGE('',*,*,#4427,.T.);
#4484 = ORIENTED_EDGE('',*,*,#4399,.F.);
#4485 = ( GEOMETRIC_REPRESENTATION_CONTEXT(3) 
GLOBAL_UNCERTAINTY_ASSIGNED_CONTEXT((#4489)) 
GLOBAL_UNIT_ASSIGNED_CONTEXT((#4486,#4487,#4488)) REPRESENTATION_CONTEXT
('Context #1','3D Context with UNIT and UNCERTAINTY') );
#4486 = ( LENGTH_UNIT() NAMED_UNIT(*) SI_UNIT(.MILLI.,.METRE.) );
#4487 = ( NAMED_UNIT(*) PLANE_ANGLE_UNIT() SI_UNIT($,.RADIAN.) );
#4488 = ( NAMED_UNIT(*) SI_UNIT($,.STERADIAN.) SOLID_ANGLE_UNIT() );
#4489 = UNCERTAINTY_MEASURE_WITH_UNIT(LENGTH_MEASURE(1.E-07),#4486,
  'distance_accuracy_value','confusion accuracy');
#4490 = CONTEXT_DEPENDENT_SHAPE_REPRESENTATION(#4491,#4493);
#4491 = ( REPRESENTATION_RELATIONSHIP('','',#2914,#10) 
REPRESENTATION_RELATIONSHIP_WITH_TRANSFORMATION(#4492) 
SHAPE_REPRESENTATION_RELATIONSHIP() );
#4492 = ITEM_DEFINED_TRANSFORMATION('','',#11,#19);
#4493 = PRODUCT_DEFINITION_SHAPE('Placement','Placement of an item',
  #4494);
#4494 = NEXT_ASSEMBLY_USAGE_OCCURRENCE('2','Body004','',#5,#2909,$);
#4495 = PRODUCT_RELATED_PRODUCT_CATEGORY('part',$,(#2911));
#4496 = SHAPE_DEFINITION_REPRESENTATION(#4497,#4503);
#4497 = PRODUCT_DEFINITION_SHAPE('','',#4498);
#4498 = PRODUCT_DEFINITION('design','',#4499,#4502);
#4499 = PRODUCT_DEFINITION_FORMATION('','',#4500);
#4500 = PRODUCT('Body005','Body005','',(#4501));
#4501 = PRODUCT_CONTEXT('',#2,'mechanical');
#4502 = PRODUCT_DEFINITION_CONTEXT('part definition',#2,'design');
#4503 = ADVANCED_BREP_SHAPE_REPRESENTATION('',(#11,#4504),#10765);
#4504 = MANIFOLD_SOLID_BREP('',#4505);
#4505 = CLOSED_SHELL('',(#4506,#5061,#5575,#5657,#5804,#5871,#5877,#6086
    ,#6649,#6706,#6788,#6904,#6962,#7025,#7088,#7151,#7214,#7277,#7308,
    #7847,#7904,#7986,#8102,#8217,#8305,#8393,#8481,#8569,#8635,#9189,
    #9246,#9328,#9444,#9498,#9525,#9552,#9579,#9606,#9633,#9660,#10080,
    #10137,#10269,#10385,#10421,#10506,#10723,#10758));
#4506 = ADVANCED_FACE('',(#4507),#4522,.F.);
#4507 = FACE_BOUND('',#4508,.F.);
#4508 = EDGE_LOOP('',(#4509,#4545,#4568,#4595,#4596,#4625,#4778,#4988));
#4509 = ORIENTED_EDGE('',*,*,#4510,.T.);
#4510 = EDGE_CURVE('',#4511,#4513,#4515,.T.);
#4511 = VERTEX_POINT('',#4512);
#4512 = CARTESIAN_POINT('',(1.2015158198,-2.304295722106,4.951472869693)
  );
#4513 = VERTEX_POINT('',#4514);
#4514 = CARTESIAN_POINT('',(2.598734122635,0.,4.951472869693));
#4515 = SURFACE_CURVE('',#4516,(#4521,#4533),.PCURVE_S1.);
#4516 = CIRCLE('',#4517,2.598734122635);
#4517 = AXIS2_PLACEMENT_3D('',#4518,#4519,#4520);
#4518 = CARTESIAN_POINT('',(0.,0.,4.951472869693));
#4519 = DIRECTION('',(0.,0.,1.));
#4520 = DIRECTION('',(1.,0.,-0.));
#4521 = PCURVE('',#4522,#4527);
#4522 = CONICAL_SURFACE('',#4523,2.598734122635,1.308996938996);
#4523 = AXIS2_PLACEMENT_3D('',#4524,#4525,#4526);
#4524 = CARTESIAN_POINT('',(0.,0.,4.951472869693));
#4525 = DIRECTION('',(0.,0.,1.));
#4526 = DIRECTION('',(1.,0.,-0.));
#4527 = DEFINITIONAL_REPRESENTATION('',(#4528),#4532);
#4528 = LINE('',#4529,#4530);
#4529 = CARTESIAN_POINT('',(0.,0.));
#4530 = VECTOR('',#4531,1.);
#4531 = DIRECTION('',(1.,0.));
#4532 = ( GEOMETRIC_REPRESENTATION_CONTEXT(2) 
PARAMETRIC_REPRESENTATION_CONTEXT() REPRESENTATION_CONTEXT('2D SPACE',''
  ) );
#4533 = PCURVE('',#4534,#4539);
#4534 = CYLINDRICAL_SURFACE('',#4535,2.598734122635);
#4535 = AXIS2_PLACEMENT_3D('',#4536,#4537,#4538);
#4536 = CARTESIAN_POINT('',(0.,0.,0.248527130307));
#4537 = DIRECTION('',(0.,0.,1.));
#4538 = DIRECTION('',(1.,0.,-0.));
#4539 = DEFINITIONAL_REPRESENTATION('',(#4540),#4544);
#4540 = LINE('',#4541,#4542);
#4541 = CARTESIAN_POINT('',(0.,4.702945739386));
#4542 = VECTOR('',#4543,1.);
#4543 = DIRECTION('',(1.,0.));
#4544 = ( GEOMETRIC_REPRESENTATION_CONTEXT(2) 
PARAMETRIC_REPRESENTATION_CONTEXT() REPRESENTATION_CONTEXT('2D SPACE',''
  ) );
#4545 = ORIENTED_EDGE('',*,*,#4546,.T.);
#4546 = EDGE_CURVE('',#4513,#4547,#4549,.T.);
#4547 = VERTEX_POINT('',#4548);
#4548 = CARTESIAN_POINT('',(3.52625,0.,5.2));
#4549 = SEAM_CURVE('',#4550,(#4554,#4561),.PCURVE_S1.);
#4550 = LINE('',#4551,#4552);
#4551 = CARTESIAN_POINT('',(2.598734122635,0.,4.951472869693));
#4552 = VECTOR('',#4553,1.);
#4553 = DIRECTION('',(0.965925826289,0.,0.258819045103));
#4554 = PCURVE('',#4522,#4555);
#4555 = DEFINITIONAL_REPRESENTATION('',(#4556),#4560);
#4556 = LINE('',#4557,#4558);
#4557 = CARTESIAN_POINT('',(0.,0.));
#4558 = VECTOR('',#4559,1.);
#4559 = DIRECTION('',(0.,1.));
#4560 = ( GEOMETRIC_REPRESENTATION_CONTEXT(2) 
PARAMETRIC_REPRESENTATION_CONTEXT() REPRESENTATION_CONTEXT('2D SPACE',''
  ) );
#4561 = PCURVE('',#4522,#4562);
#4562 = DEFINITIONAL_REPRESENTATION('',(#4563),#4567);
#4563 = LINE('',#4564,#4565);
#4564 = CARTESIAN_POINT('',(6.28318530718,0.));
#4565 = VECTOR('',#4566,1.);
#4566 = DIRECTION('',(0.,1.));
#4567 = ( GEOMETRIC_REPRESENTATION_CONTEXT(2) 
PARAMETRIC_REPRESENTATION_CONTEXT() REPRESENTATION_CONTEXT('2D SPACE',''
  ) );
#4568 = ORIENTED_EDGE('',*,*,#4569,.F.);
#4569 = EDGE_CURVE('',#4547,#4547,#4570,.T.);
#4570 = SURFACE_CURVE('',#4571,(#4576,#4583),.PCURVE_S1.);
#4571 = CIRCLE('',#4572,3.52625);
#4572 = AXIS2_PLACEMENT_3D('',#4573,#4574,#4575);
#4573 = CARTESIAN_POINT('',(0.,0.,5.2));
#4574 = DIRECTION('',(0.,0.,1.));
#4575 = DIRECTION('',(1.,0.,-0.));
#4576 = PCURVE('',#4522,#4577);
#4577 = DEFINITIONAL_REPRESENTATION('',(#4578),#4582);
#4578 = LINE('',#4579,#4580);
#4579 = CARTESIAN_POINT('',(0.,0.248527130307));
#4580 = VECTOR('',#4581,1.);
#4581 = DIRECTION('',(1.,0.));
#4582 = ( GEOMETRIC_REPRESENTATION_CONTEXT(2) 
PARAMETRIC_REPRESENTATION_CONTEXT() REPRESENTATION_CONTEXT('2D SPACE',''
  ) );
#4583 = PCURVE('',#4584,#4589);
#4584 = PLANE('',#4585);
#4585 = AXIS2_PLACEMENT_3D('',#4586,#4587,#4588);
#4586 = CARTESIAN_POINT('',(0.,0.,5.2));
#4587 = DIRECTION('',(0.,0.,1.));
#4588 = DIRECTION('',(1.,-0.,-0.));
#4589 = DEFINITIONAL_REPRESENTATION('',(#4590),#4594);
#4590 = CIRCLE('',#4591,3.52625);
#4591 = AXIS2_PLACEMENT_2D('',#4592,#4593);
#4592 = CARTESIAN_POINT('',(0.,0.));
#4593 = DIRECTION('',(1.,-0.));
#4594 = ( GEOMETRIC_REPRESENTATION_CONTEXT(2) 
PARAMETRIC_REPRESENTATION_CONTEXT() REPRESENTATION_CONTEXT('2D SPACE',''
  ) );
#4595 = ORIENTED_EDGE('',*,*,#4546,.F.);
#4596 = ORIENTED_EDGE('',*,*,#4597,.T.);
#4597 = EDGE_CURVE('',#4513,#4598,#4600,.T.);
#4598 = VERTEX_POINT('',#4599);
#4599 = CARTESIAN_POINT('',(2.304384474834,1.201345592363,4.951472869693
    ));
#4600 = SURFACE_CURVE('',#4601,(#4606,#4613),.PCURVE_S1.);
#4601 = CIRCLE('',#4602,2.598734122635);
#4602 = AXIS2_PLACEMENT_3D('',#4603,#4604,#4605);
#4603 = CARTESIAN_POINT('',(0.,0.,4.951472869693));
#4604 = DIRECTION('',(0.,0.,1.));
#4605 = DIRECTION('',(1.,0.,-0.));
#4606 = PCURVE('',#4522,#4607);
#4607 = DEFINITIONAL_REPRESENTATION('',(#4608),#4612);
#4608 = LINE('',#4609,#4610);
#4609 = CARTESIAN_POINT('',(0.,0.));
#4610 = VECTOR('',#4611,1.);
#4611 = DIRECTION('',(1.,0.));
#4612 = ( GEOMETRIC_REPRESENTATION_CONTEXT(2) 
PARAMETRIC_REPRESENTATION_CONTEXT() REPRESENTATION_CONTEXT('2D SPACE',''
  ) );
#4613 = PCURVE('',#4614,#4619);
#4614 = CYLINDRICAL_SURFACE('',#4615,2.598734122635);
#4615 = AXIS2_PLACEMENT_3D('',#4616,#4617,#4618);
#4616 = CARTESIAN_POINT('',(0.,0.,0.248527130307));
#4617 = DIRECTION('',(0.,0.,1.));
#4618 = DIRECTION('',(1.,0.,-0.));
#4619 = DEFINITIONAL_REPRESENTATION('',(#4620),#4624);
#4620 = LINE('',#4621,#4622);
#4621 = CARTESIAN_POINT('',(0.,4.702945739386));
#4622 = VECTOR('',#4623,1.);
#4623 = DIRECTION('',(1.,0.));
#4624 = ( GEOMETRIC_REPRESENTATION_CONTEXT(2) 
PARAMETRIC_REPRESENTATION_CONTEXT() REPRESENTATION_CONTEXT('2D SPACE',''
  ) );
#4625 = ORIENTED_EDGE('',*,*,#4626,.T.);
#4626 = EDGE_CURVE('',#4598,#4627,#4629,.T.);
#4627 = VERTEX_POINT('',#4628);
#4628 = CARTESIAN_POINT('',(-3.068601583192,-0.665825330305,
    5.096506290436));
#4629 = SURFACE_CURVE('',#4630,(#4669,#4711),.PCURVE_S1.);
#4630 = B_SPLINE_CURVE_WITH_KNOTS('',7,(#4631,#4632,#4633,#4634,#4635,
    #4636,#4637,#4638,#4639,#4640,#4641,#4642,#4643,#4644,#4645,#4646,
    #4647,#4648,#4649,#4650,#4651,#4652,#4653,#4654,#4655,#4656,#4657,
    #4658,#4659,#4660,#4661,#4662,#4663,#4664,#4665,#4666,#4667,#4668),
  .UNSPECIFIED.,.F.,.F.,(8,6,6,6,6,6,8),(0.,0.228337373498,0.46883376496
    ,0.595158935526,0.725211421307,0.860471570337,1.),.UNSPECIFIED.);
#4631 = CARTESIAN_POINT('',(2.304384474834,1.201345592363,4.951472869693
    ));
#4632 = CARTESIAN_POINT('',(2.199605814109,1.443583594657,4.95658300902)
  );
#4633 = CARTESIAN_POINT('',(2.065806224428,1.673941033048,4.961661784267
    ));
#4634 = CARTESIAN_POINT('',(1.904889983274,1.888173975298,4.966706886013
    ));
#4635 = CARTESIAN_POINT('',(1.719471092423,2.082683135334,4.971720058066
    ));
#4636 = CARTESIAN_POINT('',(1.512613284073,2.254411400737,4.976702598441
    ));
#4637 = CARTESIAN_POINT('',(1.287817085513,2.400830539354,4.981655752369
    ));
#4638 = CARTESIAN_POINT('',(0.797615942725,2.645736978905,4.991759647222
    ));
#4639 = CARTESIAN_POINT('',(0.530489656026,2.74135473349,4.996910915271)
  );
#4640 = CARTESIAN_POINT('',(0.25228860369,2.804753341944,5.002027668715)
  );
#4641 = CARTESIAN_POINT('',(-3.225770044427E-02,2.834789222245,
    5.007112209718));
#4642 = CARTESIAN_POINT('',(-0.318431087479,2.831094879276,
    5.012166412651));
#4643 = CARTESIAN_POINT('',(-0.601523671199,2.794058491631,
    5.017191635766));
#4644 = CARTESIAN_POINT('',(-1.021563479653,2.688747007811,
    5.024807337855));
#4645 = CARTESIAN_POINT('',(-1.164127685188,2.643639069628,
    5.027421817806));
#4646 = CARTESIAN_POINT('',(-1.303955920077,2.589870753272,
    5.030028064811));
#4647 = CARTESIAN_POINT('',(-1.440429730026,2.527677390917,
    5.032626173711));
#4648 = CARTESIAN_POINT('',(-1.572960932036,2.457346682921,
    5.035216279449));
#4649 = CARTESIAN_POINT('',(-1.700992512362,2.379216365914,
    5.037798467491));
#4650 = CARTESIAN_POINT('',(-1.950635947152,2.205603344155,
    5.043022855138));
#4651 = CARTESIAN_POINT('',(-2.071953843524,2.109671816574,5.04566472379
    ));
#4652 = CARTESIAN_POINT('',(-2.187381437902,2.006298374378,
    5.048298247962));
#4653 = CARTESIAN_POINT('',(-2.296397025223,1.895947448519,
    5.050923531933));
#4654 = CARTESIAN_POINT('',(-2.398528954975,1.779124163046,
    5.053540728256));
#4655 = CARTESIAN_POINT('',(-2.493355615116,1.656371673505,
    5.056149939502));
#4656 = CARTESIAN_POINT('',(-2.671144937313,1.395035729995,
    5.061456459003));
#4657 = CARTESIAN_POINT('',(-2.753486297199,1.256007330092,
    5.064153276237));
#4658 = CARTESIAN_POINT('',(-2.827110905521,1.111833943547,
    5.066841525746));
#4659 = CARTESIAN_POINT('',(-2.891673154769,0.96319237889,5.069521338951
    ));
#4660 = CARTESIAN_POINT('',(-2.946893670278,0.810780437854,
    5.072192893517));
#4661 = CARTESIAN_POINT('',(-2.992558089548,0.655314411299,5.07485629761
    ));
#4662 = CARTESIAN_POINT('',(-3.0656195121,0.334765003805,5.080250468917)
  );
#4663 = CARTESIAN_POINT('',(-3.0923970657,0.169522052599,5.082980891383)
  );
#4664 = CARTESIAN_POINT('',(-3.108692585022,2.605776159492E-03,
    5.085702700486));
#4665 = CARTESIAN_POINT('',(-3.114427985843,-0.16518106305,
    5.088416022478));
#4666 = CARTESIAN_POINT('',(-3.109599540902,-0.333040806495,
    5.09112102828));
#4667 = CARTESIAN_POINT('',(-3.094275678251,-0.500182888688,
    5.093817812633));
#4668 = CARTESIAN_POINT('',(-3.068601583192,-0.665825330305,
    5.096506290436));
#4669 = PCURVE('',#4522,#4670);
#4670 = DEFINITIONAL_REPRESENTATION('',(#4671),#4710);
#4671 = B_SPLINE_CURVE_WITH_KNOTS('',7,(#4672,#4673,#4674,#4675,#4676,
    #4677,#4678,#4679,#4680,#4681,#4682,#4683,#4684,#4685,#4686,#4687,
    #4688,#4689,#4690,#4691,#4692,#4693,#4694,#4695,#4696,#4697,#4698,
    #4699,#4700,#4701,#4702,#4703,#4704,#4705,#4706,#4707,#4708,#4709),
  .UNSPECIFIED.,.F.,.F.,(8,6,6,6,6,6,8),(0.,0.228337373498,0.46883376496
    ,0.595158935526,0.725211421307,0.860471570337,1.),.UNSPECIFIED.);
#4672 = CARTESIAN_POINT('',(0.480565920952,0.));
#4673 = CARTESIAN_POINT('',(0.581860520009,5.110139351187E-03));
#4674 = CARTESIAN_POINT('',(0.682529144901,1.018891450997E-02));
#4675 = CARTESIAN_POINT('',(0.782521312119,1.523401640131E-02));
#4676 = CARTESIAN_POINT('',(0.881875834021,2.024718831838E-02));
#4677 = CARTESIAN_POINT('',(0.980626080238,2.522972876441E-02));
#4678 = CARTESIAN_POINT('',(1.0787975877,3.018288267568E-02));
#4679 = CARTESIAN_POINT('',(1.279063956626,4.028677752887E-02));
#4680 = CARTESIAN_POINT('',(1.381169600055,4.543804557766E-02));
#4681 = CARTESIAN_POINT('',(1.48259454314,5.055479902162E-02));
#4682 = CARTESIAN_POINT('',(1.583380874442,5.563934002458E-02));
#4683 = CARTESIAN_POINT('',(1.683562814832,6.069354295841E-02));
#4684 = CARTESIAN_POINT('',(1.783167414493,6.571876607293E-02));
#4685 = CARTESIAN_POINT('',(1.934114618939,7.333446816228E-02));
#4686 = CARTESIAN_POINT('',(1.985934418407,7.594894811339E-02));
#4687 = CARTESIAN_POINT('',(2.03759061559,7.855519511768E-02));
#4688 = CARTESIAN_POINT('',(2.089085309509,8.115330401797E-02));
#4689 = CARTESIAN_POINT('',(2.140421420082,8.374340975603E-02));
#4690 = CARTESIAN_POINT('',(2.191600861289,8.63255977982E-02));
#4691 = CARTESIAN_POINT('',(2.295150003908,9.154998544508E-02));
#4692 = CARTESIAN_POINT('',(2.347513168585,9.419185409747E-02));
#4693 = CARTESIAN_POINT('',(2.399711544095,9.68253782693E-02));
#4694 = CARTESIAN_POINT('',(2.451747274415,9.945066224039E-02));
#4695 = CARTESIAN_POINT('',(2.503623373292,0.102067858564));
#4696 = CARTESIAN_POINT('',(2.555341785785,0.104677069809));
#4697 = CARTESIAN_POINT('',(2.660525706159,0.10998358931));
#4698 = CARTESIAN_POINT('',(2.713981519128,0.112680406544));
#4699 = CARTESIAN_POINT('',(2.767267813284,0.115368656053));
#4700 = CARTESIAN_POINT('',(2.820386966897,0.118048469258));
#4701 = CARTESIAN_POINT('',(2.873342269598,0.120720023824));
#4702 = CARTESIAN_POINT('',(2.926135671686,0.123383427917));
#4703 = CARTESIAN_POINT('',(3.033056780015,0.128777599224));
#4704 = CARTESIAN_POINT('',(3.087177622601,0.131508021695));
#4705 = CARTESIAN_POINT('',(3.141127094357,0.134229830793));
#4706 = CARTESIAN_POINT('',(3.194907633579,0.136943152766));
#4707 = CARTESIAN_POINT('',(3.248522659438,0.13964815856));
#4708 = CARTESIAN_POINT('',(3.301974163602,0.14234494294));
#4709 = CARTESIAN_POINT('',(3.355260609375,0.145033420743));
#4710 = ( GEOMETRIC_REPRESENTATION_CONTEXT(2) 
PARAMETRIC_REPRESENTATION_CONTEXT() REPRESENTATION_CONTEXT('2D SPACE',''
  ) );
#4711 = PCURVE('',#4712,#4737);
#4712 = B_SPLINE_SURFACE_WITH_KNOTS('',1,11,(
    (#4713,#4714,#4715,#4716,#4717,#4718,#4719,#4720,#4721,#4722,#4723
      ,#4724)
    ,(#4725,#4726,#4727,#4728,#4729,#4730,#4731,#4732,#4733,#4734,#4735
      ,#4736
    )),.UNSPECIFIED.,.F.,.F.,.F.,(2,2),(12,12),(0.,0.825),(0.,
    6.362265131567),.PIECEWISE_BEZIER_KNOTS.);
#4713 = CARTESIAN_POINT('',(2.425529497963,6.6049108708E-07,
    4.974986969038));
#4714 = CARTESIAN_POINT('',(2.425529235094,1.385547838758,5.065892794479
    ));
#4715 = CARTESIAN_POINT('',(1.555152892481,2.770276445294,5.156748263887
    ));
#4716 = CARTESIAN_POINT('',(-0.187057271545,3.550919708608,
    5.247996299327));
#4717 = CARTESIAN_POINT('',(-2.316189637852,3.105547771491,
    5.337925367419));
#4718 = CARTESIAN_POINT('',(-3.902987539793,1.288346952422,
    5.430588427901));
#4719 = CARTESIAN_POINT('',(-3.902919560115,-1.288350094782,
    5.519382903993));
#4720 = CARTESIAN_POINT('',(-2.316232972301,-3.105547755745,
    5.612045964436));
#4721 = CARTESIAN_POINT('',(-0.187036141627,-3.550920559889,
    5.701975032571));
#4722 = CARTESIAN_POINT('',(1.555150694341,-2.770275369853,
    5.793223067989));
#4723 = CARTESIAN_POINT('',(2.425529927503,-1.385546385679,
    5.884078537401));
#4724 = CARTESIAN_POINT('',(2.425529589208,7.9258933676E-07,
    5.974984362844));
#4725 = CARTESIAN_POINT('',(3.140007979398,-3.67428E-12,4.562500000073)
  );
#4726 = CARTESIAN_POINT('',(3.140009978982,1.793568818387,4.653409091018
    ));
#4727 = CARTESIAN_POINT('',(2.013352389233,3.587098256311,4.74431818254)
  );
#4728 = CARTESIAN_POINT('',(-0.242565282485,4.594293520391,
    4.835227269517));
#4729 = CARTESIAN_POINT('',(-2.997707729636,4.025733381708,
    4.926136372021));
#4730 = CARTESIAN_POINT('',(-5.0534196954,1.660203664419,5.017045441766)
  );
#4731 = CARTESIAN_POINT('',(-5.052243960126,-1.66021772252,
    5.107954558683));
#4732 = CARTESIAN_POINT('',(-2.998498378884,-4.025708851145,
    5.198863627608));
#4733 = CARTESIAN_POINT('',(-0.242232834265,-4.594306440317,
    5.289772731037));
#4734 = CARTESIAN_POINT('',(2.013284889097,-3.587095744104,
    5.380681817533));
#4735 = CARTESIAN_POINT('',(3.140007575695,-1.793568818396,
    5.471590909152));
#4736 = CARTESIAN_POINT('',(3.140009575279,-5.29254E-12,5.562500000105)
  );
#4737 = DEFINITIONAL_REPRESENTATION('',(#4738),#4777);
#4738 = B_SPLINE_CURVE_WITH_KNOTS('',7,(#4739,#4740,#4741,#4742,#4743,
    #4744,#4745,#4746,#4747,#4748,#4749,#4750,#4751,#4752,#4753,#4754,
    #4755,#4756,#4757,#4758,#4759,#4760,#4761,#4762,#4763,#4764,#4765,
    #4766,#4767,#4768,#4769,#4770,#4771,#4772,#4773,#4774,#4775,#4776),
  .UNSPECIFIED.,.F.,.F.,(8,6,6,6,6,6,8),(0.,0.228337373498,0.46883376496
    ,0.595158935526,0.725211421307,0.860471570337,1.),.UNSPECIFIED.);
#4739 = CARTESIAN_POINT('',(0.199999476342,0.486616046081));
#4740 = CARTESIAN_POINT('',(0.222023688194,0.589185206402));
#4741 = CARTESIAN_POINT('',(0.243911642514,0.691119531474));
#4742 = CARTESIAN_POINT('',(0.265651475056,0.792368672023));
#4743 = CARTESIAN_POINT('',(0.28725192342,0.892973240969));
#4744 = CARTESIAN_POINT('',(0.308721009364,0.992966584086));
#4745 = CARTESIAN_POINT('',(0.330064410666,1.092374272345));
#4746 = CARTESIAN_POINT('',(0.373604581365,1.295162493531));
#4747 = CARTESIAN_POINT('',(0.395803710636,1.398553953734));
#4748 = CARTESIAN_POINT('',(0.41785509525,1.501255844342));
#4749 = CARTESIAN_POINT('',(0.439767644938,1.60331054432));
#4750 = CARTESIAN_POINT('',(0.461548603491,1.704752945207));
#4751 = CARTESIAN_POINT('',(0.483203890544,1.805610649873));
#4752 = CARTESIAN_POINT('',(0.516021585323,1.95845697397));
#4753 = CARTESIAN_POINT('',(0.527287796996,2.010928751355));
#4754 = CARTESIAN_POINT('',(0.538518430221,2.063234905075));
#4755 = CARTESIAN_POINT('',(0.549713957321,2.115377573925));
#4756 = CARTESIAN_POINT('',(0.560875029522,2.167359719765));
#4757 = CARTESIAN_POINT('',(0.572002076086,2.219183278247));
#4758 = CARTESIAN_POINT('',(0.59451503266,2.324035725322));
#4759 = CARTESIAN_POINT('',(0.605899523995,2.377057997928));
#4760 = CARTESIAN_POINT('',(0.617248241198,2.429913445219));
#4761 = CARTESIAN_POINT('',(0.628561650465,2.482604223458));
#4762 = CARTESIAN_POINT('',(0.63984040055,2.535133368032));
#4763 = CARTESIAN_POINT('',(0.651084902882,2.587502834188));
#4764 = CARTESIAN_POINT('',(0.673953800427,2.694010823025));
#4765 = CARTESIAN_POINT('',(0.685576089694,2.748139527351));
#4766 = CARTESIAN_POINT('',(0.697161529759,2.802096551371));
#4767 = CARTESIAN_POINT('',(0.708710618962,2.855884298286));
#4768 = CARTESIAN_POINT('',(0.720224055742,2.909506100873));
#4769 = CARTESIAN_POINT('',(0.731702252245,2.962963941263));
#4770 = CARTESIAN_POINT('',(0.754948652223,3.071230689098));
#4771 = CARTESIAN_POINT('',(0.766715360468,3.126032645583));
#4772 = CARTESIAN_POINT('',(0.778444753993,3.180661068667));
#4773 = CARTESIAN_POINT('',(0.790137363139,3.23511844008));
#4774 = CARTESIAN_POINT('',(0.801793938357,3.289408233195));
#4775 = CARTESIAN_POINT('',(0.813414924518,3.343532471658));
#4776 = CARTESIAN_POINT('',(0.825,3.397489601062));
#4777 = ( GEOMETRIC_REPRESENTATION_CONTEXT(2) 
PARAMETRIC_REPRESENTATION_CONTEXT() REPRESENTATION_CONTEXT('2D SPACE',''
  ) );
#4778 = ORIENTED_EDGE('',*,*,#4779,.F.);
#4779 = EDGE_CURVE('',#4780,#4627,#4782,.T.);
#4780 = VERTEX_POINT('',#4781);
#4781 = CARTESIAN_POINT('',(-1.698994911786,-2.640662543068,
    5.096508139186));
#4782 = SURFACE_CURVE('',#4783,(#4821,#4862),.PCURVE_S1.);
#4783 = B_SPLINE_CURVE_WITH_KNOTS('',8,(#4784,#4785,#4786,#4787,#4788,
    #4789,#4790,#4791,#4792,#4793,#4794,#4795,#4796,#4797,#4798,#4799,
    #4800,#4801,#4802,#4803,#4804,#4805,#4806,#4807,#4808,#4809,#4810,
    #4811,#4812,#4813,#4814,#4815,#4816,#4817,#4818,#4819,#4820),
  .UNSPECIFIED.,.F.,.F.,(9,7,7,7,7,9),(0.,8.14589484131E-02,
    0.359096103883,0.593472935913,0.626931684495,1.),.UNSPECIFIED.);
#4784 = CARTESIAN_POINT('',(-1.698994911787,-2.640662543068,
    5.096508139186));
#4785 = CARTESIAN_POINT('',(-1.710522023454,-2.635661377053,
    5.097052407626));
#4786 = CARTESIAN_POINT('',(-1.723216852271,-2.629740429834,
    5.097573705561));
#4787 = CARTESIAN_POINT('',(-1.736937369411,-2.622961380163,
    5.098071573697));
#4788 = CARTESIAN_POINT('',(-1.751544983471,-2.615386256375,
    5.09854609701));
#4789 = CARTESIAN_POINT('',(-1.766911859212,-2.607074067206,
    5.098997742798));
#4790 = CARTESIAN_POINT('',(-1.782925700498,-2.598078107166,
    5.099427235026));
#4791 = CARTESIAN_POINT('',(-1.799491997428,-2.588443936474,
    5.099835464978));
#4792 = CARTESIAN_POINT('',(-1.874617230944,-2.543320936317,
    5.101545770337));
#4793 = CARTESIAN_POINT('',(-1.937968357844,-2.501597447106,
    5.102627000071));
#4794 = CARTESIAN_POINT('',(-2.003760261413,-2.454404897933,
    5.103516833113));
#4795 = CARTESIAN_POINT('',(-2.07042501025,-2.40248045348,5.104240688873
    ));
#4796 = CARTESIAN_POINT('',(-2.136793135007,-2.346526519372,
    5.104822164248));
#4797 = CARTESIAN_POINT('',(-2.20221692649,-2.286974440136,
    5.105277209919));
#4798 = CARTESIAN_POINT('',(-2.266292478175,-2.224093301028,
    5.105619172657));
#4799 = CARTESIAN_POINT('',(-2.381651260715,-2.101997036393,
    5.106056579472));
#4800 = CARTESIAN_POINT('',(-2.433220549832,-2.043897557886,
    5.106181577137));
#4801 = CARTESIAN_POINT('',(-2.483324433967,-1.983756695958,
    5.106236635182));
#4802 = CARTESIAN_POINT('',(-2.531779438598,-1.921731343659,
    5.10622547578));
#4803 = CARTESIAN_POINT('',(-2.578434234744,-1.857972881294,
    5.106150714296));
#4804 = CARTESIAN_POINT('',(-2.623160514938,-1.792631505428,
    5.106014142869));
#4805 = CARTESIAN_POINT('',(-2.66584778919,-1.725859342023,
    5.105816838798));
#4806 = CARTESIAN_POINT('',(-2.71219148085,-1.648098212034,
    5.105522303575));
#4807 = CARTESIAN_POINT('',(-2.717937353622,-1.63835816326,
    5.105484278001));
#4808 = CARTESIAN_POINT('',(-2.7236394388,-1.628592663945,5.105445022047
    ));
#4809 = CARTESIAN_POINT('',(-2.729297461633,-1.618802184459,
    5.105404536444));
#4810 = CARTESIAN_POINT('',(-2.734911153084,-1.60898719899,5.1053628216)
  );
#4811 = CARTESIAN_POINT('',(-2.740480249828,-1.599148185543,
    5.105319877595));
#4812 = CARTESIAN_POINT('',(-2.746004494256,-1.589285625938,
    5.105275704187));
#4813 = CARTESIAN_POINT('',(-2.81257658317,-1.469174375632,
    5.104724048688));
#4814 = CARTESIAN_POINT('',(-2.867990903224,-1.356210537045,
    5.104065461662));
#4815 = CARTESIAN_POINT('',(-2.917481380839,-1.241042565614,
    5.103253938339));
#4816 = CARTESIAN_POINT('',(-2.960791278493,-1.124367800075,
    5.10228306877));
#4817 = CARTESIAN_POINT('',(-2.997684159843,-1.007027373795,
    5.101143786226));
#4818 = CARTESIAN_POINT('',(-3.027965534256,-0.89028731464,
    5.099818871469));
#4819 = CARTESIAN_POINT('',(-3.051581104149,-0.775636940013,
    5.098288599803));
#4820 = CARTESIAN_POINT('',(-3.068601583192,-0.665825330305,
    5.096506290436));
#4821 = PCURVE('',#4522,#4822);
#4822 = DEFINITIONAL_REPRESENTATION('',(#4823),#4861);
#4823 = B_SPLINE_CURVE_WITH_KNOTS('',8,(#4824,#4825,#4826,#4827,#4828,
    #4829,#4830,#4831,#4832,#4833,#4834,#4835,#4836,#4837,#4838,#4839,
    #4840,#4841,#4842,#4843,#4844,#4845,#4846,#4847,#4848,#4849,#4850,
    #4851,#4852,#4853,#4854,#4855,#4856,#4857,#4858,#4859,#4860),
  .UNSPECIFIED.,.F.,.F.,(9,7,7,7,7,9),(0.,8.14589484131E-02,
    0.359096103883,0.593472935913,0.626931684495,1.),.UNSPECIFIED.);
#4824 = CARTESIAN_POINT('',(4.140669453314,0.145035269493));
#4825 = CARTESIAN_POINT('',(4.136720424721,0.145579537933));
#4826 = CARTESIAN_POINT('',(4.132305996437,0.146100835474));
#4827 = CARTESIAN_POINT('',(4.127475521189,0.146598703789));
#4828 = CARTESIAN_POINT('',(4.122277019777,0.147073227362));
#4829 = CARTESIAN_POINT('',(4.116754717248,0.147524873062));
#4830 = CARTESIAN_POINT('',(4.110947380053,0.147954365068));
#4831 = CARTESIAN_POINT('',(4.104887454206,0.148362595165));
#4832 = CARTESIAN_POINT('',(4.077174849696,0.150072900523));
#4833 = CARTESIAN_POINT('',(4.053211505896,0.151154130312));
#4834 = CARTESIAN_POINT('',(4.027669789721,0.152043963287));
#4835 = CARTESIAN_POINT('',(4.001042653489,0.152767819124));
#4836 = CARTESIAN_POINT('',(3.973707032848,0.153349294488));
#4837 = CARTESIAN_POINT('',(3.945856442342,0.153804340147));
#4838 = CARTESIAN_POINT('',(3.917593292365,0.154146302915));
#4839 = CARTESIAN_POINT('',(3.864689057237,0.154583709729));
#4840 = CARTESIAN_POINT('',(3.840239246711,0.154708707379));
#4841 = CARTESIAN_POINT('',(3.815614528451,0.154763765681));
#4842 = CARTESIAN_POINT('',(3.79085935633,0.154752606449));
#4843 = CARTESIAN_POINT('',(3.766009674532,0.154677844828));
#4844 = CARTESIAN_POINT('',(3.741096439759,0.154541273148));
#4845 = CARTESIAN_POINT('',(3.716147891044,0.154343969062));
#4846 = CARTESIAN_POINT('',(3.687627754167,0.15404943384));
#4847 = CARTESIAN_POINT('',(3.684064785873,0.154011408343));
#4848 = CARTESIAN_POINT('',(3.680501744165,0.153972152469));
#4849 = CARTESIAN_POINT('',(3.676938711105,0.153931666899));
#4850 = CARTESIAN_POINT('',(3.673375768939,0.153889952025));
#4851 = CARTESIAN_POINT('',(3.669813000102,0.153847007943));
#4852 = CARTESIAN_POINT('',(3.66625048721,0.153802834457));
#4853 = CARTESIAN_POINT('',(3.622969723384,0.153251178959));
#4854 = CARTESIAN_POINT('',(3.583339634768,0.152592592113));
#4855 = CARTESIAN_POINT('',(3.543858588352,0.151781066394));
#4856 = CARTESIAN_POINT('',(3.504636824298,0.150810202804));
#4857 = CARTESIAN_POINT('',(3.465822861435,0.149670913778));
#4858 = CARTESIAN_POINT('',(3.427692708057,0.148346002955));
#4859 = CARTESIAN_POINT('',(3.390586521797,0.14681573011));
#4860 = CARTESIAN_POINT('',(3.355260609375,0.145033420743));
#4861 = ( GEOMETRIC_REPRESENTATION_CONTEXT(2) 
PARAMETRIC_REPRESENTATION_CONTEXT() REPRESENTATION_CONTEXT('2D SPACE',''
  ) );
#4862 = PCURVE('',#4863,#4948);
#4863 = ( BOUNDED_SURFACE() B_SPLINE_SURFACE(6,11,(
    (#4864,#4865,#4866,#4867,#4868,#4869,#4870,#4871,#4872,#4873,#4874
      ,#4875)
    ,(#4876,#4877,#4878,#4879,#4880,#4881,#4882,#4883,#4884,#4885,#4886
      ,#4887)
    ,(#4888,#4889,#4890,#4891,#4892,#4893,#4894,#4895,#4896,#4897,#4898
      ,#4899)
    ,(#4900,#4901,#4902,#4903,#4904,#4905,#4906,#4907,#4908,#4909,#4910
      ,#4911)
    ,(#4912,#4913,#4914,#4915,#4916,#4917,#4918,#4919,#4920,#4921,#4922
      ,#4923)
    ,(#4924,#4925,#4926,#4927,#4928,#4929,#4930,#4931,#4932,#4933,#4934
      ,#4935)
    ,(#4936,#4937,#4938,#4939,#4940,#4941,#4942,#4943,#4944,#4945,#4946
,#4947
    )),.UNSPECIFIED.,.F.,.F.,.F.) B_SPLINE_SURFACE_WITH_KNOTS((7,7),(12,
    12),(0.,2.094395102393),(0.,6.362265131567),
.PIECEWISE_BEZIER_KNOTS.) GEOMETRIC_REPRESENTATION_ITEM() 
RATIONAL_B_SPLINE_SURFACE((
    (1.056590953773,1.056590953773,1.056590953773,1.056590953772
      ,1.056590953774,1.056590953772,1.056590953775,1.056590953772
      ,1.056590953774,1.056590953773,1.056590953773,1.056590953773)
    ,(1.017435169568,1.017435169568,1.017435169569,1.017435169567
      ,1.01743516957,1.017435169566,1.01743516957,1.017435169567
      ,1.017435169569,1.017435169568,1.017435169568,1.017435169568)
    ,(0.996326512422,0.996326512422,0.996326512423,0.996326512421
      ,0.996326512424,0.99632651242,0.996326512424,0.996326512421
      ,0.996326512423,0.996326512422,0.996326512422,0.996326512422)
    ,(0.989390034249,0.989390034248,0.989390034249,0.989390034248
      ,0.98939003425,0.989390034247,0.98939003425,0.989390034247
      ,0.989390034249,0.989390034248,0.989390034249,0.989390034249)
    ,(0.996326512422,0.996326512422,0.996326512422,0.996326512421
      ,0.996326512424,0.99632651242,0.996326512424,0.996326512421
      ,0.996326512423,0.996326512422,0.996326512422,0.996326512422)
    ,(1.017435169568,1.017435169568,1.017435169569,1.017435169567
      ,1.01743516957,1.017435169566,1.017435169571,1.017435169566
      ,1.017435169569,1.017435169568,1.017435169568,1.017435169568)
    ,(1.056590953773,1.056590953773,1.056590953773,1.056590953772
      ,1.056590953774,1.056590953772,1.056590953775,1.056590953772
      ,1.056590953774,1.056590953773,1.056590953773,1.056590953773
))) REPRESENTATION_ITEM('') SURFACE() );
#4864 = CARTESIAN_POINT('',(3.140007979398,-3.67556E-12,4.562500000073)
  );
#4865 = CARTESIAN_POINT('',(3.140009978982,1.793568818388,4.653409091018
    ));
#4866 = CARTESIAN_POINT('',(2.013352389233,3.58709825631,4.744318182538)
  );
#4867 = CARTESIAN_POINT('',(-0.242565282487,4.594293520394,4.83522726952
    ));
#4868 = CARTESIAN_POINT('',(-2.99770772963,4.025733381703,4.926136372015
    ));
#4869 = CARTESIAN_POINT('',(-5.05341969541,1.660203664422,5.017045441774
    ));
#4870 = CARTESIAN_POINT('',(-5.052243960116,-1.660217722518,
    5.107954558676));
#4871 = CARTESIAN_POINT('',(-2.998498378889,-4.025708851148,
    5.198863627614));
#4872 = CARTESIAN_POINT('',(-0.242232834264,-4.594306440315,
    5.289772731034));
#4873 = CARTESIAN_POINT('',(2.013284889097,-3.587095744104,
    5.380681817534));
#4874 = CARTESIAN_POINT('',(3.140007575695,-1.793568818396,
    5.471590909152));
#4875 = CARTESIAN_POINT('',(3.140009575279,-5.29288E-12,5.562500000105)
  );
#4876 = CARTESIAN_POINT('',(3.162663866572,-2.094775302E-08,
    4.549420168458));
#4877 = CARTESIAN_POINT('',(3.162665937898,1.80650703489,4.640329362951)
  );
#4878 = CARTESIAN_POINT('',(2.027881750678,3.612999418167,4.731240154812
    ));
#4879 = CARTESIAN_POINT('',(-0.244325423997,4.627378574704,
    4.822138493845));
#4880 = CARTESIAN_POINT('',(-3.019318453249,4.054912177012,
    4.913078672922));
#4881 = CARTESIAN_POINT('',(-5.089899536018,1.671995123413,
    5.003932124187));
#4882 = CARTESIAN_POINT('',(-5.088688674139,-1.672009527641,
    5.094908295683));
#4883 = CARTESIAN_POINT('',(-3.020132799627,-4.054886869104,
    5.185761746103));
#4884 = CARTESIAN_POINT('',(-0.243983103969,-4.627391877315,
    5.276701926134));
#4885 = CARTESIAN_POINT('',(2.027812179837,-3.612996860403,5.36760026467
    ));
#4886 = CARTESIAN_POINT('',(3.162663436447,-1.806507080976,
    5.458511056631));
#4887 = CARTESIAN_POINT('',(3.162665510165,-2.513821972E-08,
    5.549420251132));
#4888 = CARTESIAN_POINT('',(3.178629770659,-3.570721393E-08,
    4.527281721518));
#4889 = CARTESIAN_POINT('',(3.178631951597,1.815624781066,4.618190988983
    ));
#4890 = CARTESIAN_POINT('',(2.038121796204,3.631252374392,4.709102979097
    ));
#4891 = CARTESIAN_POINT('',(-0.245570730066,4.65069389478,4.799993743903
    ));
#4892 = CARTESIAN_POINT('',(-3.034536163884,4.075475253539,
    4.890955823078));
#4893 = CARTESIAN_POINT('',(-5.115624763111,1.680304525578,
    4.981770079209));
#4894 = CARTESIAN_POINT('',(-5.11435442346,-1.680319588919,
    5.072793505035));
#4895 = CARTESIAN_POINT('',(-3.035390560592,-4.075448673342,
    5.163607760279));
#4896 = CARTESIAN_POINT('',(-0.245211634878,-4.650707848652,
    5.254569840454));
#4897 = CARTESIAN_POINT('',(2.038048772593,-3.631249710327,5.34546060474
    ));
#4898 = CARTESIAN_POINT('',(3.178629309992,-1.815624859622,
    5.436372594959));
#4899 = CARTESIAN_POINT('',(3.178631495007,-4.284961333E-08,
    5.527281862432));
#4900 = CARTESIAN_POINT('',(3.184400863902,-4.104205902E-08,
    4.500000809727));
#4901 = CARTESIAN_POINT('',(3.184403172573,1.818920534545,4.590910103569
    ));
#4902 = CARTESIAN_POINT('',(2.041824709733,3.637850249295,4.681822526808
    ));
#4903 = CARTESIAN_POINT('',(-0.246028190364,4.659121301104,
    4.772710553802));
#4904 = CARTESIAN_POINT('',(-3.040019425797,4.082908643065,
    4.863680549092));
#4905 = CARTESIAN_POINT('',(-5.12494945771,1.683307780597,4.954480637541
    ));
#4906 = CARTESIAN_POINT('',(-5.123605809619,-1.683323701662,
    5.045521144191));
#4907 = CARTESIAN_POINT('',(-3.040923139613,-4.082880522029,
    5.136321231701));
#4908 = CARTESIAN_POINT('',(-0.24564838206,-4.659136059707,5.22729122805
    ));
#4909 = CARTESIAN_POINT('',(2.041747463644,-3.637847436103,
    5.318179254492));
#4910 = CARTESIAN_POINT('',(3.184400374406,-1.818920624838,
    5.409091677843));
#4911 = CARTESIAN_POINT('',(3.184402687763,-4.925148669E-08,
    5.500000971693));
#4912 = CARTESIAN_POINT('',(3.178630765795,-3.570767494E-08,
    4.472719687441));
#4913 = CARTESIAN_POINT('',(3.178633196108,1.815625406194,4.563628954911
    ));
#4914 = CARTESIAN_POINT('',(2.038126707239,3.631253782493,4.6545409451)
  );
#4915 = CARTESIAN_POINT('',(-0.245591545215,4.650694687694,
    4.745431709418));
#4916 = CARTESIAN_POINT('',(-3.034487906401,4.075478192975,
    4.836393790036));
#4917 = CARTESIAN_POINT('',(-5.115699839698,1.680304218691,
    4.927208043531));
#4918 = CARTESIAN_POINT('',(-5.114282870318,-1.680321035262,
    5.018231472597));
#4919 = CARTESIAN_POINT('',(-3.035440907521,-4.075448553493,
    5.109045725103));
#4920 = CARTESIAN_POINT('',(-0.245190989339,-4.650710252852,
    5.200007806837));
#4921 = CARTESIAN_POINT('',(2.038045265469,-3.631250805122,
    5.290898570573));
#4922 = CARTESIAN_POINT('',(3.178630254781,-1.815625484751,
    5.381810560881));
#4923 = CARTESIAN_POINT('',(3.178632689171,-4.285027046E-08,
    5.472719828359));
#4924 = CARTESIAN_POINT('',(3.162665669268,-2.094858109E-08,
    4.450580658124));
#4925 = CARTESIAN_POINT('',(3.162668192338,1.806508167313,4.541489852626
    ));
#4926 = CARTESIAN_POINT('',(2.027890647053,3.613001968951,4.632400644624
    ));
#4927 = CARTESIAN_POINT('',(-0.244363130788,4.627380011074,
    4.723298982771));
#4928 = CARTESIAN_POINT('',(-3.019231034472,4.054917501821,
    4.814239164463));
#4929 = CARTESIAN_POINT('',(-5.090035537796,1.671994567483,
    4.905092610953));
#4930 = CARTESIAN_POINT('',(-5.088559055108,-1.6720121477,4.996068788319
    ));
#4931 = CARTESIAN_POINT('',(-3.020224003451,-4.054886651999,
    5.086922233778));
#4932 = CARTESIAN_POINT('',(-0.243945704427,-4.627396232538,
    5.177862416633));
#4933 = CARTESIAN_POINT('',(2.027805826656,-3.612998843633,
    5.268760754174));
#4934 = CARTESIAN_POINT('',(3.16266514794,-1.8065082134,5.359671546295)
  );
#4935 = CARTESIAN_POINT('',(3.162667673401,-2.513940396E-08,
    5.450580740806));
#4936 = CARTESIAN_POINT('',(3.140010259225,-4.71987E-12,4.437500000094)
  );
#4937 = CARTESIAN_POINT('',(3.140012830119,1.793570250536,4.528409091049
    ));
#4938 = CARTESIAN_POINT('',(2.013363640268,3.587101482225,4.619318182744
    ));
#4939 = CARTESIAN_POINT('',(-0.242612969377,4.594295336937,
    4.710227268605));
#4940 = CARTESIAN_POINT('',(-2.997597173165,4.025740115863,
    4.801136374407));
#4941 = CARTESIAN_POINT('',(-5.053591693649,1.660202961353,
    4.892045438127));
#4942 = CARTESIAN_POINT('',(-5.052080033987,-1.660221036049,
    4.982954562451));
#4943 = CARTESIAN_POINT('',(-2.998613722213,-4.025708576575,
    5.073863625116));
#4944 = CARTESIAN_POINT('',(-0.242185535945,-4.594311948266,
    5.164772732108));
#4945 = CARTESIAN_POINT('',(2.013276854378,-3.587098252247,
    5.255681817349));
#4946 = CARTESIAN_POINT('',(3.140009740179,-1.793570250547,5.34659090917
    ));
#4947 = CARTESIAN_POINT('',(3.140012311073,-6.79449E-12,5.437500000135)
  );
#4948 = DEFINITIONAL_REPRESENTATION('',(#4949),#4987);
#4949 = B_SPLINE_CURVE_WITH_KNOTS('',8,(#4950,#4951,#4952,#4953,#4954,
    #4955,#4956,#4957,#4958,#4959,#4960,#4961,#4962,#4963,#4964,#4965,
    #4966,#4967,#4968,#4969,#4970,#4971,#4972,#4973,#4974,#4975,#4976,
    #4977,#4978,#4979,#4980,#4981,#4982,#4983,#4984,#4985,#4986),
  .UNSPECIFIED.,.F.,.F.,(9,7,7,7,7,9),(0.,8.14589484131E-02,
    0.359096103883,0.593472935913,0.626931684495,1.),.UNSPECIFIED.);
#4950 = CARTESIAN_POINT('',(2.094395102393,4.192784504689));
#4951 = CARTESIAN_POINT('',(2.061894475351,4.188785777529));
#4952 = CARTESIAN_POINT('',(2.030068922497,4.184315793672));
#4953 = CARTESIAN_POINT('',(1.998944015473,4.179424526833));
#4954 = CARTESIAN_POINT('',(1.96852531173,4.174160602039));
#4955 = CARTESIAN_POINT('',(1.938803338994,4.1685688008));
#4956 = CARTESIAN_POINT('',(1.909757019036,4.162688377347));
#4957 = CARTESIAN_POINT('',(1.881355530759,4.156552185944));
#4958 = CARTESIAN_POINT('',(1.758818164226,4.128490809787));
#4959 = CARTESIAN_POINT('',(1.671515749512,4.104225874441));
#4960 = CARTESIAN_POINT('',(1.589492774237,4.078362693802));
#4961 = CARTESIAN_POINT('',(1.511838929999,4.051400422639));
#4962 = CARTESIAN_POINT('',(1.437660186745,4.023720740218));
#4963 = CARTESIAN_POINT('',(1.366325458111,3.995519597122));
#4964 = CARTESIAN_POINT('',(1.297162328676,3.966900693507));
#4965 = CARTESIAN_POINT('',(1.172363474846,3.913330529677));
#4966 = CARTESIAN_POINT('',(1.116461549328,3.888572953744));
#4967 = CARTESIAN_POINT('',(1.061505872168,3.863638264127));
#4968 = CARTESIAN_POINT('',(1.007271702721,3.838571475123));
#4969 = CARTESIAN_POINT('',(0.953566345347,3.813408984353));
#4970 = CARTESIAN_POINT('',(0.900212781258,3.78818213922));
#4971 = CARTESIAN_POINT('',(0.847039240122,3.762919535232));
#4972 = CARTESIAN_POINT('',(0.786285144727,3.73404038414));
#4973 = CARTESIAN_POINT('',(0.778695805506,3.730432564871));
#4974 = CARTESIAN_POINT('',(0.771106202397,3.726824671278));
#4975 = CARTESIAN_POINT('',(0.763515843612,3.723216786458));
#4976 = CARTESIAN_POINT('',(0.755924236937,3.719608993697));
#4977 = CARTESIAN_POINT('',(0.748330889734,3.716001376467));
#4978 = CARTESIAN_POINT('',(0.740735308939,3.712394018429));
#4979 = CARTESIAN_POINT('',(0.648415125932,3.668568433832));
#4980 = CARTESIAN_POINT('',(0.563451302805,3.628439482704));
#4981 = CARTESIAN_POINT('',(0.477455933654,3.588461456762));
#4982 = CARTESIAN_POINT('',(0.389650919381,3.548745986667));
#4983 = CARTESIAN_POINT('',(0.299289231857,3.509443462595));
#4984 = CARTESIAN_POINT('',(0.205265287987,3.470833367319));
#4985 = CARTESIAN_POINT('',(0.106423402343,3.433260138959));
#4986 = CARTESIAN_POINT('',(0.,3.397489601062));
#4987 = ( GEOMETRIC_REPRESENTATION_CONTEXT(2) 
PARAMETRIC_REPRESENTATION_CONTEXT() REPRESENTATION_CONTEXT('2D SPACE',''
  ) );
#4988 = ORIENTED_EDGE('',*,*,#4989,.F.);
#4989 = EDGE_CURVE('',#4511,#4780,#4990,.T.);
#4990 = SURFACE_CURVE('',#4991,(#5004,#5020),.PCURVE_S1.);
#4991 = B_SPLINE_CURVE_WITH_KNOTS('',6,(#4992,#4993,#4994,#4995,#4996,
    #4997,#4998,#4999,#5000,#5001,#5002,#5003),.UNSPECIFIED.,.F.,.F.,(7,
    5,7),(0.,0.46919720161,1.),.UNSPECIFIED.);
#4992 = CARTESIAN_POINT('',(1.2015158198,-2.304295722106,4.951472869693)
  );
#4993 = CARTESIAN_POINT('',(1.018889370408,-2.450787337545,
    4.963653116324));
#4994 = CARTESIAN_POINT('',(0.819104616222,-2.578009860395,
    4.975655783327));
#4995 = CARTESIAN_POINT('',(0.605141792937,-2.683768156406,
    4.987486410678));
#4996 = CARTESIAN_POINT('',(0.380180892659,-2.766621622493,
    4.999155752405));
#4997 = CARTESIAN_POINT('',(0.147444654268,-2.825685200453,
    5.010671800777));
#4998 = CARTESIAN_POINT('',(-0.358202078578,-2.900259606233,
    5.034895297564));
#4999 = CARTESIAN_POINT('',(-0.632458360923,-2.909045466307,
    5.047564541059));
#5000 = CARTESIAN_POINT('',(-0.907887704286,-2.886594134707,
    5.060050685694));
#5001 = CARTESIAN_POINT('',(-1.180100532613,-2.833461554076,
    5.072365344275));
#5002 = CARTESIAN_POINT('',(-1.445035357046,-2.750845729559,
    5.084517089336));
#5003 = CARTESIAN_POINT('',(-1.698994911786,-2.640662543068,
    5.096508139186));
#5004 = PCURVE('',#4522,#5005);
#5005 = DEFINITIONAL_REPRESENTATION('',(#5006),#5019);
#5006 = B_SPLINE_CURVE_WITH_KNOTS('',6,(#5007,#5008,#5009,#5010,#5011,
    #5012,#5013,#5014,#5015,#5016,#5017,#5018),.UNSPECIFIED.,.F.,.F.,(7,
    5,7),(0.,0.46919720161,1.),.UNSPECIFIED.);
#5007 = CARTESIAN_POINT('',(5.193028773868,0.));
#5008 = CARTESIAN_POINT('',(5.104653191671,1.218024662836E-02));
#5009 = CARTESIAN_POINT('',(5.017561678868,2.418291364822E-02));
#5010 = CARTESIAN_POINT('',(4.931714951842,3.60135409595E-02));
#5011 = CARTESIAN_POINT('',(4.847038522952,4.768288273311E-02));
#5012 = CARTESIAN_POINT('',(4.763475946621,5.919893107983E-02));
#5013 = CARTESIAN_POINT('',(4.587709701784,8.342242786606E-02));
#5014 = CARTESIAN_POINT('',(4.495783761999,9.609167136529E-02));
#5015 = CARTESIAN_POINT('',(4.405189306348,0.108577815993));
#5016 = CARTESIAN_POINT('',(4.315840187428,0.120892474588));
#5017 = CARTESIAN_POINT('',(4.227672474719,0.133044219643));
#5018 = CARTESIAN_POINT('',(4.140669453314,0.145035269493));
#5019 = ( GEOMETRIC_REPRESENTATION_CONTEXT(2) 
PARAMETRIC_REPRESENTATION_CONTEXT() REPRESENTATION_CONTEXT('2D SPACE',''
  ) );
#5020 = PCURVE('',#5021,#5046);
#5021 = B_SPLINE_SURFACE_WITH_KNOTS('',1,11,(
    (#5022,#5023,#5024,#5025,#5026,#5027,#5028,#5029,#5030,#5031,#5032
      ,#5033)
    ,(#5034,#5035,#5036,#5037,#5038,#5039,#5040,#5041,#5042,#5043,#5044
      ,#5045
    )),.UNSPECIFIED.,.F.,.F.,.F.,(2,2),(12,12),(0.,0.825),(0.,
    6.362265131567),.PIECEWISE_BEZIER_KNOTS.);
#5022 = CARTESIAN_POINT('',(3.140010259225,-4.71953E-12,4.437500000094)
  );
#5023 = CARTESIAN_POINT('',(3.140012830119,1.793570250536,4.528409091049
    ));
#5024 = CARTESIAN_POINT('',(2.013363640268,3.587101482226,4.619318182746
    ));
#5025 = CARTESIAN_POINT('',(-0.242612969375,4.594295336934,4.7102272686)
  );
#5026 = CARTESIAN_POINT('',(-2.997597173172,4.025740115868,
    4.801136374415));
#5027 = CARTESIAN_POINT('',(-5.053591693637,1.660202961351,
    4.892045438116));
#5028 = CARTESIAN_POINT('',(-5.052080033998,-1.660221036051,
    4.982954562462));
#5029 = CARTESIAN_POINT('',(-2.998613722207,-4.025708576571,
    5.073863625108));
#5030 = CARTESIAN_POINT('',(-0.242185535947,-4.594311948269,
    5.164772732113));
#5031 = CARTESIAN_POINT('',(2.013276854379,-3.587098252246,
    5.255681817347));
#5032 = CARTESIAN_POINT('',(3.140009740179,-1.793570250547,5.34659090917
    ));
#5033 = CARTESIAN_POINT('',(3.140012311073,-6.79609E-12,5.437500000135)
  );
#5034 = CARTESIAN_POINT('',(2.425546824654,6.6048313577E-07,
    4.024986969196));
#5035 = CARTESIAN_POINT('',(2.425550903739,1.385558723087,4.115892794717
    ));
#5036 = CARTESIAN_POINT('',(1.555238400351,2.770300962256,4.206748265447
    ));
#5037 = CARTESIAN_POINT('',(-0.187419691909,3.550933514334,
    4.297996292371));
#5038 = CARTESIAN_POINT('',(-2.315349408717,3.105598951114,
    4.387925385599));
#5039 = CARTESIAN_POINT('',(-3.904294726409,1.288341609087,
    4.480588400184));
#5040 = CARTESIAN_POINT('',(-3.901673721532,-1.288375277608,
    4.569382932687));
#5041 = CARTESIAN_POINT('',(-2.317109581563,-3.105545669,4.662045945446)
  );
#5042 = CARTESIAN_POINT('',(-0.186676674407,-3.550962420312,
    4.751975040734));
#5043 = CARTESIAN_POINT('',(1.555089630478,-2.770294431737,
    4.843223066584));
#5044 = CARTESIAN_POINT('',(2.425546377584,-1.385557270026,
    4.934078537533));
#5045 = CARTESIAN_POINT('',(2.425550381242,7.9257793664E-07,
    5.024984363071));
#5046 = DEFINITIONAL_REPRESENTATION('',(#5047),#5060);
#5047 = B_SPLINE_CURVE_WITH_KNOTS('',6,(#5048,#5049,#5050,#5051,#5052,
    #5053,#5054,#5055,#5056,#5057,#5058,#5059),.UNSPECIFIED.,.F.,.F.,(7,
    5,7),(0.,0.46919720161,1.),.UNSPECIFIED.);
#5048 = CARTESIAN_POINT('',(0.625023165692,5.258387875309));
#5049 = CARTESIAN_POINT('',(0.572533811147,5.168899514698));
#5050 = CARTESIAN_POINT('',(0.520808566127,5.080711284669));
#5051 = CARTESIAN_POINT('',(0.469823710132,4.993783716931));
#5052 = CARTESIAN_POINT('',(0.419533863397,4.908041526014));
#5053 = CARTESIAN_POINT('',(0.369905020252,4.823427418344));
#5054 = CARTESIAN_POINT('',(0.265513967405,4.645449629952));
#5055 = CARTESIAN_POINT('',(0.210916534362,4.552367204775));
#5056 = CARTESIAN_POINT('',(0.157108945308,4.460633012103));
#5057 = CARTESIAN_POINT('',(0.104040652839,4.370159665606));
#5058 = CARTESIAN_POINT('',(5.167424732944E-02,4.280882460044));
#5059 = CARTESIAN_POINT('',(0.,4.192784504689));
#5060 = ( GEOMETRIC_REPRESENTATION_CONTEXT(2) 
PARAMETRIC_REPRESENTATION_CONTEXT() REPRESENTATION_CONTEXT('2D SPACE',''
  ) );
#5061 = ADVANCED_FACE('',(#5062),#4534,.F.);
#5062 = FACE_BOUND('',#5063,.F.);
#5063 = EDGE_LOOP('',(#5064,#5094,#5355,#5376,#5377));
#5064 = ORIENTED_EDGE('',*,*,#5065,.F.);
#5065 = EDGE_CURVE('',#5066,#5068,#5070,.T.);
#5066 = VERTEX_POINT('',#5067);
#5067 = CARTESIAN_POINT('',(2.598734122635,2.00149198E-07,3.874993143207
    ));
#5068 = VERTEX_POINT('',#5069);
#5069 = CARTESIAN_POINT('',(2.598734122635,3.33586438E-07,4.124980903732
    ));
#5070 = SURFACE_CURVE('',#5071,(#5075,#5082),.PCURVE_S1.);
#5071 = LINE('',#5072,#5073);
#5072 = CARTESIAN_POINT('',(2.598734122635,0.,0.248527130307));
#5073 = VECTOR('',#5074,1.);
#5074 = DIRECTION('',(0.,0.,1.));
#5075 = PCURVE('',#4534,#5076);
#5076 = DEFINITIONAL_REPRESENTATION('',(#5077),#5081);
#5077 = LINE('',#5078,#5079);
#5078 = CARTESIAN_POINT('',(0.,0.));
#5079 = VECTOR('',#5080,1.);
#5080 = DIRECTION('',(0.,1.));
#5081 = ( GEOMETRIC_REPRESENTATION_CONTEXT(2) 
PARAMETRIC_REPRESENTATION_CONTEXT() REPRESENTATION_CONTEXT('2D SPACE',''
  ) );
#5082 = PCURVE('',#5083,#5088);
#5083 = CYLINDRICAL_SURFACE('',#5084,2.598734122635);
#5084 = AXIS2_PLACEMENT_3D('',#5085,#5086,#5087);
#5085 = CARTESIAN_POINT('',(0.,0.,0.248527130307));
#5086 = DIRECTION('',(0.,0.,1.));
#5087 = DIRECTION('',(1.,0.,-0.));
#5088 = DEFINITIONAL_REPRESENTATION('',(#5089),#5093);
#5089 = LINE('',#5090,#5091);
#5090 = CARTESIAN_POINT('',(6.28318530718,0.));
#5091 = VECTOR('',#5092,1.);
#5092 = DIRECTION('',(0.,1.));
#5093 = ( GEOMETRIC_REPRESENTATION_CONTEXT(2) 
PARAMETRIC_REPRESENTATION_CONTEXT() REPRESENTATION_CONTEXT('2D SPACE',''
  ) );
#5094 = ORIENTED_EDGE('',*,*,#5095,.T.);
#5095 = EDGE_CURVE('',#5066,#5096,#5098,.T.);
#5096 = VERTEX_POINT('',#5097);
#5097 = CARTESIAN_POINT('',(2.598734122635,3.33582193E-07,4.874991434118
    ));
#5098 = SURFACE_CURVE('',#5099,(#5174,#5252),.PCURVE_S1.);
#5099 = B_SPLINE_CURVE_WITH_KNOTS('',7,(#5100,#5101,#5102,#5103,#5104,
    #5105,#5106,#5107,#5108,#5109,#5110,#5111,#5112,#5113,#5114,#5115,
    #5116,#5117,#5118,#5119,#5120,#5121,#5122,#5123,#5124,#5125,#5126,
    #5127,#5128,#5129,#5130,#5131,#5132,#5133,#5134,#5135,#5136,#5137,
    #5138,#5139,#5140,#5141,#5142,#5143,#5144,#5145,#5146,#5147,#5148,
    #5149,#5150,#5151,#5152,#5153,#5154,#5155,#5156,#5157,#5158,#5159,
    #5160,#5161,#5162,#5163,#5164,#5165,#5166,#5167,#5168,#5169,#5170,
    #5171,#5172,#5173),.UNSPECIFIED.,.F.,.F.,(8,6,6,6,6,6,6,6,6,6,6,6,8)
  ,(0.,3.490913624176E-02,0.108004886953,0.196757859205,0.284303063159,
    0.38371851454,0.501403283178,0.617226356505,0.719560941363,
    0.804563362372,0.896280626273,0.957786277963,1.),.UNSPECIFIED.);
#5100 = CARTESIAN_POINT('',(2.598734122635,4.0029841664E-07,
    3.874993155464));
#5101 = CARTESIAN_POINT('',(2.598734110092,8.142485593078E-02,
    3.879979512527));
#5102 = CARTESIAN_POINT('',(2.595757655241,0.162849403104,3.884966302326
    ));
#5103 = CARTESIAN_POINT('',(2.589804822455,0.244142906009,3.889953256927
    ));
#5104 = CARTESIAN_POINT('',(2.580882785441,0.325174995361,3.89494018784)
  );
#5105 = CARTESIAN_POINT('',(2.569005827237,0.405816068404,3.899926986028
    ));
#5106 = CARTESIAN_POINT('',(2.554195340215,0.485937288904,3.904913621895
    ));
#5107 = CARTESIAN_POINT('',(2.499385559508,0.731818611596,3.920341356701
    ));
#5108 = CARTESIAN_POINT('',(2.44955176284,0.895399128525,3.93078273688)
  );
#5109 = CARTESIAN_POINT('',(2.387240700425,1.054961009158,3.941223147533
    ));
#5110 = CARTESIAN_POINT('',(2.312852296586,1.209369786908,3.95166337614)
  );
#5111 = CARTESIAN_POINT('',(2.226906680207,1.357545706133,3.962104469245
    ));
#5112 = CARTESIAN_POINT('',(2.130041733011,1.498468897372,3.972546591523
    ));
#5113 = CARTESIAN_POINT('',(1.89308653968,1.792343883468,3.995666883401)
  );
#5114 = CARTESIAN_POINT('',(1.74815096181,1.94144443893,4.00834785226));
#5115 = CARTESIAN_POINT('',(1.58959358536,2.076772794132,4.021027863827)
  );
#5116 = CARTESIAN_POINT('',(1.419000595991,2.196868271923,4.033706899869
    ));
#5117 = CARTESIAN_POINT('',(1.23812646218,2.300495799723,4.046386345967)
  );
#5118 = CARTESIAN_POINT('',(1.048881181054,2.386654849775,4.059066640968
    ));
#5119 = CARTESIAN_POINT('',(0.660475664773,2.521683287524,4.084250049188
    ));
#5120 = CARTESIAN_POINT('',(0.461428908264,2.57106381215,4.096756824458)
  );
#5121 = CARTESIAN_POINT('',(0.258199555144,2.602071063688,4.109261956327
    ));
#5122 = CARTESIAN_POINT('',(5.282002270114E-02,2.614316538136,
    4.121766195455));
#5123 = CARTESIAN_POINT('',(-0.152654092973,2.607677640219,
    4.134271463152));
#5124 = CARTESIAN_POINT('',(-0.356158546706,2.582298571945,
    4.146778381826));
#5125 = CARTESIAN_POINT('',(-0.782152245001,2.489061330835,
    4.173485024528));
#5126 = CARTESIAN_POINT('',(-1.003565055987,2.415890016735,
    4.187689915622));
#5127 = CARTESIAN_POINT('',(-1.216822455027,2.319773451936,
    4.201892857601));
#5128 = CARTESIAN_POINT('',(-1.419111074115,2.20184681509,4.216094501751
    ));
#5129 = CARTESIAN_POINT('',(-1.607824979829,2.063629321001,
    4.230297611818));
#5130 = CARTESIAN_POINT('',(-1.780590303175,1.907009822815,
    4.244502805701));
#5131 = CARTESIAN_POINT('',(-2.118531506664,1.529898829521,
    4.275515534959));
#5132 = CARTESIAN_POINT('',(-2.276614109813,1.302807207934,
    4.292333940278));
#5133 = CARTESIAN_POINT('',(-2.406058289688,1.056907799847,
    4.309145267741));
#5134 = CARTESIAN_POINT('',(-2.504324171053,0.796574676559,4.32595400033
    ));
#5135 = CARTESIAN_POINT('',(-2.569650757578,0.526473020298,
    4.342764931265));
#5136 = CARTESIAN_POINT('',(-2.601053975828,0.251564298066,
    4.359582722778));
#5137 = CARTESIAN_POINT('',(-2.596250420738,-0.293061596758,
    4.392938017427));
#5138 = CARTESIAN_POINT('',(-2.561103259317,-0.563031067574,
    4.409490388587));
#5139 = CARTESIAN_POINT('',(-2.493187240321,-0.827847084473,
    4.426037507746));
#5140 = CARTESIAN_POINT('',(-2.393505301067,-1.082795218113,
    4.442583096686));
#5141 = CARTESIAN_POINT('',(-2.263788849227,-1.323447649218,
    4.459130542197));
#5142 = CARTESIAN_POINT('',(-2.106498458838,-1.545660169599,
    4.475683456813));
#5143 = CARTESIAN_POINT('',(-1.764668549136,-1.922586068594,
    4.506847250869));
#5144 = CARTESIAN_POINT('',(-1.585331611748,-2.082261210486,
    4.521469194497));
#5145 = CARTESIAN_POINT('',(-1.389276044728,-2.222263361572,
    4.536087937746));
#5146 = CARTESIAN_POINT('',(-1.179115457889,-2.340561740682,
    4.550704665656));
#5147 = CARTESIAN_POINT('',(-0.957717187813,-2.435542271193,
    4.565323224537));
#5148 = CARTESIAN_POINT('',(-0.728173286879,-2.506023964375,
    4.579944876507));
#5149 = CARTESIAN_POINT('',(-0.299179650554,-2.589057625423,
    4.606705275443));
#5150 = CARTESIAN_POINT('',(-0.101149522116,-2.609412505842,
    4.618849271907));
#5151 = CARTESIAN_POINT('',(9.836506017914E-02,-2.612072180583,
    4.630992349886));
#5152 = CARTESIAN_POINT('',(0.297472812553,-2.596941779547,
    4.643134833164));
#5153 = CARTESIAN_POINT('',(0.494294313634,-2.564164153395,
    4.655277975463));
#5154 = CARTESIAN_POINT('',(0.686974409558,-2.514118910363,
    4.667422004652));
#5155 = CARTESIAN_POINT('',(1.075171338018,-2.375539955549,
    4.692665658595));
#5156 = CARTESIAN_POINT('',(1.269772273572,-2.284255794362,
    4.705768972813));
#5157 = CARTESIAN_POINT('',(1.455203764499,-2.174416984124,4.71887028181
    ));
#5158 = CARTESIAN_POINT('',(1.629372763322,-2.047157019144,
    4.731970278414));
#5159 = CARTESIAN_POINT('',(1.790367181215,-1.903872878237,4.74507145983
    ));
#5160 = CARTESIAN_POINT('',(1.936470924568,-1.746214175889,
    4.758174942175));
#5161 = CARTESIAN_POINT('',(2.153224279288,-1.462061830846,
    4.780063042468));
#5162 = CARTESIAN_POINT('',(2.232888831637,-1.342391768094,
    4.788849824516));
#5163 = CARTESIAN_POINT('',(2.304770925795,-1.217688246178,
    4.797636691961));
#5164 = CARTESIAN_POINT('',(2.368495064804,-1.088560849539,
    4.806423672097));
#5165 = CARTESIAN_POINT('',(2.423745332656,-0.955649813965,
    4.815210812398));
#5166 = CARTESIAN_POINT('',(2.470266400178,-0.819623932232,
    4.823997838569));
#5167 = CARTESIAN_POINT('',(2.533678613525,-0.586162406932,
    4.838814299779));
#5168 = CARTESIAN_POINT('',(2.55528738713,-0.49000218921,4.844844371872)
  );
#5169 = CARTESIAN_POINT('',(2.572635425211,-0.392924437898,
    4.850874100893));
#5170 = CARTESIAN_POINT('',(2.585677050316,-0.295155694923,
    4.856903455937));
#5171 = CARTESIAN_POINT('',(2.594381730028,-0.19692471195,4.862932549286
    ));
#5172 = CARTESIAN_POINT('',(2.598734122608,-9.84621034883E-02,
    4.868961686029));
#5173 = CARTESIAN_POINT('',(2.598734122635,4.4E-16,4.87499141369));
#5174 = PCURVE('',#4534,#5175);
#5175 = DEFINITIONAL_REPRESENTATION('',(#5176),#5251);
#5176 = B_SPLINE_CURVE_WITH_KNOTS('',7,(#5177,#5178,#5179,#5180,#5181,
    #5182,#5183,#5184,#5185,#5186,#5187,#5188,#5189,#5190,#5191,#5192,
    #5193,#5194,#5195,#5196,#5197,#5198,#5199,#5200,#5201,#5202,#5203,
    #5204,#5205,#5206,#5207,#5208,#5209,#5210,#5211,#5212,#5213,#5214,
    #5215,#5216,#5217,#5218,#5219,#5220,#5221,#5222,#5223,#5224,#5225,
    #5226,#5227,#5228,#5229,#5230,#5231,#5232,#5233,#5234,#5235,#5236,
    #5237,#5238,#5239,#5240,#5241,#5242,#5243,#5244,#5245,#5246,#5247,
    #5248,#5249,#5250),.UNSPECIFIED.,.F.,.F.,(8,6,6,6,6,6,6,6,6,6,6,6,8)
  ,(0.,3.490913624176E-02,0.108004886953,0.196757859205,0.284303063159,
    0.38371851454,0.501403283178,0.617226356505,0.719560941363,
    0.804563362372,0.896280626273,0.957786277963,1.),.UNSPECIFIED.);
#5177 = CARTESIAN_POINT('',(1.5403592588E-07,3.626466025157));
#5178 = CARTESIAN_POINT('',(3.133250732408E-02,3.63145238222));
#5179 = CARTESIAN_POINT('',(6.266479579223E-02,3.636439172019));
#5180 = CARTESIAN_POINT('',(9.399703905202E-02,3.641426126619));
#5181 = CARTESIAN_POINT('',(0.125329249945,3.646413057533));
#5182 = CARTESIAN_POINT('',(0.156661434542,3.65139985572));
#5183 = CARTESIAN_POINT('',(0.187993592144,3.656386491587));
#5184 = CARTESIAN_POINT('',(0.284931608432,3.671814226393));
#5185 = CARTESIAN_POINT('',(0.350542057451,3.682255606573));
#5186 = CARTESIAN_POINT('',(0.416149262594,3.692696017226));
#5187 = CARTESIAN_POINT('',(0.481754415247,3.703136245833));
#5188 = CARTESIAN_POINT('',(0.54736171767,3.713577338938));
#5189 = CARTESIAN_POINT('',(0.612972357546,3.724019461215));
#5190 = CARTESIAN_POINT('',(0.758237439738,3.747139753094));
#5191 = CARTESIAN_POINT('',(0.837908267518,3.759820721952));
#5192 = CARTESIAN_POINT('',(0.917570307803,3.77250073352));
#5193 = CARTESIAN_POINT('',(0.99722674473,3.785179769562));
#5194 = CARTESIAN_POINT('',(1.076888706781,3.79785921566));
#5195 = CARTESIAN_POINT('',(1.156559407622,3.810539510661));
#5196 = CARTESIAN_POINT('',(1.31479313931,3.835722918881));
#5197 = CARTESIAN_POINT('',(1.393379095505,3.848229694151));
#5198 = CARTESIAN_POINT('',(1.471956931367,3.86073482602));
#5199 = CARTESIAN_POINT('',(1.550529617188,3.873239065147));
#5200 = CARTESIAN_POINT('',(1.629107513635,3.885744332845));
#5201 = CARTESIAN_POINT('',(1.707693573745,3.898251251519));
#5202 = CARTESIAN_POINT('',(1.875497489409,3.924957894221));
#5203 = CARTESIAN_POINT('',(1.964747169992,3.939162785315));
#5204 = CARTESIAN_POINT('',(2.053981509832,3.953365727294));
#5205 = CARTESIAN_POINT('',(2.143206078392,3.967567371444));
#5206 = CARTESIAN_POINT('',(2.23244034149,3.981770481511));
#5207 = CARTESIAN_POINT('',(2.321689900488,3.995975675394));
#5208 = CARTESIAN_POINT('',(2.516544886481,4.026988404651));
#5209 = CARTESIAN_POINT('',(2.622219675332,4.043806809971));
#5210 = CARTESIAN_POINT('',(2.727854451584,4.060618137434));
#5211 = CARTESIAN_POINT('',(2.833476194338,4.077426870023));
#5212 = CARTESIAN_POINT('',(2.939111067697,4.094237800958));
#5213 = CARTESIAN_POINT('',(3.044786029662,4.111055592471));
#5214 = CARTESIAN_POINT('',(3.254367715279,4.14441088712));
#5215 = CARTESIAN_POINT('',(3.358367969599,4.16096325828));
#5216 = CARTESIAN_POINT('',(3.462331285591,4.177510377439));
#5217 = CARTESIAN_POINT('',(3.566282199502,4.194055966379));
#5218 = CARTESIAN_POINT('',(3.670245410982,4.21060341189));
#5219 = CARTESIAN_POINT('',(3.77424555046,4.227156326506));
#5220 = CARTESIAN_POINT('',(3.970049585967,4.258320120562));
#5221 = CARTESIAN_POINT('',(4.061922358827,4.27294206419));
#5222 = CARTESIAN_POINT('',(4.153777513767,4.287560807439));
#5223 = CARTESIAN_POINT('',(4.245621488533,4.302177535349));
#5224 = CARTESIAN_POINT('',(4.337476723816,4.31679609423));
#5225 = CARTESIAN_POINT('',(4.429349641479,4.3314177462));
#5226 = CARTESIAN_POINT('',(4.597491322061,4.358178145136));
#5227 = CARTESIAN_POINT('',(4.673793602307,4.3703221416));
#5228 = CARTESIAN_POINT('',(4.750088807467,4.382465219579));
#5229 = CARTESIAN_POINT('',(4.826379498012,4.394607702857));
#5230 = CARTESIAN_POINT('',(4.902674641608,4.406750845156));
#5231 = CARTESIAN_POINT('',(4.978976819638,4.418894874345));
#5232 = CARTESIAN_POINT('',(5.137588839428,4.444138528288));
#5233 = CARTESIAN_POINT('',(5.219922151225,4.457241842506));
#5234 = CARTESIAN_POINT('',(5.302245231289,4.470343151503));
#5235 = CARTESIAN_POINT('',(5.384561834549,4.483443148107));
#5236 = CARTESIAN_POINT('',(5.466885035765,4.496544329523));
#5237 = CARTESIAN_POINT('',(5.549218568975,4.509647811868));
#5238 = CARTESIAN_POINT('',(5.686741582057,4.531535912161));
#5239 = CARTESIAN_POINT('',(5.741947011457,4.540322694209));
#5240 = CARTESIAN_POINT('',(5.79715100133,4.549109561654));
#5241 = CARTESIAN_POINT('',(5.85235405026,4.55789654179));
#5242 = CARTESIAN_POINT('',(5.907557950742,4.566683682091));
#5243 = CARTESIAN_POINT('',(5.962763227746,4.575470708262));
#5244 = CARTESIAN_POINT('',(6.05585479005,4.590287169472));
#5245 = CARTESIAN_POINT('',(6.093743274048,4.596317241565));
#5246 = CARTESIAN_POINT('',(6.131631559349,4.602346970586));
#5247 = CARTESIAN_POINT('',(6.169519749575,4.60837632563));
#5248 = CARTESIAN_POINT('',(6.207408138042,4.614405418979));
#5249 = CARTESIAN_POINT('',(6.245296820385,4.620434555722));
#5250 = CARTESIAN_POINT('',(6.28318530718,4.626464283383));
#5251 = ( GEOMETRIC_REPRESENTATION_CONTEXT(2) 
PARAMETRIC_REPRESENTATION_CONTEXT() REPRESENTATION_CONTEXT('2D SPACE',''
  ) );
#5252 = PCURVE('',#5253,#5278);
#5253 = B_SPLINE_SURFACE_WITH_KNOTS('',1,11,(
    (#5254,#5255,#5256,#5257,#5258,#5259,#5260,#5261,#5262,#5263,#5264
      ,#5265)
    ,(#5266,#5267,#5268,#5269,#5270,#5271,#5272,#5273,#5274,#5275,#5276
      ,#5277
    )),.UNSPECIFIED.,.F.,.F.,.F.,(2,2),(12,12),(0.,0.825),(0.,
    6.362265131567),.PIECEWISE_BEZIER_KNOTS.);
#5254 = CARTESIAN_POINT('',(2.425529406727,5.2839287858E-07,
    3.97498957523));
#5255 = CARTESIAN_POINT('',(2.425529219284,1.385547654555,4.065895400676
    ));
#5256 = CARTESIAN_POINT('',(1.555152984793,2.770276256266,4.156750870067
    ));
#5257 = CARTESIAN_POINT('',(-0.18705707058,3.55091958564,4.247998905566)
  );
#5258 = CARTESIAN_POINT('',(-2.316189383,3.10554777998,4.337927973514));
#5259 = CARTESIAN_POINT('',(-3.902987320688,1.288347117578,
    4.430591034239));
#5260 = CARTESIAN_POINT('',(-3.902919485538,-1.288349834658,
    4.519385510043));
#5261 = CARTESIAN_POINT('',(-2.316233052987,-3.105547512235,
    4.612048570726));
#5262 = CARTESIAN_POINT('',(-0.187036328458,-3.550920416374,
    4.701977638721));
#5263 = CARTESIAN_POINT('',(1.555150485012,-2.77027535026,4.793225674195
    ));
#5264 = CARTESIAN_POINT('',(2.425529760832,-1.385546465671,
    4.884081143592));
#5265 = CARTESIAN_POINT('',(2.425529497963,6.604911247E-07,
    4.974986969038));
#5266 = CARTESIAN_POINT('',(3.140006383518,-2.34266E-12,3.562500000047)
  );
#5267 = CARTESIAN_POINT('',(3.140008383098,1.79356790702,3.653409090985)
  );
#5268 = CARTESIAN_POINT('',(2.013351365862,3.587096431836,3.744318182384
    ));
#5269 = CARTESIAN_POINT('',(-0.242565158858,4.594291189873,
    3.835227270126));
#5270 = CARTESIAN_POINT('',(-2.99770620654,4.025731326376,3.926136370426
    ));
#5271 = CARTESIAN_POINT('',(-5.053417127002,1.66020283382,4.01704544411)
  );
#5272 = CARTESIAN_POINT('',(-5.052241391727,-1.66021689192,
    4.107954556281));
#5273 = CARTESIAN_POINT('',(-2.998496855791,-4.025706795824,
    4.198863629143));
#5274 = CARTESIAN_POINT('',(-0.242232710623,-4.594304109792,
    4.289772730371));
#5275 = CARTESIAN_POINT('',(2.01328386572,-3.587093919629,4.380681817629
    ));
#5276 = CARTESIAN_POINT('',(3.140005979817,-1.793567907026,
    4.471590909127));
#5277 = CARTESIAN_POINT('',(3.140007979398,-3.63762E-12,4.562500000073)
  );
#5278 = DEFINITIONAL_REPRESENTATION('',(#5279),#5354);
#5279 = B_SPLINE_CURVE_WITH_KNOTS('',7,(#5280,#5281,#5282,#5283,#5284,
    #5285,#5286,#5287,#5288,#5289,#5290,#5291,#5292,#5293,#5294,#5295,
    #5296,#5297,#5298,#5299,#5300,#5301,#5302,#5303,#5304,#5305,#5306,
    #5307,#5308,#5309,#5310,#5311,#5312,#5313,#5314,#5315,#5316,#5317,
    #5318,#5319,#5320,#5321,#5322,#5323,#5324,#5325,#5326,#5327,#5328,
    #5329,#5330,#5331,#5332,#5333,#5334,#5335,#5336,#5337,#5338,#5339,
    #5340,#5341,#5342,#5343,#5344,#5345,#5346,#5347,#5348,#5349,#5350,
    #5351,#5352,#5353),.UNSPECIFIED.,.F.,.F.,(8,6,6,6,6,6,6,6,6,6,6,6,8)
  ,(0.,3.490913624176E-02,0.108004886953,0.196757859205,0.284303063159,
    0.38371851454,0.501403283178,0.617226356505,0.719560941363,
    0.804563362372,0.896280626273,0.957786277963,1.),.UNSPECIFIED.);
#5280 = CARTESIAN_POINT('',(0.199997893936,0.));
#5281 = CARTESIAN_POINT('',(0.199997857746,3.172527386782E-02));
#5282 = CARTESIAN_POINT('',(0.199996943201,6.345126489736E-02));
#5283 = CARTESIAN_POINT('',(0.199995739476,9.517775538723E-02));
#5284 = CARTESIAN_POINT('',(0.199994659225,0.126904562516));
#5285 = CARTESIAN_POINT('',(0.199993938586,0.158631538341));
#5286 = CARTESIAN_POINT('',(0.199993637179,0.190358569802));
#5287 = CARTESIAN_POINT('',(0.199993640046,0.28851831765));
#5288 = CARTESIAN_POINT('',(0.199995161225,0.354955717686));
#5289 = CARTESIAN_POINT('',(0.199997936634,0.421389176058));
#5290 = CARTESIAN_POINT('',(0.200000637571,0.487819886543));
#5291 = CARTESIAN_POINT('',(0.200002398223,0.55425236291));
#5292 = CARTESIAN_POINT('',(0.2000032048,0.62068807629));
#5293 = CARTESIAN_POINT('',(0.200003077352,0.767779986326));
#5294 = CARTESIAN_POINT('',(0.200001752927,0.848452788368));
#5295 = CARTESIAN_POINT('',(0.199999422067,0.929117087364));
#5296 = CARTESIAN_POINT('',(0.199997075432,1.009776211879));
#5297 = CARTESIAN_POINT('',(0.199995459913,1.090441290322));
#5298 = CARTESIAN_POINT('',(0.199994730964,1.171115312311));
#5299 = CARTESIAN_POINT('',(0.199994756109,1.331341633821));
#5300 = CARTESIAN_POINT('',(0.199995487406,1.410917146369));
#5301 = CARTESIAN_POINT('',(0.199996815171,1.490484220195));
#5302 = CARTESIAN_POINT('',(0.199998258008,1.5700457701));
#5303 = CARTESIAN_POINT('',(0.199999356062,1.649612323972));
#5304 = CARTESIAN_POINT('',(0.199999875601,1.729187007303));
#5305 = CARTESIAN_POINT('',(0.19999979442,1.899101865412));
#5306 = CARTESIAN_POINT('',(0.199999034969,1.989474259412));
#5307 = CARTESIAN_POINT('',(0.199997542687,2.079831261612));
#5308 = CARTESIAN_POINT('',(0.199995774726,2.170178678574));
#5309 = CARTESIAN_POINT('',(0.199994310952,2.260536239276));
#5310 = CARTESIAN_POINT('',(0.199993565859,2.350909486036));
#5311 = CARTESIAN_POINT('',(0.199993560451,2.548217917058));
#5312 = CARTESIAN_POINT('',(0.199994605009,2.655223361107));
#5313 = CARTESIAN_POINT('',(0.199996781868,2.762188157663));
#5314 = CARTESIAN_POINT('',(0.199999579396,2.869139343854));
#5315 = CARTESIAN_POINT('',(0.200001791908,2.976103389583));
#5316 = CARTESIAN_POINT('',(0.200002870849,3.083107829011));
#5317 = CARTESIAN_POINT('',(0.200002790039,3.295326244135));
#5318 = CARTESIAN_POINT('',(0.200001665455,3.400634928074));
#5319 = CARTESIAN_POINT('',(0.199999472094,3.505906420299));
#5320 = CARTESIAN_POINT('',(0.199996755204,3.611165781699));
#5321 = CARTESIAN_POINT('',(0.199994644797,3.716437991834));
#5322 = CARTESIAN_POINT('',(0.199993625182,3.821747722449));
#5323 = CARTESIAN_POINT('',(0.199993614996,4.020017198388));
#5324 = CARTESIAN_POINT('',(0.199994395874,4.11304670569));
#5325 = CARTESIAN_POINT('',(0.199995943119,4.20605815734));
#5326 = CARTESIAN_POINT('',(0.199997787874,4.299057926864));
#5327 = CARTESIAN_POINT('',(0.19999928628,4.392068763418));
#5328 = CARTESIAN_POINT('',(0.199999953181,4.48509736489));
#5329 = CARTESIAN_POINT('',(0.199999773397,4.65535421799));
#5330 = CARTESIAN_POINT('',(0.199999161088,4.732616393671));
#5331 = CARTESIAN_POINT('',(0.199998024516,4.809871544659));
#5332 = CARTESIAN_POINT('',(0.199996600237,4.887122382019));
#5333 = CARTESIAN_POINT('',(0.199995315079,4.964378015177));
#5334 = CARTESIAN_POINT('',(0.199994603744,5.04164097231));
#5335 = CARTESIAN_POINT('',(0.199994562344,5.20225031014));
#5336 = CARTESIAN_POINT('',(0.199995347925,5.285620461754));
#5337 = CARTESIAN_POINT('',(0.199997108717,5.368980156558));
#5338 = CARTESIAN_POINT('',(0.199999661765,5.452332897481));
#5339 = CARTESIAN_POINT('',(0.200002139647,5.535691782916));
#5340 = CARTESIAN_POINT('',(0.20000342165,5.619060744493));
#5341 = CARTESIAN_POINT('',(0.200003267639,5.758313284921));
#5342 = CARTESIAN_POINT('',(0.200002582469,5.814213000401));
#5343 = CARTESIAN_POINT('',(0.200001228503,5.870111378732));
#5344 = CARTESIAN_POINT('',(0.199999266667,5.926009073719));
#5345 = CARTESIAN_POINT('',(0.19999711153,5.981908040664));
#5346 = CARTESIAN_POINT('',(0.199995408594,6.037808834773));
#5347 = CARTESIAN_POINT('',(0.199993946564,6.132073518782));
#5348 = CARTESIAN_POINT('',(0.199993751462,6.170439544497));
#5349 = CARTESIAN_POINT('',(0.199994043347,6.20880536765));
#5350 = CARTESIAN_POINT('',(0.199994903757,6.247170942137));
#5351 = CARTESIAN_POINT('',(0.199996205793,6.285536331481));
#5352 = CARTESIAN_POINT('',(0.199997411194,6.323901305347));
#5353 = CARTESIAN_POINT('',(0.199997367405,6.362264936063));
#5354 = ( GEOMETRIC_REPRESENTATION_CONTEXT(2) 
PARAMETRIC_REPRESENTATION_CONTEXT() REPRESENTATION_CONTEXT('2D SPACE',''
  ) );
#5355 = ORIENTED_EDGE('',*,*,#5356,.T.);
#5356 = EDGE_CURVE('',#5096,#4513,#5357,.T.);
#5357 = SURFACE_CURVE('',#5358,(#5362,#5369),.PCURVE_S1.);
#5358 = LINE('',#5359,#5360);
#5359 = CARTESIAN_POINT('',(2.598734122635,0.,0.248527130307));
#5360 = VECTOR('',#5361,1.);
#5361 = DIRECTION('',(0.,0.,1.));
#5362 = PCURVE('',#4534,#5363);
#5363 = DEFINITIONAL_REPRESENTATION('',(#5364),#5368);
#5364 = LINE('',#5365,#5366);
#5365 = CARTESIAN_POINT('',(6.28318530718,0.));
#5366 = VECTOR('',#5367,1.);
#5367 = DIRECTION('',(0.,1.));
#5368 = ( GEOMETRIC_REPRESENTATION_CONTEXT(2) 
PARAMETRIC_REPRESENTATION_CONTEXT() REPRESENTATION_CONTEXT('2D SPACE',''
  ) );
#5369 = PCURVE('',#4614,#5370);
#5370 = DEFINITIONAL_REPRESENTATION('',(#5371),#5375);
#5371 = LINE('',#5372,#5373);
#5372 = CARTESIAN_POINT('',(0.,0.));
#5373 = VECTOR('',#5374,1.);
#5374 = DIRECTION('',(0.,1.));
#5375 = ( GEOMETRIC_REPRESENTATION_CONTEXT(2) 
PARAMETRIC_REPRESENTATION_CONTEXT() REPRESENTATION_CONTEXT('2D SPACE',''
  ) );
#5376 = ORIENTED_EDGE('',*,*,#4510,.F.);
#5377 = ORIENTED_EDGE('',*,*,#5378,.F.);
#5378 = EDGE_CURVE('',#5068,#4511,#5379,.T.);
#5379 = SURFACE_CURVE('',#5380,(#5443,#5509),.PCURVE_S1.);
#5380 = B_SPLINE_CURVE_WITH_KNOTS('',6,(#5381,#5382,#5383,#5384,#5385,
    #5386,#5387,#5388,#5389,#5390,#5391,#5392,#5393,#5394,#5395,#5396,
    #5397,#5398,#5399,#5400,#5401,#5402,#5403,#5404,#5405,#5406,#5407,
    #5408,#5409,#5410,#5411,#5412,#5413,#5414,#5415,#5416,#5417,#5418,
    #5419,#5420,#5421,#5422,#5423,#5424,#5425,#5426,#5427,#5428,#5429,
    #5430,#5431,#5432,#5433,#5434,#5435,#5436,#5437,#5438,#5439,#5440,
    #5441,#5442),.UNSPECIFIED.,.F.,.F.,(7,5,5,5,5,5,5,5,5,5,5,5,7),(0.,
    5.058762839349E-02,0.137652462475,0.211889768614,0.245473192531,
    0.345767161953,0.469392369751,0.561478909388,0.611088181173,
    0.702922449751,0.750111359312,0.870216819384,1.),.UNSPECIFIED.);
#5381 = CARTESIAN_POINT('',(2.598734122635,5.0037962396E-07,
    4.124980913946));
#5382 = CARTESIAN_POINT('',(2.598734100727,0.113778690952,4.131948377365
    ));
#5383 = CARTESIAN_POINT('',(2.592756270556,0.227557506342,4.138914764901
    ));
#5384 = CARTESIAN_POINT('',(2.580800808408,0.340942302359,4.145881229668
    ));
#5385 = CARTESIAN_POINT('',(2.562902104189,0.453541786993,4.152848267481
    ));
#5386 = CARTESIAN_POINT('',(2.539128622664,0.564969156527,4.15981592242)
  );
#5387 = CARTESIAN_POINT('',(2.458732283971,0.863944172445,4.178776526427
    ));
#5388 = CARTESIAN_POINT('',(2.390778915991,1.048462011614,4.190771399248
    ));
#5389 = CARTESIAN_POINT('',(2.306246369052,1.226429869779,4.202766022873
    ));
#5390 = CARTESIAN_POINT('',(2.205953971304,1.396017151439,4.214760053094
    ));
#5391 = CARTESIAN_POINT('',(2.090961293358,1.555520844506,4.226754505151
    ));
#5392 = CARTESIAN_POINT('',(1.853162686114,1.829504200488,4.248973348338
    ));
#5393 = CARTESIAN_POINT('',(1.733992155883,1.947168769294,4.259199270416
    ));
#5394 = CARTESIAN_POINT('',(1.605916806418,2.055450567996,4.269424312042
    ));
#5395 = CARTESIAN_POINT('',(1.469868614681,2.153527621898,4.279649221181
    ));
#5396 = CARTESIAN_POINT('',(1.326870526092,2.24069455143,4.289874683705)
  );
#5397 = CARTESIAN_POINT('',(1.110716746885,2.350623871765,4.304725518481
    ));
#5398 = CARTESIAN_POINT('',(1.042195952834,2.382515889374,4.309351208666
    ));
#5399 = CARTESIAN_POINT('',(0.972583491781,2.412007514168,4.313976937952
    ));
#5400 = CARTESIAN_POINT('',(0.901984574206,2.439052723206,4.318602709405
    ));
#5401 = CARTESIAN_POINT('',(0.830506916261,2.463611684693,4.323228521713
    ));
#5402 = CARTESIAN_POINT('',(0.542503828467,2.551468530112,4.341669059589
    ));
#5403 = CARTESIAN_POINT('',(0.319861342827,2.594821858869,4.355485981322
    ));
#5404 = CARTESIAN_POINT('',(9.332304270639E-02,2.614786626714,
    4.369300975864));
#5405 = CARTESIAN_POINT('',(-0.134062279972,2.611022648668,
    4.383115888676));
#5406 = CARTESIAN_POINT('',(-0.359229238978,2.583651790843,
    4.396932741818));
#5407 = CARTESIAN_POINT('',(-0.850185216713,2.471419566798,
    4.427775884693));
#5408 = CARTESIAN_POINT('',(-1.113371416304,2.37463490631,4.444809222946
    ));
#5409 = CARTESIAN_POINT('',(-1.362897058974,2.244312354573,
    4.461835971146));
#5410 = CARTESIAN_POINT('',(-1.593605963168,2.083004216753,
    4.478862874868));
#5411 = CARTESIAN_POINT('',(-1.800855845657,1.894108651717,
    4.495896536653));
#5412 = CARTESIAN_POINT('',(-2.114902451401,1.524303957366,
    4.525609912641));
#5413 = CARTESIAN_POINT('',(-2.233882883043,1.353598470343,
    4.538295946369));
#5414 = CARTESIAN_POINT('',(-2.336210772634,1.171890911374,
    4.550980787372));
#5415 = CARTESIAN_POINT('',(-2.420674391289,0.981222246274,
    4.563665736972));
#5416 = CARTESIAN_POINT('',(-2.486362319834,0.783784039838,
    4.576352033547));
#5417 = CARTESIAN_POINT('',(-2.557726140218,0.473186509594,
    4.595870512492));
#5418 = CARTESIAN_POINT('',(-2.577108871083,0.363154441175,
    4.602704103991));
#5419 = CARTESIAN_POINT('',(-2.590805738885,0.252197349384,
    4.609537620871));
#5420 = CARTESIAN_POINT('',(-2.598765080712,0.140681731236,
    4.616371041634));
#5421 = CARTESIAN_POINT('',(-2.600966901339,2.897716856164E-02,
    4.623204353896));
#5422 = CARTESIAN_POINT('',(-2.590862340935,-0.288985622343,
    4.64268684246));
#5423 = CARTESIAN_POINT('',(-2.564611639901,-0.494822031759,
    4.655337032833));
#5424 = CARTESIAN_POINT('',(-2.518739907772,-0.697660292874,
    4.667985524273));
#5425 = CARTESIAN_POINT('',(-2.453713756274,-0.895192950667,
    4.680633909776));
#5426 = CARTESIAN_POINT('',(-2.370320291931,-1.085201361936,
    4.69328384097));
#5427 = CARTESIAN_POINT('',(-2.218043665369,-1.358295118535,
    4.712432451347));
#5428 = CARTESIAN_POINT('',(-2.161812711086,-1.448459461232,
    4.718932181512));
#5429 = CARTESIAN_POINT('',(-2.101194638832,-1.535811383857,
    4.725432002923));
#5430 = CARTESIAN_POINT('',(-2.03636675648,-1.620086242046,
    4.731931918356));
#5431 = CARTESIAN_POINT('',(-1.967527396974,-1.701034761319,
    4.738431921973));
#5432 = CARTESIAN_POINT('',(-1.710033898027,-1.975392082373,
    4.761476030259));
#5433 = CARTESIAN_POINT('',(-1.500549998547,-2.149357702579,
    4.778025217285));
#5434 = CARTESIAN_POINT('',(-1.270134845822,-2.296339188251,
    4.794569496502));
#5435 = CARTESIAN_POINT('',(-1.023171188645,-2.413402156545,
    4.811113649092));
#5436 = CARTESIAN_POINT('',(-0.764473880969,-2.49839342998,
    4.827662471227));
#5437 = CARTESIAN_POINT('',(-0.212918984848,-2.606393844742,
    4.862082618716));
#5438 = CARTESIAN_POINT('',(8.121002877869E-02,-2.623895515032,
    4.879965150929));
#5439 = CARTESIAN_POINT('',(0.376260855988,-2.601432714947,
    4.897838981691));
#5440 = CARTESIAN_POINT('',(0.66558428122,-2.539373892305,4.915712883191
    ));
#5441 = CARTESIAN_POINT('',(0.942699896511,-2.439249878383,
    4.933596011248));
#5442 = CARTESIAN_POINT('',(1.201524506433,-2.304291192664,
    4.951473469693));
#5443 = PCURVE('',#4534,#5444);
#5444 = DEFINITIONAL_REPRESENTATION('',(#5445),#5508);
#5445 = B_SPLINE_CURVE_WITH_KNOTS('',6,(#5446,#5447,#5448,#5449,#5450,
    #5451,#5452,#5453,#5454,#5455,#5456,#5457,#5458,#5459,#5460,#5461,
    #5462,#5463,#5464,#5465,#5466,#5467,#5468,#5469,#5470,#5471,#5472,
    #5473,#5474,#5475,#5476,#5477,#5478,#5479,#5480,#5481,#5482,#5483,
    #5484,#5485,#5486,#5487,#5488,#5489,#5490,#5491,#5492,#5493,#5494,
    #5495,#5496,#5497,#5498,#5499,#5500,#5501,#5502,#5503,#5504,#5505,
    #5506,#5507),.UNSPECIFIED.,.F.,.F.,(7,5,5,5,5,5,5,5,5,5,5,5,7),(0.,
    5.058762839349E-02,0.137652462475,0.211889768614,0.245473192531,
    0.345767161953,0.469392369751,0.561478909388,0.611088181173,
    0.702922449751,0.750111359312,0.870216819384,1.),.UNSPECIFIED.);
#5446 = CARTESIAN_POINT('',(1.9254744821E-07,3.876453783639));
#5447 = CARTESIAN_POINT('',(4.37823515538E-02,3.883421247058));
#5448 = CARTESIAN_POINT('',(8.756475303636E-02,3.890387634593));
#5449 = CARTESIAN_POINT('',(0.131346597583,3.897354099361));
#5450 = CARTESIAN_POINT('',(0.175128379735,3.904321137174));
#5451 = CARTESIAN_POINT('',(0.218910586574,3.911288792112));
#5452 = CARTESIAN_POINT('',(0.338043942176,3.93024939612));
#5453 = CARTESIAN_POINT('',(0.413401353957,3.942244268941));
#5454 = CARTESIAN_POINT('',(0.488751997579,3.954238892566));
#5455 = CARTESIAN_POINT('',(0.564102733194,3.966232922787));
#5456 = CARTESIAN_POINT('',(0.639460387439,3.978227374843));
#5457 = CARTESIAN_POINT('',(0.779062162058,4.000446218031));
#5458 = CARTESIAN_POINT('',(0.843314798766,4.010672140109));
#5459 = CARTESIAN_POINT('',(0.907564316456,4.020897181735));
#5460 = CARTESIAN_POINT('',(0.971813806578,4.031122090874));
#5461 = CARTESIAN_POINT('',(1.036066399497,4.041347553398));
#5462 = CARTESIAN_POINT('',(1.129381587952,4.056198388174));
#5463 = CARTESIAN_POINT('',(1.158446913033,4.060824078359));
#5464 = CARTESIAN_POINT('',(1.187512244397,4.065449807644));
#5465 = CARTESIAN_POINT('',(1.216577575344,4.070075579098));
#5466 = CARTESIAN_POINT('',(1.245642895817,4.074701391406));
#5467 = CARTESIAN_POINT('',(1.361509168209,4.093141929281));
#5468 = CARTESIAN_POINT('',(1.448321981798,4.106958851015));
#5469 = CARTESIAN_POINT('',(1.535120970527,4.120773845557));
#5470 = CARTESIAN_POINT('',(1.621920005695,4.134588758369));
#5471 = CARTESIAN_POINT('',(1.708732932112,4.14840561151));
#5472 = CARTESIAN_POINT('',(1.902527568541,4.179248754386));
#5473 = CARTESIAN_POINT('',(2.009554364631,4.196282092639));
#5474 = CARTESIAN_POINT('',(2.116542154825,4.213308840839));
#5475 = CARTESIAN_POINT('',(2.223529883572,4.230335744561));
#5476 = CARTESIAN_POINT('',(2.330556547797,4.247369406346));
#5477 = CARTESIAN_POINT('',(2.517247663965,4.277082782334));
#5478 = CARTESIAN_POINT('',(2.596953162364,4.289768816062));
#5479 = CARTESIAN_POINT('',(2.676649589421,4.302453657065));
#5480 = CARTESIAN_POINT('',(2.7563460242,4.315138606664));
#5481 = CARTESIAN_POINT('',(2.836051561214,4.32782490324));
#5482 = CARTESIAN_POINT('',(2.958684528952,4.347343382185));
#5483 = CARTESIAN_POINT('',(3.001619816376,4.354176973684));
#5484 = CARTESIAN_POINT('',(3.044555171459,4.361010490564));
#5485 = CARTESIAN_POINT('',(3.087490533029,4.367843911327));
#5486 = CARTESIAN_POINT('',(3.13042583927,4.374677223589));
#5487 = CARTESIAN_POINT('',(3.252840558175,4.394159712153));
#5488 = CARTESIAN_POINT('',(3.332327752327,4.406809902526));
#5489 = CARTESIAN_POINT('',(3.411805989781,4.419458393966));
#5490 = CARTESIAN_POINT('',(3.49128420567,4.432106779469));
#5491 = CARTESIAN_POINT('',(3.570771344787,4.444756710663));
#5492 = CARTESIAN_POINT('',(3.691091211002,4.46390532104));
#5493 = CARTESIAN_POINT('',(3.731931705438,4.470405051205));
#5494 = CARTESIAN_POINT('',(3.772772240235,4.476904872616));
#5495 = CARTESIAN_POINT('',(3.813612769622,4.483404788049));
#5496 = CARTESIAN_POINT('',(3.854453248358,4.489904791665));
#5497 = CARTESIAN_POINT('',(3.999240789668,4.512948899952));
#5498 = CARTESIAN_POINT('',(4.103216757964,4.529498086978));
#5499 = CARTESIAN_POINT('',(4.207158966386,4.546042366195));
#5500 = CARTESIAN_POINT('',(4.311101225248,4.562586518785));
#5501 = CARTESIAN_POINT('',(4.415077382354,4.57913534092));
#5502 = CARTESIAN_POINT('',(4.631347780545,4.613555488409));
#5503 = CARTESIAN_POINT('',(4.743713121526,4.631438020622));
#5504 = CARTESIAN_POINT('',(4.856028891417,4.649311851384));
#5505 = CARTESIAN_POINT('',(4.968344516157,4.667185752884));
#5506 = CARTESIAN_POINT('',(5.080709669418,4.685068880941));
#5507 = CARTESIAN_POINT('',(5.193032543628,4.702946339386));
#5508 = ( GEOMETRIC_REPRESENTATION_CONTEXT(2) 
PARAMETRIC_REPRESENTATION_CONTEXT() REPRESENTATION_CONTEXT('2D SPACE',''
  ) );
#5509 = PCURVE('',#5021,#5510);
#5510 = DEFINITIONAL_REPRESENTATION('',(#5511),#5574);
#5511 = B_SPLINE_CURVE_WITH_KNOTS('',6,(#5512,#5513,#5514,#5515,#5516,
    #5517,#5518,#5519,#5520,#5521,#5522,#5523,#5524,#5525,#5526,#5527,
    #5528,#5529,#5530,#5531,#5532,#5533,#5534,#5535,#5536,#5537,#5538,
    #5539,#5540,#5541,#5542,#5543,#5544,#5545,#5546,#5547,#5548,#5549,
    #5550,#5551,#5552,#5553,#5554,#5555,#5556,#5557,#5558,#5559,#5560,
    #5561,#5562,#5563,#5564,#5565,#5566,#5567,#5568,#5569,#5570,#5571,
    #5572,#5573),.UNSPECIFIED.,.F.,.F.,(7,5,5,5,5,5,5,5,5,5,5,5,7),(0.,
    5.058762839349E-02,0.137652462475,0.211889768614,0.245473192531,
    0.345767161953,0.469392369751,0.561478909388,0.611088181173,
    0.702922449751,0.750111359312,0.870216819384,1.),.UNSPECIFIED.);
#5512 = CARTESIAN_POINT('',(0.625018427928,0.));
#5513 = CARTESIAN_POINT('',(0.625018781885,4.43311819343E-02));
#5514 = CARTESIAN_POINT('',(0.625021373992,8.866419102839E-02));
#5515 = CARTESIAN_POINT('',(0.625023822902,0.132997517785));
#5516 = CARTESIAN_POINT('',(0.625025331716,0.177331158518));
#5517 = CARTESIAN_POINT('',(0.625025937282,0.221665283759));
#5518 = CARTESIAN_POINT('',(0.6250254535,0.342300161397));
#5519 = CARTESIAN_POINT('',(0.625022846494,0.41860705476));
#5520 = CARTESIAN_POINT('',(0.62501892719,0.494905942089));
#5521 = CARTESIAN_POINT('',(0.625016329315,0.571204238514));
#5522 = CARTESIAN_POINT('',(0.625015108004,0.647509365977));
#5523 = CARTESIAN_POINT('',(0.625015039441,0.78886656749));
#5524 = CARTESIAN_POINT('',(0.625015858556,0.853927234188));
#5525 = CARTESIAN_POINT('',(0.625017359038,0.91898501185));
#5526 = CARTESIAN_POINT('',(0.625019007135,0.984043099247));
#5527 = CARTESIAN_POINT('',(0.625020417726,1.049104581647));
#5528 = CARTESIAN_POINT('',(0.625021878676,1.143594754786));
#5529 = CARTESIAN_POINT('',(0.625022250654,1.173026089137));
#5530 = CARTESIAN_POINT('',(0.62502252424,1.202457450505));
#5531 = CARTESIAN_POINT('',(0.625022692426,1.231888821825));
#5532 = CARTESIAN_POINT('',(0.625022756516,1.26132018291));
#5533 = CARTESIAN_POINT('',(0.625022635367,1.378645605803));
#5534 = CARTESIAN_POINT('',(0.625021702425,1.466551607803));
#5535 = CARTESIAN_POINT('',(0.625020139577,1.554443286343));
#5536 = CARTESIAN_POINT('',(0.625018784712,1.642334586214));
#5537 = CARTESIAN_POINT('',(0.625018111211,1.730239716426));
#5538 = CARTESIAN_POINT('',(0.625018136031,1.926472350537));
#5539 = CARTESIAN_POINT('',(0.625019183773,2.034845472674));
#5540 = CARTESIAN_POINT('',(0.625021362974,2.14317931783));
#5541 = CARTESIAN_POINT('',(0.625023514796,2.251513666383));
#5542 = CARTESIAN_POINT('',(0.625024577455,2.359887766776));
#5543 = CARTESIAN_POINT('',(0.625024493309,2.548929420353));
#5544 = CARTESIAN_POINT('',(0.625023837166,2.6296384983));
#5545 = CARTESIAN_POINT('',(0.625022522669,2.710338335143));
#5546 = CARTESIAN_POINT('',(0.625020780428,2.791038002367));
#5547 = CARTESIAN_POINT('',(0.625019041565,2.871746683445));
#5548 = CARTESIAN_POINT('',(0.625016829127,2.995922820493));
#5549 = CARTESIAN_POINT('',(0.625016140804,3.039398343668));
#5550 = CARTESIAN_POINT('',(0.625015590352,3.082873897364));
#5551 = CARTESIAN_POINT('',(0.625015212672,3.126349431285));
#5552 = CARTESIAN_POINT('',(0.625015025972,3.169824897612));
#5553 = CARTESIAN_POINT('',(0.625015042501,3.293779708482));
#5554 = CARTESIAN_POINT('',(0.625015708843,3.374266945754));
#5555 = CARTESIAN_POINT('',(0.625017028897,3.45474523311));
#5556 = CARTESIAN_POINT('',(0.625018745584,3.535223720846));
#5557 = CARTESIAN_POINT('',(0.625020426673,3.615711466223));
#5558 = CARTESIAN_POINT('',(0.625022492092,3.737546185026));
#5559 = CARTESIAN_POINT('',(0.625023110358,3.77890091106));
#5560 = CARTESIAN_POINT('',(0.625023603722,3.820255708421));
#5561 = CARTESIAN_POINT('',(0.625023944847,3.861610517894));
#5562 = CARTESIAN_POINT('',(0.625024121164,3.902965278601));
#5563 = CARTESIAN_POINT('',(0.625024169746,4.049575998523));
#5564 = CARTESIAN_POINT('',(0.62502316272,4.154861149322));
#5565 = CARTESIAN_POINT('',(0.625021136936,4.260111774337));
#5566 = CARTESIAN_POINT('',(0.625019031155,4.365361856511));
#5567 = CARTESIAN_POINT('',(0.625017971745,4.470645938921));
#5568 = CARTESIAN_POINT('',(0.625017949023,4.689636800956));
#5569 = CARTESIAN_POINT('',(0.625019155212,4.803415581341));
#5570 = CARTESIAN_POINT('',(0.625021750943,4.917144500841));
#5571 = CARTESIAN_POINT('',(0.625024301988,5.030874238334));
#5572 = CARTESIAN_POINT('',(0.625024574388,5.14465446635));
#5573 = CARTESIAN_POINT('',(0.625023165146,5.25839169048));
#5574 = ( GEOMETRIC_REPRESENTATION_CONTEXT(2) 
PARAMETRIC_REPRESENTATION_CONTEXT() REPRESENTATION_CONTEXT('2D SPACE',''
  ) );
#5575 = ADVANCED_FACE('',(#5576),#5021,.F.);
#5576 = FACE_BOUND('',#5577,.F.);
#5577 = EDGE_LOOP('',(#5578,#5610,#5655,#5656));
#5578 = ORIENTED_EDGE('',*,*,#5579,.F.);
#5579 = EDGE_CURVE('',#5580,#4780,#5582,.T.);
#5580 = VERTEX_POINT('',#5581);
#5581 = CARTESIAN_POINT('',(3.140010259225,-4.719E-12,4.437500000094));
#5582 = SURFACE_CURVE('',#5583,(#5596,#5603),.PCURVE_S1.);
#5583 = ( BOUNDED_CURVE() B_SPLINE_CURVE(11,(#5584,#5585,#5586,#5587,
    #5588,#5589,#5590,#5591,#5592,#5593,#5594,#5595),.UNSPECIFIED.,.F.,
.F.) B_SPLINE_CURVE_WITH_KNOTS((12,12),(0.,6.362265131567),
.PIECEWISE_BEZIER_KNOTS.) CURVE() GEOMETRIC_REPRESENTATION_ITEM() 
RATIONAL_B_SPLINE_CURVE((1.056590953773,1.056590953773,1.056590953773,
    1.056590953772,1.056590953774,1.056590953772,1.056590953775,
    1.056590953772,1.056590953774,1.056590953773,1.056590953773,
1.056590953773)) REPRESENTATION_ITEM('') );
#5584 = CARTESIAN_POINT('',(3.140010259225,-4.71987E-12,4.437500000094)
  );
#5585 = CARTESIAN_POINT('',(3.140012830119,1.793570250536,4.528409091049
    ));
#5586 = CARTESIAN_POINT('',(2.013363640268,3.587101482225,4.619318182744
    ));
#5587 = CARTESIAN_POINT('',(-0.242612969377,4.594295336937,
    4.710227268605));
#5588 = CARTESIAN_POINT('',(-2.997597173165,4.025740115863,
    4.801136374407));
#5589 = CARTESIAN_POINT('',(-5.053591693649,1.660202961353,
    4.892045438127));
#5590 = CARTESIAN_POINT('',(-5.052080033987,-1.660221036049,
    4.982954562451));
#5591 = CARTESIAN_POINT('',(-2.998613722213,-4.025708576575,
    5.073863625116));
#5592 = CARTESIAN_POINT('',(-0.242185535945,-4.594311948266,
    5.164772732108));
#5593 = CARTESIAN_POINT('',(2.013276854378,-3.587098252247,
    5.255681817349));
#5594 = CARTESIAN_POINT('',(3.140009740179,-1.793570250547,5.34659090917
    ));
#5595 = CARTESIAN_POINT('',(3.140012311073,-6.79449E-12,5.437500000135)
  );
#5596 = PCURVE('',#5021,#5597);
#5597 = DEFINITIONAL_REPRESENTATION('',(#5598),#5602);
#5598 = LINE('',#5599,#5600);
#5599 = CARTESIAN_POINT('',(0.,0.));
#5600 = VECTOR('',#5601,1.);
#5601 = DIRECTION('',(0.,1.));
#5602 = ( GEOMETRIC_REPRESENTATION_CONTEXT(2) 
PARAMETRIC_REPRESENTATION_CONTEXT() REPRESENTATION_CONTEXT('2D SPACE',''
  ) );
#5603 = PCURVE('',#4863,#5604);
#5604 = DEFINITIONAL_REPRESENTATION('',(#5605),#5609);
#5605 = LINE('',#5606,#5607);
#5606 = CARTESIAN_POINT('',(2.094395102393,0.));
#5607 = VECTOR('',#5608,1.);
#5608 = DIRECTION('',(0.,1.));
#5609 = ( GEOMETRIC_REPRESENTATION_CONTEXT(2) 
PARAMETRIC_REPRESENTATION_CONTEXT() REPRESENTATION_CONTEXT('2D SPACE',''
  ) );
#5610 = ORIENTED_EDGE('',*,*,#5611,.T.);
#5611 = EDGE_CURVE('',#5580,#5068,#5612,.T.);
#5612 = SURFACE_CURVE('',#5613,(#5616,#5623),.PCURVE_S1.);
#5613 = B_SPLINE_CURVE_WITH_KNOTS('',1,(#5614,#5615),.UNSPECIFIED.,.F.,
  .F.,(2,2),(0.,0.825),.PIECEWISE_BEZIER_KNOTS.);
#5614 = CARTESIAN_POINT('',(3.140010259225,-4.68645E-12,4.437500000094)
  );
#5615 = CARTESIAN_POINT('',(2.425546824654,6.6048317252E-07,
    4.024986969196));
#5616 = PCURVE('',#5021,#5617);
#5617 = DEFINITIONAL_REPRESENTATION('',(#5618),#5622);
#5618 = LINE('',#5619,#5620);
#5619 = CARTESIAN_POINT('',(0.,0.));
#5620 = VECTOR('',#5621,1.);
#5621 = DIRECTION('',(1.,0.));
#5622 = ( GEOMETRIC_REPRESENTATION_CONTEXT(2) 
PARAMETRIC_REPRESENTATION_CONTEXT() REPRESENTATION_CONTEXT('2D SPACE',''
  ) );
#5623 = PCURVE('',#5624,#5649);
#5624 = B_SPLINE_SURFACE_WITH_KNOTS('',1,11,(
    (#5625,#5626,#5627,#5628,#5629,#5630,#5631,#5632,#5633,#5634,#5635
      ,#5636)
    ,(#5637,#5638,#5639,#5640,#5641,#5642,#5643,#5644,#5645,#5646,#5647
      ,#5648
    )),.UNSPECIFIED.,.F.,.F.,.F.,(2,2),(12,12),(0.,0.825),(0.,
    6.362265131567),.PIECEWISE_BEZIER_KNOTS.);
#5625 = CARTESIAN_POINT('',(3.14000820738,-3.01312E-12,3.43750000006));
#5626 = CARTESIAN_POINT('',(3.140010778269,1.793569078778,3.528409091006
    ));
#5627 = CARTESIAN_POINT('',(2.013362324505,3.587099136473,3.619318182546
    ));
#5628 = CARTESIAN_POINT('',(-0.242612810425,4.594292340554,
    3.710227269384));
#5629 = CARTESIAN_POINT('',(-2.997595214906,4.025737473298,
    3.801136372365));
#5630 = CARTESIAN_POINT('',(-5.053588391412,1.660201893437,3.89204544113
    ));
#5631 = CARTESIAN_POINT('',(-5.052076731769,-1.660219968137,
    3.982954559373));
#5632 = CARTESIAN_POINT('',(-2.998611763945,-4.025705934017,
    4.073863627081));
#5633 = CARTESIAN_POINT('',(-0.242185376978,-4.594308951879,
    4.164772731256));
#5634 = CARTESIAN_POINT('',(2.013275538609,-3.587095906493,
    4.255681817472));
#5635 = CARTESIAN_POINT('',(3.140007688336,-1.793569078786,
    4.346590909138));
#5636 = CARTESIAN_POINT('',(3.140010259225,-4.68645E-12,4.437500000094)
  );
#5637 = CARTESIAN_POINT('',(2.425543268079,5.2838778544E-07,
    3.024989575331));
#5638 = CARTESIAN_POINT('',(2.425547422582,1.385556559915,3.115895400841
    ));
#5639 = CARTESIAN_POINT('',(1.555236270481,2.770296811511,3.206750871295
    ));
#5640 = CARTESIAN_POINT('',(-0.187419222486,3.550928330812,
    3.297998899922));
#5641 = CARTESIAN_POINT('',(-2.315345846581,3.105594496596,
    3.387927988251));
#5642 = CARTESIAN_POINT('',(-3.904288930207,1.288339970654,
    3.480591011588));
#5643 = CARTESIAN_POINT('',(-3.901668069857,-1.288373213895,
    3.569385533545));
#5644 = CARTESIAN_POINT('',(-2.31710635496,-3.10554096251,3.662048555053
    ));
#5645 = CARTESIAN_POINT('',(-0.186676592761,-3.550957216228,
    3.751977645446));
#5646 = CARTESIAN_POINT('',(1.555087198964,-2.770290450429,
    3.843225672996));
#5647 = CARTESIAN_POINT('',(2.425542745577,-1.385555371044,
    3.934081143671));
#5648 = CARTESIAN_POINT('',(2.425546824654,6.6048317252E-07,
    4.024986969196));
#5649 = DEFINITIONAL_REPRESENTATION('',(#5650),#5654);
#5650 = LINE('',#5651,#5652);
#5651 = CARTESIAN_POINT('',(0.,6.362265131567));
#5652 = VECTOR('',#5653,1.);
#5653 = DIRECTION('',(1.,0.));
#5654 = ( GEOMETRIC_REPRESENTATION_CONTEXT(2) 
PARAMETRIC_REPRESENTATION_CONTEXT() REPRESENTATION_CONTEXT('2D SPACE',''
  ) );
#5655 = ORIENTED_EDGE('',*,*,#5378,.T.);
#5656 = ORIENTED_EDGE('',*,*,#4989,.T.);
#5657 = ADVANCED_FACE('',(#5658),#4863,.F.);
#5658 = FACE_BOUND('',#5659,.F.);
#5659 = EDGE_LOOP('',(#5660,#5692,#5802,#5803));
#5660 = ORIENTED_EDGE('',*,*,#5661,.F.);
#5661 = EDGE_CURVE('',#5662,#4627,#5664,.T.);
#5662 = VERTEX_POINT('',#5663);
#5663 = CARTESIAN_POINT('',(3.140007979398,-3.672E-12,4.562500000073));
#5664 = SURFACE_CURVE('',#5665,(#5678,#5685),.PCURVE_S1.);
#5665 = B_SPLINE_CURVE_WITH_KNOTS('',11,(#5666,#5667,#5668,#5669,#5670,
    #5671,#5672,#5673,#5674,#5675,#5676,#5677),.UNSPECIFIED.,.F.,.F.,(12
    ,12),(0.,6.362265131567),.PIECEWISE_BEZIER_KNOTS.);
#5666 = CARTESIAN_POINT('',(3.140007979398,-3.67428E-12,4.562500000073)
  );
#5667 = CARTESIAN_POINT('',(3.140009978982,1.793568818387,4.653409091018
    ));
#5668 = CARTESIAN_POINT('',(2.013352389233,3.587098256311,4.74431818254)
  );
#5669 = CARTESIAN_POINT('',(-0.242565282485,4.594293520391,
    4.835227269517));
#5670 = CARTESIAN_POINT('',(-2.997707729636,4.025733381708,
    4.926136372021));
#5671 = CARTESIAN_POINT('',(-5.0534196954,1.660203664419,5.017045441766)
  );
#5672 = CARTESIAN_POINT('',(-5.052243960126,-1.66021772252,
    5.107954558683));
#5673 = CARTESIAN_POINT('',(-2.998498378884,-4.025708851145,
    5.198863627608));
#5674 = CARTESIAN_POINT('',(-0.242232834265,-4.594306440317,
    5.289772731037));
#5675 = CARTESIAN_POINT('',(2.013284889097,-3.587095744104,
    5.380681817533));
#5676 = CARTESIAN_POINT('',(3.140007575695,-1.793568818396,
    5.471590909152));
#5677 = CARTESIAN_POINT('',(3.140009575279,-5.29254E-12,5.562500000105)
  );
#5678 = PCURVE('',#4863,#5679);
#5679 = DEFINITIONAL_REPRESENTATION('',(#5680),#5684);
#5680 = LINE('',#5681,#5682);
#5681 = CARTESIAN_POINT('',(0.,0.));
#5682 = VECTOR('',#5683,1.);
#5683 = DIRECTION('',(0.,1.));
#5684 = ( GEOMETRIC_REPRESENTATION_CONTEXT(2) 
PARAMETRIC_REPRESENTATION_CONTEXT() REPRESENTATION_CONTEXT('2D SPACE',''
  ) );
#5685 = PCURVE('',#4712,#5686);
#5686 = DEFINITIONAL_REPRESENTATION('',(#5687),#5691);
#5687 = LINE('',#5688,#5689);
#5688 = CARTESIAN_POINT('',(0.825,0.));
#5689 = VECTOR('',#5690,1.);
#5690 = DIRECTION('',(0.,1.));
#5691 = ( GEOMETRIC_REPRESENTATION_CONTEXT(2) 
PARAMETRIC_REPRESENTATION_CONTEXT() REPRESENTATION_CONTEXT('2D SPACE',''
  ) );
#5692 = ORIENTED_EDGE('',*,*,#5693,.T.);
#5693 = EDGE_CURVE('',#5662,#5580,#5694,.T.);
#5694 = SURFACE_CURVE('',#5695,(#5703,#5710),.PCURVE_S1.);
#5695 = ( BOUNDED_CURVE() B_SPLINE_CURVE(6,(#5696,#5697,#5698,#5699,
#5700,#5701,#5702),.UNSPECIFIED.,.F.,.F.) B_SPLINE_CURVE_WITH_KNOTS((7,7
),(0.,2.094395102393),.PIECEWISE_BEZIER_KNOTS.) CURVE() 
GEOMETRIC_REPRESENTATION_ITEM() RATIONAL_B_SPLINE_CURVE((1.056590953773,
    1.017435169568,0.996326512422,0.989390034249,0.996326512422,
1.017435169568,1.056590953773)) REPRESENTATION_ITEM('') );
#5696 = CARTESIAN_POINT('',(3.140007979398,-3.63585E-12,4.562500000073)
  );
#5697 = CARTESIAN_POINT('',(3.162663866572,-2.094771614E-08,
    4.549420168458));
#5698 = CARTESIAN_POINT('',(3.178629770659,-3.570717501E-08,
    4.527281721518));
#5699 = CARTESIAN_POINT('',(3.184400863902,-4.104202286E-08,
    4.500000809727));
#5700 = CARTESIAN_POINT('',(3.178630765795,-3.570763506E-08,
    4.472719687441));
#5701 = CARTESIAN_POINT('',(3.162665669268,-2.094854556E-08,
    4.450580658124));
#5702 = CARTESIAN_POINT('',(3.140010259225,-4.68412E-12,4.437500000094)
  );
#5703 = PCURVE('',#4863,#5704);
#5704 = DEFINITIONAL_REPRESENTATION('',(#5705),#5709);
#5705 = LINE('',#5706,#5707);
#5706 = CARTESIAN_POINT('',(0.,0.));
#5707 = VECTOR('',#5708,1.);
#5708 = DIRECTION('',(1.,0.));
#5709 = ( GEOMETRIC_REPRESENTATION_CONTEXT(2) 
PARAMETRIC_REPRESENTATION_CONTEXT() REPRESENTATION_CONTEXT('2D SPACE',''
  ) );
#5710 = PCURVE('',#5711,#5796);
#5711 = ( BOUNDED_SURFACE() B_SPLINE_SURFACE(6,11,(
    (#5712,#5713,#5714,#5715,#5716,#5717,#5718,#5719,#5720,#5721,#5722
      ,#5723)
    ,(#5724,#5725,#5726,#5727,#5728,#5729,#5730,#5731,#5732,#5733,#5734
      ,#5735)
    ,(#5736,#5737,#5738,#5739,#5740,#5741,#5742,#5743,#5744,#5745,#5746
      ,#5747)
    ,(#5748,#5749,#5750,#5751,#5752,#5753,#5754,#5755,#5756,#5757,#5758
      ,#5759)
    ,(#5760,#5761,#5762,#5763,#5764,#5765,#5766,#5767,#5768,#5769,#5770
      ,#5771)
    ,(#5772,#5773,#5774,#5775,#5776,#5777,#5778,#5779,#5780,#5781,#5782
      ,#5783)
    ,(#5784,#5785,#5786,#5787,#5788,#5789,#5790,#5791,#5792,#5793,#5794
,#5795
    )),.UNSPECIFIED.,.F.,.F.,.F.) B_SPLINE_SURFACE_WITH_KNOTS((7,7),(12,
    12),(0.,2.094395102393),(0.,6.362265131567),
.PIECEWISE_BEZIER_KNOTS.) GEOMETRIC_REPRESENTATION_ITEM() 
RATIONAL_B_SPLINE_SURFACE((
    (1.056590953773,1.056590953773,1.056590953773,1.056590953773
      ,1.056590953773,1.056590953773,1.056590953773,1.056590953773
      ,1.056590953773,1.056590953773,1.056590953773,1.056590953773)
    ,(1.017435169568,1.017435169568,1.017435169568,1.017435169568
      ,1.017435169569,1.017435169567,1.017435169569,1.017435169568
      ,1.017435169569,1.017435169568,1.017435169568,1.017435169568)
    ,(0.996326512422,0.996326512422,0.996326512422,0.996326512422
      ,0.996326512423,0.996326512421,0.996326512423,0.996326512422
      ,0.996326512422,0.996326512422,0.996326512422,0.996326512422)
    ,(0.989390034249,0.989390034249,0.989390034249,0.989390034248
      ,0.989390034249,0.989390034248,0.989390034249,0.989390034248
      ,0.989390034249,0.989390034249,0.989390034249,0.989390034249)
    ,(0.996326512422,0.996326512422,0.996326512422,0.996326512422
      ,0.996326512423,0.996326512421,0.996326512423,0.996326512422
      ,0.996326512422,0.996326512422,0.996326512422,0.996326512422)
    ,(1.017435169568,1.017435169568,1.017435169568,1.017435169568
      ,1.017435169569,1.017435169567,1.017435169569,1.017435169567
      ,1.017435169569,1.017435169568,1.017435169568,1.017435169568)
    ,(1.056590953773,1.056590953773,1.056590953773,1.056590953773
      ,1.056590953773,1.056590953773,1.056590953773,1.056590953773
      ,1.056590953773,1.056590953773,1.056590953773,1.056590953773
))) REPRESENTATION_ITEM('') SURFACE() );
#5712 = CARTESIAN_POINT('',(3.140006383518,-2.34636E-12,3.562500000047)
  );
#5713 = CARTESIAN_POINT('',(3.140008383098,1.79356790702,3.653409090985)
  );
#5714 = CARTESIAN_POINT('',(2.013351365861,3.587096431835,3.744318182384
    ));
#5715 = CARTESIAN_POINT('',(-0.242565158857,4.594291189874,
    3.835227270127));
#5716 = CARTESIAN_POINT('',(-2.997706206541,4.025731326374,
    3.926136370424));
#5717 = CARTESIAN_POINT('',(-5.053417127,1.660202833821,4.017045444113)
  );
#5718 = CARTESIAN_POINT('',(-5.052241391728,-1.660216891921,
    4.107954556279));
#5719 = CARTESIAN_POINT('',(-2.998496855789,-4.025706795823,
    4.198863629145));
#5720 = CARTESIAN_POINT('',(-0.242232710623,-4.594304109793,
    4.28977273037));
#5721 = CARTESIAN_POINT('',(2.013283865721,-3.587093919629,4.38068181763
    ));
#5722 = CARTESIAN_POINT('',(3.140005979817,-1.793567907026,
    4.471590909127));
#5723 = CARTESIAN_POINT('',(3.140007979398,-3.63585E-12,4.562500000073)
  );
#5724 = CARTESIAN_POINT('',(3.16266222298,-1.675759338E-08,
    3.549420085789));
#5725 = CARTESIAN_POINT('',(3.16266429191,1.806506100465,3.640329280275)
  );
#5726 = CARTESIAN_POINT('',(2.027880691929,3.612997541834,3.731240072011
    ));
#5727 = CARTESIAN_POINT('',(-0.244325302821,4.627376174182,
    3.822138411828));
#5728 = CARTESIAN_POINT('',(-3.019316889941,4.054910056242,
    3.913078588642));
#5729 = CARTESIAN_POINT('',(-5.089896893117,1.671994261235,
    4.003932043955));
#5730 = CARTESIAN_POINT('',(-5.088686026669,-1.672008678953,
    4.094908210572));
#5731 = CARTESIAN_POINT('',(-3.020131225675,-4.054884756328,
    4.185761665039));
#5732 = CARTESIAN_POINT('',(-0.243982970482,-4.627389477443,
    4.276701842808));
#5733 = CARTESIAN_POINT('',(2.027811130647,-3.612994978696,
    4.367600182127));
#5734 = CARTESIAN_POINT('',(3.16266179525,-1.80650613817,4.458510973964)
  );
#5735 = CARTESIAN_POINT('',(3.162663866572,-2.094771614E-08,
    4.549420168458));
#5736 = CARTESIAN_POINT('',(3.178628046312,-2.856513754E-08,
    3.527281580611));
#5737 = CARTESIAN_POINT('',(3.178630223169,1.815623803475,3.618190848068
    ));
#5738 = CARTESIAN_POINT('',(2.0381206823,3.63125040763,3.709102838051));
#5739 = CARTESIAN_POINT('',(-0.245570606967,4.650691376099,
    3.799993603679));
#5740 = CARTESIAN_POINT('',(-3.034534527254,4.075473025949,
    3.890955680481));
#5741 = CARTESIAN_POINT('',(-5.115621991857,1.680303616617,
    3.981769940857));
#5742 = CARTESIAN_POINT('',(-5.114351644409,-1.68031870295,
    4.072793361566));
#5743 = CARTESIAN_POINT('',(-3.035388905817,-4.075446459381,
    4.163607621054));
#5744 = CARTESIAN_POINT('',(-0.245211490803,-4.650705331078,
    4.254569698857));
#5745 = CARTESIAN_POINT('',(2.038047674988,-3.631247734405,
    4.345460463964));
#5746 = CARTESIAN_POINT('',(3.178627589725,-1.815623867747,
    4.436372454053));
#5747 = CARTESIAN_POINT('',(3.178629770659,-3.570717501E-08,
    4.527281721518));
#5748 = CARTESIAN_POINT('',(3.184399040042,-3.283296684E-08,
    3.500000647769));
#5749 = CARTESIAN_POINT('',(3.184401344022,1.818919501192,3.590909941602
    ));
#5750 = CARTESIAN_POINT('',(2.041823530798,3.637848169448,3.681822364703
    ));
#5751 = CARTESIAN_POINT('',(-0.246028061123,4.659118637019,
    3.772710392566));
#5752 = CARTESIAN_POINT('',(-3.040017695545,4.082906286291,
    3.863680385346));
#5753 = CARTESIAN_POINT('',(-5.124946526887,1.68330681813,3.954480478284
    ));
#5754 = CARTESIAN_POINT('',(-5.123602869826,-1.683322765622,
    4.045520979523));
#5755 = CARTESIAN_POINT('',(-3.040921388511,-4.08287818092,
    4.136321071521));
#5756 = CARTESIAN_POINT('',(-0.245648228708,-4.659133396895,
    4.227291065362));
#5757 = CARTESIAN_POINT('',(2.041746303443,-3.637845345729,
    4.318179092673));
#5758 = CARTESIAN_POINT('',(3.184398555235,-1.818919575067,
    4.409091515886));
#5759 = CARTESIAN_POINT('',(3.184400863902,-4.104202286E-08,
    4.500000809727));
#5760 = CARTESIAN_POINT('',(3.178628842421,-2.856542108E-08,
    3.47271954653));
#5761 = CARTESIAN_POINT('',(3.178631268652,1.815624314943,3.563628813991
    ));
#5762 = CARTESIAN_POINT('',(2.038125465707,3.631251588194,3.654540804035
    ));
#5763 = CARTESIAN_POINT('',(-0.245591406699,4.650691878367,3.74543156927
    ));
#5764 = CARTESIAN_POINT('',(-3.034486079819,4.075475709057,
    3.836393647241));
#5765 = CARTESIAN_POINT('',(-5.115696748135,1.680303206144,3.92720790547
    ));
#5766 = CARTESIAN_POINT('',(-5.11427977095,-1.680320045708,4.01823132883
    ));
#5767 = CARTESIAN_POINT('',(-3.0354390628,-4.075446083204,4.109045586068
    ));
#5768 = CARTESIAN_POINT('',(-0.245190829842,-4.650707444632,
    4.200007665158));
#5769 = CARTESIAN_POINT('',(2.038044040235,-3.631248601664,
    4.290898429809));
#5770 = CARTESIAN_POINT('',(3.178628335487,-1.815624379216,
    4.381810419972));
#5771 = CARTESIAN_POINT('',(3.178630765795,-3.570763506E-08,
    4.472719687441));
#5772 = CARTESIAN_POINT('',(3.162663665137,-1.675812251E-08,
    3.45058057545));
#5773 = CARTESIAN_POINT('',(3.162666185811,1.806507026993,3.541489769942
    ));
#5774 = CARTESIAN_POINT('',(2.027889357104,3.612999680434,3.632400561789
    ));
#5775 = CARTESIAN_POINT('',(-0.24436298168,4.627377084045,3.723298900891
    ));
#5776 = CARTESIAN_POINT('',(-3.019229127073,4.054914916711,
    3.814239079826));
#5777 = CARTESIAN_POINT('',(-5.090032314639,1.671993517659,
    3.905092531248));
#5778 = CARTESIAN_POINT('',(-5.088555827393,-1.672011111366,
    3.996068702668));
#5779 = CARTESIAN_POINT('',(-3.020222085399,-4.054884074886,
    4.086922153058));
#5780 = CARTESIAN_POINT('',(-0.243945543009,-4.627393306158,
    4.177862333158));
#5781 = CARTESIAN_POINT('',(2.027804546267,-3.612996549742,
    4.268760671652));
#5782 = CARTESIAN_POINT('',(3.162663146203,-1.806507064699,
    4.359671463623));
#5783 = CARTESIAN_POINT('',(3.162665669268,-2.094854556E-08,
    4.450580658124));
#5784 = CARTESIAN_POINT('',(3.14000820738,-3.01972E-12,3.43750000006));
#5785 = CARTESIAN_POINT('',(3.140010778269,1.793569078778,3.528409091006
    ));
#5786 = CARTESIAN_POINT('',(2.013362324505,3.587099136473,3.619318182545
    ));
#5787 = CARTESIAN_POINT('',(-0.242612810424,4.594292340554,
    3.710227269385));
#5788 = CARTESIAN_POINT('',(-2.997595214905,4.025737473298,
    3.801136372363));
#5789 = CARTESIAN_POINT('',(-5.053588391412,1.660201893435,
    3.892045441133));
#5790 = CARTESIAN_POINT('',(-5.052076731768,-1.660219968135,
    3.982954559371));
#5791 = CARTESIAN_POINT('',(-2.998611763945,-4.025705934018,
    4.073863627083));
#5792 = CARTESIAN_POINT('',(-0.242185376978,-4.594308951879,
    4.164772731255));
#5793 = CARTESIAN_POINT('',(2.013275538609,-3.587095906494,
    4.255681817472));
#5794 = CARTESIAN_POINT('',(3.140007688336,-1.793569078786,
    4.346590909138));
#5795 = CARTESIAN_POINT('',(3.140010259225,-4.68412E-12,4.437500000094)
  );
#5796 = DEFINITIONAL_REPRESENTATION('',(#5797),#5801);
#5797 = LINE('',#5798,#5799);
#5798 = CARTESIAN_POINT('',(0.,6.362265131567));
#5799 = VECTOR('',#5800,1.);
#5800 = DIRECTION('',(1.,0.));
#5801 = ( GEOMETRIC_REPRESENTATION_CONTEXT(2) 
PARAMETRIC_REPRESENTATION_CONTEXT() REPRESENTATION_CONTEXT('2D SPACE',''
  ) );
#5802 = ORIENTED_EDGE('',*,*,#5579,.T.);
#5803 = ORIENTED_EDGE('',*,*,#4779,.T.);
#5804 = ADVANCED_FACE('',(#5805),#4712,.F.);
#5805 = FACE_BOUND('',#5806,.F.);
#5806 = EDGE_LOOP('',(#5807,#5849,#5869,#5870));
#5807 = ORIENTED_EDGE('',*,*,#5808,.F.);
#5808 = EDGE_CURVE('',#5096,#4598,#5809,.T.);
#5809 = SURFACE_CURVE('',#5810,(#5821,#5835),.PCURVE_S1.);
#5810 = B_SPLINE_CURVE_WITH_KNOTS('',5,(#5811,#5812,#5813,#5814,#5815,
    #5816,#5817,#5818,#5819,#5820),.UNSPECIFIED.,.F.,.F.,(6,4,6),(0.,
    0.456386972843,1.),.UNSPECIFIED.);
#5811 = CARTESIAN_POINT('',(2.598734122635,5.0037325315E-07,
    4.874991444332));
#5812 = CARTESIAN_POINT('',(2.598734100686,0.113994754011,4.881972345186
    ));
#5813 = CARTESIAN_POINT('',(2.592483548159,0.227989199644,4.888954154778
    ));
#5814 = CARTESIAN_POINT('',(2.579982690386,0.34152486175,4.895935935344)
  );
#5815 = CARTESIAN_POINT('',(2.561281518045,0.454148130489,4.902917305247
    ));
#5816 = CARTESIAN_POINT('',(2.506937874698,0.69793824247,4.918213828027)
  );
#5817 = CARTESIAN_POINT('',(2.468740079079,0.828537778761,4.926528931354
    ));
#5818 = CARTESIAN_POINT('',(2.422055481302,0.956451651524,4.934843571415
    ));
#5819 = CARTESIAN_POINT('',(2.3671491756,1.080953364881,4.943158463611)
  );
#5820 = CARTESIAN_POINT('',(2.304379945504,1.201354280345,4.951473469693
    ));
#5821 = PCURVE('',#4712,#5822);
#5822 = DEFINITIONAL_REPRESENTATION('',(#5823),#5834);
#5823 = B_SPLINE_CURVE_WITH_KNOTS('',5,(#5824,#5825,#5826,#5827,#5828,
    #5829,#5830,#5831,#5832,#5833),.UNSPECIFIED.,.F.,.F.,(6,4,6),(0.,
    0.456386972843,1.),.UNSPECIFIED.);
#5824 = CARTESIAN_POINT('',(0.199997367405,0.));
#5825 = CARTESIAN_POINT('',(0.199997316737,4.441538955243E-02));
#5826 = CARTESIAN_POINT('',(0.199995421527,8.883228514493E-02));
#5827 = CARTESIAN_POINT('',(0.199993743881,0.133249924822));
#5828 = CARTESIAN_POINT('',(0.199993110279,0.177667790788));
#5829 = CARTESIAN_POINT('',(0.199993113121,0.274992695441));
#5830 = CARTESIAN_POINT('',(0.199994148473,0.327900404199));
#5831 = CARTESIAN_POINT('',(0.199996026772,0.38080667713));
#5832 = CARTESIAN_POINT('',(0.199997903364,0.433713681885));
#5833 = CARTESIAN_POINT('',(0.19999947647,0.486619863759));
#5834 = ( GEOMETRIC_REPRESENTATION_CONTEXT(2) 
PARAMETRIC_REPRESENTATION_CONTEXT() REPRESENTATION_CONTEXT('2D SPACE',''
  ) );
#5835 = PCURVE('',#4614,#5836);
#5836 = DEFINITIONAL_REPRESENTATION('',(#5837),#5848);
#5837 = B_SPLINE_CURVE_WITH_KNOTS('',5,(#5838,#5839,#5840,#5841,#5842,
    #5843,#5844,#5845,#5846,#5847),.UNSPECIFIED.,.F.,.F.,(6,4,6),(0.,
    0.456386972843,1.),.UNSPECIFIED.);
#5838 = CARTESIAN_POINT('',(1.9254499673E-07,4.626464314025));
#5839 = CARTESIAN_POINT('',(4.386549320992E-02,4.633445214879));
#5840 = CARTESIAN_POINT('',(8.773065775295E-02,4.640427024471));
#5841 = CARTESIAN_POINT('',(0.131595754815,4.647408805037));
#5842 = CARTESIAN_POINT('',(0.175460805644,4.65439017494));
#5843 = CARTESIAN_POINT('',(0.271574369496,4.66968669772));
#5844 = CARTESIAN_POINT('',(0.323823540185,4.678001801047));
#5845 = CARTESIAN_POINT('',(0.37607169911,4.686316441108));
#5846 = CARTESIAN_POINT('',(0.428320965556,4.694631333304));
#5847 = CARTESIAN_POINT('',(0.480569691152,4.702946339386));
#5848 = ( GEOMETRIC_REPRESENTATION_CONTEXT(2) 
PARAMETRIC_REPRESENTATION_CONTEXT() REPRESENTATION_CONTEXT('2D SPACE',''
  ) );
#5849 = ORIENTED_EDGE('',*,*,#5850,.T.);
#5850 = EDGE_CURVE('',#5096,#5662,#5851,.T.);
#5851 = SURFACE_CURVE('',#5852,(#5855,#5862),.PCURVE_S1.);
#5852 = B_SPLINE_CURVE_WITH_KNOTS('',1,(#5853,#5854),.UNSPECIFIED.,.F.,
  .F.,(2,2),(0.,0.825),.PIECEWISE_BEZIER_KNOTS.);
#5853 = CARTESIAN_POINT('',(2.425529497963,6.604911247E-07,
    4.974986969038));
#5854 = CARTESIAN_POINT('',(3.140007979398,-3.63762E-12,4.562500000073)
  );
#5855 = PCURVE('',#4712,#5856);
#5856 = DEFINITIONAL_REPRESENTATION('',(#5857),#5861);
#5857 = LINE('',#5858,#5859);
#5858 = CARTESIAN_POINT('',(0.,0.));
#5859 = VECTOR('',#5860,1.);
#5860 = DIRECTION('',(1.,0.));
#5861 = ( GEOMETRIC_REPRESENTATION_CONTEXT(2) 
PARAMETRIC_REPRESENTATION_CONTEXT() REPRESENTATION_CONTEXT('2D SPACE',''
  ) );
#5862 = PCURVE('',#5253,#5863);
#5863 = DEFINITIONAL_REPRESENTATION('',(#5864),#5868);
#5864 = LINE('',#5865,#5866);
#5865 = CARTESIAN_POINT('',(0.,6.362265131567));
#5866 = VECTOR('',#5867,1.);
#5867 = DIRECTION('',(1.,0.));
#5868 = ( GEOMETRIC_REPRESENTATION_CONTEXT(2) 
PARAMETRIC_REPRESENTATION_CONTEXT() REPRESENTATION_CONTEXT('2D SPACE',''
  ) );
#5869 = ORIENTED_EDGE('',*,*,#5661,.T.);
#5870 = ORIENTED_EDGE('',*,*,#4626,.F.);
#5871 = ADVANCED_FACE('',(#5872),#4614,.F.);
#5872 = FACE_BOUND('',#5873,.F.);
#5873 = EDGE_LOOP('',(#5874,#5875,#5876));
#5874 = ORIENTED_EDGE('',*,*,#5356,.F.);
#5875 = ORIENTED_EDGE('',*,*,#5808,.T.);
#5876 = ORIENTED_EDGE('',*,*,#4597,.F.);
#5877 = ADVANCED_FACE('',(#5878,#5881),#4584,.T.);
#5878 = FACE_BOUND('',#5879,.F.);
#5879 = EDGE_LOOP('',(#5880));
#5880 = ORIENTED_EDGE('',*,*,#4569,.T.);
#5881 = FACE_BOUND('',#5882,.F.);
#5882 = EDGE_LOOP('',(#5883,#5914,#5943,#5972,#6001,#6030,#6059));
#5883 = ORIENTED_EDGE('',*,*,#5884,.F.);
#5884 = EDGE_CURVE('',#5885,#5887,#5889,.T.);
#5885 = VERTEX_POINT('',#5886);
#5886 = CARTESIAN_POINT('',(5.,0.,5.2));
#5887 = VERTEX_POINT('',#5888);
#5888 = CARTESIAN_POINT('',(4.330127037604,2.499999967642,5.2));
#5889 = SURFACE_CURVE('',#5890,(#5895,#5902),.PCURVE_S1.);
#5890 = CIRCLE('',#5891,5.);
#5891 = AXIS2_PLACEMENT_3D('',#5892,#5893,#5894);
#5892 = CARTESIAN_POINT('',(0.,0.,5.2));
#5893 = DIRECTION('',(0.,0.,1.));
#5894 = DIRECTION('',(1.,0.,-0.));
#5895 = PCURVE('',#4584,#5896);
#5896 = DEFINITIONAL_REPRESENTATION('',(#5897),#5901);
#5897 = CIRCLE('',#5898,5.);
#5898 = AXIS2_PLACEMENT_2D('',#5899,#5900);
#5899 = CARTESIAN_POINT('',(0.,0.));
#5900 = DIRECTION('',(1.,-0.));
#5901 = ( GEOMETRIC_REPRESENTATION_CONTEXT(2) 
PARAMETRIC_REPRESENTATION_CONTEXT() REPRESENTATION_CONTEXT('2D SPACE',''
  ) );
#5902 = PCURVE('',#5903,#5908);
#5903 = CONICAL_SURFACE('',#5904,5.,1.178097245096);
#5904 = AXIS2_PLACEMENT_3D('',#5905,#5906,#5907);
#5905 = CARTESIAN_POINT('',(0.,0.,5.2));
#5906 = DIRECTION('',(-0.,-0.,-1.));
#5907 = DIRECTION('',(1.,0.,0.));
#5908 = DEFINITIONAL_REPRESENTATION('',(#5909),#5913);
#5909 = LINE('',#5910,#5911);
#5910 = CARTESIAN_POINT('',(-0.,0.));
#5911 = VECTOR('',#5912,1.);
#5912 = DIRECTION('',(-1.,0.));
#5913 = ( GEOMETRIC_REPRESENTATION_CONTEXT(2) 
PARAMETRIC_REPRESENTATION_CONTEXT() REPRESENTATION_CONTEXT('2D SPACE',''
  ) );
#5914 = ORIENTED_EDGE('',*,*,#5915,.F.);
#5915 = EDGE_CURVE('',#5916,#5885,#5918,.T.);
#5916 = VERTEX_POINT('',#5917);
#5917 = CARTESIAN_POINT('',(4.330127006451,-2.500000021602,5.2));
#5918 = SURFACE_CURVE('',#5919,(#5924,#5931),.PCURVE_S1.);
#5919 = CIRCLE('',#5920,5.);
#5920 = AXIS2_PLACEMENT_3D('',#5921,#5922,#5923);
#5921 = CARTESIAN_POINT('',(0.,0.,5.2));
#5922 = DIRECTION('',(0.,0.,1.));
#5923 = DIRECTION('',(1.,0.,-0.));
#5924 = PCURVE('',#4584,#5925);
#5925 = DEFINITIONAL_REPRESENTATION('',(#5926),#5930);
#5926 = CIRCLE('',#5927,5.);
#5927 = AXIS2_PLACEMENT_2D('',#5928,#5929);
#5928 = CARTESIAN_POINT('',(0.,0.));
#5929 = DIRECTION('',(1.,-0.));
#5930 = ( GEOMETRIC_REPRESENTATION_CONTEXT(2) 
PARAMETRIC_REPRESENTATION_CONTEXT() REPRESENTATION_CONTEXT('2D SPACE',''
  ) );
#5931 = PCURVE('',#5932,#5937);
#5932 = CONICAL_SURFACE('',#5933,5.,1.178097245096);
#5933 = AXIS2_PLACEMENT_3D('',#5934,#5935,#5936);
#5934 = CARTESIAN_POINT('',(0.,0.,5.2));
#5935 = DIRECTION('',(-0.,-0.,-1.));
#5936 = DIRECTION('',(1.,0.,0.));
#5937 = DEFINITIONAL_REPRESENTATION('',(#5938),#5942);
#5938 = LINE('',#5939,#5940);
#5939 = CARTESIAN_POINT('',(-0.,0.));
#5940 = VECTOR('',#5941,1.);
#5941 = DIRECTION('',(-1.,0.));
#5942 = ( GEOMETRIC_REPRESENTATION_CONTEXT(2) 
PARAMETRIC_REPRESENTATION_CONTEXT() REPRESENTATION_CONTEXT('2D SPACE',''
  ) );
#5943 = ORIENTED_EDGE('',*,*,#5944,.F.);
#5944 = EDGE_CURVE('',#5945,#5916,#5947,.T.);
#5945 = VERTEX_POINT('',#5946);
#5946 = CARTESIAN_POINT('',(-4.5800209E-08,-5.,5.2));
#5947 = SURFACE_CURVE('',#5948,(#5953,#5960),.PCURVE_S1.);
#5948 = CIRCLE('',#5949,5.);
#5949 = AXIS2_PLACEMENT_3D('',#5950,#5951,#5952);
#5950 = CARTESIAN_POINT('',(0.,0.,5.2));
#5951 = DIRECTION('',(0.,0.,1.));
#5952 = DIRECTION('',(1.,0.,-0.));
#5953 = PCURVE('',#4584,#5954);
#5954 = DEFINITIONAL_REPRESENTATION('',(#5955),#5959);
#5955 = CIRCLE('',#5956,5.);
#5956 = AXIS2_PLACEMENT_2D('',#5957,#5958);
#5957 = CARTESIAN_POINT('',(0.,0.));
#5958 = DIRECTION('',(1.,-0.));
#5959 = ( GEOMETRIC_REPRESENTATION_CONTEXT(2) 
PARAMETRIC_REPRESENTATION_CONTEXT() REPRESENTATION_CONTEXT('2D SPACE',''
  ) );
#5960 = PCURVE('',#5961,#5966);
#5961 = CONICAL_SURFACE('',#5962,5.,1.178097245096);
#5962 = AXIS2_PLACEMENT_3D('',#5963,#5964,#5965);
#5963 = CARTESIAN_POINT('',(0.,0.,5.2));
#5964 = DIRECTION('',(-0.,-0.,-1.));
#5965 = DIRECTION('',(1.,0.,0.));
#5966 = DEFINITIONAL_REPRESENTATION('',(#5967),#5971);
#5967 = LINE('',#5968,#5969);
#5968 = CARTESIAN_POINT('',(-0.,0.));
#5969 = VECTOR('',#5970,1.);
#5970 = DIRECTION('',(-1.,0.));
#5971 = ( GEOMETRIC_REPRESENTATION_CONTEXT(2) 
PARAMETRIC_REPRESENTATION_CONTEXT() REPRESENTATION_CONTEXT('2D SPACE',''
  ) );
#5972 = ORIENTED_EDGE('',*,*,#5973,.F.);
#5973 = EDGE_CURVE('',#5974,#5945,#5976,.T.);
#5974 = VERTEX_POINT('',#5975);
#5975 = CARTESIAN_POINT('',(-4.33012700645,-2.500000021602,5.2));
#5976 = SURFACE_CURVE('',#5977,(#5982,#5989),.PCURVE_S1.);
#5977 = CIRCLE('',#5978,5.);
#5978 = AXIS2_PLACEMENT_3D('',#5979,#5980,#5981);
#5979 = CARTESIAN_POINT('',(0.,0.,5.2));
#5980 = DIRECTION('',(0.,0.,1.));
#5981 = DIRECTION('',(1.,0.,-0.));
#5982 = PCURVE('',#4584,#5983);
#5983 = DEFINITIONAL_REPRESENTATION('',(#5984),#5988);
#5984 = CIRCLE('',#5985,5.);
#5985 = AXIS2_PLACEMENT_2D('',#5986,#5987);
#5986 = CARTESIAN_POINT('',(0.,0.));
#5987 = DIRECTION('',(1.,-0.));
#5988 = ( GEOMETRIC_REPRESENTATION_CONTEXT(2) 
PARAMETRIC_REPRESENTATION_CONTEXT() REPRESENTATION_CONTEXT('2D SPACE',''
  ) );
#5989 = PCURVE('',#5990,#5995);
#5990 = CONICAL_SURFACE('',#5991,5.,1.178097245096);
#5991 = AXIS2_PLACEMENT_3D('',#5992,#5993,#5994);
#5992 = CARTESIAN_POINT('',(0.,0.,5.2));
#5993 = DIRECTION('',(-0.,-0.,-1.));
#5994 = DIRECTION('',(1.,0.,0.));
#5995 = DEFINITIONAL_REPRESENTATION('',(#5996),#6000);
#5996 = LINE('',#5997,#5998);
#5997 = CARTESIAN_POINT('',(-0.,0.));
#5998 = VECTOR('',#5999,1.);
#5999 = DIRECTION('',(-1.,0.));
#6000 = ( GEOMETRIC_REPRESENTATION_CONTEXT(2) 
PARAMETRIC_REPRESENTATION_CONTEXT() REPRESENTATION_CONTEXT('2D SPACE',''
  ) );
#6001 = ORIENTED_EDGE('',*,*,#6002,.F.);
#6002 = EDGE_CURVE('',#6003,#5974,#6005,.T.);
#6003 = VERTEX_POINT('',#6004);
#6004 = CARTESIAN_POINT('',(-4.33012700645,2.500000021602,5.2));
#6005 = SURFACE_CURVE('',#6006,(#6011,#6018),.PCURVE_S1.);
#6006 = CIRCLE('',#6007,5.);
#6007 = AXIS2_PLACEMENT_3D('',#6008,#6009,#6010);
#6008 = CARTESIAN_POINT('',(0.,0.,5.2));
#6009 = DIRECTION('',(0.,0.,1.));
#6010 = DIRECTION('',(1.,0.,-0.));
#6011 = PCURVE('',#4584,#6012);
#6012 = DEFINITIONAL_REPRESENTATION('',(#6013),#6017);
#6013 = CIRCLE('',#6014,5.);
#6014 = AXIS2_PLACEMENT_2D('',#6015,#6016);
#6015 = CARTESIAN_POINT('',(0.,0.));
#6016 = DIRECTION('',(1.,-0.));
#6017 = ( GEOMETRIC_REPRESENTATION_CONTEXT(2) 
PARAMETRIC_REPRESENTATION_CONTEXT() REPRESENTATION_CONTEXT('2D SPACE',''
  ) );
#6018 = PCURVE('',#6019,#6024);
#6019 = CONICAL_SURFACE('',#6020,5.,1.178097245096);
#6020 = AXIS2_PLACEMENT_3D('',#6021,#6022,#6023);
#6021 = CARTESIAN_POINT('',(0.,0.,5.2));
#6022 = DIRECTION('',(-0.,-0.,-1.));
#6023 = DIRECTION('',(1.,0.,0.));
#6024 = DEFINITIONAL_REPRESENTATION('',(#6025),#6029);
#6025 = LINE('',#6026,#6027);
#6026 = CARTESIAN_POINT('',(-0.,0.));
#6027 = VECTOR('',#6028,1.);
#6028 = DIRECTION('',(-1.,0.));
#6029 = ( GEOMETRIC_REPRESENTATION_CONTEXT(2) 
PARAMETRIC_REPRESENTATION_CONTEXT() REPRESENTATION_CONTEXT('2D SPACE',''
  ) );
#6030 = ORIENTED_EDGE('',*,*,#6031,.F.);
#6031 = EDGE_CURVE('',#6032,#6003,#6034,.T.);
#6032 = VERTEX_POINT('',#6033);
#6033 = CARTESIAN_POINT('',(3.7053139E-08,5.,5.2));
#6034 = SURFACE_CURVE('',#6035,(#6040,#6047),.PCURVE_S1.);
#6035 = CIRCLE('',#6036,5.);
#6036 = AXIS2_PLACEMENT_3D('',#6037,#6038,#6039);
#6037 = CARTESIAN_POINT('',(0.,0.,5.2));
#6038 = DIRECTION('',(0.,0.,1.));
#6039 = DIRECTION('',(1.,0.,-0.));
#6040 = PCURVE('',#4584,#6041);
#6041 = DEFINITIONAL_REPRESENTATION('',(#6042),#6046);
#6042 = CIRCLE('',#6043,5.);
#6043 = AXIS2_PLACEMENT_2D('',#6044,#6045);
#6044 = CARTESIAN_POINT('',(0.,0.));
#6045 = DIRECTION('',(1.,-0.));
#6046 = ( GEOMETRIC_REPRESENTATION_CONTEXT(2) 
PARAMETRIC_REPRESENTATION_CONTEXT() REPRESENTATION_CONTEXT('2D SPACE',''
  ) );
#6047 = PCURVE('',#6048,#6053);
#6048 = CONICAL_SURFACE('',#6049,5.,1.178097245096);
#6049 = AXIS2_PLACEMENT_3D('',#6050,#6051,#6052);
#6050 = CARTESIAN_POINT('',(0.,0.,5.2));
#6051 = DIRECTION('',(-0.,-0.,-1.));
#6052 = DIRECTION('',(1.,0.,0.));
#6053 = DEFINITIONAL_REPRESENTATION('',(#6054),#6058);
#6054 = LINE('',#6055,#6056);
#6055 = CARTESIAN_POINT('',(-0.,0.));
#6056 = VECTOR('',#6057,1.);
#6057 = DIRECTION('',(-1.,0.));
#6058 = ( GEOMETRIC_REPRESENTATION_CONTEXT(2) 
PARAMETRIC_REPRESENTATION_CONTEXT() REPRESENTATION_CONTEXT('2D SPACE',''
  ) );
#6059 = ORIENTED_EDGE('',*,*,#6060,.F.);
#6060 = EDGE_CURVE('',#5887,#6032,#6061,.T.);
#6061 = SURFACE_CURVE('',#6062,(#6067,#6074),.PCURVE_S1.);
#6062 = CIRCLE('',#6063,5.);
#6063 = AXIS2_PLACEMENT_3D('',#6064,#6065,#6066);
#6064 = CARTESIAN_POINT('',(0.,0.,5.2));
#6065 = DIRECTION('',(0.,0.,1.));
#6066 = DIRECTION('',(1.,0.,-0.));
#6067 = PCURVE('',#4584,#6068);
#6068 = DEFINITIONAL_REPRESENTATION('',(#6069),#6073);
#6069 = CIRCLE('',#6070,5.);
#6070 = AXIS2_PLACEMENT_2D('',#6071,#6072);
#6071 = CARTESIAN_POINT('',(0.,0.));
#6072 = DIRECTION('',(1.,-0.));
#6073 = ( GEOMETRIC_REPRESENTATION_CONTEXT(2) 
PARAMETRIC_REPRESENTATION_CONTEXT() REPRESENTATION_CONTEXT('2D SPACE',''
  ) );
#6074 = PCURVE('',#6075,#6080);
#6075 = CONICAL_SURFACE('',#6076,5.,1.178097245096);
#6076 = AXIS2_PLACEMENT_3D('',#6077,#6078,#6079);
#6077 = CARTESIAN_POINT('',(0.,0.,5.2));
#6078 = DIRECTION('',(-0.,-0.,-1.));
#6079 = DIRECTION('',(1.,0.,0.));
#6080 = DEFINITIONAL_REPRESENTATION('',(#6081),#6085);
#6081 = LINE('',#6082,#6083);
#6082 = CARTESIAN_POINT('',(-0.,0.));
#6083 = VECTOR('',#6084,1.);
#6084 = DIRECTION('',(-1.,0.));
#6085 = ( GEOMETRIC_REPRESENTATION_CONTEXT(2) 
PARAMETRIC_REPRESENTATION_CONTEXT() REPRESENTATION_CONTEXT('2D SPACE',''
  ) );
#6086 = ADVANCED_FACE('',(#6087),#5083,.F.);
#6087 = FACE_BOUND('',#6088,.F.);
#6088 = EDGE_LOOP('',(#6089,#6119,#6378,#6379));
#6089 = ORIENTED_EDGE('',*,*,#6090,.F.);
#6090 = EDGE_CURVE('',#6091,#6093,#6095,.T.);
#6091 = VERTEX_POINT('',#6092);
#6092 = CARTESIAN_POINT('',(2.598734122635,1.50111853E-07,2.874994857403
    ));
#6093 = VERTEX_POINT('',#6094);
#6094 = CARTESIAN_POINT('',(2.598734122635,2.00151235E-07,3.124984718949
    ));
#6095 = SURFACE_CURVE('',#6096,(#6100,#6107),.PCURVE_S1.);
#6096 = LINE('',#6097,#6098);
#6097 = CARTESIAN_POINT('',(2.598734122635,0.,0.248527130307));
#6098 = VECTOR('',#6099,1.);
#6099 = DIRECTION('',(0.,0.,1.));
#6100 = PCURVE('',#5083,#6101);
#6101 = DEFINITIONAL_REPRESENTATION('',(#6102),#6106);
#6102 = LINE('',#6103,#6104);
#6103 = CARTESIAN_POINT('',(0.,0.));
#6104 = VECTOR('',#6105,1.);
#6105 = DIRECTION('',(0.,1.));
#6106 = ( GEOMETRIC_REPRESENTATION_CONTEXT(2) 
PARAMETRIC_REPRESENTATION_CONTEXT() REPRESENTATION_CONTEXT('2D SPACE',''
  ) );
#6107 = PCURVE('',#6108,#6113);
#6108 = CYLINDRICAL_SURFACE('',#6109,2.598734122635);
#6109 = AXIS2_PLACEMENT_3D('',#6110,#6111,#6112);
#6110 = CARTESIAN_POINT('',(0.,0.,0.248527130307));
#6111 = DIRECTION('',(0.,0.,1.));
#6112 = DIRECTION('',(1.,0.,-0.));
#6113 = DEFINITIONAL_REPRESENTATION('',(#6114),#6118);
#6114 = LINE('',#6115,#6116);
#6115 = CARTESIAN_POINT('',(6.28318530718,0.));
#6116 = VECTOR('',#6117,1.);
#6117 = DIRECTION('',(0.,1.));
#6118 = ( GEOMETRIC_REPRESENTATION_CONTEXT(2) 
PARAMETRIC_REPRESENTATION_CONTEXT() REPRESENTATION_CONTEXT('2D SPACE',''
  ) );
#6119 = ORIENTED_EDGE('',*,*,#6120,.T.);
#6120 = EDGE_CURVE('',#6091,#5066,#6121,.T.);
#6121 = SURFACE_CURVE('',#6122,(#6197,#6275),.PCURVE_S1.);
#6122 = B_SPLINE_CURVE_WITH_KNOTS('',7,(#6123,#6124,#6125,#6126,#6127,
    #6128,#6129,#6130,#6131,#6132,#6133,#6134,#6135,#6136,#6137,#6138,
    #6139,#6140,#6141,#6142,#6143,#6144,#6145,#6146,#6147,#6148,#6149,
    #6150,#6151,#6152,#6153,#6154,#6155,#6156,#6157,#6158,#6159,#6160,
    #6161,#6162,#6163,#6164,#6165,#6166,#6167,#6168,#6169,#6170,#6171,
    #6172,#6173,#6174,#6175,#6176,#6177,#6178,#6179,#6180,#6181,#6182,
    #6183,#6184,#6185,#6186,#6187,#6188,#6189,#6190,#6191,#6192,#6193,
    #6194,#6195,#6196),.UNSPECIFIED.,.F.,.F.,(8,6,6,6,6,6,6,6,6,6,6,6,8)
  ,(0.,3.490915555125E-02,0.108004885517,0.196757554539,0.284306559236,
    0.383733230084,0.501534336317,0.617399864921,0.71863983064,
    0.804953552672,0.896523600052,0.967422626848,1.),.UNSPECIFIED.);
#6123 = CARTESIAN_POINT('',(2.598734122635,3.0022369613E-07,
    2.874994866596));
#6124 = CARTESIAN_POINT('',(2.598734113228,8.14247450301E-02,
    2.879981222995));
#6125 = CARTESIAN_POINT('',(2.595757662303,0.162849281492,2.884968012135
    ));
#6126 = CARTESIAN_POINT('',(2.589804834231,0.244142773852,2.889954966076
    ));
#6127 = CARTESIAN_POINT('',(2.580882802708,0.325174852878,2.894941896331
    ));
#6128 = CARTESIAN_POINT('',(2.569005850761,0.405815915864,2.899928693858
    ));
#6129 = CARTESIAN_POINT('',(2.554195370743,0.485937126627,2.904915329063
    ));
#6130 = CARTESIAN_POINT('',(2.499385645008,0.731818281063,2.920343053079
    ));
#6131 = CARTESIAN_POINT('',(2.449551920107,0.895398645417,2.930784423123
    ));
#6132 = CARTESIAN_POINT('',(2.387240953143,1.054960383279,2.941224823638
    ));
#6133 = CARTESIAN_POINT('',(2.312852667054,1.209369031293,2.951665042109
    ));
#6134 = CARTESIAN_POINT('',(2.226907188896,1.357544836809,2.962106125077
    ));
#6135 = CARTESIAN_POINT('',(2.130042398139,1.498467933091,2.972548237218
    ));
#6136 = CARTESIAN_POINT('',(1.893087992495,1.792342250901,2.99566846695)
  );
#6137 = CARTESIAN_POINT('',(1.74815314752,1.941442318174,3.008349383754)
  );
#6138 = CARTESIAN_POINT('',(1.58959660306,2.076770312391,3.021029343297)
  );
#6139 = CARTESIAN_POINT('',(1.419004523464,2.196865572541,3.033708327341
    ));
#6140 = CARTESIAN_POINT('',(1.238131353558,2.300493038349,3.046387721429
    ));
#6141 = CARTESIAN_POINT('',(1.048887064759,2.386652190344,3.059067964394
    ));
#6142 = CARTESIAN_POINT('',(0.660474487806,2.521684302318,3.084251854966
    ));
#6143 = CARTESIAN_POINT('',(0.461419097279,2.571066740645,3.096759164919
    ));
#6144 = CARTESIAN_POINT('',(0.258180786827,2.60207431607,3.109264831162)
  );
#6145 = CARTESIAN_POINT('',(5.279223661044E-02,2.61431848297,
    3.121769604499));
#6146 = CARTESIAN_POINT('',(-0.152690692526,2.607676648758,
    3.134275406629));
#6147 = CARTESIAN_POINT('',(-0.356203492059,2.582293062493,
    3.146782860065));
#6148 = CARTESIAN_POINT('',(-0.782229191207,2.489039573525,
    3.173491630202));
#6149 = CARTESIAN_POINT('',(-1.00366476731,2.415852816143,3.187698116237
    ));
#6150 = CARTESIAN_POINT('',(-1.216942278336,2.31971589702,3.201902651889
    ));
#6151 = CARTESIAN_POINT('',(-1.419247454302,2.201764496359,
    3.216105888806));
#6152 = CARTESIAN_POINT('',(-1.607973568564,2.063518486162,
    3.230310592311));
#6153 = CARTESIAN_POINT('',(-1.780746081646,1.906867522364,
    3.244517380744));
#6154 = CARTESIAN_POINT('',(-2.11885134986,1.529504517726,3.275548309422
    ));
#6155 = CARTESIAN_POINT('',(-2.277044894307,1.302151503544,
    3.292383358306));
#6156 = CARTESIAN_POINT('',(-2.406538021246,1.055959922703,
    3.309211295341));
#6157 = CARTESIAN_POINT('',(-2.5047847065,0.795317774189,3.326036629671)
  );
#6158 = CARTESIAN_POINT('',(-2.570020882732,0.524904830961,
    3.342864172314));
#6159 = CARTESIAN_POINT('',(-2.601262431465,0.249697982548,
    3.359698610512));
#6160 = CARTESIAN_POINT('',(-2.596007771957,-0.295293763768,
    3.393076572185));
#6161 = CARTESIAN_POINT('',(-2.560613845134,-0.565333094766,
    3.409635015079));
#6162 = CARTESIAN_POINT('',(-2.492431267169,-0.830186387962,
    3.426188194121));
#6163 = CARTESIAN_POINT('',(-2.392468388825,-1.085134920543,3.4427398381
    ));
#6164 = CARTESIAN_POINT('',(-2.262462721386,-1.325747680833,
    3.459293338418));
#6165 = CARTESIAN_POINT('',(-2.104881758127,-1.547878330024,
    3.475852315008));
#6166 = CARTESIAN_POINT('',(-1.764292707048,-1.922615704619,
    3.506865780849));
#6167 = CARTESIAN_POINT('',(-1.586904450369,-2.080569752277,
    3.521331156628));
#6168 = CARTESIAN_POINT('',(-1.393150635331,-2.219279026902,
    3.535793487304));
#6169 = CARTESIAN_POINT('',(-1.185559589195,-2.336774847251,
    3.550253898322));
#6170 = CARTESIAN_POINT('',(-0.96690382654,-2.43148791897,3.564716040257
    ));
#6171 = CARTESIAN_POINT('',(-0.740172686879,-2.502263867363,
    3.57918111513));
#6172 = CARTESIAN_POINT('',(-0.311171829518,-2.587879837763,
    3.605972422335));
#6173 = CARTESIAN_POINT('',(-0.110154272763,-2.609442335523,
    3.618303839501));
#6174 = CARTESIAN_POINT('',(9.246924231363E-02,-2.612762103666,
    3.630634260158));
#6175 = CARTESIAN_POINT('',(0.294718637459,-2.597733089784,
    3.642964038417));
#6176 = CARTESIAN_POINT('',(0.494625871183,-2.564501573636,
    3.655294531575));
#6177 = CARTESIAN_POINT('',(0.690248387759,-2.513465140824,
    3.667625989689));
#6178 = CARTESIAN_POINT('',(1.080659635078,-2.37301736155,3.693035899791
    ));
#6179 = CARTESIAN_POINT('',(1.27473549161,-2.28143549804,3.706118159776)
  );
#6180 = CARTESIAN_POINT('',(1.459629783987,-2.171379672009,
    3.719198428295));
#6181 = CARTESIAN_POINT('',(1.633262010737,-2.043982422631,
    3.732277398898));
#6182 = CARTESIAN_POINT('',(1.793732046848,-1.900637830469,3.74535755104
    ));
#6183 = CARTESIAN_POINT('',(1.939335026966,-1.742990663281,3.75843998954
    ));
#6184 = CARTESIAN_POINT('',(2.168709289094,-1.441341711358,
    3.781648936889));
#6185 = CARTESIAN_POINT('',(2.259038283707,-1.302267478198,
    3.791778001628));
#6186 = CARTESIAN_POINT('',(2.338925663336,-1.156637612595,
    3.801907010638));
#6187 = CARTESIAN_POINT('',(2.407812555808,-1.005396625875,
    3.812036053029));
#6188 = CARTESIAN_POINT('',(2.465245729607,-0.849539728795,
    3.822165239975));
#6189 = CARTESIAN_POINT('',(2.510879560718,-0.690108393293,
    3.832294090479));
#6190 = CARTESIAN_POINT('',(2.559934573885,-0.453792631955,
    3.847074881535));
#6191 = CARTESIAN_POINT('',(2.572840621222,-0.378866463858,
    3.851728143518));
#6192 = CARTESIAN_POINT('',(2.583187138513,-0.303517517647,
    3.856381202989));
#6193 = CARTESIAN_POINT('',(2.590957887968,-0.2278506796,3.861034090698)
  );
#6194 = CARTESIAN_POINT('',(2.596142029879,-0.151971390849,
    3.865686910742));
#6195 = CARTESIAN_POINT('',(2.598734122618,-7.598564737144E-02,
    3.870339840564));
#6196 = CARTESIAN_POINT('',(2.598734122635,-4.4E-16,3.87499313095));
#6197 = PCURVE('',#5083,#6198);
#6198 = DEFINITIONAL_REPRESENTATION('',(#6199),#6274);
#6199 = B_SPLINE_CURVE_WITH_KNOTS('',7,(#6200,#6201,#6202,#6203,#6204,
    #6205,#6206,#6207,#6208,#6209,#6210,#6211,#6212,#6213,#6214,#6215,
    #6216,#6217,#6218,#6219,#6220,#6221,#6222,#6223,#6224,#6225,#6226,
    #6227,#6228,#6229,#6230,#6231,#6232,#6233,#6234,#6235,#6236,#6237,
    #6238,#6239,#6240,#6241,#6242,#6243,#6244,#6245,#6246,#6247,#6248,
    #6249,#6250,#6251,#6252,#6253,#6254,#6255,#6256,#6257,#6258,#6259,
    #6260,#6261,#6262,#6263,#6264,#6265,#6266,#6267,#6268,#6269,#6270,
    #6271,#6272,#6273),.UNSPECIFIED.,.F.,.F.,(8,6,6,6,6,6,6,6,6,6,6,6,8)
  ,(0.,3.490915555125E-02,0.108004885517,0.196757554539,0.284306559236,
    0.383733230084,0.501534336317,0.617399864921,0.71863983064,
    0.804953552672,0.896523600052,0.967422626848,1.),.UNSPECIFIED.);
#6200 = CARTESIAN_POINT('',(1.1552689961E-07,2.626467736288));
#6201 = CARTESIAN_POINT('',(3.133246464919E-02,2.631454092688));
#6202 = CARTESIAN_POINT('',(6.266474895143E-02,2.636440881828));
#6203 = CARTESIAN_POINT('',(9.399698804529E-02,2.641427835769));
#6204 = CARTESIAN_POINT('',(0.125329194772,2.646414766024));
#6205 = CARTESIAN_POINT('',(0.156661375203,2.651401563551));
#6206 = CARTESIAN_POINT('',(0.18799352864,2.656388198756));
#6207 = CARTESIAN_POINT('',(0.28493147713,2.671815922772));
#6208 = CARTESIAN_POINT('',(0.350541862497,2.682257292816));
#6209 = CARTESIAN_POINT('',(0.416149004003,2.692697693331));
#6210 = CARTESIAN_POINT('',(0.481754093029,2.703137911802));
#6211 = CARTESIAN_POINT('',(0.547361331815,2.71357899477));
#6212 = CARTESIAN_POINT('',(0.612971908038,2.724021106911));
#6213 = CARTESIAN_POINT('',(0.758236599787,2.747141336643));
#6214 = CARTESIAN_POINT('',(0.837907100514,2.759822253446));
#6215 = CARTESIAN_POINT('',(0.917568813925,2.77250221299));
#6216 = CARTESIAN_POINT('',(0.997224924091,2.785181197034));
#6217 = CARTESIAN_POINT('',(1.076886559269,2.797860591122));
#6218 = CARTESIAN_POINT('',(1.15655693306,2.810540834087));
#6219 = CARTESIAN_POINT('',(1.314793695323,2.835724724659));
#6220 = CARTESIAN_POINT('',(1.393383011255,2.848232034612));
#6221 = CARTESIAN_POINT('',(1.47196420513,2.860737700855));
#6222 = CARTESIAN_POINT('',(1.550540247865,2.873242474192));
#6223 = CARTESIAN_POINT('',(1.629121502322,2.885748276322));
#6224 = CARTESIAN_POINT('',(1.707710922168,2.898255729758));
#6225 = CARTESIAN_POINT('',(1.875528203909,2.924964499895));
#6226 = CARTESIAN_POINT('',(1.964787904612,2.93917098593));
#6227 = CARTESIAN_POINT('',(2.054032256,2.953375521582));
#6228 = CARTESIAN_POINT('',(2.143266830726,2.967578758498));
#6229 = CARTESIAN_POINT('',(2.232511105391,2.981783462004));
#6230 = CARTESIAN_POINT('',(2.321770684382,2.995990250437));
#6231 = CARTESIAN_POINT('',(2.516740023488,3.027021179114));
#6232 = CARTESIAN_POINT('',(2.622519395382,3.043856227998));
#6233 = CARTESIAN_POINT('',(2.728258550283,3.060684165034));
#6234 = CARTESIAN_POINT('',(2.833984624814,3.077509499364));
#6235 = CARTESIAN_POINT('',(2.939723877441,3.094337042007));
#6236 = CARTESIAN_POINT('',(3.045503421987,3.111171480205));
#6237 = CARTESIAN_POINT('',(3.255227484547,3.144549441878));
#6238 = CARTESIAN_POINT('',(3.359265860762,3.161107884771));
#6239 = CARTESIAN_POINT('',(3.463267225866,3.177661063814));
#6240 = CARTESIAN_POINT('',(3.567256171248,3.194212707793));
#6241 = CARTESIAN_POINT('',(3.671257433182,3.210766208111));
#6242 = CARTESIAN_POINT('',(3.775295681742,3.227325184701));
#6243 = CARTESIAN_POINT('',(3.970155243641,3.258338650542));
#6244 = CARTESIAN_POINT('',(4.061044269101,3.272804026321));
#6245 = CARTESIAN_POINT('',(4.151916588022,3.287266356997));
#6246 = CARTESIAN_POINT('',(4.24277830814,3.301726768015));
#6247 = CARTESIAN_POINT('',(4.333650706781,3.31618890995));
#6248 = CARTESIAN_POINT('',(4.424539867509,3.330653984823));
#6249 = CARTESIAN_POINT('',(4.592875926701,3.357445292028));
#6250 = CARTESIAN_POINT('',(4.670355861081,3.369776709194));
#6251 = CARTESIAN_POINT('',(4.747828167146,3.382107129851));
#6252 = CARTESIAN_POINT('',(4.825295603007,3.39443690811));
#6253 = CARTESIAN_POINT('',(4.902767841661,3.406767401268));
#6254 = CARTESIAN_POINT('',(4.980247669865,3.419098859382));
#6255 = CARTESIAN_POINT('',(5.139904416696,3.444508769484));
#6256 = CARTESIAN_POINT('',(5.222105491514,3.457591029469));
#6257 = CARTESIAN_POINT('',(5.304296404897,3.470671297988));
#6258 = CARTESIAN_POINT('',(5.386480889533,3.483750268591));
#6259 = CARTESIAN_POINT('',(5.468671905357,3.496830420733));
#6260 = CARTESIAN_POINT('',(5.550873140893,3.509912859233));
#6261 = CARTESIAN_POINT('',(5.696694919424,3.533121806582));
#6262 = CARTESIAN_POINT('',(5.760333200954,3.543250871321));
#6263 = CARTESIAN_POINT('',(5.8239685777,3.553379880331));
#6264 = CARTESIAN_POINT('',(5.887602072924,3.563508922722));
#6265 = CARTESIAN_POINT('',(5.951237326862,3.573638109668));
#6266 = CARTESIAN_POINT('',(6.014875409805,3.583766960172));
#6267 = CARTESIAN_POINT('',(6.107748913968,3.598547751227));
#6268 = CARTESIAN_POINT('',(6.136988225051,3.603201013211));
#6269 = CARTESIAN_POINT('',(6.166227572169,3.607854072682));
#6270 = CARTESIAN_POINT('',(6.195466954441,3.612506960391));
#6271 = CARTESIAN_POINT('',(6.224706371238,3.617159780435));
#6272 = CARTESIAN_POINT('',(6.25394582219,3.621812710256));
#6273 = CARTESIAN_POINT('',(6.28318530718,3.626466000643));
#6274 = ( GEOMETRIC_REPRESENTATION_CONTEXT(2) 
PARAMETRIC_REPRESENTATION_CONTEXT() REPRESENTATION_CONTEXT('2D SPACE',''
  ) );
#6275 = PCURVE('',#6276,#6301);
#6276 = B_SPLINE_SURFACE_WITH_KNOTS('',1,11,(
    (#6277,#6278,#6279,#6280,#6281,#6282,#6283,#6284,#6285,#6286,#6287
      ,#6288)
    ,(#6289,#6290,#6291,#6292,#6293,#6294,#6295,#6296,#6297,#6298,#6299
      ,#6300
    )),.UNSPECIFIED.,.F.,.F.,.F.,(2,2),(12,12),(0.,0.825),(0.,
    6.362265131567),.PIECEWISE_BEZIER_KNOTS.);
#6277 = CARTESIAN_POINT('',(2.4255293155,3.9629469863E-07,2.974992181422
    ));
#6278 = CARTESIAN_POINT('',(2.425529203483,1.385547470357,3.065898006869
    ));
#6279 = CARTESIAN_POINT('',(1.55515307711,2.77027606725,3.156753476249)
  );
#6280 = CARTESIAN_POINT('',(-0.187056869617,3.550919462685,3.2480015118)
  );
#6281 = CARTESIAN_POINT('',(-2.316189128151,3.105547788483,3.33793057961
    ));
#6282 = CARTESIAN_POINT('',(-3.902987101615,1.288347282736,
    3.430593640573));
#6283 = CARTESIAN_POINT('',(-3.902919410956,-1.288349574536,
    3.519388116094));
#6284 = CARTESIAN_POINT('',(-2.316233133697,-3.105547268738,
    3.612051177012));
#6285 = CARTESIAN_POINT('',(-0.187036515284,-3.550920272873,
    3.701980244873));
#6286 = CARTESIAN_POINT('',(1.555150275689,-2.770275330678,
    3.793228280397));
#6287 = CARTESIAN_POINT('',(2.42552959417,-1.385546545669,3.884083749783
    ));
#6288 = CARTESIAN_POINT('',(2.425529406726,5.2839286037E-07,
    3.97498957523));
#6289 = CARTESIAN_POINT('',(3.140004787638,-1.32626E-12,2.562500000026)
  );
#6290 = CARTESIAN_POINT('',(3.140006787216,1.793566995654,2.653409090957
    ));
#6291 = CARTESIAN_POINT('',(2.01335034249,3.587094607362,2.744318182235)
  );
#6292 = CARTESIAN_POINT('',(-0.24256503523,4.594288859355,2.83522727074)
  );
#6293 = CARTESIAN_POINT('',(-2.997704683439,4.025729271045,
    2.926136368839));
#6294 = CARTESIAN_POINT('',(-5.053414558619,1.660202003223,3.01704544646
    ));
#6295 = CARTESIAN_POINT('',(-5.052238823312,-1.660216061325,
    3.107954553886));
#6296 = CARTESIAN_POINT('',(-2.998495332709,-4.0257047405,3.198863630684
    ));
#6297 = CARTESIAN_POINT('',(-0.242232586978,-4.594301779272,
    3.28977272971));
#6298 = CARTESIAN_POINT('',(2.013282842345,-3.587092095155,
    3.380681817732));
#6299 = CARTESIAN_POINT('',(3.140004383939,-1.793566995657,
    3.471590909108));
#6300 = CARTESIAN_POINT('',(3.140006383518,-2.36543E-12,3.562500000047)
  );
#6301 = DEFINITIONAL_REPRESENTATION('',(#6302),#6377);
#6302 = B_SPLINE_CURVE_WITH_KNOTS('',7,(#6303,#6304,#6305,#6306,#6307,
    #6308,#6309,#6310,#6311,#6312,#6313,#6314,#6315,#6316,#6317,#6318,
    #6319,#6320,#6321,#6322,#6323,#6324,#6325,#6326,#6327,#6328,#6329,
    #6330,#6331,#6332,#6333,#6334,#6335,#6336,#6337,#6338,#6339,#6340,
    #6341,#6342,#6343,#6344,#6345,#6346,#6347,#6348,#6349,#6350,#6351,
    #6352,#6353,#6354,#6355,#6356,#6357,#6358,#6359,#6360,#6361,#6362,
    #6363,#6364,#6365,#6366,#6367,#6368,#6369,#6370,#6371,#6372,#6373,
    #6374,#6375,#6376),.UNSPECIFIED.,.F.,.F.,(8,6,6,6,6,6,6,6,6,6,6,6,8)
  ,(0.,3.490915555125E-02,0.108004885517,0.196757554539,0.284306559236,
    0.383733230084,0.501534336317,0.617399864921,0.71863983064,
    0.804953552672,0.896523600052,0.967422626848,1.),.UNSPECIFIED.);
#6303 = CARTESIAN_POINT('',(0.199998420461,0.));
#6304 = CARTESIAN_POINT('',(0.199998384273,3.172526964976E-02));
#6305 = CARTESIAN_POINT('',(0.199997469728,6.345125646102E-02));
#6306 = CARTESIAN_POINT('',(0.199996266001,9.517774273247E-02));
#6307 = CARTESIAN_POINT('',(0.199995185749,0.126904545643));
#6308 = CARTESIAN_POINT('',(0.199994465109,0.15863151725));
#6309 = CARTESIAN_POINT('',(0.199994163702,0.190358544492));
#6310 = CARTESIAN_POINT('',(0.19999416657,0.288518223688));
#6311 = CARTESIAN_POINT('',(0.199995687749,0.354955559269));
#6312 = CARTESIAN_POINT('',(0.199998463158,0.421388953204));
#6313 = CARTESIAN_POINT('',(0.200001164098,0.487819599264));
#6314 = CARTESIAN_POINT('',(0.200002924755,0.554252011194));
#6315 = CARTESIAN_POINT('',(0.200003731337,0.620687660122));
#6316 = CARTESIAN_POINT('',(0.200003603898,0.767779174804));
#6317 = CARTESIAN_POINT('',(0.200002279485,0.848451645679));
#6318 = CARTESIAN_POINT('',(0.199999948639,0.929115613684));
#6319 = CARTESIAN_POINT('',(0.199997602008,1.009774407317));
#6320 = CARTESIAN_POINT('',(0.199995986476,1.090439154763));
#6321 = CARTESIAN_POINT('',(0.199995257506,1.171112845582));
#6322 = CARTESIAN_POINT('',(0.199995282608,1.331342235833));
#6323 = CARTESIAN_POINT('',(0.199996013951,1.410921150426));
#6324 = CARTESIAN_POINT('',(0.19999734182,1.49049162453));
#6325 = CARTESIAN_POINT('',(0.199998784739,1.570056573566));
#6326 = CARTESIAN_POINT('',(0.199999882795,1.649626527658));
#6327 = CARTESIAN_POINT('',(0.200000402253,1.729204612965));
#6328 = CARTESIAN_POINT('',(0.200000320795,1.899133005282));
#6329 = CARTESIAN_POINT('',(0.199999561037,1.989515545468));
#6330 = CARTESIAN_POINT('',(0.199998068324,2.079882685255));
#6331 = CARTESIAN_POINT('',(0.199996300073,2.170240234474));
#6332 = CARTESIAN_POINT('',(0.199994836368,2.260607932972));
#6333 = CARTESIAN_POINT('',(0.199994091724,2.350991326028));
#6334 = CARTESIAN_POINT('',(0.199994087738,2.548415550123));
#6335 = CARTESIAN_POINT('',(0.199995135188,2.655526894134));
#6336 = CARTESIAN_POINT('',(0.199997317043,2.762597383072));
#6337 = CARTESIAN_POINT('',(0.200000119173,2.869654212666));
#6338 = CARTESIAN_POINT('',(0.200002330999,2.976723949085));
#6339 = CARTESIAN_POINT('',(0.200003404554,3.083834285705));
#6340 = CARTESIAN_POINT('',(0.200003308869,3.296196869159));
#6341 = CARTESIAN_POINT('',(0.200002176218,3.401544155841));
#6342 = CARTESIAN_POINT('',(0.199999976506,3.506854178462));
#6343 = CARTESIAN_POINT('',(0.199997258333,3.612152053383));
#6344 = CARTESIAN_POINT('',(0.199995153278,3.717462795656));
#6345 = CARTESIAN_POINT('',(0.199994142594,3.822811116105));
#6346 = CARTESIAN_POINT('',(0.19999414951,4.020124224731));
#6347 = CARTESIAN_POINT('',(0.19999492156,4.112157597458));
#6348 = CARTESIAN_POINT('',(0.199996440058,4.204173842318));
#6349 = CARTESIAN_POINT('',(0.199998255658,4.296179004133));
#6350 = CARTESIAN_POINT('',(0.199999747988,4.388194650777));
#6351 = CARTESIAN_POINT('',(0.200000442236,4.48022712691));
#6352 = CARTESIAN_POINT('',(0.200000338763,4.65068079931));
#6353 = CARTESIAN_POINT('',(0.199999743373,4.729135436671));
#6354 = CARTESIAN_POINT('',(0.199998597413,4.807582488841));
#6355 = CARTESIAN_POINT('',(0.199997142677,4.886024875448));
#6356 = CARTESIAN_POINT('',(0.199995827422,4.964472423128));
#6357 = CARTESIAN_POINT('',(0.199995110822,5.042927863218));
#6358 = CARTESIAN_POINT('',(0.199995109171,5.204595086857));
#6359 = CARTESIAN_POINT('',(0.199995916145,5.287831333889));
#6360 = CARTESIAN_POINT('',(0.199997692801,5.371057190911));
#6361 = CARTESIAN_POINT('',(0.200000246876,5.454276140256));
#6362 = CARTESIAN_POINT('',(0.20000270949,5.537501167994));
#6363 = CARTESIAN_POINT('',(0.200003967981,5.620736163469));
#6364 = CARTESIAN_POINT('',(0.200003765914,5.768391837425));
#6365 = CARTESIAN_POINT('',(0.200002842819,5.832830465203));
#6366 = CARTESIAN_POINT('',(0.200001042688,5.897266336087));
#6367 = CARTESIAN_POINT('',(0.199998449814,5.961700727962));
#6368 = CARTESIAN_POINT('',(0.199995896235,6.026137531971));
#6369 = CARTESIAN_POINT('',(0.199994566663,6.090577763076));
#6370 = CARTESIAN_POINT('',(0.199994596338,6.184621708476));
#6371 = CARTESIAN_POINT('',(0.199994858924,6.214229476864));
#6372 = CARTESIAN_POINT('',(0.199995449949,6.243837185336));
#6373 = CARTESIAN_POINT('',(0.199996310083,6.273444735949));
#6374 = CARTESIAN_POINT('',(0.19999724547,6.303051998357));
#6375 = CARTESIAN_POINT('',(0.199997927725,6.332658809809));
#6376 = CARTESIAN_POINT('',(0.199997893936,6.362264975147));
#6377 = ( GEOMETRIC_REPRESENTATION_CONTEXT(2) 
PARAMETRIC_REPRESENTATION_CONTEXT() REPRESENTATION_CONTEXT('2D SPACE',''
  ) );
#6378 = ORIENTED_EDGE('',*,*,#5065,.T.);
#6379 = ORIENTED_EDGE('',*,*,#6380,.F.);
#6380 = EDGE_CURVE('',#6093,#5068,#6381,.T.);
#6381 = SURFACE_CURVE('',#6382,(#6469,#6559),.PCURVE_S1.);
#6382 = B_SPLINE_CURVE_WITH_KNOTS('',7,(#6383,#6384,#6385,#6386,#6387,
    #6388,#6389,#6390,#6391,#6392,#6393,#6394,#6395,#6396,#6397,#6398,
    #6399,#6400,#6401,#6402,#6403,#6404,#6405,#6406,#6407,#6408,#6409,
    #6410,#6411,#6412,#6413,#6414,#6415,#6416,#6417,#6418,#6419,#6420,
    #6421,#6422,#6423,#6424,#6425,#6426,#6427,#6428,#6429,#6430,#6431,
    #6432,#6433,#6434,#6435,#6436,#6437,#6438,#6439,#6440,#6441,#6442,
    #6443,#6444,#6445,#6446,#6447,#6448,#6449,#6450,#6451,#6452,#6453,
    #6454,#6455,#6456,#6457,#6458,#6459,#6460,#6461,#6462,#6463,#6464,
    #6465,#6466,#6467,#6468),.UNSPECIFIED.,.F.,.F.,(8,6,6,6,6,6,6,6,6,6,
    6,6,6,6,8),(0.,4.181101871927E-02,0.113770689994,0.175131549281,
    0.202890910021,0.285787427325,0.387993263937,0.504263309067,
    0.605863910672,0.623766656256,0.718766160895,0.810661876869,
    0.902389424785,0.975597711942,1.),.UNSPECIFIED.);
#6383 = CARTESIAN_POINT('',(2.598734122635,4.0030248893E-07,
    3.124984731205));
#6384 = CARTESIAN_POINT('',(2.598734107612,9.752459098468E-02,
    3.130956844384));
#6385 = CARTESIAN_POINT('',(2.594464227151,0.19504922813,3.136928189081)
  );
#6386 = CARTESIAN_POINT('',(2.585924581977,0.292348800582,3.142899424214
    ));
#6387 = CARTESIAN_POINT('',(2.573129935814,0.389199233836,3.148870927003
    ));
#6388 = CARTESIAN_POINT('',(2.556109675735,0.485378214639,3.154842851702
    ));
#6389 = CARTESIAN_POINT('',(2.534907772516,0.580665515599,3.16081518833)
  );
#6390 = CARTESIAN_POINT('',(2.465996600317,0.836929871106,3.177067138338
    ));
#6391 = CARTESIAN_POINT('',(2.410194106864,0.995742776684,3.187348125821
    ));
#6392 = CARTESIAN_POINT('',(2.342474522735,1.150158104784,3.197629305012
    ));
#6393 = CARTESIAN_POINT('',(2.263263804359,1.299110331096,3.207910158688
    ));
#6394 = CARTESIAN_POINT('',(2.173098780352,1.441589852892,3.218190878575
    ));
#6395 = CARTESIAN_POINT('',(2.072624725119,1.57664763816,3.228471617314)
  );
#6396 = CARTESIAN_POINT('',(1.868792345231,1.8114962189,3.24751680469));
#6397 = CARTESIAN_POINT('',(1.768030003769,1.913561315555,3.256282346909
    ));
#6398 = CARTESIAN_POINT('',(1.660789010868,2.009059411172,3.265047382433
    ));
#6399 = CARTESIAN_POINT('',(1.547586278004,2.097502455967,3.273812109577
    ));
#6400 = CARTESIAN_POINT('',(1.428980447375,2.178453999668,3.282576938103
    ));
#6401 = CARTESIAN_POINT('',(1.305570114579,2.25153058758,3.291342042035)
  );
#6402 = CARTESIAN_POINT('',(1.120281711149,2.345757930489,3.304072140203
    ));
#6403 = CARTESIAN_POINT('',(1.061714436193,2.373430486112,3.308037361597
    ));
#6404 = CARTESIAN_POINT('',(1.002352627407,2.39939561551,3.312002609863)
  );
#6405 = CARTESIAN_POINT('',(0.942256063554,2.423626129685,3.315967887378
    ));
#6406 = CARTESIAN_POINT('',(0.881485597537,2.446097493957,3.319933194643
    ));
#6407 = CARTESIAN_POINT('',(0.820103156404,2.466787827968,3.32389853028)
  );
#6408 = CARTESIAN_POINT('',(0.573228771359,2.54208848618,3.339705467635)
  );
#6409 = CARTESIAN_POINT('',(0.38336776313,2.582451740119,3.351548638259)
  );
#6410 = CARTESIAN_POINT('',(0.190297351112,2.60623960481,3.363391026185)
  );
#6411 = CARTESIAN_POINT('',(-4.248537671669E-03,2.613174311931,
    3.375232828285));
#6412 = CARTESIAN_POINT('',(-0.198522809391,2.603193556543,
    3.387075149782));
#6413 = CARTESIAN_POINT('',(-0.390776099002,2.576450902439,
    3.398918275751));
#6414 = CARTESIAN_POINT('',(-0.811662357528,2.48021266225,3.425359781095
    ));
#6415 = CARTESIAN_POINT('',(-1.038432857616,2.40218764811,3.439963200468
    ));
#6416 = CARTESIAN_POINT('',(-1.256265844415,2.300010689193,
    3.454563552615));
#6417 = CARTESIAN_POINT('',(-1.462121773584,2.174960425043,
    3.469162086315));
#6418 = CARTESIAN_POINT('',(-1.653198959428,2.02873883231,3.483762620479
    ));
#6419 = CARTESIAN_POINT('',(-1.826961854372,1.863454012233,
    3.498366332809));
#6420 = CARTESIAN_POINT('',(-2.156731385934,1.474949867664,
    3.529575963263));
#6421 = CARTESIAN_POINT('',(-2.307134333546,1.246734974391,
    3.546193060122));
#6422 = CARTESIAN_POINT('',(-2.429141652242,1.000872920342,
    3.562804574712));
#6423 = CARTESIAN_POINT('',(-2.520406441149,0.741638245954,3.57941420103
    ));
#6424 = CARTESIAN_POINT('',(-2.579331521703,0.473567541562,
    3.596025380885));
#6425 = CARTESIAN_POINT('',(-2.60506819358,0.201462894563,3.612641938225
    ));
#6426 = CARTESIAN_POINT('',(-2.591450521505,-0.306535053249,
    3.643763934993));
#6427 = CARTESIAN_POINT('',(-2.559894790113,-0.542817626953,
    3.65828045212));
#6428 = CARTESIAN_POINT('',(-2.50320133508,-0.77515558134,3.672793898376
    ));
#6429 = CARTESIAN_POINT('',(-2.422010644422,-1.00037374668,
    3.687305503084));
#6430 = CARTESIAN_POINT('',(-2.317414722958,-1.215442838278,
    3.701819031712));
#6431 = CARTESIAN_POINT('',(-2.190946335335,-1.417509587107,
    3.716335718849));
#6432 = CARTESIAN_POINT('',(-2.018905478415,-1.636821134048,
    3.733406524266));
#6433 = CARTESIAN_POINT('',(-1.992516185223,-1.669192947851,
    3.735963908366));
#6434 = CARTESIAN_POINT('',(-1.965521849494,-1.701067733549,
    3.738521306624));
#6435 = CARTESIAN_POINT('',(-1.937933726976,-1.732431945029,
    3.74107871895));
#6436 = CARTESIAN_POINT('',(-1.909763446071,-1.763272362454,
    3.743636145002));
#6437 = CARTESIAN_POINT('',(-1.881023007828,-1.793576092267,
    3.746193584194));
#6438 = CARTESIAN_POINT('',(-1.696256086917,-1.981220336943,
    3.762321949957));
#6439 = CARTESIAN_POINT('',(-1.525049954252,-2.123675721199,
    3.775895861229));
#6440 = CARTESIAN_POINT('',(-1.339998124034,-2.248754648247,
    3.789468110936));
#6441 = CARTESIAN_POINT('',(-1.143233180644,-2.354890750408,
    3.803039164145));
#6442 = CARTESIAN_POINT('',(-0.937071420291,-2.440834556249,
    3.816611204149));
#6443 = CARTESIAN_POINT('',(-0.723993145774,-2.505664149397,
    3.830184734372));
#6444 = CARTESIAN_POINT('',(-0.296428254455,-2.590654986751,
    3.856882272013));
#6445 = CARTESIAN_POINT('',(-8.213818673804E-02,-2.612221733581,
    3.870011183778));
#6446 = CARTESIAN_POINT('',(0.1338099225,-2.613076165574,3.883138029994)
  );
#6447 = CARTESIAN_POINT('',(0.349023768831,-2.593116750733,
    3.896263593342));
#6448 = CARTESIAN_POINT('',(0.561131469735,-2.552563488079,
    3.909390313456));
#6449 = CARTESIAN_POINT('',(0.767800290859,-2.491956164781,
    3.922519141436));
#6450 = CARTESIAN_POINT('',(1.165358133756,-2.332624109168,
    3.948749371103));
#6451 = CARTESIAN_POINT('',(1.356344201258,-2.233941739125,
    3.961855236301));
#6452 = CARTESIAN_POINT('',(1.537454316835,-2.117065043034,
    3.974960110486));
#6453 = CARTESIAN_POINT('',(1.706639676175,-1.98320732666,3.988064473803
    ));
#6454 = CARTESIAN_POINT('',(1.862042513268,-1.833838379394,
    4.001169918804));
#6455 = CARTESIAN_POINT('',(2.00201067186,-1.670672986237,4.014276413519
    ));
#6456 = CARTESIAN_POINT('',(2.223431900204,-1.356070662532,4.03783795467
    ));
#6457 = CARTESIAN_POINT('',(2.311014050156,-1.208887615392,
    4.048296208493));
#6458 = CARTESIAN_POINT('',(2.387190476824,-1.055161116477,
    4.058753389133));
#6459 = CARTESIAN_POINT('',(2.45138876159,-0.895955549695,4.069209695132
    ));
#6460 = CARTESIAN_POINT('',(2.503158663258,-0.732387629533,
    4.079666242059));
#6461 = CARTESIAN_POINT('',(2.542174230839,-0.565621009639,
    4.090123824341));
#6462 = CARTESIAN_POINT('',(2.576943697983,-0.340616880087,
    4.104066711769));
#6463 = CARTESIAN_POINT('',(2.584198615463,-0.284144466714,4.10755242119
    ));
#6464 = CARTESIAN_POINT('',(2.590009386529,-0.227494029625,
    4.111038169613));
#6465 = CARTESIAN_POINT('',(2.594370889998,-0.170709872122,
    4.114523938163));
#6466 = CARTESIAN_POINT('',(2.597279707329,-0.113836423496,
    4.118009688463));
#6467 = CARTESIAN_POINT('',(2.598734122626,-5.691823903061E-02,
    4.121495362636));
#6468 = CARTESIAN_POINT('',(2.598734122635,0.,4.124980883304));
#6469 = PCURVE('',#5083,#6470);
#6470 = DEFINITIONAL_REPRESENTATION('',(#6471),#6558);
#6471 = B_SPLINE_CURVE_WITH_KNOTS('',7,(#6472,#6473,#6474,#6475,#6476,
    #6477,#6478,#6479,#6480,#6481,#6482,#6483,#6484,#6485,#6486,#6487,
    #6488,#6489,#6490,#6491,#6492,#6493,#6494,#6495,#6496,#6497,#6498,
    #6499,#6500,#6501,#6502,#6503,#6504,#6505,#6506,#6507,#6508,#6509,
    #6510,#6511,#6512,#6513,#6514,#6515,#6516,#6517,#6518,#6519,#6520,
    #6521,#6522,#6523,#6524,#6525,#6526,#6527,#6528,#6529,#6530,#6531,
    #6532,#6533,#6534,#6535,#6536,#6537,#6538,#6539,#6540,#6541,#6542,
    #6543,#6544,#6545,#6546,#6547,#6548,#6549,#6550,#6551,#6552,#6553,
    #6554,#6555,#6556,#6557),.UNSPECIFIED.,.F.,.F.,(8,6,6,6,6,6,6,6,6,6,
    6,6,6,6,8),(0.,4.181101871927E-02,0.113770689994,0.175131549281,
    0.202890910021,0.285787427325,0.387993263937,0.504263309067,
    0.605863910672,0.623766656256,0.718766160895,0.810661876869,
    0.902389424785,0.975597711942,1.),.UNSPECIFIED.);
#6472 = CARTESIAN_POINT('',(1.5403749289E-07,2.876457600898));
#6473 = CARTESIAN_POINT('',(3.752772941843E-02,2.882429714077));
#6474 = CARTESIAN_POINT('',(7.505547799683E-02,2.888401058774));
#6475 = CARTESIAN_POINT('',(0.112582942965,2.894372293907));
#6476 = CARTESIAN_POINT('',(0.150110222068,2.900343796696));
#6477 = CARTESIAN_POINT('',(0.18763759577,2.906315721394));
#6478 = CARTESIAN_POINT('',(0.225165155423,2.912288058023));
#6479 = CARTESIAN_POINT('',(0.327279483562,2.928540008031));
#6480 = CARTESIAN_POINT('',(0.391870725637,2.938820995514));
#6481 = CARTESIAN_POINT('',(0.456458938179,2.949102174705));
#6482 = CARTESIAN_POINT('',(0.521045256384,2.959383028381));
#6483 = CARTESIAN_POINT('',(0.585633590769,2.969663748268));
#6484 = CARTESIAN_POINT('',(0.650225041219,2.979944487007));
#6485 = CARTESIAN_POINT('',(0.769886624578,2.998989674383));
#6486 = CARTESIAN_POINT('',(0.824962841099,3.007755216602));
#6487 = CARTESIAN_POINT('',(0.880037654133,3.016520252126));
#6488 = CARTESIAN_POINT('',(0.935111563963,3.02528497927));
#6489 = CARTESIAN_POINT('',(0.990186348715,3.034049807796));
#6490 = CARTESIAN_POINT('',(1.045262518297,3.042814911728));
#6491 = CARTESIAN_POINT('',(1.125252062484,3.055545009896));
#6492 = CARTESIAN_POINT('',(1.150167387267,3.05951023129));
#6493 = CARTESIAN_POINT('',(1.175082717016,3.063475479556));
#6494 = CARTESIAN_POINT('',(1.199998048374,3.067440757071));
#6495 = CARTESIAN_POINT('',(1.224913376556,3.071406064336));
#6496 = CARTESIAN_POINT('',(1.249828695343,3.075371399973));
#6497 = CARTESIAN_POINT('',(1.349147430277,3.091178337327));
#6498 = CARTESIAN_POINT('',(1.423559320438,3.103021507952));
#6499 = CARTESIAN_POINT('',(1.497965000708,3.114863895878));
#6500 = CARTESIAN_POINT('',(1.57236675025,3.126705697978));
#6501 = CARTESIAN_POINT('',(1.646772489324,3.138548019475));
#6502 = CARTESIAN_POINT('',(1.721184479406,3.150391145444));
#6503 = CARTESIAN_POINT('',(1.887322605592,3.176832650788));
#6504 = CARTESIAN_POINT('',(1.979080980443,3.191436070161));
#6505 = CARTESIAN_POINT('',(2.070821794675,3.206036422307));
#6506 = CARTESIAN_POINT('',(2.162551422546,3.220634956008));
#6507 = CARTESIAN_POINT('',(2.254292164033,3.235235490172));
#6508 = CARTESIAN_POINT('',(2.34605042319,3.249839202502));
#6509 = CARTESIAN_POINT('',(2.542142595351,3.281048832956));
#6510 = CARTESIAN_POINT('',(2.646546085549,3.297665929815));
#6511 = CARTESIAN_POINT('',(2.750911945437,3.314277444405));
#6512 = CARTESIAN_POINT('',(2.855265318859,3.330887070723));
#6513 = CARTESIAN_POINT('',(2.959631264073,3.347498250578));
#6514 = CARTESIAN_POINT('',(3.064034913549,3.364114807918));
#6515 = CARTESIAN_POINT('',(3.259584135767,3.395236804686));
#6516 = CARTESIAN_POINT('',(3.350798500523,3.409753321813));
#6517 = CARTESIAN_POINT('',(3.44199583845,3.424266768069));
#6518 = CARTESIAN_POINT('',(3.53318231258,3.438778372777));
#6519 = CARTESIAN_POINT('',(3.624379603709,3.453291901405));
#6520 = CARTESIAN_POINT('',(3.71559397824,3.467808588542));
#6521 = CARTESIAN_POINT('',(3.822853632915,3.484879393959));
#6522 = CARTESIAN_POINT('',(3.838922156355,3.487436778059));
#6523 = CARTESIAN_POINT('',(3.85499068023,3.489994176317));
#6524 = CARTESIAN_POINT('',(3.871059204318,3.492551588643));
#6525 = CARTESIAN_POINT('',(3.887127727959,3.495109014695));
#6526 = CARTESIAN_POINT('',(3.903196250052,3.497666453887));
#6527 = CARTESIAN_POINT('',(4.004531095327,3.51379481965));
#6528 = CARTESIAN_POINT('',(4.089814000108,3.527368730922));
#6529 = CARTESIAN_POINT('',(4.175084693791,3.540940980629));
#6530 = CARTESIAN_POINT('',(4.260347649255,3.554512033838));
#6531 = CARTESIAN_POINT('',(4.345618417956,3.568084073842));
#6532 = CARTESIAN_POINT('',(4.430901450766,3.581657604065));
#6533 = CARTESIAN_POINT('',(4.598648601755,3.608355141706));
#6534 = CARTESIAN_POINT('',(4.681143359171,3.621484053471));
#6535 = CARTESIAN_POINT('',(4.763627746253,3.634610899687));
#6536 = CARTESIAN_POINT('',(4.84610551497,3.647736463035));
#6537 = CARTESIAN_POINT('',(4.92858983987,3.660863183148));
#6538 = CARTESIAN_POINT('',(5.011084502647,3.673992011129));
#6539 = CARTESIAN_POINT('',(5.175894639482,3.700222240796));
#6540 = CARTESIAN_POINT('',(5.258238162992,3.713328105994));
#6541 = CARTESIAN_POINT('',(5.340571399906,3.726432980179));
#6542 = CARTESIAN_POINT('',(5.422898125938,3.739537343496));
#6543 = CARTESIAN_POINT('',(5.505231437836,3.752642788497));
#6544 = CARTESIAN_POINT('',(5.587575087362,3.765749283212));
#6545 = CARTESIAN_POINT('',(5.735612647045,3.789310824363));
#6546 = CARTESIAN_POINT('',(5.801325058418,3.799769078186));
#6547 = CARTESIAN_POINT('',(5.8670340992,3.810226258826));
#6548 = CARTESIAN_POINT('',(5.932740966364,3.820682564825));
#6549 = CARTESIAN_POINT('',(5.998449902276,3.831139111752));
#6550 = CARTESIAN_POINT('',(6.064162132145,3.841596694034));
#6551 = CARTESIAN_POINT('',(6.151771983921,3.855539581462));
#6552 = CARTESIAN_POINT('',(6.173674146692,3.859025290882));
#6553 = CARTESIAN_POINT('',(6.195576328278,3.862511039306));
#6554 = CARTESIAN_POINT('',(6.217478530386,3.865996807856));
#6555 = CARTESIAN_POINT('',(6.23938075674,3.869482558156));
#6556 = CARTESIAN_POINT('',(6.261283013084,3.872968232329));
#6557 = CARTESIAN_POINT('',(6.28318530718,3.876453752997));
#6558 = ( GEOMETRIC_REPRESENTATION_CONTEXT(2) 
PARAMETRIC_REPRESENTATION_CONTEXT() REPRESENTATION_CONTEXT('2D SPACE',''
  ) );
#6559 = PCURVE('',#5624,#6560);
#6560 = DEFINITIONAL_REPRESENTATION('',(#6561),#6648);
#6561 = B_SPLINE_CURVE_WITH_KNOTS('',7,(#6562,#6563,#6564,#6565,#6566,
    #6567,#6568,#6569,#6570,#6571,#6572,#6573,#6574,#6575,#6576,#6577,
    #6578,#6579,#6580,#6581,#6582,#6583,#6584,#6585,#6586,#6587,#6588,
    #6589,#6590,#6591,#6592,#6593,#6594,#6595,#6596,#6597,#6598,#6599,
    #6600,#6601,#6602,#6603,#6604,#6605,#6606,#6607,#6608,#6609,#6610,
    #6611,#6612,#6613,#6614,#6615,#6616,#6617,#6618,#6619,#6620,#6621,
    #6622,#6623,#6624,#6625,#6626,#6627,#6628,#6629,#6630,#6631,#6632,
    #6633,#6634,#6635,#6636,#6637,#6638,#6639,#6640,#6641,#6642,#6643,
    #6644,#6645,#6646,#6647),.UNSPECIFIED.,.F.,.F.,(8,6,6,6,6,6,6,6,6,6,
    6,6,6,6,8),(0.,4.181101871927E-02,0.113770689994,0.175131549281,
    0.202890910021,0.285787427325,0.387993263937,0.504263309067,
    0.605863910672,0.623766656256,0.718766160895,0.810661876869,
    0.902389424785,0.975597711942,1.),.UNSPECIFIED.);
#6562 = CARTESIAN_POINT('',(0.625014742293,0.));
#6563 = CARTESIAN_POINT('',(0.625015045682,3.799816659407E-02));
#6564 = CARTESIAN_POINT('',(0.625016947746,7.599763830317E-02));
#6565 = CARTESIAN_POINT('',(0.625019087717,0.113997552556));
#6566 = CARTESIAN_POINT('',(0.625020783878,0.151997692131));
#6567 = CARTESIAN_POINT('',(0.625021819071,0.189998104699));
#6568 = CARTESIAN_POINT('',(0.625022226216,0.227998722363));
#6569 = CARTESIAN_POINT('',(0.625021811541,0.331400069683));
#6570 = CARTESIAN_POINT('',(0.625019905683,0.396805185747));
#6571 = CARTESIAN_POINT('',(0.625016921228,0.462206532448));
#6572 = CARTESIAN_POINT('',(0.625014128159,0.527605338464));
#6573 = CARTESIAN_POINT('',(0.625012294721,0.593005842963));
#6574 = CARTESIAN_POINT('',(0.625011417075,0.658409419226));
#6575 = CARTESIAN_POINT('',(0.625011358313,0.77957569092));
#6576 = CARTESIAN_POINT('',(0.625011938952,0.835344524485));
#6577 = CARTESIAN_POINT('',(0.625013030514,0.891112102653));
#6578 = CARTESIAN_POINT('',(0.625014380015,0.94687898791));
#6579 = CARTESIAN_POINT('',(0.625015724878,1.002646976161));
#6580 = CARTESIAN_POINT('',(0.62501687615,1.058416532979));
#6581 = CARTESIAN_POINT('',(0.625018128335,1.139413271124));
#6582 = CARTESIAN_POINT('',(0.625018459016,1.164642341259));
#6583 = CARTESIAN_POINT('',(0.62501872159,1.189871432682));
#6584 = CARTESIAN_POINT('',(0.625018910866,1.21510053608));
#6585 = CARTESIAN_POINT('',(0.625019025214,1.240329640809));
#6586 = CARTESIAN_POINT('',(0.625019066572,1.265558734895));
#6587 = CARTESIAN_POINT('',(0.625018962391,1.366128230513));
#6588 = CARTESIAN_POINT('',(0.62501828279,1.441477162119));
#6589 = CARTESIAN_POINT('',(0.625017123012,1.516819608692));
#6590 = CARTESIAN_POINT('',(0.625015872553,1.592157799853));
#6591 = CARTESIAN_POINT('',(0.625014906073,1.66749978097));
#6592 = CARTESIAN_POINT('',(0.625014426856,1.742847947137));
#6593 = CARTESIAN_POINT('',(0.625014448817,1.911076143311));
#6594 = CARTESIAN_POINT('',(0.625015199956,2.003988792597));
#6595 = CARTESIAN_POINT('',(0.625016745722,2.096883771071));
#6596 = CARTESIAN_POINT('',(0.625018602647,2.189767727929));
#6597 = CARTESIAN_POINT('',(0.625020135663,2.282663274119));
#6598 = CARTESIAN_POINT('',(0.625020886568,2.375576756912));
#6599 = CARTESIAN_POINT('',(0.62502079443,2.574137830904));
#6600 = CARTESIAN_POINT('',(0.625019710021,2.679855891438));
#6601 = CARTESIAN_POINT('',(0.62501752388,2.785535718848));
#6602 = CARTESIAN_POINT('',(0.625014738745,2.89120251411));
#6603 = CARTESIAN_POINT('',(0.625012508769,2.996881632915));
#6604 = CARTESIAN_POINT('',(0.625011377334,3.102598751998));
#6605 = CARTESIAN_POINT('',(0.625011319613,3.300608164588));
#6606 = CARTESIAN_POINT('',(0.625012128368,3.392970110677));
#6607 = CARTESIAN_POINT('',(0.625013798381,3.48531497103));
#6608 = CARTESIAN_POINT('',(0.625015952545,3.577649132875));
#6609 = CARTESIAN_POINT('',(0.625018003686,3.669994567095));
#6610 = CARTESIAN_POINT('',(0.625019425695,3.762357493508));
#6611 = CARTESIAN_POINT('',(0.625020222567,3.870967785806));
#6612 = CARTESIAN_POINT('',(0.625020318689,3.887238648951));
#6613 = CARTESIAN_POINT('',(0.625020390764,3.903509512934));
#6614 = CARTESIAN_POINT('',(0.625020438325,3.919780376668));
#6615 = CARTESIAN_POINT('',(0.62502046123,3.936051238625));
#6616 = CARTESIAN_POINT('',(0.62502045966,3.952322096829));
#6617 = CARTESIAN_POINT('',(0.625020298605,4.054932939339));
#6618 = CARTESIAN_POINT('',(0.625019491825,4.141289631051));
#6619 = CARTESIAN_POINT('',(0.625018069835,4.227633749515));
#6620 = CARTESIAN_POINT('',(0.62501640926,4.313969712022));
#6621 = CARTESIAN_POINT('',(0.625015019452,4.400313278828));
#6622 = CARTESIAN_POINT('',(0.625014304602,4.48666909692));
#6623 = CARTESIAN_POINT('',(0.625014247967,4.656526338652));
#6624 = CARTESIAN_POINT('',(0.62501486294,4.740058788885));
#6625 = CARTESIAN_POINT('',(0.625016167084,4.823580862904));
#6626 = CARTESIAN_POINT('',(0.625017885966,4.907096535051));
#6627 = CARTESIAN_POINT('',(0.625019447016,4.990619200489));
#6628 = CARTESIAN_POINT('',(0.625020245988,5.074152581958));
#6629 = CARTESIAN_POINT('',(0.625020068623,5.24103802091));
#6630 = CARTESIAN_POINT('',(0.625019092904,5.324418477375));
#6631 = CARTESIAN_POINT('',(0.625017074246,5.407788420275));
#6632 = CARTESIAN_POINT('',(0.625014247997,5.491151376503));
#6633 = CARTESIAN_POINT('',(0.625011539437,5.574520493486));
#6634 = CARTESIAN_POINT('',(0.625010100604,5.657899759537));
#6635 = CARTESIAN_POINT('',(0.625010072906,5.807799318892));
#6636 = CARTESIAN_POINT('',(0.625010983446,5.874338310564));
#6637 = CARTESIAN_POINT('',(0.625012846119,5.940874133246));
#6638 = CARTESIAN_POINT('',(0.625015569205,6.007408256406));
#6639 = CARTESIAN_POINT('',(0.625018151502,6.073945150026));
#6640 = CARTESIAN_POINT('',(0.625019277529,6.140485833269));
#6641 = CARTESIAN_POINT('',(0.625019302674,6.229199362528));
#6642 = CARTESIAN_POINT('',(0.625019194798,6.251377370347));
#6643 = CARTESIAN_POINT('',(0.625018971314,6.273555287778));
#6644 = CARTESIAN_POINT('',(0.62501867465,6.295733066093));
#6645 = CARTESIAN_POINT('',(0.625018391105,6.317910647046));
#6646 = CARTESIAN_POINT('',(0.625018250849,6.340087962874));
#6647 = CARTESIAN_POINT('',(0.625018427926,6.362264936297));
#6648 = ( GEOMETRIC_REPRESENTATION_CONTEXT(2) 
PARAMETRIC_REPRESENTATION_CONTEXT() REPRESENTATION_CONTEXT('2D SPACE',''
  ) );
#6649 = ADVANCED_FACE('',(#6650),#5253,.F.);
#6650 = FACE_BOUND('',#6651,.F.);
#6651 = EDGE_LOOP('',(#6652,#6653,#6675,#6705));
#6652 = ORIENTED_EDGE('',*,*,#5095,.F.);
#6653 = ORIENTED_EDGE('',*,*,#6654,.T.);
#6654 = EDGE_CURVE('',#5066,#6655,#6657,.T.);
#6655 = VERTEX_POINT('',#6656);
#6656 = CARTESIAN_POINT('',(3.140006383518,-2.344E-12,3.562500000047));
#6657 = SURFACE_CURVE('',#6658,(#6661,#6668),.PCURVE_S1.);
#6658 = B_SPLINE_CURVE_WITH_KNOTS('',1,(#6659,#6660),.UNSPECIFIED.,.F.,
  .F.,(2,2),(0.,0.825),.PIECEWISE_BEZIER_KNOTS.);
#6659 = CARTESIAN_POINT('',(2.425529406726,5.2839286037E-07,
    3.97498957523));
#6660 = CARTESIAN_POINT('',(3.140006383518,-2.36543E-12,3.562500000047)
  );
#6661 = PCURVE('',#5253,#6662);
#6662 = DEFINITIONAL_REPRESENTATION('',(#6663),#6667);
#6663 = LINE('',#6664,#6665);
#6664 = CARTESIAN_POINT('',(0.,0.));
#6665 = VECTOR('',#6666,1.);
#6666 = DIRECTION('',(1.,0.));
#6667 = ( GEOMETRIC_REPRESENTATION_CONTEXT(2) 
PARAMETRIC_REPRESENTATION_CONTEXT() REPRESENTATION_CONTEXT('2D SPACE',''
  ) );
#6668 = PCURVE('',#6276,#6669);
#6669 = DEFINITIONAL_REPRESENTATION('',(#6670),#6674);
#6670 = LINE('',#6671,#6672);
#6671 = CARTESIAN_POINT('',(0.,6.362265131567));
#6672 = VECTOR('',#6673,1.);
#6673 = DIRECTION('',(1.,0.));
#6674 = ( GEOMETRIC_REPRESENTATION_CONTEXT(2) 
PARAMETRIC_REPRESENTATION_CONTEXT() REPRESENTATION_CONTEXT('2D SPACE',''
  ) );
#6675 = ORIENTED_EDGE('',*,*,#6676,.T.);
#6676 = EDGE_CURVE('',#6655,#5662,#6677,.T.);
#6677 = SURFACE_CURVE('',#6678,(#6691,#6698),.PCURVE_S1.);
#6678 = B_SPLINE_CURVE_WITH_KNOTS('',11,(#6679,#6680,#6681,#6682,#6683,
    #6684,#6685,#6686,#6687,#6688,#6689,#6690),.UNSPECIFIED.,.F.,.F.,(12
    ,12),(0.,6.362265131567),.PIECEWISE_BEZIER_KNOTS.);
#6679 = CARTESIAN_POINT('',(3.140006383518,-2.34266E-12,3.562500000047)
  );
#6680 = CARTESIAN_POINT('',(3.140008383098,1.79356790702,3.653409090985)
  );
#6681 = CARTESIAN_POINT('',(2.013351365862,3.587096431836,3.744318182384
    ));
#6682 = CARTESIAN_POINT('',(-0.242565158858,4.594291189873,
    3.835227270126));
#6683 = CARTESIAN_POINT('',(-2.99770620654,4.025731326376,3.926136370426
    ));
#6684 = CARTESIAN_POINT('',(-5.053417127002,1.66020283382,4.01704544411)
  );
#6685 = CARTESIAN_POINT('',(-5.052241391727,-1.66021689192,
    4.107954556281));
#6686 = CARTESIAN_POINT('',(-2.998496855791,-4.025706795824,
    4.198863629143));
#6687 = CARTESIAN_POINT('',(-0.242232710623,-4.594304109792,
    4.289772730371));
#6688 = CARTESIAN_POINT('',(2.01328386572,-3.587093919629,4.380681817629
    ));
#6689 = CARTESIAN_POINT('',(3.140005979817,-1.793567907026,
    4.471590909127));
#6690 = CARTESIAN_POINT('',(3.140007979398,-3.63762E-12,4.562500000073)
  );
#6691 = PCURVE('',#5253,#6692);
#6692 = DEFINITIONAL_REPRESENTATION('',(#6693),#6697);
#6693 = LINE('',#6694,#6695);
#6694 = CARTESIAN_POINT('',(0.825,0.));
#6695 = VECTOR('',#6696,1.);
#6696 = DIRECTION('',(0.,1.));
#6697 = ( GEOMETRIC_REPRESENTATION_CONTEXT(2) 
PARAMETRIC_REPRESENTATION_CONTEXT() REPRESENTATION_CONTEXT('2D SPACE',''
  ) );
#6698 = PCURVE('',#5711,#6699);
#6699 = DEFINITIONAL_REPRESENTATION('',(#6700),#6704);
#6700 = LINE('',#6701,#6702);
#6701 = CARTESIAN_POINT('',(0.,0.));
#6702 = VECTOR('',#6703,1.);
#6703 = DIRECTION('',(0.,1.));
#6704 = ( GEOMETRIC_REPRESENTATION_CONTEXT(2) 
PARAMETRIC_REPRESENTATION_CONTEXT() REPRESENTATION_CONTEXT('2D SPACE',''
  ) );
#6705 = ORIENTED_EDGE('',*,*,#5850,.F.);
#6706 = ADVANCED_FACE('',(#6707),#5624,.F.);
#6707 = FACE_BOUND('',#6708,.F.);
#6708 = EDGE_LOOP('',(#6709,#6741,#6786,#6787));
#6709 = ORIENTED_EDGE('',*,*,#6710,.F.);
#6710 = EDGE_CURVE('',#6711,#5580,#6713,.T.);
#6711 = VERTEX_POINT('',#6712);
#6712 = CARTESIAN_POINT('',(3.14000820738,-3.014E-12,3.43750000006));
#6713 = SURFACE_CURVE('',#6714,(#6727,#6734),.PCURVE_S1.);
#6714 = ( BOUNDED_CURVE() B_SPLINE_CURVE(11,(#6715,#6716,#6717,#6718,
    #6719,#6720,#6721,#6722,#6723,#6724,#6725,#6726),.UNSPECIFIED.,.F.,
.F.) B_SPLINE_CURVE_WITH_KNOTS((12,12),(0.,6.362265131567),
.PIECEWISE_BEZIER_KNOTS.) CURVE() GEOMETRIC_REPRESENTATION_ITEM() 
RATIONAL_B_SPLINE_CURVE((1.056590953773,1.056590953773,1.056590953773,
    1.056590953773,1.056590953773,1.056590953773,1.056590953773,
    1.056590953773,1.056590953773,1.056590953773,1.056590953773,
1.056590953773)) REPRESENTATION_ITEM('') );
#6715 = CARTESIAN_POINT('',(3.14000820738,-3.01972E-12,3.43750000006));
#6716 = CARTESIAN_POINT('',(3.140010778269,1.793569078778,3.528409091006
    ));
#6717 = CARTESIAN_POINT('',(2.013362324505,3.587099136473,3.619318182545
    ));
#6718 = CARTESIAN_POINT('',(-0.242612810424,4.594292340554,
    3.710227269385));
#6719 = CARTESIAN_POINT('',(-2.997595214905,4.025737473298,
    3.801136372363));
#6720 = CARTESIAN_POINT('',(-5.053588391412,1.660201893435,
    3.892045441133));
#6721 = CARTESIAN_POINT('',(-5.052076731768,-1.660219968135,
    3.982954559371));
#6722 = CARTESIAN_POINT('',(-2.998611763945,-4.025705934018,
    4.073863627083));
#6723 = CARTESIAN_POINT('',(-0.242185376978,-4.594308951879,
    4.164772731255));
#6724 = CARTESIAN_POINT('',(2.013275538609,-3.587095906494,
    4.255681817472));
#6725 = CARTESIAN_POINT('',(3.140007688336,-1.793569078786,
    4.346590909138));
#6726 = CARTESIAN_POINT('',(3.140010259225,-4.68412E-12,4.437500000094)
  );
#6727 = PCURVE('',#5624,#6728);
#6728 = DEFINITIONAL_REPRESENTATION('',(#6729),#6733);
#6729 = LINE('',#6730,#6731);
#6730 = CARTESIAN_POINT('',(0.,0.));
#6731 = VECTOR('',#6732,1.);
#6732 = DIRECTION('',(0.,1.));
#6733 = ( GEOMETRIC_REPRESENTATION_CONTEXT(2) 
PARAMETRIC_REPRESENTATION_CONTEXT() REPRESENTATION_CONTEXT('2D SPACE',''
  ) );
#6734 = PCURVE('',#5711,#6735);
#6735 = DEFINITIONAL_REPRESENTATION('',(#6736),#6740);
#6736 = LINE('',#6737,#6738);
#6737 = CARTESIAN_POINT('',(2.094395102393,0.));
#6738 = VECTOR('',#6739,1.);
#6739 = DIRECTION('',(0.,1.));
#6740 = ( GEOMETRIC_REPRESENTATION_CONTEXT(2) 
PARAMETRIC_REPRESENTATION_CONTEXT() REPRESENTATION_CONTEXT('2D SPACE',''
  ) );
#6741 = ORIENTED_EDGE('',*,*,#6742,.T.);
#6742 = EDGE_CURVE('',#6711,#6093,#6743,.T.);
#6743 = SURFACE_CURVE('',#6744,(#6747,#6754),.PCURVE_S1.);
#6744 = B_SPLINE_CURVE_WITH_KNOTS('',1,(#6745,#6746),.UNSPECIFIED.,.F.,
  .F.,(2,2),(0.,0.825),.PIECEWISE_BEZIER_KNOTS.);
#6745 = CARTESIAN_POINT('',(3.14000820738,-3.03884E-12,3.43750000006));
#6746 = CARTESIAN_POINT('',(2.425543268079,5.2838776801E-07,
    3.024989575331));
#6747 = PCURVE('',#5624,#6748);
#6748 = DEFINITIONAL_REPRESENTATION('',(#6749),#6753);
#6749 = LINE('',#6750,#6751);
#6750 = CARTESIAN_POINT('',(0.,0.));
#6751 = VECTOR('',#6752,1.);
#6752 = DIRECTION('',(1.,0.));
#6753 = ( GEOMETRIC_REPRESENTATION_CONTEXT(2) 
PARAMETRIC_REPRESENTATION_CONTEXT() REPRESENTATION_CONTEXT('2D SPACE',''
  ) );
#6754 = PCURVE('',#6755,#6780);
#6755 = B_SPLINE_SURFACE_WITH_KNOTS('',1,11,(
    (#6756,#6757,#6758,#6759,#6760,#6761,#6762,#6763,#6764,#6765,#6766
      ,#6767)
    ,(#6768,#6769,#6770,#6771,#6772,#6773,#6774,#6775,#6776,#6777,#6778
      ,#6779
    )),.UNSPECIFIED.,.F.,.F.,.F.,(2,2),(12,12),(0.,0.825),(0.,
    6.362265131567),.PIECEWISE_BEZIER_KNOTS.);
#6756 = CARTESIAN_POINT('',(3.140006155535,-1.70301E-12,2.437500000034)
  );
#6757 = CARTESIAN_POINT('',(3.140008726421,1.793567907021,2.528409090971
    ));
#6758 = CARTESIAN_POINT('',(2.013361008741,3.587096790722,2.619318182355
    ));
#6759 = CARTESIAN_POINT('',(-0.242612651473,4.594289344172,
    2.710227270171));
#6760 = CARTESIAN_POINT('',(-2.997593256635,4.025734830734,
    2.801136370328));
#6761 = CARTESIAN_POINT('',(-5.053585089202,1.660200825522,
    2.892045444146));
#6762 = CARTESIAN_POINT('',(-5.052073429525,-1.660218900224,
    2.982954556298));
#6763 = CARTESIAN_POINT('',(-2.998609805695,-4.025703291461,
    3.073863629059));
#6764 = CARTESIAN_POINT('',(-0.242185218008,-4.594305955494,
    3.164772730408));
#6765 = CARTESIAN_POINT('',(2.013274222841,-3.587093560742,
    3.255681817603));
#6766 = CARTESIAN_POINT('',(3.140005636493,-1.793567907025,
    3.346590909113));
#6767 = CARTESIAN_POINT('',(3.14000820738,-3.03884E-12,3.43750000006));
#6768 = CARTESIAN_POINT('',(2.425539711515,3.9629182848E-07,
    2.024992181479));
#6769 = CARTESIAN_POINT('',(2.425543941439,1.385554396749,2.115898006974
    ));
#6770 = CARTESIAN_POINT('',(1.555234140615,2.770292660782,2.206753477156
    ));
#6771 = CARTESIAN_POINT('',(-0.187418753062,3.550923147303,
    2.298001507479));
#6772 = CARTESIAN_POINT('',(-2.31534228445,3.105590042101,2.387930590918
    ));
#6773 = CARTESIAN_POINT('',(-3.904283134041,1.288338332222,
    2.480593622999));
#6774 = CARTESIAN_POINT('',(-3.901662418182,-1.288371150185,
    2.569388134418));
#6775 = CARTESIAN_POINT('',(-2.317103128383,-3.105536256033,
    2.662051164667));
#6776 = CARTESIAN_POINT('',(-0.186676511115,-3.550952012165,
    2.751980250174));
#6777 = CARTESIAN_POINT('',(1.55508476746,-2.770286469134,2.843228279417
    ));
#6778 = CARTESIAN_POINT('',(2.42553911358,-1.385553472068,2.934083749821
    ));
#6779 = CARTESIAN_POINT('',(2.425543268079,5.2838776801E-07,
    3.024989575331));
#6780 = DEFINITIONAL_REPRESENTATION('',(#6781),#6785);
#6781 = LINE('',#6782,#6783);
#6782 = CARTESIAN_POINT('',(0.,6.362265131567));
#6783 = VECTOR('',#6784,1.);
#6784 = DIRECTION('',(1.,0.));
#6785 = ( GEOMETRIC_REPRESENTATION_CONTEXT(2) 
PARAMETRIC_REPRESENTATION_CONTEXT() REPRESENTATION_CONTEXT('2D SPACE',''
  ) );
#6786 = ORIENTED_EDGE('',*,*,#6380,.T.);
#6787 = ORIENTED_EDGE('',*,*,#5611,.F.);
#6788 = ADVANCED_FACE('',(#6789),#5711,.F.);
#6789 = FACE_BOUND('',#6790,.F.);
#6790 = EDGE_LOOP('',(#6791,#6792,#6902,#6903));
#6791 = ORIENTED_EDGE('',*,*,#6676,.F.);
#6792 = ORIENTED_EDGE('',*,*,#6793,.T.);
#6793 = EDGE_CURVE('',#6655,#6711,#6794,.T.);
#6794 = SURFACE_CURVE('',#6795,(#6803,#6810),.PCURVE_S1.);
#6795 = ( BOUNDED_CURVE() B_SPLINE_CURVE(6,(#6796,#6797,#6798,#6799,
#6800,#6801,#6802),.UNSPECIFIED.,.F.,.F.) B_SPLINE_CURVE_WITH_KNOTS((7,7
),(0.,2.094395102393),.PIECEWISE_BEZIER_KNOTS.) CURVE() 
GEOMETRIC_REPRESENTATION_ITEM() RATIONAL_B_SPLINE_CURVE((1.056590953773,
    1.017435169568,0.996326512422,0.989390034249,0.996326512422,
1.017435169568,1.056590953773)) REPRESENTATION_ITEM('') );
#6796 = CARTESIAN_POINT('',(3.140006383518,-2.3653E-12,3.562500000047));
#6797 = CARTESIAN_POINT('',(3.16266222298,-1.675761341E-08,
    3.549420085789));
#6798 = CARTESIAN_POINT('',(3.178628046312,-2.856515143E-08,
    3.527281580611));
#6799 = CARTESIAN_POINT('',(3.184399040042,-3.28329921E-08,
    3.500000647769));
#6800 = CARTESIAN_POINT('',(3.178628842421,-2.856544191E-08,
    3.47271954653));
#6801 = CARTESIAN_POINT('',(3.162663665137,-1.675814837E-08,
    3.45058057545));
#6802 = CARTESIAN_POINT('',(3.14000820738,-3.03659E-12,3.43750000006));
#6803 = PCURVE('',#5711,#6804);
#6804 = DEFINITIONAL_REPRESENTATION('',(#6805),#6809);
#6805 = LINE('',#6806,#6807);
#6806 = CARTESIAN_POINT('',(0.,0.));
#6807 = VECTOR('',#6808,1.);
#6808 = DIRECTION('',(1.,0.));
#6809 = ( GEOMETRIC_REPRESENTATION_CONTEXT(2) 
PARAMETRIC_REPRESENTATION_CONTEXT() REPRESENTATION_CONTEXT('2D SPACE',''
  ) );
#6810 = PCURVE('',#6811,#6896);
#6811 = ( BOUNDED_SURFACE() B_SPLINE_SURFACE(6,11,(
    (#6812,#6813,#6814,#6815,#6816,#6817,#6818,#6819,#6820,#6821,#6822
      ,#6823)
    ,(#6824,#6825,#6826,#6827,#6828,#6829,#6830,#6831,#6832,#6833,#6834
      ,#6835)
    ,(#6836,#6837,#6838,#6839,#6840,#6841,#6842,#6843,#6844,#6845,#6846
      ,#6847)
    ,(#6848,#6849,#6850,#6851,#6852,#6853,#6854,#6855,#6856,#6857,#6858
      ,#6859)
    ,(#6860,#6861,#6862,#6863,#6864,#6865,#6866,#6867,#6868,#6869,#6870
      ,#6871)
    ,(#6872,#6873,#6874,#6875,#6876,#6877,#6878,#6879,#6880,#6881,#6882
      ,#6883)
    ,(#6884,#6885,#6886,#6887,#6888,#6889,#6890,#6891,#6892,#6893,#6894
,#6895
    )),.UNSPECIFIED.,.F.,.F.,.F.) B_SPLINE_SURFACE_WITH_KNOTS((7,7),(12,
    12),(0.,2.094395102393),(0.,6.362265131567),
.PIECEWISE_BEZIER_KNOTS.) GEOMETRIC_REPRESENTATION_ITEM() 
RATIONAL_B_SPLINE_SURFACE((
    (1.056590953773,1.056590953773,1.056590953773,1.056590953773
      ,1.056590953773,1.056590953774,1.056590953773,1.056590953773
      ,1.056590953773,1.056590953773,1.056590953773,1.056590953773)
    ,(1.017435169568,1.017435169568,1.017435169568,1.017435169568
      ,1.017435169568,1.017435169568,1.017435169568,1.017435169568
      ,1.017435169568,1.017435169568,1.017435169568,1.017435169568)
    ,(0.996326512422,0.996326512422,0.996326512422,0.996326512422
      ,0.996326512422,0.996326512423,0.996326512421,0.996326512423
      ,0.996326512422,0.996326512422,0.996326512422,0.996326512422)
    ,(0.989390034249,0.989390034249,0.989390034249,0.989390034249
      ,0.989390034248,0.989390034249,0.989390034248,0.989390034249
      ,0.989390034248,0.989390034249,0.989390034249,0.989390034249)
    ,(0.996326512422,0.996326512422,0.996326512422,0.996326512423
      ,0.996326512421,0.996326512423,0.996326512421,0.996326512423
      ,0.996326512422,0.996326512422,0.996326512422,0.996326512422)
    ,(1.017435169568,1.017435169568,1.017435169568,1.017435169568
      ,1.017435169568,1.017435169568,1.017435169568,1.017435169568
      ,1.017435169568,1.017435169568,1.017435169568,1.017435169568)
    ,(1.056590953773,1.056590953773,1.056590953773,1.056590953773
      ,1.056590953773,1.056590953774,1.056590953773,1.056590953773
      ,1.056590953773,1.056590953773,1.056590953773,1.056590953773
))) REPRESENTATION_ITEM('') SURFACE() );
#6812 = CARTESIAN_POINT('',(3.140004787638,-1.31959E-12,2.562500000026)
  );
#6813 = CARTESIAN_POINT('',(3.140006787216,1.793566995654,2.653409090957
    ));
#6814 = CARTESIAN_POINT('',(2.01335034249,3.587094607362,2.744318182236)
  );
#6815 = CARTESIAN_POINT('',(-0.242565035229,4.594288859354,
    2.835227270738));
#6816 = CARTESIAN_POINT('',(-2.99770468344,4.025729271047,2.926136368842
    ));
#6817 = CARTESIAN_POINT('',(-5.053414558616,1.660202003221,
    3.017045446455));
#6818 = CARTESIAN_POINT('',(-5.052238823315,-1.660216061324,
    3.10795455389));
#6819 = CARTESIAN_POINT('',(-2.998495332708,-4.0257047405,3.198863630681
    ));
#6820 = CARTESIAN_POINT('',(-0.242232586979,-4.594301779272,
    3.289772729712));
#6821 = CARTESIAN_POINT('',(2.013282842346,-3.587092095155,
    3.380681817731));
#6822 = CARTESIAN_POINT('',(3.140004383939,-1.793566995657,
    3.471590909108));
#6823 = CARTESIAN_POINT('',(3.140006383518,-2.3653E-12,3.562500000047));
#6824 = CARTESIAN_POINT('',(3.162660579389,-1.256774905E-08,
    2.549420003127));
#6825 = CARTESIAN_POINT('',(3.162662645925,1.80650516604,2.640329197605)
  );
#6826 = CARTESIAN_POINT('',(2.02787963318,3.612995665502,2.731239989217)
  );
#6827 = CARTESIAN_POINT('',(-0.244325181644,4.627373773661,
    2.822138329816));
#6828 = CARTESIAN_POINT('',(-3.019315326627,4.054907935473,
    2.913078504371));
#6829 = CARTESIAN_POINT('',(-5.089894250233,1.671993399058,
    3.003931963725));
#6830 = CARTESIAN_POINT('',(-5.088683379181,-1.672007830266,
    3.094908125471));
#6831 = CARTESIAN_POINT('',(-3.020129651735,-4.054882643552,
    3.185761583978));
#6832 = CARTESIAN_POINT('',(-0.243982836993,-4.627387077573,
    3.276701759489));
#6833 = CARTESIAN_POINT('',(2.027810081459,-3.61299309699,3.36760009959)
  );
#6834 = CARTESIAN_POINT('',(3.162660154052,-1.806505195365,
    3.458510891303));
#6835 = CARTESIAN_POINT('',(3.16266222298,-1.675761341E-08,
    3.549420085789));
#6836 = CARTESIAN_POINT('',(3.178626321966,-2.142337783E-08,
    2.527281439709));
#6837 = CARTESIAN_POINT('',(3.178628494742,1.815622825885,2.618190707159
    ));
#6838 = CARTESIAN_POINT('',(2.038119568396,3.631248440868,2.709102697011
    ));
#6839 = CARTESIAN_POINT('',(-0.245570483868,4.650688857418,
    2.799993463461));
#6840 = CARTESIAN_POINT('',(-3.034532890618,4.075470798361,
    2.890955537892));
#6841 = CARTESIAN_POINT('',(-5.115619220618,1.68030270766,2.981769802508
    ));
#6842 = CARTESIAN_POINT('',(-5.114348865343,-1.680317816988,
    3.072793218106));
#6843 = CARTESIAN_POINT('',(-3.035387251056,-4.075444245412,
    3.163607481834));
#6844 = CARTESIAN_POINT('',(-0.245211346724,-4.650702813511,
    3.254569557268));
#6845 = CARTESIAN_POINT('',(2.038046577385,-3.631245758482,
    3.345460323194));
#6846 = CARTESIAN_POINT('',(3.178625869458,-1.815622875873,
    3.436372313153));
#6847 = CARTESIAN_POINT('',(3.178628046312,-2.856515143E-08,
    3.527281580611));
#6848 = CARTESIAN_POINT('',(3.184397216182,-2.462423052E-08,
    2.500000485816));
#6849 = CARTESIAN_POINT('',(3.184399515473,1.818918467839,2.590909779641
    ));
#6850 = CARTESIAN_POINT('',(2.041822351862,3.637846089604,2.681822202605
    ));
#6851 = CARTESIAN_POINT('',(-0.24602793188,4.659115972931,2.772710231335
    ));
#6852 = CARTESIAN_POINT('',(-3.040015965289,4.082903929525,2.86368022161
    ));
#6853 = CARTESIAN_POINT('',(-5.124943596077,1.683305855658,
    2.954480319031));
#6854 = CARTESIAN_POINT('',(-5.123599930019,-1.68332182958,
    3.045520814865));
#6855 = CARTESIAN_POINT('',(-3.04091963742,-4.08287583981,3.136320911347
    ));
#6856 = CARTESIAN_POINT('',(-0.245648075353,-4.659130734085,
    3.227290902682));
#6857 = CARTESIAN_POINT('',(2.041745143244,-3.637843255355,
    3.318178930859));
#6858 = CARTESIAN_POINT('',(3.184396736064,-1.818918525296,
    3.409091353935));
#6859 = CARTESIAN_POINT('',(3.184399040042,-3.28329921E-08,
    3.500000647769));
#6860 = CARTESIAN_POINT('',(3.178626919047,-2.142354351E-08,
    2.472719405627));
#6861 = CARTESIAN_POINT('',(3.178629341198,1.815623223693,2.563628673079
    ));
#6862 = CARTESIAN_POINT('',(2.038124224175,3.631249393897,2.654540662977
    ));
#6863 = CARTESIAN_POINT('',(-0.24559126818,4.650689069039,2.745431429127
    ));
#6864 = CARTESIAN_POINT('',(-3.034484253234,4.075473225144,
    2.836393504455));
#6865 = CARTESIAN_POINT('',(-5.11569365658,1.680302193598,2.927207767413
    ));
#6866 = CARTESIAN_POINT('',(-5.114276671572,-1.680319056159,
    3.018231185072));
#6867 = CARTESIAN_POINT('',(-3.035437218087,-4.07544361291,
    3.109045447039));
#6868 = CARTESIAN_POINT('',(-0.245190670345,-4.650704636417,
    3.200007523486));
#6869 = CARTESIAN_POINT('',(2.038042815003,-3.631246398205,
    3.290898289052));
#6870 = CARTESIAN_POINT('',(3.178626416193,-1.815623273682,
    3.381810279069));
#6871 = CARTESIAN_POINT('',(3.178628842421,-2.856544191E-08,
    3.47271954653));
#6872 = CARTESIAN_POINT('',(3.162661661007,-1.256804307E-08,
    2.450580492783));
#6873 = CARTESIAN_POINT('',(3.162664179285,1.806505886673,2.541489687266
    ));
#6874 = CARTESIAN_POINT('',(2.027888067156,3.612997391919,2.632400478962
    ));
#6875 = CARTESIAN_POINT('',(-0.244362832574,4.627374157015,
    2.723298819016));
#6876 = CARTESIAN_POINT('',(-3.019227219661,4.054912331605,
    2.814238995198));
#6877 = CARTESIAN_POINT('',(-5.090029091508,1.671992467835,
    2.905092451547));
#6878 = CARTESIAN_POINT('',(-5.088552599653,-1.672010075034,
    2.996068617028));
#6879 = CARTESIAN_POINT('',(-3.020220167366,-4.054881497771,
    3.086922072344));
#6880 = CARTESIAN_POINT('',(-0.243945381586,-4.627390379781,
    3.177862249691));
#6881 = CARTESIAN_POINT('',(2.027803265878,-3.612994255852,
    3.268760589138));
#6882 = CARTESIAN_POINT('',(3.162661144466,-1.806505915999,
    3.359671380957));
#6883 = CARTESIAN_POINT('',(3.162663665137,-1.675814837E-08,
    3.45058057545));
#6884 = CARTESIAN_POINT('',(3.140006155535,-1.70339E-12,2.437500000034)
  );
#6885 = CARTESIAN_POINT('',(3.140008726421,1.793567907021,2.528409090971
    ));
#6886 = CARTESIAN_POINT('',(2.013361008741,3.587096790722,2.619318182355
    ));
#6887 = CARTESIAN_POINT('',(-0.242612651472,4.594289344172,2.71022727017
    ));
#6888 = CARTESIAN_POINT('',(-2.997593256637,4.025734830734,2.80113637033
    ));
#6889 = CARTESIAN_POINT('',(-5.053585089198,1.660200825522,
    2.892045444142));
#6890 = CARTESIAN_POINT('',(-5.052073429529,-1.660218900226,
    2.982954556302));
#6891 = CARTESIAN_POINT('',(-2.998609805693,-4.02570329146,
    3.073863629056));
#6892 = CARTESIAN_POINT('',(-0.242185218009,-4.594305955495,
    3.16477273041));
#6893 = CARTESIAN_POINT('',(2.013274222842,-3.587093560742,
    3.255681817602));
#6894 = CARTESIAN_POINT('',(3.140005636493,-1.793567907025,
    3.346590909113));
#6895 = CARTESIAN_POINT('',(3.14000820738,-3.03659E-12,3.43750000006));
#6896 = DEFINITIONAL_REPRESENTATION('',(#6897),#6901);
#6897 = LINE('',#6898,#6899);
#6898 = CARTESIAN_POINT('',(0.,6.362265131567));
#6899 = VECTOR('',#6900,1.);
#6900 = DIRECTION('',(1.,0.));
#6901 = ( GEOMETRIC_REPRESENTATION_CONTEXT(2) 
PARAMETRIC_REPRESENTATION_CONTEXT() REPRESENTATION_CONTEXT('2D SPACE',''
  ) );
#6902 = ORIENTED_EDGE('',*,*,#6710,.T.);
#6903 = ORIENTED_EDGE('',*,*,#5693,.F.);
#6904 = ADVANCED_FACE('',(#6905),#5903,.T.);
#6905 = FACE_BOUND('',#6906,.F.);
#6906 = EDGE_LOOP('',(#6907,#6930,#6931));
#6907 = ORIENTED_EDGE('',*,*,#6908,.F.);
#6908 = EDGE_CURVE('',#5885,#6909,#6911,.T.);
#6909 = VERTEX_POINT('',#6910);
#6910 = CARTESIAN_POINT('',(5.773502691896,0.,4.879604694484));
#6911 = SURFACE_CURVE('',#6912,(#6916,#6923),.PCURVE_S1.);
#6912 = LINE('',#6913,#6914);
#6913 = CARTESIAN_POINT('',(5.,0.,5.2));
#6914 = VECTOR('',#6915,1.);
#6915 = DIRECTION('',(0.923879532511,0.,-0.382683432365));
#6916 = PCURVE('',#5903,#6917);
#6917 = DEFINITIONAL_REPRESENTATION('',(#6918),#6922);
#6918 = LINE('',#6919,#6920);
#6919 = CARTESIAN_POINT('',(-0.,0.));
#6920 = VECTOR('',#6921,1.);
#6921 = DIRECTION('',(-0.,1.));
#6922 = ( GEOMETRIC_REPRESENTATION_CONTEXT(2) 
PARAMETRIC_REPRESENTATION_CONTEXT() REPRESENTATION_CONTEXT('2D SPACE',''
  ) );
#6923 = PCURVE('',#5932,#6924);
#6924 = DEFINITIONAL_REPRESENTATION('',(#6925),#6929);
#6925 = LINE('',#6926,#6927);
#6926 = CARTESIAN_POINT('',(-6.28318530718,0.));
#6927 = VECTOR('',#6928,1.);
#6928 = DIRECTION('',(-0.,1.));
#6929 = ( GEOMETRIC_REPRESENTATION_CONTEXT(2) 
PARAMETRIC_REPRESENTATION_CONTEXT() REPRESENTATION_CONTEXT('2D SPACE',''
  ) );
#6930 = ORIENTED_EDGE('',*,*,#5884,.T.);
#6931 = ORIENTED_EDGE('',*,*,#6932,.T.);
#6932 = EDGE_CURVE('',#5887,#6909,#6933,.T.);
#6933 = SURFACE_CURVE('',#6934,(#6939,#6950),.PCURVE_S1.);
#6934 = HYPERBOLA('',#6935,2.071067811865,5.);
#6935 = AXIS2_PLACEMENT_3D('',#6936,#6937,#6938);
#6936 = CARTESIAN_POINT('',(4.330127018922,2.5,7.271067811865));
#6937 = DIRECTION('',(-0.866025403784,-0.5,-0.));
#6938 = DIRECTION('',(0.,0.,-1.));
#6939 = PCURVE('',#5903,#6940);
#6940 = DEFINITIONAL_REPRESENTATION('',(#6941),#6949);
#6941 = B_SPLINE_CURVE_WITH_KNOTS('',6,(#6942,#6943,#6944,#6945,#6946,
    #6947,#6948),.UNSPECIFIED.,.F.,.F.,(7,7),(1.4E-16,0.549306144334),
  .PIECEWISE_BEZIER_KNOTS.);
#6942 = CARTESIAN_POINT('',(-0.523598775598,3.138004145394E-16));
#6943 = CARTESIAN_POINT('',(-0.432047751543,3.482419234522E-16));
#6944 = CARTESIAN_POINT('',(-0.340497154616,2.083061862346E-02));
#6945 = CARTESIAN_POINT('',(-0.2503248097,6.249179207875E-02));
#6946 = CARTESIAN_POINT('',(-0.162925989184,0.1255075132));
#6947 = CARTESIAN_POINT('',(-7.92855125747E-02,0.210924856822));
#6948 = CARTESIAN_POINT('',(0.,0.320395305516));
#6949 = ( GEOMETRIC_REPRESENTATION_CONTEXT(2) 
PARAMETRIC_REPRESENTATION_CONTEXT() REPRESENTATION_CONTEXT('2D SPACE',''
  ) );
#6950 = PCURVE('',#6951,#6956);
#6951 = PLANE('',#6952);
#6952 = AXIS2_PLACEMENT_3D('',#6953,#6954,#6955);
#6953 = CARTESIAN_POINT('',(5.773502691896,0.,0.));
#6954 = DIRECTION('',(-0.866025403784,-0.5,0.));
#6955 = DIRECTION('',(-0.5,0.866025403784,0.));
#6956 = DEFINITIONAL_REPRESENTATION('',(#6957),#6961);
#6957 = HYPERBOLA('',#6958,2.071067811865,5.);
#6958 = AXIS2_PLACEMENT_2D('',#6959,#6960);
#6959 = CARTESIAN_POINT('',(2.886751345948,-7.271067811865));
#6960 = DIRECTION('',(0.,1.));
#6961 = ( GEOMETRIC_REPRESENTATION_CONTEXT(2) 
PARAMETRIC_REPRESENTATION_CONTEXT() REPRESENTATION_CONTEXT('2D SPACE',''
  ) );
#6962 = ADVANCED_FACE('',(#6963),#6075,.T.);
#6963 = FACE_BOUND('',#6964,.F.);
#6964 = EDGE_LOOP('',(#6965,#6993,#6994));
#6965 = ORIENTED_EDGE('',*,*,#6966,.T.);
#6966 = EDGE_CURVE('',#6967,#5887,#6969,.T.);
#6967 = VERTEX_POINT('',#6968);
#6968 = CARTESIAN_POINT('',(2.886751345948,5.,4.879604694484));
#6969 = SURFACE_CURVE('',#6970,(#6975,#6986),.PCURVE_S1.);
#6970 = HYPERBOLA('',#6971,2.071067811865,5.);
#6971 = AXIS2_PLACEMENT_3D('',#6972,#6973,#6974);
#6972 = CARTESIAN_POINT('',(4.330127018922,2.5,7.271067811865));
#6973 = DIRECTION('',(-0.866025403784,-0.5,-0.));
#6974 = DIRECTION('',(0.,0.,-1.));
#6975 = PCURVE('',#6075,#6976);
#6976 = DEFINITIONAL_REPRESENTATION('',(#6977),#6985);
#6977 = B_SPLINE_CURVE_WITH_KNOTS('',6,(#6978,#6979,#6980,#6981,#6982,
    #6983,#6984),.UNSPECIFIED.,.F.,.F.,(7,7),(-0.549306144334,1.4E-16),
  .PIECEWISE_BEZIER_KNOTS.);
#6978 = CARTESIAN_POINT('',(-1.047197551197,0.320395305516));
#6979 = CARTESIAN_POINT('',(-0.967912038622,0.210924856822));
#6980 = CARTESIAN_POINT('',(-0.884271562013,0.1255075132));
#6981 = CARTESIAN_POINT('',(-0.796872741496,6.249179207875E-02));
#6982 = CARTESIAN_POINT('',(-0.706700396581,2.083061862346E-02));
#6983 = CARTESIAN_POINT('',(-0.615149799654,2.793589056265E-16));
#6984 = CARTESIAN_POINT('',(-0.523598775598,3.138004145394E-16));
#6985 = ( GEOMETRIC_REPRESENTATION_CONTEXT(2) 
PARAMETRIC_REPRESENTATION_CONTEXT() REPRESENTATION_CONTEXT('2D SPACE',''
  ) );
#6986 = PCURVE('',#6951,#6987);
#6987 = DEFINITIONAL_REPRESENTATION('',(#6988),#6992);
#6988 = HYPERBOLA('',#6989,2.071067811865,5.);
#6989 = AXIS2_PLACEMENT_2D('',#6990,#6991);
#6990 = CARTESIAN_POINT('',(2.886751345948,-7.271067811865));
#6991 = DIRECTION('',(0.,1.));
#6992 = ( GEOMETRIC_REPRESENTATION_CONTEXT(2) 
PARAMETRIC_REPRESENTATION_CONTEXT() REPRESENTATION_CONTEXT('2D SPACE',''
  ) );
#6993 = ORIENTED_EDGE('',*,*,#6060,.T.);
#6994 = ORIENTED_EDGE('',*,*,#6995,.T.);
#6995 = EDGE_CURVE('',#6032,#6967,#6996,.T.);
#6996 = SURFACE_CURVE('',#6997,(#7002,#7013),.PCURVE_S1.);
#6997 = HYPERBOLA('',#6998,2.071067811865,5.);
#6998 = AXIS2_PLACEMENT_3D('',#6999,#7000,#7001);
#6999 = CARTESIAN_POINT('',(7.7E-16,5.,7.271067811865));
#7000 = DIRECTION('',(-1.5E-16,-1.,-0.));
#7001 = DIRECTION('',(0.,0.,-1.));
#7002 = PCURVE('',#6075,#7003);
#7003 = DEFINITIONAL_REPRESENTATION('',(#7004),#7012);
#7004 = B_SPLINE_CURVE_WITH_KNOTS('',6,(#7005,#7006,#7007,#7008,#7009,
    #7010,#7011),.UNSPECIFIED.,.F.,.F.,(7,7),(-9.E-17,0.549306144334),
  .PIECEWISE_BEZIER_KNOTS.);
#7005 = CARTESIAN_POINT('',(-1.570796326795,3.138004145394E-16));
#7006 = CARTESIAN_POINT('',(-1.479245302739,2.946662429211E-16));
#7007 = CARTESIAN_POINT('',(-1.387694705812,2.083061862346E-02));
#7008 = CARTESIAN_POINT('',(-1.297522360897,6.249179207875E-02));
#7009 = CARTESIAN_POINT('',(-1.21012354038,0.1255075132));
#7010 = CARTESIAN_POINT('',(-1.126483063771,0.210924856822));
#7011 = CARTESIAN_POINT('',(-1.047197551197,0.320395305516));
#7012 = ( GEOMETRIC_REPRESENTATION_CONTEXT(2) 
PARAMETRIC_REPRESENTATION_CONTEXT() REPRESENTATION_CONTEXT('2D SPACE',''
  ) );
#7013 = PCURVE('',#7014,#7019);
#7014 = PLANE('',#7015);
#7015 = AXIS2_PLACEMENT_3D('',#7016,#7017,#7018);
#7016 = CARTESIAN_POINT('',(2.886751345948,5.,0.));
#7017 = DIRECTION('',(-1.5E-16,-1.,0.));
#7018 = DIRECTION('',(-1.,1.5E-16,0.));
#7019 = DEFINITIONAL_REPRESENTATION('',(#7020),#7024);
#7020 = HYPERBOLA('',#7021,2.071067811865,5.);
#7021 = AXIS2_PLACEMENT_2D('',#7022,#7023);
#7022 = CARTESIAN_POINT('',(2.886751345948,-7.271067811865));
#7023 = DIRECTION('',(0.,1.));
#7024 = ( GEOMETRIC_REPRESENTATION_CONTEXT(2) 
PARAMETRIC_REPRESENTATION_CONTEXT() REPRESENTATION_CONTEXT('2D SPACE',''
  ) );
#7025 = ADVANCED_FACE('',(#7026),#6048,.T.);
#7026 = FACE_BOUND('',#7027,.F.);
#7027 = EDGE_LOOP('',(#7028,#7056,#7057));
#7028 = ORIENTED_EDGE('',*,*,#7029,.T.);
#7029 = EDGE_CURVE('',#7030,#6032,#7032,.T.);
#7030 = VERTEX_POINT('',#7031);
#7031 = CARTESIAN_POINT('',(-2.886751345948,5.,4.879604694484));
#7032 = SURFACE_CURVE('',#7033,(#7038,#7049),.PCURVE_S1.);
#7033 = HYPERBOLA('',#7034,2.071067811865,5.);
#7034 = AXIS2_PLACEMENT_3D('',#7035,#7036,#7037);
#7035 = CARTESIAN_POINT('',(7.7E-16,5.,7.271067811865));
#7036 = DIRECTION('',(-1.5E-16,-1.,-0.));
#7037 = DIRECTION('',(0.,0.,-1.));
#7038 = PCURVE('',#6048,#7039);
#7039 = DEFINITIONAL_REPRESENTATION('',(#7040),#7048);
#7040 = B_SPLINE_CURVE_WITH_KNOTS('',6,(#7041,#7042,#7043,#7044,#7045,
    #7046,#7047),.UNSPECIFIED.,.F.,.F.,(7,7),(-0.549306144334,-9.E-17),
  .PIECEWISE_BEZIER_KNOTS.);
#7041 = CARTESIAN_POINT('',(-2.094395102393,0.320395305516));
#7042 = CARTESIAN_POINT('',(-2.015109589819,0.210924856822));
#7043 = CARTESIAN_POINT('',(-1.93146911321,0.1255075132));
#7044 = CARTESIAN_POINT('',(-1.844070292693,6.249179207876E-02));
#7045 = CARTESIAN_POINT('',(-1.753897947778,2.083061862346E-02));
#7046 = CARTESIAN_POINT('',(-1.662347350851,3.329345861576E-16));
#7047 = CARTESIAN_POINT('',(-1.570796326795,3.138004145394E-16));
#7048 = ( GEOMETRIC_REPRESENTATION_CONTEXT(2) 
PARAMETRIC_REPRESENTATION_CONTEXT() REPRESENTATION_CONTEXT('2D SPACE',''
  ) );
#7049 = PCURVE('',#7014,#7050);
#7050 = DEFINITIONAL_REPRESENTATION('',(#7051),#7055);
#7051 = HYPERBOLA('',#7052,2.071067811865,5.);
#7052 = AXIS2_PLACEMENT_2D('',#7053,#7054);
#7053 = CARTESIAN_POINT('',(2.886751345948,-7.271067811865));
#7054 = DIRECTION('',(0.,1.));
#7055 = ( GEOMETRIC_REPRESENTATION_CONTEXT(2) 
PARAMETRIC_REPRESENTATION_CONTEXT() REPRESENTATION_CONTEXT('2D SPACE',''
  ) );
#7056 = ORIENTED_EDGE('',*,*,#6031,.T.);
#7057 = ORIENTED_EDGE('',*,*,#7058,.T.);
#7058 = EDGE_CURVE('',#6003,#7030,#7059,.T.);
#7059 = SURFACE_CURVE('',#7060,(#7065,#7076),.PCURVE_S1.);
#7060 = HYPERBOLA('',#7061,2.071067811865,5.);
#7061 = AXIS2_PLACEMENT_3D('',#7062,#7063,#7064);
#7062 = CARTESIAN_POINT('',(-4.330127018922,2.5,7.271067811865));
#7063 = DIRECTION('',(0.866025403784,-0.5,0.));
#7064 = DIRECTION('',(0.,0.,-1.));
#7065 = PCURVE('',#6048,#7066);
#7066 = DEFINITIONAL_REPRESENTATION('',(#7067),#7075);
#7067 = B_SPLINE_CURVE_WITH_KNOTS('',6,(#7068,#7069,#7070,#7071,#7072,
    #7073,#7074),.UNSPECIFIED.,.F.,.F.,(7,7),(-8.E-17,0.549306144334),
  .PIECEWISE_BEZIER_KNOTS.);
#7068 = CARTESIAN_POINT('',(-2.617993877991,3.138004145394E-16));
#7069 = CARTESIAN_POINT('',(-2.526442853936,2.984930772448E-16));
#7070 = CARTESIAN_POINT('',(-2.434892257009,2.083061862346E-02));
#7071 = CARTESIAN_POINT('',(-2.344719912093,6.249179207876E-02));
#7072 = CARTESIAN_POINT('',(-2.257321091577,0.1255075132));
#7073 = CARTESIAN_POINT('',(-2.173680614968,0.210924856822));
#7074 = CARTESIAN_POINT('',(-2.094395102393,0.320395305516));
#7075 = ( GEOMETRIC_REPRESENTATION_CONTEXT(2) 
PARAMETRIC_REPRESENTATION_CONTEXT() REPRESENTATION_CONTEXT('2D SPACE',''
  ) );
#7076 = PCURVE('',#7077,#7082);
#7077 = PLANE('',#7078);
#7078 = AXIS2_PLACEMENT_3D('',#7079,#7080,#7081);
#7079 = CARTESIAN_POINT('',(-2.886751345948,5.,0.));
#7080 = DIRECTION('',(0.866025403784,-0.5,0.));
#7081 = DIRECTION('',(-0.5,-0.866025403784,0.));
#7082 = DEFINITIONAL_REPRESENTATION('',(#7083),#7087);
#7083 = HYPERBOLA('',#7084,2.071067811865,5.);
#7084 = AXIS2_PLACEMENT_2D('',#7085,#7086);
#7085 = CARTESIAN_POINT('',(2.886751345948,-7.271067811865));
#7086 = DIRECTION('',(-0.,1.));
#7087 = ( GEOMETRIC_REPRESENTATION_CONTEXT(2) 
PARAMETRIC_REPRESENTATION_CONTEXT() REPRESENTATION_CONTEXT('2D SPACE',''
  ) );
#7088 = ADVANCED_FACE('',(#7089),#6019,.T.);
#7089 = FACE_BOUND('',#7090,.F.);
#7090 = EDGE_LOOP('',(#7091,#7119,#7120));
#7091 = ORIENTED_EDGE('',*,*,#7092,.T.);
#7092 = EDGE_CURVE('',#7093,#6003,#7095,.T.);
#7093 = VERTEX_POINT('',#7094);
#7094 = CARTESIAN_POINT('',(-5.773502691896,-7.8E-14,4.879604694484));
#7095 = SURFACE_CURVE('',#7096,(#7101,#7112),.PCURVE_S1.);
#7096 = HYPERBOLA('',#7097,2.071067811865,5.);
#7097 = AXIS2_PLACEMENT_3D('',#7098,#7099,#7100);
#7098 = CARTESIAN_POINT('',(-4.330127018922,2.5,7.271067811865));
#7099 = DIRECTION('',(0.866025403784,-0.5,0.));
#7100 = DIRECTION('',(0.,0.,-1.));
#7101 = PCURVE('',#6019,#7102);
#7102 = DEFINITIONAL_REPRESENTATION('',(#7103),#7111);
#7103 = B_SPLINE_CURVE_WITH_KNOTS('',6,(#7104,#7105,#7106,#7107,#7108,
    #7109,#7110),.UNSPECIFIED.,.F.,.F.,(7,7),(-0.549306144334,-8.E-17),
  .PIECEWISE_BEZIER_KNOTS.);
#7104 = CARTESIAN_POINT('',(-3.14159265359,0.320395305516));
#7105 = CARTESIAN_POINT('',(-3.062307141015,0.210924856822));
#7106 = CARTESIAN_POINT('',(-2.978666664406,0.1255075132));
#7107 = CARTESIAN_POINT('',(-2.891267843889,6.249179207875E-02));
#7108 = CARTESIAN_POINT('',(-2.801095498974,2.083061862346E-02));
#7109 = CARTESIAN_POINT('',(-2.709544902047,3.29107751834E-16));
#7110 = CARTESIAN_POINT('',(-2.617993877991,3.138004145394E-16));
#7111 = ( GEOMETRIC_REPRESENTATION_CONTEXT(2) 
PARAMETRIC_REPRESENTATION_CONTEXT() REPRESENTATION_CONTEXT('2D SPACE',''
  ) );
#7112 = PCURVE('',#7077,#7113);
#7113 = DEFINITIONAL_REPRESENTATION('',(#7114),#7118);
#7114 = HYPERBOLA('',#7115,2.071067811865,5.);
#7115 = AXIS2_PLACEMENT_2D('',#7116,#7117);
#7116 = CARTESIAN_POINT('',(2.886751345948,-7.271067811865));
#7117 = DIRECTION('',(-0.,1.));
#7118 = ( GEOMETRIC_REPRESENTATION_CONTEXT(2) 
PARAMETRIC_REPRESENTATION_CONTEXT() REPRESENTATION_CONTEXT('2D SPACE',''
  ) );
#7119 = ORIENTED_EDGE('',*,*,#6002,.T.);
#7120 = ORIENTED_EDGE('',*,*,#7121,.T.);
#7121 = EDGE_CURVE('',#5974,#7093,#7122,.T.);
#7122 = SURFACE_CURVE('',#7123,(#7128,#7139),.PCURVE_S1.);
#7123 = HYPERBOLA('',#7124,2.071067811865,5.);
#7124 = AXIS2_PLACEMENT_3D('',#7125,#7126,#7127);
#7125 = CARTESIAN_POINT('',(-4.330127018922,-2.5,7.271067811865));
#7126 = DIRECTION('',(0.866025403784,0.5,0.));
#7127 = DIRECTION('',(0.,0.,-1.));
#7128 = PCURVE('',#6019,#7129);
#7129 = DEFINITIONAL_REPRESENTATION('',(#7130),#7138);
#7130 = B_SPLINE_CURVE_WITH_KNOTS('',6,(#7131,#7132,#7133,#7134,#7135,
    #7136,#7137),.UNSPECIFIED.,.F.,.F.,(7,7),(-8.E-17,0.549306144334),
  .PIECEWISE_BEZIER_KNOTS.);
#7131 = CARTESIAN_POINT('',(-3.665191429188,3.138004145394E-16));
#7132 = CARTESIAN_POINT('',(-3.573640405132,3.597224264232E-16));
#7133 = CARTESIAN_POINT('',(-3.482089808206,2.083061862346E-02));
#7134 = CARTESIAN_POINT('',(-3.39191746329,6.249179207875E-02));
#7135 = CARTESIAN_POINT('',(-3.304518642773,0.1255075132));
#7136 = CARTESIAN_POINT('',(-3.220878166164,0.210924856822));
#7137 = CARTESIAN_POINT('',(-3.14159265359,0.320395305516));
#7138 = ( GEOMETRIC_REPRESENTATION_CONTEXT(2) 
PARAMETRIC_REPRESENTATION_CONTEXT() REPRESENTATION_CONTEXT('2D SPACE',''
  ) );
#7139 = PCURVE('',#7140,#7145);
#7140 = PLANE('',#7141);
#7141 = AXIS2_PLACEMENT_3D('',#7142,#7143,#7144);
#7142 = CARTESIAN_POINT('',(-5.773502691896,1.95E-15,0.));
#7143 = DIRECTION('',(0.866025403784,0.5,0.));
#7144 = DIRECTION('',(0.5,-0.866025403784,0.));
#7145 = DEFINITIONAL_REPRESENTATION('',(#7146),#7150);
#7146 = HYPERBOLA('',#7147,2.071067811865,5.);
#7147 = AXIS2_PLACEMENT_2D('',#7148,#7149);
#7148 = CARTESIAN_POINT('',(2.886751345948,-7.271067811865));
#7149 = DIRECTION('',(0.,1.));
#7150 = ( GEOMETRIC_REPRESENTATION_CONTEXT(2) 
PARAMETRIC_REPRESENTATION_CONTEXT() REPRESENTATION_CONTEXT('2D SPACE',''
  ) );
#7151 = ADVANCED_FACE('',(#7152),#5990,.T.);
#7152 = FACE_BOUND('',#7153,.F.);
#7153 = EDGE_LOOP('',(#7154,#7155,#7188));
#7154 = ORIENTED_EDGE('',*,*,#5973,.T.);
#7155 = ORIENTED_EDGE('',*,*,#7156,.T.);
#7156 = EDGE_CURVE('',#5945,#7157,#7159,.T.);
#7157 = VERTEX_POINT('',#7158);
#7158 = CARTESIAN_POINT('',(-2.886751345948,-5.,4.879604694484));
#7159 = SURFACE_CURVE('',#7160,(#7165,#7176),.PCURVE_S1.);
#7160 = HYPERBOLA('',#7161,2.071067811865,5.);
#7161 = AXIS2_PLACEMENT_3D('',#7162,#7163,#7164);
#7162 = CARTESIAN_POINT('',(-2.31E-15,-5.,7.271067811865));
#7163 = DIRECTION('',(4.6E-16,1.,0.));
#7164 = DIRECTION('',(0.,0.,-1.));
#7165 = PCURVE('',#5990,#7166);
#7166 = DEFINITIONAL_REPRESENTATION('',(#7167),#7175);
#7167 = B_SPLINE_CURVE_WITH_KNOTS('',6,(#7168,#7169,#7170,#7171,#7172,
    #7173,#7174),.UNSPECIFIED.,.F.,.F.,(7,7),(-2.8E-16,0.549306144334),
  .PIECEWISE_BEZIER_KNOTS.);
#7168 = CARTESIAN_POINT('',(-4.712388980385,3.138004145394E-16));
#7169 = CARTESIAN_POINT('',(-4.620837956329,2.602247340083E-16));
#7170 = CARTESIAN_POINT('',(-4.529287359402,2.083061862346E-02));
#7171 = CARTESIAN_POINT('',(-4.439115014486,6.249179207875E-02));
#7172 = CARTESIAN_POINT('',(-4.35171619397,0.1255075132));
#7173 = CARTESIAN_POINT('',(-4.268075717361,0.210924856822));
#7174 = CARTESIAN_POINT('',(-4.188790204786,0.320395305516));
#7175 = ( GEOMETRIC_REPRESENTATION_CONTEXT(2) 
PARAMETRIC_REPRESENTATION_CONTEXT() REPRESENTATION_CONTEXT('2D SPACE',''
  ) );
#7176 = PCURVE('',#7177,#7182);
#7177 = PLANE('',#7178);
#7178 = AXIS2_PLACEMENT_3D('',#7179,#7180,#7181);
#7179 = CARTESIAN_POINT('',(-2.886751345948,-5.,0.));
#7180 = DIRECTION('',(4.6E-16,1.,0.));
#7181 = DIRECTION('',(1.,-4.6E-16,0.));
#7182 = DEFINITIONAL_REPRESENTATION('',(#7183),#7187);
#7183 = HYPERBOLA('',#7184,2.071067811865,5.);
#7184 = AXIS2_PLACEMENT_2D('',#7185,#7186);
#7185 = CARTESIAN_POINT('',(2.886751345948,-7.271067811865));
#7186 = DIRECTION('',(0.,1.));
#7187 = ( GEOMETRIC_REPRESENTATION_CONTEXT(2) 
PARAMETRIC_REPRESENTATION_CONTEXT() REPRESENTATION_CONTEXT('2D SPACE',''
  ) );
#7188 = ORIENTED_EDGE('',*,*,#7189,.T.);
#7189 = EDGE_CURVE('',#7157,#5974,#7190,.T.);
#7190 = SURFACE_CURVE('',#7191,(#7196,#7207),.PCURVE_S1.);
#7191 = HYPERBOLA('',#7192,2.071067811865,5.);
#7192 = AXIS2_PLACEMENT_3D('',#7193,#7194,#7195);
#7193 = CARTESIAN_POINT('',(-4.330127018922,-2.5,7.271067811865));
#7194 = DIRECTION('',(0.866025403784,0.5,0.));
#7195 = DIRECTION('',(0.,0.,-1.));
#7196 = PCURVE('',#5990,#7197);
#7197 = DEFINITIONAL_REPRESENTATION('',(#7198),#7206);
#7198 = B_SPLINE_CURVE_WITH_KNOTS('',6,(#7199,#7200,#7201,#7202,#7203,
    #7204,#7205),.UNSPECIFIED.,.F.,.F.,(7,7),(-0.549306144334,-8.E-17),
  .PIECEWISE_BEZIER_KNOTS.);
#7199 = CARTESIAN_POINT('',(-4.188790204786,0.320395305516));
#7200 = CARTESIAN_POINT('',(-4.109504692212,0.210924856822));
#7201 = CARTESIAN_POINT('',(-4.025864215603,0.1255075132));
#7202 = CARTESIAN_POINT('',(-3.938465395086,6.249179207875E-02));
#7203 = CARTESIAN_POINT('',(-3.848293050171,2.083061862346E-02));
#7204 = CARTESIAN_POINT('',(-3.756742453244,2.717052369792E-16));
#7205 = CARTESIAN_POINT('',(-3.665191429188,3.138004145394E-16));
#7206 = ( GEOMETRIC_REPRESENTATION_CONTEXT(2) 
PARAMETRIC_REPRESENTATION_CONTEXT() REPRESENTATION_CONTEXT('2D SPACE',''
  ) );
#7207 = PCURVE('',#7140,#7208);
#7208 = DEFINITIONAL_REPRESENTATION('',(#7209),#7213);
#7209 = HYPERBOLA('',#7210,2.071067811865,5.);
#7210 = AXIS2_PLACEMENT_2D('',#7211,#7212);
#7211 = CARTESIAN_POINT('',(2.886751345948,-7.271067811865));
#7212 = DIRECTION('',(0.,1.));
#7213 = ( GEOMETRIC_REPRESENTATION_CONTEXT(2) 
PARAMETRIC_REPRESENTATION_CONTEXT() REPRESENTATION_CONTEXT('2D SPACE',''
  ) );
#7214 = ADVANCED_FACE('',(#7215),#5961,.T.);
#7215 = FACE_BOUND('',#7216,.F.);
#7216 = EDGE_LOOP('',(#7217,#7218,#7251));
#7217 = ORIENTED_EDGE('',*,*,#5944,.T.);
#7218 = ORIENTED_EDGE('',*,*,#7219,.T.);
#7219 = EDGE_CURVE('',#5916,#7220,#7222,.T.);
#7220 = VERTEX_POINT('',#7221);
#7221 = CARTESIAN_POINT('',(2.886751345948,-5.,4.879604694484));
#7222 = SURFACE_CURVE('',#7223,(#7228,#7239),.PCURVE_S1.);
#7223 = HYPERBOLA('',#7224,2.071067811865,5.);
#7224 = AXIS2_PLACEMENT_3D('',#7225,#7226,#7227);
#7225 = CARTESIAN_POINT('',(4.330127018922,-2.5,7.271067811865));
#7226 = DIRECTION('',(-0.866025403784,0.5,0.));
#7227 = DIRECTION('',(0.,0.,-1.));
#7228 = PCURVE('',#5961,#7229);
#7229 = DEFINITIONAL_REPRESENTATION('',(#7230),#7238);
#7230 = B_SPLINE_CURVE_WITH_KNOTS('',6,(#7231,#7232,#7233,#7234,#7235,
    #7236,#7237),.UNSPECIFIED.,.F.,.F.,(7,7),(1.7E-16,0.549306144334),
  .PIECEWISE_BEZIER_KNOTS.);
#7231 = CARTESIAN_POINT('',(-5.759586531581,3.138004145394E-16));
#7232 = CARTESIAN_POINT('',(-5.668035507526,3.444150891286E-16));
#7233 = CARTESIAN_POINT('',(-5.576484910599,2.083061862346E-02));
#7234 = CARTESIAN_POINT('',(-5.486312565683,6.249179207875E-02));
#7235 = CARTESIAN_POINT('',(-5.398913745167,0.1255075132));
#7236 = CARTESIAN_POINT('',(-5.315273268558,0.210924856822));
#7237 = CARTESIAN_POINT('',(-5.235987755983,0.320395305516));
#7238 = ( GEOMETRIC_REPRESENTATION_CONTEXT(2) 
PARAMETRIC_REPRESENTATION_CONTEXT() REPRESENTATION_CONTEXT('2D SPACE',''
  ) );
#7239 = PCURVE('',#7240,#7245);
#7240 = PLANE('',#7241);
#7241 = AXIS2_PLACEMENT_3D('',#7242,#7243,#7244);
#7242 = CARTESIAN_POINT('',(2.886751345948,-5.,0.));
#7243 = DIRECTION('',(-0.866025403784,0.5,0.));
#7244 = DIRECTION('',(0.5,0.866025403784,0.));
#7245 = DEFINITIONAL_REPRESENTATION('',(#7246),#7250);
#7246 = HYPERBOLA('',#7247,2.071067811865,5.);
#7247 = AXIS2_PLACEMENT_2D('',#7248,#7249);
#7248 = CARTESIAN_POINT('',(2.886751345948,-7.271067811865));
#7249 = DIRECTION('',(0.,1.));
#7250 = ( GEOMETRIC_REPRESENTATION_CONTEXT(2) 
PARAMETRIC_REPRESENTATION_CONTEXT() REPRESENTATION_CONTEXT('2D SPACE',''
  ) );
#7251 = ORIENTED_EDGE('',*,*,#7252,.T.);
#7252 = EDGE_CURVE('',#7220,#5945,#7253,.T.);
#7253 = SURFACE_CURVE('',#7254,(#7259,#7270),.PCURVE_S1.);
#7254 = HYPERBOLA('',#7255,2.071067811865,5.);
#7255 = AXIS2_PLACEMENT_3D('',#7256,#7257,#7258);
#7256 = CARTESIAN_POINT('',(-2.31E-15,-5.,7.271067811865));
#7257 = DIRECTION('',(4.6E-16,1.,0.));
#7258 = DIRECTION('',(0.,0.,-1.));
#7259 = PCURVE('',#5961,#7260);
#7260 = DEFINITIONAL_REPRESENTATION('',(#7261),#7269);
#7261 = B_SPLINE_CURVE_WITH_KNOTS('',6,(#7262,#7263,#7264,#7265,#7266,
    #7267,#7268),.UNSPECIFIED.,.F.,.F.,(7,7),(-0.549306144334,-2.8E-16),
  .PIECEWISE_BEZIER_KNOTS.);
#7262 = CARTESIAN_POINT('',(-5.235987755983,0.320395305516));
#7263 = CARTESIAN_POINT('',(-5.156702243408,0.210924856822));
#7264 = CARTESIAN_POINT('',(-5.073061766799,0.1255075132));
#7265 = CARTESIAN_POINT('',(-4.985662946283,6.249179207875E-02));
#7266 = CARTESIAN_POINT('',(-4.895490601367,2.083061862346E-02));
#7267 = CARTESIAN_POINT('',(-4.80394000444,3.673760950705E-16));
#7268 = CARTESIAN_POINT('',(-4.712388980385,3.138004145394E-16));
#7269 = ( GEOMETRIC_REPRESENTATION_CONTEXT(2) 
PARAMETRIC_REPRESENTATION_CONTEXT() REPRESENTATION_CONTEXT('2D SPACE',''
  ) );
#7270 = PCURVE('',#7177,#7271);
#7271 = DEFINITIONAL_REPRESENTATION('',(#7272),#7276);
#7272 = HYPERBOLA('',#7273,2.071067811865,5.);
#7273 = AXIS2_PLACEMENT_2D('',#7274,#7275);
#7274 = CARTESIAN_POINT('',(2.886751345948,-7.271067811865));
#7275 = DIRECTION('',(0.,1.));
#7276 = ( GEOMETRIC_REPRESENTATION_CONTEXT(2) 
PARAMETRIC_REPRESENTATION_CONTEXT() REPRESENTATION_CONTEXT('2D SPACE',''
  ) );
#7277 = ADVANCED_FACE('',(#7278),#5932,.T.);
#7278 = FACE_BOUND('',#7279,.F.);
#7279 = EDGE_LOOP('',(#7280,#7281,#7282));
#7280 = ORIENTED_EDGE('',*,*,#5915,.T.);
#7281 = ORIENTED_EDGE('',*,*,#6908,.T.);
#7282 = ORIENTED_EDGE('',*,*,#7283,.T.);
#7283 = EDGE_CURVE('',#6909,#5916,#7284,.T.);
#7284 = SURFACE_CURVE('',#7285,(#7290,#7301),.PCURVE_S1.);
#7285 = HYPERBOLA('',#7286,2.071067811865,5.);
#7286 = AXIS2_PLACEMENT_3D('',#7287,#7288,#7289);
#7287 = CARTESIAN_POINT('',(4.330127018922,-2.5,7.271067811865));
#7288 = DIRECTION('',(-0.866025403784,0.5,0.));
#7289 = DIRECTION('',(0.,0.,-1.));
#7290 = PCURVE('',#5932,#7291);
#7291 = DEFINITIONAL_REPRESENTATION('',(#7292),#7300);
#7292 = B_SPLINE_CURVE_WITH_KNOTS('',6,(#7293,#7294,#7295,#7296,#7297,
    #7298,#7299),.UNSPECIFIED.,.F.,.F.,(7,7),(-0.549306144334,1.7E-16),
  .PIECEWISE_BEZIER_KNOTS.);
#7293 = CARTESIAN_POINT('',(-6.28318530718,0.320395305516));
#7294 = CARTESIAN_POINT('',(-6.203899794605,0.210924856822));
#7295 = CARTESIAN_POINT('',(-6.120259317996,0.1255075132));
#7296 = CARTESIAN_POINT('',(-6.032860497479,6.249179207875E-02));
#7297 = CARTESIAN_POINT('',(-5.942688152564,2.083061862346E-02));
#7298 = CARTESIAN_POINT('',(-5.851137555637,2.870125742738E-16));
#7299 = CARTESIAN_POINT('',(-5.759586531581,3.138004145394E-16));
#7300 = ( GEOMETRIC_REPRESENTATION_CONTEXT(2) 
PARAMETRIC_REPRESENTATION_CONTEXT() REPRESENTATION_CONTEXT('2D SPACE',''
  ) );
#7301 = PCURVE('',#7240,#7302);
#7302 = DEFINITIONAL_REPRESENTATION('',(#7303),#7307);
#7303 = HYPERBOLA('',#7304,2.071067811865,5.);
#7304 = AXIS2_PLACEMENT_2D('',#7305,#7306);
#7305 = CARTESIAN_POINT('',(2.886751345948,-7.271067811865));
#7306 = DIRECTION('',(0.,1.));
#7307 = ( GEOMETRIC_REPRESENTATION_CONTEXT(2) 
PARAMETRIC_REPRESENTATION_CONTEXT() REPRESENTATION_CONTEXT('2D SPACE',''
  ) );
#7308 = ADVANCED_FACE('',(#7309),#6108,.F.);
#7309 = FACE_BOUND('',#7310,.F.);
#7310 = EDGE_LOOP('',(#7311,#7341,#7594,#7595));
#7311 = ORIENTED_EDGE('',*,*,#7312,.F.);
#7312 = EDGE_CURVE('',#7313,#7315,#7317,.T.);
#7313 = VERTEX_POINT('',#7314);
#7314 = CARTESIAN_POINT('',(2.598734122635,1.00074516E-07,1.874996577729
    ));
#7315 = VERTEX_POINT('',#7316);
#7316 = CARTESIAN_POINT('',(2.598734122635,1.50112996E-07,2.124988539247
    ));
#7317 = SURFACE_CURVE('',#7318,(#7322,#7329),.PCURVE_S1.);
#7318 = LINE('',#7319,#7320);
#7319 = CARTESIAN_POINT('',(2.598734122635,0.,0.248527130307));
#7320 = VECTOR('',#7321,1.);
#7321 = DIRECTION('',(0.,0.,1.));
#7322 = PCURVE('',#6108,#7323);
#7323 = DEFINITIONAL_REPRESENTATION('',(#7324),#7328);
#7324 = LINE('',#7325,#7326);
#7325 = CARTESIAN_POINT('',(0.,0.));
#7326 = VECTOR('',#7327,1.);
#7327 = DIRECTION('',(0.,1.));
#7328 = ( GEOMETRIC_REPRESENTATION_CONTEXT(2) 
PARAMETRIC_REPRESENTATION_CONTEXT() REPRESENTATION_CONTEXT('2D SPACE',''
  ) );
#7329 = PCURVE('',#7330,#7335);
#7330 = CYLINDRICAL_SURFACE('',#7331,2.598734122635);
#7331 = AXIS2_PLACEMENT_3D('',#7332,#7333,#7334);
#7332 = CARTESIAN_POINT('',(0.,0.,0.248527130307));
#7333 = DIRECTION('',(0.,0.,1.));
#7334 = DIRECTION('',(1.,0.,-0.));
#7335 = DEFINITIONAL_REPRESENTATION('',(#7336),#7340);
#7336 = LINE('',#7337,#7338);
#7337 = CARTESIAN_POINT('',(6.28318530718,0.));
#7338 = VECTOR('',#7339,1.);
#7339 = DIRECTION('',(0.,1.));
#7340 = ( GEOMETRIC_REPRESENTATION_CONTEXT(2) 
PARAMETRIC_REPRESENTATION_CONTEXT() REPRESENTATION_CONTEXT('2D SPACE',''
  ) );
#7341 = ORIENTED_EDGE('',*,*,#7342,.T.);
#7342 = EDGE_CURVE('',#7313,#6091,#7343,.T.);
#7343 = SURFACE_CURVE('',#7344,(#7417,#7493),.PCURVE_S1.);
#7344 = B_SPLINE_CURVE_WITH_KNOTS('',6,(#7345,#7346,#7347,#7348,#7349,
    #7350,#7351,#7352,#7353,#7354,#7355,#7356,#7357,#7358,#7359,#7360,
    #7361,#7362,#7363,#7364,#7365,#7366,#7367,#7368,#7369,#7370,#7371,
    #7372,#7373,#7374,#7375,#7376,#7377,#7378,#7379,#7380,#7381,#7382,
    #7383,#7384,#7385,#7386,#7387,#7388,#7389,#7390,#7391,#7392,#7393,
    #7394,#7395,#7396,#7397,#7398,#7399,#7400,#7401,#7402,#7403,#7404,
    #7405,#7406,#7407,#7408,#7409,#7410,#7411,#7412,#7413,#7414,#7415,
    #7416),.UNSPECIFIED.,.F.,.F.,(7,5,5,5,5,5,5,5,5,5,5,5,5,5,7),(0.,
    3.488441536222E-02,0.108410302129,0.195980983207,0.284858305688,
    0.3836881909,0.39944260576,0.502302219914,0.54030408925,
    0.617305387305,0.718336418899,0.805081387818,0.89608877563,
    0.967312030597,1.),.UNSPECIFIED.);
#7345 = CARTESIAN_POINT('',(2.598734122635,2.0014905866E-07,
    1.874996577729));
#7346 = CARTESIAN_POINT('',(2.598734122635,9.493023641772E-02,
    1.880809999622));
#7347 = CARTESIAN_POINT('',(2.594572818174,0.189860401736,1.886624026633
    ));
#7348 = CARTESIAN_POINT('',(2.586250321523,0.284561680663,1.892438190658
    ));
#7349 = CARTESIAN_POINT('',(2.573783288019,0.378806840874,1.898252208603
    ));
#7350 = CARTESIAN_POINT('',(2.557204916072,0.472370433165,1.904065982377
    ));
#7351 = CARTESIAN_POINT('',(2.493062082017,0.760324825173,1.922132959185
    ));
#7352 = CARTESIAN_POINT('',(2.431511879856,0.951618453487,1.93438657612)
  );
#7353 = CARTESIAN_POINT('',(2.352381171413,1.136787505765,1.946638396084
    ));
#7354 = CARTESIAN_POINT('',(2.256465820905,1.313845577707,1.958890984351
    ));
#7355 = CARTESIAN_POINT('',(2.144827511985,1.480934787065,1.971145524846
    ));
#7356 = CARTESIAN_POINT('',(1.868784833771,1.821496964975,1.997994460548
    ));
#7357 = CARTESIAN_POINT('',(1.698333335294,1.990143439582,2.012592603742
    ));
#7358 = CARTESIAN_POINT('',(1.509801957421,2.139425684051,2.02718837023)
  );
#7359 = CARTESIAN_POINT('',(1.305974506702,2.267032736813,2.041783593177
    ));
#7360 = CARTESIAN_POINT('',(1.08996116326,2.371116328155,2.056380946098)
  );
#7361 = CARTESIAN_POINT('',(0.637197094939,2.530987004026,2.08578725543)
  );
#7362 = CARTESIAN_POINT('',(0.400103580807,2.586059041688,2.100601317413
    ));
#7363 = CARTESIAN_POINT('',(0.157618649846,2.61437082378,2.115411789713)
  );
#7364 = CARTESIAN_POINT('',(-8.651144427884E-02,2.61539680531,
    2.130222411789));
#7365 = CARTESIAN_POINT('',(-0.328504618749,2.589208413124,
    2.145036674462));
#7366 = CARTESIAN_POINT('',(-0.82710419441,2.478234926941,2.176319557395
    ));
#7367 = CARTESIAN_POINT('',(-1.082439249552,2.387188164631,
    2.192795459628));
#7368 = CARTESIAN_POINT('',(-1.32535662869,2.264655411914,2.209266775001
    ));
#7369 = CARTESIAN_POINT('',(-1.551158267768,2.112877104692,
    2.225738206376));
#7370 = CARTESIAN_POINT('',(-1.755590137208,1.934852073146,
    2.242214435539));
#7371 = CARTESIAN_POINT('',(-1.963717546378,1.702665883252,
    2.261311265546));
#7372 = CARTESIAN_POINT('',(-1.991701416206,1.670175645219,
    2.263936911707));
#7373 = CARTESIAN_POINT('',(-2.019039286295,1.637134547023,
    2.266562543713));
#7374 = CARTESIAN_POINT('',(-2.045717659147,1.603558683287,
    2.269188160942));
#7375 = CARTESIAN_POINT('',(-2.071723573261,1.569464589302,
    2.271813762738));
#7376 = CARTESIAN_POINT('',(-2.262364063457,1.308998321197,
    2.291581637198));
#7377 = CARTESIAN_POINT('',(-2.398543236152,1.061685563274,
    2.308728753647));
#7378 = CARTESIAN_POINT('',(-2.501973503531,0.797792296879,
    2.325868848759));
#7379 = CARTESIAN_POINT('',(-2.570395513851,0.522735952222,
    2.343008924636));
#7380 = CARTESIAN_POINT('',(-2.602515388898,0.242241980173,
    2.360155956666));
#7381 = CARTESIAN_POINT('',(-2.596963868603,-0.141038632597,
    2.383631356347));
#7382 = CARTESIAN_POINT('',(-2.590528413193,-0.244370024619,
    2.389964688458));
#7383 = CARTESIAN_POINT('',(-2.579159605385,-0.347334140527,
    2.39629811338));
#7384 = CARTESIAN_POINT('',(-2.562885114294,-0.449637593672,
    2.402631621449));
#7385 = CARTESIAN_POINT('',(-2.54175587447,-0.550990132291,
    2.408965196255));
#7386 = CARTESIAN_POINT('',(-2.463346369765,-0.853961686937,
    2.428132310634));
#7387 = CARTESIAN_POINT('',(-2.391213148864,-1.051759836664,
    2.440967348003));
#7388 = CARTESIAN_POINT('',(-2.300065707047,-1.242076414016,
    2.453800963567));
#7389 = CARTESIAN_POINT('',(-2.190914656017,-1.422670666764,
    2.466634468799));
#7390 = CARTESIAN_POINT('',(-2.065079438074,-1.591468647791,
    2.479469244021));
#7391 = CARTESIAN_POINT('',(-1.73946324943,-1.950198227686,
    2.509140467261));
#7392 = CARTESIAN_POINT('',(-1.5287794425,-2.130375466947,2.525983021663
    ));
#7393 = CARTESIAN_POINT('',(-1.296018402832,-2.282888494483,
    2.54281916881));
#7394 = CARTESIAN_POINT('',(-1.045764142211,-2.404588125127,
    2.559655143072));
#7395 = CARTESIAN_POINT('',(-0.783069819218,-2.493152044451,
    2.576497367487));
#7396 = CARTESIAN_POINT('',(-0.282159851549,-2.594133006159,
    2.607791642227));
#7397 = CARTESIAN_POINT('',(-4.563631025532E-02,-2.615566745437,
    2.622250976942));
#7398 = CARTESIAN_POINT('',(0.192490175712,-2.61106001701,2.636707860239
    ));
#7399 = CARTESIAN_POINT('',(0.428703032445,-2.58059790382,2.65116483876)
  );
#7400 = CARTESIAN_POINT('',(0.659526095958,-2.524710961969,2.66562424148
    ));
#7401 = CARTESIAN_POINT('',(1.114552422956,-2.360619343958,
    2.695247892754));
#7402 = CARTESIAN_POINT('',(1.337960460545,-2.249947301588,
    2.710417447793));
#7403 = CARTESIAN_POINT('',(1.54788685569,-2.11400916392,2.725582973149)
  );
#7404 = CARTESIAN_POINT('',(1.740872242333,-1.954933609381,
    2.740748235665));
#7405 = CARTESIAN_POINT('',(1.913842316531,-1.775375684419,
    2.755917894543));
#7406 = CARTESIAN_POINT('',(2.182023231317,-1.424695802128,
    2.782955817436));
#7407 = CARTESIAN_POINT('',(2.285991364165,-1.260189757181,
    2.794827606654));
#7408 = CARTESIAN_POINT('',(2.374987102138,-1.086699411489,
    2.806698924172));
#7409 = CARTESIAN_POINT('',(2.448084261876,-0.905934832366,
    2.818570644153));
#7410 = CARTESIAN_POINT('',(2.50459465542,-0.719714677053,2.830442317083
    ));
#7411 = CARTESIAN_POINT('',(2.562260961903,-0.442888394345,
    2.847759431667));
#7412 = CARTESIAN_POINT('',(2.576824534903,-0.355059997748,
    2.853206753946));
#7413 = CARTESIAN_POINT('',(2.587772867221,-0.266670527987,
    2.858653774665));
#7414 = CARTESIAN_POINT('',(2.595080345014,-0.177905739673,
    2.864100590516));
#7415 = CARTESIAN_POINT('',(2.598734122635,-8.895270222114E-02,
    2.869547471409));
#7416 = CARTESIAN_POINT('',(2.598734122635,2.001490329E-07,
    2.874994860467));
#7417 = PCURVE('',#6108,#7418);
#7418 = DEFINITIONAL_REPRESENTATION('',(#7419),#7492);
#7419 = B_SPLINE_CURVE_WITH_KNOTS('',6,(#7420,#7421,#7422,#7423,#7424,
    #7425,#7426,#7427,#7428,#7429,#7430,#7431,#7432,#7433,#7434,#7435,
    #7436,#7437,#7438,#7439,#7440,#7441,#7442,#7443,#7444,#7445,#7446,
    #7447,#7448,#7449,#7450,#7451,#7452,#7453,#7454,#7455,#7456,#7457,
    #7458,#7459,#7460,#7461,#7462,#7463,#7464,#7465,#7466,#7467,#7468,
    #7469,#7470,#7471,#7472,#7473,#7474,#7475,#7476,#7477,#7478,#7479,
    #7480,#7481,#7482,#7483,#7484,#7485,#7486,#7487,#7488,#7489,#7490,
    #7491),.UNSPECIFIED.,.F.,.F.,(7,5,5,5,5,5,5,5,5,5,5,5,5,5,7),(0.,
    3.488441536222E-02,0.108410302129,0.195980983207,0.284858305688,
    0.3836881909,0.39944260576,0.502302219914,0.54030408925,
    0.617305387305,0.718336418899,0.805081387818,0.89608877563,
    0.967312030597,1.),.UNSPECIFIED.);
#7420 = CARTESIAN_POINT('',(0.,1.626469447422));
#7421 = CARTESIAN_POINT('',(3.652933766553E-02,1.632282869315));
#7422 = CARTESIAN_POINT('',(7.305858516076E-02,1.638096896326));
#7423 = CARTESIAN_POINT('',(0.109587776274,1.643911060351));
#7424 = CARTESIAN_POINT('',(0.146116929316,1.649725078296));
#7425 = CARTESIAN_POINT('',(0.182646047116,1.65553885207));
#7426 = CARTESIAN_POINT('',(0.296167442392,1.673605828878));
#7427 = CARTESIAN_POINT('',(0.373166333839,1.685859445813));
#7428 = CARTESIAN_POINT('',(0.450157735248,1.698111265777));
#7429 = CARTESIAN_POINT('',(0.527149195504,1.710363854044));
#7430 = CARTESIAN_POINT('',(0.604148310492,1.722618394539));
#7431 = CARTESIAN_POINT('',(0.772840386547,1.749467330241));
#7432 = CARTESIAN_POINT('',(0.864555409799,1.764065473435));
#7433 = CARTESIAN_POINT('',(0.956252161391,1.778661239923));
#7434 = CARTESIAN_POINT('',(1.047948855545,1.79325646287));
#7435 = CARTESIAN_POINT('',(1.139663730587,1.807853815791));
#7436 = CARTESIAN_POINT('',(1.324430736011,1.837260125123));
#7437 = CARTESIAN_POINT('',(1.417515048373,1.852074187106));
#7438 = CARTESIAN_POINT('',(1.510579889562,1.866884659406));
#7439 = CARTESIAN_POINT('',(1.603644763368,1.881695281482));
#7440 = CARTESIAN_POINT('',(1.696729283948,1.896509544154));
#7441 = CARTESIAN_POINT('',(1.893286525719,1.927792427088));
#7442 = CARTESIAN_POINT('',(1.996804243565,1.944268329321));
#7443 = CARTESIAN_POINT('',(2.100288832257,1.960739644694));
#7444 = CARTESIAN_POINT('',(2.203773361774,1.977211076069));
#7445 = CARTESIAN_POINT('',(2.30729093966,1.993687305232));
#7446 = CARTESIAN_POINT('',(2.427277495745,2.012784135239));
#7447 = CARTESIAN_POINT('',(2.443774683469,2.0154097814));
#7448 = CARTESIAN_POINT('',(2.460271877231,2.018035413406));
#7449 = CARTESIAN_POINT('',(2.476769074962,2.020661030635));
#7450 = CARTESIAN_POINT('',(2.493266272827,2.02328663243));
#7451 = CARTESIAN_POINT('',(2.617472628627,2.043054506891));
#7452 = CARTESIAN_POINT('',(2.725216186927,2.06020162334));
#7453 = CARTESIAN_POINT('',(2.832919507624,2.077341718452));
#7454 = CARTESIAN_POINT('',(2.940622881109,2.094481794329));
#7455 = CARTESIAN_POINT('',(3.048366563719,2.111628826359));
#7456 = CARTESIAN_POINT('',(3.195869462165,2.13510422604));
#7457 = CARTESIAN_POINT('',(3.235663143682,2.141437558151));
#7458 = CARTESIAN_POINT('',(3.275456861383,2.147770983073));
#7459 = CARTESIAN_POINT('',(3.315250572879,2.154104491142));
#7460 = CARTESIAN_POINT('',(3.355044236285,2.160438065948));
#7461 = CARTESIAN_POINT('',(3.475469550196,2.179605180327));
#7462 = CARTESIAN_POINT('',(3.556109477416,2.192440217696));
#7463 = CARTESIAN_POINT('',(3.636739762295,2.20527383326));
#7464 = CARTESIAN_POINT('',(3.717370030277,2.218107338492));
#7465 = CARTESIAN_POINT('',(3.798009913478,2.230942113714));
#7466 = CARTESIAN_POINT('',(3.984435943375,2.260613336954));
#7467 = CARTESIAN_POINT('',(4.090261709564,2.277455891355));
#7468 = CARTESIAN_POINT('',(4.196050705088,2.294292038503));
#7469 = CARTESIAN_POINT('',(4.301839729397,2.311128012765));
#7470 = CARTESIAN_POINT('',(4.40766575196,2.32797023718));
#7471 = CARTESIAN_POINT('',(4.604295036441,2.35926451192));
#7472 = CARTESIAN_POINT('',(4.695144679473,2.373723846635));
#7473 = CARTESIAN_POINT('',(4.785976938181,2.388180729932));
#7474 = CARTESIAN_POINT('',(4.876809137557,2.402637708452));
#7475 = CARTESIAN_POINT('',(4.967658658179,2.417097111173));
#7476 = CARTESIAN_POINT('',(5.153791451593,2.446720762447));
#7477 = CARTESIAN_POINT('',(5.249108330228,2.461890317486));
#7478 = CARTESIAN_POINT('',(5.34440325856,2.477055842841));
#7479 = CARTESIAN_POINT('',(5.439698272007,2.492221105358));
#7480 = CARTESIAN_POINT('',(5.535015334897,2.507390764235));
#7481 = CARTESIAN_POINT('',(5.704894905567,2.534428687129));
#7482 = CARTESIAN_POINT('',(5.779481801521,2.546300476347));
#7483 = CARTESIAN_POINT('',(5.854062115917,2.558171793864));
#7484 = CARTESIAN_POINT('',(5.928642326051,2.570043513845));
#7485 = CARTESIAN_POINT('',(6.003228986139,2.581915186776));
#7486 = CARTESIAN_POINT('',(6.112039193602,2.599232301359));
#7487 = CARTESIAN_POINT('',(6.146268318273,2.604679623639));
#7488 = CARTESIAN_POINT('',(6.18049749296,2.610126644358));
#7489 = CARTESIAN_POINT('',(6.214726715961,2.615573460209));
#7490 = CARTESIAN_POINT('',(6.24895598699,2.621020341102));
#7491 = CARTESIAN_POINT('',(6.28318530718,2.62646773016));
#7492 = ( GEOMETRIC_REPRESENTATION_CONTEXT(2) 
PARAMETRIC_REPRESENTATION_CONTEXT() REPRESENTATION_CONTEXT('2D SPACE',''
  ) );
#7493 = PCURVE('',#7494,#7519);
#7494 = B_SPLINE_SURFACE_WITH_KNOTS('',1,11,(
    (#7495,#7496,#7497,#7498,#7499,#7500,#7501,#7502,#7503,#7504,#7505
      ,#7506)
    ,(#7507,#7508,#7509,#7510,#7511,#7512,#7513,#7514,#7515,#7516,#7517
      ,#7518
    )),.UNSPECIFIED.,.F.,.F.,.F.,(2,2),(12,12),(0.,0.825),(0.,
    6.362265131567),.PIECEWISE_BEZIER_KNOTS.);
#7495 = CARTESIAN_POINT('',(2.425529224283,2.6419649994E-07,
    1.974994787614));
#7496 = CARTESIAN_POINT('',(2.425529187692,1.385547286164,2.065900613061
    ));
#7497 = CARTESIAN_POINT('',(1.555153169432,2.770275878245,2.156756082433
    ));
#7498 = CARTESIAN_POINT('',(-0.187056668652,3.550919339742,
    2.248004118028));
#7499 = CARTESIAN_POINT('',(-2.316188873316,3.105547797001,
    2.337933185713));
#7500 = CARTESIAN_POINT('',(-3.902986882549,1.288347447894,
    2.430596246899));
#7501 = CARTESIAN_POINT('',(-3.902919336399,-1.288349314414,
    2.519390722152));
#7502 = CARTESIAN_POINT('',(-2.31623321441,-3.105547025258,
    2.612053783292));
#7503 = CARTESIAN_POINT('',(-0.187036702115,-3.550920129384,
    2.701982851029));
#7504 = CARTESIAN_POINT('',(1.555150066374,-2.770275311107,
    2.793230886596));
#7505 = CARTESIAN_POINT('',(2.425529427517,-1.385546625672,
    2.884086355975));
#7506 = CARTESIAN_POINT('',(2.4255293155,3.9629471142E-07,2.974992181422
    ));
#7507 = CARTESIAN_POINT('',(3.140003191759,-5.9057E-13,1.562500000012));
#7508 = CARTESIAN_POINT('',(3.140005191337,1.793566084287,1.653409090936
    ));
#7509 = CARTESIAN_POINT('',(2.013349319116,3.58709278289,1.744318182094)
  );
#7510 = CARTESIAN_POINT('',(-0.242564911594,4.594286528835,
    1.835227271355));
#7511 = CARTESIAN_POINT('',(-2.99770316035,4.025727215722,1.926136367266
    ));
#7512 = CARTESIAN_POINT('',(-5.05341199022,1.660201172619,2.017045448803
    ));
#7513 = CARTESIAN_POINT('',(-5.052236254915,-1.660215230723,
    2.107954551508));
#7514 = CARTESIAN_POINT('',(-2.998493809616,-4.02570268518,
    2.198863632222));
#7515 = CARTESIAN_POINT('',(-0.24223246334,-4.594299448751,
    2.289772729061));
#7516 = CARTESIAN_POINT('',(2.013281818973,-3.587090270682,
    2.380681817838));
#7517 = CARTESIAN_POINT('',(3.14000278806,-1.793566084288,2.471590909095
    ));
#7518 = CARTESIAN_POINT('',(3.140004787638,-1.31177E-12,2.562500000026)
  );
#7519 = DEFINITIONAL_REPRESENTATION('',(#7520),#7593);
#7520 = B_SPLINE_CURVE_WITH_KNOTS('',6,(#7521,#7522,#7523,#7524,#7525,
    #7526,#7527,#7528,#7529,#7530,#7531,#7532,#7533,#7534,#7535,#7536,
    #7537,#7538,#7539,#7540,#7541,#7542,#7543,#7544,#7545,#7546,#7547,
    #7548,#7549,#7550,#7551,#7552,#7553,#7554,#7555,#7556,#7557,#7558,
    #7559,#7560,#7561,#7562,#7563,#7564,#7565,#7566,#7567,#7568,#7569,
    #7570,#7571,#7572,#7573,#7574,#7575,#7576,#7577,#7578,#7579,#7580,
    #7581,#7582,#7583,#7584,#7585,#7586,#7587,#7588,#7589,#7590,#7591,
    #7592),.UNSPECIFIED.,.F.,.F.,(7,5,5,5,5,5,5,5,5,5,5,5,5,5,7),(0.,
    3.488441536222E-02,0.108410302129,0.195980983207,0.284858305688,
    0.3836881909,0.39944260576,0.502302219914,0.54030408925,
    0.617305387305,0.718336418899,0.805081387818,0.89608877563,
    0.967312030597,1.),.UNSPECIFIED.);
#7521 = CARTESIAN_POINT('',(0.19999894698,0.));
#7522 = CARTESIAN_POINT('',(0.199998913233,3.6987430564E-02));
#7523 = CARTESIAN_POINT('',(0.19999765135,7.397586411679E-02));
#7524 = CARTESIAN_POINT('',(0.199996190489,0.110964919987));
#7525 = CARTESIAN_POINT('',(0.199995148859,0.147954298954));
#7526 = CARTESIAN_POINT('',(0.199994733722,0.184943783247));
#7527 = CARTESIAN_POINT('',(0.199994757566,0.299895912044));
#7528 = CARTESIAN_POINT('',(0.199996926459,0.377865305227));
#7529 = CARTESIAN_POINT('',(0.200000776226,0.455825925793));
#7530 = CARTESIAN_POINT('',(0.200003297833,0.533785815805));
#7531 = CARTESIAN_POINT('',(0.200004430194,0.61175320048));
#7532 = CARTESIAN_POINT('',(0.200004239226,0.782566713056));
#7533 = CARTESIAN_POINT('',(0.200002432369,0.875435200811));
#7534 = CARTESIAN_POINT('',(0.199999361024,0.96828583864));
#7535 = CARTESIAN_POINT('',(0.199997078228,1.061137109817));
#7536 = CARTESIAN_POINT('',(0.199996038165,1.154006980597));
#7537 = CARTESIAN_POINT('',(0.199995991483,1.341100694068));
#7538 = CARTESIAN_POINT('',(0.199997011152,1.435357119039));
#7539 = CARTESIAN_POINT('',(0.199998871353,1.529593458534));
#7540 = CARTESIAN_POINT('',(0.200000458404,1.623829328615));
#7541 = CARTESIAN_POINT('',(0.200001189252,1.718084857869));
#7542 = CARTESIAN_POINT('',(0.200001030421,1.917114736557));
#7543 = CARTESIAN_POINT('',(0.199999953315,2.021934643085));
#7544 = CARTESIAN_POINT('',(0.199997869989,2.126721265127));
#7545 = CARTESIAN_POINT('',(0.199995840011,2.231508366691));
#7546 = CARTESIAN_POINT('',(0.199994792515,2.336329251381));
#7547 = CARTESIAN_POINT('',(0.199994767201,2.457826567782));
#7548 = CARTESIAN_POINT('',(0.199994789951,2.474531475218));
#7549 = CARTESIAN_POINT('',(0.199994839282,2.491236390102));
#7550 = CARTESIAN_POINT('',(0.199994915102,2.507941309377));
#7551 = CARTESIAN_POINT('',(0.19999501687,2.524646228202));
#7552 = CARTESIAN_POINT('',(0.199995971059,2.650416490389));
#7553 = CARTESIAN_POINT('',(0.19999785596,2.759516603987));
#7554 = CARTESIAN_POINT('',(0.200000579051,2.86857564839));
#7555 = CARTESIAN_POINT('',(0.200002924632,2.977634231737));
#7556 = CARTESIAN_POINT('',(0.200003995143,3.086733408662));
#7557 = CARTESIAN_POINT('',(0.200003832372,3.236092029765));
#7558 = CARTESIAN_POINT('',(0.200003624493,3.276386355055));
#7559 = CARTESIAN_POINT('',(0.200003256529,3.316680733438));
#7560 = CARTESIAN_POINT('',(0.200002744447,3.356975133409));
#7561 = CARTESIAN_POINT('',(0.200002116297,3.397269521456));
#7562 = CARTESIAN_POINT('',(0.199999985561,3.519210280644));
#7563 = CARTESIAN_POINT('',(0.199998244218,3.600865164957));
#7564 = CARTESIAN_POINT('',(0.19999649178,3.68251050578));
#7565 = CARTESIAN_POINT('',(0.199995175497,3.764156019902));
#7566 = CARTESIAN_POINT('',(0.199994532594,3.845811327543));
#7567 = CARTESIAN_POINT('',(0.199994497605,4.034584725158));
#7568 = CARTESIAN_POINT('',(0.199995552268,4.14174289308));
#7569 = CARTESIAN_POINT('',(0.199997644657,4.24886348583));
#7570 = CARTESIAN_POINT('',(0.199999751655,4.355983523082));
#7571 = CARTESIAN_POINT('',(0.200000741098,4.463140756781));
#7572 = CARTESIAN_POINT('',(0.200000641301,4.662243587573));
#7573 = CARTESIAN_POINT('',(0.199999822745,4.754236136334));
#7574 = CARTESIAN_POINT('',(0.199998221128,4.846211315114));
#7575 = CARTESIAN_POINT('',(0.199996407915,4.938186905143));
#7576 = CARTESIAN_POINT('',(0.19999540573,5.030180382721));
#7577 = CARTESIAN_POINT('',(0.199995433236,5.218657067176));
#7578 = CARTESIAN_POINT('',(0.199996568436,5.315174305778));
#7579 = CARTESIAN_POINT('',(0.199999098767,5.41166912264));
#7580 = CARTESIAN_POINT('',(0.200002491337,5.508163243664));
#7581 = CARTESIAN_POINT('',(0.200004312281,5.604679022251));
#7582 = CARTESIAN_POINT('',(0.200004189461,5.776695052942));
#7583 = CARTESIAN_POINT('',(0.200002960767,5.852219988599));
#7584 = CARTESIAN_POINT('',(0.200000471002,5.927738571723));
#7585 = CARTESIAN_POINT('',(0.199996921465,6.003257833192));
#7586 = CARTESIAN_POINT('',(0.199995040305,6.078784677564));
#7587 = CARTESIAN_POINT('',(0.199995078115,6.188966173098));
#7588 = CARTESIAN_POINT('',(0.199995446522,6.223626628774));
#7589 = CARTESIAN_POINT('',(0.199996306303,6.258286978557));
#7590 = CARTESIAN_POINT('',(0.19999747485,6.292947030508));
#7591 = CARTESIAN_POINT('',(0.199998452085,6.327606516571));
#7592 = CARTESIAN_POINT('',(0.199998420462,6.362265092575));
#7593 = ( GEOMETRIC_REPRESENTATION_CONTEXT(2) 
PARAMETRIC_REPRESENTATION_CONTEXT() REPRESENTATION_CONTEXT('2D SPACE',''
  ) );
#7594 = ORIENTED_EDGE('',*,*,#6090,.T.);
#7595 = ORIENTED_EDGE('',*,*,#7596,.F.);
#7596 = EDGE_CURVE('',#7315,#6093,#7597,.T.);
#7597 = SURFACE_CURVE('',#7598,(#7679,#7763),.PCURVE_S1.);
#7598 = B_SPLINE_CURVE_WITH_KNOTS('',7,(#7599,#7600,#7601,#7602,#7603,
    #7604,#7605,#7606,#7607,#7608,#7609,#7610,#7611,#7612,#7613,#7614,
    #7615,#7616,#7617,#7618,#7619,#7620,#7621,#7622,#7623,#7624,#7625,
    #7626,#7627,#7628,#7629,#7630,#7631,#7632,#7633,#7634,#7635,#7636,
    #7637,#7638,#7639,#7640,#7641,#7642,#7643,#7644,#7645,#7646,#7647,
    #7648,#7649,#7650,#7651,#7652,#7653,#7654,#7655,#7656,#7657,#7658,
    #7659,#7660,#7661,#7662,#7663,#7664,#7665,#7666,#7667,#7668,#7669,
    #7670,#7671,#7672,#7673,#7674,#7675,#7676,#7677,#7678),
  .UNSPECIFIED.,.F.,.F.,(8,6,6,6,6,6,6,6,6,6,6,6,6,8),(0.,
    4.181139594779E-02,0.113771710768,0.175136280078,0.202898259769,
    0.285798322229,0.38803206497,0.504451814468,0.621281300097,
    0.719506065165,0.811109311616,0.902104118834,0.966861503012,1.),
  .UNSPECIFIED.);
#7599 = CARTESIAN_POINT('',(2.598734122635,3.0022598363E-07,
    2.124988548439));
#7600 = CARTESIAN_POINT('',(2.598734111368,9.752451720053E-02,
    2.13096066323));
#7601 = CARTESIAN_POINT('',(2.59446423236,0.195049180803,2.136932009547)
  );
#7602 = CARTESIAN_POINT('',(2.585924586329,0.292348779694,2.142903246301
    ));
#7603 = CARTESIAN_POINT('',(2.573129937005,0.389199239188,2.148874750708
    ));
#7604 = CARTESIAN_POINT('',(2.556109671484,0.485378245851,2.154846677023
    ));
#7605 = CARTESIAN_POINT('',(2.534907760582,0.580665572115,2.160819015265
    ));
#7606 = CARTESIAN_POINT('',(2.46599656497,0.836929981666,2.177070968843)
  );
#7607 = CARTESIAN_POINT('',(2.410194053425,0.99574291508,2.187351958278)
  );
#7608 = CARTESIAN_POINT('',(2.342474446862,1.150158268739,2.197633139415
    ));
#7609 = CARTESIAN_POINT('',(2.263263702012,1.299110517748,2.207913995036
    ));
#7610 = CARTESIAN_POINT('',(2.173098647875,1.441590058841,2.218194716873
    ));
#7611 = CARTESIAN_POINT('',(2.072624559317,1.576647859524,2.228475457564
    ));
#7612 = CARTESIAN_POINT('',(1.868787279594,1.811502029485,2.247521100156
    ));
#7613 = CARTESIAN_POINT('',(1.76801935585,1.913572081005,2.256287095684)
  );
#7614 = CARTESIAN_POINT('',(1.660772135676,2.00907442324,2.265052584434)
  );
#7615 = CARTESIAN_POINT('',(1.547562613584,2.097520933432,2.273817764763
    ));
#7616 = CARTESIAN_POINT('',(1.428949522847,2.17847509924,2.282583046526)
  );
#7617 = CARTESIAN_POINT('',(1.30553155768,2.251553415157,2.291348603775)
  );
#7618 = CARTESIAN_POINT('',(1.120229727857,2.345782908817,2.304079494612
    ));
#7619 = CARTESIAN_POINT('',(1.061656811957,2.373456514749,2.308045055418
    ));
#7620 = CARTESIAN_POINT('',(1.002289265495,2.399422383666,2.312010643103
    ));
#7621 = CARTESIAN_POINT('',(0.942186883248,2.423653321002,2.315976260043
    ));
#7622 = CARTESIAN_POINT('',(0.881410534412,2.446124787457,2.319941906736
    ));
#7623 = CARTESIAN_POINT('',(0.820022162594,2.466814898995,2.323907581806
    ));
#7624 = CARTESIAN_POINT('',(0.573133551775,2.542110456115,2.339715261486
    ));
#7625 = CARTESIAN_POINT('',(0.383264504277,2.582467895685,2.351558835212
    ));
#7626 = CARTESIAN_POINT('',(0.19018647301,2.606248687403,2.363401626038)
  );
#7627 = CARTESIAN_POINT('',(-4.366426522591E-03,2.613175104076,
    2.37524383087));
#7628 = CARTESIAN_POINT('',(-0.198646919408,2.603184910987,
    2.387086555142));
#7629 = CARTESIAN_POINT('',(-0.390905468896,2.57643177087,2.398930084016
    ));
#7630 = CARTESIAN_POINT('',(-0.811854484001,2.480155836389,
    2.425375850417));
#7631 = CARTESIAN_POINT('',(-1.038679363358,2.402091657188,2.43998313297
    ));
#7632 = CARTESIAN_POINT('',(-1.256559838223,2.299863417615,
    2.454587344549));
#7633 = CARTESIAN_POINT('',(-1.462454079978,2.174751093734,
    2.469189735596));
#7634 = CARTESIAN_POINT('',(-1.653558412613,2.02845839938,2.483794129868
    ));
#7635 = CARTESIAN_POINT('',(-1.827335629844,1.863095545551,
    2.498401706328));
#7636 = CARTESIAN_POINT('',(-2.157283846872,1.47420555332,2.52963643681)
  );
#7637 = CARTESIAN_POINT('',(-2.307796437358,1.245637507327,
    2.546274821843));
#7638 = CARTESIAN_POINT('',(-2.429832346264,0.999388328246,
    2.562907585601));
#7639 = CARTESIAN_POINT('',(-2.521037847244,0.739750353746,
    2.579538450428));
#7640 = CARTESIAN_POINT('',(-2.579812788421,0.471278640224,
    2.596170874478));
#7641 = CARTESIAN_POINT('',(-2.60530929533,0.198794603869,2.612808712712
    ));
#7642 = CARTESIAN_POINT('',(-2.590101150591,-0.345038825468,
    2.646127180902));
#7643 = CARTESIAN_POINT('',(-2.549156412606,-0.616622915992,
    2.662822593279));
#7644 = CARTESIAN_POINT('',(-2.474976635098,-0.882281714151,
    2.679511416806));
#7645 = CARTESIAN_POINT('',(-2.368693611387,-1.137198543439,
    2.696198123777));
#7646 = CARTESIAN_POINT('',(-2.232185149069,-1.376870225971,
    2.71288737203));
#7647 = CARTESIAN_POINT('',(-2.068075853214,-1.597102908324,
    2.729583464825));
#7648 = CARTESIAN_POINT('',(-1.721754768727,-1.959966549192,
    2.760304112396));
#7649 = CARTESIAN_POINT('',(-1.546492076897,-2.109470393129,
    2.774339093226));
#7650 = CARTESIAN_POINT('',(-1.356207241261,-2.240557614937,
    2.788372108837));
#7651 = CARTESIAN_POINT('',(-1.1532417082,-2.351474048162,2.802403728993
    ));
#7652 = CARTESIAN_POINT('',(-0.940148381696,-2.440824528366,
    2.816436545449));
#7653 = CARTESIAN_POINT('',(-0.719668166328,-2.507585746822,
    2.83047116306));
#7654 = CARTESIAN_POINT('',(-0.284999047552,-2.591880743059,
    2.857587379188));
#7655 = CARTESIAN_POINT('',(-7.130760667898E-02,-2.612445297403,
    2.870674354345));
#7656 = CARTESIAN_POINT('',(0.143942861535,-2.612423671304,2.88375929721
    ));
#7657 = CARTESIAN_POINT('',(0.358382557944,-2.591725069749,
    2.896842985384));
#7658 = CARTESIAN_POINT('',(0.569663077585,-2.550576205239,
    2.909927823575));
#7659 = CARTESIAN_POINT('',(0.77547582249,-2.489519500844,2.92301474649)
  );
#7660 = CARTESIAN_POINT('',(1.170361332603,-2.329961377888,
    2.949098347721));
#7661 = CARTESIAN_POINT('',(1.359602729774,-2.231684490586,2.96209935979
    ));
#7662 = CARTESIAN_POINT('',(1.539093010391,-2.115523712971,
    2.975099431545));
#7663 = CARTESIAN_POINT('',(1.706834003191,-1.982666303994,
    2.988099018388));
#7664 = CARTESIAN_POINT('',(1.861012932544,-1.834547995858,
    3.001099644323));
#7665 = CARTESIAN_POINT('',(2.000016379252,-1.672841979805,
    3.014101272317));
#7666 = CARTESIAN_POINT('',(2.209636419413,-1.37613238149,3.036350746634
    ));
#7667 = CARTESIAN_POINT('',(2.288429094949,-1.246853685067,
    3.045601474148));
#7668 = CARTESIAN_POINT('',(2.358371510995,-1.112349037551,
    3.054851488536));
#7669 = CARTESIAN_POINT('',(2.419055665941,-0.97334793214,3.064100902866
    ));
#7670 = CARTESIAN_POINT('',(2.470148166404,-0.83061407663,3.073350318919
    ));
#7671 = CARTESIAN_POINT('',(2.511391439447,-0.684942601361,
    3.082600197373));
#7672 = CARTESIAN_POINT('',(2.558589138917,-0.461535538977,
    3.096583365216));
#7673 = CARTESIAN_POINT('',(2.571941752542,-0.385355903764,
    3.101316836705));
#7674 = CARTESIAN_POINT('',(2.582647047686,-0.30873136001,3.106050414699
    ));
#7675 = CARTESIAN_POINT('',(2.590687646547,-0.231772252529,
    3.110784086713));
#7676 = CARTESIAN_POINT('',(2.596051947006,-0.154589526412,
    3.115517784574));
#7677 = CARTESIAN_POINT('',(2.598734122621,-7.729472702211E-02,
    3.120251384417));
#7678 = CARTESIAN_POINT('',(2.598734122635,-2.22E-15,3.124984706692));
#7679 = PCURVE('',#6108,#7680);
#7680 = DEFINITIONAL_REPRESENTATION('',(#7681),#7762);
#7681 = B_SPLINE_CURVE_WITH_KNOTS('',7,(#7682,#7683,#7684,#7685,#7686,
    #7687,#7688,#7689,#7690,#7691,#7692,#7693,#7694,#7695,#7696,#7697,
    #7698,#7699,#7700,#7701,#7702,#7703,#7704,#7705,#7706,#7707,#7708,
    #7709,#7710,#7711,#7712,#7713,#7714,#7715,#7716,#7717,#7718,#7719,
    #7720,#7721,#7722,#7723,#7724,#7725,#7726,#7727,#7728,#7729,#7730,
    #7731,#7732,#7733,#7734,#7735,#7736,#7737,#7738,#7739,#7740,#7741,
    #7742,#7743,#7744,#7745,#7746,#7747,#7748,#7749,#7750,#7751,#7752,
    #7753,#7754,#7755,#7756,#7757,#7758,#7759,#7760,#7761),
  .UNSPECIFIED.,.F.,.F.,(8,6,6,6,6,6,6,6,6,6,6,6,6,8),(0.,
    4.181139594779E-02,0.113771710768,0.175136280078,0.202898259769,
    0.285798322229,0.38803206497,0.504451814468,0.621281300097,
    0.719506065165,0.811109311616,0.902104118834,0.966861503012,1.),
  .UNSPECIFIED.);
#7682 = CARTESIAN_POINT('',(1.1552777994E-07,1.876461418132));
#7683 = CARTESIAN_POINT('',(3.752770102609E-02,1.882433532923));
#7684 = CARTESIAN_POINT('',(7.505545972193E-02,1.88840487924));
#7685 = CARTESIAN_POINT('',(0.112582934808,1.894376115994));
#7686 = CARTESIAN_POINT('',(0.150110224028,1.900347620401));
#7687 = CARTESIAN_POINT('',(0.187637607847,1.906319546716));
#7688 = CARTESIAN_POINT('',(0.225165177617,1.912291884958));
#7689 = CARTESIAN_POINT('',(0.327279528179,1.928543838536));
#7690 = CARTESIAN_POINT('',(0.391870782562,1.938824827971));
#7691 = CARTESIAN_POINT('',(0.45645900741,1.949106009108));
#7692 = CARTESIAN_POINT('',(0.52104533792,1.959386864729));
#7693 = CARTESIAN_POINT('',(0.58563368461,1.969667586566));
#7694 = CARTESIAN_POINT('',(0.650225147369,1.979948327257));
#7695 = CARTESIAN_POINT('',(0.769889590887,1.998993969849));
#7696 = CARTESIAN_POINT('',(0.824968655764,2.007759965377));
#7697 = CARTESIAN_POINT('',(0.880046316791,2.016525454127));
#7698 = CARTESIAN_POINT('',(0.935123074378,2.025290634456));
#7699 = CARTESIAN_POINT('',(0.990200707106,2.034055916219));
#7700 = CARTESIAN_POINT('',(1.04527972502,2.042821473468));
#7701 = CARTESIAN_POINT('',(1.125274249601,2.055552364305));
#7702 = CARTESIAN_POINT('',(1.150191706938,2.059517925111));
#7703 = CARTESIAN_POINT('',(1.175109169243,2.063483512796));
#7704 = CARTESIAN_POINT('',(1.20002663315,2.067449129736));
#7705 = CARTESIAN_POINT('',(1.224944093875,2.071414776429));
#7706 = CARTESIAN_POINT('',(1.249861545209,2.075380451499));
#7707 = CARTESIAN_POINT('',(1.349184943499,2.091188131179));
#7708 = CARTESIAN_POINT('',(1.423599365825,2.103031704905));
#7709 = CARTESIAN_POINT('',(1.498007577206,2.114874495731));
#7710 = CARTESIAN_POINT('',(1.572411857206,2.126716700563));
#7711 = CARTESIAN_POINT('',(1.64682012742,2.138559424835));
#7712 = CARTESIAN_POINT('',(1.721234649695,2.150402953709));
#7713 = CARTESIAN_POINT('',(1.887399550625,2.17684872011));
#7714 = CARTESIAN_POINT('',(1.979182200402,2.191456002663));
#7715 = CARTESIAN_POINT('',(2.070947266565,2.206060214242));
#7716 = CARTESIAN_POINT('',(2.162701131819,2.220662605289));
#7717 = CARTESIAN_POINT('',(2.254466125273,2.23526699956));
#7718 = CARTESIAN_POINT('',(2.34624865925,2.249874576021));
#7719 = CARTESIAN_POINT('',(2.542498526824,2.281109306503));
#7720 = CARTESIAN_POINT('',(2.647035760085,2.297747691536));
#7721 = CARTESIAN_POINT('',(2.751535114109,2.314380455294));
#7722 = CARTESIAN_POINT('',(2.856021922661,2.331011320121));
#7723 = CARTESIAN_POINT('',(2.960521362694,2.347643744171));
#7724 = CARTESIAN_POINT('',(3.06505875455,2.364281582405));
#7725 = CARTESIAN_POINT('',(3.274409156628,2.397600050594));
#7726 = CARTESIAN_POINT('',(3.379315071932,2.414295462972));
#7727 = CARTESIAN_POINT('',(3.484182407479,2.430984286499));
#7728 = CARTESIAN_POINT('',(3.589036958015,2.44767099347));
#7729 = CARTESIAN_POINT('',(3.693904185078,2.464360241722));
#7730 = CARTESIAN_POINT('',(3.798810038886,2.481056334518));
#7731 = CARTESIAN_POINT('',(3.991829298788,2.511776982089));
#7732 = CARTESIAN_POINT('',(4.080009261712,2.525811962919));
#7733 = CARTESIAN_POINT('',(4.16817482427,2.53984497853));
#7734 = CARTESIAN_POINT('',(4.25633125292,2.553876598686));
#7735 = CARTESIAN_POINT('',(4.344496890767,2.567909415142));
#7736 = CARTESIAN_POINT('',(4.432676997419,2.581944032753));
#7737 = CARTESIAN_POINT('',(4.603055068935,2.609060248881));
#7738 = CARTESIAN_POINT('',(4.685286435389,2.622147224038));
#7739 = CARTESIAN_POINT('',(4.767507589588,2.635232166903));
#7740 = CARTESIAN_POINT('',(4.849722227745,2.648315855077));
#7741 = CARTESIAN_POINT('',(4.931943315514,2.661400693268));
#7742 = CARTESIAN_POINT('',(5.014174571285,2.674487616183));
#7743 = CARTESIAN_POINT('',(5.178063208741,2.700571217414));
#7744 = CARTESIAN_POINT('',(5.259747857327,2.713572229483));
#7745 = CARTESIAN_POINT('',(5.341422619315,2.726572301238));
#7746 = CARTESIAN_POINT('',(5.423091125533,2.739571888081));
#7747 = CARTESIAN_POINT('',(5.504765963334,2.752572514016));
#7748 = CARTESIAN_POINT('',(5.586450737329,2.765574142009));
#7749 = CARTESIAN_POINT('',(5.726244411302,2.787823616327));
#7750 = CARTESIAN_POINT('',(5.784369173188,2.797074343841));
#7751 = CARTESIAN_POINT('',(5.84249210575,2.806324358229));
#7752 = CARTESIAN_POINT('',(5.900613857615,2.815573772559));
#7753 = CARTESIAN_POINT('',(5.958736734736,2.824823188612));
#7754 = CARTESIAN_POINT('',(6.016861394926,2.834073067066));
#7755 = CARTESIAN_POINT('',(6.104726563,2.848056234908));
#7756 = CARTESIAN_POINT('',(6.134469609958,2.852789706397));
#7757 = CARTESIAN_POINT('',(6.164212681044,2.857523284392));
#7758 = CARTESIAN_POINT('',(6.193955779914,2.862256956406));
#7759 = CARTESIAN_POINT('',(6.223698912049,2.866990654267));
#7760 = CARTESIAN_POINT('',(6.253442084759,2.87172425411));
#7761 = CARTESIAN_POINT('',(6.28318530718,2.876457576385));
#7762 = ( GEOMETRIC_REPRESENTATION_CONTEXT(2) 
PARAMETRIC_REPRESENTATION_CONTEXT() REPRESENTATION_CONTEXT('2D SPACE',''
  ) );
#7763 = PCURVE('',#6755,#7764);
#7764 = DEFINITIONAL_REPRESENTATION('',(#7765),#7846);
#7765 = B_SPLINE_CURVE_WITH_KNOTS('',7,(#7766,#7767,#7768,#7769,#7770,
    #7771,#7772,#7773,#7774,#7775,#7776,#7777,#7778,#7779,#7780,#7781,
    #7782,#7783,#7784,#7785,#7786,#7787,#7788,#7789,#7790,#7791,#7792,
    #7793,#7794,#7795,#7796,#7797,#7798,#7799,#7800,#7801,#7802,#7803,
    #7804,#7805,#7806,#7807,#7808,#7809,#7810,#7811,#7812,#7813,#7814,
    #7815,#7816,#7817,#7818,#7819,#7820,#7821,#7822,#7823,#7824,#7825,
    #7826,#7827,#7828,#7829,#7830,#7831,#7832,#7833,#7834,#7835,#7836,
    #7837,#7838,#7839,#7840,#7841,#7842,#7843,#7844,#7845),
  .UNSPECIFIED.,.F.,.F.,(8,6,6,6,6,6,6,6,6,6,6,6,6,8),(0.,
    4.181139594779E-02,0.113771710768,0.175136280078,0.202898259769,
    0.285798322229,0.38803206497,0.504451814468,0.621281300097,
    0.719506065165,0.811109311616,0.902104118834,0.966861503012,1.),
  .UNSPECIFIED.);
#7766 = CARTESIAN_POINT('',(0.625011056684,0.));
#7767 = CARTESIAN_POINT('',(0.62501136007,3.799817683844E-02));
#7768 = CARTESIAN_POINT('',(0.625013262127,7.599765879265E-02));
#7769 = CARTESIAN_POINT('',(0.625015402092,0.113997583291));
#7770 = CARTESIAN_POINT('',(0.625017098246,0.151997733111));
#7771 = CARTESIAN_POINT('',(0.625018133434,0.189998155923));
#7772 = CARTESIAN_POINT('',(0.625018540575,0.227998783832));
#7773 = CARTESIAN_POINT('',(0.625018125895,0.331400153857));
#7774 = CARTESIAN_POINT('',(0.625016220038,0.396805282383));
#7775 = CARTESIAN_POINT('',(0.62501323559,0.462206641544));
#7776 = CARTESIAN_POINT('',(0.62501044253,0.527605460018));
#7777 = CARTESIAN_POINT('',(0.6250086091,0.593005976977));
#7778 = CARTESIAN_POINT('',(0.62500773146,0.658409565704));
#7779 = CARTESIAN_POINT('',(0.625007672704,0.779578733524));
#7780 = CARTESIAN_POINT('',(0.625008253406,0.835350451268));
#7781 = CARTESIAN_POINT('',(0.625009345077,0.891120913271));
#7782 = CARTESIAN_POINT('',(0.625010694686,0.946890682153));
#7783 = CARTESIAN_POINT('',(0.625012039614,1.002661554272));
#7784 = CARTESIAN_POINT('',(0.625013190893,1.058433995325));
#7785 = CARTESIAN_POINT('',(0.625014443021,1.139435776624));
#7786 = CARTESIAN_POINT('',(0.625014773678,1.164667006182));
#7787 = CARTESIAN_POINT('',(0.625015036213,1.189898257027));
#7788 = CARTESIAN_POINT('',(0.625015225433,1.215129519838));
#7789 = CARTESIAN_POINT('',(0.625015339714,1.240360783971));
#7790 = CARTESIAN_POINT('',(0.625015380994,1.265592037457));
#7791 = CARTESIAN_POINT('',(0.625015276482,1.366166255127));
#7792 = CARTESIAN_POINT('',(0.62501459664,1.441517750713));
#7793 = CARTESIAN_POINT('',(0.625013436699,1.516862760147));
#7794 = CARTESIAN_POINT('',(0.625012186229,1.592203513481));
#7795 = CARTESIAN_POINT('',(0.625011219903,1.667548057467));
#7796 = CARTESIAN_POINT('',(0.625010740947,1.742898787607));
#7797 = CARTESIAN_POINT('',(0.625010763577,1.911154095292));
#7798 = CARTESIAN_POINT('',(0.625011515477,2.004091324888));
#7799 = CARTESIAN_POINT('',(0.625013062334,2.097010860581));
#7800 = CARTESIAN_POINT('',(0.625014919982,2.189919360227));
#7801 = CARTESIAN_POINT('',(0.625016452787,2.282839464155));
#7802 = CARTESIAN_POINT('',(0.625017202506,2.375777527738));
#7803 = CARTESIAN_POINT('',(0.625017106734,2.574498282875));
#7804 = CARTESIAN_POINT('',(0.625016017624,2.680351770378));
#7805 = CARTESIAN_POINT('',(0.625013824447,2.786166771766));
#7806 = CARTESIAN_POINT('',(0.625011033446,2.891968679331));
#7807 = CARTESIAN_POINT('',(0.625008804818,2.997782970004));
#7808 = CARTESIAN_POINT('',(0.625007681006,3.103635512612));
#7809 = CARTESIAN_POINT('',(0.625007640195,3.315619737195));
#7810 = CARTESIAN_POINT('',(0.62500873098,3.421845494488));
#7811 = CARTESIAN_POINT('',(0.625010929029,3.528032421053));
#7812 = CARTESIAN_POINT('',(0.625013679538,3.634206859293));
#7813 = CARTESIAN_POINT('',(0.625015801935,3.740394553474));
#7814 = CARTESIAN_POINT('',(0.625016799258,3.846621488909));
#7815 = CARTESIAN_POINT('',(0.625016733548,4.042071253549));
#7816 = CARTESIAN_POINT('',(0.62501597784,4.131361506952));
#7817 = CARTESIAN_POINT('',(0.625014525983,4.220636967466));
#7818 = CARTESIAN_POINT('',(0.625012781972,4.309902833894));
#7819 = CARTESIAN_POINT('',(0.625011315891,4.399177689549));
#7820 = CARTESIAN_POINT('',(0.625010585749,4.488467017512));
#7821 = CARTESIAN_POINT('',(0.625010593016,4.660988273408));
#7822 = CARTESIAN_POINT('',(0.625011236277,4.744254024847));
#7823 = CARTESIAN_POINT('',(0.625012556621,4.827509565144));
#7824 = CARTESIAN_POINT('',(0.625014271933,4.910758808443));
#7825 = CARTESIAN_POINT('',(0.625015811776,4.994014934138));
#7826 = CARTESIAN_POINT('',(0.625016582754,5.077281598263));
#7827 = CARTESIAN_POINT('',(0.625016354207,5.243233937724));
#7828 = CARTESIAN_POINT('',(0.625015363775,5.32594721931));
#7829 = CARTESIAN_POINT('',(0.62501335212,5.408650389101));
#7830 = CARTESIAN_POINT('',(0.625010557481,5.491346837034));
#7831 = CARTESIAN_POINT('',(0.625007881325,5.574049198944));
#7832 = CARTESIAN_POINT('',(0.625006441778,5.656761308121));
#7833 = CARTESIAN_POINT('',(0.625006370639,5.798313288444));
#7834 = CARTESIAN_POINT('',(0.625007056867,5.857169176901));
#7835 = CARTESIAN_POINT('',(0.625008502407,5.916023385715));
#7836 = CARTESIAN_POINT('',(0.625010631936,5.974876740544));
#7837 = CARTESIAN_POINT('',(0.625012899738,6.033731711266));
#7838 = CARTESIAN_POINT('',(0.625014516587,6.092588905821));
#7839 = CARTESIAN_POINT('',(0.625015633005,6.18156130158));
#7840 = CARTESIAN_POINT('',(0.625015811967,6.21167913064));
#7841 = CARTESIAN_POINT('',(0.625015697272,6.241796900975));
#7842 = CARTESIAN_POINT('',(0.625015318055,6.271914518518));
#7843 = CARTESIAN_POINT('',(0.625014827299,6.302031853303));
#7844 = CARTESIAN_POINT('',(0.625014501823,6.332148739466));
#7845 = CARTESIAN_POINT('',(0.625014742292,6.362264975247));
#7846 = ( GEOMETRIC_REPRESENTATION_CONTEXT(2) 
PARAMETRIC_REPRESENTATION_CONTEXT() REPRESENTATION_CONTEXT('2D SPACE',''
  ) );
#7847 = ADVANCED_FACE('',(#7848),#6276,.F.);
#7848 = FACE_BOUND('',#7849,.F.);
#7849 = EDGE_LOOP('',(#7850,#7851,#7873,#7903));
#7850 = ORIENTED_EDGE('',*,*,#6120,.F.);
#7851 = ORIENTED_EDGE('',*,*,#7852,.T.);
#7852 = EDGE_CURVE('',#6091,#7853,#7855,.T.);
#7853 = VERTEX_POINT('',#7854);
#7854 = CARTESIAN_POINT('',(3.140004787638,-1.323E-12,2.562500000026));
#7855 = SURFACE_CURVE('',#7856,(#7859,#7866),.PCURVE_S1.);
#7856 = B_SPLINE_CURVE_WITH_KNOTS('',1,(#7857,#7858),.UNSPECIFIED.,.F.,
  .F.,(2,2),(0.,0.825),.PIECEWISE_BEZIER_KNOTS.);
#7857 = CARTESIAN_POINT('',(2.4255293155,3.9629471142E-07,2.974992181422
    ));
#7858 = CARTESIAN_POINT('',(3.140004787638,-1.31177E-12,2.562500000026)
  );
#7859 = PCURVE('',#6276,#7860);
#7860 = DEFINITIONAL_REPRESENTATION('',(#7861),#7865);
#7861 = LINE('',#7862,#7863);
#7862 = CARTESIAN_POINT('',(0.,0.));
#7863 = VECTOR('',#7864,1.);
#7864 = DIRECTION('',(1.,0.));
#7865 = ( GEOMETRIC_REPRESENTATION_CONTEXT(2) 
PARAMETRIC_REPRESENTATION_CONTEXT() REPRESENTATION_CONTEXT('2D SPACE',''
  ) );
#7866 = PCURVE('',#7494,#7867);
#7867 = DEFINITIONAL_REPRESENTATION('',(#7868),#7872);
#7868 = LINE('',#7869,#7870);
#7869 = CARTESIAN_POINT('',(0.,6.362265131567));
#7870 = VECTOR('',#7871,1.);
#7871 = DIRECTION('',(1.,0.));
#7872 = ( GEOMETRIC_REPRESENTATION_CONTEXT(2) 
PARAMETRIC_REPRESENTATION_CONTEXT() REPRESENTATION_CONTEXT('2D SPACE',''
  ) );
#7873 = ORIENTED_EDGE('',*,*,#7874,.T.);
#7874 = EDGE_CURVE('',#7853,#6655,#7875,.T.);
#7875 = SURFACE_CURVE('',#7876,(#7889,#7896),.PCURVE_S1.);
#7876 = B_SPLINE_CURVE_WITH_KNOTS('',11,(#7877,#7878,#7879,#7880,#7881,
    #7882,#7883,#7884,#7885,#7886,#7887,#7888),.UNSPECIFIED.,.F.,.F.,(12
    ,12),(0.,6.362265131567),.PIECEWISE_BEZIER_KNOTS.);
#7877 = CARTESIAN_POINT('',(3.140004787638,-1.32626E-12,2.562500000026)
  );
#7878 = CARTESIAN_POINT('',(3.140006787216,1.793566995654,2.653409090957
    ));
#7879 = CARTESIAN_POINT('',(2.01335034249,3.587094607362,2.744318182235)
  );
#7880 = CARTESIAN_POINT('',(-0.24256503523,4.594288859355,2.83522727074)
  );
#7881 = CARTESIAN_POINT('',(-2.997704683439,4.025729271045,
    2.926136368839));
#7882 = CARTESIAN_POINT('',(-5.053414558619,1.660202003223,3.01704544646
    ));
#7883 = CARTESIAN_POINT('',(-5.052238823312,-1.660216061325,
    3.107954553886));
#7884 = CARTESIAN_POINT('',(-2.998495332709,-4.0257047405,3.198863630684
    ));
#7885 = CARTESIAN_POINT('',(-0.242232586978,-4.594301779272,
    3.28977272971));
#7886 = CARTESIAN_POINT('',(2.013282842345,-3.587092095155,
    3.380681817732));
#7887 = CARTESIAN_POINT('',(3.140004383939,-1.793566995657,
    3.471590909108));
#7888 = CARTESIAN_POINT('',(3.140006383518,-2.36543E-12,3.562500000047)
  );
#7889 = PCURVE('',#6276,#7890);
#7890 = DEFINITIONAL_REPRESENTATION('',(#7891),#7895);
#7891 = LINE('',#7892,#7893);
#7892 = CARTESIAN_POINT('',(0.825,0.));
#7893 = VECTOR('',#7894,1.);
#7894 = DIRECTION('',(0.,1.));
#7895 = ( GEOMETRIC_REPRESENTATION_CONTEXT(2) 
PARAMETRIC_REPRESENTATION_CONTEXT() REPRESENTATION_CONTEXT('2D SPACE',''
  ) );
#7896 = PCURVE('',#6811,#7897);
#7897 = DEFINITIONAL_REPRESENTATION('',(#7898),#7902);
#7898 = LINE('',#7899,#7900);
#7899 = CARTESIAN_POINT('',(0.,0.));
#7900 = VECTOR('',#7901,1.);
#7901 = DIRECTION('',(0.,1.));
#7902 = ( GEOMETRIC_REPRESENTATION_CONTEXT(2) 
PARAMETRIC_REPRESENTATION_CONTEXT() REPRESENTATION_CONTEXT('2D SPACE',''
  ) );
#7903 = ORIENTED_EDGE('',*,*,#6654,.F.);
#7904 = ADVANCED_FACE('',(#7905),#6755,.F.);
#7905 = FACE_BOUND('',#7906,.F.);
#7906 = EDGE_LOOP('',(#7907,#7939,#7984,#7985));
#7907 = ORIENTED_EDGE('',*,*,#7908,.F.);
#7908 = EDGE_CURVE('',#7909,#6711,#7911,.T.);
#7909 = VERTEX_POINT('',#7910);
#7910 = CARTESIAN_POINT('',(3.140006155535,-1.701E-12,2.437500000034));
#7911 = SURFACE_CURVE('',#7912,(#7925,#7932),.PCURVE_S1.);
#7912 = ( BOUNDED_CURVE() B_SPLINE_CURVE(11,(#7913,#7914,#7915,#7916,
    #7917,#7918,#7919,#7920,#7921,#7922,#7923,#7924),.UNSPECIFIED.,.F.,
.F.) B_SPLINE_CURVE_WITH_KNOTS((12,12),(0.,6.362265131567),
.PIECEWISE_BEZIER_KNOTS.) CURVE() GEOMETRIC_REPRESENTATION_ITEM() 
RATIONAL_B_SPLINE_CURVE((1.056590953773,1.056590953773,1.056590953773,
    1.056590953773,1.056590953773,1.056590953774,1.056590953773,
    1.056590953773,1.056590953773,1.056590953773,1.056590953773,
1.056590953773)) REPRESENTATION_ITEM('') );
#7913 = CARTESIAN_POINT('',(3.140006155535,-1.70339E-12,2.437500000034)
  );
#7914 = CARTESIAN_POINT('',(3.140008726421,1.793567907021,2.528409090971
    ));
#7915 = CARTESIAN_POINT('',(2.013361008741,3.587096790722,2.619318182355
    ));
#7916 = CARTESIAN_POINT('',(-0.242612651472,4.594289344172,2.71022727017
    ));
#7917 = CARTESIAN_POINT('',(-2.997593256637,4.025734830734,2.80113637033
    ));
#7918 = CARTESIAN_POINT('',(-5.053585089198,1.660200825522,
    2.892045444142));
#7919 = CARTESIAN_POINT('',(-5.052073429529,-1.660218900226,
    2.982954556302));
#7920 = CARTESIAN_POINT('',(-2.998609805693,-4.02570329146,
    3.073863629056));
#7921 = CARTESIAN_POINT('',(-0.242185218009,-4.594305955495,
    3.16477273041));
#7922 = CARTESIAN_POINT('',(2.013274222842,-3.587093560742,
    3.255681817602));
#7923 = CARTESIAN_POINT('',(3.140005636493,-1.793567907025,
    3.346590909113));
#7924 = CARTESIAN_POINT('',(3.14000820738,-3.03659E-12,3.43750000006));
#7925 = PCURVE('',#6755,#7926);
#7926 = DEFINITIONAL_REPRESENTATION('',(#7927),#7931);
#7927 = LINE('',#7928,#7929);
#7928 = CARTESIAN_POINT('',(0.,0.));
#7929 = VECTOR('',#7930,1.);
#7930 = DIRECTION('',(0.,1.));
#7931 = ( GEOMETRIC_REPRESENTATION_CONTEXT(2) 
PARAMETRIC_REPRESENTATION_CONTEXT() REPRESENTATION_CONTEXT('2D SPACE',''
  ) );
#7932 = PCURVE('',#6811,#7933);
#7933 = DEFINITIONAL_REPRESENTATION('',(#7934),#7938);
#7934 = LINE('',#7935,#7936);
#7935 = CARTESIAN_POINT('',(2.094395102393,0.));
#7936 = VECTOR('',#7937,1.);
#7937 = DIRECTION('',(0.,1.));
#7938 = ( GEOMETRIC_REPRESENTATION_CONTEXT(2) 
PARAMETRIC_REPRESENTATION_CONTEXT() REPRESENTATION_CONTEXT('2D SPACE',''
  ) );
#7939 = ORIENTED_EDGE('',*,*,#7940,.T.);
#7940 = EDGE_CURVE('',#7909,#7315,#7941,.T.);
#7941 = SURFACE_CURVE('',#7942,(#7945,#7952),.PCURVE_S1.);
#7942 = B_SPLINE_CURVE_WITH_KNOTS('',1,(#7943,#7944),.UNSPECIFIED.,.F.,
  .F.,(2,2),(0.,0.825),.PIECEWISE_BEZIER_KNOTS.);
#7943 = CARTESIAN_POINT('',(3.140006155535,-1.68864E-12,2.437500000034)
  );
#7944 = CARTESIAN_POINT('',(2.425539711515,3.962918402E-07,
    2.024992181479));
#7945 = PCURVE('',#6755,#7946);
#7946 = DEFINITIONAL_REPRESENTATION('',(#7947),#7951);
#7947 = LINE('',#7948,#7949);
#7948 = CARTESIAN_POINT('',(0.,0.));
#7949 = VECTOR('',#7950,1.);
#7950 = DIRECTION('',(1.,0.));
#7951 = ( GEOMETRIC_REPRESENTATION_CONTEXT(2) 
PARAMETRIC_REPRESENTATION_CONTEXT() REPRESENTATION_CONTEXT('2D SPACE',''
  ) );
#7952 = PCURVE('',#7953,#7978);
#7953 = B_SPLINE_SURFACE_WITH_KNOTS('',1,11,(
    (#7954,#7955,#7956,#7957,#7958,#7959,#7960,#7961,#7962,#7963,#7964
      ,#7965)
    ,(#7966,#7967,#7968,#7969,#7970,#7971,#7972,#7973,#7974,#7975,#7976
      ,#7977
    )),.UNSPECIFIED.,.F.,.F.,.F.,(2,2),(12,12),(0.,0.825),(0.,
    6.362265131567),.PIECEWISE_BEZIER_KNOTS.);
#7954 = CARTESIAN_POINT('',(3.14000410369,-7.5427E-13,1.437500000015));
#7955 = CARTESIAN_POINT('',(3.140006674576,1.793566735263,1.528409090943
    ));
#7956 = CARTESIAN_POINT('',(2.013359692974,3.587094444972,1.619318182172
    ));
#7957 = CARTESIAN_POINT('',(-0.242612492512,4.59428634779,1.710227270963
    ));
#7958 = CARTESIAN_POINT('',(-2.997591298379,4.025732188174,
    1.801136368304));
#7959 = CARTESIAN_POINT('',(-5.053581786973,1.660199757604,
    1.892045447161));
#7960 = CARTESIAN_POINT('',(-5.052070127302,-1.660217832309,
    1.982954553238));
#7961 = CARTESIAN_POINT('',(-2.998607847432,-4.025700648906,
    2.073863631038));
#7962 = CARTESIAN_POINT('',(-0.242185059046,-4.59430295911,
    2.164772729572));
#7963 = CARTESIAN_POINT('',(2.013272907077,-3.587091214991,2.25568181774
    ));
#7964 = CARTESIAN_POINT('',(3.140003584649,-1.793566735266,
    2.346590909096));
#7965 = CARTESIAN_POINT('',(3.140006155535,-1.68864E-12,2.437500000034)
  );
#7966 = CARTESIAN_POINT('',(2.42553615496,2.641952301E-07,1.024994787639
    ));
#7967 = CARTESIAN_POINT('',(2.425540460309,1.385552233588,1.115900613118
    ));
#7968 = CARTESIAN_POINT('',(1.555232010754,2.770288510066,1.206756083033
    ));
#7969 = CARTESIAN_POINT('',(-0.187418283632,3.550917963804,
    1.298004115044));
#7970 = CARTESIAN_POINT('',(-2.315338722334,3.105585587628,
    1.387933193604));
#7971 = CARTESIAN_POINT('',(-3.904277337883,1.288336693789,
    1.480596234416));
#7972 = CARTESIAN_POINT('',(-3.901656766532,-1.288369086477,
    1.569390735309));
#7973 = CARTESIAN_POINT('',(-2.317099901809,-3.105531549567,
    1.662053774289));
#7974 = CARTESIAN_POINT('',(-0.186676429475,-3.550946808118,
    1.751982854917));
#7975 = CARTESIAN_POINT('',(1.555082335964,-2.77028248785,1.843230885848
    ));
#7976 = CARTESIAN_POINT('',(2.425535481591,-1.3855515731,1.934086355984)
  );
#7977 = CARTESIAN_POINT('',(2.425539711515,3.962918402E-07,
    2.024992181479));
#7978 = DEFINITIONAL_REPRESENTATION('',(#7979),#7983);
#7979 = LINE('',#7980,#7981);
#7980 = CARTESIAN_POINT('',(0.,6.362265131567));
#7981 = VECTOR('',#7982,1.);
#7982 = DIRECTION('',(1.,0.));
#7983 = ( GEOMETRIC_REPRESENTATION_CONTEXT(2) 
PARAMETRIC_REPRESENTATION_CONTEXT() REPRESENTATION_CONTEXT('2D SPACE',''
  ) );
#7984 = ORIENTED_EDGE('',*,*,#7596,.T.);
#7985 = ORIENTED_EDGE('',*,*,#6742,.F.);
#7986 = ADVANCED_FACE('',(#7987),#6811,.F.);
#7987 = FACE_BOUND('',#7988,.F.);
#7988 = EDGE_LOOP('',(#7989,#7990,#8100,#8101));
#7989 = ORIENTED_EDGE('',*,*,#7874,.F.);
#7990 = ORIENTED_EDGE('',*,*,#7991,.T.);
#7991 = EDGE_CURVE('',#7853,#7909,#7992,.T.);
#7992 = SURFACE_CURVE('',#7993,(#8001,#8008),.PCURVE_S1.);
#7993 = ( BOUNDED_CURVE() B_SPLINE_CURVE(6,(#7994,#7995,#7996,#7997,
#7998,#7999,#8000),.UNSPECIFIED.,.F.,.F.) B_SPLINE_CURVE_WITH_KNOTS((7,7
),(0.,2.094395102393),.PIECEWISE_BEZIER_KNOTS.) CURVE() 
GEOMETRIC_REPRESENTATION_ITEM() RATIONAL_B_SPLINE_CURVE((1.056590953773,
    1.017435169568,0.996326512422,0.989390034249,0.996326512422,
1.017435169568,1.056590953773)) REPRESENTATION_ITEM('') );
#7994 = CARTESIAN_POINT('',(3.140004787638,-1.30828E-12,2.562500000026)
  );
#7995 = CARTESIAN_POINT('',(3.162660579389,-1.256773752E-08,
    2.549420003127));
#7996 = CARTESIAN_POINT('',(3.178626321966,-2.142337233E-08,
    2.527281439709));
#7997 = CARTESIAN_POINT('',(3.184397216182,-2.462421609E-08,
    2.500000485816));
#7998 = CARTESIAN_POINT('',(3.178626919047,-2.142353416E-08,
    2.472719405627));
#7999 = CARTESIAN_POINT('',(3.162661661007,-1.256803577E-08,
    2.450580492783));
#8000 = CARTESIAN_POINT('',(3.140006155535,-1.69418E-12,2.437500000034)
  );
#8001 = PCURVE('',#6811,#8002);
#8002 = DEFINITIONAL_REPRESENTATION('',(#8003),#8007);
#8003 = LINE('',#8004,#8005);
#8004 = CARTESIAN_POINT('',(0.,0.));
#8005 = VECTOR('',#8006,1.);
#8006 = DIRECTION('',(1.,0.));
#8007 = ( GEOMETRIC_REPRESENTATION_CONTEXT(2) 
PARAMETRIC_REPRESENTATION_CONTEXT() REPRESENTATION_CONTEXT('2D SPACE',''
  ) );
#8008 = PCURVE('',#8009,#8094);
#8009 = ( BOUNDED_SURFACE() B_SPLINE_SURFACE(6,11,(
    (#8010,#8011,#8012,#8013,#8014,#8015,#8016,#8017,#8018,#8019,#8020
      ,#8021)
    ,(#8022,#8023,#8024,#8025,#8026,#8027,#8028,#8029,#8030,#8031,#8032
      ,#8033)
    ,(#8034,#8035,#8036,#8037,#8038,#8039,#8040,#8041,#8042,#8043,#8044
      ,#8045)
    ,(#8046,#8047,#8048,#8049,#8050,#8051,#8052,#8053,#8054,#8055,#8056
      ,#8057)
    ,(#8058,#8059,#8060,#8061,#8062,#8063,#8064,#8065,#8066,#8067,#8068
      ,#8069)
    ,(#8070,#8071,#8072,#8073,#8074,#8075,#8076,#8077,#8078,#8079,#8080
      ,#8081)
    ,(#8082,#8083,#8084,#8085,#8086,#8087,#8088,#8089,#8090,#8091,#8092
,#8093
    )),.UNSPECIFIED.,.F.,.F.,.F.) B_SPLINE_SURFACE_WITH_KNOTS((7,7),(12,
    12),(0.,2.094395102393),(0.,6.362265131567),
.PIECEWISE_BEZIER_KNOTS.) GEOMETRIC_REPRESENTATION_ITEM() 
RATIONAL_B_SPLINE_SURFACE((
    (1.056590953773,1.056590953773,1.056590953773,1.056590953773
      ,1.056590953773,1.056590953774,1.056590953773,1.056590953773
      ,1.056590953773,1.056590953773,1.056590953773,1.056590953773)
    ,(1.017435169568,1.017435169568,1.017435169568,1.017435169568
      ,1.017435169568,1.017435169568,1.017435169568,1.017435169568
      ,1.017435169568,1.017435169568,1.017435169568,1.017435169568)
    ,(0.996326512422,0.996326512422,0.996326512422,0.996326512422
      ,0.996326512422,0.996326512423,0.996326512421,0.996326512423
      ,0.996326512422,0.996326512422,0.996326512422,0.996326512422)
    ,(0.989390034249,0.989390034249,0.989390034249,0.989390034249
      ,0.989390034248,0.989390034249,0.989390034248,0.989390034249
      ,0.989390034248,0.989390034249,0.989390034249,0.989390034249)
    ,(0.996326512422,0.996326512422,0.996326512422,0.996326512423
      ,0.996326512421,0.996326512423,0.996326512421,0.996326512423
      ,0.996326512422,0.996326512422,0.996326512422,0.996326512422)
    ,(1.017435169568,1.017435169568,1.017435169568,1.017435169568
      ,1.017435169568,1.017435169568,1.017435169568,1.017435169568
      ,1.017435169568,1.017435169568,1.017435169568,1.017435169568)
    ,(1.056590953773,1.056590953773,1.056590953773,1.056590953773
      ,1.056590953773,1.056590953774,1.056590953773,1.056590953773
      ,1.056590953773,1.056590953773,1.056590953773,1.056590953773
))) REPRESENTATION_ITEM('') SURFACE() );
#8010 = CARTESIAN_POINT('',(3.140003191759,-5.9376E-13,1.562500000012));
#8011 = CARTESIAN_POINT('',(3.140005191337,1.793566084287,1.653409090935
    ));
#8012 = CARTESIAN_POINT('',(2.013349319116,3.58709278289,1.744318182094)
  );
#8013 = CARTESIAN_POINT('',(-0.242564911594,4.594286528834,
    1.835227271354));
#8014 = CARTESIAN_POINT('',(-2.99770316035,4.025727215724,1.926136367268
    ));
#8015 = CARTESIAN_POINT('',(-5.053411990218,1.660201172617,2.0170454488)
  );
#8016 = CARTESIAN_POINT('',(-5.052236254917,-1.660215230722,
    2.107954551511));
#8017 = CARTESIAN_POINT('',(-2.998493809615,-4.02570268518,2.19886363222
    ));
#8018 = CARTESIAN_POINT('',(-0.242232463341,-4.594299448751,
    2.289772729062));
#8019 = CARTESIAN_POINT('',(2.013281818973,-3.587090270682,
    2.380681817838));
#8020 = CARTESIAN_POINT('',(3.14000278806,-1.793566084288,2.471590909095
    ));
#8021 = CARTESIAN_POINT('',(3.140004787638,-1.30828E-12,2.562500000026)
  );
#8022 = CARTESIAN_POINT('',(3.162658935797,-8.37819441E-09,1.54941992047
    ));
#8023 = CARTESIAN_POINT('',(3.162660999941,1.806504231614,1.640329114941
    ));
#8024 = CARTESIAN_POINT('',(2.027878574427,3.612993789169,1.73123990643)
  );
#8025 = CARTESIAN_POINT('',(-0.244325060461,4.627371373139,
    1.822138247809));
#8026 = CARTESIAN_POINT('',(-3.019313763323,4.054905814705,
    1.913078420108));
#8027 = CARTESIAN_POINT('',(-5.089891607337,1.67199253688,2.003931883499
    ));
#8028 = CARTESIAN_POINT('',(-5.088680731706,-1.672006981575,
    2.094908040379));
#8029 = CARTESIAN_POINT('',(-3.020128077785,-4.054880530779,
    2.185761502922));
#8030 = CARTESIAN_POINT('',(-0.243982703511,-4.627384677702,
    2.276701676178));
#8031 = CARTESIAN_POINT('',(2.027809032273,-3.612991215284,
    2.367600017058));
#8032 = CARTESIAN_POINT('',(3.162658512853,-1.80650425256,2.458510808648
    ));
#8033 = CARTESIAN_POINT('',(3.162660579389,-1.256773752E-08,
    2.549420003127));
#8034 = CARTESIAN_POINT('',(3.178624597619,-1.428193392E-08,
    1.527281298814));
#8035 = CARTESIAN_POINT('',(3.178626766317,1.815621848294,1.618190566256
    ));
#8036 = CARTESIAN_POINT('',(2.038118454488,3.631246474106,1.709102555979
    ));
#8037 = CARTESIAN_POINT('',(-0.245570360761,4.650686338737,
    1.799993323247));
#8038 = CARTESIAN_POINT('',(-3.03453125399,4.075468570773,1.890955395312
    ));
#8039 = CARTESIAN_POINT('',(-5.115616449371,1.680301798699,
    1.981769664162));
#8040 = CARTESIAN_POINT('',(-5.114346086285,-1.680316931018,
    2.072793074656));
#8041 = CARTESIAN_POINT('',(-3.035385596286,-4.07544203145,
    2.163607342617));
#8042 = CARTESIAN_POINT('',(-0.245211202652,-4.650700295939,
    2.254569415686));
#8043 = CARTESIAN_POINT('',(2.038045479784,-3.631243782561,2.34546018243
    ));
#8044 = CARTESIAN_POINT('',(3.178624149189,-1.815621883999,2.43637217226
    ));
#8045 = CARTESIAN_POINT('',(3.178626321966,-2.142337233E-08,
    2.527281439709));
#8046 = CARTESIAN_POINT('',(3.184395392322,-1.641582437E-08,
    1.500000323871));
#8047 = CARTESIAN_POINT('',(3.184397686926,1.818917434485,1.590909617688
    ));
#8048 = CARTESIAN_POINT('',(2.041821172922,3.637844009758,1.681822040514
    ));
#8049 = CARTESIAN_POINT('',(-0.24602780263,4.659113308844,1.77271007011)
  );
#8050 = CARTESIAN_POINT('',(-3.040014235041,4.082901572756,
    1.863680057882));
#8051 = CARTESIAN_POINT('',(-5.124940665258,1.683304893186,
    1.954480159782));
#8052 = CARTESIAN_POINT('',(-5.123596990219,-1.683320893534,
    2.045520650217));
#8053 = CARTESIAN_POINT('',(-3.040917886322,-4.082873498704,
    2.136320751177));
#8054 = CARTESIAN_POINT('',(-0.245647922005,-4.659128071273,
    2.22729074001));
#8055 = CARTESIAN_POINT('',(2.041743983047,-3.637841164981,
    2.318178769053));
#8056 = CARTESIAN_POINT('',(3.184394916891,-1.818917475525,
    2.409091191991));
#8057 = CARTESIAN_POINT('',(3.184397216182,-2.462421609E-08,
    2.500000485816));
#8058 = CARTESIAN_POINT('',(3.178624995673,-1.42820066E-08,1.47271926473
    ));
#8059 = CARTESIAN_POINT('',(3.178627413746,1.815622132443,1.563628532173
    ));
#8060 = CARTESIAN_POINT('',(2.038122982638,3.631247199599,1.654540521927
    ));
#8061 = CARTESIAN_POINT('',(-0.245591129654,4.650686259711,
    1.745431288989));
#8062 = CARTESIAN_POINT('',(-3.034482426657,4.075470741232,
    1.836393361679));
#8063 = CARTESIAN_POINT('',(-5.115690565019,1.680301181048,1.92720762936
    ));
#8064 = CARTESIAN_POINT('',(-5.114273572202,-1.6803180666,2.018231041325
    ));
#8065 = CARTESIAN_POINT('',(-3.035435373366,-4.075441142624,
    2.109045308014));
#8066 = CARTESIAN_POINT('',(-0.245190510854,-4.650701828198,
    2.200007381823));
#8067 = CARTESIAN_POINT('',(2.038041589774,-3.631244194748,
    2.290898148301));
#8068 = CARTESIAN_POINT('',(3.178624496897,-1.815622168148,
    2.381810138174));
#8069 = CARTESIAN_POINT('',(3.178626919047,-2.142353416E-08,
    2.472719405627));
#8070 = CARTESIAN_POINT('',(3.162659656876,-8.3783268E-09,1.450580410123
    ));
#8071 = CARTESIAN_POINT('',(3.162662172762,1.806504746352,1.541489604597
    ));
#8072 = CARTESIAN_POINT('',(2.027886777204,3.612995103403,1.632400396142
    ));
#8073 = CARTESIAN_POINT('',(-0.244362683458,4.627371229985,
    1.723298737148));
#8074 = CARTESIAN_POINT('',(-3.019225312262,4.054909746502,1.81423891058
    ));
#8075 = CARTESIAN_POINT('',(-5.090025868362,1.671991418006,1.90509237185
    ));
#8076 = CARTESIAN_POINT('',(-5.088549371929,-1.672009038693,
    1.996068531398));
#8077 = CARTESIAN_POINT('',(-3.020218249321,-4.054878920663,
    2.086921991635));
#8078 = CARTESIAN_POINT('',(-0.243945220172,-4.6273874534,2.177862166232
    ));
#8079 = CARTESIAN_POINT('',(2.027801985493,-3.612991961964,2.26876050663
    ));
#8080 = CARTESIAN_POINT('',(3.162659142728,-1.806504767298,
    2.359671298299));
#8081 = CARTESIAN_POINT('',(3.162661661007,-1.256803577E-08,
    2.450580492783));
#8082 = CARTESIAN_POINT('',(3.14000410369,-7.527E-13,1.437500000015));
#8083 = CARTESIAN_POINT('',(3.140006674576,1.793566735263,1.528409090943
    ));
#8084 = CARTESIAN_POINT('',(2.013359692974,3.587094444972,1.619318182173
    ));
#8085 = CARTESIAN_POINT('',(-0.242612492513,4.594286347789,
    1.710227270961));
#8086 = CARTESIAN_POINT('',(-2.997591298379,4.025732188175,
    1.801136368307));
#8087 = CARTESIAN_POINT('',(-5.053581786972,1.660199757603,
    1.892045447157));
#8088 = CARTESIAN_POINT('',(-5.052070127303,-1.660217832309,
    1.982954553242));
#8089 = CARTESIAN_POINT('',(-2.998607847432,-4.025700648905,
    2.073863631035));
#8090 = CARTESIAN_POINT('',(-0.242185059046,-4.594302959111,
    2.164772729574));
#8091 = CARTESIAN_POINT('',(2.013272907077,-3.587091214991,
    2.255681817739));
#8092 = CARTESIAN_POINT('',(3.140003584649,-1.793566735266,
    2.346590909096));
#8093 = CARTESIAN_POINT('',(3.140006155535,-1.69418E-12,2.437500000034)
  );
#8094 = DEFINITIONAL_REPRESENTATION('',(#8095),#8099);
#8095 = LINE('',#8096,#8097);
#8096 = CARTESIAN_POINT('',(0.,6.362265131567));
#8097 = VECTOR('',#8098,1.);
#8098 = DIRECTION('',(1.,0.));
#8099 = ( GEOMETRIC_REPRESENTATION_CONTEXT(2) 
PARAMETRIC_REPRESENTATION_CONTEXT() REPRESENTATION_CONTEXT('2D SPACE',''
  ) );
#8100 = ORIENTED_EDGE('',*,*,#7908,.T.);
#8101 = ORIENTED_EDGE('',*,*,#6793,.F.);
#8102 = ADVANCED_FACE('',(#8103),#6951,.F.);
#8103 = FACE_BOUND('',#8104,.F.);
#8104 = EDGE_LOOP('',(#8105,#8140,#8161,#8162,#8163,#8186));
#8105 = ORIENTED_EDGE('',*,*,#8106,.F.);
#8106 = EDGE_CURVE('',#8107,#8109,#8111,.T.);
#8107 = VERTEX_POINT('',#8108);
#8108 = CARTESIAN_POINT('',(5.773502691896,0.,0.320395305516));
#8109 = VERTEX_POINT('',#8110);
#8110 = CARTESIAN_POINT('',(4.330127037604,2.499999967642,0.));
#8111 = SURFACE_CURVE('',#8112,(#8117,#8124),.PCURVE_S1.);
#8112 = HYPERBOLA('',#8113,2.071067811865,5.);
#8113 = AXIS2_PLACEMENT_3D('',#8114,#8115,#8116);
#8114 = CARTESIAN_POINT('',(4.330127018922,2.5,-2.071067811865));
#8115 = DIRECTION('',(-0.866025403784,-0.5,0.));
#8116 = DIRECTION('',(0.,0.,1.));
#8117 = PCURVE('',#6951,#8118);
#8118 = DEFINITIONAL_REPRESENTATION('',(#8119),#8123);
#8119 = HYPERBOLA('',#8120,2.071067811865,5.);
#8120 = AXIS2_PLACEMENT_2D('',#8121,#8122);
#8121 = CARTESIAN_POINT('',(2.886751345948,2.071067811865));
#8122 = DIRECTION('',(0.,-1.));
#8123 = ( GEOMETRIC_REPRESENTATION_CONTEXT(2) 
PARAMETRIC_REPRESENTATION_CONTEXT() REPRESENTATION_CONTEXT('2D SPACE',''
  ) );
#8124 = PCURVE('',#8125,#8130);
#8125 = CONICAL_SURFACE('',#8126,5.773502691896,1.178097245096);
#8126 = AXIS2_PLACEMENT_3D('',#8127,#8128,#8129);
#8127 = CARTESIAN_POINT('',(0.,0.,0.320395305516));
#8128 = DIRECTION('',(0.,0.,1.));
#8129 = DIRECTION('',(1.,0.,0.));
#8130 = DEFINITIONAL_REPRESENTATION('',(#8131),#8139);
#8131 = B_SPLINE_CURVE_WITH_KNOTS('',6,(#8132,#8133,#8134,#8135,#8136,
    #8137,#8138),.UNSPECIFIED.,.F.,.F.,(7,7),(-0.549306144334,-5.4E-16),
  .PIECEWISE_BEZIER_KNOTS.);
#8132 = CARTESIAN_POINT('',(0.,2.831857399502E-16));
#8133 = CARTESIAN_POINT('',(7.92855125747E-02,-0.109470448694));
#8134 = CARTESIAN_POINT('',(0.162925989184,-0.194887792316));
#8135 = CARTESIAN_POINT('',(0.2503248097,-0.257903513437));
#8136 = CARTESIAN_POINT('',(0.340497154616,-0.299564686892));
#8137 = CARTESIAN_POINT('',(0.432047751543,-0.320395305516));
#8138 = CARTESIAN_POINT('',(0.523598775598,-0.320395305516));
#8139 = ( GEOMETRIC_REPRESENTATION_CONTEXT(2) 
PARAMETRIC_REPRESENTATION_CONTEXT() REPRESENTATION_CONTEXT('2D SPACE',''
  ) );
#8140 = ORIENTED_EDGE('',*,*,#8141,.F.);
#8141 = EDGE_CURVE('',#6909,#8107,#8142,.T.);
#8142 = SURFACE_CURVE('',#8143,(#8147,#8154),.PCURVE_S1.);
#8143 = LINE('',#8144,#8145);
#8144 = CARTESIAN_POINT('',(5.773502691896,0.,4.879604694484));
#8145 = VECTOR('',#8146,1.);
#8146 = DIRECTION('',(0.,0.,-1.));
#8147 = PCURVE('',#6951,#8148);
#8148 = DEFINITIONAL_REPRESENTATION('',(#8149),#8153);
#8149 = LINE('',#8150,#8151);
#8150 = CARTESIAN_POINT('',(0.,-4.879604694484));
#8151 = VECTOR('',#8152,1.);
#8152 = DIRECTION('',(0.,1.));
#8153 = ( GEOMETRIC_REPRESENTATION_CONTEXT(2) 
PARAMETRIC_REPRESENTATION_CONTEXT() REPRESENTATION_CONTEXT('2D SPACE',''
  ) );
#8154 = PCURVE('',#7240,#8155);
#8155 = DEFINITIONAL_REPRESENTATION('',(#8156),#8160);
#8156 = LINE('',#8157,#8158);
#8157 = CARTESIAN_POINT('',(5.773502691896,-4.879604694484));
#8158 = VECTOR('',#8159,1.);
#8159 = DIRECTION('',(0.,1.));
#8160 = ( GEOMETRIC_REPRESENTATION_CONTEXT(2) 
PARAMETRIC_REPRESENTATION_CONTEXT() REPRESENTATION_CONTEXT('2D SPACE',''
  ) );
#8161 = ORIENTED_EDGE('',*,*,#6932,.F.);
#8162 = ORIENTED_EDGE('',*,*,#6966,.F.);
#8163 = ORIENTED_EDGE('',*,*,#8164,.F.);
#8164 = EDGE_CURVE('',#8165,#6967,#8167,.T.);
#8165 = VERTEX_POINT('',#8166);
#8166 = CARTESIAN_POINT('',(2.886751345948,5.,0.320395305516));
#8167 = SURFACE_CURVE('',#8168,(#8172,#8179),.PCURVE_S1.);
#8168 = LINE('',#8169,#8170);
#8169 = CARTESIAN_POINT('',(2.886751345948,5.,0.));
#8170 = VECTOR('',#8171,1.);
#8171 = DIRECTION('',(0.,0.,1.));
#8172 = PCURVE('',#6951,#8173);
#8173 = DEFINITIONAL_REPRESENTATION('',(#8174),#8178);
#8174 = LINE('',#8175,#8176);
#8175 = CARTESIAN_POINT('',(5.773502691896,0.));
#8176 = VECTOR('',#8177,1.);
#8177 = DIRECTION('',(0.,-1.));
#8178 = ( GEOMETRIC_REPRESENTATION_CONTEXT(2) 
PARAMETRIC_REPRESENTATION_CONTEXT() REPRESENTATION_CONTEXT('2D SPACE',''
  ) );
#8179 = PCURVE('',#7014,#8180);
#8180 = DEFINITIONAL_REPRESENTATION('',(#8181),#8185);
#8181 = LINE('',#8182,#8183);
#8182 = CARTESIAN_POINT('',(0.,0.));
#8183 = VECTOR('',#8184,1.);
#8184 = DIRECTION('',(0.,-1.));
#8185 = ( GEOMETRIC_REPRESENTATION_CONTEXT(2) 
PARAMETRIC_REPRESENTATION_CONTEXT() REPRESENTATION_CONTEXT('2D SPACE',''
  ) );
#8186 = ORIENTED_EDGE('',*,*,#8187,.F.);
#8187 = EDGE_CURVE('',#8109,#8165,#8188,.T.);
#8188 = SURFACE_CURVE('',#8189,(#8194,#8201),.PCURVE_S1.);
#8189 = HYPERBOLA('',#8190,2.071067811865,5.);
#8190 = AXIS2_PLACEMENT_3D('',#8191,#8192,#8193);
#8191 = CARTESIAN_POINT('',(4.330127018922,2.5,-2.071067811865));
#8192 = DIRECTION('',(-0.866025403784,-0.5,0.));
#8193 = DIRECTION('',(0.,0.,1.));
#8194 = PCURVE('',#6951,#8195);
#8195 = DEFINITIONAL_REPRESENTATION('',(#8196),#8200);
#8196 = HYPERBOLA('',#8197,2.071067811865,5.);
#8197 = AXIS2_PLACEMENT_2D('',#8198,#8199);
#8198 = CARTESIAN_POINT('',(2.886751345948,2.071067811865));
#8199 = DIRECTION('',(0.,-1.));
#8200 = ( GEOMETRIC_REPRESENTATION_CONTEXT(2) 
PARAMETRIC_REPRESENTATION_CONTEXT() REPRESENTATION_CONTEXT('2D SPACE',''
  ) );
#8201 = PCURVE('',#8202,#8207);
#8202 = CONICAL_SURFACE('',#8203,5.773502691896,1.178097245096);
#8203 = AXIS2_PLACEMENT_3D('',#8204,#8205,#8206);
#8204 = CARTESIAN_POINT('',(0.,0.,0.320395305516));
#8205 = DIRECTION('',(0.,0.,1.));
#8206 = DIRECTION('',(1.,0.,0.));
#8207 = DEFINITIONAL_REPRESENTATION('',(#8208),#8216);
#8208 = B_SPLINE_CURVE_WITH_KNOTS('',6,(#8209,#8210,#8211,#8212,#8213,
    #8214,#8215),.UNSPECIFIED.,.F.,.F.,(7,7),(-5.4E-16,0.549306144334),
  .PIECEWISE_BEZIER_KNOTS.);
#8209 = CARTESIAN_POINT('',(0.523598775598,-0.320395305516));
#8210 = CARTESIAN_POINT('',(0.615149799654,-0.320395305516));
#8211 = CARTESIAN_POINT('',(0.706700396581,-0.299564686892));
#8212 = CARTESIAN_POINT('',(0.796872741496,-0.257903513437));
#8213 = CARTESIAN_POINT('',(0.884271562013,-0.194887792316));
#8214 = CARTESIAN_POINT('',(0.967912038622,-0.109470448694));
#8215 = CARTESIAN_POINT('',(1.047197551197,-3.061467458921E-17));
#8216 = ( GEOMETRIC_REPRESENTATION_CONTEXT(2) 
PARAMETRIC_REPRESENTATION_CONTEXT() REPRESENTATION_CONTEXT('2D SPACE',''
  ) );
#8217 = ADVANCED_FACE('',(#8218),#7014,.F.);
#8218 = FACE_BOUND('',#8219,.F.);
#8219 = EDGE_LOOP('',(#8220,#8248,#8249,#8250,#8251,#8274));
#8220 = ORIENTED_EDGE('',*,*,#8221,.F.);
#8221 = EDGE_CURVE('',#8165,#8222,#8224,.T.);
#8222 = VERTEX_POINT('',#8223);
#8223 = CARTESIAN_POINT('',(3.7053139E-08,5.,0.));
#8224 = SURFACE_CURVE('',#8225,(#8230,#8237),.PCURVE_S1.);
#8225 = HYPERBOLA('',#8226,2.071067811865,5.);
#8226 = AXIS2_PLACEMENT_3D('',#8227,#8228,#8229);
#8227 = CARTESIAN_POINT('',(7.7E-16,5.,-2.071067811865));
#8228 = DIRECTION('',(-1.5E-16,-1.,0.));
#8229 = DIRECTION('',(0.,0.,1.));
#8230 = PCURVE('',#7014,#8231);
#8231 = DEFINITIONAL_REPRESENTATION('',(#8232),#8236);
#8232 = HYPERBOLA('',#8233,2.071067811865,5.);
#8233 = AXIS2_PLACEMENT_2D('',#8234,#8235);
#8234 = CARTESIAN_POINT('',(2.886751345948,2.071067811865));
#8235 = DIRECTION('',(0.,-1.));
#8236 = ( GEOMETRIC_REPRESENTATION_CONTEXT(2) 
PARAMETRIC_REPRESENTATION_CONTEXT() REPRESENTATION_CONTEXT('2D SPACE',''
  ) );
#8237 = PCURVE('',#8202,#8238);
#8238 = DEFINITIONAL_REPRESENTATION('',(#8239),#8247);
#8239 = B_SPLINE_CURVE_WITH_KNOTS('',6,(#8240,#8241,#8242,#8243,#8244,
    #8245,#8246),.UNSPECIFIED.,.F.,.F.,(7,7),(-0.549306144334,9.E-17),
  .PIECEWISE_BEZIER_KNOTS.);
#8240 = CARTESIAN_POINT('',(1.047197551197,2.831857399502E-16));
#8241 = CARTESIAN_POINT('',(1.126483063771,-0.109470448694));
#8242 = CARTESIAN_POINT('',(1.21012354038,-0.194887792316));
#8243 = CARTESIAN_POINT('',(1.297522360897,-0.257903513437));
#8244 = CARTESIAN_POINT('',(1.387694705812,-0.299564686892));
#8245 = CARTESIAN_POINT('',(1.479245302739,-0.320395305516));
#8246 = CARTESIAN_POINT('',(1.570796326795,-0.320395305516));
#8247 = ( GEOMETRIC_REPRESENTATION_CONTEXT(2) 
PARAMETRIC_REPRESENTATION_CONTEXT() REPRESENTATION_CONTEXT('2D SPACE',''
  ) );
#8248 = ORIENTED_EDGE('',*,*,#8164,.T.);
#8249 = ORIENTED_EDGE('',*,*,#6995,.F.);
#8250 = ORIENTED_EDGE('',*,*,#7029,.F.);
#8251 = ORIENTED_EDGE('',*,*,#8252,.F.);
#8252 = EDGE_CURVE('',#8253,#7030,#8255,.T.);
#8253 = VERTEX_POINT('',#8254);
#8254 = CARTESIAN_POINT('',(-2.886751345948,5.,0.320395305516));
#8255 = SURFACE_CURVE('',#8256,(#8260,#8267),.PCURVE_S1.);
#8256 = LINE('',#8257,#8258);
#8257 = CARTESIAN_POINT('',(-2.886751345948,5.,0.));
#8258 = VECTOR('',#8259,1.);
#8259 = DIRECTION('',(0.,0.,1.));
#8260 = PCURVE('',#7014,#8261);
#8261 = DEFINITIONAL_REPRESENTATION('',(#8262),#8266);
#8262 = LINE('',#8263,#8264);
#8263 = CARTESIAN_POINT('',(5.773502691896,0.));
#8264 = VECTOR('',#8265,1.);
#8265 = DIRECTION('',(0.,-1.));
#8266 = ( GEOMETRIC_REPRESENTATION_CONTEXT(2) 
PARAMETRIC_REPRESENTATION_CONTEXT() REPRESENTATION_CONTEXT('2D SPACE',''
  ) );
#8267 = PCURVE('',#7077,#8268);
#8268 = DEFINITIONAL_REPRESENTATION('',(#8269),#8273);
#8269 = LINE('',#8270,#8271);
#8270 = CARTESIAN_POINT('',(0.,0.));
#8271 = VECTOR('',#8272,1.);
#8272 = DIRECTION('',(0.,-1.));
#8273 = ( GEOMETRIC_REPRESENTATION_CONTEXT(2) 
PARAMETRIC_REPRESENTATION_CONTEXT() REPRESENTATION_CONTEXT('2D SPACE',''
  ) );
#8274 = ORIENTED_EDGE('',*,*,#8275,.F.);
#8275 = EDGE_CURVE('',#8222,#8253,#8276,.T.);
#8276 = SURFACE_CURVE('',#8277,(#8282,#8289),.PCURVE_S1.);
#8277 = HYPERBOLA('',#8278,2.071067811865,5.);
#8278 = AXIS2_PLACEMENT_3D('',#8279,#8280,#8281);
#8279 = CARTESIAN_POINT('',(7.7E-16,5.,-2.071067811865));
#8280 = DIRECTION('',(-1.5E-16,-1.,0.));
#8281 = DIRECTION('',(0.,0.,1.));
#8282 = PCURVE('',#7014,#8283);
#8283 = DEFINITIONAL_REPRESENTATION('',(#8284),#8288);
#8284 = HYPERBOLA('',#8285,2.071067811865,5.);
#8285 = AXIS2_PLACEMENT_2D('',#8286,#8287);
#8286 = CARTESIAN_POINT('',(2.886751345948,2.071067811865));
#8287 = DIRECTION('',(0.,-1.));
#8288 = ( GEOMETRIC_REPRESENTATION_CONTEXT(2) 
PARAMETRIC_REPRESENTATION_CONTEXT() REPRESENTATION_CONTEXT('2D SPACE',''
  ) );
#8289 = PCURVE('',#8290,#8295);
#8290 = CONICAL_SURFACE('',#8291,5.773502691896,1.178097245096);
#8291 = AXIS2_PLACEMENT_3D('',#8292,#8293,#8294);
#8292 = CARTESIAN_POINT('',(0.,0.,0.320395305516));
#8293 = DIRECTION('',(0.,0.,1.));
#8294 = DIRECTION('',(1.,0.,0.));
#8295 = DEFINITIONAL_REPRESENTATION('',(#8296),#8304);
#8296 = B_SPLINE_CURVE_WITH_KNOTS('',6,(#8297,#8298,#8299,#8300,#8301,
    #8302,#8303),.UNSPECIFIED.,.F.,.F.,(7,7),(9.E-17,0.549306144334),
  .PIECEWISE_BEZIER_KNOTS.);
#8297 = CARTESIAN_POINT('',(1.570796326795,-0.320395305516));
#8298 = CARTESIAN_POINT('',(1.662347350851,-0.320395305516));
#8299 = CARTESIAN_POINT('',(1.753897947777,-0.299564686892));
#8300 = CARTESIAN_POINT('',(1.844070292693,-0.257903513437));
#8301 = CARTESIAN_POINT('',(1.93146911321,-0.194887792316));
#8302 = CARTESIAN_POINT('',(2.015109589819,-0.109470448694));
#8303 = CARTESIAN_POINT('',(2.094395102393,6.620423379916E-16));
#8304 = ( GEOMETRIC_REPRESENTATION_CONTEXT(2) 
PARAMETRIC_REPRESENTATION_CONTEXT() REPRESENTATION_CONTEXT('2D SPACE',''
  ) );
#8305 = ADVANCED_FACE('',(#8306),#7077,.F.);
#8306 = FACE_BOUND('',#8307,.F.);
#8307 = EDGE_LOOP('',(#8308,#8336,#8337,#8338,#8339,#8362));
#8308 = ORIENTED_EDGE('',*,*,#8309,.F.);
#8309 = EDGE_CURVE('',#8253,#8310,#8312,.T.);
#8310 = VERTEX_POINT('',#8311);
#8311 = CARTESIAN_POINT('',(-4.33012700645,2.500000021602,0.));
#8312 = SURFACE_CURVE('',#8313,(#8318,#8325),.PCURVE_S1.);
#8313 = HYPERBOLA('',#8314,2.071067811865,5.);
#8314 = AXIS2_PLACEMENT_3D('',#8315,#8316,#8317);
#8315 = CARTESIAN_POINT('',(-4.330127018922,2.5,-2.071067811865));
#8316 = DIRECTION('',(0.866025403784,-0.5,0.));
#8317 = DIRECTION('',(0.,0.,1.));
#8318 = PCURVE('',#7077,#8319);
#8319 = DEFINITIONAL_REPRESENTATION('',(#8320),#8324);
#8320 = HYPERBOLA('',#8321,2.071067811865,5.);
#8321 = AXIS2_PLACEMENT_2D('',#8322,#8323);
#8322 = CARTESIAN_POINT('',(2.886751345948,2.071067811865));
#8323 = DIRECTION('',(0.,-1.));
#8324 = ( GEOMETRIC_REPRESENTATION_CONTEXT(2) 
PARAMETRIC_REPRESENTATION_CONTEXT() REPRESENTATION_CONTEXT('2D SPACE',''
  ) );
#8325 = PCURVE('',#8290,#8326);
#8326 = DEFINITIONAL_REPRESENTATION('',(#8327),#8335);
#8327 = B_SPLINE_CURVE_WITH_KNOTS('',6,(#8328,#8329,#8330,#8331,#8332,
    #8333,#8334),.UNSPECIFIED.,.F.,.F.,(7,7),(-0.549306144334,8.E-17),
  .PIECEWISE_BEZIER_KNOTS.);
#8328 = CARTESIAN_POINT('',(2.094395102393,-3.482419234522E-16));
#8329 = CARTESIAN_POINT('',(2.173680614968,-0.109470448694));
#8330 = CARTESIAN_POINT('',(2.257321091577,-0.194887792316));
#8331 = CARTESIAN_POINT('',(2.344719912093,-0.257903513437));
#8332 = CARTESIAN_POINT('',(2.434892257009,-0.299564686892));
#8333 = CARTESIAN_POINT('',(2.526442853936,-0.320395305516));
#8334 = CARTESIAN_POINT('',(2.617993877991,-0.320395305516));
#8335 = ( GEOMETRIC_REPRESENTATION_CONTEXT(2) 
PARAMETRIC_REPRESENTATION_CONTEXT() REPRESENTATION_CONTEXT('2D SPACE',''
  ) );
#8336 = ORIENTED_EDGE('',*,*,#8252,.T.);
#8337 = ORIENTED_EDGE('',*,*,#7058,.F.);
#8338 = ORIENTED_EDGE('',*,*,#7092,.F.);
#8339 = ORIENTED_EDGE('',*,*,#8340,.F.);
#8340 = EDGE_CURVE('',#8341,#7093,#8343,.T.);
#8341 = VERTEX_POINT('',#8342);
#8342 = CARTESIAN_POINT('',(-5.773502691896,-7.8E-14,0.320395305516));
#8343 = SURFACE_CURVE('',#8344,(#8348,#8355),.PCURVE_S1.);
#8344 = LINE('',#8345,#8346);
#8345 = CARTESIAN_POINT('',(-5.773502691896,1.95E-15,0.));
#8346 = VECTOR('',#8347,1.);
#8347 = DIRECTION('',(0.,0.,1.));
#8348 = PCURVE('',#7077,#8349);
#8349 = DEFINITIONAL_REPRESENTATION('',(#8350),#8354);
#8350 = LINE('',#8351,#8352);
#8351 = CARTESIAN_POINT('',(5.773502691896,0.));
#8352 = VECTOR('',#8353,1.);
#8353 = DIRECTION('',(0.,-1.));
#8354 = ( GEOMETRIC_REPRESENTATION_CONTEXT(2) 
PARAMETRIC_REPRESENTATION_CONTEXT() REPRESENTATION_CONTEXT('2D SPACE',''
  ) );
#8355 = PCURVE('',#7140,#8356);
#8356 = DEFINITIONAL_REPRESENTATION('',(#8357),#8361);
#8357 = LINE('',#8358,#8359);
#8358 = CARTESIAN_POINT('',(0.,0.));
#8359 = VECTOR('',#8360,1.);
#8360 = DIRECTION('',(0.,-1.));
#8361 = ( GEOMETRIC_REPRESENTATION_CONTEXT(2) 
PARAMETRIC_REPRESENTATION_CONTEXT() REPRESENTATION_CONTEXT('2D SPACE',''
  ) );
#8362 = ORIENTED_EDGE('',*,*,#8363,.F.);
#8363 = EDGE_CURVE('',#8310,#8341,#8364,.T.);
#8364 = SURFACE_CURVE('',#8365,(#8370,#8377),.PCURVE_S1.);
#8365 = HYPERBOLA('',#8366,2.071067811865,5.);
#8366 = AXIS2_PLACEMENT_3D('',#8367,#8368,#8369);
#8367 = CARTESIAN_POINT('',(-4.330127018922,2.5,-2.071067811865));
#8368 = DIRECTION('',(0.866025403784,-0.5,0.));
#8369 = DIRECTION('',(0.,0.,1.));
#8370 = PCURVE('',#7077,#8371);
#8371 = DEFINITIONAL_REPRESENTATION('',(#8372),#8376);
#8372 = HYPERBOLA('',#8373,2.071067811865,5.);
#8373 = AXIS2_PLACEMENT_2D('',#8374,#8375);
#8374 = CARTESIAN_POINT('',(2.886751345948,2.071067811865));
#8375 = DIRECTION('',(0.,-1.));
#8376 = ( GEOMETRIC_REPRESENTATION_CONTEXT(2) 
PARAMETRIC_REPRESENTATION_CONTEXT() REPRESENTATION_CONTEXT('2D SPACE',''
  ) );
#8377 = PCURVE('',#8378,#8383);
#8378 = CONICAL_SURFACE('',#8379,5.773502691896,1.178097245096);
#8379 = AXIS2_PLACEMENT_3D('',#8380,#8381,#8382);
#8380 = CARTESIAN_POINT('',(0.,0.,0.320395305516));
#8381 = DIRECTION('',(0.,0.,1.));
#8382 = DIRECTION('',(1.,0.,0.));
#8383 = DEFINITIONAL_REPRESENTATION('',(#8384),#8392);
#8384 = B_SPLINE_CURVE_WITH_KNOTS('',6,(#8385,#8386,#8387,#8388,#8389,
    #8390,#8391),.UNSPECIFIED.,.F.,.F.,(7,7),(8.E-17,0.549306144334),
  .PIECEWISE_BEZIER_KNOTS.);
#8385 = CARTESIAN_POINT('',(2.617993877991,-0.320395305516));
#8386 = CARTESIAN_POINT('',(2.709544902047,-0.320395305516));
#8387 = CARTESIAN_POINT('',(2.801095498974,-0.299564686892));
#8388 = CARTESIAN_POINT('',(2.891267843889,-0.257903513437));
#8389 = CARTESIAN_POINT('',(2.978666664406,-0.194887792316));
#8390 = CARTESIAN_POINT('',(3.062307141015,-0.109470448694));
#8391 = CARTESIAN_POINT('',(3.14159265359,-3.061467458921E-17));
#8392 = ( GEOMETRIC_REPRESENTATION_CONTEXT(2) 
PARAMETRIC_REPRESENTATION_CONTEXT() REPRESENTATION_CONTEXT('2D SPACE',''
  ) );
#8393 = ADVANCED_FACE('',(#8394),#7140,.F.);
#8394 = FACE_BOUND('',#8395,.F.);
#8395 = EDGE_LOOP('',(#8396,#8424,#8425,#8426,#8427,#8450));
#8396 = ORIENTED_EDGE('',*,*,#8397,.F.);
#8397 = EDGE_CURVE('',#8341,#8398,#8400,.T.);
#8398 = VERTEX_POINT('',#8399);
#8399 = CARTESIAN_POINT('',(-4.33012700645,-2.500000021602,0.));
#8400 = SURFACE_CURVE('',#8401,(#8406,#8413),.PCURVE_S1.);
#8401 = HYPERBOLA('',#8402,2.071067811865,5.);
#8402 = AXIS2_PLACEMENT_3D('',#8403,#8404,#8405);
#8403 = CARTESIAN_POINT('',(-4.330127018922,-2.5,-2.071067811865));
#8404 = DIRECTION('',(0.866025403784,0.5,-0.));
#8405 = DIRECTION('',(0.,0.,1.));
#8406 = PCURVE('',#7140,#8407);
#8407 = DEFINITIONAL_REPRESENTATION('',(#8408),#8412);
#8408 = HYPERBOLA('',#8409,2.071067811865,5.);
#8409 = AXIS2_PLACEMENT_2D('',#8410,#8411);
#8410 = CARTESIAN_POINT('',(2.886751345948,2.071067811865));
#8411 = DIRECTION('',(0.,-1.));
#8412 = ( GEOMETRIC_REPRESENTATION_CONTEXT(2) 
PARAMETRIC_REPRESENTATION_CONTEXT() REPRESENTATION_CONTEXT('2D SPACE',''
  ) );
#8413 = PCURVE('',#8378,#8414);
#8414 = DEFINITIONAL_REPRESENTATION('',(#8415),#8423);
#8415 = B_SPLINE_CURVE_WITH_KNOTS('',6,(#8416,#8417,#8418,#8419,#8420,
    #8421,#8422),.UNSPECIFIED.,.F.,.F.,(7,7),(-0.549306144334,8.E-17),
  .PIECEWISE_BEZIER_KNOTS.);
#8416 = CARTESIAN_POINT('',(3.14159265359,-3.061467458921E-17));
#8417 = CARTESIAN_POINT('',(3.220878166164,-0.109470448694));
#8418 = CARTESIAN_POINT('',(3.304518642773,-0.194887792316));
#8419 = CARTESIAN_POINT('',(3.39191746329,-0.257903513437));
#8420 = CARTESIAN_POINT('',(3.482089808206,-0.299564686892));
#8421 = CARTESIAN_POINT('',(3.573640405132,-0.320395305516));
#8422 = CARTESIAN_POINT('',(3.665191429188,-0.320395305516));
#8423 = ( GEOMETRIC_REPRESENTATION_CONTEXT(2) 
PARAMETRIC_REPRESENTATION_CONTEXT() REPRESENTATION_CONTEXT('2D SPACE',''
  ) );
#8424 = ORIENTED_EDGE('',*,*,#8340,.T.);
#8425 = ORIENTED_EDGE('',*,*,#7121,.F.);
#8426 = ORIENTED_EDGE('',*,*,#7189,.F.);
#8427 = ORIENTED_EDGE('',*,*,#8428,.F.);
#8428 = EDGE_CURVE('',#8429,#7157,#8431,.T.);
#8429 = VERTEX_POINT('',#8430);
#8430 = CARTESIAN_POINT('',(-2.886751345948,-5.,0.320395305516));
#8431 = SURFACE_CURVE('',#8432,(#8436,#8443),.PCURVE_S1.);
#8432 = LINE('',#8433,#8434);
#8433 = CARTESIAN_POINT('',(-2.886751345948,-5.,0.));
#8434 = VECTOR('',#8435,1.);
#8435 = DIRECTION('',(0.,0.,1.));
#8436 = PCURVE('',#7140,#8437);
#8437 = DEFINITIONAL_REPRESENTATION('',(#8438),#8442);
#8438 = LINE('',#8439,#8440);
#8439 = CARTESIAN_POINT('',(5.773502691896,0.));
#8440 = VECTOR('',#8441,1.);
#8441 = DIRECTION('',(0.,-1.));
#8442 = ( GEOMETRIC_REPRESENTATION_CONTEXT(2) 
PARAMETRIC_REPRESENTATION_CONTEXT() REPRESENTATION_CONTEXT('2D SPACE',''
  ) );
#8443 = PCURVE('',#7177,#8444);
#8444 = DEFINITIONAL_REPRESENTATION('',(#8445),#8449);
#8445 = LINE('',#8446,#8447);
#8446 = CARTESIAN_POINT('',(0.,0.));
#8447 = VECTOR('',#8448,1.);
#8448 = DIRECTION('',(0.,-1.));
#8449 = ( GEOMETRIC_REPRESENTATION_CONTEXT(2) 
PARAMETRIC_REPRESENTATION_CONTEXT() REPRESENTATION_CONTEXT('2D SPACE',''
  ) );
#8450 = ORIENTED_EDGE('',*,*,#8451,.F.);
#8451 = EDGE_CURVE('',#8398,#8429,#8452,.T.);
#8452 = SURFACE_CURVE('',#8453,(#8458,#8465),.PCURVE_S1.);
#8453 = HYPERBOLA('',#8454,2.071067811865,5.);
#8454 = AXIS2_PLACEMENT_3D('',#8455,#8456,#8457);
#8455 = CARTESIAN_POINT('',(-4.330127018922,-2.5,-2.071067811865));
#8456 = DIRECTION('',(0.866025403784,0.5,-0.));
#8457 = DIRECTION('',(0.,0.,1.));
#8458 = PCURVE('',#7140,#8459);
#8459 = DEFINITIONAL_REPRESENTATION('',(#8460),#8464);
#8460 = HYPERBOLA('',#8461,2.071067811865,5.);
#8461 = AXIS2_PLACEMENT_2D('',#8462,#8463);
#8462 = CARTESIAN_POINT('',(2.886751345948,2.071067811865));
#8463 = DIRECTION('',(0.,-1.));
#8464 = ( GEOMETRIC_REPRESENTATION_CONTEXT(2) 
PARAMETRIC_REPRESENTATION_CONTEXT() REPRESENTATION_CONTEXT('2D SPACE',''
  ) );
#8465 = PCURVE('',#8466,#8471);
#8466 = CONICAL_SURFACE('',#8467,5.773502691896,1.178097245096);
#8467 = AXIS2_PLACEMENT_3D('',#8468,#8469,#8470);
#8468 = CARTESIAN_POINT('',(0.,0.,0.320395305516));
#8469 = DIRECTION('',(0.,0.,1.));
#8470 = DIRECTION('',(1.,0.,0.));
#8471 = DEFINITIONAL_REPRESENTATION('',(#8472),#8480);
#8472 = B_SPLINE_CURVE_WITH_KNOTS('',6,(#8473,#8474,#8475,#8476,#8477,
    #8478,#8479),.UNSPECIFIED.,.F.,.F.,(7,7),(8.E-17,0.549306144334),
  .PIECEWISE_BEZIER_KNOTS.);
#8473 = CARTESIAN_POINT('',(3.665191429188,-0.320395305516));
#8474 = CARTESIAN_POINT('',(3.756742453244,-0.320395305516));
#8475 = CARTESIAN_POINT('',(3.848293050171,-0.299564686892));
#8476 = CARTESIAN_POINT('',(3.938465395086,-0.257903513437));
#8477 = CARTESIAN_POINT('',(4.025864215603,-0.194887792316));
#8478 = CARTESIAN_POINT('',(4.109504692212,-0.109470448694));
#8479 = CARTESIAN_POINT('',(4.188790204786,-1.105955119535E-15));
#8480 = ( GEOMETRIC_REPRESENTATION_CONTEXT(2) 
PARAMETRIC_REPRESENTATION_CONTEXT() REPRESENTATION_CONTEXT('2D SPACE',''
  ) );
#8481 = ADVANCED_FACE('',(#8482),#7177,.F.);
#8482 = FACE_BOUND('',#8483,.F.);
#8483 = EDGE_LOOP('',(#8484,#8512,#8513,#8514,#8515,#8538));
#8484 = ORIENTED_EDGE('',*,*,#8485,.F.);
#8485 = EDGE_CURVE('',#8429,#8486,#8488,.T.);
#8486 = VERTEX_POINT('',#8487);
#8487 = CARTESIAN_POINT('',(-4.5800209E-08,-5.,0.));
#8488 = SURFACE_CURVE('',#8489,(#8494,#8501),.PCURVE_S1.);
#8489 = HYPERBOLA('',#8490,2.071067811865,5.);
#8490 = AXIS2_PLACEMENT_3D('',#8491,#8492,#8493);
#8491 = CARTESIAN_POINT('',(-2.31E-15,-5.,-2.071067811865));
#8492 = DIRECTION('',(4.6E-16,1.,-0.));
#8493 = DIRECTION('',(0.,0.,1.));
#8494 = PCURVE('',#7177,#8495);
#8495 = DEFINITIONAL_REPRESENTATION('',(#8496),#8500);
#8496 = HYPERBOLA('',#8497,2.071067811865,5.);
#8497 = AXIS2_PLACEMENT_2D('',#8498,#8499);
#8498 = CARTESIAN_POINT('',(2.886751345948,2.071067811865));
#8499 = DIRECTION('',(0.,-1.));
#8500 = ( GEOMETRIC_REPRESENTATION_CONTEXT(2) 
PARAMETRIC_REPRESENTATION_CONTEXT() REPRESENTATION_CONTEXT('2D SPACE',''
  ) );
#8501 = PCURVE('',#8466,#8502);
#8502 = DEFINITIONAL_REPRESENTATION('',(#8503),#8511);
#8503 = B_SPLINE_CURVE_WITH_KNOTS('',6,(#8504,#8505,#8506,#8507,#8508,
    #8509,#8510),.UNSPECIFIED.,.F.,.F.,(7,7),(-0.549306144334,2.8E-16),
  .PIECEWISE_BEZIER_KNOTS.);
#8504 = CARTESIAN_POINT('',(4.188790204786,-3.061467458921E-17));
#8505 = CARTESIAN_POINT('',(4.268075717361,-0.109470448694));
#8506 = CARTESIAN_POINT('',(4.35171619397,-0.194887792316));
#8507 = CARTESIAN_POINT('',(4.439115014486,-0.257903513437));
#8508 = CARTESIAN_POINT('',(4.529287359402,-0.299564686892));
#8509 = CARTESIAN_POINT('',(4.620837956329,-0.320395305516));
#8510 = CARTESIAN_POINT('',(4.712388980385,-0.320395305516));
#8511 = ( GEOMETRIC_REPRESENTATION_CONTEXT(2) 
PARAMETRIC_REPRESENTATION_CONTEXT() REPRESENTATION_CONTEXT('2D SPACE',''
  ) );
#8512 = ORIENTED_EDGE('',*,*,#8428,.T.);
#8513 = ORIENTED_EDGE('',*,*,#7156,.F.);
#8514 = ORIENTED_EDGE('',*,*,#7252,.F.);
#8515 = ORIENTED_EDGE('',*,*,#8516,.F.);
#8516 = EDGE_CURVE('',#8517,#7220,#8519,.T.);
#8517 = VERTEX_POINT('',#8518);
#8518 = CARTESIAN_POINT('',(2.886751345948,-5.,0.320395305516));
#8519 = SURFACE_CURVE('',#8520,(#8524,#8531),.PCURVE_S1.);
#8520 = LINE('',#8521,#8522);
#8521 = CARTESIAN_POINT('',(2.886751345948,-5.,0.));
#8522 = VECTOR('',#8523,1.);
#8523 = DIRECTION('',(0.,0.,1.));
#8524 = PCURVE('',#7177,#8525);
#8525 = DEFINITIONAL_REPRESENTATION('',(#8526),#8530);
#8526 = LINE('',#8527,#8528);
#8527 = CARTESIAN_POINT('',(5.773502691896,0.));
#8528 = VECTOR('',#8529,1.);
#8529 = DIRECTION('',(0.,-1.));
#8530 = ( GEOMETRIC_REPRESENTATION_CONTEXT(2) 
PARAMETRIC_REPRESENTATION_CONTEXT() REPRESENTATION_CONTEXT('2D SPACE',''
  ) );
#8531 = PCURVE('',#7240,#8532);
#8532 = DEFINITIONAL_REPRESENTATION('',(#8533),#8537);
#8533 = LINE('',#8534,#8535);
#8534 = CARTESIAN_POINT('',(0.,0.));
#8535 = VECTOR('',#8536,1.);
#8536 = DIRECTION('',(0.,-1.));
#8537 = ( GEOMETRIC_REPRESENTATION_CONTEXT(2) 
PARAMETRIC_REPRESENTATION_CONTEXT() REPRESENTATION_CONTEXT('2D SPACE',''
  ) );
#8538 = ORIENTED_EDGE('',*,*,#8539,.F.);
#8539 = EDGE_CURVE('',#8486,#8517,#8540,.T.);
#8540 = SURFACE_CURVE('',#8541,(#8546,#8553),.PCURVE_S1.);
#8541 = HYPERBOLA('',#8542,2.071067811865,5.);
#8542 = AXIS2_PLACEMENT_3D('',#8543,#8544,#8545);
#8543 = CARTESIAN_POINT('',(-2.31E-15,-5.,-2.071067811865));
#8544 = DIRECTION('',(4.6E-16,1.,-0.));
#8545 = DIRECTION('',(0.,0.,1.));
#8546 = PCURVE('',#7177,#8547);
#8547 = DEFINITIONAL_REPRESENTATION('',(#8548),#8552);
#8548 = HYPERBOLA('',#8549,2.071067811865,5.);
#8549 = AXIS2_PLACEMENT_2D('',#8550,#8551);
#8550 = CARTESIAN_POINT('',(2.886751345948,2.071067811865));
#8551 = DIRECTION('',(0.,-1.));
#8552 = ( GEOMETRIC_REPRESENTATION_CONTEXT(2) 
PARAMETRIC_REPRESENTATION_CONTEXT() REPRESENTATION_CONTEXT('2D SPACE',''
  ) );
#8553 = PCURVE('',#8554,#8559);
#8554 = CONICAL_SURFACE('',#8555,5.773502691896,1.178097245096);
#8555 = AXIS2_PLACEMENT_3D('',#8556,#8557,#8558);
#8556 = CARTESIAN_POINT('',(0.,0.,0.320395305516));
#8557 = DIRECTION('',(0.,0.,1.));
#8558 = DIRECTION('',(1.,0.,0.));
#8559 = DEFINITIONAL_REPRESENTATION('',(#8560),#8568);
#8560 = B_SPLINE_CURVE_WITH_KNOTS('',6,(#8561,#8562,#8563,#8564,#8565,
    #8566,#8567),.UNSPECIFIED.,.F.,.F.,(7,7),(2.8E-16,0.549306144334),
  .PIECEWISE_BEZIER_KNOTS.);
#8561 = CARTESIAN_POINT('',(4.712388980385,-0.320395305516));
#8562 = CARTESIAN_POINT('',(4.80394000444,-0.320395305516));
#8563 = CARTESIAN_POINT('',(4.895490601367,-0.299564686892));
#8564 = CARTESIAN_POINT('',(4.985662946282,-0.257903513437));
#8565 = CARTESIAN_POINT('',(5.073061766799,-0.194887792316));
#8566 = CARTESIAN_POINT('',(5.156702243408,-0.109470448694));
#8567 = CARTESIAN_POINT('',(5.235987755983,-3.482419234522E-16));
#8568 = ( GEOMETRIC_REPRESENTATION_CONTEXT(2) 
PARAMETRIC_REPRESENTATION_CONTEXT() REPRESENTATION_CONTEXT('2D SPACE',''
  ) );
#8569 = ADVANCED_FACE('',(#8570),#7240,.F.);
#8570 = FACE_BOUND('',#8571,.F.);
#8571 = EDGE_LOOP('',(#8572,#8600,#8601,#8602,#8603,#8604));
#8572 = ORIENTED_EDGE('',*,*,#8573,.F.);
#8573 = EDGE_CURVE('',#8517,#8574,#8576,.T.);
#8574 = VERTEX_POINT('',#8575);
#8575 = CARTESIAN_POINT('',(4.330127006451,-2.500000021602,0.));
#8576 = SURFACE_CURVE('',#8577,(#8582,#8589),.PCURVE_S1.);
#8577 = HYPERBOLA('',#8578,2.071067811865,5.);
#8578 = AXIS2_PLACEMENT_3D('',#8579,#8580,#8581);
#8579 = CARTESIAN_POINT('',(4.330127018922,-2.5,-2.071067811865));
#8580 = DIRECTION('',(-0.866025403784,0.5,0.));
#8581 = DIRECTION('',(0.,0.,1.));
#8582 = PCURVE('',#7240,#8583);
#8583 = DEFINITIONAL_REPRESENTATION('',(#8584),#8588);
#8584 = HYPERBOLA('',#8585,2.071067811865,5.);
#8585 = AXIS2_PLACEMENT_2D('',#8586,#8587);
#8586 = CARTESIAN_POINT('',(2.886751345948,2.071067811865));
#8587 = DIRECTION('',(0.,-1.));
#8588 = ( GEOMETRIC_REPRESENTATION_CONTEXT(2) 
PARAMETRIC_REPRESENTATION_CONTEXT() REPRESENTATION_CONTEXT('2D SPACE',''
  ) );
#8589 = PCURVE('',#8554,#8590);
#8590 = DEFINITIONAL_REPRESENTATION('',(#8591),#8599);
#8591 = B_SPLINE_CURVE_WITH_KNOTS('',6,(#8592,#8593,#8594,#8595,#8596,
    #8597,#8598),.UNSPECIFIED.,.F.,.F.,(7,7),(-0.549306144334,-1.7E-16),
  .PIECEWISE_BEZIER_KNOTS.);
#8592 = CARTESIAN_POINT('',(5.235987755983,4.132981069543E-16));
#8593 = CARTESIAN_POINT('',(5.315273268558,-0.109470448694));
#8594 = CARTESIAN_POINT('',(5.398913745167,-0.194887792316));
#8595 = CARTESIAN_POINT('',(5.486312565683,-0.257903513437));
#8596 = CARTESIAN_POINT('',(5.576484910599,-0.299564686892));
#8597 = CARTESIAN_POINT('',(5.668035507526,-0.320395305516));
#8598 = CARTESIAN_POINT('',(5.759586531581,-0.320395305516));
#8599 = ( GEOMETRIC_REPRESENTATION_CONTEXT(2) 
PARAMETRIC_REPRESENTATION_CONTEXT() REPRESENTATION_CONTEXT('2D SPACE',''
  ) );
#8600 = ORIENTED_EDGE('',*,*,#8516,.T.);
#8601 = ORIENTED_EDGE('',*,*,#7219,.F.);
#8602 = ORIENTED_EDGE('',*,*,#7283,.F.);
#8603 = ORIENTED_EDGE('',*,*,#8141,.T.);
#8604 = ORIENTED_EDGE('',*,*,#8605,.F.);
#8605 = EDGE_CURVE('',#8574,#8107,#8606,.T.);
#8606 = SURFACE_CURVE('',#8607,(#8612,#8619),.PCURVE_S1.);
#8607 = HYPERBOLA('',#8608,2.071067811865,5.);
#8608 = AXIS2_PLACEMENT_3D('',#8609,#8610,#8611);
#8609 = CARTESIAN_POINT('',(4.330127018922,-2.5,-2.071067811865));
#8610 = DIRECTION('',(-0.866025403784,0.5,0.));
#8611 = DIRECTION('',(0.,0.,1.));
#8612 = PCURVE('',#7240,#8613);
#8613 = DEFINITIONAL_REPRESENTATION('',(#8614),#8618);
#8614 = HYPERBOLA('',#8615,2.071067811865,5.);
#8615 = AXIS2_PLACEMENT_2D('',#8616,#8617);
#8616 = CARTESIAN_POINT('',(2.886751345948,2.071067811865));
#8617 = DIRECTION('',(0.,-1.));
#8618 = ( GEOMETRIC_REPRESENTATION_CONTEXT(2) 
PARAMETRIC_REPRESENTATION_CONTEXT() REPRESENTATION_CONTEXT('2D SPACE',''
  ) );
#8619 = PCURVE('',#8620,#8625);
#8620 = CONICAL_SURFACE('',#8621,5.773502691896,1.178097245096);
#8621 = AXIS2_PLACEMENT_3D('',#8622,#8623,#8624);
#8622 = CARTESIAN_POINT('',(0.,0.,0.320395305516));
#8623 = DIRECTION('',(0.,0.,1.));
#8624 = DIRECTION('',(1.,0.,0.));
#8625 = DEFINITIONAL_REPRESENTATION('',(#8626),#8634);
#8626 = B_SPLINE_CURVE_WITH_KNOTS('',6,(#8627,#8628,#8629,#8630,#8631,
    #8632,#8633),.UNSPECIFIED.,.F.,.F.,(7,7),(-1.7E-16,0.549306144334),
  .PIECEWISE_BEZIER_KNOTS.);
#8627 = CARTESIAN_POINT('',(5.759586531581,-0.320395305516));
#8628 = CARTESIAN_POINT('',(5.851137555637,-0.320395305516));
#8629 = CARTESIAN_POINT('',(5.942688152564,-0.299564686892));
#8630 = CARTESIAN_POINT('',(6.032860497479,-0.257903513437));
#8631 = CARTESIAN_POINT('',(6.120259317996,-0.194887792316));
#8632 = CARTESIAN_POINT('',(6.203899794605,-0.109470448694));
#8633 = CARTESIAN_POINT('',(6.28318530718,3.061467458921E-17));
#8634 = ( GEOMETRIC_REPRESENTATION_CONTEXT(2) 
PARAMETRIC_REPRESENTATION_CONTEXT() REPRESENTATION_CONTEXT('2D SPACE',''
  ) );
#8635 = ADVANCED_FACE('',(#8636),#7330,.F.);
#8636 = FACE_BOUND('',#8637,.F.);
#8637 = EDGE_LOOP('',(#8638,#8668,#8945,#8946));
#8638 = ORIENTED_EDGE('',*,*,#8639,.F.);
#8639 = EDGE_CURVE('',#8640,#8642,#8644,.T.);
#8640 = VERTEX_POINT('',#8641);
#8641 = CARTESIAN_POINT('',(2.598734122635,5.0037278E-08,0.874998288864)
  );
#8642 = VERTEX_POINT('',#8643);
#8643 = CARTESIAN_POINT('',(2.598734122635,1.00075026E-07,1.124992365649
    ));
#8644 = SURFACE_CURVE('',#8645,(#8649,#8656),.PCURVE_S1.);
#8645 = LINE('',#8646,#8647);
#8646 = CARTESIAN_POINT('',(2.598734122635,0.,0.248527130307));
#8647 = VECTOR('',#8648,1.);
#8648 = DIRECTION('',(0.,0.,1.));
#8649 = PCURVE('',#7330,#8650);
#8650 = DEFINITIONAL_REPRESENTATION('',(#8651),#8655);
#8651 = LINE('',#8652,#8653);
#8652 = CARTESIAN_POINT('',(0.,0.));
#8653 = VECTOR('',#8654,1.);
#8654 = DIRECTION('',(0.,1.));
#8655 = ( GEOMETRIC_REPRESENTATION_CONTEXT(2) 
PARAMETRIC_REPRESENTATION_CONTEXT() REPRESENTATION_CONTEXT('2D SPACE',''
  ) );
#8656 = PCURVE('',#8657,#8662);
#8657 = CYLINDRICAL_SURFACE('',#8658,2.598734122635);
#8658 = AXIS2_PLACEMENT_3D('',#8659,#8660,#8661);
#8659 = CARTESIAN_POINT('',(0.,0.,0.248527130307));
#8660 = DIRECTION('',(0.,0.,1.));
#8661 = DIRECTION('',(1.,0.,-0.));
#8662 = DEFINITIONAL_REPRESENTATION('',(#8663),#8667);
#8663 = LINE('',#8664,#8665);
#8664 = CARTESIAN_POINT('',(6.28318530718,0.));
#8665 = VECTOR('',#8666,1.);
#8666 = DIRECTION('',(0.,1.));
#8667 = ( GEOMETRIC_REPRESENTATION_CONTEXT(2) 
PARAMETRIC_REPRESENTATION_CONTEXT() REPRESENTATION_CONTEXT('2D SPACE',''
  ) );
#8668 = ORIENTED_EDGE('',*,*,#8669,.T.);
#8669 = EDGE_CURVE('',#8640,#7313,#8670,.T.);
#8670 = SURFACE_CURVE('',#8671,(#8752,#8836),.PCURVE_S1.);
#8671 = B_SPLINE_CURVE_WITH_KNOTS('',7,(#8672,#8673,#8674,#8675,#8676,
    #8677,#8678,#8679,#8680,#8681,#8682,#8683,#8684,#8685,#8686,#8687,
    #8688,#8689,#8690,#8691,#8692,#8693,#8694,#8695,#8696,#8697,#8698,
    #8699,#8700,#8701,#8702,#8703,#8704,#8705,#8706,#8707,#8708,#8709,
    #8710,#8711,#8712,#8713,#8714,#8715,#8716,#8717,#8718,#8719,#8720,
    #8721,#8722,#8723,#8724,#8725,#8726,#8727,#8728,#8729,#8730,#8731,
    #8732,#8733,#8734,#8735,#8736,#8737,#8738,#8739,#8740,#8741,#8742,
    #8743,#8744,#8745,#8746,#8747,#8748,#8749,#8750,#8751),
  .UNSPECIFIED.,.F.,.F.,(8,6,6,6,6,6,6,6,6,6,6,6,6,8),(0.,
    3.488467698523E-02,0.108411051284,0.195982262674,0.284850418584,
    0.383675712451,0.501422780834,0.540547145581,0.617549136247,
    0.718164944288,0.804154921389,0.896243846524,0.966951897311,1.),
  .UNSPECIFIED.);
#8672 = CARTESIAN_POINT('',(2.598734122635,2.0014903246E-07,
    0.874998294992));
#8673 = CARTESIAN_POINT('',(2.598734122635,8.136877709402E-02,
    0.879981226478));
#8674 = CARTESIAN_POINT('',(2.595761764174,0.162737446217,0.884964590193
    ));
#8675 = CARTESIAN_POINT('',(2.589817111407,0.243975341676,0.889948118649
    ));
#8676 = CARTESIAN_POINT('',(2.580907318364,0.324952361819,0.894931623645
    ));
#8677 = CARTESIAN_POINT('',(2.569046628957,0.405539169189,0.899914996271
    ));
#8678 = CARTESIAN_POINT('',(2.554256376972,0.485607190519,0.904898206905
    ));
#8679 = CARTESIAN_POINT('',(2.499276871605,0.732425021576,0.920384173032
    ));
#8680 = CARTESIAN_POINT('',(2.449097832437,0.896962573017,0.930887224161
    ));
#8681 = CARTESIAN_POINT('',(2.386294627963,1.057428606475,0.941389285113
    ));
#8682 = CARTESIAN_POINT('',(2.311275031246,1.212668642603,0.951891161918
    ));
#8683 = CARTESIAN_POINT('',(2.224569767988,1.361584317533,0.962393925775
    ));
#8684 = CARTESIAN_POINT('',(2.12682998088,1.503138716371,0.972897740803)
  );
#8685 = CARTESIAN_POINT('',(1.890222504566,1.795048863596,0.995911079835
    ));
#8686 = CARTESIAN_POINT('',(1.747035462346,1.941957140511,1.008423280953
    ));
#8687 = CARTESIAN_POINT('',(1.59060322216,2.075445895964,1.02093459501)
  );
#8688 = CARTESIAN_POINT('',(1.422449869031,2.194112710701,1.033444997073
    ));
#8689 = CARTESIAN_POINT('',(1.244259388961,2.296769237347,1.045955774748
    ));
#8690 = CARTESIAN_POINT('',(1.05786379353,2.382449544033,1.058467329714)
  );
#8691 = CARTESIAN_POINT('',(0.669802550386,2.519474388508,1.083671307104
    ));
#8692 = CARTESIAN_POINT('',(0.467893472804,2.570312147681,1.096367375391
    ));
#8693 = CARTESIAN_POINT('',(0.261613569784,2.60222616269,1.109061682812)
  );
#8694 = CARTESIAN_POINT('',(5.308818190521E-02,2.614804864622,
    1.121755029236));
#8695 = CARTESIAN_POINT('',(-0.155532458148,2.607918478529,
    1.134449479391));
#8696 = CARTESIAN_POINT('',(-0.36208891814,2.58172004211,1.147145700744)
  );
#8697 = CARTESIAN_POINT('',(-0.789431363156,2.486634785358,
    1.173957425013));
#8698 = CARTESIAN_POINT('',(-1.009309130084,2.413273642639,
    1.188078127502));
#8699 = CARTESIAN_POINT('',(-1.22106741969,2.317262698581,1.20219694164)
  );
#8700 = CARTESIAN_POINT('',(-1.421945339104,2.199723470897,
    1.216314495521));
#8701 = CARTESIAN_POINT('',(-1.609385443777,2.06215244321,1.23043346973)
  );
#8702 = CARTESIAN_POINT('',(-1.781057579132,1.906407077946,
    1.244554462387));
#8703 = CARTESIAN_POINT('',(-2.11827044192,1.530287231319,1.275492233916
    ));
#8704 = CARTESIAN_POINT('',(-2.276478772007,1.303097250683,
    1.292319786194));
#8705 = CARTESIAN_POINT('',(-2.406020134887,1.057074388694,
    1.309140247021));
#8706 = CARTESIAN_POINT('',(-2.504349828972,0.796599583535,
    1.325958110713));
#8707 = CARTESIAN_POINT('',(-2.56970405469,0.52634562553,1.342778175478)
  );
#8708 = CARTESIAN_POINT('',(-2.601097014107,0.251281785543,
    1.359605140042));
#8709 = CARTESIAN_POINT('',(-2.597809222887,-0.114604060859,
    1.38201365528));
#8710 = CARTESIAN_POINT('',(-2.593250654724,-0.205824528915,
    1.387602503899));
#8711 = CARTESIAN_POINT('',(-2.584955243179,-0.296827066202,
    1.393191424345));
#8712 = CARTESIAN_POINT('',(-2.572935929545,-0.38742816898,
    1.398780410771));
#8713 = CARTESIAN_POINT('',(-2.557216859948,-0.477445830669,
    1.404369454685));
#8714 = CARTESIAN_POINT('',(-2.53783338534,-0.566699541851,
    1.409958544949));
#8715 = CARTESIAN_POINT('',(-2.4695623751,-0.828817672684,1.426547810177
    ));
#8716 = CARTESIAN_POINT('',(-2.410274385161,-0.998989785872,
    1.437549052384));
#8717 = CARTESIAN_POINT('',(-2.337324117267,-1.164142795723,
    1.448549700715));
#8718 = CARTESIAN_POINT('',(-2.251235187563,-1.322971095161,
    1.459549893774));
#8719 = CARTESIAN_POINT('',(-2.152675238918,-1.47424294824,
    1.470550400935));
#8720 = CARTESIAN_POINT('',(-2.04245241349,-1.616806988146,
    1.481551406505));
#8721 = CARTESIAN_POINT('',(-1.763529205913,-1.923138056795,
    1.506924428947));
#8722 = CARTESIAN_POINT('',(-1.587204206159,-2.080062764272,
    1.52130074438));
#8723 = CARTESIAN_POINT('',(-1.394718272329,-2.217979457987,
    1.535674100383));
#8724 = CARTESIAN_POINT('',(-1.188552648204,-2.334954954043,
    1.550045588819));
#8725 = CARTESIAN_POINT('',(-0.971427310691,-2.429445909425,
    1.564418753001));
#8726 = CARTESIAN_POINT('',(-0.74627451998,-2.500313883057,
    1.578794762876));
#8727 = CARTESIAN_POINT('',(-0.319694136253,-2.586782215523,
    1.605451028703));
#8728 = CARTESIAN_POINT('',(-0.119507154796,-2.608932913129,
    1.617736334826));
#8729 = CARTESIAN_POINT('',(8.233568443178E-02,-2.612983468387,
    1.630020666167));
#8730 = CARTESIAN_POINT('',(0.283876858602,-2.598821968157,
    1.642304372158));
#8731 = CARTESIAN_POINT('',(0.483169752331,-2.56658522701,1.654588785795
    ));
#8732 = CARTESIAN_POINT('',(0.678291843773,-2.516657836317,
    1.666874150553));
#8733 = CARTESIAN_POINT('',(1.069839889146,-2.378023977342,
    1.692312317399));
#8734 = CARTESIAN_POINT('',(1.265441245805,-2.286795337966,
    1.705468954741));
#8735 = CARTESIAN_POINT('',(1.451837271873,-2.176840185495,
    1.718623546099));
#8736 = CARTESIAN_POINT('',(1.626907044283,-2.049301913775,
    1.731776794734));
#8737 = CARTESIAN_POINT('',(1.788713037652,-1.905591930575,
    1.744931242137));
#8738 = CARTESIAN_POINT('',(1.935516500419,-1.747378524396,
    1.758088022308));
#8739 = CARTESIAN_POINT('',(2.165890557488,-1.445523107595,
    1.781344099827));
#8740 = CARTESIAN_POINT('',(2.256248439094,-1.307000905557,
    1.791445999425));
#8741 = CARTESIAN_POINT('',(2.336233960087,-1.161937450988,
    1.801547850099));
#8742 = CARTESIAN_POINT('',(2.405290763241,-1.011268516942,
    1.811649741433));
#8743 = CARTESIAN_POINT('',(2.462966918942,-0.855980273109,
    1.821751787302));
#8744 = CARTESIAN_POINT('',(2.508916870387,-0.697104914662,
    1.831853513665));
#8745 = CARTESIAN_POINT('',(2.558806487114,-0.460293582096,
    1.846674514093));
#8746 = CARTESIAN_POINT('',(2.57208696085,-0.384314911019,1.851395092953
    ));
#8747 = CARTESIAN_POINT('',(2.582734300199,-0.307894898813,
    1.856115461482));
#8748 = CARTESIAN_POINT('',(2.590731307483,-0.2311430211,1.860835648964)
  );
#8749 = CARTESIAN_POINT('',(2.596066502522,-0.154169343418,1.865555762)
  );
#8750 = CARTESIAN_POINT('',(2.598734122635,-7.708452121438E-02,
    1.87027598451));
#8751 = CARTESIAN_POINT('',(2.598734122635,2.0014906177E-07,
    1.874996577729));
#8752 = PCURVE('',#7330,#8753);
#8753 = DEFINITIONAL_REPRESENTATION('',(#8754),#8835);
#8754 = B_SPLINE_CURVE_WITH_KNOTS('',7,(#8755,#8756,#8757,#8758,#8759,
    #8760,#8761,#8762,#8763,#8764,#8765,#8766,#8767,#8768,#8769,#8770,
    #8771,#8772,#8773,#8774,#8775,#8776,#8777,#8778,#8779,#8780,#8781,
    #8782,#8783,#8784,#8785,#8786,#8787,#8788,#8789,#8790,#8791,#8792,
    #8793,#8794,#8795,#8796,#8797,#8798,#8799,#8800,#8801,#8802,#8803,
    #8804,#8805,#8806,#8807,#8808,#8809,#8810,#8811,#8812,#8813,#8814,
    #8815,#8816,#8817,#8818,#8819,#8820,#8821,#8822,#8823,#8824,#8825,
    #8826,#8827,#8828,#8829,#8830,#8831,#8832,#8833,#8834),
  .UNSPECIFIED.,.F.,.F.,(8,6,6,6,6,6,6,6,6,6,6,6,6,8),(0.,
    3.488467698523E-02,0.108411051284,0.195982262674,0.284850418584,
    0.383675712451,0.501422780834,0.540547145581,0.617549136247,
    0.718164944288,0.804154921389,0.896243846524,0.966951897311,1.),
  .UNSPECIFIED.);
#8755 = CARTESIAN_POINT('',(0.,0.626471164685));
#8756 = CARTESIAN_POINT('',(3.131085101638E-02,0.631454096171));
#8757 = CARTESIAN_POINT('',(6.262163762553E-02,0.636437459886));
#8758 = CARTESIAN_POINT('',(9.393237913526E-02,0.641420988342));
#8759 = CARTESIAN_POINT('',(0.125243088219,0.646404493338));
#8760 = CARTESIAN_POINT('',(0.156553770918,0.651387865964));
#8761 = CARTESIAN_POINT('',(0.187864426637,0.656371076598));
#8762 = CARTESIAN_POINT('',(0.285168391807,0.671857042725));
#8763 = CARTESIAN_POINT('',(0.351166425496,0.682360093854));
#8764 = CARTESIAN_POINT('',(0.417161117195,0.692862154806));
#8765 = CARTESIAN_POINT('',(0.483153694116,0.703364031611));
#8766 = CARTESIAN_POINT('',(0.54914848331,0.713866795468));
#8767 = CARTESIAN_POINT('',(0.615146707811,0.724370610495));
#8768 = CARTESIAN_POINT('',(0.759739699584,0.747383949528));
#8769 = CARTESIAN_POINT('',(0.838350225438,0.759896150646));
#8770 = CARTESIAN_POINT('',(0.91695252335,0.772407464703));
#8771 = CARTESIAN_POINT('',(0.995549576216,0.784917866766));
#8772 = CARTESIAN_POINT('',(1.07415179896,0.797428644441));
#8773 = CARTESIAN_POINT('',(1.152762197116,0.809940199407));
#8774 = CARTESIAN_POINT('',(1.311124927096,0.835144176797));
#8775 = CARTESIAN_POINT('',(1.390900239313,0.847840245084));
#8776 = CARTESIAN_POINT('',(1.47066681381,0.860534552505));
#8777 = CARTESIAN_POINT('',(1.550427842176,0.873227898929));
#8778 = CARTESIAN_POINT('',(1.63019449485,0.885922349084));
#8779 = CARTESIAN_POINT('',(1.709969969014,0.898618570437));
#8780 = CARTESIAN_POINT('',(1.878433939722,0.925430294706));
#8781 = CARTESIAN_POINT('',(1.967154565003,0.939550997195));
#8782 = CARTESIAN_POINT('',(2.055860290999,0.953669811333));
#8783 = CARTESIAN_POINT('',(2.144556528687,0.967787365214));
#8784 = CARTESIAN_POINT('',(2.233262180845,0.981906339423));
#8785 = CARTESIAN_POINT('',(2.321982684748,0.99602733208));
#8786 = CARTESIAN_POINT('',(2.516366598525,1.026965103609));
#8787 = CARTESIAN_POINT('',(2.622098795307,1.043792655887));
#8788 = CARTESIAN_POINT('',(2.727790894603,1.060613116713));
#8789 = CARTESIAN_POINT('',(2.833469948043,1.077430980406));
#8790 = CARTESIAN_POINT('',(2.939162143606,1.094251045171));
#8791 = CARTESIAN_POINT('',(3.044894666524,1.111078009735));
#8792 = CARTESIAN_POINT('',(3.185694225316,1.133486524973));
#8793 = CARTESIAN_POINT('',(3.220810277979,1.139075373592));
#8794 = CARTESIAN_POINT('',(3.255926371133,1.144664294038));
#8795 = CARTESIAN_POINT('',(3.291042471467,1.150253280463));
#8796 = CARTESIAN_POINT('',(3.326158549723,1.155842324378));
#8797 = CARTESIAN_POINT('',(3.36127458069,1.161431414642));
#8798 = CARTESIAN_POINT('',(3.465503461356,1.17802067987));
#8799 = CARTESIAN_POINT('',(3.534622227527,1.189021922077));
#8800 = CARTESIAN_POINT('',(3.603736653458,1.200022570408));
#8801 = CARTESIAN_POINT('',(3.672848317312,1.211022763467));
#8802 = CARTESIAN_POINT('',(3.741962721285,1.222023270628));
#8803 = CARTESIAN_POINT('',(3.81108144831,1.233024276198));
#8804 = CARTESIAN_POINT('',(3.970501687315,1.25839729864));
#8805 = CARTESIAN_POINT('',(4.060831085737,1.272773614073));
#8806 = CARTESIAN_POINT('',(4.151144283604,1.287146970076));
#8807 = CARTESIAN_POINT('',(4.241447200679,1.301518458512));
#8808 = CARTESIAN_POINT('',(4.331760477441,1.315891622694));
#8809 = CARTESIAN_POINT('',(4.422090020132,1.330267632569));
#8810 = CARTESIAN_POINT('',(4.589577636054,1.356923898396));
#8811 = CARTESIAN_POINT('',(4.666767885029,1.369209204519));
#8812 = CARTESIAN_POINT('',(4.743950649137,1.381493535859));
#8813 = CARTESIAN_POINT('',(4.821128631549,1.39377724185));
#8814 = CARTESIAN_POINT('',(4.89831132794,1.406061655488));
#8815 = CARTESIAN_POINT('',(4.975501476959,1.418347020246));
#8816 = CARTESIAN_POINT('',(5.135335591271,1.443785187092));
#8817 = CARTESIAN_POINT('',(5.218003918949,1.456941824434));
#8818 = CARTESIAN_POINT('',(5.300661793699,1.470096415792));
#8819 = CARTESIAN_POINT('',(5.383313056974,1.483249664427));
#8820 = CARTESIAN_POINT('',(5.465971037202,1.49640411183));
#8821 = CARTESIAN_POINT('',(5.548639526336,1.509560892001));
#8822 = CARTESIAN_POINT('',(5.694757642227,1.53281696952));
#8823 = CARTESIAN_POINT('',(5.758225359458,1.542918869118));
#8824 = CARTESIAN_POINT('',(5.821690215219,1.553020719792));
#8825 = CARTESIAN_POINT('',(5.885153212599,1.563122611126));
#8826 = CARTESIAN_POINT('',(5.948617942436,1.573224656995));
#8827 = CARTESIAN_POINT('',(6.012085463504,1.583326383358));
#8828 = CARTESIAN_POINT('',(6.105211367677,1.598147383786));
#8829 = CARTESIAN_POINT('',(6.134873601175,1.602867962646));
#8830 = CARTESIAN_POINT('',(6.16453587382,1.607588331175));
#8831 = CARTESIAN_POINT('',(6.194198181144,1.612308518657));
#8832 = CARTESIAN_POINT('',(6.223860521389,1.617028631693));
#8833 = CARTESIAN_POINT('',(6.253522895511,1.621748854203));
#8834 = CARTESIAN_POINT('',(6.28318530718,1.626469447422));
#8835 = ( GEOMETRIC_REPRESENTATION_CONTEXT(2) 
PARAMETRIC_REPRESENTATION_CONTEXT() REPRESENTATION_CONTEXT('2D SPACE',''
  ) );
#8836 = PCURVE('',#8837,#8862);
#8837 = B_SPLINE_SURFACE_WITH_KNOTS('',1,11,(
    (#8838,#8839,#8840,#8841,#8842,#8843,#8844,#8845,#8846,#8847,#8848
      ,#8849)
    ,(#8850,#8851,#8852,#8853,#8854,#8855,#8856,#8857,#8858,#8859,#8860
      ,#8861
    )),.UNSPECIFIED.,.F.,.F.,.F.,(2,2),(12,12),(0.,0.825),(0.,
    6.362265131567),.PIECEWISE_BEZIER_KNOTS.);
#8838 = CARTESIAN_POINT('',(2.425529133076,1.3209825898E-07,
    0.974997393807));
#8839 = CARTESIAN_POINT('',(2.425529171911,1.385547101977,1.065903219252
    ));
#8840 = CARTESIAN_POINT('',(1.55515326176,2.770275689251,1.15675868862)
  );
#8841 = CARTESIAN_POINT('',(-0.187056467687,3.550919216815,
    1.248006724255));
#8842 = CARTESIAN_POINT('',(-2.316188618493,3.105547805529,
    1.337935791818));
#8843 = CARTESIAN_POINT('',(-3.902986663494,1.288347613063,
    1.430598853225));
#8844 = CARTESIAN_POINT('',(-3.902919261862,-1.288349054303,
    1.519393328211));
#8845 = CARTESIAN_POINT('',(-2.316233295128,-3.105546781785,
    1.612056389572));
#8846 = CARTESIAN_POINT('',(-0.187036888948,-3.550919985913,
    1.701985457187));
#8847 = CARTESIAN_POINT('',(1.555149857064,-2.770275291546,
    1.793233492794));
#8848 = CARTESIAN_POINT('',(2.425529260874,-1.385546705682,
    1.884088962168));
#8849 = CARTESIAN_POINT('',(2.425529224283,2.641964749E-07,
    1.974994787614));
#8850 = CARTESIAN_POINT('',(3.14000159588,-1.4789E-13,0.562500000003));
#8851 = CARTESIAN_POINT('',(3.140003595457,1.793565172919,0.653409090919
    ));
#8852 = CARTESIAN_POINT('',(2.013348295742,3.587090958418,0.744318181958
    ));
#8853 = CARTESIAN_POINT('',(-0.242564787959,4.594284198313,
    0.835227271975));
#8854 = CARTESIAN_POINT('',(-2.997701637259,4.025725160401,
    0.926136365701));
#8855 = CARTESIAN_POINT('',(-5.053409421822,1.660200342014,
    1.017045451149));
#8856 = CARTESIAN_POINT('',(-5.052233686518,-1.660214400121,
    1.107954549138));
#8857 = CARTESIAN_POINT('',(-2.998492286524,-4.025700629858,
    1.198863633764));
#8858 = CARTESIAN_POINT('',(-0.242232339704,-4.594297118231,
    1.289772728417));
#8859 = CARTESIAN_POINT('',(2.013280795601,-3.587088446209,1.38068181795
    ));
#8860 = CARTESIAN_POINT('',(3.140001192181,-1.79356517292,1.471590909088
    ));
#8861 = CARTESIAN_POINT('',(3.140003191759,-6.1507E-13,1.562500000012));
#8862 = DEFINITIONAL_REPRESENTATION('',(#8863),#8944);
#8863 = B_SPLINE_CURVE_WITH_KNOTS('',7,(#8864,#8865,#8866,#8867,#8868,
    #8869,#8870,#8871,#8872,#8873,#8874,#8875,#8876,#8877,#8878,#8879,
    #8880,#8881,#8882,#8883,#8884,#8885,#8886,#8887,#8888,#8889,#8890,
    #8891,#8892,#8893,#8894,#8895,#8896,#8897,#8898,#8899,#8900,#8901,
    #8902,#8903,#8904,#8905,#8906,#8907,#8908,#8909,#8910,#8911,#8912,
    #8913,#8914,#8915,#8916,#8917,#8918,#8919,#8920,#8921,#8922,#8923,
    #8924,#8925,#8926,#8927,#8928,#8929,#8930,#8931,#8932,#8933,#8934,
    #8935,#8936,#8937,#8938,#8939,#8940,#8941,#8942,#8943),
  .UNSPECIFIED.,.F.,.F.,(8,6,6,6,6,6,6,6,6,6,6,6,6,8),(0.,
    3.488467698523E-02,0.108411051284,0.195982262674,0.284850418584,
    0.383675712451,0.501422780834,0.540547145581,0.617549136247,
    0.718164944288,0.804154921389,0.896243846524,0.966951897311,1.),
  .UNSPECIFIED.);
#8864 = CARTESIAN_POINT('',(0.199999473493,3.899187869E-08));
#8865 = CARTESIAN_POINT('',(0.199999444567,3.170354094155E-02));
#8866 = CARTESIAN_POINT('',(0.199998538401,6.340775931128E-02));
#8867 = CARTESIAN_POINT('',(0.199997343085,9.511247657475E-02));
#8868 = CARTESIAN_POINT('',(0.199996270588,0.126817510113));
#8869 = CARTESIAN_POINT('',(0.19999555676,0.158522712214));
#8870 = CARTESIAN_POINT('',(0.199995261329,0.190227970074));
#8871 = CARTESIAN_POINT('',(0.199995281767,0.288758277154));
#8872 = CARTESIAN_POINT('',(0.199996833286,0.355588146831));
#8873 = CARTESIAN_POINT('',(0.199999652836,0.422413963277));
#8874 = CARTESIAN_POINT('',(0.200002383427,0.48923696018));
#8875 = CARTESIAN_POINT('',(0.200004147882,0.556061785308));
#8876 = CARTESIAN_POINT('',(0.200004944266,0.622889950352));
#8877 = CARTESIAN_POINT('',(0.200004780591,0.769301313567));
#8878 = CARTESIAN_POINT('',(0.200003475156,0.848900482937));
#8879 = CARTESIAN_POINT('',(0.200001203861,0.928491703957));
#8880 = CARTESIAN_POINT('',(0.199998909227,1.008078096476));
#8881 = CARTESIAN_POINT('',(0.199997307601,1.087670074556));
#8882 = CARTESIAN_POINT('',(0.199996561376,1.167270430653));
#8883 = CARTESIAN_POINT('',(0.199996521342,1.327627368623));
#8884 = CARTESIAN_POINT('',(0.199997246148,1.408407216743));
#8885 = CARTESIAN_POINT('',(0.199998600159,1.489177996766));
#8886 = CARTESIAN_POINT('',(0.200000077354,1.569942840119));
#8887 = CARTESIAN_POINT('',(0.200001193104,1.650713096176));
#8888 = CARTESIAN_POINT('',(0.20000170468,1.73149214615));
#8889 = CARTESIAN_POINT('',(0.200001569383,1.902075348055));
#8890 = CARTESIAN_POINT('',(0.200000788581,1.991912028873));
#8891 = CARTESIAN_POINT('',(0.199999290791,2.081733767078));
#8892 = CARTESIAN_POINT('',(0.199997528068,2.171546203412));
#8893 = CARTESIAN_POINT('',(0.199996068521,2.261368494969));
#8894 = CARTESIAN_POINT('',(0.199995316617,2.35120602046));
#8895 = CARTESIAN_POINT('',(0.199995274088,2.548037437495));
#8896 = CARTESIAN_POINT('',(0.199996297447,2.655101007841));
#8897 = CARTESIAN_POINT('',(0.19999845334,2.762123845752));
#8898 = CARTESIAN_POINT('',(0.20000123021,2.869133061182));
#8899 = CARTESIAN_POINT('',(0.200003420108,2.976155148159));
#8900 = CARTESIAN_POINT('',(0.200004474261,3.083217871532));
#8901 = CARTESIAN_POINT('',(0.200004385422,3.225788817815));
#8902 = CARTESIAN_POINT('',(0.200004238989,3.261346663598));
#8903 = CARTESIAN_POINT('',(0.20000397011,3.296904560126));
#8904 = CARTESIAN_POINT('',(0.200003586455,3.332462481226));
#8905 = CARTESIAN_POINT('',(0.20000310154,3.368020403633));
#8906 = CARTESIAN_POINT('',(0.200002534725,3.403578306987));
#8907 = CARTESIAN_POINT('',(0.200000684052,3.509118818896));
#8908 = CARTESIAN_POINT('',(0.199999234958,3.5791075113));
#8909 = CARTESIAN_POINT('',(0.199997738045,3.649091959747));
#8910 = CARTESIAN_POINT('',(0.199996428326,3.719073755373));
#8911 = CARTESIAN_POINT('',(0.199995500464,3.789058422645));
#8912 = CARTESIAN_POINT('',(0.199995048101,3.859047491252));
#8913 = CARTESIAN_POINT('',(0.199995038118,4.020475055079));
#8914 = CARTESIAN_POINT('',(0.199995793135,4.111941758843));
#8915 = CARTESIAN_POINT('',(0.199997284465,4.203391850057));
#8916 = CARTESIAN_POINT('',(0.199999073109,4.294831186362));
#8917 = CARTESIAN_POINT('',(0.200000551907,4.386280689198));
#8918 = CARTESIAN_POINT('',(0.200001252738,4.477746517937));
#8919 = CARTESIAN_POINT('',(0.200001181668,4.647341084716));
#8920 = CARTESIAN_POINT('',(0.200000606569,4.725502394235));
#8921 = CARTESIAN_POINT('',(0.199999482169,4.803656259298));
#8922 = CARTESIAN_POINT('',(0.199998040637,4.881805543358));
#8923 = CARTESIAN_POINT('',(0.199996721341,4.959959896173));
#8924 = CARTESIAN_POINT('',(0.19999598109,5.038122005496));
#8925 = CARTESIAN_POINT('',(0.199995909535,5.199968835344));
#8926 = CARTESIAN_POINT('',(0.199996684151,5.283678230062));
#8927 = CARTESIAN_POINT('',(0.199998446578,5.367376947792));
#8928 = CARTESIAN_POINT('',(0.20000102128,5.451068574109));
#8929 = CARTESIAN_POINT('',(0.200003533012,5.534766459844));
#8930 = CARTESIAN_POINT('',(0.200004842981,5.618474594756));
#8931 = CARTESIAN_POINT('',(0.200004712402,5.766430339219));
#8932 = CARTESIAN_POINT('',(0.200003827936,5.830696256521));
#8933 = CARTESIAN_POINT('',(0.200002068506,5.894959454826));
#8934 = CARTESIAN_POINT('',(0.199999511638,5.959221189117));
#8935 = CARTESIAN_POINT('',(0.199996969749,6.023485301507));
#8936 = CARTESIAN_POINT('',(0.199995611259,6.087752804209));
#8937 = CARTESIAN_POINT('',(0.199995583974,6.182052339823));
#8938 = CARTESIAN_POINT('',(0.199995834221,6.212088367215));
#8939 = CARTESIAN_POINT('',(0.199996426726,6.24212434081));
#8940 = CARTESIAN_POINT('',(0.199997303702,6.27216015627));
#8941 = CARTESIAN_POINT('',(0.199998266255,6.302195677332));
#8942 = CARTESIAN_POINT('',(0.199998974384,6.332230735804));
#8943 = CARTESIAN_POINT('',(0.19999894698,6.362265131567));
#8944 = ( GEOMETRIC_REPRESENTATION_CONTEXT(2) 
PARAMETRIC_REPRESENTATION_CONTEXT() REPRESENTATION_CONTEXT('2D SPACE',''
  ) );
#8945 = ORIENTED_EDGE('',*,*,#7312,.T.);
#8946 = ORIENTED_EDGE('',*,*,#8947,.F.);
#8947 = EDGE_CURVE('',#8642,#7315,#8948,.T.);
#8948 = SURFACE_CURVE('',#8949,(#9027,#9108),.PCURVE_S1.);
#8949 = B_SPLINE_CURVE_WITH_KNOTS('',6,(#8950,#8951,#8952,#8953,#8954,
    #8955,#8956,#8957,#8958,#8959,#8960,#8961,#8962,#8963,#8964,#8965,
    #8966,#8967,#8968,#8969,#8970,#8971,#8972,#8973,#8974,#8975,#8976,
    #8977,#8978,#8979,#8980,#8981,#8982,#8983,#8984,#8985,#8986,#8987,
    #8988,#8989,#8990,#8991,#8992,#8993,#8994,#8995,#8996,#8997,#8998,
    #8999,#9000,#9001,#9002,#9003,#9004,#9005,#9006,#9007,#9008,#9009,
    #9010,#9011,#9012,#9013,#9014,#9015,#9016,#9017,#9018,#9019,#9020,
    #9021,#9022,#9023,#9024,#9025,#9026),.UNSPECIFIED.,.F.,.F.,(7,5,5,5,
    5,5,5,5,5,5,5,5,5,5,5,7),(0.,4.187073666912E-02,0.113872250415,
    0.180946100763,0.202652657578,0.285486678967,0.38885213775,
    0.463463878495,0.504465656824,0.601216801334,0.624127176806,
    0.719125159158,0.810935659494,0.902901376804,0.975765609085,1.),
  .UNSPECIFIED.);
#8950 = CARTESIAN_POINT('',(2.598734122635,2.0015007829E-07,
    1.124992365649));
#8951 = CARTESIAN_POINT('',(2.598734122635,0.113942677984,1.131969894644
    ));
#8952 = CARTESIAN_POINT('',(2.592739038531,0.227885789448,1.138946345046
    ));
#8953 = CARTESIAN_POINT('',(2.58074904741,0.341433169924,1.145922874267)
  );
#8954 = CARTESIAN_POINT('',(2.562798738507,0.454191832829,1.152899979301
    ));
#8955 = CARTESIAN_POINT('',(2.538956971966,0.565773314162,1.159877703472
    ));
#8956 = CARTESIAN_POINT('',(2.458374165487,0.864989356774,1.178855551384
    ));
#8957 = CARTESIAN_POINT('',(2.390300011844,1.049588853053,1.190857600588
    ));
#8958 = CARTESIAN_POINT('',(2.30562967306,1.227623061005,1.202859393033)
  );
#8959 = CARTESIAN_POINT('',(2.205184830972,1.397258496427,1.214860587485
    ));
#8960 = CARTESIAN_POINT('',(2.090027888885,1.556789669656,1.226862204891
    ));
#8961 = CARTESIAN_POINT('',(1.841769280405,1.842449909645,1.250041057715
    ));
#8962 = CARTESIAN_POINT('',(1.710419214344,1.970136033819,1.261219972455
    ));
#8963 = CARTESIAN_POINT('',(1.568526769391,2.086495162346,1.272397663785
    ));
#8964 = CARTESIAN_POINT('',(1.417324784289,2.190470359339,1.283575258219
    ));
#8965 = CARTESIAN_POINT('',(1.258170989286,2.281171090784,1.294753755393
    ));
#8966 = CARTESIAN_POINT('',(1.038964036269,2.382742731972,1.309549242196
    ));
#8967 = CARTESIAN_POINT('',(0.984691155898,2.406114845742,1.313166718393
    ));
#8968 = CARTESIAN_POINT('',(0.929790801501,2.428001963927,1.31678421942)
  );
#8969 = CARTESIAN_POINT('',(0.874313806002,2.448383283597,1.320401746307
    ));
#8970 = CARTESIAN_POINT('',(0.818311904888,2.467240331127,1.324019298071
    ));
#8971 = CARTESIAN_POINT('',(0.546327623913,2.5506386628,1.341441832853)
  );
#8972 = CARTESIAN_POINT('',(0.32390940743,2.594297443705,1.355249018304)
  );
#8973 = CARTESIAN_POINT('',(9.756511899461E-02,2.614606894348,
    1.369054285771));
#8974 = CARTESIAN_POINT('',(-0.129663436669,2.611222728301,
    1.382859474311));
#8975 = CARTESIAN_POINT('',(-0.354717158311,2.584261475029,
    1.396666596449));
#8976 = CARTESIAN_POINT('',(-0.848878189182,2.472235345393,
    1.427698329969));
#8977 = CARTESIAN_POINT('',(-1.115216996457,2.374393411526,
    1.444930284222));
#8978 = CARTESIAN_POINT('',(-1.367566006682,2.242216935634,
    1.462155267957));
#8979 = CARTESIAN_POINT('',(-1.600589991702,2.078356144743,
    1.479380417762));
#8980 = CARTESIAN_POINT('',(-1.809490858965,1.886341472903,
    1.496612713318));
#8981 = CARTESIAN_POINT('',(-2.120896662948,1.515401514743,
    1.526274891613));
#8982 = CARTESIAN_POINT('',(-2.236876737925,1.347641970276,
    1.538711268888));
#8983 = CARTESIAN_POINT('',(-2.336823386223,1.169364882576,
    1.551146573615));
#8984 = CARTESIAN_POINT('',(-2.41959901885,0.982495248228,1.56358198047)
  );
#8985 = CARTESIAN_POINT('',(-2.48434482315,0.789097571364,1.576018605072
    ));
#8986 = CARTESIAN_POINT('',(-2.555940989875,0.482736294367,
    1.595287539713));
#8987 = CARTESIAN_POINT('',(-2.575734545132,0.372777389949,
    1.602121131801));
#8988 = CARTESIAN_POINT('',(-2.589845732264,0.261872232399,
    1.608954650101));
#8989 = CARTESIAN_POINT('',(-2.598221519888,0.150387123096,
    1.615788072766));
#8990 = CARTESIAN_POINT('',(-2.600840532528,3.869156651082E-02,
    1.622621387011));
#8991 = CARTESIAN_POINT('',(-2.590333188924,-0.336024803988,
    1.645578770814));
#8992 = CARTESIAN_POINT('',(-2.550954427184,-0.59837812409,
    1.661706482004));
#8993 = CARTESIAN_POINT('',(-2.479688877211,-0.854885016862,
    1.677829011281));
#8994 = CARTESIAN_POINT('',(-2.377737552633,-1.100812679743,
    1.693951542563));
#8995 = CARTESIAN_POINT('',(-2.247071318407,-1.331693885121,
    1.71007929832));
#8996 = CARTESIAN_POINT('',(-2.053663615269,-1.593665931584,
    1.730021739281));
#8997 = CARTESIAN_POINT('',(-2.015189809566,-1.642757056777,
    1.733839947916));
#8998 = CARTESIAN_POINT('',(-1.975310454809,-1.690730110755,
    1.737658189497));
#8999 = CARTESIAN_POINT('',(-1.934066356622,-1.737535036694,
    1.741476463602));
#9000 = CARTESIAN_POINT('',(-1.891500677505,-1.783123791247,
    1.745294768513));
#9001 = CARTESIAN_POINT('',(-1.665868947766,-2.011250611475,
    1.76494583623));
#9002 = CARTESIAN_POINT('',(-1.462094736211,-2.173393719472,
    1.780782765846));
#9003 = CARTESIAN_POINT('',(-1.239654401589,-2.310488425238,
    1.796615734273));
#9004 = CARTESIAN_POINT('',(-1.002426069173,-2.420021377026,
    1.812448541414));
#9005 = CARTESIAN_POINT('',(-0.754648372099,-2.500150843828,
    1.828285030119));
#9006 = CARTESIAN_POINT('',(-0.255826670774,-2.59815157023,
    1.859418175376));
#9007 = CARTESIAN_POINT('',(-5.06382665764E-03,-2.618042716097,
    1.874721684787));
#9008 = CARTESIAN_POINT('',(0.247116652678,-2.608816100553,
    1.890020963347));
#9009 = CARTESIAN_POINT('',(0.496544203635,-2.570528539575,
    1.905320095145));
#9010 = CARTESIAN_POINT('',(0.739112023603,-2.503907368207,
    1.920623502095));
#9011 = CARTESIAN_POINT('',(1.203006137189,-2.317072773719,1.95125145051
    ));
#9012 = CARTESIAN_POINT('',(1.424392901304,-2.196729839831,
    1.966582271574));
#9013 = CARTESIAN_POINT('',(1.63103037377,-2.051125572695,1.981910349126
    ));
#9014 = CARTESIAN_POINT('',(1.819437518015,-1.882595202328,1.99723902652
    ));
#9015 = CARTESIAN_POINT('',(1.986554797269,-1.694004274594,
    2.012570598351));
#9016 = CARTESIAN_POINT('',(2.243540143142,-1.32637194358,2.040041819561
    ));
#9017 = CARTESIAN_POINT('',(2.34227189019,-1.153442554413,2.052185990284
    ));
#9018 = CARTESIAN_POINT('',(2.424917300893,-0.971828215368,
    2.064328234278));
#9019 = CARTESIAN_POINT('',(2.490571137398,-0.783404424461,
    2.076469772123));
#9020 = CARTESIAN_POINT('',(2.538593056794,-0.59015281463,2.088613224992
    ));
#9021 = CARTESIAN_POINT('',(2.578670465164,-0.328978299856,
    2.104794888148));
#9022 = CARTESIAN_POINT('',(2.586688153051,-0.26348826532,2.108833644907
    ));
#9023 = CARTESIAN_POINT('',(2.592709181932,-0.19776923716,2.112872454675
    ));
#9024 = CARTESIAN_POINT('',(2.596725800977,-0.131897228014,
    2.116911274077));
#9025 = CARTESIAN_POINT('',(2.598734122635,-6.594854702759E-02,
    2.120950014545));
#9026 = CARTESIAN_POINT('',(2.598734122635,2.0015005253E-07,
    2.124988542311));
#9027 = PCURVE('',#7330,#9028);
#9028 = DEFINITIONAL_REPRESENTATION('',(#9029),#9107);
#9029 = B_SPLINE_CURVE_WITH_KNOTS('',6,(#9030,#9031,#9032,#9033,#9034,
    #9035,#9036,#9037,#9038,#9039,#9040,#9041,#9042,#9043,#9044,#9045,
    #9046,#9047,#9048,#9049,#9050,#9051,#9052,#9053,#9054,#9055,#9056,
    #9057,#9058,#9059,#9060,#9061,#9062,#9063,#9064,#9065,#9066,#9067,
    #9068,#9069,#9070,#9071,#9072,#9073,#9074,#9075,#9076,#9077,#9078,
    #9079,#9080,#9081,#9082,#9083,#9084,#9085,#9086,#9087,#9088,#9089,
    #9090,#9091,#9092,#9093,#9094,#9095,#9096,#9097,#9098,#9099,#9100,
    #9101,#9102,#9103,#9104,#9105,#9106),.UNSPECIFIED.,.F.,.F.,(7,5,5,5,
    5,5,5,5,5,5,5,5,5,5,5,7),(0.,4.187073666912E-02,0.113872250415,
    0.180946100763,0.202652657578,0.285486678967,0.38885213775,
    0.463463878495,0.504465656824,0.601216801334,0.624127176806,
    0.719125159158,0.810935659494,0.902901376804,0.975765609085,1.),
  .UNSPECIFIED.);
#9030 = CARTESIAN_POINT('',(0.,0.876465235342));
#9031 = CARTESIAN_POINT('',(4.384537719413E-02,0.883442764337));
#9032 = CARTESIAN_POINT('',(8.769099982281E-02,0.890419214739));
#9033 = CARTESIAN_POINT('',(0.131536061759,0.89739574396));
#9034 = CARTESIAN_POINT('',(0.175381060781,0.904372848994));
#9035 = CARTESIAN_POINT('',(0.219226487887,0.911350573165));
#9036 = CARTESIAN_POINT('',(0.338468051025,0.930328421077));
#9037 = CARTESIAN_POINT('',(0.413870467704,0.942330470281));
#9038 = CARTESIAN_POINT('',(0.489266096167,0.954332262726));
#9039 = CARTESIAN_POINT('',(0.564661817131,0.966333457178));
#9040 = CARTESIAN_POINT('',(0.640064477344,0.978335074584));
#9041 = CARTESIAN_POINT('',(0.785698007542,1.001513927408));
#9042 = CARTESIAN_POINT('',(0.855938868303,1.012692842147));
#9043 = CARTESIAN_POINT('',(0.926174878213,1.023870533477));
#9044 = CARTESIAN_POINT('',(0.996410854683,1.035048127912));
#9045 = CARTESIAN_POINT('',(1.066651682733,1.046226625086));
#9046 = CARTESIAN_POINT('',(1.159618372464,1.061022111889));
#9047 = CARTESIAN_POINT('',(1.182348462907,1.064639588086));
#9048 = CARTESIAN_POINT('',(1.20507855559,1.068257089113));
#9049 = CARTESIAN_POINT('',(1.227808649473,1.071874616));
#9050 = CARTESIAN_POINT('',(1.250538739694,1.075492167764));
#9051 = CARTESIAN_POINT('',(1.36000868022,1.092914702546));
#9052 = CARTESIAN_POINT('',(1.446760340559,1.106721887997));
#9053 = CARTESIAN_POINT('',(1.533498224025,1.120527155464));
#9054 = CARTESIAN_POINT('',(1.620236153448,1.134332344004));
#9055 = CARTESIAN_POINT('',(1.706987925715,1.148139466142));
#9056 = CARTESIAN_POINT('',(1.901967505416,1.179171199662));
#9057 = CARTESIAN_POINT('',(2.010242308794,1.196403153915));
#9058 = CARTESIAN_POINT('',(2.118475813006,1.21362813765));
#9059 = CARTESIAN_POINT('',(2.226709251425,1.230853287455));
#9060 = CARTESIAN_POINT('',(2.334983924948,1.248085583011));
#9061 = CARTESIAN_POINT('',(2.521353240499,1.277747761306));
#9062 = CARTESIAN_POINT('',(2.599490155198,1.290184138581));
#9063 = CARTESIAN_POINT('',(2.677618846796,1.302619443308));
#9064 = CARTESIAN_POINT('',(2.755747550284,1.315054850163));
#9065 = CARTESIAN_POINT('',(2.833884499986,1.327491474765));
#9066 = CARTESIAN_POINT('',(2.954949607099,1.346760409406));
#9067 = CARTESIAN_POINT('',(2.997884893072,1.353594001494));
#9068 = CARTESIAN_POINT('',(3.04082024673,1.360427519794));
#9069 = CARTESIAN_POINT('',(3.083755606933,1.367260942459));
#9070 = CARTESIAN_POINT('',(3.126690911891,1.374094256704));
#9071 = CARTESIAN_POINT('',(3.270939473297,1.397051640507));
#9072 = CARTESIAN_POINT('',(3.372278267161,1.413179351697));
#9073 = CARTESIAN_POINT('',(3.473587273801,1.429301880974));
#9074 = CARTESIAN_POINT('',(3.574896229688,1.445424412256));
#9075 = CARTESIAN_POINT('',(3.67623491389,1.461552168013));
#9076 = CARTESIAN_POINT('',(3.801538817159,1.481494608974));
#9077 = CARTESIAN_POINT('',(3.825529486375,1.485312817609));
#9078 = CARTESIAN_POINT('',(3.849520157954,1.48913105919));
#9079 = CARTESIAN_POINT('',(3.873510829182,1.492949333294));
#9080 = CARTESIAN_POINT('',(3.897501496197,1.496767638206));
#9081 = CARTESIAN_POINT('',(4.020969532251,1.516418705923));
#9082 = CARTESIAN_POINT('',(4.120470120816,1.532255635539));
#9083 = CARTESIAN_POINT('',(4.219943537863,1.548088603966));
#9084 = CARTESIAN_POINT('',(4.319417013819,1.563921411107));
#9085 = CARTESIAN_POINT('',(4.418917747669,1.579757899812));
#9086 = CARTESIAN_POINT('',(4.614535060635,1.610891045068));
#9087 = CARTESIAN_POINT('',(4.710694445577,1.62619455448));
#9088 = CARTESIAN_POINT('',(4.806830859246,1.64149383304));
#9089 = CARTESIAN_POINT('',(4.902967211333,1.656792964838));
#9090 = CARTESIAN_POINT('',(4.999126497619,1.672096371788));
#9091 = CARTESIAN_POINT('',(5.1915682326,1.702724320203));
#9092 = CARTESIAN_POINT('',(5.287890110082,1.718055141267));
#9093 = CARTESIAN_POINT('',(5.384188815608,1.733383218819));
#9094 = CARTESIAN_POINT('',(5.480487582473,1.748711896213));
#9095 = CARTESIAN_POINT('',(5.576809611268,1.764043468044));
#9096 = CARTESIAN_POINT('',(5.749411976045,1.791514689254));
#9097 = CARTESIAN_POINT('',(5.825718321489,1.803658859977));
#9098 = CARTESIAN_POINT('',(5.902017332724,1.815801103971));
#9099 = CARTESIAN_POINT('',(5.978316274711,1.827942641816));
#9100 = CARTESIAN_POINT('',(6.054622387638,1.840086094685));
#9101 = CARTESIAN_POINT('',(6.156299421021,1.856267757841));
#9102 = CARTESIAN_POINT('',(6.181676532554,1.8603065146));
#9103 = CARTESIAN_POINT('',(6.207053669075,1.864345324368));
#9104 = CARTESIAN_POINT('',(6.232430838603,1.86838414377));
#9105 = CARTESIAN_POINT('',(6.257808048843,1.872422884238));
#9106 = CARTESIAN_POINT('',(6.28318530718,1.876461412004));
#9107 = ( GEOMETRIC_REPRESENTATION_CONTEXT(2) 
PARAMETRIC_REPRESENTATION_CONTEXT() REPRESENTATION_CONTEXT('2D SPACE',''
  ) );
#9108 = PCURVE('',#7953,#9109);
#9109 = DEFINITIONAL_REPRESENTATION('',(#9110),#9188);
#9110 = B_SPLINE_CURVE_WITH_KNOTS('',6,(#9111,#9112,#9113,#9114,#9115,
    #9116,#9117,#9118,#9119,#9120,#9121,#9122,#9123,#9124,#9125,#9126,
    #9127,#9128,#9129,#9130,#9131,#9132,#9133,#9134,#9135,#9136,#9137,
    #9138,#9139,#9140,#9141,#9142,#9143,#9144,#9145,#9146,#9147,#9148,
    #9149,#9150,#9151,#9152,#9153,#9154,#9155,#9156,#9157,#9158,#9159,
    #9160,#9161,#9162,#9163,#9164,#9165,#9166,#9167,#9168,#9169,#9170,
    #9171,#9172,#9173,#9174,#9175,#9176,#9177,#9178,#9179,#9180,#9181,
    #9182,#9183,#9184,#9185,#9186,#9187),.UNSPECIFIED.,.F.,.F.,(7,5,5,5,
    5,5,5,5,5,5,5,5,5,5,5,7),(0.,4.187073666912E-02,0.113872250415,
    0.180946100763,0.202652657578,0.285486678967,0.38885213775,
    0.463463878495,0.504465656824,0.601216801334,0.624127176806,
    0.719125159158,0.810935659494,0.902901376804,0.975765609085,1.),
  .UNSPECIFIED.);
#9111 = CARTESIAN_POINT('',(0.6250073711,0.));
#9112 = CARTESIAN_POINT('',(0.625007715423,4.439519287088E-02));
#9113 = CARTESIAN_POINT('',(0.625010304281,8.879222030074E-02));
#9114 = CARTESIAN_POINT('',(0.625012746289,0.13318956291));
#9115 = CARTESIAN_POINT('',(0.625014243198,0.177587218433));
#9116 = CARTESIAN_POINT('',(0.62501483431,0.221985360521));
#9117 = CARTESIAN_POINT('',(0.625014308302,0.342729805068));
#9118 = CARTESIAN_POINT('',(0.625011675334,0.419082264065));
#9119 = CARTESIAN_POINT('',(0.625007738108,0.4954266947));
#9120 = CARTESIAN_POINT('',(0.625005130949,0.571770535998));
#9121 = CARTESIAN_POINT('',(0.625003904043,0.648121230899));
#9122 = CARTESIAN_POINT('',(0.625003823367,0.795586028653));
#9123 = CARTESIAN_POINT('',(0.625004800254,0.866710232768));
#9124 = CARTESIAN_POINT('',(0.625006571213,0.937829869266));
#9125 = CARTESIAN_POINT('',(0.625008390467,1.008949886099));
#9126 = CARTESIAN_POINT('',(0.625009804342,1.080075087107));
#9127 = CARTESIAN_POINT('',(0.62501095319,1.174212456575));
#9128 = CARTESIAN_POINT('',(0.625011176775,1.197228788717));
#9129 = CARTESIAN_POINT('',(0.625011338365,1.22024513183));
#9130 = CARTESIAN_POINT('',(0.625011436297,1.243261479928));
#9131 = CARTESIAN_POINT('',(0.625011471941,1.266277823365));
#9132 = CARTESIAN_POINT('',(0.625011364807,1.377126356042));
#9133 = CARTESIAN_POINT('',(0.625010438385,1.464970431831));
#9134 = CARTESIAN_POINT('',(0.625008877875,1.552800234968));
#9135 = CARTESIAN_POINT('',(0.625007518083,1.640629658937));
#9136 = CARTESIAN_POINT('',(0.625006836325,1.728472862405));
#9137 = CARTESIAN_POINT('',(0.625006844522,1.925905334644));
#9138 = CARTESIAN_POINT('',(0.625007909552,2.035542151696));
#9139 = CARTESIAN_POINT('',(0.625010147216,2.145137375324));
#9140 = CARTESIAN_POINT('',(0.625012342475,2.254733119104));
#9141 = CARTESIAN_POINT('',(0.625013399583,2.364370946122));
#9142 = CARTESIAN_POINT('',(0.625013262323,2.553086744201));
#9143 = CARTESIAN_POINT('',(0.625012608456,2.632207481751));
#9144 = CARTESIAN_POINT('',(0.625011330779,2.711319836462));
#9145 = CARTESIAN_POINT('',(0.625009649192,2.790432034382));
#9146 = CARTESIAN_POINT('',(0.625007965262,2.869552388895));
#9147 = CARTESIAN_POINT('',(0.625005790753,2.992140943202));
#9148 = CARTESIAN_POINT('',(0.625005103174,3.035616467276));
#9149 = CARTESIAN_POINT('',(0.625004551224,3.079092021412));
#9150 = CARTESIAN_POINT('',(0.625004170402,3.122567555174));
#9151 = CARTESIAN_POINT('',(0.625003979682,3.166043020674));
#9152 = CARTESIAN_POINT('',(0.625003985837,3.312106363301));
#9153 = CARTESIAN_POINT('',(0.625005052345,3.414720121688));
#9154 = CARTESIAN_POINT('',(0.625007208269,3.517303950894));
#9155 = CARTESIAN_POINT('',(0.625009731796,3.61988818568));
#9156 = CARTESIAN_POINT('',(0.625011624936,3.72250284137));
#9157 = CARTESIAN_POINT('',(0.62501285506,3.849384583595));
#9158 = CARTESIAN_POINT('',(0.62501303997,3.873677351045));
#9159 = CARTESIAN_POINT('',(0.625013170174,3.897970123209));
#9160 = CARTESIAN_POINT('',(0.625013243581,3.922262894218));
#9161 = CARTESIAN_POINT('',(0.625013260107,3.946555657006));
#9162 = CARTESIAN_POINT('',(0.625013062305,4.07157839296));
#9163 = CARTESIAN_POINT('',(0.625011963304,4.172331762149));
#9164 = CARTESIAN_POINT('',(0.625010028967,4.273057280893));
#9165 = CARTESIAN_POINT('',(0.62500811167,4.373782335626));
#9166 = CARTESIAN_POINT('',(0.625007141952,4.474534706441));
#9167 = CARTESIAN_POINT('',(0.625007120092,4.672612703311));
#9168 = CARTESIAN_POINT('',(0.625008005876,4.76998167611));
#9169 = CARTESIAN_POINT('',(0.625009861905,4.867327613306));
#9170 = CARTESIAN_POINT('',(0.625012012755,4.964674040582));
#9171 = CARTESIAN_POINT('',(0.625013128541,5.062044099735));
#9172 = CARTESIAN_POINT('',(0.625012867984,5.256909092492));
#9173 = CARTESIAN_POINT('',(0.625011483941,5.354443946653));
#9174 = CARTESIAN_POINT('',(0.625008578025,5.451955140113));
#9175 = CARTESIAN_POINT('',(0.625004815866,5.549465590956));
#9176 = CARTESIAN_POINT('',(0.625002827093,5.646999010547));
#9177 = CARTESIAN_POINT('',(0.62500286234,5.821772362527));
#9178 = CARTESIAN_POINT('',(0.625004161017,5.899038574887));
#9179 = CARTESIAN_POINT('',(0.625006778493,5.976297773683));
#9180 = CARTESIAN_POINT('',(0.625010457746,6.053557796743));
#9181 = CARTESIAN_POINT('',(0.625011973342,6.130826074763));
#9182 = CARTESIAN_POINT('',(0.625011956097,6.233783986579));
#9183 = CARTESIAN_POINT('',(0.625011794701,6.259480687277));
#9184 = CARTESIAN_POINT('',(0.625011475193,6.285177246875));
#9185 = CARTESIAN_POINT('',(0.62501109648,6.310873580119));
#9186 = CARTESIAN_POINT('',(0.625010857391,6.336569574965));
#9187 = CARTESIAN_POINT('',(0.625011056684,6.362265092575));
#9188 = ( GEOMETRIC_REPRESENTATION_CONTEXT(2) 
PARAMETRIC_REPRESENTATION_CONTEXT() REPRESENTATION_CONTEXT('2D SPACE',''
  ) );
#9189 = ADVANCED_FACE('',(#9190),#7494,.F.);
#9190 = FACE_BOUND('',#9191,.F.);
#9191 = EDGE_LOOP('',(#9192,#9193,#9215,#9245));
#9192 = ORIENTED_EDGE('',*,*,#7342,.F.);
#9193 = ORIENTED_EDGE('',*,*,#9194,.T.);
#9194 = EDGE_CURVE('',#7313,#9195,#9197,.T.);
#9195 = VERTEX_POINT('',#9196);
#9196 = CARTESIAN_POINT('',(3.140003191759,-5.86E-13,1.562500000012));
#9197 = SURFACE_CURVE('',#9198,(#9201,#9208),.PCURVE_S1.);
#9198 = B_SPLINE_CURVE_WITH_KNOTS('',1,(#9199,#9200),.UNSPECIFIED.,.F.,
  .F.,(2,2),(0.,0.825),.PIECEWISE_BEZIER_KNOTS.);
#9199 = CARTESIAN_POINT('',(2.425529224283,2.641964749E-07,
    1.974994787614));
#9200 = CARTESIAN_POINT('',(3.140003191759,-6.1507E-13,1.562500000012));
#9201 = PCURVE('',#7494,#9202);
#9202 = DEFINITIONAL_REPRESENTATION('',(#9203),#9207);
#9203 = LINE('',#9204,#9205);
#9204 = CARTESIAN_POINT('',(0.,0.));
#9205 = VECTOR('',#9206,1.);
#9206 = DIRECTION('',(1.,0.));
#9207 = ( GEOMETRIC_REPRESENTATION_CONTEXT(2) 
PARAMETRIC_REPRESENTATION_CONTEXT() REPRESENTATION_CONTEXT('2D SPACE',''
  ) );
#9208 = PCURVE('',#8837,#9209);
#9209 = DEFINITIONAL_REPRESENTATION('',(#9210),#9214);
#9210 = LINE('',#9211,#9212);
#9211 = CARTESIAN_POINT('',(0.,6.362265131567));
#9212 = VECTOR('',#9213,1.);
#9213 = DIRECTION('',(1.,0.));
#9214 = ( GEOMETRIC_REPRESENTATION_CONTEXT(2) 
PARAMETRIC_REPRESENTATION_CONTEXT() REPRESENTATION_CONTEXT('2D SPACE',''
  ) );
#9215 = ORIENTED_EDGE('',*,*,#9216,.T.);
#9216 = EDGE_CURVE('',#9195,#7853,#9217,.T.);
#9217 = SURFACE_CURVE('',#9218,(#9231,#9238),.PCURVE_S1.);
#9218 = B_SPLINE_CURVE_WITH_KNOTS('',11,(#9219,#9220,#9221,#9222,#9223,
    #9224,#9225,#9226,#9227,#9228,#9229,#9230),.UNSPECIFIED.,.F.,.F.,(12
    ,12),(0.,6.362265131567),.PIECEWISE_BEZIER_KNOTS.);
#9219 = CARTESIAN_POINT('',(3.140003191759,-5.9057E-13,1.562500000012));
#9220 = CARTESIAN_POINT('',(3.140005191337,1.793566084287,1.653409090936
    ));
#9221 = CARTESIAN_POINT('',(2.013349319116,3.58709278289,1.744318182094)
  );
#9222 = CARTESIAN_POINT('',(-0.242564911594,4.594286528835,
    1.835227271355));
#9223 = CARTESIAN_POINT('',(-2.99770316035,4.025727215722,1.926136367266
    ));
#9224 = CARTESIAN_POINT('',(-5.05341199022,1.660201172619,2.017045448803
    ));
#9225 = CARTESIAN_POINT('',(-5.052236254915,-1.660215230723,
    2.107954551508));
#9226 = CARTESIAN_POINT('',(-2.998493809616,-4.02570268518,
    2.198863632222));
#9227 = CARTESIAN_POINT('',(-0.24223246334,-4.594299448751,
    2.289772729061));
#9228 = CARTESIAN_POINT('',(2.013281818973,-3.587090270682,
    2.380681817838));
#9229 = CARTESIAN_POINT('',(3.14000278806,-1.793566084288,2.471590909095
    ));
#9230 = CARTESIAN_POINT('',(3.140004787638,-1.31177E-12,2.562500000026)
  );
#9231 = PCURVE('',#7494,#9232);
#9232 = DEFINITIONAL_REPRESENTATION('',(#9233),#9237);
#9233 = LINE('',#9234,#9235);
#9234 = CARTESIAN_POINT('',(0.825,0.));
#9235 = VECTOR('',#9236,1.);
#9236 = DIRECTION('',(0.,1.));
#9237 = ( GEOMETRIC_REPRESENTATION_CONTEXT(2) 
PARAMETRIC_REPRESENTATION_CONTEXT() REPRESENTATION_CONTEXT('2D SPACE',''
  ) );
#9238 = PCURVE('',#8009,#9239);
#9239 = DEFINITIONAL_REPRESENTATION('',(#9240),#9244);
#9240 = LINE('',#9241,#9242);
#9241 = CARTESIAN_POINT('',(0.,0.));
#9242 = VECTOR('',#9243,1.);
#9243 = DIRECTION('',(0.,1.));
#9244 = ( GEOMETRIC_REPRESENTATION_CONTEXT(2) 
PARAMETRIC_REPRESENTATION_CONTEXT() REPRESENTATION_CONTEXT('2D SPACE',''
  ) );
#9245 = ORIENTED_EDGE('',*,*,#7852,.F.);
#9246 = ADVANCED_FACE('',(#9247),#7953,.F.);
#9247 = FACE_BOUND('',#9248,.F.);
#9248 = EDGE_LOOP('',(#9249,#9281,#9326,#9327));
#9249 = ORIENTED_EDGE('',*,*,#9250,.F.);
#9250 = EDGE_CURVE('',#9251,#7909,#9253,.T.);
#9251 = VERTEX_POINT('',#9252);
#9252 = CARTESIAN_POINT('',(3.14000410369,-7.54E-13,1.437500000015));
#9253 = SURFACE_CURVE('',#9254,(#9267,#9274),.PCURVE_S1.);
#9254 = ( BOUNDED_CURVE() B_SPLINE_CURVE(11,(#9255,#9256,#9257,#9258,
    #9259,#9260,#9261,#9262,#9263,#9264,#9265,#9266),.UNSPECIFIED.,.F.,
.F.) B_SPLINE_CURVE_WITH_KNOTS((12,12),(0.,6.362265131567),
.PIECEWISE_BEZIER_KNOTS.) CURVE() GEOMETRIC_REPRESENTATION_ITEM() 
RATIONAL_B_SPLINE_CURVE((1.056590953773,1.056590953773,1.056590953773,
    1.056590953773,1.056590953773,1.056590953774,1.056590953773,
    1.056590953773,1.056590953773,1.056590953773,1.056590953773,
1.056590953773)) REPRESENTATION_ITEM('') );
#9255 = CARTESIAN_POINT('',(3.14000410369,-7.527E-13,1.437500000015));
#9256 = CARTESIAN_POINT('',(3.140006674576,1.793566735263,1.528409090943
    ));
#9257 = CARTESIAN_POINT('',(2.013359692974,3.587094444972,1.619318182173
    ));
#9258 = CARTESIAN_POINT('',(-0.242612492513,4.594286347789,
    1.710227270961));
#9259 = CARTESIAN_POINT('',(-2.997591298379,4.025732188175,
    1.801136368307));
#9260 = CARTESIAN_POINT('',(-5.053581786972,1.660199757603,
    1.892045447157));
#9261 = CARTESIAN_POINT('',(-5.052070127303,-1.660217832309,
    1.982954553242));
#9262 = CARTESIAN_POINT('',(-2.998607847432,-4.025700648905,
    2.073863631035));
#9263 = CARTESIAN_POINT('',(-0.242185059046,-4.594302959111,
    2.164772729574));
#9264 = CARTESIAN_POINT('',(2.013272907077,-3.587091214991,
    2.255681817739));
#9265 = CARTESIAN_POINT('',(3.140003584649,-1.793566735266,
    2.346590909096));
#9266 = CARTESIAN_POINT('',(3.140006155535,-1.69418E-12,2.437500000034)
  );
#9267 = PCURVE('',#7953,#9268);
#9268 = DEFINITIONAL_REPRESENTATION('',(#9269),#9273);
#9269 = LINE('',#9270,#9271);
#9270 = CARTESIAN_POINT('',(0.,0.));
#9271 = VECTOR('',#9272,1.);
#9272 = DIRECTION('',(0.,1.));
#9273 = ( GEOMETRIC_REPRESENTATION_CONTEXT(2) 
PARAMETRIC_REPRESENTATION_CONTEXT() REPRESENTATION_CONTEXT('2D SPACE',''
  ) );
#9274 = PCURVE('',#8009,#9275);
#9275 = DEFINITIONAL_REPRESENTATION('',(#9276),#9280);
#9276 = LINE('',#9277,#9278);
#9277 = CARTESIAN_POINT('',(2.094395102393,0.));
#9278 = VECTOR('',#9279,1.);
#9279 = DIRECTION('',(0.,1.));
#9280 = ( GEOMETRIC_REPRESENTATION_CONTEXT(2) 
PARAMETRIC_REPRESENTATION_CONTEXT() REPRESENTATION_CONTEXT('2D SPACE',''
  ) );
#9281 = ORIENTED_EDGE('',*,*,#9282,.T.);
#9282 = EDGE_CURVE('',#9251,#8642,#9283,.T.);
#9283 = SURFACE_CURVE('',#9284,(#9287,#9294),.PCURVE_S1.);
#9284 = B_SPLINE_CURVE_WITH_KNOTS('',1,(#9285,#9286),.UNSPECIFIED.,.F.,
  .F.,(2,2),(0.,0.825),.PIECEWISE_BEZIER_KNOTS.);
#9285 = CARTESIAN_POINT('',(3.14000410369,-7.794E-13,1.437500000015));
#9286 = CARTESIAN_POINT('',(2.42553615496,2.6419520316E-07,
    1.024994787639));
#9287 = PCURVE('',#7953,#9288);
#9288 = DEFINITIONAL_REPRESENTATION('',(#9289),#9293);
#9289 = LINE('',#9290,#9291);
#9290 = CARTESIAN_POINT('',(0.,0.));
#9291 = VECTOR('',#9292,1.);
#9292 = DIRECTION('',(1.,0.));
#9293 = ( GEOMETRIC_REPRESENTATION_CONTEXT(2) 
PARAMETRIC_REPRESENTATION_CONTEXT() REPRESENTATION_CONTEXT('2D SPACE',''
  ) );
#9294 = PCURVE('',#9295,#9320);
#9295 = B_SPLINE_SURFACE_WITH_KNOTS('',1,11,(
    (#9296,#9297,#9298,#9299,#9300,#9301,#9302,#9303,#9304,#9305,#9306
      ,#9307)
    ,(#9308,#9309,#9310,#9311,#9312,#9313,#9314,#9315,#9316,#9317,#9318
      ,#9319
    )),.UNSPECIFIED.,.F.,.F.,.F.,(2,2),(12,12),(0.,0.825),(0.,
    6.362265131567),.PIECEWISE_BEZIER_KNOTS.);
#9296 = CARTESIAN_POINT('',(3.140002051845,-1.9321E-13,0.437500000004));
#9297 = CARTESIAN_POINT('',(3.140004622731,1.793565563506,0.528409090922
    ));
#9298 = CARTESIAN_POINT('',(2.013358377207,3.587092099222,0.619318181999
    ));
#9299 = CARTESIAN_POINT('',(-0.242612333552,4.594283351405,0.71022727176
    ));
#9300 = CARTESIAN_POINT('',(-2.997589340119,4.025729545617,
    0.801136366292));
#9301 = CARTESIAN_POINT('',(-5.053578484749,1.660198689685,
    0.892045450177));
#9302 = CARTESIAN_POINT('',(-5.052066825075,-1.660216764395,
    0.982954550192));
#9303 = CARTESIAN_POINT('',(-2.998605889171,-4.025698006347,
    1.07386363302));
#9304 = CARTESIAN_POINT('',(-0.242184900084,-4.594299962729,
    1.164772728745));
#9305 = CARTESIAN_POINT('',(2.013271591313,-3.587088869239,
    1.255681817884));
#9306 = CARTESIAN_POINT('',(3.140001532804,-1.793565563506,
    1.346590909087));
#9307 = CARTESIAN_POINT('',(3.14000410369,-7.794E-13,1.437500000015));
#9308 = CARTESIAN_POINT('',(2.425532598414,1.3209793759E-07,
    2.499739381308E-02));
#9309 = CARTESIAN_POINT('',(2.425536979191,1.385550070432,0.115903219275
    ));
#9310 = CARTESIAN_POINT('',(1.555229880897,2.770284359361,0.206758688925
    ));
#9311 = CARTESIAN_POINT('',(-0.1874178142,3.550912780315,0.298006722619)
  );
#9312 = CARTESIAN_POINT('',(-2.315335160229,3.105581133171,
    0.387935796306));
#9313 = CARTESIAN_POINT('',(-3.904271541738,1.288335055362,
    0.480598845844));
#9314 = CARTESIAN_POINT('',(-3.9016511149,-1.288367022778,0.569393336216
    ));
#9315 = CARTESIAN_POINT('',(-2.317096675243,-3.105526843105,
    0.662056383921));
#9316 = CARTESIAN_POINT('',(-0.186676347839,-3.55094160409,
    0.751985459676));
#9317 = CARTESIAN_POINT('',(1.555079904475,-2.770278506575,0.84323349229
    ));
#9318 = CARTESIAN_POINT('',(2.425531849609,-1.385549674138,
    0.934088962162));
#9319 = CARTESIAN_POINT('',(2.42553615496,2.6419520316E-07,
    1.024994787639));
#9320 = DEFINITIONAL_REPRESENTATION('',(#9321),#9325);
#9321 = LINE('',#9322,#9323);
#9322 = CARTESIAN_POINT('',(0.,6.362265131567));
#9323 = VECTOR('',#9324,1.);
#9324 = DIRECTION('',(1.,0.));
#9325 = ( GEOMETRIC_REPRESENTATION_CONTEXT(2) 
PARAMETRIC_REPRESENTATION_CONTEXT() REPRESENTATION_CONTEXT('2D SPACE',''
  ) );
#9326 = ORIENTED_EDGE('',*,*,#8947,.T.);
#9327 = ORIENTED_EDGE('',*,*,#7940,.F.);
#9328 = ADVANCED_FACE('',(#9329),#8009,.F.);
#9329 = FACE_BOUND('',#9330,.F.);
#9330 = EDGE_LOOP('',(#9331,#9332,#9442,#9443));
#9331 = ORIENTED_EDGE('',*,*,#9216,.F.);
#9332 = ORIENTED_EDGE('',*,*,#9333,.T.);
#9333 = EDGE_CURVE('',#9195,#9251,#9334,.T.);
#9334 = SURFACE_CURVE('',#9335,(#9343,#9350),.PCURVE_S1.);
#9335 = ( BOUNDED_CURVE() B_SPLINE_CURVE(6,(#9336,#9337,#9338,#9339,
#9340,#9341,#9342),.UNSPECIFIED.,.F.,.F.) B_SPLINE_CURVE_WITH_KNOTS((7,7
),(0.,2.094395102393),.PIECEWISE_BEZIER_KNOTS.) CURVE() 
GEOMETRIC_REPRESENTATION_ITEM() RATIONAL_B_SPLINE_CURVE((1.056590953773,
    1.017435169568,0.996326512422,0.989390034249,0.996326512422,
1.017435169568,1.056590953773)) REPRESENTATION_ITEM('') );
#9336 = CARTESIAN_POINT('',(3.140003191759,-6.1449E-13,1.562500000012));
#9337 = CARTESIAN_POINT('',(3.162658935797,-8.37822194E-09,1.54941992047
    ));
#9338 = CARTESIAN_POINT('',(3.178624597619,-1.428195917E-08,
    1.527281298814));
#9339 = CARTESIAN_POINT('',(3.184395392322,-1.641584404E-08,
    1.500000323871));
#9340 = CARTESIAN_POINT('',(3.178624995673,-1.428203687E-08,
    1.47271926473));
#9341 = CARTESIAN_POINT('',(3.162659656876,-8.3783548E-09,1.450580410123
    ));
#9342 = CARTESIAN_POINT('',(3.14000410369,-7.8168E-13,1.437500000015));
#9343 = PCURVE('',#8009,#9344);
#9344 = DEFINITIONAL_REPRESENTATION('',(#9345),#9349);
#9345 = LINE('',#9346,#9347);
#9346 = CARTESIAN_POINT('',(0.,0.));
#9347 = VECTOR('',#9348,1.);
#9348 = DIRECTION('',(1.,0.));
#9349 = ( GEOMETRIC_REPRESENTATION_CONTEXT(2) 
PARAMETRIC_REPRESENTATION_CONTEXT() REPRESENTATION_CONTEXT('2D SPACE',''
  ) );
#9350 = PCURVE('',#9351,#9436);
#9351 = ( BOUNDED_SURFACE() B_SPLINE_SURFACE(6,11,(
    (#9352,#9353,#9354,#9355,#9356,#9357,#9358,#9359,#9360,#9361,#9362
      ,#9363)
    ,(#9364,#9365,#9366,#9367,#9368,#9369,#9370,#9371,#9372,#9373,#9374
      ,#9375)
    ,(#9376,#9377,#9378,#9379,#9380,#9381,#9382,#9383,#9384,#9385,#9386
      ,#9387)
    ,(#9388,#9389,#9390,#9391,#9392,#9393,#9394,#9395,#9396,#9397,#9398
      ,#9399)
    ,(#9400,#9401,#9402,#9403,#9404,#9405,#9406,#9407,#9408,#9409,#9410
      ,#9411)
    ,(#9412,#9413,#9414,#9415,#9416,#9417,#9418,#9419,#9420,#9421,#9422
      ,#9423)
    ,(#9424,#9425,#9426,#9427,#9428,#9429,#9430,#9431,#9432,#9433,#9434
,#9435
    )),.UNSPECIFIED.,.F.,.F.,.F.) B_SPLINE_SURFACE_WITH_KNOTS((7,7),(12,
    12),(0.,2.094395102393),(0.,6.362265131567),
.PIECEWISE_BEZIER_KNOTS.) GEOMETRIC_REPRESENTATION_ITEM() 
RATIONAL_B_SPLINE_SURFACE((
    (1.056590953773,1.056590953773,1.056590953773,1.056590953773
      ,1.056590953773,1.056590953774,1.056590953773,1.056590953773
      ,1.056590953773,1.056590953773,1.056590953773,1.056590953773)
    ,(1.017435169568,1.017435169568,1.017435169568,1.017435169568
      ,1.017435169568,1.017435169568,1.017435169568,1.017435169568
      ,1.017435169568,1.017435169568,1.017435169568,1.017435169568)
    ,(0.996326512422,0.996326512422,0.996326512422,0.996326512422
      ,0.996326512422,0.996326512423,0.996326512421,0.996326512423
      ,0.996326512422,0.996326512422,0.996326512422,0.996326512422)
    ,(0.989390034249,0.989390034249,0.989390034249,0.989390034249
      ,0.989390034248,0.989390034249,0.989390034248,0.989390034249
      ,0.989390034248,0.989390034249,0.989390034249,0.989390034249)
    ,(0.996326512422,0.996326512422,0.996326512422,0.996326512423
      ,0.996326512421,0.996326512423,0.996326512421,0.996326512423
      ,0.996326512422,0.996326512422,0.996326512422,0.996326512422)
    ,(1.017435169568,1.017435169568,1.017435169568,1.017435169568
      ,1.017435169568,1.017435169568,1.017435169568,1.017435169568
      ,1.017435169568,1.017435169568,1.017435169568,1.017435169568)
    ,(1.056590953773,1.056590953773,1.056590953773,1.056590953773
      ,1.056590953773,1.056590953774,1.056590953773,1.056590953773
      ,1.056590953773,1.056590953773,1.056590953773,1.056590953773
))) REPRESENTATION_ITEM('') SURFACE() );
#9352 = CARTESIAN_POINT('',(3.14000159588,-1.4711E-13,0.562500000003));
#9353 = CARTESIAN_POINT('',(3.140003595457,1.793565172919,0.653409090919
    ));
#9354 = CARTESIAN_POINT('',(2.013348295742,3.587090958418,0.744318181959
    ));
#9355 = CARTESIAN_POINT('',(-0.242564787958,4.594284198312,
    0.835227271974));
#9356 = CARTESIAN_POINT('',(-2.99770163726,4.025725160403,0.926136365702
    ));
#9357 = CARTESIAN_POINT('',(-5.05340942182,1.660200342013,1.017045451147
    ));
#9358 = CARTESIAN_POINT('',(-5.05223368652,-1.660214400121,1.10795454914
    ));
#9359 = CARTESIAN_POINT('',(-2.998492286523,-4.025700629857,
    1.198863633762));
#9360 = CARTESIAN_POINT('',(-0.242232339704,-4.594297118231,
    1.289772728418));
#9361 = CARTESIAN_POINT('',(2.013280795601,-3.587088446209,1.38068181795
    ));
#9362 = CARTESIAN_POINT('',(3.140001192181,-1.79356517292,1.471590909088
    ));
#9363 = CARTESIAN_POINT('',(3.140003191759,-6.1449E-13,1.562500000012));
#9364 = CARTESIAN_POINT('',(3.162657292205,-4.18894421E-09,0.54941983782
    ));
#9365 = CARTESIAN_POINT('',(3.162659353957,1.806503297188,0.640329032283
    ));
#9366 = CARTESIAN_POINT('',(2.027877515674,3.612991912836,0.731239823649
    ));
#9367 = CARTESIAN_POINT('',(-0.244324939277,4.627368972616,
    0.822138165806));
#9368 = CARTESIAN_POINT('',(-3.019312200017,4.054903693939,
    0.913078335854));
#9369 = CARTESIAN_POINT('',(-5.089888964441,1.671991674701,
    1.003931803275));
#9370 = CARTESIAN_POINT('',(-5.088678084231,-1.672006132885,
    1.094907955295));
#9371 = CARTESIAN_POINT('',(-3.020126503835,-4.054878418002,
    1.185761421869));
#9372 = CARTESIAN_POINT('',(-0.24398257003,-4.627382277832,
    1.276701592873));
#9373 = CARTESIAN_POINT('',(2.027807983087,-3.612989333577,
    1.367599934532));
#9374 = CARTESIAN_POINT('',(3.162656871653,-1.806503309755,
    1.458510725999));
#9375 = CARTESIAN_POINT('',(3.162658935797,-8.37822194E-09,1.54941992047
    ));
#9376 = CARTESIAN_POINT('',(3.178622873271,-7.14080781E-09,
    0.527281157925));
#9377 = CARTESIAN_POINT('',(3.178625037893,1.815620870702,0.618190425359
    ));
#9378 = CARTESIAN_POINT('',(2.038117340579,3.631244507344,0.709102414953
    ));
#9379 = CARTESIAN_POINT('',(-0.245570237653,4.650683820053,
    0.799993183038));
#9380 = CARTESIAN_POINT('',(-3.034529617362,4.075466343188,0.89095525274
    ));
#9381 = CARTESIAN_POINT('',(-5.11561367812,1.680300889736,0.98176952582)
  );
#9382 = CARTESIAN_POINT('',(-5.114343307229,-1.680316045048,
    1.072792931214));
#9383 = CARTESIAN_POINT('',(-3.035383941512,-4.075439817485,
    1.163607203405));
#9384 = CARTESIAN_POINT('',(-0.245211058583,-4.650697778369,
    1.254569274111));
#9385 = CARTESIAN_POINT('',(2.038044382184,-3.631241806638,
    1.345460041672));
#9386 = CARTESIAN_POINT('',(3.178622428919,-1.815620892125,
    1.436372031373));
#9387 = CARTESIAN_POINT('',(3.178624597619,-1.428195917E-08,
    1.527281298814));
#9388 = CARTESIAN_POINT('',(3.18439356846,-8.20774318E-09,0.500000161932
    ));
#9389 = CARTESIAN_POINT('',(3.184395858378,1.818916401131,0.590909455741
    ));
#9390 = CARTESIAN_POINT('',(2.041819993981,3.637841929912,0.68182187843)
  );
#9391 = CARTESIAN_POINT('',(-0.246027673379,4.659110644755,0.77270990889
    ));
#9392 = CARTESIAN_POINT('',(-3.040012504793,4.08289921599,0.863679894163
    ));
#9393 = CARTESIAN_POINT('',(-5.124937734434,1.683303930714,
    0.954480000537));
#9394 = CARTESIAN_POINT('',(-5.123594050423,-1.683319957489,
    1.045520485578));
#9395 = CARTESIAN_POINT('',(-3.040916135219,-4.082871157593,
    1.136320591012));
#9396 = CARTESIAN_POINT('',(-0.24564776866,-4.659125408463,
    1.227290577345));
#9397 = CARTESIAN_POINT('',(2.041742822851,-3.637839074606,
    1.318178607252));
#9398 = CARTESIAN_POINT('',(3.184393097717,-1.818916425754,
    1.409091030054));
#9399 = CARTESIAN_POINT('',(3.184395392322,-1.641584404E-08,
    1.500000323871));
#9400 = CARTESIAN_POINT('',(3.178623072298,-7.14082311E-09,0.47271912384
    ));
#9401 = CARTESIAN_POINT('',(3.178625486294,1.815621041192,0.563628391274
    ));
#9402 = CARTESIAN_POINT('',(2.038121741101,3.631245005301,0.654540380885
    ));
#9403 = CARTESIAN_POINT('',(-0.245590991127,4.65068345038,0.745431148858
    ));
#9404 = CARTESIAN_POINT('',(-3.034480600079,4.07546825732,0.836393218912
    ));
#9405 = CARTESIAN_POINT('',(-5.115687473456,1.6803001685,0.92720749131)
  );
#9406 = CARTESIAN_POINT('',(-5.114270472832,-1.680317077045,
    1.018230897588));
#9407 = CARTESIAN_POINT('',(-3.035433528644,-4.075438672332,
    1.109045168995));
#9408 = CARTESIAN_POINT('',(-0.245190351365,-4.650699019981,
    1.200007240168));
#9409 = CARTESIAN_POINT('',(2.038040364546,-3.631241991289,
    1.290898007557));
#9410 = CARTESIAN_POINT('',(3.1786225776,-1.815621062614,1.381809997286)
  );
#9411 = CARTESIAN_POINT('',(3.178624995673,-1.428203687E-08,
    1.47271926473));
#9412 = CARTESIAN_POINT('',(3.162657652744,-4.18897581E-09,0.45058032747
    ));
#9413 = CARTESIAN_POINT('',(3.162660166239,1.806503606031,0.541489521935
    ));
#9414 = CARTESIAN_POINT('',(2.027885487251,3.612992814888,0.63240031333)
  );
#9415 = CARTESIAN_POINT('',(-0.244362534343,4.627368302952,
    0.723298655286));
#9416 = CARTESIAN_POINT('',(-3.019223404861,4.0549071614,0.814238825971)
  );
#9417 = CARTESIAN_POINT('',(-5.090022645218,1.671990368178,
    0.905092292157));
#9418 = CARTESIAN_POINT('',(-5.088546144202,-1.672008002354,
    0.996068445778));
#9419 = CARTESIAN_POINT('',(-3.020216331276,-4.05487634355,
    1.086921910931));
#9420 = CARTESIAN_POINT('',(-0.243945058759,-4.627384527022,
    1.177862082782));
#9421 = CARTESIAN_POINT('',(2.027800705108,-3.612989668074,1.26876042413
    ));
#9422 = CARTESIAN_POINT('',(3.162657140989,-1.806503618598,
    1.359671215649));
#9423 = CARTESIAN_POINT('',(3.162659656876,-8.3783548E-09,1.450580410123
    ));
#9424 = CARTESIAN_POINT('',(3.140002051845,-1.9157E-13,0.437500000004));
#9425 = CARTESIAN_POINT('',(3.140004622731,1.793565563506,0.528409090922
    ));
#9426 = CARTESIAN_POINT('',(2.013358377207,3.587092099222,0.619318181999
    ));
#9427 = CARTESIAN_POINT('',(-0.242612333551,4.594283351405,
    0.710227271759));
#9428 = CARTESIAN_POINT('',(-2.997589340122,4.025729545618,
    0.801136366293));
#9429 = CARTESIAN_POINT('',(-5.053578484744,1.660198689685,
    0.892045450176));
#9430 = CARTESIAN_POINT('',(-5.05206682508,-1.660216764396,
    0.982954550193));
#9431 = CARTESIAN_POINT('',(-2.998605889168,-4.025698006346,
    1.073863633019));
#9432 = CARTESIAN_POINT('',(-0.242184900085,-4.594299962729,
    1.164772728746));
#9433 = CARTESIAN_POINT('',(2.013271591313,-3.587088869239,
    1.255681817884));
#9434 = CARTESIAN_POINT('',(3.140001532804,-1.793565563506,
    1.346590909087));
#9435 = CARTESIAN_POINT('',(3.14000410369,-7.8168E-13,1.437500000015));
#9436 = DEFINITIONAL_REPRESENTATION('',(#9437),#9441);
#9437 = LINE('',#9438,#9439);
#9438 = CARTESIAN_POINT('',(0.,6.362265131567));
#9439 = VECTOR('',#9440,1.);
#9440 = DIRECTION('',(1.,0.));
#9441 = ( GEOMETRIC_REPRESENTATION_CONTEXT(2) 
PARAMETRIC_REPRESENTATION_CONTEXT() REPRESENTATION_CONTEXT('2D SPACE',''
  ) );
#9442 = ORIENTED_EDGE('',*,*,#9250,.T.);
#9443 = ORIENTED_EDGE('',*,*,#7991,.F.);
#9444 = ADVANCED_FACE('',(#9445),#8125,.T.);
#9445 = FACE_BOUND('',#9446,.F.);
#9446 = EDGE_LOOP('',(#9447,#9470,#9471));
#9447 = ORIENTED_EDGE('',*,*,#9448,.F.);
#9448 = EDGE_CURVE('',#8107,#9449,#9451,.T.);
#9449 = VERTEX_POINT('',#9450);
#9450 = CARTESIAN_POINT('',(5.,0.,0.));
#9451 = SURFACE_CURVE('',#9452,(#9456,#9463),.PCURVE_S1.);
#9452 = LINE('',#9453,#9454);
#9453 = CARTESIAN_POINT('',(5.773502691896,0.,0.320395305516));
#9454 = VECTOR('',#9455,1.);
#9455 = DIRECTION('',(-0.923879532511,0.,-0.382683432365));
#9456 = PCURVE('',#8125,#9457);
#9457 = DEFINITIONAL_REPRESENTATION('',(#9458),#9462);
#9458 = LINE('',#9459,#9460);
#9459 = CARTESIAN_POINT('',(0.,-0.));
#9460 = VECTOR('',#9461,1.);
#9461 = DIRECTION('',(0.,-1.));
#9462 = ( GEOMETRIC_REPRESENTATION_CONTEXT(2) 
PARAMETRIC_REPRESENTATION_CONTEXT() REPRESENTATION_CONTEXT('2D SPACE',''
  ) );
#9463 = PCURVE('',#8620,#9464);
#9464 = DEFINITIONAL_REPRESENTATION('',(#9465),#9469);
#9465 = LINE('',#9466,#9467);
#9466 = CARTESIAN_POINT('',(6.28318530718,-0.));
#9467 = VECTOR('',#9468,1.);
#9468 = DIRECTION('',(0.,-1.));
#9469 = ( GEOMETRIC_REPRESENTATION_CONTEXT(2) 
PARAMETRIC_REPRESENTATION_CONTEXT() REPRESENTATION_CONTEXT('2D SPACE',''
  ) );
#9470 = ORIENTED_EDGE('',*,*,#8106,.T.);
#9471 = ORIENTED_EDGE('',*,*,#9472,.F.);
#9472 = EDGE_CURVE('',#9449,#8109,#9473,.T.);
#9473 = SURFACE_CURVE('',#9474,(#9479,#9486),.PCURVE_S1.);
#9474 = CIRCLE('',#9475,5.);
#9475 = AXIS2_PLACEMENT_3D('',#9476,#9477,#9478);
#9476 = CARTESIAN_POINT('',(0.,0.,0.));
#9477 = DIRECTION('',(0.,0.,1.));
#9478 = DIRECTION('',(1.,0.,-0.));
#9479 = PCURVE('',#8125,#9480);
#9480 = DEFINITIONAL_REPRESENTATION('',(#9481),#9485);
#9481 = LINE('',#9482,#9483);
#9482 = CARTESIAN_POINT('',(0.,-0.320395305516));
#9483 = VECTOR('',#9484,1.);
#9484 = DIRECTION('',(1.,-0.));
#9485 = ( GEOMETRIC_REPRESENTATION_CONTEXT(2) 
PARAMETRIC_REPRESENTATION_CONTEXT() REPRESENTATION_CONTEXT('2D SPACE',''
  ) );
#9486 = PCURVE('',#9487,#9492);
#9487 = PLANE('',#9488);
#9488 = AXIS2_PLACEMENT_3D('',#9489,#9490,#9491);
#9489 = CARTESIAN_POINT('',(0.,0.,0.));
#9490 = DIRECTION('',(0.,0.,1.));
#9491 = DIRECTION('',(1.,0.,-0.));
#9492 = DEFINITIONAL_REPRESENTATION('',(#9493),#9497);
#9493 = CIRCLE('',#9494,5.);
#9494 = AXIS2_PLACEMENT_2D('',#9495,#9496);
#9495 = CARTESIAN_POINT('',(0.,0.));
#9496 = DIRECTION('',(1.,0.));
#9497 = ( GEOMETRIC_REPRESENTATION_CONTEXT(2) 
PARAMETRIC_REPRESENTATION_CONTEXT() REPRESENTATION_CONTEXT('2D SPACE',''
  ) );
#9498 = ADVANCED_FACE('',(#9499),#8202,.T.);
#9499 = FACE_BOUND('',#9500,.F.);
#9500 = EDGE_LOOP('',(#9501,#9502,#9503));
#9501 = ORIENTED_EDGE('',*,*,#8187,.T.);
#9502 = ORIENTED_EDGE('',*,*,#8221,.T.);
#9503 = ORIENTED_EDGE('',*,*,#9504,.F.);
#9504 = EDGE_CURVE('',#8109,#8222,#9505,.T.);
#9505 = SURFACE_CURVE('',#9506,(#9511,#9518),.PCURVE_S1.);
#9506 = CIRCLE('',#9507,5.);
#9507 = AXIS2_PLACEMENT_3D('',#9508,#9509,#9510);
#9508 = CARTESIAN_POINT('',(0.,0.,0.));
#9509 = DIRECTION('',(0.,0.,1.));
#9510 = DIRECTION('',(1.,0.,-0.));
#9511 = PCURVE('',#8202,#9512);
#9512 = DEFINITIONAL_REPRESENTATION('',(#9513),#9517);
#9513 = LINE('',#9514,#9515);
#9514 = CARTESIAN_POINT('',(0.,-0.320395305516));
#9515 = VECTOR('',#9516,1.);
#9516 = DIRECTION('',(1.,-0.));
#9517 = ( GEOMETRIC_REPRESENTATION_CONTEXT(2) 
PARAMETRIC_REPRESENTATION_CONTEXT() REPRESENTATION_CONTEXT('2D SPACE',''
  ) );
#9518 = PCURVE('',#9487,#9519);
#9519 = DEFINITIONAL_REPRESENTATION('',(#9520),#9524);
#9520 = CIRCLE('',#9521,5.);
#9521 = AXIS2_PLACEMENT_2D('',#9522,#9523);
#9522 = CARTESIAN_POINT('',(0.,0.));
#9523 = DIRECTION('',(1.,0.));
#9524 = ( GEOMETRIC_REPRESENTATION_CONTEXT(2) 
PARAMETRIC_REPRESENTATION_CONTEXT() REPRESENTATION_CONTEXT('2D SPACE',''
  ) );
#9525 = ADVANCED_FACE('',(#9526),#8290,.T.);
#9526 = FACE_BOUND('',#9527,.F.);
#9527 = EDGE_LOOP('',(#9528,#9529,#9530));
#9528 = ORIENTED_EDGE('',*,*,#8275,.T.);
#9529 = ORIENTED_EDGE('',*,*,#8309,.T.);
#9530 = ORIENTED_EDGE('',*,*,#9531,.F.);
#9531 = EDGE_CURVE('',#8222,#8310,#9532,.T.);
#9532 = SURFACE_CURVE('',#9533,(#9538,#9545),.PCURVE_S1.);
#9533 = CIRCLE('',#9534,5.);
#9534 = AXIS2_PLACEMENT_3D('',#9535,#9536,#9537);
#9535 = CARTESIAN_POINT('',(0.,0.,0.));
#9536 = DIRECTION('',(0.,0.,1.));
#9537 = DIRECTION('',(1.,0.,-0.));
#9538 = PCURVE('',#8290,#9539);
#9539 = DEFINITIONAL_REPRESENTATION('',(#9540),#9544);
#9540 = LINE('',#9541,#9542);
#9541 = CARTESIAN_POINT('',(0.,-0.320395305516));
#9542 = VECTOR('',#9543,1.);
#9543 = DIRECTION('',(1.,-0.));
#9544 = ( GEOMETRIC_REPRESENTATION_CONTEXT(2) 
PARAMETRIC_REPRESENTATION_CONTEXT() REPRESENTATION_CONTEXT('2D SPACE',''
  ) );
#9545 = PCURVE('',#9487,#9546);
#9546 = DEFINITIONAL_REPRESENTATION('',(#9547),#9551);
#9547 = CIRCLE('',#9548,5.);
#9548 = AXIS2_PLACEMENT_2D('',#9549,#9550);
#9549 = CARTESIAN_POINT('',(0.,0.));
#9550 = DIRECTION('',(1.,0.));
#9551 = ( GEOMETRIC_REPRESENTATION_CONTEXT(2) 
PARAMETRIC_REPRESENTATION_CONTEXT() REPRESENTATION_CONTEXT('2D SPACE',''
  ) );
#9552 = ADVANCED_FACE('',(#9553),#8378,.T.);
#9553 = FACE_BOUND('',#9554,.F.);
#9554 = EDGE_LOOP('',(#9555,#9556,#9557));
#9555 = ORIENTED_EDGE('',*,*,#8363,.T.);
#9556 = ORIENTED_EDGE('',*,*,#8397,.T.);
#9557 = ORIENTED_EDGE('',*,*,#9558,.F.);
#9558 = EDGE_CURVE('',#8310,#8398,#9559,.T.);
#9559 = SURFACE_CURVE('',#9560,(#9565,#9572),.PCURVE_S1.);
#9560 = CIRCLE('',#9561,5.);
#9561 = AXIS2_PLACEMENT_3D('',#9562,#9563,#9564);
#9562 = CARTESIAN_POINT('',(0.,0.,0.));
#9563 = DIRECTION('',(0.,0.,1.));
#9564 = DIRECTION('',(1.,0.,-0.));
#9565 = PCURVE('',#8378,#9566);
#9566 = DEFINITIONAL_REPRESENTATION('',(#9567),#9571);
#9567 = LINE('',#9568,#9569);
#9568 = CARTESIAN_POINT('',(0.,-0.320395305516));
#9569 = VECTOR('',#9570,1.);
#9570 = DIRECTION('',(1.,-0.));
#9571 = ( GEOMETRIC_REPRESENTATION_CONTEXT(2) 
PARAMETRIC_REPRESENTATION_CONTEXT() REPRESENTATION_CONTEXT('2D SPACE',''
  ) );
#9572 = PCURVE('',#9487,#9573);
#9573 = DEFINITIONAL_REPRESENTATION('',(#9574),#9578);
#9574 = CIRCLE('',#9575,5.);
#9575 = AXIS2_PLACEMENT_2D('',#9576,#9577);
#9576 = CARTESIAN_POINT('',(0.,0.));
#9577 = DIRECTION('',(1.,0.));
#9578 = ( GEOMETRIC_REPRESENTATION_CONTEXT(2) 
PARAMETRIC_REPRESENTATION_CONTEXT() REPRESENTATION_CONTEXT('2D SPACE',''
  ) );
#9579 = ADVANCED_FACE('',(#9580),#8466,.T.);
#9580 = FACE_BOUND('',#9581,.F.);
#9581 = EDGE_LOOP('',(#9582,#9583,#9584));
#9582 = ORIENTED_EDGE('',*,*,#8451,.T.);
#9583 = ORIENTED_EDGE('',*,*,#8485,.T.);
#9584 = ORIENTED_EDGE('',*,*,#9585,.F.);
#9585 = EDGE_CURVE('',#8398,#8486,#9586,.T.);
#9586 = SURFACE_CURVE('',#9587,(#9592,#9599),.PCURVE_S1.);
#9587 = CIRCLE('',#9588,5.);
#9588 = AXIS2_PLACEMENT_3D('',#9589,#9590,#9591);
#9589 = CARTESIAN_POINT('',(0.,0.,0.));
#9590 = DIRECTION('',(0.,0.,1.));
#9591 = DIRECTION('',(1.,0.,-0.));
#9592 = PCURVE('',#8466,#9593);
#9593 = DEFINITIONAL_REPRESENTATION('',(#9594),#9598);
#9594 = LINE('',#9595,#9596);
#9595 = CARTESIAN_POINT('',(0.,-0.320395305516));
#9596 = VECTOR('',#9597,1.);
#9597 = DIRECTION('',(1.,-0.));
#9598 = ( GEOMETRIC_REPRESENTATION_CONTEXT(2) 
PARAMETRIC_REPRESENTATION_CONTEXT() REPRESENTATION_CONTEXT('2D SPACE',''
  ) );
#9599 = PCURVE('',#9487,#9600);
#9600 = DEFINITIONAL_REPRESENTATION('',(#9601),#9605);
#9601 = CIRCLE('',#9602,5.);
#9602 = AXIS2_PLACEMENT_2D('',#9603,#9604);
#9603 = CARTESIAN_POINT('',(0.,0.));
#9604 = DIRECTION('',(1.,0.));
#9605 = ( GEOMETRIC_REPRESENTATION_CONTEXT(2) 
PARAMETRIC_REPRESENTATION_CONTEXT() REPRESENTATION_CONTEXT('2D SPACE',''
  ) );
#9606 = ADVANCED_FACE('',(#9607),#8554,.T.);
#9607 = FACE_BOUND('',#9608,.F.);
#9608 = EDGE_LOOP('',(#9609,#9610,#9611));
#9609 = ORIENTED_EDGE('',*,*,#8539,.T.);
#9610 = ORIENTED_EDGE('',*,*,#8573,.T.);
#9611 = ORIENTED_EDGE('',*,*,#9612,.F.);
#9612 = EDGE_CURVE('',#8486,#8574,#9613,.T.);
#9613 = SURFACE_CURVE('',#9614,(#9619,#9626),.PCURVE_S1.);
#9614 = CIRCLE('',#9615,5.);
#9615 = AXIS2_PLACEMENT_3D('',#9616,#9617,#9618);
#9616 = CARTESIAN_POINT('',(0.,0.,0.));
#9617 = DIRECTION('',(0.,0.,1.));
#9618 = DIRECTION('',(1.,0.,-0.));
#9619 = PCURVE('',#8554,#9620);
#9620 = DEFINITIONAL_REPRESENTATION('',(#9621),#9625);
#9621 = LINE('',#9622,#9623);
#9622 = CARTESIAN_POINT('',(0.,-0.320395305516));
#9623 = VECTOR('',#9624,1.);
#9624 = DIRECTION('',(1.,-0.));
#9625 = ( GEOMETRIC_REPRESENTATION_CONTEXT(2) 
PARAMETRIC_REPRESENTATION_CONTEXT() REPRESENTATION_CONTEXT('2D SPACE',''
  ) );
#9626 = PCURVE('',#9487,#9627);
#9627 = DEFINITIONAL_REPRESENTATION('',(#9628),#9632);
#9628 = CIRCLE('',#9629,5.);
#9629 = AXIS2_PLACEMENT_2D('',#9630,#9631);
#9630 = CARTESIAN_POINT('',(0.,0.));
#9631 = DIRECTION('',(1.,0.));
#9632 = ( GEOMETRIC_REPRESENTATION_CONTEXT(2) 
PARAMETRIC_REPRESENTATION_CONTEXT() REPRESENTATION_CONTEXT('2D SPACE',''
  ) );
#9633 = ADVANCED_FACE('',(#9634),#8620,.T.);
#9634 = FACE_BOUND('',#9635,.F.);
#9635 = EDGE_LOOP('',(#9636,#9637,#9638));
#9636 = ORIENTED_EDGE('',*,*,#8605,.T.);
#9637 = ORIENTED_EDGE('',*,*,#9448,.T.);
#9638 = ORIENTED_EDGE('',*,*,#9639,.F.);
#9639 = EDGE_CURVE('',#8574,#9449,#9640,.T.);
#9640 = SURFACE_CURVE('',#9641,(#9646,#9653),.PCURVE_S1.);
#9641 = CIRCLE('',#9642,5.);
#9642 = AXIS2_PLACEMENT_3D('',#9643,#9644,#9645);
#9643 = CARTESIAN_POINT('',(0.,0.,0.));
#9644 = DIRECTION('',(0.,0.,1.));
#9645 = DIRECTION('',(1.,0.,-0.));
#9646 = PCURVE('',#8620,#9647);
#9647 = DEFINITIONAL_REPRESENTATION('',(#9648),#9652);
#9648 = LINE('',#9649,#9650);
#9649 = CARTESIAN_POINT('',(0.,-0.320395305516));
#9650 = VECTOR('',#9651,1.);
#9651 = DIRECTION('',(1.,-0.));
#9652 = ( GEOMETRIC_REPRESENTATION_CONTEXT(2) 
PARAMETRIC_REPRESENTATION_CONTEXT() REPRESENTATION_CONTEXT('2D SPACE',''
  ) );
#9653 = PCURVE('',#9487,#9654);
#9654 = DEFINITIONAL_REPRESENTATION('',(#9655),#9659);
#9655 = CIRCLE('',#9656,5.);
#9656 = AXIS2_PLACEMENT_2D('',#9657,#9658);
#9657 = CARTESIAN_POINT('',(0.,0.));
#9658 = DIRECTION('',(1.,0.));
#9659 = ( GEOMETRIC_REPRESENTATION_CONTEXT(2) 
PARAMETRIC_REPRESENTATION_CONTEXT() REPRESENTATION_CONTEXT('2D SPACE',''
  ) );
#9660 = ADVANCED_FACE('',(#9661),#8657,.F.);
#9661 = FACE_BOUND('',#9662,.F.);
#9662 = EDGE_LOOP('',(#9663,#9881,#9910,#10079));
#9663 = ORIENTED_EDGE('',*,*,#9664,.F.);
#9664 = EDGE_CURVE('',#9665,#8642,#9667,.T.);
#9665 = VERTEX_POINT('',#9666);
#9666 = CARTESIAN_POINT('',(1.854473393311,1.820534941617,0.248527130307
    ));
#9667 = SURFACE_CURVE('',#9668,(#9737,#9809),.PCURVE_S1.);
#9668 = B_SPLINE_CURVE_WITH_KNOTS('',7,(#9669,#9670,#9671,#9672,#9673,
    #9674,#9675,#9676,#9677,#9678,#9679,#9680,#9681,#9682,#9683,#9684,
    #9685,#9686,#9687,#9688,#9689,#9690,#9691,#9692,#9693,#9694,#9695,
    #9696,#9697,#9698,#9699,#9700,#9701,#9702,#9703,#9704,#9705,#9706,
    #9707,#9708,#9709,#9710,#9711,#9712,#9713,#9714,#9715,#9716,#9717,
    #9718,#9719,#9720,#9721,#9722,#9723,#9724,#9725,#9726,#9727,#9728,
    #9729,#9730,#9731,#9732,#9733,#9734,#9735,#9736),.UNSPECIFIED.,.F.,
  .F.,(8,6,6,6,6,6,6,6,6,6,6,8),(0.,6.664177822102E-02,
    9.026159382601E-02,0.184766473955,0.302623319047,0.434387473407,
    0.568269722657,0.679085940737,0.783563262805,0.889006282883,
    0.97187581033,1.),.UNSPECIFIED.);
#9669 = CARTESIAN_POINT('',(1.854481282678,1.820527105291,0.248526530307
    ));
#9670 = CARTESIAN_POINT('',(1.759041114059,1.917747314111,0.256870076566
    ));
#9671 = CARTESIAN_POINT('',(1.657651960576,2.009132637239,0.265213601321
    ));
#9672 = CARTESIAN_POINT('',(1.550747043729,2.094242340093,0.273556781261
    ));
#9673 = CARTESIAN_POINT('',(1.438794213096,2.172680044549,0.281899775449
    ));
#9674 = CARTESIAN_POINT('',(1.322294344799,2.244094839635,0.290242895131
    ));
#9675 = CARTESIAN_POINT('',(1.201779739968,2.308182392221,0.298586273565
    ));
#9676 = CARTESIAN_POINT('',(1.033874878098,2.384712626566,0.30988663454)
  );
#9677 = CARTESIAN_POINT('',(0.989503090698,2.403786741578,0.312843747616
    ));
#9678 = CARTESIAN_POINT('',(0.944721975401,2.421897093833,0.315800876543
    ));
#9679 = CARTESIAN_POINT('',(0.899556664771,2.439033200951,0.318758022048
    ));
#9680 = CARTESIAN_POINT('',(0.854032609546,2.455185407085,0.3217151841)
  );
#9681 = CARTESIAN_POINT('',(0.808175578638,2.470344882922,0.32467236191)
  );
#9682 = CARTESIAN_POINT('',(0.577305912391,2.541153953102,0.339461529351
    ));
#9683 = CARTESIAN_POINT('',(0.387665396254,2.581790549512,0.351295093097
    ));
#9684 = CARTESIAN_POINT('',(0.194793720614,2.605884034926,0.363127879023
    ));
#9685 = CARTESIAN_POINT('',(4.201252559887E-04,2.61315443429,
    0.374960083475));
#9686 = CARTESIAN_POINT('',(-0.193712654574,2.603536533715,
    0.386792806467));
#9687 = CARTESIAN_POINT('',(-0.38585923649,2.5771803024,0.398626330524)
  );
#9688 = CARTESIAN_POINT('',(-0.809261744819,2.481242876248,
    0.425214008773));
#9689 = CARTESIAN_POINT('',(-1.038548276843,2.402567526563,
    0.439973394199));
#9690 = CARTESIAN_POINT('',(-1.258717283974,2.29921156809,0.454729552202
    ));
#9691 = CARTESIAN_POINT('',(-1.466630737162,2.172495605894,
    0.469483795597));
#9692 = CARTESIAN_POINT('',(-1.659398767575,2.024180963312,
    0.484240144363));
#9693 = CARTESIAN_POINT('',(-1.834409568184,1.85645142718,0.498999834241
    ));
#9694 = CARTESIAN_POINT('',(-2.162735637522,1.465794401263,
    0.530253166173));
#9695 = CARTESIAN_POINT('',(-2.31118160475,1.238537061468,0.546757937729
    ));
#9696 = CARTESIAN_POINT('',(-2.431552084144,0.993981718976,
    0.563257317428));
#9697 = CARTESIAN_POINT('',(-2.521561533043,0.736323781502,
    0.579754845548));
#9698 = CARTESIAN_POINT('',(-2.579655510649,0.470012699888,
    0.596253882001));
#9699 = CARTESIAN_POINT('',(-2.605009882339,0.199754553234,
    0.612758097241));
#9700 = CARTESIAN_POINT('',(-2.590482569543,-0.343117650689,
    0.64601656614));
#9701 = CARTESIAN_POINT('',(-2.549539133209,-0.615942792674,
    0.662785471977));
#9702 = CARTESIAN_POINT('',(-2.475060428196,-0.882807654019,
    0.679547640697));
#9703 = CARTESIAN_POINT('',(-2.368192723442,-1.138831114951,
    0.696307657898));
#9704 = CARTESIAN_POINT('',(-2.230840357772,-1.379451337557,
    0.713070260138));
#9705 = CARTESIAN_POINT('',(-2.06566733249,-1.600420999535,
    0.729839846687));
#9706 = CARTESIAN_POINT('',(-1.71955643038,-1.9615977962,0.760476937124)
  );
#9707 = CARTESIAN_POINT('',(-1.546144382778,-2.109257402353,
    0.774354837613));
#9708 = CARTESIAN_POINT('',(-1.358058279807,-2.238904802018,
    0.788230887641));
#9709 = CARTESIAN_POINT('',(-1.15756153442,-2.348844051805,
    0.802105621853));
#9710 = CARTESIAN_POINT('',(-0.947120351098,-2.437722793157,
    0.81598148641));
#9711 = CARTESIAN_POINT('',(-0.729381650799,-2.504544390738,
    0.829859046854));
#9712 = CARTESIAN_POINT('',(-0.297716408146,-2.590444283222,
    0.856813737072));
#9713 = CARTESIAN_POINT('',(-8.420558567456E-02,-2.612050650122,
    0.869896057061));
#9714 = CARTESIAN_POINT('',(0.130964378496,-2.613093569168,
    0.882976344935));
#9715 = CARTESIAN_POINT('',(0.345426697956,-2.593470657107,
    0.896055369089));
#9716 = CARTESIAN_POINT('',(0.556834399665,-2.553396664335,
    0.909135528638));
#9717 = CARTESIAN_POINT('',(0.762878688079,-2.493401815403,
    0.922217762068));
#9718 = CARTESIAN_POINT('',(1.16158126873,-2.334654736391,0.948499789737
    ));
#9719 = CARTESIAN_POINT('',(1.354168679116,-2.235521338604,
    0.961704108744));
#9720 = CARTESIAN_POINT('',(1.536755436858,-2.117903427078,
    0.974907387936));
#9721 = CARTESIAN_POINT('',(1.707244899539,-1.983039893645,
    0.988110130495));
#9722 = CARTESIAN_POINT('',(1.863736972409,-1.832433727738,
    1.001313994742));
#9723 = CARTESIAN_POINT('',(2.00454326916,-1.667840063972,1.014518953835
    ));
#9724 = CARTESIAN_POINT('',(2.225462475051,-1.352566321584,
    1.038096462637));
#9725 = CARTESIAN_POINT('',(2.312135705978,-1.206422301528,
    1.048472295227));
#9726 = CARTESIAN_POINT('',(2.387574479719,-1.053853011543,
    1.058847084417));
#9727 = CARTESIAN_POINT('',(2.451220924706,-0.895898409794,
    1.069221026415));
#9728 = CARTESIAN_POINT('',(2.502635642359,-0.733649133681,
    1.079595198518));
#9729 = CARTESIAN_POINT('',(2.541499731778,-0.568241322548,
    1.089970368641));
#9730 = CARTESIAN_POINT('',(2.576500273619,-0.344050706464,
    1.103866199174));
#9731 = CARTESIAN_POINT('',(2.583902647947,-0.287015073319,
    1.107387238928));
#9732 = CARTESIAN_POINT('',(2.589831665295,-0.229795952552,
    1.110908319618));
#9733 = CARTESIAN_POINT('',(2.594281994041,-0.172438998076,
    1.114429422516));
#9734 = CARTESIAN_POINT('',(2.597250075242,-0.114990005691,
    1.117950508126));
#9735 = CARTESIAN_POINT('',(2.598734122635,-5.749491308943E-02,
    1.121471516183));
#9736 = CARTESIAN_POINT('',(2.598734122635,2.0015003033E-07,
    1.124992365649));
#9737 = PCURVE('',#8657,#9738);
#9738 = DEFINITIONAL_REPRESENTATION('',(#9739),#9808);
#9739 = B_SPLINE_CURVE_WITH_KNOTS('',7,(#9740,#9741,#9742,#9743,#9744,
    #9745,#9746,#9747,#9748,#9749,#9750,#9751,#9752,#9753,#9754,#9755,
    #9756,#9757,#9758,#9759,#9760,#9761,#9762,#9763,#9764,#9765,#9766,
    #9767,#9768,#9769,#9770,#9771,#9772,#9773,#9774,#9775,#9776,#9777,
    #9778,#9779,#9780,#9781,#9782,#9783,#9784,#9785,#9786,#9787,#9788,
    #9789,#9790,#9791,#9792,#9793,#9794,#9795,#9796,#9797,#9798,#9799,
    #9800,#9801,#9802,#9803,#9804,#9805,#9806,#9807),.UNSPECIFIED.,.F.,
  .F.,(8,6,6,6,6,6,6,6,6,6,6,8),(0.,6.664177822102E-02,
    9.026159382601E-02,0.184766473955,0.302623319047,0.434387473407,
    0.568269722657,0.679085940737,0.783563262805,0.889006282883,
    0.97187581033,1.),.UNSPECIFIED.);
#9740 = CARTESIAN_POINT('',(0.776159160464,-6.E-07));
#9741 = CARTESIAN_POINT('',(0.828583636164,8.342946259073E-03));
#9742 = CARTESIAN_POINT('',(0.88100954415,1.668647101355E-02));
#9743 = CARTESIAN_POINT('',(0.933434383373,2.502965095421E-02));
#9744 = CARTESIAN_POINT('',(0.985858531096,3.337264514145E-02));
#9745 = CARTESIAN_POINT('',(1.038283327654,4.171576482405E-02));
#9746 = CARTESIAN_POINT('',(1.090709161215,5.005914325795E-02));
#9747 = CARTESIAN_POINT('',(1.161714306077,6.135950423317E-02));
#9748 = CARTESIAN_POINT('',(1.180295058657,6.43166173087E-02));
#9749 = CARTESIAN_POINT('',(1.198875812166,6.727374623571E-02));
#9750 = CARTESIAN_POINT('',(1.217456566834,7.023089174076E-02));
#9751 = CARTESIAN_POINT('',(1.236037321232,7.318805379282E-02));
#9752 = CARTESIAN_POINT('',(1.254618072276,7.614523160325E-02));
#9753 = CARTESIAN_POINT('',(1.347541939425,9.093439904371E-02));
#9754 = CARTESIAN_POINT('',(1.421893487632,0.10276796279));
#9755 = CARTESIAN_POINT('',(1.496238850932,0.114600748716));
#9756 = CARTESIAN_POINT('',(1.570580299054,0.126432953168));
#9757 = CARTESIAN_POINT('',(1.644925720544,0.13826567616));
#9758 = CARTESIAN_POINT('',(1.719277368088,0.150099200217));
#9759 = CARTESIAN_POINT('',(1.886333914559,0.176686878466));
#9760 = CARTESIAN_POINT('',(1.97907229395,0.191446263892));
#9761 = CARTESIAN_POINT('',(2.071792168651,0.206202421895));
#9762 = CARTESIAN_POINT('',(2.16450025525,0.22095666529));
#9763 = CARTESIAN_POINT('',(2.257220055432,0.235713014056));
#9764 = CARTESIAN_POINT('',(2.349958320858,0.250472703934));
#9765 = CARTESIAN_POINT('',(2.546324977899,0.281726035866));
#9766 = CARTESIAN_POINT('',(2.65002272414,0.298230807422));
#9767 = CARTESIAN_POINT('',(2.753684125953,0.314730187121));
#9768 = CARTESIAN_POINT('',(2.85733335086,0.331227715241));
#9769 = CARTESIAN_POINT('',(2.960994840833,0.347726751694));
#9770 = CARTESIAN_POINT('',(3.064692730058,0.364230966934));
#9771 = CARTESIAN_POINT('',(3.273666222404,0.397489435833));
#9772 = CARTESIAN_POINT('',(3.379033996194,0.41425834167));
#9773 = CARTESIAN_POINT('',(3.484362294552,0.43102051039));
#9774 = CARTESIAN_POINT('',(3.58967759456,0.447780527591));
#9775 = CARTESIAN_POINT('',(3.695005783879,0.46454312983));
#9776 = CARTESIAN_POINT('',(3.800373419693,0.48131271638));
#9777 = CARTESIAN_POINT('',(3.992867670024,0.511949806817));
#9778 = CARTESIAN_POINT('',(4.080060740054,0.525827707306));
#9779 = CARTESIAN_POINT('',(4.167240189975,0.539703757334));
#9780 = CARTESIAN_POINT('',(4.254411000671,0.553578491546));
#9781 = CARTESIAN_POINT('',(4.341590523789,0.567454356103));
#9782 = CARTESIAN_POINT('',(4.428783734949,0.581331916547));
#9783 = CARTESIAN_POINT('',(4.598146637968,0.608286606765));
#9784 = CARTESIAN_POINT('',(4.680348623827,0.621368926754));
#9785 = CARTESIAN_POINT('',(4.762540425672,0.634449214628));
#9786 = CARTESIAN_POINT('',(4.844725725775,0.647528238782));
#9787 = CARTESIAN_POINT('',(4.926917474374,0.660608398331));
#9788 = CARTESIAN_POINT('',(5.009119395097,0.673690631761));
#9789 = CARTESIAN_POINT('',(5.174255095244,0.69997265943));
#9790 = CARTESIAN_POINT('',(5.257217233737,0.713176978437));
#9791 = CARTESIAN_POINT('',(5.340168698485,0.726380257629));
#9792 = CARTESIAN_POINT('',(5.423113405716,0.739583000188));
#9793 = CARTESIAN_POINT('',(5.506064945439,0.752786864435));
#9794 = CARTESIAN_POINT('',(5.589027211882,0.765991823528));
#9795 = CARTESIAN_POINT('',(5.737165184515,0.78956933233));
#9796 = CARTESIAN_POINT('',(5.80235974163,0.799945164919));
#9797 = CARTESIAN_POINT('',(5.867551055991,0.81031995411));
#9798 = CARTESIAN_POINT('',(5.932740278875,0.820693896107));
#9799 = CARTESIAN_POINT('',(5.997931488788,0.831068068211));
#9800 = CARTESIAN_POINT('',(6.063125863152,0.841443238334));
#9801 = CARTESIAN_POINT('',(6.150440029255,0.855339068867));
#9802 = CARTESIAN_POINT('',(6.172564182114,0.858860108621));
#9803 = CARTESIAN_POINT('',(6.194688356023,0.86238118931));
#9804 = CARTESIAN_POINT('',(6.216812554358,0.865902292209));
#9805 = CARTESIAN_POINT('',(6.238936778995,0.869423377819));
#9806 = CARTESIAN_POINT('',(6.26106103031,0.872944385876));
#9807 = CARTESIAN_POINT('',(6.28318530718,0.876465235342));
#9808 = ( GEOMETRIC_REPRESENTATION_CONTEXT(2) 
PARAMETRIC_REPRESENTATION_CONTEXT() REPRESENTATION_CONTEXT('2D SPACE',''
  ) );
#9809 = PCURVE('',#9295,#9810);
#9810 = DEFINITIONAL_REPRESENTATION('',(#9811),#9880);
#9811 = B_SPLINE_CURVE_WITH_KNOTS('',7,(#9812,#9813,#9814,#9815,#9816,
    #9817,#9818,#9819,#9820,#9821,#9822,#9823,#9824,#9825,#9826,#9827,
    #9828,#9829,#9830,#9831,#9832,#9833,#9834,#9835,#9836,#9837,#9838,
    #9839,#9840,#9841,#9842,#9843,#9844,#9845,#9846,#9847,#9848,#9849,
    #9850,#9851,#9852,#9853,#9854,#9855,#9856,#9857,#9858,#9859,#9860,
    #9861,#9862,#9863,#9864,#9865,#9866,#9867,#9868,#9869,#9870,#9871,
    #9872,#9873,#9874,#9875,#9876,#9877,#9878,#9879),.UNSPECIFIED.,.F.,
  .F.,(8,6,6,6,6,6,6,6,6,6,6,8),(0.,6.664177822102E-02,
    9.026159382601E-02,0.184766473955,0.302623319047,0.434387473407,
    0.568269722657,0.679085940737,0.783563262805,0.889006282883,
    0.97187581033,1.),.UNSPECIFIED.);
#9812 = CARTESIAN_POINT('',(0.625000443565,0.785927321621));
#9813 = CARTESIAN_POINT('',(0.62500091556,0.839011096171));
#9814 = CARTESIAN_POINT('',(0.625001841363,0.892096434011));
#9815 = CARTESIAN_POINT('',(0.625003057289,0.945180878398));
#9816 = CARTESIAN_POINT('',(0.625004354601,0.998264823806));
#9817 = CARTESIAN_POINT('',(0.62500553143,1.051349597467));
#9818 = CARTESIAN_POINT('',(0.625006444708,1.104435540921));
#9819 = CARTESIAN_POINT('',(0.625007280915,1.17633482507));
#9820 = CARTESIAN_POINT('',(0.625007461955,1.19514956601));
#9821 = CARTESIAN_POINT('',(0.625007603112,1.213964313743));
#9822 = CARTESIAN_POINT('',(0.625007703347,1.232779066034));
#9823 = CARTESIAN_POINT('',(0.625007762693,1.251593819048));
#9824 = CARTESIAN_POINT('',(0.625007782251,1.270408567353));
#9825 = CARTESIAN_POINT('',(0.625007691917,1.364502656386));
#9826 = CARTESIAN_POINT('',(0.625007018551,1.439790483556));
#9827 = CARTESIAN_POINT('',(0.625005862481,1.515071852777));
#9828 = CARTESIAN_POINT('',(0.625004610961,1.590348983049));
#9829 = CARTESIAN_POINT('',(0.625003638852,1.665629886365));
#9830 = CARTESIAN_POINT('',(0.62500315188,1.740916948008));
#9831 = CARTESIAN_POINT('',(0.62500315754,1.910075108321));
#9832 = CARTESIAN_POINT('',(0.62500391713,2.003980080924));
#9833 = CARTESIAN_POINT('',(0.625005497314,2.097866428491));
#9834 = CARTESIAN_POINT('',(0.625007395215,2.191741154723));
#9835 = CARTESIAN_POINT('',(0.62500895213,2.285628086987));
#9836 = CARTESIAN_POINT('',(0.62500969879,2.379533916415));
#9837 = CARTESIAN_POINT('',(0.625009562997,2.578372926893));
#9838 = CARTESIAN_POINT('',(0.625008469838,2.683376348316));
#9839 = CARTESIAN_POINT('',(0.625006304733,2.788342834779));
#9840 = CARTESIAN_POINT('',(0.62500357256,2.893296608018));
#9841 = CARTESIAN_POINT('',(0.625001395827,2.998262403945));
#9842 = CARTESIAN_POINT('',(0.625000303031,3.103264883266));
#9843 = CARTESIAN_POINT('',(0.625000288793,3.314867456155));
#9844 = CARTESIAN_POINT('',(0.625001402566,3.42156088203));
#9845 = CARTESIAN_POINT('',(0.625003636533,3.528214572415));
#9846 = CARTESIAN_POINT('',(0.625006429582,3.634855564927));
#9847 = CARTESIAN_POINT('',(0.625008579425,3.741510034004));
#9848 = CARTESIAN_POINT('',(0.625009586864,3.848204573602));
#9849 = CARTESIAN_POINT('',(0.625009522094,4.043122724899));
#9850 = CARTESIAN_POINT('',(0.625008782445,4.131413661594));
#9851 = CARTESIAN_POINT('',(0.625007365685,4.219690599992));
#9852 = CARTESIAN_POINT('',(0.62500566024,4.307958455429));
#9853 = CARTESIAN_POINT('',(0.625004214338,4.396234805615));
#9854 = CARTESIAN_POINT('',(0.625003472764,4.484524837428));
#9855 = CARTESIAN_POINT('',(0.625003420341,4.65601816873));
#9856 = CARTESIAN_POINT('',(0.625004031399,4.739254170847));
#9857 = CARTESIAN_POINT('',(0.625005324822,4.822479983915));
#9858 = CARTESIAN_POINT('',(0.625007031221,4.90569950955));
#9859 = CARTESIAN_POINT('',(0.625008586332,4.988925916212));
#9860 = CARTESIAN_POINT('',(0.625009391927,5.07216287101));
#9861 = CARTESIAN_POINT('',(0.625009241913,5.239377981773));
#9862 = CARTESIAN_POINT('',(0.625008267449,5.323384851393));
#9863 = CARTESIAN_POINT('',(0.6250062283,5.407380817586));
#9864 = CARTESIAN_POINT('',(0.625003358766,5.491369540106));
#9865 = CARTESIAN_POINT('',(0.625000608292,5.575364662422));
#9866 = CARTESIAN_POINT('',(0.624999161225,5.659370323903));
#9867 = CARTESIAN_POINT('',(0.62499916098,5.809371569337));
#9868 = CARTESIAN_POINT('',(0.625000070177,5.875386200753));
#9869 = CARTESIAN_POINT('',(0.625001913286,5.941397792317));
#9870 = CARTESIAN_POINT('',(0.625004589926,6.007407759837));
#9871 = CARTESIAN_POINT('',(0.625007126495,6.073420400459));
#9872 = CARTESIAN_POINT('',(0.625008248657,6.139436690308));
#9873 = CARTESIAN_POINT('',(0.625008283312,6.227850826783));
#9874 = CARTESIAN_POINT('',(0.625008174999,6.250253626196));
#9875 = CARTESIAN_POINT('',(0.625007946837,6.272656337356));
#9876 = CARTESIAN_POINT('',(0.625007641516,6.295058912095));
#9877 = CARTESIAN_POINT('',(0.625007347165,6.31746128861));
#9878 = CARTESIAN_POINT('',(0.625007197354,6.33986339146));
#9879 = CARTESIAN_POINT('',(0.625007371099,6.362265131567));
#9880 = ( GEOMETRIC_REPRESENTATION_CONTEXT(2) 
PARAMETRIC_REPRESENTATION_CONTEXT() REPRESENTATION_CONTEXT('2D SPACE',''
  ) );
#9881 = ORIENTED_EDGE('',*,*,#9882,.T.);
#9882 = EDGE_CURVE('',#9665,#9883,#9885,.T.);
#9883 = VERTEX_POINT('',#9884);
#9884 = CARTESIAN_POINT('',(-1.82048406517,1.854523337305,0.248527130307
    ));
#9885 = SURFACE_CURVE('',#9886,(#9891,#9898),.PCURVE_S1.);
#9886 = CIRCLE('',#9887,2.598734122635);
#9887 = AXIS2_PLACEMENT_3D('',#9888,#9889,#9890);
#9888 = CARTESIAN_POINT('',(0.,0.,0.248527130307));
#9889 = DIRECTION('',(0.,0.,1.));
#9890 = DIRECTION('',(1.,0.,-0.));
#9891 = PCURVE('',#8657,#9892);
#9892 = DEFINITIONAL_REPRESENTATION('',(#9893),#9897);
#9893 = LINE('',#9894,#9895);
#9894 = CARTESIAN_POINT('',(0.,0.));
#9895 = VECTOR('',#9896,1.);
#9896 = DIRECTION('',(1.,0.));
#9897 = ( GEOMETRIC_REPRESENTATION_CONTEXT(2) 
PARAMETRIC_REPRESENTATION_CONTEXT() REPRESENTATION_CONTEXT('2D SPACE',''
  ) );
#9898 = PCURVE('',#9899,#9904);
#9899 = CONICAL_SURFACE('',#9900,3.52625,1.308996938996);
#9900 = AXIS2_PLACEMENT_3D('',#9901,#9902,#9903);
#9901 = CARTESIAN_POINT('',(0.,0.,0.));
#9902 = DIRECTION('',(-0.,-0.,-1.));
#9903 = DIRECTION('',(1.,0.,-0.));
#9904 = DEFINITIONAL_REPRESENTATION('',(#9905),#9909);
#9905 = LINE('',#9906,#9907);
#9906 = CARTESIAN_POINT('',(-0.,-0.248527130307));
#9907 = VECTOR('',#9908,1.);
#9908 = DIRECTION('',(-1.,-0.));
#9909 = ( GEOMETRIC_REPRESENTATION_CONTEXT(2) 
PARAMETRIC_REPRESENTATION_CONTEXT() REPRESENTATION_CONTEXT('2D SPACE',''
  ) );
#9910 = ORIENTED_EDGE('',*,*,#9911,.T.);
#9911 = EDGE_CURVE('',#9883,#8640,#9912,.T.);
#9912 = SURFACE_CURVE('',#9913,(#9958,#10006),.PCURVE_S1.);
#9913 = B_SPLINE_CURVE_WITH_KNOTS('',7,(#9914,#9915,#9916,#9917,#9918,
    #9919,#9920,#9921,#9922,#9923,#9924,#9925,#9926,#9927,#9928,#9929,
    #9930,#9931,#9932,#9933,#9934,#9935,#9936,#9937,#9938,#9939,#9940,
    #9941,#9942,#9943,#9944,#9945,#9946,#9947,#9948,#9949,#9950,#9951,
    #9952,#9953,#9954,#9955,#9956,#9957),.UNSPECIFIED.,.F.,.F.,(8,6,6,6,
    6,6,6,8),(0.,0.204809173061,0.388522739615,0.551155351876,
    0.687784530248,0.834024663752,0.947954595824,1.),.UNSPECIFIED.);
#9914 = CARTESIAN_POINT('',(-1.820477074021,1.854530200107,
    0.248526530307));
#9915 = CARTESIAN_POINT('',(-2.034040356124,1.644888394728,
    0.266855095759));
#9916 = CARTESIAN_POINT('',(-2.21957557017,1.40641827688,0.285194910016)
  );
#9917 = CARTESIAN_POINT('',(-2.372141673109,1.143847075819,
    0.303523863654));
#9918 = CARTESIAN_POINT('',(-2.488205411697,0.862714707095,
    0.321849208671));
#9919 = CARTESIAN_POINT('',(-2.5653037815,0.568986439556,0.340177438509)
  );
#9920 = CARTESIAN_POINT('',(-2.602032483855,0.269081744125,
    0.358516216536));
#9921 = CARTESIAN_POINT('',(-2.595443437774,-0.298583601528,
    0.393283565018));
#9922 = CARTESIAN_POINT('',(-2.559978065382,-0.566742534786,
    0.409730823878));
#9923 = CARTESIAN_POINT('',(-2.492173144871,-0.829754711157,
    0.426173007869));
#9924 = CARTESIAN_POINT('',(-2.393018494207,-1.082996824897,
    0.442613696653));
#9925 = CARTESIAN_POINT('',(-2.264214935656,-1.32212525297,
    0.459056200032));
#9926 = CARTESIAN_POINT('',(-2.108174916295,-1.543073919799,
    0.475503987126));
#9927 = CARTESIAN_POINT('',(-1.768890702721,-1.918571235211,
    0.506498298442));
#9928 = CARTESIAN_POINT('',(-1.590721706696,-2.077941795393,
    0.521055567135));
#9929 = CARTESIAN_POINT('',(-1.395935978476,-2.21785472006,
    0.535609701328));
#9930 = CARTESIAN_POINT('',(-1.18710711341,-2.336299162437,
    0.550161855775));
#9931 = CARTESIAN_POINT('',(-0.967059309573,-2.431673161135,
    0.564715796742));
#9932 = CARTESIAN_POINT('',(-0.738839160968,-2.502799772012,
    0.579272767681));
#9933 = CARTESIAN_POINT('',(-0.309923215667,-2.587899327252,
    0.606052807677));
#9934 = CARTESIAN_POINT('',(-0.110592039268,-2.609206065158,
    0.618281114042));
#9935 = CARTESIAN_POINT('',(9.031467249365E-02,-2.61257549202,
    0.630508468624));
#9936 = CARTESIAN_POINT('',(0.290866229633,-2.597903807042,
    0.642735210146));
#9937 = CARTESIAN_POINT('',(0.489143385002,-2.565331450582,
    0.654962638837));
#9938 = CARTESIAN_POINT('',(0.683251202555,-2.515242137526,
    0.667190991668));
#9939 = CARTESIAN_POINT('',(1.072649235208,-2.37665800752,0.692504047143
    ));
#9940 = CARTESIAN_POINT('',(1.267124853753,-2.285687115584,
    0.705592482249));
#9941 = CARTESIAN_POINT('',(1.45247235099,-2.176193965133,0.718678922017
    ));
#9942 = CARTESIAN_POINT('',(1.626604513558,-2.049305766886,
    0.731764053178));
#9943 = CARTESIAN_POINT('',(1.787613965033,-1.906412268851,
    0.744850358294));
#9944 = CARTESIAN_POINT('',(1.93378812663,-1.749155007591,0.757938949263
    ));
#9945 = CARTESIAN_POINT('',(2.164840891907,-1.447271938312,
    0.781221608567));
#9946 = CARTESIAN_POINT('',(2.256146841136,-1.30750554145,0.791418277323
    ));
#9947 = CARTESIAN_POINT('',(2.336887608203,-1.161068452136,
    0.801614884437));
#9948 = CARTESIAN_POINT('',(2.406490798509,-1.008922954866,
    0.811811529011));
#9949 = CARTESIAN_POINT('',(2.464492364131,-0.852083560314,
    0.822008334735));
#9950 = CARTESIAN_POINT('',(2.510538643148,-0.691612415469,
    0.832204811103));
#9951 = CARTESIAN_POINT('',(2.559870747504,-0.454163020574,
    0.847057030278));
#9952 = CARTESIAN_POINT('',(2.572797980863,-0.3791768641,0.851714126928)
  );
#9953 = CARTESIAN_POINT('',(2.583161518446,-0.303766886569,
    0.856371020609));
#9954 = CARTESIAN_POINT('',(2.590945068919,-0.228038232216,
    0.861027741992));
#9955 = CARTESIAN_POINT('',(2.596137756837,-0.152096601905,
    0.865684395327));
#9956 = CARTESIAN_POINT('',(2.598734122635,-7.60482531272E-02,
    0.870341158441));
#9957 = CARTESIAN_POINT('',(2.598734122635,0.,0.874998282735));
#9958 = PCURVE('',#8657,#9959);
#9959 = DEFINITIONAL_REPRESENTATION('',(#9960),#10005);
#9960 = B_SPLINE_CURVE_WITH_KNOTS('',7,(#9961,#9962,#9963,#9964,#9965,
    #9966,#9967,#9968,#9969,#9970,#9971,#9972,#9973,#9974,#9975,#9976,
    #9977,#9978,#9979,#9980,#9981,#9982,#9983,#9984,#9985,#9986,#9987,
    #9988,#9989,#9990,#9991,#9992,#9993,#9994,#9995,#9996,#9997,#9998,
    #9999,#10000,#10001,#10002,#10003,#10004),.UNSPECIFIED.,.F.,.F.,(8,6
    ,6,6,6,6,6,8),(0.,0.204809173061,0.388522739615,0.551155351876,
    0.687784530248,0.834024663752,0.947954595824,1.),.UNSPECIFIED.);
#9961 = CARTESIAN_POINT('',(2.346928616962,-6.E-07));
#9962 = CARTESIAN_POINT('',(2.462086235958,1.832796545211E-02));
#9963 = CARTESIAN_POINT('',(2.57731829348,3.666777970861E-02));
#9964 = CARTESIAN_POINT('',(2.69248776554,5.499673334685E-02));
#9965 = CARTESIAN_POINT('',(2.807639685055,7.332207836376E-02));
#9966 = CARTESIAN_POINT('',(2.922809380931,9.165030820242E-02));
#9967 = CARTESIAN_POINT('',(3.03804176616,0.109989086229));
#9968 = CARTESIAN_POINT('',(3.256495658709,0.144756434711));
#9969 = CARTESIAN_POINT('',(3.359835415218,0.161203693571));
#9970 = CARTESIAN_POINT('',(3.463139415178,0.177645877562));
#9971 = CARTESIAN_POINT('',(3.566431300669,0.194086566346));
#9972 = CARTESIAN_POINT('',(3.66973520164,0.210529069725));
#9973 = CARTESIAN_POINT('',(3.773074815237,0.226976856819));
#9974 = CARTESIAN_POINT('',(3.967813899993,0.257971168135));
#9975 = CARTESIAN_POINT('',(4.059280256918,0.272528436828));
#9976 = CARTESIAN_POINT('',(4.15072939317,0.28708257102));
#9977 = CARTESIAN_POINT('',(4.242167591571,0.301634725468));
#9978 = CARTESIAN_POINT('',(4.33361682112,0.316188666435));
#9979 = CARTESIAN_POINT('',(4.425083390484,0.330745637374));
#9980 = CARTESIAN_POINT('',(4.593348621376,0.35752567737));
#9981 = CARTESIAN_POINT('',(4.670180690602,0.369753983735));
#9982 = CARTESIAN_POINT('',(4.747005440764,0.381981338317));
#9983 = CARTESIAN_POINT('',(4.823825518591,0.394208079839));
#9984 = CARTESIAN_POINT('',(4.900650203339,0.40643550853));
#9985 = CARTESIAN_POINT('',(4.977482167504,0.418663861361));
#9986 = CARTESIAN_POINT('',(5.136530215181,0.443976916836));
#9987 = CARTESIAN_POINT('',(5.218770010515,0.457065351942));
#9988 = CARTESIAN_POINT('',(5.300999633149,0.47015179171));
#9989 = CARTESIAN_POINT('',(5.38322281587,0.483236922871));
#9990 = CARTESIAN_POINT('',(5.465452563493,0.496323227987));
#9991 = CARTESIAN_POINT('',(5.547692593572,0.509411818956));
#9992 = CARTESIAN_POINT('',(5.693977755286,0.53269447826));
#9993 = CARTESIAN_POINT('',(5.758040871187,0.542891147016));
#9994 = CARTESIAN_POINT('',(5.822100991012,0.55308775413));
#9995 = CARTESIAN_POINT('',(5.886159165873,0.563284398704));
#9996 = CARTESIAN_POINT('',(5.95021915714,0.573481204428));
#9997 = CARTESIAN_POINT('',(6.014282073852,0.583677680796));
#9998 = CARTESIAN_POINT('',(6.107604370867,0.598529899971));
#9999 = CARTESIAN_POINT('',(6.136867772443,0.603186996621));
#10000 = CARTESIAN_POINT('',(6.166131210134,0.607843890301));
#10001 = CARTESIAN_POINT('',(6.195394682854,0.612500611684));
#10002 = CARTESIAN_POINT('',(6.224658189976,0.61715726502));
#10003 = CARTESIAN_POINT('',(6.253921731324,0.621814028134));
#10004 = CARTESIAN_POINT('',(6.28318530718,0.626471152428));
#10005 = ( GEOMETRIC_REPRESENTATION_CONTEXT(2) 
PARAMETRIC_REPRESENTATION_CONTEXT() REPRESENTATION_CONTEXT('2D SPACE',''
  ) );
#10006 = PCURVE('',#10007,#10032);
#10007 = B_SPLINE_SURFACE_WITH_KNOTS('',1,11,(
    (#10008,#10009,#10010,#10011,#10012,#10013,#10014,#10015,#10016
      ,#10017,#10018,#10019)
    ,(#10020,#10021,#10022,#10023,#10024,#10025,#10026,#10027,#10028
      ,#10029,#10030,#10031
    )),.UNSPECIFIED.,.F.,.F.,.F.,(2,2),(12,12),(0.,0.825),(0.,
    6.362265131567),.PIECEWISE_BEZIER_KNOTS.);
#10008 = CARTESIAN_POINT('',(2.425529041878,-5.2E-16,-2.5E-02));
#10009 = CARTESIAN_POINT('',(2.425529156139,1.385546917795,
    6.590582544505E-02));
#10010 = CARTESIAN_POINT('',(1.555153354094,2.770275500268,
    0.156761294806));
#10011 = CARTESIAN_POINT('',(-0.187056266723,3.550919093901,
    0.248009330483));
#10012 = CARTESIAN_POINT('',(-2.316188363676,3.105547814068,
    0.337938397923));
#10013 = CARTESIAN_POINT('',(-3.902986444461,1.288347778238,
    0.430601459552));
#10014 = CARTESIAN_POINT('',(-3.902919187333,-1.288348794199,
    0.519395934271));
#10015 = CARTESIAN_POINT('',(-2.316233375861,-3.105546538322,
    0.612058995852));
#10016 = CARTESIAN_POINT('',(-0.18703707578,-3.550919842455,
    0.701988063345));
#10017 = CARTESIAN_POINT('',(1.555149647761,-2.770275271996,
    0.793236098994));
#10018 = CARTESIAN_POINT('',(2.425529094241,-1.385546785696,
    0.884091568361));
#10019 = CARTESIAN_POINT('',(2.425529133076,1.3209832821E-07,
    0.974997393807));
#10020 = CARTESIAN_POINT('',(3.14,3.78E-15,-0.4375));
#10021 = CARTESIAN_POINT('',(3.140001999578,1.793564261552,
    -0.346590909091));
#10022 = CARTESIAN_POINT('',(2.013347272367,3.587089133945,
    -0.255681818171));
#10023 = CARTESIAN_POINT('',(-0.242564664322,4.594281867793,
    -0.164772727398));
#10024 = CARTESIAN_POINT('',(-2.997700114169,4.025723105075,
    -7.386363585989E-02));
#10025 = CARTESIAN_POINT('',(-5.053406853424,1.660199511418,
    1.704545350334E-02));
#10026 = CARTESIAN_POINT('',(-5.052231118119,-1.660213569527,
    0.107954546772));
#10027 = CARTESIAN_POINT('',(-2.998490763432,-4.02569857453,
    0.198863635313));
#10028 = CARTESIAN_POINT('',(-0.242232216067,-4.594294787713,
    0.289772727779));
#10029 = CARTESIAN_POINT('',(2.013279772228,-3.587086621735,
    0.380681818068));
#10030 = CARTESIAN_POINT('',(3.139999596302,-1.793564261552,
    0.471590909086));
#10031 = CARTESIAN_POINT('',(3.14000159588,-8.149E-14,0.562500000003));
#10032 = DEFINITIONAL_REPRESENTATION('',(#10033),#10078);
#10033 = B_SPLINE_CURVE_WITH_KNOTS('',7,(#10034,#10035,#10036,#10037,
    #10038,#10039,#10040,#10041,#10042,#10043,#10044,#10045,#10046,
    #10047,#10048,#10049,#10050,#10051,#10052,#10053,#10054,#10055,
    #10056,#10057,#10058,#10059,#10060,#10061,#10062,#10063,#10064,
    #10065,#10066,#10067,#10068,#10069,#10070,#10071,#10072,#10073,
    #10074,#10075,#10076,#10077),.UNSPECIFIED.,.F.,.F.,(8,6,6,6,6,6,6,8)
  ,(0.,0.204809173061,0.388522739615,0.551155351876,0.687784530248,
    0.834024663752,0.947954595824,1.),.UNSPECIFIED.);
#10034 = CARTESIAN_POINT('',(0.19999583315,2.376466162737));
#10035 = CARTESIAN_POINT('',(0.19999525579,2.493073668364));
#10036 = CARTESIAN_POINT('',(0.199995825488,2.609756761333));
#10037 = CARTESIAN_POINT('',(0.199997919889,2.726376463795));
#10038 = CARTESIAN_POINT('',(0.200001127202,2.84297789736));
#10039 = CARTESIAN_POINT('',(0.200003749166,2.959596775926));
#10040 = CARTESIAN_POINT('',(0.200005006833,3.076278872157));
#10041 = CARTESIAN_POINT('',(0.200004870249,3.297481115308));
#10042 = CARTESIAN_POINT('',(0.200003735224,3.402120995756));
#10043 = CARTESIAN_POINT('',(0.200001553233,3.506724881104));
#10044 = CARTESIAN_POINT('',(0.199998864272,3.611316920137));
#10045 = CARTESIAN_POINT('',(0.19999676952,3.715921515438));
#10046 = CARTESIAN_POINT('',(0.199995746628,3.820562400739));
#10047 = CARTESIAN_POINT('',(0.199995707825,4.017753519183));
#10048 = CARTESIAN_POINT('',(0.199996469216,4.110371497101));
#10049 = CARTESIAN_POINT('',(0.199997994252,4.202971826131));
#10050 = CARTESIAN_POINT('',(0.199999827281,4.29556072354));
#10051 = CARTESIAN_POINT('',(0.200001334371,4.388160457115));
#10052 = CARTESIAN_POINT('',(0.200002029456,4.480777603767));
#10053 = CARTESIAN_POINT('',(0.200001911226,4.651159557683));
#10054 = CARTESIAN_POINT('',(0.200001318586,4.72895818094));
#10055 = CARTESIAN_POINT('',(0.20000018667,4.806749530217));
#10056 = CARTESIAN_POINT('',(0.199998750612,4.884536408427));
#10057 = CARTESIAN_POINT('',(0.199997445207,4.962328243443));
#10058 = CARTESIAN_POINT('',(0.199996717804,5.040127655394));
#10059 = CARTESIAN_POINT('',(0.199996660622,5.201178510526));
#10060 = CARTESIAN_POINT('',(0.199997434985,5.284453968825));
#10061 = CARTESIAN_POINT('',(0.199999182826,5.367719032287));
#10062 = CARTESIAN_POINT('',(0.200001726703,5.450977182805));
#10063 = CARTESIAN_POINT('',(0.200004206736,5.534241446517));
#10064 = CARTESIAN_POINT('',(0.200005506061,5.6175157342));
#10065 = CARTESIAN_POINT('',(0.200005383494,5.76564061806));
#10066 = CARTESIAN_POINT('',(0.200004486897,5.830509416584));
#10067 = CARTESIAN_POINT('',(0.200002697226,5.895375361479));
#10068 = CARTESIAN_POINT('',(0.200000086992,5.960239764138));
#10069 = CARTESIAN_POINT('',(0.19999749982,6.025106646391));
#10070 = CARTESIAN_POINT('',(0.19999614905,6.089977066239));
#10071 = CARTESIAN_POINT('',(0.199996174414,6.1844754609));
#10072 = CARTESIAN_POINT('',(0.199996435948,6.214107623595));
#10073 = CARTESIAN_POINT('',(0.1999970267,6.243739726699));
#10074 = CARTESIAN_POINT('',(0.199997887416,6.273371672013));
#10075 = CARTESIAN_POINT('',(0.199998823957,6.303003328896));
#10076 = CARTESIAN_POINT('',(0.199999507289,6.33263453426));
#10077 = CARTESIAN_POINT('',(0.199999473493,6.362265092575));
#10078 = ( GEOMETRIC_REPRESENTATION_CONTEXT(2) 
PARAMETRIC_REPRESENTATION_CONTEXT() REPRESENTATION_CONTEXT('2D SPACE',''
  ) );
#10079 = ORIENTED_EDGE('',*,*,#8639,.T.);
#10080 = ADVANCED_FACE('',(#10081),#8837,.F.);
#10081 = FACE_BOUND('',#10082,.F.);
#10082 = EDGE_LOOP('',(#10083,#10084,#10106,#10136));
#10083 = ORIENTED_EDGE('',*,*,#8669,.F.);
#10084 = ORIENTED_EDGE('',*,*,#10085,.T.);
#10085 = EDGE_CURVE('',#8640,#10086,#10088,.T.);
#10086 = VERTEX_POINT('',#10087);
#10087 = CARTESIAN_POINT('',(3.14000159588,-1.47E-13,0.562500000003));
#10088 = SURFACE_CURVE('',#10089,(#10092,#10099),.PCURVE_S1.);
#10089 = B_SPLINE_CURVE_WITH_KNOTS('',1,(#10090,#10091),.UNSPECIFIED.,
  .F.,.F.,(2,2),(0.,0.825),.PIECEWISE_BEZIER_KNOTS.);
#10090 = CARTESIAN_POINT('',(2.425529133076,1.3209832821E-07,
    0.974997393807));
#10091 = CARTESIAN_POINT('',(3.14000159588,-8.149E-14,0.562500000003));
#10092 = PCURVE('',#8837,#10093);
#10093 = DEFINITIONAL_REPRESENTATION('',(#10094),#10098);
#10094 = LINE('',#10095,#10096);
#10095 = CARTESIAN_POINT('',(0.,0.));
#10096 = VECTOR('',#10097,1.);
#10097 = DIRECTION('',(1.,0.));
#10098 = ( GEOMETRIC_REPRESENTATION_CONTEXT(2) 
PARAMETRIC_REPRESENTATION_CONTEXT() REPRESENTATION_CONTEXT('2D SPACE',''
  ) );
#10099 = PCURVE('',#10007,#10100);
#10100 = DEFINITIONAL_REPRESENTATION('',(#10101),#10105);
#10101 = LINE('',#10102,#10103);
#10102 = CARTESIAN_POINT('',(0.,6.362265131567));
#10103 = VECTOR('',#10104,1.);
#10104 = DIRECTION('',(1.,0.));
#10105 = ( GEOMETRIC_REPRESENTATION_CONTEXT(2) 
PARAMETRIC_REPRESENTATION_CONTEXT() REPRESENTATION_CONTEXT('2D SPACE',''
  ) );
#10106 = ORIENTED_EDGE('',*,*,#10107,.T.);
#10107 = EDGE_CURVE('',#10086,#9195,#10108,.T.);
#10108 = SURFACE_CURVE('',#10109,(#10122,#10129),.PCURVE_S1.);
#10109 = B_SPLINE_CURVE_WITH_KNOTS('',11,(#10110,#10111,#10112,#10113,
    #10114,#10115,#10116,#10117,#10118,#10119,#10120,#10121),
  .UNSPECIFIED.,.F.,.F.,(12,12),(0.,6.362265131567),
  .PIECEWISE_BEZIER_KNOTS.);
#10110 = CARTESIAN_POINT('',(3.14000159588,-1.4789E-13,0.562500000003));
#10111 = CARTESIAN_POINT('',(3.140003595457,1.793565172919,
    0.653409090919));
#10112 = CARTESIAN_POINT('',(2.013348295742,3.587090958418,
    0.744318181958));
#10113 = CARTESIAN_POINT('',(-0.242564787959,4.594284198313,
    0.835227271975));
#10114 = CARTESIAN_POINT('',(-2.997701637259,4.025725160401,
    0.926136365701));
#10115 = CARTESIAN_POINT('',(-5.053409421822,1.660200342014,
    1.017045451149));
#10116 = CARTESIAN_POINT('',(-5.052233686518,-1.660214400121,
    1.107954549138));
#10117 = CARTESIAN_POINT('',(-2.998492286524,-4.025700629858,
    1.198863633764));
#10118 = CARTESIAN_POINT('',(-0.242232339704,-4.594297118231,
    1.289772728417));
#10119 = CARTESIAN_POINT('',(2.013280795601,-3.587088446209,
    1.38068181795));
#10120 = CARTESIAN_POINT('',(3.140001192181,-1.79356517292,
    1.471590909088));
#10121 = CARTESIAN_POINT('',(3.140003191759,-6.1507E-13,1.562500000012)
  );
#10122 = PCURVE('',#8837,#10123);
#10123 = DEFINITIONAL_REPRESENTATION('',(#10124),#10128);
#10124 = LINE('',#10125,#10126);
#10125 = CARTESIAN_POINT('',(0.825,0.));
#10126 = VECTOR('',#10127,1.);
#10127 = DIRECTION('',(0.,1.));
#10128 = ( GEOMETRIC_REPRESENTATION_CONTEXT(2) 
PARAMETRIC_REPRESENTATION_CONTEXT() REPRESENTATION_CONTEXT('2D SPACE',''
  ) );
#10129 = PCURVE('',#9351,#10130);
#10130 = DEFINITIONAL_REPRESENTATION('',(#10131),#10135);
#10131 = LINE('',#10132,#10133);
#10132 = CARTESIAN_POINT('',(0.,0.));
#10133 = VECTOR('',#10134,1.);
#10134 = DIRECTION('',(0.,1.));
#10135 = ( GEOMETRIC_REPRESENTATION_CONTEXT(2) 
PARAMETRIC_REPRESENTATION_CONTEXT() REPRESENTATION_CONTEXT('2D SPACE',''
  ) );
#10136 = ORIENTED_EDGE('',*,*,#9194,.F.);
#10137 = ADVANCED_FACE('',(#10138),#9295,.F.);
#10138 = FACE_BOUND('',#10139,.F.);
#10139 = EDGE_LOOP('',(#10140,#10172,#10219,#10267,#10268));
#10140 = ORIENTED_EDGE('',*,*,#10141,.F.);
#10141 = EDGE_CURVE('',#10142,#9251,#10144,.T.);
#10142 = VERTEX_POINT('',#10143);
#10143 = CARTESIAN_POINT('',(3.140002051845,-1.89E-13,0.437500000004));
#10144 = SURFACE_CURVE('',#10145,(#10158,#10165),.PCURVE_S1.);
#10145 = ( BOUNDED_CURVE() B_SPLINE_CURVE(11,(#10146,#10147,#10148,
    #10149,#10150,#10151,#10152,#10153,#10154,#10155,#10156,#10157),
.UNSPECIFIED.,.F.,.F.) B_SPLINE_CURVE_WITH_KNOTS((12,12),(0.,
6.362265131567),.PIECEWISE_BEZIER_KNOTS.) CURVE() 
GEOMETRIC_REPRESENTATION_ITEM() RATIONAL_B_SPLINE_CURVE((1.056590953773,
    1.056590953773,1.056590953773,1.056590953773,1.056590953773,
    1.056590953774,1.056590953773,1.056590953773,1.056590953773,
1.056590953773,1.056590953773,1.056590953773)) REPRESENTATION_ITEM('') 
  );
#10146 = CARTESIAN_POINT('',(3.140002051845,-1.9157E-13,0.437500000004)
  );
#10147 = CARTESIAN_POINT('',(3.140004622731,1.793565563506,
    0.528409090922));
#10148 = CARTESIAN_POINT('',(2.013358377207,3.587092099222,
    0.619318181999));
#10149 = CARTESIAN_POINT('',(-0.242612333551,4.594283351405,
    0.710227271759));
#10150 = CARTESIAN_POINT('',(-2.997589340122,4.025729545618,
    0.801136366293));
#10151 = CARTESIAN_POINT('',(-5.053578484744,1.660198689685,
    0.892045450176));
#10152 = CARTESIAN_POINT('',(-5.05206682508,-1.660216764396,
    0.982954550193));
#10153 = CARTESIAN_POINT('',(-2.998605889168,-4.025698006346,
    1.073863633019));
#10154 = CARTESIAN_POINT('',(-0.242184900085,-4.594299962729,
    1.164772728746));
#10155 = CARTESIAN_POINT('',(2.013271591313,-3.587088869239,
    1.255681817884));
#10156 = CARTESIAN_POINT('',(3.140001532804,-1.793565563506,
    1.346590909087));
#10157 = CARTESIAN_POINT('',(3.14000410369,-7.8168E-13,1.437500000015));
#10158 = PCURVE('',#9295,#10159);
#10159 = DEFINITIONAL_REPRESENTATION('',(#10160),#10164);
#10160 = LINE('',#10161,#10162);
#10161 = CARTESIAN_POINT('',(0.,0.));
#10162 = VECTOR('',#10163,1.);
#10163 = DIRECTION('',(0.,1.));
#10164 = ( GEOMETRIC_REPRESENTATION_CONTEXT(2) 
PARAMETRIC_REPRESENTATION_CONTEXT() REPRESENTATION_CONTEXT('2D SPACE',''
  ) );
#10165 = PCURVE('',#9351,#10166);
#10166 = DEFINITIONAL_REPRESENTATION('',(#10167),#10171);
#10167 = LINE('',#10168,#10169);
#10168 = CARTESIAN_POINT('',(2.094395102393,0.));
#10169 = VECTOR('',#10170,1.);
#10170 = DIRECTION('',(0.,1.));
#10171 = ( GEOMETRIC_REPRESENTATION_CONTEXT(2) 
PARAMETRIC_REPRESENTATION_CONTEXT() REPRESENTATION_CONTEXT('2D SPACE',''
  ) );
#10172 = ORIENTED_EDGE('',*,*,#10173,.T.);
#10173 = EDGE_CURVE('',#10142,#10174,#10176,.T.);
#10174 = VERTEX_POINT('',#10175);
#10175 = CARTESIAN_POINT('',(2.744871961729,3.6527706E-08,0.209369614338
    ));
#10176 = SURFACE_CURVE('',#10177,(#10180,#10187),.PCURVE_S1.);
#10177 = B_SPLINE_CURVE_WITH_KNOTS('',1,(#10178,#10179),.UNSPECIFIED.,
  .F.,.F.,(2,2),(0.,0.825),.PIECEWISE_BEZIER_KNOTS.);
#10178 = CARTESIAN_POINT('',(3.140002051845,-1.1878E-13,0.437500000004)
  );
#10179 = CARTESIAN_POINT('',(2.425532598414,1.3209800783E-07,
    2.499739381308E-02));
#10180 = PCURVE('',#9295,#10181);
#10181 = DEFINITIONAL_REPRESENTATION('',(#10182),#10186);
#10182 = LINE('',#10183,#10184);
#10183 = CARTESIAN_POINT('',(0.,0.));
#10184 = VECTOR('',#10185,1.);
#10185 = DIRECTION('',(1.,0.));
#10186 = ( GEOMETRIC_REPRESENTATION_CONTEXT(2) 
PARAMETRIC_REPRESENTATION_CONTEXT() REPRESENTATION_CONTEXT('2D SPACE',''
  ) );
#10187 = PCURVE('',#10188,#10213);
#10188 = B_SPLINE_SURFACE_WITH_KNOTS('',1,11,(
    (#10189,#10190,#10191,#10192,#10193,#10194,#10195,#10196,#10197
      ,#10198,#10199,#10200)
    ,(#10201,#10202,#10203,#10204,#10205,#10206,#10207,#10208,#10209
      ,#10210,#10211,#10212
    )),.UNSPECIFIED.,.F.,.F.,.F.,(2,2),(12,12),(0.,0.825),(0.,
    6.362265131567),.PIECEWISE_BEZIER_KNOTS.);
#10189 = CARTESIAN_POINT('',(3.14,-3.32E-15,-0.5625));
#10190 = CARTESIAN_POINT('',(3.140002570886,1.793564391747,
    -0.471590909091));
#10191 = CARTESIAN_POINT('',(2.01335706144,3.587089753471,
    -0.380681818168));
#10192 = CARTESIAN_POINT('',(-0.242612174591,4.594280355021,
    -0.289772727434));
#10193 = CARTESIAN_POINT('',(-2.99758738186,4.025726903057,
    -0.198863635716));
#10194 = CARTESIAN_POINT('',(-5.053575182522,1.660197621772,
    -0.107954546795));
#10195 = CARTESIAN_POINT('',(-5.052063522848,-1.660215696484,
    -1.704545285104E-02));
#10196 = CARTESIAN_POINT('',(-2.99860393091,-4.025695363785,
    7.386363501222E-02));
#10197 = CARTESIAN_POINT('',(-0.242184741123,-4.594296966346,
    0.164772727924));
#10198 = CARTESIAN_POINT('',(2.013270275548,-3.587086523488,
    0.255681818036));
#10199 = CARTESIAN_POINT('',(3.139999480959,-1.793564391747,
    0.346590909085));
#10200 = CARTESIAN_POINT('',(3.140002051845,-1.1878E-13,0.437500000004)
  );
#10201 = CARTESIAN_POINT('',(2.425529041878,-2.92E-15,-0.975));
#10202 = CARTESIAN_POINT('',(2.42553349808,1.385547907281,
    -0.884094174555));
#10203 = CARTESIAN_POINT('',(1.555227751048,2.770280208665,
    -0.793238705171));
#10204 = CARTESIAN_POINT('',(-0.18741734477,3.550907596842,
    -0.70199066979));
#10205 = CARTESIAN_POINT('',(-2.315331598128,3.105576678722,
    -0.612061600981));
#10206 = CARTESIAN_POINT('',(-3.904265745612,1.288333416946,
    -0.519398542714));
#10207 = CARTESIAN_POINT('',(-3.901645463275,-1.288364959085,
    -0.430604062865));
#10208 = CARTESIAN_POINT('',(-2.317093448692,-3.105522136654,
    -0.337941006432));
#10209 = CARTESIAN_POINT('',(-0.186676266202,-3.550936400074,
    -0.248011935553));
#10210 = CARTESIAN_POINT('',(1.55507747299,-2.770274525312,
    -0.156763901253));
#10211 = CARTESIAN_POINT('',(2.425528217638,-1.385547775181,
    -6.5908431648E-02));
#10212 = CARTESIAN_POINT('',(2.425532598414,1.3209800783E-07,
    2.499739381308E-02));
#10213 = DEFINITIONAL_REPRESENTATION('',(#10214),#10218);
#10214 = LINE('',#10215,#10216);
#10215 = CARTESIAN_POINT('',(0.,6.362265131567));
#10216 = VECTOR('',#10217,1.);
#10217 = DIRECTION('',(1.,0.));
#10218 = ( GEOMETRIC_REPRESENTATION_CONTEXT(2) 
PARAMETRIC_REPRESENTATION_CONTEXT() REPRESENTATION_CONTEXT('2D SPACE',''
  ) );
#10219 = ORIENTED_EDGE('',*,*,#10220,.T.);
#10220 = EDGE_CURVE('',#10174,#9665,#10221,.T.);
#10221 = SURFACE_CURVE('',#10222,(#10235,#10251),.PCURVE_S1.);
#10222 = B_SPLINE_CURVE_WITH_KNOTS('',6,(#10223,#10224,#10225,#10226,
    #10227,#10228,#10229,#10230,#10231,#10232,#10233,#10234),
  .UNSPECIFIED.,.F.,.F.,(7,5,7),(0.,0.503942536084,1.),.UNSPECIFIED.);
#10223 = CARTESIAN_POINT('',(2.744871966739,5.7E-16,0.209369612996));
#10224 = CARTESIAN_POINT('',(2.732852077199,0.175245826975,
    0.212590332066));
#10225 = CARTESIAN_POINT('',(2.707359085821,0.349374568984,0.2158236065)
  );
#10226 = CARTESIAN_POINT('',(2.668445524885,0.521064174245,
    0.219070481533));
#10227 = CARTESIAN_POINT('',(2.616343725564,0.689012230614,
    0.222331345264));
#10228 = CARTESIAN_POINT('',(2.551445659918,0.851937802574,
    0.225606424614));
#10229 = CARTESIAN_POINT('',(2.398423258357,1.16280931343,0.232133006304
    ));
#10230 = CARTESIAN_POINT('',(2.310671504879,1.310963414453,
    0.235384360735));
#10231 = CARTESIAN_POINT('',(2.211625705963,1.451873915912,
    0.238649226595));
#10232 = CARTESIAN_POINT('',(2.101989933062,1.584437026535,
    0.241927790081));
#10233 = CARTESIAN_POINT('',(1.982606143327,1.70762938012,0.245220443778
    ));
#10234 = CARTESIAN_POINT('',(1.854473393311,1.820534941617,
    0.248527130307));
#10235 = PCURVE('',#9295,#10236);
#10236 = DEFINITIONAL_REPRESENTATION('',(#10237),#10250);
#10237 = B_SPLINE_CURVE_WITH_KNOTS('',6,(#10238,#10239,#10240,#10241,
    #10242,#10243,#10244,#10245,#10246,#10247,#10248,#10249),
  .UNSPECIFIED.,.F.,.F.,(7,5,7),(0.,0.503942536084,1.),.UNSPECIFIED.);
#10238 = CARTESIAN_POINT('',(0.456257888676,0.));
#10239 = CARTESIAN_POINT('',(0.470137751814,6.46463164495E-02));
#10240 = CARTESIAN_POINT('',(0.484076407334,0.129562012959));
#10241 = CARTESIAN_POINT('',(0.498071402925,0.194743544444));
#10242 = CARTESIAN_POINT('',(0.512124005301,0.260196138267));
#10243 = CARTESIAN_POINT('',(0.526236240937,0.325927664867));
#10244 = CARTESIAN_POINT('',(0.554357763086,0.456910945387));
#10245 = CARTESIAN_POINT('',(0.56836643701,0.522159858426));
#10246 = CARTESIAN_POINT('',(0.582433627144,0.587679951201));
#10247 = CARTESIAN_POINT('',(0.596560997266,0.653478196534));
#10248 = CARTESIAN_POINT('',(0.610750167584,0.719562684934));
#10249 = CARTESIAN_POINT('',(0.625000605114,0.785931652489));
#10250 = ( GEOMETRIC_REPRESENTATION_CONTEXT(2) 
PARAMETRIC_REPRESENTATION_CONTEXT() REPRESENTATION_CONTEXT('2D SPACE',''
  ) );
#10251 = PCURVE('',#9899,#10252);
#10252 = DEFINITIONAL_REPRESENTATION('',(#10253),#10266);
#10253 = B_SPLINE_CURVE_WITH_KNOTS('',6,(#10254,#10255,#10256,#10257,
    #10258,#10259,#10260,#10261,#10262,#10263,#10264,#10265),
  .UNSPECIFIED.,.F.,.F.,(7,5,7),(0.,0.503942536084,1.),.UNSPECIFIED.);
#10254 = CARTESIAN_POINT('',(0.,-0.209369612996));
#10255 = CARTESIAN_POINT('',(-6.384480919288E-02,-0.212590332649));
#10256 = CARTESIAN_POINT('',(-0.127953606746,-0.215823605278));
#10257 = CARTESIAN_POINT('',(-0.192323486746,-0.219070482632));
#10258 = CARTESIAN_POINT('',(-0.256961466451,-0.222331344858));
#10259 = CARTESIAN_POINT('',(-0.321875091846,-0.225606424614));
#10260 = CARTESIAN_POINT('',(-0.451229539727,-0.232133006304));
#10261 = CARTESIAN_POINT('',(-0.51566749771,-0.235384360749));
#10262 = CARTESIAN_POINT('',(-0.580373762513,-0.238649226556));
#10263 = CARTESIAN_POINT('',(-0.645354975187,-0.241927790124));
#10264 = CARTESIAN_POINT('',(-0.710618840903,-0.245220443758));
#10265 = CARTESIAN_POINT('',(-0.776163494018,-0.248527130307));
#10266 = ( GEOMETRIC_REPRESENTATION_CONTEXT(2) 
PARAMETRIC_REPRESENTATION_CONTEXT() REPRESENTATION_CONTEXT('2D SPACE',''
  ) );
#10267 = ORIENTED_EDGE('',*,*,#9664,.T.);
#10268 = ORIENTED_EDGE('',*,*,#9282,.F.);
#10269 = ADVANCED_FACE('',(#10270),#9351,.F.);
#10270 = FACE_BOUND('',#10271,.F.);
#10271 = EDGE_LOOP('',(#10272,#10273,#10383,#10384));
#10272 = ORIENTED_EDGE('',*,*,#10107,.F.);
#10273 = ORIENTED_EDGE('',*,*,#10274,.T.);
#10274 = EDGE_CURVE('',#10086,#10142,#10275,.T.);
#10275 = SURFACE_CURVE('',#10276,(#10284,#10291),.PCURVE_S1.);
#10276 = ( BOUNDED_CURVE() B_SPLINE_CURVE(6,(#10277,#10278,#10279,#10280
    ,#10281,#10282,#10283),.UNSPECIFIED.,.F.,.F.) 
B_SPLINE_CURVE_WITH_KNOTS((7,7),(0.,2.094395102393),
.PIECEWISE_BEZIER_KNOTS.) CURVE() GEOMETRIC_REPRESENTATION_ITEM() 
RATIONAL_B_SPLINE_CURVE((1.056590953773,1.017435169568,0.996326512422,
    0.989390034249,0.996326512422,1.017435169568,1.056590953773)) 
REPRESENTATION_ITEM('') );
#10277 = CARTESIAN_POINT('',(3.14000159588,-7.84E-14,0.562500000003));
#10278 = CARTESIAN_POINT('',(3.162657292205,-4.18888072E-09,
    0.54941983782));
#10279 = CARTESIAN_POINT('',(3.178622873271,-7.14073513E-09,
    0.527281157925));
#10280 = CARTESIAN_POINT('',(3.18439356846,-8.20767266E-09,
    0.500000161932));
#10281 = CARTESIAN_POINT('',(3.178623072298,-7.14075692E-09,
    0.47271912384));
#10282 = CARTESIAN_POINT('',(3.162657652744,-4.18890582E-09,
    0.45058032747));
#10283 = CARTESIAN_POINT('',(3.140002051845,-1.2315E-13,0.437500000004)
  );
#10284 = PCURVE('',#9351,#10285);
#10285 = DEFINITIONAL_REPRESENTATION('',(#10286),#10290);
#10286 = LINE('',#10287,#10288);
#10287 = CARTESIAN_POINT('',(0.,0.));
#10288 = VECTOR('',#10289,1.);
#10289 = DIRECTION('',(1.,0.));
#10290 = ( GEOMETRIC_REPRESENTATION_CONTEXT(2) 
PARAMETRIC_REPRESENTATION_CONTEXT() REPRESENTATION_CONTEXT('2D SPACE',''
  ) );
#10291 = PCURVE('',#10292,#10377);
#10292 = ( BOUNDED_SURFACE() B_SPLINE_SURFACE(6,11,(
    (#10293,#10294,#10295,#10296,#10297,#10298,#10299,#10300,#10301
      ,#10302,#10303,#10304)
    ,(#10305,#10306,#10307,#10308,#10309,#10310,#10311,#10312,#10313
      ,#10314,#10315,#10316)
    ,(#10317,#10318,#10319,#10320,#10321,#10322,#10323,#10324,#10325
      ,#10326,#10327,#10328)
    ,(#10329,#10330,#10331,#10332,#10333,#10334,#10335,#10336,#10337
      ,#10338,#10339,#10340)
    ,(#10341,#10342,#10343,#10344,#10345,#10346,#10347,#10348,#10349
      ,#10350,#10351,#10352)
    ,(#10353,#10354,#10355,#10356,#10357,#10358,#10359,#10360,#10361
      ,#10362,#10363,#10364)
    ,(#10365,#10366,#10367,#10368,#10369,#10370,#10371,#10372,#10373
      ,#10374,#10375,#10376
)),.UNSPECIFIED.,.F.,.F.,.F.) B_SPLINE_SURFACE_WITH_KNOTS((7,7),(12,12),
  (0.,2.094395102393),(0.,6.362265131567),.PIECEWISE_BEZIER_KNOTS.) 
GEOMETRIC_REPRESENTATION_ITEM() RATIONAL_B_SPLINE_SURFACE((
    (1.056590953773,1.056590953773,1.056590953773,1.056590953773
      ,1.056590953773,1.056590953774,1.056590953773,1.056590953773
      ,1.056590953773,1.056590953773,1.056590953773,1.056590953773)
    ,(1.017435169568,1.017435169568,1.017435169568,1.017435169568
      ,1.017435169568,1.017435169568,1.017435169568,1.017435169568
      ,1.017435169568,1.017435169568,1.017435169568,1.017435169568)
    ,(0.996326512422,0.996326512422,0.996326512422,0.996326512422
      ,0.996326512422,0.996326512423,0.996326512421,0.996326512423
      ,0.996326512422,0.996326512422,0.996326512422,0.996326512422)
    ,(0.989390034249,0.989390034249,0.989390034249,0.989390034249
      ,0.989390034248,0.989390034249,0.989390034248,0.989390034249
      ,0.989390034248,0.989390034249,0.989390034249,0.989390034249)
    ,(0.996326512422,0.996326512422,0.996326512422,0.996326512423
      ,0.996326512421,0.996326512423,0.996326512421,0.996326512423
      ,0.996326512422,0.996326512422,0.996326512422,0.996326512422)
    ,(1.017435169568,1.017435169568,1.017435169568,1.017435169568
      ,1.017435169568,1.017435169568,1.017435169568,1.017435169568
      ,1.017435169568,1.017435169568,1.017435169568,1.017435169568)
    ,(1.056590953773,1.056590953773,1.056590953773,1.056590953773
      ,1.056590953773,1.056590953774,1.056590953773,1.056590953773
      ,1.056590953773,1.056590953773,1.056590953773,1.056590953773
))) REPRESENTATION_ITEM('') SURFACE() );
#10293 = CARTESIAN_POINT('',(3.14,-1.07E-15,-0.4375));
#10294 = CARTESIAN_POINT('',(3.140001999578,1.793564261552,
    -0.346590909091));
#10295 = CARTESIAN_POINT('',(2.013347272367,3.587089133945,
    -0.255681818171));
#10296 = CARTESIAN_POINT('',(-0.242564664321,4.594281867792,
    -0.164772727398));
#10297 = CARTESIAN_POINT('',(-2.99770011417,4.025723105076,
    -7.386363585956E-02));
#10298 = CARTESIAN_POINT('',(-5.053406853421,1.660199511417,
    1.704545350288E-02));
#10299 = CARTESIAN_POINT('',(-5.052231118121,-1.660213569527,
    0.107954546773));
#10300 = CARTESIAN_POINT('',(-2.998490763431,-4.025698574529,
    0.198863635312));
#10301 = CARTESIAN_POINT('',(-0.242232216067,-4.594294787713,
    0.28977272778));
#10302 = CARTESIAN_POINT('',(2.013279772228,-3.587086621735,
    0.380681818068));
#10303 = CARTESIAN_POINT('',(3.139999596302,-1.793564261552,
    0.471590909087));
#10304 = CARTESIAN_POINT('',(3.14000159588,-7.84E-14,0.562500000003));
#10305 = CARTESIAN_POINT('',(3.162655648612,2.43E-15,-0.450580244825));
#10306 = CARTESIAN_POINT('',(3.162657707973,1.806502362762,
    -0.359671050369));
#10307 = CARTESIAN_POINT('',(2.027876456921,3.612990036503,
    -0.268760259127));
#10308 = CARTESIAN_POINT('',(-0.244324818093,4.627366572093,
    -0.17786191619));
#10309 = CARTESIAN_POINT('',(-3.019310636708,4.054901573169,
    -8.692174839607E-02));
#10310 = CARTESIAN_POINT('',(-5.089886321548,1.671990812528,
    3.931723059216E-03));
#10311 = CARTESIAN_POINT('',(-5.088675436748,-1.6720052842,
    9.490787021597E-02));
#10312 = CARTESIAN_POINT('',(-3.02012492989,-4.054876305221,
    0.185761340824));
#10313 = CARTESIAN_POINT('',(-0.243982436547,-4.627379877963,
    0.276701509574));
#10314 = CARTESIAN_POINT('',(2.0278069339,-3.61298745187,0.367599852012)
  );
#10315 = CARTESIAN_POINT('',(3.162655230453,-1.806502366951,
    0.458510643356));
#10316 = CARTESIAN_POINT('',(3.162657292205,-4.18888072E-09,
    0.54941983782));
#10317 = CARTESIAN_POINT('',(3.178621148922,-2.75E-15,-0.472718982957));
#10318 = CARTESIAN_POINT('',(3.178623309467,1.81561989311,
    -0.381809715531));
#10319 = CARTESIAN_POINT('',(2.03811622667,3.63124254058,-0.290897726067
    ));
#10320 = CARTESIAN_POINT('',(-0.245570114545,4.65068130137,
    -0.200006957164));
#10321 = CARTESIAN_POINT('',(-3.03452798073,4.075464115598,
    -0.109044889826));
#10322 = CARTESIAN_POINT('',(-5.115610906873,1.680299980781,
    -1.823061251429E-02));
#10323 = CARTESIAN_POINT('',(-5.114340528165,-1.680315159083,
    7.279278777725E-02));
#10324 = CARTESIAN_POINT('',(-3.035382286745,-4.075437603515,
    0.1636070642));
#10325 = CARTESIAN_POINT('',(-0.245210914511,-4.650695260797,
    0.254569132541));
#10326 = CARTESIAN_POINT('',(2.038043284581,-3.631239830714,
    0.345459900921));
#10327 = CARTESIAN_POINT('',(3.178620708649,-1.815619900251,
    0.436371890492));
#10328 = CARTESIAN_POINT('',(3.178622873271,-7.14073513E-09,
    0.527281157925));
#10329 = CARTESIAN_POINT('',(3.184391744598,4.49E-15,-0.5));
#10330 = CARTESIAN_POINT('',(3.18439402983,1.818915367776,-0.4090907062)
  );
#10331 = CARTESIAN_POINT('',(2.04181881504,3.637839850065,
    -0.318178283647));
#10332 = CARTESIAN_POINT('',(-0.246027544128,4.659107980666,
    -0.227290252322));
#10333 = CARTESIAN_POINT('',(-3.040010774542,4.082896859219,
    -0.136320269551));
#10334 = CARTESIAN_POINT('',(-5.124934803615,1.683302968249,
    -4.552015869987E-02));
#10335 = CARTESIAN_POINT('',(-5.123591110619,-1.68331902145,
    4.552032094362E-02));
#10336 = CARTESIAN_POINT('',(-3.040914384122,-4.082868816477,
    0.136320430854));
#10337 = CARTESIAN_POINT('',(-0.245647615313,-4.659122745652,
    0.227290414686));
#10338 = CARTESIAN_POINT('',(2.041741662652,-3.637836984231,
    0.318178445458));
#10339 = CARTESIAN_POINT('',(3.184391278542,-1.818915375983,
    0.409090868124));
#10340 = CARTESIAN_POINT('',(3.18439356846,-8.20767266E-09,
    0.500000161932));
#10341 = CARTESIAN_POINT('',(3.178621148922,4.2E-16,-0.527281017043));
#10342 = CARTESIAN_POINT('',(3.178623558841,1.81561994994,
    -0.436371749617));
#10343 = CARTESIAN_POINT('',(2.038120499565,3.631242811001,
    -0.345459760151));
#10344 = CARTESIAN_POINT('',(-0.245590852602,4.650680641051,
    -0.254568991266));
#10345 = CARTESIAN_POINT('',(-3.034478773496,4.075465773403,
    -0.16360692385));
#10346 = CARTESIAN_POINT('',(-5.115684381898,1.680299155959,
    -7.279264672989E-02));
#10347 = CARTESIAN_POINT('',(-5.114267373453,-1.680316087495,
    1.823075385535E-02));
#10348 = CARTESIAN_POINT('',(-3.035431683929,-4.075436202035,
    0.109045029984));
#10349 = CARTESIAN_POINT('',(-0.245190191874,-4.650696211764,
    0.200007098518));
#10350 = CARTESIAN_POINT('',(2.038039139315,-3.631239787829,
    0.29089786682));
#10351 = CARTESIAN_POINT('',(3.178620658302,-1.81561995708,
    0.381809856405));
#10352 = CARTESIAN_POINT('',(3.178623072298,-7.14075692E-09,
    0.47271912384));
#10353 = CARTESIAN_POINT('',(3.162655648612,-1.71E-15,-0.549419755175));
#10354 = CARTESIAN_POINT('',(3.162658159715,1.806502465709,
    -0.458510560719));
#10355 = CARTESIAN_POINT('',(2.027884197298,3.612990526372,
    -0.367599769474));
#10356 = CARTESIAN_POINT('',(-0.244362385227,4.62736537592,
    -0.276701426568));
#10357 = CARTESIAN_POINT('',(-3.019221497458,4.054904576294,
    -0.185761258632));
#10358 = CARTESIAN_POINT('',(-5.090019422073,1.671989318355,
    -9.490778752646E-02));
#10359 = CARTESIAN_POINT('',(-5.088542916473,-1.67200696602,
    -3.931639835896E-03));
#10360 = CARTESIAN_POINT('',(-3.020214413234,-4.054873766433,
    8.692183023641E-02));
#10361 = CARTESIAN_POINT('',(-0.243944897345,-4.627381600643,
    0.177861999339));
#10362 = CARTESIAN_POINT('',(2.027799424722,-3.612987374184,
    0.268760341637));
#10363 = CARTESIAN_POINT('',(3.162655139249,-1.806502469898,
    0.359671133005));
#10364 = CARTESIAN_POINT('',(3.162657652744,-4.18890582E-09,
    0.45058032747));
#10365 = CARTESIAN_POINT('',(3.14,1.26E-15,-0.5625));
#10366 = CARTESIAN_POINT('',(3.140002570886,1.793564391747,
    -0.471590909091));
#10367 = CARTESIAN_POINT('',(2.01335706144,3.587089753471,
    -0.380681818168));
#10368 = CARTESIAN_POINT('',(-0.242612174591,4.594280355021,
    -0.289772727434));
#10369 = CARTESIAN_POINT('',(-2.99758738186,4.025726903057,
    -0.198863635716));
#10370 = CARTESIAN_POINT('',(-5.053575182522,1.660197621773,
    -0.107954546795));
#10371 = CARTESIAN_POINT('',(-5.052063522849,-1.660215696485,
    -1.704545285082E-02));
#10372 = CARTESIAN_POINT('',(-2.99860393091,-4.025695363784,
    7.386363501202E-02));
#10373 = CARTESIAN_POINT('',(-0.242184741122,-4.594296966347,
    0.164772727924));
#10374 = CARTESIAN_POINT('',(2.013270275547,-3.587086523487,
    0.255681818036));
#10375 = CARTESIAN_POINT('',(3.139999480959,-1.793564391747,
    0.346590909085));
#10376 = CARTESIAN_POINT('',(3.140002051845,-1.2315E-13,0.437500000004)
  );
#10377 = DEFINITIONAL_REPRESENTATION('',(#10378),#10382);
#10378 = LINE('',#10379,#10380);
#10379 = CARTESIAN_POINT('',(0.,6.362265131567));
#10380 = VECTOR('',#10381,1.);
#10381 = DIRECTION('',(1.,0.));
#10382 = ( GEOMETRIC_REPRESENTATION_CONTEXT(2) 
PARAMETRIC_REPRESENTATION_CONTEXT() REPRESENTATION_CONTEXT('2D SPACE',''
  ) );
#10383 = ORIENTED_EDGE('',*,*,#10141,.T.);
#10384 = ORIENTED_EDGE('',*,*,#9333,.F.);
#10385 = ADVANCED_FACE('',(#10386,#10395),#9487,.F.);
#10386 = FACE_BOUND('',#10387,.F.);
#10387 = EDGE_LOOP('',(#10388,#10389,#10390,#10391,#10392,#10393,#10394)
  );
#10388 = ORIENTED_EDGE('',*,*,#9472,.T.);
#10389 = ORIENTED_EDGE('',*,*,#9504,.T.);
#10390 = ORIENTED_EDGE('',*,*,#9531,.T.);
#10391 = ORIENTED_EDGE('',*,*,#9558,.T.);
#10392 = ORIENTED_EDGE('',*,*,#9585,.T.);
#10393 = ORIENTED_EDGE('',*,*,#9612,.T.);
#10394 = ORIENTED_EDGE('',*,*,#9639,.T.);
#10395 = FACE_BOUND('',#10396,.F.);
#10396 = EDGE_LOOP('',(#10397));
#10397 = ORIENTED_EDGE('',*,*,#10398,.F.);
#10398 = EDGE_CURVE('',#10399,#10399,#10401,.T.);
#10399 = VERTEX_POINT('',#10400);
#10400 = CARTESIAN_POINT('',(3.52625,0.,0.));
#10401 = SURFACE_CURVE('',#10402,(#10407,#10414),.PCURVE_S1.);
#10402 = CIRCLE('',#10403,3.52625);
#10403 = AXIS2_PLACEMENT_3D('',#10404,#10405,#10406);
#10404 = CARTESIAN_POINT('',(0.,0.,0.));
#10405 = DIRECTION('',(0.,0.,1.));
#10406 = DIRECTION('',(1.,0.,-0.));
#10407 = PCURVE('',#9487,#10408);
#10408 = DEFINITIONAL_REPRESENTATION('',(#10409),#10413);
#10409 = CIRCLE('',#10410,3.52625);
#10410 = AXIS2_PLACEMENT_2D('',#10411,#10412);
#10411 = CARTESIAN_POINT('',(0.,0.));
#10412 = DIRECTION('',(1.,0.));
#10413 = ( GEOMETRIC_REPRESENTATION_CONTEXT(2) 
PARAMETRIC_REPRESENTATION_CONTEXT() REPRESENTATION_CONTEXT('2D SPACE',''
  ) );
#10414 = PCURVE('',#9899,#10415);
#10415 = DEFINITIONAL_REPRESENTATION('',(#10416),#10420);
#10416 = LINE('',#10417,#10418);
#10417 = CARTESIAN_POINT('',(-0.,-0.));
#10418 = VECTOR('',#10419,1.);
#10419 = DIRECTION('',(-1.,-0.));
#10420 = ( GEOMETRIC_REPRESENTATION_CONTEXT(2) 
PARAMETRIC_REPRESENTATION_CONTEXT() REPRESENTATION_CONTEXT('2D SPACE',''
  ) );
#10421 = ADVANCED_FACE('',(#10422),#10007,.F.);
#10422 = FACE_BOUND('',#10423,.F.);
#10423 = EDGE_LOOP('',(#10424,#10425,#10426,#10476));
#10424 = ORIENTED_EDGE('',*,*,#10085,.F.);
#10425 = ORIENTED_EDGE('',*,*,#9911,.F.);
#10426 = ORIENTED_EDGE('',*,*,#10427,.F.);
#10427 = EDGE_CURVE('',#10428,#9883,#10430,.T.);
#10428 = VERTEX_POINT('',#10429);
#10429 = CARTESIAN_POINT('',(-3.036404657148,-0.799898852982,
    0.10349574179));
#10430 = SURFACE_CURVE('',#10431,(#10444,#10460),.PCURVE_S1.);
#10431 = B_SPLINE_CURVE_WITH_KNOTS('',6,(#10432,#10433,#10434,#10435,
    #10436,#10437,#10438,#10439,#10440,#10441,#10442,#10443),
  .UNSPECIFIED.,.F.,.F.,(7,5,7),(0.,0.530822883723,1.),.UNSPECIFIED.);
#10432 = CARTESIAN_POINT('',(-3.036404657148,-0.799898852982,
    0.10349574179));
#10433 = CARTESIAN_POINT('',(-3.062716774005,-0.524340434096,
    0.115487295056));
#10434 = CARTESIAN_POINT('',(-3.059424332383,-0.246862864427,
    0.127639283388));
#10435 = CARTESIAN_POINT('',(-3.025847983035,2.842683822647E-02,
    0.139953886728));
#10436 = CARTESIAN_POINT('',(-2.962102719288,0.297296742962,
    0.152439734083));
#10437 = CARTESIAN_POINT('',(-2.869014929601,0.555400709169,
    0.165108730809));
#10438 = CARTESIAN_POINT('',(-2.641883819417,1.013215819041,
    0.189331204899));
#10439 = CARTESIAN_POINT('',(-2.513823431982,1.216286211651,
    0.200846409741));
#10440 = CARTESIAN_POINT('',(-2.365544764447,1.404615178816,
    0.212515108184));
#10441 = CARTESIAN_POINT('',(-2.198884695981,1.575412191938,
    0.224345329352));
#10442 = CARTESIAN_POINT('',(-2.016195372721,1.726099844977,
    0.236347551972));
#10443 = CARTESIAN_POINT('',(-1.82048406517,1.854523337305,
    0.248527130307));
#10444 = PCURVE('',#10007,#10445);
#10445 = DEFINITIONAL_REPRESENTATION('',(#10446),#10459);
#10446 = B_SPLINE_CURVE_WITH_KNOTS('',6,(#10447,#10448,#10449,#10450,
    #10451,#10452,#10453,#10454,#10455,#10456,#10457,#10458),
  .UNSPECIFIED.,.F.,.F.,(7,5,7),(0.,0.530822883723,1.),.UNSPECIFIED.);
#10447 = CARTESIAN_POINT('',(0.825,3.441958344302));
#10448 = CARTESIAN_POINT('',(0.773324628149,3.353866402678));
#10449 = CARTESIAN_POINT('',(0.720957716041,3.264595141521));
#10450 = CARTESIAN_POINT('',(0.667889621201,3.174127601493));
#10451 = CARTESIAN_POINT('',(0.614082815887,3.082399212343));
#10452 = CARTESIAN_POINT('',(0.559486009614,2.989322747668));
#10453 = CARTESIAN_POINT('',(0.455099036755,2.811363306908));
#10454 = CARTESIAN_POINT('',(0.40547388252,2.726761742674));
#10455 = CARTESIAN_POINT('',(0.355187207465,2.641032606447));
#10456 = CARTESIAN_POINT('',(0.304204862196,2.55411861162));
#10457 = CARTESIAN_POINT('',(0.252482110345,2.4659442729));
#10458 = CARTESIAN_POINT('',(0.199995832883,2.376469979112));
#10459 = ( GEOMETRIC_REPRESENTATION_CONTEXT(2) 
PARAMETRIC_REPRESENTATION_CONTEXT() REPRESENTATION_CONTEXT('2D SPACE',''
  ) );
#10460 = PCURVE('',#9899,#10461);
#10461 = DEFINITIONAL_REPRESENTATION('',(#10462),#10475);
#10462 = B_SPLINE_CURVE_WITH_KNOTS('',6,(#10463,#10464,#10465,#10466,
    #10467,#10468,#10469,#10470,#10471,#10472,#10473,#10474),
  .UNSPECIFIED.,.F.,.F.,(7,5,7),(0.,0.530822883723,1.),.UNSPECIFIED.);
#10463 = CARTESIAN_POINT('',(-3.399176615161,-0.10349574179));
#10464 = CARTESIAN_POINT('',(-3.312179714149,-0.115487295056));
#10465 = CARTESIAN_POINT('',(-3.22401805953,-0.127639283388));
#10466 = CARTESIAN_POINT('',(-3.134674868642,-0.139953886728));
#10467 = CARTESIAN_POINT('',(-3.044086386762,-0.152439734083));
#10468 = CARTESIAN_POINT('',(-2.952166604584,-0.165108730809));
#10469 = CARTESIAN_POINT('',(-2.776418916649,-0.189331204899));
#10470 = CARTESIAN_POINT('',(-2.692868901793,-0.20084640974));
#10471 = CARTESIAN_POINT('',(-2.608205473701,-0.212515108188));
#10472 = CARTESIAN_POINT('',(-2.52237210769,-0.224345329348));
#10473 = CARTESIAN_POINT('',(-2.435294163944,-0.236347551974));
#10474 = CARTESIAN_POINT('',(-2.346932386738,-0.248527130307));
#10475 = ( GEOMETRIC_REPRESENTATION_CONTEXT(2) 
PARAMETRIC_REPRESENTATION_CONTEXT() REPRESENTATION_CONTEXT('2D SPACE',''
  ) );
#10476 = ORIENTED_EDGE('',*,*,#10477,.T.);
#10477 = EDGE_CURVE('',#10428,#10086,#10478,.T.);
#10478 = SURFACE_CURVE('',#10479,(#10492,#10499),.PCURVE_S1.);
#10479 = B_SPLINE_CURVE_WITH_KNOTS('',11,(#10480,#10481,#10482,#10483,
    #10484,#10485,#10486,#10487,#10488,#10489,#10490,#10491),
  .UNSPECIFIED.,.F.,.F.,(12,12),(0.,6.362265131567),
  .PIECEWISE_BEZIER_KNOTS.);
#10480 = CARTESIAN_POINT('',(3.14,3.78E-15,-0.4375));
#10481 = CARTESIAN_POINT('',(3.140001999578,1.793564261552,
    -0.346590909091));
#10482 = CARTESIAN_POINT('',(2.013347272367,3.587089133945,
    -0.255681818171));
#10483 = CARTESIAN_POINT('',(-0.242564664322,4.594281867793,
    -0.164772727398));
#10484 = CARTESIAN_POINT('',(-2.997700114169,4.025723105075,
    -7.386363585989E-02));
#10485 = CARTESIAN_POINT('',(-5.053406853424,1.660199511418,
    1.704545350334E-02));
#10486 = CARTESIAN_POINT('',(-5.052231118119,-1.660213569527,
    0.107954546772));
#10487 = CARTESIAN_POINT('',(-2.998490763432,-4.02569857453,
    0.198863635313));
#10488 = CARTESIAN_POINT('',(-0.242232216067,-4.594294787713,
    0.289772727779));
#10489 = CARTESIAN_POINT('',(2.013279772228,-3.587086621735,
    0.380681818068));
#10490 = CARTESIAN_POINT('',(3.139999596302,-1.793564261552,
    0.471590909086));
#10491 = CARTESIAN_POINT('',(3.14000159588,-8.149E-14,0.562500000003));
#10492 = PCURVE('',#10007,#10493);
#10493 = DEFINITIONAL_REPRESENTATION('',(#10494),#10498);
#10494 = LINE('',#10495,#10496);
#10495 = CARTESIAN_POINT('',(0.825,0.));
#10496 = VECTOR('',#10497,1.);
#10497 = DIRECTION('',(0.,1.));
#10498 = ( GEOMETRIC_REPRESENTATION_CONTEXT(2) 
PARAMETRIC_REPRESENTATION_CONTEXT() REPRESENTATION_CONTEXT('2D SPACE',''
  ) );
#10499 = PCURVE('',#10292,#10500);
#10500 = DEFINITIONAL_REPRESENTATION('',(#10501),#10505);
#10501 = LINE('',#10502,#10503);
#10502 = CARTESIAN_POINT('',(0.,0.));
#10503 = VECTOR('',#10504,1.);
#10504 = DIRECTION('',(0.,1.));
#10505 = ( GEOMETRIC_REPRESENTATION_CONTEXT(2) 
PARAMETRIC_REPRESENTATION_CONTEXT() REPRESENTATION_CONTEXT('2D SPACE',''
  ) );
#10506 = ADVANCED_FACE('',(#10507),#9899,.F.);
#10507 = FACE_BOUND('',#10508,.F.);
#10508 = EDGE_LOOP('',(#10509,#10510,#10531,#10611,#10719,#10720,#10721,
    #10722));
#10509 = ORIENTED_EDGE('',*,*,#10398,.T.);
#10510 = ORIENTED_EDGE('',*,*,#10511,.T.);
#10511 = EDGE_CURVE('',#10399,#10174,#10512,.T.);
#10512 = SEAM_CURVE('',#10513,(#10517,#10524),.PCURVE_S1.);
#10513 = LINE('',#10514,#10515);
#10514 = CARTESIAN_POINT('',(3.52625,0.,0.));
#10515 = VECTOR('',#10516,1.);
#10516 = DIRECTION('',(-0.965925826289,0.,0.258819045103));
#10517 = PCURVE('',#9899,#10518);
#10518 = DEFINITIONAL_REPRESENTATION('',(#10519),#10523);
#10519 = LINE('',#10520,#10521);
#10520 = CARTESIAN_POINT('',(-0.,-0.));
#10521 = VECTOR('',#10522,1.);
#10522 = DIRECTION('',(-0.,-1.));
#10523 = ( GEOMETRIC_REPRESENTATION_CONTEXT(2) 
PARAMETRIC_REPRESENTATION_CONTEXT() REPRESENTATION_CONTEXT('2D SPACE',''
  ) );
#10524 = PCURVE('',#9899,#10525);
#10525 = DEFINITIONAL_REPRESENTATION('',(#10526),#10530);
#10526 = LINE('',#10527,#10528);
#10527 = CARTESIAN_POINT('',(-6.28318530718,-0.));
#10528 = VECTOR('',#10529,1.);
#10529 = DIRECTION('',(-0.,-1.));
#10530 = ( GEOMETRIC_REPRESENTATION_CONTEXT(2) 
PARAMETRIC_REPRESENTATION_CONTEXT() REPRESENTATION_CONTEXT('2D SPACE',''
  ) );
#10531 = ORIENTED_EDGE('',*,*,#10532,.T.);
#10532 = EDGE_CURVE('',#10174,#10533,#10535,.T.);
#10533 = VERTEX_POINT('',#10534);
#10534 = CARTESIAN_POINT('',(-1.581470794914,-2.712667764326,
    0.10349468118));
#10535 = SURFACE_CURVE('',#10536,(#10559,#10585),.PCURVE_S1.);
#10536 = B_SPLINE_CURVE_WITH_KNOTS('',6,(#10537,#10538,#10539,#10540,
    #10541,#10542,#10543,#10544,#10545,#10546,#10547,#10548,#10549,
    #10550,#10551,#10552,#10553,#10554,#10555,#10556,#10557,#10558),
  .UNSPECIFIED.,.F.,.F.,(7,5,5,5,7),(0.,0.234200624539,0.476573521686,
    0.731017127395,1.),.UNSPECIFIED.);
#10537 = CARTESIAN_POINT('',(2.744871966739,-4.4E-16,0.209369612996));
#10538 = CARTESIAN_POINT('',(2.761166264649,-0.237565050746,
    0.205003569018));
#10539 = CARTESIAN_POINT('',(2.752702035337,-0.477224513366,
    0.200660379086));
#10540 = CARTESIAN_POINT('',(2.719314189723,-0.715664428938,
    0.196342552719));
#10541 = CARTESIAN_POINT('',(2.661465069284,-0.949710478775,
    0.192047917749));
#10542 = CARTESIAN_POINT('',(2.58006677882,-1.176340147926,
    0.187775485521));
#10543 = CARTESIAN_POINT('',(2.369468755106,-1.616667452073,
    0.179128252059));
#10544 = CARTESIAN_POINT('',(2.23866988822,-1.829700750212,
    0.174753875708));
#10545 = CARTESIAN_POINT('',(2.085759941334,-2.028696192949,
    0.170403606492));
#10546 = CARTESIAN_POINT('',(1.912819616589,-2.210978946071,
    0.166076359389));
#10547 = CARTESIAN_POINT('',(1.722267084892,-2.374251080894,
    0.161771264005));
#10548 = CARTESIAN_POINT('',(1.301344646326,-2.666207497341,
    0.152994043656));
#10549 = CARTESIAN_POINT('',(1.069399749302,-2.792808896033,
    0.148522954859));
#10550 = CARTESIAN_POINT('',(0.824319055021,-2.894350240806,
    0.14407700613));
#10551 = CARTESIAN_POINT('',(0.569566313723,-2.96942682876,
    0.139654764361));
#10552 = CARTESIAN_POINT('',(0.308720382758,-3.017186797312,
    0.135255073297));
#10553 = CARTESIAN_POINT('',(-0.232788216652,-3.058896605263,
    0.126252838423));
#10554 = CARTESIAN_POINT('',(-0.513824898375,-3.049622703889,
    0.121651543946));
#10555 = CARTESIAN_POINT('',(-0.793258071454,-3.009406934888,
    0.1170762045));
#10556 = CARTESIAN_POINT('',(-1.06692875612,-2.938884961781,
    0.112525290457));
#10557 = CARTESIAN_POINT('',(-1.330889026529,-2.839302817755,
    0.107997667849));
#10558 = CARTESIAN_POINT('',(-1.581470794914,-2.712667764326,
    0.10349468118));
#10559 = PCURVE('',#9899,#10560);
#10560 = DEFINITIONAL_REPRESENTATION('',(#10561),#10584);
#10561 = B_SPLINE_CURVE_WITH_KNOTS('',6,(#10562,#10563,#10564,#10565,
    #10566,#10567,#10568,#10569,#10570,#10571,#10572,#10573,#10574,
    #10575,#10576,#10577,#10578,#10579,#10580,#10581,#10582,#10583),
  .UNSPECIFIED.,.F.,.F.,(7,5,5,5,7),(0.,0.234200624539,0.476573521686,
    0.731017127395,1.),.UNSPECIFIED.);
#10562 = CARTESIAN_POINT('',(-6.28318530718,-0.209369612996));
#10563 = CARTESIAN_POINT('',(-6.196636625265,-0.205003569029));
#10564 = CARTESIAN_POINT('',(-6.110558185579,-0.200660379062));
#10565 = CARTESIAN_POINT('',(-6.024964258857,-0.196342552741));
#10566 = CARTESIAN_POINT('',(-5.939829953931,-0.192047917741));
#10567 = CARTESIAN_POINT('',(-5.855136569143,-0.187775485521));
#10568 = CARTESIAN_POINT('',(-5.683726911378,-0.179128252059));
#10569 = CARTESIAN_POINT('',(-5.597019084532,-0.174753875708));
#10570 = CARTESIAN_POINT('',(-5.510793878992,-0.170403606492));
#10571 = CARTESIAN_POINT('',(-5.425026558266,-0.166076359389));
#10572 = CARTESIAN_POINT('',(-5.339697426065,-0.161771264005));
#10573 = CARTESIAN_POINT('',(-5.165725389318,-0.152994043656));
#10574 = CARTESIAN_POINT('',(-5.077102860195,-0.148522954859));
#10575 = CARTESIAN_POINT('',(-4.988975943057,-0.14407700613));
#10576 = CARTESIAN_POINT('',(-4.901317396034,-0.139654764361));
#10577 = CARTESIAN_POINT('',(-4.814105968663,-0.135255073297));
#10578 = CARTESIAN_POINT('',(-4.635663706394,-0.126252838423));
#10579 = CARTESIAN_POINT('',(-4.544457730277,-0.121651543946));
#10580 = CARTESIAN_POINT('',(-4.453767992543,-0.1170762045));
#10581 = CARTESIAN_POINT('',(-4.363563928412,-0.112525290457));
#10582 = CARTESIAN_POINT('',(-4.273821725041,-0.107997667849));
#10583 = CARTESIAN_POINT('',(-4.184567265282,-0.10349468118));
#10584 = ( GEOMETRIC_REPRESENTATION_CONTEXT(2) 
PARAMETRIC_REPRESENTATION_CONTEXT() REPRESENTATION_CONTEXT('2D SPACE',''
  ) );
#10585 = PCURVE('',#10188,#10586);
#10586 = DEFINITIONAL_REPRESENTATION('',(#10587),#10610);
#10587 = B_SPLINE_CURVE_WITH_KNOTS('',6,(#10588,#10589,#10590,#10591,
    #10592,#10593,#10594,#10595,#10596,#10597,#10598,#10599,#10600,
    #10601,#10602,#10603,#10604,#10605,#10606,#10607,#10608,#10609),
  .UNSPECIFIED.,.F.,.F.,(7,5,5,5,7),(0.,0.234200624539,0.476573521686,
    0.731017127395,1.),.UNSPECIFIED.);
#10588 = CARTESIAN_POINT('',(0.456257882808,6.362265104234));
#10589 = CARTESIAN_POINT('',(0.437442176296,6.274629799083));
#10590 = CARTESIAN_POINT('',(0.41873030985,6.187465997966));
#10591 = CARTESIAN_POINT('',(0.400120893475,6.100793237313));
#10592 = CARTESIAN_POINT('',(0.381611120909,6.014586970058));
#10593 = CARTESIAN_POINT('',(0.363197052727,5.928827793617));
#10594 = CARTESIAN_POINT('',(0.325929622296,5.755261665315));
#10595 = CARTESIAN_POINT('',(0.307078085027,5.667463282944));
#10596 = CARTESIAN_POINT('',(0.28833202218,5.580153441106));
#10597 = CARTESIAN_POINT('',(0.269685747774,5.493306739992));
#10598 = CARTESIAN_POINT('',(0.251134734446,5.406903441272));
#10599 = CARTESIAN_POINT('',(0.213312106219,5.230741033744));
#10600 = CARTESIAN_POINT('',(0.194044912167,5.141002544123));
#10601 = CARTESIAN_POINT('',(0.174885264089,5.051765933561));
#10602 = CARTESIAN_POINT('',(0.155827330501,4.963003852931));
#10603 = CARTESIAN_POINT('',(0.136866630834,4.874694763761));
#10604 = CARTESIAN_POINT('',(9.807151948625E-02,4.694006954779));
#10605 = CARTESIAN_POINT('',(7.824252141499E-02,4.601653426583));
#10606 = CARTESIAN_POINT('',(5.852590989899E-02,4.509822750109));
#10607 = CARTESIAN_POINT('',(3.891500735709E-02,4.418483797884));
#10608 = CARTESIAN_POINT('',(1.940451708355E-02,4.327612391212));
#10609 = CARTESIAN_POINT('',(0.,4.237234737887));
#10610 = ( GEOMETRIC_REPRESENTATION_CONTEXT(2) 
PARAMETRIC_REPRESENTATION_CONTEXT() REPRESENTATION_CONTEXT('2D SPACE',''
  ) );
#10611 = ORIENTED_EDGE('',*,*,#10612,.T.);
#10612 = EDGE_CURVE('',#10533,#10428,#10613,.T.);
#10613 = SURFACE_CURVE('',#10614,(#10647,#10683),.PCURVE_S1.);
#10614 = B_SPLINE_CURVE_WITH_KNOTS('',7,(#10615,#10616,#10617,#10618,
    #10619,#10620,#10621,#10622,#10623,#10624,#10625,#10626,#10627,
    #10628,#10629,#10630,#10631,#10632,#10633,#10634,#10635,#10636,
    #10637,#10638,#10639,#10640,#10641,#10642,#10643,#10644,#10645,
    #10646),.UNSPECIFIED.,.F.,.F.,(8,6,6,6,6,8),(0.,0.191136349654,
    0.405313784562,0.674985660544,0.898201988521,1.),.UNSPECIFIED.);
#10615 = CARTESIAN_POINT('',(-1.581470794914,-2.712667764326,
    0.10349468118));
#10616 = CARTESIAN_POINT('',(-1.639519521027,-2.683332016638,
    0.102451538091));
#10617 = CARTESIAN_POINT('',(-1.698503929265,-2.651260126953,
    0.101495828836));
#10618 = CARTESIAN_POINT('',(-1.757822443792,-2.616632400763,
    0.100618441101));
#10619 = CARTESIAN_POINT('',(-1.81705321501,-2.579595191112,
    9.981311908024E-02));
#10620 = CARTESIAN_POINT('',(-1.875882107999,-2.540277099038,
    9.907502025493E-02));
#10621 = CARTESIAN_POINT('',(-1.934064420508,-2.498791394446,
    9.840009482543E-02));
#10622 = CARTESIAN_POINT('',(-2.055690374876,-2.406406041784,
    9.709636709797E-02));
#10623 = CARTESIAN_POINT('',(-2.118899940311,-2.354991600227,
    9.648315880619E-02));
#10624 = CARTESIAN_POINT('',(-2.180768403271,-2.301127698081,
    9.594150708411E-02));
#10625 = CARTESIAN_POINT('',(-2.241069649889,-2.244960213478,
    9.546881538842E-02));
#10626 = CARTESIAN_POINT('',(-2.29961261206,-2.186638779035,
    9.506356045867E-02));
#10627 = CARTESIAN_POINT('',(-2.356229804223,-2.1263207003,
    9.47251120085E-02));
#10628 = CARTESIAN_POINT('',(-2.479450554369,-1.985926024527,
    9.411232102148E-02));
#10629 = CARTESIAN_POINT('',(-2.54483021709,-1.904791088991,
    9.387735619846E-02));
#10630 = CARTESIAN_POINT('',(-2.606626243511,-1.821101235483,
    9.374965497626E-02));
#10631 = CARTESIAN_POINT('',(-2.66458145755,-1.735232779695,
    9.373245343431E-02));
#10632 = CARTESIAN_POINT('',(-2.718454134259,-1.64764061236,
    9.383185661295E-02));
#10633 = CARTESIAN_POINT('',(-2.768023980414,-1.558870750079,
    9.405690497015E-02));
#10634 = CARTESIAN_POINT('',(-2.850365046206,-1.395861967881,
    9.472722060783E-02));
#10635 = CARTESIAN_POINT('',(-2.884492603082,-1.321885650608,
    9.512731510507E-02));
#10636 = CARTESIAN_POINT('',(-2.915428848461,-1.248044251286,
    9.563317287497E-02));
#10637 = CARTESIAN_POINT('',(-2.94303785762,-1.174857990747,
    9.625725137532E-02));
#10638 = CARTESIAN_POINT('',(-2.967096208405,-1.103242458637,
    9.701713103385E-02));
#10639 = CARTESIAN_POINT('',(-2.987411388537,-1.03445072778,
    9.793293673291E-02));
#10640 = CARTESIAN_POINT('',(-3.011098140859,-0.941580501855,
    9.954564347608E-02));
#10641 = CARTESIAN_POINT('',(-3.01766549525,-0.913572575982,
    0.100089988055));
#10642 = CARTESIAN_POINT('',(-3.023355799467,-0.886850084392,
    0.100676789152));
#10643 = CARTESIAN_POINT('',(-3.028125544468,-0.861705247841,
    0.101309019107));
#10644 = CARTESIAN_POINT('',(-3.031923655546,-0.838523582184,
    0.101989131785));
#10645 = CARTESIAN_POINT('',(-3.03469896298,-0.817762044708,
    0.102718384248));
#10646 = CARTESIAN_POINT('',(-3.036404657148,-0.799898852982,
    0.10349574179));
#10647 = PCURVE('',#9899,#10648);
#10648 = DEFINITIONAL_REPRESENTATION('',(#10649),#10682);
#10649 = B_SPLINE_CURVE_WITH_KNOTS('',7,(#10650,#10651,#10652,#10653,
    #10654,#10655,#10656,#10657,#10658,#10659,#10660,#10661,#10662,
    #10663,#10664,#10665,#10666,#10667,#10668,#10669,#10670,#10671,
    #10672,#10673,#10674,#10675,#10676,#10677,#10678,#10679,#10680,
    #10681),.UNSPECIFIED.,.F.,.F.,(8,6,6,6,6,8),(0.,0.191136349654,
    0.405313784562,0.674985660544,0.898201988521,1.),.UNSPECIFIED.);
#10650 = CARTESIAN_POINT('',(-4.184567265282,-0.10349468118));
#10651 = CARTESIAN_POINT('',(-4.163890949833,-0.102451538091));
#10652 = CARTESIAN_POINT('',(-4.142578147988,-0.101495828836));
#10653 = CARTESIAN_POINT('',(-4.120803109879,-0.100618441101));
#10654 = CARTESIAN_POINT('',(-4.098680413301,-9.981311908024E-02));
#10655 = CARTESIAN_POINT('',(-4.076290372848,-9.907502025493E-02));
#10656 = CARTESIAN_POINT('',(-4.053691403879,-9.840009482543E-02));
#10657 = CARTESIAN_POINT('',(-4.005402154424,-9.709636709796E-02));
#10658 = CARTESIAN_POINT('',(-3.979676672164,-9.648315880619E-02));
#10659 = CARTESIAN_POINT('',(-3.953804970695,-9.594150708412E-02));
#10660 = CARTESIAN_POINT('',(-3.9278338666,-9.546881538842E-02));
#10661 = CARTESIAN_POINT('',(-3.901801828832,-9.506356045866E-02));
#10662 = CARTESIAN_POINT('',(-3.875743509018,-9.47251120085E-02));
#10663 = CARTESIAN_POINT('',(-3.816890166865,-9.411232102149E-02));
#10664 = CARTESIAN_POINT('',(-3.784104006494,-9.387735619845E-02));
#10665 = CARTESIAN_POINT('',(-3.751396564824,-9.374965497628E-02));
#10666 = CARTESIAN_POINT('',(-3.718835355803,-9.373245343429E-02));
#10667 = CARTESIAN_POINT('',(-3.686505845649,-9.383185661295E-02));
#10668 = CARTESIAN_POINT('',(-3.654515613517,-9.405690497015E-02));
#10669 = CARTESIAN_POINT('',(-3.596980576687,-9.472722060783E-02));
#10670 = CARTESIAN_POINT('',(-3.571321190174,-9.512731510507E-02));
#10671 = CARTESIAN_POINT('',(-3.546102681919,-9.563317287497E-02));
#10672 = CARTESIAN_POINT('',(-3.521452118901,-9.625725137532E-02));
#10673 = CARTESIAN_POINT('',(-3.497623116956,-9.701713103385E-02));
#10674 = CARTESIAN_POINT('',(-3.474970821337,-9.793293673291E-02));
#10675 = CARTESIAN_POINT('',(-3.444668163432,-9.954564347608E-02));
#10676 = CARTESIAN_POINT('',(-3.43557233818,-0.100089988055));
#10677 = CARTESIAN_POINT('',(-3.426933990685,-0.100676789152));
#10678 = CARTESIAN_POINT('',(-3.418843872066,-0.101309019107));
#10679 = CARTESIAN_POINT('',(-3.411423050429,-0.101989131785));
#10680 = CARTESIAN_POINT('',(-3.404816226277,-0.102718384248));
#10681 = CARTESIAN_POINT('',(-3.399176615161,-0.10349574179));
#10682 = ( GEOMETRIC_REPRESENTATION_CONTEXT(2) 
PARAMETRIC_REPRESENTATION_CONTEXT() REPRESENTATION_CONTEXT('2D SPACE',''
  ) );
#10683 = PCURVE('',#10292,#10684);
#10684 = DEFINITIONAL_REPRESENTATION('',(#10685),#10718);
#10685 = B_SPLINE_CURVE_WITH_KNOTS('',7,(#10686,#10687,#10688,#10689,
    #10690,#10691,#10692,#10693,#10694,#10695,#10696,#10697,#10698,
    #10699,#10700,#10701,#10702,#10703,#10704,#10705,#10706,#10707,
    #10708,#10709,#10710,#10711,#10712,#10713,#10714,#10715,#10716,
    #10717),.UNSPECIFIED.,.F.,.F.,(8,6,6,6,6,8),(0.,0.191136349654,
    0.405313784562,0.674985660544,0.898201988521,1.),.UNSPECIFIED.);
#10686 = CARTESIAN_POINT('',(2.094395102393,4.237234737887));
#10687 = CARTESIAN_POINT('',(2.032106627166,4.216298228106));
#10688 = CARTESIAN_POINT('',(1.972426900323,4.194717216042));
#10689 = CARTESIAN_POINT('',(1.91481071524,4.172668143684));
#10690 = CARTESIAN_POINT('',(1.858892620636,4.150267030173));
#10691 = CARTESIAN_POINT('',(1.80438515254,4.127595200635));
#10692 = CARTESIAN_POINT('',(1.751028411782,4.10471180566));
#10693 = CARTESIAN_POINT('',(1.639832340901,4.055814782456));
#10694 = CARTESIAN_POINT('',(1.582247474722,4.02976550759));
#10695 = CARTESIAN_POINT('',(1.525530385688,4.003568164655));
#10696 = CARTESIAN_POINT('',(1.469435924052,3.977270160229));
#10697 = CARTESIAN_POINT('',(1.413748270162,3.950910448475));
#10698 = CARTESIAN_POINT('',(1.358260386565,3.924524118354));
#10699 = CARTESIAN_POINT('',(1.232889228693,3.864929947375));
#10700 = CARTESIAN_POINT('',(1.163011631997,3.831731077531));
#10701 = CARTESIAN_POINT('',(1.092707640132,3.798611912921));
#10702 = CARTESIAN_POINT('',(1.02156732253,3.76564081991));
#10703 = CARTESIAN_POINT('',(0.949130124145,3.732904342936));
#10704 = CARTESIAN_POINT('',(0.874869413688,3.700511417248));
#10705 = CARTESIAN_POINT('',(0.734357402215,3.642252135016));
#10706 = CARTESIAN_POINT('',(0.669044765025,3.616269753166));
#10707 = CARTESIAN_POINT('',(0.601478510411,3.59073380246));
#10708 = CARTESIAN_POINT('',(0.531106048704,3.565772949744));
#10709 = CARTESIAN_POINT('',(0.45723758724,3.54164400323));
#10710 = CARTESIAN_POINT('',(0.379136597119,3.518706577979));
#10711 = CARTESIAN_POINT('',(0.257045729434,3.488022496617));
#10712 = CARTESIAN_POINT('',(0.217659761411,3.478812181514));
#10713 = CARTESIAN_POINT('',(0.176989290328,3.470065102842));
#10714 = CARTESIAN_POINT('',(0.134931041853,3.461873153858));
#10715 = CARTESIAN_POINT('',(9.141482095001E-02,3.454358926343));
#10716 = CARTESIAN_POINT('',(4.641844876609E-02,3.447668941892));
#10717 = CARTESIAN_POINT('',(0.,3.441958344302));
#10718 = ( GEOMETRIC_REPRESENTATION_CONTEXT(2) 
PARAMETRIC_REPRESENTATION_CONTEXT() REPRESENTATION_CONTEXT('2D SPACE',''
  ) );
#10719 = ORIENTED_EDGE('',*,*,#10427,.T.);
#10720 = ORIENTED_EDGE('',*,*,#9882,.F.);
#10721 = ORIENTED_EDGE('',*,*,#10220,.F.);
#10722 = ORIENTED_EDGE('',*,*,#10511,.F.);
#10723 = ADVANCED_FACE('',(#10724),#10188,.F.);
#10724 = FACE_BOUND('',#10725,.F.);
#10725 = EDGE_LOOP('',(#10726,#10756,#10757));
#10726 = ORIENTED_EDGE('',*,*,#10727,.F.);
#10727 = EDGE_CURVE('',#10533,#10142,#10728,.T.);
#10728 = SURFACE_CURVE('',#10729,(#10742,#10749),.PCURVE_S1.);
#10729 = ( BOUNDED_CURVE() B_SPLINE_CURVE(11,(#10730,#10731,#10732,
    #10733,#10734,#10735,#10736,#10737,#10738,#10739,#10740,#10741),
.UNSPECIFIED.,.F.,.F.) B_SPLINE_CURVE_WITH_KNOTS((12,12),(0.,
6.362265131567),.PIECEWISE_BEZIER_KNOTS.) CURVE() 
GEOMETRIC_REPRESENTATION_ITEM() RATIONAL_B_SPLINE_CURVE((1.056590953773,
    1.056590953773,1.056590953773,1.056590953773,1.056590953773,
    1.056590953774,1.056590953773,1.056590953773,1.056590953773,
1.056590953773,1.056590953773,1.056590953773)) REPRESENTATION_ITEM('') 
  );
#10730 = CARTESIAN_POINT('',(3.14,1.26E-15,-0.5625));
#10731 = CARTESIAN_POINT('',(3.140002570886,1.793564391747,
    -0.471590909091));
#10732 = CARTESIAN_POINT('',(2.01335706144,3.587089753471,
    -0.380681818168));
#10733 = CARTESIAN_POINT('',(-0.242612174591,4.594280355021,
    -0.289772727434));
#10734 = CARTESIAN_POINT('',(-2.99758738186,4.025726903057,
    -0.198863635716));
#10735 = CARTESIAN_POINT('',(-5.053575182522,1.660197621773,
    -0.107954546795));
#10736 = CARTESIAN_POINT('',(-5.052063522849,-1.660215696485,
    -1.704545285082E-02));
#10737 = CARTESIAN_POINT('',(-2.99860393091,-4.025695363784,
    7.386363501202E-02));
#10738 = CARTESIAN_POINT('',(-0.242184741122,-4.594296966347,
    0.164772727924));
#10739 = CARTESIAN_POINT('',(2.013270275547,-3.587086523487,
    0.255681818036));
#10740 = CARTESIAN_POINT('',(3.139999480959,-1.793564391747,
    0.346590909085));
#10741 = CARTESIAN_POINT('',(3.140002051845,-1.2315E-13,0.437500000004)
  );
#10742 = PCURVE('',#10188,#10743);
#10743 = DEFINITIONAL_REPRESENTATION('',(#10744),#10748);
#10744 = LINE('',#10745,#10746);
#10745 = CARTESIAN_POINT('',(0.,0.));
#10746 = VECTOR('',#10747,1.);
#10747 = DIRECTION('',(0.,1.));
#10748 = ( GEOMETRIC_REPRESENTATION_CONTEXT(2) 
PARAMETRIC_REPRESENTATION_CONTEXT() REPRESENTATION_CONTEXT('2D SPACE',''
  ) );
#10749 = PCURVE('',#10292,#10750);
#10750 = DEFINITIONAL_REPRESENTATION('',(#10751),#10755);
#10751 = LINE('',#10752,#10753);
#10752 = CARTESIAN_POINT('',(2.094395102393,0.));
#10753 = VECTOR('',#10754,1.);
#10754 = DIRECTION('',(0.,1.));
#10755 = ( GEOMETRIC_REPRESENTATION_CONTEXT(2) 
PARAMETRIC_REPRESENTATION_CONTEXT() REPRESENTATION_CONTEXT('2D SPACE',''
  ) );
#10756 = ORIENTED_EDGE('',*,*,#10532,.F.);
#10757 = ORIENTED_EDGE('',*,*,#10173,.F.);
#10758 = ADVANCED_FACE('',(#10759),#10292,.F.);
#10759 = FACE_BOUND('',#10760,.F.);
#10760 = EDGE_LOOP('',(#10761,#10762,#10763,#10764));
#10761 = ORIENTED_EDGE('',*,*,#10477,.F.);
#10762 = ORIENTED_EDGE('',*,*,#10612,.F.);
#10763 = ORIENTED_EDGE('',*,*,#10727,.T.);
#10764 = ORIENTED_EDGE('',*,*,#10274,.F.);
#10765 = ( GEOMETRIC_REPRESENTATION_CONTEXT(3) 
GLOBAL_UNCERTAINTY_ASSIGNED_CONTEXT((#10769)) 
GLOBAL_UNIT_ASSIGNED_CONTEXT((#10766,#10767,#10768)) 
REPRESENTATION_CONTEXT('Context #1',
  '3D Context with UNIT and UNCERTAINTY') );
#10766 = ( LENGTH_UNIT() NAMED_UNIT(*) SI_UNIT(.MILLI.,.METRE.) );
#10767 = ( NAMED_UNIT(*) PLANE_ANGLE_UNIT() SI_UNIT($,.RADIAN.) );
#10768 = ( NAMED_UNIT(*) SI_UNIT($,.STERADIAN.) SOLID_ANGLE_UNIT() );
#10769 = UNCERTAINTY_MEASURE_WITH_UNIT(LENGTH_MEASURE(2.E-06),#10766,
  'distance_accuracy_value','confusion accuracy');
#10770 = CONTEXT_DEPENDENT_SHAPE_REPRESENTATION(#10771,#10773);
#10771 = ( REPRESENTATION_RELATIONSHIP('','',#4503,#10) 
REPRESENTATION_RELATIONSHIP_WITH_TRANSFORMATION(#10772) 
SHAPE_REPRESENTATION_RELATIONSHIP() );
#10772 = ITEM_DEFINED_TRANSFORMATION('','',#11,#23);
#10773 = PRODUCT_DEFINITION_SHAPE('Placement','Placement of an item',
  #10774);
#10774 = NEXT_ASSEMBLY_USAGE_OCCURRENCE('3','Body005','',#5,#4498,$);
#10775 = PRODUCT_RELATED_PRODUCT_CATEGORY('part',$,(#4500));
#10776 = MECHANICAL_DESIGN_GEOMETRIC_PRESENTATION_REPRESENTATION('',(
    #10777),#10765);
#10777 = STYLED_ITEM('color',(#10778),#4504);
#10778 = PRESENTATION_STYLE_ASSIGNMENT((#10779,#10785));
#10779 = SURFACE_STYLE_USAGE(.BOTH.,#10780);
#10780 = SURFACE_SIDE_STYLE('',(#10781));
#10781 = SURFACE_STYLE_FILL_AREA(#10782);
#10782 = FILL_AREA_STYLE('',(#10783));
#10783 = FILL_AREA_STYLE_COLOUR('',#10784);
#10784 = COLOUR_RGB('',0.800000010877,0.800000010877,0.800000010877);
#10785 = CURVE_STYLE('',#10786,POSITIVE_LENGTH_MEASURE(0.1),#10787);
#10786 = DRAUGHTING_PRE_DEFINED_CURVE_FONT('continuous');
#10787 = COLOUR_RGB('',9.803921802644E-02,9.803921802644E-02,
  9.803921802644E-02);
#10788 = MECHANICAL_DESIGN_GEOMETRIC_PRESENTATION_REPRESENTATION('',(
    #10789),#4485);
#10789 = STYLED_ITEM('color',(#10790),#2915);
#10790 = PRESENTATION_STYLE_ASSIGNMENT((#10791,#10796));
#10791 = SURFACE_STYLE_USAGE(.BOTH.,#10792);
#10792 = SURFACE_SIDE_STYLE('',(#10793));
#10793 = SURFACE_STYLE_FILL_AREA(#10794);
#10794 = FILL_AREA_STYLE('',(#10795));
#10795 = FILL_AREA_STYLE_COLOUR('',#10784);
#10796 = CURVE_STYLE('',#10797,POSITIVE_LENGTH_MEASURE(0.1),#10787);
#10797 = DRAUGHTING_PRE_DEFINED_CURVE_FONT('continuous');
#10798 = MECHANICAL_DESIGN_GEOMETRIC_PRESENTATION_REPRESENTATION('',(
    #10799),#2896);
#10799 = STYLED_ITEM('color',(#10800),#41);
#10800 = PRESENTATION_STYLE_ASSIGNMENT((#10801,#10806));
#10801 = SURFACE_STYLE_USAGE(.BOTH.,#10802);
#10802 = SURFACE_SIDE_STYLE('',(#10803));
#10803 = SURFACE_STYLE_FILL_AREA(#10804);
#10804 = FILL_AREA_STYLE('',(#10805));
#10805 = FILL_AREA_STYLE_COLOUR('',#10784);
#10806 = CURVE_STYLE('',#10807,POSITIVE_LENGTH_MEASURE(0.1),#10787);
#10807 = DRAUGHTING_PRE_DEFINED_CURVE_FONT('continuous');
ENDSEC;
END-ISO-10303-21;
