ISO-10303-21;
HEADER;
FILE_DESCRIPTION(('FreeCAD Model'),'2;1');
FILE_NAME('Open CASCADE Shape Model','2026-04-08T18:11:31',(''),(''),
  'Open CASCADE STEP processor 7.8','FreeCAD','Unknown');
FILE_SCHEMA(('AUTOMOTIVE_DESIGN { 1 0 10303 214 1 1 1 1 }'));
ENDSEC;
DATA;
#1 = APPLICATION_PROTOCOL_DEFINITION('international standard',
  'automotive_design',2000,#2);
#2 = APPLICATION_CONTEXT(
  'core data for automotive mechanical design processes');
#3 = SHAPE_DEFINITION_REPRESENTATION(#4,#10);
#4 = PRODUCT_DEFINITION_SHAPE('','',#5);
#5 = PRODUCT_DEFINITION('design','',#6,#9);
#6 = PRODUCT_DEFINITION_FORMATION('','',#7);
#7 = PRODUCT('Top Half','Top Half','',(#8));
#8 = PRODUCT_CONTEXT('',#2,'mechanical');
#9 = PRODUCT_DEFINITION_CONTEXT('part definition',#2,'design');
#10 = SHAPE_REPRESENTATION('',(#11,#15,#19,#23),#27);
#11 = AXIS2_PLACEMENT_3D('',#12,#13,#14);
#12 = CARTESIAN_POINT('',(0.,0.,0.));
#13 = DIRECTION('',(0.,0.,1.));
#14 = DIRECTION('',(1.,0.,-0.));
#15 = AXIS2_PLACEMENT_3D('',#16,#17,#18);
#16 = CARTESIAN_POINT('',(0.,0.,10.));
#17 = DIRECTION('',(0.,0.,1.));
#18 = DIRECTION('',(1.,0.,0.));
#19 = AXIS2_PLACEMENT_3D('',#20,#21,#22);
#20 = CARTESIAN_POINT('',(0.,0.,0.));
#21 = DIRECTION('',(0.,0.,1.));
#22 = DIRECTION('',(1.,0.,0.));
#23 = AXIS2_PLACEMENT_3D('',#24,#25,#26);
#24 = CARTESIAN_POINT('',(0.,0.,0.));
#25 = DIRECTION('',(0.,0.,1.));
#26 = DIRECTION('',(1.,0.,0.));
#27 = ( GEOMETRIC_REPRESENTATION_CONTEXT(3) 
GLOBAL_UNCERTAINTY_ASSIGNED_CONTEXT((#31)) GLOBAL_UNIT_ASSIGNED_CONTEXT(
(#28,#29,#30)) REPRESENTATION_CONTEXT('Context #1',
  '3D Context with UNIT and UNCERTAINTY') );
#28 = ( LENGTH_UNIT() NAMED_UNIT(*) SI_UNIT(.MILLI.,.METRE.) );
#29 = ( NAMED_UNIT(*) PLANE_ANGLE_UNIT() SI_UNIT($,.RADIAN.) );
#30 = ( NAMED_UNIT(*) SI_UNIT($,.STERADIAN.) SOLID_ANGLE_UNIT() );
#31 = UNCERTAINTY_MEASURE_WITH_UNIT(LENGTH_MEASURE(5.E-05),#28,
  'distance_accuracy_value','confusion accuracy');
#32 = PRODUCT_RELATED_PRODUCT_CATEGORY('part',$,(#7));
#33 = SHAPE_DEFINITION_REPRESENTATION(#34,#40);
#34 = PRODUCT_DEFINITION_SHAPE('','',#35);
#35 = PRODUCT_DEFINITION('design','',#36,#39);
#36 = PRODUCT_DEFINITION_FORMATION('','',#37);
#37 = PRODUCT('Lamp','Lamp','',(#38));
#38 = PRODUCT_CONTEXT('',#2,'mechanical');
#39 = PRODUCT_DEFINITION_CONTEXT('part definition',#2,'design');
#40 = SHAPE_REPRESENTATION('',(#11,#41),#45);
#41 = AXIS2_PLACEMENT_3D('',#42,#43,#44);
#42 = CARTESIAN_POINT('',(0.,0.,0.));
#43 = DIRECTION('',(0.,0.,1.));
#44 = DIRECTION('',(1.,0.,0.));
#45 = ( GEOMETRIC_REPRESENTATION_CONTEXT(3) 
GLOBAL_UNCERTAINTY_ASSIGNED_CONTEXT((#49)) GLOBAL_UNIT_ASSIGNED_CONTEXT(
(#46,#47,#48)) REPRESENTATION_CONTEXT('Context #1',
  '3D Context with UNIT and UNCERTAINTY') );
#46 = ( LENGTH_UNIT() NAMED_UNIT(*) SI_UNIT(.MILLI.,.METRE.) );
#47 = ( NAMED_UNIT(*) PLANE_ANGLE_UNIT() SI_UNIT($,.RADIAN.) );
#48 = ( NAMED_UNIT(*) SI_UNIT($,.STERADIAN.) SOLID_ANGLE_UNIT() );
#49 = UNCERTAINTY_MEASURE_WITH_UNIT(LENGTH_MEASURE(2.E-05),#46,
  'distance_accuracy_value','confusion accuracy');
#50 = CONTEXT_DEPENDENT_SHAPE_REPRESENTATION(#51,#53);
#51 = ( REPRESENTATION_RELATIONSHIP('','',#40,#10) 
REPRESENTATION_RELATIONSHIP_WITH_TRANSFORMATION(#52) 
SHAPE_REPRESENTATION_RELATIONSHIP() );
#52 = ITEM_DEFINED_TRANSFORMATION('','',#11,#15);
#53 = PRODUCT_DEFINITION_SHAPE('Placement','Placement of an item',#54);
#54 = NEXT_ASSEMBLY_USAGE_OCCURRENCE('2','Lamp','',#5,#35,$);
#55 = PRODUCT_RELATED_PRODUCT_CATEGORY('part',$,(#37));
#56 = SHAPE_DEFINITION_REPRESENTATION(#57,#63);
#57 = PRODUCT_DEFINITION_SHAPE('','',#58);
#58 = PRODUCT_DEFINITION('design','',#59,#62);
#59 = PRODUCT_DEFINITION_FORMATION('','',#60);
#60 = PRODUCT('Body006','Body006','',(#61));
#61 = PRODUCT_CONTEXT('',#2,'mechanical');
#62 = PRODUCT_DEFINITION_CONTEXT('part definition',#2,'design');
#63 = ADVANCED_BREP_SHAPE_REPRESENTATION('',(#11,#64),#1202);
#64 = MANIFOLD_SOLID_BREP('',#65);
#65 = CLOSED_SHELL('',(#66,#103,#210,#438,#515,#598,#670,#719,#747,#797,
    #846,#896,#959,#966,#1001,#1055,#1110,#1145,#1175));
#66 = ADVANCED_FACE('',(#67),#80,.T.);
#67 = FACE_BOUND('',#68,.T.);
#68 = EDGE_LOOP('',(#69));
#69 = ORIENTED_EDGE('',*,*,#70,.T.);
#70 = EDGE_CURVE('',#71,#71,#73,.T.);
#71 = VERTEX_POINT('',#72);
#72 = CARTESIAN_POINT('',(35.,0.,20.));
#73 = SURFACE_CURVE('',#74,(#79,#91),.PCURVE_S1.);
#74 = CIRCLE('',#75,35.);
#75 = AXIS2_PLACEMENT_3D('',#76,#77,#78);
#76 = CARTESIAN_POINT('',(0.,0.,20.));
#77 = DIRECTION('',(0.,0.,1.));
#78 = DIRECTION('',(1.,0.,0.));
#79 = PCURVE('',#80,#85);
#80 = PLANE('',#81);
#81 = AXIS2_PLACEMENT_3D('',#82,#83,#84);
#82 = CARTESIAN_POINT('',(-3.56E-15,2.59E-15,20.));
#83 = DIRECTION('',(0.,0.,1.));
#84 = DIRECTION('',(1.,0.,0.));
#85 = DEFINITIONAL_REPRESENTATION('',(#86),#90);
#86 = CIRCLE('',#87,35.);
#87 = AXIS2_PLACEMENT_2D('',#88,#89);
#88 = CARTESIAN_POINT('',(3.56E-15,-2.59E-15));
#89 = DIRECTION('',(1.,0.));
#90 = ( GEOMETRIC_REPRESENTATION_CONTEXT(2) 
PARAMETRIC_REPRESENTATION_CONTEXT() REPRESENTATION_CONTEXT('2D SPACE',''
  ) );
#91 = PCURVE('',#92,#97);
#92 = CYLINDRICAL_SURFACE('',#93,35.);
#93 = AXIS2_PLACEMENT_3D('',#94,#95,#96);
#94 = CARTESIAN_POINT('',(0.,0.,0.));
#95 = DIRECTION('',(-0.,-0.,-1.));
#96 = DIRECTION('',(1.,0.,0.));
#97 = DEFINITIONAL_REPRESENTATION('',(#98),#102);
#98 = LINE('',#99,#100);
#99 = CARTESIAN_POINT('',(-0.,-20.));
#100 = VECTOR('',#101,1.);
#101 = DIRECTION('',(-1.,0.));
#102 = ( GEOMETRIC_REPRESENTATION_CONTEXT(2) 
PARAMETRIC_REPRESENTATION_CONTEXT() REPRESENTATION_CONTEXT('2D SPACE',''
  ) );
#103 = ADVANCED_FACE('',(#104),#92,.T.);
#104 = FACE_BOUND('',#105,.F.);
#105 = EDGE_LOOP('',(#106,#128,#129,#130,#159,#188));
#106 = ORIENTED_EDGE('',*,*,#107,.F.);
#107 = EDGE_CURVE('',#71,#108,#110,.T.);
#108 = VERTEX_POINT('',#109);
#109 = CARTESIAN_POINT('',(35.,0.,0.));
#110 = SEAM_CURVE('',#111,(#114,#121),.PCURVE_S1.);
#111 = B_SPLINE_CURVE_WITH_KNOTS('',1,(#112,#113),.UNSPECIFIED.,.F.,.F.,
  (2,2),(-20.,0.),.PIECEWISE_BEZIER_KNOTS.);
#112 = CARTESIAN_POINT('',(35.,0.,20.));
#113 = CARTESIAN_POINT('',(35.,0.,0.));
#114 = PCURVE('',#92,#115);
#115 = DEFINITIONAL_REPRESENTATION('',(#116),#120);
#116 = LINE('',#117,#118);
#117 = CARTESIAN_POINT('',(-0.,0.));
#118 = VECTOR('',#119,1.);
#119 = DIRECTION('',(-0.,1.));
#120 = ( GEOMETRIC_REPRESENTATION_CONTEXT(2) 
PARAMETRIC_REPRESENTATION_CONTEXT() REPRESENTATION_CONTEXT('2D SPACE',''
  ) );
#121 = PCURVE('',#92,#122);
#122 = DEFINITIONAL_REPRESENTATION('',(#123),#127);
#123 = LINE('',#124,#125);
#124 = CARTESIAN_POINT('',(-6.28318530718,0.));
#125 = VECTOR('',#126,1.);
#126 = DIRECTION('',(-0.,1.));
#127 = ( GEOMETRIC_REPRESENTATION_CONTEXT(2) 
PARAMETRIC_REPRESENTATION_CONTEXT() REPRESENTATION_CONTEXT('2D SPACE',''
  ) );
#128 = ORIENTED_EDGE('',*,*,#70,.T.);
#129 = ORIENTED_EDGE('',*,*,#107,.T.);
#130 = ORIENTED_EDGE('',*,*,#131,.F.);
#131 = EDGE_CURVE('',#132,#108,#134,.T.);
#132 = VERTEX_POINT('',#133);
#133 = CARTESIAN_POINT('',(-34.22580463045,-7.320812618683,0.));
#134 = SURFACE_CURVE('',#135,(#140,#147),.PCURVE_S1.);
#135 = CIRCLE('',#136,35.);
#136 = AXIS2_PLACEMENT_3D('',#137,#138,#139);
#137 = CARTESIAN_POINT('',(0.,0.,0.));
#138 = DIRECTION('',(0.,0.,1.));
#139 = DIRECTION('',(1.,0.,0.));
#140 = PCURVE('',#92,#141);
#141 = DEFINITIONAL_REPRESENTATION('',(#142),#146);
#142 = LINE('',#143,#144);
#143 = CARTESIAN_POINT('',(-0.,0.));
#144 = VECTOR('',#145,1.);
#145 = DIRECTION('',(-1.,0.));
#146 = ( GEOMETRIC_REPRESENTATION_CONTEXT(2) 
PARAMETRIC_REPRESENTATION_CONTEXT() REPRESENTATION_CONTEXT('2D SPACE',''
  ) );
#147 = PCURVE('',#148,#153);
#148 = PLANE('',#149);
#149 = AXIS2_PLACEMENT_3D('',#150,#151,#152);
#150 = CARTESIAN_POINT('',(-3.18E-15,4.12E-15,0.));
#151 = DIRECTION('',(0.,0.,1.));
#152 = DIRECTION('',(1.,0.,0.));
#153 = DEFINITIONAL_REPRESENTATION('',(#154),#158);
#154 = CIRCLE('',#155,35.);
#155 = AXIS2_PLACEMENT_2D('',#156,#157);
#156 = CARTESIAN_POINT('',(3.18E-15,-4.12E-15));
#157 = DIRECTION('',(1.,0.));
#158 = ( GEOMETRIC_REPRESENTATION_CONTEXT(2) 
PARAMETRIC_REPRESENTATION_CONTEXT() REPRESENTATION_CONTEXT('2D SPACE',''
  ) );
#159 = ORIENTED_EDGE('',*,*,#160,.F.);
#160 = EDGE_CURVE('',#161,#132,#163,.T.);
#161 = VERTEX_POINT('',#162);
#162 = CARTESIAN_POINT('',(-34.22580463045,7.320812618683,0.));
#163 = SURFACE_CURVE('',#164,(#169,#176),.PCURVE_S1.);
#164 = CIRCLE('',#165,35.);
#165 = AXIS2_PLACEMENT_3D('',#166,#167,#168);
#166 = CARTESIAN_POINT('',(0.,0.,0.));
#167 = DIRECTION('',(0.,0.,1.));
#168 = DIRECTION('',(1.,0.,0.));
#169 = PCURVE('',#92,#170);
#170 = DEFINITIONAL_REPRESENTATION('',(#171),#175);
#171 = LINE('',#172,#173);
#172 = CARTESIAN_POINT('',(-0.,0.));
#173 = VECTOR('',#174,1.);
#174 = DIRECTION('',(-1.,0.));
#175 = ( GEOMETRIC_REPRESENTATION_CONTEXT(2) 
PARAMETRIC_REPRESENTATION_CONTEXT() REPRESENTATION_CONTEXT('2D SPACE',''
  ) );
#176 = PCURVE('',#177,#182);
#177 = CYLINDRICAL_SURFACE('',#178,35.);
#178 = AXIS2_PLACEMENT_3D('',#179,#180,#181);
#179 = CARTESIAN_POINT('',(-3.3E-16,3.9E-16,0.));
#180 = DIRECTION('',(0.,0.,1.));
#181 = DIRECTION('',(1.,0.,-0.));
#182 = DEFINITIONAL_REPRESENTATION('',(#183),#187);
#183 = LINE('',#184,#185);
#184 = CARTESIAN_POINT('',(0.,0.));
#185 = VECTOR('',#186,1.);
#186 = DIRECTION('',(1.,0.));
#187 = ( GEOMETRIC_REPRESENTATION_CONTEXT(2) 
PARAMETRIC_REPRESENTATION_CONTEXT() REPRESENTATION_CONTEXT('2D SPACE',''
  ) );
#188 = ORIENTED_EDGE('',*,*,#189,.F.);
#189 = EDGE_CURVE('',#108,#161,#190,.T.);
#190 = SURFACE_CURVE('',#191,(#196,#203),.PCURVE_S1.);
#191 = CIRCLE('',#192,35.);
#192 = AXIS2_PLACEMENT_3D('',#193,#194,#195);
#193 = CARTESIAN_POINT('',(0.,0.,0.));
#194 = DIRECTION('',(0.,0.,1.));
#195 = DIRECTION('',(1.,0.,0.));
#196 = PCURVE('',#92,#197);
#197 = DEFINITIONAL_REPRESENTATION('',(#198),#202);
#198 = LINE('',#199,#200);
#199 = CARTESIAN_POINT('',(-0.,0.));
#200 = VECTOR('',#201,1.);
#201 = DIRECTION('',(-1.,0.));
#202 = ( GEOMETRIC_REPRESENTATION_CONTEXT(2) 
PARAMETRIC_REPRESENTATION_CONTEXT() REPRESENTATION_CONTEXT('2D SPACE',''
  ) );
#203 = PCURVE('',#148,#204);
#204 = DEFINITIONAL_REPRESENTATION('',(#205),#209);
#205 = CIRCLE('',#206,35.);
#206 = AXIS2_PLACEMENT_2D('',#207,#208);
#207 = CARTESIAN_POINT('',(3.18E-15,-4.12E-15));
#208 = DIRECTION('',(1.,0.));
#209 = ( GEOMETRIC_REPRESENTATION_CONTEXT(2) 
PARAMETRIC_REPRESENTATION_CONTEXT() REPRESENTATION_CONTEXT('2D SPACE',''
  ) );
#210 = ADVANCED_FACE('',(#211),#148,.T.);
#211 = FACE_BOUND('',#212,.T.);
#212 = EDGE_LOOP('',(#213,#244,#268,#297,#325,#352,#353,#354,#383,#411)
  );
#213 = ORIENTED_EDGE('',*,*,#214,.T.);
#214 = EDGE_CURVE('',#215,#217,#219,.T.);
#215 = VERTEX_POINT('',#216);
#216 = CARTESIAN_POINT('',(-44.70009038397,-9.977069693254,0.));
#217 = VERTEX_POINT('',#218);
#218 = CARTESIAN_POINT('',(45.8,0.,0.));
#219 = SURFACE_CURVE('',#220,(#225,#232),.PCURVE_S1.);
#220 = CIRCLE('',#221,45.8);
#221 = AXIS2_PLACEMENT_3D('',#222,#223,#224);
#222 = CARTESIAN_POINT('',(0.,0.,0.));
#223 = DIRECTION('',(0.,0.,1.));
#224 = DIRECTION('',(1.,0.,0.));
#225 = PCURVE('',#148,#226);
#226 = DEFINITIONAL_REPRESENTATION('',(#227),#231);
#227 = CIRCLE('',#228,45.8);
#228 = AXIS2_PLACEMENT_2D('',#229,#230);
#229 = CARTESIAN_POINT('',(3.18E-15,-4.12E-15));
#230 = DIRECTION('',(1.,0.));
#231 = ( GEOMETRIC_REPRESENTATION_CONTEXT(2) 
PARAMETRIC_REPRESENTATION_CONTEXT() REPRESENTATION_CONTEXT('2D SPACE',''
  ) );
#232 = PCURVE('',#233,#238);
#233 = CYLINDRICAL_SURFACE('',#234,45.8);
#234 = AXIS2_PLACEMENT_3D('',#235,#236,#237);
#235 = CARTESIAN_POINT('',(0.,0.,0.));
#236 = DIRECTION('',(-0.,-0.,-1.));
#237 = DIRECTION('',(1.,0.,0.));
#238 = DEFINITIONAL_REPRESENTATION('',(#239),#243);
#239 = LINE('',#240,#241);
#240 = CARTESIAN_POINT('',(-0.,0.));
#241 = VECTOR('',#242,1.);
#242 = DIRECTION('',(-1.,0.));
#243 = ( GEOMETRIC_REPRESENTATION_CONTEXT(2) 
PARAMETRIC_REPRESENTATION_CONTEXT() REPRESENTATION_CONTEXT('2D SPACE',''
  ) );
#244 = ORIENTED_EDGE('',*,*,#245,.T.);
#245 = EDGE_CURVE('',#217,#246,#248,.T.);
#246 = VERTEX_POINT('',#247);
#247 = CARTESIAN_POINT('',(-44.70009038397,9.977069693254,0.));
#248 = SURFACE_CURVE('',#249,(#254,#261),.PCURVE_S1.);
#249 = CIRCLE('',#250,45.8);
#250 = AXIS2_PLACEMENT_3D('',#251,#252,#253);
#251 = CARTESIAN_POINT('',(0.,0.,0.));
#252 = DIRECTION('',(0.,0.,1.));
#253 = DIRECTION('',(1.,0.,0.));
#254 = PCURVE('',#148,#255);
#255 = DEFINITIONAL_REPRESENTATION('',(#256),#260);
#256 = CIRCLE('',#257,45.8);
#257 = AXIS2_PLACEMENT_2D('',#258,#259);
#258 = CARTESIAN_POINT('',(3.18E-15,-4.12E-15));
#259 = DIRECTION('',(1.,0.));
#260 = ( GEOMETRIC_REPRESENTATION_CONTEXT(2) 
PARAMETRIC_REPRESENTATION_CONTEXT() REPRESENTATION_CONTEXT('2D SPACE',''
  ) );
#261 = PCURVE('',#233,#262);
#262 = DEFINITIONAL_REPRESENTATION('',(#263),#267);
#263 = LINE('',#264,#265);
#264 = CARTESIAN_POINT('',(-0.,0.));
#265 = VECTOR('',#266,1.);
#266 = DIRECTION('',(-1.,0.));
#267 = ( GEOMETRIC_REPRESENTATION_CONTEXT(2) 
PARAMETRIC_REPRESENTATION_CONTEXT() REPRESENTATION_CONTEXT('2D SPACE',''
  ) );
#268 = ORIENTED_EDGE('',*,*,#269,.F.);
#269 = EDGE_CURVE('',#270,#246,#272,.T.);
#270 = VERTEX_POINT('',#271);
#271 = CARTESIAN_POINT('',(-40.91499400822,12.198494386851,0.));
#272 = SURFACE_CURVE('',#273,(#278,#285),.PCURVE_S1.);
#273 = CIRCLE('',#274,3.);
#274 = AXIS2_PLACEMENT_3D('',#275,#276,#277);
#275 = CARTESIAN_POINT('',(-41.77213686537,9.323549844351,0.));
#276 = DIRECTION('',(0.,0.,1.));
#277 = DIRECTION('',(1.,0.,0.));
#278 = PCURVE('',#148,#279);
#279 = DEFINITIONAL_REPRESENTATION('',(#280),#284);
#280 = CIRCLE('',#281,3.);
#281 = AXIS2_PLACEMENT_2D('',#282,#283);
#282 = CARTESIAN_POINT('',(-41.77213686537,9.323549844351));
#283 = DIRECTION('',(1.,0.));
#284 = ( GEOMETRIC_REPRESENTATION_CONTEXT(2) 
PARAMETRIC_REPRESENTATION_CONTEXT() REPRESENTATION_CONTEXT('2D SPACE',''
  ) );
#285 = PCURVE('',#286,#291);
#286 = CYLINDRICAL_SURFACE('',#287,3.);
#287 = AXIS2_PLACEMENT_3D('',#288,#289,#290);
#288 = CARTESIAN_POINT('',(-41.77213686537,9.323549844351,0.));
#289 = DIRECTION('',(0.,0.,1.));
#290 = DIRECTION('',(1.,0.,-0.));
#291 = DEFINITIONAL_REPRESENTATION('',(#292),#296);
#292 = LINE('',#293,#294);
#293 = CARTESIAN_POINT('',(0.,0.));
#294 = VECTOR('',#295,1.);
#295 = DIRECTION('',(1.,0.));
#296 = ( GEOMETRIC_REPRESENTATION_CONTEXT(2) 
PARAMETRIC_REPRESENTATION_CONTEXT() REPRESENTATION_CONTEXT('2D SPACE',''
  ) );
#297 = ORIENTED_EDGE('',*,*,#298,.T.);
#298 = EDGE_CURVE('',#270,#299,#301,.T.);
#299 = VERTEX_POINT('',#300);
#300 = CARTESIAN_POINT('',(-36.3023021702,10.823255385643,0.));
#301 = SURFACE_CURVE('',#302,(#306,#313),.PCURVE_S1.);
#302 = LINE('',#303,#304);
#303 = CARTESIAN_POINT('',(-40.91499400822,12.198494386851,0.));
#304 = VECTOR('',#305,1.);
#305 = DIRECTION('',(0.9583148475,-0.285714285714,0.));
#306 = PCURVE('',#148,#307);
#307 = DEFINITIONAL_REPRESENTATION('',(#308),#312);
#308 = LINE('',#309,#310);
#309 = CARTESIAN_POINT('',(-40.91499400822,12.198494386851));
#310 = VECTOR('',#311,1.);
#311 = DIRECTION('',(0.9583148475,-0.285714285714));
#312 = ( GEOMETRIC_REPRESENTATION_CONTEXT(2) 
PARAMETRIC_REPRESENTATION_CONTEXT() REPRESENTATION_CONTEXT('2D SPACE',''
  ) );
#313 = PCURVE('',#314,#319);
#314 = PLANE('',#315);
#315 = AXIS2_PLACEMENT_3D('',#316,#317,#318);
#316 = CARTESIAN_POINT('',(-40.91499400822,12.198494386851,0.));
#317 = DIRECTION('',(-0.285714285714,-0.9583148475,0.));
#318 = DIRECTION('',(0.9583148475,-0.285714285714,0.));
#319 = DEFINITIONAL_REPRESENTATION('',(#320),#324);
#320 = LINE('',#321,#322);
#321 = CARTESIAN_POINT('',(0.,0.));
#322 = VECTOR('',#323,1.);
#323 = DIRECTION('',(1.,0.));
#324 = ( GEOMETRIC_REPRESENTATION_CONTEXT(2) 
PARAMETRIC_REPRESENTATION_CONTEXT() REPRESENTATION_CONTEXT('2D SPACE',''
  ) );
#325 = ORIENTED_EDGE('',*,*,#326,.F.);
#326 = EDGE_CURVE('',#161,#299,#327,.T.);
#327 = SURFACE_CURVE('',#328,(#333,#340),.PCURVE_S1.);
#328 = CIRCLE('',#329,3.);
#329 = AXIS2_PLACEMENT_3D('',#330,#331,#332);
#330 = CARTESIAN_POINT('',(-37.15944502735,7.948310843142,0.));
#331 = DIRECTION('',(0.,0.,1.));
#332 = DIRECTION('',(1.,0.,0.));
#333 = PCURVE('',#148,#334);
#334 = DEFINITIONAL_REPRESENTATION('',(#335),#339);
#335 = CIRCLE('',#336,3.);
#336 = AXIS2_PLACEMENT_2D('',#337,#338);
#337 = CARTESIAN_POINT('',(-37.15944502735,7.948310843142));
#338 = DIRECTION('',(1.,0.));
#339 = ( GEOMETRIC_REPRESENTATION_CONTEXT(2) 
PARAMETRIC_REPRESENTATION_CONTEXT() REPRESENTATION_CONTEXT('2D SPACE',''
  ) );
#340 = PCURVE('',#341,#346);
#341 = CYLINDRICAL_SURFACE('',#342,3.);
#342 = AXIS2_PLACEMENT_3D('',#343,#344,#345);
#343 = CARTESIAN_POINT('',(-37.15944502735,7.948310843142,0.));
#344 = DIRECTION('',(0.,0.,1.));
#345 = DIRECTION('',(1.,0.,-0.));
#346 = DEFINITIONAL_REPRESENTATION('',(#347),#351);
#347 = LINE('',#348,#349);
#348 = CARTESIAN_POINT('',(0.,0.));
#349 = VECTOR('',#350,1.);
#350 = DIRECTION('',(1.,0.));
#351 = ( GEOMETRIC_REPRESENTATION_CONTEXT(2) 
PARAMETRIC_REPRESENTATION_CONTEXT() REPRESENTATION_CONTEXT('2D SPACE',''
  ) );
#352 = ORIENTED_EDGE('',*,*,#189,.F.);
#353 = ORIENTED_EDGE('',*,*,#131,.F.);
#354 = ORIENTED_EDGE('',*,*,#355,.F.);
#355 = EDGE_CURVE('',#356,#132,#358,.T.);
#356 = VERTEX_POINT('',#357);
#357 = CARTESIAN_POINT('',(-36.3023021702,-10.82325538564,0.));
#358 = SURFACE_CURVE('',#359,(#364,#371),.PCURVE_S1.);
#359 = CIRCLE('',#360,3.);
#360 = AXIS2_PLACEMENT_3D('',#361,#362,#363);
#361 = CARTESIAN_POINT('',(-37.15944502735,-7.948310843142,0.));
#362 = DIRECTION('',(0.,0.,1.));
#363 = DIRECTION('',(1.,0.,0.));
#364 = PCURVE('',#148,#365);
#365 = DEFINITIONAL_REPRESENTATION('',(#366),#370);
#366 = CIRCLE('',#367,3.);
#367 = AXIS2_PLACEMENT_2D('',#368,#369);
#368 = CARTESIAN_POINT('',(-37.15944502735,-7.948310843142));
#369 = DIRECTION('',(1.,0.));
#370 = ( GEOMETRIC_REPRESENTATION_CONTEXT(2) 
PARAMETRIC_REPRESENTATION_CONTEXT() REPRESENTATION_CONTEXT('2D SPACE',''
  ) );
#371 = PCURVE('',#372,#377);
#372 = CYLINDRICAL_SURFACE('',#373,3.);
#373 = AXIS2_PLACEMENT_3D('',#374,#375,#376);
#374 = CARTESIAN_POINT('',(-37.15944502735,-7.948310843142,0.));
#375 = DIRECTION('',(0.,0.,1.));
#376 = DIRECTION('',(1.,0.,-0.));
#377 = DEFINITIONAL_REPRESENTATION('',(#378),#382);
#378 = LINE('',#379,#380);
#379 = CARTESIAN_POINT('',(0.,0.));
#380 = VECTOR('',#381,1.);
#381 = DIRECTION('',(1.,0.));
#382 = ( GEOMETRIC_REPRESENTATION_CONTEXT(2) 
PARAMETRIC_REPRESENTATION_CONTEXT() REPRESENTATION_CONTEXT('2D SPACE',''
  ) );
#383 = ORIENTED_EDGE('',*,*,#384,.T.);
#384 = EDGE_CURVE('',#356,#385,#387,.T.);
#385 = VERTEX_POINT('',#386);
#386 = CARTESIAN_POINT('',(-40.91499400822,-12.19849438685,0.));
#387 = SURFACE_CURVE('',#388,(#392,#399),.PCURVE_S1.);
#388 = LINE('',#389,#390);
#389 = CARTESIAN_POINT('',(-36.3023021702,-10.82325538564,0.));
#390 = VECTOR('',#391,1.);
#391 = DIRECTION('',(-0.9583148475,-0.285714285714,0.));
#392 = PCURVE('',#148,#393);
#393 = DEFINITIONAL_REPRESENTATION('',(#394),#398);
#394 = LINE('',#395,#396);
#395 = CARTESIAN_POINT('',(-36.3023021702,-10.82325538564));
#396 = VECTOR('',#397,1.);
#397 = DIRECTION('',(-0.9583148475,-0.285714285714));
#398 = ( GEOMETRIC_REPRESENTATION_CONTEXT(2) 
PARAMETRIC_REPRESENTATION_CONTEXT() REPRESENTATION_CONTEXT('2D SPACE',''
  ) );
#399 = PCURVE('',#400,#405);
#400 = PLANE('',#401);
#401 = AXIS2_PLACEMENT_3D('',#402,#403,#404);
#402 = CARTESIAN_POINT('',(-36.3023021702,-10.82325538564,0.));
#403 = DIRECTION('',(-0.285714285714,0.9583148475,0.));
#404 = DIRECTION('',(-0.9583148475,-0.285714285714,0.));
#405 = DEFINITIONAL_REPRESENTATION('',(#406),#410);
#406 = LINE('',#407,#408);
#407 = CARTESIAN_POINT('',(0.,0.));
#408 = VECTOR('',#409,1.);
#409 = DIRECTION('',(1.,0.));
#410 = ( GEOMETRIC_REPRESENTATION_CONTEXT(2) 
PARAMETRIC_REPRESENTATION_CONTEXT() REPRESENTATION_CONTEXT('2D SPACE',''
  ) );
#411 = ORIENTED_EDGE('',*,*,#412,.F.);
#412 = EDGE_CURVE('',#215,#385,#413,.T.);
#413 = SURFACE_CURVE('',#414,(#419,#426),.PCURVE_S1.);
#414 = CIRCLE('',#415,3.);
#415 = AXIS2_PLACEMENT_3D('',#416,#417,#418);
#416 = CARTESIAN_POINT('',(-41.77213686537,-9.323549844351,0.));
#417 = DIRECTION('',(0.,0.,1.));
#418 = DIRECTION('',(1.,0.,0.));
#419 = PCURVE('',#148,#420);
#420 = DEFINITIONAL_REPRESENTATION('',(#421),#425);
#421 = CIRCLE('',#422,3.);
#422 = AXIS2_PLACEMENT_2D('',#423,#424);
#423 = CARTESIAN_POINT('',(-41.77213686537,-9.323549844351));
#424 = DIRECTION('',(1.,0.));
#425 = ( GEOMETRIC_REPRESENTATION_CONTEXT(2) 
PARAMETRIC_REPRESENTATION_CONTEXT() REPRESENTATION_CONTEXT('2D SPACE',''
  ) );
#426 = PCURVE('',#427,#432);
#427 = CYLINDRICAL_SURFACE('',#428,3.);
#428 = AXIS2_PLACEMENT_3D('',#429,#430,#431);
#429 = CARTESIAN_POINT('',(-41.77213686537,-9.323549844351,0.));
#430 = DIRECTION('',(0.,0.,1.));
#431 = DIRECTION('',(1.,0.,-0.));
#432 = DEFINITIONAL_REPRESENTATION('',(#433),#437);
#433 = LINE('',#434,#435);
#434 = CARTESIAN_POINT('',(0.,0.));
#435 = VECTOR('',#436,1.);
#436 = DIRECTION('',(1.,0.));
#437 = ( GEOMETRIC_REPRESENTATION_CONTEXT(2) 
PARAMETRIC_REPRESENTATION_CONTEXT() REPRESENTATION_CONTEXT('2D SPACE',''
  ) );
#438 = ADVANCED_FACE('',(#439),#177,.T.);
#439 = FACE_BOUND('',#440,.T.);
#440 = EDGE_LOOP('',(#441,#442,#465,#494));
#441 = ORIENTED_EDGE('',*,*,#160,.F.);
#442 = ORIENTED_EDGE('',*,*,#443,.T.);
#443 = EDGE_CURVE('',#161,#444,#446,.T.);
#444 = VERTEX_POINT('',#445);
#445 = CARTESIAN_POINT('',(-34.22580463045,7.320812618683,-10.));
#446 = SURFACE_CURVE('',#447,(#451,#458),.PCURVE_S1.);
#447 = LINE('',#448,#449);
#448 = CARTESIAN_POINT('',(-34.22580463045,7.320812618683,0.));
#449 = VECTOR('',#450,1.);
#450 = DIRECTION('',(-0.,-0.,-1.));
#451 = PCURVE('',#177,#452);
#452 = DEFINITIONAL_REPRESENTATION('',(#453),#457);
#453 = LINE('',#454,#455);
#454 = CARTESIAN_POINT('',(2.930870560483,0.));
#455 = VECTOR('',#456,1.);
#456 = DIRECTION('',(0.,-1.));
#457 = ( GEOMETRIC_REPRESENTATION_CONTEXT(2) 
PARAMETRIC_REPRESENTATION_CONTEXT() REPRESENTATION_CONTEXT('2D SPACE',''
  ) );
#458 = PCURVE('',#341,#459);
#459 = DEFINITIONAL_REPRESENTATION('',(#460),#464);
#460 = LINE('',#461,#462);
#461 = CARTESIAN_POINT('',(6.072463214072,0.));
#462 = VECTOR('',#463,1.);
#463 = DIRECTION('',(0.,-1.));
#464 = ( GEOMETRIC_REPRESENTATION_CONTEXT(2) 
PARAMETRIC_REPRESENTATION_CONTEXT() REPRESENTATION_CONTEXT('2D SPACE',''
  ) );
#465 = ORIENTED_EDGE('',*,*,#466,.T.);
#466 = EDGE_CURVE('',#444,#467,#469,.T.);
#467 = VERTEX_POINT('',#468);
#468 = CARTESIAN_POINT('',(-34.22580463045,-7.320812618683,-10.));
#469 = SURFACE_CURVE('',#470,(#475,#482),.PCURVE_S1.);
#470 = CIRCLE('',#471,35.);
#471 = AXIS2_PLACEMENT_3D('',#472,#473,#474);
#472 = CARTESIAN_POINT('',(-3.3E-16,3.9E-16,-10.));
#473 = DIRECTION('',(0.,0.,1.));
#474 = DIRECTION('',(1.,0.,-0.));
#475 = PCURVE('',#177,#476);
#476 = DEFINITIONAL_REPRESENTATION('',(#477),#481);
#477 = LINE('',#478,#479);
#478 = CARTESIAN_POINT('',(0.,-10.));
#479 = VECTOR('',#480,1.);
#480 = DIRECTION('',(1.,0.));
#481 = ( GEOMETRIC_REPRESENTATION_CONTEXT(2) 
PARAMETRIC_REPRESENTATION_CONTEXT() REPRESENTATION_CONTEXT('2D SPACE',''
  ) );
#482 = PCURVE('',#483,#488);
#483 = PLANE('',#484);
#484 = AXIS2_PLACEMENT_3D('',#485,#486,#487);
#485 = CARTESIAN_POINT('',(-3.18E-15,4.12E-15,-10.));
#486 = DIRECTION('',(0.,0.,1.));
#487 = DIRECTION('',(1.,0.,0.));
#488 = DEFINITIONAL_REPRESENTATION('',(#489),#493);
#489 = CIRCLE('',#490,35.);
#490 = AXIS2_PLACEMENT_2D('',#491,#492);
#491 = CARTESIAN_POINT('',(2.85E-15,-3.73E-15));
#492 = DIRECTION('',(1.,0.));
#493 = ( GEOMETRIC_REPRESENTATION_CONTEXT(2) 
PARAMETRIC_REPRESENTATION_CONTEXT() REPRESENTATION_CONTEXT('2D SPACE',''
  ) );
#494 = ORIENTED_EDGE('',*,*,#495,.F.);
#495 = EDGE_CURVE('',#132,#467,#496,.T.);
#496 = SURFACE_CURVE('',#497,(#501,#508),.PCURVE_S1.);
#497 = LINE('',#498,#499);
#498 = CARTESIAN_POINT('',(-34.22580463045,-7.320812618683,0.));
#499 = VECTOR('',#500,1.);
#500 = DIRECTION('',(-0.,-0.,-1.));
#501 = PCURVE('',#177,#502);
#502 = DEFINITIONAL_REPRESENTATION('',(#503),#507);
#503 = LINE('',#504,#505);
#504 = CARTESIAN_POINT('',(3.352314746697,0.));
#505 = VECTOR('',#506,1.);
#506 = DIRECTION('',(0.,-1.));
#507 = ( GEOMETRIC_REPRESENTATION_CONTEXT(2) 
PARAMETRIC_REPRESENTATION_CONTEXT() REPRESENTATION_CONTEXT('2D SPACE',''
  ) );
#508 = PCURVE('',#372,#509);
#509 = DEFINITIONAL_REPRESENTATION('',(#510),#514);
#510 = LINE('',#511,#512);
#511 = CARTESIAN_POINT('',(6.493907400287,0.));
#512 = VECTOR('',#513,1.);
#513 = DIRECTION('',(0.,-1.));
#514 = ( GEOMETRIC_REPRESENTATION_CONTEXT(2) 
PARAMETRIC_REPRESENTATION_CONTEXT() REPRESENTATION_CONTEXT('2D SPACE',''
  ) );
#515 = ADVANCED_FACE('',(#516),#233,.F.);
#516 = FACE_BOUND('',#517,.T.);
#517 = EDGE_LOOP('',(#518,#519,#542,#569,#570,#571));
#518 = ORIENTED_EDGE('',*,*,#245,.F.);
#519 = ORIENTED_EDGE('',*,*,#520,.T.);
#520 = EDGE_CURVE('',#217,#521,#523,.T.);
#521 = VERTEX_POINT('',#522);
#522 = CARTESIAN_POINT('',(45.8,0.,10.));
#523 = SEAM_CURVE('',#524,(#528,#535),.PCURVE_S1.);
#524 = LINE('',#525,#526);
#525 = CARTESIAN_POINT('',(45.8,0.,0.));
#526 = VECTOR('',#527,1.);
#527 = DIRECTION('',(0.,0.,1.));
#528 = PCURVE('',#233,#529);
#529 = DEFINITIONAL_REPRESENTATION('',(#530),#534);
#530 = LINE('',#531,#532);
#531 = CARTESIAN_POINT('',(-6.28318530718,0.));
#532 = VECTOR('',#533,1.);
#533 = DIRECTION('',(-0.,-1.));
#534 = ( GEOMETRIC_REPRESENTATION_CONTEXT(2) 
PARAMETRIC_REPRESENTATION_CONTEXT() REPRESENTATION_CONTEXT('2D SPACE',''
  ) );
#535 = PCURVE('',#233,#536);
#536 = DEFINITIONAL_REPRESENTATION('',(#537),#541);
#537 = LINE('',#538,#539);
#538 = CARTESIAN_POINT('',(-0.,0.));
#539 = VECTOR('',#540,1.);
#540 = DIRECTION('',(-0.,-1.));
#541 = ( GEOMETRIC_REPRESENTATION_CONTEXT(2) 
PARAMETRIC_REPRESENTATION_CONTEXT() REPRESENTATION_CONTEXT('2D SPACE',''
  ) );
#542 = ORIENTED_EDGE('',*,*,#543,.T.);
#543 = EDGE_CURVE('',#521,#521,#544,.T.);
#544 = SURFACE_CURVE('',#545,(#550,#557),.PCURVE_S1.);
#545 = CIRCLE('',#546,45.8);
#546 = AXIS2_PLACEMENT_3D('',#547,#548,#549);
#547 = CARTESIAN_POINT('',(0.,0.,10.));
#548 = DIRECTION('',(0.,0.,1.));
#549 = DIRECTION('',(1.,0.,0.));
#550 = PCURVE('',#233,#551);
#551 = DEFINITIONAL_REPRESENTATION('',(#552),#556);
#552 = LINE('',#553,#554);
#553 = CARTESIAN_POINT('',(-0.,-10.));
#554 = VECTOR('',#555,1.);
#555 = DIRECTION('',(-1.,0.));
#556 = ( GEOMETRIC_REPRESENTATION_CONTEXT(2) 
PARAMETRIC_REPRESENTATION_CONTEXT() REPRESENTATION_CONTEXT('2D SPACE',''
  ) );
#557 = PCURVE('',#558,#563);
#558 = PLANE('',#559);
#559 = AXIS2_PLACEMENT_3D('',#560,#561,#562);
#560 = CARTESIAN_POINT('',(-3.56E-15,2.59E-15,10.));
#561 = DIRECTION('',(0.,0.,1.));
#562 = DIRECTION('',(1.,0.,0.));
#563 = DEFINITIONAL_REPRESENTATION('',(#564),#568);
#564 = CIRCLE('',#565,45.8);
#565 = AXIS2_PLACEMENT_2D('',#566,#567);
#566 = CARTESIAN_POINT('',(3.56E-15,-2.59E-15));
#567 = DIRECTION('',(1.,0.));
#568 = ( GEOMETRIC_REPRESENTATION_CONTEXT(2) 
PARAMETRIC_REPRESENTATION_CONTEXT() REPRESENTATION_CONTEXT('2D SPACE',''
  ) );
#569 = ORIENTED_EDGE('',*,*,#520,.F.);
#570 = ORIENTED_EDGE('',*,*,#214,.F.);
#571 = ORIENTED_EDGE('',*,*,#572,.F.);
#572 = EDGE_CURVE('',#246,#215,#573,.T.);
#573 = SURFACE_CURVE('',#574,(#579,#586),.PCURVE_S1.);
#574 = CIRCLE('',#575,45.8);
#575 = AXIS2_PLACEMENT_3D('',#576,#577,#578);
#576 = CARTESIAN_POINT('',(0.,0.,0.));
#577 = DIRECTION('',(0.,0.,1.));
#578 = DIRECTION('',(1.,0.,0.));
#579 = PCURVE('',#233,#580);
#580 = DEFINITIONAL_REPRESENTATION('',(#581),#585);
#581 = LINE('',#582,#583);
#582 = CARTESIAN_POINT('',(-0.,0.));
#583 = VECTOR('',#584,1.);
#584 = DIRECTION('',(-1.,0.));
#585 = ( GEOMETRIC_REPRESENTATION_CONTEXT(2) 
PARAMETRIC_REPRESENTATION_CONTEXT() REPRESENTATION_CONTEXT('2D SPACE',''
  ) );
#586 = PCURVE('',#587,#592);
#587 = CYLINDRICAL_SURFACE('',#588,45.8);
#588 = AXIS2_PLACEMENT_3D('',#589,#590,#591);
#589 = CARTESIAN_POINT('',(-3.3E-16,3.9E-16,0.));
#590 = DIRECTION('',(0.,0.,1.));
#591 = DIRECTION('',(1.,0.,-0.));
#592 = DEFINITIONAL_REPRESENTATION('',(#593),#597);
#593 = LINE('',#594,#595);
#594 = CARTESIAN_POINT('',(0.,0.));
#595 = VECTOR('',#596,1.);
#596 = DIRECTION('',(1.,0.));
#597 = ( GEOMETRIC_REPRESENTATION_CONTEXT(2) 
PARAMETRIC_REPRESENTATION_CONTEXT() REPRESENTATION_CONTEXT('2D SPACE',''
  ) );
#598 = ADVANCED_FACE('',(#599),#427,.F.);
#599 = FACE_BOUND('',#600,.F.);
#600 = EDGE_LOOP('',(#601,#602,#625,#649));
#601 = ORIENTED_EDGE('',*,*,#412,.F.);
#602 = ORIENTED_EDGE('',*,*,#603,.T.);
#603 = EDGE_CURVE('',#215,#604,#606,.T.);
#604 = VERTEX_POINT('',#605);
#605 = CARTESIAN_POINT('',(-44.70009038397,-9.977069693254,-10.));
#606 = SURFACE_CURVE('',#607,(#611,#618),.PCURVE_S1.);
#607 = LINE('',#608,#609);
#608 = CARTESIAN_POINT('',(-44.70009038397,-9.977069693254,0.));
#609 = VECTOR('',#610,1.);
#610 = DIRECTION('',(-0.,-0.,-1.));
#611 = PCURVE('',#427,#612);
#612 = DEFINITIONAL_REPRESENTATION('',(#613),#617);
#613 = LINE('',#614,#615);
#614 = CARTESIAN_POINT('',(3.361193373868,0.));
#615 = VECTOR('',#616,1.);
#616 = DIRECTION('',(0.,-1.));
#617 = ( GEOMETRIC_REPRESENTATION_CONTEXT(2) 
PARAMETRIC_REPRESENTATION_CONTEXT() REPRESENTATION_CONTEXT('2D SPACE',''
  ) );
#618 = PCURVE('',#587,#619);
#619 = DEFINITIONAL_REPRESENTATION('',(#620),#624);
#620 = LINE('',#621,#622);
#621 = CARTESIAN_POINT('',(3.361193373869,0.));
#622 = VECTOR('',#623,1.);
#623 = DIRECTION('',(0.,-1.));
#624 = ( GEOMETRIC_REPRESENTATION_CONTEXT(2) 
PARAMETRIC_REPRESENTATION_CONTEXT() REPRESENTATION_CONTEXT('2D SPACE',''
  ) );
#625 = ORIENTED_EDGE('',*,*,#626,.T.);
#626 = EDGE_CURVE('',#604,#627,#629,.T.);
#627 = VERTEX_POINT('',#628);
#628 = CARTESIAN_POINT('',(-40.91499400822,-12.19849438685,-10.));
#629 = SURFACE_CURVE('',#630,(#635,#642),.PCURVE_S1.);
#630 = CIRCLE('',#631,3.);
#631 = AXIS2_PLACEMENT_3D('',#632,#633,#634);
#632 = CARTESIAN_POINT('',(-41.77213686537,-9.323549844351,-10.));
#633 = DIRECTION('',(0.,0.,1.));
#634 = DIRECTION('',(1.,0.,-0.));
#635 = PCURVE('',#427,#636);
#636 = DEFINITIONAL_REPRESENTATION('',(#637),#641);
#637 = LINE('',#638,#639);
#638 = CARTESIAN_POINT('',(0.,-10.));
#639 = VECTOR('',#640,1.);
#640 = DIRECTION('',(1.,0.));
#641 = ( GEOMETRIC_REPRESENTATION_CONTEXT(2) 
PARAMETRIC_REPRESENTATION_CONTEXT() REPRESENTATION_CONTEXT('2D SPACE',''
  ) );
#642 = PCURVE('',#483,#643);
#643 = DEFINITIONAL_REPRESENTATION('',(#644),#648);
#644 = CIRCLE('',#645,3.);
#645 = AXIS2_PLACEMENT_2D('',#646,#647);
#646 = CARTESIAN_POINT('',(-41.77213686537,-9.323549844351));
#647 = DIRECTION('',(1.,0.));
#648 = ( GEOMETRIC_REPRESENTATION_CONTEXT(2) 
PARAMETRIC_REPRESENTATION_CONTEXT() REPRESENTATION_CONTEXT('2D SPACE',''
  ) );
#649 = ORIENTED_EDGE('',*,*,#650,.F.);
#650 = EDGE_CURVE('',#385,#627,#651,.T.);
#651 = SURFACE_CURVE('',#652,(#656,#663),.PCURVE_S1.);
#652 = LINE('',#653,#654);
#653 = CARTESIAN_POINT('',(-40.91499400822,-12.19849438685,0.));
#654 = VECTOR('',#655,1.);
#655 = DIRECTION('',(-0.,-0.,-1.));
#656 = PCURVE('',#427,#657);
#657 = DEFINITIONAL_REPRESENTATION('',(#658),#662);
#658 = LINE('',#659,#660);
#659 = CARTESIAN_POINT('',(5.002140681821,0.));
#660 = VECTOR('',#661,1.);
#661 = DIRECTION('',(0.,-1.));
#662 = ( GEOMETRIC_REPRESENTATION_CONTEXT(2) 
PARAMETRIC_REPRESENTATION_CONTEXT() REPRESENTATION_CONTEXT('2D SPACE',''
  ) );
#663 = PCURVE('',#400,#664);
#664 = DEFINITIONAL_REPRESENTATION('',(#665),#669);
#665 = LINE('',#666,#667);
#666 = CARTESIAN_POINT('',(4.813336504234,0.));
#667 = VECTOR('',#668,1.);
#668 = DIRECTION('',(0.,-1.));
#669 = ( GEOMETRIC_REPRESENTATION_CONTEXT(2) 
PARAMETRIC_REPRESENTATION_CONTEXT() REPRESENTATION_CONTEXT('2D SPACE',''
  ) );
#670 = ADVANCED_FACE('',(#671),#400,.T.);
#671 = FACE_BOUND('',#672,.T.);
#672 = EDGE_LOOP('',(#673,#674,#697,#718));
#673 = ORIENTED_EDGE('',*,*,#384,.F.);
#674 = ORIENTED_EDGE('',*,*,#675,.T.);
#675 = EDGE_CURVE('',#356,#676,#678,.T.);
#676 = VERTEX_POINT('',#677);
#677 = CARTESIAN_POINT('',(-36.3023021702,-10.82325538564,-10.));
#678 = SURFACE_CURVE('',#679,(#683,#690),.PCURVE_S1.);
#679 = LINE('',#680,#681);
#680 = CARTESIAN_POINT('',(-36.3023021702,-10.82325538564,0.));
#681 = VECTOR('',#682,1.);
#682 = DIRECTION('',(-0.,-0.,-1.));
#683 = PCURVE('',#400,#684);
#684 = DEFINITIONAL_REPRESENTATION('',(#685),#689);
#685 = LINE('',#686,#687);
#686 = CARTESIAN_POINT('',(2.15231427898E-13,0.));
#687 = VECTOR('',#688,1.);
#688 = DIRECTION('',(0.,-1.));
#689 = ( GEOMETRIC_REPRESENTATION_CONTEXT(2) 
PARAMETRIC_REPRESENTATION_CONTEXT() REPRESENTATION_CONTEXT('2D SPACE',''
  ) );
#690 = PCURVE('',#372,#691);
#691 = DEFINITIONAL_REPRESENTATION('',(#692),#696);
#692 = LINE('',#693,#694);
#693 = CARTESIAN_POINT('',(5.002140681821,0.));
#694 = VECTOR('',#695,1.);
#695 = DIRECTION('',(0.,-1.));
#696 = ( GEOMETRIC_REPRESENTATION_CONTEXT(2) 
PARAMETRIC_REPRESENTATION_CONTEXT() REPRESENTATION_CONTEXT('2D SPACE',''
  ) );
#697 = ORIENTED_EDGE('',*,*,#698,.T.);
#698 = EDGE_CURVE('',#676,#627,#699,.T.);
#699 = SURFACE_CURVE('',#700,(#704,#711),.PCURVE_S1.);
#700 = LINE('',#701,#702);
#701 = CARTESIAN_POINT('',(-18.1511510851,-5.411627692821,-10.));
#702 = VECTOR('',#703,1.);
#703 = DIRECTION('',(-0.9583148475,-0.285714285714,0.));
#704 = PCURVE('',#400,#705);
#705 = DEFINITIONAL_REPRESENTATION('',(#706),#710);
#706 = LINE('',#707,#708);
#707 = CARTESIAN_POINT('',(-18.94069692487,-10.));
#708 = VECTOR('',#709,1.);
#709 = DIRECTION('',(1.,0.));
#710 = ( GEOMETRIC_REPRESENTATION_CONTEXT(2) 
PARAMETRIC_REPRESENTATION_CONTEXT() REPRESENTATION_CONTEXT('2D SPACE',''
  ) );
#711 = PCURVE('',#483,#712);
#712 = DEFINITIONAL_REPRESENTATION('',(#713),#717);
#713 = LINE('',#714,#715);
#714 = CARTESIAN_POINT('',(-18.1511510851,-5.411627692821));
#715 = VECTOR('',#716,1.);
#716 = DIRECTION('',(-0.9583148475,-0.285714285714));
#717 = ( GEOMETRIC_REPRESENTATION_CONTEXT(2) 
PARAMETRIC_REPRESENTATION_CONTEXT() REPRESENTATION_CONTEXT('2D SPACE',''
  ) );
#718 = ORIENTED_EDGE('',*,*,#650,.F.);
#719 = ADVANCED_FACE('',(#720),#372,.F.);
#720 = FACE_BOUND('',#721,.F.);
#721 = EDGE_LOOP('',(#722,#723,#724,#746));
#722 = ORIENTED_EDGE('',*,*,#355,.F.);
#723 = ORIENTED_EDGE('',*,*,#675,.T.);
#724 = ORIENTED_EDGE('',*,*,#725,.T.);
#725 = EDGE_CURVE('',#676,#467,#726,.T.);
#726 = SURFACE_CURVE('',#727,(#732,#739),.PCURVE_S1.);
#727 = CIRCLE('',#728,3.);
#728 = AXIS2_PLACEMENT_3D('',#729,#730,#731);
#729 = CARTESIAN_POINT('',(-37.15944502735,-7.948310843142,-10.));
#730 = DIRECTION('',(0.,0.,1.));
#731 = DIRECTION('',(1.,0.,-0.));
#732 = PCURVE('',#372,#733);
#733 = DEFINITIONAL_REPRESENTATION('',(#734),#738);
#734 = LINE('',#735,#736);
#735 = CARTESIAN_POINT('',(0.,-10.));
#736 = VECTOR('',#737,1.);
#737 = DIRECTION('',(1.,0.));
#738 = ( GEOMETRIC_REPRESENTATION_CONTEXT(2) 
PARAMETRIC_REPRESENTATION_CONTEXT() REPRESENTATION_CONTEXT('2D SPACE',''
  ) );
#739 = PCURVE('',#483,#740);
#740 = DEFINITIONAL_REPRESENTATION('',(#741),#745);
#741 = CIRCLE('',#742,3.);
#742 = AXIS2_PLACEMENT_2D('',#743,#744);
#743 = CARTESIAN_POINT('',(-37.15944502735,-7.948310843142));
#744 = DIRECTION('',(1.,0.));
#745 = ( GEOMETRIC_REPRESENTATION_CONTEXT(2) 
PARAMETRIC_REPRESENTATION_CONTEXT() REPRESENTATION_CONTEXT('2D SPACE',''
  ) );
#746 = ORIENTED_EDGE('',*,*,#495,.F.);
#747 = ADVANCED_FACE('',(#748),#341,.F.);
#748 = FACE_BOUND('',#749,.F.);
#749 = EDGE_LOOP('',(#750,#751,#752,#776));
#750 = ORIENTED_EDGE('',*,*,#326,.F.);
#751 = ORIENTED_EDGE('',*,*,#443,.T.);
#752 = ORIENTED_EDGE('',*,*,#753,.T.);
#753 = EDGE_CURVE('',#444,#754,#756,.T.);
#754 = VERTEX_POINT('',#755);
#755 = CARTESIAN_POINT('',(-36.3023021702,10.823255385643,-10.));
#756 = SURFACE_CURVE('',#757,(#762,#769),.PCURVE_S1.);
#757 = CIRCLE('',#758,3.);
#758 = AXIS2_PLACEMENT_3D('',#759,#760,#761);
#759 = CARTESIAN_POINT('',(-37.15944502735,7.948310843142,-10.));
#760 = DIRECTION('',(0.,0.,1.));
#761 = DIRECTION('',(1.,0.,-0.));
#762 = PCURVE('',#341,#763);
#763 = DEFINITIONAL_REPRESENTATION('',(#764),#768);
#764 = LINE('',#765,#766);
#765 = CARTESIAN_POINT('',(0.,-10.));
#766 = VECTOR('',#767,1.);
#767 = DIRECTION('',(1.,0.));
#768 = ( GEOMETRIC_REPRESENTATION_CONTEXT(2) 
PARAMETRIC_REPRESENTATION_CONTEXT() REPRESENTATION_CONTEXT('2D SPACE',''
  ) );
#769 = PCURVE('',#483,#770);
#770 = DEFINITIONAL_REPRESENTATION('',(#771),#775);
#771 = CIRCLE('',#772,3.);
#772 = AXIS2_PLACEMENT_2D('',#773,#774);
#773 = CARTESIAN_POINT('',(-37.15944502735,7.948310843142));
#774 = DIRECTION('',(1.,0.));
#775 = ( GEOMETRIC_REPRESENTATION_CONTEXT(2) 
PARAMETRIC_REPRESENTATION_CONTEXT() REPRESENTATION_CONTEXT('2D SPACE',''
  ) );
#776 = ORIENTED_EDGE('',*,*,#777,.F.);
#777 = EDGE_CURVE('',#299,#754,#778,.T.);
#778 = SURFACE_CURVE('',#779,(#783,#790),.PCURVE_S1.);
#779 = LINE('',#780,#781);
#780 = CARTESIAN_POINT('',(-36.3023021702,10.823255385643,0.));
#781 = VECTOR('',#782,1.);
#782 = DIRECTION('',(-0.,-0.,-1.));
#783 = PCURVE('',#341,#784);
#784 = DEFINITIONAL_REPRESENTATION('',(#785),#789);
#785 = LINE('',#786,#787);
#786 = CARTESIAN_POINT('',(7.564229932538,0.));
#787 = VECTOR('',#788,1.);
#788 = DIRECTION('',(0.,-1.));
#789 = ( GEOMETRIC_REPRESENTATION_CONTEXT(2) 
PARAMETRIC_REPRESENTATION_CONTEXT() REPRESENTATION_CONTEXT('2D SPACE',''
  ) );
#790 = PCURVE('',#314,#791);
#791 = DEFINITIONAL_REPRESENTATION('',(#792),#796);
#792 = LINE('',#793,#794);
#793 = CARTESIAN_POINT('',(4.813336504233,0.));
#794 = VECTOR('',#795,1.);
#795 = DIRECTION('',(0.,-1.));
#796 = ( GEOMETRIC_REPRESENTATION_CONTEXT(2) 
PARAMETRIC_REPRESENTATION_CONTEXT() REPRESENTATION_CONTEXT('2D SPACE',''
  ) );
#797 = ADVANCED_FACE('',(#798),#314,.T.);
#798 = FACE_BOUND('',#799,.T.);
#799 = EDGE_LOOP('',(#800,#801,#824,#845));
#800 = ORIENTED_EDGE('',*,*,#298,.F.);
#801 = ORIENTED_EDGE('',*,*,#802,.T.);
#802 = EDGE_CURVE('',#270,#803,#805,.T.);
#803 = VERTEX_POINT('',#804);
#804 = CARTESIAN_POINT('',(-40.91499400822,12.198494386851,-10.));
#805 = SURFACE_CURVE('',#806,(#810,#817),.PCURVE_S1.);
#806 = LINE('',#807,#808);
#807 = CARTESIAN_POINT('',(-40.91499400822,12.198494386851,0.));
#808 = VECTOR('',#809,1.);
#809 = DIRECTION('',(-0.,-0.,-1.));
#810 = PCURVE('',#314,#811);
#811 = DEFINITIONAL_REPRESENTATION('',(#812),#816);
#812 = LINE('',#813,#814);
#813 = CARTESIAN_POINT('',(0.,0.));
#814 = VECTOR('',#815,1.);
#815 = DIRECTION('',(0.,-1.));
#816 = ( GEOMETRIC_REPRESENTATION_CONTEXT(2) 
PARAMETRIC_REPRESENTATION_CONTEXT() REPRESENTATION_CONTEXT('2D SPACE',''
  ) );
#817 = PCURVE('',#286,#818);
#818 = DEFINITIONAL_REPRESENTATION('',(#819),#823);
#819 = LINE('',#820,#821);
#820 = CARTESIAN_POINT('',(1.281044625359,0.));
#821 = VECTOR('',#822,1.);
#822 = DIRECTION('',(0.,-1.));
#823 = ( GEOMETRIC_REPRESENTATION_CONTEXT(2) 
PARAMETRIC_REPRESENTATION_CONTEXT() REPRESENTATION_CONTEXT('2D SPACE',''
  ) );
#824 = ORIENTED_EDGE('',*,*,#825,.T.);
#825 = EDGE_CURVE('',#803,#754,#826,.T.);
#826 = SURFACE_CURVE('',#827,(#831,#838),.PCURVE_S1.);
#827 = LINE('',#828,#829);
#828 = CARTESIAN_POINT('',(-20.45749700411,6.099247193432,-10.));
#829 = VECTOR('',#830,1.);
#830 = DIRECTION('',(0.9583148475,-0.285714285714,0.));
#831 = PCURVE('',#314,#832);
#832 = DEFINITIONAL_REPRESENTATION('',(#833),#837);
#833 = LINE('',#834,#835);
#834 = CARTESIAN_POINT('',(21.347365176993,-10.));
#835 = VECTOR('',#836,1.);
#836 = DIRECTION('',(1.,0.));
#837 = ( GEOMETRIC_REPRESENTATION_CONTEXT(2) 
PARAMETRIC_REPRESENTATION_CONTEXT() REPRESENTATION_CONTEXT('2D SPACE',''
  ) );
#838 = PCURVE('',#483,#839);
#839 = DEFINITIONAL_REPRESENTATION('',(#840),#844);
#840 = LINE('',#841,#842);
#841 = CARTESIAN_POINT('',(-20.45749700411,6.099247193432));
#842 = VECTOR('',#843,1.);
#843 = DIRECTION('',(0.9583148475,-0.285714285714));
#844 = ( GEOMETRIC_REPRESENTATION_CONTEXT(2) 
PARAMETRIC_REPRESENTATION_CONTEXT() REPRESENTATION_CONTEXT('2D SPACE',''
  ) );
#845 = ORIENTED_EDGE('',*,*,#777,.F.);
#846 = ADVANCED_FACE('',(#847),#286,.F.);
#847 = FACE_BOUND('',#848,.F.);
#848 = EDGE_LOOP('',(#849,#850,#851,#875));
#849 = ORIENTED_EDGE('',*,*,#269,.F.);
#850 = ORIENTED_EDGE('',*,*,#802,.T.);
#851 = ORIENTED_EDGE('',*,*,#852,.T.);
#852 = EDGE_CURVE('',#803,#853,#855,.T.);
#853 = VERTEX_POINT('',#854);
#854 = CARTESIAN_POINT('',(-44.70009038397,9.977069693254,-10.));
#855 = SURFACE_CURVE('',#856,(#861,#868),.PCURVE_S1.);
#856 = CIRCLE('',#857,3.);
#857 = AXIS2_PLACEMENT_3D('',#858,#859,#860);
#858 = CARTESIAN_POINT('',(-41.77213686537,9.323549844351,-10.));
#859 = DIRECTION('',(0.,0.,1.));
#860 = DIRECTION('',(1.,0.,-0.));
#861 = PCURVE('',#286,#862);
#862 = DEFINITIONAL_REPRESENTATION('',(#863),#867);
#863 = LINE('',#864,#865);
#864 = CARTESIAN_POINT('',(0.,-10.));
#865 = VECTOR('',#866,1.);
#866 = DIRECTION('',(1.,0.));
#867 = ( GEOMETRIC_REPRESENTATION_CONTEXT(2) 
PARAMETRIC_REPRESENTATION_CONTEXT() REPRESENTATION_CONTEXT('2D SPACE',''
  ) );
#868 = PCURVE('',#483,#869);
#869 = DEFINITIONAL_REPRESENTATION('',(#870),#874);
#870 = CIRCLE('',#871,3.);
#871 = AXIS2_PLACEMENT_2D('',#872,#873);
#872 = CARTESIAN_POINT('',(-41.77213686537,9.323549844351));
#873 = DIRECTION('',(1.,0.));
#874 = ( GEOMETRIC_REPRESENTATION_CONTEXT(2) 
PARAMETRIC_REPRESENTATION_CONTEXT() REPRESENTATION_CONTEXT('2D SPACE',''
  ) );
#875 = ORIENTED_EDGE('',*,*,#876,.F.);
#876 = EDGE_CURVE('',#246,#853,#877,.T.);
#877 = SURFACE_CURVE('',#878,(#882,#889),.PCURVE_S1.);
#878 = LINE('',#879,#880);
#879 = CARTESIAN_POINT('',(-44.70009038397,9.977069693254,0.));
#880 = VECTOR('',#881,1.);
#881 = DIRECTION('',(-0.,-0.,-1.));
#882 = PCURVE('',#286,#883);
#883 = DEFINITIONAL_REPRESENTATION('',(#884),#888);
#884 = LINE('',#885,#886);
#885 = CARTESIAN_POINT('',(2.921991933311,0.));
#886 = VECTOR('',#887,1.);
#887 = DIRECTION('',(0.,-1.));
#888 = ( GEOMETRIC_REPRESENTATION_CONTEXT(2) 
PARAMETRIC_REPRESENTATION_CONTEXT() REPRESENTATION_CONTEXT('2D SPACE',''
  ) );
#889 = PCURVE('',#587,#890);
#890 = DEFINITIONAL_REPRESENTATION('',(#891),#895);
#891 = LINE('',#892,#893);
#892 = CARTESIAN_POINT('',(2.921991933311,0.));
#893 = VECTOR('',#894,1.);
#894 = DIRECTION('',(0.,-1.));
#895 = ( GEOMETRIC_REPRESENTATION_CONTEXT(2) 
PARAMETRIC_REPRESENTATION_CONTEXT() REPRESENTATION_CONTEXT('2D SPACE',''
  ) );
#896 = ADVANCED_FACE('',(#897,#928),#483,.F.);
#897 = FACE_BOUND('',#898,.F.);
#898 = EDGE_LOOP('',(#899));
#899 = ORIENTED_EDGE('',*,*,#900,.T.);
#900 = EDGE_CURVE('',#901,#901,#903,.T.);
#901 = VERTEX_POINT('',#902);
#902 = CARTESIAN_POINT('',(55.,0.,-10.));
#903 = SURFACE_CURVE('',#904,(#909,#916),.PCURVE_S1.);
#904 = CIRCLE('',#905,55.);
#905 = AXIS2_PLACEMENT_3D('',#906,#907,#908);
#906 = CARTESIAN_POINT('',(0.,0.,-10.));
#907 = DIRECTION('',(0.,0.,1.));
#908 = DIRECTION('',(1.,0.,0.));
#909 = PCURVE('',#483,#910);
#910 = DEFINITIONAL_REPRESENTATION('',(#911),#915);
#911 = CIRCLE('',#912,55.);
#912 = AXIS2_PLACEMENT_2D('',#913,#914);
#913 = CARTESIAN_POINT('',(3.18E-15,-4.12E-15));
#914 = DIRECTION('',(1.,0.));
#915 = ( GEOMETRIC_REPRESENTATION_CONTEXT(2) 
PARAMETRIC_REPRESENTATION_CONTEXT() REPRESENTATION_CONTEXT('2D SPACE',''
  ) );
#916 = PCURVE('',#917,#922);
#917 = CYLINDRICAL_SURFACE('',#918,55.);
#918 = AXIS2_PLACEMENT_3D('',#919,#920,#921);
#919 = CARTESIAN_POINT('',(0.,0.,0.));
#920 = DIRECTION('',(0.,0.,1.));
#921 = DIRECTION('',(1.,0.,0.));
#922 = DEFINITIONAL_REPRESENTATION('',(#923),#927);
#923 = LINE('',#924,#925);
#924 = CARTESIAN_POINT('',(0.,-10.));
#925 = VECTOR('',#926,1.);
#926 = DIRECTION('',(1.,0.));
#927 = ( GEOMETRIC_REPRESENTATION_CONTEXT(2) 
PARAMETRIC_REPRESENTATION_CONTEXT() REPRESENTATION_CONTEXT('2D SPACE',''
  ) );
#928 = FACE_BOUND('',#929,.F.);
#929 = EDGE_LOOP('',(#930,#931,#932,#933,#934,#935,#936,#937));
#930 = ORIENTED_EDGE('',*,*,#852,.F.);
#931 = ORIENTED_EDGE('',*,*,#825,.T.);
#932 = ORIENTED_EDGE('',*,*,#753,.F.);
#933 = ORIENTED_EDGE('',*,*,#466,.T.);
#934 = ORIENTED_EDGE('',*,*,#725,.F.);
#935 = ORIENTED_EDGE('',*,*,#698,.T.);
#936 = ORIENTED_EDGE('',*,*,#626,.F.);
#937 = ORIENTED_EDGE('',*,*,#938,.F.);
#938 = EDGE_CURVE('',#853,#604,#939,.T.);
#939 = SURFACE_CURVE('',#940,(#945,#952),.PCURVE_S1.);
#940 = CIRCLE('',#941,45.8);
#941 = AXIS2_PLACEMENT_3D('',#942,#943,#944);
#942 = CARTESIAN_POINT('',(-3.3E-16,3.9E-16,-10.));
#943 = DIRECTION('',(0.,0.,1.));
#944 = DIRECTION('',(1.,0.,-0.));
#945 = PCURVE('',#483,#946);
#946 = DEFINITIONAL_REPRESENTATION('',(#947),#951);
#947 = CIRCLE('',#948,45.8);
#948 = AXIS2_PLACEMENT_2D('',#949,#950);
#949 = CARTESIAN_POINT('',(2.85E-15,-3.73E-15));
#950 = DIRECTION('',(1.,0.));
#951 = ( GEOMETRIC_REPRESENTATION_CONTEXT(2) 
PARAMETRIC_REPRESENTATION_CONTEXT() REPRESENTATION_CONTEXT('2D SPACE',''
  ) );
#952 = PCURVE('',#587,#953);
#953 = DEFINITIONAL_REPRESENTATION('',(#954),#958);
#954 = LINE('',#955,#956);
#955 = CARTESIAN_POINT('',(0.,-10.));
#956 = VECTOR('',#957,1.);
#957 = DIRECTION('',(1.,0.));
#958 = ( GEOMETRIC_REPRESENTATION_CONTEXT(2) 
PARAMETRIC_REPRESENTATION_CONTEXT() REPRESENTATION_CONTEXT('2D SPACE',''
  ) );
#959 = ADVANCED_FACE('',(#960),#587,.F.);
#960 = FACE_BOUND('',#961,.F.);
#961 = EDGE_LOOP('',(#962,#963,#964,#965));
#962 = ORIENTED_EDGE('',*,*,#572,.F.);
#963 = ORIENTED_EDGE('',*,*,#876,.T.);
#964 = ORIENTED_EDGE('',*,*,#938,.T.);
#965 = ORIENTED_EDGE('',*,*,#603,.F.);
#966 = ADVANCED_FACE('',(#967,#998),#558,.T.);
#967 = FACE_BOUND('',#968,.T.);
#968 = EDGE_LOOP('',(#969));
#969 = ORIENTED_EDGE('',*,*,#970,.T.);
#970 = EDGE_CURVE('',#971,#971,#973,.T.);
#971 = VERTEX_POINT('',#972);
#972 = CARTESIAN_POINT('',(47.8,0.,10.));
#973 = SURFACE_CURVE('',#974,(#979,#986),.PCURVE_S1.);
#974 = CIRCLE('',#975,47.8);
#975 = AXIS2_PLACEMENT_3D('',#976,#977,#978);
#976 = CARTESIAN_POINT('',(0.,0.,10.));
#977 = DIRECTION('',(0.,0.,1.));
#978 = DIRECTION('',(1.,0.,0.));
#979 = PCURVE('',#558,#980);
#980 = DEFINITIONAL_REPRESENTATION('',(#981),#985);
#981 = CIRCLE('',#982,47.8);
#982 = AXIS2_PLACEMENT_2D('',#983,#984);
#983 = CARTESIAN_POINT('',(3.56E-15,-2.59E-15));
#984 = DIRECTION('',(1.,0.));
#985 = ( GEOMETRIC_REPRESENTATION_CONTEXT(2) 
PARAMETRIC_REPRESENTATION_CONTEXT() REPRESENTATION_CONTEXT('2D SPACE',''
  ) );
#986 = PCURVE('',#987,#992);
#987 = CYLINDRICAL_SURFACE('',#988,47.8);
#988 = AXIS2_PLACEMENT_3D('',#989,#990,#991);
#989 = CARTESIAN_POINT('',(0.,0.,0.));
#990 = DIRECTION('',(-0.,-0.,-1.));
#991 = DIRECTION('',(1.,0.,0.));
#992 = DEFINITIONAL_REPRESENTATION('',(#993),#997);
#993 = LINE('',#994,#995);
#994 = CARTESIAN_POINT('',(-0.,-10.));
#995 = VECTOR('',#996,1.);
#996 = DIRECTION('',(-1.,0.));
#997 = ( GEOMETRIC_REPRESENTATION_CONTEXT(2) 
PARAMETRIC_REPRESENTATION_CONTEXT() REPRESENTATION_CONTEXT('2D SPACE',''
  ) );
#998 = FACE_BOUND('',#999,.F.);
#999 = EDGE_LOOP('',(#1000));
#1000 = ORIENTED_EDGE('',*,*,#543,.T.);
#1001 = ADVANCED_FACE('',(#1002),#917,.T.);
#1002 = FACE_BOUND('',#1003,.T.);
#1003 = EDGE_LOOP('',(#1004,#1033,#1053,#1054));
#1004 = ORIENTED_EDGE('',*,*,#1005,.F.);
#1005 = EDGE_CURVE('',#1006,#1006,#1008,.T.);
#1006 = VERTEX_POINT('',#1007);
#1007 = CARTESIAN_POINT('',(55.,0.,10.));
#1008 = SURFACE_CURVE('',#1009,(#1014,#1021),.PCURVE_S1.);
#1009 = CIRCLE('',#1010,55.);
#1010 = AXIS2_PLACEMENT_3D('',#1011,#1012,#1013);
#1011 = CARTESIAN_POINT('',(0.,0.,10.));
#1012 = DIRECTION('',(0.,0.,1.));
#1013 = DIRECTION('',(1.,0.,0.));
#1014 = PCURVE('',#917,#1015);
#1015 = DEFINITIONAL_REPRESENTATION('',(#1016),#1020);
#1016 = LINE('',#1017,#1018);
#1017 = CARTESIAN_POINT('',(0.,10.));
#1018 = VECTOR('',#1019,1.);
#1019 = DIRECTION('',(1.,0.));
#1020 = ( GEOMETRIC_REPRESENTATION_CONTEXT(2) 
PARAMETRIC_REPRESENTATION_CONTEXT() REPRESENTATION_CONTEXT('2D SPACE',''
  ) );
#1021 = PCURVE('',#1022,#1027);
#1022 = PLANE('',#1023);
#1023 = AXIS2_PLACEMENT_3D('',#1024,#1025,#1026);
#1024 = CARTESIAN_POINT('',(-3.56E-15,2.59E-15,10.));
#1025 = DIRECTION('',(0.,0.,1.));
#1026 = DIRECTION('',(1.,0.,0.));
#1027 = DEFINITIONAL_REPRESENTATION('',(#1028),#1032);
#1028 = CIRCLE('',#1029,55.);
#1029 = AXIS2_PLACEMENT_2D('',#1030,#1031);
#1030 = CARTESIAN_POINT('',(3.56E-15,-2.59E-15));
#1031 = DIRECTION('',(1.,0.));
#1032 = ( GEOMETRIC_REPRESENTATION_CONTEXT(2) 
PARAMETRIC_REPRESENTATION_CONTEXT() REPRESENTATION_CONTEXT('2D SPACE',''
  ) );
#1033 = ORIENTED_EDGE('',*,*,#1034,.F.);
#1034 = EDGE_CURVE('',#901,#1006,#1035,.T.);
#1035 = SEAM_CURVE('',#1036,(#1039,#1046),.PCURVE_S1.);
#1036 = B_SPLINE_CURVE_WITH_KNOTS('',1,(#1037,#1038),.UNSPECIFIED.,.F.,
  .F.,(2,2),(-10.,10.),.PIECEWISE_BEZIER_KNOTS.);
#1037 = CARTESIAN_POINT('',(55.,-1.347E-14,-10.));
#1038 = CARTESIAN_POINT('',(55.,-1.347E-14,10.));
#1039 = PCURVE('',#917,#1040);
#1040 = DEFINITIONAL_REPRESENTATION('',(#1041),#1045);
#1041 = LINE('',#1042,#1043);
#1042 = CARTESIAN_POINT('',(0.,0.));
#1043 = VECTOR('',#1044,1.);
#1044 = DIRECTION('',(0.,1.));
#1045 = ( GEOMETRIC_REPRESENTATION_CONTEXT(2) 
PARAMETRIC_REPRESENTATION_CONTEXT() REPRESENTATION_CONTEXT('2D SPACE',''
  ) );
#1046 = PCURVE('',#917,#1047);
#1047 = DEFINITIONAL_REPRESENTATION('',(#1048),#1052);
#1048 = LINE('',#1049,#1050);
#1049 = CARTESIAN_POINT('',(6.28318530718,0.));
#1050 = VECTOR('',#1051,1.);
#1051 = DIRECTION('',(0.,1.));
#1052 = ( GEOMETRIC_REPRESENTATION_CONTEXT(2) 
PARAMETRIC_REPRESENTATION_CONTEXT() REPRESENTATION_CONTEXT('2D SPACE',''
  ) );
#1053 = ORIENTED_EDGE('',*,*,#900,.T.);
#1054 = ORIENTED_EDGE('',*,*,#1034,.T.);
#1055 = ADVANCED_FACE('',(#1056),#987,.T.);
#1056 = FACE_BOUND('',#1057,.F.);
#1057 = EDGE_LOOP('',(#1058,#1081,#1082,#1083));
#1058 = ORIENTED_EDGE('',*,*,#1059,.T.);
#1059 = EDGE_CURVE('',#1060,#971,#1062,.T.);
#1060 = VERTEX_POINT('',#1061);
#1061 = CARTESIAN_POINT('',(47.8,0.,0.));
#1062 = SEAM_CURVE('',#1063,(#1067,#1074),.PCURVE_S1.);
#1063 = LINE('',#1064,#1065);
#1064 = CARTESIAN_POINT('',(47.8,0.,0.));
#1065 = VECTOR('',#1066,1.);
#1066 = DIRECTION('',(0.,0.,1.));
#1067 = PCURVE('',#987,#1068);
#1068 = DEFINITIONAL_REPRESENTATION('',(#1069),#1073);
#1069 = LINE('',#1070,#1071);
#1070 = CARTESIAN_POINT('',(-0.,0.));
#1071 = VECTOR('',#1072,1.);
#1072 = DIRECTION('',(-0.,-1.));
#1073 = ( GEOMETRIC_REPRESENTATION_CONTEXT(2) 
PARAMETRIC_REPRESENTATION_CONTEXT() REPRESENTATION_CONTEXT('2D SPACE',''
  ) );
#1074 = PCURVE('',#987,#1075);
#1075 = DEFINITIONAL_REPRESENTATION('',(#1076),#1080);
#1076 = LINE('',#1077,#1078);
#1077 = CARTESIAN_POINT('',(-6.28318530718,0.));
#1078 = VECTOR('',#1079,1.);
#1079 = DIRECTION('',(-0.,-1.));
#1080 = ( GEOMETRIC_REPRESENTATION_CONTEXT(2) 
PARAMETRIC_REPRESENTATION_CONTEXT() REPRESENTATION_CONTEXT('2D SPACE',''
  ) );
#1081 = ORIENTED_EDGE('',*,*,#970,.T.);
#1082 = ORIENTED_EDGE('',*,*,#1059,.F.);
#1083 = ORIENTED_EDGE('',*,*,#1084,.F.);
#1084 = EDGE_CURVE('',#1060,#1060,#1085,.T.);
#1085 = SURFACE_CURVE('',#1086,(#1091,#1098),.PCURVE_S1.);
#1086 = CIRCLE('',#1087,47.8);
#1087 = AXIS2_PLACEMENT_3D('',#1088,#1089,#1090);
#1088 = CARTESIAN_POINT('',(0.,0.,0.));
#1089 = DIRECTION('',(0.,0.,1.));
#1090 = DIRECTION('',(1.,0.,0.));
#1091 = PCURVE('',#987,#1092);
#1092 = DEFINITIONAL_REPRESENTATION('',(#1093),#1097);
#1093 = LINE('',#1094,#1095);
#1094 = CARTESIAN_POINT('',(-0.,0.));
#1095 = VECTOR('',#1096,1.);
#1096 = DIRECTION('',(-1.,0.));
#1097 = ( GEOMETRIC_REPRESENTATION_CONTEXT(2) 
PARAMETRIC_REPRESENTATION_CONTEXT() REPRESENTATION_CONTEXT('2D SPACE',''
  ) );
#1098 = PCURVE('',#1099,#1104);
#1099 = PLANE('',#1100);
#1100 = AXIS2_PLACEMENT_3D('',#1101,#1102,#1103);
#1101 = CARTESIAN_POINT('',(-3.18E-15,4.12E-15,0.));
#1102 = DIRECTION('',(0.,0.,1.));
#1103 = DIRECTION('',(1.,0.,0.));
#1104 = DEFINITIONAL_REPRESENTATION('',(#1105),#1109);
#1105 = CIRCLE('',#1106,47.8);
#1106 = AXIS2_PLACEMENT_2D('',#1107,#1108);
#1107 = CARTESIAN_POINT('',(3.18E-15,-4.12E-15));
#1108 = DIRECTION('',(1.,0.));
#1109 = ( GEOMETRIC_REPRESENTATION_CONTEXT(2) 
PARAMETRIC_REPRESENTATION_CONTEXT() REPRESENTATION_CONTEXT('2D SPACE',''
  ) );
#1110 = ADVANCED_FACE('',(#1111,#1114),#1022,.T.);
#1111 = FACE_BOUND('',#1112,.T.);
#1112 = EDGE_LOOP('',(#1113));
#1113 = ORIENTED_EDGE('',*,*,#1005,.T.);
#1114 = FACE_BOUND('',#1115,.F.);
#1115 = EDGE_LOOP('',(#1116));
#1116 = ORIENTED_EDGE('',*,*,#1117,.T.);
#1117 = EDGE_CURVE('',#1118,#1118,#1120,.T.);
#1118 = VERTEX_POINT('',#1119);
#1119 = CARTESIAN_POINT('',(50.2,0.,10.));
#1120 = SURFACE_CURVE('',#1121,(#1126,#1133),.PCURVE_S1.);
#1121 = CIRCLE('',#1122,50.2);
#1122 = AXIS2_PLACEMENT_3D('',#1123,#1124,#1125);
#1123 = CARTESIAN_POINT('',(0.,0.,10.));
#1124 = DIRECTION('',(0.,0.,1.));
#1125 = DIRECTION('',(1.,0.,0.));
#1126 = PCURVE('',#1022,#1127);
#1127 = DEFINITIONAL_REPRESENTATION('',(#1128),#1132);
#1128 = CIRCLE('',#1129,50.2);
#1129 = AXIS2_PLACEMENT_2D('',#1130,#1131);
#1130 = CARTESIAN_POINT('',(3.56E-15,-2.59E-15));
#1131 = DIRECTION('',(1.,0.));
#1132 = ( GEOMETRIC_REPRESENTATION_CONTEXT(2) 
PARAMETRIC_REPRESENTATION_CONTEXT() REPRESENTATION_CONTEXT('2D SPACE',''
  ) );
#1133 = PCURVE('',#1134,#1139);
#1134 = CYLINDRICAL_SURFACE('',#1135,50.2);
#1135 = AXIS2_PLACEMENT_3D('',#1136,#1137,#1138);
#1136 = CARTESIAN_POINT('',(0.,0.,0.));
#1137 = DIRECTION('',(-0.,-0.,-1.));
#1138 = DIRECTION('',(1.,0.,0.));
#1139 = DEFINITIONAL_REPRESENTATION('',(#1140),#1144);
#1140 = LINE('',#1141,#1142);
#1141 = CARTESIAN_POINT('',(-0.,-10.));
#1142 = VECTOR('',#1143,1.);
#1143 = DIRECTION('',(-1.,0.));
#1144 = ( GEOMETRIC_REPRESENTATION_CONTEXT(2) 
PARAMETRIC_REPRESENTATION_CONTEXT() REPRESENTATION_CONTEXT('2D SPACE',''
  ) );
#1145 = ADVANCED_FACE('',(#1146,#1172),#1099,.T.);
#1146 = FACE_BOUND('',#1147,.T.);
#1147 = EDGE_LOOP('',(#1148));
#1148 = ORIENTED_EDGE('',*,*,#1149,.T.);
#1149 = EDGE_CURVE('',#1150,#1150,#1152,.T.);
#1150 = VERTEX_POINT('',#1151);
#1151 = CARTESIAN_POINT('',(50.2,0.,0.));
#1152 = SURFACE_CURVE('',#1153,(#1158,#1165),.PCURVE_S1.);
#1153 = CIRCLE('',#1154,50.2);
#1154 = AXIS2_PLACEMENT_3D('',#1155,#1156,#1157);
#1155 = CARTESIAN_POINT('',(0.,0.,0.));
#1156 = DIRECTION('',(0.,0.,1.));
#1157 = DIRECTION('',(1.,0.,0.));
#1158 = PCURVE('',#1099,#1159);
#1159 = DEFINITIONAL_REPRESENTATION('',(#1160),#1164);
#1160 = CIRCLE('',#1161,50.2);
#1161 = AXIS2_PLACEMENT_2D('',#1162,#1163);
#1162 = CARTESIAN_POINT('',(3.18E-15,-4.12E-15));
#1163 = DIRECTION('',(1.,0.));
#1164 = ( GEOMETRIC_REPRESENTATION_CONTEXT(2) 
PARAMETRIC_REPRESENTATION_CONTEXT() REPRESENTATION_CONTEXT('2D SPACE',''
  ) );
#1165 = PCURVE('',#1134,#1166);
#1166 = DEFINITIONAL_REPRESENTATION('',(#1167),#1171);
#1167 = LINE('',#1168,#1169);
#1168 = CARTESIAN_POINT('',(-0.,0.));
#1169 = VECTOR('',#1170,1.);
#1170 = DIRECTION('',(-1.,0.));
#1171 = ( GEOMETRIC_REPRESENTATION_CONTEXT(2) 
PARAMETRIC_REPRESENTATION_CONTEXT() REPRESENTATION_CONTEXT('2D SPACE',''
  ) );
#1172 = FACE_BOUND('',#1173,.T.);
#1173 = EDGE_LOOP('',(#1174));
#1174 = ORIENTED_EDGE('',*,*,#1084,.F.);
#1175 = ADVANCED_FACE('',(#1176),#1134,.F.);
#1176 = FACE_BOUND('',#1177,.T.);
#1177 = EDGE_LOOP('',(#1178,#1199,#1200,#1201));
#1178 = ORIENTED_EDGE('',*,*,#1179,.T.);
#1179 = EDGE_CURVE('',#1150,#1118,#1180,.T.);
#1180 = SEAM_CURVE('',#1181,(#1185,#1192),.PCURVE_S1.);
#1181 = LINE('',#1182,#1183);
#1182 = CARTESIAN_POINT('',(50.2,0.,0.));
#1183 = VECTOR('',#1184,1.);
#1184 = DIRECTION('',(0.,0.,1.));
#1185 = PCURVE('',#1134,#1186);
#1186 = DEFINITIONAL_REPRESENTATION('',(#1187),#1191);
#1187 = LINE('',#1188,#1189);
#1188 = CARTESIAN_POINT('',(-0.,0.));
#1189 = VECTOR('',#1190,1.);
#1190 = DIRECTION('',(-0.,-1.));
#1191 = ( GEOMETRIC_REPRESENTATION_CONTEXT(2) 
PARAMETRIC_REPRESENTATION_CONTEXT() REPRESENTATION_CONTEXT('2D SPACE',''
  ) );
#1192 = PCURVE('',#1134,#1193);
#1193 = DEFINITIONAL_REPRESENTATION('',(#1194),#1198);
#1194 = LINE('',#1195,#1196);
#1195 = CARTESIAN_POINT('',(-6.28318530718,0.));
#1196 = VECTOR('',#1197,1.);
#1197 = DIRECTION('',(-0.,-1.));
#1198 = ( GEOMETRIC_REPRESENTATION_CONTEXT(2) 
PARAMETRIC_REPRESENTATION_CONTEXT() REPRESENTATION_CONTEXT('2D SPACE',''
  ) );
#1199 = ORIENTED_EDGE('',*,*,#1117,.T.);
#1200 = ORIENTED_EDGE('',*,*,#1179,.F.);
#1201 = ORIENTED_EDGE('',*,*,#1149,.F.);
#1202 = ( GEOMETRIC_REPRESENTATION_CONTEXT(3) 
GLOBAL_UNCERTAINTY_ASSIGNED_CONTEXT((#1206)) 
GLOBAL_UNIT_ASSIGNED_CONTEXT((#1203,#1204,#1205)) REPRESENTATION_CONTEXT
('Context #1','3D Context with UNIT and UNCERTAINTY') );
#1203 = ( LENGTH_UNIT() NAMED_UNIT(*) SI_UNIT(.MILLI.,.METRE.) );
#1204 = ( NAMED_UNIT(*) PLANE_ANGLE_UNIT() SI_UNIT($,.RADIAN.) );
#1205 = ( NAMED_UNIT(*) SI_UNIT($,.STERADIAN.) SOLID_ANGLE_UNIT() );
#1206 = UNCERTAINTY_MEASURE_WITH_UNIT(LENGTH_MEASURE(2.E-05),#1203,
  'distance_accuracy_value','confusion accuracy');
#1207 = CONTEXT_DEPENDENT_SHAPE_REPRESENTATION(#1208,#1210);
#1208 = ( REPRESENTATION_RELATIONSHIP('','',#63,#40) 
REPRESENTATION_RELATIONSHIP_WITH_TRANSFORMATION(#1209) 
SHAPE_REPRESENTATION_RELATIONSHIP() );
#1209 = ITEM_DEFINED_TRANSFORMATION('','',#11,#41);
#1210 = PRODUCT_DEFINITION_SHAPE('Placement','Placement of an item',
  #1211);
#1211 = NEXT_ASSEMBLY_USAGE_OCCURRENCE('1','Body006','',#35,#58,$);
#1212 = PRODUCT_RELATED_PRODUCT_CATEGORY('part',$,(#60));
#1213 = SHAPE_DEFINITION_REPRESENTATION(#1214,#1220);
#1214 = PRODUCT_DEFINITION_SHAPE('','',#1215);
#1215 = PRODUCT_DEFINITION('design','',#1216,#1219);
#1216 = PRODUCT_DEFINITION_FORMATION('','',#1217);
#1217 = PRODUCT('Mating','Mating','',(#1218));
#1218 = PRODUCT_CONTEXT('',#2,'mechanical');
#1219 = PRODUCT_DEFINITION_CONTEXT('part definition',#2,'design');
#1220 = SHAPE_REPRESENTATION('',(#11,#1221),#1225);
#1221 = AXIS2_PLACEMENT_3D('',#1222,#1223,#1224);
#1222 = CARTESIAN_POINT('',(0.,0.,0.));
#1223 = DIRECTION('',(0.,0.,1.));
#1224 = DIRECTION('',(1.,0.,0.));
#1225 = ( GEOMETRIC_REPRESENTATION_CONTEXT(3) 
GLOBAL_UNCERTAINTY_ASSIGNED_CONTEXT((#1229)) 
GLOBAL_UNIT_ASSIGNED_CONTEXT((#1226,#1227,#1228)) REPRESENTATION_CONTEXT
('Context #1','3D Context with UNIT and UNCERTAINTY') );
#1226 = ( LENGTH_UNIT() NAMED_UNIT(*) SI_UNIT(.MILLI.,.METRE.) );
#1227 = ( NAMED_UNIT(*) PLANE_ANGLE_UNIT() SI_UNIT($,.RADIAN.) );
#1228 = ( NAMED_UNIT(*) SI_UNIT($,.STERADIAN.) SOLID_ANGLE_UNIT() );
#1229 = UNCERTAINTY_MEASURE_WITH_UNIT(LENGTH_MEASURE(2.E-04),#1226,
  'distance_accuracy_value','confusion accuracy');
#1230 = CONTEXT_DEPENDENT_SHAPE_REPRESENTATION(#1231,#1233);
#1231 = ( REPRESENTATION_RELATIONSHIP('','',#1220,#10) 
REPRESENTATION_RELATIONSHIP_WITH_TRANSFORMATION(#1232) 
SHAPE_REPRESENTATION_RELATIONSHIP() );
#1232 = ITEM_DEFINED_TRANSFORMATION('','',#11,#19);
#1233 = PRODUCT_DEFINITION_SHAPE('Placement','Placement of an item',
  #1234);
#1234 = NEXT_ASSEMBLY_USAGE_OCCURRENCE('4','Mating','',#5,#1215,$);
#1235 = PRODUCT_RELATED_PRODUCT_CATEGORY('part',$,(#1217));
#1236 = SHAPE_DEFINITION_REPRESENTATION(#1237,#1243);
#1237 = PRODUCT_DEFINITION_SHAPE('','',#1238);
#1238 = PRODUCT_DEFINITION('design','',#1239,#1242);
#1239 = PRODUCT_DEFINITION_FORMATION('','',#1240);
#1240 = PRODUCT('Body007','Body007','',(#1241));
#1241 = PRODUCT_CONTEXT('',#2,'mechanical');
#1242 = PRODUCT_DEFINITION_CONTEXT('part definition',#2,'design');
#1243 = ADVANCED_BREP_SHAPE_REPRESENTATION('',(#11,#1244),#2768);
#1244 = MANIFOLD_SOLID_BREP('',#1245);
#1245 = CLOSED_SHELL('',(#1246,#1431,#1584,#1684,#1884,#2068,#2119,#2201
    ,#2207,#2308,#2367,#2558,#2622,#2755,#2762));
#1246 = ADVANCED_FACE('',(#1247),#1270,.T.);
#1247 = FACE_BOUND('',#1248,.T.);
#1248 = EDGE_LOOP('',(#1249,#1316,#1345,#1405));
#1249 = ORIENTED_EDGE('',*,*,#1250,.T.);
#1250 = EDGE_CURVE('',#1251,#1253,#1255,.T.);
#1251 = VERTEX_POINT('',#1252);
#1252 = CARTESIAN_POINT('',(52.499999928406,-1.3224617E-08,
    -4.999999997846));
#1253 = VERTEX_POINT('',#1254);
#1254 = CARTESIAN_POINT('',(52.499999928058,-1.2739568E-08,2.153683E-09)
  );
#1255 = SURFACE_CURVE('',#1256,(#1269,#1284),.PCURVE_S1.);
#1256 = B_SPLINE_CURVE_WITH_KNOTS('',11,(#1257,#1258,#1259,#1260,#1261,
    #1262,#1263,#1264,#1265,#1266,#1267,#1268),.UNSPECIFIED.,.F.,.F.,(12
    ,12),(0.,6.28815693223),.PIECEWISE_BEZIER_KNOTS.);
#1257 = CARTESIAN_POINT('',(52.499999928406,-1.322485197E-08,
    -4.999999997846));
#1258 = CARTESIAN_POINT('',(52.499999828318,29.987930066142,
    -4.545454539986));
#1259 = CARTESIAN_POINT('',(33.662080929564,59.975178604047,
    -4.090909100133));
#1260 = CARTESIAN_POINT('',(-4.052840164886,76.815314933564,
    -3.636363597609));
#1261 = CARTESIAN_POINT('',(-50.12737685328,67.308834135006,
    -3.181818257859));
#1262 = CARTESIAN_POINT('',(-84.48182778311,27.758234646369,
    -2.727272602001));
#1263 = CARTESIAN_POINT('',(-84.48182077156,-27.75823463898,
    -2.272727407421));
#1264 = CARTESIAN_POINT('',(-50.12738221865,-67.30883401386,
    -1.81818170461));
#1265 = CARTESIAN_POINT('',(-4.052837259739,-76.81531497801,
    -1.36363642462));
#1266 = CARTESIAN_POINT('',(33.662079737596,-59.97517861694,
    -0.909090881844));
#1267 = CARTESIAN_POINT('',(52.50000008995,-29.9879301047,
    -0.454545457559));
#1268 = CARTESIAN_POINT('',(52.499999892088,-1.910754897E-08,
    3.23052518E-09));
#1269 = PCURVE('',#1270,#1275);
#1270 = CYLINDRICAL_SURFACE('',#1271,52.5);
#1271 = AXIS2_PLACEMENT_3D('',#1272,#1273,#1274);
#1272 = CARTESIAN_POINT('',(0.,0.,0.));
#1273 = DIRECTION('',(0.,0.,1.));
#1274 = DIRECTION('',(1.,0.,0.));
#1275 = DEFINITIONAL_REPRESENTATION('',(#1276),#1283);
#1276 = B_SPLINE_CURVE_WITH_KNOTS('',5,(#1277,#1278,#1279,#1280,#1281,
    #1282),.UNSPECIFIED.,.F.,.F.,(6,6),(0.,6.28815693223),
  .PIECEWISE_BEZIER_KNOTS.);
#1277 = CARTESIAN_POINT('',(-2.5190161E-10,-4.999999997846));
#1278 = CARTESIAN_POINT('',(1.256637069741,-3.999999990553));
#1279 = CARTESIAN_POINT('',(2.513273731793,-3.00000002049));
#1280 = CARTESIAN_POINT('',(3.769911574806,-1.999999968536));
#1281 = CARTESIAN_POINT('',(5.026548236562,-1.000000010506));
#1282 = CARTESIAN_POINT('',(6.283185306816,3.23052518E-09));
#1283 = ( GEOMETRIC_REPRESENTATION_CONTEXT(2) 
PARAMETRIC_REPRESENTATION_CONTEXT() REPRESENTATION_CONTEXT('2D SPACE',''
  ) );
#1284 = PCURVE('',#1285,#1310);
#1285 = B_SPLINE_SURFACE_WITH_KNOTS('',1,11,(
    (#1286,#1287,#1288,#1289,#1290,#1291,#1292,#1293,#1294,#1295,#1296
      ,#1297)
    ,(#1298,#1299,#1300,#1301,#1302,#1303,#1304,#1305,#1306,#1307,#1308
      ,#1309
    )),.UNSPECIFIED.,.F.,.F.,.F.,(2,2),(12,12),(-2.828427124708,-0.),(0.
    ,6.28815693223),.PIECEWISE_BEZIER_KNOTS.);
#1286 = CARTESIAN_POINT('',(50.499999928406,-1.323011735E-08,
    -6.999999997788));
#1287 = CARTESIAN_POINT('',(50.49999982832,28.845532737656,
    -6.545454539926));
#1288 = CARTESIAN_POINT('',(32.379715954653,57.690409835582,
    -6.090909100119));
#1289 = CARTESIAN_POINT('',(-3.89844629327,73.88901737949,
    -5.636363597341));
#1290 = CARTESIAN_POINT('',(-48.21776240923,64.744687754619,
    -5.181818258292));
#1291 = CARTESIAN_POINT('',(-81.26347255905,26.700778520175,
    -4.727272601289));
#1292 = CARTESIAN_POINT('',(-81.26346554776,-26.70077851279,
    -4.272727407819));
#1293 = CARTESIAN_POINT('',(-48.21776777446,-64.7446876334,
    -3.818181704495));
#1294 = CARTESIAN_POINT('',(-3.898443388209,-73.88901742398,
    -3.36363642443));
#1295 = CARTESIAN_POINT('',(32.379714762684,-57.69040984846,
    -2.909090881832));
#1296 = CARTESIAN_POINT('',(50.500000089946,-28.84553277624,
    -2.454545457503));
#1297 = CARTESIAN_POINT('',(50.499999892087,-1.911511651E-08,
    -1.999999996711));
#1298 = CARTESIAN_POINT('',(52.499999928406,-1.322485197E-08,
    -4.999999997846));
#1299 = CARTESIAN_POINT('',(52.499999828318,29.987930066142,
    -4.545454539986));
#1300 = CARTESIAN_POINT('',(33.662080929564,59.975178604047,
    -4.090909100133));
#1301 = CARTESIAN_POINT('',(-4.052840164886,76.815314933564,
    -3.636363597609));
#1302 = CARTESIAN_POINT('',(-50.12737685328,67.308834135006,
    -3.181818257859));
#1303 = CARTESIAN_POINT('',(-84.48182778311,27.758234646369,
    -2.727272602001));
#1304 = CARTESIAN_POINT('',(-84.48182077156,-27.75823463898,
    -2.272727407421));
#1305 = CARTESIAN_POINT('',(-50.12738221865,-67.30883401386,
    -1.81818170461));
#1306 = CARTESIAN_POINT('',(-4.052837259739,-76.81531497801,
    -1.36363642462));
#1307 = CARTESIAN_POINT('',(33.662079737596,-59.97517861694,
    -0.909090881844));
#1308 = CARTESIAN_POINT('',(52.50000008995,-29.9879301047,
    -0.454545457559));
#1309 = CARTESIAN_POINT('',(52.499999892088,-1.910754897E-08,
    3.23052518E-09));
#1310 = DEFINITIONAL_REPRESENTATION('',(#1311),#1315);
#1311 = LINE('',#1312,#1313);
#1312 = CARTESIAN_POINT('',(-0.,0.));
#1313 = VECTOR('',#1314,1.);
#1314 = DIRECTION('',(0.,1.));
#1315 = ( GEOMETRIC_REPRESENTATION_CONTEXT(2) 
PARAMETRIC_REPRESENTATION_CONTEXT() REPRESENTATION_CONTEXT('2D SPACE',''
  ) );
#1316 = ORIENTED_EDGE('',*,*,#1317,.F.);
#1317 = EDGE_CURVE('',#1318,#1253,#1320,.T.);
#1318 = VERTEX_POINT('',#1319);
#1319 = CARTESIAN_POINT('',(16.223409811508,-49.93046079695,4.1836E-11)
  );
#1320 = SURFACE_CURVE('',#1321,(#1326,#1333),.PCURVE_S1.);
#1321 = CIRCLE('',#1322,52.5);
#1322 = AXIS2_PLACEMENT_3D('',#1323,#1324,#1325);
#1323 = CARTESIAN_POINT('',(0.,0.,0.));
#1324 = DIRECTION('',(0.,0.,1.));
#1325 = DIRECTION('',(1.,0.,0.));
#1326 = PCURVE('',#1270,#1327);
#1327 = DEFINITIONAL_REPRESENTATION('',(#1328),#1332);
#1328 = LINE('',#1329,#1330);
#1329 = CARTESIAN_POINT('',(0.,0.));
#1330 = VECTOR('',#1331,1.);
#1331 = DIRECTION('',(1.,0.));
#1332 = ( GEOMETRIC_REPRESENTATION_CONTEXT(2) 
PARAMETRIC_REPRESENTATION_CONTEXT() REPRESENTATION_CONTEXT('2D SPACE',''
  ) );
#1333 = PCURVE('',#1334,#1339);
#1334 = PLANE('',#1335);
#1335 = AXIS2_PLACEMENT_3D('',#1336,#1337,#1338);
#1336 = CARTESIAN_POINT('',(-5.E-15,1.19E-15,0.));
#1337 = DIRECTION('',(0.,0.,1.));
#1338 = DIRECTION('',(1.,0.,0.));
#1339 = DEFINITIONAL_REPRESENTATION('',(#1340),#1344);
#1340 = CIRCLE('',#1341,52.5);
#1341 = AXIS2_PLACEMENT_2D('',#1342,#1343);
#1342 = CARTESIAN_POINT('',(5.E-15,-1.19E-15));
#1343 = DIRECTION('',(1.,0.));
#1344 = ( GEOMETRIC_REPRESENTATION_CONTEXT(2) 
PARAMETRIC_REPRESENTATION_CONTEXT() REPRESENTATION_CONTEXT('2D SPACE',''
  ) );
#1345 = ORIENTED_EDGE('',*,*,#1346,.F.);
#1346 = EDGE_CURVE('',#1347,#1318,#1349,.T.);
#1347 = VERTEX_POINT('',#1348);
#1348 = CARTESIAN_POINT('',(52.499999892084,-1.9109345E-08,
    -3.999999996799));
#1349 = SURFACE_CURVE('',#1350,(#1363,#1373),.PCURVE_S1.);
#1350 = B_SPLINE_CURVE_WITH_KNOTS('',11,(#1351,#1352,#1353,#1354,#1355,
    #1356,#1357,#1358,#1359,#1360,#1361,#1362),.UNSPECIFIED.,.F.,.F.,(12
    ,12),(0.,6.28815693223),.PIECEWISE_BEZIER_KNOTS.);
#1351 = CARTESIAN_POINT('',(52.499999892084,-1.910964554E-08,
    -3.999999996799));
#1352 = CARTESIAN_POINT('',(52.499999831112,29.98793003506,
    -3.545454540008));
#1353 = CARTESIAN_POINT('',(33.662080704299,59.975178568496,
    -3.09090909271));
#1354 = CARTESIAN_POINT('',(-4.052839519409,76.815314890293,
    -2.636363617139));
#1355 = CARTESIAN_POINT('',(-50.12737805431,67.3088340063,
    -2.181818212418));
#1356 = CARTESIAN_POINT('',(-84.48182600694,27.758234782308,
    -1.727272666503));
#1357 = CARTESIAN_POINT('',(-84.48182245573,-27.75823469566,
    -1.272727338727));
#1358 = CARTESIAN_POINT('',(-50.12738089279,-67.30883398627,
    -0.81818175312));
#1359 = CARTESIAN_POINT('',(-4.052837958787,-76.81531485863,
    -0.363636398299));
#1360 = CARTESIAN_POINT('',(33.662079950816,-59.97517861234,
    9.090911105781E-02));
#1361 = CARTESIAN_POINT('',(52.500000006257,-29.9879300835,
    0.545454544814));
#1362 = CARTESIAN_POINT('',(52.499999856041,-2.593608539E-08,
    1.000000004278));
#1363 = PCURVE('',#1270,#1364);
#1364 = DEFINITIONAL_REPRESENTATION('',(#1365),#1372);
#1365 = B_SPLINE_CURVE_WITH_KNOTS('',5,(#1366,#1367,#1368,#1369,#1370,
    #1371),.UNSPECIFIED.,.F.,.F.,(6,6),(0.,5.030525541267),
  .PIECEWISE_BEZIER_KNOTS.);
#1366 = CARTESIAN_POINT('',(-3.6399328E-10,-3.999999996799));
#1367 = CARTESIAN_POINT('',(1.005309653883,-3.199999993565));
#1368 = CARTESIAN_POINT('',(2.010624252189,-2.400000003219));
#1369 = CARTESIAN_POINT('',(3.015918847308,-1.599999995571));
#1370 = CARTESIAN_POINT('',(4.021244062725,-0.799999999343));
#1371 = CARTESIAN_POINT('',(5.02654860183,8.364786E-11));
#1372 = ( GEOMETRIC_REPRESENTATION_CONTEXT(2) 
PARAMETRIC_REPRESENTATION_CONTEXT() REPRESENTATION_CONTEXT('2D SPACE',''
  ) );
#1373 = PCURVE('',#1374,#1399);
#1374 = B_SPLINE_SURFACE_WITH_KNOTS('',1,11,(
    (#1375,#1376,#1377,#1378,#1379,#1380,#1381,#1382,#1383,#1384,#1385
      ,#1386)
    ,(#1387,#1388,#1389,#1390,#1391,#1392,#1393,#1394,#1395,#1396,#1397
      ,#1398
    )),.UNSPECIFIED.,.F.,.F.,.F.,(2,2),(12,12),(-2.828427124785,-0.),(0.
    ,6.28815693223),.PIECEWISE_BEZIER_KNOTS.);
#1375 = CARTESIAN_POINT('',(52.499999892084,-1.910964554E-08,
    -3.999999996769));
#1376 = CARTESIAN_POINT('',(52.499999831112,29.98793003506,
    -3.545454539979));
#1377 = CARTESIAN_POINT('',(33.662080704299,59.975178568496,
    -3.090909092681));
#1378 = CARTESIAN_POINT('',(-4.052839519406,76.815314890293,
    -2.63636361711));
#1379 = CARTESIAN_POINT('',(-50.12737805432,67.3088340063,
    -2.181818212389));
#1380 = CARTESIAN_POINT('',(-84.48182600693,27.758234782308,
    -1.727272666474));
#1381 = CARTESIAN_POINT('',(-84.48182245574,-27.75823469566,
    -1.272727338698));
#1382 = CARTESIAN_POINT('',(-50.12738089278,-67.30883398627,
    -0.818181753091));
#1383 = CARTESIAN_POINT('',(-4.05283795879,-76.81531485863,
    -0.36363639827));
#1384 = CARTESIAN_POINT('',(33.662079950817,-59.97517861234,
    9.090911108683E-02));
#1385 = CARTESIAN_POINT('',(52.500000006257,-29.9879300835,
    0.545454544843));
#1386 = CARTESIAN_POINT('',(52.499999856041,-2.593608539E-08,
    1.000000004307));
#1387 = CARTESIAN_POINT('',(50.499999892086,-1.911718258E-08,
    -1.999999996711));
#1388 = CARTESIAN_POINT('',(50.499999831119,28.845532706573,
    -1.54545453992));
#1389 = CARTESIAN_POINT('',(32.379715729404,57.690409800041,
    -1.090909092455));
#1390 = CARTESIAN_POINT('',(-3.898445647856,73.889017336186,
    -0.6363636177));
#1391 = CARTESIAN_POINT('',(-48.21776361008,64.744687626028,
    -0.181818211053));
#1392 = CARTESIAN_POINT('',(-81.26347078316,26.700778655914,
    0.272727331985));
#1393 = CARTESIAN_POINT('',(-81.26346723167,-26.70077856923,0.7272726627
    ));
#1394 = CARTESIAN_POINT('',(-48.21776644877,-64.74468760599,
    1.181818246223));
#1395 = CARTESIAN_POINT('',(-3.898444087204,-73.88901730452,
    1.63636360204));
#1396 = CARTESIAN_POINT('',(32.379714975895,-57.69040984389,
    2.090909111106));
#1397 = CARTESIAN_POINT('',(50.500000006251,-28.84553275504,
    2.545454544899));
#1398 = CARTESIAN_POINT('',(50.499999856042,-2.594635093E-08,
    3.000000004366));
#1399 = DEFINITIONAL_REPRESENTATION('',(#1400),#1404);
#1400 = LINE('',#1401,#1402);
#1401 = CARTESIAN_POINT('',(-2.828427124785,0.));
#1402 = VECTOR('',#1403,1.);
#1403 = DIRECTION('',(0.,1.));
#1404 = ( GEOMETRIC_REPRESENTATION_CONTEXT(2) 
PARAMETRIC_REPRESENTATION_CONTEXT() REPRESENTATION_CONTEXT('2D SPACE',''
  ) );
#1405 = ORIENTED_EDGE('',*,*,#1406,.T.);
#1406 = EDGE_CURVE('',#1347,#1251,#1407,.T.);
#1407 = SURFACE_CURVE('',#1408,(#1412,#1419),.PCURVE_S1.);
#1408 = LINE('',#1409,#1410);
#1409 = CARTESIAN_POINT('',(52.5,0.,0.));
#1410 = VECTOR('',#1411,1.);
#1411 = DIRECTION('',(-0.,-0.,-1.));
#1412 = PCURVE('',#1270,#1413);
#1413 = DEFINITIONAL_REPRESENTATION('',(#1414),#1418);
#1414 = LINE('',#1415,#1416);
#1415 = CARTESIAN_POINT('',(0.,0.));
#1416 = VECTOR('',#1417,1.);
#1417 = DIRECTION('',(0.,-1.));
#1418 = ( GEOMETRIC_REPRESENTATION_CONTEXT(2) 
PARAMETRIC_REPRESENTATION_CONTEXT() REPRESENTATION_CONTEXT('2D SPACE',''
  ) );
#1419 = PCURVE('',#1420,#1425);
#1420 = CYLINDRICAL_SURFACE('',#1421,52.5);
#1421 = AXIS2_PLACEMENT_3D('',#1422,#1423,#1424);
#1422 = CARTESIAN_POINT('',(0.,0.,0.));
#1423 = DIRECTION('',(0.,0.,1.));
#1424 = DIRECTION('',(1.,0.,0.));
#1425 = DEFINITIONAL_REPRESENTATION('',(#1426),#1430);
#1426 = LINE('',#1427,#1428);
#1427 = CARTESIAN_POINT('',(6.28318530718,0.));
#1428 = VECTOR('',#1429,1.);
#1429 = DIRECTION('',(0.,-1.));
#1430 = ( GEOMETRIC_REPRESENTATION_CONTEXT(2) 
PARAMETRIC_REPRESENTATION_CONTEXT() REPRESENTATION_CONTEXT('2D SPACE',''
  ) );
#1431 = ADVANCED_FACE('',(#1432),#1285,.F.);
#1432 = FACE_BOUND('',#1433,.F.);
#1433 = EDGE_LOOP('',(#1434,#1493,#1538,#1539));
#1434 = ORIENTED_EDGE('',*,*,#1435,.F.);
#1435 = EDGE_CURVE('',#1436,#1438,#1440,.T.);
#1436 = VERTEX_POINT('',#1437);
#1437 = CARTESIAN_POINT('',(50.499999928406,-1.3229838E-08,
    -6.999999997788));
#1438 = VERTEX_POINT('',#1439);
#1439 = CARTESIAN_POINT('',(50.499999892086,-1.9116911E-08,
    -1.999999996711));
#1440 = SURFACE_CURVE('',#1441,(#1454,#1461),.PCURVE_S1.);
#1441 = B_SPLINE_CURVE_WITH_KNOTS('',11,(#1442,#1443,#1444,#1445,#1446,
    #1447,#1448,#1449,#1450,#1451,#1452,#1453),.UNSPECIFIED.,.F.,.F.,(12
    ,12),(0.,6.28815693223),.PIECEWISE_BEZIER_KNOTS.);
#1442 = CARTESIAN_POINT('',(50.499999928406,-1.323011735E-08,
    -6.999999997788));
#1443 = CARTESIAN_POINT('',(50.49999982832,28.845532737656,
    -6.545454539926));
#1444 = CARTESIAN_POINT('',(32.379715954653,57.690409835582,
    -6.090909100119));
#1445 = CARTESIAN_POINT('',(-3.89844629327,73.88901737949,
    -5.636363597341));
#1446 = CARTESIAN_POINT('',(-48.21776240923,64.744687754619,
    -5.181818258292));
#1447 = CARTESIAN_POINT('',(-81.26347255905,26.700778520175,
    -4.727272601289));
#1448 = CARTESIAN_POINT('',(-81.26346554776,-26.70077851279,
    -4.272727407819));
#1449 = CARTESIAN_POINT('',(-48.21776777446,-64.7446876334,
    -3.818181704495));
#1450 = CARTESIAN_POINT('',(-3.898443388209,-73.88901742398,
    -3.36363642443));
#1451 = CARTESIAN_POINT('',(32.379714762684,-57.69040984846,
    -2.909090881832));
#1452 = CARTESIAN_POINT('',(50.500000089946,-28.84553277624,
    -2.454545457503));
#1453 = CARTESIAN_POINT('',(50.499999892087,-1.911511651E-08,
    -1.999999996711));
#1454 = PCURVE('',#1285,#1455);
#1455 = DEFINITIONAL_REPRESENTATION('',(#1456),#1460);
#1456 = LINE('',#1457,#1458);
#1457 = CARTESIAN_POINT('',(-2.828427124708,0.));
#1458 = VECTOR('',#1459,1.);
#1459 = DIRECTION('',(0.,1.));
#1460 = ( GEOMETRIC_REPRESENTATION_CONTEXT(2) 
PARAMETRIC_REPRESENTATION_CONTEXT() REPRESENTATION_CONTEXT('2D SPACE',''
  ) );
#1461 = PCURVE('',#1462,#1487);
#1462 = B_SPLINE_SURFACE_WITH_KNOTS('',1,11,(
    (#1463,#1464,#1465,#1466,#1467,#1468,#1469,#1470,#1471,#1472,#1473
      ,#1474)
    ,(#1475,#1476,#1477,#1478,#1479,#1480,#1481,#1482,#1483,#1484,#1485
      ,#1486
    )),.UNSPECIFIED.,.F.,.F.,.F.,(2,2),(12,12),(-2.828427124785,-0.),(0.
    ,6.28815693223),.PIECEWISE_BEZIER_KNOTS.);
#1463 = CARTESIAN_POINT('',(52.499999928405,-1.32249422E-08,
    -8.999999997846));
#1464 = CARTESIAN_POINT('',(52.499999828315,29.987930066139,
    -8.545454539986));
#1465 = CARTESIAN_POINT('',(33.662080929561,59.975178604047,
    -8.090909100133));
#1466 = CARTESIAN_POINT('',(-4.052840164875,76.815314933572,
    -7.636363597608));
#1467 = CARTESIAN_POINT('',(-50.1273768533,67.308834134957,
    -7.18181825786));
#1468 = CARTESIAN_POINT('',(-84.48182778309,27.758234646466,-6.727272602
    ));
#1469 = CARTESIAN_POINT('',(-84.48182077157,-27.7582346391,
    -6.272727407421));
#1470 = CARTESIAN_POINT('',(-50.12738221865,-67.30883401376,
    -5.81818170461));
#1471 = CARTESIAN_POINT('',(-4.052837259733,-76.81531497805,
    -5.36363642462));
#1472 = CARTESIAN_POINT('',(33.662079737588,-59.97517861693,
    -4.909090881844));
#1473 = CARTESIAN_POINT('',(52.500000089952,-29.9879301047,
    -4.454545457559));
#1474 = CARTESIAN_POINT('',(52.499999892085,-1.910744025E-08,
    -3.999999996769));
#1475 = CARTESIAN_POINT('',(50.499999928406,-1.323011735E-08,
    -6.999999997788));
#1476 = CARTESIAN_POINT('',(50.49999982832,28.845532737656,
    -6.545454539926));
#1477 = CARTESIAN_POINT('',(32.379715954653,57.690409835582,
    -6.090909100119));
#1478 = CARTESIAN_POINT('',(-3.89844629327,73.88901737949,
    -5.636363597341));
#1479 = CARTESIAN_POINT('',(-48.21776240923,64.744687754619,
    -5.181818258292));
#1480 = CARTESIAN_POINT('',(-81.26347255905,26.700778520175,
    -4.727272601289));
#1481 = CARTESIAN_POINT('',(-81.26346554776,-26.70077851279,
    -4.272727407819));
#1482 = CARTESIAN_POINT('',(-48.21776777446,-64.7446876334,
    -3.818181704495));
#1483 = CARTESIAN_POINT('',(-3.898443388209,-73.88901742398,
    -3.36363642443));
#1484 = CARTESIAN_POINT('',(32.379714762684,-57.69040984846,
    -2.909090881832));
#1485 = CARTESIAN_POINT('',(50.500000089946,-28.84553277624,
    -2.454545457503));
#1486 = CARTESIAN_POINT('',(50.499999892087,-1.911511651E-08,
    -1.999999996711));
#1487 = DEFINITIONAL_REPRESENTATION('',(#1488),#1492);
#1488 = LINE('',#1489,#1490);
#1489 = CARTESIAN_POINT('',(-0.,0.));
#1490 = VECTOR('',#1491,1.);
#1491 = DIRECTION('',(0.,1.));
#1492 = ( GEOMETRIC_REPRESENTATION_CONTEXT(2) 
PARAMETRIC_REPRESENTATION_CONTEXT() REPRESENTATION_CONTEXT('2D SPACE',''
  ) );
#1493 = ORIENTED_EDGE('',*,*,#1494,.T.);
#1494 = EDGE_CURVE('',#1436,#1251,#1495,.T.);
#1495 = SURFACE_CURVE('',#1496,(#1499,#1506),.PCURVE_S1.);
#1496 = B_SPLINE_CURVE_WITH_KNOTS('',1,(#1497,#1498),.UNSPECIFIED.,.F.,
  .F.,(2,2),(-2.828427124708,-0.),.PIECEWISE_BEZIER_KNOTS.);
#1497 = CARTESIAN_POINT('',(50.499999928404,-1.322833107E-08,
    -6.999999997788));
#1498 = CARTESIAN_POINT('',(52.499999928404,-1.322311735E-08,
    -4.999999997846));
#1499 = PCURVE('',#1285,#1500);
#1500 = DEFINITIONAL_REPRESENTATION('',(#1501),#1505);
#1501 = LINE('',#1502,#1503);
#1502 = CARTESIAN_POINT('',(0.,0.));
#1503 = VECTOR('',#1504,1.);
#1504 = DIRECTION('',(1.,0.));
#1505 = ( GEOMETRIC_REPRESENTATION_CONTEXT(2) 
PARAMETRIC_REPRESENTATION_CONTEXT() REPRESENTATION_CONTEXT('2D SPACE',''
  ) );
#1506 = PCURVE('',#1507,#1532);
#1507 = B_SPLINE_SURFACE_WITH_KNOTS('',1,11,(
    (#1508,#1509,#1510,#1511,#1512,#1513,#1514,#1515,#1516,#1517,#1518
      ,#1519)
    ,(#1520,#1521,#1522,#1523,#1524,#1525,#1526,#1527,#1528,#1529,#1530
      ,#1531
    )),.UNSPECIFIED.,.F.,.F.,.F.,(2,2),(12,12),(-2.828427124708,-0.),(0.
    ,6.28815693223),.PIECEWISE_BEZIER_KNOTS.);
#1508 = CARTESIAN_POINT('',(50.499999964346,-6.40780292E-09,
    -11.99999999886));
#1509 = CARTESIAN_POINT('',(50.499999896565,28.845532752159,
    -11.54545454207));
#1510 = CARTESIAN_POINT('',(32.379715751744,57.690409923873,
    -11.09090909545));
#1511 = CARTESIAN_POINT('',(-3.8984455943,73.889017318684,
    -10.63636361463));
#1512 = CARTESIAN_POINT('',(-48.21776399595,64.744687958671,
    -10.18181822645));
#1513 = CARTESIAN_POINT('',(-81.26347026097,26.700778404621,
    -9.727272652737));
#1514 = CARTESIAN_POINT('',(-81.26346819458,-26.70077851193,
    -9.272727350529));
#1515 = CARTESIAN_POINT('',(-48.21776574877,-64.74468765964,
    -8.818181755837));
#1516 = CARTESIAN_POINT('',(-3.898444526479,-73.88901749428,
    -8.36363639461));
#1517 = CARTESIAN_POINT('',(32.379715216481,-57.69040987916,
    -7.909090895273));
#1518 = CARTESIAN_POINT('',(50.500000045951,-28.84553279446,
    -7.454545456066));
#1519 = CARTESIAN_POINT('',(50.499999928404,-1.322833107E-08,
    -6.999999997788));
#1520 = CARTESIAN_POINT('',(52.499999964346,-6.40520401E-09,
    -9.999999998923));
#1521 = CARTESIAN_POINT('',(52.499999896564,29.987930080644,
    -9.545454542136));
#1522 = CARTESIAN_POINT('',(33.66208072665,59.975178692314,
    -9.090909095505));
#1523 = CARTESIAN_POINT('',(-4.052839465899,76.815314872832,
    -8.63636361471));
#1524 = CARTESIAN_POINT('',(-50.12737844001,67.308834338905,
    -8.181818226484));
#1525 = CARTESIAN_POINT('',(-84.481825485,27.758234531049,
    -7.727272652844));
#1526 = CARTESIAN_POINT('',(-84.48182341843,-27.75823463835,
    -7.272727350537));
#1527 = CARTESIAN_POINT('',(-50.12738019291,-67.30883403994,
    -6.818181755935));
#1528 = CARTESIAN_POINT('',(-4.05283839805,-76.81531504836,
    -6.363636394647));
#1529 = CARTESIAN_POINT('',(33.662080191402,-59.97517864763,
    -5.909090895339));
#1530 = CARTESIAN_POINT('',(52.500000045954,-29.98793012292,
    -5.454545456123));
#1531 = CARTESIAN_POINT('',(52.499999928404,-1.322311735E-08,
    -4.999999997846));
#1532 = DEFINITIONAL_REPRESENTATION('',(#1533),#1537);
#1533 = LINE('',#1534,#1535);
#1534 = CARTESIAN_POINT('',(0.,6.28815693223));
#1535 = VECTOR('',#1536,1.);
#1536 = DIRECTION('',(1.,0.));
#1537 = ( GEOMETRIC_REPRESENTATION_CONTEXT(2) 
PARAMETRIC_REPRESENTATION_CONTEXT() REPRESENTATION_CONTEXT('2D SPACE',''
  ) );
#1538 = ORIENTED_EDGE('',*,*,#1250,.T.);
#1539 = ORIENTED_EDGE('',*,*,#1540,.F.);
#1540 = EDGE_CURVE('',#1438,#1253,#1541,.T.);
#1541 = SURFACE_CURVE('',#1542,(#1545,#1552),.PCURVE_S1.);
#1542 = B_SPLINE_CURVE_WITH_KNOTS('',1,(#1543,#1544),.UNSPECIFIED.,.F.,
  .F.,(2,2),(-2.828427124708,-0.),.PIECEWISE_BEZIER_KNOTS.);
#1543 = CARTESIAN_POINT('',(50.499999892087,-1.911511651E-08,
    -1.999999996711));
#1544 = CARTESIAN_POINT('',(52.499999892088,-1.910754897E-08,
    3.23052518E-09));
#1545 = PCURVE('',#1285,#1546);
#1546 = DEFINITIONAL_REPRESENTATION('',(#1547),#1551);
#1547 = LINE('',#1548,#1549);
#1548 = CARTESIAN_POINT('',(0.,6.28815693223));
#1549 = VECTOR('',#1550,1.);
#1550 = DIRECTION('',(1.,0.));
#1551 = ( GEOMETRIC_REPRESENTATION_CONTEXT(2) 
PARAMETRIC_REPRESENTATION_CONTEXT() REPRESENTATION_CONTEXT('2D SPACE',''
  ) );
#1552 = PCURVE('',#1553,#1578);
#1553 = B_SPLINE_SURFACE_WITH_KNOTS('',1,11,(
    (#1554,#1555,#1556,#1557,#1558,#1559,#1560,#1561,#1562,#1563,#1564
      ,#1565)
    ,(#1566,#1567,#1568,#1569,#1570,#1571,#1572,#1573,#1574,#1575,#1576
      ,#1577
    )),.UNSPECIFIED.,.F.,.F.,.F.,(2,2),(12,12),(-2.828427124708,-0.),(0.
    ,6.28815693223),.PIECEWISE_BEZIER_KNOTS.);
#1554 = CARTESIAN_POINT('',(50.499999892086,-1.911718258E-08,
    -1.999999996711));
#1555 = CARTESIAN_POINT('',(50.499999831119,28.845532706573,
    -1.54545453992));
#1556 = CARTESIAN_POINT('',(32.379715729404,57.690409800041,
    -1.090909092455));
#1557 = CARTESIAN_POINT('',(-3.898445647856,73.889017336186,
    -0.6363636177));
#1558 = CARTESIAN_POINT('',(-48.21776361008,64.744687626028,
    -0.181818211053));
#1559 = CARTESIAN_POINT('',(-81.26347078316,26.700778655914,
    0.272727331985));
#1560 = CARTESIAN_POINT('',(-81.26346723167,-26.70077856923,0.7272726627
    ));
#1561 = CARTESIAN_POINT('',(-48.21776644877,-64.74468760599,
    1.181818246223));
#1562 = CARTESIAN_POINT('',(-3.898444087204,-73.88901730452,
    1.63636360204));
#1563 = CARTESIAN_POINT('',(32.379714975895,-57.69040984389,
    2.090909111106));
#1564 = CARTESIAN_POINT('',(50.500000006251,-28.84553275504,
    2.545454544899));
#1565 = CARTESIAN_POINT('',(50.499999856042,-2.594635093E-08,
    3.000000004366));
#1566 = CARTESIAN_POINT('',(52.499999892087,-1.910962515E-08,
    3.23052429E-09));
#1567 = CARTESIAN_POINT('',(52.499999831117,29.987930035062,
    0.454545460021));
#1568 = CARTESIAN_POINT('',(33.662080704287,59.975178568493,
    0.90909090732));
#1569 = CARTESIAN_POINT('',(-4.052839519375,76.815314890319,
    1.363636382887));
#1570 = CARTESIAN_POINT('',(-50.12737805436,67.308834006274,
    1.818181787614));
#1571 = CARTESIAN_POINT('',(-84.48182600691,27.758234782322,
    2.272727333522));
#1572 = CARTESIAN_POINT('',(-84.48182245575,-27.75823469566,
    2.727272661306));
#1573 = CARTESIAN_POINT('',(-50.12738089279,-67.30883398628,
    3.181818246906));
#1574 = CARTESIAN_POINT('',(-4.052837958792,-76.81531485863,
    3.636363601731));
#1575 = CARTESIAN_POINT('',(33.662079950823,-59.97517861235,
    4.090909111086));
#1576 = CARTESIAN_POINT('',(52.500000006256,-29.98793008351,
    4.545454544843));
#1577 = CARTESIAN_POINT('',(52.499999856044,-2.593603658E-08,
    5.000000004307));
#1578 = DEFINITIONAL_REPRESENTATION('',(#1579),#1583);
#1579 = LINE('',#1580,#1581);
#1580 = CARTESIAN_POINT('',(0.,0.));
#1581 = VECTOR('',#1582,1.);
#1582 = DIRECTION('',(1.,0.));
#1583 = ( GEOMETRIC_REPRESENTATION_CONTEXT(2) 
PARAMETRIC_REPRESENTATION_CONTEXT() REPRESENTATION_CONTEXT('2D SPACE',''
  ) );
#1584 = ADVANCED_FACE('',(#1585),#1420,.T.);
#1585 = FACE_BOUND('',#1586,.T.);
#1586 = EDGE_LOOP('',(#1587,#1588,#1623,#1651));
#1587 = ORIENTED_EDGE('',*,*,#1406,.F.);
#1588 = ORIENTED_EDGE('',*,*,#1589,.F.);
#1589 = EDGE_CURVE('',#1590,#1347,#1592,.T.);
#1590 = VERTEX_POINT('',#1591);
#1591 = CARTESIAN_POINT('',(52.499999928405,-1.322461E-08,
    -8.999999997875));
#1592 = SURFACE_CURVE('',#1593,(#1606,#1616),.PCURVE_S1.);
#1593 = B_SPLINE_CURVE_WITH_KNOTS('',11,(#1594,#1595,#1596,#1597,#1598,
    #1599,#1600,#1601,#1602,#1603,#1604,#1605),.UNSPECIFIED.,.F.,.F.,(12
    ,12),(0.,6.28815693223),.PIECEWISE_BEZIER_KNOTS.);
#1594 = CARTESIAN_POINT('',(52.499999928405,-1.32249694E-08,
    -8.999999997875));
#1595 = CARTESIAN_POINT('',(52.499999828315,29.98793006614,
    -8.545454540015));
#1596 = CARTESIAN_POINT('',(33.66208092956,59.975178604044,
    -8.090909100162));
#1597 = CARTESIAN_POINT('',(-4.052840164873,76.815314933577,
    -7.636363597637));
#1598 = CARTESIAN_POINT('',(-50.1273768533,67.308834134949,
    -7.181818257889));
#1599 = CARTESIAN_POINT('',(-84.48182778308,27.758234646475,
    -6.727272602029));
#1600 = CARTESIAN_POINT('',(-84.48182077157,-27.75823463911,
    -6.272727407451));
#1601 = CARTESIAN_POINT('',(-50.12738221864,-67.30883401376,
    -5.818181704639));
#1602 = CARTESIAN_POINT('',(-4.052837259736,-76.81531497805,
    -5.363636424649));
#1603 = CARTESIAN_POINT('',(33.662079737589,-59.97517861693,
    -4.909090881873));
#1604 = CARTESIAN_POINT('',(52.500000089952,-29.9879301047,
    -4.454545457588));
#1605 = CARTESIAN_POINT('',(52.499999892085,-1.910746745E-08,
    -3.999999996799));
#1606 = PCURVE('',#1420,#1607);
#1607 = DEFINITIONAL_REPRESENTATION('',(#1608),#1615);
#1608 = B_SPLINE_CURVE_WITH_KNOTS('',5,(#1609,#1610,#1611,#1612,#1613,
    #1614),.UNSPECIFIED.,.F.,.F.,(6,6),(0.,6.28815693223),
  .PIECEWISE_BEZIER_KNOTS.);
#1609 = CARTESIAN_POINT('',(-2.5190428E-10,-8.999999997875));
#1610 = CARTESIAN_POINT('',(1.256637069741,-7.999999990582));
#1611 = CARTESIAN_POINT('',(2.513273731793,-7.00000002052));
#1612 = CARTESIAN_POINT('',(3.769911574806,-5.999999968565));
#1613 = CARTESIAN_POINT('',(5.026548236562,-5.000000010535));
#1614 = CARTESIAN_POINT('',(6.283185306816,-3.999999996799));
#1615 = ( GEOMETRIC_REPRESENTATION_CONTEXT(2) 
PARAMETRIC_REPRESENTATION_CONTEXT() REPRESENTATION_CONTEXT('2D SPACE',''
  ) );
#1616 = PCURVE('',#1462,#1617);
#1617 = DEFINITIONAL_REPRESENTATION('',(#1618),#1622);
#1618 = LINE('',#1619,#1620);
#1619 = CARTESIAN_POINT('',(-2.828427124785,0.));
#1620 = VECTOR('',#1621,1.);
#1621 = DIRECTION('',(0.,1.));
#1622 = ( GEOMETRIC_REPRESENTATION_CONTEXT(2) 
PARAMETRIC_REPRESENTATION_CONTEXT() REPRESENTATION_CONTEXT('2D SPACE',''
  ) );
#1623 = ORIENTED_EDGE('',*,*,#1624,.T.);
#1624 = EDGE_CURVE('',#1590,#1625,#1627,.T.);
#1625 = VERTEX_POINT('',#1626);
#1626 = CARTESIAN_POINT('',(52.499999964345,-6.405017E-09,
    -9.999999998923));
#1627 = SURFACE_CURVE('',#1628,(#1632,#1639),.PCURVE_S1.);
#1628 = LINE('',#1629,#1630);
#1629 = CARTESIAN_POINT('',(52.5,0.,0.));
#1630 = VECTOR('',#1631,1.);
#1631 = DIRECTION('',(-0.,-0.,-1.));
#1632 = PCURVE('',#1420,#1633);
#1633 = DEFINITIONAL_REPRESENTATION('',(#1634),#1638);
#1634 = LINE('',#1635,#1636);
#1635 = CARTESIAN_POINT('',(0.,0.));
#1636 = VECTOR('',#1637,1.);
#1637 = DIRECTION('',(0.,-1.));
#1638 = ( GEOMETRIC_REPRESENTATION_CONTEXT(2) 
PARAMETRIC_REPRESENTATION_CONTEXT() REPRESENTATION_CONTEXT('2D SPACE',''
  ) );
#1639 = PCURVE('',#1640,#1645);
#1640 = CYLINDRICAL_SURFACE('',#1641,52.5);
#1641 = AXIS2_PLACEMENT_3D('',#1642,#1643,#1644);
#1642 = CARTESIAN_POINT('',(0.,0.,0.));
#1643 = DIRECTION('',(0.,0.,1.));
#1644 = DIRECTION('',(1.,0.,0.));
#1645 = DEFINITIONAL_REPRESENTATION('',(#1646),#1650);
#1646 = LINE('',#1647,#1648);
#1647 = CARTESIAN_POINT('',(6.28318530718,0.));
#1648 = VECTOR('',#1649,1.);
#1649 = DIRECTION('',(0.,-1.));
#1650 = ( GEOMETRIC_REPRESENTATION_CONTEXT(2) 
PARAMETRIC_REPRESENTATION_CONTEXT() REPRESENTATION_CONTEXT('2D SPACE',''
  ) );
#1651 = ORIENTED_EDGE('',*,*,#1652,.T.);
#1652 = EDGE_CURVE('',#1625,#1251,#1653,.T.);
#1653 = SURFACE_CURVE('',#1654,(#1667,#1677),.PCURVE_S1.);
#1654 = B_SPLINE_CURVE_WITH_KNOTS('',11,(#1655,#1656,#1657,#1658,#1659,
    #1660,#1661,#1662,#1663,#1664,#1665,#1666),.UNSPECIFIED.,.F.,.F.,(12
    ,12),(0.,6.28815693223),.PIECEWISE_BEZIER_KNOTS.);
#1655 = CARTESIAN_POINT('',(52.499999964346,-6.40520401E-09,
    -9.999999998923));
#1656 = CARTESIAN_POINT('',(52.499999896564,29.987930080644,
    -9.545454542136));
#1657 = CARTESIAN_POINT('',(33.66208072665,59.975178692314,
    -9.090909095505));
#1658 = CARTESIAN_POINT('',(-4.052839465899,76.815314872832,
    -8.63636361471));
#1659 = CARTESIAN_POINT('',(-50.12737844001,67.308834338905,
    -8.181818226484));
#1660 = CARTESIAN_POINT('',(-84.481825485,27.758234531049,
    -7.727272652844));
#1661 = CARTESIAN_POINT('',(-84.48182341843,-27.75823463835,
    -7.272727350537));
#1662 = CARTESIAN_POINT('',(-50.12738019291,-67.30883403994,
    -6.818181755935));
#1663 = CARTESIAN_POINT('',(-4.05283839805,-76.81531504836,
    -6.363636394647));
#1664 = CARTESIAN_POINT('',(33.662080191402,-59.97517864763,
    -5.909090895339));
#1665 = CARTESIAN_POINT('',(52.500000045954,-29.98793012292,
    -5.454545456123));
#1666 = CARTESIAN_POINT('',(52.499999928404,-1.322311735E-08,
    -4.999999997846));
#1667 = PCURVE('',#1420,#1668);
#1668 = DEFINITIONAL_REPRESENTATION('',(#1669),#1676);
#1669 = B_SPLINE_CURVE_WITH_KNOTS('',5,(#1670,#1671,#1672,#1673,#1674,
    #1675),.UNSPECIFIED.,.F.,.F.,(6,6),(0.,6.28815693223),
  .PIECEWISE_BEZIER_KNOTS.);
#1670 = CARTESIAN_POINT('',(-1.2200374E-10,-9.999999998923));
#1671 = CARTESIAN_POINT('',(1.256637070192,-8.999999993992));
#1672 = CARTESIAN_POINT('',(2.513273730273,-8.000000011868));
#1673 = CARTESIAN_POINT('',(3.769911577167,-6.999999982114));
#1674 = CARTESIAN_POINT('',(5.026548235664,-6.000000006055));
#1675 = CARTESIAN_POINT('',(6.283185306928,-4.999999997846));
#1676 = ( GEOMETRIC_REPRESENTATION_CONTEXT(2) 
PARAMETRIC_REPRESENTATION_CONTEXT() REPRESENTATION_CONTEXT('2D SPACE',''
  ) );
#1677 = PCURVE('',#1507,#1678);
#1678 = DEFINITIONAL_REPRESENTATION('',(#1679),#1683);
#1679 = LINE('',#1680,#1681);
#1680 = CARTESIAN_POINT('',(-0.,0.));
#1681 = VECTOR('',#1682,1.);
#1682 = DIRECTION('',(0.,1.));
#1683 = ( GEOMETRIC_REPRESENTATION_CONTEXT(2) 
PARAMETRIC_REPRESENTATION_CONTEXT() REPRESENTATION_CONTEXT('2D SPACE',''
  ) );
#1684 = ADVANCED_FACE('',(#1685),#1374,.F.);
#1685 = FACE_BOUND('',#1686,.F.);
#1686 = EDGE_LOOP('',(#1687,#1688,#1708,#1740));
#1687 = ORIENTED_EDGE('',*,*,#1346,.F.);
#1688 = ORIENTED_EDGE('',*,*,#1689,.T.);
#1689 = EDGE_CURVE('',#1347,#1438,#1690,.T.);
#1690 = SURFACE_CURVE('',#1691,(#1694,#1701),.PCURVE_S1.);
#1691 = B_SPLINE_CURVE_WITH_KNOTS('',1,(#1692,#1693),.UNSPECIFIED.,.F.,
  .F.,(2,2),(-2.828427124785,-0.),.PIECEWISE_BEZIER_KNOTS.);
#1692 = CARTESIAN_POINT('',(52.499999892085,-1.910744025E-08,
    -3.999999996769));
#1693 = CARTESIAN_POINT('',(50.499999892087,-1.911511651E-08,
    -1.999999996711));
#1694 = PCURVE('',#1374,#1695);
#1695 = DEFINITIONAL_REPRESENTATION('',(#1696),#1700);
#1696 = LINE('',#1697,#1698);
#1697 = CARTESIAN_POINT('',(0.,0.));
#1698 = VECTOR('',#1699,1.);
#1699 = DIRECTION('',(1.,0.));
#1700 = ( GEOMETRIC_REPRESENTATION_CONTEXT(2) 
PARAMETRIC_REPRESENTATION_CONTEXT() REPRESENTATION_CONTEXT('2D SPACE',''
  ) );
#1701 = PCURVE('',#1462,#1702);
#1702 = DEFINITIONAL_REPRESENTATION('',(#1703),#1707);
#1703 = LINE('',#1704,#1705);
#1704 = CARTESIAN_POINT('',(0.,6.28815693223));
#1705 = VECTOR('',#1706,1.);
#1706 = DIRECTION('',(1.,0.));
#1707 = ( GEOMETRIC_REPRESENTATION_CONTEXT(2) 
PARAMETRIC_REPRESENTATION_CONTEXT() REPRESENTATION_CONTEXT('2D SPACE',''
  ) );
#1708 = ORIENTED_EDGE('',*,*,#1709,.T.);
#1709 = EDGE_CURVE('',#1438,#1710,#1712,.T.);
#1710 = VERTEX_POINT('',#1711);
#1711 = CARTESIAN_POINT('',(-40.8553981109,29.683152100948,0.));
#1712 = SURFACE_CURVE('',#1713,(#1726,#1733),.PCURVE_S1.);
#1713 = B_SPLINE_CURVE_WITH_KNOTS('',11,(#1714,#1715,#1716,#1717,#1718,
    #1719,#1720,#1721,#1722,#1723,#1724,#1725),.UNSPECIFIED.,.F.,.F.,(12
    ,12),(0.,6.28815693223),.PIECEWISE_BEZIER_KNOTS.);
#1714 = CARTESIAN_POINT('',(50.499999892086,-1.911718258E-08,
    -1.999999996711));
#1715 = CARTESIAN_POINT('',(50.499999831119,28.845532706573,
    -1.54545453992));
#1716 = CARTESIAN_POINT('',(32.379715729404,57.690409800041,
    -1.090909092455));
#1717 = CARTESIAN_POINT('',(-3.898445647856,73.889017336186,
    -0.6363636177));
#1718 = CARTESIAN_POINT('',(-48.21776361008,64.744687626028,
    -0.181818211053));
#1719 = CARTESIAN_POINT('',(-81.26347078316,26.700778655914,
    0.272727331985));
#1720 = CARTESIAN_POINT('',(-81.26346723167,-26.70077856923,0.7272726627
    ));
#1721 = CARTESIAN_POINT('',(-48.21776644877,-64.74468760599,
    1.181818246223));
#1722 = CARTESIAN_POINT('',(-3.898444087204,-73.88901730452,
    1.63636360204));
#1723 = CARTESIAN_POINT('',(32.379714975895,-57.69040984389,
    2.090909111106));
#1724 = CARTESIAN_POINT('',(50.500000006251,-28.84553275504,
    2.545454544899));
#1725 = CARTESIAN_POINT('',(50.499999856042,-2.594635093E-08,
    3.000000004366));
#1726 = PCURVE('',#1374,#1727);
#1727 = DEFINITIONAL_REPRESENTATION('',(#1728),#1732);
#1728 = LINE('',#1729,#1730);
#1729 = CARTESIAN_POINT('',(-0.,0.));
#1730 = VECTOR('',#1731,1.);
#1731 = DIRECTION('',(0.,1.));
#1732 = ( GEOMETRIC_REPRESENTATION_CONTEXT(2) 
PARAMETRIC_REPRESENTATION_CONTEXT() REPRESENTATION_CONTEXT('2D SPACE',''
  ) );
#1733 = PCURVE('',#1553,#1734);
#1734 = DEFINITIONAL_REPRESENTATION('',(#1735),#1739);
#1735 = LINE('',#1736,#1737);
#1736 = CARTESIAN_POINT('',(-2.828427124708,0.));
#1737 = VECTOR('',#1738,1.);
#1738 = DIRECTION('',(0.,1.));
#1739 = ( GEOMETRIC_REPRESENTATION_CONTEXT(2) 
PARAMETRIC_REPRESENTATION_CONTEXT() REPRESENTATION_CONTEXT('2D SPACE',''
  ) );
#1740 = ORIENTED_EDGE('',*,*,#1741,.T.);
#1741 = EDGE_CURVE('',#1710,#1318,#1742,.T.);
#1742 = SURFACE_CURVE('',#1743,(#1788,#1836),.PCURVE_S1.);
#1743 = B_SPLINE_CURVE_WITH_KNOTS('',8,(#1744,#1745,#1746,#1747,#1748,
    #1749,#1750,#1751,#1752,#1753,#1754,#1755,#1756,#1757,#1758,#1759,
    #1760,#1761,#1762,#1763,#1764,#1765,#1766,#1767,#1768,#1769,#1770,
    #1771,#1772,#1773,#1774,#1775,#1776,#1777,#1778,#1779,#1780,#1781,
    #1782,#1783,#1784,#1785,#1786,#1787),.UNSPECIFIED.,.F.,.F.,(9,7,7,7,
    7,7,9),(0.,0.239418277376,0.485126901114,0.611392106873,
    0.738273716041,0.867799989016,1.),.UNSPECIFIED.);
#1744 = CARTESIAN_POINT('',(-40.8553981109,29.683152100948,0.));
#1745 = CARTESIAN_POINT('',(-43.18149960929,26.585373118409,0.));
#1746 = CARTESIAN_POINT('',(-45.2365209602,23.282924332802,0.));
#1747 = CARTESIAN_POINT('',(-46.99898856462,19.804860957718,0.));
#1748 = CARTESIAN_POINT('',(-48.45234709145,16.181911263631,0.));
#1749 = CARTESIAN_POINT('',(-49.58386640317,12.446001165527,0.));
#1750 = CARTESIAN_POINT('',(-50.38462189717,8.63020246436,0.));
#1751 = CARTESIAN_POINT('',(-50.8494697413,4.768676620831,0.));
#1752 = CARTESIAN_POINT('',(-51.11001853039,-3.07650819695,0.));
#1753 = CARTESIAN_POINT('',(-50.88788385384,-7.062701746729,0.));
#1754 = CARTESIAN_POINT('',(-50.31064852285,-11.02328926247,0.));
#1755 = CARTESIAN_POINT('',(-49.38270966816,-14.92151463412,0.));
#1756 = CARTESIAN_POINT('',(-48.11256249098,-18.72194131628,0.));
#1757 = CARTESIAN_POINT('',(-46.51276245283,-22.390490484,0.));
#1758 = CARTESIAN_POINT('',(-44.59985928207,-25.89447420653,0.));
#1759 = CARTESIAN_POINT('',(-41.26271246909,-30.90319337361,0.));
#1760 = CARTESIAN_POINT('',(-40.05278784343,-32.55203216891,0.));
#1761 = CARTESIAN_POINT('',(-38.76852791168,-34.14543158654,0.));
#1762 = CARTESIAN_POINT('',(-37.41297318607,-35.67953885166,0.));
#1763 = CARTESIAN_POINT('',(-35.98938218867,-37.15072077664,0.));
#1764 = CARTESIAN_POINT('',(-34.50122479469,-38.55555854485,0.));
#1765 = CARTESIAN_POINT('',(-32.95218482922,-39.89085101633,0.));
#1766 = CARTESIAN_POINT('',(-29.73231874693,-42.42256673098,0.));
#1767 = CARTESIAN_POINT('',(-28.06087771988,-43.61832523369,0.));
#1768 = CARTESIAN_POINT('',(-26.33580764116,-44.73787884044,0.));
#1769 = CARTESIAN_POINT('',(-24.56121765862,-45.77850028302,0.));
#1770 = CARTESIAN_POINT('',(-22.74135635981,-46.73774012968,0.));
#1771 = CARTESIAN_POINT('',(-20.88060703924,-47.61341970424,0.));
#1772 = CARTESIAN_POINT('',(-18.98348913609,-48.40363504264,0.));
#1773 = CARTESIAN_POINT('',(-15.08563901396,-49.82456460262,0.));
#1774 = CARTESIAN_POINT('',(-13.08349872284,-50.4516373763,0.));
#1775 = CARTESIAN_POINT('',(-11.05320167145,-50.98626142938,0.));
#1776 = CARTESIAN_POINT('',(-8.999758203602,-51.42705962823,0.));
#1777 = CARTESIAN_POINT('',(-6.928227159155,-51.77298380152,0.));
#1778 = CARTESIAN_POINT('',(-4.843713373602,-52.02330577105,0.));
#1779 = CARTESIAN_POINT('',(-2.751367822467,-52.17762209587,0.));
#1780 = CARTESIAN_POINT('',(1.481832441919,-52.29532539485,0.));
#1781 = CARTESIAN_POINT('',(3.622880835625,-52.25470766931,0.));
#1782 = CARTESIAN_POINT('',(5.761226453521,-52.11394184164,0.));
#1783 = CARTESIAN_POINT('',(7.891406320082,-51.87332578701,0.));
#1784 = CARTESIAN_POINT('',(10.00802023868,-51.53350737333,0.));
#1785 = CARTESIAN_POINT('',(12.105730279775,-51.09547431703,0.));
#1786 = CARTESIAN_POINT('',(14.179262319938,-50.56055928856,0.));
#1787 = CARTESIAN_POINT('',(16.223409631702,-49.93046026764,0.));
#1788 = PCURVE('',#1374,#1789);
#1789 = DEFINITIONAL_REPRESENTATION('',(#1790),#1835);
#1790 = B_SPLINE_CURVE_WITH_KNOTS('',8,(#1791,#1792,#1793,#1794,#1795,
    #1796,#1797,#1798,#1799,#1800,#1801,#1802,#1803,#1804,#1805,#1806,
    #1807,#1808,#1809,#1810,#1811,#1812,#1813,#1814,#1815,#1816,#1817,
    #1818,#1819,#1820,#1821,#1822,#1823,#1824,#1825,#1826,#1827,#1828,
    #1829,#1830,#1831,#1832,#1833,#1834),.UNSPECIFIED.,.F.,.F.,(9,7,7,7,
    7,7,9),(0.,0.239418277376,0.485126901114,0.611392106873,
    0.738273716041,0.867799989016,1.),.UNSPECIFIED.);
#1791 = CARTESIAN_POINT('',(0.,2.515262768098));
#1792 = CARTESIAN_POINT('',(-8.631914442469E-02,2.592024629375));
#1793 = CARTESIAN_POINT('',(-0.172539026613,2.668698218767));
#1794 = CARTESIAN_POINT('',(-0.258629379882,2.745256620721));
#1795 = CARTESIAN_POINT('',(-0.344592762719,2.82170211046));
#1796 = CARTESIAN_POINT('',(-0.430439277669,2.898043671951));
#1797 = CARTESIAN_POINT('',(-0.516178634165,2.974289939613));
#1798 = CARTESIAN_POINT('',(-0.601811744953,3.050441725118));
#1799 = CARTESIAN_POINT('',(-0.775050114586,3.204499087322));
#1800 = CARTESIAN_POINT('',(-0.862692026386,3.282437258747));
#1801 = CARTESIAN_POINT('',(-0.950200683501,3.36025692948));
#1802 = CARTESIAN_POINT('',(-1.03757897369,3.437960667559));
#1803 = CARTESIAN_POINT('',(-1.124837757737,3.515558131236));
#1804 = CARTESIAN_POINT('',(-1.211987466617,3.59305859659));
#1805 = CARTESIAN_POINT('',(-1.29902915763,3.670463003844));
#1806 = CARTESIAN_POINT('',(-1.430585693804,3.78745355842));
#1807 = CARTESIAN_POINT('',(-1.475211584679,3.82713845644));
#1808 = CARTESIAN_POINT('',(-1.519805911195,3.866795284917));
#1809 = CARTESIAN_POINT('',(-1.564368675341,3.90642404562));
#1810 = CARTESIAN_POINT('',(-1.608900392657,3.946025197008));
#1811 = CARTESIAN_POINT('',(-1.653401563642,3.985599184166));
#1812 = CARTESIAN_POINT('',(-1.697872157594,4.025145979791));
#1813 = CARTESIAN_POINT('',(-1.786967002892,4.104376215442));
#1814 = CARTESIAN_POINT('',(-1.831592519754,4.144060780865));
#1815 = CARTESIAN_POINT('',(-1.876186611276,4.183717400374));
#1816 = CARTESIAN_POINT('',(-1.920749284648,4.223346080362));
#1817 = CARTESIAN_POINT('',(-1.965281061367,4.262947284585));
#1818 = CARTESIAN_POINT('',(-2.009782448595,4.302521464053));
#1819 = CARTESIAN_POINT('',(-2.05425342293,4.342068597954));
#1820 = CARTESIAN_POINT('',(-2.144058707492,4.421930612827));
#1821 = CARTESIAN_POINT('',(-2.189393354084,4.462245792921));
#1822 = CARTESIAN_POINT('',(-2.23469573857,4.502532282981));
#1823 = CARTESIAN_POINT('',(-2.279965872262,4.542790093065));
#1824 = CARTESIAN_POINT('',(-2.325204320389,4.583019725821));
#1825 = CARTESIAN_POINT('',(-2.370411630304,4.623221667997));
#1826 = CARTESIAN_POINT('',(-2.415587773089,4.663395893878));
#1827 = CARTESIAN_POINT('',(-2.506807302637,4.744515568085));
#1828 = CARTESIAN_POINT('',(-2.55285113789,4.785461415246));
#1829 = CARTESIAN_POINT('',(-2.59886187652,4.82637783025));
#1830 = CARTESIAN_POINT('',(-2.644839518978,4.8672648135));
#1831 = CARTESIAN_POINT('',(-2.690784661628,4.908122895328));
#1832 = CARTESIAN_POINT('',(-2.736697879079,4.948952586723));
#1833 = CARTESIAN_POINT('',(-2.782579121196,4.9897538431));
#1834 = CARTESIAN_POINT('',(-2.828427124785,5.030525541125));
#1835 = ( GEOMETRIC_REPRESENTATION_CONTEXT(2) 
PARAMETRIC_REPRESENTATION_CONTEXT() REPRESENTATION_CONTEXT('2D SPACE',''
  ) );
#1836 = PCURVE('',#1334,#1837);
#1837 = DEFINITIONAL_REPRESENTATION('',(#1838),#1883);
#1838 = B_SPLINE_CURVE_WITH_KNOTS('',8,(#1839,#1840,#1841,#1842,#1843,
    #1844,#1845,#1846,#1847,#1848,#1849,#1850,#1851,#1852,#1853,#1854,
    #1855,#1856,#1857,#1858,#1859,#1860,#1861,#1862,#1863,#1864,#1865,
    #1866,#1867,#1868,#1869,#1870,#1871,#1872,#1873,#1874,#1875,#1876,
    #1877,#1878,#1879,#1880,#1881,#1882),.UNSPECIFIED.,.F.,.F.,(9,7,7,7,
    7,7,9),(0.,0.239418277376,0.485126901114,0.611392106873,
    0.738273716041,0.867799989016,1.),.UNSPECIFIED.);
#1839 = CARTESIAN_POINT('',(-40.8553981109,29.683152100948));
#1840 = CARTESIAN_POINT('',(-43.18149960929,26.585373118409));
#1841 = CARTESIAN_POINT('',(-45.2365209602,23.282924332802));
#1842 = CARTESIAN_POINT('',(-46.99898856462,19.804860957718));
#1843 = CARTESIAN_POINT('',(-48.45234709145,16.181911263631));
#1844 = CARTESIAN_POINT('',(-49.58386640317,12.446001165527));
#1845 = CARTESIAN_POINT('',(-50.38462189717,8.63020246436));
#1846 = CARTESIAN_POINT('',(-50.8494697413,4.768676620831));
#1847 = CARTESIAN_POINT('',(-51.11001853039,-3.07650819695));
#1848 = CARTESIAN_POINT('',(-50.88788385384,-7.062701746729));
#1849 = CARTESIAN_POINT('',(-50.31064852285,-11.02328926247));
#1850 = CARTESIAN_POINT('',(-49.38270966816,-14.92151463412));
#1851 = CARTESIAN_POINT('',(-48.11256249098,-18.72194131628));
#1852 = CARTESIAN_POINT('',(-46.51276245283,-22.390490484));
#1853 = CARTESIAN_POINT('',(-44.59985928207,-25.89447420653));
#1854 = CARTESIAN_POINT('',(-41.26271246909,-30.90319337361));
#1855 = CARTESIAN_POINT('',(-40.05278784343,-32.55203216891));
#1856 = CARTESIAN_POINT('',(-38.76852791168,-34.14543158654));
#1857 = CARTESIAN_POINT('',(-37.41297318607,-35.67953885166));
#1858 = CARTESIAN_POINT('',(-35.98938218867,-37.15072077664));
#1859 = CARTESIAN_POINT('',(-34.50122479469,-38.55555854485));
#1860 = CARTESIAN_POINT('',(-32.95218482922,-39.89085101633));
#1861 = CARTESIAN_POINT('',(-29.73231874693,-42.42256673098));
#1862 = CARTESIAN_POINT('',(-28.06087771988,-43.61832523369));
#1863 = CARTESIAN_POINT('',(-26.33580764116,-44.73787884044));
#1864 = CARTESIAN_POINT('',(-24.56121765862,-45.77850028302));
#1865 = CARTESIAN_POINT('',(-22.74135635981,-46.73774012968));
#1866 = CARTESIAN_POINT('',(-20.88060703924,-47.61341970424));
#1867 = CARTESIAN_POINT('',(-18.98348913609,-48.40363504264));
#1868 = CARTESIAN_POINT('',(-15.08563901396,-49.82456460262));
#1869 = CARTESIAN_POINT('',(-13.08349872284,-50.4516373763));
#1870 = CARTESIAN_POINT('',(-11.05320167145,-50.98626142938));
#1871 = CARTESIAN_POINT('',(-8.999758203602,-51.42705962823));
#1872 = CARTESIAN_POINT('',(-6.928227159155,-51.77298380152));
#1873 = CARTESIAN_POINT('',(-4.843713373602,-52.02330577105));
#1874 = CARTESIAN_POINT('',(-2.751367822467,-52.17762209587));
#1875 = CARTESIAN_POINT('',(1.481832441919,-52.29532539485));
#1876 = CARTESIAN_POINT('',(3.622880835625,-52.25470766931));
#1877 = CARTESIAN_POINT('',(5.761226453521,-52.11394184164));
#1878 = CARTESIAN_POINT('',(7.891406320082,-51.87332578701));
#1879 = CARTESIAN_POINT('',(10.00802023868,-51.53350737333));
#1880 = CARTESIAN_POINT('',(12.105730279775,-51.09547431703));
#1881 = CARTESIAN_POINT('',(14.179262319938,-50.56055928856));
#1882 = CARTESIAN_POINT('',(16.223409631702,-49.93046026764));
#1883 = ( GEOMETRIC_REPRESENTATION_CONTEXT(2) 
PARAMETRIC_REPRESENTATION_CONTEXT() REPRESENTATION_CONTEXT('2D SPACE',''
  ) );
#1884 = ADVANCED_FACE('',(#1885,#2033),#1334,.T.);
#1885 = FACE_BOUND('',#1886,.T.);
#1886 = EDGE_LOOP('',(#1887,#1888,#2032));
#1887 = ORIENTED_EDGE('',*,*,#1317,.T.);
#1888 = ORIENTED_EDGE('',*,*,#1889,.T.);
#1889 = EDGE_CURVE('',#1253,#1710,#1890,.T.);
#1890 = SURFACE_CURVE('',#1891,(#1936,#1984),.PCURVE_S1.);
#1891 = B_SPLINE_CURVE_WITH_KNOTS('',8,(#1892,#1893,#1894,#1895,#1896,
    #1897,#1898,#1899,#1900,#1901,#1902,#1903,#1904,#1905,#1906,#1907,
    #1908,#1909,#1910,#1911,#1912,#1913,#1914,#1915,#1916,#1917,#1918,
    #1919,#1920,#1921,#1922,#1923,#1924,#1925,#1926,#1927,#1928,#1929,
    #1930,#1931,#1932,#1933,#1934,#1935),.UNSPECIFIED.,.F.,.F.,(9,7,7,7,
    7,7,9),(0.,0.125098633252,0.257688843589,0.385594573252,
    0.511873991965,0.759591304225,1.),.UNSPECIFIED.);
#1892 = CARTESIAN_POINT('',(52.499999892087,-1.910964637E-08,0.));
#1893 = CARTESIAN_POINT('',(52.469322103186,2.023919152477,0.));
#1894 = CARTESIAN_POINT('',(52.34947238677,4.046519892145,0.));
#1895 = CARTESIAN_POINT('',(52.140432376086,6.063167127946,0.));
#1896 = CARTESIAN_POINT('',(51.842484187795,8.069262325119,0.));
#1897 = CARTESIAN_POINT('',(51.456193338349,10.060241183983,0.));
#1898 = CARTESIAN_POINT('',(50.982403377792,12.031573351398,0.));
#1899 = CARTESIAN_POINT('',(50.422242240977,13.978764145779,0.));
#1900 = CARTESIAN_POINT('',(49.093406228408,17.930848153055,0.));
#1901 = CARTESIAN_POINT('',(48.314226945501,19.932292182759,0.));
#1902 = CARTESIAN_POINT('',(47.441295164631,21.896374767986,0.));
#1903 = CARTESIAN_POINT('',(46.47664885996,23.81794385609,0.));
#1904 = CARTESIAN_POINT('',(45.422651252156,25.692001307835,0.));
#1905 = CARTESIAN_POINT('',(44.281985180847,27.513700923728,0.));
#1906 = CARTESIAN_POINT('',(43.057661880081,29.278354147436,0.));
#1907 = CARTESIAN_POINT('',(40.494519252018,32.624361719808,0.));
#1908 = CARTESIAN_POINT('',(39.161225469934,34.210051976522,0.));
#1909 = CARTESIAN_POINT('',(37.756170806338,35.734452672374,0.));
#1910 = CARTESIAN_POINT('',(36.282603754478,37.193733546906,0.));
#1911 = CARTESIAN_POINT('',(34.744000781788,38.584283373052,0.));
#1912 = CARTESIAN_POINT('',(33.144062882553,39.902707337435,0.));
#1913 = CARTESIAN_POINT('',(31.486721206468,41.145834051174,0.));
#1914 = CARTESIAN_POINT('',(28.08733207105,43.460818746155,0.));
#1915 = CARTESIAN_POINT('',(26.346569330228,44.534694479305,0.));
#1916 = CARTESIAN_POINT('',(24.557876766726,45.529528553804,0.));
#1917 = CARTESIAN_POINT('',(22.725418296073,46.442774672895,0.));
#1918 = CARTESIAN_POINT('',(20.853500847398,47.272156255887,0.));
#1919 = CARTESIAN_POINT('',(18.946572009408,48.015662990083,0.));
#1920 = CARTESIAN_POINT('',(17.009222998181,48.671558758694,0.));
#1921 = CARTESIAN_POINT('',(11.195406831433,50.350352711924,0.));
#1922 = CARTESIAN_POINT('',(7.24462017014,51.119959672313,0.));
#1923 = CARTESIAN_POINT('',(3.230724170399,51.535620194394,0.));
#1924 = CARTESIAN_POINT('',(-0.809223477183,51.591324383146,0.));
#1925 = CARTESIAN_POINT('',(-4.838050539857,51.285422565928,0.));
#1926 = CARTESIAN_POINT('',(-8.818524760518,50.620685142844,0.));
#1927 = CARTESIAN_POINT('',(-12.71340386795,49.604322244549,0.));
#1928 = CARTESIAN_POINT('',(-20.14646784744,46.934401361787,0.));
#1929 = CARTESIAN_POINT('',(-23.69361390247,45.29987137562,0.));
#1930 = CARTESIAN_POINT('',(-27.09288663705,43.357152972309,0.));
#1931 = CARTESIAN_POINT('',(-30.31297052466,41.121828380352,0.));
#1932 = CARTESIAN_POINT('',(-33.32478566149,38.612794032068,0.));
#1933 = CARTESIAN_POINT('',(-36.10155183116,35.852268823855,0.));
#1934 = CARTESIAN_POINT('',(-38.61884330822,32.865794547347,0.));
#1935 = CARTESIAN_POINT('',(-40.8553981109,29.683152100948,0.));
#1936 = PCURVE('',#1334,#1937);
#1937 = DEFINITIONAL_REPRESENTATION('',(#1938),#1983);
#1938 = B_SPLINE_CURVE_WITH_KNOTS('',8,(#1939,#1940,#1941,#1942,#1943,
    #1944,#1945,#1946,#1947,#1948,#1949,#1950,#1951,#1952,#1953,#1954,
    #1955,#1956,#1957,#1958,#1959,#1960,#1961,#1962,#1963,#1964,#1965,
    #1966,#1967,#1968,#1969,#1970,#1971,#1972,#1973,#1974,#1975,#1976,
    #1977,#1978,#1979,#1980,#1981,#1982),.UNSPECIFIED.,.F.,.F.,(9,7,7,7,
    7,7,9),(0.,0.125098633252,0.257688843589,0.385594573252,
    0.511873991965,0.759591304225,1.),.UNSPECIFIED.);
#1939 = CARTESIAN_POINT('',(52.499999892087,-1.910964756E-08));
#1940 = CARTESIAN_POINT('',(52.469322103186,2.023919152477));
#1941 = CARTESIAN_POINT('',(52.34947238677,4.046519892145));
#1942 = CARTESIAN_POINT('',(52.140432376086,6.063167127946));
#1943 = CARTESIAN_POINT('',(51.842484187795,8.069262325119));
#1944 = CARTESIAN_POINT('',(51.456193338349,10.060241183983));
#1945 = CARTESIAN_POINT('',(50.982403377792,12.031573351398));
#1946 = CARTESIAN_POINT('',(50.422242240977,13.978764145779));
#1947 = CARTESIAN_POINT('',(49.093406228408,17.930848153055));
#1948 = CARTESIAN_POINT('',(48.314226945501,19.932292182759));
#1949 = CARTESIAN_POINT('',(47.441295164631,21.896374767986));
#1950 = CARTESIAN_POINT('',(46.47664885996,23.81794385609));
#1951 = CARTESIAN_POINT('',(45.422651252156,25.692001307835));
#1952 = CARTESIAN_POINT('',(44.281985180847,27.513700923728));
#1953 = CARTESIAN_POINT('',(43.057661880081,29.278354147436));
#1954 = CARTESIAN_POINT('',(40.494519252018,32.624361719808));
#1955 = CARTESIAN_POINT('',(39.161225469934,34.210051976522));
#1956 = CARTESIAN_POINT('',(37.756170806338,35.734452672374));
#1957 = CARTESIAN_POINT('',(36.282603754478,37.193733546906));
#1958 = CARTESIAN_POINT('',(34.744000781788,38.584283373052));
#1959 = CARTESIAN_POINT('',(33.144062882553,39.902707337435));
#1960 = CARTESIAN_POINT('',(31.486721206468,41.145834051174));
#1961 = CARTESIAN_POINT('',(28.08733207105,43.460818746155));
#1962 = CARTESIAN_POINT('',(26.346569330228,44.534694479305));
#1963 = CARTESIAN_POINT('',(24.557876766726,45.529528553804));
#1964 = CARTESIAN_POINT('',(22.725418296073,46.442774672895));
#1965 = CARTESIAN_POINT('',(20.853500847398,47.272156255887));
#1966 = CARTESIAN_POINT('',(18.946572009408,48.015662990083));
#1967 = CARTESIAN_POINT('',(17.009222998181,48.671558758694));
#1968 = CARTESIAN_POINT('',(11.195406831433,50.350352711924));
#1969 = CARTESIAN_POINT('',(7.24462017014,51.119959672313));
#1970 = CARTESIAN_POINT('',(3.230724170399,51.535620194394));
#1971 = CARTESIAN_POINT('',(-0.809223477183,51.591324383146));
#1972 = CARTESIAN_POINT('',(-4.838050539857,51.285422565928));
#1973 = CARTESIAN_POINT('',(-8.818524760518,50.620685142844));
#1974 = CARTESIAN_POINT('',(-12.71340386795,49.604322244549));
#1975 = CARTESIAN_POINT('',(-20.14646784744,46.934401361787));
#1976 = CARTESIAN_POINT('',(-23.69361390247,45.29987137562));
#1977 = CARTESIAN_POINT('',(-27.09288663705,43.357152972309));
#1978 = CARTESIAN_POINT('',(-30.31297052466,41.121828380352));
#1979 = CARTESIAN_POINT('',(-33.32478566149,38.612794032068));
#1980 = CARTESIAN_POINT('',(-36.10155183116,35.852268823855));
#1981 = CARTESIAN_POINT('',(-38.61884330822,32.865794547347));
#1982 = CARTESIAN_POINT('',(-40.8553981109,29.683152100948));
#1983 = ( GEOMETRIC_REPRESENTATION_CONTEXT(2) 
PARAMETRIC_REPRESENTATION_CONTEXT() REPRESENTATION_CONTEXT('2D SPACE',''
  ) );
#1984 = PCURVE('',#1553,#1985);
#1985 = DEFINITIONAL_REPRESENTATION('',(#1986),#2031);
#1986 = B_SPLINE_CURVE_WITH_KNOTS('',8,(#1987,#1988,#1989,#1990,#1991,
    #1992,#1993,#1994,#1995,#1996,#1997,#1998,#1999,#2000,#2001,#2002,
    #2003,#2004,#2005,#2006,#2007,#2008,#2009,#2010,#2011,#2012,#2013,
    #2014,#2015,#2016,#2017,#2018,#2019,#2020,#2021,#2022,#2023,#2024,
    #2025,#2026,#2027,#2028,#2029,#2030),.UNSPECIFIED.,.F.,.F.,(9,7,7,7,
    7,7,9),(0.,0.125098633252,0.257688843589,0.385594573252,
    0.511873991965,0.759591304225,1.),.UNSPECIFIED.);
#1987 = CARTESIAN_POINT('',(0.,0.));
#1988 = CARTESIAN_POINT('',(-4.338493930749E-02,3.858134482197E-02));
#1989 = CARTESIAN_POINT('',(-8.67996398984E-02,7.718914499923E-02));
#1990 = CARTESIAN_POINT('',(-0.130243066088,0.11582250565));
#1991 = CARTESIAN_POINT('',(-0.173715179506,0.154481379676));
#1992 = CARTESIAN_POINT('',(-0.217216425779,0.193166151792));
#1993 = CARTESIAN_POINT('',(-0.260747244075,0.231877218005));
#1994 = CARTESIAN_POINT('',(-0.3043075995,0.270614560534));
#1995 = CARTESIAN_POINT('',(-0.39409581664,0.350461397646));
#1996 = CARTESIAN_POINT('',(-0.440328970204,0.391575601714));
#1997 = CARTESIAN_POINT('',(-0.486594702276,0.432718777192));
#1998 = CARTESIAN_POINT('',(-0.532892984903,0.473890899219));
#1999 = CARTESIAN_POINT('',(-0.579224440151,0.515092520985));
#2000 = CARTESIAN_POINT('',(-0.625589709659,0.556324213085));
#2001 = CARTESIAN_POINT('',(-0.67198881255,0.597585992525));
#2002 = CARTESIAN_POINT('',(-0.763211715604,0.6787086667));
#2003 = CARTESIAN_POINT('',(-0.808034949445,0.718569057814));
#2004 = CARTESIAN_POINT('',(-0.852889103159,0.758456945344));
#2005 = CARTESIAN_POINT('',(-0.897774155484,0.798372310381));
#2006 = CARTESIAN_POINT('',(-0.942690632007,0.838315620321));
#2007 = CARTESIAN_POINT('',(-0.98763907008,0.878287353016));
#2008 = CARTESIAN_POINT('',(-1.032619470578,0.918287509249));
#2009 = CARTESIAN_POINT('',(-1.122069687892,0.997833770021));
#2010 = CARTESIAN_POINT('',(-1.16654030082,1.037380582527));
#2011 = CARTESIAN_POINT('',(-1.211041500717,1.076954595403));
#2012 = CARTESIAN_POINT('',(-1.25557324664,1.116555772241));
#2013 = CARTESIAN_POINT('',(-1.300136028902,1.156184549064));
#2014 = CARTESIAN_POINT('',(-1.344730353769,1.195841376086));
#2015 = CARTESIAN_POINT('',(-1.389356215294,1.235526248016));
#2016 = CARTESIAN_POINT('',(-1.521613117913,1.353139624273));
#2017 = CARTESIAN_POINT('',(-1.609357967279,1.431169335984));
#2018 = CARTESIAN_POINT('',(-1.697212119087,1.509296248135));
#2019 = CARTESIAN_POINT('',(-1.785176714552,1.587521375581));
#2020 = CARTESIAN_POINT('',(-1.873262593224,1.665854357718));
#2021 = CARTESIAN_POINT('',(-1.961481056203,1.74430524438));
#2022 = CARTESIAN_POINT('',(-2.049835218208,1.822876805428));
#2023 = CARTESIAN_POINT('',(-2.224136814232,1.977879673226));
#2024 = CARTESIAN_POINT('',(-2.310121182207,2.054343824593));
#2025 = CARTESIAN_POINT('',(-2.396212560948,2.130903138458));
#2026 = CARTESIAN_POINT('',(-2.482411927023,2.20755848327));
#2027 = CARTESIAN_POINT('',(-2.568729189241,2.284318670725));
#2028 = CARTESIAN_POINT('',(-2.655174646477,2.361192859413));
#2029 = CARTESIAN_POINT('',(-2.74175093262,2.43818339159));
#2030 = CARTESIAN_POINT('',(-2.828427124708,2.515262768098));
#2031 = ( GEOMETRIC_REPRESENTATION_CONTEXT(2) 
PARAMETRIC_REPRESENTATION_CONTEXT() REPRESENTATION_CONTEXT('2D SPACE',''
  ) );
#2032 = ORIENTED_EDGE('',*,*,#1741,.T.);
#2033 = FACE_BOUND('',#2034,.T.);
#2034 = EDGE_LOOP('',(#2035));
#2035 = ORIENTED_EDGE('',*,*,#2036,.T.);
#2036 = EDGE_CURVE('',#2037,#2037,#2039,.T.);
#2037 = VERTEX_POINT('',#2038);
#2038 = CARTESIAN_POINT('',(45.,0.,0.));
#2039 = SURFACE_CURVE('',#2040,(#2045,#2056),.PCURVE_S1.);
#2040 = CIRCLE('',#2041,45.);
#2041 = AXIS2_PLACEMENT_3D('',#2042,#2043,#2044);
#2042 = CARTESIAN_POINT('',(0.,0.,0.));
#2043 = DIRECTION('',(0.,0.,-1.));
#2044 = DIRECTION('',(1.,0.,0.));
#2045 = PCURVE('',#1334,#2046);
#2046 = DEFINITIONAL_REPRESENTATION('',(#2047),#2055);
#2047 = ( BOUNDED_CURVE() B_SPLINE_CURVE(2,(#2048,#2049,#2050,#2051,
#2052,#2053,#2054),.UNSPECIFIED.,.T.,.F.) B_SPLINE_CURVE_WITH_KNOTS((1,2
    ,2,2,2,1),(-2.094395102393,0.,2.094395102393,4.188790204786,
6.28318530718,8.377580409573),.UNSPECIFIED.) CURVE() 
GEOMETRIC_REPRESENTATION_ITEM() RATIONAL_B_SPLINE_CURVE((1.,0.5,1.,0.5,
1.,0.5,1.)) REPRESENTATION_ITEM('') );
#2048 = CARTESIAN_POINT('',(45.,-1.19E-15));
#2049 = CARTESIAN_POINT('',(45.,-77.94228634059));
#2050 = CARTESIAN_POINT('',(-22.5,-38.9711431703));
#2051 = CARTESIAN_POINT('',(-90.,-1.221182119233E-14));
#2052 = CARTESIAN_POINT('',(-22.5,38.9711431703));
#2053 = CARTESIAN_POINT('',(45.,77.942286340599));
#2054 = CARTESIAN_POINT('',(45.,-1.19E-15));
#2055 = ( GEOMETRIC_REPRESENTATION_CONTEXT(2) 
PARAMETRIC_REPRESENTATION_CONTEXT() REPRESENTATION_CONTEXT('2D SPACE',''
  ) );
#2056 = PCURVE('',#2057,#2062);
#2057 = CYLINDRICAL_SURFACE('',#2058,45.);
#2058 = AXIS2_PLACEMENT_3D('',#2059,#2060,#2061);
#2059 = CARTESIAN_POINT('',(0.,0.,-15.));
#2060 = DIRECTION('',(0.,0.,-1.));
#2061 = DIRECTION('',(1.,0.,0.));
#2062 = DEFINITIONAL_REPRESENTATION('',(#2063),#2067);
#2063 = LINE('',#2064,#2065);
#2064 = CARTESIAN_POINT('',(0.,-15.));
#2065 = VECTOR('',#2066,1.);
#2066 = DIRECTION('',(1.,0.));
#2067 = ( GEOMETRIC_REPRESENTATION_CONTEXT(2) 
PARAMETRIC_REPRESENTATION_CONTEXT() REPRESENTATION_CONTEXT('2D SPACE',''
  ) );
#2068 = ADVANCED_FACE('',(#2069),#1462,.F.);
#2069 = FACE_BOUND('',#2070,.F.);
#2070 = EDGE_LOOP('',(#2071,#2072,#2117,#2118));
#2071 = ORIENTED_EDGE('',*,*,#1589,.F.);
#2072 = ORIENTED_EDGE('',*,*,#2073,.T.);
#2073 = EDGE_CURVE('',#1590,#1436,#2074,.T.);
#2074 = SURFACE_CURVE('',#2075,(#2078,#2085),.PCURVE_S1.);
#2075 = B_SPLINE_CURVE_WITH_KNOTS('',1,(#2076,#2077),.UNSPECIFIED.,.F.,
  .F.,(2,2),(-2.828427124785,-0.),.PIECEWISE_BEZIER_KNOTS.);
#2076 = CARTESIAN_POINT('',(52.499999928403,-1.322304552E-08,
    -8.999999997846));
#2077 = CARTESIAN_POINT('',(50.499999928404,-1.322833107E-08,
    -6.999999997788));
#2078 = PCURVE('',#1462,#2079);
#2079 = DEFINITIONAL_REPRESENTATION('',(#2080),#2084);
#2080 = LINE('',#2081,#2082);
#2081 = CARTESIAN_POINT('',(0.,0.));
#2082 = VECTOR('',#2083,1.);
#2083 = DIRECTION('',(1.,0.));
#2084 = ( GEOMETRIC_REPRESENTATION_CONTEXT(2) 
PARAMETRIC_REPRESENTATION_CONTEXT() REPRESENTATION_CONTEXT('2D SPACE',''
  ) );
#2085 = PCURVE('',#2086,#2111);
#2086 = B_SPLINE_SURFACE_WITH_KNOTS('',1,11,(
    (#2087,#2088,#2089,#2090,#2091,#2092,#2093,#2094,#2095,#2096,#2097
      ,#2098)
    ,(#2099,#2100,#2101,#2102,#2103,#2104,#2105,#2106,#2107,#2108,#2109
      ,#2110
    )),.UNSPECIFIED.,.F.,.F.,.F.,(2,2),(12,12),(-2.828427124785,-0.),(0.
    ,6.28815693223),.PIECEWISE_BEZIER_KNOTS.);
#2087 = CARTESIAN_POINT('',(52.499999964345,-6.40527428E-09,
    -13.99999999892));
#2088 = CARTESIAN_POINT('',(52.49999989656,29.987930080643,
    -13.54545454213));
#2089 = CARTESIAN_POINT('',(33.66208072666,59.975178692321,
    -13.0909090955));
#2090 = CARTESIAN_POINT('',(-4.052839465912,76.815314872791,
    -12.6363636147));
#2091 = CARTESIAN_POINT('',(-50.12737844002,67.308834338984,
    -12.18181822648));
#2092 = CARTESIAN_POINT('',(-84.48182548497,27.758234530947,
    -11.72727265284));
#2093 = CARTESIAN_POINT('',(-84.48182341845,-27.75823463826,
    -11.27272735053));
#2094 = CARTESIAN_POINT('',(-50.12738019292,-67.30883403999,
    -10.81818175593));
#2095 = CARTESIAN_POINT('',(-4.052838398029,-76.81531504834,
    -10.36363639464));
#2096 = CARTESIAN_POINT('',(33.662080191388,-59.97517864763,
    -9.909090895339));
#2097 = CARTESIAN_POINT('',(52.500000045956,-29.98793012292,
    -9.454545456123));
#2098 = CARTESIAN_POINT('',(52.499999928403,-1.322304552E-08,
    -8.999999997846));
#2099 = CARTESIAN_POINT('',(50.499999964346,-6.40780292E-09,
    -11.99999999886));
#2100 = CARTESIAN_POINT('',(50.499999896565,28.845532752159,
    -11.54545454207));
#2101 = CARTESIAN_POINT('',(32.379715751744,57.690409923873,
    -11.09090909545));
#2102 = CARTESIAN_POINT('',(-3.8984455943,73.889017318684,
    -10.63636361463));
#2103 = CARTESIAN_POINT('',(-48.21776399595,64.744687958671,
    -10.18181822645));
#2104 = CARTESIAN_POINT('',(-81.26347026097,26.700778404621,
    -9.727272652737));
#2105 = CARTESIAN_POINT('',(-81.26346819458,-26.70077851193,
    -9.272727350529));
#2106 = CARTESIAN_POINT('',(-48.21776574877,-64.74468765964,
    -8.818181755837));
#2107 = CARTESIAN_POINT('',(-3.898444526479,-73.88901749428,
    -8.36363639461));
#2108 = CARTESIAN_POINT('',(32.379715216481,-57.69040987916,
    -7.909090895273));
#2109 = CARTESIAN_POINT('',(50.500000045951,-28.84553279446,
    -7.454545456066));
#2110 = CARTESIAN_POINT('',(50.499999928404,-1.322833107E-08,
    -6.999999997788));
#2111 = DEFINITIONAL_REPRESENTATION('',(#2112),#2116);
#2112 = LINE('',#2113,#2114);
#2113 = CARTESIAN_POINT('',(0.,6.28815693223));
#2114 = VECTOR('',#2115,1.);
#2115 = DIRECTION('',(1.,0.));
#2116 = ( GEOMETRIC_REPRESENTATION_CONTEXT(2) 
PARAMETRIC_REPRESENTATION_CONTEXT() REPRESENTATION_CONTEXT('2D SPACE',''
  ) );
#2117 = ORIENTED_EDGE('',*,*,#1435,.T.);
#2118 = ORIENTED_EDGE('',*,*,#1689,.F.);
#2119 = ADVANCED_FACE('',(#2120),#1507,.F.);
#2120 = FACE_BOUND('',#2121,.F.);
#2121 = EDGE_LOOP('',(#2122,#2154,#2199,#2200));
#2122 = ORIENTED_EDGE('',*,*,#2123,.F.);
#2123 = EDGE_CURVE('',#2124,#1436,#2126,.T.);
#2124 = VERTEX_POINT('',#2125);
#2125 = CARTESIAN_POINT('',(50.499999964345,-6.407549E-09,
    -11.99999999886));
#2126 = SURFACE_CURVE('',#2127,(#2140,#2147),.PCURVE_S1.);
#2127 = B_SPLINE_CURVE_WITH_KNOTS('',11,(#2128,#2129,#2130,#2131,#2132,
    #2133,#2134,#2135,#2136,#2137,#2138,#2139),.UNSPECIFIED.,.F.,.F.,(12
    ,12),(0.,6.28815693223),.PIECEWISE_BEZIER_KNOTS.);
#2128 = CARTESIAN_POINT('',(50.499999964346,-6.40780292E-09,
    -11.99999999886));
#2129 = CARTESIAN_POINT('',(50.499999896565,28.845532752159,
    -11.54545454207));
#2130 = CARTESIAN_POINT('',(32.379715751744,57.690409923873,
    -11.09090909545));
#2131 = CARTESIAN_POINT('',(-3.8984455943,73.889017318684,
    -10.63636361463));
#2132 = CARTESIAN_POINT('',(-48.21776399595,64.744687958671,
    -10.18181822645));
#2133 = CARTESIAN_POINT('',(-81.26347026097,26.700778404621,
    -9.727272652737));
#2134 = CARTESIAN_POINT('',(-81.26346819458,-26.70077851193,
    -9.272727350529));
#2135 = CARTESIAN_POINT('',(-48.21776574877,-64.74468765964,
    -8.818181755837));
#2136 = CARTESIAN_POINT('',(-3.898444526479,-73.88901749428,
    -8.36363639461));
#2137 = CARTESIAN_POINT('',(32.379715216481,-57.69040987916,
    -7.909090895273));
#2138 = CARTESIAN_POINT('',(50.500000045951,-28.84553279446,
    -7.454545456066));
#2139 = CARTESIAN_POINT('',(50.499999928404,-1.322833107E-08,
    -6.999999997788));
#2140 = PCURVE('',#1507,#2141);
#2141 = DEFINITIONAL_REPRESENTATION('',(#2142),#2146);
#2142 = LINE('',#2143,#2144);
#2143 = CARTESIAN_POINT('',(-2.828427124708,0.));
#2144 = VECTOR('',#2145,1.);
#2145 = DIRECTION('',(0.,1.));
#2146 = ( GEOMETRIC_REPRESENTATION_CONTEXT(2) 
PARAMETRIC_REPRESENTATION_CONTEXT() REPRESENTATION_CONTEXT('2D SPACE',''
  ) );
#2147 = PCURVE('',#2086,#2148);
#2148 = DEFINITIONAL_REPRESENTATION('',(#2149),#2153);
#2149 = LINE('',#2150,#2151);
#2150 = CARTESIAN_POINT('',(-0.,0.));
#2151 = VECTOR('',#2152,1.);
#2152 = DIRECTION('',(0.,1.));
#2153 = ( GEOMETRIC_REPRESENTATION_CONTEXT(2) 
PARAMETRIC_REPRESENTATION_CONTEXT() REPRESENTATION_CONTEXT('2D SPACE',''
  ) );
#2154 = ORIENTED_EDGE('',*,*,#2155,.T.);
#2155 = EDGE_CURVE('',#2124,#1625,#2156,.T.);
#2156 = SURFACE_CURVE('',#2157,(#2160,#2167),.PCURVE_S1.);
#2157 = B_SPLINE_CURVE_WITH_KNOTS('',1,(#2158,#2159),.UNSPECIFIED.,.F.,
  .F.,(2,2),(-2.828427124708,-0.),.PIECEWISE_BEZIER_KNOTS.);
#2158 = CARTESIAN_POINT('',(50.499999964341,-6.410426E-09,
    -11.99999999886));
#2159 = CARTESIAN_POINT('',(52.499999964341,-6.40794615E-09,
    -9.999999998923));
#2160 = PCURVE('',#1507,#2161);
#2161 = DEFINITIONAL_REPRESENTATION('',(#2162),#2166);
#2162 = LINE('',#2163,#2164);
#2163 = CARTESIAN_POINT('',(0.,0.));
#2164 = VECTOR('',#2165,1.);
#2165 = DIRECTION('',(1.,0.));
#2166 = ( GEOMETRIC_REPRESENTATION_CONTEXT(2) 
PARAMETRIC_REPRESENTATION_CONTEXT() REPRESENTATION_CONTEXT('2D SPACE',''
  ) );
#2167 = PCURVE('',#2168,#2193);
#2168 = B_SPLINE_SURFACE_WITH_KNOTS('',1,11,(
    (#2169,#2170,#2171,#2172,#2173,#2174,#2175,#2176,#2177,#2178,#2179
      ,#2180)
    ,(#2181,#2182,#2183,#2184,#2185,#2186,#2187,#2188,#2189,#2190,#2191
      ,#2192
    )),.UNSPECIFIED.,.F.,.F.,.F.,(2,2),(12,12),(-2.828427124708,-0.),(0.
    ,6.28815693223),.PIECEWISE_BEZIER_KNOTS.);
#2169 = CARTESIAN_POINT('',(50.5,-2.312E-14,-16.99999999997));
#2170 = CARTESIAN_POINT('',(50.499999931413,28.845532787324,
    -16.54545454327));
#2171 = CARTESIAN_POINT('',(32.379715742684,57.690409915217,
    -16.09090909367));
#2172 = CARTESIAN_POINT('',(-3.898445537204,73.88901758016,
    -15.63636362913));
#2173 = CARTESIAN_POINT('',(-48.21776412047,64.744687564136,
    -15.1818181957));
#2174 = CARTESIAN_POINT('',(-81.26347028515,26.700778933737,
    -14.72727270042));
#2175 = CARTESIAN_POINT('',(-81.26346824974,-26.70077890832,
    -14.27272730674));
#2176 = CARTESIAN_POINT('',(-48.21776577054,-64.7446875752,
    -13.81818178545));
#2177 = CARTESIAN_POINT('',(-3.898444534034,-73.88901756829,
    -13.36363638455));
#2178 = CARTESIAN_POINT('',(32.379715253172,-57.69040991402,
    -12.9090908984));
#2179 = CARTESIAN_POINT('',(50.500000085967,-28.84553280823,
    -12.45454545715));
#2180 = CARTESIAN_POINT('',(50.499999964341,-6.410426E-09,
    -11.99999999886));
#2181 = CARTESIAN_POINT('',(52.5,6.93E-14,-15.00000000002));
#2182 = CARTESIAN_POINT('',(52.499999931414,29.987930115804,
    -14.54545454333));
#2183 = CARTESIAN_POINT('',(33.662080717584,59.975178683675,
    -14.09090909372));
#2184 = CARTESIAN_POINT('',(-4.052839408756,76.815315134242,
    -13.63636362921));
#2185 = CARTESIAN_POINT('',(-50.12737856463,67.30883394451,
    -13.18181819572));
#2186 = CARTESIAN_POINT('',(-84.48182550906,27.758235059953,
    -12.72727270053));
#2187 = CARTESIAN_POINT('',(-84.48182347366,-27.75823503449,
    -12.27272730675));
#2188 = CARTESIAN_POINT('',(-50.12738021467,-67.30883395568,
    -11.81818178555));
#2189 = CARTESIAN_POINT('',(-4.052838405586,-76.8153151223,
    -11.36363638458));
#2190 = CARTESIAN_POINT('',(33.662080228079,-59.97517868251,
    -10.90909089846));
#2191 = CARTESIAN_POINT('',(52.500000085967,-29.9879301367,
    -10.4545454572));
#2192 = CARTESIAN_POINT('',(52.499999964341,-6.40794615E-09,
    -9.999999998923));
#2193 = DEFINITIONAL_REPRESENTATION('',(#2194),#2198);
#2194 = LINE('',#2195,#2196);
#2195 = CARTESIAN_POINT('',(0.,6.28815693223));
#2196 = VECTOR('',#2197,1.);
#2197 = DIRECTION('',(1.,0.));
#2198 = ( GEOMETRIC_REPRESENTATION_CONTEXT(2) 
PARAMETRIC_REPRESENTATION_CONTEXT() REPRESENTATION_CONTEXT('2D SPACE',''
  ) );
#2199 = ORIENTED_EDGE('',*,*,#1652,.T.);
#2200 = ORIENTED_EDGE('',*,*,#1494,.F.);
#2201 = ADVANCED_FACE('',(#2202),#1553,.F.);
#2202 = FACE_BOUND('',#2203,.F.);
#2203 = EDGE_LOOP('',(#2204,#2205,#2206));
#2204 = ORIENTED_EDGE('',*,*,#1709,.F.);
#2205 = ORIENTED_EDGE('',*,*,#1540,.T.);
#2206 = ORIENTED_EDGE('',*,*,#1889,.T.);
#2207 = ADVANCED_FACE('',(#2208),#1640,.T.);
#2208 = FACE_BOUND('',#2209,.T.);
#2209 = EDGE_LOOP('',(#2210,#2211,#2246,#2275));
#2210 = ORIENTED_EDGE('',*,*,#1624,.F.);
#2211 = ORIENTED_EDGE('',*,*,#2212,.F.);
#2212 = EDGE_CURVE('',#2213,#1590,#2215,.T.);
#2213 = VERTEX_POINT('',#2214);
#2214 = CARTESIAN_POINT('',(-42.47342135295,-30.85871260244,
    -11.0000000027));
#2215 = SURFACE_CURVE('',#2216,(#2229,#2239),.PCURVE_S1.);
#2216 = B_SPLINE_CURVE_WITH_KNOTS('',11,(#2217,#2218,#2219,#2220,#2221,
    #2222,#2223,#2224,#2225,#2226,#2227,#2228),.UNSPECIFIED.,.F.,.F.,(12
    ,12),(0.,6.28815693223),.PIECEWISE_BEZIER_KNOTS.);
#2217 = CARTESIAN_POINT('',(52.499999964345,-6.40527428E-09,
    -13.99999999895));
#2218 = CARTESIAN_POINT('',(52.499999896561,29.987930080643,
    -13.54545454216));
#2219 = CARTESIAN_POINT('',(33.662080726658,59.975178692321,
    -13.09090909553));
#2220 = CARTESIAN_POINT('',(-4.052839465905,76.815314872791,
    -12.63636361473));
#2221 = CARTESIAN_POINT('',(-50.12737844003,67.308834338984,
    -12.18181822651));
#2222 = CARTESIAN_POINT('',(-84.48182548495,27.758234530947,
    -11.72727265287));
#2223 = CARTESIAN_POINT('',(-84.48182341847,-27.75823463826,
    -11.27272735056));
#2224 = CARTESIAN_POINT('',(-50.1273801929,-67.30883403999,
    -10.81818175596));
#2225 = CARTESIAN_POINT('',(-4.052838398039,-76.81531504834,
    -10.36363639467));
#2226 = CARTESIAN_POINT('',(33.662080191392,-59.97517864763,
    -9.909090895367));
#2227 = CARTESIAN_POINT('',(52.500000045955,-29.98793012292,
    -9.454545456152));
#2228 = CARTESIAN_POINT('',(52.499999928403,-1.322304552E-08,
    -8.999999997875));
#2229 = PCURVE('',#1640,#2230);
#2230 = DEFINITIONAL_REPRESENTATION('',(#2231),#2238);
#2231 = B_SPLINE_CURVE_WITH_KNOTS('',5,(#2232,#2233,#2234,#2235,#2236,
    #2237),.UNSPECIFIED.,.F.,.F.,(6,6),(0.,6.28815693223),
  .PIECEWISE_BEZIER_KNOTS.);
#2232 = CARTESIAN_POINT('',(-1.2200552E-10,-13.99999999895));
#2233 = CARTESIAN_POINT('',(1.256637070192,-12.99999999402));
#2234 = CARTESIAN_POINT('',(2.513273730273,-12.00000001189));
#2235 = CARTESIAN_POINT('',(3.769911577167,-10.99999998214));
#2236 = CARTESIAN_POINT('',(5.026548235664,-10.00000000608));
#2237 = CARTESIAN_POINT('',(6.283185306928,-8.999999997875));
#2238 = ( GEOMETRIC_REPRESENTATION_CONTEXT(2) 
PARAMETRIC_REPRESENTATION_CONTEXT() REPRESENTATION_CONTEXT('2D SPACE',''
  ) );
#2239 = PCURVE('',#2086,#2240);
#2240 = DEFINITIONAL_REPRESENTATION('',(#2241),#2245);
#2241 = LINE('',#2242,#2243);
#2242 = CARTESIAN_POINT('',(-2.828427124785,0.));
#2243 = VECTOR('',#2244,1.);
#2244 = DIRECTION('',(0.,1.));
#2245 = ( GEOMETRIC_REPRESENTATION_CONTEXT(2) 
PARAMETRIC_REPRESENTATION_CONTEXT() REPRESENTATION_CONTEXT('2D SPACE',''
  ) );
#2246 = ORIENTED_EDGE('',*,*,#2247,.T.);
#2247 = EDGE_CURVE('',#2213,#2248,#2250,.T.);
#2248 = VERTEX_POINT('',#2249);
#2249 = CARTESIAN_POINT('',(16.223410034109,-49.9304607814,
    -11.00000000004));
#2250 = SURFACE_CURVE('',#2251,(#2256,#2263),.PCURVE_S1.);
#2251 = CIRCLE('',#2252,52.5);
#2252 = AXIS2_PLACEMENT_3D('',#2253,#2254,#2255);
#2253 = CARTESIAN_POINT('',(0.,-2.44E-15,-11.));
#2254 = DIRECTION('',(-0.,2.2E-16,1.));
#2255 = DIRECTION('',(1.,0.,0.));
#2256 = PCURVE('',#1640,#2257);
#2257 = DEFINITIONAL_REPRESENTATION('',(#2258),#2262);
#2258 = LINE('',#2259,#2260);
#2259 = CARTESIAN_POINT('',(0.,-11.));
#2260 = VECTOR('',#2261,1.);
#2261 = DIRECTION('',(1.,0.));
#2262 = ( GEOMETRIC_REPRESENTATION_CONTEXT(2) 
PARAMETRIC_REPRESENTATION_CONTEXT() REPRESENTATION_CONTEXT('2D SPACE',''
  ) );
#2263 = PCURVE('',#2264,#2269);
#2264 = CONICAL_SURFACE('',#2265,48.5,0.785398163398);
#2265 = AXIS2_PLACEMENT_3D('',#2266,#2267,#2268);
#2266 = CARTESIAN_POINT('',(0.,-3.33E-15,-15.));
#2267 = DIRECTION('',(0.,2.2E-16,1.));
#2268 = DIRECTION('',(1.,0.,0.));
#2269 = DEFINITIONAL_REPRESENTATION('',(#2270),#2274);
#2270 = LINE('',#2271,#2272);
#2271 = CARTESIAN_POINT('',(0.,3.999999999999));
#2272 = VECTOR('',#2273,1.);
#2273 = DIRECTION('',(1.,0.));
#2274 = ( GEOMETRIC_REPRESENTATION_CONTEXT(2) 
PARAMETRIC_REPRESENTATION_CONTEXT() REPRESENTATION_CONTEXT('2D SPACE',''
  ) );
#2275 = ORIENTED_EDGE('',*,*,#2276,.T.);
#2276 = EDGE_CURVE('',#2248,#1625,#2277,.T.);
#2277 = SURFACE_CURVE('',#2278,(#2291,#2301),.PCURVE_S1.);
#2278 = B_SPLINE_CURVE_WITH_KNOTS('',11,(#2279,#2280,#2281,#2282,#2283,
    #2284,#2285,#2286,#2287,#2288,#2289,#2290),.UNSPECIFIED.,.F.,.F.,(12
    ,12),(0.,6.28815693223),.PIECEWISE_BEZIER_KNOTS.);
#2279 = CARTESIAN_POINT('',(52.5,6.93E-14,-15.00000000002));
#2280 = CARTESIAN_POINT('',(52.499999931414,29.987930115804,
    -14.54545454333));
#2281 = CARTESIAN_POINT('',(33.662080717584,59.975178683675,
    -14.09090909372));
#2282 = CARTESIAN_POINT('',(-4.052839408756,76.815315134242,
    -13.63636362921));
#2283 = CARTESIAN_POINT('',(-50.12737856463,67.30883394451,
    -13.18181819572));
#2284 = CARTESIAN_POINT('',(-84.48182550906,27.758235059953,
    -12.72727270053));
#2285 = CARTESIAN_POINT('',(-84.48182347366,-27.75823503449,
    -12.27272730675));
#2286 = CARTESIAN_POINT('',(-50.12738021467,-67.30883395568,
    -11.81818178555));
#2287 = CARTESIAN_POINT('',(-4.052838405586,-76.8153151223,
    -11.36363638458));
#2288 = CARTESIAN_POINT('',(33.662080228079,-59.97517868251,
    -10.90909089846));
#2289 = CARTESIAN_POINT('',(52.500000085967,-29.9879301367,
    -10.4545454572));
#2290 = CARTESIAN_POINT('',(52.499999964341,-6.40794615E-09,
    -9.999999998923));
#2291 = PCURVE('',#1640,#2292);
#2292 = DEFINITIONAL_REPRESENTATION('',(#2293),#2300);
#2293 = B_SPLINE_CURVE_WITH_KNOTS('',5,(#2294,#2295,#2296,#2297,#2298,
    #2299),.UNSPECIFIED.,.F.,.F.,(6,6),(0.,6.28815693223),
  .PIECEWISE_BEZIER_KNOTS.);
#2294 = CARTESIAN_POINT('',(1.32E-15,-15.00000000002));
#2295 = CARTESIAN_POINT('',(1.256637071519,-13.99999999529));
#2296 = CARTESIAN_POINT('',(2.513273727377,-13.00000001251));
#2297 = CARTESIAN_POINT('',(3.76991158002,-11.99999998342));
#2298 = CARTESIAN_POINT('',(5.026548234931,-11.00000000714));
#2299 = CARTESIAN_POINT('',(6.283185307058,-9.999999998923));
#2300 = ( GEOMETRIC_REPRESENTATION_CONTEXT(2) 
PARAMETRIC_REPRESENTATION_CONTEXT() REPRESENTATION_CONTEXT('2D SPACE',''
  ) );
#2301 = PCURVE('',#2168,#2302);
#2302 = DEFINITIONAL_REPRESENTATION('',(#2303),#2307);
#2303 = LINE('',#2304,#2305);
#2304 = CARTESIAN_POINT('',(-0.,0.));
#2305 = VECTOR('',#2306,1.);
#2306 = DIRECTION('',(0.,1.));
#2307 = ( GEOMETRIC_REPRESENTATION_CONTEXT(2) 
PARAMETRIC_REPRESENTATION_CONTEXT() REPRESENTATION_CONTEXT('2D SPACE',''
  ) );
#2308 = ADVANCED_FACE('',(#2309),#2057,.F.);
#2309 = FACE_BOUND('',#2310,.F.);
#2310 = EDGE_LOOP('',(#2311,#2344,#2365,#2366));
#2311 = ORIENTED_EDGE('',*,*,#2312,.F.);
#2312 = EDGE_CURVE('',#2313,#2313,#2315,.T.);
#2313 = VERTEX_POINT('',#2314);
#2314 = CARTESIAN_POINT('',(45.,0.,-15.));
#2315 = SURFACE_CURVE('',#2316,(#2321,#2328),.PCURVE_S1.);
#2316 = CIRCLE('',#2317,45.);
#2317 = AXIS2_PLACEMENT_3D('',#2318,#2319,#2320);
#2318 = CARTESIAN_POINT('',(0.,0.,-15.));
#2319 = DIRECTION('',(0.,0.,-1.));
#2320 = DIRECTION('',(1.,0.,0.));
#2321 = PCURVE('',#2057,#2322);
#2322 = DEFINITIONAL_REPRESENTATION('',(#2323),#2327);
#2323 = LINE('',#2324,#2325);
#2324 = CARTESIAN_POINT('',(0.,0.));
#2325 = VECTOR('',#2326,1.);
#2326 = DIRECTION('',(1.,0.));
#2327 = ( GEOMETRIC_REPRESENTATION_CONTEXT(2) 
PARAMETRIC_REPRESENTATION_CONTEXT() REPRESENTATION_CONTEXT('2D SPACE',''
  ) );
#2328 = PCURVE('',#2329,#2334);
#2329 = PLANE('',#2330);
#2330 = AXIS2_PLACEMENT_3D('',#2331,#2332,#2333);
#2331 = CARTESIAN_POINT('',(-5.E-15,1.19E-15,-15.));
#2332 = DIRECTION('',(0.,0.,1.));
#2333 = DIRECTION('',(1.,0.,0.));
#2334 = DEFINITIONAL_REPRESENTATION('',(#2335),#2343);
#2335 = ( BOUNDED_CURVE() B_SPLINE_CURVE(2,(#2336,#2337,#2338,#2339,
#2340,#2341,#2342),.UNSPECIFIED.,.T.,.F.) B_SPLINE_CURVE_WITH_KNOTS((1,2
    ,2,2,2,1),(-2.094395102393,0.,2.094395102393,4.188790204786,
6.28318530718,8.377580409573),.UNSPECIFIED.) CURVE() 
GEOMETRIC_REPRESENTATION_ITEM() RATIONAL_B_SPLINE_CURVE((1.,0.5,1.,0.5,
1.,0.5,1.)) REPRESENTATION_ITEM('') );
#2336 = CARTESIAN_POINT('',(45.,-1.19E-15));
#2337 = CARTESIAN_POINT('',(45.,-77.94228634059));
#2338 = CARTESIAN_POINT('',(-22.5,-38.9711431703));
#2339 = CARTESIAN_POINT('',(-90.,-1.221182119233E-14));
#2340 = CARTESIAN_POINT('',(-22.5,38.9711431703));
#2341 = CARTESIAN_POINT('',(45.,77.942286340599));
#2342 = CARTESIAN_POINT('',(45.,-1.19E-15));
#2343 = ( GEOMETRIC_REPRESENTATION_CONTEXT(2) 
PARAMETRIC_REPRESENTATION_CONTEXT() REPRESENTATION_CONTEXT('2D SPACE',''
  ) );
#2344 = ORIENTED_EDGE('',*,*,#2345,.T.);
#2345 = EDGE_CURVE('',#2313,#2037,#2346,.T.);
#2346 = SEAM_CURVE('',#2347,(#2351,#2358),.PCURVE_S1.);
#2347 = LINE('',#2348,#2349);
#2348 = CARTESIAN_POINT('',(45.,0.,-15.));
#2349 = VECTOR('',#2350,1.);
#2350 = DIRECTION('',(0.,0.,1.));
#2351 = PCURVE('',#2057,#2352);
#2352 = DEFINITIONAL_REPRESENTATION('',(#2353),#2357);
#2353 = LINE('',#2354,#2355);
#2354 = CARTESIAN_POINT('',(6.28318530718,0.));
#2355 = VECTOR('',#2356,1.);
#2356 = DIRECTION('',(0.,-1.));
#2357 = ( GEOMETRIC_REPRESENTATION_CONTEXT(2) 
PARAMETRIC_REPRESENTATION_CONTEXT() REPRESENTATION_CONTEXT('2D SPACE',''
  ) );
#2358 = PCURVE('',#2057,#2359);
#2359 = DEFINITIONAL_REPRESENTATION('',(#2360),#2364);
#2360 = LINE('',#2361,#2362);
#2361 = CARTESIAN_POINT('',(0.,0.));
#2362 = VECTOR('',#2363,1.);
#2363 = DIRECTION('',(0.,-1.));
#2364 = ( GEOMETRIC_REPRESENTATION_CONTEXT(2) 
PARAMETRIC_REPRESENTATION_CONTEXT() REPRESENTATION_CONTEXT('2D SPACE',''
  ) );
#2365 = ORIENTED_EDGE('',*,*,#2036,.T.);
#2366 = ORIENTED_EDGE('',*,*,#2345,.F.);
#2367 = ADVANCED_FACE('',(#2368),#2086,.F.);
#2368 = FACE_BOUND('',#2369,.F.);
#2369 = EDGE_LOOP('',(#2370,#2371,#2511,#2556,#2557));
#2370 = ORIENTED_EDGE('',*,*,#2212,.F.);
#2371 = ORIENTED_EDGE('',*,*,#2372,.F.);
#2372 = EDGE_CURVE('',#2373,#2213,#2375,.T.);
#2373 = VERTEX_POINT('',#2374);
#2374 = CARTESIAN_POINT('',(50.999999982731,-3.204889E-09,
    -12.50000001727));
#2375 = SURFACE_CURVE('',#2376,(#2419,#2465),.PCURVE_S1.);
#2376 = B_SPLINE_CURVE_WITH_KNOTS('',6,(#2377,#2378,#2379,#2380,#2381,
    #2382,#2383,#2384,#2385,#2386,#2387,#2388,#2389,#2390,#2391,#2392,
    #2393,#2394,#2395,#2396,#2397,#2398,#2399,#2400,#2401,#2402,#2403,
    #2404,#2405,#2406,#2407,#2408,#2409,#2410,#2411,#2412,#2413,#2414,
    #2415,#2416,#2417,#2418),.UNSPECIFIED.,.F.,.F.,(7,5,5,5,5,5,5,5,7),(
    0.,0.125079136061,0.245290384674,0.367292627598,0.491052119688,
    0.616608437443,0.742586580242,0.870376867995,1.),.UNSPECIFIED.);
#2377 = CARTESIAN_POINT('',(50.999999982783,-1.776E-14,-12.50000001721)
  );
#2378 = CARTESIAN_POINT('',(51.031727972652,4.066798778085,
    -12.46827202632));
#2379 = CARTESIAN_POINT('',(50.674327510128,8.137146415308,
    -12.43652186448));
#2380 = CARTESIAN_POINT('',(49.927544851668,12.163342113064,
    -12.40482943502));
#2381 = CARTESIAN_POINT('',(48.799323462164,16.099661727908,
    -12.37317788079));
#2382 = CARTESIAN_POINT('',(47.303667753094,19.901972663283,
    -12.34155391864));
#2383 = CARTESIAN_POINT('',(43.69302511417,27.013445765467,
    -12.27959304741));
#2384 = CARTESIAN_POINT('',(41.603997872866,30.336846545289,
    -12.24924712987));
#2385 = CARTESIAN_POINT('',(39.214594581586,33.461164445647,
    -12.21892122133));
#2386 = CARTESIAN_POINT('',(36.549276981823,36.353620635088,
    -12.18860929528));
#2387 = CARTESIAN_POINT('',(33.636526438963,38.984994794698,
    -12.15831075164));
#2388 = CARTESIAN_POINT('',(27.336778781509,43.711241122979,
    -12.0973074386));
#2389 = CARTESIAN_POINT('',(23.942664260925,45.798059483356,
    -12.06659669559));
#2390 = CARTESIAN_POINT('',(20.362553060432,47.565104350115,
    -12.03591215529));
#2391 = CARTESIAN_POINT('',(16.634287635974,48.993135246076,
    -12.00525203748));
#2392 = CARTESIAN_POINT('',(12.79782961157,50.068118708605,
    -11.97461195735));
#2393 = CARTESIAN_POINT('',(4.937625782397,51.507631546117,
    -11.91294382075));
#2394 = CARTESIAN_POINT('',(0.911068164532,51.861871298417,
    -11.88190947396));
#2395 = CARTESIAN_POINT('',(-3.139382513232,51.837494965752,
    -11.85090201008));
#2396 = CARTESIAN_POINT('',(-7.169730192427,51.434247852226,
    -11.81991537468));
#2397 = CARTESIAN_POINT('',(-11.13643950036,50.657722791852,
    -11.7889450272));
#2398 = CARTESIAN_POINT('',(-18.91282940406,48.367912578693,
    -11.72660392294));
#2399 = CARTESIAN_POINT('',(-22.72033352349,46.843817305508,
    -11.69522645042));
#2400 = CARTESIAN_POINT('',(-26.37423665758,44.962194220548,
    -11.66387518365));
#2401 = CARTESIAN_POINT('',(-29.8337442306,42.743441836836,
    -11.63254702352));
#2402 = CARTESIAN_POINT('',(-33.06125613573,40.213186176858,
    -11.60123902515));
#2403 = CARTESIAN_POINT('',(-38.99542516328,34.585029170347,
    -11.53857538457));
#2404 = CARTESIAN_POINT('',(-41.70102014278,31.484562044391,
    -11.50721239007));
#2405 = CARTESIAN_POINT('',(-44.10618931139,28.134889534018,
    -11.47587928922));
#2406 = CARTESIAN_POINT('',(-46.18381618211,24.57284656583,
    -11.44457108174));
#2407 = CARTESIAN_POINT('',(-47.91202243793,20.838477796199,
    -11.41328185761));
#2408 = CARTESIAN_POINT('',(-50.65911906284,13.057883703519,
    -11.35030517613));
#2409 = CARTESIAN_POINT('',(-51.66779420944,9.006965200568,
    -11.31861063595));
#2410 = CARTESIAN_POINT('',(-52.28574789881,4.86919696612,
    -11.28694179121));
#2411 = CARTESIAN_POINT('',(-52.50542479357,0.691368960368,
    -11.25529246889));
#2412 = CARTESIAN_POINT('',(-52.32566103351,-3.479249959036,
    -11.22365812233));
#2413 = CARTESIAN_POINT('',(-51.17344133458,-11.76940630426,
    -11.15998485162));
#2414 = CARTESIAN_POINT('',(-50.18950137616,-15.88844197335,
    -11.12793838659));
#2415 = CARTESIAN_POINT('',(-48.80896681135,-19.90193567506,
    -11.09591857291));
#2416 = CARTESIAN_POINT('',(-47.04725686453,-23.76326588352,
    -11.06392220146));
#2417 = CARTESIAN_POINT('',(-44.92593749024,-27.428447223,
    -11.03194613519));
#2418 = CARTESIAN_POINT('',(-42.47463786326,-30.85701117063,-11.));
#2419 = PCURVE('',#2086,#2420);
#2420 = DEFINITIONAL_REPRESENTATION('',(#2421),#2464);
#2421 = B_SPLINE_CURVE_WITH_KNOTS('',6,(#2422,#2423,#2424,#2425,#2426,
    #2427,#2428,#2429,#2430,#2431,#2432,#2433,#2434,#2435,#2436,#2437,
    #2438,#2439,#2440,#2441,#2442,#2443,#2444,#2445,#2446,#2447,#2448,
    #2449,#2450,#2451,#2452,#2453,#2454,#2455,#2456,#2457,#2458,#2459,
    #2460,#2461,#2462,#2463),.UNSPECIFIED.,.F.,.F.,(7,5,5,5,5,5,5,5,7),(
    0.,0.125079136061,0.245290384674,0.367292627598,0.491052119688,
    0.616608437443,0.742586580242,0.870376867995,1.),.UNSPECIFIED.);
#2422 = CARTESIAN_POINT('',(-0.707106807554,6.2878655E-10));
#2423 = CARTESIAN_POINT('',(-0.751976978129,7.980424841093E-02));
#2424 = CARTESIAN_POINT('',(-0.796760273127,0.159559121408));
#2425 = CARTESIAN_POINT('',(-0.841545318405,0.239242948206));
#2426 = CARTESIAN_POINT('',(-0.886321621364,0.318867591198));
#2427 = CARTESIAN_POINT('',(-0.931083405302,0.398444623907));
#2428 = CARTESIAN_POINT('',(-1.018791739308,0.554365799592));
#2429 = CARTESIAN_POINT('',(-1.061751094649,0.630732659757));
#2430 = CARTESIAN_POINT('',(-1.104667209401,0.707035902998));
#2431 = CARTESIAN_POINT('',(-1.147542731898,0.783285463567));
#2432 = CARTESIAN_POINT('',(-1.190387292089,0.85949065985));
#2433 = CARTESIAN_POINT('',(-1.276638703077,1.012911968315));
#2434 = CARTESIAN_POINT('',(-1.320053896989,1.090143012465));
#2435 = CARTESIAN_POINT('',(-1.363432940926,1.167308955824));
#2436 = CARTESIAN_POINT('',(-1.406784794704,1.244420005047));
#2437 = CARTESIAN_POINT('',(-1.450114203139,1.321485894061));
#2438 = CARTESIAN_POINT('',(-1.537328496941,1.476599577656));
#2439 = CARTESIAN_POINT('',(-1.581222347105,1.554663255356));
#2440 = CARTESIAN_POINT('',(-1.625078934817,1.632659987514));
#2441 = CARTESIAN_POINT('',(-1.668901980498,1.710600696872));
#2442 = CARTESIAN_POINT('',(-1.712696786728,1.788495809245));
#2443 = CARTESIAN_POINT('',(-1.800844825079,1.945286198085));
#2444 = CARTESIAN_POINT('',(-1.845207448446,2.02419827191));
#2445 = CARTESIAN_POINT('',(-1.889530322596,2.103042040397));
#2446 = CARTESIAN_POINT('',(-1.933822036004,2.181829038635));
#2447 = CARTESIAN_POINT('',(-1.97809070288,2.260570185996));
#2448 = CARTESIAN_POINT('',(-2.066708702495,2.418184133618));
#2449 = CARTESIAN_POINT('',(-2.111068483368,2.497075471675));
#2450 = CARTESIAN_POINT('',(-2.155394004093,2.575898747688));
#2451 = CARTESIAN_POINT('',(-2.199691040208,2.654665386246));
#2452 = CARTESIAN_POINT('',(-2.243963455509,2.733386255962));
#2453 = CARTESIAN_POINT('',(-2.333068466,2.891826982589));
#2454 = CARTESIAN_POINT('',(-2.377911022866,2.971564605806));
#2455 = CARTESIAN_POINT('',(-2.422711455227,3.051232453175));
#2456 = CARTESIAN_POINT('',(-2.467474644559,3.130842629069));
#2457 = CARTESIAN_POINT('',(-2.512207111357,3.210406650045));
#2458 = CARTESIAN_POINT('',(-2.602229844966,3.370539541673));
#2459 = CARTESIAN_POINT('',(-2.647530576206,3.451127201693));
#2460 = CARTESIAN_POINT('',(-2.692788778813,3.531643524704));
#2461 = CARTESIAN_POINT('',(-2.738014224547,3.612101235206));
#2462 = CARTESIAN_POINT('',(-2.783216047732,3.692512402973));
#2463 = CARTESIAN_POINT('',(-2.828382282845,3.772854280435));
#2464 = ( GEOMETRIC_REPRESENTATION_CONTEXT(2) 
PARAMETRIC_REPRESENTATION_CONTEXT() REPRESENTATION_CONTEXT('2D SPACE',''
  ) );
#2465 = PCURVE('',#2264,#2466);
#2466 = DEFINITIONAL_REPRESENTATION('',(#2467),#2510);
#2467 = B_SPLINE_CURVE_WITH_KNOTS('',6,(#2468,#2469,#2470,#2471,#2472,
    #2473,#2474,#2475,#2476,#2477,#2478,#2479,#2480,#2481,#2482,#2483,
    #2484,#2485,#2486,#2487,#2488,#2489,#2490,#2491,#2492,#2493,#2494,
    #2495,#2496,#2497,#2498,#2499,#2500,#2501,#2502,#2503,#2504,#2505,
    #2506,#2507,#2508,#2509),.UNSPECIFIED.,.F.,.F.,(7,5,5,5,5,5,5,5,7),(
    0.,0.125079136061,0.245290384674,0.367292627598,0.491052119688,
    0.616608437443,0.742586580242,0.870376867995,1.),.UNSPECIFIED.);
#2468 = CARTESIAN_POINT('',(0.,2.499999982783));
#2469 = CARTESIAN_POINT('',(7.97411525384E-02,2.531727973163));
#2470 = CARTESIAN_POINT('',(0.159432687155,2.563478136584));
#2471 = CARTESIAN_POINT('',(0.23905295155,2.59517056401));
#2472 = CARTESIAN_POINT('',(0.318614547816,2.626822119568));
#2473 = CARTESIAN_POINT('',(0.398128827059,2.658446081354));
#2474 = CARTESIAN_POINT('',(0.553927370892,2.720406952587));
#2475 = CARTESIAN_POINT('',(0.630234314638,2.750752870125));
#2476 = CARTESIAN_POINT('',(0.706477711087,2.781078778663));
#2477 = CARTESIAN_POINT('',(0.782667271517,2.811390704716));
#2478 = CARTESIAN_POINT('',(0.858812276535,2.841689248353));
#2479 = CARTESIAN_POINT('',(1.01211203222,2.902692561391));
#2480 = CARTESIAN_POINT('',(1.089281698049,2.933403304408));
#2481 = CARTESIAN_POINT('',(1.166386167636,2.964087844705));
#2482 = CARTESIAN_POINT('',(1.2434357796,2.994747962518));
#2483 = CARTESIAN_POINT('',(1.320440367165,3.025388042645));
#2484 = CARTESIAN_POINT('',(1.47543094516,3.087056179242));
#2485 = CARTESIAN_POINT('',(1.553432810134,3.118090526034));
#2486 = CARTESIAN_POINT('',(1.6313679686,3.149097989914));
#2487 = CARTESIAN_POINT('',(1.709247305348,3.180084625318));
#2488 = CARTESIAN_POINT('',(1.787081151881,3.211054972797));
#2489 = CARTESIAN_POINT('',(1.943748232299,3.273396077058));
#2490 = CARTESIAN_POINT('',(2.022598250249,3.304773549571));
#2491 = CARTESIAN_POINT('',(2.101379950624,3.336124816343));
#2492 = CARTESIAN_POINT('',(2.180104802195,3.367452976478));
#2493 = CARTESIAN_POINT('',(2.258783725006,3.398760974848));
#2494 = CARTESIAN_POINT('',(2.416272954214,3.461424615422));
#2495 = CARTESIAN_POINT('',(2.495101783362,3.492787609925));
#2496 = CARTESIAN_POINT('',(2.573862552814,3.524120710773));
#2497 = CARTESIAN_POINT('',(2.652566738415,3.555428918257));
#2498 = CARTESIAN_POINT('',(2.731225237456,3.586718142388));
#2499 = CARTESIAN_POINT('',(2.889540534888,3.649694823867));
#2500 = CARTESIAN_POINT('',(2.969215086988,3.681389364134));
#2501 = CARTESIAN_POINT('',(3.04881997872,3.71305820857));
#2502 = CARTESIAN_POINT('',(3.128367277654,3.744707531258));
#2503 = CARTESIAN_POINT('',(3.207868444489,3.776341877724));
#2504 = CARTESIAN_POINT('',(3.367874759724,3.840015148428));
#2505 = CARTESIAN_POINT('',(3.448398681689,3.872061613184));
#2506 = CARTESIAN_POINT('',(3.528851258502,3.904081427597));
#2507 = CARTESIAN_POINT('',(3.609245202666,3.936077798023));
#2508 = CARTESIAN_POINT('',(3.689592615499,3.968053864966));
#2509 = CARTESIAN_POINT('',(3.769870816692,3.999999999999));
#2510 = ( GEOMETRIC_REPRESENTATION_CONTEXT(2) 
PARAMETRIC_REPRESENTATION_CONTEXT() REPRESENTATION_CONTEXT('2D SPACE',''
  ) );
#2511 = ORIENTED_EDGE('',*,*,#2512,.T.);
#2512 = EDGE_CURVE('',#2373,#2124,#2513,.T.);
#2513 = SURFACE_CURVE('',#2514,(#2517,#2524),.PCURVE_S1.);
#2514 = B_SPLINE_CURVE_WITH_KNOTS('',1,(#2515,#2516),.UNSPECIFIED.,.F.,
  .F.,(2,2),(-2.828427124785,-0.),.PIECEWISE_BEZIER_KNOTS.);
#2515 = CARTESIAN_POINT('',(52.49999996434,-6.40782637E-09,
    -13.99999999892));
#2516 = CARTESIAN_POINT('',(50.499999964341,-6.410426E-09,
    -11.99999999886));
#2517 = PCURVE('',#2086,#2518);
#2518 = DEFINITIONAL_REPRESENTATION('',(#2519),#2523);
#2519 = LINE('',#2520,#2521);
#2520 = CARTESIAN_POINT('',(0.,0.));
#2521 = VECTOR('',#2522,1.);
#2522 = DIRECTION('',(1.,0.));
#2523 = ( GEOMETRIC_REPRESENTATION_CONTEXT(2) 
PARAMETRIC_REPRESENTATION_CONTEXT() REPRESENTATION_CONTEXT('2D SPACE',''
  ) );
#2524 = PCURVE('',#2525,#2550);
#2525 = B_SPLINE_SURFACE_WITH_KNOTS('',1,11,(
    (#2526,#2527,#2528,#2529,#2530,#2531,#2532,#2533,#2534,#2535,#2536
      ,#2537)
    ,(#2538,#2539,#2540,#2541,#2542,#2543,#2544,#2545,#2546,#2547,#2548
      ,#2549
    )),.UNSPECIFIED.,.F.,.F.,.F.,(2,2),(12,12),(-2.828427124785,-0.),(0.
    ,6.28815693223),.PIECEWISE_BEZIER_KNOTS.);
#2526 = CARTESIAN_POINT('',(52.500000000001,-3.83E-14,-19.00000000002));
#2527 = CARTESIAN_POINT('',(52.499999931412,29.987930115804,
    -18.54545454333));
#2528 = CARTESIAN_POINT('',(33.662080717579,59.975178683669,
    -18.09090909372));
#2529 = CARTESIAN_POINT('',(-4.052839408733,76.815315134263,
    -17.63636362921));
#2530 = CARTESIAN_POINT('',(-50.12737856468,67.308833944476,
    -17.18181819572));
#2531 = CARTESIAN_POINT('',(-84.48182550898,27.758235059984,
    -16.72727270053));
#2532 = CARTESIAN_POINT('',(-84.48182347375,-27.75823503451,
    -16.27272730675));
#2533 = CARTESIAN_POINT('',(-50.12738021461,-67.30883395568,
    -15.81818178555));
#2534 = CARTESIAN_POINT('',(-4.052838405619,-76.81531512229,
    -15.36363638458));
#2535 = CARTESIAN_POINT('',(33.662080228084,-59.97517868251,
    -14.90909089846));
#2536 = CARTESIAN_POINT('',(52.50000008597,-29.9879301367,-14.4545454572
    ));
#2537 = CARTESIAN_POINT('',(52.49999996434,-6.40782637E-09,
    -13.99999999892));
#2538 = CARTESIAN_POINT('',(50.5,-2.312E-14,-16.99999999997));
#2539 = CARTESIAN_POINT('',(50.499999931413,28.845532787324,
    -16.54545454327));
#2540 = CARTESIAN_POINT('',(32.379715742684,57.690409915217,
    -16.09090909367));
#2541 = CARTESIAN_POINT('',(-3.898445537204,73.88901758016,
    -15.63636362913));
#2542 = CARTESIAN_POINT('',(-48.21776412047,64.744687564136,
    -15.1818181957));
#2543 = CARTESIAN_POINT('',(-81.26347028515,26.700778933737,
    -14.72727270042));
#2544 = CARTESIAN_POINT('',(-81.26346824974,-26.70077890832,
    -14.27272730674));
#2545 = CARTESIAN_POINT('',(-48.21776577054,-64.7446875752,
    -13.81818178545));
#2546 = CARTESIAN_POINT('',(-3.898444534034,-73.88901756829,
    -13.36363638455));
#2547 = CARTESIAN_POINT('',(32.379715253172,-57.69040991402,
    -12.9090908984));
#2548 = CARTESIAN_POINT('',(50.500000085967,-28.84553280823,
    -12.45454545715));
#2549 = CARTESIAN_POINT('',(50.499999964341,-6.410426E-09,
    -11.99999999886));
#2550 = DEFINITIONAL_REPRESENTATION('',(#2551),#2555);
#2551 = LINE('',#2552,#2553);
#2552 = CARTESIAN_POINT('',(0.,6.28815693223));
#2553 = VECTOR('',#2554,1.);
#2554 = DIRECTION('',(1.,0.));
#2555 = ( GEOMETRIC_REPRESENTATION_CONTEXT(2) 
PARAMETRIC_REPRESENTATION_CONTEXT() REPRESENTATION_CONTEXT('2D SPACE',''
  ) );
#2556 = ORIENTED_EDGE('',*,*,#2123,.T.);
#2557 = ORIENTED_EDGE('',*,*,#2073,.F.);
#2558 = ADVANCED_FACE('',(#2559),#2168,.F.);
#2559 = FACE_BOUND('',#2560,.F.);
#2560 = EDGE_LOOP('',(#2561,#2593,#2620,#2621));
#2561 = ORIENTED_EDGE('',*,*,#2562,.F.);
#2562 = EDGE_CURVE('',#2563,#2124,#2565,.T.);
#2563 = VERTEX_POINT('',#2564);
#2564 = CARTESIAN_POINT('',(15.605316564826,-48.02836658432,
    -13.00000097181));
#2565 = SURFACE_CURVE('',#2566,(#2579,#2586),.PCURVE_S1.);
#2566 = B_SPLINE_CURVE_WITH_KNOTS('',11,(#2567,#2568,#2569,#2570,#2571,
    #2572,#2573,#2574,#2575,#2576,#2577,#2578),.UNSPECIFIED.,.F.,.F.,(12
    ,12),(0.,6.28815693223),.PIECEWISE_BEZIER_KNOTS.);
#2567 = CARTESIAN_POINT('',(50.5,-2.312E-14,-16.99999999997));
#2568 = CARTESIAN_POINT('',(50.499999931413,28.845532787324,
    -16.54545454327));
#2569 = CARTESIAN_POINT('',(32.379715742684,57.690409915217,
    -16.09090909367));
#2570 = CARTESIAN_POINT('',(-3.898445537204,73.88901758016,
    -15.63636362913));
#2571 = CARTESIAN_POINT('',(-48.21776412047,64.744687564136,
    -15.1818181957));
#2572 = CARTESIAN_POINT('',(-81.26347028515,26.700778933737,
    -14.72727270042));
#2573 = CARTESIAN_POINT('',(-81.26346824974,-26.70077890832,
    -14.27272730674));
#2574 = CARTESIAN_POINT('',(-48.21776577054,-64.7446875752,
    -13.81818178545));
#2575 = CARTESIAN_POINT('',(-3.898444534034,-73.88901756829,
    -13.36363638455));
#2576 = CARTESIAN_POINT('',(32.379715253172,-57.69040991402,
    -12.9090908984));
#2577 = CARTESIAN_POINT('',(50.500000085967,-28.84553280823,
    -12.45454545715));
#2578 = CARTESIAN_POINT('',(50.499999964341,-6.410426E-09,
    -11.99999999886));
#2579 = PCURVE('',#2168,#2580);
#2580 = DEFINITIONAL_REPRESENTATION('',(#2581),#2585);
#2581 = LINE('',#2582,#2583);
#2582 = CARTESIAN_POINT('',(-2.828427124708,0.));
#2583 = VECTOR('',#2584,1.);
#2584 = DIRECTION('',(0.,1.));
#2585 = ( GEOMETRIC_REPRESENTATION_CONTEXT(2) 
PARAMETRIC_REPRESENTATION_CONTEXT() REPRESENTATION_CONTEXT('2D SPACE',''
  ) );
#2586 = PCURVE('',#2525,#2587);
#2587 = DEFINITIONAL_REPRESENTATION('',(#2588),#2592);
#2588 = LINE('',#2589,#2590);
#2589 = CARTESIAN_POINT('',(-0.,0.));
#2590 = VECTOR('',#2591,1.);
#2591 = DIRECTION('',(0.,1.));
#2592 = ( GEOMETRIC_REPRESENTATION_CONTEXT(2) 
PARAMETRIC_REPRESENTATION_CONTEXT() REPRESENTATION_CONTEXT('2D SPACE',''
  ) );
#2593 = ORIENTED_EDGE('',*,*,#2594,.F.);
#2594 = EDGE_CURVE('',#2248,#2563,#2595,.T.);
#2595 = SURFACE_CURVE('',#2596,(#2602,#2611),.PCURVE_S1.);
#2596 = B_SPLINE_CURVE_WITH_KNOTS('',4,(#2597,#2598,#2599,#2600,#2601),
  .UNSPECIFIED.,.F.,.F.,(5,5),(0.,1.),.PIECEWISE_BEZIER_KNOTS.);
#2597 = CARTESIAN_POINT('',(16.223346520984,-49.93048088717,
    -11.00000100986));
#2598 = CARTESIAN_POINT('',(16.068839054634,-49.45495230409,
    -11.50000100035));
#2599 = CARTESIAN_POINT('',(15.914331573153,-48.97942372592,
    -12.00000099084));
#2600 = CARTESIAN_POINT('',(15.759824076542,-48.50389515266,
    -12.50000098132));
#2601 = CARTESIAN_POINT('',(15.605316564797,-48.02836658433,
    -13.00000097181));
#2602 = PCURVE('',#2168,#2603);
#2603 = DEFINITIONAL_REPRESENTATION('',(#2604),#2610);
#2604 = B_SPLINE_CURVE_WITH_KNOTS('',4,(#2605,#2606,#2607,#2608,#2609),
  .UNSPECIFIED.,.F.,.F.,(5,5),(0.,1.),.PIECEWISE_BEZIER_KNOTS.);
#2605 = CARTESIAN_POINT('',(0.,5.030524275131));
#2606 = CARTESIAN_POINT('',(-0.707106781177,5.030524287074));
#2607 = CARTESIAN_POINT('',(-1.414213562354,5.030524299017));
#2608 = CARTESIAN_POINT('',(-2.121320343531,5.03052431096));
#2609 = CARTESIAN_POINT('',(-2.828427124708,5.030524322903));
#2610 = ( GEOMETRIC_REPRESENTATION_CONTEXT(2) 
PARAMETRIC_REPRESENTATION_CONTEXT() REPRESENTATION_CONTEXT('2D SPACE',''
  ) );
#2611 = PCURVE('',#2264,#2612);
#2612 = DEFINITIONAL_REPRESENTATION('',(#2613),#2619);
#2613 = B_SPLINE_CURVE_WITH_KNOTS('',4,(#2614,#2615,#2616,#2617,#2618),
  .UNSPECIFIED.,.F.,.F.,(5,5),(0.,1.),.PIECEWISE_BEZIER_KNOTS.);
#2614 = CARTESIAN_POINT('',(5.026547337047,3.999998990138));
#2615 = CARTESIAN_POINT('',(5.02654734898,3.499998999649));
#2616 = CARTESIAN_POINT('',(5.026547360912,2.99999900916));
#2617 = CARTESIAN_POINT('',(5.026547372844,2.499999018671));
#2618 = CARTESIAN_POINT('',(5.026547384777,1.999999028182));
#2619 = ( GEOMETRIC_REPRESENTATION_CONTEXT(2) 
PARAMETRIC_REPRESENTATION_CONTEXT() REPRESENTATION_CONTEXT('2D SPACE',''
  ) );
#2620 = ORIENTED_EDGE('',*,*,#2276,.T.);
#2621 = ORIENTED_EDGE('',*,*,#2155,.F.);
#2622 = ADVANCED_FACE('',(#2623),#2264,.T.);
#2623 = FACE_BOUND('',#2624,.T.);
#2624 = EDGE_LOOP('',(#2625,#2648,#2670,#2671,#2752,#2753,#2754));
#2625 = ORIENTED_EDGE('',*,*,#2626,.F.);
#2626 = EDGE_CURVE('',#2627,#2373,#2629,.T.);
#2627 = VERTEX_POINT('',#2628);
#2628 = CARTESIAN_POINT('',(48.5,-3.E-15,-15.));
#2629 = SEAM_CURVE('',#2630,(#2634,#2641),.PCURVE_S1.);
#2630 = LINE('',#2631,#2632);
#2631 = CARTESIAN_POINT('',(48.5,0.,-15.));
#2632 = VECTOR('',#2633,1.);
#2633 = DIRECTION('',(0.707106781187,0.,0.707106781186));
#2634 = PCURVE('',#2264,#2635);
#2635 = DEFINITIONAL_REPRESENTATION('',(#2636),#2640);
#2636 = LINE('',#2637,#2638);
#2637 = CARTESIAN_POINT('',(0.,0.));
#2638 = VECTOR('',#2639,1.);
#2639 = DIRECTION('',(0.,1.));
#2640 = ( GEOMETRIC_REPRESENTATION_CONTEXT(2) 
PARAMETRIC_REPRESENTATION_CONTEXT() REPRESENTATION_CONTEXT('2D SPACE',''
  ) );
#2641 = PCURVE('',#2264,#2642);
#2642 = DEFINITIONAL_REPRESENTATION('',(#2643),#2647);
#2643 = LINE('',#2644,#2645);
#2644 = CARTESIAN_POINT('',(6.28318530718,0.));
#2645 = VECTOR('',#2646,1.);
#2646 = DIRECTION('',(0.,1.));
#2647 = ( GEOMETRIC_REPRESENTATION_CONTEXT(2) 
PARAMETRIC_REPRESENTATION_CONTEXT() REPRESENTATION_CONTEXT('2D SPACE',''
  ) );
#2648 = ORIENTED_EDGE('',*,*,#2649,.T.);
#2649 = EDGE_CURVE('',#2627,#2627,#2650,.T.);
#2650 = SURFACE_CURVE('',#2651,(#2656,#2663),.PCURVE_S1.);
#2651 = CIRCLE('',#2652,48.5);
#2652 = AXIS2_PLACEMENT_3D('',#2653,#2654,#2655);
#2653 = CARTESIAN_POINT('',(0.,-3.33E-15,-15.));
#2654 = DIRECTION('',(-0.,2.2E-16,1.));
#2655 = DIRECTION('',(1.,0.,0.));
#2656 = PCURVE('',#2264,#2657);
#2657 = DEFINITIONAL_REPRESENTATION('',(#2658),#2662);
#2658 = LINE('',#2659,#2660);
#2659 = CARTESIAN_POINT('',(0.,0.));
#2660 = VECTOR('',#2661,1.);
#2661 = DIRECTION('',(1.,0.));
#2662 = ( GEOMETRIC_REPRESENTATION_CONTEXT(2) 
PARAMETRIC_REPRESENTATION_CONTEXT() REPRESENTATION_CONTEXT('2D SPACE',''
  ) );
#2663 = PCURVE('',#2329,#2664);
#2664 = DEFINITIONAL_REPRESENTATION('',(#2665),#2669);
#2665 = CIRCLE('',#2666,48.5);
#2666 = AXIS2_PLACEMENT_2D('',#2667,#2668);
#2667 = CARTESIAN_POINT('',(5.E-15,-4.52E-15));
#2668 = DIRECTION('',(1.,0.));
#2669 = ( GEOMETRIC_REPRESENTATION_CONTEXT(2) 
PARAMETRIC_REPRESENTATION_CONTEXT() REPRESENTATION_CONTEXT('2D SPACE',''
  ) );
#2670 = ORIENTED_EDGE('',*,*,#2626,.T.);
#2671 = ORIENTED_EDGE('',*,*,#2672,.F.);
#2672 = EDGE_CURVE('',#2563,#2373,#2673,.T.);
#2673 = SURFACE_CURVE('',#2674,(#2698,#2725),.PCURVE_S1.);
#2674 = B_SPLINE_CURVE_WITH_KNOTS('',8,(#2675,#2676,#2677,#2678,#2679,
    #2680,#2681,#2682,#2683,#2684,#2685,#2686,#2687,#2688,#2689,#2690,
    #2691,#2692,#2693,#2694,#2695,#2696,#2697),.UNSPECIFIED.,.F.,.F.,(9,
    7,7,9),(0.,0.251129758924,0.499885924631,1.),.UNSPECIFIED.);
#2675 = CARTESIAN_POINT('',(15.605316564787,-48.02836658433,
    -13.00000097181));
#2676 = CARTESIAN_POINT('',(17.514053084497,-47.42476540143,
    -12.9842295112));
#2677 = CARTESIAN_POINT('',(19.395476836891,-46.73467553087,
    -12.96846384865));
#2678 = CARTESIAN_POINT('',(21.244977219408,-45.95958877572,
    -12.95270438147));
#2679 = CARTESIAN_POINT('',(23.058092802417,-45.10128195335,
    -12.93695107437));
#2680 = CARTESIAN_POINT('',(24.830503168416,-44.16179908134,
    -12.92120362927));
#2681 = CARTESIAN_POINT('',(26.558026267332,-43.1434445946,
    -12.90546167425));
#2682 = CARTESIAN_POINT('',(28.236621287945,-42.04878759363,
    -12.88972497164));
#2683 = CARTESIAN_POINT('',(31.472806522436,-39.72360723825,
    -12.85841100605));
#2684 = CARTESIAN_POINT('',(33.031445994952,-38.4944259354,
    -12.84283310713));
#2685 = CARTESIAN_POINT('',(34.534529135433,-37.19589248834,
    -12.82726005775));
#2686 = CARTESIAN_POINT('',(35.978489190426,-35.83098064566,
    -12.81169160092));
#2687 = CARTESIAN_POINT('',(37.359966540752,-34.40286514367,
    -12.79612735318));
#2688 = CARTESIAN_POINT('',(38.675804350363,-32.91491641663,
    -12.78056703844));
#2689 = CARTESIAN_POINT('',(39.923052303898,-31.37070350528,
    -12.76501071571));
#2690 = CARTESIAN_POINT('',(43.463129717587,-26.56390859156,
    -12.71819291538));
#2691 = CARTESIAN_POINT('',(45.539706303974,-23.14071248302,
    -12.68693615392));
#2692 = CARTESIAN_POINT('',(47.305492391885,-19.53587561996,
    -12.65570314173));
#2693 = CARTESIAN_POINT('',(48.742738450288,-15.78272862602,
    -12.62449851273));
#2694 = CARTESIAN_POINT('',(49.837900082638,-11.91594660015,
    -12.59332710315));
#2695 = CARTESIAN_POINT('',(50.581658495692,-7.971501403535,
    -12.56219650832));
#2696 = CARTESIAN_POINT('',(50.968897695105,-3.986598368039,
    -12.53110230464));
#2697 = CARTESIAN_POINT('',(50.999999982781,1.16529E-12,-12.50000001722)
  );
#2698 = PCURVE('',#2264,#2699);
#2699 = DEFINITIONAL_REPRESENTATION('',(#2700),#2724);
#2700 = B_SPLINE_CURVE_WITH_KNOTS('',8,(#2701,#2702,#2703,#2704,#2705,
    #2706,#2707,#2708,#2709,#2710,#2711,#2712,#2713,#2714,#2715,#2716,
    #2717,#2718,#2719,#2720,#2721,#2722,#2723),.UNSPECIFIED.,.F.,.F.,(9,
    7,7,9),(0.,0.251129758924,0.499885924631,1.),.UNSPECIFIED.);
#2701 = CARTESIAN_POINT('',(5.026547384777,1.999999028181));
#2702 = CARTESIAN_POINT('',(5.066187768547,2.015770488795));
#2703 = CARTESIAN_POINT('',(5.105814710701,2.031536151343));
#2704 = CARTESIAN_POINT('',(5.145427223687,2.047295618521));
#2705 = CARTESIAN_POINT('',(5.18502525581,2.063048925621));
#2706 = CARTESIAN_POINT('',(5.224609216672,2.078796370723));
#2707 = CARTESIAN_POINT('',(5.264179508434,2.094538325746));
#2708 = CARTESIAN_POINT('',(5.303736062875,2.110275028354));
#2709 = CARTESIAN_POINT('',(5.382445969802,2.141588993947));
#2710 = CARTESIAN_POINT('',(5.42160094183,2.157166892869));
#2711 = CARTESIAN_POINT('',(5.460741871146,2.172739942241));
#2712 = CARTESIAN_POINT('',(5.49986870848,2.188308399075));
#2713 = CARTESIAN_POINT('',(5.538981837896,2.203872646818));
#2714 = CARTESIAN_POINT('',(5.578081636118,2.219432961558));
#2715 = CARTESIAN_POINT('',(5.617168037822,2.234989284287));
#2716 = CARTESIAN_POINT('',(5.734792900237,2.281807084611));
#2717 = CARTESIAN_POINT('',(5.813311134671,2.31306384616));
#2718 = CARTESIAN_POINT('',(5.891763296923,2.344296857942));
#2719 = CARTESIAN_POINT('',(5.970151185598,2.375501487868));
#2720 = CARTESIAN_POINT('',(6.048484389612,2.406672896202));
#2721 = CARTESIAN_POINT('',(6.126772407233,2.437803492075));
#2722 = CARTESIAN_POINT('',(6.205016711701,2.468897695229));
#2723 = CARTESIAN_POINT('',(6.28318530718,2.49999998278));
#2724 = ( GEOMETRIC_REPRESENTATION_CONTEXT(2) 
PARAMETRIC_REPRESENTATION_CONTEXT() REPRESENTATION_CONTEXT('2D SPACE',''
  ) );
#2725 = PCURVE('',#2525,#2726);
#2726 = DEFINITIONAL_REPRESENTATION('',(#2727),#2751);
#2727 = B_SPLINE_CURVE_WITH_KNOTS('',8,(#2728,#2729,#2730,#2731,#2732,
    #2733,#2734,#2735,#2736,#2737,#2738,#2739,#2740,#2741,#2742,#2743,
    #2744,#2745,#2746,#2747,#2748,#2749,#2750),.UNSPECIFIED.,.F.,.F.,(9,
    7,7,9),(0.,0.251129758924,0.499885924631,1.),.UNSPECIFIED.);
#2728 = CARTESIAN_POINT('',(0.,5.030524322903));
#2729 = CARTESIAN_POINT('',(-2.230711763574E-02,5.070196273245));
#2730 = CARTESIAN_POINT('',(-4.460732424414E-02,5.109854785919));
#2731 = CARTESIAN_POINT('',(-6.690005887602E-02,5.149498862424));
#2732 = CARTESIAN_POINT('',(-8.918519979083E-02,5.189128438883));
#2733 = CARTESIAN_POINT('',(-0.111462772077,5.228743912481));
#2734 = CARTESIAN_POINT('',(-0.133732689004,5.268345673827));
#2735 = CARTESIAN_POINT('',(-0.155994527109,5.30793364524));
#2736 = CARTESIAN_POINT('',(-0.200289816922,5.386705972412));
#2737 = CARTESIAN_POINT('',(-0.222324192866,5.425891949849));
#2738 = CARTESIAN_POINT('',(-0.244349565862,5.465063822202));
#2739 = CARTESIAN_POINT('',(-0.266365515267,5.504221538631));
#2740 = CARTESIAN_POINT('',(-0.288371935116,5.543365487137));
#2741 = CARTESIAN_POINT('',(-0.310368869179,5.582496053862));
#2742 = CARTESIAN_POINT('',(-0.332356342746,5.621613187085));
#2743 = CARTESIAN_POINT('',(-0.398519754504,5.739330499996));
#2744 = CARTESIAN_POINT('',(-0.442679564211,5.817910405937));
#2745 = CARTESIAN_POINT('',(-0.486798699361,5.896424272263));
#2746 = CARTESIAN_POINT('',(-0.530885931036,5.974874073845));
#2747 = CARTESIAN_POINT('',(-0.574959006876,6.05326950607));
#2748 = CARTESIAN_POINT('',(-0.619039287908,6.131620018752));
#2749 = CARTESIAN_POINT('',(-0.663121506611,6.209926485911));
#2750 = CARTESIAN_POINT('',(-0.707106807204,6.28815693223));
#2751 = ( GEOMETRIC_REPRESENTATION_CONTEXT(2) 
PARAMETRIC_REPRESENTATION_CONTEXT() REPRESENTATION_CONTEXT('2D SPACE',''
  ) );
#2752 = ORIENTED_EDGE('',*,*,#2594,.F.);
#2753 = ORIENTED_EDGE('',*,*,#2247,.F.);
#2754 = ORIENTED_EDGE('',*,*,#2372,.F.);
#2755 = ADVANCED_FACE('',(#2756,#2759),#2329,.F.);
#2756 = FACE_BOUND('',#2757,.F.);
#2757 = EDGE_LOOP('',(#2758));
#2758 = ORIENTED_EDGE('',*,*,#2649,.T.);
#2759 = FACE_BOUND('',#2760,.F.);
#2760 = EDGE_LOOP('',(#2761));
#2761 = ORIENTED_EDGE('',*,*,#2312,.T.);
#2762 = ADVANCED_FACE('',(#2763),#2525,.F.);
#2763 = FACE_BOUND('',#2764,.F.);
#2764 = EDGE_LOOP('',(#2765,#2766,#2767));
#2765 = ORIENTED_EDGE('',*,*,#2512,.F.);
#2766 = ORIENTED_EDGE('',*,*,#2672,.F.);
#2767 = ORIENTED_EDGE('',*,*,#2562,.T.);
#2768 = ( GEOMETRIC_REPRESENTATION_CONTEXT(3) 
GLOBAL_UNCERTAINTY_ASSIGNED_CONTEXT((#2772)) 
GLOBAL_UNIT_ASSIGNED_CONTEXT((#2769,#2770,#2771)) REPRESENTATION_CONTEXT
('Context #1','3D Context with UNIT and UNCERTAINTY') );
#2769 = ( LENGTH_UNIT() NAMED_UNIT(*) SI_UNIT(.MILLI.,.METRE.) );
#2770 = ( NAMED_UNIT(*) PLANE_ANGLE_UNIT() SI_UNIT($,.RADIAN.) );
#2771 = ( NAMED_UNIT(*) SI_UNIT($,.STERADIAN.) SOLID_ANGLE_UNIT() );
#2772 = UNCERTAINTY_MEASURE_WITH_UNIT(LENGTH_MEASURE(2.E-04),#2769,
  'distance_accuracy_value','confusion accuracy');
#2773 = CONTEXT_DEPENDENT_SHAPE_REPRESENTATION(#2774,#2776);
#2774 = ( REPRESENTATION_RELATIONSHIP('','',#1243,#1220) 
REPRESENTATION_RELATIONSHIP_WITH_TRANSFORMATION(#2775) 
SHAPE_REPRESENTATION_RELATIONSHIP() );
#2775 = ITEM_DEFINED_TRANSFORMATION('','',#11,#1221);
#2776 = PRODUCT_DEFINITION_SHAPE('Placement','Placement of an item',
  #2777);
#2777 = NEXT_ASSEMBLY_USAGE_OCCURRENCE('3','Body007','',#1215,#1238,$);
#2778 = PRODUCT_RELATED_PRODUCT_CATEGORY('part',$,(#1240));
#2779 = SHAPE_DEFINITION_REPRESENTATION(#2780,#2786);
#2780 = PRODUCT_DEFINITION_SHAPE('','',#2781);
#2781 = PRODUCT_DEFINITION('design','',#2782,#2785);
#2782 = PRODUCT_DEFINITION_FORMATION('','',#2783);
#2783 = PRODUCT('Electronics','Electronics','',(#2784));
#2784 = PRODUCT_CONTEXT('',#2,'mechanical');
#2785 = PRODUCT_DEFINITION_CONTEXT('part definition',#2,'design');
#2786 = SHAPE_REPRESENTATION('',(#11,#2787),#2791);
#2787 = AXIS2_PLACEMENT_3D('',#2788,#2789,#2790);
#2788 = CARTESIAN_POINT('',(0.,0.,0.));
#2789 = DIRECTION('',(0.,0.,1.));
#2790 = DIRECTION('',(1.,0.,0.));
#2791 = ( GEOMETRIC_REPRESENTATION_CONTEXT(3) 
GLOBAL_UNCERTAINTY_ASSIGNED_CONTEXT((#2795)) 
GLOBAL_UNIT_ASSIGNED_CONTEXT((#2792,#2793,#2794)) REPRESENTATION_CONTEXT
('Context #1','3D Context with UNIT and UNCERTAINTY') );
#2792 = ( LENGTH_UNIT() NAMED_UNIT(*) SI_UNIT(.MILLI.,.METRE.) );
#2793 = ( NAMED_UNIT(*) PLANE_ANGLE_UNIT() SI_UNIT($,.RADIAN.) );
#2794 = ( NAMED_UNIT(*) SI_UNIT($,.STERADIAN.) SOLID_ANGLE_UNIT() );
#2795 = UNCERTAINTY_MEASURE_WITH_UNIT(LENGTH_MEASURE(1.E-07),#2792,
  'distance_accuracy_value','confusion accuracy');
#2796 = CONTEXT_DEPENDENT_SHAPE_REPRESENTATION(#2797,#2799);
#2797 = ( REPRESENTATION_RELATIONSHIP('','',#2786,#10) 
REPRESENTATION_RELATIONSHIP_WITH_TRANSFORMATION(#2798) 
SHAPE_REPRESENTATION_RELATIONSHIP() );
#2798 = ITEM_DEFINED_TRANSFORMATION('','',#11,#23);
#2799 = PRODUCT_DEFINITION_SHAPE('Placement','Placement of an item',
  #2800);
#2800 = NEXT_ASSEMBLY_USAGE_OCCURRENCE('6','Electronics','',#5,#2781,$);
#2801 = PRODUCT_RELATED_PRODUCT_CATEGORY('part',$,(#2783));
#2802 = SHAPE_DEFINITION_REPRESENTATION(#2803,#2809);
#2803 = PRODUCT_DEFINITION_SHAPE('','',#2804);
#2804 = PRODUCT_DEFINITION('design','',#2805,#2808);
#2805 = PRODUCT_DEFINITION_FORMATION('','',#2806);
#2806 = PRODUCT('Body009','Body009','',(#2807));
#2807 = PRODUCT_CONTEXT('',#2,'mechanical');
#2808 = PRODUCT_DEFINITION_CONTEXT('part definition',#2,'design');
#2809 = ADVANCED_BREP_SHAPE_REPRESENTATION('',(#11,#2810),#5449);
#2810 = MANIFOLD_SOLID_BREP('',#2811);
#2811 = CLOSED_SHELL('',(#2812,#3697,#3889,#3894,#3980,#4056,#4105,#4154
    ,#4203,#4252,#4279,#4355,#4404,#4453,#4502,#4551,#4578,#4654,#4703,
    #4752,#4801,#4850,#4877,#4953,#5002,#5051,#5100,#5149,#5176,#5181,
    #5235,#5289,#5343,#5397,#5401,#5413,#5425,#5437));
#2812 = ADVANCED_FACE('',(#2813,#2953,#3139,#3325,#3511),#2827,.T.);
#2813 = FACE_BOUND('',#2814,.T.);
#2814 = EDGE_LOOP('',(#2815,#2850,#2879,#2903,#2926));
#2815 = ORIENTED_EDGE('',*,*,#2816,.T.);
#2816 = EDGE_CURVE('',#2817,#2819,#2821,.T.);
#2817 = VERTEX_POINT('',#2818);
#2818 = CARTESIAN_POINT('',(20.615528128088,-40.,0.));
#2819 = VERTEX_POINT('',#2820);
#2820 = CARTESIAN_POINT('',(20.615528128088,-40.,-185.));
#2821 = SURFACE_CURVE('',#2822,(#2826,#2838),.PCURVE_S1.);
#2822 = LINE('',#2823,#2824);
#2823 = CARTESIAN_POINT('',(20.615528128088,-40.,0.));
#2824 = VECTOR('',#2825,1.);
#2825 = DIRECTION('',(-0.,-0.,-1.));
#2826 = PCURVE('',#2827,#2832);
#2827 = CYLINDRICAL_SURFACE('',#2828,45.);
#2828 = AXIS2_PLACEMENT_3D('',#2829,#2830,#2831);
#2829 = CARTESIAN_POINT('',(0.,6.1677906469E-32,0.));
#2830 = DIRECTION('',(0.,0.,1.));
#2831 = DIRECTION('',(1.,0.,0.));
#2832 = DEFINITIONAL_REPRESENTATION('',(#2833),#2837);
#2833 = LINE('',#2834,#2835);
#2834 = CARTESIAN_POINT('',(5.188271230045,0.));
#2835 = VECTOR('',#2836,1.);
#2836 = DIRECTION('',(0.,-1.));
#2837 = ( GEOMETRIC_REPRESENTATION_CONTEXT(2) 
PARAMETRIC_REPRESENTATION_CONTEXT() REPRESENTATION_CONTEXT('2D SPACE',''
  ) );
#2838 = PCURVE('',#2839,#2844);
#2839 = PLANE('',#2840);
#2840 = AXIS2_PLACEMENT_3D('',#2841,#2842,#2843);
#2841 = CARTESIAN_POINT('',(20.615528128088,-40.,0.));
#2842 = DIRECTION('',(1.,0.,0.));
#2843 = DIRECTION('',(0.,1.,0.));
#2844 = DEFINITIONAL_REPRESENTATION('',(#2845),#2849);
#2845 = LINE('',#2846,#2847);
#2846 = CARTESIAN_POINT('',(0.,0.));
#2847 = VECTOR('',#2848,1.);
#2848 = DIRECTION('',(0.,-1.));
#2849 = ( GEOMETRIC_REPRESENTATION_CONTEXT(2) 
PARAMETRIC_REPRESENTATION_CONTEXT() REPRESENTATION_CONTEXT('2D SPACE',''
  ) );
#2850 = ORIENTED_EDGE('',*,*,#2851,.T.);
#2851 = EDGE_CURVE('',#2819,#2852,#2854,.T.);
#2852 = VERTEX_POINT('',#2853);
#2853 = CARTESIAN_POINT('',(45.,0.,-185.));
#2854 = SURFACE_CURVE('',#2855,(#2860,#2867),.PCURVE_S1.);
#2855 = CIRCLE('',#2856,45.);
#2856 = AXIS2_PLACEMENT_3D('',#2857,#2858,#2859);
#2857 = CARTESIAN_POINT('',(0.,6.1677906469E-32,-185.));
#2858 = DIRECTION('',(0.,0.,1.));
#2859 = DIRECTION('',(1.,0.,0.));
#2860 = PCURVE('',#2827,#2861);
#2861 = DEFINITIONAL_REPRESENTATION('',(#2862),#2866);
#2862 = LINE('',#2863,#2864);
#2863 = CARTESIAN_POINT('',(0.,-185.));
#2864 = VECTOR('',#2865,1.);
#2865 = DIRECTION('',(1.,0.));
#2866 = ( GEOMETRIC_REPRESENTATION_CONTEXT(2) 
PARAMETRIC_REPRESENTATION_CONTEXT() REPRESENTATION_CONTEXT('2D SPACE',''
  ) );
#2867 = PCURVE('',#2868,#2873);
#2868 = CYLINDRICAL_SURFACE('',#2869,45.);
#2869 = AXIS2_PLACEMENT_3D('',#2870,#2871,#2872);
#2870 = CARTESIAN_POINT('',(0.,0.,-185.));
#2871 = DIRECTION('',(0.,0.,1.));
#2872 = DIRECTION('',(1.,0.,0.));
#2873 = DEFINITIONAL_REPRESENTATION('',(#2874),#2878);
#2874 = LINE('',#2875,#2876);
#2875 = CARTESIAN_POINT('',(-6.28318530718,0.));
#2876 = VECTOR('',#2877,1.);
#2877 = DIRECTION('',(1.,-0.));
#2878 = ( GEOMETRIC_REPRESENTATION_CONTEXT(2) 
PARAMETRIC_REPRESENTATION_CONTEXT() REPRESENTATION_CONTEXT('2D SPACE',''
  ) );
#2879 = ORIENTED_EDGE('',*,*,#2880,.T.);
#2880 = EDGE_CURVE('',#2852,#2881,#2883,.T.);
#2881 = VERTEX_POINT('',#2882);
#2882 = CARTESIAN_POINT('',(20.615528128088,40.,-185.));
#2883 = SURFACE_CURVE('',#2884,(#2889,#2896),.PCURVE_S1.);
#2884 = CIRCLE('',#2885,45.);
#2885 = AXIS2_PLACEMENT_3D('',#2886,#2887,#2888);
#2886 = CARTESIAN_POINT('',(0.,6.1677906469E-32,-185.));
#2887 = DIRECTION('',(0.,0.,1.));
#2888 = DIRECTION('',(1.,0.,0.));
#2889 = PCURVE('',#2827,#2890);
#2890 = DEFINITIONAL_REPRESENTATION('',(#2891),#2895);
#2891 = LINE('',#2892,#2893);
#2892 = CARTESIAN_POINT('',(0.,-185.));
#2893 = VECTOR('',#2894,1.);
#2894 = DIRECTION('',(1.,0.));
#2895 = ( GEOMETRIC_REPRESENTATION_CONTEXT(2) 
PARAMETRIC_REPRESENTATION_CONTEXT() REPRESENTATION_CONTEXT('2D SPACE',''
  ) );
#2896 = PCURVE('',#2868,#2897);
#2897 = DEFINITIONAL_REPRESENTATION('',(#2898),#2902);
#2898 = LINE('',#2899,#2900);
#2899 = CARTESIAN_POINT('',(-12.56637061435,0.));
#2900 = VECTOR('',#2901,1.);
#2901 = DIRECTION('',(1.,-0.));
#2902 = ( GEOMETRIC_REPRESENTATION_CONTEXT(2) 
PARAMETRIC_REPRESENTATION_CONTEXT() REPRESENTATION_CONTEXT('2D SPACE',''
  ) );
#2903 = ORIENTED_EDGE('',*,*,#2904,.F.);
#2904 = EDGE_CURVE('',#2905,#2881,#2907,.T.);
#2905 = VERTEX_POINT('',#2906);
#2906 = CARTESIAN_POINT('',(20.615528128088,40.,0.));
#2907 = SURFACE_CURVE('',#2908,(#2912,#2919),.PCURVE_S1.);
#2908 = LINE('',#2909,#2910);
#2909 = CARTESIAN_POINT('',(20.615528128088,40.,0.));
#2910 = VECTOR('',#2911,1.);
#2911 = DIRECTION('',(-0.,-0.,-1.));
#2912 = PCURVE('',#2827,#2913);
#2913 = DEFINITIONAL_REPRESENTATION('',(#2914),#2918);
#2914 = LINE('',#2915,#2916);
#2915 = CARTESIAN_POINT('',(7.378099384314,0.));
#2916 = VECTOR('',#2917,1.);
#2917 = DIRECTION('',(0.,-1.));
#2918 = ( GEOMETRIC_REPRESENTATION_CONTEXT(2) 
PARAMETRIC_REPRESENTATION_CONTEXT() REPRESENTATION_CONTEXT('2D SPACE',''
  ) );
#2919 = PCURVE('',#2839,#2920);
#2920 = DEFINITIONAL_REPRESENTATION('',(#2921),#2925);
#2921 = LINE('',#2922,#2923);
#2922 = CARTESIAN_POINT('',(80.,0.));
#2923 = VECTOR('',#2924,1.);
#2924 = DIRECTION('',(0.,-1.));
#2925 = ( GEOMETRIC_REPRESENTATION_CONTEXT(2) 
PARAMETRIC_REPRESENTATION_CONTEXT() REPRESENTATION_CONTEXT('2D SPACE',''
  ) );
#2926 = ORIENTED_EDGE('',*,*,#2927,.F.);
#2927 = EDGE_CURVE('',#2817,#2905,#2928,.T.);
#2928 = SURFACE_CURVE('',#2929,(#2934,#2941),.PCURVE_S1.);
#2929 = CIRCLE('',#2930,45.);
#2930 = AXIS2_PLACEMENT_3D('',#2931,#2932,#2933);
#2931 = CARTESIAN_POINT('',(0.,6.1677906469E-32,0.));
#2932 = DIRECTION('',(0.,0.,1.));
#2933 = DIRECTION('',(1.,0.,0.));
#2934 = PCURVE('',#2827,#2935);
#2935 = DEFINITIONAL_REPRESENTATION('',(#2936),#2940);
#2936 = LINE('',#2937,#2938);
#2937 = CARTESIAN_POINT('',(0.,0.));
#2938 = VECTOR('',#2939,1.);
#2939 = DIRECTION('',(1.,0.));
#2940 = ( GEOMETRIC_REPRESENTATION_CONTEXT(2) 
PARAMETRIC_REPRESENTATION_CONTEXT() REPRESENTATION_CONTEXT('2D SPACE',''
  ) );
#2941 = PCURVE('',#2942,#2947);
#2942 = PLANE('',#2943);
#2943 = AXIS2_PLACEMENT_3D('',#2944,#2945,#2946);
#2944 = CARTESIAN_POINT('',(28.418385055562,3.867577036508E-15,0.));
#2945 = DIRECTION('',(0.,0.,1.));
#2946 = DIRECTION('',(1.,0.,0.));
#2947 = DEFINITIONAL_REPRESENTATION('',(#2948),#2952);
#2948 = CIRCLE('',#2949,45.);
#2949 = AXIS2_PLACEMENT_2D('',#2950,#2951);
#2950 = CARTESIAN_POINT('',(-28.41838505556,-3.867577036508E-15));
#2951 = DIRECTION('',(1.,0.));
#2952 = ( GEOMETRIC_REPRESENTATION_CONTEXT(2) 
PARAMETRIC_REPRESENTATION_CONTEXT() REPRESENTATION_CONTEXT('2D SPACE',''
  ) );
#2953 = FACE_BOUND('',#2954,.T.);
#2954 = EDGE_LOOP('',(#2955,#2985,#3017,#3049,#3077,#3109));
#2955 = ORIENTED_EDGE('',*,*,#2956,.T.);
#2956 = EDGE_CURVE('',#2957,#2959,#2961,.T.);
#2957 = VERTEX_POINT('',#2958);
#2958 = CARTESIAN_POINT('',(41.021335911941,-18.49999999999,
    -142.0207259421));
#2959 = VERTEX_POINT('',#2960);
#2960 = CARTESIAN_POINT('',(41.021335911941,-18.49999999999,
    -137.9792740578));
#2961 = SURFACE_CURVE('',#2962,(#2966,#2973),.PCURVE_S1.);
#2962 = LINE('',#2963,#2964);
#2963 = CARTESIAN_POINT('',(41.021335911941,-18.49999999999,0.));
#2964 = VECTOR('',#2965,1.);
#2965 = DIRECTION('',(0.,0.,1.));
#2966 = PCURVE('',#2827,#2967);
#2967 = DEFINITIONAL_REPRESENTATION('',(#2968),#2972);
#2968 = LINE('',#2969,#2970);
#2969 = CARTESIAN_POINT('',(5.859512701608,0.));
#2970 = VECTOR('',#2971,1.);
#2971 = DIRECTION('',(0.,1.));
#2972 = ( GEOMETRIC_REPRESENTATION_CONTEXT(2) 
PARAMETRIC_REPRESENTATION_CONTEXT() REPRESENTATION_CONTEXT('2D SPACE',''
  ) );
#2973 = PCURVE('',#2974,#2979);
#2974 = PLANE('',#2975);
#2975 = AXIS2_PLACEMENT_3D('',#2976,#2977,#2978);
#2976 = CARTESIAN_POINT('',(23.615528128088,-18.49999999999,
    -142.0207259421));
#2977 = DIRECTION('',(0.,-1.,0.));
#2978 = DIRECTION('',(0.,0.,1.));
#2979 = DEFINITIONAL_REPRESENTATION('',(#2980),#2984);
#2980 = LINE('',#2981,#2982);
#2981 = CARTESIAN_POINT('',(142.02072594216,-17.40580778385));
#2982 = VECTOR('',#2983,1.);
#2983 = DIRECTION('',(1.,0.));
#2984 = ( GEOMETRIC_REPRESENTATION_CONTEXT(2) 
PARAMETRIC_REPRESENTATION_CONTEXT() REPRESENTATION_CONTEXT('2D SPACE',''
  ) );
#2985 = ORIENTED_EDGE('',*,*,#2986,.T.);
#2986 = EDGE_CURVE('',#2959,#2987,#2989,.T.);
#2987 = VERTEX_POINT('',#2988);
#2988 = CARTESIAN_POINT('',(42.426406871193,-15.,-135.9585481156));
#2989 = SURFACE_CURVE('',#2990,(#2995,#3005),.PCURVE_S1.);
#2990 = ELLIPSE('',#2991,51.961524227052,45.);
#2991 = AXIS2_PLACEMENT_3D('',#2992,#2993,#2994);
#2992 = CARTESIAN_POINT('',(0.,6.1677906469E-32,-127.2982940778));
#2993 = DIRECTION('',(0.,-0.5,0.866025403785));
#2994 = DIRECTION('',(0.,0.866025403785,0.5));
#2995 = PCURVE('',#2827,#2996);
#2996 = DEFINITIONAL_REPRESENTATION('',(#2997),#3004);
#2997 = B_SPLINE_CURVE_WITH_KNOTS('',5,(#2998,#2999,#3000,#3001,#3002,
    #3003),.UNSPECIFIED.,.F.,.F.,(6,6),(4.280167646293,4.380789747334),
  .PIECEWISE_BEZIER_KNOTS.);
#2998 = CARTESIAN_POINT('',(5.850963973088,-138.181346652));
#2999 = CARTESIAN_POINT('',(5.871088393296,-137.7065812671));
#3000 = CARTESIAN_POINT('',(5.891212813505,-137.226306442));
#3001 = CARTESIAN_POINT('',(5.911337233713,-136.7409227504));
#3002 = CARTESIAN_POINT('',(5.931461653921,-136.2508400722));
#3003 = CARTESIAN_POINT('',(5.951586074129,-135.7564755214));
#3004 = ( GEOMETRIC_REPRESENTATION_CONTEXT(2) 
PARAMETRIC_REPRESENTATION_CONTEXT() REPRESENTATION_CONTEXT('2D SPACE',''
  ) );
#3005 = PCURVE('',#3006,#3011);
#3006 = PLANE('',#3007);
#3007 = AXIS2_PLACEMENT_3D('',#3008,#3009,#3010);
#3008 = CARTESIAN_POINT('',(23.615528128088,-18.49999999999,
    -137.9792740578));
#3009 = DIRECTION('',(0.,-0.5,0.866025403785));
#3010 = DIRECTION('',(0.,0.866025403785,0.5));
#3011 = DEFINITIONAL_REPRESENTATION('',(#3012),#3016);
#3012 = ELLIPSE('',#3013,51.961524227052,45.);
#3013 = AXIS2_PLACEMENT_2D('',#3014,#3015);
#3014 = CARTESIAN_POINT('',(21.361959960002,23.615528128088));
#3015 = DIRECTION('',(1.,0.));
#3016 = ( GEOMETRIC_REPRESENTATION_CONTEXT(2) 
PARAMETRIC_REPRESENTATION_CONTEXT() REPRESENTATION_CONTEXT('2D SPACE',''
  ) );
#3017 = ORIENTED_EDGE('',*,*,#3018,.T.);
#3018 = EDGE_CURVE('',#2987,#3019,#3021,.T.);
#3019 = VERTEX_POINT('',#3020);
#3020 = CARTESIAN_POINT('',(43.505746746836,-11.5,-137.9792740578));
#3021 = SURFACE_CURVE('',#3022,(#3027,#3037),.PCURVE_S1.);
#3022 = ELLIPSE('',#3023,51.961524227075,45.);
#3023 = AXIS2_PLACEMENT_3D('',#3024,#3025,#3026);
#3024 = CARTESIAN_POINT('',(0.,6.1677906469E-32,-144.6188021535));
#3025 = DIRECTION('',(-0.,0.5,0.866025403784));
#3026 = DIRECTION('',(0.,-0.866025403784,0.5));
#3027 = PCURVE('',#2827,#3028);
#3028 = DEFINITIONAL_REPRESENTATION('',(#3029),#3036);
#3029 = B_SPLINE_CURVE_WITH_KNOTS('',5,(#3030,#3031,#3032,#3033,#3034,
    #3035),.UNSPECIFIED.,.F.,.F.,(6,6),(1.222697678181,1.32041049528),
  .PIECEWISE_BEZIER_KNOTS.);
#3030 = CARTESIAN_POINT('',(5.935086658565,-135.7564755214));
#3031 = CARTESIAN_POINT('',(5.954629221985,-136.2337540408));
#3032 = CARTESIAN_POINT('',(5.974171785405,-136.7152633436));
#3033 = CARTESIAN_POINT('',(5.993714348825,-137.200623685));
#3034 = CARTESIAN_POINT('',(6.013256912245,-137.689448581));
#3035 = CARTESIAN_POINT('',(6.032799475664,-138.181346652));
#3036 = ( GEOMETRIC_REPRESENTATION_CONTEXT(2) 
PARAMETRIC_REPRESENTATION_CONTEXT() REPRESENTATION_CONTEXT('2D SPACE',''
  ) );
#3037 = PCURVE('',#3038,#3043);
#3038 = PLANE('',#3039);
#3039 = AXIS2_PLACEMENT_3D('',#3040,#3041,#3042);
#3040 = CARTESIAN_POINT('',(23.615528128088,-15.,-135.9585481156));
#3041 = DIRECTION('',(0.,0.5,0.866025403784));
#3042 = DIRECTION('',(0.,0.866025403784,-0.5));
#3043 = DEFINITIONAL_REPRESENTATION('',(#3044),#3048);
#3044 = ELLIPSE('',#3045,51.961524227075,45.);
#3045 = AXIS2_PLACEMENT_2D('',#3046,#3047);
#3046 = CARTESIAN_POINT('',(17.320508075691,23.615528128088));
#3047 = DIRECTION('',(-1.,0.));
#3048 = ( GEOMETRIC_REPRESENTATION_CONTEXT(2) 
PARAMETRIC_REPRESENTATION_CONTEXT() REPRESENTATION_CONTEXT('2D SPACE',''
  ) );
#3049 = ORIENTED_EDGE('',*,*,#3050,.F.);
#3050 = EDGE_CURVE('',#3051,#3019,#3053,.T.);
#3051 = VERTEX_POINT('',#3052);
#3052 = CARTESIAN_POINT('',(43.505746746835,-11.50000000001,
    -142.0207259421));
#3053 = SURFACE_CURVE('',#3054,(#3058,#3065),.PCURVE_S1.);
#3054 = LINE('',#3055,#3056);
#3055 = CARTESIAN_POINT('',(43.505746746853,-11.49999999994,
    5.474180292E-12));
#3056 = VECTOR('',#3057,1.);
#3057 = DIRECTION('',(0.,0.,1.));
#3058 = PCURVE('',#2827,#3059);
#3059 = DEFINITIONAL_REPRESENTATION('',(#3060),#3064);
#3060 = LINE('',#3061,#3062);
#3061 = CARTESIAN_POINT('',(6.024763010849,5.474180292E-12));
#3062 = VECTOR('',#3063,1.);
#3063 = DIRECTION('',(0.,1.));
#3064 = ( GEOMETRIC_REPRESENTATION_CONTEXT(2) 
PARAMETRIC_REPRESENTATION_CONTEXT() REPRESENTATION_CONTEXT('2D SPACE',''
  ) );
#3065 = PCURVE('',#3066,#3071);
#3066 = PLANE('',#3067);
#3067 = AXIS2_PLACEMENT_3D('',#3068,#3069,#3070);
#3068 = CARTESIAN_POINT('',(23.615528128088,-11.5,-137.9792740578));
#3069 = DIRECTION('',(0.,1.,-4.760156775676E-13));
#3070 = DIRECTION('',(0.,-4.760156775676E-13,-1.));
#3071 = DEFINITIONAL_REPRESENTATION('',(#3072),#3076);
#3072 = LINE('',#3073,#3074);
#3073 = CARTESIAN_POINT('',(-137.9792740578,-19.89021861876));
#3074 = VECTOR('',#3075,1.);
#3075 = DIRECTION('',(-1.,0.));
#3076 = ( GEOMETRIC_REPRESENTATION_CONTEXT(2) 
PARAMETRIC_REPRESENTATION_CONTEXT() REPRESENTATION_CONTEXT('2D SPACE',''
  ) );
#3077 = ORIENTED_EDGE('',*,*,#3078,.T.);
#3078 = EDGE_CURVE('',#3051,#3079,#3081,.T.);
#3079 = VERTEX_POINT('',#3080);
#3080 = CARTESIAN_POINT('',(42.426406871192,-15.,-144.0414518843));
#3081 = SURFACE_CURVE('',#3082,(#3087,#3097),.PCURVE_S1.);
#3082 = ELLIPSE('',#3083,51.961524227053,45.);
#3083 = AXIS2_PLACEMENT_3D('',#3084,#3085,#3086);
#3084 = CARTESIAN_POINT('',(0.,6.1677906469E-32,-135.3811978464));
#3085 = DIRECTION('',(0.,0.5,-0.866025403785));
#3086 = DIRECTION('',(0.,0.866025403785,0.5));
#3087 = PCURVE('',#2827,#3088);
#3088 = DEFINITIONAL_REPRESENTATION('',(#3089),#3096);
#3089 = B_SPLINE_CURVE_WITH_KNOTS('',5,(#3090,#3091,#3092,#3093,#3094,
    #3095),.UNSPECIFIED.,.F.,.F.,(6,6),(1.82118215831,1.918894975409),
  .PIECEWISE_BEZIER_KNOTS.);
#3090 = CARTESIAN_POINT('',(6.032799475664,-141.8186533479));
#3091 = CARTESIAN_POINT('',(6.013256912245,-142.3105514189));
#3092 = CARTESIAN_POINT('',(5.993714348825,-142.7993763149));
#3093 = CARTESIAN_POINT('',(5.974171785405,-143.2847366563));
#3094 = CARTESIAN_POINT('',(5.954629221985,-143.7662459591));
#3095 = CARTESIAN_POINT('',(5.935086658565,-144.2435244785));
#3096 = ( GEOMETRIC_REPRESENTATION_CONTEXT(2) 
PARAMETRIC_REPRESENTATION_CONTEXT() REPRESENTATION_CONTEXT('2D SPACE',''
  ) );
#3097 = PCURVE('',#3098,#3103);
#3098 = PLANE('',#3099);
#3099 = AXIS2_PLACEMENT_3D('',#3100,#3101,#3102);
#3100 = CARTESIAN_POINT('',(23.615528128088,-11.50000000001,
    -142.0207259421));
#3101 = DIRECTION('',(0.,0.5,-0.866025403785));
#3102 = DIRECTION('',(0.,-0.866025403785,-0.5));
#3103 = DEFINITIONAL_REPRESENTATION('',(#3104),#3108);
#3104 = ELLIPSE('',#3105,51.961524227053,45.);
#3105 = AXIS2_PLACEMENT_2D('',#3106,#3107);
#3106 = CARTESIAN_POINT('',(-13.27905619136,23.615528128088));
#3107 = DIRECTION('',(-1.,0.));
#3108 = ( GEOMETRIC_REPRESENTATION_CONTEXT(2) 
PARAMETRIC_REPRESENTATION_CONTEXT() REPRESENTATION_CONTEXT('2D SPACE',''
  ) );
#3109 = ORIENTED_EDGE('',*,*,#3110,.T.);
#3110 = EDGE_CURVE('',#3079,#2957,#3111,.T.);
#3111 = SURFACE_CURVE('',#3112,(#3117,#3127),.PCURVE_S1.);
#3112 = ELLIPSE('',#3113,51.96152422708,45.);
#3113 = AXIS2_PLACEMENT_3D('',#3114,#3115,#3116);
#3114 = CARTESIAN_POINT('',(0.,6.1677906469E-32,-152.7017059221));
#3115 = DIRECTION('',(-0.,-0.5,-0.866025403784));
#3116 = DIRECTION('',(0.,-0.866025403784,0.5));
#3117 = PCURVE('',#2827,#3118);
#3118 = DEFINITIONAL_REPRESENTATION('',(#3119),#3126);
#3119 = B_SPLINE_CURVE_WITH_KNOTS('',5,(#3120,#3121,#3122,#3123,#3124,
    #3125),.UNSPECIFIED.,.F.,.F.,(6,6),(5.043988213435,5.144610314476),
  .PIECEWISE_BEZIER_KNOTS.);
#3120 = CARTESIAN_POINT('',(5.951586074129,-144.2435244785));
#3121 = CARTESIAN_POINT('',(5.931461653921,-143.7491599277));
#3122 = CARTESIAN_POINT('',(5.911337233713,-143.2590772495));
#3123 = CARTESIAN_POINT('',(5.891212813505,-142.7736935579));
#3124 = CARTESIAN_POINT('',(5.871088393296,-142.2934187328));
#3125 = CARTESIAN_POINT('',(5.850963973088,-141.8186533479));
#3126 = ( GEOMETRIC_REPRESENTATION_CONTEXT(2) 
PARAMETRIC_REPRESENTATION_CONTEXT() REPRESENTATION_CONTEXT('2D SPACE',''
  ) );
#3127 = PCURVE('',#3128,#3133);
#3128 = PLANE('',#3129);
#3129 = AXIS2_PLACEMENT_3D('',#3130,#3131,#3132);
#3130 = CARTESIAN_POINT('',(23.615528128088,-15.,-144.0414518843));
#3131 = DIRECTION('',(0.,-0.5,-0.866025403784));
#3132 = DIRECTION('',(0.,-0.866025403784,0.5));
#3133 = DEFINITIONAL_REPRESENTATION('',(#3134),#3138);
#3134 = ELLIPSE('',#3135,51.96152422708,45.);
#3135 = AXIS2_PLACEMENT_2D('',#3136,#3137);
#3136 = CARTESIAN_POINT('',(-17.32050807569,23.615528128088));
#3137 = DIRECTION('',(1.,0.));
#3138 = ( GEOMETRIC_REPRESENTATION_CONTEXT(2) 
PARAMETRIC_REPRESENTATION_CONTEXT() REPRESENTATION_CONTEXT('2D SPACE',''
  ) );
#3139 = FACE_BOUND('',#3140,.T.);
#3140 = EDGE_LOOP('',(#3141,#3171,#3203,#3235,#3263,#3295));
#3141 = ORIENTED_EDGE('',*,*,#3142,.T.);
#3142 = EDGE_CURVE('',#3143,#3145,#3147,.T.);
#3143 = VERTEX_POINT('',#3144);
#3144 = CARTESIAN_POINT('',(43.505746746837,11.500000000005,
    -142.0207259421));
#3145 = VERTEX_POINT('',#3146);
#3146 = CARTESIAN_POINT('',(43.505746746837,11.500000000005,
    -137.9792740578));
#3147 = SURFACE_CURVE('',#3148,(#3152,#3159),.PCURVE_S1.);
#3148 = LINE('',#3149,#3150);
#3149 = CARTESIAN_POINT('',(43.505746746837,11.500000000005,0.));
#3150 = VECTOR('',#3151,1.);
#3151 = DIRECTION('',(0.,0.,1.));
#3152 = PCURVE('',#2827,#3153);
#3153 = DEFINITIONAL_REPRESENTATION('',(#3154),#3158);
#3154 = LINE('',#3155,#3156);
#3155 = CARTESIAN_POINT('',(6.541607603512,0.));
#3156 = VECTOR('',#3157,1.);
#3157 = DIRECTION('',(0.,1.));
#3158 = ( GEOMETRIC_REPRESENTATION_CONTEXT(2) 
PARAMETRIC_REPRESENTATION_CONTEXT() REPRESENTATION_CONTEXT('2D SPACE',''
  ) );
#3159 = PCURVE('',#3160,#3165);
#3160 = PLANE('',#3161);
#3161 = AXIS2_PLACEMENT_3D('',#3162,#3163,#3164);
#3162 = CARTESIAN_POINT('',(23.615528128088,11.500000000005,
    -142.0207259421));
#3163 = DIRECTION('',(0.,-1.,0.));
#3164 = DIRECTION('',(0.,0.,1.));
#3165 = DEFINITIONAL_REPRESENTATION('',(#3166),#3170);
#3166 = LINE('',#3167,#3168);
#3167 = CARTESIAN_POINT('',(142.02072594215,-19.89021861874));
#3168 = VECTOR('',#3169,1.);
#3169 = DIRECTION('',(1.,0.));
#3170 = ( GEOMETRIC_REPRESENTATION_CONTEXT(2) 
PARAMETRIC_REPRESENTATION_CONTEXT() REPRESENTATION_CONTEXT('2D SPACE',''
  ) );
#3171 = ORIENTED_EDGE('',*,*,#3172,.T.);
#3172 = EDGE_CURVE('',#3145,#3173,#3175,.T.);
#3173 = VERTEX_POINT('',#3174);
#3174 = CARTESIAN_POINT('',(42.426406871191,15.000000000006,
    -135.9585481156));
#3175 = SURFACE_CURVE('',#3176,(#3181,#3191),.PCURVE_S1.);
#3176 = ELLIPSE('',#3177,51.961524226952,45.);
#3177 = AXIS2_PLACEMENT_3D('',#3178,#3179,#3180);
#3178 = CARTESIAN_POINT('',(0.,6.1677906469E-32,-144.6188021534));
#3179 = DIRECTION('',(0.,-0.499999999997,0.866025403786));
#3180 = DIRECTION('',(0.,0.866025403786,0.499999999997));
#3181 = PCURVE('',#2827,#3182);
#3182 = DEFINITIONAL_REPRESENTATION('',(#3183),#3190);
#3183 = B_SPLINE_CURVE_WITH_KNOTS('',5,(#3184,#3185,#3186,#3187,#3188,
    #3189),.UNSPECIFIED.,.F.,.F.,(6,6),(4.9627748119,5.060487628999),
  .PIECEWISE_BEZIER_KNOTS.);
#3184 = CARTESIAN_POINT('',(6.533571138695,-138.181346652));
#3185 = CARTESIAN_POINT('',(6.553113702115,-137.689448581));
#3186 = CARTESIAN_POINT('',(6.572656265534,-137.200623685));
#3187 = CARTESIAN_POINT('',(6.592198828954,-136.7152633436));
#3188 = CARTESIAN_POINT('',(6.611741392374,-136.2337540408));
#3189 = CARTESIAN_POINT('',(6.631283955794,-135.7564755214));
#3190 = ( GEOMETRIC_REPRESENTATION_CONTEXT(2) 
PARAMETRIC_REPRESENTATION_CONTEXT() REPRESENTATION_CONTEXT('2D SPACE',''
  ) );
#3191 = PCURVE('',#3192,#3197);
#3192 = PLANE('',#3193);
#3193 = AXIS2_PLACEMENT_3D('',#3194,#3195,#3196);
#3194 = CARTESIAN_POINT('',(23.615528128088,11.500000000005,
    -137.9792740578));
#3195 = DIRECTION('',(0.,-0.499999999997,0.866025403786));
#3196 = DIRECTION('',(0.,0.866025403786,0.499999999997));
#3197 = DEFINITIONAL_REPRESENTATION('',(#3198),#3202);
#3198 = ELLIPSE('',#3199,51.961524226952,45.);
#3199 = AXIS2_PLACEMENT_2D('',#3200,#3201);
#3200 = CARTESIAN_POINT('',(-13.27905619133,23.615528128088));
#3201 = DIRECTION('',(1.,0.));
#3202 = ( GEOMETRIC_REPRESENTATION_CONTEXT(2) 
PARAMETRIC_REPRESENTATION_CONTEXT() REPRESENTATION_CONTEXT('2D SPACE',''
  ) );
#3203 = ORIENTED_EDGE('',*,*,#3204,.T.);
#3204 = EDGE_CURVE('',#3173,#3205,#3207,.T.);
#3205 = VERTEX_POINT('',#3206);
#3206 = CARTESIAN_POINT('',(41.021335911937,18.500000000001,
    -137.9792740578));
#3207 = SURFACE_CURVE('',#3208,(#3213,#3223),.PCURVE_S1.);
#3208 = ELLIPSE('',#3209,51.961524227098,45.);
#3209 = AXIS2_PLACEMENT_3D('',#3210,#3211,#3212);
#3210 = CARTESIAN_POINT('',(0.,6.1677906469E-32,-127.2982940778));
#3211 = DIRECTION('',(-0.,0.500000000001,0.866025403784));
#3212 = DIRECTION('',(0.,-0.866025403784,0.500000000001));
#3213 = PCURVE('',#2827,#3214);
#3214 = DEFINITIONAL_REPRESENTATION('',(#3215),#3222);
#3215 = B_SPLINE_CURVE_WITH_KNOTS('',5,(#3216,#3217,#3218,#3219,#3220,
    #3221),.UNSPECIFIED.,.F.,.F.,(6,6),(1.902395559846,2.003017660886),
  .PIECEWISE_BEZIER_KNOTS.);
#3216 = CARTESIAN_POINT('',(6.61478454023,-135.7564755214));
#3217 = CARTESIAN_POINT('',(6.634908960439,-136.2508400722));
#3218 = CARTESIAN_POINT('',(6.655033380647,-136.7409227504));
#3219 = CARTESIAN_POINT('',(6.675157800855,-137.226306442));
#3220 = CARTESIAN_POINT('',(6.695282221063,-137.7065812671));
#3221 = CARTESIAN_POINT('',(6.715406641271,-138.181346652));
#3222 = ( GEOMETRIC_REPRESENTATION_CONTEXT(2) 
PARAMETRIC_REPRESENTATION_CONTEXT() REPRESENTATION_CONTEXT('2D SPACE',''
  ) );
#3223 = PCURVE('',#3224,#3229);
#3224 = PLANE('',#3225);
#3225 = AXIS2_PLACEMENT_3D('',#3226,#3227,#3228);
#3226 = CARTESIAN_POINT('',(23.615528128088,15.000000000006,
    -135.9585481156));
#3227 = DIRECTION('',(0.,0.500000000001,0.866025403784));
#3228 = DIRECTION('',(0.,0.866025403784,-0.500000000001));
#3229 = DEFINITIONAL_REPRESENTATION('',(#3230),#3234);
#3230 = ELLIPSE('',#3231,51.961524227098,45.);
#3231 = AXIS2_PLACEMENT_2D('',#3232,#3233);
#3232 = CARTESIAN_POINT('',(-17.3205080757,23.615528128088));
#3233 = DIRECTION('',(-1.,0.));
#3234 = ( GEOMETRIC_REPRESENTATION_CONTEXT(2) 
PARAMETRIC_REPRESENTATION_CONTEXT() REPRESENTATION_CONTEXT('2D SPACE',''
  ) );
#3235 = ORIENTED_EDGE('',*,*,#3236,.F.);
#3236 = EDGE_CURVE('',#3237,#3205,#3239,.T.);
#3237 = VERTEX_POINT('',#3238);
#3238 = CARTESIAN_POINT('',(41.021335911943,18.499999999987,
    -142.0207259421));
#3239 = SURFACE_CURVE('',#3240,(#3244,#3251),.PCURVE_S1.);
#3240 = LINE('',#3241,#3242);
#3241 = CARTESIAN_POINT('',(41.021335911722,18.500000000477,
    -6.388016114195E-11));
#3242 = VECTOR('',#3243,1.);
#3243 = DIRECTION('',(0.,0.,1.));
#3244 = PCURVE('',#2827,#3245);
#3245 = DEFINITIONAL_REPRESENTATION('',(#3246),#3250);
#3246 = LINE('',#3247,#3248);
#3247 = CARTESIAN_POINT('',(6.706857912763,-6.388016114195E-11));
#3248 = VECTOR('',#3249,1.);
#3249 = DIRECTION('',(0.,1.));
#3250 = ( GEOMETRIC_REPRESENTATION_CONTEXT(2) 
PARAMETRIC_REPRESENTATION_CONTEXT() REPRESENTATION_CONTEXT('2D SPACE',''
  ) );
#3251 = PCURVE('',#3252,#3257);
#3252 = PLANE('',#3253);
#3253 = AXIS2_PLACEMENT_3D('',#3254,#3255,#3256);
#3254 = CARTESIAN_POINT('',(23.615528128088,18.500000000001,
    -137.9792740578));
#3255 = DIRECTION('',(0.,1.,-3.45298168326E-12));
#3256 = DIRECTION('',(0.,-3.45298168326E-12,-1.));
#3257 = DEFINITIONAL_REPRESENTATION('',(#3258),#3262);
#3258 = LINE('',#3259,#3260);
#3259 = CARTESIAN_POINT('',(-137.9792740577,-17.40580778363));
#3260 = VECTOR('',#3261,1.);
#3261 = DIRECTION('',(-1.,0.));
#3262 = ( GEOMETRIC_REPRESENTATION_CONTEXT(2) 
PARAMETRIC_REPRESENTATION_CONTEXT() REPRESENTATION_CONTEXT('2D SPACE',''
  ) );
#3263 = ORIENTED_EDGE('',*,*,#3264,.T.);
#3264 = EDGE_CURVE('',#3237,#3265,#3267,.T.);
#3265 = VERTEX_POINT('',#3266);
#3266 = CARTESIAN_POINT('',(42.426406871196,14.99999999999,
    -144.0414518843));
#3267 = SURFACE_CURVE('',#3268,(#3273,#3283),.PCURVE_S1.);
#3268 = ELLIPSE('',#3269,51.961524226993,45.);
#3269 = AXIS2_PLACEMENT_3D('',#3270,#3271,#3272);
#3270 = CARTESIAN_POINT('',(0.,6.1677906469E-32,-152.7017059221));
#3271 = DIRECTION('',(0.,0.499999999998,-0.866025403786));
#3272 = DIRECTION('',(0.,0.866025403786,0.499999999998));
#3273 = PCURVE('',#2827,#3274);
#3274 = DEFINITIONAL_REPRESENTATION('',(#3275),#3282);
#3275 = B_SPLINE_CURVE_WITH_KNOTS('',5,(#3276,#3277,#3278,#3279,#3280,
    #3281),.UNSPECIFIED.,.F.,.F.,(6,6),(1.138574992704,1.239197093745),
  .PIECEWISE_BEZIER_KNOTS.);
#3276 = CARTESIAN_POINT('',(6.715406641271,-141.8186533479));
#3277 = CARTESIAN_POINT('',(6.695282221063,-142.2934187328));
#3278 = CARTESIAN_POINT('',(6.675157800854,-142.7736935579));
#3279 = CARTESIAN_POINT('',(6.655033380646,-143.2590772495));
#3280 = CARTESIAN_POINT('',(6.634908960438,-143.7491599277));
#3281 = CARTESIAN_POINT('',(6.61478454023,-144.2435244785));
#3282 = ( GEOMETRIC_REPRESENTATION_CONTEXT(2) 
PARAMETRIC_REPRESENTATION_CONTEXT() REPRESENTATION_CONTEXT('2D SPACE',''
  ) );
#3283 = PCURVE('',#3284,#3289);
#3284 = PLANE('',#3285);
#3285 = AXIS2_PLACEMENT_3D('',#3286,#3287,#3288);
#3286 = CARTESIAN_POINT('',(23.615528128088,18.499999999987,
    -142.0207259421));
#3287 = DIRECTION('',(0.,0.499999999998,-0.866025403786));
#3288 = DIRECTION('',(0.,-0.866025403786,-0.499999999998));
#3289 = DEFINITIONAL_REPRESENTATION('',(#3290),#3294);
#3290 = ELLIPSE('',#3291,51.961524226993,45.);
#3291 = AXIS2_PLACEMENT_2D('',#3292,#3293);
#3292 = CARTESIAN_POINT('',(21.36195995997,23.615528128088));
#3293 = DIRECTION('',(-1.,0.));
#3294 = ( GEOMETRIC_REPRESENTATION_CONTEXT(2) 
PARAMETRIC_REPRESENTATION_CONTEXT() REPRESENTATION_CONTEXT('2D SPACE',''
  ) );
#3295 = ORIENTED_EDGE('',*,*,#3296,.T.);
#3296 = EDGE_CURVE('',#3265,#3143,#3297,.T.);
#3297 = SURFACE_CURVE('',#3298,(#3303,#3313),.PCURVE_S1.);
#3298 = ELLIPSE('',#3299,51.961524227157,45.);
#3299 = AXIS2_PLACEMENT_3D('',#3300,#3301,#3302);
#3300 = CARTESIAN_POINT('',(0.,6.1677906469E-32,-135.3811978464));
#3301 = DIRECTION('',(-0.,-0.500000000003,-0.866025403783));
#3302 = DIRECTION('',(0.,-0.866025403783,0.500000000003));
#3303 = PCURVE('',#2827,#3304);
#3304 = DEFINITIONAL_REPRESENTATION('',(#3305),#3312);
#3305 = B_SPLINE_CURVE_WITH_KNOTS('',5,(#3306,#3307,#3308,#3309,#3310,
    #3311),.UNSPECIFIED.,.F.,.F.,(6,6),(4.364290331771,4.46200314887),
  .PIECEWISE_BEZIER_KNOTS.);
#3306 = CARTESIAN_POINT('',(6.631283955793,-144.2435244785));
#3307 = CARTESIAN_POINT('',(6.611741392374,-143.7662459591));
#3308 = CARTESIAN_POINT('',(6.592198828954,-143.2847366563));
#3309 = CARTESIAN_POINT('',(6.572656265534,-142.7993763149));
#3310 = CARTESIAN_POINT('',(6.553113702114,-142.3105514189));
#3311 = CARTESIAN_POINT('',(6.533571138695,-141.8186533479));
#3312 = ( GEOMETRIC_REPRESENTATION_CONTEXT(2) 
PARAMETRIC_REPRESENTATION_CONTEXT() REPRESENTATION_CONTEXT('2D SPACE',''
  ) );
#3313 = PCURVE('',#3314,#3319);
#3314 = PLANE('',#3315);
#3315 = AXIS2_PLACEMENT_3D('',#3316,#3317,#3318);
#3316 = CARTESIAN_POINT('',(23.615528128088,14.99999999999,
    -144.0414518843));
#3317 = DIRECTION('',(0.,-0.500000000003,-0.866025403783));
#3318 = DIRECTION('',(0.,-0.866025403783,0.500000000003));
#3319 = DEFINITIONAL_REPRESENTATION('',(#3320),#3324);
#3320 = ELLIPSE('',#3321,51.961524227157,45.);
#3321 = AXIS2_PLACEMENT_2D('',#3322,#3323);
#3322 = CARTESIAN_POINT('',(17.320508075707,23.615528128088));
#3323 = DIRECTION('',(1.,0.));
#3324 = ( GEOMETRIC_REPRESENTATION_CONTEXT(2) 
PARAMETRIC_REPRESENTATION_CONTEXT() REPRESENTATION_CONTEXT('2D SPACE',''
  ) );
#3325 = FACE_BOUND('',#3326,.T.);
#3326 = EDGE_LOOP('',(#3327,#3361,#3389,#3421,#3453,#3481));
#3327 = ORIENTED_EDGE('',*,*,#3328,.T.);
#3328 = EDGE_CURVE('',#3329,#3331,#3333,.T.);
#3329 = VERTEX_POINT('',#3330);
#3330 = CARTESIAN_POINT('',(31.124748994972,-32.5,-54.61880215351));
#3331 = VERTEX_POINT('',#3332);
#3332 = CARTESIAN_POINT('',(26.320144376504,-36.5,-52.30940107675));
#3333 = SURFACE_CURVE('',#3334,(#3339,#3349),.PCURVE_S1.);
#3334 = ELLIPSE('',#3335,51.961524227066,45.);
#3335 = AXIS2_PLACEMENT_3D('',#3336,#3337,#3338);
#3336 = CARTESIAN_POINT('',(0.,6.1677906469E-32,-73.38268590218));
#3337 = DIRECTION('',(-0.,-0.5,-0.866025403784));
#3338 = DIRECTION('',(0.,-0.866025403784,0.5));
#3339 = PCURVE('',#2827,#3340);
#3340 = DEFINITIONAL_REPRESENTATION('',(#3341),#3348);
#3341 = B_SPLINE_CURVE_WITH_KNOTS('',5,(#3342,#3343,#3344,#3345,#3346,
    #3347),.UNSPECIFIED.,.F.,.F.,(6,6),(5.506632049525,5.673799999149),
  .PIECEWISE_BEZIER_KNOTS.);
#3342 = CARTESIAN_POINT('',(5.48894223804,-54.84974226119));
#3343 = CARTESIAN_POINT('',(5.455508648115,-54.24098461632));
#3344 = CARTESIAN_POINT('',(5.42207505819,-53.65812222813));
#3345 = CARTESIAN_POINT('',(5.388641468265,-53.1025728333));
#3346 = CARTESIAN_POINT('',(5.35520787834,-52.57563317801));
#3347 = CARTESIAN_POINT('',(5.321774288415,-52.07846096908));
#3348 = ( GEOMETRIC_REPRESENTATION_CONTEXT(2) 
PARAMETRIC_REPRESENTATION_CONTEXT() REPRESENTATION_CONTEXT('2D SPACE',''
  ) );
#3349 = PCURVE('',#3350,#3355);
#3350 = PLANE('',#3351);
#3351 = AXIS2_PLACEMENT_3D('',#3352,#3353,#3354);
#3352 = CARTESIAN_POINT('',(23.615528128088,-32.5,-54.61880215351));
#3353 = DIRECTION('',(0.,-0.5,-0.866025403784));
#3354 = DIRECTION('',(0.,-0.866025403784,0.5));
#3355 = DEFINITIONAL_REPRESENTATION('',(#3356),#3360);
#3356 = ELLIPSE('',#3357,51.961524227066,45.);
#3357 = AXIS2_PLACEMENT_2D('',#3358,#3359);
#3358 = CARTESIAN_POINT('',(-37.52776749732,23.615528128088));
#3359 = DIRECTION('',(1.,0.));
#3360 = ( GEOMETRIC_REPRESENTATION_CONTEXT(2) 
PARAMETRIC_REPRESENTATION_CONTEXT() REPRESENTATION_CONTEXT('2D SPACE',''
  ) );
#3361 = ORIENTED_EDGE('',*,*,#3362,.T.);
#3362 = EDGE_CURVE('',#3331,#3363,#3365,.T.);
#3363 = VERTEX_POINT('',#3364);
#3364 = CARTESIAN_POINT('',(26.320144376504,-36.5,-47.69059892324));
#3365 = SURFACE_CURVE('',#3366,(#3370,#3377),.PCURVE_S1.);
#3366 = LINE('',#3367,#3368);
#3367 = CARTESIAN_POINT('',(26.320144376504,-36.5,0.));
#3368 = VECTOR('',#3369,1.);
#3369 = DIRECTION('',(0.,0.,1.));
#3370 = PCURVE('',#2827,#3371);
#3371 = DEFINITIONAL_REPRESENTATION('',(#3372),#3376);
#3372 = LINE('',#3373,#3374);
#3373 = CARTESIAN_POINT('',(5.337136000984,0.));
#3374 = VECTOR('',#3375,1.);
#3375 = DIRECTION('',(0.,1.));
#3376 = ( GEOMETRIC_REPRESENTATION_CONTEXT(2) 
PARAMETRIC_REPRESENTATION_CONTEXT() REPRESENTATION_CONTEXT('2D SPACE',''
  ) );
#3377 = PCURVE('',#3378,#3383);
#3378 = PLANE('',#3379);
#3379 = AXIS2_PLACEMENT_3D('',#3380,#3381,#3382);
#3380 = CARTESIAN_POINT('',(23.615528128088,-36.5,-52.30940107675));
#3381 = DIRECTION('',(0.,-1.,0.));
#3382 = DIRECTION('',(0.,0.,1.));
#3383 = DEFINITIONAL_REPRESENTATION('',(#3384),#3388);
#3384 = LINE('',#3385,#3386);
#3385 = CARTESIAN_POINT('',(52.309401076759,-2.704616248415));
#3386 = VECTOR('',#3387,1.);
#3387 = DIRECTION('',(1.,0.));
#3388 = ( GEOMETRIC_REPRESENTATION_CONTEXT(2) 
PARAMETRIC_REPRESENTATION_CONTEXT() REPRESENTATION_CONTEXT('2D SPACE',''
  ) );
#3389 = ORIENTED_EDGE('',*,*,#3390,.T.);
#3390 = EDGE_CURVE('',#3363,#3391,#3393,.T.);
#3391 = VERTEX_POINT('',#3392);
#3392 = CARTESIAN_POINT('',(31.124748994972,-32.5,-45.38119784648));
#3393 = SURFACE_CURVE('',#3394,(#3399,#3409),.PCURVE_S1.);
#3394 = ELLIPSE('',#3395,51.961524227066,45.);
#3395 = AXIS2_PLACEMENT_3D('',#3396,#3397,#3398);
#3396 = CARTESIAN_POINT('',(0.,6.1677906469E-32,-26.61731409782));
#3397 = DIRECTION('',(0.,-0.5,0.866025403784));
#3398 = DIRECTION('',(0.,0.866025403784,0.5));
#3399 = PCURVE('',#2827,#3400);
#3400 = DEFINITIONAL_REPRESENTATION('',(#3401),#3408);
#3401 = B_SPLINE_CURVE_WITH_KNOTS('',5,(#3402,#3403,#3404,#3405,#3406,
    #3407),.UNSPECIFIED.,.F.,.F.,(6,6),(3.750977961621,3.918145911245),
  .PIECEWISE_BEZIER_KNOTS.);
#3402 = CARTESIAN_POINT('',(5.321774288415,-47.92153903091));
#3403 = CARTESIAN_POINT('',(5.35520787834,-47.42436682198));
#3404 = CARTESIAN_POINT('',(5.388641468265,-46.89742716669));
#3405 = CARTESIAN_POINT('',(5.42207505819,-46.34187777186));
#3406 = CARTESIAN_POINT('',(5.455508648115,-45.75901538367));
#3407 = CARTESIAN_POINT('',(5.48894223804,-45.1502577388));
#3408 = ( GEOMETRIC_REPRESENTATION_CONTEXT(2) 
PARAMETRIC_REPRESENTATION_CONTEXT() REPRESENTATION_CONTEXT('2D SPACE',''
  ) );
#3409 = PCURVE('',#3410,#3415);
#3410 = PLANE('',#3411);
#3411 = AXIS2_PLACEMENT_3D('',#3412,#3413,#3414);
#3412 = CARTESIAN_POINT('',(23.615528128088,-36.5,-47.69059892324));
#3413 = DIRECTION('',(0.,-0.5,0.866025403784));
#3414 = DIRECTION('',(0.,0.866025403784,0.5));
#3415 = DEFINITIONAL_REPRESENTATION('',(#3416),#3420);
#3416 = ELLIPSE('',#3417,51.961524227066,45.);
#3417 = AXIS2_PLACEMENT_2D('',#3418,#3419);
#3418 = CARTESIAN_POINT('',(42.146569650843,23.615528128088));
#3419 = DIRECTION('',(1.,0.));
#3420 = ( GEOMETRIC_REPRESENTATION_CONTEXT(2) 
PARAMETRIC_REPRESENTATION_CONTEXT() REPRESENTATION_CONTEXT('2D SPACE',''
  ) );
#3421 = ORIENTED_EDGE('',*,*,#3422,.T.);
#3422 = EDGE_CURVE('',#3391,#3423,#3425,.T.);
#3423 = VERTEX_POINT('',#3424);
#3424 = CARTESIAN_POINT('',(34.824560298732,-28.5,-47.69059892324));
#3425 = SURFACE_CURVE('',#3426,(#3431,#3441),.PCURVE_S1.);
#3426 = ELLIPSE('',#3427,51.961524227066,45.);
#3427 = AXIS2_PLACEMENT_3D('',#3428,#3429,#3430);
#3428 = CARTESIAN_POINT('',(0.,6.1677906469E-32,-64.14508159514));
#3429 = DIRECTION('',(-0.,0.5,0.866025403784));
#3430 = DIRECTION('',(0.,-0.866025403784,0.5));
#3431 = PCURVE('',#2827,#3432);
#3432 = DEFINITIONAL_REPRESENTATION('',(#3433),#3440);
#3433 = B_SPLINE_CURVE_WITH_KNOTS('',5,(#3434,#3435,#3436,#3437,#3438,
    #3439),.UNSPECIFIED.,.F.,.F.,(6,6),(0.750847215962,0.896376271959),
  .PIECEWISE_BEZIER_KNOTS.);
#3434 = CARTESIAN_POINT('',(5.463236196347,-45.1502577388));
#3435 = CARTESIAN_POINT('',(5.492342007546,-45.66617551804));
#3436 = CARTESIAN_POINT('',(5.521447818745,-46.20220758176));
#3437 = CARTESIAN_POINT('',(5.550553629945,-46.75744342464));
#3438 = CARTESIAN_POINT('',(5.579659441144,-47.33090138929));
#3439 = CARTESIAN_POINT('',(5.608765252344,-47.92153903091));
#3440 = ( GEOMETRIC_REPRESENTATION_CONTEXT(2) 
PARAMETRIC_REPRESENTATION_CONTEXT() REPRESENTATION_CONTEXT('2D SPACE',''
  ) );
#3441 = PCURVE('',#3442,#3447);
#3442 = PLANE('',#3443);
#3443 = AXIS2_PLACEMENT_3D('',#3444,#3445,#3446);
#3444 = CARTESIAN_POINT('',(23.615528128088,-32.5,-45.38119784648));
#3445 = DIRECTION('',(0.,0.5,0.866025403784));
#3446 = DIRECTION('',(0.,0.866025403784,-0.5));
#3447 = DEFINITIONAL_REPRESENTATION('',(#3448),#3452);
#3448 = ELLIPSE('',#3449,51.961524227066,45.);
#3449 = AXIS2_PLACEMENT_2D('',#3450,#3451);
#3450 = CARTESIAN_POINT('',(37.527767497326,23.615528128088));
#3451 = DIRECTION('',(-1.,0.));
#3452 = ( GEOMETRIC_REPRESENTATION_CONTEXT(2) 
PARAMETRIC_REPRESENTATION_CONTEXT() REPRESENTATION_CONTEXT('2D SPACE',''
  ) );
#3453 = ORIENTED_EDGE('',*,*,#3454,.F.);
#3454 = EDGE_CURVE('',#3455,#3423,#3457,.T.);
#3455 = VERTEX_POINT('',#3456);
#3456 = CARTESIAN_POINT('',(34.824560298732,-28.5,-52.30940107675));
#3457 = SURFACE_CURVE('',#3458,(#3462,#3469),.PCURVE_S1.);
#3458 = LINE('',#3459,#3460);
#3459 = CARTESIAN_POINT('',(34.824560298732,-28.5,0.));
#3460 = VECTOR('',#3461,1.);
#3461 = DIRECTION('',(0.,0.,1.));
#3462 = PCURVE('',#2827,#3463);
#3463 = DEFINITIONAL_REPRESENTATION('',(#3464),#3468);
#3464 = LINE('',#3465,#3466);
#3465 = CARTESIAN_POINT('',(5.597332342561,0.));
#3466 = VECTOR('',#3467,1.);
#3467 = DIRECTION('',(0.,1.));
#3468 = ( GEOMETRIC_REPRESENTATION_CONTEXT(2) 
PARAMETRIC_REPRESENTATION_CONTEXT() REPRESENTATION_CONTEXT('2D SPACE',''
  ) );
#3469 = PCURVE('',#3470,#3475);
#3470 = PLANE('',#3471);
#3471 = AXIS2_PLACEMENT_3D('',#3472,#3473,#3474);
#3472 = CARTESIAN_POINT('',(23.615528128088,-28.5,-47.69059892324));
#3473 = DIRECTION('',(0.,1.,0.));
#3474 = DIRECTION('',(0.,0.,-1.));
#3475 = DEFINITIONAL_REPRESENTATION('',(#3476),#3480);
#3476 = LINE('',#3477,#3478);
#3477 = CARTESIAN_POINT('',(-47.69059892324,-11.20903217064));
#3478 = VECTOR('',#3479,1.);
#3479 = DIRECTION('',(-1.,0.));
#3480 = ( GEOMETRIC_REPRESENTATION_CONTEXT(2) 
PARAMETRIC_REPRESENTATION_CONTEXT() REPRESENTATION_CONTEXT('2D SPACE',''
  ) );
#3481 = ORIENTED_EDGE('',*,*,#3482,.T.);
#3482 = EDGE_CURVE('',#3455,#3329,#3483,.T.);
#3483 = SURFACE_CURVE('',#3484,(#3489,#3499),.PCURVE_S1.);
#3484 = ELLIPSE('',#3485,51.961524227066,45.);
#3485 = AXIS2_PLACEMENT_3D('',#3486,#3487,#3488);
#3486 = CARTESIAN_POINT('',(0.,6.1677906469E-32,-35.85491840485));
#3487 = DIRECTION('',(0.,0.5,-0.866025403784));
#3488 = DIRECTION('',(0.,0.866025403784,0.5));
#3489 = PCURVE('',#2827,#3490);
#3490 = DEFINITIONAL_REPRESENTATION('',(#3491),#3498);
#3491 = B_SPLINE_CURVE_WITH_KNOTS('',5,(#3492,#3493,#3494,#3495,#3496,
    #3497),.UNSPECIFIED.,.F.,.F.,(6,6),(2.245216381631,2.390745437628),
  .PIECEWISE_BEZIER_KNOTS.);
#3492 = CARTESIAN_POINT('',(5.608765252344,-52.07846096908));
#3493 = CARTESIAN_POINT('',(5.579659441144,-52.6690986107));
#3494 = CARTESIAN_POINT('',(5.550553629945,-53.24255657535));
#3495 = CARTESIAN_POINT('',(5.521447818745,-53.79779241823));
#3496 = CARTESIAN_POINT('',(5.492342007546,-54.33382448195));
#3497 = CARTESIAN_POINT('',(5.463236196347,-54.84974226119));
#3498 = ( GEOMETRIC_REPRESENTATION_CONTEXT(2) 
PARAMETRIC_REPRESENTATION_CONTEXT() REPRESENTATION_CONTEXT('2D SPACE',''
  ) );
#3499 = PCURVE('',#3500,#3505);
#3500 = PLANE('',#3501);
#3501 = AXIS2_PLACEMENT_3D('',#3502,#3503,#3504);
#3502 = CARTESIAN_POINT('',(23.615528128088,-28.5,-52.30940107675));
#3503 = DIRECTION('',(0.,0.5,-0.866025403784));
#3504 = DIRECTION('',(0.,-0.866025403784,-0.5));
#3505 = DEFINITIONAL_REPRESENTATION('',(#3506),#3510);
#3506 = ELLIPSE('',#3507,51.961524227066,45.);
#3507 = AXIS2_PLACEMENT_2D('',#3508,#3509);
#3508 = CARTESIAN_POINT('',(-32.9089653438,23.615528128088));
#3509 = DIRECTION('',(-1.,0.));
#3510 = ( GEOMETRIC_REPRESENTATION_CONTEXT(2) 
PARAMETRIC_REPRESENTATION_CONTEXT() REPRESENTATION_CONTEXT('2D SPACE',''
  ) );
#3511 = FACE_BOUND('',#3512,.T.);
#3512 = EDGE_LOOP('',(#3513,#3547,#3575,#3607,#3639,#3667));
#3513 = ORIENTED_EDGE('',*,*,#3514,.T.);
#3514 = EDGE_CURVE('',#3515,#3517,#3519,.T.);
#3515 = VERTEX_POINT('',#3516);
#3516 = CARTESIAN_POINT('',(31.124748994972,32.5,-54.61880215351));
#3517 = VERTEX_POINT('',#3518);
#3518 = CARTESIAN_POINT('',(34.824560298732,28.5,-52.30940107675));
#3519 = SURFACE_CURVE('',#3520,(#3525,#3535),.PCURVE_S1.);
#3520 = ELLIPSE('',#3521,51.961524227066,45.);
#3521 = AXIS2_PLACEMENT_3D('',#3522,#3523,#3524);
#3522 = CARTESIAN_POINT('',(0.,6.1677906469E-32,-35.85491840485));
#3523 = DIRECTION('',(-0.,-0.5,-0.866025403784));
#3524 = DIRECTION('',(0.,-0.866025403784,0.5));
#3525 = PCURVE('',#2827,#3526);
#3526 = DEFINITIONAL_REPRESENTATION('',(#3527),#3534);
#3527 = B_SPLINE_CURVE_WITH_KNOTS('',5,(#3528,#3529,#3530,#3531,#3532,
    #3533),.UNSPECIFIED.,.F.,.F.,(6,6),(3.892439869552,4.037968925549),
  .PIECEWISE_BEZIER_KNOTS.);
#3528 = CARTESIAN_POINT('',(7.103134418012,-54.84974226119));
#3529 = CARTESIAN_POINT('',(7.074028606813,-54.33382448195));
#3530 = CARTESIAN_POINT('',(7.044922795614,-53.79779241823));
#3531 = CARTESIAN_POINT('',(7.015816984414,-53.24255657535));
#3532 = CARTESIAN_POINT('',(6.986711173215,-52.6690986107));
#3533 = CARTESIAN_POINT('',(6.957605362016,-52.07846096908));
#3534 = ( GEOMETRIC_REPRESENTATION_CONTEXT(2) 
PARAMETRIC_REPRESENTATION_CONTEXT() REPRESENTATION_CONTEXT('2D SPACE',''
  ) );
#3535 = PCURVE('',#3536,#3541);
#3536 = PLANE('',#3537);
#3537 = AXIS2_PLACEMENT_3D('',#3538,#3539,#3540);
#3538 = CARTESIAN_POINT('',(23.615528128088,32.5,-54.61880215351));
#3539 = DIRECTION('',(0.,-0.5,-0.866025403784));
#3540 = DIRECTION('',(0.,-0.866025403784,0.5));
#3541 = DEFINITIONAL_REPRESENTATION('',(#3542),#3546);
#3542 = ELLIPSE('',#3543,51.961524227066,45.);
#3543 = AXIS2_PLACEMENT_2D('',#3544,#3545);
#3544 = CARTESIAN_POINT('',(37.527767497326,23.615528128088));
#3545 = DIRECTION('',(1.,0.));
#3546 = ( GEOMETRIC_REPRESENTATION_CONTEXT(2) 
PARAMETRIC_REPRESENTATION_CONTEXT() REPRESENTATION_CONTEXT('2D SPACE',''
  ) );
#3547 = ORIENTED_EDGE('',*,*,#3548,.T.);
#3548 = EDGE_CURVE('',#3517,#3549,#3551,.T.);
#3549 = VERTEX_POINT('',#3550);
#3550 = CARTESIAN_POINT('',(34.824560298732,28.5,-47.69059892324));
#3551 = SURFACE_CURVE('',#3552,(#3556,#3563),.PCURVE_S1.);
#3552 = LINE('',#3553,#3554);
#3553 = CARTESIAN_POINT('',(34.824560298732,28.5,0.));
#3554 = VECTOR('',#3555,1.);
#3555 = DIRECTION('',(0.,0.,1.));
#3556 = PCURVE('',#2827,#3557);
#3557 = DEFINITIONAL_REPRESENTATION('',(#3558),#3562);
#3558 = LINE('',#3559,#3560);
#3559 = CARTESIAN_POINT('',(6.969038271798,0.));
#3560 = VECTOR('',#3561,1.);
#3561 = DIRECTION('',(0.,1.));
#3562 = ( GEOMETRIC_REPRESENTATION_CONTEXT(2) 
PARAMETRIC_REPRESENTATION_CONTEXT() REPRESENTATION_CONTEXT('2D SPACE',''
  ) );
#3563 = PCURVE('',#3564,#3569);
#3564 = PLANE('',#3565);
#3565 = AXIS2_PLACEMENT_3D('',#3566,#3567,#3568);
#3566 = CARTESIAN_POINT('',(23.615528128088,28.5,-52.30940107675));
#3567 = DIRECTION('',(0.,-1.,0.));
#3568 = DIRECTION('',(0.,0.,1.));
#3569 = DEFINITIONAL_REPRESENTATION('',(#3570),#3574);
#3570 = LINE('',#3571,#3572);
#3571 = CARTESIAN_POINT('',(52.309401076759,-11.20903217064));
#3572 = VECTOR('',#3573,1.);
#3573 = DIRECTION('',(1.,0.));
#3574 = ( GEOMETRIC_REPRESENTATION_CONTEXT(2) 
PARAMETRIC_REPRESENTATION_CONTEXT() REPRESENTATION_CONTEXT('2D SPACE',''
  ) );
#3575 = ORIENTED_EDGE('',*,*,#3576,.T.);
#3576 = EDGE_CURVE('',#3549,#3577,#3579,.T.);
#3577 = VERTEX_POINT('',#3578);
#3578 = CARTESIAN_POINT('',(31.124748994972,32.5,-45.38119784648));
#3579 = SURFACE_CURVE('',#3580,(#3585,#3595),.PCURVE_S1.);
#3580 = ELLIPSE('',#3581,51.961524227066,45.);
#3581 = AXIS2_PLACEMENT_3D('',#3582,#3583,#3584);
#3582 = CARTESIAN_POINT('',(0.,6.1677906469E-32,-64.14508159514));
#3583 = DIRECTION('',(0.,-0.5,0.866025403784));
#3584 = DIRECTION('',(0.,0.866025403784,0.5));
#3585 = PCURVE('',#2827,#3586);
#3586 = DEFINITIONAL_REPRESENTATION('',(#3587),#3594);
#3587 = B_SPLINE_CURVE_WITH_KNOTS('',5,(#3588,#3589,#3590,#3591,#3592,
    #3593),.UNSPECIFIED.,.F.,.F.,(6,6),(5.386809035221,5.532338091218),
  .PIECEWISE_BEZIER_KNOTS.);
#3588 = CARTESIAN_POINT('',(6.957605362016,-47.92153903091));
#3589 = CARTESIAN_POINT('',(6.986711173215,-47.33090138929));
#3590 = CARTESIAN_POINT('',(7.015816984414,-46.75744342464));
#3591 = CARTESIAN_POINT('',(7.044922795614,-46.20220758176));
#3592 = CARTESIAN_POINT('',(7.074028606813,-45.66617551804));
#3593 = CARTESIAN_POINT('',(7.103134418012,-45.1502577388));
#3594 = ( GEOMETRIC_REPRESENTATION_CONTEXT(2) 
PARAMETRIC_REPRESENTATION_CONTEXT() REPRESENTATION_CONTEXT('2D SPACE',''
  ) );
#3595 = PCURVE('',#3596,#3601);
#3596 = PLANE('',#3597);
#3597 = AXIS2_PLACEMENT_3D('',#3598,#3599,#3600);
#3598 = CARTESIAN_POINT('',(23.615528128088,28.5,-47.69059892324));
#3599 = DIRECTION('',(0.,-0.5,0.866025403784));
#3600 = DIRECTION('',(0.,0.866025403784,0.5));
#3601 = DEFINITIONAL_REPRESENTATION('',(#3602),#3606);
#3602 = ELLIPSE('',#3603,51.961524227066,45.);
#3603 = AXIS2_PLACEMENT_2D('',#3604,#3605);
#3604 = CARTESIAN_POINT('',(-32.9089653438,23.615528128088));
#3605 = DIRECTION('',(1.,0.));
#3606 = ( GEOMETRIC_REPRESENTATION_CONTEXT(2) 
PARAMETRIC_REPRESENTATION_CONTEXT() REPRESENTATION_CONTEXT('2D SPACE',''
  ) );
#3607 = ORIENTED_EDGE('',*,*,#3608,.T.);
#3608 = EDGE_CURVE('',#3577,#3609,#3611,.T.);
#3609 = VERTEX_POINT('',#3610);
#3610 = CARTESIAN_POINT('',(26.320144376504,36.5,-47.69059892324));
#3611 = SURFACE_CURVE('',#3612,(#3617,#3627),.PCURVE_S1.);
#3612 = ELLIPSE('',#3613,51.961524227066,45.);
#3613 = AXIS2_PLACEMENT_3D('',#3614,#3615,#3616);
#3614 = CARTESIAN_POINT('',(0.,6.1677906469E-32,-26.61731409782));
#3615 = DIRECTION('',(-0.,0.5,0.866025403784));
#3616 = DIRECTION('',(0.,-0.866025403784,0.5));
#3617 = PCURVE('',#2827,#3618);
#3618 = DEFINITIONAL_REPRESENTATION('',(#3619),#3626);
#3619 = B_SPLINE_CURVE_WITH_KNOTS('',5,(#3620,#3621,#3622,#3623,#3624,
    #3625),.UNSPECIFIED.,.F.,.F.,(6,6),(2.365039395935,2.532207345559),
  .PIECEWISE_BEZIER_KNOTS.);
#3620 = CARTESIAN_POINT('',(7.077428376319,-45.1502577388));
#3621 = CARTESIAN_POINT('',(7.110861966244,-45.75901538367));
#3622 = CARTESIAN_POINT('',(7.144295556169,-46.34187777186));
#3623 = CARTESIAN_POINT('',(7.177729146094,-46.89742716669));
#3624 = CARTESIAN_POINT('',(7.211162736019,-47.42436682198));
#3625 = CARTESIAN_POINT('',(7.244596325944,-47.92153903091));
#3626 = ( GEOMETRIC_REPRESENTATION_CONTEXT(2) 
PARAMETRIC_REPRESENTATION_CONTEXT() REPRESENTATION_CONTEXT('2D SPACE',''
  ) );
#3627 = PCURVE('',#3628,#3633);
#3628 = PLANE('',#3629);
#3629 = AXIS2_PLACEMENT_3D('',#3630,#3631,#3632);
#3630 = CARTESIAN_POINT('',(23.615528128088,32.5,-45.38119784648));
#3631 = DIRECTION('',(0.,0.5,0.866025403784));
#3632 = DIRECTION('',(0.,0.866025403784,-0.5));
#3633 = DEFINITIONAL_REPRESENTATION('',(#3634),#3638);
#3634 = ELLIPSE('',#3635,51.961524227066,45.);
#3635 = AXIS2_PLACEMENT_2D('',#3636,#3637);
#3636 = CARTESIAN_POINT('',(-37.52776749732,23.615528128088));
#3637 = DIRECTION('',(-1.,0.));
#3638 = ( GEOMETRIC_REPRESENTATION_CONTEXT(2) 
PARAMETRIC_REPRESENTATION_CONTEXT() REPRESENTATION_CONTEXT('2D SPACE',''
  ) );
#3639 = ORIENTED_EDGE('',*,*,#3640,.F.);
#3640 = EDGE_CURVE('',#3641,#3609,#3643,.T.);
#3641 = VERTEX_POINT('',#3642);
#3642 = CARTESIAN_POINT('',(26.320144376504,36.5,-52.30940107675));
#3643 = SURFACE_CURVE('',#3644,(#3648,#3655),.PCURVE_S1.);
#3644 = LINE('',#3645,#3646);
#3645 = CARTESIAN_POINT('',(26.320144376504,36.5,0.));
#3646 = VECTOR('',#3647,1.);
#3647 = DIRECTION('',(0.,0.,1.));
#3648 = PCURVE('',#2827,#3649);
#3649 = DEFINITIONAL_REPRESENTATION('',(#3650),#3654);
#3650 = LINE('',#3651,#3652);
#3651 = CARTESIAN_POINT('',(7.229234613376,0.));
#3652 = VECTOR('',#3653,1.);
#3653 = DIRECTION('',(0.,1.));
#3654 = ( GEOMETRIC_REPRESENTATION_CONTEXT(2) 
PARAMETRIC_REPRESENTATION_CONTEXT() REPRESENTATION_CONTEXT('2D SPACE',''
  ) );
#3655 = PCURVE('',#3656,#3661);
#3656 = PLANE('',#3657);
#3657 = AXIS2_PLACEMENT_3D('',#3658,#3659,#3660);
#3658 = CARTESIAN_POINT('',(23.615528128088,36.5,-47.69059892324));
#3659 = DIRECTION('',(0.,1.,0.));
#3660 = DIRECTION('',(0.,0.,-1.));
#3661 = DEFINITIONAL_REPRESENTATION('',(#3662),#3666);
#3662 = LINE('',#3663,#3664);
#3663 = CARTESIAN_POINT('',(-47.69059892324,-2.704616248415));
#3664 = VECTOR('',#3665,1.);
#3665 = DIRECTION('',(-1.,0.));
#3666 = ( GEOMETRIC_REPRESENTATION_CONTEXT(2) 
PARAMETRIC_REPRESENTATION_CONTEXT() REPRESENTATION_CONTEXT('2D SPACE',''
  ) );
#3667 = ORIENTED_EDGE('',*,*,#3668,.T.);
#3668 = EDGE_CURVE('',#3641,#3515,#3669,.T.);
#3669 = SURFACE_CURVE('',#3670,(#3675,#3685),.PCURVE_S1.);
#3670 = ELLIPSE('',#3671,51.961524227066,45.);
#3671 = AXIS2_PLACEMENT_3D('',#3672,#3673,#3674);
#3672 = CARTESIAN_POINT('',(0.,6.1677906469E-32,-73.38268590218));
#3673 = DIRECTION('',(0.,0.5,-0.866025403784));
#3674 = DIRECTION('',(0.,0.866025403784,0.5));
#3675 = PCURVE('',#2827,#3676);
#3676 = DEFINITIONAL_REPRESENTATION('',(#3677),#3684);
#3677 = B_SPLINE_CURVE_WITH_KNOTS('',5,(#3678,#3679,#3680,#3681,#3682,
    #3683),.UNSPECIFIED.,.F.,.F.,(6,6),(0.609385308031,0.776553257655),
  .PIECEWISE_BEZIER_KNOTS.);
#3678 = CARTESIAN_POINT('',(7.244596325944,-52.07846096908));
#3679 = CARTESIAN_POINT('',(7.211162736019,-52.57563317801));
#3680 = CARTESIAN_POINT('',(7.177729146094,-53.1025728333));
#3681 = CARTESIAN_POINT('',(7.144295556169,-53.65812222813));
#3682 = CARTESIAN_POINT('',(7.110861966244,-54.24098461632));
#3683 = CARTESIAN_POINT('',(7.077428376319,-54.84974226119));
#3684 = ( GEOMETRIC_REPRESENTATION_CONTEXT(2) 
PARAMETRIC_REPRESENTATION_CONTEXT() REPRESENTATION_CONTEXT('2D SPACE',''
  ) );
#3685 = PCURVE('',#3686,#3691);
#3686 = PLANE('',#3687);
#3687 = AXIS2_PLACEMENT_3D('',#3688,#3689,#3690);
#3688 = CARTESIAN_POINT('',(23.615528128088,36.5,-52.30940107675));
#3689 = DIRECTION('',(0.,0.5,-0.866025403784));
#3690 = DIRECTION('',(0.,-0.866025403784,-0.5));
#3691 = DEFINITIONAL_REPRESENTATION('',(#3692),#3696);
#3692 = ELLIPSE('',#3693,51.961524227066,45.);
#3693 = AXIS2_PLACEMENT_2D('',#3694,#3695);
#3694 = CARTESIAN_POINT('',(42.146569650843,23.615528128088));
#3695 = DIRECTION('',(-1.,0.));
#3696 = ( GEOMETRIC_REPRESENTATION_CONTEXT(2) 
PARAMETRIC_REPRESENTATION_CONTEXT() REPRESENTATION_CONTEXT('2D SPACE',''
  ) );
#3697 = ADVANCED_FACE('',(#3698,#3749,#3784,#3819,#3854),#2839,.F.);
#3698 = FACE_BOUND('',#3699,.F.);
#3699 = EDGE_LOOP('',(#3700,#3701,#3727,#3728));
#3700 = ORIENTED_EDGE('',*,*,#2816,.T.);
#3701 = ORIENTED_EDGE('',*,*,#3702,.T.);
#3702 = EDGE_CURVE('',#2819,#2881,#3703,.T.);
#3703 = SURFACE_CURVE('',#3704,(#3708,#3715),.PCURVE_S1.);
#3704 = LINE('',#3705,#3706);
#3705 = CARTESIAN_POINT('',(20.615528128088,-40.,-185.));
#3706 = VECTOR('',#3707,1.);
#3707 = DIRECTION('',(0.,1.,0.));
#3708 = PCURVE('',#2839,#3709);
#3709 = DEFINITIONAL_REPRESENTATION('',(#3710),#3714);
#3710 = LINE('',#3711,#3712);
#3711 = CARTESIAN_POINT('',(0.,-185.));
#3712 = VECTOR('',#3713,1.);
#3713 = DIRECTION('',(1.,0.));
#3714 = ( GEOMETRIC_REPRESENTATION_CONTEXT(2) 
PARAMETRIC_REPRESENTATION_CONTEXT() REPRESENTATION_CONTEXT('2D SPACE',''
  ) );
#3715 = PCURVE('',#3716,#3721);
#3716 = PLANE('',#3717);
#3717 = AXIS2_PLACEMENT_3D('',#3718,#3719,#3720);
#3718 = CARTESIAN_POINT('',(-3.889607488112E-15,-2.052637289391E-15,
    -185.));
#3719 = DIRECTION('',(0.,0.,1.));
#3720 = DIRECTION('',(1.,0.,0.));
#3721 = DEFINITIONAL_REPRESENTATION('',(#3722),#3726);
#3722 = LINE('',#3723,#3724);
#3723 = CARTESIAN_POINT('',(20.615528128088,-40.));
#3724 = VECTOR('',#3725,1.);
#3725 = DIRECTION('',(0.,1.));
#3726 = ( GEOMETRIC_REPRESENTATION_CONTEXT(2) 
PARAMETRIC_REPRESENTATION_CONTEXT() REPRESENTATION_CONTEXT('2D SPACE',''
  ) );
#3727 = ORIENTED_EDGE('',*,*,#2904,.F.);
#3728 = ORIENTED_EDGE('',*,*,#3729,.F.);
#3729 = EDGE_CURVE('',#2817,#2905,#3730,.T.);
#3730 = SURFACE_CURVE('',#3731,(#3735,#3742),.PCURVE_S1.);
#3731 = LINE('',#3732,#3733);
#3732 = CARTESIAN_POINT('',(20.615528128088,-40.,0.));
#3733 = VECTOR('',#3734,1.);
#3734 = DIRECTION('',(0.,1.,0.));
#3735 = PCURVE('',#2839,#3736);
#3736 = DEFINITIONAL_REPRESENTATION('',(#3737),#3741);
#3737 = LINE('',#3738,#3739);
#3738 = CARTESIAN_POINT('',(0.,0.));
#3739 = VECTOR('',#3740,1.);
#3740 = DIRECTION('',(1.,0.));
#3741 = ( GEOMETRIC_REPRESENTATION_CONTEXT(2) 
PARAMETRIC_REPRESENTATION_CONTEXT() REPRESENTATION_CONTEXT('2D SPACE',''
  ) );
#3742 = PCURVE('',#2942,#3743);
#3743 = DEFINITIONAL_REPRESENTATION('',(#3744),#3748);
#3744 = LINE('',#3745,#3746);
#3745 = CARTESIAN_POINT('',(-7.802856927474,-40.));
#3746 = VECTOR('',#3747,1.);
#3747 = DIRECTION('',(0.,1.));
#3748 = ( GEOMETRIC_REPRESENTATION_CONTEXT(2) 
PARAMETRIC_REPRESENTATION_CONTEXT() REPRESENTATION_CONTEXT('2D SPACE',''
  ) );
#3749 = FACE_BOUND('',#3750,.F.);
#3750 = EDGE_LOOP('',(#3751));
#3751 = ORIENTED_EDGE('',*,*,#3752,.T.);
#3752 = EDGE_CURVE('',#3753,#3753,#3755,.T.);
#3753 = VERTEX_POINT('',#3754);
#3754 = CARTESIAN_POINT('',(20.615528128088,-17.,-140.));
#3755 = SURFACE_CURVE('',#3756,(#3761,#3772),.PCURVE_S1.);
#3756 = CIRCLE('',#3757,2.);
#3757 = AXIS2_PLACEMENT_3D('',#3758,#3759,#3760);
#3758 = CARTESIAN_POINT('',(20.615528128088,-15.,-140.));
#3759 = DIRECTION('',(-1.,0.,0.));
#3760 = DIRECTION('',(0.,-1.,0.));
#3761 = PCURVE('',#2839,#3762);
#3762 = DEFINITIONAL_REPRESENTATION('',(#3763),#3771);
#3763 = ( BOUNDED_CURVE() B_SPLINE_CURVE(2,(#3764,#3765,#3766,#3767,
#3768,#3769,#3770),.UNSPECIFIED.,.T.,.F.) B_SPLINE_CURVE_WITH_KNOTS((1,2
    ,2,2,2,1),(-2.094395102393,0.,2.094395102393,4.188790204786,
6.28318530718,8.377580409573),.UNSPECIFIED.) CURVE() 
GEOMETRIC_REPRESENTATION_ITEM() RATIONAL_B_SPLINE_CURVE((1.,0.5,1.,0.5,
1.,0.5,1.)) REPRESENTATION_ITEM('') );
#3764 = CARTESIAN_POINT('',(23.,-140.));
#3765 = CARTESIAN_POINT('',(23.,-136.5358983848));
#3766 = CARTESIAN_POINT('',(26.,-138.2679491924));
#3767 = CARTESIAN_POINT('',(29.,-140.));
#3768 = CARTESIAN_POINT('',(26.,-141.7320508075));
#3769 = CARTESIAN_POINT('',(23.,-143.4641016151));
#3770 = CARTESIAN_POINT('',(23.,-140.));
#3771 = ( GEOMETRIC_REPRESENTATION_CONTEXT(2) 
PARAMETRIC_REPRESENTATION_CONTEXT() REPRESENTATION_CONTEXT('2D SPACE',''
  ) );
#3772 = PCURVE('',#3773,#3778);
#3773 = CYLINDRICAL_SURFACE('',#3774,2.);
#3774 = AXIS2_PLACEMENT_3D('',#3775,#3776,#3777);
#3775 = CARTESIAN_POINT('',(20.615528128088,-15.,-140.));
#3776 = DIRECTION('',(-1.,0.,0.));
#3777 = DIRECTION('',(0.,-1.,0.));
#3778 = DEFINITIONAL_REPRESENTATION('',(#3779),#3783);
#3779 = LINE('',#3780,#3781);
#3780 = CARTESIAN_POINT('',(0.,0.));
#3781 = VECTOR('',#3782,1.);
#3782 = DIRECTION('',(1.,0.));
#3783 = ( GEOMETRIC_REPRESENTATION_CONTEXT(2) 
PARAMETRIC_REPRESENTATION_CONTEXT() REPRESENTATION_CONTEXT('2D SPACE',''
  ) );
#3784 = FACE_BOUND('',#3785,.F.);
#3785 = EDGE_LOOP('',(#3786));
#3786 = ORIENTED_EDGE('',*,*,#3787,.T.);
#3787 = EDGE_CURVE('',#3788,#3788,#3790,.T.);
#3788 = VERTEX_POINT('',#3789);
#3789 = CARTESIAN_POINT('',(20.615528128088,13.,-140.));
#3790 = SURFACE_CURVE('',#3791,(#3796,#3807),.PCURVE_S1.);
#3791 = CIRCLE('',#3792,2.);
#3792 = AXIS2_PLACEMENT_3D('',#3793,#3794,#3795);
#3793 = CARTESIAN_POINT('',(20.615528128088,15.,-140.));
#3794 = DIRECTION('',(-1.,0.,0.));
#3795 = DIRECTION('',(0.,-1.,0.));
#3796 = PCURVE('',#2839,#3797);
#3797 = DEFINITIONAL_REPRESENTATION('',(#3798),#3806);
#3798 = ( BOUNDED_CURVE() B_SPLINE_CURVE(2,(#3799,#3800,#3801,#3802,
#3803,#3804,#3805),.UNSPECIFIED.,.T.,.F.) B_SPLINE_CURVE_WITH_KNOTS((1,2
    ,2,2,2,1),(-2.094395102393,0.,2.094395102393,4.188790204786,
6.28318530718,8.377580409573),.UNSPECIFIED.) CURVE() 
GEOMETRIC_REPRESENTATION_ITEM() RATIONAL_B_SPLINE_CURVE((1.,0.5,1.,0.5,
1.,0.5,1.)) REPRESENTATION_ITEM('') );
#3799 = CARTESIAN_POINT('',(53.,-140.));
#3800 = CARTESIAN_POINT('',(53.,-136.5358983848));
#3801 = CARTESIAN_POINT('',(56.,-138.2679491924));
#3802 = CARTESIAN_POINT('',(59.,-140.));
#3803 = CARTESIAN_POINT('',(56.,-141.7320508075));
#3804 = CARTESIAN_POINT('',(53.,-143.4641016151));
#3805 = CARTESIAN_POINT('',(53.,-140.));
#3806 = ( GEOMETRIC_REPRESENTATION_CONTEXT(2) 
PARAMETRIC_REPRESENTATION_CONTEXT() REPRESENTATION_CONTEXT('2D SPACE',''
  ) );
#3807 = PCURVE('',#3808,#3813);
#3808 = CYLINDRICAL_SURFACE('',#3809,2.);
#3809 = AXIS2_PLACEMENT_3D('',#3810,#3811,#3812);
#3810 = CARTESIAN_POINT('',(20.615528128088,15.,-140.));
#3811 = DIRECTION('',(-1.,0.,0.));
#3812 = DIRECTION('',(0.,-1.,0.));
#3813 = DEFINITIONAL_REPRESENTATION('',(#3814),#3818);
#3814 = LINE('',#3815,#3816);
#3815 = CARTESIAN_POINT('',(0.,0.));
#3816 = VECTOR('',#3817,1.);
#3817 = DIRECTION('',(1.,0.));
#3818 = ( GEOMETRIC_REPRESENTATION_CONTEXT(2) 
PARAMETRIC_REPRESENTATION_CONTEXT() REPRESENTATION_CONTEXT('2D SPACE',''
  ) );
#3819 = FACE_BOUND('',#3820,.F.);
#3820 = EDGE_LOOP('',(#3821));
#3821 = ORIENTED_EDGE('',*,*,#3822,.T.);
#3822 = EDGE_CURVE('',#3823,#3823,#3825,.T.);
#3823 = VERTEX_POINT('',#3824);
#3824 = CARTESIAN_POINT('',(20.615528128088,-35.,-50.));
#3825 = SURFACE_CURVE('',#3826,(#3831,#3842),.PCURVE_S1.);
#3826 = CIRCLE('',#3827,2.5);
#3827 = AXIS2_PLACEMENT_3D('',#3828,#3829,#3830);
#3828 = CARTESIAN_POINT('',(20.615528128088,-32.5,-50.));
#3829 = DIRECTION('',(-1.,0.,0.));
#3830 = DIRECTION('',(0.,-1.,0.));
#3831 = PCURVE('',#2839,#3832);
#3832 = DEFINITIONAL_REPRESENTATION('',(#3833),#3841);
#3833 = ( BOUNDED_CURVE() B_SPLINE_CURVE(2,(#3834,#3835,#3836,#3837,
#3838,#3839,#3840),.UNSPECIFIED.,.T.,.F.) B_SPLINE_CURVE_WITH_KNOTS((1,2
    ,2,2,2,1),(-2.094395102393,0.,2.094395102393,4.188790204786,
6.28318530718,8.377580409573),.UNSPECIFIED.) CURVE() 
GEOMETRIC_REPRESENTATION_ITEM() RATIONAL_B_SPLINE_CURVE((1.,0.5,1.,0.5,
1.,0.5,1.)) REPRESENTATION_ITEM('') );
#3834 = CARTESIAN_POINT('',(5.,-50.));
#3835 = CARTESIAN_POINT('',(5.,-45.66987298107));
#3836 = CARTESIAN_POINT('',(8.75,-47.83493649053));
#3837 = CARTESIAN_POINT('',(12.5,-50.));
#3838 = CARTESIAN_POINT('',(8.75,-52.16506350946));
#3839 = CARTESIAN_POINT('',(5.,-54.33012701892));
#3840 = CARTESIAN_POINT('',(5.,-50.));
#3841 = ( GEOMETRIC_REPRESENTATION_CONTEXT(2) 
PARAMETRIC_REPRESENTATION_CONTEXT() REPRESENTATION_CONTEXT('2D SPACE',''
  ) );
#3842 = PCURVE('',#3843,#3848);
#3843 = CYLINDRICAL_SURFACE('',#3844,2.5);
#3844 = AXIS2_PLACEMENT_3D('',#3845,#3846,#3847);
#3845 = CARTESIAN_POINT('',(20.615528128088,-32.5,-50.));
#3846 = DIRECTION('',(-1.,0.,0.));
#3847 = DIRECTION('',(0.,-1.,0.));
#3848 = DEFINITIONAL_REPRESENTATION('',(#3849),#3853);
#3849 = LINE('',#3850,#3851);
#3850 = CARTESIAN_POINT('',(0.,0.));
#3851 = VECTOR('',#3852,1.);
#3852 = DIRECTION('',(1.,0.));
#3853 = ( GEOMETRIC_REPRESENTATION_CONTEXT(2) 
PARAMETRIC_REPRESENTATION_CONTEXT() REPRESENTATION_CONTEXT('2D SPACE',''
  ) );
#3854 = FACE_BOUND('',#3855,.F.);
#3855 = EDGE_LOOP('',(#3856));
#3856 = ORIENTED_EDGE('',*,*,#3857,.T.);
#3857 = EDGE_CURVE('',#3858,#3858,#3860,.T.);
#3858 = VERTEX_POINT('',#3859);
#3859 = CARTESIAN_POINT('',(20.615528128088,30.,-50.));
#3860 = SURFACE_CURVE('',#3861,(#3866,#3877),.PCURVE_S1.);
#3861 = CIRCLE('',#3862,2.5);
#3862 = AXIS2_PLACEMENT_3D('',#3863,#3864,#3865);
#3863 = CARTESIAN_POINT('',(20.615528128088,32.5,-50.));
#3864 = DIRECTION('',(-1.,0.,0.));
#3865 = DIRECTION('',(0.,-1.,0.));
#3866 = PCURVE('',#2839,#3867);
#3867 = DEFINITIONAL_REPRESENTATION('',(#3868),#3876);
#3868 = ( BOUNDED_CURVE() B_SPLINE_CURVE(2,(#3869,#3870,#3871,#3872,
#3873,#3874,#3875),.UNSPECIFIED.,.T.,.F.) B_SPLINE_CURVE_WITH_KNOTS((1,2
    ,2,2,2,1),(-2.094395102393,0.,2.094395102393,4.188790204786,
6.28318530718,8.377580409573),.UNSPECIFIED.) CURVE() 
GEOMETRIC_REPRESENTATION_ITEM() RATIONAL_B_SPLINE_CURVE((1.,0.5,1.,0.5,
1.,0.5,1.)) REPRESENTATION_ITEM('') );
#3869 = CARTESIAN_POINT('',(70.,-50.));
#3870 = CARTESIAN_POINT('',(70.,-45.66987298107));
#3871 = CARTESIAN_POINT('',(73.75,-47.83493649053));
#3872 = CARTESIAN_POINT('',(77.5,-50.));
#3873 = CARTESIAN_POINT('',(73.75,-52.16506350946));
#3874 = CARTESIAN_POINT('',(70.,-54.33012701892));
#3875 = CARTESIAN_POINT('',(70.,-50.));
#3876 = ( GEOMETRIC_REPRESENTATION_CONTEXT(2) 
PARAMETRIC_REPRESENTATION_CONTEXT() REPRESENTATION_CONTEXT('2D SPACE',''
  ) );
#3877 = PCURVE('',#3878,#3883);
#3878 = CYLINDRICAL_SURFACE('',#3879,2.5);
#3879 = AXIS2_PLACEMENT_3D('',#3880,#3881,#3882);
#3880 = CARTESIAN_POINT('',(20.615528128088,32.5,-50.));
#3881 = DIRECTION('',(-1.,0.,0.));
#3882 = DIRECTION('',(0.,-1.,0.));
#3883 = DEFINITIONAL_REPRESENTATION('',(#3884),#3888);
#3884 = LINE('',#3885,#3886);
#3885 = CARTESIAN_POINT('',(0.,0.));
#3886 = VECTOR('',#3887,1.);
#3887 = DIRECTION('',(1.,0.));
#3888 = ( GEOMETRIC_REPRESENTATION_CONTEXT(2) 
PARAMETRIC_REPRESENTATION_CONTEXT() REPRESENTATION_CONTEXT('2D SPACE',''
  ) );
#3889 = ADVANCED_FACE('',(#3890),#2942,.T.);
#3890 = FACE_BOUND('',#3891,.T.);
#3891 = EDGE_LOOP('',(#3892,#3893));
#3892 = ORIENTED_EDGE('',*,*,#2927,.T.);
#3893 = ORIENTED_EDGE('',*,*,#3729,.F.);
#3894 = ADVANCED_FACE('',(#3895),#2868,.T.);
#3895 = FACE_BOUND('',#3896,.F.);
#3896 = EDGE_LOOP('',(#3897,#3898,#3921,#3952,#3953,#3954));
#3897 = ORIENTED_EDGE('',*,*,#2851,.T.);
#3898 = ORIENTED_EDGE('',*,*,#3899,.T.);
#3899 = EDGE_CURVE('',#2852,#3900,#3902,.T.);
#3900 = VERTEX_POINT('',#3901);
#3901 = CARTESIAN_POINT('',(45.,0.,-195.));
#3902 = SEAM_CURVE('',#3903,(#3907,#3914),.PCURVE_S1.);
#3903 = LINE('',#3904,#3905);
#3904 = CARTESIAN_POINT('',(45.,0.,-185.));
#3905 = VECTOR('',#3906,1.);
#3906 = DIRECTION('',(0.,0.,-1.));
#3907 = PCURVE('',#2868,#3908);
#3908 = DEFINITIONAL_REPRESENTATION('',(#3909),#3913);
#3909 = LINE('',#3910,#3911);
#3910 = CARTESIAN_POINT('',(-6.28318530718,0.));
#3911 = VECTOR('',#3912,1.);
#3912 = DIRECTION('',(-0.,-1.));
#3913 = ( GEOMETRIC_REPRESENTATION_CONTEXT(2) 
PARAMETRIC_REPRESENTATION_CONTEXT() REPRESENTATION_CONTEXT('2D SPACE',''
  ) );
#3914 = PCURVE('',#2868,#3915);
#3915 = DEFINITIONAL_REPRESENTATION('',(#3916),#3920);
#3916 = LINE('',#3917,#3918);
#3917 = CARTESIAN_POINT('',(-0.,0.));
#3918 = VECTOR('',#3919,1.);
#3919 = DIRECTION('',(-0.,-1.));
#3920 = ( GEOMETRIC_REPRESENTATION_CONTEXT(2) 
PARAMETRIC_REPRESENTATION_CONTEXT() REPRESENTATION_CONTEXT('2D SPACE',''
  ) );
#3921 = ORIENTED_EDGE('',*,*,#3922,.T.);
#3922 = EDGE_CURVE('',#3900,#3900,#3923,.T.);
#3923 = SURFACE_CURVE('',#3924,(#3929,#3936),.PCURVE_S1.);
#3924 = CIRCLE('',#3925,45.);
#3925 = AXIS2_PLACEMENT_3D('',#3926,#3927,#3928);
#3926 = CARTESIAN_POINT('',(0.,0.,-195.));
#3927 = DIRECTION('',(0.,0.,-1.));
#3928 = DIRECTION('',(1.,0.,0.));
#3929 = PCURVE('',#2868,#3930);
#3930 = DEFINITIONAL_REPRESENTATION('',(#3931),#3935);
#3931 = LINE('',#3932,#3933);
#3932 = CARTESIAN_POINT('',(-0.,-10.));
#3933 = VECTOR('',#3934,1.);
#3934 = DIRECTION('',(-1.,0.));
#3935 = ( GEOMETRIC_REPRESENTATION_CONTEXT(2) 
PARAMETRIC_REPRESENTATION_CONTEXT() REPRESENTATION_CONTEXT('2D SPACE',''
  ) );
#3936 = PCURVE('',#3937,#3942);
#3937 = PLANE('',#3938);
#3938 = AXIS2_PLACEMENT_3D('',#3939,#3940,#3941);
#3939 = CARTESIAN_POINT('',(-3.889607488112E-15,-2.052637289391E-15,
    -195.));
#3940 = DIRECTION('',(0.,0.,1.));
#3941 = DIRECTION('',(1.,0.,0.));
#3942 = DEFINITIONAL_REPRESENTATION('',(#3943),#3951);
#3943 = ( BOUNDED_CURVE() B_SPLINE_CURVE(2,(#3944,#3945,#3946,#3947,
#3948,#3949,#3950),.UNSPECIFIED.,.T.,.F.) B_SPLINE_CURVE_WITH_KNOTS((1,2
    ,2,2,2,1),(-2.094395102393,0.,2.094395102393,4.188790204786,
6.28318530718,8.377580409573),.UNSPECIFIED.) CURVE() 
GEOMETRIC_REPRESENTATION_ITEM() RATIONAL_B_SPLINE_CURVE((1.,0.5,1.,0.5,
1.,0.5,1.)) REPRESENTATION_ITEM('') );
#3944 = CARTESIAN_POINT('',(45.,2.052637289391E-15));
#3945 = CARTESIAN_POINT('',(45.,-77.94228634059));
#3946 = CARTESIAN_POINT('',(-22.5,-38.9711431703));
#3947 = CARTESIAN_POINT('',(-90.,-8.969183902935E-15));
#3948 = CARTESIAN_POINT('',(-22.5,38.9711431703));
#3949 = CARTESIAN_POINT('',(45.,77.942286340599));
#3950 = CARTESIAN_POINT('',(45.,2.052637289391E-15));
#3951 = ( GEOMETRIC_REPRESENTATION_CONTEXT(2) 
PARAMETRIC_REPRESENTATION_CONTEXT() REPRESENTATION_CONTEXT('2D SPACE',''
  ) );
#3952 = ORIENTED_EDGE('',*,*,#3899,.F.);
#3953 = ORIENTED_EDGE('',*,*,#2880,.T.);
#3954 = ORIENTED_EDGE('',*,*,#3955,.F.);
#3955 = EDGE_CURVE('',#2819,#2881,#3956,.T.);
#3956 = SURFACE_CURVE('',#3957,(#3962,#3969),.PCURVE_S1.);
#3957 = CIRCLE('',#3958,45.);
#3958 = AXIS2_PLACEMENT_3D('',#3959,#3960,#3961);
#3959 = CARTESIAN_POINT('',(0.,0.,-185.));
#3960 = DIRECTION('',(0.,0.,-1.));
#3961 = DIRECTION('',(1.,0.,0.));
#3962 = PCURVE('',#2868,#3963);
#3963 = DEFINITIONAL_REPRESENTATION('',(#3964),#3968);
#3964 = LINE('',#3965,#3966);
#3965 = CARTESIAN_POINT('',(-0.,0.));
#3966 = VECTOR('',#3967,1.);
#3967 = DIRECTION('',(-1.,0.));
#3968 = ( GEOMETRIC_REPRESENTATION_CONTEXT(2) 
PARAMETRIC_REPRESENTATION_CONTEXT() REPRESENTATION_CONTEXT('2D SPACE',''
  ) );
#3969 = PCURVE('',#3716,#3970);
#3970 = DEFINITIONAL_REPRESENTATION('',(#3971),#3979);
#3971 = ( BOUNDED_CURVE() B_SPLINE_CURVE(2,(#3972,#3973,#3974,#3975,
#3976,#3977,#3978),.UNSPECIFIED.,.T.,.F.) B_SPLINE_CURVE_WITH_KNOTS((1,2
    ,2,2,2,1),(-2.094395102393,0.,2.094395102393,4.188790204786,
6.28318530718,8.377580409573),.UNSPECIFIED.) CURVE() 
GEOMETRIC_REPRESENTATION_ITEM() RATIONAL_B_SPLINE_CURVE((1.,0.5,1.,0.5,
1.,0.5,1.)) REPRESENTATION_ITEM('') );
#3972 = CARTESIAN_POINT('',(45.,2.052637289391E-15));
#3973 = CARTESIAN_POINT('',(45.,-77.94228634059));
#3974 = CARTESIAN_POINT('',(-22.5,-38.9711431703));
#3975 = CARTESIAN_POINT('',(-90.,-8.969183902935E-15));
#3976 = CARTESIAN_POINT('',(-22.5,38.9711431703));
#3977 = CARTESIAN_POINT('',(45.,77.942286340599));
#3978 = CARTESIAN_POINT('',(45.,2.052637289391E-15));
#3979 = ( GEOMETRIC_REPRESENTATION_CONTEXT(2) 
PARAMETRIC_REPRESENTATION_CONTEXT() REPRESENTATION_CONTEXT('2D SPACE',''
  ) );
#3980 = ADVANCED_FACE('',(#3981),#2974,.F.);
#3981 = FACE_BOUND('',#3982,.F.);
#3982 = EDGE_LOOP('',(#3983,#4013,#4034,#4035));
#3983 = ORIENTED_EDGE('',*,*,#3984,.F.);
#3984 = EDGE_CURVE('',#3985,#3987,#3989,.T.);
#3985 = VERTEX_POINT('',#3986);
#3986 = CARTESIAN_POINT('',(23.615528128088,-18.49999999999,
    -142.0207259421));
#3987 = VERTEX_POINT('',#3988);
#3988 = CARTESIAN_POINT('',(23.615528128088,-18.49999999999,
    -137.9792740578));
#3989 = SURFACE_CURVE('',#3990,(#3994,#4001),.PCURVE_S1.);
#3990 = LINE('',#3991,#3992);
#3991 = CARTESIAN_POINT('',(23.615528128088,-18.49999999999,
    -142.0207259421));
#3992 = VECTOR('',#3993,1.);
#3993 = DIRECTION('',(0.,0.,1.));
#3994 = PCURVE('',#2974,#3995);
#3995 = DEFINITIONAL_REPRESENTATION('',(#3996),#4000);
#3996 = LINE('',#3997,#3998);
#3997 = CARTESIAN_POINT('',(0.,0.));
#3998 = VECTOR('',#3999,1.);
#3999 = DIRECTION('',(1.,0.));
#4000 = ( GEOMETRIC_REPRESENTATION_CONTEXT(2) 
PARAMETRIC_REPRESENTATION_CONTEXT() REPRESENTATION_CONTEXT('2D SPACE',''
  ) );
#4001 = PCURVE('',#4002,#4007);
#4002 = PLANE('',#4003);
#4003 = AXIS2_PLACEMENT_3D('',#4004,#4005,#4006);
#4004 = CARTESIAN_POINT('',(23.615528128088,1.81527677595E-12,-140.));
#4005 = DIRECTION('',(1.,0.,0.));
#4006 = DIRECTION('',(0.,0.,1.));
#4007 = DEFINITIONAL_REPRESENTATION('',(#4008),#4012);
#4008 = LINE('',#4009,#4010);
#4009 = CARTESIAN_POINT('',(-2.020725942157,18.499999999994));
#4010 = VECTOR('',#4011,1.);
#4011 = DIRECTION('',(1.,0.));
#4012 = ( GEOMETRIC_REPRESENTATION_CONTEXT(2) 
PARAMETRIC_REPRESENTATION_CONTEXT() REPRESENTATION_CONTEXT('2D SPACE',''
  ) );
#4013 = ORIENTED_EDGE('',*,*,#4014,.T.);
#4014 = EDGE_CURVE('',#3985,#2957,#4015,.T.);
#4015 = SURFACE_CURVE('',#4016,(#4020,#4027),.PCURVE_S1.);
#4016 = LINE('',#4017,#4018);
#4017 = CARTESIAN_POINT('',(23.615528128088,-18.49999999999,
    -142.0207259421));
#4018 = VECTOR('',#4019,1.);
#4019 = DIRECTION('',(1.,0.,0.));
#4020 = PCURVE('',#2974,#4021);
#4021 = DEFINITIONAL_REPRESENTATION('',(#4022),#4026);
#4022 = LINE('',#4023,#4024);
#4023 = CARTESIAN_POINT('',(0.,0.));
#4024 = VECTOR('',#4025,1.);
#4025 = DIRECTION('',(0.,-1.));
#4026 = ( GEOMETRIC_REPRESENTATION_CONTEXT(2) 
PARAMETRIC_REPRESENTATION_CONTEXT() REPRESENTATION_CONTEXT('2D SPACE',''
  ) );
#4027 = PCURVE('',#3128,#4028);
#4028 = DEFINITIONAL_REPRESENTATION('',(#4029),#4033);
#4029 = LINE('',#4030,#4031);
#4030 = CARTESIAN_POINT('',(4.041451884317,0.));
#4031 = VECTOR('',#4032,1.);
#4032 = DIRECTION('',(0.,-1.));
#4033 = ( GEOMETRIC_REPRESENTATION_CONTEXT(2) 
PARAMETRIC_REPRESENTATION_CONTEXT() REPRESENTATION_CONTEXT('2D SPACE',''
  ) );
#4034 = ORIENTED_EDGE('',*,*,#2956,.T.);
#4035 = ORIENTED_EDGE('',*,*,#4036,.F.);
#4036 = EDGE_CURVE('',#3987,#2959,#4037,.T.);
#4037 = SURFACE_CURVE('',#4038,(#4042,#4049),.PCURVE_S1.);
#4038 = LINE('',#4039,#4040);
#4039 = CARTESIAN_POINT('',(23.615528128088,-18.49999999999,
    -137.9792740578));
#4040 = VECTOR('',#4041,1.);
#4041 = DIRECTION('',(1.,0.,0.));
#4042 = PCURVE('',#2974,#4043);
#4043 = DEFINITIONAL_REPRESENTATION('',(#4044),#4048);
#4044 = LINE('',#4045,#4046);
#4045 = CARTESIAN_POINT('',(4.041451884318,0.));
#4046 = VECTOR('',#4047,1.);
#4047 = DIRECTION('',(0.,-1.));
#4048 = ( GEOMETRIC_REPRESENTATION_CONTEXT(2) 
PARAMETRIC_REPRESENTATION_CONTEXT() REPRESENTATION_CONTEXT('2D SPACE',''
  ) );
#4049 = PCURVE('',#3006,#4050);
#4050 = DEFINITIONAL_REPRESENTATION('',(#4051),#4055);
#4051 = LINE('',#4052,#4053);
#4052 = CARTESIAN_POINT('',(0.,0.));
#4053 = VECTOR('',#4054,1.);
#4054 = DIRECTION('',(0.,-1.));
#4055 = ( GEOMETRIC_REPRESENTATION_CONTEXT(2) 
PARAMETRIC_REPRESENTATION_CONTEXT() REPRESENTATION_CONTEXT('2D SPACE',''
  ) );
#4056 = ADVANCED_FACE('',(#4057),#3128,.F.);
#4057 = FACE_BOUND('',#4058,.F.);
#4058 = EDGE_LOOP('',(#4059,#4082,#4103,#4104));
#4059 = ORIENTED_EDGE('',*,*,#4060,.F.);
#4060 = EDGE_CURVE('',#4061,#3985,#4063,.T.);
#4061 = VERTEX_POINT('',#4062);
#4062 = CARTESIAN_POINT('',(23.615528128088,-15.,-144.0414518843));
#4063 = SURFACE_CURVE('',#4064,(#4068,#4075),.PCURVE_S1.);
#4064 = LINE('',#4065,#4066);
#4065 = CARTESIAN_POINT('',(23.615528128088,-15.,-144.0414518843));
#4066 = VECTOR('',#4067,1.);
#4067 = DIRECTION('',(0.,-0.866025403784,0.5));
#4068 = PCURVE('',#3128,#4069);
#4069 = DEFINITIONAL_REPRESENTATION('',(#4070),#4074);
#4070 = LINE('',#4071,#4072);
#4071 = CARTESIAN_POINT('',(0.,0.));
#4072 = VECTOR('',#4073,1.);
#4073 = DIRECTION('',(1.,0.));
#4074 = ( GEOMETRIC_REPRESENTATION_CONTEXT(2) 
PARAMETRIC_REPRESENTATION_CONTEXT() REPRESENTATION_CONTEXT('2D SPACE',''
  ) );
#4075 = PCURVE('',#4002,#4076);
#4076 = DEFINITIONAL_REPRESENTATION('',(#4077),#4081);
#4077 = LINE('',#4078,#4079);
#4078 = CARTESIAN_POINT('',(-4.041451884317,15.000000000004));
#4079 = VECTOR('',#4080,1.);
#4080 = DIRECTION('',(0.5,0.866025403784));
#4081 = ( GEOMETRIC_REPRESENTATION_CONTEXT(2) 
PARAMETRIC_REPRESENTATION_CONTEXT() REPRESENTATION_CONTEXT('2D SPACE',''
  ) );
#4082 = ORIENTED_EDGE('',*,*,#4083,.T.);
#4083 = EDGE_CURVE('',#4061,#3079,#4084,.T.);
#4084 = SURFACE_CURVE('',#4085,(#4089,#4096),.PCURVE_S1.);
#4085 = LINE('',#4086,#4087);
#4086 = CARTESIAN_POINT('',(23.615528128088,-15.,-144.0414518843));
#4087 = VECTOR('',#4088,1.);
#4088 = DIRECTION('',(1.,0.,0.));
#4089 = PCURVE('',#3128,#4090);
#4090 = DEFINITIONAL_REPRESENTATION('',(#4091),#4095);
#4091 = LINE('',#4092,#4093);
#4092 = CARTESIAN_POINT('',(0.,0.));
#4093 = VECTOR('',#4094,1.);
#4094 = DIRECTION('',(0.,-1.));
#4095 = ( GEOMETRIC_REPRESENTATION_CONTEXT(2) 
PARAMETRIC_REPRESENTATION_CONTEXT() REPRESENTATION_CONTEXT('2D SPACE',''
  ) );
#4096 = PCURVE('',#3098,#4097);
#4097 = DEFINITIONAL_REPRESENTATION('',(#4098),#4102);
#4098 = LINE('',#4099,#4100);
#4099 = CARTESIAN_POINT('',(4.041451884318,-0.));
#4100 = VECTOR('',#4101,1.);
#4101 = DIRECTION('',(0.,-1.));
#4102 = ( GEOMETRIC_REPRESENTATION_CONTEXT(2) 
PARAMETRIC_REPRESENTATION_CONTEXT() REPRESENTATION_CONTEXT('2D SPACE',''
  ) );
#4103 = ORIENTED_EDGE('',*,*,#3110,.T.);
#4104 = ORIENTED_EDGE('',*,*,#4014,.F.);
#4105 = ADVANCED_FACE('',(#4106),#3098,.F.);
#4106 = FACE_BOUND('',#4107,.F.);
#4107 = EDGE_LOOP('',(#4108,#4131,#4152,#4153));
#4108 = ORIENTED_EDGE('',*,*,#4109,.F.);
#4109 = EDGE_CURVE('',#4110,#4061,#4112,.T.);
#4110 = VERTEX_POINT('',#4111);
#4111 = CARTESIAN_POINT('',(23.615528128088,-11.50000000001,
    -142.0207259421));
#4112 = SURFACE_CURVE('',#4113,(#4117,#4124),.PCURVE_S1.);
#4113 = LINE('',#4114,#4115);
#4114 = CARTESIAN_POINT('',(23.615528128088,-11.50000000001,
    -142.0207259421));
#4115 = VECTOR('',#4116,1.);
#4116 = DIRECTION('',(0.,-0.866025403785,-0.5));
#4117 = PCURVE('',#3098,#4118);
#4118 = DEFINITIONAL_REPRESENTATION('',(#4119),#4123);
#4119 = LINE('',#4120,#4121);
#4120 = CARTESIAN_POINT('',(0.,0.));
#4121 = VECTOR('',#4122,1.);
#4122 = DIRECTION('',(1.,-0.));
#4123 = ( GEOMETRIC_REPRESENTATION_CONTEXT(2) 
PARAMETRIC_REPRESENTATION_CONTEXT() REPRESENTATION_CONTEXT('2D SPACE',''
  ) );
#4124 = PCURVE('',#4002,#4125);
#4125 = DEFINITIONAL_REPRESENTATION('',(#4126),#4130);
#4126 = LINE('',#4127,#4128);
#4127 = CARTESIAN_POINT('',(-2.02072594216,11.500000000012));
#4128 = VECTOR('',#4129,1.);
#4129 = DIRECTION('',(-0.5,0.866025403785));
#4130 = ( GEOMETRIC_REPRESENTATION_CONTEXT(2) 
PARAMETRIC_REPRESENTATION_CONTEXT() REPRESENTATION_CONTEXT('2D SPACE',''
  ) );
#4131 = ORIENTED_EDGE('',*,*,#4132,.T.);
#4132 = EDGE_CURVE('',#4110,#3051,#4133,.T.);
#4133 = SURFACE_CURVE('',#4134,(#4138,#4145),.PCURVE_S1.);
#4134 = LINE('',#4135,#4136);
#4135 = CARTESIAN_POINT('',(23.615528128088,-11.50000000001,
    -142.0207259421));
#4136 = VECTOR('',#4137,1.);
#4137 = DIRECTION('',(1.,0.,0.));
#4138 = PCURVE('',#3098,#4139);
#4139 = DEFINITIONAL_REPRESENTATION('',(#4140),#4144);
#4140 = LINE('',#4141,#4142);
#4141 = CARTESIAN_POINT('',(0.,0.));
#4142 = VECTOR('',#4143,1.);
#4143 = DIRECTION('',(0.,-1.));
#4144 = ( GEOMETRIC_REPRESENTATION_CONTEXT(2) 
PARAMETRIC_REPRESENTATION_CONTEXT() REPRESENTATION_CONTEXT('2D SPACE',''
  ) );
#4145 = PCURVE('',#3066,#4146);
#4146 = DEFINITIONAL_REPRESENTATION('',(#4147),#4151);
#4147 = LINE('',#4148,#4149);
#4148 = CARTESIAN_POINT('',(4.041451884318,-0.));
#4149 = VECTOR('',#4150,1.);
#4150 = DIRECTION('',(0.,-1.));
#4151 = ( GEOMETRIC_REPRESENTATION_CONTEXT(2) 
PARAMETRIC_REPRESENTATION_CONTEXT() REPRESENTATION_CONTEXT('2D SPACE',''
  ) );
#4152 = ORIENTED_EDGE('',*,*,#3078,.T.);
#4153 = ORIENTED_EDGE('',*,*,#4083,.F.);
#4154 = ADVANCED_FACE('',(#4155),#3066,.F.);
#4155 = FACE_BOUND('',#4156,.F.);
#4156 = EDGE_LOOP('',(#4157,#4180,#4201,#4202));
#4157 = ORIENTED_EDGE('',*,*,#4158,.F.);
#4158 = EDGE_CURVE('',#4159,#4110,#4161,.T.);
#4159 = VERTEX_POINT('',#4160);
#4160 = CARTESIAN_POINT('',(23.615528128088,-11.5,-137.9792740578));
#4161 = SURFACE_CURVE('',#4162,(#4166,#4173),.PCURVE_S1.);
#4162 = LINE('',#4163,#4164);
#4163 = CARTESIAN_POINT('',(23.615528128088,-11.5,-137.9792740578));
#4164 = VECTOR('',#4165,1.);
#4165 = DIRECTION('',(0.,-4.760156775676E-13,-1.));
#4166 = PCURVE('',#3066,#4167);
#4167 = DEFINITIONAL_REPRESENTATION('',(#4168),#4172);
#4168 = LINE('',#4169,#4170);
#4169 = CARTESIAN_POINT('',(0.,0.));
#4170 = VECTOR('',#4171,1.);
#4171 = DIRECTION('',(1.,-0.));
#4172 = ( GEOMETRIC_REPRESENTATION_CONTEXT(2) 
PARAMETRIC_REPRESENTATION_CONTEXT() REPRESENTATION_CONTEXT('2D SPACE',''
  ) );
#4173 = PCURVE('',#4002,#4174);
#4174 = DEFINITIONAL_REPRESENTATION('',(#4175),#4179);
#4175 = LINE('',#4176,#4177);
#4176 = CARTESIAN_POINT('',(2.020725942158,11.50000000001));
#4177 = VECTOR('',#4178,1.);
#4178 = DIRECTION('',(-1.,4.760156775676E-13));
#4179 = ( GEOMETRIC_REPRESENTATION_CONTEXT(2) 
PARAMETRIC_REPRESENTATION_CONTEXT() REPRESENTATION_CONTEXT('2D SPACE',''
  ) );
#4180 = ORIENTED_EDGE('',*,*,#4181,.T.);
#4181 = EDGE_CURVE('',#4159,#3019,#4182,.T.);
#4182 = SURFACE_CURVE('',#4183,(#4187,#4194),.PCURVE_S1.);
#4183 = LINE('',#4184,#4185);
#4184 = CARTESIAN_POINT('',(23.615528128088,-11.5,-137.9792740578));
#4185 = VECTOR('',#4186,1.);
#4186 = DIRECTION('',(1.,0.,0.));
#4187 = PCURVE('',#3066,#4188);
#4188 = DEFINITIONAL_REPRESENTATION('',(#4189),#4193);
#4189 = LINE('',#4190,#4191);
#4190 = CARTESIAN_POINT('',(0.,0.));
#4191 = VECTOR('',#4192,1.);
#4192 = DIRECTION('',(0.,-1.));
#4193 = ( GEOMETRIC_REPRESENTATION_CONTEXT(2) 
PARAMETRIC_REPRESENTATION_CONTEXT() REPRESENTATION_CONTEXT('2D SPACE',''
  ) );
#4194 = PCURVE('',#3038,#4195);
#4195 = DEFINITIONAL_REPRESENTATION('',(#4196),#4200);
#4196 = LINE('',#4197,#4198);
#4197 = CARTESIAN_POINT('',(4.041451884319,0.));
#4198 = VECTOR('',#4199,1.);
#4199 = DIRECTION('',(0.,-1.));
#4200 = ( GEOMETRIC_REPRESENTATION_CONTEXT(2) 
PARAMETRIC_REPRESENTATION_CONTEXT() REPRESENTATION_CONTEXT('2D SPACE',''
  ) );
#4201 = ORIENTED_EDGE('',*,*,#3050,.F.);
#4202 = ORIENTED_EDGE('',*,*,#4132,.F.);
#4203 = ADVANCED_FACE('',(#4204),#3038,.F.);
#4204 = FACE_BOUND('',#4205,.F.);
#4205 = EDGE_LOOP('',(#4206,#4229,#4250,#4251));
#4206 = ORIENTED_EDGE('',*,*,#4207,.F.);
#4207 = EDGE_CURVE('',#4208,#4159,#4210,.T.);
#4208 = VERTEX_POINT('',#4209);
#4209 = CARTESIAN_POINT('',(23.615528128088,-15.,-135.9585481156));
#4210 = SURFACE_CURVE('',#4211,(#4215,#4222),.PCURVE_S1.);
#4211 = LINE('',#4212,#4213);
#4212 = CARTESIAN_POINT('',(23.615528128088,-15.,-135.9585481156));
#4213 = VECTOR('',#4214,1.);
#4214 = DIRECTION('',(-0.,0.866025403784,-0.5));
#4215 = PCURVE('',#3038,#4216);
#4216 = DEFINITIONAL_REPRESENTATION('',(#4217),#4221);
#4217 = LINE('',#4218,#4219);
#4218 = CARTESIAN_POINT('',(0.,0.));
#4219 = VECTOR('',#4220,1.);
#4220 = DIRECTION('',(1.,0.));
#4221 = ( GEOMETRIC_REPRESENTATION_CONTEXT(2) 
PARAMETRIC_REPRESENTATION_CONTEXT() REPRESENTATION_CONTEXT('2D SPACE',''
  ) );
#4222 = PCURVE('',#4002,#4223);
#4223 = DEFINITIONAL_REPRESENTATION('',(#4224),#4228);
#4224 = LINE('',#4225,#4226);
#4225 = CARTESIAN_POINT('',(4.041451884318,15.000000000002));
#4226 = VECTOR('',#4227,1.);
#4227 = DIRECTION('',(-0.5,-0.866025403784));
#4228 = ( GEOMETRIC_REPRESENTATION_CONTEXT(2) 
PARAMETRIC_REPRESENTATION_CONTEXT() REPRESENTATION_CONTEXT('2D SPACE',''
  ) );
#4229 = ORIENTED_EDGE('',*,*,#4230,.T.);
#4230 = EDGE_CURVE('',#4208,#2987,#4231,.T.);
#4231 = SURFACE_CURVE('',#4232,(#4236,#4243),.PCURVE_S1.);
#4232 = LINE('',#4233,#4234);
#4233 = CARTESIAN_POINT('',(23.615528128088,-15.,-135.9585481156));
#4234 = VECTOR('',#4235,1.);
#4235 = DIRECTION('',(1.,0.,0.));
#4236 = PCURVE('',#3038,#4237);
#4237 = DEFINITIONAL_REPRESENTATION('',(#4238),#4242);
#4238 = LINE('',#4239,#4240);
#4239 = CARTESIAN_POINT('',(0.,0.));
#4240 = VECTOR('',#4241,1.);
#4241 = DIRECTION('',(0.,-1.));
#4242 = ( GEOMETRIC_REPRESENTATION_CONTEXT(2) 
PARAMETRIC_REPRESENTATION_CONTEXT() REPRESENTATION_CONTEXT('2D SPACE',''
  ) );
#4243 = PCURVE('',#3006,#4244);
#4244 = DEFINITIONAL_REPRESENTATION('',(#4245),#4249);
#4245 = LINE('',#4246,#4247);
#4246 = CARTESIAN_POINT('',(4.041451884318,0.));
#4247 = VECTOR('',#4248,1.);
#4248 = DIRECTION('',(0.,-1.));
#4249 = ( GEOMETRIC_REPRESENTATION_CONTEXT(2) 
PARAMETRIC_REPRESENTATION_CONTEXT() REPRESENTATION_CONTEXT('2D SPACE',''
  ) );
#4250 = ORIENTED_EDGE('',*,*,#3018,.T.);
#4251 = ORIENTED_EDGE('',*,*,#4181,.F.);
#4252 = ADVANCED_FACE('',(#4253),#3006,.F.);
#4253 = FACE_BOUND('',#4254,.F.);
#4254 = EDGE_LOOP('',(#4255,#4276,#4277,#4278));
#4255 = ORIENTED_EDGE('',*,*,#4256,.F.);
#4256 = EDGE_CURVE('',#3987,#4208,#4257,.T.);
#4257 = SURFACE_CURVE('',#4258,(#4262,#4269),.PCURVE_S1.);
#4258 = LINE('',#4259,#4260);
#4259 = CARTESIAN_POINT('',(23.615528128088,-18.49999999999,
    -137.9792740578));
#4260 = VECTOR('',#4261,1.);
#4261 = DIRECTION('',(0.,0.866025403785,0.5));
#4262 = PCURVE('',#3006,#4263);
#4263 = DEFINITIONAL_REPRESENTATION('',(#4264),#4268);
#4264 = LINE('',#4265,#4266);
#4265 = CARTESIAN_POINT('',(0.,0.));
#4266 = VECTOR('',#4267,1.);
#4267 = DIRECTION('',(1.,0.));
#4268 = ( GEOMETRIC_REPRESENTATION_CONTEXT(2) 
PARAMETRIC_REPRESENTATION_CONTEXT() REPRESENTATION_CONTEXT('2D SPACE',''
  ) );
#4269 = PCURVE('',#4002,#4270);
#4270 = DEFINITIONAL_REPRESENTATION('',(#4271),#4275);
#4271 = LINE('',#4272,#4273);
#4272 = CARTESIAN_POINT('',(2.020725942161,18.499999999994));
#4273 = VECTOR('',#4274,1.);
#4274 = DIRECTION('',(0.5,-0.866025403785));
#4275 = ( GEOMETRIC_REPRESENTATION_CONTEXT(2) 
PARAMETRIC_REPRESENTATION_CONTEXT() REPRESENTATION_CONTEXT('2D SPACE',''
  ) );
#4276 = ORIENTED_EDGE('',*,*,#4036,.T.);
#4277 = ORIENTED_EDGE('',*,*,#2986,.T.);
#4278 = ORIENTED_EDGE('',*,*,#4230,.F.);
#4279 = ADVANCED_FACE('',(#4280),#3160,.F.);
#4280 = FACE_BOUND('',#4281,.F.);
#4281 = EDGE_LOOP('',(#4282,#4312,#4333,#4334));
#4282 = ORIENTED_EDGE('',*,*,#4283,.F.);
#4283 = EDGE_CURVE('',#4284,#4286,#4288,.T.);
#4284 = VERTEX_POINT('',#4285);
#4285 = CARTESIAN_POINT('',(23.615528128088,11.500000000005,
    -142.0207259421));
#4286 = VERTEX_POINT('',#4287);
#4287 = CARTESIAN_POINT('',(23.615528128088,11.500000000005,
    -137.9792740578));
#4288 = SURFACE_CURVE('',#4289,(#4293,#4300),.PCURVE_S1.);
#4289 = LINE('',#4290,#4291);
#4290 = CARTESIAN_POINT('',(23.615528128088,11.500000000005,
    -142.0207259421));
#4291 = VECTOR('',#4292,1.);
#4292 = DIRECTION('',(0.,0.,1.));
#4293 = PCURVE('',#3160,#4294);
#4294 = DEFINITIONAL_REPRESENTATION('',(#4295),#4299);
#4295 = LINE('',#4296,#4297);
#4296 = CARTESIAN_POINT('',(0.,0.));
#4297 = VECTOR('',#4298,1.);
#4298 = DIRECTION('',(1.,0.));
#4299 = ( GEOMETRIC_REPRESENTATION_CONTEXT(2) 
PARAMETRIC_REPRESENTATION_CONTEXT() REPRESENTATION_CONTEXT('2D SPACE',''
  ) );
#4300 = PCURVE('',#4301,#4306);
#4301 = PLANE('',#4302);
#4302 = AXIS2_PLACEMENT_3D('',#4303,#4304,#4305);
#4303 = CARTESIAN_POINT('',(23.615528128088,1.81527677595E-12,-140.));
#4304 = DIRECTION('',(1.,0.,0.));
#4305 = DIRECTION('',(0.,0.,1.));
#4306 = DEFINITIONAL_REPRESENTATION('',(#4307),#4311);
#4307 = LINE('',#4308,#4309);
#4308 = CARTESIAN_POINT('',(-2.020725942151,-11.5));
#4309 = VECTOR('',#4310,1.);
#4310 = DIRECTION('',(1.,0.));
#4311 = ( GEOMETRIC_REPRESENTATION_CONTEXT(2) 
PARAMETRIC_REPRESENTATION_CONTEXT() REPRESENTATION_CONTEXT('2D SPACE',''
  ) );
#4312 = ORIENTED_EDGE('',*,*,#4313,.T.);
#4313 = EDGE_CURVE('',#4284,#3143,#4314,.T.);
#4314 = SURFACE_CURVE('',#4315,(#4319,#4326),.PCURVE_S1.);
#4315 = LINE('',#4316,#4317);
#4316 = CARTESIAN_POINT('',(23.615528128088,11.500000000005,
    -142.0207259421));
#4317 = VECTOR('',#4318,1.);
#4318 = DIRECTION('',(1.,0.,0.));
#4319 = PCURVE('',#3160,#4320);
#4320 = DEFINITIONAL_REPRESENTATION('',(#4321),#4325);
#4321 = LINE('',#4322,#4323);
#4322 = CARTESIAN_POINT('',(0.,0.));
#4323 = VECTOR('',#4324,1.);
#4324 = DIRECTION('',(0.,-1.));
#4325 = ( GEOMETRIC_REPRESENTATION_CONTEXT(2) 
PARAMETRIC_REPRESENTATION_CONTEXT() REPRESENTATION_CONTEXT('2D SPACE',''
  ) );
#4326 = PCURVE('',#3314,#4327);
#4327 = DEFINITIONAL_REPRESENTATION('',(#4328),#4332);
#4328 = LINE('',#4329,#4330);
#4329 = CARTESIAN_POINT('',(4.041451884317,0.));
#4330 = VECTOR('',#4331,1.);
#4331 = DIRECTION('',(0.,-1.));
#4332 = ( GEOMETRIC_REPRESENTATION_CONTEXT(2) 
PARAMETRIC_REPRESENTATION_CONTEXT() REPRESENTATION_CONTEXT('2D SPACE',''
  ) );
#4333 = ORIENTED_EDGE('',*,*,#3142,.T.);
#4334 = ORIENTED_EDGE('',*,*,#4335,.F.);
#4335 = EDGE_CURVE('',#4286,#3145,#4336,.T.);
#4336 = SURFACE_CURVE('',#4337,(#4341,#4348),.PCURVE_S1.);
#4337 = LINE('',#4338,#4339);
#4338 = CARTESIAN_POINT('',(23.615528128088,11.500000000005,
    -137.9792740578));
#4339 = VECTOR('',#4340,1.);
#4340 = DIRECTION('',(1.,0.,0.));
#4341 = PCURVE('',#3160,#4342);
#4342 = DEFINITIONAL_REPRESENTATION('',(#4343),#4347);
#4343 = LINE('',#4344,#4345);
#4344 = CARTESIAN_POINT('',(4.041451884319,0.));
#4345 = VECTOR('',#4346,1.);
#4346 = DIRECTION('',(0.,-1.));
#4347 = ( GEOMETRIC_REPRESENTATION_CONTEXT(2) 
PARAMETRIC_REPRESENTATION_CONTEXT() REPRESENTATION_CONTEXT('2D SPACE',''
  ) );
#4348 = PCURVE('',#3192,#4349);
#4349 = DEFINITIONAL_REPRESENTATION('',(#4350),#4354);
#4350 = LINE('',#4351,#4352);
#4351 = CARTESIAN_POINT('',(0.,0.));
#4352 = VECTOR('',#4353,1.);
#4353 = DIRECTION('',(0.,-1.));
#4354 = ( GEOMETRIC_REPRESENTATION_CONTEXT(2) 
PARAMETRIC_REPRESENTATION_CONTEXT() REPRESENTATION_CONTEXT('2D SPACE',''
  ) );
#4355 = ADVANCED_FACE('',(#4356),#3314,.F.);
#4356 = FACE_BOUND('',#4357,.F.);
#4357 = EDGE_LOOP('',(#4358,#4381,#4402,#4403));
#4358 = ORIENTED_EDGE('',*,*,#4359,.F.);
#4359 = EDGE_CURVE('',#4360,#4284,#4362,.T.);
#4360 = VERTEX_POINT('',#4361);
#4361 = CARTESIAN_POINT('',(23.615528128088,14.99999999999,
    -144.0414518843));
#4362 = SURFACE_CURVE('',#4363,(#4367,#4374),.PCURVE_S1.);
#4363 = LINE('',#4364,#4365);
#4364 = CARTESIAN_POINT('',(23.615528128088,14.99999999999,
    -144.0414518843));
#4365 = VECTOR('',#4366,1.);
#4366 = DIRECTION('',(0.,-0.866025403783,0.500000000003));
#4367 = PCURVE('',#3314,#4368);
#4368 = DEFINITIONAL_REPRESENTATION('',(#4369),#4373);
#4369 = LINE('',#4370,#4371);
#4370 = CARTESIAN_POINT('',(0.,0.));
#4371 = VECTOR('',#4372,1.);
#4372 = DIRECTION('',(1.,0.));
#4373 = ( GEOMETRIC_REPRESENTATION_CONTEXT(2) 
PARAMETRIC_REPRESENTATION_CONTEXT() REPRESENTATION_CONTEXT('2D SPACE',''
  ) );
#4374 = PCURVE('',#4301,#4375);
#4375 = DEFINITIONAL_REPRESENTATION('',(#4376),#4380);
#4376 = LINE('',#4377,#4378);
#4377 = CARTESIAN_POINT('',(-4.04145188432,-14.99999999998));
#4378 = VECTOR('',#4379,1.);
#4379 = DIRECTION('',(0.500000000003,0.866025403783));
#4380 = ( GEOMETRIC_REPRESENTATION_CONTEXT(2) 
PARAMETRIC_REPRESENTATION_CONTEXT() REPRESENTATION_CONTEXT('2D SPACE',''
  ) );
#4381 = ORIENTED_EDGE('',*,*,#4382,.T.);
#4382 = EDGE_CURVE('',#4360,#3265,#4383,.T.);
#4383 = SURFACE_CURVE('',#4384,(#4388,#4395),.PCURVE_S1.);
#4384 = LINE('',#4385,#4386);
#4385 = CARTESIAN_POINT('',(23.615528128088,14.99999999999,
    -144.0414518843));
#4386 = VECTOR('',#4387,1.);
#4387 = DIRECTION('',(1.,0.,0.));
#4388 = PCURVE('',#3314,#4389);
#4389 = DEFINITIONAL_REPRESENTATION('',(#4390),#4394);
#4390 = LINE('',#4391,#4392);
#4391 = CARTESIAN_POINT('',(0.,0.));
#4392 = VECTOR('',#4393,1.);
#4393 = DIRECTION('',(0.,-1.));
#4394 = ( GEOMETRIC_REPRESENTATION_CONTEXT(2) 
PARAMETRIC_REPRESENTATION_CONTEXT() REPRESENTATION_CONTEXT('2D SPACE',''
  ) );
#4395 = PCURVE('',#3284,#4396);
#4396 = DEFINITIONAL_REPRESENTATION('',(#4397),#4401);
#4397 = LINE('',#4398,#4399);
#4398 = CARTESIAN_POINT('',(4.041451884318,-0.));
#4399 = VECTOR('',#4400,1.);
#4400 = DIRECTION('',(0.,-1.));
#4401 = ( GEOMETRIC_REPRESENTATION_CONTEXT(2) 
PARAMETRIC_REPRESENTATION_CONTEXT() REPRESENTATION_CONTEXT('2D SPACE',''
  ) );
#4402 = ORIENTED_EDGE('',*,*,#3296,.T.);
#4403 = ORIENTED_EDGE('',*,*,#4313,.F.);
#4404 = ADVANCED_FACE('',(#4405),#3284,.F.);
#4405 = FACE_BOUND('',#4406,.F.);
#4406 = EDGE_LOOP('',(#4407,#4430,#4451,#4452));
#4407 = ORIENTED_EDGE('',*,*,#4408,.F.);
#4408 = EDGE_CURVE('',#4409,#4360,#4411,.T.);
#4409 = VERTEX_POINT('',#4410);
#4410 = CARTESIAN_POINT('',(23.615528128088,18.499999999987,
    -142.0207259421));
#4411 = SURFACE_CURVE('',#4412,(#4416,#4423),.PCURVE_S1.);
#4412 = LINE('',#4413,#4414);
#4413 = CARTESIAN_POINT('',(23.615528128088,18.499999999987,
    -142.0207259421));
#4414 = VECTOR('',#4415,1.);
#4415 = DIRECTION('',(0.,-0.866025403786,-0.499999999998));
#4416 = PCURVE('',#3284,#4417);
#4417 = DEFINITIONAL_REPRESENTATION('',(#4418),#4422);
#4418 = LINE('',#4419,#4420);
#4419 = CARTESIAN_POINT('',(0.,0.));
#4420 = VECTOR('',#4421,1.);
#4421 = DIRECTION('',(1.,-0.));
#4422 = ( GEOMETRIC_REPRESENTATION_CONTEXT(2) 
PARAMETRIC_REPRESENTATION_CONTEXT() REPRESENTATION_CONTEXT('2D SPACE',''
  ) );
#4423 = PCURVE('',#4301,#4424);
#4424 = DEFINITIONAL_REPRESENTATION('',(#4425),#4429);
#4425 = LINE('',#4426,#4427);
#4426 = CARTESIAN_POINT('',(-2.02072594217,-18.49999999998));
#4427 = VECTOR('',#4428,1.);
#4428 = DIRECTION('',(-0.499999999998,0.866025403786));
#4429 = ( GEOMETRIC_REPRESENTATION_CONTEXT(2) 
PARAMETRIC_REPRESENTATION_CONTEXT() REPRESENTATION_CONTEXT('2D SPACE',''
  ) );
#4430 = ORIENTED_EDGE('',*,*,#4431,.T.);
#4431 = EDGE_CURVE('',#4409,#3237,#4432,.T.);
#4432 = SURFACE_CURVE('',#4433,(#4437,#4444),.PCURVE_S1.);
#4433 = LINE('',#4434,#4435);
#4434 = CARTESIAN_POINT('',(23.615528128088,18.499999999987,
    -142.0207259421));
#4435 = VECTOR('',#4436,1.);
#4436 = DIRECTION('',(1.,0.,0.));
#4437 = PCURVE('',#3284,#4438);
#4438 = DEFINITIONAL_REPRESENTATION('',(#4439),#4443);
#4439 = LINE('',#4440,#4441);
#4440 = CARTESIAN_POINT('',(0.,0.));
#4441 = VECTOR('',#4442,1.);
#4442 = DIRECTION('',(0.,-1.));
#4443 = ( GEOMETRIC_REPRESENTATION_CONTEXT(2) 
PARAMETRIC_REPRESENTATION_CONTEXT() REPRESENTATION_CONTEXT('2D SPACE',''
  ) );
#4444 = PCURVE('',#3252,#4445);
#4445 = DEFINITIONAL_REPRESENTATION('',(#4446),#4450);
#4446 = LINE('',#4447,#4448);
#4447 = CARTESIAN_POINT('',(4.041451884319,-0.));
#4448 = VECTOR('',#4449,1.);
#4449 = DIRECTION('',(0.,-1.));
#4450 = ( GEOMETRIC_REPRESENTATION_CONTEXT(2) 
PARAMETRIC_REPRESENTATION_CONTEXT() REPRESENTATION_CONTEXT('2D SPACE',''
  ) );
#4451 = ORIENTED_EDGE('',*,*,#3264,.T.);
#4452 = ORIENTED_EDGE('',*,*,#4382,.F.);
#4453 = ADVANCED_FACE('',(#4454),#3252,.F.);
#4454 = FACE_BOUND('',#4455,.F.);
#4455 = EDGE_LOOP('',(#4456,#4479,#4500,#4501));
#4456 = ORIENTED_EDGE('',*,*,#4457,.F.);
#4457 = EDGE_CURVE('',#4458,#4409,#4460,.T.);
#4458 = VERTEX_POINT('',#4459);
#4459 = CARTESIAN_POINT('',(23.615528128088,18.500000000001,
    -137.9792740578));
#4460 = SURFACE_CURVE('',#4461,(#4465,#4472),.PCURVE_S1.);
#4461 = LINE('',#4462,#4463);
#4462 = CARTESIAN_POINT('',(23.615528128088,18.500000000001,
    -137.9792740578));
#4463 = VECTOR('',#4464,1.);
#4464 = DIRECTION('',(0.,-3.45298168326E-12,-1.));
#4465 = PCURVE('',#3252,#4466);
#4466 = DEFINITIONAL_REPRESENTATION('',(#4467),#4471);
#4467 = LINE('',#4468,#4469);
#4468 = CARTESIAN_POINT('',(0.,0.));
#4469 = VECTOR('',#4470,1.);
#4470 = DIRECTION('',(1.,-0.));
#4471 = ( GEOMETRIC_REPRESENTATION_CONTEXT(2) 
PARAMETRIC_REPRESENTATION_CONTEXT() REPRESENTATION_CONTEXT('2D SPACE',''
  ) );
#4472 = PCURVE('',#4301,#4473);
#4473 = DEFINITIONAL_REPRESENTATION('',(#4474),#4478);
#4474 = LINE('',#4475,#4476);
#4475 = CARTESIAN_POINT('',(2.020725942149,-18.49999999999));
#4476 = VECTOR('',#4477,1.);
#4477 = DIRECTION('',(-1.,3.45298168326E-12));
#4478 = ( GEOMETRIC_REPRESENTATION_CONTEXT(2) 
PARAMETRIC_REPRESENTATION_CONTEXT() REPRESENTATION_CONTEXT('2D SPACE',''
  ) );
#4479 = ORIENTED_EDGE('',*,*,#4480,.T.);
#4480 = EDGE_CURVE('',#4458,#3205,#4481,.T.);
#4481 = SURFACE_CURVE('',#4482,(#4486,#4493),.PCURVE_S1.);
#4482 = LINE('',#4483,#4484);
#4483 = CARTESIAN_POINT('',(23.615528128088,18.500000000001,
    -137.9792740578));
#4484 = VECTOR('',#4485,1.);
#4485 = DIRECTION('',(1.,0.,0.));
#4486 = PCURVE('',#3252,#4487);
#4487 = DEFINITIONAL_REPRESENTATION('',(#4488),#4492);
#4488 = LINE('',#4489,#4490);
#4489 = CARTESIAN_POINT('',(0.,0.));
#4490 = VECTOR('',#4491,1.);
#4491 = DIRECTION('',(0.,-1.));
#4492 = ( GEOMETRIC_REPRESENTATION_CONTEXT(2) 
PARAMETRIC_REPRESENTATION_CONTEXT() REPRESENTATION_CONTEXT('2D SPACE',''
  ) );
#4493 = PCURVE('',#3224,#4494);
#4494 = DEFINITIONAL_REPRESENTATION('',(#4495),#4499);
#4495 = LINE('',#4496,#4497);
#4496 = CARTESIAN_POINT('',(4.041451884323,0.));
#4497 = VECTOR('',#4498,1.);
#4498 = DIRECTION('',(0.,-1.));
#4499 = ( GEOMETRIC_REPRESENTATION_CONTEXT(2) 
PARAMETRIC_REPRESENTATION_CONTEXT() REPRESENTATION_CONTEXT('2D SPACE',''
  ) );
#4500 = ORIENTED_EDGE('',*,*,#3236,.F.);
#4501 = ORIENTED_EDGE('',*,*,#4431,.F.);
#4502 = ADVANCED_FACE('',(#4503),#3224,.F.);
#4503 = FACE_BOUND('',#4504,.F.);
#4504 = EDGE_LOOP('',(#4505,#4528,#4549,#4550));
#4505 = ORIENTED_EDGE('',*,*,#4506,.F.);
#4506 = EDGE_CURVE('',#4507,#4458,#4509,.T.);
#4507 = VERTEX_POINT('',#4508);
#4508 = CARTESIAN_POINT('',(23.615528128088,15.000000000006,
    -135.9585481156));
#4509 = SURFACE_CURVE('',#4510,(#4514,#4521),.PCURVE_S1.);
#4510 = LINE('',#4511,#4512);
#4511 = CARTESIAN_POINT('',(23.615528128088,15.000000000006,
    -135.9585481156));
#4512 = VECTOR('',#4513,1.);
#4513 = DIRECTION('',(-0.,0.866025403784,-0.500000000001));
#4514 = PCURVE('',#3224,#4515);
#4515 = DEFINITIONAL_REPRESENTATION('',(#4516),#4520);
#4516 = LINE('',#4517,#4518);
#4517 = CARTESIAN_POINT('',(0.,0.));
#4518 = VECTOR('',#4519,1.);
#4519 = DIRECTION('',(1.,0.));
#4520 = ( GEOMETRIC_REPRESENTATION_CONTEXT(2) 
PARAMETRIC_REPRESENTATION_CONTEXT() REPRESENTATION_CONTEXT('2D SPACE',''
  ) );
#4521 = PCURVE('',#4301,#4522);
#4522 = DEFINITIONAL_REPRESENTATION('',(#4523),#4527);
#4523 = LINE('',#4524,#4525);
#4524 = CARTESIAN_POINT('',(4.041451884314,-15.));
#4525 = VECTOR('',#4526,1.);
#4526 = DIRECTION('',(-0.500000000001,-0.866025403784));
#4527 = ( GEOMETRIC_REPRESENTATION_CONTEXT(2) 
PARAMETRIC_REPRESENTATION_CONTEXT() REPRESENTATION_CONTEXT('2D SPACE',''
  ) );
#4528 = ORIENTED_EDGE('',*,*,#4529,.T.);
#4529 = EDGE_CURVE('',#4507,#3173,#4530,.T.);
#4530 = SURFACE_CURVE('',#4531,(#4535,#4542),.PCURVE_S1.);
#4531 = LINE('',#4532,#4533);
#4532 = CARTESIAN_POINT('',(23.615528128088,15.000000000006,
    -135.9585481156));
#4533 = VECTOR('',#4534,1.);
#4534 = DIRECTION('',(1.,0.,0.));
#4535 = PCURVE('',#3224,#4536);
#4536 = DEFINITIONAL_REPRESENTATION('',(#4537),#4541);
#4537 = LINE('',#4538,#4539);
#4538 = CARTESIAN_POINT('',(0.,0.));
#4539 = VECTOR('',#4540,1.);
#4540 = DIRECTION('',(0.,-1.));
#4541 = ( GEOMETRIC_REPRESENTATION_CONTEXT(2) 
PARAMETRIC_REPRESENTATION_CONTEXT() REPRESENTATION_CONTEXT('2D SPACE',''
  ) );
#4542 = PCURVE('',#3192,#4543);
#4543 = DEFINITIONAL_REPRESENTATION('',(#4544),#4548);
#4544 = LINE('',#4545,#4546);
#4545 = CARTESIAN_POINT('',(4.04145188432,0.));
#4546 = VECTOR('',#4547,1.);
#4547 = DIRECTION('',(0.,-1.));
#4548 = ( GEOMETRIC_REPRESENTATION_CONTEXT(2) 
PARAMETRIC_REPRESENTATION_CONTEXT() REPRESENTATION_CONTEXT('2D SPACE',''
  ) );
#4549 = ORIENTED_EDGE('',*,*,#3204,.T.);
#4550 = ORIENTED_EDGE('',*,*,#4480,.F.);
#4551 = ADVANCED_FACE('',(#4552),#3192,.F.);
#4552 = FACE_BOUND('',#4553,.F.);
#4553 = EDGE_LOOP('',(#4554,#4575,#4576,#4577));
#4554 = ORIENTED_EDGE('',*,*,#4555,.F.);
#4555 = EDGE_CURVE('',#4286,#4507,#4556,.T.);
#4556 = SURFACE_CURVE('',#4557,(#4561,#4568),.PCURVE_S1.);
#4557 = LINE('',#4558,#4559);
#4558 = CARTESIAN_POINT('',(23.615528128088,11.500000000005,
    -137.9792740578));
#4559 = VECTOR('',#4560,1.);
#4560 = DIRECTION('',(0.,0.866025403786,0.499999999997));
#4561 = PCURVE('',#3192,#4562);
#4562 = DEFINITIONAL_REPRESENTATION('',(#4563),#4567);
#4563 = LINE('',#4564,#4565);
#4564 = CARTESIAN_POINT('',(0.,0.));
#4565 = VECTOR('',#4566,1.);
#4566 = DIRECTION('',(1.,0.));
#4567 = ( GEOMETRIC_REPRESENTATION_CONTEXT(2) 
PARAMETRIC_REPRESENTATION_CONTEXT() REPRESENTATION_CONTEXT('2D SPACE',''
  ) );
#4568 = PCURVE('',#4301,#4569);
#4569 = DEFINITIONAL_REPRESENTATION('',(#4570),#4574);
#4570 = LINE('',#4571,#4572);
#4571 = CARTESIAN_POINT('',(2.020725942168,-11.5));
#4572 = VECTOR('',#4573,1.);
#4573 = DIRECTION('',(0.499999999997,-0.866025403786));
#4574 = ( GEOMETRIC_REPRESENTATION_CONTEXT(2) 
PARAMETRIC_REPRESENTATION_CONTEXT() REPRESENTATION_CONTEXT('2D SPACE',''
  ) );
#4575 = ORIENTED_EDGE('',*,*,#4335,.T.);
#4576 = ORIENTED_EDGE('',*,*,#3172,.T.);
#4577 = ORIENTED_EDGE('',*,*,#4529,.F.);
#4578 = ADVANCED_FACE('',(#4579),#3350,.F.);
#4579 = FACE_BOUND('',#4580,.F.);
#4580 = EDGE_LOOP('',(#4581,#4611,#4632,#4633));
#4581 = ORIENTED_EDGE('',*,*,#4582,.F.);
#4582 = EDGE_CURVE('',#4583,#4585,#4587,.T.);
#4583 = VERTEX_POINT('',#4584);
#4584 = CARTESIAN_POINT('',(23.615528128088,-32.5,-54.61880215351));
#4585 = VERTEX_POINT('',#4586);
#4586 = CARTESIAN_POINT('',(23.615528128088,-36.5,-52.30940107675));
#4587 = SURFACE_CURVE('',#4588,(#4592,#4599),.PCURVE_S1.);
#4588 = LINE('',#4589,#4590);
#4589 = CARTESIAN_POINT('',(23.615528128088,-32.5,-54.61880215351));
#4590 = VECTOR('',#4591,1.);
#4591 = DIRECTION('',(0.,-0.866025403784,0.5));
#4592 = PCURVE('',#3350,#4593);
#4593 = DEFINITIONAL_REPRESENTATION('',(#4594),#4598);
#4594 = LINE('',#4595,#4596);
#4595 = CARTESIAN_POINT('',(0.,0.));
#4596 = VECTOR('',#4597,1.);
#4597 = DIRECTION('',(1.,0.));
#4598 = ( GEOMETRIC_REPRESENTATION_CONTEXT(2) 
PARAMETRIC_REPRESENTATION_CONTEXT() REPRESENTATION_CONTEXT('2D SPACE',''
  ) );
#4599 = PCURVE('',#4600,#4605);
#4600 = PLANE('',#4601);
#4601 = AXIS2_PLACEMENT_3D('',#4602,#4603,#4604);
#4602 = CARTESIAN_POINT('',(23.615528128088,2.563950248511E-15,-50.));
#4603 = DIRECTION('',(1.,0.,0.));
#4604 = DIRECTION('',(0.,0.,1.));
#4605 = DEFINITIONAL_REPRESENTATION('',(#4606),#4610);
#4606 = LINE('',#4607,#4608);
#4607 = CARTESIAN_POINT('',(-4.618802153517,32.5));
#4608 = VECTOR('',#4609,1.);
#4609 = DIRECTION('',(0.5,0.866025403784));
#4610 = ( GEOMETRIC_REPRESENTATION_CONTEXT(2) 
PARAMETRIC_REPRESENTATION_CONTEXT() REPRESENTATION_CONTEXT('2D SPACE',''
  ) );
#4611 = ORIENTED_EDGE('',*,*,#4612,.T.);
#4612 = EDGE_CURVE('',#4583,#3329,#4613,.T.);
#4613 = SURFACE_CURVE('',#4614,(#4618,#4625),.PCURVE_S1.);
#4614 = LINE('',#4615,#4616);
#4615 = CARTESIAN_POINT('',(23.615528128088,-32.5,-54.61880215351));
#4616 = VECTOR('',#4617,1.);
#4617 = DIRECTION('',(1.,0.,0.));
#4618 = PCURVE('',#3350,#4619);
#4619 = DEFINITIONAL_REPRESENTATION('',(#4620),#4624);
#4620 = LINE('',#4621,#4622);
#4621 = CARTESIAN_POINT('',(0.,0.));
#4622 = VECTOR('',#4623,1.);
#4623 = DIRECTION('',(0.,-1.));
#4624 = ( GEOMETRIC_REPRESENTATION_CONTEXT(2) 
PARAMETRIC_REPRESENTATION_CONTEXT() REPRESENTATION_CONTEXT('2D SPACE',''
  ) );
#4625 = PCURVE('',#3500,#4626);
#4626 = DEFINITIONAL_REPRESENTATION('',(#4627),#4631);
#4627 = LINE('',#4628,#4629);
#4628 = CARTESIAN_POINT('',(4.618802153517,-0.));
#4629 = VECTOR('',#4630,1.);
#4630 = DIRECTION('',(0.,-1.));
#4631 = ( GEOMETRIC_REPRESENTATION_CONTEXT(2) 
PARAMETRIC_REPRESENTATION_CONTEXT() REPRESENTATION_CONTEXT('2D SPACE',''
  ) );
#4632 = ORIENTED_EDGE('',*,*,#3328,.T.);
#4633 = ORIENTED_EDGE('',*,*,#4634,.F.);
#4634 = EDGE_CURVE('',#4585,#3331,#4635,.T.);
#4635 = SURFACE_CURVE('',#4636,(#4640,#4647),.PCURVE_S1.);
#4636 = LINE('',#4637,#4638);
#4637 = CARTESIAN_POINT('',(23.615528128088,-36.5,-52.30940107675));
#4638 = VECTOR('',#4639,1.);
#4639 = DIRECTION('',(1.,0.,0.));
#4640 = PCURVE('',#3350,#4641);
#4641 = DEFINITIONAL_REPRESENTATION('',(#4642),#4646);
#4642 = LINE('',#4643,#4644);
#4643 = CARTESIAN_POINT('',(4.618802153517,0.));
#4644 = VECTOR('',#4645,1.);
#4645 = DIRECTION('',(0.,-1.));
#4646 = ( GEOMETRIC_REPRESENTATION_CONTEXT(2) 
PARAMETRIC_REPRESENTATION_CONTEXT() REPRESENTATION_CONTEXT('2D SPACE',''
  ) );
#4647 = PCURVE('',#3378,#4648);
#4648 = DEFINITIONAL_REPRESENTATION('',(#4649),#4653);
#4649 = LINE('',#4650,#4651);
#4650 = CARTESIAN_POINT('',(0.,0.));
#4651 = VECTOR('',#4652,1.);
#4652 = DIRECTION('',(0.,-1.));
#4653 = ( GEOMETRIC_REPRESENTATION_CONTEXT(2) 
PARAMETRIC_REPRESENTATION_CONTEXT() REPRESENTATION_CONTEXT('2D SPACE',''
  ) );
#4654 = ADVANCED_FACE('',(#4655),#3500,.F.);
#4655 = FACE_BOUND('',#4656,.F.);
#4656 = EDGE_LOOP('',(#4657,#4680,#4701,#4702));
#4657 = ORIENTED_EDGE('',*,*,#4658,.F.);
#4658 = EDGE_CURVE('',#4659,#4583,#4661,.T.);
#4659 = VERTEX_POINT('',#4660);
#4660 = CARTESIAN_POINT('',(23.615528128088,-28.5,-52.30940107675));
#4661 = SURFACE_CURVE('',#4662,(#4666,#4673),.PCURVE_S1.);
#4662 = LINE('',#4663,#4664);
#4663 = CARTESIAN_POINT('',(23.615528128088,-28.5,-52.30940107675));
#4664 = VECTOR('',#4665,1.);
#4665 = DIRECTION('',(0.,-0.866025403784,-0.5));
#4666 = PCURVE('',#3500,#4667);
#4667 = DEFINITIONAL_REPRESENTATION('',(#4668),#4672);
#4668 = LINE('',#4669,#4670);
#4669 = CARTESIAN_POINT('',(0.,0.));
#4670 = VECTOR('',#4671,1.);
#4671 = DIRECTION('',(1.,-0.));
#4672 = ( GEOMETRIC_REPRESENTATION_CONTEXT(2) 
PARAMETRIC_REPRESENTATION_CONTEXT() REPRESENTATION_CONTEXT('2D SPACE',''
  ) );
#4673 = PCURVE('',#4600,#4674);
#4674 = DEFINITIONAL_REPRESENTATION('',(#4675),#4679);
#4675 = LINE('',#4676,#4677);
#4676 = CARTESIAN_POINT('',(-2.309401076759,28.5));
#4677 = VECTOR('',#4678,1.);
#4678 = DIRECTION('',(-0.5,0.866025403784));
#4679 = ( GEOMETRIC_REPRESENTATION_CONTEXT(2) 
PARAMETRIC_REPRESENTATION_CONTEXT() REPRESENTATION_CONTEXT('2D SPACE',''
  ) );
#4680 = ORIENTED_EDGE('',*,*,#4681,.T.);
#4681 = EDGE_CURVE('',#4659,#3455,#4682,.T.);
#4682 = SURFACE_CURVE('',#4683,(#4687,#4694),.PCURVE_S1.);
#4683 = LINE('',#4684,#4685);
#4684 = CARTESIAN_POINT('',(23.615528128088,-28.5,-52.30940107675));
#4685 = VECTOR('',#4686,1.);
#4686 = DIRECTION('',(1.,0.,0.));
#4687 = PCURVE('',#3500,#4688);
#4688 = DEFINITIONAL_REPRESENTATION('',(#4689),#4693);
#4689 = LINE('',#4690,#4691);
#4690 = CARTESIAN_POINT('',(0.,0.));
#4691 = VECTOR('',#4692,1.);
#4692 = DIRECTION('',(0.,-1.));
#4693 = ( GEOMETRIC_REPRESENTATION_CONTEXT(2) 
PARAMETRIC_REPRESENTATION_CONTEXT() REPRESENTATION_CONTEXT('2D SPACE',''
  ) );
#4694 = PCURVE('',#3470,#4695);
#4695 = DEFINITIONAL_REPRESENTATION('',(#4696),#4700);
#4696 = LINE('',#4697,#4698);
#4697 = CARTESIAN_POINT('',(4.618802153517,0.));
#4698 = VECTOR('',#4699,1.);
#4699 = DIRECTION('',(0.,-1.));
#4700 = ( GEOMETRIC_REPRESENTATION_CONTEXT(2) 
PARAMETRIC_REPRESENTATION_CONTEXT() REPRESENTATION_CONTEXT('2D SPACE',''
  ) );
#4701 = ORIENTED_EDGE('',*,*,#3482,.T.);
#4702 = ORIENTED_EDGE('',*,*,#4612,.F.);
#4703 = ADVANCED_FACE('',(#4704),#3378,.F.);
#4704 = FACE_BOUND('',#4705,.F.);
#4705 = EDGE_LOOP('',(#4706,#4729,#4730,#4731));
#4706 = ORIENTED_EDGE('',*,*,#4707,.F.);
#4707 = EDGE_CURVE('',#4585,#4708,#4710,.T.);
#4708 = VERTEX_POINT('',#4709);
#4709 = CARTESIAN_POINT('',(23.615528128088,-36.5,-47.69059892324));
#4710 = SURFACE_CURVE('',#4711,(#4715,#4722),.PCURVE_S1.);
#4711 = LINE('',#4712,#4713);
#4712 = CARTESIAN_POINT('',(23.615528128088,-36.5,-52.30940107675));
#4713 = VECTOR('',#4714,1.);
#4714 = DIRECTION('',(0.,0.,1.));
#4715 = PCURVE('',#3378,#4716);
#4716 = DEFINITIONAL_REPRESENTATION('',(#4717),#4721);
#4717 = LINE('',#4718,#4719);
#4718 = CARTESIAN_POINT('',(0.,0.));
#4719 = VECTOR('',#4720,1.);
#4720 = DIRECTION('',(1.,0.));
#4721 = ( GEOMETRIC_REPRESENTATION_CONTEXT(2) 
PARAMETRIC_REPRESENTATION_CONTEXT() REPRESENTATION_CONTEXT('2D SPACE',''
  ) );
#4722 = PCURVE('',#4600,#4723);
#4723 = DEFINITIONAL_REPRESENTATION('',(#4724),#4728);
#4724 = LINE('',#4725,#4726);
#4725 = CARTESIAN_POINT('',(-2.309401076759,36.5));
#4726 = VECTOR('',#4727,1.);
#4727 = DIRECTION('',(1.,0.));
#4728 = ( GEOMETRIC_REPRESENTATION_CONTEXT(2) 
PARAMETRIC_REPRESENTATION_CONTEXT() REPRESENTATION_CONTEXT('2D SPACE',''
  ) );
#4729 = ORIENTED_EDGE('',*,*,#4634,.T.);
#4730 = ORIENTED_EDGE('',*,*,#3362,.T.);
#4731 = ORIENTED_EDGE('',*,*,#4732,.F.);
#4732 = EDGE_CURVE('',#4708,#3363,#4733,.T.);
#4733 = SURFACE_CURVE('',#4734,(#4738,#4745),.PCURVE_S1.);
#4734 = LINE('',#4735,#4736);
#4735 = CARTESIAN_POINT('',(23.615528128088,-36.5,-47.69059892324));
#4736 = VECTOR('',#4737,1.);
#4737 = DIRECTION('',(1.,0.,0.));
#4738 = PCURVE('',#3378,#4739);
#4739 = DEFINITIONAL_REPRESENTATION('',(#4740),#4744);
#4740 = LINE('',#4741,#4742);
#4741 = CARTESIAN_POINT('',(4.618802153517,0.));
#4742 = VECTOR('',#4743,1.);
#4743 = DIRECTION('',(0.,-1.));
#4744 = ( GEOMETRIC_REPRESENTATION_CONTEXT(2) 
PARAMETRIC_REPRESENTATION_CONTEXT() REPRESENTATION_CONTEXT('2D SPACE',''
  ) );
#4745 = PCURVE('',#3410,#4746);
#4746 = DEFINITIONAL_REPRESENTATION('',(#4747),#4751);
#4747 = LINE('',#4748,#4749);
#4748 = CARTESIAN_POINT('',(0.,0.));
#4749 = VECTOR('',#4750,1.);
#4750 = DIRECTION('',(0.,-1.));
#4751 = ( GEOMETRIC_REPRESENTATION_CONTEXT(2) 
PARAMETRIC_REPRESENTATION_CONTEXT() REPRESENTATION_CONTEXT('2D SPACE',''
  ) );
#4752 = ADVANCED_FACE('',(#4753),#3470,.F.);
#4753 = FACE_BOUND('',#4754,.F.);
#4754 = EDGE_LOOP('',(#4755,#4778,#4799,#4800));
#4755 = ORIENTED_EDGE('',*,*,#4756,.F.);
#4756 = EDGE_CURVE('',#4757,#4659,#4759,.T.);
#4757 = VERTEX_POINT('',#4758);
#4758 = CARTESIAN_POINT('',(23.615528128088,-28.5,-47.69059892324));
#4759 = SURFACE_CURVE('',#4760,(#4764,#4771),.PCURVE_S1.);
#4760 = LINE('',#4761,#4762);
#4761 = CARTESIAN_POINT('',(23.615528128088,-28.5,-47.69059892324));
#4762 = VECTOR('',#4763,1.);
#4763 = DIRECTION('',(0.,0.,-1.));
#4764 = PCURVE('',#3470,#4765);
#4765 = DEFINITIONAL_REPRESENTATION('',(#4766),#4770);
#4766 = LINE('',#4767,#4768);
#4767 = CARTESIAN_POINT('',(0.,0.));
#4768 = VECTOR('',#4769,1.);
#4769 = DIRECTION('',(1.,0.));
#4770 = ( GEOMETRIC_REPRESENTATION_CONTEXT(2) 
PARAMETRIC_REPRESENTATION_CONTEXT() REPRESENTATION_CONTEXT('2D SPACE',''
  ) );
#4771 = PCURVE('',#4600,#4772);
#4772 = DEFINITIONAL_REPRESENTATION('',(#4773),#4777);
#4773 = LINE('',#4774,#4775);
#4774 = CARTESIAN_POINT('',(2.309401076758,28.5));
#4775 = VECTOR('',#4776,1.);
#4776 = DIRECTION('',(-1.,0.));
#4777 = ( GEOMETRIC_REPRESENTATION_CONTEXT(2) 
PARAMETRIC_REPRESENTATION_CONTEXT() REPRESENTATION_CONTEXT('2D SPACE',''
  ) );
#4778 = ORIENTED_EDGE('',*,*,#4779,.T.);
#4779 = EDGE_CURVE('',#4757,#3423,#4780,.T.);
#4780 = SURFACE_CURVE('',#4781,(#4785,#4792),.PCURVE_S1.);
#4781 = LINE('',#4782,#4783);
#4782 = CARTESIAN_POINT('',(23.615528128088,-28.5,-47.69059892324));
#4783 = VECTOR('',#4784,1.);
#4784 = DIRECTION('',(1.,0.,0.));
#4785 = PCURVE('',#3470,#4786);
#4786 = DEFINITIONAL_REPRESENTATION('',(#4787),#4791);
#4787 = LINE('',#4788,#4789);
#4788 = CARTESIAN_POINT('',(0.,0.));
#4789 = VECTOR('',#4790,1.);
#4790 = DIRECTION('',(0.,-1.));
#4791 = ( GEOMETRIC_REPRESENTATION_CONTEXT(2) 
PARAMETRIC_REPRESENTATION_CONTEXT() REPRESENTATION_CONTEXT('2D SPACE',''
  ) );
#4792 = PCURVE('',#3442,#4793);
#4793 = DEFINITIONAL_REPRESENTATION('',(#4794),#4798);
#4794 = LINE('',#4795,#4796);
#4795 = CARTESIAN_POINT('',(4.618802153517,0.));
#4796 = VECTOR('',#4797,1.);
#4797 = DIRECTION('',(0.,-1.));
#4798 = ( GEOMETRIC_REPRESENTATION_CONTEXT(2) 
PARAMETRIC_REPRESENTATION_CONTEXT() REPRESENTATION_CONTEXT('2D SPACE',''
  ) );
#4799 = ORIENTED_EDGE('',*,*,#3454,.F.);
#4800 = ORIENTED_EDGE('',*,*,#4681,.F.);
#4801 = ADVANCED_FACE('',(#4802),#3410,.F.);
#4802 = FACE_BOUND('',#4803,.F.);
#4803 = EDGE_LOOP('',(#4804,#4827,#4828,#4829));
#4804 = ORIENTED_EDGE('',*,*,#4805,.F.);
#4805 = EDGE_CURVE('',#4708,#4806,#4808,.T.);
#4806 = VERTEX_POINT('',#4807);
#4807 = CARTESIAN_POINT('',(23.615528128088,-32.5,-45.38119784648));
#4808 = SURFACE_CURVE('',#4809,(#4813,#4820),.PCURVE_S1.);
#4809 = LINE('',#4810,#4811);
#4810 = CARTESIAN_POINT('',(23.615528128088,-36.5,-47.69059892324));
#4811 = VECTOR('',#4812,1.);
#4812 = DIRECTION('',(0.,0.866025403784,0.5));
#4813 = PCURVE('',#3410,#4814);
#4814 = DEFINITIONAL_REPRESENTATION('',(#4815),#4819);
#4815 = LINE('',#4816,#4817);
#4816 = CARTESIAN_POINT('',(0.,0.));
#4817 = VECTOR('',#4818,1.);
#4818 = DIRECTION('',(1.,0.));
#4819 = ( GEOMETRIC_REPRESENTATION_CONTEXT(2) 
PARAMETRIC_REPRESENTATION_CONTEXT() REPRESENTATION_CONTEXT('2D SPACE',''
  ) );
#4820 = PCURVE('',#4600,#4821);
#4821 = DEFINITIONAL_REPRESENTATION('',(#4822),#4826);
#4822 = LINE('',#4823,#4824);
#4823 = CARTESIAN_POINT('',(2.309401076758,36.5));
#4824 = VECTOR('',#4825,1.);
#4825 = DIRECTION('',(0.5,-0.866025403784));
#4826 = ( GEOMETRIC_REPRESENTATION_CONTEXT(2) 
PARAMETRIC_REPRESENTATION_CONTEXT() REPRESENTATION_CONTEXT('2D SPACE',''
  ) );
#4827 = ORIENTED_EDGE('',*,*,#4732,.T.);
#4828 = ORIENTED_EDGE('',*,*,#3390,.T.);
#4829 = ORIENTED_EDGE('',*,*,#4830,.F.);
#4830 = EDGE_CURVE('',#4806,#3391,#4831,.T.);
#4831 = SURFACE_CURVE('',#4832,(#4836,#4843),.PCURVE_S1.);
#4832 = LINE('',#4833,#4834);
#4833 = CARTESIAN_POINT('',(23.615528128088,-32.5,-45.38119784648));
#4834 = VECTOR('',#4835,1.);
#4835 = DIRECTION('',(1.,0.,0.));
#4836 = PCURVE('',#3410,#4837);
#4837 = DEFINITIONAL_REPRESENTATION('',(#4838),#4842);
#4838 = LINE('',#4839,#4840);
#4839 = CARTESIAN_POINT('',(4.618802153517,0.));
#4840 = VECTOR('',#4841,1.);
#4841 = DIRECTION('',(0.,-1.));
#4842 = ( GEOMETRIC_REPRESENTATION_CONTEXT(2) 
PARAMETRIC_REPRESENTATION_CONTEXT() REPRESENTATION_CONTEXT('2D SPACE',''
  ) );
#4843 = PCURVE('',#3442,#4844);
#4844 = DEFINITIONAL_REPRESENTATION('',(#4845),#4849);
#4845 = LINE('',#4846,#4847);
#4846 = CARTESIAN_POINT('',(0.,0.));
#4847 = VECTOR('',#4848,1.);
#4848 = DIRECTION('',(0.,-1.));
#4849 = ( GEOMETRIC_REPRESENTATION_CONTEXT(2) 
PARAMETRIC_REPRESENTATION_CONTEXT() REPRESENTATION_CONTEXT('2D SPACE',''
  ) );
#4850 = ADVANCED_FACE('',(#4851),#3442,.F.);
#4851 = FACE_BOUND('',#4852,.F.);
#4852 = EDGE_LOOP('',(#4853,#4874,#4875,#4876));
#4853 = ORIENTED_EDGE('',*,*,#4854,.F.);
#4854 = EDGE_CURVE('',#4806,#4757,#4855,.T.);
#4855 = SURFACE_CURVE('',#4856,(#4860,#4867),.PCURVE_S1.);
#4856 = LINE('',#4857,#4858);
#4857 = CARTESIAN_POINT('',(23.615528128088,-32.5,-45.38119784648));
#4858 = VECTOR('',#4859,1.);
#4859 = DIRECTION('',(-0.,0.866025403784,-0.5));
#4860 = PCURVE('',#3442,#4861);
#4861 = DEFINITIONAL_REPRESENTATION('',(#4862),#4866);
#4862 = LINE('',#4863,#4864);
#4863 = CARTESIAN_POINT('',(0.,0.));
#4864 = VECTOR('',#4865,1.);
#4865 = DIRECTION('',(1.,0.));
#4866 = ( GEOMETRIC_REPRESENTATION_CONTEXT(2) 
PARAMETRIC_REPRESENTATION_CONTEXT() REPRESENTATION_CONTEXT('2D SPACE',''
  ) );
#4867 = PCURVE('',#4600,#4868);
#4868 = DEFINITIONAL_REPRESENTATION('',(#4869),#4873);
#4869 = LINE('',#4870,#4871);
#4870 = CARTESIAN_POINT('',(4.618802153517,32.5));
#4871 = VECTOR('',#4872,1.);
#4872 = DIRECTION('',(-0.5,-0.866025403784));
#4873 = ( GEOMETRIC_REPRESENTATION_CONTEXT(2) 
PARAMETRIC_REPRESENTATION_CONTEXT() REPRESENTATION_CONTEXT('2D SPACE',''
  ) );
#4874 = ORIENTED_EDGE('',*,*,#4830,.T.);
#4875 = ORIENTED_EDGE('',*,*,#3422,.T.);
#4876 = ORIENTED_EDGE('',*,*,#4779,.F.);
#4877 = ADVANCED_FACE('',(#4878),#3536,.F.);
#4878 = FACE_BOUND('',#4879,.F.);
#4879 = EDGE_LOOP('',(#4880,#4910,#4931,#4932));
#4880 = ORIENTED_EDGE('',*,*,#4881,.F.);
#4881 = EDGE_CURVE('',#4882,#4884,#4886,.T.);
#4882 = VERTEX_POINT('',#4883);
#4883 = CARTESIAN_POINT('',(23.615528128088,32.5,-54.61880215351));
#4884 = VERTEX_POINT('',#4885);
#4885 = CARTESIAN_POINT('',(23.615528128088,28.5,-52.30940107675));
#4886 = SURFACE_CURVE('',#4887,(#4891,#4898),.PCURVE_S1.);
#4887 = LINE('',#4888,#4889);
#4888 = CARTESIAN_POINT('',(23.615528128088,32.5,-54.61880215351));
#4889 = VECTOR('',#4890,1.);
#4890 = DIRECTION('',(0.,-0.866025403784,0.5));
#4891 = PCURVE('',#3536,#4892);
#4892 = DEFINITIONAL_REPRESENTATION('',(#4893),#4897);
#4893 = LINE('',#4894,#4895);
#4894 = CARTESIAN_POINT('',(0.,0.));
#4895 = VECTOR('',#4896,1.);
#4896 = DIRECTION('',(1.,0.));
#4897 = ( GEOMETRIC_REPRESENTATION_CONTEXT(2) 
PARAMETRIC_REPRESENTATION_CONTEXT() REPRESENTATION_CONTEXT('2D SPACE',''
  ) );
#4898 = PCURVE('',#4899,#4904);
#4899 = PLANE('',#4900);
#4900 = AXIS2_PLACEMENT_3D('',#4901,#4902,#4903);
#4901 = CARTESIAN_POINT('',(23.615528128088,2.563950248511E-15,-50.));
#4902 = DIRECTION('',(1.,0.,0.));
#4903 = DIRECTION('',(0.,0.,1.));
#4904 = DEFINITIONAL_REPRESENTATION('',(#4905),#4909);
#4905 = LINE('',#4906,#4907);
#4906 = CARTESIAN_POINT('',(-4.618802153517,-32.5));
#4907 = VECTOR('',#4908,1.);
#4908 = DIRECTION('',(0.5,0.866025403784));
#4909 = ( GEOMETRIC_REPRESENTATION_CONTEXT(2) 
PARAMETRIC_REPRESENTATION_CONTEXT() REPRESENTATION_CONTEXT('2D SPACE',''
  ) );
#4910 = ORIENTED_EDGE('',*,*,#4911,.T.);
#4911 = EDGE_CURVE('',#4882,#3515,#4912,.T.);
#4912 = SURFACE_CURVE('',#4913,(#4917,#4924),.PCURVE_S1.);
#4913 = LINE('',#4914,#4915);
#4914 = CARTESIAN_POINT('',(23.615528128088,32.5,-54.61880215351));
#4915 = VECTOR('',#4916,1.);
#4916 = DIRECTION('',(1.,0.,0.));
#4917 = PCURVE('',#3536,#4918);
#4918 = DEFINITIONAL_REPRESENTATION('',(#4919),#4923);
#4919 = LINE('',#4920,#4921);
#4920 = CARTESIAN_POINT('',(0.,0.));
#4921 = VECTOR('',#4922,1.);
#4922 = DIRECTION('',(0.,-1.));
#4923 = ( GEOMETRIC_REPRESENTATION_CONTEXT(2) 
PARAMETRIC_REPRESENTATION_CONTEXT() REPRESENTATION_CONTEXT('2D SPACE',''
  ) );
#4924 = PCURVE('',#3686,#4925);
#4925 = DEFINITIONAL_REPRESENTATION('',(#4926),#4930);
#4926 = LINE('',#4927,#4928);
#4927 = CARTESIAN_POINT('',(4.618802153517,-0.));
#4928 = VECTOR('',#4929,1.);
#4929 = DIRECTION('',(0.,-1.));
#4930 = ( GEOMETRIC_REPRESENTATION_CONTEXT(2) 
PARAMETRIC_REPRESENTATION_CONTEXT() REPRESENTATION_CONTEXT('2D SPACE',''
  ) );
#4931 = ORIENTED_EDGE('',*,*,#3514,.T.);
#4932 = ORIENTED_EDGE('',*,*,#4933,.F.);
#4933 = EDGE_CURVE('',#4884,#3517,#4934,.T.);
#4934 = SURFACE_CURVE('',#4935,(#4939,#4946),.PCURVE_S1.);
#4935 = LINE('',#4936,#4937);
#4936 = CARTESIAN_POINT('',(23.615528128088,28.5,-52.30940107675));
#4937 = VECTOR('',#4938,1.);
#4938 = DIRECTION('',(1.,0.,0.));
#4939 = PCURVE('',#3536,#4940);
#4940 = DEFINITIONAL_REPRESENTATION('',(#4941),#4945);
#4941 = LINE('',#4942,#4943);
#4942 = CARTESIAN_POINT('',(4.618802153517,0.));
#4943 = VECTOR('',#4944,1.);
#4944 = DIRECTION('',(0.,-1.));
#4945 = ( GEOMETRIC_REPRESENTATION_CONTEXT(2) 
PARAMETRIC_REPRESENTATION_CONTEXT() REPRESENTATION_CONTEXT('2D SPACE',''
  ) );
#4946 = PCURVE('',#3564,#4947);
#4947 = DEFINITIONAL_REPRESENTATION('',(#4948),#4952);
#4948 = LINE('',#4949,#4950);
#4949 = CARTESIAN_POINT('',(0.,0.));
#4950 = VECTOR('',#4951,1.);
#4951 = DIRECTION('',(0.,-1.));
#4952 = ( GEOMETRIC_REPRESENTATION_CONTEXT(2) 
PARAMETRIC_REPRESENTATION_CONTEXT() REPRESENTATION_CONTEXT('2D SPACE',''
  ) );
#4953 = ADVANCED_FACE('',(#4954),#3686,.F.);
#4954 = FACE_BOUND('',#4955,.F.);
#4955 = EDGE_LOOP('',(#4956,#4979,#5000,#5001));
#4956 = ORIENTED_EDGE('',*,*,#4957,.F.);
#4957 = EDGE_CURVE('',#4958,#4882,#4960,.T.);
#4958 = VERTEX_POINT('',#4959);
#4959 = CARTESIAN_POINT('',(23.615528128088,36.5,-52.30940107675));
#4960 = SURFACE_CURVE('',#4961,(#4965,#4972),.PCURVE_S1.);
#4961 = LINE('',#4962,#4963);
#4962 = CARTESIAN_POINT('',(23.615528128088,36.5,-52.30940107675));
#4963 = VECTOR('',#4964,1.);
#4964 = DIRECTION('',(0.,-0.866025403784,-0.5));
#4965 = PCURVE('',#3686,#4966);
#4966 = DEFINITIONAL_REPRESENTATION('',(#4967),#4971);
#4967 = LINE('',#4968,#4969);
#4968 = CARTESIAN_POINT('',(0.,0.));
#4969 = VECTOR('',#4970,1.);
#4970 = DIRECTION('',(1.,-0.));
#4971 = ( GEOMETRIC_REPRESENTATION_CONTEXT(2) 
PARAMETRIC_REPRESENTATION_CONTEXT() REPRESENTATION_CONTEXT('2D SPACE',''
  ) );
#4972 = PCURVE('',#4899,#4973);
#4973 = DEFINITIONAL_REPRESENTATION('',(#4974),#4978);
#4974 = LINE('',#4975,#4976);
#4975 = CARTESIAN_POINT('',(-2.309401076759,-36.5));
#4976 = VECTOR('',#4977,1.);
#4977 = DIRECTION('',(-0.5,0.866025403784));
#4978 = ( GEOMETRIC_REPRESENTATION_CONTEXT(2) 
PARAMETRIC_REPRESENTATION_CONTEXT() REPRESENTATION_CONTEXT('2D SPACE',''
  ) );
#4979 = ORIENTED_EDGE('',*,*,#4980,.T.);
#4980 = EDGE_CURVE('',#4958,#3641,#4981,.T.);
#4981 = SURFACE_CURVE('',#4982,(#4986,#4993),.PCURVE_S1.);
#4982 = LINE('',#4983,#4984);
#4983 = CARTESIAN_POINT('',(23.615528128088,36.5,-52.30940107675));
#4984 = VECTOR('',#4985,1.);
#4985 = DIRECTION('',(1.,0.,0.));
#4986 = PCURVE('',#3686,#4987);
#4987 = DEFINITIONAL_REPRESENTATION('',(#4988),#4992);
#4988 = LINE('',#4989,#4990);
#4989 = CARTESIAN_POINT('',(0.,0.));
#4990 = VECTOR('',#4991,1.);
#4991 = DIRECTION('',(0.,-1.));
#4992 = ( GEOMETRIC_REPRESENTATION_CONTEXT(2) 
PARAMETRIC_REPRESENTATION_CONTEXT() REPRESENTATION_CONTEXT('2D SPACE',''
  ) );
#4993 = PCURVE('',#3656,#4994);
#4994 = DEFINITIONAL_REPRESENTATION('',(#4995),#4999);
#4995 = LINE('',#4996,#4997);
#4996 = CARTESIAN_POINT('',(4.618802153517,0.));
#4997 = VECTOR('',#4998,1.);
#4998 = DIRECTION('',(0.,-1.));
#4999 = ( GEOMETRIC_REPRESENTATION_CONTEXT(2) 
PARAMETRIC_REPRESENTATION_CONTEXT() REPRESENTATION_CONTEXT('2D SPACE',''
  ) );
#5000 = ORIENTED_EDGE('',*,*,#3668,.T.);
#5001 = ORIENTED_EDGE('',*,*,#4911,.F.);
#5002 = ADVANCED_FACE('',(#5003),#3564,.F.);
#5003 = FACE_BOUND('',#5004,.F.);
#5004 = EDGE_LOOP('',(#5005,#5028,#5029,#5030));
#5005 = ORIENTED_EDGE('',*,*,#5006,.F.);
#5006 = EDGE_CURVE('',#4884,#5007,#5009,.T.);
#5007 = VERTEX_POINT('',#5008);
#5008 = CARTESIAN_POINT('',(23.615528128088,28.5,-47.69059892324));
#5009 = SURFACE_CURVE('',#5010,(#5014,#5021),.PCURVE_S1.);
#5010 = LINE('',#5011,#5012);
#5011 = CARTESIAN_POINT('',(23.615528128088,28.5,-52.30940107675));
#5012 = VECTOR('',#5013,1.);
#5013 = DIRECTION('',(0.,0.,1.));
#5014 = PCURVE('',#3564,#5015);
#5015 = DEFINITIONAL_REPRESENTATION('',(#5016),#5020);
#5016 = LINE('',#5017,#5018);
#5017 = CARTESIAN_POINT('',(0.,0.));
#5018 = VECTOR('',#5019,1.);
#5019 = DIRECTION('',(1.,0.));
#5020 = ( GEOMETRIC_REPRESENTATION_CONTEXT(2) 
PARAMETRIC_REPRESENTATION_CONTEXT() REPRESENTATION_CONTEXT('2D SPACE',''
  ) );
#5021 = PCURVE('',#4899,#5022);
#5022 = DEFINITIONAL_REPRESENTATION('',(#5023),#5027);
#5023 = LINE('',#5024,#5025);
#5024 = CARTESIAN_POINT('',(-2.309401076759,-28.5));
#5025 = VECTOR('',#5026,1.);
#5026 = DIRECTION('',(1.,0.));
#5027 = ( GEOMETRIC_REPRESENTATION_CONTEXT(2) 
PARAMETRIC_REPRESENTATION_CONTEXT() REPRESENTATION_CONTEXT('2D SPACE',''
  ) );
#5028 = ORIENTED_EDGE('',*,*,#4933,.T.);
#5029 = ORIENTED_EDGE('',*,*,#3548,.T.);
#5030 = ORIENTED_EDGE('',*,*,#5031,.F.);
#5031 = EDGE_CURVE('',#5007,#3549,#5032,.T.);
#5032 = SURFACE_CURVE('',#5033,(#5037,#5044),.PCURVE_S1.);
#5033 = LINE('',#5034,#5035);
#5034 = CARTESIAN_POINT('',(23.615528128088,28.5,-47.69059892324));
#5035 = VECTOR('',#5036,1.);
#5036 = DIRECTION('',(1.,0.,0.));
#5037 = PCURVE('',#3564,#5038);
#5038 = DEFINITIONAL_REPRESENTATION('',(#5039),#5043);
#5039 = LINE('',#5040,#5041);
#5040 = CARTESIAN_POINT('',(4.618802153517,0.));
#5041 = VECTOR('',#5042,1.);
#5042 = DIRECTION('',(0.,-1.));
#5043 = ( GEOMETRIC_REPRESENTATION_CONTEXT(2) 
PARAMETRIC_REPRESENTATION_CONTEXT() REPRESENTATION_CONTEXT('2D SPACE',''
  ) );
#5044 = PCURVE('',#3596,#5045);
#5045 = DEFINITIONAL_REPRESENTATION('',(#5046),#5050);
#5046 = LINE('',#5047,#5048);
#5047 = CARTESIAN_POINT('',(0.,0.));
#5048 = VECTOR('',#5049,1.);
#5049 = DIRECTION('',(0.,-1.));
#5050 = ( GEOMETRIC_REPRESENTATION_CONTEXT(2) 
PARAMETRIC_REPRESENTATION_CONTEXT() REPRESENTATION_CONTEXT('2D SPACE',''
  ) );
#5051 = ADVANCED_FACE('',(#5052),#3656,.F.);
#5052 = FACE_BOUND('',#5053,.F.);
#5053 = EDGE_LOOP('',(#5054,#5077,#5098,#5099));
#5054 = ORIENTED_EDGE('',*,*,#5055,.F.);
#5055 = EDGE_CURVE('',#5056,#4958,#5058,.T.);
#5056 = VERTEX_POINT('',#5057);
#5057 = CARTESIAN_POINT('',(23.615528128088,36.5,-47.69059892324));
#5058 = SURFACE_CURVE('',#5059,(#5063,#5070),.PCURVE_S1.);
#5059 = LINE('',#5060,#5061);
#5060 = CARTESIAN_POINT('',(23.615528128088,36.5,-47.69059892324));
#5061 = VECTOR('',#5062,1.);
#5062 = DIRECTION('',(0.,0.,-1.));
#5063 = PCURVE('',#3656,#5064);
#5064 = DEFINITIONAL_REPRESENTATION('',(#5065),#5069);
#5065 = LINE('',#5066,#5067);
#5066 = CARTESIAN_POINT('',(0.,0.));
#5067 = VECTOR('',#5068,1.);
#5068 = DIRECTION('',(1.,0.));
#5069 = ( GEOMETRIC_REPRESENTATION_CONTEXT(2) 
PARAMETRIC_REPRESENTATION_CONTEXT() REPRESENTATION_CONTEXT('2D SPACE',''
  ) );
#5070 = PCURVE('',#4899,#5071);
#5071 = DEFINITIONAL_REPRESENTATION('',(#5072),#5076);
#5072 = LINE('',#5073,#5074);
#5073 = CARTESIAN_POINT('',(2.309401076758,-36.5));
#5074 = VECTOR('',#5075,1.);
#5075 = DIRECTION('',(-1.,0.));
#5076 = ( GEOMETRIC_REPRESENTATION_CONTEXT(2) 
PARAMETRIC_REPRESENTATION_CONTEXT() REPRESENTATION_CONTEXT('2D SPACE',''
  ) );
#5077 = ORIENTED_EDGE('',*,*,#5078,.T.);
#5078 = EDGE_CURVE('',#5056,#3609,#5079,.T.);
#5079 = SURFACE_CURVE('',#5080,(#5084,#5091),.PCURVE_S1.);
#5080 = LINE('',#5081,#5082);
#5081 = CARTESIAN_POINT('',(23.615528128088,36.5,-47.69059892324));
#5082 = VECTOR('',#5083,1.);
#5083 = DIRECTION('',(1.,0.,0.));
#5084 = PCURVE('',#3656,#5085);
#5085 = DEFINITIONAL_REPRESENTATION('',(#5086),#5090);
#5086 = LINE('',#5087,#5088);
#5087 = CARTESIAN_POINT('',(0.,0.));
#5088 = VECTOR('',#5089,1.);
#5089 = DIRECTION('',(0.,-1.));
#5090 = ( GEOMETRIC_REPRESENTATION_CONTEXT(2) 
PARAMETRIC_REPRESENTATION_CONTEXT() REPRESENTATION_CONTEXT('2D SPACE',''
  ) );
#5091 = PCURVE('',#3628,#5092);
#5092 = DEFINITIONAL_REPRESENTATION('',(#5093),#5097);
#5093 = LINE('',#5094,#5095);
#5094 = CARTESIAN_POINT('',(4.618802153517,0.));
#5095 = VECTOR('',#5096,1.);
#5096 = DIRECTION('',(0.,-1.));
#5097 = ( GEOMETRIC_REPRESENTATION_CONTEXT(2) 
PARAMETRIC_REPRESENTATION_CONTEXT() REPRESENTATION_CONTEXT('2D SPACE',''
  ) );
#5098 = ORIENTED_EDGE('',*,*,#3640,.F.);
#5099 = ORIENTED_EDGE('',*,*,#4980,.F.);
#5100 = ADVANCED_FACE('',(#5101),#3596,.F.);
#5101 = FACE_BOUND('',#5102,.F.);
#5102 = EDGE_LOOP('',(#5103,#5126,#5127,#5128));
#5103 = ORIENTED_EDGE('',*,*,#5104,.F.);
#5104 = EDGE_CURVE('',#5007,#5105,#5107,.T.);
#5105 = VERTEX_POINT('',#5106);
#5106 = CARTESIAN_POINT('',(23.615528128088,32.5,-45.38119784648));
#5107 = SURFACE_CURVE('',#5108,(#5112,#5119),.PCURVE_S1.);
#5108 = LINE('',#5109,#5110);
#5109 = CARTESIAN_POINT('',(23.615528128088,28.5,-47.69059892324));
#5110 = VECTOR('',#5111,1.);
#5111 = DIRECTION('',(0.,0.866025403784,0.5));
#5112 = PCURVE('',#3596,#5113);
#5113 = DEFINITIONAL_REPRESENTATION('',(#5114),#5118);
#5114 = LINE('',#5115,#5116);
#5115 = CARTESIAN_POINT('',(0.,0.));
#5116 = VECTOR('',#5117,1.);
#5117 = DIRECTION('',(1.,0.));
#5118 = ( GEOMETRIC_REPRESENTATION_CONTEXT(2) 
PARAMETRIC_REPRESENTATION_CONTEXT() REPRESENTATION_CONTEXT('2D SPACE',''
  ) );
#5119 = PCURVE('',#4899,#5120);
#5120 = DEFINITIONAL_REPRESENTATION('',(#5121),#5125);
#5121 = LINE('',#5122,#5123);
#5122 = CARTESIAN_POINT('',(2.309401076758,-28.5));
#5123 = VECTOR('',#5124,1.);
#5124 = DIRECTION('',(0.5,-0.866025403784));
#5125 = ( GEOMETRIC_REPRESENTATION_CONTEXT(2) 
PARAMETRIC_REPRESENTATION_CONTEXT() REPRESENTATION_CONTEXT('2D SPACE',''
  ) );
#5126 = ORIENTED_EDGE('',*,*,#5031,.T.);
#5127 = ORIENTED_EDGE('',*,*,#3576,.T.);
#5128 = ORIENTED_EDGE('',*,*,#5129,.F.);
#5129 = EDGE_CURVE('',#5105,#3577,#5130,.T.);
#5130 = SURFACE_CURVE('',#5131,(#5135,#5142),.PCURVE_S1.);
#5131 = LINE('',#5132,#5133);
#5132 = CARTESIAN_POINT('',(23.615528128088,32.5,-45.38119784648));
#5133 = VECTOR('',#5134,1.);
#5134 = DIRECTION('',(1.,0.,0.));
#5135 = PCURVE('',#3596,#5136);
#5136 = DEFINITIONAL_REPRESENTATION('',(#5137),#5141);
#5137 = LINE('',#5138,#5139);
#5138 = CARTESIAN_POINT('',(4.618802153517,0.));
#5139 = VECTOR('',#5140,1.);
#5140 = DIRECTION('',(0.,-1.));
#5141 = ( GEOMETRIC_REPRESENTATION_CONTEXT(2) 
PARAMETRIC_REPRESENTATION_CONTEXT() REPRESENTATION_CONTEXT('2D SPACE',''
  ) );
#5142 = PCURVE('',#3628,#5143);
#5143 = DEFINITIONAL_REPRESENTATION('',(#5144),#5148);
#5144 = LINE('',#5145,#5146);
#5145 = CARTESIAN_POINT('',(0.,0.));
#5146 = VECTOR('',#5147,1.);
#5147 = DIRECTION('',(0.,-1.));
#5148 = ( GEOMETRIC_REPRESENTATION_CONTEXT(2) 
PARAMETRIC_REPRESENTATION_CONTEXT() REPRESENTATION_CONTEXT('2D SPACE',''
  ) );
#5149 = ADVANCED_FACE('',(#5150),#3628,.F.);
#5150 = FACE_BOUND('',#5151,.F.);
#5151 = EDGE_LOOP('',(#5152,#5173,#5174,#5175));
#5152 = ORIENTED_EDGE('',*,*,#5153,.F.);
#5153 = EDGE_CURVE('',#5105,#5056,#5154,.T.);
#5154 = SURFACE_CURVE('',#5155,(#5159,#5166),.PCURVE_S1.);
#5155 = LINE('',#5156,#5157);
#5156 = CARTESIAN_POINT('',(23.615528128088,32.5,-45.38119784648));
#5157 = VECTOR('',#5158,1.);
#5158 = DIRECTION('',(-0.,0.866025403784,-0.5));
#5159 = PCURVE('',#3628,#5160);
#5160 = DEFINITIONAL_REPRESENTATION('',(#5161),#5165);
#5161 = LINE('',#5162,#5163);
#5162 = CARTESIAN_POINT('',(0.,0.));
#5163 = VECTOR('',#5164,1.);
#5164 = DIRECTION('',(1.,0.));
#5165 = ( GEOMETRIC_REPRESENTATION_CONTEXT(2) 
PARAMETRIC_REPRESENTATION_CONTEXT() REPRESENTATION_CONTEXT('2D SPACE',''
  ) );
#5166 = PCURVE('',#4899,#5167);
#5167 = DEFINITIONAL_REPRESENTATION('',(#5168),#5172);
#5168 = LINE('',#5169,#5170);
#5169 = CARTESIAN_POINT('',(4.618802153517,-32.5));
#5170 = VECTOR('',#5171,1.);
#5171 = DIRECTION('',(-0.5,-0.866025403784));
#5172 = ( GEOMETRIC_REPRESENTATION_CONTEXT(2) 
PARAMETRIC_REPRESENTATION_CONTEXT() REPRESENTATION_CONTEXT('2D SPACE',''
  ) );
#5173 = ORIENTED_EDGE('',*,*,#5129,.T.);
#5174 = ORIENTED_EDGE('',*,*,#3608,.T.);
#5175 = ORIENTED_EDGE('',*,*,#5078,.F.);
#5176 = ADVANCED_FACE('',(#5177),#3716,.T.);
#5177 = FACE_BOUND('',#5178,.T.);
#5178 = EDGE_LOOP('',(#5179,#5180));
#5179 = ORIENTED_EDGE('',*,*,#3955,.F.);
#5180 = ORIENTED_EDGE('',*,*,#3702,.T.);
#5181 = ADVANCED_FACE('',(#5182),#3773,.F.);
#5182 = FACE_BOUND('',#5183,.F.);
#5183 = EDGE_LOOP('',(#5184,#5207,#5233,#5234));
#5184 = ORIENTED_EDGE('',*,*,#5185,.T.);
#5185 = EDGE_CURVE('',#3753,#5186,#5188,.T.);
#5186 = VERTEX_POINT('',#5187);
#5187 = CARTESIAN_POINT('',(23.615528128088,-17.,-140.));
#5188 = SEAM_CURVE('',#5189,(#5193,#5200),.PCURVE_S1.);
#5189 = LINE('',#5190,#5191);
#5190 = CARTESIAN_POINT('',(20.615528128088,-17.,-140.));
#5191 = VECTOR('',#5192,1.);
#5192 = DIRECTION('',(1.,0.,0.));
#5193 = PCURVE('',#3773,#5194);
#5194 = DEFINITIONAL_REPRESENTATION('',(#5195),#5199);
#5195 = LINE('',#5196,#5197);
#5196 = CARTESIAN_POINT('',(0.,0.));
#5197 = VECTOR('',#5198,1.);
#5198 = DIRECTION('',(0.,-1.));
#5199 = ( GEOMETRIC_REPRESENTATION_CONTEXT(2) 
PARAMETRIC_REPRESENTATION_CONTEXT() REPRESENTATION_CONTEXT('2D SPACE',''
  ) );
#5200 = PCURVE('',#3773,#5201);
#5201 = DEFINITIONAL_REPRESENTATION('',(#5202),#5206);
#5202 = LINE('',#5203,#5204);
#5203 = CARTESIAN_POINT('',(6.28318530718,0.));
#5204 = VECTOR('',#5205,1.);
#5205 = DIRECTION('',(0.,-1.));
#5206 = ( GEOMETRIC_REPRESENTATION_CONTEXT(2) 
PARAMETRIC_REPRESENTATION_CONTEXT() REPRESENTATION_CONTEXT('2D SPACE',''
  ) );
#5207 = ORIENTED_EDGE('',*,*,#5208,.T.);
#5208 = EDGE_CURVE('',#5186,#5186,#5209,.T.);
#5209 = SURFACE_CURVE('',#5210,(#5215,#5222),.PCURVE_S1.);
#5210 = CIRCLE('',#5211,2.);
#5211 = AXIS2_PLACEMENT_3D('',#5212,#5213,#5214);
#5212 = CARTESIAN_POINT('',(23.615528128088,-15.,-140.));
#5213 = DIRECTION('',(-1.,0.,0.));
#5214 = DIRECTION('',(0.,-1.,0.));
#5215 = PCURVE('',#3773,#5216);
#5216 = DEFINITIONAL_REPRESENTATION('',(#5217),#5221);
#5217 = LINE('',#5218,#5219);
#5218 = CARTESIAN_POINT('',(0.,-3.));
#5219 = VECTOR('',#5220,1.);
#5220 = DIRECTION('',(1.,0.));
#5221 = ( GEOMETRIC_REPRESENTATION_CONTEXT(2) 
PARAMETRIC_REPRESENTATION_CONTEXT() REPRESENTATION_CONTEXT('2D SPACE',''
  ) );
#5222 = PCURVE('',#4002,#5223);
#5223 = DEFINITIONAL_REPRESENTATION('',(#5224),#5232);
#5224 = ( BOUNDED_CURVE() B_SPLINE_CURVE(2,(#5225,#5226,#5227,#5228,
#5229,#5230,#5231),.UNSPECIFIED.,.T.,.F.) B_SPLINE_CURVE_WITH_KNOTS((1,2
    ,2,2,2,1),(-2.094395102393,0.,2.094395102393,4.188790204786,
6.28318530718,8.377580409573),.UNSPECIFIED.) CURVE() 
GEOMETRIC_REPRESENTATION_ITEM() RATIONAL_B_SPLINE_CURVE((1.,0.5,1.,0.5,
1.,0.5,1.)) REPRESENTATION_ITEM('') );
#5225 = CARTESIAN_POINT('',(3.893774191965E-12,17.000000000002));
#5226 = CARTESIAN_POINT('',(3.464101615142,17.000000000002));
#5227 = CARTESIAN_POINT('',(1.732050807573,14.000000000002));
#5228 = CARTESIAN_POINT('',(3.894264050685E-12,11.000000000002));
#5229 = CARTESIAN_POINT('',(-1.732050807565,14.000000000002));
#5230 = CARTESIAN_POINT('',(-3.464101615134,17.000000000002));
#5231 = CARTESIAN_POINT('',(3.893774191965E-12,17.000000000002));
#5232 = ( GEOMETRIC_REPRESENTATION_CONTEXT(2) 
PARAMETRIC_REPRESENTATION_CONTEXT() REPRESENTATION_CONTEXT('2D SPACE',''
  ) );
#5233 = ORIENTED_EDGE('',*,*,#5185,.F.);
#5234 = ORIENTED_EDGE('',*,*,#3752,.F.);
#5235 = ADVANCED_FACE('',(#5236),#3808,.F.);
#5236 = FACE_BOUND('',#5237,.F.);
#5237 = EDGE_LOOP('',(#5238,#5261,#5287,#5288));
#5238 = ORIENTED_EDGE('',*,*,#5239,.T.);
#5239 = EDGE_CURVE('',#3788,#5240,#5242,.T.);
#5240 = VERTEX_POINT('',#5241);
#5241 = CARTESIAN_POINT('',(23.615528128088,13.,-140.));
#5242 = SEAM_CURVE('',#5243,(#5247,#5254),.PCURVE_S1.);
#5243 = LINE('',#5244,#5245);
#5244 = CARTESIAN_POINT('',(20.615528128088,13.,-140.));
#5245 = VECTOR('',#5246,1.);
#5246 = DIRECTION('',(1.,0.,0.));
#5247 = PCURVE('',#3808,#5248);
#5248 = DEFINITIONAL_REPRESENTATION('',(#5249),#5253);
#5249 = LINE('',#5250,#5251);
#5250 = CARTESIAN_POINT('',(0.,0.));
#5251 = VECTOR('',#5252,1.);
#5252 = DIRECTION('',(0.,-1.));
#5253 = ( GEOMETRIC_REPRESENTATION_CONTEXT(2) 
PARAMETRIC_REPRESENTATION_CONTEXT() REPRESENTATION_CONTEXT('2D SPACE',''
  ) );
#5254 = PCURVE('',#3808,#5255);
#5255 = DEFINITIONAL_REPRESENTATION('',(#5256),#5260);
#5256 = LINE('',#5257,#5258);
#5257 = CARTESIAN_POINT('',(6.28318530718,0.));
#5258 = VECTOR('',#5259,1.);
#5259 = DIRECTION('',(0.,-1.));
#5260 = ( GEOMETRIC_REPRESENTATION_CONTEXT(2) 
PARAMETRIC_REPRESENTATION_CONTEXT() REPRESENTATION_CONTEXT('2D SPACE',''
  ) );
#5261 = ORIENTED_EDGE('',*,*,#5262,.T.);
#5262 = EDGE_CURVE('',#5240,#5240,#5263,.T.);
#5263 = SURFACE_CURVE('',#5264,(#5269,#5276),.PCURVE_S1.);
#5264 = CIRCLE('',#5265,2.);
#5265 = AXIS2_PLACEMENT_3D('',#5266,#5267,#5268);
#5266 = CARTESIAN_POINT('',(23.615528128088,15.,-140.));
#5267 = DIRECTION('',(-1.,0.,0.));
#5268 = DIRECTION('',(0.,-1.,0.));
#5269 = PCURVE('',#3808,#5270);
#5270 = DEFINITIONAL_REPRESENTATION('',(#5271),#5275);
#5271 = LINE('',#5272,#5273);
#5272 = CARTESIAN_POINT('',(0.,-3.));
#5273 = VECTOR('',#5274,1.);
#5274 = DIRECTION('',(1.,0.));
#5275 = ( GEOMETRIC_REPRESENTATION_CONTEXT(2) 
PARAMETRIC_REPRESENTATION_CONTEXT() REPRESENTATION_CONTEXT('2D SPACE',''
  ) );
#5276 = PCURVE('',#4301,#5277);
#5277 = DEFINITIONAL_REPRESENTATION('',(#5278),#5286);
#5278 = ( BOUNDED_CURVE() B_SPLINE_CURVE(2,(#5279,#5280,#5281,#5282,
#5283,#5284,#5285),.UNSPECIFIED.,.T.,.F.) B_SPLINE_CURVE_WITH_KNOTS((1,2
    ,2,2,2,1),(-2.094395102393,0.,2.094395102393,4.188790204786,
6.28318530718,8.377580409573),.UNSPECIFIED.) CURVE() 
GEOMETRIC_REPRESENTATION_ITEM() RATIONAL_B_SPLINE_CURVE((1.,0.5,1.,0.5,
1.,0.5,1.)) REPRESENTATION_ITEM('') );
#5279 = CARTESIAN_POINT('',(3.893774191965E-12,-12.99999999999));
#5280 = CARTESIAN_POINT('',(3.464101615142,-12.99999999999));
#5281 = CARTESIAN_POINT('',(1.732050807573,-15.99999999999));
#5282 = CARTESIAN_POINT('',(3.894264050685E-12,-18.99999999999));
#5283 = CARTESIAN_POINT('',(-1.732050807565,-15.99999999999));
#5284 = CARTESIAN_POINT('',(-3.464101615134,-12.99999999999));
#5285 = CARTESIAN_POINT('',(3.893774191965E-12,-12.99999999999));
#5286 = ( GEOMETRIC_REPRESENTATION_CONTEXT(2) 
PARAMETRIC_REPRESENTATION_CONTEXT() REPRESENTATION_CONTEXT('2D SPACE',''
  ) );
#5287 = ORIENTED_EDGE('',*,*,#5239,.F.);
#5288 = ORIENTED_EDGE('',*,*,#3787,.F.);
#5289 = ADVANCED_FACE('',(#5290),#3843,.F.);
#5290 = FACE_BOUND('',#5291,.F.);
#5291 = EDGE_LOOP('',(#5292,#5315,#5341,#5342));
#5292 = ORIENTED_EDGE('',*,*,#5293,.T.);
#5293 = EDGE_CURVE('',#3823,#5294,#5296,.T.);
#5294 = VERTEX_POINT('',#5295);
#5295 = CARTESIAN_POINT('',(23.615528128088,-35.,-50.));
#5296 = SEAM_CURVE('',#5297,(#5301,#5308),.PCURVE_S1.);
#5297 = LINE('',#5298,#5299);
#5298 = CARTESIAN_POINT('',(20.615528128088,-35.,-50.));
#5299 = VECTOR('',#5300,1.);
#5300 = DIRECTION('',(1.,0.,0.));
#5301 = PCURVE('',#3843,#5302);
#5302 = DEFINITIONAL_REPRESENTATION('',(#5303),#5307);
#5303 = LINE('',#5304,#5305);
#5304 = CARTESIAN_POINT('',(0.,0.));
#5305 = VECTOR('',#5306,1.);
#5306 = DIRECTION('',(0.,-1.));
#5307 = ( GEOMETRIC_REPRESENTATION_CONTEXT(2) 
PARAMETRIC_REPRESENTATION_CONTEXT() REPRESENTATION_CONTEXT('2D SPACE',''
  ) );
#5308 = PCURVE('',#3843,#5309);
#5309 = DEFINITIONAL_REPRESENTATION('',(#5310),#5314);
#5310 = LINE('',#5311,#5312);
#5311 = CARTESIAN_POINT('',(6.28318530718,0.));
#5312 = VECTOR('',#5313,1.);
#5313 = DIRECTION('',(0.,-1.));
#5314 = ( GEOMETRIC_REPRESENTATION_CONTEXT(2) 
PARAMETRIC_REPRESENTATION_CONTEXT() REPRESENTATION_CONTEXT('2D SPACE',''
  ) );
#5315 = ORIENTED_EDGE('',*,*,#5316,.T.);
#5316 = EDGE_CURVE('',#5294,#5294,#5317,.T.);
#5317 = SURFACE_CURVE('',#5318,(#5323,#5330),.PCURVE_S1.);
#5318 = CIRCLE('',#5319,2.5);
#5319 = AXIS2_PLACEMENT_3D('',#5320,#5321,#5322);
#5320 = CARTESIAN_POINT('',(23.615528128088,-32.5,-50.));
#5321 = DIRECTION('',(-1.,0.,0.));
#5322 = DIRECTION('',(0.,-1.,0.));
#5323 = PCURVE('',#3843,#5324);
#5324 = DEFINITIONAL_REPRESENTATION('',(#5325),#5329);
#5325 = LINE('',#5326,#5327);
#5326 = CARTESIAN_POINT('',(0.,-3.));
#5327 = VECTOR('',#5328,1.);
#5328 = DIRECTION('',(1.,0.));
#5329 = ( GEOMETRIC_REPRESENTATION_CONTEXT(2) 
PARAMETRIC_REPRESENTATION_CONTEXT() REPRESENTATION_CONTEXT('2D SPACE',''
  ) );
#5330 = PCURVE('',#4600,#5331);
#5331 = DEFINITIONAL_REPRESENTATION('',(#5332),#5340);
#5332 = ( BOUNDED_CURVE() B_SPLINE_CURVE(2,(#5333,#5334,#5335,#5336,
#5337,#5338,#5339),.UNSPECIFIED.,.T.,.F.) B_SPLINE_CURVE_WITH_KNOTS((1,2
    ,2,2,2,1),(-2.094395102393,0.,2.094395102393,4.188790204786,
6.28318530718,8.377580409573),.UNSPECIFIED.) CURVE() 
GEOMETRIC_REPRESENTATION_ITEM() RATIONAL_B_SPLINE_CURVE((1.,0.5,1.,0.5,
1.,0.5,1.)) REPRESENTATION_ITEM('') );
#5333 = CARTESIAN_POINT('',(-1.42108547152E-14,35.));
#5334 = CARTESIAN_POINT('',(4.330127018922,35.));
#5335 = CARTESIAN_POINT('',(2.165063509461,31.25));
#5336 = CARTESIAN_POINT('',(-1.359853131563E-14,27.5));
#5337 = CARTESIAN_POINT('',(-2.165063509461,31.25));
#5338 = CARTESIAN_POINT('',(-4.330127018922,35.));
#5339 = CARTESIAN_POINT('',(-1.42108547152E-14,35.));
#5340 = ( GEOMETRIC_REPRESENTATION_CONTEXT(2) 
PARAMETRIC_REPRESENTATION_CONTEXT() REPRESENTATION_CONTEXT('2D SPACE',''
  ) );
#5341 = ORIENTED_EDGE('',*,*,#5293,.F.);
#5342 = ORIENTED_EDGE('',*,*,#3822,.F.);
#5343 = ADVANCED_FACE('',(#5344),#3878,.F.);
#5344 = FACE_BOUND('',#5345,.F.);
#5345 = EDGE_LOOP('',(#5346,#5369,#5395,#5396));
#5346 = ORIENTED_EDGE('',*,*,#5347,.T.);
#5347 = EDGE_CURVE('',#3858,#5348,#5350,.T.);
#5348 = VERTEX_POINT('',#5349);
#5349 = CARTESIAN_POINT('',(23.615528128088,30.,-50.));
#5350 = SEAM_CURVE('',#5351,(#5355,#5362),.PCURVE_S1.);
#5351 = LINE('',#5352,#5353);
#5352 = CARTESIAN_POINT('',(20.615528128088,30.,-50.));
#5353 = VECTOR('',#5354,1.);
#5354 = DIRECTION('',(1.,0.,0.));
#5355 = PCURVE('',#3878,#5356);
#5356 = DEFINITIONAL_REPRESENTATION('',(#5357),#5361);
#5357 = LINE('',#5358,#5359);
#5358 = CARTESIAN_POINT('',(0.,0.));
#5359 = VECTOR('',#5360,1.);
#5360 = DIRECTION('',(0.,-1.));
#5361 = ( GEOMETRIC_REPRESENTATION_CONTEXT(2) 
PARAMETRIC_REPRESENTATION_CONTEXT() REPRESENTATION_CONTEXT('2D SPACE',''
  ) );
#5362 = PCURVE('',#3878,#5363);
#5363 = DEFINITIONAL_REPRESENTATION('',(#5364),#5368);
#5364 = LINE('',#5365,#5366);
#5365 = CARTESIAN_POINT('',(6.28318530718,0.));
#5366 = VECTOR('',#5367,1.);
#5367 = DIRECTION('',(0.,-1.));
#5368 = ( GEOMETRIC_REPRESENTATION_CONTEXT(2) 
PARAMETRIC_REPRESENTATION_CONTEXT() REPRESENTATION_CONTEXT('2D SPACE',''
  ) );
#5369 = ORIENTED_EDGE('',*,*,#5370,.T.);
#5370 = EDGE_CURVE('',#5348,#5348,#5371,.T.);
#5371 = SURFACE_CURVE('',#5372,(#5377,#5384),.PCURVE_S1.);
#5372 = CIRCLE('',#5373,2.5);
#5373 = AXIS2_PLACEMENT_3D('',#5374,#5375,#5376);
#5374 = CARTESIAN_POINT('',(23.615528128088,32.5,-50.));
#5375 = DIRECTION('',(-1.,0.,0.));
#5376 = DIRECTION('',(0.,-1.,0.));
#5377 = PCURVE('',#3878,#5378);
#5378 = DEFINITIONAL_REPRESENTATION('',(#5379),#5383);
#5379 = LINE('',#5380,#5381);
#5380 = CARTESIAN_POINT('',(0.,-3.));
#5381 = VECTOR('',#5382,1.);
#5382 = DIRECTION('',(1.,0.));
#5383 = ( GEOMETRIC_REPRESENTATION_CONTEXT(2) 
PARAMETRIC_REPRESENTATION_CONTEXT() REPRESENTATION_CONTEXT('2D SPACE',''
  ) );
#5384 = PCURVE('',#4899,#5385);
#5385 = DEFINITIONAL_REPRESENTATION('',(#5386),#5394);
#5386 = ( BOUNDED_CURVE() B_SPLINE_CURVE(2,(#5387,#5388,#5389,#5390,
#5391,#5392,#5393),.UNSPECIFIED.,.T.,.F.) B_SPLINE_CURVE_WITH_KNOTS((1,2
    ,2,2,2,1),(-2.094395102393,0.,2.094395102393,4.188790204786,
6.28318530718,8.377580409573),.UNSPECIFIED.) CURVE() 
GEOMETRIC_REPRESENTATION_ITEM() RATIONAL_B_SPLINE_CURVE((1.,0.5,1.,0.5,
1.,0.5,1.)) REPRESENTATION_ITEM('') );
#5387 = CARTESIAN_POINT('',(-1.42108547152E-14,-30.));
#5388 = CARTESIAN_POINT('',(4.330127018922,-30.));
#5389 = CARTESIAN_POINT('',(2.165063509461,-33.75));
#5390 = CARTESIAN_POINT('',(-1.359853131563E-14,-37.5));
#5391 = CARTESIAN_POINT('',(-2.165063509461,-33.75));
#5392 = CARTESIAN_POINT('',(-4.330127018922,-30.));
#5393 = CARTESIAN_POINT('',(-1.42108547152E-14,-30.));
#5394 = ( GEOMETRIC_REPRESENTATION_CONTEXT(2) 
PARAMETRIC_REPRESENTATION_CONTEXT() REPRESENTATION_CONTEXT('2D SPACE',''
  ) );
#5395 = ORIENTED_EDGE('',*,*,#5347,.F.);
#5396 = ORIENTED_EDGE('',*,*,#3857,.F.);
#5397 = ADVANCED_FACE('',(#5398),#3937,.F.);
#5398 = FACE_BOUND('',#5399,.T.);
#5399 = EDGE_LOOP('',(#5400));
#5400 = ORIENTED_EDGE('',*,*,#3922,.T.);
#5401 = ADVANCED_FACE('',(#5402,#5410),#4002,.T.);
#5402 = FACE_BOUND('',#5403,.T.);
#5403 = EDGE_LOOP('',(#5404,#5405,#5406,#5407,#5408,#5409));
#5404 = ORIENTED_EDGE('',*,*,#4256,.F.);
#5405 = ORIENTED_EDGE('',*,*,#3984,.F.);
#5406 = ORIENTED_EDGE('',*,*,#4060,.F.);
#5407 = ORIENTED_EDGE('',*,*,#4109,.F.);
#5408 = ORIENTED_EDGE('',*,*,#4158,.F.);
#5409 = ORIENTED_EDGE('',*,*,#4207,.F.);
#5410 = FACE_BOUND('',#5411,.T.);
#5411 = EDGE_LOOP('',(#5412));
#5412 = ORIENTED_EDGE('',*,*,#5208,.T.);
#5413 = ADVANCED_FACE('',(#5414,#5422),#4301,.T.);
#5414 = FACE_BOUND('',#5415,.T.);
#5415 = EDGE_LOOP('',(#5416,#5417,#5418,#5419,#5420,#5421));
#5416 = ORIENTED_EDGE('',*,*,#4555,.F.);
#5417 = ORIENTED_EDGE('',*,*,#4283,.F.);
#5418 = ORIENTED_EDGE('',*,*,#4359,.F.);
#5419 = ORIENTED_EDGE('',*,*,#4408,.F.);
#5420 = ORIENTED_EDGE('',*,*,#4457,.F.);
#5421 = ORIENTED_EDGE('',*,*,#4506,.F.);
#5422 = FACE_BOUND('',#5423,.T.);
#5423 = EDGE_LOOP('',(#5424));
#5424 = ORIENTED_EDGE('',*,*,#5262,.T.);
#5425 = ADVANCED_FACE('',(#5426,#5434),#4600,.T.);
#5426 = FACE_BOUND('',#5427,.T.);
#5427 = EDGE_LOOP('',(#5428,#5429,#5430,#5431,#5432,#5433));
#5428 = ORIENTED_EDGE('',*,*,#4707,.F.);
#5429 = ORIENTED_EDGE('',*,*,#4582,.F.);
#5430 = ORIENTED_EDGE('',*,*,#4658,.F.);
#5431 = ORIENTED_EDGE('',*,*,#4756,.F.);
#5432 = ORIENTED_EDGE('',*,*,#4854,.F.);
#5433 = ORIENTED_EDGE('',*,*,#4805,.F.);
#5434 = FACE_BOUND('',#5435,.T.);
#5435 = EDGE_LOOP('',(#5436));
#5436 = ORIENTED_EDGE('',*,*,#5316,.T.);
#5437 = ADVANCED_FACE('',(#5438,#5446),#4899,.T.);
#5438 = FACE_BOUND('',#5439,.T.);
#5439 = EDGE_LOOP('',(#5440,#5441,#5442,#5443,#5444,#5445));
#5440 = ORIENTED_EDGE('',*,*,#5006,.F.);
#5441 = ORIENTED_EDGE('',*,*,#4881,.F.);
#5442 = ORIENTED_EDGE('',*,*,#4957,.F.);
#5443 = ORIENTED_EDGE('',*,*,#5055,.F.);
#5444 = ORIENTED_EDGE('',*,*,#5153,.F.);
#5445 = ORIENTED_EDGE('',*,*,#5104,.F.);
#5446 = FACE_BOUND('',#5447,.T.);
#5447 = EDGE_LOOP('',(#5448));
#5448 = ORIENTED_EDGE('',*,*,#5370,.T.);
#5449 = ( GEOMETRIC_REPRESENTATION_CONTEXT(3) 
GLOBAL_UNCERTAINTY_ASSIGNED_CONTEXT((#5453)) 
GLOBAL_UNIT_ASSIGNED_CONTEXT((#5450,#5451,#5452)) REPRESENTATION_CONTEXT
('Context #1','3D Context with UNIT and UNCERTAINTY') );
#5450 = ( LENGTH_UNIT() NAMED_UNIT(*) SI_UNIT(.MILLI.,.METRE.) );
#5451 = ( NAMED_UNIT(*) PLANE_ANGLE_UNIT() SI_UNIT($,.RADIAN.) );
#5452 = ( NAMED_UNIT(*) SI_UNIT($,.STERADIAN.) SOLID_ANGLE_UNIT() );
#5453 = UNCERTAINTY_MEASURE_WITH_UNIT(LENGTH_MEASURE(1.E-07),#5450,
  'distance_accuracy_value','confusion accuracy');
#5454 = CONTEXT_DEPENDENT_SHAPE_REPRESENTATION(#5455,#5457);
#5455 = ( REPRESENTATION_RELATIONSHIP('','',#2809,#2786) 
REPRESENTATION_RELATIONSHIP_WITH_TRANSFORMATION(#5456) 
SHAPE_REPRESENTATION_RELATIONSHIP() );
#5456 = ITEM_DEFINED_TRANSFORMATION('','',#11,#2787);
#5457 = PRODUCT_DEFINITION_SHAPE('Placement','Placement of an item',
  #5458);
#5458 = NEXT_ASSEMBLY_USAGE_OCCURRENCE('5','Body009','',#2781,#2804,$);
#5459 = PRODUCT_RELATED_PRODUCT_CATEGORY('part',$,(#2806));
#5460 = MECHANICAL_DESIGN_GEOMETRIC_PRESENTATION_REPRESENTATION('',(
    #5461),#2768);
#5461 = STYLED_ITEM('color',(#5462),#1244);
#5462 = PRESENTATION_STYLE_ASSIGNMENT((#5463,#5471));
#5463 = SURFACE_STYLE_USAGE(.BOTH.,#5464);
#5464 = SURFACE_SIDE_STYLE('',(#5465,#5469));
#5465 = SURFACE_STYLE_FILL_AREA(#5466);
#5466 = FILL_AREA_STYLE('',(#5467));
#5467 = FILL_AREA_STYLE_COLOUR('',#5468);
#5468 = COLOUR_RGB('',0.800000010877,0.800000010877,0.800000010877);
#5469 = SURFACE_STYLE_RENDERING_WITH_PROPERTIES(.NORMAL_SHADING.,#5468,(
    #5470));
#5470 = SURFACE_STYLE_TRANSPARENT(0.699999988079);
#5471 = CURVE_STYLE('',#5472,POSITIVE_LENGTH_MEASURE(0.1),#5473);
#5472 = DRAUGHTING_PRE_DEFINED_CURVE_FONT('continuous');
#5473 = COLOUR_RGB('',9.803921802644E-02,9.803921802644E-02,
  9.803921802644E-02);
#5474 = MECHANICAL_DESIGN_GEOMETRIC_PRESENTATION_REPRESENTATION('',(
    #5475),#5449);
#5475 = STYLED_ITEM('color',(#5476),#2810);
#5476 = PRESENTATION_STYLE_ASSIGNMENT((#5477,#5482));
#5477 = SURFACE_STYLE_USAGE(.BOTH.,#5478);
#5478 = SURFACE_SIDE_STYLE('',(#5479));
#5479 = SURFACE_STYLE_FILL_AREA(#5480);
#5480 = FILL_AREA_STYLE('',(#5481));
#5481 = FILL_AREA_STYLE_COLOUR('',#5468);
#5482 = CURVE_STYLE('',#5483,POSITIVE_LENGTH_MEASURE(0.1),#5473);
#5483 = DRAUGHTING_PRE_DEFINED_CURVE_FONT('continuous');
#5484 = MECHANICAL_DESIGN_GEOMETRIC_PRESENTATION_REPRESENTATION('',(
    #5485),#1202);
#5485 = STYLED_ITEM('color',(#5486),#64);
#5486 = PRESENTATION_STYLE_ASSIGNMENT((#5487,#5492));
#5487 = SURFACE_STYLE_USAGE(.BOTH.,#5488);
#5488 = SURFACE_SIDE_STYLE('',(#5489));
#5489 = SURFACE_STYLE_FILL_AREA(#5490);
#5490 = FILL_AREA_STYLE('',(#5491));
#5491 = FILL_AREA_STYLE_COLOUR('',#5468);
#5492 = CURVE_STYLE('',#5493,POSITIVE_LENGTH_MEASURE(0.1),#5473);
#5493 = DRAUGHTING_PRE_DEFINED_CURVE_FONT('continuous');
ENDSEC;
END-ISO-10303-21;
