ISO-10303-21;
HEADER;
FILE_DESCRIPTION(('FreeCAD Model'),'2;1');
FILE_NAME('Open CASCADE Shape Model','2026-06-16T15:47:40',(''),(''),
  'Open CASCADE STEP processor 7.8','FreeCAD','Unknown');
FILE_SCHEMA(('AUTOMOTIVE_DESIGN { 1 0 10303 214 1 1 1 1 }'));
ENDSEC;
DATA;
#1 = APPLICATION_PROTOCOL_DEFINITION('international standard',
  'automotive_design',2000,#2);
#2 = APPLICATION_CONTEXT(
  'core data for automotive mechanical design processes');
#3 = SHAPE_DEFINITION_REPRESENTATION(#4,#10);
#4 = PRODUCT_DEFINITION_SHAPE('','',#5);
#5 = PRODUCT_DEFINITION('design','',#6,#9);
#6 = PRODUCT_DEFINITION_FORMATION('','',#7);
#7 = PRODUCT('Milling Fixture','Milling Fixture','',(#8));
#8 = PRODUCT_CONTEXT('',#2,'mechanical');
#9 = PRODUCT_DEFINITION_CONTEXT('part definition',#2,'design');
#10 = SHAPE_REPRESENTATION('',(#11,#15,#19),#23);
#11 = AXIS2_PLACEMENT_3D('',#12,#13,#14);
#12 = CARTESIAN_POINT('',(0.,0.,0.));
#13 = DIRECTION('',(0.,0.,1.));
#14 = DIRECTION('',(1.,0.,-0.));
#15 = AXIS2_PLACEMENT_3D('',#16,#17,#18);
#16 = CARTESIAN_POINT('',(0.,0.,0.));
#17 = DIRECTION('',(0.,0.,1.));
#18 = DIRECTION('',(1.,0.,0.));
#19 = AXIS2_PLACEMENT_3D('',#20,#21,#22);
#20 = CARTESIAN_POINT('',(30.,30.,-6.));
#21 = DIRECTION('',(0.,-0.,1.));
#22 = DIRECTION('',(0.,1.,0.));
#23 = ( GEOMETRIC_REPRESENTATION_CONTEXT(3) 
GLOBAL_UNCERTAINTY_ASSIGNED_CONTEXT((#27)) GLOBAL_UNIT_ASSIGNED_CONTEXT(
(#24,#25,#26)) REPRESENTATION_CONTEXT('Context #1',
  '3D Context with UNIT and UNCERTAINTY') );
#24 = ( LENGTH_UNIT() NAMED_UNIT(*) SI_UNIT(.MILLI.,.METRE.) );
#25 = ( NAMED_UNIT(*) PLANE_ANGLE_UNIT() SI_UNIT($,.RADIAN.) );
#26 = ( NAMED_UNIT(*) SI_UNIT($,.STERADIAN.) SOLID_ANGLE_UNIT() );
#27 = UNCERTAINTY_MEASURE_WITH_UNIT(LENGTH_MEASURE(1.E-06),#24,
  'distance_accuracy_value','confusion accuracy');
#28 = PRODUCT_RELATED_PRODUCT_CATEGORY('part',$,(#7));
#29 = SHAPE_DEFINITION_REPRESENTATION(#30,#36);
#30 = PRODUCT_DEFINITION_SHAPE('','',#31);
#31 = PRODUCT_DEFINITION('design','',#32,#35);
#32 = PRODUCT_DEFINITION_FORMATION('','',#33);
#33 = PRODUCT('Body003','Body003','',(#34));
#34 = PRODUCT_CONTEXT('',#2,'mechanical');
#35 = PRODUCT_DEFINITION_CONTEXT('part definition',#2,'design');
#36 = ADVANCED_BREP_SHAPE_REPRESENTATION('',(#11,#37),#3709);
#37 = MANIFOLD_SOLID_BREP('',#38);
#38 = CLOSED_SHELL('',(#39,#159,#240,#322,#400,#525,#584,#848,#901,#1035
    ,#1084,#1132,#1190,#1243,#1250,#1326,#1375,#1430,#1542,#1596,#1628,
    #1660,#1736,#1817,#1888,#2347,#2396,#2446,#2816,#2897,#2944,#2971,
    #2977,#2983,#3009,#3085,#3111,#3185,#3212,#3259,#3286,#3313,#3320,
    #3367,#3394,#3421,#3428,#3475,#3502,#3529,#3536,#3590,#3617,#3623,
    #3650,#3697,#3703));
#39 = ADVANCED_FACE('',(#40),#54,.F.);
#40 = FACE_BOUND('',#41,.F.);
#41 = EDGE_LOOP('',(#42,#77,#105,#133));
#42 = ORIENTED_EDGE('',*,*,#43,.T.);
#43 = EDGE_CURVE('',#44,#46,#48,.T.);
#44 = VERTEX_POINT('',#45);
#45 = CARTESIAN_POINT('',(-5.35,-7.78583195659E-17,-1.E-02));
#46 = VERTEX_POINT('',#47);
#47 = CARTESIAN_POINT('',(-5.35,55.835,-1.E-02));
#48 = SURFACE_CURVE('',#49,(#53,#65),.PCURVE_S1.);
#49 = LINE('',#50,#51);
#50 = CARTESIAN_POINT('',(-5.35,0.,-1.E-02));
#51 = VECTOR('',#52,1.);
#52 = DIRECTION('',(0.,1.,0.));
#53 = PCURVE('',#54,#59);
#54 = PLANE('',#55);
#55 = AXIS2_PLACEMENT_3D('',#56,#57,#58);
#56 = CARTESIAN_POINT('',(-5.35,-1.20691235154E-16,0.));
#57 = DIRECTION('',(1.,0.,0.));
#58 = DIRECTION('',(0.,1.,0.));
#59 = DEFINITIONAL_REPRESENTATION('',(#60),#64);
#60 = LINE('',#61,#62);
#61 = CARTESIAN_POINT('',(1.20691235154E-16,-1.E-02));
#62 = VECTOR('',#63,1.);
#63 = DIRECTION('',(1.,0.));
#64 = ( GEOMETRIC_REPRESENTATION_CONTEXT(2) 
PARAMETRIC_REPRESENTATION_CONTEXT() REPRESENTATION_CONTEXT('2D SPACE',''
  ) );
#65 = PCURVE('',#66,#71);
#66 = PLANE('',#67);
#67 = AXIS2_PLACEMENT_3D('',#68,#69,#70);
#68 = CARTESIAN_POINT('',(-5.845,0.,-0.505));
#69 = DIRECTION('',(-0.707106781187,-6.230184043414E-18,0.707106781187)
  );
#70 = DIRECTION('',(-4.405405385138E-18,1.,4.405405385138E-18));
#71 = DEFINITIONAL_REPRESENTATION('',(#72),#76);
#72 = LINE('',#73,#74);
#73 = CARTESIAN_POINT('',(9.214000680891E-35,-0.700035713375));
#74 = VECTOR('',#75,1.);
#75 = DIRECTION('',(1.,-4.147255687025E-34));
#76 = ( GEOMETRIC_REPRESENTATION_CONTEXT(2) 
PARAMETRIC_REPRESENTATION_CONTEXT() REPRESENTATION_CONTEXT('2D SPACE',''
  ) );
#77 = ORIENTED_EDGE('',*,*,#78,.F.);
#78 = EDGE_CURVE('',#79,#46,#81,.T.);
#79 = VERTEX_POINT('',#80);
#80 = CARTESIAN_POINT('',(-5.35,55.825,4.107825191113E-15));
#81 = SURFACE_CURVE('',#82,(#86,#93),.PCURVE_S1.);
#82 = LINE('',#83,#84);
#83 = CARTESIAN_POINT('',(-5.35,42.11875,13.70625));
#84 = VECTOR('',#85,1.);
#85 = DIRECTION('',(0.,0.707106781187,-0.707106781187));
#86 = PCURVE('',#54,#87);
#87 = DEFINITIONAL_REPRESENTATION('',(#88),#92);
#88 = LINE('',#89,#90);
#89 = CARTESIAN_POINT('',(42.11875,13.70625));
#90 = VECTOR('',#91,1.);
#91 = DIRECTION('',(0.707106781187,-0.707106781187));
#92 = ( GEOMETRIC_REPRESENTATION_CONTEXT(2) 
PARAMETRIC_REPRESENTATION_CONTEXT() REPRESENTATION_CONTEXT('2D SPACE',''
  ) );
#93 = PCURVE('',#94,#99);
#94 = PLANE('',#95);
#95 = AXIS2_PLACEMENT_3D('',#96,#97,#98);
#96 = CARTESIAN_POINT('',(-5.35,56.325,-0.5));
#97 = DIRECTION('',(5.911709633991E-18,0.707106781187,0.707106781187));
#98 = DIRECTION('',(1.,-4.180209970601E-18,-4.180209970601E-18));
#99 = DEFINITIONAL_REPRESENTATION('',(#100),#104);
#100 = LINE('',#101,#102);
#101 = CARTESIAN_POINT('',(-1.7763568394E-15,-20.09067142046));
#102 = VECTOR('',#103,1.);
#103 = DIRECTION('',(-3.468212778318E-34,1.));
#104 = ( GEOMETRIC_REPRESENTATION_CONTEXT(2) 
PARAMETRIC_REPRESENTATION_CONTEXT() REPRESENTATION_CONTEXT('2D SPACE',''
  ) );
#105 = ORIENTED_EDGE('',*,*,#106,.F.);
#106 = EDGE_CURVE('',#107,#79,#109,.T.);
#107 = VERTEX_POINT('',#108);
#108 = CARTESIAN_POINT('',(-5.35,-1.20691235154E-16,0.));
#109 = SURFACE_CURVE('',#110,(#114,#121),.PCURVE_S1.);
#110 = LINE('',#111,#112);
#111 = CARTESIAN_POINT('',(-5.35,-1.20691235154E-16,0.));
#112 = VECTOR('',#113,1.);
#113 = DIRECTION('',(0.,1.,0.));
#114 = PCURVE('',#54,#115);
#115 = DEFINITIONAL_REPRESENTATION('',(#116),#120);
#116 = LINE('',#117,#118);
#117 = CARTESIAN_POINT('',(0.,0.));
#118 = VECTOR('',#119,1.);
#119 = DIRECTION('',(1.,0.));
#120 = ( GEOMETRIC_REPRESENTATION_CONTEXT(2) 
PARAMETRIC_REPRESENTATION_CONTEXT() REPRESENTATION_CONTEXT('2D SPACE',''
  ) );
#121 = PCURVE('',#122,#127);
#122 = PLANE('',#123);
#123 = AXIS2_PLACEMENT_3D('',#124,#125,#126);
#124 = CARTESIAN_POINT('',(4.731613361583,15.124613753023,0.));
#125 = DIRECTION('',(0.,0.,1.));
#126 = DIRECTION('',(1.,0.,0.));
#127 = DEFINITIONAL_REPRESENTATION('',(#128),#132);
#128 = LINE('',#129,#130);
#129 = CARTESIAN_POINT('',(-10.08161336158,-15.12461375302));
#130 = VECTOR('',#131,1.);
#131 = DIRECTION('',(0.,1.));
#132 = ( GEOMETRIC_REPRESENTATION_CONTEXT(2) 
PARAMETRIC_REPRESENTATION_CONTEXT() REPRESENTATION_CONTEXT('2D SPACE',''
  ) );
#133 = ORIENTED_EDGE('',*,*,#134,.T.);
#134 = EDGE_CURVE('',#107,#44,#135,.T.);
#135 = SURFACE_CURVE('',#136,(#140,#147),.PCURVE_S1.);
#136 = LINE('',#137,#138);
#137 = CARTESIAN_POINT('',(-5.35,-1.20691235154E-16,0.));
#138 = VECTOR('',#139,1.);
#139 = DIRECTION('',(-0.,-0.,-1.));
#140 = PCURVE('',#54,#141);
#141 = DEFINITIONAL_REPRESENTATION('',(#142),#146);
#142 = LINE('',#143,#144);
#143 = CARTESIAN_POINT('',(0.,0.));
#144 = VECTOR('',#145,1.);
#145 = DIRECTION('',(0.,-1.));
#146 = ( GEOMETRIC_REPRESENTATION_CONTEXT(2) 
PARAMETRIC_REPRESENTATION_CONTEXT() REPRESENTATION_CONTEXT('2D SPACE',''
  ) );
#147 = PCURVE('',#148,#153);
#148 = CYLINDRICAL_SURFACE('',#149,5.35);
#149 = AXIS2_PLACEMENT_3D('',#150,#151,#152);
#150 = CARTESIAN_POINT('',(1.335239238121E-16,1.6E-15,0.));
#151 = DIRECTION('',(0.,0.,1.));
#152 = DIRECTION('',(1.,0.,0.));
#153 = DEFINITIONAL_REPRESENTATION('',(#154),#158);
#154 = LINE('',#155,#156);
#155 = CARTESIAN_POINT('',(3.14159265359,0.));
#156 = VECTOR('',#157,1.);
#157 = DIRECTION('',(0.,-1.));
#158 = ( GEOMETRIC_REPRESENTATION_CONTEXT(2) 
PARAMETRIC_REPRESENTATION_CONTEXT() REPRESENTATION_CONTEXT('2D SPACE',''
  ) );
#159 = ADVANCED_FACE('',(#160),#66,.T.);
#160 = FACE_BOUND('',#161,.T.);
#161 = EDGE_LOOP('',(#162,#163,#186,#214));
#162 = ORIENTED_EDGE('',*,*,#43,.T.);
#163 = ORIENTED_EDGE('',*,*,#164,.T.);
#164 = EDGE_CURVE('',#46,#165,#167,.T.);
#165 = VERTEX_POINT('',#166);
#166 = CARTESIAN_POINT('',(-6.34,56.825,-1.));
#167 = SURFACE_CURVE('',#168,(#172,#179),.PCURVE_S1.);
#168 = LINE('',#169,#170);
#169 = CARTESIAN_POINT('',(3.6275,46.8575,8.9675));
#170 = VECTOR('',#171,1.);
#171 = DIRECTION('',(-0.57735026919,0.57735026919,-0.57735026919));
#172 = PCURVE('',#66,#173);
#173 = DEFINITIONAL_REPRESENTATION('',(#174),#178);
#174 = LINE('',#175,#176);
#175 = CARTESIAN_POINT('',(46.8575,-13.39613796957));
#176 = VECTOR('',#177,1.);
#177 = DIRECTION('',(0.57735026919,0.816496580928));
#178 = ( GEOMETRIC_REPRESENTATION_CONTEXT(2) 
PARAMETRIC_REPRESENTATION_CONTEXT() REPRESENTATION_CONTEXT('2D SPACE',''
  ) );
#179 = PCURVE('',#94,#180);
#180 = DEFINITIONAL_REPRESENTATION('',(#181),#185);
#181 = LINE('',#182,#183);
#182 = CARTESIAN_POINT('',(8.9775,-13.38906690176));
#183 = VECTOR('',#184,1.);
#184 = DIRECTION('',(-0.57735026919,0.816496580928));
#185 = ( GEOMETRIC_REPRESENTATION_CONTEXT(2) 
PARAMETRIC_REPRESENTATION_CONTEXT() REPRESENTATION_CONTEXT('2D SPACE',''
  ) );
#186 = ORIENTED_EDGE('',*,*,#187,.F.);
#187 = EDGE_CURVE('',#188,#165,#190,.T.);
#188 = VERTEX_POINT('',#189);
#189 = CARTESIAN_POINT('',(-6.34,-4.209747695428E-16,-1.));
#190 = SURFACE_CURVE('',#191,(#195,#202),.PCURVE_S1.);
#191 = LINE('',#192,#193);
#192 = CARTESIAN_POINT('',(-6.34,0.,-1.));
#193 = VECTOR('',#194,1.);
#194 = DIRECTION('',(0.,1.,0.));
#195 = PCURVE('',#66,#196);
#196 = DEFINITIONAL_REPRESENTATION('',(#197),#201);
#197 = LINE('',#198,#199);
#198 = CARTESIAN_POINT('',(-9.214000680891E-35,0.700035713375));
#199 = VECTOR('',#200,1.);
#200 = DIRECTION('',(1.,-4.147255687025E-34));
#201 = ( GEOMETRIC_REPRESENTATION_CONTEXT(2) 
PARAMETRIC_REPRESENTATION_CONTEXT() REPRESENTATION_CONTEXT('2D SPACE',''
  ) );
#202 = PCURVE('',#203,#208);
#203 = PLANE('',#204);
#204 = AXIS2_PLACEMENT_3D('',#205,#206,#207);
#205 = CARTESIAN_POINT('',(9.102034104807,10.723973760025,-1.));
#206 = DIRECTION('',(0.,0.,1.));
#207 = DIRECTION('',(1.,0.,0.));
#208 = DEFINITIONAL_REPRESENTATION('',(#209),#213);
#209 = LINE('',#210,#211);
#210 = CARTESIAN_POINT('',(-15.4420341048,-10.72397376002));
#211 = VECTOR('',#212,1.);
#212 = DIRECTION('',(0.,1.));
#213 = ( GEOMETRIC_REPRESENTATION_CONTEXT(2) 
PARAMETRIC_REPRESENTATION_CONTEXT() REPRESENTATION_CONTEXT('2D SPACE',''
  ) );
#214 = ORIENTED_EDGE('',*,*,#215,.F.);
#215 = EDGE_CURVE('',#44,#188,#216,.T.);
#216 = SURFACE_CURVE('',#217,(#221,#228),.PCURVE_S1.);
#217 = LINE('',#218,#219);
#218 = CARTESIAN_POINT('',(-5.35,-7.78583195659E-17,-1.E-02));
#219 = VECTOR('',#220,1.);
#220 = DIRECTION('',(-0.707106781187,-2.45070675268E-16,-0.707106781187)
  );
#221 = PCURVE('',#66,#222);
#222 = DEFINITIONAL_REPRESENTATION('',(#223),#227);
#223 = LINE('',#224,#225);
#224 = CARTESIAN_POINT('',(-7.78583195659E-17,-0.700035713375));
#225 = VECTOR('',#226,1.);
#226 = DIRECTION('',(-2.45070675268E-16,1.));
#227 = ( GEOMETRIC_REPRESENTATION_CONTEXT(2) 
PARAMETRIC_REPRESENTATION_CONTEXT() REPRESENTATION_CONTEXT('2D SPACE',''
  ) );
#228 = PCURVE('',#229,#234);
#229 = CONICAL_SURFACE('',#230,5.35,0.785398163397);
#230 = AXIS2_PLACEMENT_3D('',#231,#232,#233);
#231 = CARTESIAN_POINT('',(0.,1.7763568394E-15,-1.E-02));
#232 = DIRECTION('',(-0.,-0.,-1.));
#233 = DIRECTION('',(-1.587392771035E-16,-1.,0.));
#234 = DEFINITIONAL_REPRESENTATION('',(#235),#239);
#235 = LINE('',#236,#237);
#236 = CARTESIAN_POINT('',(1.570796326795,0.));
#237 = VECTOR('',#238,1.);
#238 = DIRECTION('',(0.,1.));
#239 = ( GEOMETRIC_REPRESENTATION_CONTEXT(2) 
PARAMETRIC_REPRESENTATION_CONTEXT() REPRESENTATION_CONTEXT('2D SPACE',''
  ) );
#240 = ADVANCED_FACE('',(#241),#94,.T.);
#241 = FACE_BOUND('',#242,.T.);
#242 = EDGE_LOOP('',(#243,#244,#267,#295,#321));
#243 = ORIENTED_EDGE('',*,*,#78,.F.);
#244 = ORIENTED_EDGE('',*,*,#245,.T.);
#245 = EDGE_CURVE('',#79,#246,#248,.T.);
#246 = VERTEX_POINT('',#247);
#247 = CARTESIAN_POINT('',(52.65,55.825,3.988689206951E-15));
#248 = SURFACE_CURVE('',#249,(#253,#260),.PCURVE_S1.);
#249 = LINE('',#250,#251);
#250 = CARTESIAN_POINT('',(-5.35,55.825,0.));
#251 = VECTOR('',#252,1.);
#252 = DIRECTION('',(1.,0.,0.));
#253 = PCURVE('',#94,#254);
#254 = DEFINITIONAL_REPRESENTATION('',(#255),#259);
#255 = LINE('',#256,#257);
#256 = CARTESIAN_POINT('',(0.,-0.707106781187));
#257 = VECTOR('',#258,1.);
#258 = DIRECTION('',(1.,-1.211845495834E-34));
#259 = ( GEOMETRIC_REPRESENTATION_CONTEXT(2) 
PARAMETRIC_REPRESENTATION_CONTEXT() REPRESENTATION_CONTEXT('2D SPACE',''
  ) );
#260 = PCURVE('',#122,#261);
#261 = DEFINITIONAL_REPRESENTATION('',(#262),#266);
#262 = LINE('',#263,#264);
#263 = CARTESIAN_POINT('',(-10.08161336158,40.700386246977));
#264 = VECTOR('',#265,1.);
#265 = DIRECTION('',(1.,0.));
#266 = ( GEOMETRIC_REPRESENTATION_CONTEXT(2) 
PARAMETRIC_REPRESENTATION_CONTEXT() REPRESENTATION_CONTEXT('2D SPACE',''
  ) );
#267 = ORIENTED_EDGE('',*,*,#268,.T.);
#268 = EDGE_CURVE('',#246,#269,#271,.T.);
#269 = VERTEX_POINT('',#270);
#270 = CARTESIAN_POINT('',(52.65,56.825,-1.));
#271 = SURFACE_CURVE('',#272,(#276,#283),.PCURVE_S1.);
#272 = LINE('',#273,#274);
#273 = CARTESIAN_POINT('',(52.65,56.075,-0.25));
#274 = VECTOR('',#275,1.);
#275 = DIRECTION('',(7.793835367743E-15,0.707106781187,-0.707106781187)
  );
#276 = PCURVE('',#94,#277);
#277 = DEFINITIONAL_REPRESENTATION('',(#278),#282);
#278 = LINE('',#279,#280);
#279 = CARTESIAN_POINT('',(58.,-0.353553390594));
#280 = VECTOR('',#281,1.);
#281 = DIRECTION('',(7.793835367743E-15,1.));
#282 = ( GEOMETRIC_REPRESENTATION_CONTEXT(2) 
PARAMETRIC_REPRESENTATION_CONTEXT() REPRESENTATION_CONTEXT('2D SPACE',''
  ) );
#283 = PCURVE('',#284,#289);
#284 = PLANE('',#285);
#285 = AXIS2_PLACEMENT_3D('',#286,#287,#288);
#286 = CARTESIAN_POINT('',(52.65,55.825,3.988689206951E-15));
#287 = DIRECTION('',(-0.57735026919,-0.57735026919,-0.57735026919));
#288 = DIRECTION('',(-0.707106781187,0.707106781187,-1.768118519813E-16)
  );
#289 = DEFINITIONAL_REPRESENTATION('',(#290),#294);
#290 = LINE('',#291,#292);
#291 = CARTESIAN_POINT('',(0.176776695297,0.306186217848));
#292 = VECTOR('',#293,1.);
#293 = DIRECTION('',(0.5,0.866025403784));
#294 = ( GEOMETRIC_REPRESENTATION_CONTEXT(2) 
PARAMETRIC_REPRESENTATION_CONTEXT() REPRESENTATION_CONTEXT('2D SPACE',''
  ) );
#295 = ORIENTED_EDGE('',*,*,#296,.F.);
#296 = EDGE_CURVE('',#165,#269,#297,.T.);
#297 = SURFACE_CURVE('',#298,(#302,#309),.PCURVE_S1.);
#298 = LINE('',#299,#300);
#299 = CARTESIAN_POINT('',(-5.35,56.825,-1.));
#300 = VECTOR('',#301,1.);
#301 = DIRECTION('',(1.,0.,0.));
#302 = PCURVE('',#94,#303);
#303 = DEFINITIONAL_REPRESENTATION('',(#304),#308);
#304 = LINE('',#305,#306);
#305 = CARTESIAN_POINT('',(0.,0.707106781187));
#306 = VECTOR('',#307,1.);
#307 = DIRECTION('',(1.,-1.211845495834E-34));
#308 = ( GEOMETRIC_REPRESENTATION_CONTEXT(2) 
PARAMETRIC_REPRESENTATION_CONTEXT() REPRESENTATION_CONTEXT('2D SPACE',''
  ) );
#309 = PCURVE('',#310,#315);
#310 = PLANE('',#311);
#311 = AXIS2_PLACEMENT_3D('',#312,#313,#314);
#312 = CARTESIAN_POINT('',(5.593969283208,56.825,-13.59564824898));
#313 = DIRECTION('',(0.,1.,0.));
#314 = DIRECTION('',(0.,0.,1.));
#315 = DEFINITIONAL_REPRESENTATION('',(#316),#320);
#316 = LINE('',#317,#318);
#317 = CARTESIAN_POINT('',(12.595648248986,-10.9439692832));
#318 = VECTOR('',#319,1.);
#319 = DIRECTION('',(0.,1.));
#320 = ( GEOMETRIC_REPRESENTATION_CONTEXT(2) 
PARAMETRIC_REPRESENTATION_CONTEXT() REPRESENTATION_CONTEXT('2D SPACE',''
  ) );
#321 = ORIENTED_EDGE('',*,*,#164,.F.);
#322 = ADVANCED_FACE('',(#323),#148,.T.);
#323 = FACE_BOUND('',#324,.T.);
#324 = EDGE_LOOP('',(#325,#326,#350,#378));
#325 = ORIENTED_EDGE('',*,*,#134,.T.);
#326 = ORIENTED_EDGE('',*,*,#327,.F.);
#327 = EDGE_CURVE('',#328,#44,#330,.T.);
#328 = VERTEX_POINT('',#329);
#329 = CARTESIAN_POINT('',(0.,-5.35,-1.E-02));
#330 = SURFACE_CURVE('',#331,(#336,#343),.PCURVE_S1.);
#331 = CIRCLE('',#332,5.35);
#332 = AXIS2_PLACEMENT_3D('',#333,#334,#335);
#333 = CARTESIAN_POINT('',(0.,1.7763568394E-15,-1.E-02));
#334 = DIRECTION('',(-0.,0.,-1.));
#335 = DIRECTION('',(-1.587392771035E-16,-1.,0.));
#336 = PCURVE('',#148,#337);
#337 = DEFINITIONAL_REPRESENTATION('',(#338),#342);
#338 = LINE('',#339,#340);
#339 = CARTESIAN_POINT('',(4.712388980385,-1.E-02));
#340 = VECTOR('',#341,1.);
#341 = DIRECTION('',(-1.,-0.));
#342 = ( GEOMETRIC_REPRESENTATION_CONTEXT(2) 
PARAMETRIC_REPRESENTATION_CONTEXT() REPRESENTATION_CONTEXT('2D SPACE',''
  ) );
#343 = PCURVE('',#229,#344);
#344 = DEFINITIONAL_REPRESENTATION('',(#345),#349);
#345 = LINE('',#346,#347);
#346 = CARTESIAN_POINT('',(0.,0.));
#347 = VECTOR('',#348,1.);
#348 = DIRECTION('',(1.,0.));
#349 = ( GEOMETRIC_REPRESENTATION_CONTEXT(2) 
PARAMETRIC_REPRESENTATION_CONTEXT() REPRESENTATION_CONTEXT('2D SPACE',''
  ) );
#350 = ORIENTED_EDGE('',*,*,#351,.F.);
#351 = EDGE_CURVE('',#352,#328,#354,.T.);
#352 = VERTEX_POINT('',#353);
#353 = CARTESIAN_POINT('',(-4.246275634079E-16,-5.35,0.));
#354 = SURFACE_CURVE('',#355,(#359,#366),.PCURVE_S1.);
#355 = LINE('',#356,#357);
#356 = CARTESIAN_POINT('',(-4.246275634079E-16,-5.35,0.));
#357 = VECTOR('',#358,1.);
#358 = DIRECTION('',(-0.,-0.,-1.));
#359 = PCURVE('',#148,#360);
#360 = DEFINITIONAL_REPRESENTATION('',(#361),#365);
#361 = LINE('',#362,#363);
#362 = CARTESIAN_POINT('',(4.712388980385,0.));
#363 = VECTOR('',#364,1.);
#364 = DIRECTION('',(0.,-1.));
#365 = ( GEOMETRIC_REPRESENTATION_CONTEXT(2) 
PARAMETRIC_REPRESENTATION_CONTEXT() REPRESENTATION_CONTEXT('2D SPACE',''
  ) );
#366 = PCURVE('',#367,#372);
#367 = PLANE('',#368);
#368 = AXIS2_PLACEMENT_3D('',#369,#370,#371);
#369 = CARTESIAN_POINT('',(53.65,-5.35,0.));
#370 = DIRECTION('',(0.,1.,0.));
#371 = DIRECTION('',(-1.,0.,0.));
#372 = DEFINITIONAL_REPRESENTATION('',(#373),#377);
#373 = LINE('',#374,#375);
#374 = CARTESIAN_POINT('',(53.65,0.));
#375 = VECTOR('',#376,1.);
#376 = DIRECTION('',(0.,-1.));
#377 = ( GEOMETRIC_REPRESENTATION_CONTEXT(2) 
PARAMETRIC_REPRESENTATION_CONTEXT() REPRESENTATION_CONTEXT('2D SPACE',''
  ) );
#378 = ORIENTED_EDGE('',*,*,#379,.F.);
#379 = EDGE_CURVE('',#107,#352,#380,.T.);
#380 = SURFACE_CURVE('',#381,(#386,#393),.PCURVE_S1.);
#381 = CIRCLE('',#382,5.35);
#382 = AXIS2_PLACEMENT_3D('',#383,#384,#385);
#383 = CARTESIAN_POINT('',(1.335239238121E-16,1.6E-15,0.));
#384 = DIRECTION('',(0.,0.,1.));
#385 = DIRECTION('',(1.,0.,0.));
#386 = PCURVE('',#148,#387);
#387 = DEFINITIONAL_REPRESENTATION('',(#388),#392);
#388 = LINE('',#389,#390);
#389 = CARTESIAN_POINT('',(0.,0.));
#390 = VECTOR('',#391,1.);
#391 = DIRECTION('',(1.,0.));
#392 = ( GEOMETRIC_REPRESENTATION_CONTEXT(2) 
PARAMETRIC_REPRESENTATION_CONTEXT() REPRESENTATION_CONTEXT('2D SPACE',''
  ) );
#393 = PCURVE('',#122,#394);
#394 = DEFINITIONAL_REPRESENTATION('',(#395),#399);
#395 = CIRCLE('',#396,5.35);
#396 = AXIS2_PLACEMENT_2D('',#397,#398);
#397 = CARTESIAN_POINT('',(-4.731613361583,-15.12461375302));
#398 = DIRECTION('',(1.,0.));
#399 = ( GEOMETRIC_REPRESENTATION_CONTEXT(2) 
PARAMETRIC_REPRESENTATION_CONTEXT() REPRESENTATION_CONTEXT('2D SPACE',''
  ) );
#400 = ADVANCED_FACE('',(#401,#455,#490),#122,.T.);
#401 = FACE_BOUND('',#402,.T.);
#402 = EDGE_LOOP('',(#403,#426,#452,#453,#454));
#403 = ORIENTED_EDGE('',*,*,#404,.F.);
#404 = EDGE_CURVE('',#405,#352,#407,.T.);
#405 = VERTEX_POINT('',#406);
#406 = CARTESIAN_POINT('',(52.65,-5.35,4.329869796038E-15));
#407 = SURFACE_CURVE('',#408,(#412,#419),.PCURVE_S1.);
#408 = LINE('',#409,#410);
#409 = CARTESIAN_POINT('',(53.65,-5.35,0.));
#410 = VECTOR('',#411,1.);
#411 = DIRECTION('',(-1.,0.,0.));
#412 = PCURVE('',#122,#413);
#413 = DEFINITIONAL_REPRESENTATION('',(#414),#418);
#414 = LINE('',#415,#416);
#415 = CARTESIAN_POINT('',(48.918386638417,-20.47461375302));
#416 = VECTOR('',#417,1.);
#417 = DIRECTION('',(-1.,0.));
#418 = ( GEOMETRIC_REPRESENTATION_CONTEXT(2) 
PARAMETRIC_REPRESENTATION_CONTEXT() REPRESENTATION_CONTEXT('2D SPACE',''
  ) );
#419 = PCURVE('',#367,#420);
#420 = DEFINITIONAL_REPRESENTATION('',(#421),#425);
#421 = LINE('',#422,#423);
#422 = CARTESIAN_POINT('',(0.,0.));
#423 = VECTOR('',#424,1.);
#424 = DIRECTION('',(1.,0.));
#425 = ( GEOMETRIC_REPRESENTATION_CONTEXT(2) 
PARAMETRIC_REPRESENTATION_CONTEXT() REPRESENTATION_CONTEXT('2D SPACE',''
  ) );
#426 = ORIENTED_EDGE('',*,*,#427,.F.);
#427 = EDGE_CURVE('',#246,#405,#428,.T.);
#428 = SURFACE_CURVE('',#429,(#433,#440),.PCURVE_S1.);
#429 = LINE('',#430,#431);
#430 = CARTESIAN_POINT('',(52.65,56.825,0.));
#431 = VECTOR('',#432,1.);
#432 = DIRECTION('',(0.,-1.,0.));
#433 = PCURVE('',#122,#434);
#434 = DEFINITIONAL_REPRESENTATION('',(#435),#439);
#435 = LINE('',#436,#437);
#436 = CARTESIAN_POINT('',(47.918386638417,41.700386246977));
#437 = VECTOR('',#438,1.);
#438 = DIRECTION('',(0.,-1.));
#439 = ( GEOMETRIC_REPRESENTATION_CONTEXT(2) 
PARAMETRIC_REPRESENTATION_CONTEXT() REPRESENTATION_CONTEXT('2D SPACE',''
  ) );
#440 = PCURVE('',#441,#446);
#441 = PLANE('',#442);
#442 = AXIS2_PLACEMENT_3D('',#443,#444,#445);
#443 = CARTESIAN_POINT('',(53.15,56.825,-0.5));
#444 = DIRECTION('',(0.707106781187,5.911709633991E-18,0.707106781187));
#445 = DIRECTION('',(4.180209970601E-18,-1.,4.180209970601E-18));
#446 = DEFINITIONAL_REPRESENTATION('',(#447),#451);
#447 = LINE('',#448,#449);
#448 = CARTESIAN_POINT('',(0.,-0.707106781187));
#449 = VECTOR('',#450,1.);
#450 = DIRECTION('',(1.,1.211845495834E-34));
#451 = ( GEOMETRIC_REPRESENTATION_CONTEXT(2) 
PARAMETRIC_REPRESENTATION_CONTEXT() REPRESENTATION_CONTEXT('2D SPACE',''
  ) );
#452 = ORIENTED_EDGE('',*,*,#245,.F.);
#453 = ORIENTED_EDGE('',*,*,#106,.F.);
#454 = ORIENTED_EDGE('',*,*,#379,.T.);
#455 = FACE_BOUND('',#456,.T.);
#456 = EDGE_LOOP('',(#457));
#457 = ORIENTED_EDGE('',*,*,#458,.T.);
#458 = EDGE_CURVE('',#459,#459,#461,.T.);
#459 = VERTEX_POINT('',#460);
#460 = CARTESIAN_POINT('',(3.,0.,0.));
#461 = SURFACE_CURVE('',#462,(#467,#478),.PCURVE_S1.);
#462 = CIRCLE('',#463,3.);
#463 = AXIS2_PLACEMENT_3D('',#464,#465,#466);
#464 = CARTESIAN_POINT('',(0.,0.,0.));
#465 = DIRECTION('',(0.,0.,-1.));
#466 = DIRECTION('',(1.,0.,0.));
#467 = PCURVE('',#122,#468);
#468 = DEFINITIONAL_REPRESENTATION('',(#469),#477);
#469 = ( BOUNDED_CURVE() B_SPLINE_CURVE(2,(#470,#471,#472,#473,#474,#475
,#476),.UNSPECIFIED.,.T.,.F.) B_SPLINE_CURVE_WITH_KNOTS((1,2,2,2,2,1),(
    -2.094395102393,0.,2.094395102393,4.188790204786,6.28318530718,
8.377580409573),.UNSPECIFIED.) CURVE() GEOMETRIC_REPRESENTATION_ITEM() 
RATIONAL_B_SPLINE_CURVE((1.,0.5,1.,0.5,1.,0.5,1.)) REPRESENTATION_ITEM(
  '') );
#470 = CARTESIAN_POINT('',(-1.731613361583,-15.12461375302));
#471 = CARTESIAN_POINT('',(-1.731613361583,-20.32076617573));
#472 = CARTESIAN_POINT('',(-6.231613361583,-17.72268996437));
#473 = CARTESIAN_POINT('',(-10.73161336158,-15.12461375302));
#474 = CARTESIAN_POINT('',(-6.231613361583,-12.52653754167));
#475 = CARTESIAN_POINT('',(-1.731613361583,-9.928461330316));
#476 = CARTESIAN_POINT('',(-1.731613361583,-15.12461375302));
#477 = ( GEOMETRIC_REPRESENTATION_CONTEXT(2) 
PARAMETRIC_REPRESENTATION_CONTEXT() REPRESENTATION_CONTEXT('2D SPACE',''
  ) );
#478 = PCURVE('',#479,#484);
#479 = CYLINDRICAL_SURFACE('',#480,3.);
#480 = AXIS2_PLACEMENT_3D('',#481,#482,#483);
#481 = CARTESIAN_POINT('',(0.,0.,0.));
#482 = DIRECTION('',(0.,0.,1.));
#483 = DIRECTION('',(1.,0.,0.));
#484 = DEFINITIONAL_REPRESENTATION('',(#485),#489);
#485 = LINE('',#486,#487);
#486 = CARTESIAN_POINT('',(-0.,0.));
#487 = VECTOR('',#488,1.);
#488 = DIRECTION('',(-1.,0.));
#489 = ( GEOMETRIC_REPRESENTATION_CONTEXT(2) 
PARAMETRIC_REPRESENTATION_CONTEXT() REPRESENTATION_CONTEXT('2D SPACE',''
  ) );
#490 = FACE_BOUND('',#491,.T.);
#491 = EDGE_LOOP('',(#492));
#492 = ORIENTED_EDGE('',*,*,#493,.T.);
#493 = EDGE_CURVE('',#494,#494,#496,.T.);
#494 = VERTEX_POINT('',#495);
#495 = CARTESIAN_POINT('',(33.52625,30.,0.));
#496 = SURFACE_CURVE('',#497,(#502,#513),.PCURVE_S1.);
#497 = CIRCLE('',#498,3.52625);
#498 = AXIS2_PLACEMENT_3D('',#499,#500,#501);
#499 = CARTESIAN_POINT('',(30.,30.,0.));
#500 = DIRECTION('',(0.,0.,-1.));
#501 = DIRECTION('',(1.,0.,0.));
#502 = PCURVE('',#122,#503);
#503 = DEFINITIONAL_REPRESENTATION('',(#504),#512);
#504 = ( BOUNDED_CURVE() B_SPLINE_CURVE(2,(#505,#506,#507,#508,#509,#510
,#511),.UNSPECIFIED.,.T.,.F.) B_SPLINE_CURVE_WITH_KNOTS((1,2,2,2,2,1),(
    -2.094395102393,0.,2.094395102393,4.188790204786,6.28318530718,
8.377580409573),.UNSPECIFIED.) CURVE() GEOMETRIC_REPRESENTATION_ITEM() 
RATIONAL_B_SPLINE_CURVE((1.,0.5,1.,0.5,1.,0.5,1.)) REPRESENTATION_ITEM(
  '') );
#505 = CARTESIAN_POINT('',(28.794636638417,14.875386246977));
#506 = CARTESIAN_POINT('',(28.794636638417,8.767742086787));
#507 = CARTESIAN_POINT('',(23.505261638417,11.821564166882));
#508 = CARTESIAN_POINT('',(18.215886638417,14.875386246977));
#509 = CARTESIAN_POINT('',(23.505261638417,17.929208327072));
#510 = CARTESIAN_POINT('',(28.794636638417,20.983030407167));
#511 = CARTESIAN_POINT('',(28.794636638417,14.875386246977));
#512 = ( GEOMETRIC_REPRESENTATION_CONTEXT(2) 
PARAMETRIC_REPRESENTATION_CONTEXT() REPRESENTATION_CONTEXT('2D SPACE',''
  ) );
#513 = PCURVE('',#514,#519);
#514 = CYLINDRICAL_SURFACE('',#515,3.52625);
#515 = AXIS2_PLACEMENT_3D('',#516,#517,#518);
#516 = CARTESIAN_POINT('',(30.,30.,0.));
#517 = DIRECTION('',(0.,0.,1.));
#518 = DIRECTION('',(1.,0.,0.));
#519 = DEFINITIONAL_REPRESENTATION('',(#520),#524);
#520 = LINE('',#521,#522);
#521 = CARTESIAN_POINT('',(-0.,0.));
#522 = VECTOR('',#523,1.);
#523 = DIRECTION('',(-1.,0.));
#524 = ( GEOMETRIC_REPRESENTATION_CONTEXT(2) 
PARAMETRIC_REPRESENTATION_CONTEXT() REPRESENTATION_CONTEXT('2D SPACE',''
  ) );
#525 = ADVANCED_FACE('',(#526),#229,.T.);
#526 = FACE_BOUND('',#527,.T.);
#527 = EDGE_LOOP('',(#528,#556,#557,#558));
#528 = ORIENTED_EDGE('',*,*,#529,.F.);
#529 = EDGE_CURVE('',#328,#530,#532,.T.);
#530 = VERTEX_POINT('',#531);
#531 = CARTESIAN_POINT('',(0.,-6.34,-1.));
#532 = SURFACE_CURVE('',#533,(#537,#544),.PCURVE_S1.);
#533 = LINE('',#534,#535);
#534 = CARTESIAN_POINT('',(0.,-5.845,-0.505));
#535 = VECTOR('',#536,1.);
#536 = DIRECTION('',(-2.577733539428E-34,-0.707106781187,-0.707106781187
    ));
#537 = PCURVE('',#229,#538);
#538 = DEFINITIONAL_REPRESENTATION('',(#539),#543);
#539 = LINE('',#540,#541);
#540 = CARTESIAN_POINT('',(0.,0.495));
#541 = VECTOR('',#542,1.);
#542 = DIRECTION('',(0.,1.));
#543 = ( GEOMETRIC_REPRESENTATION_CONTEXT(2) 
PARAMETRIC_REPRESENTATION_CONTEXT() REPRESENTATION_CONTEXT('2D SPACE',''
  ) );
#544 = PCURVE('',#545,#550);
#545 = PLANE('',#546);
#546 = AXIS2_PLACEMENT_3D('',#547,#548,#549);
#547 = CARTESIAN_POINT('',(53.65,-5.845,-0.505));
#548 = DIRECTION('',(-4.065346328544E-18,-0.707106781187,0.707106781187)
  );
#549 = DIRECTION('',(-1.,2.874633956785E-18,-2.874633956785E-18));
#550 = DEFINITIONAL_REPRESENTATION('',(#551),#555);
#551 = LINE('',#552,#553);
#552 = CARTESIAN_POINT('',(53.65,1.570092458684E-16));
#553 = VECTOR('',#554,1.);
#554 = DIRECTION('',(-2.577733539428E-34,1.));
#555 = ( GEOMETRIC_REPRESENTATION_CONTEXT(2) 
PARAMETRIC_REPRESENTATION_CONTEXT() REPRESENTATION_CONTEXT('2D SPACE',''
  ) );
#556 = ORIENTED_EDGE('',*,*,#327,.T.);
#557 = ORIENTED_EDGE('',*,*,#215,.T.);
#558 = ORIENTED_EDGE('',*,*,#559,.F.);
#559 = EDGE_CURVE('',#530,#188,#560,.T.);
#560 = SURFACE_CURVE('',#561,(#566,#573),.PCURVE_S1.);
#561 = CIRCLE('',#562,6.34);
#562 = AXIS2_PLACEMENT_3D('',#563,#564,#565);
#563 = CARTESIAN_POINT('',(0.,1.7763568394E-15,-1.));
#564 = DIRECTION('',(-0.,0.,-1.));
#565 = DIRECTION('',(-1.587392771035E-16,-1.,0.));
#566 = PCURVE('',#229,#567);
#567 = DEFINITIONAL_REPRESENTATION('',(#568),#572);
#568 = LINE('',#569,#570);
#569 = CARTESIAN_POINT('',(0.,0.99));
#570 = VECTOR('',#571,1.);
#571 = DIRECTION('',(1.,0.));
#572 = ( GEOMETRIC_REPRESENTATION_CONTEXT(2) 
PARAMETRIC_REPRESENTATION_CONTEXT() REPRESENTATION_CONTEXT('2D SPACE',''
  ) );
#573 = PCURVE('',#203,#574);
#574 = DEFINITIONAL_REPRESENTATION('',(#575),#583);
#575 = ( BOUNDED_CURVE() B_SPLINE_CURVE(2,(#576,#577,#578,#579,#580,#581
,#582),.UNSPECIFIED.,.T.,.F.) B_SPLINE_CURVE_WITH_KNOTS((1,2,2,2,2,1),(
    -2.094395102393,0.,2.094395102393,4.188790204786,6.28318530718,
8.377580409573),.UNSPECIFIED.) CURVE() GEOMETRIC_REPRESENTATION_ITEM() 
RATIONAL_B_SPLINE_CURVE((1.,0.5,1.,0.5,1.,0.5,1.)) REPRESENTATION_ITEM(
  '') );
#576 = CARTESIAN_POINT('',(-9.102034104807,-17.06397376002));
#577 = CARTESIAN_POINT('',(-20.08323622479,-17.06397376002));
#578 = CARTESIAN_POINT('',(-14.5926351648,-7.553973760025));
#579 = CARTESIAN_POINT('',(-9.102034104807,1.956026239975));
#580 = CARTESIAN_POINT('',(-3.611433044813,-7.553973760025));
#581 = CARTESIAN_POINT('',(1.87916801518,-17.06397376002));
#582 = CARTESIAN_POINT('',(-9.102034104807,-17.06397376002));
#583 = ( GEOMETRIC_REPRESENTATION_CONTEXT(2) 
PARAMETRIC_REPRESENTATION_CONTEXT() REPRESENTATION_CONTEXT('2D SPACE',''
  ) );
#584 = ADVANCED_FACE('',(#585),#203,.T.);
#585 = FACE_BOUND('',#586,.T.);
#586 = EDGE_LOOP('',(#587,#617,#645,#673,#696,#717,#718,#719,#742,#765,
    #793,#821));
#587 = ORIENTED_EDGE('',*,*,#588,.T.);
#588 = EDGE_CURVE('',#589,#591,#593,.T.);
#589 = VERTEX_POINT('',#590);
#590 = CARTESIAN_POINT('',(1.335239238121E-16,-6.35,-1.));
#591 = VERTEX_POINT('',#592);
#592 = CARTESIAN_POINT('',(52.65,-6.35,-1.));
#593 = SURFACE_CURVE('',#594,(#598,#605),.PCURVE_S1.);
#594 = LINE('',#595,#596);
#595 = CARTESIAN_POINT('',(1.335239238121E-16,-6.35,-1.));
#596 = VECTOR('',#597,1.);
#597 = DIRECTION('',(1.,-3.973211942741E-16,0.));
#598 = PCURVE('',#203,#599);
#599 = DEFINITIONAL_REPRESENTATION('',(#600),#604);
#600 = LINE('',#601,#602);
#601 = CARTESIAN_POINT('',(-9.102034104807,-17.07397376002));
#602 = VECTOR('',#603,1.);
#603 = DIRECTION('',(1.,-3.973211942741E-16));
#604 = ( GEOMETRIC_REPRESENTATION_CONTEXT(2) 
PARAMETRIC_REPRESENTATION_CONTEXT() REPRESENTATION_CONTEXT('2D SPACE',''
  ) );
#605 = PCURVE('',#606,#611);
#606 = PLANE('',#607);
#607 = AXIS2_PLACEMENT_3D('',#608,#609,#610);
#608 = CARTESIAN_POINT('',(26.825,-6.35,2.));
#609 = DIRECTION('',(0.,1.,-1.694661784987E-15));
#610 = DIRECTION('',(0.,1.694661784987E-15,1.));
#611 = DEFINITIONAL_REPRESENTATION('',(#612),#616);
#612 = LINE('',#613,#614);
#613 = CARTESIAN_POINT('',(-3.,-26.825));
#614 = VECTOR('',#615,1.);
#615 = DIRECTION('',(-6.733250443016E-31,1.));
#616 = ( GEOMETRIC_REPRESENTATION_CONTEXT(2) 
PARAMETRIC_REPRESENTATION_CONTEXT() REPRESENTATION_CONTEXT('2D SPACE',''
  ) );
#617 = ORIENTED_EDGE('',*,*,#618,.F.);
#618 = EDGE_CURVE('',#619,#591,#621,.T.);
#619 = VERTEX_POINT('',#620);
#620 = CARTESIAN_POINT('',(53.65,-7.35,-1.));
#621 = SURFACE_CURVE('',#622,(#626,#633),.PCURVE_S1.);
#622 = LINE('',#623,#624);
#623 = CARTESIAN_POINT('',(37.744515086195,8.555484913805,-1.));
#624 = VECTOR('',#625,1.);
#625 = DIRECTION('',(-0.707106781187,0.707106781187,0.));
#626 = PCURVE('',#203,#627);
#627 = DEFINITIONAL_REPRESENTATION('',(#628),#632);
#628 = LINE('',#629,#630);
#629 = CARTESIAN_POINT('',(28.642480981389,-2.168488846221));
#630 = VECTOR('',#631,1.);
#631 = DIRECTION('',(-0.707106781187,0.707106781187));
#632 = ( GEOMETRIC_REPRESENTATION_CONTEXT(2) 
PARAMETRIC_REPRESENTATION_CONTEXT() REPRESENTATION_CONTEXT('2D SPACE',''
  ) );
#633 = PCURVE('',#634,#639);
#634 = PLANE('',#635);
#635 = AXIS2_PLACEMENT_3D('',#636,#637,#638);
#636 = CARTESIAN_POINT('',(53.15,-6.85,5.));
#637 = DIRECTION('',(0.707106781187,0.707106781187,-1.20149606534E-15));
#638 = DIRECTION('',(-8.495860153711E-16,-8.495860153711E-16,-1.));
#639 = DEFINITIONAL_REPRESENTATION('',(#640),#644);
#640 = LINE('',#641,#642);
#641 = CARTESIAN_POINT('',(6.,21.786645700037));
#642 = VECTOR('',#643,1.);
#643 = DIRECTION('',(-1.750307693514E-32,1.));
#644 = ( GEOMETRIC_REPRESENTATION_CONTEXT(2) 
PARAMETRIC_REPRESENTATION_CONTEXT() REPRESENTATION_CONTEXT('2D SPACE',''
  ) );
#645 = ORIENTED_EDGE('',*,*,#646,.F.);
#646 = EDGE_CURVE('',#647,#619,#649,.T.);
#647 = VERTEX_POINT('',#648);
#648 = CARTESIAN_POINT('',(53.65,-6.35,-1.));
#649 = SURFACE_CURVE('',#650,(#654,#661),.PCURVE_S1.);
#650 = LINE('',#651,#652);
#651 = CARTESIAN_POINT('',(53.65,13.788874189961,-1.));
#652 = VECTOR('',#653,1.);
#653 = DIRECTION('',(0.,-1.,0.));
#654 = PCURVE('',#203,#655);
#655 = DEFINITIONAL_REPRESENTATION('',(#656),#660);
#656 = LINE('',#657,#658);
#657 = CARTESIAN_POINT('',(44.547965895193,3.064900429936));
#658 = VECTOR('',#659,1.);
#659 = DIRECTION('',(0.,-1.));
#660 = ( GEOMETRIC_REPRESENTATION_CONTEXT(2) 
PARAMETRIC_REPRESENTATION_CONTEXT() REPRESENTATION_CONTEXT('2D SPACE',''
  ) );
#661 = PCURVE('',#662,#667);
#662 = PLANE('',#663);
#663 = AXIS2_PLACEMENT_3D('',#664,#665,#666);
#664 = CARTESIAN_POINT('',(53.65,16.853774619897,-13.82999110605));
#665 = DIRECTION('',(1.,0.,0.));
#666 = DIRECTION('',(0.,0.,1.));
#667 = DEFINITIONAL_REPRESENTATION('',(#668),#672);
#668 = LINE('',#669,#670);
#669 = CARTESIAN_POINT('',(12.829991106052,3.064900429936));
#670 = VECTOR('',#671,1.);
#671 = DIRECTION('',(0.,1.));
#672 = ( GEOMETRIC_REPRESENTATION_CONTEXT(2) 
PARAMETRIC_REPRESENTATION_CONTEXT() REPRESENTATION_CONTEXT('2D SPACE',''
  ) );
#673 = ORIENTED_EDGE('',*,*,#674,.T.);
#674 = EDGE_CURVE('',#647,#675,#677,.T.);
#675 = VERTEX_POINT('',#676);
#676 = CARTESIAN_POINT('',(53.65,-6.34,-1.));
#677 = SURFACE_CURVE('',#678,(#682,#689),.PCURVE_S1.);
#678 = LINE('',#679,#680);
#679 = CARTESIAN_POINT('',(53.65,-6.35,-1.));
#680 = VECTOR('',#681,1.);
#681 = DIRECTION('',(0.,1.,0.));
#682 = PCURVE('',#203,#683);
#683 = DEFINITIONAL_REPRESENTATION('',(#684),#688);
#684 = LINE('',#685,#686);
#685 = CARTESIAN_POINT('',(44.547965895193,-17.07397376002));
#686 = VECTOR('',#687,1.);
#687 = DIRECTION('',(0.,1.));
#688 = ( GEOMETRIC_REPRESENTATION_CONTEXT(2) 
PARAMETRIC_REPRESENTATION_CONTEXT() REPRESENTATION_CONTEXT('2D SPACE',''
  ) );
#689 = PCURVE('',#662,#690);
#690 = DEFINITIONAL_REPRESENTATION('',(#691),#695);
#691 = LINE('',#692,#693);
#692 = CARTESIAN_POINT('',(12.829991106052,23.203774619897));
#693 = VECTOR('',#694,1.);
#694 = DIRECTION('',(0.,-1.));
#695 = ( GEOMETRIC_REPRESENTATION_CONTEXT(2) 
PARAMETRIC_REPRESENTATION_CONTEXT() REPRESENTATION_CONTEXT('2D SPACE',''
  ) );
#696 = ORIENTED_EDGE('',*,*,#697,.T.);
#697 = EDGE_CURVE('',#675,#530,#698,.T.);
#698 = SURFACE_CURVE('',#699,(#703,#710),.PCURVE_S1.);
#699 = LINE('',#700,#701);
#700 = CARTESIAN_POINT('',(53.65,-6.34,-1.));
#701 = VECTOR('',#702,1.);
#702 = DIRECTION('',(-1.,0.,0.));
#703 = PCURVE('',#203,#704);
#704 = DEFINITIONAL_REPRESENTATION('',(#705),#709);
#705 = LINE('',#706,#707);
#706 = CARTESIAN_POINT('',(44.547965895193,-17.06397376002));
#707 = VECTOR('',#708,1.);
#708 = DIRECTION('',(-1.,0.));
#709 = ( GEOMETRIC_REPRESENTATION_CONTEXT(2) 
PARAMETRIC_REPRESENTATION_CONTEXT() REPRESENTATION_CONTEXT('2D SPACE',''
  ) );
#710 = PCURVE('',#545,#711);
#711 = DEFINITIONAL_REPRESENTATION('',(#712),#716);
#712 = LINE('',#713,#714);
#713 = CARTESIAN_POINT('',(3.73082393293E-35,0.700035713375));
#714 = VECTOR('',#715,1.);
#715 = DIRECTION('',(1.,3.997802596879E-34));
#716 = ( GEOMETRIC_REPRESENTATION_CONTEXT(2) 
PARAMETRIC_REPRESENTATION_CONTEXT() REPRESENTATION_CONTEXT('2D SPACE',''
  ) );
#717 = ORIENTED_EDGE('',*,*,#559,.T.);
#718 = ORIENTED_EDGE('',*,*,#187,.T.);
#719 = ORIENTED_EDGE('',*,*,#720,.T.);
#720 = EDGE_CURVE('',#165,#721,#723,.T.);
#721 = VERTEX_POINT('',#722);
#722 = CARTESIAN_POINT('',(-6.35,56.825,-1.));
#723 = SURFACE_CURVE('',#724,(#728,#735),.PCURVE_S1.);
#724 = LINE('',#725,#726);
#725 = CARTESIAN_POINT('',(-5.35,56.825,-1.));
#726 = VECTOR('',#727,1.);
#727 = DIRECTION('',(-1.,0.,0.));
#728 = PCURVE('',#203,#729);
#729 = DEFINITIONAL_REPRESENTATION('',(#730),#734);
#730 = LINE('',#731,#732);
#731 = CARTESIAN_POINT('',(-14.4520341048,46.101026239975));
#732 = VECTOR('',#733,1.);
#733 = DIRECTION('',(-1.,0.));
#734 = ( GEOMETRIC_REPRESENTATION_CONTEXT(2) 
PARAMETRIC_REPRESENTATION_CONTEXT() REPRESENTATION_CONTEXT('2D SPACE',''
  ) );
#735 = PCURVE('',#310,#736);
#736 = DEFINITIONAL_REPRESENTATION('',(#737),#741);
#737 = LINE('',#738,#739);
#738 = CARTESIAN_POINT('',(12.595648248986,-10.9439692832));
#739 = VECTOR('',#740,1.);
#740 = DIRECTION('',(0.,-1.));
#741 = ( GEOMETRIC_REPRESENTATION_CONTEXT(2) 
PARAMETRIC_REPRESENTATION_CONTEXT() REPRESENTATION_CONTEXT('2D SPACE',''
  ) );
#742 = ORIENTED_EDGE('',*,*,#743,.T.);
#743 = EDGE_CURVE('',#721,#744,#746,.T.);
#744 = VERTEX_POINT('',#745);
#745 = CARTESIAN_POINT('',(-7.35,56.825,-1.));
#746 = SURFACE_CURVE('',#747,(#751,#758),.PCURVE_S1.);
#747 = LINE('',#748,#749);
#748 = CARTESIAN_POINT('',(7.348001694007,56.825,-1.));
#749 = VECTOR('',#750,1.);
#750 = DIRECTION('',(-1.,-0.,-0.));
#751 = PCURVE('',#203,#752);
#752 = DEFINITIONAL_REPRESENTATION('',(#753),#757);
#753 = LINE('',#754,#755);
#754 = CARTESIAN_POINT('',(-1.754032410799,46.101026239975));
#755 = VECTOR('',#756,1.);
#756 = DIRECTION('',(-1.,0.));
#757 = ( GEOMETRIC_REPRESENTATION_CONTEXT(2) 
PARAMETRIC_REPRESENTATION_CONTEXT() REPRESENTATION_CONTEXT('2D SPACE',''
  ) );
#758 = PCURVE('',#310,#759);
#759 = DEFINITIONAL_REPRESENTATION('',(#760),#764);
#760 = LINE('',#761,#762);
#761 = CARTESIAN_POINT('',(12.595648248986,1.754032410799));
#762 = VECTOR('',#763,1.);
#763 = DIRECTION('',(0.,-1.));
#764 = ( GEOMETRIC_REPRESENTATION_CONTEXT(2) 
PARAMETRIC_REPRESENTATION_CONTEXT() REPRESENTATION_CONTEXT('2D SPACE',''
  ) );
#765 = ORIENTED_EDGE('',*,*,#766,.T.);
#766 = EDGE_CURVE('',#744,#767,#769,.T.);
#767 = VERTEX_POINT('',#768);
#768 = CARTESIAN_POINT('',(-6.35,55.825,-1.));
#769 = SURFACE_CURVE('',#770,(#774,#781),.PCURVE_S1.);
#770 = LINE('',#771,#772);
#771 = CARTESIAN_POINT('',(8.538265086195,40.936734913805,-1.));
#772 = VECTOR('',#773,1.);
#773 = DIRECTION('',(0.707106781187,-0.707106781187,0.));
#774 = PCURVE('',#203,#775);
#775 = DEFINITIONAL_REPRESENTATION('',(#776),#780);
#776 = LINE('',#777,#778);
#777 = CARTESIAN_POINT('',(-0.563769018611,30.212761153779));
#778 = VECTOR('',#779,1.);
#779 = DIRECTION('',(0.707106781187,-0.707106781187));
#780 = ( GEOMETRIC_REPRESENTATION_CONTEXT(2) 
PARAMETRIC_REPRESENTATION_CONTEXT() REPRESENTATION_CONTEXT('2D SPACE',''
  ) );
#781 = PCURVE('',#782,#787);
#782 = PLANE('',#783);
#783 = AXIS2_PLACEMENT_3D('',#784,#785,#786);
#784 = CARTESIAN_POINT('',(-6.85,56.325,-1.));
#785 = DIRECTION('',(0.707106781187,0.707106781187,2.441816466815E-16));
#786 = DIRECTION('',(-1.726624982098E-16,-1.726624982098E-16,1.));
#787 = DEFINITIONAL_REPRESENTATION('',(#788),#792);
#788 = LINE('',#789,#790);
#789 = CARTESIAN_POINT('',(4.590412970948E-31,21.76229318629));
#790 = VECTOR('',#791,1.);
#791 = DIRECTION('',(9.235247179169E-34,1.));
#792 = ( GEOMETRIC_REPRESENTATION_CONTEXT(2) 
PARAMETRIC_REPRESENTATION_CONTEXT() REPRESENTATION_CONTEXT('2D SPACE',''
  ) );
#793 = ORIENTED_EDGE('',*,*,#794,.T.);
#794 = EDGE_CURVE('',#767,#795,#797,.T.);
#795 = VERTEX_POINT('',#796);
#796 = CARTESIAN_POINT('',(-6.35,7.888253619266E-16,-1.));
#797 = SURFACE_CURVE('',#798,(#802,#809),.PCURVE_S1.);
#798 = LINE('',#799,#800);
#799 = CARTESIAN_POINT('',(-6.35,56.825,-1.));
#800 = VECTOR('',#801,1.);
#801 = DIRECTION('',(1.563006457897E-17,-1.,0.));
#802 = PCURVE('',#203,#803);
#803 = DEFINITIONAL_REPRESENTATION('',(#804),#808);
#804 = LINE('',#805,#806);
#805 = CARTESIAN_POINT('',(-15.4520341048,46.101026239975));
#806 = VECTOR('',#807,1.);
#807 = DIRECTION('',(1.563006457897E-17,-1.));
#808 = ( GEOMETRIC_REPRESENTATION_CONTEXT(2) 
PARAMETRIC_REPRESENTATION_CONTEXT() REPRESENTATION_CONTEXT('2D SPACE',''
  ) );
#809 = PCURVE('',#810,#815);
#810 = PLANE('',#811);
#811 = AXIS2_PLACEMENT_3D('',#812,#813,#814);
#812 = CARTESIAN_POINT('',(-6.35,28.4125,2.));
#813 = DIRECTION('',(1.,0.,3.51921083202E-16));
#814 = DIRECTION('',(-3.51921083202E-16,0.,1.));
#815 = DEFINITIONAL_REPRESENTATION('',(#816),#820);
#816 = LINE('',#817,#818);
#817 = CARTESIAN_POINT('',(-3.,-28.4125));
#818 = VECTOR('',#819,1.);
#819 = DIRECTION('',(-5.50054925715E-33,1.));
#820 = ( GEOMETRIC_REPRESENTATION_CONTEXT(2) 
PARAMETRIC_REPRESENTATION_CONTEXT() REPRESENTATION_CONTEXT('2D SPACE',''
  ) );
#821 = ORIENTED_EDGE('',*,*,#822,.T.);
#822 = EDGE_CURVE('',#795,#589,#823,.T.);
#823 = SURFACE_CURVE('',#824,(#829,#836),.PCURVE_S1.);
#824 = CIRCLE('',#825,6.35);
#825 = AXIS2_PLACEMENT_3D('',#826,#827,#828);
#826 = CARTESIAN_POINT('',(1.3E-15,8.E-16,-1.));
#827 = DIRECTION('',(0.,0.,1.));
#828 = DIRECTION('',(1.,0.,0.));
#829 = PCURVE('',#203,#830);
#830 = DEFINITIONAL_REPRESENTATION('',(#831),#835);
#831 = CIRCLE('',#832,6.35);
#832 = AXIS2_PLACEMENT_2D('',#833,#834);
#833 = CARTESIAN_POINT('',(-9.102034104807,-10.72397376002));
#834 = DIRECTION('',(1.,0.));
#835 = ( GEOMETRIC_REPRESENTATION_CONTEXT(2) 
PARAMETRIC_REPRESENTATION_CONTEXT() REPRESENTATION_CONTEXT('2D SPACE',''
  ) );
#836 = PCURVE('',#837,#842);
#837 = CYLINDRICAL_SURFACE('',#838,6.35);
#838 = AXIS2_PLACEMENT_3D('',#839,#840,#841);
#839 = CARTESIAN_POINT('',(1.3E-15,8.E-16,0.));
#840 = DIRECTION('',(0.,0.,1.));
#841 = DIRECTION('',(1.,0.,0.));
#842 = DEFINITIONAL_REPRESENTATION('',(#843),#847);
#843 = LINE('',#844,#845);
#844 = CARTESIAN_POINT('',(0.,-1.));
#845 = VECTOR('',#846,1.);
#846 = DIRECTION('',(1.,0.));
#847 = ( GEOMETRIC_REPRESENTATION_CONTEXT(2) 
PARAMETRIC_REPRESENTATION_CONTEXT() REPRESENTATION_CONTEXT('2D SPACE',''
  ) );
#848 = ADVANCED_FACE('',(#849),#284,.F.);
#849 = FACE_BOUND('',#850,.F.);
#850 = EDGE_LOOP('',(#851,#874,#875));
#851 = ORIENTED_EDGE('',*,*,#852,.F.);
#852 = EDGE_CURVE('',#246,#853,#855,.T.);
#853 = VERTEX_POINT('',#854);
#854 = CARTESIAN_POINT('',(53.65,55.825,-1.));
#855 = SURFACE_CURVE('',#856,(#860,#867),.PCURVE_S1.);
#856 = LINE('',#857,#858);
#857 = CARTESIAN_POINT('',(52.9,55.825,-0.25));
#858 = VECTOR('',#859,1.);
#859 = DIRECTION('',(0.707106781187,7.880655254071E-15,-0.707106781187)
  );
#860 = PCURVE('',#284,#861);
#861 = DEFINITIONAL_REPRESENTATION('',(#862),#866);
#862 = LINE('',#863,#864);
#863 = CARTESIAN_POINT('',(-0.176776695297,0.306186217848));
#864 = VECTOR('',#865,1.);
#865 = DIRECTION('',(-0.5,0.866025403784));
#866 = ( GEOMETRIC_REPRESENTATION_CONTEXT(2) 
PARAMETRIC_REPRESENTATION_CONTEXT() REPRESENTATION_CONTEXT('2D SPACE',''
  ) );
#867 = PCURVE('',#441,#868);
#868 = DEFINITIONAL_REPRESENTATION('',(#869),#873);
#869 = LINE('',#870,#871);
#870 = CARTESIAN_POINT('',(1.,-0.353553390593));
#871 = VECTOR('',#872,1.);
#872 = DIRECTION('',(-7.880655254071E-15,1.));
#873 = ( GEOMETRIC_REPRESENTATION_CONTEXT(2) 
PARAMETRIC_REPRESENTATION_CONTEXT() REPRESENTATION_CONTEXT('2D SPACE',''
  ) );
#874 = ORIENTED_EDGE('',*,*,#268,.T.);
#875 = ORIENTED_EDGE('',*,*,#876,.F.);
#876 = EDGE_CURVE('',#853,#269,#877,.T.);
#877 = SURFACE_CURVE('',#878,(#882,#889),.PCURVE_S1.);
#878 = LINE('',#879,#880);
#879 = CARTESIAN_POINT('',(53.15,56.325,-1.));
#880 = VECTOR('',#881,1.);
#881 = DIRECTION('',(-0.707106781187,0.707106781187,-1.394657556527E-16)
  );
#882 = PCURVE('',#284,#883);
#883 = DEFINITIONAL_REPRESENTATION('',(#884),#888);
#884 = LINE('',#885,#886);
#885 = CARTESIAN_POINT('',(2.040307462377E-16,1.224744871392));
#886 = VECTOR('',#887,1.);
#887 = DIRECTION('',(1.,-4.177385941686E-17));
#888 = ( GEOMETRIC_REPRESENTATION_CONTEXT(2) 
PARAMETRIC_REPRESENTATION_CONTEXT() REPRESENTATION_CONTEXT('2D SPACE',''
  ) );
#889 = PCURVE('',#890,#895);
#890 = PLANE('',#891);
#891 = AXIS2_PLACEMENT_3D('',#892,#893,#894);
#892 = CARTESIAN_POINT('',(53.15,56.325,0.));
#893 = DIRECTION('',(0.707106781187,0.707106781187,5.911709633991E-18));
#894 = DIRECTION('',(-4.180209970601E-18,-4.180209970601E-18,1.));
#895 = DEFINITIONAL_REPRESENTATION('',(#896),#900);
#896 = LINE('',#897,#898);
#897 = CARTESIAN_POINT('',(-1.,-4.054583578972E-35));
#898 = VECTOR('',#899,1.);
#899 = DIRECTION('',(-1.394657556527E-16,-1.));
#900 = ( GEOMETRIC_REPRESENTATION_CONTEXT(2) 
PARAMETRIC_REPRESENTATION_CONTEXT() REPRESENTATION_CONTEXT('2D SPACE',''
  ) );
#901 = ADVANCED_FACE('',(#902),#310,.T.);
#902 = FACE_BOUND('',#903,.T.);
#903 = EDGE_LOOP('',(#904,#905,#906,#907,#930,#958,#986,#1014));
#904 = ORIENTED_EDGE('',*,*,#743,.F.);
#905 = ORIENTED_EDGE('',*,*,#720,.F.);
#906 = ORIENTED_EDGE('',*,*,#296,.T.);
#907 = ORIENTED_EDGE('',*,*,#908,.T.);
#908 = EDGE_CURVE('',#269,#909,#911,.T.);
#909 = VERTEX_POINT('',#910);
#910 = CARTESIAN_POINT('',(52.65,56.825,-29.));
#911 = SURFACE_CURVE('',#912,(#916,#923),.PCURVE_S1.);
#912 = LINE('',#913,#914);
#913 = CARTESIAN_POINT('',(52.65,56.825,0.));
#914 = VECTOR('',#915,1.);
#915 = DIRECTION('',(0.,0.,-1.));
#916 = PCURVE('',#310,#917);
#917 = DEFINITIONAL_REPRESENTATION('',(#918),#922);
#918 = LINE('',#919,#920);
#919 = CARTESIAN_POINT('',(13.595648248986,47.056030716792));
#920 = VECTOR('',#921,1.);
#921 = DIRECTION('',(-1.,0.));
#922 = ( GEOMETRIC_REPRESENTATION_CONTEXT(2) 
PARAMETRIC_REPRESENTATION_CONTEXT() REPRESENTATION_CONTEXT('2D SPACE',''
  ) );
#923 = PCURVE('',#890,#924);
#924 = DEFINITIONAL_REPRESENTATION('',(#925),#929);
#925 = LINE('',#926,#927);
#926 = CARTESIAN_POINT('',(-0.,-0.707106781187));
#927 = VECTOR('',#928,1.);
#928 = DIRECTION('',(-1.,-1.617303853732E-34));
#929 = ( GEOMETRIC_REPRESENTATION_CONTEXT(2) 
PARAMETRIC_REPRESENTATION_CONTEXT() REPRESENTATION_CONTEXT('2D SPACE',''
  ) );
#930 = ORIENTED_EDGE('',*,*,#931,.F.);
#931 = EDGE_CURVE('',#932,#909,#934,.T.);
#932 = VERTEX_POINT('',#933);
#933 = CARTESIAN_POINT('',(-39.,56.825,-29.));
#934 = SURFACE_CURVE('',#935,(#939,#946),.PCURVE_S1.);
#935 = LINE('',#936,#937);
#936 = CARTESIAN_POINT('',(-40.,56.825,-29.));
#937 = VECTOR('',#938,1.);
#938 = DIRECTION('',(1.,0.,0.));
#939 = PCURVE('',#310,#940);
#940 = DEFINITIONAL_REPRESENTATION('',(#941),#945);
#941 = LINE('',#942,#943);
#942 = CARTESIAN_POINT('',(-15.40435175101,-45.5939692832));
#943 = VECTOR('',#944,1.);
#944 = DIRECTION('',(0.,1.));
#945 = ( GEOMETRIC_REPRESENTATION_CONTEXT(2) 
PARAMETRIC_REPRESENTATION_CONTEXT() REPRESENTATION_CONTEXT('2D SPACE',''
  ) );
#946 = PCURVE('',#947,#952);
#947 = PLANE('',#948);
#948 = AXIS2_PLACEMENT_3D('',#949,#950,#951);
#949 = CARTESIAN_POINT('',(-40.,56.325,-29.5));
#950 = DIRECTION('',(-5.911709633991E-18,-0.707106781187,0.707106781187)
  );
#951 = DIRECTION('',(-1.,4.180209970601E-18,-4.180209970601E-18));
#952 = DEFINITIONAL_REPRESENTATION('',(#953),#957);
#953 = LINE('',#954,#955);
#954 = CARTESIAN_POINT('',(-0.,-0.707106781187));
#955 = VECTOR('',#956,1.);
#956 = DIRECTION('',(-1.,1.211845495834E-34));
#957 = ( GEOMETRIC_REPRESENTATION_CONTEXT(2) 
PARAMETRIC_REPRESENTATION_CONTEXT() REPRESENTATION_CONTEXT('2D SPACE',''
  ) );
#958 = ORIENTED_EDGE('',*,*,#959,.F.);
#959 = EDGE_CURVE('',#960,#932,#962,.T.);
#960 = VERTEX_POINT('',#961);
#961 = CARTESIAN_POINT('',(-39.,56.825,4.));
#962 = SURFACE_CURVE('',#963,(#967,#974),.PCURVE_S1.);
#963 = LINE('',#964,#965);
#964 = CARTESIAN_POINT('',(-39.,56.825,5.));
#965 = VECTOR('',#966,1.);
#966 = DIRECTION('',(-0.,-0.,-1.));
#967 = PCURVE('',#310,#968);
#968 = DEFINITIONAL_REPRESENTATION('',(#969),#973);
#969 = LINE('',#970,#971);
#970 = CARTESIAN_POINT('',(18.595648248986,-44.5939692832));
#971 = VECTOR('',#972,1.);
#972 = DIRECTION('',(-1.,0.));
#973 = ( GEOMETRIC_REPRESENTATION_CONTEXT(2) 
PARAMETRIC_REPRESENTATION_CONTEXT() REPRESENTATION_CONTEXT('2D SPACE',''
  ) );
#974 = PCURVE('',#975,#980);
#975 = PLANE('',#976);
#976 = AXIS2_PLACEMENT_3D('',#977,#978,#979);
#977 = CARTESIAN_POINT('',(-39.5,56.325,5.));
#978 = DIRECTION('',(-0.707106781187,0.707106781187,-5.911709633991E-18)
  );
#979 = DIRECTION('',(4.180209970601E-18,-4.180209970601E-18,-1.));
#980 = DEFINITIONAL_REPRESENTATION('',(#981),#985);
#981 = LINE('',#982,#983);
#982 = CARTESIAN_POINT('',(0.,-0.707106781187));
#983 = VECTOR('',#984,1.);
#984 = DIRECTION('',(1.,1.617303853732E-34));
#985 = ( GEOMETRIC_REPRESENTATION_CONTEXT(2) 
PARAMETRIC_REPRESENTATION_CONTEXT() REPRESENTATION_CONTEXT('2D SPACE',''
  ) );
#986 = ORIENTED_EDGE('',*,*,#987,.T.);
#987 = EDGE_CURVE('',#960,#988,#990,.T.);
#988 = VERTEX_POINT('',#989);
#989 = CARTESIAN_POINT('',(-7.35,56.825,4.));
#990 = SURFACE_CURVE('',#991,(#995,#1002),.PCURVE_S1.);
#991 = LINE('',#992,#993);
#992 = CARTESIAN_POINT('',(-40.,56.825,4.));
#993 = VECTOR('',#994,1.);
#994 = DIRECTION('',(1.,0.,0.));
#995 = PCURVE('',#310,#996);
#996 = DEFINITIONAL_REPRESENTATION('',(#997),#1001);
#997 = LINE('',#998,#999);
#998 = CARTESIAN_POINT('',(17.595648248986,-45.5939692832));
#999 = VECTOR('',#1000,1.);
#1000 = DIRECTION('',(0.,1.));
#1001 = ( GEOMETRIC_REPRESENTATION_CONTEXT(2) 
PARAMETRIC_REPRESENTATION_CONTEXT() REPRESENTATION_CONTEXT('2D SPACE',''
  ) );
#1002 = PCURVE('',#1003,#1008);
#1003 = PLANE('',#1004);
#1004 = AXIS2_PLACEMENT_3D('',#1005,#1006,#1007);
#1005 = CARTESIAN_POINT('',(-40.,56.325,4.5));
#1006 = DIRECTION('',(5.911709633991E-18,0.707106781187,0.707106781187)
  );
#1007 = DIRECTION('',(-1.,4.180209970601E-18,4.180209970601E-18));
#1008 = DEFINITIONAL_REPRESENTATION('',(#1009),#1013);
#1009 = LINE('',#1010,#1011);
#1010 = CARTESIAN_POINT('',(-0.,-0.707106781187));
#1011 = VECTOR('',#1012,1.);
#1012 = DIRECTION('',(-1.,1.211845495834E-34));
#1013 = ( GEOMETRIC_REPRESENTATION_CONTEXT(2) 
PARAMETRIC_REPRESENTATION_CONTEXT() REPRESENTATION_CONTEXT('2D SPACE',''
  ) );
#1014 = ORIENTED_EDGE('',*,*,#1015,.F.);
#1015 = EDGE_CURVE('',#744,#988,#1016,.T.);
#1016 = SURFACE_CURVE('',#1017,(#1021,#1028),.PCURVE_S1.);
#1017 = LINE('',#1018,#1019);
#1018 = CARTESIAN_POINT('',(-7.35,56.825,-1.));
#1019 = VECTOR('',#1020,1.);
#1020 = DIRECTION('',(0.,0.,1.));
#1021 = PCURVE('',#310,#1022);
#1022 = DEFINITIONAL_REPRESENTATION('',(#1023),#1027);
#1023 = LINE('',#1024,#1025);
#1024 = CARTESIAN_POINT('',(12.595648248986,-12.9439692832));
#1025 = VECTOR('',#1026,1.);
#1026 = DIRECTION('',(1.,0.));
#1027 = ( GEOMETRIC_REPRESENTATION_CONTEXT(2) 
PARAMETRIC_REPRESENTATION_CONTEXT() REPRESENTATION_CONTEXT('2D SPACE',''
  ) );
#1028 = PCURVE('',#782,#1029);
#1029 = DEFINITIONAL_REPRESENTATION('',(#1030),#1034);
#1030 = LINE('',#1031,#1032);
#1031 = CARTESIAN_POINT('',(0.,-0.707106781187));
#1032 = VECTOR('',#1033,1.);
#1033 = DIRECTION('',(1.,1.761232854144E-32));
#1034 = ( GEOMETRIC_REPRESENTATION_CONTEXT(2) 
PARAMETRIC_REPRESENTATION_CONTEXT() REPRESENTATION_CONTEXT('2D SPACE',''
  ) );
#1035 = ADVANCED_FACE('',(#1036),#367,.F.);
#1036 = FACE_BOUND('',#1037,.F.);
#1037 = EDGE_LOOP('',(#1038,#1061,#1062,#1063));
#1038 = ORIENTED_EDGE('',*,*,#1039,.T.);
#1039 = EDGE_CURVE('',#1040,#328,#1042,.T.);
#1040 = VERTEX_POINT('',#1041);
#1041 = CARTESIAN_POINT('',(52.66,-5.35,-9.999999999998E-03));
#1042 = SURFACE_CURVE('',#1043,(#1047,#1054),.PCURVE_S1.);
#1043 = LINE('',#1044,#1045);
#1044 = CARTESIAN_POINT('',(53.65,-5.35,-1.E-02));
#1045 = VECTOR('',#1046,1.);
#1046 = DIRECTION('',(-1.,0.,0.));
#1047 = PCURVE('',#367,#1048);
#1048 = DEFINITIONAL_REPRESENTATION('',(#1049),#1053);
#1049 = LINE('',#1050,#1051);
#1050 = CARTESIAN_POINT('',(0.,-1.E-02));
#1051 = VECTOR('',#1052,1.);
#1052 = DIRECTION('',(1.,0.));
#1053 = ( GEOMETRIC_REPRESENTATION_CONTEXT(2) 
PARAMETRIC_REPRESENTATION_CONTEXT() REPRESENTATION_CONTEXT('2D SPACE',''
  ) );
#1054 = PCURVE('',#545,#1055);
#1055 = DEFINITIONAL_REPRESENTATION('',(#1056),#1060);
#1056 = LINE('',#1057,#1058);
#1057 = CARTESIAN_POINT('',(-3.73082393293E-35,-0.700035713375));
#1058 = VECTOR('',#1059,1.);
#1059 = DIRECTION('',(1.,3.997802596879E-34));
#1060 = ( GEOMETRIC_REPRESENTATION_CONTEXT(2) 
PARAMETRIC_REPRESENTATION_CONTEXT() REPRESENTATION_CONTEXT('2D SPACE',''
  ) );
#1061 = ORIENTED_EDGE('',*,*,#351,.F.);
#1062 = ORIENTED_EDGE('',*,*,#404,.F.);
#1063 = ORIENTED_EDGE('',*,*,#1064,.T.);
#1064 = EDGE_CURVE('',#405,#1040,#1065,.T.);
#1065 = SURFACE_CURVE('',#1066,(#1070,#1077),.PCURVE_S1.);
#1066 = LINE('',#1067,#1068);
#1067 = CARTESIAN_POINT('',(53.15,-5.35,-0.5));
#1068 = VECTOR('',#1069,1.);
#1069 = DIRECTION('',(0.707106781187,0.,-0.707106781187));
#1070 = PCURVE('',#367,#1071);
#1071 = DEFINITIONAL_REPRESENTATION('',(#1072),#1076);
#1072 = LINE('',#1073,#1074);
#1073 = CARTESIAN_POINT('',(0.5,-0.5));
#1074 = VECTOR('',#1075,1.);
#1075 = DIRECTION('',(-0.707106781187,-0.707106781187));
#1076 = ( GEOMETRIC_REPRESENTATION_CONTEXT(2) 
PARAMETRIC_REPRESENTATION_CONTEXT() REPRESENTATION_CONTEXT('2D SPACE',''
  ) );
#1077 = PCURVE('',#441,#1078);
#1078 = DEFINITIONAL_REPRESENTATION('',(#1079),#1083);
#1079 = LINE('',#1080,#1081);
#1080 = CARTESIAN_POINT('',(62.175,4.710277376051E-16));
#1081 = VECTOR('',#1082,1.);
#1082 = DIRECTION('',(3.468212778318E-34,1.));
#1083 = ( GEOMETRIC_REPRESENTATION_CONTEXT(2) 
PARAMETRIC_REPRESENTATION_CONTEXT() REPRESENTATION_CONTEXT('2D SPACE',''
  ) );
#1084 = ADVANCED_FACE('',(#1085),#441,.T.);
#1085 = FACE_BOUND('',#1086,.T.);
#1086 = EDGE_LOOP('',(#1087,#1088,#1109,#1130,#1131));
#1087 = ORIENTED_EDGE('',*,*,#1064,.T.);
#1088 = ORIENTED_EDGE('',*,*,#1089,.T.);
#1089 = EDGE_CURVE('',#1040,#675,#1090,.T.);
#1090 = SURFACE_CURVE('',#1091,(#1095,#1102),.PCURVE_S1.);
#1091 = LINE('',#1092,#1093);
#1092 = CARTESIAN_POINT('',(42.790833333333,4.519166666667,
    9.859166666667));
#1093 = VECTOR('',#1094,1.);
#1094 = DIRECTION('',(0.57735026919,-0.57735026919,-0.57735026919));
#1095 = PCURVE('',#441,#1096);
#1096 = DEFINITIONAL_REPRESENTATION('',(#1097),#1101);
#1097 = LINE('',#1098,#1099);
#1098 = CARTESIAN_POINT('',(52.305833333333,-14.65007399488));
#1099 = VECTOR('',#1100,1.);
#1100 = DIRECTION('',(0.57735026919,0.816496580928));
#1101 = ( GEOMETRIC_REPRESENTATION_CONTEXT(2) 
PARAMETRIC_REPRESENTATION_CONTEXT() REPRESENTATION_CONTEXT('2D SPACE',''
  ) );
#1102 = PCURVE('',#545,#1103);
#1103 = DEFINITIONAL_REPRESENTATION('',(#1104),#1108);
#1104 = LINE('',#1105,#1106);
#1105 = CARTESIAN_POINT('',(10.859166666667,-14.65714506269));
#1106 = VECTOR('',#1107,1.);
#1107 = DIRECTION('',(-0.57735026919,0.816496580928));
#1108 = ( GEOMETRIC_REPRESENTATION_CONTEXT(2) 
PARAMETRIC_REPRESENTATION_CONTEXT() REPRESENTATION_CONTEXT('2D SPACE',''
  ) );
#1109 = ORIENTED_EDGE('',*,*,#1110,.F.);
#1110 = EDGE_CURVE('',#853,#675,#1111,.T.);
#1111 = SURFACE_CURVE('',#1112,(#1116,#1123),.PCURVE_S1.);
#1112 = LINE('',#1113,#1114);
#1113 = CARTESIAN_POINT('',(53.65,56.825,-1.));
#1114 = VECTOR('',#1115,1.);
#1115 = DIRECTION('',(0.,-1.,0.));
#1116 = PCURVE('',#441,#1117);
#1117 = DEFINITIONAL_REPRESENTATION('',(#1118),#1122);
#1118 = LINE('',#1119,#1120);
#1119 = CARTESIAN_POINT('',(0.,0.707106781187));
#1120 = VECTOR('',#1121,1.);
#1121 = DIRECTION('',(1.,1.211845495834E-34));
#1122 = ( GEOMETRIC_REPRESENTATION_CONTEXT(2) 
PARAMETRIC_REPRESENTATION_CONTEXT() REPRESENTATION_CONTEXT('2D SPACE',''
  ) );
#1123 = PCURVE('',#662,#1124);
#1124 = DEFINITIONAL_REPRESENTATION('',(#1125),#1129);
#1125 = LINE('',#1126,#1127);
#1126 = CARTESIAN_POINT('',(12.829991106052,-39.9712253801));
#1127 = VECTOR('',#1128,1.);
#1128 = DIRECTION('',(0.,1.));
#1129 = ( GEOMETRIC_REPRESENTATION_CONTEXT(2) 
PARAMETRIC_REPRESENTATION_CONTEXT() REPRESENTATION_CONTEXT('2D SPACE',''
  ) );
#1130 = ORIENTED_EDGE('',*,*,#852,.F.);
#1131 = ORIENTED_EDGE('',*,*,#427,.T.);
#1132 = ADVANCED_FACE('',(#1133),#479,.F.);
#1133 = FACE_BOUND('',#1134,.T.);
#1134 = EDGE_LOOP('',(#1135,#1168,#1188,#1189));
#1135 = ORIENTED_EDGE('',*,*,#1136,.T.);
#1136 = EDGE_CURVE('',#1137,#1137,#1139,.T.);
#1137 = VERTEX_POINT('',#1138);
#1138 = CARTESIAN_POINT('',(3.,0.,-30.));
#1139 = SURFACE_CURVE('',#1140,(#1145,#1152),.PCURVE_S1.);
#1140 = CIRCLE('',#1141,3.);
#1141 = AXIS2_PLACEMENT_3D('',#1142,#1143,#1144);
#1142 = CARTESIAN_POINT('',(0.,0.,-30.));
#1143 = DIRECTION('',(0.,0.,-1.));
#1144 = DIRECTION('',(1.,0.,0.));
#1145 = PCURVE('',#479,#1146);
#1146 = DEFINITIONAL_REPRESENTATION('',(#1147),#1151);
#1147 = LINE('',#1148,#1149);
#1148 = CARTESIAN_POINT('',(-0.,-30.));
#1149 = VECTOR('',#1150,1.);
#1150 = DIRECTION('',(-1.,0.));
#1151 = ( GEOMETRIC_REPRESENTATION_CONTEXT(2) 
PARAMETRIC_REPRESENTATION_CONTEXT() REPRESENTATION_CONTEXT('2D SPACE',''
  ) );
#1152 = PCURVE('',#1153,#1158);
#1153 = PLANE('',#1154);
#1154 = AXIS2_PLACEMENT_3D('',#1155,#1156,#1157);
#1155 = CARTESIAN_POINT('',(4.731613361583,15.124613753023,-30.));
#1156 = DIRECTION('',(0.,0.,1.));
#1157 = DIRECTION('',(1.,0.,0.));
#1158 = DEFINITIONAL_REPRESENTATION('',(#1159),#1167);
#1159 = ( BOUNDED_CURVE() B_SPLINE_CURVE(2,(#1160,#1161,#1162,#1163,
#1164,#1165,#1166),.UNSPECIFIED.,.T.,.F.) B_SPLINE_CURVE_WITH_KNOTS((1,2
    ,2,2,2,1),(-2.094395102393,0.,2.094395102393,4.188790204786,
6.28318530718,8.377580409573),.UNSPECIFIED.) CURVE() 
GEOMETRIC_REPRESENTATION_ITEM() RATIONAL_B_SPLINE_CURVE((1.,0.5,1.,0.5,
1.,0.5,1.)) REPRESENTATION_ITEM('') );
#1160 = CARTESIAN_POINT('',(-1.731613361583,-15.12461375302));
#1161 = CARTESIAN_POINT('',(-1.731613361583,-20.32076617573));
#1162 = CARTESIAN_POINT('',(-6.231613361583,-17.72268996437));
#1163 = CARTESIAN_POINT('',(-10.73161336158,-15.12461375302));
#1164 = CARTESIAN_POINT('',(-6.231613361583,-12.52653754167));
#1165 = CARTESIAN_POINT('',(-1.731613361583,-9.928461330316));
#1166 = CARTESIAN_POINT('',(-1.731613361583,-15.12461375302));
#1167 = ( GEOMETRIC_REPRESENTATION_CONTEXT(2) 
PARAMETRIC_REPRESENTATION_CONTEXT() REPRESENTATION_CONTEXT('2D SPACE',''
  ) );
#1168 = ORIENTED_EDGE('',*,*,#1169,.T.);
#1169 = EDGE_CURVE('',#1137,#459,#1170,.T.);
#1170 = SEAM_CURVE('',#1171,(#1174,#1181),.PCURVE_S1.);
#1171 = B_SPLINE_CURVE_WITH_KNOTS('',1,(#1172,#1173),.UNSPECIFIED.,.F.,
  .F.,(2,2),(-30.,0.),.PIECEWISE_BEZIER_KNOTS.);
#1172 = CARTESIAN_POINT('',(3.,0.,-30.));
#1173 = CARTESIAN_POINT('',(3.,0.,0.));
#1174 = PCURVE('',#479,#1175);
#1175 = DEFINITIONAL_REPRESENTATION('',(#1176),#1180);
#1176 = LINE('',#1177,#1178);
#1177 = CARTESIAN_POINT('',(-6.28318530718,0.));
#1178 = VECTOR('',#1179,1.);
#1179 = DIRECTION('',(-0.,1.));
#1180 = ( GEOMETRIC_REPRESENTATION_CONTEXT(2) 
PARAMETRIC_REPRESENTATION_CONTEXT() REPRESENTATION_CONTEXT('2D SPACE',''
  ) );
#1181 = PCURVE('',#479,#1182);
#1182 = DEFINITIONAL_REPRESENTATION('',(#1183),#1187);
#1183 = LINE('',#1184,#1185);
#1184 = CARTESIAN_POINT('',(-0.,0.));
#1185 = VECTOR('',#1186,1.);
#1186 = DIRECTION('',(-0.,1.));
#1187 = ( GEOMETRIC_REPRESENTATION_CONTEXT(2) 
PARAMETRIC_REPRESENTATION_CONTEXT() REPRESENTATION_CONTEXT('2D SPACE',''
  ) );
#1188 = ORIENTED_EDGE('',*,*,#458,.F.);
#1189 = ORIENTED_EDGE('',*,*,#1169,.F.);
#1190 = ADVANCED_FACE('',(#1191),#514,.F.);
#1191 = FACE_BOUND('',#1192,.T.);
#1192 = EDGE_LOOP('',(#1193,#1221,#1241,#1242));
#1193 = ORIENTED_EDGE('',*,*,#1194,.T.);
#1194 = EDGE_CURVE('',#1195,#1195,#1197,.T.);
#1195 = VERTEX_POINT('',#1196);
#1196 = CARTESIAN_POINT('',(33.52625,30.,-30.));
#1197 = SURFACE_CURVE('',#1198,(#1203,#1210),.PCURVE_S1.);
#1198 = CIRCLE('',#1199,3.52625);
#1199 = AXIS2_PLACEMENT_3D('',#1200,#1201,#1202);
#1200 = CARTESIAN_POINT('',(30.,30.,-30.));
#1201 = DIRECTION('',(0.,0.,-1.));
#1202 = DIRECTION('',(1.,0.,0.));
#1203 = PCURVE('',#514,#1204);
#1204 = DEFINITIONAL_REPRESENTATION('',(#1205),#1209);
#1205 = LINE('',#1206,#1207);
#1206 = CARTESIAN_POINT('',(-0.,-30.));
#1207 = VECTOR('',#1208,1.);
#1208 = DIRECTION('',(-1.,0.));
#1209 = ( GEOMETRIC_REPRESENTATION_CONTEXT(2) 
PARAMETRIC_REPRESENTATION_CONTEXT() REPRESENTATION_CONTEXT('2D SPACE',''
  ) );
#1210 = PCURVE('',#1153,#1211);
#1211 = DEFINITIONAL_REPRESENTATION('',(#1212),#1220);
#1212 = ( BOUNDED_CURVE() B_SPLINE_CURVE(2,(#1213,#1214,#1215,#1216,
#1217,#1218,#1219),.UNSPECIFIED.,.T.,.F.) B_SPLINE_CURVE_WITH_KNOTS((1,2
    ,2,2,2,1),(-2.094395102393,0.,2.094395102393,4.188790204786,
6.28318530718,8.377580409573),.UNSPECIFIED.) CURVE() 
GEOMETRIC_REPRESENTATION_ITEM() RATIONAL_B_SPLINE_CURVE((1.,0.5,1.,0.5,
1.,0.5,1.)) REPRESENTATION_ITEM('') );
#1213 = CARTESIAN_POINT('',(28.794636638417,14.875386246977));
#1214 = CARTESIAN_POINT('',(28.794636638417,8.767742086787));
#1215 = CARTESIAN_POINT('',(23.505261638417,11.821564166882));
#1216 = CARTESIAN_POINT('',(18.215886638417,14.875386246977));
#1217 = CARTESIAN_POINT('',(23.505261638417,17.929208327072));
#1218 = CARTESIAN_POINT('',(28.794636638417,20.983030407167));
#1219 = CARTESIAN_POINT('',(28.794636638417,14.875386246977));
#1220 = ( GEOMETRIC_REPRESENTATION_CONTEXT(2) 
PARAMETRIC_REPRESENTATION_CONTEXT() REPRESENTATION_CONTEXT('2D SPACE',''
  ) );
#1221 = ORIENTED_EDGE('',*,*,#1222,.T.);
#1222 = EDGE_CURVE('',#1195,#494,#1223,.T.);
#1223 = SEAM_CURVE('',#1224,(#1227,#1234),.PCURVE_S1.);
#1224 = B_SPLINE_CURVE_WITH_KNOTS('',1,(#1225,#1226),.UNSPECIFIED.,.F.,
  .F.,(2,2),(-30.,0.),.PIECEWISE_BEZIER_KNOTS.);
#1225 = CARTESIAN_POINT('',(33.52625,30.,-30.));
#1226 = CARTESIAN_POINT('',(33.52625,30.,0.));
#1227 = PCURVE('',#514,#1228);
#1228 = DEFINITIONAL_REPRESENTATION('',(#1229),#1233);
#1229 = LINE('',#1230,#1231);
#1230 = CARTESIAN_POINT('',(-6.28318530718,0.));
#1231 = VECTOR('',#1232,1.);
#1232 = DIRECTION('',(-0.,1.));
#1233 = ( GEOMETRIC_REPRESENTATION_CONTEXT(2) 
PARAMETRIC_REPRESENTATION_CONTEXT() REPRESENTATION_CONTEXT('2D SPACE',''
  ) );
#1234 = PCURVE('',#514,#1235);
#1235 = DEFINITIONAL_REPRESENTATION('',(#1236),#1240);
#1236 = LINE('',#1237,#1238);
#1237 = CARTESIAN_POINT('',(-0.,0.));
#1238 = VECTOR('',#1239,1.);
#1239 = DIRECTION('',(-0.,1.));
#1240 = ( GEOMETRIC_REPRESENTATION_CONTEXT(2) 
PARAMETRIC_REPRESENTATION_CONTEXT() REPRESENTATION_CONTEXT('2D SPACE',''
  ) );
#1241 = ORIENTED_EDGE('',*,*,#493,.F.);
#1242 = ORIENTED_EDGE('',*,*,#1222,.F.);
#1243 = ADVANCED_FACE('',(#1244),#545,.T.);
#1244 = FACE_BOUND('',#1245,.T.);
#1245 = EDGE_LOOP('',(#1246,#1247,#1248,#1249));
#1246 = ORIENTED_EDGE('',*,*,#1039,.T.);
#1247 = ORIENTED_EDGE('',*,*,#529,.T.);
#1248 = ORIENTED_EDGE('',*,*,#697,.F.);
#1249 = ORIENTED_EDGE('',*,*,#1089,.F.);
#1250 = ADVANCED_FACE('',(#1251),#606,.T.);
#1251 = FACE_BOUND('',#1252,.T.);
#1252 = EDGE_LOOP('',(#1253,#1276,#1304,#1325));
#1253 = ORIENTED_EDGE('',*,*,#1254,.F.);
#1254 = EDGE_CURVE('',#1255,#589,#1257,.T.);
#1255 = VERTEX_POINT('',#1256);
#1256 = CARTESIAN_POINT('',(1.053969973062E-15,-6.35,4.));
#1257 = SURFACE_CURVE('',#1258,(#1262,#1269),.PCURVE_S1.);
#1258 = LINE('',#1259,#1260);
#1259 = CARTESIAN_POINT('',(1.335239238121E-16,-6.35,0.));
#1260 = VECTOR('',#1261,1.);
#1261 = DIRECTION('',(-0.,-0.,-1.));
#1262 = PCURVE('',#606,#1263);
#1263 = DEFINITIONAL_REPRESENTATION('',(#1264),#1268);
#1264 = LINE('',#1265,#1266);
#1265 = CARTESIAN_POINT('',(-2.,-26.825));
#1266 = VECTOR('',#1267,1.);
#1267 = DIRECTION('',(-1.,-0.));
#1268 = ( GEOMETRIC_REPRESENTATION_CONTEXT(2) 
PARAMETRIC_REPRESENTATION_CONTEXT() REPRESENTATION_CONTEXT('2D SPACE',''
  ) );
#1269 = PCURVE('',#837,#1270);
#1270 = DEFINITIONAL_REPRESENTATION('',(#1271),#1275);
#1271 = LINE('',#1272,#1273);
#1272 = CARTESIAN_POINT('',(4.712388980385,0.));
#1273 = VECTOR('',#1274,1.);
#1274 = DIRECTION('',(0.,-1.));
#1275 = ( GEOMETRIC_REPRESENTATION_CONTEXT(2) 
PARAMETRIC_REPRESENTATION_CONTEXT() REPRESENTATION_CONTEXT('2D SPACE',''
  ) );
#1276 = ORIENTED_EDGE('',*,*,#1277,.T.);
#1277 = EDGE_CURVE('',#1255,#1278,#1280,.T.);
#1278 = VERTEX_POINT('',#1279);
#1279 = CARTESIAN_POINT('',(52.65,-6.35,4.));
#1280 = SURFACE_CURVE('',#1281,(#1285,#1292),.PCURVE_S1.);
#1281 = LINE('',#1282,#1283);
#1282 = CARTESIAN_POINT('',(-1.7763568394E-15,-6.35,4.));
#1283 = VECTOR('',#1284,1.);
#1284 = DIRECTION('',(1.,0.,0.));
#1285 = PCURVE('',#606,#1286);
#1286 = DEFINITIONAL_REPRESENTATION('',(#1287),#1291);
#1287 = LINE('',#1288,#1289);
#1288 = CARTESIAN_POINT('',(2.,-26.825));
#1289 = VECTOR('',#1290,1.);
#1290 = DIRECTION('',(0.,1.));
#1291 = ( GEOMETRIC_REPRESENTATION_CONTEXT(2) 
PARAMETRIC_REPRESENTATION_CONTEXT() REPRESENTATION_CONTEXT('2D SPACE',''
  ) );
#1292 = PCURVE('',#1293,#1298);
#1293 = PLANE('',#1294);
#1294 = AXIS2_PLACEMENT_3D('',#1295,#1296,#1297);
#1295 = CARTESIAN_POINT('',(-1.7763568394E-15,-6.85,4.5));
#1296 = DIRECTION('',(-4.551376571778E-18,0.707106781187,0.707106781187)
  );
#1297 = DIRECTION('',(1.,3.218309237638E-18,3.218309237638E-18));
#1298 = DEFINITIONAL_REPRESENTATION('',(#1299),#1303);
#1299 = LINE('',#1300,#1301);
#1300 = CARTESIAN_POINT('',(0.,0.707106781187));
#1301 = VECTOR('',#1302,1.);
#1302 = DIRECTION('',(1.,1.17176565413E-34));
#1303 = ( GEOMETRIC_REPRESENTATION_CONTEXT(2) 
PARAMETRIC_REPRESENTATION_CONTEXT() REPRESENTATION_CONTEXT('2D SPACE',''
  ) );
#1304 = ORIENTED_EDGE('',*,*,#1305,.T.);
#1305 = EDGE_CURVE('',#1278,#591,#1306,.T.);
#1306 = SURFACE_CURVE('',#1307,(#1311,#1318),.PCURVE_S1.);
#1307 = LINE('',#1308,#1309);
#1308 = CARTESIAN_POINT('',(52.65,-6.35,5.));
#1309 = VECTOR('',#1310,1.);
#1310 = DIRECTION('',(-0.,-0.,-1.));
#1311 = PCURVE('',#606,#1312);
#1312 = DEFINITIONAL_REPRESENTATION('',(#1313),#1317);
#1313 = LINE('',#1314,#1315);
#1314 = CARTESIAN_POINT('',(3.,25.825));
#1315 = VECTOR('',#1316,1.);
#1316 = DIRECTION('',(-1.,-0.));
#1317 = ( GEOMETRIC_REPRESENTATION_CONTEXT(2) 
PARAMETRIC_REPRESENTATION_CONTEXT() REPRESENTATION_CONTEXT('2D SPACE',''
  ) );
#1318 = PCURVE('',#634,#1319);
#1319 = DEFINITIONAL_REPRESENTATION('',(#1320),#1324);
#1320 = LINE('',#1321,#1322);
#1321 = CARTESIAN_POINT('',(0.,0.707106781187));
#1322 = VECTOR('',#1323,1.);
#1323 = DIRECTION('',(1.,3.863411994941E-32));
#1324 = ( GEOMETRIC_REPRESENTATION_CONTEXT(2) 
PARAMETRIC_REPRESENTATION_CONTEXT() REPRESENTATION_CONTEXT('2D SPACE',''
  ) );
#1325 = ORIENTED_EDGE('',*,*,#588,.F.);
#1326 = ADVANCED_FACE('',(#1327),#634,.T.);
#1327 = FACE_BOUND('',#1328,.T.);
#1328 = EDGE_LOOP('',(#1329,#1352,#1373,#1374));
#1329 = ORIENTED_EDGE('',*,*,#1330,.F.);
#1330 = EDGE_CURVE('',#1331,#1278,#1333,.T.);
#1331 = VERTEX_POINT('',#1332);
#1332 = CARTESIAN_POINT('',(53.65,-7.35,5.));
#1333 = SURFACE_CURVE('',#1334,(#1338,#1345),.PCURVE_S1.);
#1334 = LINE('',#1335,#1336);
#1335 = CARTESIAN_POINT('',(44.375,1.925,-4.275));
#1336 = VECTOR('',#1337,1.);
#1337 = DIRECTION('',(-0.57735026919,0.57735026919,-0.57735026919));
#1338 = PCURVE('',#634,#1339);
#1339 = DEFINITIONAL_REPRESENTATION('',(#1340),#1344);
#1340 = LINE('',#1341,#1342);
#1341 = CARTESIAN_POINT('',(9.275,12.409724009824));
#1342 = VECTOR('',#1343,1.);
#1343 = DIRECTION('',(0.57735026919,0.816496580928));
#1344 = ( GEOMETRIC_REPRESENTATION_CONTEXT(2) 
PARAMETRIC_REPRESENTATION_CONTEXT() REPRESENTATION_CONTEXT('2D SPACE',''
  ) );
#1345 = PCURVE('',#1293,#1346);
#1346 = DEFINITIONAL_REPRESENTATION('',(#1347),#1351);
#1347 = LINE('',#1348,#1349);
#1348 = CARTESIAN_POINT('',(44.375,12.409724009824));
#1349 = VECTOR('',#1350,1.);
#1350 = DIRECTION('',(-0.57735026919,0.816496580928));
#1351 = ( GEOMETRIC_REPRESENTATION_CONTEXT(2) 
PARAMETRIC_REPRESENTATION_CONTEXT() REPRESENTATION_CONTEXT('2D SPACE',''
  ) );
#1352 = ORIENTED_EDGE('',*,*,#1353,.T.);
#1353 = EDGE_CURVE('',#1331,#619,#1354,.T.);
#1354 = SURFACE_CURVE('',#1355,(#1359,#1366),.PCURVE_S1.);
#1355 = LINE('',#1356,#1357);
#1356 = CARTESIAN_POINT('',(53.65,-7.35,5.));
#1357 = VECTOR('',#1358,1.);
#1358 = DIRECTION('',(-0.,-0.,-1.));
#1359 = PCURVE('',#634,#1360);
#1360 = DEFINITIONAL_REPRESENTATION('',(#1361),#1365);
#1361 = LINE('',#1362,#1363);
#1362 = CARTESIAN_POINT('',(0.,-0.707106781187));
#1363 = VECTOR('',#1364,1.);
#1364 = DIRECTION('',(1.,3.863411994941E-32));
#1365 = ( GEOMETRIC_REPRESENTATION_CONTEXT(2) 
PARAMETRIC_REPRESENTATION_CONTEXT() REPRESENTATION_CONTEXT('2D SPACE',''
  ) );
#1366 = PCURVE('',#662,#1367);
#1367 = DEFINITIONAL_REPRESENTATION('',(#1368),#1372);
#1368 = LINE('',#1369,#1370);
#1369 = CARTESIAN_POINT('',(18.829991106052,24.203774619897));
#1370 = VECTOR('',#1371,1.);
#1371 = DIRECTION('',(-1.,0.));
#1372 = ( GEOMETRIC_REPRESENTATION_CONTEXT(2) 
PARAMETRIC_REPRESENTATION_CONTEXT() REPRESENTATION_CONTEXT('2D SPACE',''
  ) );
#1373 = ORIENTED_EDGE('',*,*,#618,.T.);
#1374 = ORIENTED_EDGE('',*,*,#1305,.F.);
#1375 = ADVANCED_FACE('',(#1376),#837,.F.);
#1376 = FACE_BOUND('',#1377,.F.);
#1377 = EDGE_LOOP('',(#1378,#1401,#1402,#1403));
#1378 = ORIENTED_EDGE('',*,*,#1379,.F.);
#1379 = EDGE_CURVE('',#795,#1380,#1382,.T.);
#1380 = VERTEX_POINT('',#1381);
#1381 = CARTESIAN_POINT('',(-6.35,0.,4.));
#1382 = SURFACE_CURVE('',#1383,(#1387,#1394),.PCURVE_S1.);
#1383 = LINE('',#1384,#1385);
#1384 = CARTESIAN_POINT('',(-6.35,3.888253574016E-16,0.));
#1385 = VECTOR('',#1386,1.);
#1386 = DIRECTION('',(0.,0.,1.));
#1387 = PCURVE('',#837,#1388);
#1388 = DEFINITIONAL_REPRESENTATION('',(#1389),#1393);
#1389 = LINE('',#1390,#1391);
#1390 = CARTESIAN_POINT('',(3.14159265359,0.));
#1391 = VECTOR('',#1392,1.);
#1392 = DIRECTION('',(0.,1.));
#1393 = ( GEOMETRIC_REPRESENTATION_CONTEXT(2) 
PARAMETRIC_REPRESENTATION_CONTEXT() REPRESENTATION_CONTEXT('2D SPACE',''
  ) );
#1394 = PCURVE('',#810,#1395);
#1395 = DEFINITIONAL_REPRESENTATION('',(#1396),#1400);
#1396 = LINE('',#1397,#1398);
#1397 = CARTESIAN_POINT('',(-2.,28.4125));
#1398 = VECTOR('',#1399,1.);
#1399 = DIRECTION('',(1.,0.));
#1400 = ( GEOMETRIC_REPRESENTATION_CONTEXT(2) 
PARAMETRIC_REPRESENTATION_CONTEXT() REPRESENTATION_CONTEXT('2D SPACE',''
  ) );
#1401 = ORIENTED_EDGE('',*,*,#822,.T.);
#1402 = ORIENTED_EDGE('',*,*,#1254,.F.);
#1403 = ORIENTED_EDGE('',*,*,#1404,.F.);
#1404 = EDGE_CURVE('',#1380,#1255,#1405,.T.);
#1405 = SURFACE_CURVE('',#1406,(#1411,#1418),.PCURVE_S1.);
#1406 = CIRCLE('',#1407,6.35);
#1407 = AXIS2_PLACEMENT_3D('',#1408,#1409,#1410);
#1408 = CARTESIAN_POINT('',(1.33226762955E-15,8.881784197001E-16,4.));
#1409 = DIRECTION('',(0.,0.,1.));
#1410 = DIRECTION('',(-1.,-1.740593736087E-17,0.));
#1411 = PCURVE('',#837,#1412);
#1412 = DEFINITIONAL_REPRESENTATION('',(#1413),#1417);
#1413 = LINE('',#1414,#1415);
#1414 = CARTESIAN_POINT('',(3.14159265359,4.));
#1415 = VECTOR('',#1416,1.);
#1416 = DIRECTION('',(1.,0.));
#1417 = ( GEOMETRIC_REPRESENTATION_CONTEXT(2) 
PARAMETRIC_REPRESENTATION_CONTEXT() REPRESENTATION_CONTEXT('2D SPACE',''
  ) );
#1418 = PCURVE('',#1419,#1424);
#1419 = CONICAL_SURFACE('',#1420,6.35,0.785398163397);
#1420 = AXIS2_PLACEMENT_3D('',#1421,#1422,#1423);
#1421 = CARTESIAN_POINT('',(1.33226762955E-15,8.881784197001E-16,4.));
#1422 = DIRECTION('',(0.,0.,1.));
#1423 = DIRECTION('',(-1.,-1.740593736087E-17,0.));
#1424 = DEFINITIONAL_REPRESENTATION('',(#1425),#1429);
#1425 = LINE('',#1426,#1427);
#1426 = CARTESIAN_POINT('',(0.,-0.));
#1427 = VECTOR('',#1428,1.);
#1428 = DIRECTION('',(1.,-0.));
#1429 = ( GEOMETRIC_REPRESENTATION_CONTEXT(2) 
PARAMETRIC_REPRESENTATION_CONTEXT() REPRESENTATION_CONTEXT('2D SPACE',''
  ) );
#1430 = ADVANCED_FACE('',(#1431),#662,.T.);
#1431 = FACE_BOUND('',#1432,.T.);
#1432 = EDGE_LOOP('',(#1433,#1461,#1489,#1517,#1538,#1539,#1540,#1541));
#1433 = ORIENTED_EDGE('',*,*,#1434,.T.);
#1434 = EDGE_CURVE('',#1331,#1435,#1437,.T.);
#1435 = VERTEX_POINT('',#1436);
#1436 = CARTESIAN_POINT('',(53.65,-19.,5.));
#1437 = SURFACE_CURVE('',#1438,(#1442,#1449),.PCURVE_S1.);
#1438 = LINE('',#1439,#1440);
#1439 = CARTESIAN_POINT('',(53.65,-6.35,5.));
#1440 = VECTOR('',#1441,1.);
#1441 = DIRECTION('',(0.,-1.,0.));
#1442 = PCURVE('',#662,#1443);
#1443 = DEFINITIONAL_REPRESENTATION('',(#1444),#1448);
#1444 = LINE('',#1445,#1446);
#1445 = CARTESIAN_POINT('',(18.829991106052,23.203774619897));
#1446 = VECTOR('',#1447,1.);
#1447 = DIRECTION('',(0.,1.));
#1448 = ( GEOMETRIC_REPRESENTATION_CONTEXT(2) 
PARAMETRIC_REPRESENTATION_CONTEXT() REPRESENTATION_CONTEXT('2D SPACE',''
  ) );
#1449 = PCURVE('',#1450,#1455);
#1450 = PLANE('',#1451);
#1451 = AXIS2_PLACEMENT_3D('',#1452,#1453,#1454);
#1452 = CARTESIAN_POINT('',(-3.946503581277,7.24619939691,5.));
#1453 = DIRECTION('',(0.,0.,1.));
#1454 = DIRECTION('',(1.,0.,0.));
#1455 = DEFINITIONAL_REPRESENTATION('',(#1456),#1460);
#1456 = LINE('',#1457,#1458);
#1457 = CARTESIAN_POINT('',(57.596503581277,-13.59619939691));
#1458 = VECTOR('',#1459,1.);
#1459 = DIRECTION('',(0.,-1.));
#1460 = ( GEOMETRIC_REPRESENTATION_CONTEXT(2) 
PARAMETRIC_REPRESENTATION_CONTEXT() REPRESENTATION_CONTEXT('2D SPACE',''
  ) );
#1461 = ORIENTED_EDGE('',*,*,#1462,.F.);
#1462 = EDGE_CURVE('',#1463,#1435,#1465,.T.);
#1463 = VERTEX_POINT('',#1464);
#1464 = CARTESIAN_POINT('',(53.65,-19.,-29.));
#1465 = SURFACE_CURVE('',#1466,(#1470,#1477),.PCURVE_S1.);
#1466 = LINE('',#1467,#1468);
#1467 = CARTESIAN_POINT('',(53.65,-19.,-30.));
#1468 = VECTOR('',#1469,1.);
#1469 = DIRECTION('',(0.,0.,1.));
#1470 = PCURVE('',#662,#1471);
#1471 = DEFINITIONAL_REPRESENTATION('',(#1472),#1476);
#1472 = LINE('',#1473,#1474);
#1473 = CARTESIAN_POINT('',(-16.17000889394,35.853774619897));
#1474 = VECTOR('',#1475,1.);
#1475 = DIRECTION('',(1.,0.));
#1476 = ( GEOMETRIC_REPRESENTATION_CONTEXT(2) 
PARAMETRIC_REPRESENTATION_CONTEXT() REPRESENTATION_CONTEXT('2D SPACE',''
  ) );
#1477 = PCURVE('',#1478,#1483);
#1478 = PLANE('',#1479);
#1479 = AXIS2_PLACEMENT_3D('',#1480,#1481,#1482);
#1480 = CARTESIAN_POINT('',(53.15,-19.5,-30.));
#1481 = DIRECTION('',(0.707106781187,-0.707106781187,-5.911709633991E-18
    ));
#1482 = DIRECTION('',(4.180209970601E-18,-4.180209970601E-18,1.));
#1483 = DEFINITIONAL_REPRESENTATION('',(#1484),#1488);
#1484 = LINE('',#1485,#1486);
#1485 = CARTESIAN_POINT('',(0.,-0.707106781187));
#1486 = VECTOR('',#1487,1.);
#1487 = DIRECTION('',(1.,1.617303853732E-34));
#1488 = ( GEOMETRIC_REPRESENTATION_CONTEXT(2) 
PARAMETRIC_REPRESENTATION_CONTEXT() REPRESENTATION_CONTEXT('2D SPACE',''
  ) );
#1489 = ORIENTED_EDGE('',*,*,#1490,.F.);
#1490 = EDGE_CURVE('',#1491,#1463,#1493,.T.);
#1491 = VERTEX_POINT('',#1492);
#1492 = CARTESIAN_POINT('',(53.65,55.825,-29.));
#1493 = SURFACE_CURVE('',#1494,(#1498,#1505),.PCURVE_S1.);
#1494 = LINE('',#1495,#1496);
#1495 = CARTESIAN_POINT('',(53.65,56.825,-29.));
#1496 = VECTOR('',#1497,1.);
#1497 = DIRECTION('',(0.,-1.,0.));
#1498 = PCURVE('',#662,#1499);
#1499 = DEFINITIONAL_REPRESENTATION('',(#1500),#1504);
#1500 = LINE('',#1501,#1502);
#1501 = CARTESIAN_POINT('',(-15.17000889394,-39.9712253801));
#1502 = VECTOR('',#1503,1.);
#1503 = DIRECTION('',(0.,1.));
#1504 = ( GEOMETRIC_REPRESENTATION_CONTEXT(2) 
PARAMETRIC_REPRESENTATION_CONTEXT() REPRESENTATION_CONTEXT('2D SPACE',''
  ) );
#1505 = PCURVE('',#1506,#1511);
#1506 = PLANE('',#1507);
#1507 = AXIS2_PLACEMENT_3D('',#1508,#1509,#1510);
#1508 = CARTESIAN_POINT('',(53.15,56.825,-29.5));
#1509 = DIRECTION('',(-0.707106781187,-5.911709633991E-18,0.707106781187
    ));
#1510 = DIRECTION('',(4.180209970601E-18,-1.,-4.180209970601E-18));
#1511 = DEFINITIONAL_REPRESENTATION('',(#1512),#1516);
#1512 = LINE('',#1513,#1514);
#1513 = CARTESIAN_POINT('',(0.,0.707106781187));
#1514 = VECTOR('',#1515,1.);
#1515 = DIRECTION('',(1.,1.211845495834E-34));
#1516 = ( GEOMETRIC_REPRESENTATION_CONTEXT(2) 
PARAMETRIC_REPRESENTATION_CONTEXT() REPRESENTATION_CONTEXT('2D SPACE',''
  ) );
#1517 = ORIENTED_EDGE('',*,*,#1518,.F.);
#1518 = EDGE_CURVE('',#853,#1491,#1519,.T.);
#1519 = SURFACE_CURVE('',#1520,(#1524,#1531),.PCURVE_S1.);
#1520 = LINE('',#1521,#1522);
#1521 = CARTESIAN_POINT('',(53.65,55.825,0.));
#1522 = VECTOR('',#1523,1.);
#1523 = DIRECTION('',(0.,0.,-1.));
#1524 = PCURVE('',#662,#1525);
#1525 = DEFINITIONAL_REPRESENTATION('',(#1526),#1530);
#1526 = LINE('',#1527,#1528);
#1527 = CARTESIAN_POINT('',(13.829991106052,-38.9712253801));
#1528 = VECTOR('',#1529,1.);
#1529 = DIRECTION('',(-1.,0.));
#1530 = ( GEOMETRIC_REPRESENTATION_CONTEXT(2) 
PARAMETRIC_REPRESENTATION_CONTEXT() REPRESENTATION_CONTEXT('2D SPACE',''
  ) );
#1531 = PCURVE('',#890,#1532);
#1532 = DEFINITIONAL_REPRESENTATION('',(#1533),#1537);
#1533 = LINE('',#1534,#1535);
#1534 = CARTESIAN_POINT('',(-0.,0.707106781187));
#1535 = VECTOR('',#1536,1.);
#1536 = DIRECTION('',(-1.,-1.617303853732E-34));
#1537 = ( GEOMETRIC_REPRESENTATION_CONTEXT(2) 
PARAMETRIC_REPRESENTATION_CONTEXT() REPRESENTATION_CONTEXT('2D SPACE',''
  ) );
#1538 = ORIENTED_EDGE('',*,*,#1110,.T.);
#1539 = ORIENTED_EDGE('',*,*,#674,.F.);
#1540 = ORIENTED_EDGE('',*,*,#646,.T.);
#1541 = ORIENTED_EDGE('',*,*,#1353,.F.);
#1542 = ADVANCED_FACE('',(#1543),#810,.T.);
#1543 = FACE_BOUND('',#1544,.T.);
#1544 = EDGE_LOOP('',(#1545,#1546,#1547,#1570));
#1545 = ORIENTED_EDGE('',*,*,#1379,.F.);
#1546 = ORIENTED_EDGE('',*,*,#794,.F.);
#1547 = ORIENTED_EDGE('',*,*,#1548,.T.);
#1548 = EDGE_CURVE('',#767,#1549,#1551,.T.);
#1549 = VERTEX_POINT('',#1550);
#1550 = CARTESIAN_POINT('',(-6.35,55.825,4.));
#1551 = SURFACE_CURVE('',#1552,(#1556,#1563),.PCURVE_S1.);
#1552 = LINE('',#1553,#1554);
#1553 = CARTESIAN_POINT('',(-6.35,55.825,-1.));
#1554 = VECTOR('',#1555,1.);
#1555 = DIRECTION('',(0.,0.,1.));
#1556 = PCURVE('',#810,#1557);
#1557 = DEFINITIONAL_REPRESENTATION('',(#1558),#1562);
#1558 = LINE('',#1559,#1560);
#1559 = CARTESIAN_POINT('',(-3.,-27.4125));
#1560 = VECTOR('',#1561,1.);
#1561 = DIRECTION('',(1.,0.));
#1562 = ( GEOMETRIC_REPRESENTATION_CONTEXT(2) 
PARAMETRIC_REPRESENTATION_CONTEXT() REPRESENTATION_CONTEXT('2D SPACE',''
  ) );
#1563 = PCURVE('',#782,#1564);
#1564 = DEFINITIONAL_REPRESENTATION('',(#1565),#1569);
#1565 = LINE('',#1566,#1567);
#1566 = CARTESIAN_POINT('',(0.,0.707106781187));
#1567 = VECTOR('',#1568,1.);
#1568 = DIRECTION('',(1.,1.761232854144E-32));
#1569 = ( GEOMETRIC_REPRESENTATION_CONTEXT(2) 
PARAMETRIC_REPRESENTATION_CONTEXT() REPRESENTATION_CONTEXT('2D SPACE',''
  ) );
#1570 = ORIENTED_EDGE('',*,*,#1571,.T.);
#1571 = EDGE_CURVE('',#1549,#1380,#1572,.T.);
#1572 = SURFACE_CURVE('',#1573,(#1577,#1584),.PCURVE_S1.);
#1573 = LINE('',#1574,#1575);
#1574 = CARTESIAN_POINT('',(-6.35,56.825,4.));
#1575 = VECTOR('',#1576,1.);
#1576 = DIRECTION('',(0.,-1.,0.));
#1577 = PCURVE('',#810,#1578);
#1578 = DEFINITIONAL_REPRESENTATION('',(#1579),#1583);
#1579 = LINE('',#1580,#1581);
#1580 = CARTESIAN_POINT('',(2.,-28.4125));
#1581 = VECTOR('',#1582,1.);
#1582 = DIRECTION('',(0.,1.));
#1583 = ( GEOMETRIC_REPRESENTATION_CONTEXT(2) 
PARAMETRIC_REPRESENTATION_CONTEXT() REPRESENTATION_CONTEXT('2D SPACE',''
  ) );
#1584 = PCURVE('',#1585,#1590);
#1585 = PLANE('',#1586);
#1586 = AXIS2_PLACEMENT_3D('',#1587,#1588,#1589);
#1587 = CARTESIAN_POINT('',(-6.85,56.825,4.5));
#1588 = DIRECTION('',(0.707106781187,-1.594268604446E-18,0.707106781187)
  );
#1589 = DIRECTION('',(-1.127318141237E-18,-1.,-1.127318141237E-18));
#1590 = DEFINITIONAL_REPRESENTATION('',(#1591),#1595);
#1591 = LINE('',#1592,#1593);
#1592 = CARTESIAN_POINT('',(0.,0.707106781187));
#1593 = VECTOR('',#1594,1.);
#1594 = DIRECTION('',(1.,-3.512155862991E-36));
#1595 = ( GEOMETRIC_REPRESENTATION_CONTEXT(2) 
PARAMETRIC_REPRESENTATION_CONTEXT() REPRESENTATION_CONTEXT('2D SPACE',''
  ) );
#1596 = ADVANCED_FACE('',(#1597),#782,.T.);
#1597 = FACE_BOUND('',#1598,.T.);
#1598 = EDGE_LOOP('',(#1599,#1600,#1601,#1627));
#1599 = ORIENTED_EDGE('',*,*,#766,.F.);
#1600 = ORIENTED_EDGE('',*,*,#1015,.T.);
#1601 = ORIENTED_EDGE('',*,*,#1602,.T.);
#1602 = EDGE_CURVE('',#988,#1549,#1603,.T.);
#1603 = SURFACE_CURVE('',#1604,(#1608,#1615),.PCURVE_S1.);
#1604 = LINE('',#1605,#1606);
#1605 = CARTESIAN_POINT('',(-7.1,56.575,4.));
#1606 = VECTOR('',#1607,1.);
#1607 = DIRECTION('',(0.707106781187,-0.707106781187,3.850589496763E-15)
  );
#1608 = PCURVE('',#782,#1609);
#1609 = DEFINITIONAL_REPRESENTATION('',(#1610),#1614);
#1610 = LINE('',#1611,#1612);
#1611 = CARTESIAN_POINT('',(5.,-0.353553390593));
#1612 = VECTOR('',#1613,1.);
#1613 = DIRECTION('',(3.850589496763E-15,1.));
#1614 = ( GEOMETRIC_REPRESENTATION_CONTEXT(2) 
PARAMETRIC_REPRESENTATION_CONTEXT() REPRESENTATION_CONTEXT('2D SPACE',''
  ) );
#1615 = PCURVE('',#1616,#1621);
#1616 = PLANE('',#1617);
#1617 = AXIS2_PLACEMENT_3D('',#1618,#1619,#1620);
#1618 = CARTESIAN_POINT('',(-7.35,56.825,4.));
#1619 = DIRECTION('',(-0.57735026919,-0.57735026919,-0.57735026919));
#1620 = DIRECTION('',(0.707106781187,5.025993347502E-15,-0.707106781187)
  );
#1621 = DEFINITIONAL_REPRESENTATION('',(#1622),#1626);
#1622 = LINE('',#1623,#1624);
#1623 = CARTESIAN_POINT('',(0.176776695297,0.306186217848));
#1624 = VECTOR('',#1625,1.);
#1625 = DIRECTION('',(0.5,0.866025403784));
#1626 = ( GEOMETRIC_REPRESENTATION_CONTEXT(2) 
PARAMETRIC_REPRESENTATION_CONTEXT() REPRESENTATION_CONTEXT('2D SPACE',''
  ) );
#1627 = ORIENTED_EDGE('',*,*,#1548,.F.);
#1628 = ADVANCED_FACE('',(#1629),#890,.T.);
#1629 = FACE_BOUND('',#1630,.F.);
#1630 = EDGE_LOOP('',(#1631,#1632,#1658,#1659));
#1631 = ORIENTED_EDGE('',*,*,#908,.T.);
#1632 = ORIENTED_EDGE('',*,*,#1633,.F.);
#1633 = EDGE_CURVE('',#1491,#909,#1634,.T.);
#1634 = SURFACE_CURVE('',#1635,(#1639,#1646),.PCURVE_S1.);
#1635 = LINE('',#1636,#1637);
#1636 = CARTESIAN_POINT('',(53.15,56.325,-29.));
#1637 = VECTOR('',#1638,1.);
#1638 = DIRECTION('',(-0.707106781187,0.707106781187,3.082391018568E-17)
  );
#1639 = PCURVE('',#890,#1640);
#1640 = DEFINITIONAL_REPRESENTATION('',(#1641),#1645);
#1641 = LINE('',#1642,#1643);
#1642 = CARTESIAN_POINT('',(-29.,-5.024295867788E-15));
#1643 = VECTOR('',#1644,1.);
#1644 = DIRECTION('',(3.082391018568E-17,-1.));
#1645 = ( GEOMETRIC_REPRESENTATION_CONTEXT(2) 
PARAMETRIC_REPRESENTATION_CONTEXT() REPRESENTATION_CONTEXT('2D SPACE',''
  ) );
#1646 = PCURVE('',#1647,#1652);
#1647 = PLANE('',#1648);
#1648 = AXIS2_PLACEMENT_3D('',#1649,#1650,#1651);
#1649 = CARTESIAN_POINT('',(52.65,55.825,-30.));
#1650 = DIRECTION('',(0.57735026919,0.57735026919,-0.57735026919));
#1651 = DIRECTION('',(-0.707106781187,0.707106781187,-6.803361091336E-18
    ));
#1652 = DEFINITIONAL_REPRESENTATION('',(#1653),#1657);
#1653 = LINE('',#1654,#1655);
#1654 = CARTESIAN_POINT('',(5.017492506697E-15,1.224744871392));
#1655 = VECTOR('',#1656,1.);
#1656 = DIRECTION('',(1.,3.904172384835E-17));
#1657 = ( GEOMETRIC_REPRESENTATION_CONTEXT(2) 
PARAMETRIC_REPRESENTATION_CONTEXT() REPRESENTATION_CONTEXT('2D SPACE',''
  ) );
#1658 = ORIENTED_EDGE('',*,*,#1518,.F.);
#1659 = ORIENTED_EDGE('',*,*,#876,.T.);
#1660 = ADVANCED_FACE('',(#1661),#1003,.T.);
#1661 = FACE_BOUND('',#1662,.F.);
#1662 = EDGE_LOOP('',(#1663,#1691,#1692,#1715));
#1663 = ORIENTED_EDGE('',*,*,#1664,.F.);
#1664 = EDGE_CURVE('',#960,#1665,#1667,.T.);
#1665 = VERTEX_POINT('',#1666);
#1666 = CARTESIAN_POINT('',(-39.,55.825,5.));
#1667 = SURFACE_CURVE('',#1668,(#1672,#1679),.PCURVE_S1.);
#1668 = LINE('',#1669,#1670);
#1669 = CARTESIAN_POINT('',(-39.,56.575,4.25));
#1670 = VECTOR('',#1671,1.);
#1671 = DIRECTION('',(-1.730004994457E-15,-0.707106781187,0.707106781187
    ));
#1672 = PCURVE('',#1003,#1673);
#1673 = DEFINITIONAL_REPRESENTATION('',(#1674),#1678);
#1674 = LINE('',#1675,#1676);
#1675 = CARTESIAN_POINT('',(-1.,-0.353553390593));
#1676 = VECTOR('',#1677,1.);
#1677 = DIRECTION('',(1.730004994457E-15,1.));
#1678 = ( GEOMETRIC_REPRESENTATION_CONTEXT(2) 
PARAMETRIC_REPRESENTATION_CONTEXT() REPRESENTATION_CONTEXT('2D SPACE',''
  ) );
#1679 = PCURVE('',#1680,#1685);
#1680 = PLANE('',#1681);
#1681 = AXIS2_PLACEMENT_3D('',#1682,#1683,#1684);
#1682 = CARTESIAN_POINT('',(-39.,56.825,4.));
#1683 = DIRECTION('',(-0.57735026919,0.57735026919,0.57735026919));
#1684 = DIRECTION('',(-0.707106781187,-1.812496935115E-17,
    -0.707106781187));
#1685 = DEFINITIONAL_REPRESENTATION('',(#1686),#1690);
#1686 = LINE('',#1687,#1688);
#1687 = CARTESIAN_POINT('',(-0.176776695297,0.306186217848));
#1688 = VECTOR('',#1689,1.);
#1689 = DIRECTION('',(-0.5,0.866025403784));
#1690 = ( GEOMETRIC_REPRESENTATION_CONTEXT(2) 
PARAMETRIC_REPRESENTATION_CONTEXT() REPRESENTATION_CONTEXT('2D SPACE',''
  ) );
#1691 = ORIENTED_EDGE('',*,*,#987,.T.);
#1692 = ORIENTED_EDGE('',*,*,#1693,.T.);
#1693 = EDGE_CURVE('',#988,#1694,#1696,.T.);
#1694 = VERTEX_POINT('',#1695);
#1695 = CARTESIAN_POINT('',(-7.35,55.825,5.));
#1696 = SURFACE_CURVE('',#1697,(#1701,#1708),.PCURVE_S1.);
#1697 = LINE('',#1698,#1699);
#1698 = CARTESIAN_POINT('',(-7.35,56.575,4.25));
#1699 = VECTOR('',#1700,1.);
#1700 = DIRECTION('',(-4.664123995829E-18,-0.707106781187,0.707106781187
    ));
#1701 = PCURVE('',#1003,#1702);
#1702 = DEFINITIONAL_REPRESENTATION('',(#1703),#1707);
#1703 = LINE('',#1704,#1705);
#1704 = CARTESIAN_POINT('',(-32.65,-0.353553390593));
#1705 = VECTOR('',#1706,1.);
#1706 = DIRECTION('',(4.664123995829E-18,1.));
#1707 = ( GEOMETRIC_REPRESENTATION_CONTEXT(2) 
PARAMETRIC_REPRESENTATION_CONTEXT() REPRESENTATION_CONTEXT('2D SPACE',''
  ) );
#1708 = PCURVE('',#1616,#1709);
#1709 = DEFINITIONAL_REPRESENTATION('',(#1710),#1714);
#1710 = LINE('',#1711,#1712);
#1711 = CARTESIAN_POINT('',(-0.176776695297,0.306186217848));
#1712 = VECTOR('',#1713,1.);
#1713 = DIRECTION('',(-0.5,0.866025403784));
#1714 = ( GEOMETRIC_REPRESENTATION_CONTEXT(2) 
PARAMETRIC_REPRESENTATION_CONTEXT() REPRESENTATION_CONTEXT('2D SPACE',''
  ) );
#1715 = ORIENTED_EDGE('',*,*,#1716,.F.);
#1716 = EDGE_CURVE('',#1665,#1694,#1717,.T.);
#1717 = SURFACE_CURVE('',#1718,(#1722,#1729),.PCURVE_S1.);
#1718 = LINE('',#1719,#1720);
#1719 = CARTESIAN_POINT('',(-40.,55.825,5.));
#1720 = VECTOR('',#1721,1.);
#1721 = DIRECTION('',(1.,0.,0.));
#1722 = PCURVE('',#1003,#1723);
#1723 = DEFINITIONAL_REPRESENTATION('',(#1724),#1728);
#1724 = LINE('',#1725,#1726);
#1725 = CARTESIAN_POINT('',(-0.,0.707106781187));
#1726 = VECTOR('',#1727,1.);
#1727 = DIRECTION('',(-1.,1.211845495834E-34));
#1728 = ( GEOMETRIC_REPRESENTATION_CONTEXT(2) 
PARAMETRIC_REPRESENTATION_CONTEXT() REPRESENTATION_CONTEXT('2D SPACE',''
  ) );
#1729 = PCURVE('',#1450,#1730);
#1730 = DEFINITIONAL_REPRESENTATION('',(#1731),#1735);
#1731 = LINE('',#1732,#1733);
#1732 = CARTESIAN_POINT('',(-36.05349641872,48.57880060309));
#1733 = VECTOR('',#1734,1.);
#1734 = DIRECTION('',(1.,0.));
#1735 = ( GEOMETRIC_REPRESENTATION_CONTEXT(2) 
PARAMETRIC_REPRESENTATION_CONTEXT() REPRESENTATION_CONTEXT('2D SPACE',''
  ) );
#1736 = ADVANCED_FACE('',(#1737),#975,.T.);
#1737 = FACE_BOUND('',#1738,.T.);
#1738 = EDGE_LOOP('',(#1739,#1762,#1763,#1791));
#1739 = ORIENTED_EDGE('',*,*,#1740,.F.);
#1740 = EDGE_CURVE('',#960,#1741,#1743,.T.);
#1741 = VERTEX_POINT('',#1742);
#1742 = CARTESIAN_POINT('',(-40.,55.825,4.));
#1743 = SURFACE_CURVE('',#1744,(#1748,#1755),.PCURVE_S1.);
#1744 = LINE('',#1745,#1746);
#1745 = CARTESIAN_POINT('',(-39.25,56.575,4.));
#1746 = VECTOR('',#1747,1.);
#1747 = DIRECTION('',(-0.707106781187,-0.707106781187,5.183976193026E-16
    ));
#1748 = PCURVE('',#975,#1749);
#1749 = DEFINITIONAL_REPRESENTATION('',(#1750),#1754);
#1750 = LINE('',#1751,#1752);
#1751 = CARTESIAN_POINT('',(1.,-0.353553390593));
#1752 = VECTOR('',#1753,1.);
#1753 = DIRECTION('',(-5.183976193026E-16,1.));
#1754 = ( GEOMETRIC_REPRESENTATION_CONTEXT(2) 
PARAMETRIC_REPRESENTATION_CONTEXT() REPRESENTATION_CONTEXT('2D SPACE',''
  ) );
#1755 = PCURVE('',#1680,#1756);
#1756 = DEFINITIONAL_REPRESENTATION('',(#1757),#1761);
#1757 = LINE('',#1758,#1759);
#1758 = CARTESIAN_POINT('',(0.176776695297,0.306186217848));
#1759 = VECTOR('',#1760,1.);
#1760 = DIRECTION('',(0.5,0.866025403784));
#1761 = ( GEOMETRIC_REPRESENTATION_CONTEXT(2) 
PARAMETRIC_REPRESENTATION_CONTEXT() REPRESENTATION_CONTEXT('2D SPACE',''
  ) );
#1762 = ORIENTED_EDGE('',*,*,#959,.T.);
#1763 = ORIENTED_EDGE('',*,*,#1764,.T.);
#1764 = EDGE_CURVE('',#932,#1765,#1767,.T.);
#1765 = VERTEX_POINT('',#1766);
#1766 = CARTESIAN_POINT('',(-40.,55.825,-29.));
#1767 = SURFACE_CURVE('',#1768,(#1772,#1779),.PCURVE_S1.);
#1768 = LINE('',#1769,#1770);
#1769 = CARTESIAN_POINT('',(-39.25,56.575,-29.));
#1770 = VECTOR('',#1771,1.);
#1771 = DIRECTION('',(-0.707106781187,-0.707106781187,
    -3.082391018568E-17));
#1772 = PCURVE('',#975,#1773);
#1773 = DEFINITIONAL_REPRESENTATION('',(#1774),#1778);
#1774 = LINE('',#1775,#1776);
#1775 = CARTESIAN_POINT('',(34.,-0.353553390593));
#1776 = VECTOR('',#1777,1.);
#1777 = DIRECTION('',(3.082391018568E-17,1.));
#1778 = ( GEOMETRIC_REPRESENTATION_CONTEXT(2) 
PARAMETRIC_REPRESENTATION_CONTEXT() REPRESENTATION_CONTEXT('2D SPACE',''
  ) );
#1779 = PCURVE('',#1780,#1785);
#1780 = PLANE('',#1781);
#1781 = AXIS2_PLACEMENT_3D('',#1782,#1783,#1784);
#1782 = CARTESIAN_POINT('',(-39.,56.825,-29.));
#1783 = DIRECTION('',(0.57735026919,-0.57735026919,0.57735026919));
#1784 = DIRECTION('',(-0.707106781187,6.803361091336E-18,0.707106781187)
  );
#1785 = DEFINITIONAL_REPRESENTATION('',(#1786),#1790);
#1786 = LINE('',#1787,#1788);
#1787 = CARTESIAN_POINT('',(0.176776695297,0.306186217848));
#1788 = VECTOR('',#1789,1.);
#1789 = DIRECTION('',(0.5,0.866025403784));
#1790 = ( GEOMETRIC_REPRESENTATION_CONTEXT(2) 
PARAMETRIC_REPRESENTATION_CONTEXT() REPRESENTATION_CONTEXT('2D SPACE',''
  ) );
#1791 = ORIENTED_EDGE('',*,*,#1792,.F.);
#1792 = EDGE_CURVE('',#1741,#1765,#1793,.T.);
#1793 = SURFACE_CURVE('',#1794,(#1798,#1805),.PCURVE_S1.);
#1794 = LINE('',#1795,#1796);
#1795 = CARTESIAN_POINT('',(-40.,55.825,5.));
#1796 = VECTOR('',#1797,1.);
#1797 = DIRECTION('',(-0.,-0.,-1.));
#1798 = PCURVE('',#975,#1799);
#1799 = DEFINITIONAL_REPRESENTATION('',(#1800),#1804);
#1800 = LINE('',#1801,#1802);
#1801 = CARTESIAN_POINT('',(0.,0.707106781187));
#1802 = VECTOR('',#1803,1.);
#1803 = DIRECTION('',(1.,1.617303853732E-34));
#1804 = ( GEOMETRIC_REPRESENTATION_CONTEXT(2) 
PARAMETRIC_REPRESENTATION_CONTEXT() REPRESENTATION_CONTEXT('2D SPACE',''
  ) );
#1805 = PCURVE('',#1806,#1811);
#1806 = PLANE('',#1807);
#1807 = AXIS2_PLACEMENT_3D('',#1808,#1809,#1810);
#1808 = CARTESIAN_POINT('',(-40.,18.4125,-12.5));
#1809 = DIRECTION('',(-1.,-0.,-0.));
#1810 = DIRECTION('',(0.,0.,-1.));
#1811 = DEFINITIONAL_REPRESENTATION('',(#1812),#1816);
#1812 = LINE('',#1813,#1814);
#1813 = CARTESIAN_POINT('',(-17.5,-37.4125));
#1814 = VECTOR('',#1815,1.);
#1815 = DIRECTION('',(1.,0.));
#1816 = ( GEOMETRIC_REPRESENTATION_CONTEXT(2) 
PARAMETRIC_REPRESENTATION_CONTEXT() REPRESENTATION_CONTEXT('2D SPACE',''
  ) );
#1817 = ADVANCED_FACE('',(#1818),#947,.F.);
#1818 = FACE_BOUND('',#1819,.T.);
#1819 = EDGE_LOOP('',(#1820,#1843,#1844,#1867));
#1820 = ORIENTED_EDGE('',*,*,#1821,.F.);
#1821 = EDGE_CURVE('',#932,#1822,#1824,.T.);
#1822 = VERTEX_POINT('',#1823);
#1823 = CARTESIAN_POINT('',(-39.,55.825,-30.));
#1824 = SURFACE_CURVE('',#1825,(#1829,#1836),.PCURVE_S1.);
#1825 = LINE('',#1826,#1827);
#1826 = CARTESIAN_POINT('',(-39.,56.575,-29.25));
#1827 = VECTOR('',#1828,1.);
#1828 = DIRECTION('',(3.082391018568E-17,-0.707106781187,-0.707106781187
    ));
#1829 = PCURVE('',#947,#1830);
#1830 = DEFINITIONAL_REPRESENTATION('',(#1831),#1835);
#1831 = LINE('',#1832,#1833);
#1832 = CARTESIAN_POINT('',(-1.,-0.353553390593));
#1833 = VECTOR('',#1834,1.);
#1834 = DIRECTION('',(-3.082391018568E-17,1.));
#1835 = ( GEOMETRIC_REPRESENTATION_CONTEXT(2) 
PARAMETRIC_REPRESENTATION_CONTEXT() REPRESENTATION_CONTEXT('2D SPACE',''
  ) );
#1836 = PCURVE('',#1780,#1837);
#1837 = DEFINITIONAL_REPRESENTATION('',(#1838),#1842);
#1838 = LINE('',#1839,#1840);
#1839 = CARTESIAN_POINT('',(-0.176776695297,0.306186217848));
#1840 = VECTOR('',#1841,1.);
#1841 = DIRECTION('',(-0.5,0.866025403784));
#1842 = ( GEOMETRIC_REPRESENTATION_CONTEXT(2) 
PARAMETRIC_REPRESENTATION_CONTEXT() REPRESENTATION_CONTEXT('2D SPACE',''
  ) );
#1843 = ORIENTED_EDGE('',*,*,#931,.T.);
#1844 = ORIENTED_EDGE('',*,*,#1845,.F.);
#1845 = EDGE_CURVE('',#1846,#909,#1848,.T.);
#1846 = VERTEX_POINT('',#1847);
#1847 = CARTESIAN_POINT('',(52.65,55.825,-30.));
#1848 = SURFACE_CURVE('',#1849,(#1853,#1860),.PCURVE_S1.);
#1849 = LINE('',#1850,#1851);
#1850 = CARTESIAN_POINT('',(52.65,56.075,-29.75));
#1851 = VECTOR('',#1852,1.);
#1852 = DIRECTION('',(3.082391018568E-17,0.707106781187,0.707106781187)
  );
#1853 = PCURVE('',#947,#1854);
#1854 = DEFINITIONAL_REPRESENTATION('',(#1855),#1859);
#1855 = LINE('',#1856,#1857);
#1856 = CARTESIAN_POINT('',(-92.65,0.353553390593));
#1857 = VECTOR('',#1858,1.);
#1858 = DIRECTION('',(-3.082391018568E-17,-1.));
#1859 = ( GEOMETRIC_REPRESENTATION_CONTEXT(2) 
PARAMETRIC_REPRESENTATION_CONTEXT() REPRESENTATION_CONTEXT('2D SPACE',''
  ) );
#1860 = PCURVE('',#1647,#1861);
#1861 = DEFINITIONAL_REPRESENTATION('',(#1862),#1866);
#1862 = LINE('',#1863,#1864);
#1863 = CARTESIAN_POINT('',(0.176776695297,0.306186217848));
#1864 = VECTOR('',#1865,1.);
#1865 = DIRECTION('',(0.5,0.866025403784));
#1866 = ( GEOMETRIC_REPRESENTATION_CONTEXT(2) 
PARAMETRIC_REPRESENTATION_CONTEXT() REPRESENTATION_CONTEXT('2D SPACE',''
  ) );
#1867 = ORIENTED_EDGE('',*,*,#1868,.F.);
#1868 = EDGE_CURVE('',#1822,#1846,#1869,.T.);
#1869 = SURFACE_CURVE('',#1870,(#1874,#1881),.PCURVE_S1.);
#1870 = LINE('',#1871,#1872);
#1871 = CARTESIAN_POINT('',(-40.,55.825,-30.));
#1872 = VECTOR('',#1873,1.);
#1873 = DIRECTION('',(1.,0.,0.));
#1874 = PCURVE('',#947,#1875);
#1875 = DEFINITIONAL_REPRESENTATION('',(#1876),#1880);
#1876 = LINE('',#1877,#1878);
#1877 = CARTESIAN_POINT('',(-0.,0.707106781187));
#1878 = VECTOR('',#1879,1.);
#1879 = DIRECTION('',(-1.,1.211845495834E-34));
#1880 = ( GEOMETRIC_REPRESENTATION_CONTEXT(2) 
PARAMETRIC_REPRESENTATION_CONTEXT() REPRESENTATION_CONTEXT('2D SPACE',''
  ) );
#1881 = PCURVE('',#1153,#1882);
#1882 = DEFINITIONAL_REPRESENTATION('',(#1883),#1887);
#1883 = LINE('',#1884,#1885);
#1884 = CARTESIAN_POINT('',(-44.73161336158,40.700386246977));
#1885 = VECTOR('',#1886,1.);
#1886 = DIRECTION('',(1.,0.));
#1887 = ( GEOMETRIC_REPRESENTATION_CONTEXT(2) 
PARAMETRIC_REPRESENTATION_CONTEXT() REPRESENTATION_CONTEXT('2D SPACE',''
  ) );
#1888 = ADVANCED_FACE('',(#1889,#1969,#2093,#2217,#2341,#2344),#1153,.F.
  );
#1889 = FACE_BOUND('',#1890,.F.);
#1890 = EDGE_LOOP('',(#1891,#1921,#1942,#1943));
#1891 = ORIENTED_EDGE('',*,*,#1892,.F.);
#1892 = EDGE_CURVE('',#1893,#1895,#1897,.T.);
#1893 = VERTEX_POINT('',#1894);
#1894 = CARTESIAN_POINT('',(52.65,-19.,-30.));
#1895 = VERTEX_POINT('',#1896);
#1896 = CARTESIAN_POINT('',(-39.,-19.,-30.));
#1897 = SURFACE_CURVE('',#1898,(#1902,#1909),.PCURVE_S1.);
#1898 = LINE('',#1899,#1900);
#1899 = CARTESIAN_POINT('',(53.65,-19.,-30.));
#1900 = VECTOR('',#1901,1.);
#1901 = DIRECTION('',(-1.,0.,0.));
#1902 = PCURVE('',#1153,#1903);
#1903 = DEFINITIONAL_REPRESENTATION('',(#1904),#1908);
#1904 = LINE('',#1905,#1906);
#1905 = CARTESIAN_POINT('',(48.918386638417,-34.12461375302));
#1906 = VECTOR('',#1907,1.);
#1907 = DIRECTION('',(-1.,0.));
#1908 = ( GEOMETRIC_REPRESENTATION_CONTEXT(2) 
PARAMETRIC_REPRESENTATION_CONTEXT() REPRESENTATION_CONTEXT('2D SPACE',''
  ) );
#1909 = PCURVE('',#1910,#1915);
#1910 = PLANE('',#1911);
#1911 = AXIS2_PLACEMENT_3D('',#1912,#1913,#1914);
#1912 = CARTESIAN_POINT('',(53.65,-19.5,-29.5));
#1913 = DIRECTION('',(5.911709633991E-18,0.707106781187,0.707106781187)
  );
#1914 = DIRECTION('',(-1.,4.180209970601E-18,4.180209970601E-18));
#1915 = DEFINITIONAL_REPRESENTATION('',(#1916),#1920);
#1916 = LINE('',#1917,#1918);
#1917 = CARTESIAN_POINT('',(0.,-0.707106781187));
#1918 = VECTOR('',#1919,1.);
#1919 = DIRECTION('',(1.,-1.211845495834E-34));
#1920 = ( GEOMETRIC_REPRESENTATION_CONTEXT(2) 
PARAMETRIC_REPRESENTATION_CONTEXT() REPRESENTATION_CONTEXT('2D SPACE',''
  ) );
#1921 = ORIENTED_EDGE('',*,*,#1922,.F.);
#1922 = EDGE_CURVE('',#1846,#1893,#1923,.T.);
#1923 = SURFACE_CURVE('',#1924,(#1928,#1935),.PCURVE_S1.);
#1924 = LINE('',#1925,#1926);
#1925 = CARTESIAN_POINT('',(52.65,56.825,-30.));
#1926 = VECTOR('',#1927,1.);
#1927 = DIRECTION('',(0.,-1.,0.));
#1928 = PCURVE('',#1153,#1929);
#1929 = DEFINITIONAL_REPRESENTATION('',(#1930),#1934);
#1930 = LINE('',#1931,#1932);
#1931 = CARTESIAN_POINT('',(47.918386638417,41.700386246977));
#1932 = VECTOR('',#1933,1.);
#1933 = DIRECTION('',(0.,-1.));
#1934 = ( GEOMETRIC_REPRESENTATION_CONTEXT(2) 
PARAMETRIC_REPRESENTATION_CONTEXT() REPRESENTATION_CONTEXT('2D SPACE',''
  ) );
#1935 = PCURVE('',#1506,#1936);
#1936 = DEFINITIONAL_REPRESENTATION('',(#1937),#1941);
#1937 = LINE('',#1938,#1939);
#1938 = CARTESIAN_POINT('',(0.,-0.707106781187));
#1939 = VECTOR('',#1940,1.);
#1940 = DIRECTION('',(1.,1.211845495834E-34));
#1941 = ( GEOMETRIC_REPRESENTATION_CONTEXT(2) 
PARAMETRIC_REPRESENTATION_CONTEXT() REPRESENTATION_CONTEXT('2D SPACE',''
  ) );
#1942 = ORIENTED_EDGE('',*,*,#1868,.F.);
#1943 = ORIENTED_EDGE('',*,*,#1944,.F.);
#1944 = EDGE_CURVE('',#1895,#1822,#1945,.T.);
#1945 = SURFACE_CURVE('',#1946,(#1950,#1957),.PCURVE_S1.);
#1946 = LINE('',#1947,#1948);
#1947 = CARTESIAN_POINT('',(-39.,-20.,-30.));
#1948 = VECTOR('',#1949,1.);
#1949 = DIRECTION('',(0.,1.,0.));
#1950 = PCURVE('',#1153,#1951);
#1951 = DEFINITIONAL_REPRESENTATION('',(#1952),#1956);
#1952 = LINE('',#1953,#1954);
#1953 = CARTESIAN_POINT('',(-43.73161336158,-35.12461375302));
#1954 = VECTOR('',#1955,1.);
#1955 = DIRECTION('',(0.,1.));
#1956 = ( GEOMETRIC_REPRESENTATION_CONTEXT(2) 
PARAMETRIC_REPRESENTATION_CONTEXT() REPRESENTATION_CONTEXT('2D SPACE',''
  ) );
#1957 = PCURVE('',#1958,#1963);
#1958 = PLANE('',#1959);
#1959 = AXIS2_PLACEMENT_3D('',#1960,#1961,#1962);
#1960 = CARTESIAN_POINT('',(-39.5,-20.,-29.5));
#1961 = DIRECTION('',(0.707106781187,5.911709633991E-18,0.707106781187)
  );
#1962 = DIRECTION('',(-4.180209970601E-18,1.,-4.180209970601E-18));
#1963 = DEFINITIONAL_REPRESENTATION('',(#1964),#1968);
#1964 = LINE('',#1965,#1966);
#1965 = CARTESIAN_POINT('',(0.,-0.707106781187));
#1966 = VECTOR('',#1967,1.);
#1967 = DIRECTION('',(1.,1.211845495834E-34));
#1968 = ( GEOMETRIC_REPRESENTATION_CONTEXT(2) 
PARAMETRIC_REPRESENTATION_CONTEXT() REPRESENTATION_CONTEXT('2D SPACE',''
  ) );
#1969 = FACE_BOUND('',#1970,.F.);
#1970 = EDGE_LOOP('',(#1971,#2006,#2034,#2067));
#1971 = ORIENTED_EDGE('',*,*,#1972,.T.);
#1972 = EDGE_CURVE('',#1973,#1975,#1977,.T.);
#1973 = VERTEX_POINT('',#1974);
#1974 = CARTESIAN_POINT('',(29.325,-15.925,-30.));
#1975 = VERTEX_POINT('',#1976);
#1976 = CARTESIAN_POINT('',(29.325,-10.425,-30.));
#1977 = SURFACE_CURVE('',#1978,(#1983,#1994),.PCURVE_S1.);
#1978 = CIRCLE('',#1979,2.75);
#1979 = AXIS2_PLACEMENT_3D('',#1980,#1981,#1982);
#1980 = CARTESIAN_POINT('',(29.325,-13.175,-30.));
#1981 = DIRECTION('',(0.,0.,-1.));
#1982 = DIRECTION('',(1.,0.,0.));
#1983 = PCURVE('',#1153,#1984);
#1984 = DEFINITIONAL_REPRESENTATION('',(#1985),#1993);
#1985 = ( BOUNDED_CURVE() B_SPLINE_CURVE(2,(#1986,#1987,#1988,#1989,
#1990,#1991,#1992),.UNSPECIFIED.,.T.,.F.) B_SPLINE_CURVE_WITH_KNOTS((1,2
    ,2,2,2,1),(-2.094395102393,0.,2.094395102393,4.188790204786,
6.28318530718,8.377580409573),.UNSPECIFIED.) CURVE() 
GEOMETRIC_REPRESENTATION_ITEM() RATIONAL_B_SPLINE_CURVE((1.,0.5,1.,0.5,
1.,0.5,1.)) REPRESENTATION_ITEM('') );
#1986 = CARTESIAN_POINT('',(27.343386638417,-28.29961375302));
#1987 = CARTESIAN_POINT('',(27.343386638417,-33.06275347383));
#1988 = CARTESIAN_POINT('',(23.218386638417,-30.68118361343));
#1989 = CARTESIAN_POINT('',(19.093386638417,-28.29961375302));
#1990 = CARTESIAN_POINT('',(23.218386638417,-25.91804389261));
#1991 = CARTESIAN_POINT('',(27.343386638417,-23.5364740322));
#1992 = CARTESIAN_POINT('',(27.343386638417,-28.29961375302));
#1993 = ( GEOMETRIC_REPRESENTATION_CONTEXT(2) 
PARAMETRIC_REPRESENTATION_CONTEXT() REPRESENTATION_CONTEXT('2D SPACE',''
  ) );
#1994 = PCURVE('',#1995,#2000);
#1995 = CYLINDRICAL_SURFACE('',#1996,2.75);
#1996 = AXIS2_PLACEMENT_3D('',#1997,#1998,#1999);
#1997 = CARTESIAN_POINT('',(29.325,-13.175,0.));
#1998 = DIRECTION('',(-0.,-0.,-1.));
#1999 = DIRECTION('',(1.,0.,0.));
#2000 = DEFINITIONAL_REPRESENTATION('',(#2001),#2005);
#2001 = LINE('',#2002,#2003);
#2002 = CARTESIAN_POINT('',(-6.28318530718,30.));
#2003 = VECTOR('',#2004,1.);
#2004 = DIRECTION('',(1.,-0.));
#2005 = ( GEOMETRIC_REPRESENTATION_CONTEXT(2) 
PARAMETRIC_REPRESENTATION_CONTEXT() REPRESENTATION_CONTEXT('2D SPACE',''
  ) );
#2006 = ORIENTED_EDGE('',*,*,#2007,.T.);
#2007 = EDGE_CURVE('',#1975,#2008,#2010,.T.);
#2008 = VERTEX_POINT('',#2009);
#2009 = CARTESIAN_POINT('',(44.325,-10.425,-30.));
#2010 = SURFACE_CURVE('',#2011,(#2015,#2022),.PCURVE_S1.);
#2011 = LINE('',#2012,#2013);
#2012 = CARTESIAN_POINT('',(29.325,-10.425,-30.));
#2013 = VECTOR('',#2014,1.);
#2014 = DIRECTION('',(1.,0.,0.));
#2015 = PCURVE('',#1153,#2016);
#2016 = DEFINITIONAL_REPRESENTATION('',(#2017),#2021);
#2017 = LINE('',#2018,#2019);
#2018 = CARTESIAN_POINT('',(24.593386638417,-25.54961375302));
#2019 = VECTOR('',#2020,1.);
#2020 = DIRECTION('',(1.,0.));
#2021 = ( GEOMETRIC_REPRESENTATION_CONTEXT(2) 
PARAMETRIC_REPRESENTATION_CONTEXT() REPRESENTATION_CONTEXT('2D SPACE',''
  ) );
#2022 = PCURVE('',#2023,#2028);
#2023 = PLANE('',#2024);
#2024 = AXIS2_PLACEMENT_3D('',#2025,#2026,#2027);
#2025 = CARTESIAN_POINT('',(36.825,-10.425,-12.5));
#2026 = DIRECTION('',(-0.,-1.,-0.));
#2027 = DIRECTION('',(0.,0.,-1.));
#2028 = DEFINITIONAL_REPRESENTATION('',(#2029),#2033);
#2029 = LINE('',#2030,#2031);
#2030 = CARTESIAN_POINT('',(17.5,-7.5));
#2031 = VECTOR('',#2032,1.);
#2032 = DIRECTION('',(0.,1.));
#2033 = ( GEOMETRIC_REPRESENTATION_CONTEXT(2) 
PARAMETRIC_REPRESENTATION_CONTEXT() REPRESENTATION_CONTEXT('2D SPACE',''
  ) );
#2034 = ORIENTED_EDGE('',*,*,#2035,.T.);
#2035 = EDGE_CURVE('',#2008,#2036,#2038,.T.);
#2036 = VERTEX_POINT('',#2037);
#2037 = CARTESIAN_POINT('',(44.325,-15.925,-30.));
#2038 = SURFACE_CURVE('',#2039,(#2044,#2055),.PCURVE_S1.);
#2039 = CIRCLE('',#2040,2.75);
#2040 = AXIS2_PLACEMENT_3D('',#2041,#2042,#2043);
#2041 = CARTESIAN_POINT('',(44.325,-13.175,-30.));
#2042 = DIRECTION('',(0.,0.,-1.));
#2043 = DIRECTION('',(1.,0.,0.));
#2044 = PCURVE('',#1153,#2045);
#2045 = DEFINITIONAL_REPRESENTATION('',(#2046),#2054);
#2046 = ( BOUNDED_CURVE() B_SPLINE_CURVE(2,(#2047,#2048,#2049,#2050,
#2051,#2052,#2053),.UNSPECIFIED.,.T.,.F.) B_SPLINE_CURVE_WITH_KNOTS((1,2
    ,2,2,2,1),(-2.094395102393,0.,2.094395102393,4.188790204786,
6.28318530718,8.377580409573),.UNSPECIFIED.) CURVE() 
GEOMETRIC_REPRESENTATION_ITEM() RATIONAL_B_SPLINE_CURVE((1.,0.5,1.,0.5,
1.,0.5,1.)) REPRESENTATION_ITEM('') );
#2047 = CARTESIAN_POINT('',(42.343386638417,-28.29961375302));
#2048 = CARTESIAN_POINT('',(42.343386638417,-33.06275347383));
#2049 = CARTESIAN_POINT('',(38.218386638417,-30.68118361343));
#2050 = CARTESIAN_POINT('',(34.093386638417,-28.29961375302));
#2051 = CARTESIAN_POINT('',(38.218386638417,-25.91804389261));
#2052 = CARTESIAN_POINT('',(42.343386638417,-23.5364740322));
#2053 = CARTESIAN_POINT('',(42.343386638417,-28.29961375302));
#2054 = ( GEOMETRIC_REPRESENTATION_CONTEXT(2) 
PARAMETRIC_REPRESENTATION_CONTEXT() REPRESENTATION_CONTEXT('2D SPACE',''
  ) );
#2055 = PCURVE('',#2056,#2061);
#2056 = CYLINDRICAL_SURFACE('',#2057,2.75);
#2057 = AXIS2_PLACEMENT_3D('',#2058,#2059,#2060);
#2058 = CARTESIAN_POINT('',(44.325,-13.175,0.));
#2059 = DIRECTION('',(-0.,-0.,-1.));
#2060 = DIRECTION('',(1.,0.,0.));
#2061 = DEFINITIONAL_REPRESENTATION('',(#2062),#2066);
#2062 = LINE('',#2063,#2064);
#2063 = CARTESIAN_POINT('',(-6.28318530718,30.));
#2064 = VECTOR('',#2065,1.);
#2065 = DIRECTION('',(1.,-0.));
#2066 = ( GEOMETRIC_REPRESENTATION_CONTEXT(2) 
PARAMETRIC_REPRESENTATION_CONTEXT() REPRESENTATION_CONTEXT('2D SPACE',''
  ) );
#2067 = ORIENTED_EDGE('',*,*,#2068,.F.);
#2068 = EDGE_CURVE('',#1973,#2036,#2069,.T.);
#2069 = SURFACE_CURVE('',#2070,(#2074,#2081),.PCURVE_S1.);
#2070 = LINE('',#2071,#2072);
#2071 = CARTESIAN_POINT('',(29.325,-15.925,-30.));
#2072 = VECTOR('',#2073,1.);
#2073 = DIRECTION('',(1.,0.,0.));
#2074 = PCURVE('',#1153,#2075);
#2075 = DEFINITIONAL_REPRESENTATION('',(#2076),#2080);
#2076 = LINE('',#2077,#2078);
#2077 = CARTESIAN_POINT('',(24.593386638417,-31.04961375302));
#2078 = VECTOR('',#2079,1.);
#2079 = DIRECTION('',(1.,0.));
#2080 = ( GEOMETRIC_REPRESENTATION_CONTEXT(2) 
PARAMETRIC_REPRESENTATION_CONTEXT() REPRESENTATION_CONTEXT('2D SPACE',''
  ) );
#2081 = PCURVE('',#2082,#2087);
#2082 = PLANE('',#2083);
#2083 = AXIS2_PLACEMENT_3D('',#2084,#2085,#2086);
#2084 = CARTESIAN_POINT('',(36.825,-15.925,-12.5));
#2085 = DIRECTION('',(0.,1.,0.));
#2086 = DIRECTION('',(0.,0.,1.));
#2087 = DEFINITIONAL_REPRESENTATION('',(#2088),#2092);
#2088 = LINE('',#2089,#2090);
#2089 = CARTESIAN_POINT('',(-17.5,-7.5));
#2090 = VECTOR('',#2091,1.);
#2091 = DIRECTION('',(0.,1.));
#2092 = ( GEOMETRIC_REPRESENTATION_CONTEXT(2) 
PARAMETRIC_REPRESENTATION_CONTEXT() REPRESENTATION_CONTEXT('2D SPACE',''
  ) );
#2093 = FACE_BOUND('',#2094,.F.);
#2094 = EDGE_LOOP('',(#2095,#2130,#2158,#2191));
#2095 = ORIENTED_EDGE('',*,*,#2096,.T.);
#2096 = EDGE_CURVE('',#2097,#2099,#2101,.T.);
#2097 = VERTEX_POINT('',#2098);
#2098 = CARTESIAN_POINT('',(-30.675,44.075,-30.));
#2099 = VERTEX_POINT('',#2100);
#2100 = CARTESIAN_POINT('',(-30.675,49.575,-30.));
#2101 = SURFACE_CURVE('',#2102,(#2107,#2118),.PCURVE_S1.);
#2102 = CIRCLE('',#2103,2.75);
#2103 = AXIS2_PLACEMENT_3D('',#2104,#2105,#2106);
#2104 = CARTESIAN_POINT('',(-30.675,46.825,-30.));
#2105 = DIRECTION('',(0.,0.,-1.));
#2106 = DIRECTION('',(1.,0.,0.));
#2107 = PCURVE('',#1153,#2108);
#2108 = DEFINITIONAL_REPRESENTATION('',(#2109),#2117);
#2109 = ( BOUNDED_CURVE() B_SPLINE_CURVE(2,(#2110,#2111,#2112,#2113,
#2114,#2115,#2116),.UNSPECIFIED.,.T.,.F.) B_SPLINE_CURVE_WITH_KNOTS((1,2
    ,2,2,2,1),(-2.094395102393,0.,2.094395102393,4.188790204786,
6.28318530718,8.377580409573),.UNSPECIFIED.) CURVE() 
GEOMETRIC_REPRESENTATION_ITEM() RATIONAL_B_SPLINE_CURVE((1.,0.5,1.,0.5,
1.,0.5,1.)) REPRESENTATION_ITEM('') );
#2110 = CARTESIAN_POINT('',(-32.65661336158,31.700386246977));
#2111 = CARTESIAN_POINT('',(-32.65661336158,26.937246526163));
#2112 = CARTESIAN_POINT('',(-36.78161336158,29.31881638657));
#2113 = CARTESIAN_POINT('',(-40.90661336158,31.700386246977));
#2114 = CARTESIAN_POINT('',(-36.78161336158,34.081956107384));
#2115 = CARTESIAN_POINT('',(-32.65661336158,36.463525967791));
#2116 = CARTESIAN_POINT('',(-32.65661336158,31.700386246977));
#2117 = ( GEOMETRIC_REPRESENTATION_CONTEXT(2) 
PARAMETRIC_REPRESENTATION_CONTEXT() REPRESENTATION_CONTEXT('2D SPACE',''
  ) );
#2118 = PCURVE('',#2119,#2124);
#2119 = CYLINDRICAL_SURFACE('',#2120,2.75);
#2120 = AXIS2_PLACEMENT_3D('',#2121,#2122,#2123);
#2121 = CARTESIAN_POINT('',(-30.675,46.825,0.));
#2122 = DIRECTION('',(-0.,-0.,-1.));
#2123 = DIRECTION('',(1.,0.,0.));
#2124 = DEFINITIONAL_REPRESENTATION('',(#2125),#2129);
#2125 = LINE('',#2126,#2127);
#2126 = CARTESIAN_POINT('',(-6.28318530718,30.));
#2127 = VECTOR('',#2128,1.);
#2128 = DIRECTION('',(1.,-0.));
#2129 = ( GEOMETRIC_REPRESENTATION_CONTEXT(2) 
PARAMETRIC_REPRESENTATION_CONTEXT() REPRESENTATION_CONTEXT('2D SPACE',''
  ) );
#2130 = ORIENTED_EDGE('',*,*,#2131,.T.);
#2131 = EDGE_CURVE('',#2099,#2132,#2134,.T.);
#2132 = VERTEX_POINT('',#2133);
#2133 = CARTESIAN_POINT('',(-15.675,49.575,-30.));
#2134 = SURFACE_CURVE('',#2135,(#2139,#2146),.PCURVE_S1.);
#2135 = LINE('',#2136,#2137);
#2136 = CARTESIAN_POINT('',(-30.675,49.575,-30.));
#2137 = VECTOR('',#2138,1.);
#2138 = DIRECTION('',(1.,0.,0.));
#2139 = PCURVE('',#1153,#2140);
#2140 = DEFINITIONAL_REPRESENTATION('',(#2141),#2145);
#2141 = LINE('',#2142,#2143);
#2142 = CARTESIAN_POINT('',(-35.40661336158,34.450386246977));
#2143 = VECTOR('',#2144,1.);
#2144 = DIRECTION('',(1.,0.));
#2145 = ( GEOMETRIC_REPRESENTATION_CONTEXT(2) 
PARAMETRIC_REPRESENTATION_CONTEXT() REPRESENTATION_CONTEXT('2D SPACE',''
  ) );
#2146 = PCURVE('',#2147,#2152);
#2147 = PLANE('',#2148);
#2148 = AXIS2_PLACEMENT_3D('',#2149,#2150,#2151);
#2149 = CARTESIAN_POINT('',(-23.175,49.575,-12.5));
#2150 = DIRECTION('',(-0.,-1.,-0.));
#2151 = DIRECTION('',(0.,0.,-1.));
#2152 = DEFINITIONAL_REPRESENTATION('',(#2153),#2157);
#2153 = LINE('',#2154,#2155);
#2154 = CARTESIAN_POINT('',(17.5,-7.5));
#2155 = VECTOR('',#2156,1.);
#2156 = DIRECTION('',(0.,1.));
#2157 = ( GEOMETRIC_REPRESENTATION_CONTEXT(2) 
PARAMETRIC_REPRESENTATION_CONTEXT() REPRESENTATION_CONTEXT('2D SPACE',''
  ) );
#2158 = ORIENTED_EDGE('',*,*,#2159,.T.);
#2159 = EDGE_CURVE('',#2132,#2160,#2162,.T.);
#2160 = VERTEX_POINT('',#2161);
#2161 = CARTESIAN_POINT('',(-15.675,44.075,-30.));
#2162 = SURFACE_CURVE('',#2163,(#2168,#2179),.PCURVE_S1.);
#2163 = CIRCLE('',#2164,2.75);
#2164 = AXIS2_PLACEMENT_3D('',#2165,#2166,#2167);
#2165 = CARTESIAN_POINT('',(-15.675,46.825,-30.));
#2166 = DIRECTION('',(0.,0.,-1.));
#2167 = DIRECTION('',(1.,0.,0.));
#2168 = PCURVE('',#1153,#2169);
#2169 = DEFINITIONAL_REPRESENTATION('',(#2170),#2178);
#2170 = ( BOUNDED_CURVE() B_SPLINE_CURVE(2,(#2171,#2172,#2173,#2174,
#2175,#2176,#2177),.UNSPECIFIED.,.T.,.F.) B_SPLINE_CURVE_WITH_KNOTS((1,2
    ,2,2,2,1),(-2.094395102393,0.,2.094395102393,4.188790204786,
6.28318530718,8.377580409573),.UNSPECIFIED.) CURVE() 
GEOMETRIC_REPRESENTATION_ITEM() RATIONAL_B_SPLINE_CURVE((1.,0.5,1.,0.5,
1.,0.5,1.)) REPRESENTATION_ITEM('') );
#2171 = CARTESIAN_POINT('',(-17.65661336158,31.700386246977));
#2172 = CARTESIAN_POINT('',(-17.65661336158,26.937246526163));
#2173 = CARTESIAN_POINT('',(-21.78161336158,29.31881638657));
#2174 = CARTESIAN_POINT('',(-25.90661336158,31.700386246977));
#2175 = CARTESIAN_POINT('',(-21.78161336158,34.081956107384));
#2176 = CARTESIAN_POINT('',(-17.65661336158,36.463525967791));
#2177 = CARTESIAN_POINT('',(-17.65661336158,31.700386246977));
#2178 = ( GEOMETRIC_REPRESENTATION_CONTEXT(2) 
PARAMETRIC_REPRESENTATION_CONTEXT() REPRESENTATION_CONTEXT('2D SPACE',''
  ) );
#2179 = PCURVE('',#2180,#2185);
#2180 = CYLINDRICAL_SURFACE('',#2181,2.75);
#2181 = AXIS2_PLACEMENT_3D('',#2182,#2183,#2184);
#2182 = CARTESIAN_POINT('',(-15.675,46.825,0.));
#2183 = DIRECTION('',(-0.,-0.,-1.));
#2184 = DIRECTION('',(1.,0.,0.));
#2185 = DEFINITIONAL_REPRESENTATION('',(#2186),#2190);
#2186 = LINE('',#2187,#2188);
#2187 = CARTESIAN_POINT('',(-6.28318530718,30.));
#2188 = VECTOR('',#2189,1.);
#2189 = DIRECTION('',(1.,-0.));
#2190 = ( GEOMETRIC_REPRESENTATION_CONTEXT(2) 
PARAMETRIC_REPRESENTATION_CONTEXT() REPRESENTATION_CONTEXT('2D SPACE',''
  ) );
#2191 = ORIENTED_EDGE('',*,*,#2192,.F.);
#2192 = EDGE_CURVE('',#2097,#2160,#2193,.T.);
#2193 = SURFACE_CURVE('',#2194,(#2198,#2205),.PCURVE_S1.);
#2194 = LINE('',#2195,#2196);
#2195 = CARTESIAN_POINT('',(-30.675,44.075,-30.));
#2196 = VECTOR('',#2197,1.);
#2197 = DIRECTION('',(1.,0.,0.));
#2198 = PCURVE('',#1153,#2199);
#2199 = DEFINITIONAL_REPRESENTATION('',(#2200),#2204);
#2200 = LINE('',#2201,#2202);
#2201 = CARTESIAN_POINT('',(-35.40661336158,28.950386246977));
#2202 = VECTOR('',#2203,1.);
#2203 = DIRECTION('',(1.,0.));
#2204 = ( GEOMETRIC_REPRESENTATION_CONTEXT(2) 
PARAMETRIC_REPRESENTATION_CONTEXT() REPRESENTATION_CONTEXT('2D SPACE',''
  ) );
#2205 = PCURVE('',#2206,#2211);
#2206 = PLANE('',#2207);
#2207 = AXIS2_PLACEMENT_3D('',#2208,#2209,#2210);
#2208 = CARTESIAN_POINT('',(-23.175,44.075,-12.5));
#2209 = DIRECTION('',(0.,1.,0.));
#2210 = DIRECTION('',(0.,0.,1.));
#2211 = DEFINITIONAL_REPRESENTATION('',(#2212),#2216);
#2212 = LINE('',#2213,#2214);
#2213 = CARTESIAN_POINT('',(-17.5,-7.5));
#2214 = VECTOR('',#2215,1.);
#2215 = DIRECTION('',(0.,1.));
#2216 = ( GEOMETRIC_REPRESENTATION_CONTEXT(2) 
PARAMETRIC_REPRESENTATION_CONTEXT() REPRESENTATION_CONTEXT('2D SPACE',''
  ) );
#2217 = FACE_BOUND('',#2218,.F.);
#2218 = EDGE_LOOP('',(#2219,#2254,#2282,#2315));
#2219 = ORIENTED_EDGE('',*,*,#2220,.T.);
#2220 = EDGE_CURVE('',#2221,#2223,#2225,.T.);
#2221 = VERTEX_POINT('',#2222);
#2222 = CARTESIAN_POINT('',(-30.675,-15.925,-30.));
#2223 = VERTEX_POINT('',#2224);
#2224 = CARTESIAN_POINT('',(-30.675,-10.425,-30.));
#2225 = SURFACE_CURVE('',#2226,(#2231,#2242),.PCURVE_S1.);
#2226 = CIRCLE('',#2227,2.75);
#2227 = AXIS2_PLACEMENT_3D('',#2228,#2229,#2230);
#2228 = CARTESIAN_POINT('',(-30.675,-13.175,-30.));
#2229 = DIRECTION('',(0.,0.,-1.));
#2230 = DIRECTION('',(1.,0.,0.));
#2231 = PCURVE('',#1153,#2232);
#2232 = DEFINITIONAL_REPRESENTATION('',(#2233),#2241);
#2233 = ( BOUNDED_CURVE() B_SPLINE_CURVE(2,(#2234,#2235,#2236,#2237,
#2238,#2239,#2240),.UNSPECIFIED.,.T.,.F.) B_SPLINE_CURVE_WITH_KNOTS((1,2
    ,2,2,2,1),(-2.094395102393,0.,2.094395102393,4.188790204786,
6.28318530718,8.377580409573),.UNSPECIFIED.) CURVE() 
GEOMETRIC_REPRESENTATION_ITEM() RATIONAL_B_SPLINE_CURVE((1.,0.5,1.,0.5,
1.,0.5,1.)) REPRESENTATION_ITEM('') );
#2234 = CARTESIAN_POINT('',(-32.65661336158,-28.29961375302));
#2235 = CARTESIAN_POINT('',(-32.65661336158,-33.06275347383));
#2236 = CARTESIAN_POINT('',(-36.78161336158,-30.68118361343));
#2237 = CARTESIAN_POINT('',(-40.90661336158,-28.29961375302));
#2238 = CARTESIAN_POINT('',(-36.78161336158,-25.91804389261));
#2239 = CARTESIAN_POINT('',(-32.65661336158,-23.5364740322));
#2240 = CARTESIAN_POINT('',(-32.65661336158,-28.29961375302));
#2241 = ( GEOMETRIC_REPRESENTATION_CONTEXT(2) 
PARAMETRIC_REPRESENTATION_CONTEXT() REPRESENTATION_CONTEXT('2D SPACE',''
  ) );
#2242 = PCURVE('',#2243,#2248);
#2243 = CYLINDRICAL_SURFACE('',#2244,2.75);
#2244 = AXIS2_PLACEMENT_3D('',#2245,#2246,#2247);
#2245 = CARTESIAN_POINT('',(-30.675,-13.175,0.));
#2246 = DIRECTION('',(-0.,-0.,-1.));
#2247 = DIRECTION('',(1.,0.,0.));
#2248 = DEFINITIONAL_REPRESENTATION('',(#2249),#2253);
#2249 = LINE('',#2250,#2251);
#2250 = CARTESIAN_POINT('',(-6.28318530718,30.));
#2251 = VECTOR('',#2252,1.);
#2252 = DIRECTION('',(1.,-0.));
#2253 = ( GEOMETRIC_REPRESENTATION_CONTEXT(2) 
PARAMETRIC_REPRESENTATION_CONTEXT() REPRESENTATION_CONTEXT('2D SPACE',''
  ) );
#2254 = ORIENTED_EDGE('',*,*,#2255,.T.);
#2255 = EDGE_CURVE('',#2223,#2256,#2258,.T.);
#2256 = VERTEX_POINT('',#2257);
#2257 = CARTESIAN_POINT('',(-15.675,-10.425,-30.));
#2258 = SURFACE_CURVE('',#2259,(#2263,#2270),.PCURVE_S1.);
#2259 = LINE('',#2260,#2261);
#2260 = CARTESIAN_POINT('',(-30.675,-10.425,-30.));
#2261 = VECTOR('',#2262,1.);
#2262 = DIRECTION('',(1.,0.,0.));
#2263 = PCURVE('',#1153,#2264);
#2264 = DEFINITIONAL_REPRESENTATION('',(#2265),#2269);
#2265 = LINE('',#2266,#2267);
#2266 = CARTESIAN_POINT('',(-35.40661336158,-25.54961375302));
#2267 = VECTOR('',#2268,1.);
#2268 = DIRECTION('',(1.,0.));
#2269 = ( GEOMETRIC_REPRESENTATION_CONTEXT(2) 
PARAMETRIC_REPRESENTATION_CONTEXT() REPRESENTATION_CONTEXT('2D SPACE',''
  ) );
#2270 = PCURVE('',#2271,#2276);
#2271 = PLANE('',#2272);
#2272 = AXIS2_PLACEMENT_3D('',#2273,#2274,#2275);
#2273 = CARTESIAN_POINT('',(-23.175,-10.425,-12.5));
#2274 = DIRECTION('',(-0.,-1.,-0.));
#2275 = DIRECTION('',(0.,0.,-1.));
#2276 = DEFINITIONAL_REPRESENTATION('',(#2277),#2281);
#2277 = LINE('',#2278,#2279);
#2278 = CARTESIAN_POINT('',(17.5,-7.5));
#2279 = VECTOR('',#2280,1.);
#2280 = DIRECTION('',(0.,1.));
#2281 = ( GEOMETRIC_REPRESENTATION_CONTEXT(2) 
PARAMETRIC_REPRESENTATION_CONTEXT() REPRESENTATION_CONTEXT('2D SPACE',''
  ) );
#2282 = ORIENTED_EDGE('',*,*,#2283,.T.);
#2283 = EDGE_CURVE('',#2256,#2284,#2286,.T.);
#2284 = VERTEX_POINT('',#2285);
#2285 = CARTESIAN_POINT('',(-15.675,-15.925,-30.));
#2286 = SURFACE_CURVE('',#2287,(#2292,#2303),.PCURVE_S1.);
#2287 = CIRCLE('',#2288,2.75);
#2288 = AXIS2_PLACEMENT_3D('',#2289,#2290,#2291);
#2289 = CARTESIAN_POINT('',(-15.675,-13.175,-30.));
#2290 = DIRECTION('',(0.,0.,-1.));
#2291 = DIRECTION('',(1.,0.,0.));
#2292 = PCURVE('',#1153,#2293);
#2293 = DEFINITIONAL_REPRESENTATION('',(#2294),#2302);
#2294 = ( BOUNDED_CURVE() B_SPLINE_CURVE(2,(#2295,#2296,#2297,#2298,
#2299,#2300,#2301),.UNSPECIFIED.,.T.,.F.) B_SPLINE_CURVE_WITH_KNOTS((1,2
    ,2,2,2,1),(-2.094395102393,0.,2.094395102393,4.188790204786,
6.28318530718,8.377580409573),.UNSPECIFIED.) CURVE() 
GEOMETRIC_REPRESENTATION_ITEM() RATIONAL_B_SPLINE_CURVE((1.,0.5,1.,0.5,
1.,0.5,1.)) REPRESENTATION_ITEM('') );
#2295 = CARTESIAN_POINT('',(-17.65661336158,-28.29961375302));
#2296 = CARTESIAN_POINT('',(-17.65661336158,-33.06275347383));
#2297 = CARTESIAN_POINT('',(-21.78161336158,-30.68118361343));
#2298 = CARTESIAN_POINT('',(-25.90661336158,-28.29961375302));
#2299 = CARTESIAN_POINT('',(-21.78161336158,-25.91804389261));
#2300 = CARTESIAN_POINT('',(-17.65661336158,-23.5364740322));
#2301 = CARTESIAN_POINT('',(-17.65661336158,-28.29961375302));
#2302 = ( GEOMETRIC_REPRESENTATION_CONTEXT(2) 
PARAMETRIC_REPRESENTATION_CONTEXT() REPRESENTATION_CONTEXT('2D SPACE',''
  ) );
#2303 = PCURVE('',#2304,#2309);
#2304 = CYLINDRICAL_SURFACE('',#2305,2.75);
#2305 = AXIS2_PLACEMENT_3D('',#2306,#2307,#2308);
#2306 = CARTESIAN_POINT('',(-15.675,-13.175,0.));
#2307 = DIRECTION('',(-0.,-0.,-1.));
#2308 = DIRECTION('',(1.,0.,0.));
#2309 = DEFINITIONAL_REPRESENTATION('',(#2310),#2314);
#2310 = LINE('',#2311,#2312);
#2311 = CARTESIAN_POINT('',(-6.28318530718,30.));
#2312 = VECTOR('',#2313,1.);
#2313 = DIRECTION('',(1.,-0.));
#2314 = ( GEOMETRIC_REPRESENTATION_CONTEXT(2) 
PARAMETRIC_REPRESENTATION_CONTEXT() REPRESENTATION_CONTEXT('2D SPACE',''
  ) );
#2315 = ORIENTED_EDGE('',*,*,#2316,.F.);
#2316 = EDGE_CURVE('',#2221,#2284,#2317,.T.);
#2317 = SURFACE_CURVE('',#2318,(#2322,#2329),.PCURVE_S1.);
#2318 = LINE('',#2319,#2320);
#2319 = CARTESIAN_POINT('',(-30.675,-15.925,-30.));
#2320 = VECTOR('',#2321,1.);
#2321 = DIRECTION('',(1.,0.,0.));
#2322 = PCURVE('',#1153,#2323);
#2323 = DEFINITIONAL_REPRESENTATION('',(#2324),#2328);
#2324 = LINE('',#2325,#2326);
#2325 = CARTESIAN_POINT('',(-35.40661336158,-31.04961375302));
#2326 = VECTOR('',#2327,1.);
#2327 = DIRECTION('',(1.,0.));
#2328 = ( GEOMETRIC_REPRESENTATION_CONTEXT(2) 
PARAMETRIC_REPRESENTATION_CONTEXT() REPRESENTATION_CONTEXT('2D SPACE',''
  ) );
#2329 = PCURVE('',#2330,#2335);
#2330 = PLANE('',#2331);
#2331 = AXIS2_PLACEMENT_3D('',#2332,#2333,#2334);
#2332 = CARTESIAN_POINT('',(-23.175,-15.925,-12.5));
#2333 = DIRECTION('',(0.,1.,0.));
#2334 = DIRECTION('',(0.,0.,1.));
#2335 = DEFINITIONAL_REPRESENTATION('',(#2336),#2340);
#2336 = LINE('',#2337,#2338);
#2337 = CARTESIAN_POINT('',(-17.5,-7.5));
#2338 = VECTOR('',#2339,1.);
#2339 = DIRECTION('',(0.,1.));
#2340 = ( GEOMETRIC_REPRESENTATION_CONTEXT(2) 
PARAMETRIC_REPRESENTATION_CONTEXT() REPRESENTATION_CONTEXT('2D SPACE',''
  ) );
#2341 = FACE_BOUND('',#2342,.F.);
#2342 = EDGE_LOOP('',(#2343));
#2343 = ORIENTED_EDGE('',*,*,#1194,.T.);
#2344 = FACE_BOUND('',#2345,.F.);
#2345 = EDGE_LOOP('',(#2346));
#2346 = ORIENTED_EDGE('',*,*,#1136,.T.);
#2347 = ADVANCED_FACE('',(#2348),#1293,.T.);
#2348 = FACE_BOUND('',#2349,.T.);
#2349 = EDGE_LOOP('',(#2350,#2373,#2394,#2395));
#2350 = ORIENTED_EDGE('',*,*,#2351,.F.);
#2351 = EDGE_CURVE('',#2352,#1255,#2354,.T.);
#2352 = VERTEX_POINT('',#2353);
#2353 = CARTESIAN_POINT('',(1.010143570466E-15,-7.35,5.));
#2354 = SURFACE_CURVE('',#2355,(#2359,#2366),.PCURVE_S1.);
#2355 = LINE('',#2356,#2357);
#2356 = CARTESIAN_POINT('',(1.053969973062E-15,-6.35,4.));
#2357 = VECTOR('',#2358,1.);
#2358 = DIRECTION('',(3.098994647099E-17,0.707106781187,-0.707106781187)
  );
#2359 = PCURVE('',#1293,#2360);
#2360 = DEFINITIONAL_REPRESENTATION('',(#2361),#2365);
#2361 = LINE('',#2362,#2363);
#2362 = CARTESIAN_POINT('',(2.830326812463E-15,0.707106781187));
#2363 = VECTOR('',#2364,1.);
#2364 = DIRECTION('',(3.098994647099E-17,1.));
#2365 = ( GEOMETRIC_REPRESENTATION_CONTEXT(2) 
PARAMETRIC_REPRESENTATION_CONTEXT() REPRESENTATION_CONTEXT('2D SPACE',''
  ) );
#2366 = PCURVE('',#1419,#2367);
#2367 = DEFINITIONAL_REPRESENTATION('',(#2368),#2372);
#2368 = LINE('',#2369,#2370);
#2369 = CARTESIAN_POINT('',(1.570796326795,-0.));
#2370 = VECTOR('',#2371,1.);
#2371 = DIRECTION('',(0.,-1.));
#2372 = ( GEOMETRIC_REPRESENTATION_CONTEXT(2) 
PARAMETRIC_REPRESENTATION_CONTEXT() REPRESENTATION_CONTEXT('2D SPACE',''
  ) );
#2373 = ORIENTED_EDGE('',*,*,#2374,.T.);
#2374 = EDGE_CURVE('',#2352,#1331,#2375,.T.);
#2375 = SURFACE_CURVE('',#2376,(#2380,#2387),.PCURVE_S1.);
#2376 = LINE('',#2377,#2378);
#2377 = CARTESIAN_POINT('',(-1.7763568394E-15,-7.35,5.));
#2378 = VECTOR('',#2379,1.);
#2379 = DIRECTION('',(1.,0.,0.));
#2380 = PCURVE('',#1293,#2381);
#2381 = DEFINITIONAL_REPRESENTATION('',(#2382),#2386);
#2382 = LINE('',#2383,#2384);
#2383 = CARTESIAN_POINT('',(0.,-0.707106781187));
#2384 = VECTOR('',#2385,1.);
#2385 = DIRECTION('',(1.,1.17176565413E-34));
#2386 = ( GEOMETRIC_REPRESENTATION_CONTEXT(2) 
PARAMETRIC_REPRESENTATION_CONTEXT() REPRESENTATION_CONTEXT('2D SPACE',''
  ) );
#2387 = PCURVE('',#1450,#2388);
#2388 = DEFINITIONAL_REPRESENTATION('',(#2389),#2393);
#2389 = LINE('',#2390,#2391);
#2390 = CARTESIAN_POINT('',(3.946503581277,-14.59619939691));
#2391 = VECTOR('',#2392,1.);
#2392 = DIRECTION('',(1.,0.));
#2393 = ( GEOMETRIC_REPRESENTATION_CONTEXT(2) 
PARAMETRIC_REPRESENTATION_CONTEXT() REPRESENTATION_CONTEXT('2D SPACE',''
  ) );
#2394 = ORIENTED_EDGE('',*,*,#1330,.T.);
#2395 = ORIENTED_EDGE('',*,*,#1277,.F.);
#2396 = ADVANCED_FACE('',(#2397),#1419,.F.);
#2397 = FACE_BOUND('',#2398,.T.);
#2398 = EDGE_LOOP('',(#2399,#2422,#2444,#2445));
#2399 = ORIENTED_EDGE('',*,*,#2400,.F.);
#2400 = EDGE_CURVE('',#2401,#1380,#2403,.T.);
#2401 = VERTEX_POINT('',#2402);
#2402 = CARTESIAN_POINT('',(-7.35,0.,5.));
#2403 = SURFACE_CURVE('',#2404,(#2408,#2415),.PCURVE_S1.);
#2404 = LINE('',#2405,#2406);
#2405 = CARTESIAN_POINT('',(-6.85,0.,4.5));
#2406 = VECTOR('',#2407,1.);
#2407 = DIRECTION('',(0.707106781187,-7.5142008658E-36,-0.707106781187)
  );
#2408 = PCURVE('',#1419,#2409);
#2409 = DEFINITIONAL_REPRESENTATION('',(#2410),#2414);
#2410 = LINE('',#2411,#2412);
#2411 = CARTESIAN_POINT('',(-0.,0.5));
#2412 = VECTOR('',#2413,1.);
#2413 = DIRECTION('',(0.,-1.));
#2414 = ( GEOMETRIC_REPRESENTATION_CONTEXT(2) 
PARAMETRIC_REPRESENTATION_CONTEXT() REPRESENTATION_CONTEXT('2D SPACE',''
  ) );
#2415 = PCURVE('',#1585,#2416);
#2416 = DEFINITIONAL_REPRESENTATION('',(#2417),#2421);
#2417 = LINE('',#2418,#2419);
#2418 = CARTESIAN_POINT('',(56.825,4.269944641991E-34));
#2419 = VECTOR('',#2420,1.);
#2420 = DIRECTION('',(-5.992133792507E-35,1.));
#2421 = ( GEOMETRIC_REPRESENTATION_CONTEXT(2) 
PARAMETRIC_REPRESENTATION_CONTEXT() REPRESENTATION_CONTEXT('2D SPACE',''
  ) );
#2422 = ORIENTED_EDGE('',*,*,#2423,.T.);
#2423 = EDGE_CURVE('',#2401,#2352,#2424,.T.);
#2424 = SURFACE_CURVE('',#2425,(#2430,#2437),.PCURVE_S1.);
#2425 = CIRCLE('',#2426,7.35);
#2426 = AXIS2_PLACEMENT_3D('',#2427,#2428,#2429);
#2427 = CARTESIAN_POINT('',(1.33226762955E-15,8.881784197001E-16,5.));
#2428 = DIRECTION('',(0.,0.,1.));
#2429 = DIRECTION('',(-1.,-1.740593736087E-17,0.));
#2430 = PCURVE('',#1419,#2431);
#2431 = DEFINITIONAL_REPRESENTATION('',(#2432),#2436);
#2432 = LINE('',#2433,#2434);
#2433 = CARTESIAN_POINT('',(-0.,1.));
#2434 = VECTOR('',#2435,1.);
#2435 = DIRECTION('',(1.,-0.));
#2436 = ( GEOMETRIC_REPRESENTATION_CONTEXT(2) 
PARAMETRIC_REPRESENTATION_CONTEXT() REPRESENTATION_CONTEXT('2D SPACE',''
  ) );
#2437 = PCURVE('',#1450,#2438);
#2438 = DEFINITIONAL_REPRESENTATION('',(#2439),#2443);
#2439 = CIRCLE('',#2440,7.35);
#2440 = AXIS2_PLACEMENT_2D('',#2441,#2442);
#2441 = CARTESIAN_POINT('',(3.946503581277,-7.24619939691));
#2442 = DIRECTION('',(-1.,-1.740593736087E-17));
#2443 = ( GEOMETRIC_REPRESENTATION_CONTEXT(2) 
PARAMETRIC_REPRESENTATION_CONTEXT() REPRESENTATION_CONTEXT('2D SPACE',''
  ) );
#2444 = ORIENTED_EDGE('',*,*,#2351,.T.);
#2445 = ORIENTED_EDGE('',*,*,#1404,.F.);
#2446 = ADVANCED_FACE('',(#2447,#2528,#2624,#2720),#1450,.T.);
#2447 = FACE_BOUND('',#2448,.T.);
#2448 = EDGE_LOOP('',(#2449,#2450,#2451,#2452,#2473,#2474,#2502));
#2449 = ORIENTED_EDGE('',*,*,#1434,.F.);
#2450 = ORIENTED_EDGE('',*,*,#2374,.F.);
#2451 = ORIENTED_EDGE('',*,*,#2423,.F.);
#2452 = ORIENTED_EDGE('',*,*,#2453,.F.);
#2453 = EDGE_CURVE('',#1694,#2401,#2454,.T.);
#2454 = SURFACE_CURVE('',#2455,(#2459,#2466),.PCURVE_S1.);
#2455 = LINE('',#2456,#2457);
#2456 = CARTESIAN_POINT('',(-7.35,56.825,5.));
#2457 = VECTOR('',#2458,1.);
#2458 = DIRECTION('',(0.,-1.,0.));
#2459 = PCURVE('',#1450,#2460);
#2460 = DEFINITIONAL_REPRESENTATION('',(#2461),#2465);
#2461 = LINE('',#2462,#2463);
#2462 = CARTESIAN_POINT('',(-3.403496418723,49.57880060309));
#2463 = VECTOR('',#2464,1.);
#2464 = DIRECTION('',(0.,-1.));
#2465 = ( GEOMETRIC_REPRESENTATION_CONTEXT(2) 
PARAMETRIC_REPRESENTATION_CONTEXT() REPRESENTATION_CONTEXT('2D SPACE',''
  ) );
#2466 = PCURVE('',#1585,#2467);
#2467 = DEFINITIONAL_REPRESENTATION('',(#2468),#2472);
#2468 = LINE('',#2469,#2470);
#2469 = CARTESIAN_POINT('',(0.,-0.707106781187));
#2470 = VECTOR('',#2471,1.);
#2471 = DIRECTION('',(1.,-3.512155862991E-36));
#2472 = ( GEOMETRIC_REPRESENTATION_CONTEXT(2) 
PARAMETRIC_REPRESENTATION_CONTEXT() REPRESENTATION_CONTEXT('2D SPACE',''
  ) );
#2473 = ORIENTED_EDGE('',*,*,#1716,.F.);
#2474 = ORIENTED_EDGE('',*,*,#2475,.F.);
#2475 = EDGE_CURVE('',#2476,#1665,#2478,.T.);
#2476 = VERTEX_POINT('',#2477);
#2477 = CARTESIAN_POINT('',(-39.,-19.,5.));
#2478 = SURFACE_CURVE('',#2479,(#2483,#2490),.PCURVE_S1.);
#2479 = LINE('',#2480,#2481);
#2480 = CARTESIAN_POINT('',(-39.,-20.,5.));
#2481 = VECTOR('',#2482,1.);
#2482 = DIRECTION('',(0.,1.,0.));
#2483 = PCURVE('',#1450,#2484);
#2484 = DEFINITIONAL_REPRESENTATION('',(#2485),#2489);
#2485 = LINE('',#2486,#2487);
#2486 = CARTESIAN_POINT('',(-35.05349641872,-27.24619939691));
#2487 = VECTOR('',#2488,1.);
#2488 = DIRECTION('',(0.,1.));
#2489 = ( GEOMETRIC_REPRESENTATION_CONTEXT(2) 
PARAMETRIC_REPRESENTATION_CONTEXT() REPRESENTATION_CONTEXT('2D SPACE',''
  ) );
#2490 = PCURVE('',#2491,#2496);
#2491 = PLANE('',#2492);
#2492 = AXIS2_PLACEMENT_3D('',#2493,#2494,#2495);
#2493 = CARTESIAN_POINT('',(-39.5,-20.,4.5));
#2494 = DIRECTION('',(-0.707106781187,-5.911709633991E-18,0.707106781187
    ));
#2495 = DIRECTION('',(-4.180209970601E-18,1.,4.180209970601E-18));
#2496 = DEFINITIONAL_REPRESENTATION('',(#2497),#2501);
#2497 = LINE('',#2498,#2499);
#2498 = CARTESIAN_POINT('',(0.,-0.707106781187));
#2499 = VECTOR('',#2500,1.);
#2500 = DIRECTION('',(1.,1.211845495834E-34));
#2501 = ( GEOMETRIC_REPRESENTATION_CONTEXT(2) 
PARAMETRIC_REPRESENTATION_CONTEXT() REPRESENTATION_CONTEXT('2D SPACE',''
  ) );
#2502 = ORIENTED_EDGE('',*,*,#2503,.F.);
#2503 = EDGE_CURVE('',#1435,#2476,#2504,.T.);
#2504 = SURFACE_CURVE('',#2505,(#2509,#2516),.PCURVE_S1.);
#2505 = LINE('',#2506,#2507);
#2506 = CARTESIAN_POINT('',(53.65,-19.,5.));
#2507 = VECTOR('',#2508,1.);
#2508 = DIRECTION('',(-1.,0.,0.));
#2509 = PCURVE('',#1450,#2510);
#2510 = DEFINITIONAL_REPRESENTATION('',(#2511),#2515);
#2511 = LINE('',#2512,#2513);
#2512 = CARTESIAN_POINT('',(57.596503581277,-26.24619939691));
#2513 = VECTOR('',#2514,1.);
#2514 = DIRECTION('',(-1.,0.));
#2515 = ( GEOMETRIC_REPRESENTATION_CONTEXT(2) 
PARAMETRIC_REPRESENTATION_CONTEXT() REPRESENTATION_CONTEXT('2D SPACE',''
  ) );
#2516 = PCURVE('',#2517,#2522);
#2517 = PLANE('',#2518);
#2518 = AXIS2_PLACEMENT_3D('',#2519,#2520,#2521);
#2519 = CARTESIAN_POINT('',(53.65,-19.5,4.5));
#2520 = DIRECTION('',(-5.911709633991E-18,-0.707106781187,0.707106781187
    ));
#2521 = DIRECTION('',(-1.,4.180209970601E-18,-4.180209970601E-18));
#2522 = DEFINITIONAL_REPRESENTATION('',(#2523),#2527);
#2523 = LINE('',#2524,#2525);
#2524 = CARTESIAN_POINT('',(0.,-0.707106781187));
#2525 = VECTOR('',#2526,1.);
#2526 = DIRECTION('',(1.,-1.211845495834E-34));
#2527 = ( GEOMETRIC_REPRESENTATION_CONTEXT(2) 
PARAMETRIC_REPRESENTATION_CONTEXT() REPRESENTATION_CONTEXT('2D SPACE',''
  ) );
#2528 = FACE_BOUND('',#2529,.F.);
#2529 = EDGE_LOOP('',(#2530,#2556,#2579,#2603));
#2530 = ORIENTED_EDGE('',*,*,#2531,.T.);
#2531 = EDGE_CURVE('',#2532,#2534,#2536,.T.);
#2532 = VERTEX_POINT('',#2533);
#2533 = CARTESIAN_POINT('',(44.325,-15.925,5.));
#2534 = VERTEX_POINT('',#2535);
#2535 = CARTESIAN_POINT('',(44.325,-10.425,5.));
#2536 = SURFACE_CURVE('',#2537,(#2542,#2549),.PCURVE_S1.);
#2537 = CIRCLE('',#2538,2.75);
#2538 = AXIS2_PLACEMENT_3D('',#2539,#2540,#2541);
#2539 = CARTESIAN_POINT('',(44.325,-13.175,5.));
#2540 = DIRECTION('',(0.,0.,1.));
#2541 = DIRECTION('',(1.,0.,0.));
#2542 = PCURVE('',#1450,#2543);
#2543 = DEFINITIONAL_REPRESENTATION('',(#2544),#2548);
#2544 = CIRCLE('',#2545,2.75);
#2545 = AXIS2_PLACEMENT_2D('',#2546,#2547);
#2546 = CARTESIAN_POINT('',(48.271503581277,-20.42119939691));
#2547 = DIRECTION('',(1.,0.));
#2548 = ( GEOMETRIC_REPRESENTATION_CONTEXT(2) 
PARAMETRIC_REPRESENTATION_CONTEXT() REPRESENTATION_CONTEXT('2D SPACE',''
  ) );
#2549 = PCURVE('',#2056,#2550);
#2550 = DEFINITIONAL_REPRESENTATION('',(#2551),#2555);
#2551 = LINE('',#2552,#2553);
#2552 = CARTESIAN_POINT('',(6.28318530718,-5.));
#2553 = VECTOR('',#2554,1.);
#2554 = DIRECTION('',(-1.,0.));
#2555 = ( GEOMETRIC_REPRESENTATION_CONTEXT(2) 
PARAMETRIC_REPRESENTATION_CONTEXT() REPRESENTATION_CONTEXT('2D SPACE',''
  ) );
#2556 = ORIENTED_EDGE('',*,*,#2557,.T.);
#2557 = EDGE_CURVE('',#2534,#2558,#2560,.T.);
#2558 = VERTEX_POINT('',#2559);
#2559 = CARTESIAN_POINT('',(29.325,-10.425,5.));
#2560 = SURFACE_CURVE('',#2561,(#2565,#2572),.PCURVE_S1.);
#2561 = LINE('',#2562,#2563);
#2562 = CARTESIAN_POINT('',(44.325,-10.425,5.));
#2563 = VECTOR('',#2564,1.);
#2564 = DIRECTION('',(-1.,0.,0.));
#2565 = PCURVE('',#1450,#2566);
#2566 = DEFINITIONAL_REPRESENTATION('',(#2567),#2571);
#2567 = LINE('',#2568,#2569);
#2568 = CARTESIAN_POINT('',(48.271503581277,-17.67119939691));
#2569 = VECTOR('',#2570,1.);
#2570 = DIRECTION('',(-1.,0.));
#2571 = ( GEOMETRIC_REPRESENTATION_CONTEXT(2) 
PARAMETRIC_REPRESENTATION_CONTEXT() REPRESENTATION_CONTEXT('2D SPACE',''
  ) );
#2572 = PCURVE('',#2023,#2573);
#2573 = DEFINITIONAL_REPRESENTATION('',(#2574),#2578);
#2574 = LINE('',#2575,#2576);
#2575 = CARTESIAN_POINT('',(-17.5,7.5));
#2576 = VECTOR('',#2577,1.);
#2577 = DIRECTION('',(0.,-1.));
#2578 = ( GEOMETRIC_REPRESENTATION_CONTEXT(2) 
PARAMETRIC_REPRESENTATION_CONTEXT() REPRESENTATION_CONTEXT('2D SPACE',''
  ) );
#2579 = ORIENTED_EDGE('',*,*,#2580,.T.);
#2580 = EDGE_CURVE('',#2558,#2581,#2583,.T.);
#2581 = VERTEX_POINT('',#2582);
#2582 = CARTESIAN_POINT('',(29.325,-15.925,5.));
#2583 = SURFACE_CURVE('',#2584,(#2589,#2596),.PCURVE_S1.);
#2584 = CIRCLE('',#2585,2.75);
#2585 = AXIS2_PLACEMENT_3D('',#2586,#2587,#2588);
#2586 = CARTESIAN_POINT('',(29.325,-13.175,5.));
#2587 = DIRECTION('',(0.,0.,1.));
#2588 = DIRECTION('',(1.,0.,0.));
#2589 = PCURVE('',#1450,#2590);
#2590 = DEFINITIONAL_REPRESENTATION('',(#2591),#2595);
#2591 = CIRCLE('',#2592,2.75);
#2592 = AXIS2_PLACEMENT_2D('',#2593,#2594);
#2593 = CARTESIAN_POINT('',(33.271503581277,-20.42119939691));
#2594 = DIRECTION('',(1.,0.));
#2595 = ( GEOMETRIC_REPRESENTATION_CONTEXT(2) 
PARAMETRIC_REPRESENTATION_CONTEXT() REPRESENTATION_CONTEXT('2D SPACE',''
  ) );
#2596 = PCURVE('',#1995,#2597);
#2597 = DEFINITIONAL_REPRESENTATION('',(#2598),#2602);
#2598 = LINE('',#2599,#2600);
#2599 = CARTESIAN_POINT('',(-0.,-5.));
#2600 = VECTOR('',#2601,1.);
#2601 = DIRECTION('',(-1.,0.));
#2602 = ( GEOMETRIC_REPRESENTATION_CONTEXT(2) 
PARAMETRIC_REPRESENTATION_CONTEXT() REPRESENTATION_CONTEXT('2D SPACE',''
  ) );
#2603 = ORIENTED_EDGE('',*,*,#2604,.F.);
#2604 = EDGE_CURVE('',#2532,#2581,#2605,.T.);
#2605 = SURFACE_CURVE('',#2606,(#2610,#2617),.PCURVE_S1.);
#2606 = LINE('',#2607,#2608);
#2607 = CARTESIAN_POINT('',(44.325,-15.925,5.));
#2608 = VECTOR('',#2609,1.);
#2609 = DIRECTION('',(-1.,0.,0.));
#2610 = PCURVE('',#1450,#2611);
#2611 = DEFINITIONAL_REPRESENTATION('',(#2612),#2616);
#2612 = LINE('',#2613,#2614);
#2613 = CARTESIAN_POINT('',(48.271503581277,-23.17119939691));
#2614 = VECTOR('',#2615,1.);
#2615 = DIRECTION('',(-1.,0.));
#2616 = ( GEOMETRIC_REPRESENTATION_CONTEXT(2) 
PARAMETRIC_REPRESENTATION_CONTEXT() REPRESENTATION_CONTEXT('2D SPACE',''
  ) );
#2617 = PCURVE('',#2082,#2618);
#2618 = DEFINITIONAL_REPRESENTATION('',(#2619),#2623);
#2619 = LINE('',#2620,#2621);
#2620 = CARTESIAN_POINT('',(17.5,7.5));
#2621 = VECTOR('',#2622,1.);
#2622 = DIRECTION('',(0.,-1.));
#2623 = ( GEOMETRIC_REPRESENTATION_CONTEXT(2) 
PARAMETRIC_REPRESENTATION_CONTEXT() REPRESENTATION_CONTEXT('2D SPACE',''
  ) );
#2624 = FACE_BOUND('',#2625,.F.);
#2625 = EDGE_LOOP('',(#2626,#2652,#2675,#2699));
#2626 = ORIENTED_EDGE('',*,*,#2627,.T.);
#2627 = EDGE_CURVE('',#2628,#2630,#2632,.T.);
#2628 = VERTEX_POINT('',#2629);
#2629 = CARTESIAN_POINT('',(-15.675,-15.925,5.));
#2630 = VERTEX_POINT('',#2631);
#2631 = CARTESIAN_POINT('',(-15.675,-10.425,5.));
#2632 = SURFACE_CURVE('',#2633,(#2638,#2645),.PCURVE_S1.);
#2633 = CIRCLE('',#2634,2.75);
#2634 = AXIS2_PLACEMENT_3D('',#2635,#2636,#2637);
#2635 = CARTESIAN_POINT('',(-15.675,-13.175,5.));
#2636 = DIRECTION('',(0.,0.,1.));
#2637 = DIRECTION('',(1.,0.,0.));
#2638 = PCURVE('',#1450,#2639);
#2639 = DEFINITIONAL_REPRESENTATION('',(#2640),#2644);
#2640 = CIRCLE('',#2641,2.75);
#2641 = AXIS2_PLACEMENT_2D('',#2642,#2643);
#2642 = CARTESIAN_POINT('',(-11.72849641872,-20.42119939691));
#2643 = DIRECTION('',(1.,0.));
#2644 = ( GEOMETRIC_REPRESENTATION_CONTEXT(2) 
PARAMETRIC_REPRESENTATION_CONTEXT() REPRESENTATION_CONTEXT('2D SPACE',''
  ) );
#2645 = PCURVE('',#2304,#2646);
#2646 = DEFINITIONAL_REPRESENTATION('',(#2647),#2651);
#2647 = LINE('',#2648,#2649);
#2648 = CARTESIAN_POINT('',(6.28318530718,-5.));
#2649 = VECTOR('',#2650,1.);
#2650 = DIRECTION('',(-1.,0.));
#2651 = ( GEOMETRIC_REPRESENTATION_CONTEXT(2) 
PARAMETRIC_REPRESENTATION_CONTEXT() REPRESENTATION_CONTEXT('2D SPACE',''
  ) );
#2652 = ORIENTED_EDGE('',*,*,#2653,.T.);
#2653 = EDGE_CURVE('',#2630,#2654,#2656,.T.);
#2654 = VERTEX_POINT('',#2655);
#2655 = CARTESIAN_POINT('',(-30.675,-10.425,5.));
#2656 = SURFACE_CURVE('',#2657,(#2661,#2668),.PCURVE_S1.);
#2657 = LINE('',#2658,#2659);
#2658 = CARTESIAN_POINT('',(-15.675,-10.425,5.));
#2659 = VECTOR('',#2660,1.);
#2660 = DIRECTION('',(-1.,0.,0.));
#2661 = PCURVE('',#1450,#2662);
#2662 = DEFINITIONAL_REPRESENTATION('',(#2663),#2667);
#2663 = LINE('',#2664,#2665);
#2664 = CARTESIAN_POINT('',(-11.72849641872,-17.67119939691));
#2665 = VECTOR('',#2666,1.);
#2666 = DIRECTION('',(-1.,0.));
#2667 = ( GEOMETRIC_REPRESENTATION_CONTEXT(2) 
PARAMETRIC_REPRESENTATION_CONTEXT() REPRESENTATION_CONTEXT('2D SPACE',''
  ) );
#2668 = PCURVE('',#2271,#2669);
#2669 = DEFINITIONAL_REPRESENTATION('',(#2670),#2674);
#2670 = LINE('',#2671,#2672);
#2671 = CARTESIAN_POINT('',(-17.5,7.5));
#2672 = VECTOR('',#2673,1.);
#2673 = DIRECTION('',(0.,-1.));
#2674 = ( GEOMETRIC_REPRESENTATION_CONTEXT(2) 
PARAMETRIC_REPRESENTATION_CONTEXT() REPRESENTATION_CONTEXT('2D SPACE',''
  ) );
#2675 = ORIENTED_EDGE('',*,*,#2676,.T.);
#2676 = EDGE_CURVE('',#2654,#2677,#2679,.T.);
#2677 = VERTEX_POINT('',#2678);
#2678 = CARTESIAN_POINT('',(-30.675,-15.925,5.));
#2679 = SURFACE_CURVE('',#2680,(#2685,#2692),.PCURVE_S1.);
#2680 = CIRCLE('',#2681,2.75);
#2681 = AXIS2_PLACEMENT_3D('',#2682,#2683,#2684);
#2682 = CARTESIAN_POINT('',(-30.675,-13.175,5.));
#2683 = DIRECTION('',(0.,0.,1.));
#2684 = DIRECTION('',(1.,0.,0.));
#2685 = PCURVE('',#1450,#2686);
#2686 = DEFINITIONAL_REPRESENTATION('',(#2687),#2691);
#2687 = CIRCLE('',#2688,2.75);
#2688 = AXIS2_PLACEMENT_2D('',#2689,#2690);
#2689 = CARTESIAN_POINT('',(-26.72849641872,-20.42119939691));
#2690 = DIRECTION('',(1.,0.));
#2691 = ( GEOMETRIC_REPRESENTATION_CONTEXT(2) 
PARAMETRIC_REPRESENTATION_CONTEXT() REPRESENTATION_CONTEXT('2D SPACE',''
  ) );
#2692 = PCURVE('',#2243,#2693);
#2693 = DEFINITIONAL_REPRESENTATION('',(#2694),#2698);
#2694 = LINE('',#2695,#2696);
#2695 = CARTESIAN_POINT('',(-0.,-5.));
#2696 = VECTOR('',#2697,1.);
#2697 = DIRECTION('',(-1.,0.));
#2698 = ( GEOMETRIC_REPRESENTATION_CONTEXT(2) 
PARAMETRIC_REPRESENTATION_CONTEXT() REPRESENTATION_CONTEXT('2D SPACE',''
  ) );
#2699 = ORIENTED_EDGE('',*,*,#2700,.F.);
#2700 = EDGE_CURVE('',#2628,#2677,#2701,.T.);
#2701 = SURFACE_CURVE('',#2702,(#2706,#2713),.PCURVE_S1.);
#2702 = LINE('',#2703,#2704);
#2703 = CARTESIAN_POINT('',(-15.675,-15.925,5.));
#2704 = VECTOR('',#2705,1.);
#2705 = DIRECTION('',(-1.,0.,0.));
#2706 = PCURVE('',#1450,#2707);
#2707 = DEFINITIONAL_REPRESENTATION('',(#2708),#2712);
#2708 = LINE('',#2709,#2710);
#2709 = CARTESIAN_POINT('',(-11.72849641872,-23.17119939691));
#2710 = VECTOR('',#2711,1.);
#2711 = DIRECTION('',(-1.,0.));
#2712 = ( GEOMETRIC_REPRESENTATION_CONTEXT(2) 
PARAMETRIC_REPRESENTATION_CONTEXT() REPRESENTATION_CONTEXT('2D SPACE',''
  ) );
#2713 = PCURVE('',#2330,#2714);
#2714 = DEFINITIONAL_REPRESENTATION('',(#2715),#2719);
#2715 = LINE('',#2716,#2717);
#2716 = CARTESIAN_POINT('',(17.5,7.5));
#2717 = VECTOR('',#2718,1.);
#2718 = DIRECTION('',(0.,-1.));
#2719 = ( GEOMETRIC_REPRESENTATION_CONTEXT(2) 
PARAMETRIC_REPRESENTATION_CONTEXT() REPRESENTATION_CONTEXT('2D SPACE',''
  ) );
#2720 = FACE_BOUND('',#2721,.F.);
#2721 = EDGE_LOOP('',(#2722,#2748,#2771,#2795));
#2722 = ORIENTED_EDGE('',*,*,#2723,.T.);
#2723 = EDGE_CURVE('',#2724,#2726,#2728,.T.);
#2724 = VERTEX_POINT('',#2725);
#2725 = CARTESIAN_POINT('',(-15.675,44.075,5.));
#2726 = VERTEX_POINT('',#2727);
#2727 = CARTESIAN_POINT('',(-15.675,49.575,5.));
#2728 = SURFACE_CURVE('',#2729,(#2734,#2741),.PCURVE_S1.);
#2729 = CIRCLE('',#2730,2.75);
#2730 = AXIS2_PLACEMENT_3D('',#2731,#2732,#2733);
#2731 = CARTESIAN_POINT('',(-15.675,46.825,5.));
#2732 = DIRECTION('',(0.,0.,1.));
#2733 = DIRECTION('',(1.,0.,0.));
#2734 = PCURVE('',#1450,#2735);
#2735 = DEFINITIONAL_REPRESENTATION('',(#2736),#2740);
#2736 = CIRCLE('',#2737,2.75);
#2737 = AXIS2_PLACEMENT_2D('',#2738,#2739);
#2738 = CARTESIAN_POINT('',(-11.72849641872,39.57880060309));
#2739 = DIRECTION('',(1.,0.));
#2740 = ( GEOMETRIC_REPRESENTATION_CONTEXT(2) 
PARAMETRIC_REPRESENTATION_CONTEXT() REPRESENTATION_CONTEXT('2D SPACE',''
  ) );
#2741 = PCURVE('',#2180,#2742);
#2742 = DEFINITIONAL_REPRESENTATION('',(#2743),#2747);
#2743 = LINE('',#2744,#2745);
#2744 = CARTESIAN_POINT('',(6.28318530718,-5.));
#2745 = VECTOR('',#2746,1.);
#2746 = DIRECTION('',(-1.,0.));
#2747 = ( GEOMETRIC_REPRESENTATION_CONTEXT(2) 
PARAMETRIC_REPRESENTATION_CONTEXT() REPRESENTATION_CONTEXT('2D SPACE',''
  ) );
#2748 = ORIENTED_EDGE('',*,*,#2749,.T.);
#2749 = EDGE_CURVE('',#2726,#2750,#2752,.T.);
#2750 = VERTEX_POINT('',#2751);
#2751 = CARTESIAN_POINT('',(-30.675,49.575,5.));
#2752 = SURFACE_CURVE('',#2753,(#2757,#2764),.PCURVE_S1.);
#2753 = LINE('',#2754,#2755);
#2754 = CARTESIAN_POINT('',(-15.675,49.575,5.));
#2755 = VECTOR('',#2756,1.);
#2756 = DIRECTION('',(-1.,0.,0.));
#2757 = PCURVE('',#1450,#2758);
#2758 = DEFINITIONAL_REPRESENTATION('',(#2759),#2763);
#2759 = LINE('',#2760,#2761);
#2760 = CARTESIAN_POINT('',(-11.72849641872,42.32880060309));
#2761 = VECTOR('',#2762,1.);
#2762 = DIRECTION('',(-1.,0.));
#2763 = ( GEOMETRIC_REPRESENTATION_CONTEXT(2) 
PARAMETRIC_REPRESENTATION_CONTEXT() REPRESENTATION_CONTEXT('2D SPACE',''
  ) );
#2764 = PCURVE('',#2147,#2765);
#2765 = DEFINITIONAL_REPRESENTATION('',(#2766),#2770);
#2766 = LINE('',#2767,#2768);
#2767 = CARTESIAN_POINT('',(-17.5,7.5));
#2768 = VECTOR('',#2769,1.);
#2769 = DIRECTION('',(0.,-1.));
#2770 = ( GEOMETRIC_REPRESENTATION_CONTEXT(2) 
PARAMETRIC_REPRESENTATION_CONTEXT() REPRESENTATION_CONTEXT('2D SPACE',''
  ) );
#2771 = ORIENTED_EDGE('',*,*,#2772,.T.);
#2772 = EDGE_CURVE('',#2750,#2773,#2775,.T.);
#2773 = VERTEX_POINT('',#2774);
#2774 = CARTESIAN_POINT('',(-30.675,44.075,5.));
#2775 = SURFACE_CURVE('',#2776,(#2781,#2788),.PCURVE_S1.);
#2776 = CIRCLE('',#2777,2.75);
#2777 = AXIS2_PLACEMENT_3D('',#2778,#2779,#2780);
#2778 = CARTESIAN_POINT('',(-30.675,46.825,5.));
#2779 = DIRECTION('',(0.,0.,1.));
#2780 = DIRECTION('',(1.,0.,0.));
#2781 = PCURVE('',#1450,#2782);
#2782 = DEFINITIONAL_REPRESENTATION('',(#2783),#2787);
#2783 = CIRCLE('',#2784,2.75);
#2784 = AXIS2_PLACEMENT_2D('',#2785,#2786);
#2785 = CARTESIAN_POINT('',(-26.72849641872,39.57880060309));
#2786 = DIRECTION('',(1.,0.));
#2787 = ( GEOMETRIC_REPRESENTATION_CONTEXT(2) 
PARAMETRIC_REPRESENTATION_CONTEXT() REPRESENTATION_CONTEXT('2D SPACE',''
  ) );
#2788 = PCURVE('',#2119,#2789);
#2789 = DEFINITIONAL_REPRESENTATION('',(#2790),#2794);
#2790 = LINE('',#2791,#2792);
#2791 = CARTESIAN_POINT('',(4.440892098501E-16,-5.));
#2792 = VECTOR('',#2793,1.);
#2793 = DIRECTION('',(-1.,0.));
#2794 = ( GEOMETRIC_REPRESENTATION_CONTEXT(2) 
PARAMETRIC_REPRESENTATION_CONTEXT() REPRESENTATION_CONTEXT('2D SPACE',''
  ) );
#2795 = ORIENTED_EDGE('',*,*,#2796,.F.);
#2796 = EDGE_CURVE('',#2724,#2773,#2797,.T.);
#2797 = SURFACE_CURVE('',#2798,(#2802,#2809),.PCURVE_S1.);
#2798 = LINE('',#2799,#2800);
#2799 = CARTESIAN_POINT('',(-15.675,44.075,5.));
#2800 = VECTOR('',#2801,1.);
#2801 = DIRECTION('',(-1.,0.,0.));
#2802 = PCURVE('',#1450,#2803);
#2803 = DEFINITIONAL_REPRESENTATION('',(#2804),#2808);
#2804 = LINE('',#2805,#2806);
#2805 = CARTESIAN_POINT('',(-11.72849641872,36.82880060309));
#2806 = VECTOR('',#2807,1.);
#2807 = DIRECTION('',(-1.,0.));
#2808 = ( GEOMETRIC_REPRESENTATION_CONTEXT(2) 
PARAMETRIC_REPRESENTATION_CONTEXT() REPRESENTATION_CONTEXT('2D SPACE',''
  ) );
#2809 = PCURVE('',#2206,#2810);
#2810 = DEFINITIONAL_REPRESENTATION('',(#2811),#2815);
#2811 = LINE('',#2812,#2813);
#2812 = CARTESIAN_POINT('',(17.5,7.5));
#2813 = VECTOR('',#2814,1.);
#2814 = DIRECTION('',(0.,-1.));
#2815 = ( GEOMETRIC_REPRESENTATION_CONTEXT(2) 
PARAMETRIC_REPRESENTATION_CONTEXT() REPRESENTATION_CONTEXT('2D SPACE',''
  ) );
#2816 = ADVANCED_FACE('',(#2817),#1478,.T.);
#2817 = FACE_BOUND('',#2818,.T.);
#2818 = EDGE_LOOP('',(#2819,#2847,#2848,#2871));
#2819 = ORIENTED_EDGE('',*,*,#2820,.F.);
#2820 = EDGE_CURVE('',#1463,#2821,#2823,.T.);
#2821 = VERTEX_POINT('',#2822);
#2822 = CARTESIAN_POINT('',(52.65,-20.,-29.));
#2823 = SURFACE_CURVE('',#2824,(#2828,#2835),.PCURVE_S1.);
#2824 = LINE('',#2825,#2826);
#2825 = CARTESIAN_POINT('',(53.4,-19.25,-29.));
#2826 = VECTOR('',#2827,1.);
#2827 = DIRECTION('',(-0.707106781187,-0.707106781187,3.082391018568E-17
    ));
#2828 = PCURVE('',#1478,#2829);
#2829 = DEFINITIONAL_REPRESENTATION('',(#2830),#2834);
#2830 = LINE('',#2831,#2832);
#2831 = CARTESIAN_POINT('',(1.,-0.353553390593));
#2832 = VECTOR('',#2833,1.);
#2833 = DIRECTION('',(3.082391018568E-17,1.));
#2834 = ( GEOMETRIC_REPRESENTATION_CONTEXT(2) 
PARAMETRIC_REPRESENTATION_CONTEXT() REPRESENTATION_CONTEXT('2D SPACE',''
  ) );
#2835 = PCURVE('',#2836,#2841);
#2836 = PLANE('',#2837);
#2837 = AXIS2_PLACEMENT_3D('',#2838,#2839,#2840);
#2838 = CARTESIAN_POINT('',(53.65,-19.,-29.));
#2839 = DIRECTION('',(-0.57735026919,0.57735026919,0.57735026919));
#2840 = DIRECTION('',(6.803361091336E-18,0.707106781187,-0.707106781187)
  );
#2841 = DEFINITIONAL_REPRESENTATION('',(#2842),#2846);
#2842 = LINE('',#2843,#2844);
#2843 = CARTESIAN_POINT('',(-0.176776695297,0.306186217848));
#2844 = VECTOR('',#2845,1.);
#2845 = DIRECTION('',(-0.5,0.866025403784));
#2846 = ( GEOMETRIC_REPRESENTATION_CONTEXT(2) 
PARAMETRIC_REPRESENTATION_CONTEXT() REPRESENTATION_CONTEXT('2D SPACE',''
  ) );
#2847 = ORIENTED_EDGE('',*,*,#1462,.T.);
#2848 = ORIENTED_EDGE('',*,*,#2849,.T.);
#2849 = EDGE_CURVE('',#1435,#2850,#2852,.T.);
#2850 = VERTEX_POINT('',#2851);
#2851 = CARTESIAN_POINT('',(52.65,-20.,4.));
#2852 = SURFACE_CURVE('',#2853,(#2857,#2864),.PCURVE_S1.);
#2853 = LINE('',#2854,#2855);
#2854 = CARTESIAN_POINT('',(47.483333333333,-25.16666666666,
    -1.166666666667));
#2855 = VECTOR('',#2856,1.);
#2856 = DIRECTION('',(-0.57735026919,-0.57735026919,-0.57735026919));
#2857 = PCURVE('',#1478,#2858);
#2858 = DEFINITIONAL_REPRESENTATION('',(#2859),#2863);
#2859 = LINE('',#2860,#2861);
#2860 = CARTESIAN_POINT('',(28.833333333333,8.013876853448));
#2861 = VECTOR('',#2862,1.);
#2862 = DIRECTION('',(-0.57735026919,0.816496580928));
#2863 = ( GEOMETRIC_REPRESENTATION_CONTEXT(2) 
PARAMETRIC_REPRESENTATION_CONTEXT() REPRESENTATION_CONTEXT('2D SPACE',''
  ) );
#2864 = PCURVE('',#2517,#2865);
#2865 = DEFINITIONAL_REPRESENTATION('',(#2866),#2870);
#2866 = LINE('',#2867,#2868);
#2867 = CARTESIAN_POINT('',(6.166666666667,8.013876853448));
#2868 = VECTOR('',#2869,1.);
#2869 = DIRECTION('',(0.57735026919,0.816496580928));
#2870 = ( GEOMETRIC_REPRESENTATION_CONTEXT(2) 
PARAMETRIC_REPRESENTATION_CONTEXT() REPRESENTATION_CONTEXT('2D SPACE',''
  ) );
#2871 = ORIENTED_EDGE('',*,*,#2872,.F.);
#2872 = EDGE_CURVE('',#2821,#2850,#2873,.T.);
#2873 = SURFACE_CURVE('',#2874,(#2878,#2885),.PCURVE_S1.);
#2874 = LINE('',#2875,#2876);
#2875 = CARTESIAN_POINT('',(52.65,-20.,-30.));
#2876 = VECTOR('',#2877,1.);
#2877 = DIRECTION('',(0.,0.,1.));
#2878 = PCURVE('',#1478,#2879);
#2879 = DEFINITIONAL_REPRESENTATION('',(#2880),#2884);
#2880 = LINE('',#2881,#2882);
#2881 = CARTESIAN_POINT('',(0.,0.707106781187));
#2882 = VECTOR('',#2883,1.);
#2883 = DIRECTION('',(1.,1.617303853732E-34));
#2884 = ( GEOMETRIC_REPRESENTATION_CONTEXT(2) 
PARAMETRIC_REPRESENTATION_CONTEXT() REPRESENTATION_CONTEXT('2D SPACE',''
  ) );
#2885 = PCURVE('',#2886,#2891);
#2886 = PLANE('',#2887);
#2887 = AXIS2_PLACEMENT_3D('',#2888,#2889,#2890);
#2888 = CARTESIAN_POINT('',(6.825,-20.,-12.5));
#2889 = DIRECTION('',(-0.,-1.,-0.));
#2890 = DIRECTION('',(0.,0.,-1.));
#2891 = DEFINITIONAL_REPRESENTATION('',(#2892),#2896);
#2892 = LINE('',#2893,#2894);
#2893 = CARTESIAN_POINT('',(17.5,45.825));
#2894 = VECTOR('',#2895,1.);
#2895 = DIRECTION('',(-1.,0.));
#2896 = ( GEOMETRIC_REPRESENTATION_CONTEXT(2) 
PARAMETRIC_REPRESENTATION_CONTEXT() REPRESENTATION_CONTEXT('2D SPACE',''
  ) );
#2897 = ADVANCED_FACE('',(#2898),#1506,.F.);
#2898 = FACE_BOUND('',#2899,.F.);
#2899 = EDGE_LOOP('',(#2900,#2921,#2922,#2943));
#2900 = ORIENTED_EDGE('',*,*,#2901,.F.);
#2901 = EDGE_CURVE('',#1846,#1491,#2902,.T.);
#2902 = SURFACE_CURVE('',#2903,(#2907,#2914),.PCURVE_S1.);
#2903 = LINE('',#2904,#2905);
#2904 = CARTESIAN_POINT('',(52.9,55.825,-29.75));
#2905 = VECTOR('',#2906,1.);
#2906 = DIRECTION('',(0.707106781187,-3.082391018568E-17,0.707106781187)
  );
#2907 = PCURVE('',#1506,#2908);
#2908 = DEFINITIONAL_REPRESENTATION('',(#2909),#2913);
#2909 = LINE('',#2910,#2911);
#2910 = CARTESIAN_POINT('',(1.,-0.353553390593));
#2911 = VECTOR('',#2912,1.);
#2912 = DIRECTION('',(3.082391018568E-17,1.));
#2913 = ( GEOMETRIC_REPRESENTATION_CONTEXT(2) 
PARAMETRIC_REPRESENTATION_CONTEXT() REPRESENTATION_CONTEXT('2D SPACE',''
  ) );
#2914 = PCURVE('',#1647,#2915);
#2915 = DEFINITIONAL_REPRESENTATION('',(#2916),#2920);
#2916 = LINE('',#2917,#2918);
#2917 = CARTESIAN_POINT('',(-0.176776695297,0.306186217848));
#2918 = VECTOR('',#2919,1.);
#2919 = DIRECTION('',(-0.5,0.866025403784));
#2920 = ( GEOMETRIC_REPRESENTATION_CONTEXT(2) 
PARAMETRIC_REPRESENTATION_CONTEXT() REPRESENTATION_CONTEXT('2D SPACE',''
  ) );
#2921 = ORIENTED_EDGE('',*,*,#1922,.T.);
#2922 = ORIENTED_EDGE('',*,*,#2923,.F.);
#2923 = EDGE_CURVE('',#1463,#1893,#2924,.T.);
#2924 = SURFACE_CURVE('',#2925,(#2929,#2936),.PCURVE_S1.);
#2925 = LINE('',#2926,#2927);
#2926 = CARTESIAN_POINT('',(53.4,-19.,-29.25));
#2927 = VECTOR('',#2928,1.);
#2928 = DIRECTION('',(-0.707106781187,-3.082391018568E-17,
    -0.707106781187));
#2929 = PCURVE('',#1506,#2930);
#2930 = DEFINITIONAL_REPRESENTATION('',(#2931),#2935);
#2931 = LINE('',#2932,#2933);
#2932 = CARTESIAN_POINT('',(75.825,0.353553390593));
#2933 = VECTOR('',#2934,1.);
#2934 = DIRECTION('',(3.082391018568E-17,-1.));
#2935 = ( GEOMETRIC_REPRESENTATION_CONTEXT(2) 
PARAMETRIC_REPRESENTATION_CONTEXT() REPRESENTATION_CONTEXT('2D SPACE',''
  ) );
#2936 = PCURVE('',#2836,#2937);
#2937 = DEFINITIONAL_REPRESENTATION('',(#2938),#2942);
#2938 = LINE('',#2939,#2940);
#2939 = CARTESIAN_POINT('',(0.176776695297,0.306186217848));
#2940 = VECTOR('',#2941,1.);
#2941 = DIRECTION('',(0.5,0.866025403784));
#2942 = ( GEOMETRIC_REPRESENTATION_CONTEXT(2) 
PARAMETRIC_REPRESENTATION_CONTEXT() REPRESENTATION_CONTEXT('2D SPACE',''
  ) );
#2943 = ORIENTED_EDGE('',*,*,#1490,.F.);
#2944 = ADVANCED_FACE('',(#2945),#1585,.T.);
#2945 = FACE_BOUND('',#2946,.T.);
#2946 = EDGE_LOOP('',(#2947,#2948,#2949,#2950));
#2947 = ORIENTED_EDGE('',*,*,#2453,.T.);
#2948 = ORIENTED_EDGE('',*,*,#2400,.T.);
#2949 = ORIENTED_EDGE('',*,*,#1571,.F.);
#2950 = ORIENTED_EDGE('',*,*,#2951,.F.);
#2951 = EDGE_CURVE('',#1694,#1549,#2952,.T.);
#2952 = SURFACE_CURVE('',#2953,(#2957,#2964),.PCURVE_S1.);
#2953 = LINE('',#2954,#2955);
#2954 = CARTESIAN_POINT('',(-6.85,55.825,4.5));
#2955 = VECTOR('',#2956,1.);
#2956 = DIRECTION('',(0.707106781187,3.802607751434E-15,-0.707106781187)
  );
#2957 = PCURVE('',#1585,#2958);
#2958 = DEFINITIONAL_REPRESENTATION('',(#2959),#2963);
#2959 = LINE('',#2960,#2961);
#2960 = CARTESIAN_POINT('',(1.,2.512147933894E-15));
#2961 = VECTOR('',#2962,1.);
#2962 = DIRECTION('',(-3.802607751434E-15,1.));
#2963 = ( GEOMETRIC_REPRESENTATION_CONTEXT(2) 
PARAMETRIC_REPRESENTATION_CONTEXT() REPRESENTATION_CONTEXT('2D SPACE',''
  ) );
#2964 = PCURVE('',#1616,#2965);
#2965 = DEFINITIONAL_REPRESENTATION('',(#2966),#2970);
#2966 = LINE('',#2967,#2968);
#2967 = CARTESIAN_POINT('',(6.628656233329E-16,1.224744871392));
#2968 = VECTOR('',#2969,1.);
#2969 = DIRECTION('',(1.,1.507240173999E-15));
#2970 = ( GEOMETRIC_REPRESENTATION_CONTEXT(2) 
PARAMETRIC_REPRESENTATION_CONTEXT() REPRESENTATION_CONTEXT('2D SPACE',''
  ) );
#2971 = ADVANCED_FACE('',(#2972),#1616,.F.);
#2972 = FACE_BOUND('',#2973,.F.);
#2973 = EDGE_LOOP('',(#2974,#2975,#2976));
#2974 = ORIENTED_EDGE('',*,*,#1693,.F.);
#2975 = ORIENTED_EDGE('',*,*,#1602,.T.);
#2976 = ORIENTED_EDGE('',*,*,#2951,.F.);
#2977 = ADVANCED_FACE('',(#2978),#1647,.T.);
#2978 = FACE_BOUND('',#2979,.T.);
#2979 = EDGE_LOOP('',(#2980,#2981,#2982));
#2980 = ORIENTED_EDGE('',*,*,#2901,.F.);
#2981 = ORIENTED_EDGE('',*,*,#1845,.T.);
#2982 = ORIENTED_EDGE('',*,*,#1633,.F.);
#2983 = ADVANCED_FACE('',(#2984),#1680,.T.);
#2984 = FACE_BOUND('',#2985,.T.);
#2985 = EDGE_LOOP('',(#2986,#2987,#2988));
#2986 = ORIENTED_EDGE('',*,*,#1664,.F.);
#2987 = ORIENTED_EDGE('',*,*,#1740,.T.);
#2988 = ORIENTED_EDGE('',*,*,#2989,.F.);
#2989 = EDGE_CURVE('',#1665,#1741,#2990,.T.);
#2990 = SURFACE_CURVE('',#2991,(#2995,#3002),.PCURVE_S1.);
#2991 = LINE('',#2992,#2993);
#2992 = CARTESIAN_POINT('',(-39.5,55.825,4.5));
#2993 = VECTOR('',#2994,1.);
#2994 = DIRECTION('',(-0.707106781187,-1.224427383248E-15,
    -0.707106781187));
#2995 = PCURVE('',#1680,#2996);
#2996 = DEFINITIONAL_REPRESENTATION('',(#2997),#3001);
#2997 = LINE('',#2998,#2999);
#2998 = CARTESIAN_POINT('',(4.777329723274E-14,1.224744871392));
#2999 = VECTOR('',#3000,1.);
#3000 = DIRECTION('',(1.,1.494249525677E-15));
#3001 = ( GEOMETRIC_REPRESENTATION_CONTEXT(2) 
PARAMETRIC_REPRESENTATION_CONTEXT() REPRESENTATION_CONTEXT('2D SPACE',''
  ) );
#3002 = PCURVE('',#2491,#3003);
#3003 = DEFINITIONAL_REPRESENTATION('',(#3004),#3008);
#3004 = LINE('',#3005,#3006);
#3005 = CARTESIAN_POINT('',(75.825,4.898688471093E-14));
#3006 = VECTOR('',#3007,1.);
#3007 = DIRECTION('',(-1.224427383248E-15,1.));
#3008 = ( GEOMETRIC_REPRESENTATION_CONTEXT(2) 
PARAMETRIC_REPRESENTATION_CONTEXT() REPRESENTATION_CONTEXT('2D SPACE',''
  ) );
#3009 = ADVANCED_FACE('',(#3010),#1806,.T.);
#3010 = FACE_BOUND('',#3011,.T.);
#3011 = EDGE_LOOP('',(#3012,#3042,#3063,#3064));
#3012 = ORIENTED_EDGE('',*,*,#3013,.F.);
#3013 = EDGE_CURVE('',#3014,#3016,#3018,.T.);
#3014 = VERTEX_POINT('',#3015);
#3015 = CARTESIAN_POINT('',(-40.,-19.,4.));
#3016 = VERTEX_POINT('',#3017);
#3017 = CARTESIAN_POINT('',(-40.,-19.,-29.));
#3018 = SURFACE_CURVE('',#3019,(#3023,#3030),.PCURVE_S1.);
#3019 = LINE('',#3020,#3021);
#3020 = CARTESIAN_POINT('',(-40.,-19.,5.));
#3021 = VECTOR('',#3022,1.);
#3022 = DIRECTION('',(-0.,-0.,-1.));
#3023 = PCURVE('',#1806,#3024);
#3024 = DEFINITIONAL_REPRESENTATION('',(#3025),#3029);
#3025 = LINE('',#3026,#3027);
#3026 = CARTESIAN_POINT('',(-17.5,37.4125));
#3027 = VECTOR('',#3028,1.);
#3028 = DIRECTION('',(1.,0.));
#3029 = ( GEOMETRIC_REPRESENTATION_CONTEXT(2) 
PARAMETRIC_REPRESENTATION_CONTEXT() REPRESENTATION_CONTEXT('2D SPACE',''
  ) );
#3030 = PCURVE('',#3031,#3036);
#3031 = PLANE('',#3032);
#3032 = AXIS2_PLACEMENT_3D('',#3033,#3034,#3035);
#3033 = CARTESIAN_POINT('',(-39.5,-19.5,5.));
#3034 = DIRECTION('',(-0.707106781187,-0.707106781187,5.911709633991E-18
    ));
#3035 = DIRECTION('',(-4.180209970601E-18,-4.180209970601E-18,-1.));
#3036 = DEFINITIONAL_REPRESENTATION('',(#3037),#3041);
#3037 = LINE('',#3038,#3039);
#3038 = CARTESIAN_POINT('',(0.,-0.707106781187));
#3039 = VECTOR('',#3040,1.);
#3040 = DIRECTION('',(1.,1.617303853732E-34));
#3041 = ( GEOMETRIC_REPRESENTATION_CONTEXT(2) 
PARAMETRIC_REPRESENTATION_CONTEXT() REPRESENTATION_CONTEXT('2D SPACE',''
  ) );
#3042 = ORIENTED_EDGE('',*,*,#3043,.T.);
#3043 = EDGE_CURVE('',#3014,#1741,#3044,.T.);
#3044 = SURFACE_CURVE('',#3045,(#3049,#3056),.PCURVE_S1.);
#3045 = LINE('',#3046,#3047);
#3046 = CARTESIAN_POINT('',(-40.,-20.,4.));
#3047 = VECTOR('',#3048,1.);
#3048 = DIRECTION('',(0.,1.,0.));
#3049 = PCURVE('',#1806,#3050);
#3050 = DEFINITIONAL_REPRESENTATION('',(#3051),#3055);
#3051 = LINE('',#3052,#3053);
#3052 = CARTESIAN_POINT('',(-16.5,38.4125));
#3053 = VECTOR('',#3054,1.);
#3054 = DIRECTION('',(0.,-1.));
#3055 = ( GEOMETRIC_REPRESENTATION_CONTEXT(2) 
PARAMETRIC_REPRESENTATION_CONTEXT() REPRESENTATION_CONTEXT('2D SPACE',''
  ) );
#3056 = PCURVE('',#2491,#3057);
#3057 = DEFINITIONAL_REPRESENTATION('',(#3058),#3062);
#3058 = LINE('',#3059,#3060);
#3059 = CARTESIAN_POINT('',(0.,0.707106781187));
#3060 = VECTOR('',#3061,1.);
#3061 = DIRECTION('',(1.,1.211845495834E-34));
#3062 = ( GEOMETRIC_REPRESENTATION_CONTEXT(2) 
PARAMETRIC_REPRESENTATION_CONTEXT() REPRESENTATION_CONTEXT('2D SPACE',''
  ) );
#3063 = ORIENTED_EDGE('',*,*,#1792,.T.);
#3064 = ORIENTED_EDGE('',*,*,#3065,.F.);
#3065 = EDGE_CURVE('',#3016,#1765,#3066,.T.);
#3066 = SURFACE_CURVE('',#3067,(#3071,#3078),.PCURVE_S1.);
#3067 = LINE('',#3068,#3069);
#3068 = CARTESIAN_POINT('',(-40.,-20.,-29.));
#3069 = VECTOR('',#3070,1.);
#3070 = DIRECTION('',(0.,1.,0.));
#3071 = PCURVE('',#1806,#3072);
#3072 = DEFINITIONAL_REPRESENTATION('',(#3073),#3077);
#3073 = LINE('',#3074,#3075);
#3074 = CARTESIAN_POINT('',(16.5,38.4125));
#3075 = VECTOR('',#3076,1.);
#3076 = DIRECTION('',(0.,-1.));
#3077 = ( GEOMETRIC_REPRESENTATION_CONTEXT(2) 
PARAMETRIC_REPRESENTATION_CONTEXT() REPRESENTATION_CONTEXT('2D SPACE',''
  ) );
#3078 = PCURVE('',#1958,#3079);
#3079 = DEFINITIONAL_REPRESENTATION('',(#3080),#3084);
#3080 = LINE('',#3081,#3082);
#3081 = CARTESIAN_POINT('',(0.,0.707106781187));
#3082 = VECTOR('',#3083,1.);
#3083 = DIRECTION('',(1.,1.211845495834E-34));
#3084 = ( GEOMETRIC_REPRESENTATION_CONTEXT(2) 
PARAMETRIC_REPRESENTATION_CONTEXT() REPRESENTATION_CONTEXT('2D SPACE',''
  ) );
#3085 = ADVANCED_FACE('',(#3086),#1780,.F.);
#3086 = FACE_BOUND('',#3087,.F.);
#3087 = EDGE_LOOP('',(#3088,#3089,#3090));
#3088 = ORIENTED_EDGE('',*,*,#1821,.F.);
#3089 = ORIENTED_EDGE('',*,*,#1764,.T.);
#3090 = ORIENTED_EDGE('',*,*,#3091,.F.);
#3091 = EDGE_CURVE('',#1822,#1765,#3092,.T.);
#3092 = SURFACE_CURVE('',#3093,(#3097,#3104),.PCURVE_S1.);
#3093 = LINE('',#3094,#3095);
#3094 = CARTESIAN_POINT('',(-39.5,55.825,-29.5));
#3095 = VECTOR('',#3096,1.);
#3096 = DIRECTION('',(-0.707106781187,-3.082391018568E-17,0.707106781187
    ));
#3097 = PCURVE('',#1780,#3098);
#3098 = DEFINITIONAL_REPRESENTATION('',(#3099),#3103);
#3099 = LINE('',#3100,#3101);
#3100 = CARTESIAN_POINT('',(0.,1.224744871392));
#3101 = VECTOR('',#3102,1.);
#3102 = DIRECTION('',(1.,3.470075390026E-17));
#3103 = ( GEOMETRIC_REPRESENTATION_CONTEXT(2) 
PARAMETRIC_REPRESENTATION_CONTEXT() REPRESENTATION_CONTEXT('2D SPACE',''
  ) );
#3104 = PCURVE('',#1958,#3105);
#3105 = DEFINITIONAL_REPRESENTATION('',(#3106),#3110);
#3106 = LINE('',#3107,#3108);
#3107 = CARTESIAN_POINT('',(75.825,3.074387998755E-33));
#3108 = VECTOR('',#3109,1.);
#3109 = DIRECTION('',(-3.082391018568E-17,1.));
#3110 = ( GEOMETRIC_REPRESENTATION_CONTEXT(2) 
PARAMETRIC_REPRESENTATION_CONTEXT() REPRESENTATION_CONTEXT('2D SPACE',''
  ) );
#3111 = ADVANCED_FACE('',(#3112),#1910,.F.);
#3112 = FACE_BOUND('',#3113,.F.);
#3113 = EDGE_LOOP('',(#3114,#3115,#3143,#3164));
#3114 = ORIENTED_EDGE('',*,*,#1892,.T.);
#3115 = ORIENTED_EDGE('',*,*,#3116,.T.);
#3116 = EDGE_CURVE('',#1895,#3117,#3119,.T.);
#3117 = VERTEX_POINT('',#3118);
#3118 = CARTESIAN_POINT('',(-39.,-20.,-29.));
#3119 = SURFACE_CURVE('',#3120,(#3124,#3131),.PCURVE_S1.);
#3120 = LINE('',#3121,#3122);
#3121 = CARTESIAN_POINT('',(-39.,-19.25,-29.75));
#3122 = VECTOR('',#3123,1.);
#3123 = DIRECTION('',(-3.082391018568E-17,-0.707106781187,0.707106781187
    ));
#3124 = PCURVE('',#1910,#3125);
#3125 = DEFINITIONAL_REPRESENTATION('',(#3126),#3130);
#3126 = LINE('',#3127,#3128);
#3127 = CARTESIAN_POINT('',(92.65,-0.353553390593));
#3128 = VECTOR('',#3129,1.);
#3129 = DIRECTION('',(3.082391018568E-17,1.));
#3130 = ( GEOMETRIC_REPRESENTATION_CONTEXT(2) 
PARAMETRIC_REPRESENTATION_CONTEXT() REPRESENTATION_CONTEXT('2D SPACE',''
  ) );
#3131 = PCURVE('',#3132,#3137);
#3132 = PLANE('',#3133);
#3133 = AXIS2_PLACEMENT_3D('',#3134,#3135,#3136);
#3134 = CARTESIAN_POINT('',(-39.,-19.,-30.));
#3135 = DIRECTION('',(0.57735026919,0.57735026919,0.57735026919));
#3136 = DIRECTION('',(-0.707106781187,0.707106781187,6.803361091336E-18)
  );
#3137 = DEFINITIONAL_REPRESENTATION('',(#3138),#3142);
#3138 = LINE('',#3139,#3140);
#3139 = CARTESIAN_POINT('',(-0.176776695297,0.306186217848));
#3140 = VECTOR('',#3141,1.);
#3141 = DIRECTION('',(-0.5,0.866025403784));
#3142 = ( GEOMETRIC_REPRESENTATION_CONTEXT(2) 
PARAMETRIC_REPRESENTATION_CONTEXT() REPRESENTATION_CONTEXT('2D SPACE',''
  ) );
#3143 = ORIENTED_EDGE('',*,*,#3144,.F.);
#3144 = EDGE_CURVE('',#2821,#3117,#3145,.T.);
#3145 = SURFACE_CURVE('',#3146,(#3150,#3157),.PCURVE_S1.);
#3146 = LINE('',#3147,#3148);
#3147 = CARTESIAN_POINT('',(53.65,-20.,-29.));
#3148 = VECTOR('',#3149,1.);
#3149 = DIRECTION('',(-1.,0.,0.));
#3150 = PCURVE('',#1910,#3151);
#3151 = DEFINITIONAL_REPRESENTATION('',(#3152),#3156);
#3152 = LINE('',#3153,#3154);
#3153 = CARTESIAN_POINT('',(0.,0.707106781187));
#3154 = VECTOR('',#3155,1.);
#3155 = DIRECTION('',(1.,-1.211845495834E-34));
#3156 = ( GEOMETRIC_REPRESENTATION_CONTEXT(2) 
PARAMETRIC_REPRESENTATION_CONTEXT() REPRESENTATION_CONTEXT('2D SPACE',''
  ) );
#3157 = PCURVE('',#2886,#3158);
#3158 = DEFINITIONAL_REPRESENTATION('',(#3159),#3163);
#3159 = LINE('',#3160,#3161);
#3160 = CARTESIAN_POINT('',(16.5,46.825));
#3161 = VECTOR('',#3162,1.);
#3162 = DIRECTION('',(0.,-1.));
#3163 = ( GEOMETRIC_REPRESENTATION_CONTEXT(2) 
PARAMETRIC_REPRESENTATION_CONTEXT() REPRESENTATION_CONTEXT('2D SPACE',''
  ) );
#3164 = ORIENTED_EDGE('',*,*,#3165,.T.);
#3165 = EDGE_CURVE('',#2821,#1893,#3166,.T.);
#3166 = SURFACE_CURVE('',#3167,(#3171,#3178),.PCURVE_S1.);
#3167 = LINE('',#3168,#3169);
#3168 = CARTESIAN_POINT('',(52.65,-19.5,-29.5));
#3169 = VECTOR('',#3170,1.);
#3170 = DIRECTION('',(-3.082391018568E-17,0.707106781187,-0.707106781187
    ));
#3171 = PCURVE('',#1910,#3172);
#3172 = DEFINITIONAL_REPRESENTATION('',(#3173),#3177);
#3173 = LINE('',#3174,#3175);
#3174 = CARTESIAN_POINT('',(1.,4.054583578972E-35));
#3175 = VECTOR('',#3176,1.);
#3176 = DIRECTION('',(3.082391018568E-17,-1.));
#3177 = ( GEOMETRIC_REPRESENTATION_CONTEXT(2) 
PARAMETRIC_REPRESENTATION_CONTEXT() REPRESENTATION_CONTEXT('2D SPACE',''
  ) );
#3178 = PCURVE('',#2836,#3179);
#3179 = DEFINITIONAL_REPRESENTATION('',(#3180),#3184);
#3180 = LINE('',#3181,#3182);
#3181 = CARTESIAN_POINT('',(-1.414612848744E-17,1.224744871392));
#3182 = VECTOR('',#3183,1.);
#3183 = DIRECTION('',(1.,7.632154856225E-17));
#3184 = ( GEOMETRIC_REPRESENTATION_CONTEXT(2) 
PARAMETRIC_REPRESENTATION_CONTEXT() REPRESENTATION_CONTEXT('2D SPACE',''
  ) );
#3185 = ADVANCED_FACE('',(#3186),#1958,.F.);
#3186 = FACE_BOUND('',#3187,.F.);
#3187 = EDGE_LOOP('',(#3188,#3209,#3210,#3211));
#3188 = ORIENTED_EDGE('',*,*,#3189,.F.);
#3189 = EDGE_CURVE('',#1895,#3016,#3190,.T.);
#3190 = SURFACE_CURVE('',#3191,(#3195,#3202),.PCURVE_S1.);
#3191 = LINE('',#3192,#3193);
#3192 = CARTESIAN_POINT('',(-39.25,-19.,-29.75));
#3193 = VECTOR('',#3194,1.);
#3194 = DIRECTION('',(-0.707106781187,3.082391018568E-17,0.707106781187)
  );
#3195 = PCURVE('',#1958,#3196);
#3196 = DEFINITIONAL_REPRESENTATION('',(#3197),#3201);
#3197 = LINE('',#3198,#3199);
#3198 = CARTESIAN_POINT('',(1.,-0.353553390593));
#3199 = VECTOR('',#3200,1.);
#3200 = DIRECTION('',(3.082391018568E-17,1.));
#3201 = ( GEOMETRIC_REPRESENTATION_CONTEXT(2) 
PARAMETRIC_REPRESENTATION_CONTEXT() REPRESENTATION_CONTEXT('2D SPACE',''
  ) );
#3202 = PCURVE('',#3132,#3203);
#3203 = DEFINITIONAL_REPRESENTATION('',(#3204),#3208);
#3204 = LINE('',#3205,#3206);
#3205 = CARTESIAN_POINT('',(0.176776695297,0.306186217848));
#3206 = VECTOR('',#3207,1.);
#3207 = DIRECTION('',(0.5,0.866025403784));
#3208 = ( GEOMETRIC_REPRESENTATION_CONTEXT(2) 
PARAMETRIC_REPRESENTATION_CONTEXT() REPRESENTATION_CONTEXT('2D SPACE',''
  ) );
#3209 = ORIENTED_EDGE('',*,*,#1944,.T.);
#3210 = ORIENTED_EDGE('',*,*,#3091,.T.);
#3211 = ORIENTED_EDGE('',*,*,#3065,.F.);
#3212 = ADVANCED_FACE('',(#3213),#1995,.F.);
#3213 = FACE_BOUND('',#3214,.T.);
#3214 = EDGE_LOOP('',(#3215,#3216,#3237,#3238));
#3215 = ORIENTED_EDGE('',*,*,#1972,.T.);
#3216 = ORIENTED_EDGE('',*,*,#3217,.T.);
#3217 = EDGE_CURVE('',#1975,#2558,#3218,.T.);
#3218 = SURFACE_CURVE('',#3219,(#3223,#3230),.PCURVE_S1.);
#3219 = LINE('',#3220,#3221);
#3220 = CARTESIAN_POINT('',(29.325,-10.425,0.));
#3221 = VECTOR('',#3222,1.);
#3222 = DIRECTION('',(0.,0.,1.));
#3223 = PCURVE('',#1995,#3224);
#3224 = DEFINITIONAL_REPRESENTATION('',(#3225),#3229);
#3225 = LINE('',#3226,#3227);
#3226 = CARTESIAN_POINT('',(-1.570796326795,0.));
#3227 = VECTOR('',#3228,1.);
#3228 = DIRECTION('',(-0.,-1.));
#3229 = ( GEOMETRIC_REPRESENTATION_CONTEXT(2) 
PARAMETRIC_REPRESENTATION_CONTEXT() REPRESENTATION_CONTEXT('2D SPACE',''
  ) );
#3230 = PCURVE('',#2023,#3231);
#3231 = DEFINITIONAL_REPRESENTATION('',(#3232),#3236);
#3232 = LINE('',#3233,#3234);
#3233 = CARTESIAN_POINT('',(-12.5,-7.5));
#3234 = VECTOR('',#3235,1.);
#3235 = DIRECTION('',(-1.,0.));
#3236 = ( GEOMETRIC_REPRESENTATION_CONTEXT(2) 
PARAMETRIC_REPRESENTATION_CONTEXT() REPRESENTATION_CONTEXT('2D SPACE',''
  ) );
#3237 = ORIENTED_EDGE('',*,*,#2580,.T.);
#3238 = ORIENTED_EDGE('',*,*,#3239,.T.);
#3239 = EDGE_CURVE('',#2581,#1973,#3240,.T.);
#3240 = SURFACE_CURVE('',#3241,(#3245,#3252),.PCURVE_S1.);
#3241 = LINE('',#3242,#3243);
#3242 = CARTESIAN_POINT('',(29.325,-15.925,-10.));
#3243 = VECTOR('',#3244,1.);
#3244 = DIRECTION('',(-0.,-0.,-1.));
#3245 = PCURVE('',#1995,#3246);
#3246 = DEFINITIONAL_REPRESENTATION('',(#3247),#3251);
#3247 = LINE('',#3248,#3249);
#3248 = CARTESIAN_POINT('',(-4.712388980385,10.));
#3249 = VECTOR('',#3250,1.);
#3250 = DIRECTION('',(-0.,1.));
#3251 = ( GEOMETRIC_REPRESENTATION_CONTEXT(2) 
PARAMETRIC_REPRESENTATION_CONTEXT() REPRESENTATION_CONTEXT('2D SPACE',''
  ) );
#3252 = PCURVE('',#2082,#3253);
#3253 = DEFINITIONAL_REPRESENTATION('',(#3254),#3258);
#3254 = LINE('',#3255,#3256);
#3255 = CARTESIAN_POINT('',(2.5,-7.5));
#3256 = VECTOR('',#3257,1.);
#3257 = DIRECTION('',(-1.,0.));
#3258 = ( GEOMETRIC_REPRESENTATION_CONTEXT(2) 
PARAMETRIC_REPRESENTATION_CONTEXT() REPRESENTATION_CONTEXT('2D SPACE',''
  ) );
#3259 = ADVANCED_FACE('',(#3260),#2023,.T.);
#3260 = FACE_BOUND('',#3261,.T.);
#3261 = EDGE_LOOP('',(#3262,#3263,#3264,#3265));
#3262 = ORIENTED_EDGE('',*,*,#2557,.T.);
#3263 = ORIENTED_EDGE('',*,*,#3217,.F.);
#3264 = ORIENTED_EDGE('',*,*,#2007,.T.);
#3265 = ORIENTED_EDGE('',*,*,#3266,.F.);
#3266 = EDGE_CURVE('',#2534,#2008,#3267,.T.);
#3267 = SURFACE_CURVE('',#3268,(#3272,#3279),.PCURVE_S1.);
#3268 = LINE('',#3269,#3270);
#3269 = CARTESIAN_POINT('',(44.325,-10.425,-10.));
#3270 = VECTOR('',#3271,1.);
#3271 = DIRECTION('',(-0.,-0.,-1.));
#3272 = PCURVE('',#2023,#3273);
#3273 = DEFINITIONAL_REPRESENTATION('',(#3274),#3278);
#3274 = LINE('',#3275,#3276);
#3275 = CARTESIAN_POINT('',(-2.5,7.5));
#3276 = VECTOR('',#3277,1.);
#3277 = DIRECTION('',(1.,0.));
#3278 = ( GEOMETRIC_REPRESENTATION_CONTEXT(2) 
PARAMETRIC_REPRESENTATION_CONTEXT() REPRESENTATION_CONTEXT('2D SPACE',''
  ) );
#3279 = PCURVE('',#2056,#3280);
#3280 = DEFINITIONAL_REPRESENTATION('',(#3281),#3285);
#3281 = LINE('',#3282,#3283);
#3282 = CARTESIAN_POINT('',(-1.570796326795,10.));
#3283 = VECTOR('',#3284,1.);
#3284 = DIRECTION('',(-0.,1.));
#3285 = ( GEOMETRIC_REPRESENTATION_CONTEXT(2) 
PARAMETRIC_REPRESENTATION_CONTEXT() REPRESENTATION_CONTEXT('2D SPACE',''
  ) );
#3286 = ADVANCED_FACE('',(#3287),#2056,.F.);
#3287 = FACE_BOUND('',#3288,.T.);
#3288 = EDGE_LOOP('',(#3289,#3290,#3311,#3312));
#3289 = ORIENTED_EDGE('',*,*,#2035,.T.);
#3290 = ORIENTED_EDGE('',*,*,#3291,.T.);
#3291 = EDGE_CURVE('',#2036,#2532,#3292,.T.);
#3292 = SURFACE_CURVE('',#3293,(#3297,#3304),.PCURVE_S1.);
#3293 = LINE('',#3294,#3295);
#3294 = CARTESIAN_POINT('',(44.325,-15.925,0.));
#3295 = VECTOR('',#3296,1.);
#3296 = DIRECTION('',(0.,0.,1.));
#3297 = PCURVE('',#2056,#3298);
#3298 = DEFINITIONAL_REPRESENTATION('',(#3299),#3303);
#3299 = LINE('',#3300,#3301);
#3300 = CARTESIAN_POINT('',(1.570796326795,-0.));
#3301 = VECTOR('',#3302,1.);
#3302 = DIRECTION('',(-0.,-1.));
#3303 = ( GEOMETRIC_REPRESENTATION_CONTEXT(2) 
PARAMETRIC_REPRESENTATION_CONTEXT() REPRESENTATION_CONTEXT('2D SPACE',''
  ) );
#3304 = PCURVE('',#2082,#3305);
#3305 = DEFINITIONAL_REPRESENTATION('',(#3306),#3310);
#3306 = LINE('',#3307,#3308);
#3307 = CARTESIAN_POINT('',(12.5,7.5));
#3308 = VECTOR('',#3309,1.);
#3309 = DIRECTION('',(1.,0.));
#3310 = ( GEOMETRIC_REPRESENTATION_CONTEXT(2) 
PARAMETRIC_REPRESENTATION_CONTEXT() REPRESENTATION_CONTEXT('2D SPACE',''
  ) );
#3311 = ORIENTED_EDGE('',*,*,#2531,.T.);
#3312 = ORIENTED_EDGE('',*,*,#3266,.T.);
#3313 = ADVANCED_FACE('',(#3314),#2082,.T.);
#3314 = FACE_BOUND('',#3315,.T.);
#3315 = EDGE_LOOP('',(#3316,#3317,#3318,#3319));
#3316 = ORIENTED_EDGE('',*,*,#3291,.F.);
#3317 = ORIENTED_EDGE('',*,*,#2068,.F.);
#3318 = ORIENTED_EDGE('',*,*,#3239,.F.);
#3319 = ORIENTED_EDGE('',*,*,#2604,.F.);
#3320 = ADVANCED_FACE('',(#3321),#2119,.F.);
#3321 = FACE_BOUND('',#3322,.T.);
#3322 = EDGE_LOOP('',(#3323,#3324,#3345,#3346));
#3323 = ORIENTED_EDGE('',*,*,#2096,.T.);
#3324 = ORIENTED_EDGE('',*,*,#3325,.T.);
#3325 = EDGE_CURVE('',#2099,#2750,#3326,.T.);
#3326 = SURFACE_CURVE('',#3327,(#3331,#3338),.PCURVE_S1.);
#3327 = LINE('',#3328,#3329);
#3328 = CARTESIAN_POINT('',(-30.675,49.575,0.));
#3329 = VECTOR('',#3330,1.);
#3330 = DIRECTION('',(0.,0.,1.));
#3331 = PCURVE('',#2119,#3332);
#3332 = DEFINITIONAL_REPRESENTATION('',(#3333),#3337);
#3333 = LINE('',#3334,#3335);
#3334 = CARTESIAN_POINT('',(-1.570796326795,0.));
#3335 = VECTOR('',#3336,1.);
#3336 = DIRECTION('',(-0.,-1.));
#3337 = ( GEOMETRIC_REPRESENTATION_CONTEXT(2) 
PARAMETRIC_REPRESENTATION_CONTEXT() REPRESENTATION_CONTEXT('2D SPACE',''
  ) );
#3338 = PCURVE('',#2147,#3339);
#3339 = DEFINITIONAL_REPRESENTATION('',(#3340),#3344);
#3340 = LINE('',#3341,#3342);
#3341 = CARTESIAN_POINT('',(-12.5,-7.5));
#3342 = VECTOR('',#3343,1.);
#3343 = DIRECTION('',(-1.,0.));
#3344 = ( GEOMETRIC_REPRESENTATION_CONTEXT(2) 
PARAMETRIC_REPRESENTATION_CONTEXT() REPRESENTATION_CONTEXT('2D SPACE',''
  ) );
#3345 = ORIENTED_EDGE('',*,*,#2772,.T.);
#3346 = ORIENTED_EDGE('',*,*,#3347,.T.);
#3347 = EDGE_CURVE('',#2773,#2097,#3348,.T.);
#3348 = SURFACE_CURVE('',#3349,(#3353,#3360),.PCURVE_S1.);
#3349 = LINE('',#3350,#3351);
#3350 = CARTESIAN_POINT('',(-30.675,44.075,-10.));
#3351 = VECTOR('',#3352,1.);
#3352 = DIRECTION('',(-0.,-0.,-1.));
#3353 = PCURVE('',#2119,#3354);
#3354 = DEFINITIONAL_REPRESENTATION('',(#3355),#3359);
#3355 = LINE('',#3356,#3357);
#3356 = CARTESIAN_POINT('',(-4.712388980385,10.));
#3357 = VECTOR('',#3358,1.);
#3358 = DIRECTION('',(-0.,1.));
#3359 = ( GEOMETRIC_REPRESENTATION_CONTEXT(2) 
PARAMETRIC_REPRESENTATION_CONTEXT() REPRESENTATION_CONTEXT('2D SPACE',''
  ) );
#3360 = PCURVE('',#2206,#3361);
#3361 = DEFINITIONAL_REPRESENTATION('',(#3362),#3366);
#3362 = LINE('',#3363,#3364);
#3363 = CARTESIAN_POINT('',(2.5,-7.5));
#3364 = VECTOR('',#3365,1.);
#3365 = DIRECTION('',(-1.,0.));
#3366 = ( GEOMETRIC_REPRESENTATION_CONTEXT(2) 
PARAMETRIC_REPRESENTATION_CONTEXT() REPRESENTATION_CONTEXT('2D SPACE',''
  ) );
#3367 = ADVANCED_FACE('',(#3368),#2147,.T.);
#3368 = FACE_BOUND('',#3369,.T.);
#3369 = EDGE_LOOP('',(#3370,#3371,#3372,#3373));
#3370 = ORIENTED_EDGE('',*,*,#2749,.T.);
#3371 = ORIENTED_EDGE('',*,*,#3325,.F.);
#3372 = ORIENTED_EDGE('',*,*,#2131,.T.);
#3373 = ORIENTED_EDGE('',*,*,#3374,.F.);
#3374 = EDGE_CURVE('',#2726,#2132,#3375,.T.);
#3375 = SURFACE_CURVE('',#3376,(#3380,#3387),.PCURVE_S1.);
#3376 = LINE('',#3377,#3378);
#3377 = CARTESIAN_POINT('',(-15.675,49.575,-10.));
#3378 = VECTOR('',#3379,1.);
#3379 = DIRECTION('',(-0.,-0.,-1.));
#3380 = PCURVE('',#2147,#3381);
#3381 = DEFINITIONAL_REPRESENTATION('',(#3382),#3386);
#3382 = LINE('',#3383,#3384);
#3383 = CARTESIAN_POINT('',(-2.5,7.5));
#3384 = VECTOR('',#3385,1.);
#3385 = DIRECTION('',(1.,0.));
#3386 = ( GEOMETRIC_REPRESENTATION_CONTEXT(2) 
PARAMETRIC_REPRESENTATION_CONTEXT() REPRESENTATION_CONTEXT('2D SPACE',''
  ) );
#3387 = PCURVE('',#2180,#3388);
#3388 = DEFINITIONAL_REPRESENTATION('',(#3389),#3393);
#3389 = LINE('',#3390,#3391);
#3390 = CARTESIAN_POINT('',(-1.570796326795,10.));
#3391 = VECTOR('',#3392,1.);
#3392 = DIRECTION('',(-0.,1.));
#3393 = ( GEOMETRIC_REPRESENTATION_CONTEXT(2) 
PARAMETRIC_REPRESENTATION_CONTEXT() REPRESENTATION_CONTEXT('2D SPACE',''
  ) );
#3394 = ADVANCED_FACE('',(#3395),#2180,.F.);
#3395 = FACE_BOUND('',#3396,.T.);
#3396 = EDGE_LOOP('',(#3397,#3398,#3419,#3420));
#3397 = ORIENTED_EDGE('',*,*,#2159,.T.);
#3398 = ORIENTED_EDGE('',*,*,#3399,.T.);
#3399 = EDGE_CURVE('',#2160,#2724,#3400,.T.);
#3400 = SURFACE_CURVE('',#3401,(#3405,#3412),.PCURVE_S1.);
#3401 = LINE('',#3402,#3403);
#3402 = CARTESIAN_POINT('',(-15.675,44.075,0.));
#3403 = VECTOR('',#3404,1.);
#3404 = DIRECTION('',(0.,0.,1.));
#3405 = PCURVE('',#2180,#3406);
#3406 = DEFINITIONAL_REPRESENTATION('',(#3407),#3411);
#3407 = LINE('',#3408,#3409);
#3408 = CARTESIAN_POINT('',(1.570796326795,-0.));
#3409 = VECTOR('',#3410,1.);
#3410 = DIRECTION('',(-0.,-1.));
#3411 = ( GEOMETRIC_REPRESENTATION_CONTEXT(2) 
PARAMETRIC_REPRESENTATION_CONTEXT() REPRESENTATION_CONTEXT('2D SPACE',''
  ) );
#3412 = PCURVE('',#2206,#3413);
#3413 = DEFINITIONAL_REPRESENTATION('',(#3414),#3418);
#3414 = LINE('',#3415,#3416);
#3415 = CARTESIAN_POINT('',(12.5,7.5));
#3416 = VECTOR('',#3417,1.);
#3417 = DIRECTION('',(1.,0.));
#3418 = ( GEOMETRIC_REPRESENTATION_CONTEXT(2) 
PARAMETRIC_REPRESENTATION_CONTEXT() REPRESENTATION_CONTEXT('2D SPACE',''
  ) );
#3419 = ORIENTED_EDGE('',*,*,#2723,.T.);
#3420 = ORIENTED_EDGE('',*,*,#3374,.T.);
#3421 = ADVANCED_FACE('',(#3422),#2206,.T.);
#3422 = FACE_BOUND('',#3423,.T.);
#3423 = EDGE_LOOP('',(#3424,#3425,#3426,#3427));
#3424 = ORIENTED_EDGE('',*,*,#3399,.F.);
#3425 = ORIENTED_EDGE('',*,*,#2192,.F.);
#3426 = ORIENTED_EDGE('',*,*,#3347,.F.);
#3427 = ORIENTED_EDGE('',*,*,#2796,.F.);
#3428 = ADVANCED_FACE('',(#3429),#2243,.F.);
#3429 = FACE_BOUND('',#3430,.T.);
#3430 = EDGE_LOOP('',(#3431,#3432,#3453,#3454));
#3431 = ORIENTED_EDGE('',*,*,#2220,.T.);
#3432 = ORIENTED_EDGE('',*,*,#3433,.T.);
#3433 = EDGE_CURVE('',#2223,#2654,#3434,.T.);
#3434 = SURFACE_CURVE('',#3435,(#3439,#3446),.PCURVE_S1.);
#3435 = LINE('',#3436,#3437);
#3436 = CARTESIAN_POINT('',(-30.675,-10.425,0.));
#3437 = VECTOR('',#3438,1.);
#3438 = DIRECTION('',(0.,0.,1.));
#3439 = PCURVE('',#2243,#3440);
#3440 = DEFINITIONAL_REPRESENTATION('',(#3441),#3445);
#3441 = LINE('',#3442,#3443);
#3442 = CARTESIAN_POINT('',(-1.570796326795,0.));
#3443 = VECTOR('',#3444,1.);
#3444 = DIRECTION('',(-0.,-1.));
#3445 = ( GEOMETRIC_REPRESENTATION_CONTEXT(2) 
PARAMETRIC_REPRESENTATION_CONTEXT() REPRESENTATION_CONTEXT('2D SPACE',''
  ) );
#3446 = PCURVE('',#2271,#3447);
#3447 = DEFINITIONAL_REPRESENTATION('',(#3448),#3452);
#3448 = LINE('',#3449,#3450);
#3449 = CARTESIAN_POINT('',(-12.5,-7.5));
#3450 = VECTOR('',#3451,1.);
#3451 = DIRECTION('',(-1.,0.));
#3452 = ( GEOMETRIC_REPRESENTATION_CONTEXT(2) 
PARAMETRIC_REPRESENTATION_CONTEXT() REPRESENTATION_CONTEXT('2D SPACE',''
  ) );
#3453 = ORIENTED_EDGE('',*,*,#2676,.T.);
#3454 = ORIENTED_EDGE('',*,*,#3455,.T.);
#3455 = EDGE_CURVE('',#2677,#2221,#3456,.T.);
#3456 = SURFACE_CURVE('',#3457,(#3461,#3468),.PCURVE_S1.);
#3457 = LINE('',#3458,#3459);
#3458 = CARTESIAN_POINT('',(-30.675,-15.925,-10.));
#3459 = VECTOR('',#3460,1.);
#3460 = DIRECTION('',(-0.,-0.,-1.));
#3461 = PCURVE('',#2243,#3462);
#3462 = DEFINITIONAL_REPRESENTATION('',(#3463),#3467);
#3463 = LINE('',#3464,#3465);
#3464 = CARTESIAN_POINT('',(-4.712388980385,10.));
#3465 = VECTOR('',#3466,1.);
#3466 = DIRECTION('',(-0.,1.));
#3467 = ( GEOMETRIC_REPRESENTATION_CONTEXT(2) 
PARAMETRIC_REPRESENTATION_CONTEXT() REPRESENTATION_CONTEXT('2D SPACE',''
  ) );
#3468 = PCURVE('',#2330,#3469);
#3469 = DEFINITIONAL_REPRESENTATION('',(#3470),#3474);
#3470 = LINE('',#3471,#3472);
#3471 = CARTESIAN_POINT('',(2.5,-7.5));
#3472 = VECTOR('',#3473,1.);
#3473 = DIRECTION('',(-1.,0.));
#3474 = ( GEOMETRIC_REPRESENTATION_CONTEXT(2) 
PARAMETRIC_REPRESENTATION_CONTEXT() REPRESENTATION_CONTEXT('2D SPACE',''
  ) );
#3475 = ADVANCED_FACE('',(#3476),#2271,.T.);
#3476 = FACE_BOUND('',#3477,.T.);
#3477 = EDGE_LOOP('',(#3478,#3479,#3480,#3481));
#3478 = ORIENTED_EDGE('',*,*,#2653,.T.);
#3479 = ORIENTED_EDGE('',*,*,#3433,.F.);
#3480 = ORIENTED_EDGE('',*,*,#2255,.T.);
#3481 = ORIENTED_EDGE('',*,*,#3482,.F.);
#3482 = EDGE_CURVE('',#2630,#2256,#3483,.T.);
#3483 = SURFACE_CURVE('',#3484,(#3488,#3495),.PCURVE_S1.);
#3484 = LINE('',#3485,#3486);
#3485 = CARTESIAN_POINT('',(-15.675,-10.425,-10.));
#3486 = VECTOR('',#3487,1.);
#3487 = DIRECTION('',(-0.,-0.,-1.));
#3488 = PCURVE('',#2271,#3489);
#3489 = DEFINITIONAL_REPRESENTATION('',(#3490),#3494);
#3490 = LINE('',#3491,#3492);
#3491 = CARTESIAN_POINT('',(-2.5,7.5));
#3492 = VECTOR('',#3493,1.);
#3493 = DIRECTION('',(1.,0.));
#3494 = ( GEOMETRIC_REPRESENTATION_CONTEXT(2) 
PARAMETRIC_REPRESENTATION_CONTEXT() REPRESENTATION_CONTEXT('2D SPACE',''
  ) );
#3495 = PCURVE('',#2304,#3496);
#3496 = DEFINITIONAL_REPRESENTATION('',(#3497),#3501);
#3497 = LINE('',#3498,#3499);
#3498 = CARTESIAN_POINT('',(-1.570796326795,10.));
#3499 = VECTOR('',#3500,1.);
#3500 = DIRECTION('',(-0.,1.));
#3501 = ( GEOMETRIC_REPRESENTATION_CONTEXT(2) 
PARAMETRIC_REPRESENTATION_CONTEXT() REPRESENTATION_CONTEXT('2D SPACE',''
  ) );
#3502 = ADVANCED_FACE('',(#3503),#2304,.F.);
#3503 = FACE_BOUND('',#3504,.T.);
#3504 = EDGE_LOOP('',(#3505,#3506,#3527,#3528));
#3505 = ORIENTED_EDGE('',*,*,#2283,.T.);
#3506 = ORIENTED_EDGE('',*,*,#3507,.T.);
#3507 = EDGE_CURVE('',#2284,#2628,#3508,.T.);
#3508 = SURFACE_CURVE('',#3509,(#3513,#3520),.PCURVE_S1.);
#3509 = LINE('',#3510,#3511);
#3510 = CARTESIAN_POINT('',(-15.675,-15.925,0.));
#3511 = VECTOR('',#3512,1.);
#3512 = DIRECTION('',(0.,0.,1.));
#3513 = PCURVE('',#2304,#3514);
#3514 = DEFINITIONAL_REPRESENTATION('',(#3515),#3519);
#3515 = LINE('',#3516,#3517);
#3516 = CARTESIAN_POINT('',(1.570796326795,-0.));
#3517 = VECTOR('',#3518,1.);
#3518 = DIRECTION('',(-0.,-1.));
#3519 = ( GEOMETRIC_REPRESENTATION_CONTEXT(2) 
PARAMETRIC_REPRESENTATION_CONTEXT() REPRESENTATION_CONTEXT('2D SPACE',''
  ) );
#3520 = PCURVE('',#2330,#3521);
#3521 = DEFINITIONAL_REPRESENTATION('',(#3522),#3526);
#3522 = LINE('',#3523,#3524);
#3523 = CARTESIAN_POINT('',(12.5,7.5));
#3524 = VECTOR('',#3525,1.);
#3525 = DIRECTION('',(1.,0.));
#3526 = ( GEOMETRIC_REPRESENTATION_CONTEXT(2) 
PARAMETRIC_REPRESENTATION_CONTEXT() REPRESENTATION_CONTEXT('2D SPACE',''
  ) );
#3527 = ORIENTED_EDGE('',*,*,#2627,.T.);
#3528 = ORIENTED_EDGE('',*,*,#3482,.T.);
#3529 = ADVANCED_FACE('',(#3530),#2330,.T.);
#3530 = FACE_BOUND('',#3531,.T.);
#3531 = EDGE_LOOP('',(#3532,#3533,#3534,#3535));
#3532 = ORIENTED_EDGE('',*,*,#3507,.F.);
#3533 = ORIENTED_EDGE('',*,*,#2316,.F.);
#3534 = ORIENTED_EDGE('',*,*,#3455,.F.);
#3535 = ORIENTED_EDGE('',*,*,#2700,.F.);
#3536 = ADVANCED_FACE('',(#3537),#2517,.T.);
#3537 = FACE_BOUND('',#3538,.T.);
#3538 = EDGE_LOOP('',(#3539,#3540,#3541,#3569));
#3539 = ORIENTED_EDGE('',*,*,#2849,.F.);
#3540 = ORIENTED_EDGE('',*,*,#2503,.T.);
#3541 = ORIENTED_EDGE('',*,*,#3542,.T.);
#3542 = EDGE_CURVE('',#2476,#3543,#3545,.T.);
#3543 = VERTEX_POINT('',#3544);
#3544 = CARTESIAN_POINT('',(-39.,-20.,4.));
#3545 = SURFACE_CURVE('',#3546,(#3550,#3557),.PCURVE_S1.);
#3546 = LINE('',#3547,#3548);
#3547 = CARTESIAN_POINT('',(-39.,-19.25,4.75));
#3548 = VECTOR('',#3549,1.);
#3549 = DIRECTION('',(1.183278675439E-15,-0.707106781187,-0.707106781187
    ));
#3550 = PCURVE('',#2517,#3551);
#3551 = DEFINITIONAL_REPRESENTATION('',(#3552),#3556);
#3552 = LINE('',#3553,#3554);
#3553 = CARTESIAN_POINT('',(92.65,-0.353553390593));
#3554 = VECTOR('',#3555,1.);
#3555 = DIRECTION('',(-1.183278675439E-15,1.));
#3556 = ( GEOMETRIC_REPRESENTATION_CONTEXT(2) 
PARAMETRIC_REPRESENTATION_CONTEXT() REPRESENTATION_CONTEXT('2D SPACE',''
  ) );
#3557 = PCURVE('',#3558,#3563);
#3558 = PLANE('',#3559);
#3559 = AXIS2_PLACEMENT_3D('',#3560,#3561,#3562);
#3560 = CARTESIAN_POINT('',(-39.,-19.,5.));
#3561 = DIRECTION('',(-0.57735026919,-0.57735026919,0.57735026919));
#3562 = DIRECTION('',(-0.707106781187,0.707106781187,1.218435339466E-15)
  );
#3563 = DEFINITIONAL_REPRESENTATION('',(#3564),#3568);
#3564 = LINE('',#3565,#3566);
#3565 = CARTESIAN_POINT('',(-0.176776695297,0.306186217848));
#3566 = VECTOR('',#3567,1.);
#3567 = DIRECTION('',(-0.5,0.866025403784));
#3568 = ( GEOMETRIC_REPRESENTATION_CONTEXT(2) 
PARAMETRIC_REPRESENTATION_CONTEXT() REPRESENTATION_CONTEXT('2D SPACE',''
  ) );
#3569 = ORIENTED_EDGE('',*,*,#3570,.F.);
#3570 = EDGE_CURVE('',#2850,#3543,#3571,.T.);
#3571 = SURFACE_CURVE('',#3572,(#3576,#3583),.PCURVE_S1.);
#3572 = LINE('',#3573,#3574);
#3573 = CARTESIAN_POINT('',(53.65,-20.,4.));
#3574 = VECTOR('',#3575,1.);
#3575 = DIRECTION('',(-1.,0.,0.));
#3576 = PCURVE('',#2517,#3577);
#3577 = DEFINITIONAL_REPRESENTATION('',(#3578),#3582);
#3578 = LINE('',#3579,#3580);
#3579 = CARTESIAN_POINT('',(0.,0.707106781187));
#3580 = VECTOR('',#3581,1.);
#3581 = DIRECTION('',(1.,-1.211845495834E-34));
#3582 = ( GEOMETRIC_REPRESENTATION_CONTEXT(2) 
PARAMETRIC_REPRESENTATION_CONTEXT() REPRESENTATION_CONTEXT('2D SPACE',''
  ) );
#3583 = PCURVE('',#2886,#3584);
#3584 = DEFINITIONAL_REPRESENTATION('',(#3585),#3589);
#3585 = LINE('',#3586,#3587);
#3586 = CARTESIAN_POINT('',(-16.5,46.825));
#3587 = VECTOR('',#3588,1.);
#3588 = DIRECTION('',(0.,-1.));
#3589 = ( GEOMETRIC_REPRESENTATION_CONTEXT(2) 
PARAMETRIC_REPRESENTATION_CONTEXT() REPRESENTATION_CONTEXT('2D SPACE',''
  ) );
#3590 = ADVANCED_FACE('',(#3591),#2491,.T.);
#3591 = FACE_BOUND('',#3592,.T.);
#3592 = EDGE_LOOP('',(#3593,#3614,#3615,#3616));
#3593 = ORIENTED_EDGE('',*,*,#3594,.F.);
#3594 = EDGE_CURVE('',#2476,#3014,#3595,.T.);
#3595 = SURFACE_CURVE('',#3596,(#3600,#3607),.PCURVE_S1.);
#3596 = LINE('',#3597,#3598);
#3597 = CARTESIAN_POINT('',(-39.25,-19.,4.75));
#3598 = VECTOR('',#3599,1.);
#3599 = DIRECTION('',(-0.707106781187,5.00153677178E-15,-0.707106781187)
  );
#3600 = PCURVE('',#2491,#3601);
#3601 = DEFINITIONAL_REPRESENTATION('',(#3602),#3606);
#3602 = LINE('',#3603,#3604);
#3603 = CARTESIAN_POINT('',(1.,-0.353553390593));
#3604 = VECTOR('',#3605,1.);
#3605 = DIRECTION('',(5.00153677178E-15,1.));
#3606 = ( GEOMETRIC_REPRESENTATION_CONTEXT(2) 
PARAMETRIC_REPRESENTATION_CONTEXT() REPRESENTATION_CONTEXT('2D SPACE',''
  ) );
#3607 = PCURVE('',#3558,#3608);
#3608 = DEFINITIONAL_REPRESENTATION('',(#3609),#3613);
#3609 = LINE('',#3610,#3611);
#3610 = CARTESIAN_POINT('',(0.176776695297,0.306186217848));
#3611 = VECTOR('',#3612,1.);
#3612 = DIRECTION('',(0.5,0.866025403784));
#3613 = ( GEOMETRIC_REPRESENTATION_CONTEXT(2) 
PARAMETRIC_REPRESENTATION_CONTEXT() REPRESENTATION_CONTEXT('2D SPACE',''
  ) );
#3614 = ORIENTED_EDGE('',*,*,#2475,.T.);
#3615 = ORIENTED_EDGE('',*,*,#2989,.T.);
#3616 = ORIENTED_EDGE('',*,*,#3043,.F.);
#3617 = ADVANCED_FACE('',(#3618),#2836,.F.);
#3618 = FACE_BOUND('',#3619,.F.);
#3619 = EDGE_LOOP('',(#3620,#3621,#3622));
#3620 = ORIENTED_EDGE('',*,*,#2820,.F.);
#3621 = ORIENTED_EDGE('',*,*,#2923,.T.);
#3622 = ORIENTED_EDGE('',*,*,#3165,.F.);
#3623 = ADVANCED_FACE('',(#3624),#2886,.T.);
#3624 = FACE_BOUND('',#3625,.T.);
#3625 = EDGE_LOOP('',(#3626,#3647,#3648,#3649));
#3626 = ORIENTED_EDGE('',*,*,#3627,.T.);
#3627 = EDGE_CURVE('',#3543,#3117,#3628,.T.);
#3628 = SURFACE_CURVE('',#3629,(#3633,#3640),.PCURVE_S1.);
#3629 = LINE('',#3630,#3631);
#3630 = CARTESIAN_POINT('',(-39.,-20.,5.));
#3631 = VECTOR('',#3632,1.);
#3632 = DIRECTION('',(-0.,-0.,-1.));
#3633 = PCURVE('',#2886,#3634);
#3634 = DEFINITIONAL_REPRESENTATION('',(#3635),#3639);
#3635 = LINE('',#3636,#3637);
#3636 = CARTESIAN_POINT('',(-17.5,-45.825));
#3637 = VECTOR('',#3638,1.);
#3638 = DIRECTION('',(1.,0.));
#3639 = ( GEOMETRIC_REPRESENTATION_CONTEXT(2) 
PARAMETRIC_REPRESENTATION_CONTEXT() REPRESENTATION_CONTEXT('2D SPACE',''
  ) );
#3640 = PCURVE('',#3031,#3641);
#3641 = DEFINITIONAL_REPRESENTATION('',(#3642),#3646);
#3642 = LINE('',#3643,#3644);
#3643 = CARTESIAN_POINT('',(0.,0.707106781187));
#3644 = VECTOR('',#3645,1.);
#3645 = DIRECTION('',(1.,1.617303853732E-34));
#3646 = ( GEOMETRIC_REPRESENTATION_CONTEXT(2) 
PARAMETRIC_REPRESENTATION_CONTEXT() REPRESENTATION_CONTEXT('2D SPACE',''
  ) );
#3647 = ORIENTED_EDGE('',*,*,#3144,.F.);
#3648 = ORIENTED_EDGE('',*,*,#2872,.T.);
#3649 = ORIENTED_EDGE('',*,*,#3570,.T.);
#3650 = ADVANCED_FACE('',(#3651),#3031,.T.);
#3651 = FACE_BOUND('',#3652,.T.);
#3652 = EDGE_LOOP('',(#3653,#3654,#3675,#3676));
#3653 = ORIENTED_EDGE('',*,*,#3013,.T.);
#3654 = ORIENTED_EDGE('',*,*,#3655,.F.);
#3655 = EDGE_CURVE('',#3117,#3016,#3656,.T.);
#3656 = SURFACE_CURVE('',#3657,(#3661,#3668),.PCURVE_S1.);
#3657 = LINE('',#3658,#3659);
#3658 = CARTESIAN_POINT('',(-39.5,-19.5,-29.));
#3659 = VECTOR('',#3660,1.);
#3660 = DIRECTION('',(-0.707106781187,0.707106781187,-3.082391018568E-17
    ));
#3661 = PCURVE('',#3031,#3662);
#3662 = DEFINITIONAL_REPRESENTATION('',(#3663),#3667);
#3663 = LINE('',#3664,#3665);
#3664 = CARTESIAN_POINT('',(34.,1.37855841685E-33));
#3665 = VECTOR('',#3666,1.);
#3666 = DIRECTION('',(3.082391018568E-17,-1.));
#3667 = ( GEOMETRIC_REPRESENTATION_CONTEXT(2) 
PARAMETRIC_REPRESENTATION_CONTEXT() REPRESENTATION_CONTEXT('2D SPACE',''
  ) );
#3668 = PCURVE('',#3132,#3669);
#3669 = DEFINITIONAL_REPRESENTATION('',(#3670),#3674);
#3670 = LINE('',#3671,#3672);
#3671 = CARTESIAN_POINT('',(2.504805166498E-15,1.224744871392));
#3672 = VECTOR('',#3673,1.);
#3673 = DIRECTION('',(1.,-3.904172384835E-17));
#3674 = ( GEOMETRIC_REPRESENTATION_CONTEXT(2) 
PARAMETRIC_REPRESENTATION_CONTEXT() REPRESENTATION_CONTEXT('2D SPACE',''
  ) );
#3675 = ORIENTED_EDGE('',*,*,#3627,.F.);
#3676 = ORIENTED_EDGE('',*,*,#3677,.T.);
#3677 = EDGE_CURVE('',#3543,#3014,#3678,.T.);
#3678 = SURFACE_CURVE('',#3679,(#3683,#3690),.PCURVE_S1.);
#3679 = LINE('',#3680,#3681);
#3680 = CARTESIAN_POINT('',(-39.5,-19.5,4.));
#3681 = VECTOR('',#3682,1.);
#3682 = DIRECTION('',(-0.707106781187,0.707106781187,-3.805438088247E-15
    ));
#3683 = PCURVE('',#3031,#3684);
#3684 = DEFINITIONAL_REPRESENTATION('',(#3685),#3689);
#3685 = LINE('',#3686,#3687);
#3686 = CARTESIAN_POINT('',(1.,4.054583578972E-35));
#3687 = VECTOR('',#3688,1.);
#3688 = DIRECTION('',(3.805438088247E-15,-1.));
#3689 = ( GEOMETRIC_REPRESENTATION_CONTEXT(2) 
PARAMETRIC_REPRESENTATION_CONTEXT() REPRESENTATION_CONTEXT('2D SPACE',''
  ) );
#3690 = PCURVE('',#3558,#3691);
#3691 = DEFINITIONAL_REPRESENTATION('',(#3692),#3696);
#3692 = LINE('',#3693,#3694);
#3693 = CARTESIAN_POINT('',(-8.740733012661E-15,1.224744871392));
#3694 = VECTOR('',#3695,1.);
#3695 = DIRECTION('',(1.,6.132352436683E-15));
#3696 = ( GEOMETRIC_REPRESENTATION_CONTEXT(2) 
PARAMETRIC_REPRESENTATION_CONTEXT() REPRESENTATION_CONTEXT('2D SPACE',''
  ) );
#3697 = ADVANCED_FACE('',(#3698),#3132,.F.);
#3698 = FACE_BOUND('',#3699,.F.);
#3699 = EDGE_LOOP('',(#3700,#3701,#3702));
#3700 = ORIENTED_EDGE('',*,*,#3116,.F.);
#3701 = ORIENTED_EDGE('',*,*,#3189,.T.);
#3702 = ORIENTED_EDGE('',*,*,#3655,.F.);
#3703 = ADVANCED_FACE('',(#3704),#3558,.T.);
#3704 = FACE_BOUND('',#3705,.T.);
#3705 = EDGE_LOOP('',(#3706,#3707,#3708));
#3706 = ORIENTED_EDGE('',*,*,#3542,.F.);
#3707 = ORIENTED_EDGE('',*,*,#3594,.T.);
#3708 = ORIENTED_EDGE('',*,*,#3677,.F.);
#3709 = ( GEOMETRIC_REPRESENTATION_CONTEXT(3) 
GLOBAL_UNCERTAINTY_ASSIGNED_CONTEXT((#3713)) 
GLOBAL_UNIT_ASSIGNED_CONTEXT((#3710,#3711,#3712)) REPRESENTATION_CONTEXT
('Context #1','3D Context with UNIT and UNCERTAINTY') );
#3710 = ( LENGTH_UNIT() NAMED_UNIT(*) SI_UNIT(.MILLI.,.METRE.) );
#3711 = ( NAMED_UNIT(*) PLANE_ANGLE_UNIT() SI_UNIT($,.RADIAN.) );
#3712 = ( NAMED_UNIT(*) SI_UNIT($,.STERADIAN.) SOLID_ANGLE_UNIT() );
#3713 = UNCERTAINTY_MEASURE_WITH_UNIT(LENGTH_MEASURE(5.E-07),#3710,
  'distance_accuracy_value','confusion accuracy');
#3714 = CONTEXT_DEPENDENT_SHAPE_REPRESENTATION(#3715,#3717);
#3715 = ( REPRESENTATION_RELATIONSHIP('','',#36,#10) 
REPRESENTATION_RELATIONSHIP_WITH_TRANSFORMATION(#3716) 
SHAPE_REPRESENTATION_RELATIONSHIP() );
#3716 = ITEM_DEFINED_TRANSFORMATION('','',#11,#15);
#3717 = PRODUCT_DEFINITION_SHAPE('Placement','Placement of an item',
  #3718);
#3718 = NEXT_ASSEMBLY_USAGE_OCCURRENCE('1','Body003','',#5,#31,$);
#3719 = PRODUCT_RELATED_PRODUCT_CATEGORY('part',$,(#33));
#3720 = SHAPE_DEFINITION_REPRESENTATION(#3721,#3727);
#3721 = PRODUCT_DEFINITION_SHAPE('','',#3722);
#3722 = PRODUCT_DEFINITION('design','',#3723,#3726);
#3723 = PRODUCT_DEFINITION_FORMATION('','',#3724);
#3724 = PRODUCT('Body005','Body005','',(#3725));
#3725 = PRODUCT_CONTEXT('',#2,'mechanical');
#3726 = PRODUCT_DEFINITION_CONTEXT('part definition',#2,'design');
#3727 = ADVANCED_BREP_SHAPE_REPRESENTATION('',(#11,#3728),#9989);
#3728 = MANIFOLD_SOLID_BREP('',#3729);
#3729 = CLOSED_SHELL('',(#3730,#4285,#4799,#4881,#5028,#5095,#5101,#5310
    ,#5873,#5930,#6012,#6128,#6186,#6249,#6312,#6375,#6438,#6501,#6532,
    #7071,#7128,#7210,#7326,#7441,#7529,#7617,#7705,#7793,#7859,#8413,
    #8470,#8552,#8668,#8722,#8749,#8776,#8803,#8830,#8857,#8884,#9304,
    #9361,#9493,#9609,#9645,#9730,#9947,#9982));
#3730 = ADVANCED_FACE('',(#3731),#3746,.F.);
#3731 = FACE_BOUND('',#3732,.F.);
#3732 = EDGE_LOOP('',(#3733,#3769,#3792,#3819,#3820,#3849,#4002,#4212));
#3733 = ORIENTED_EDGE('',*,*,#3734,.T.);
#3734 = EDGE_CURVE('',#3735,#3737,#3739,.T.);
#3735 = VERTEX_POINT('',#3736);
#3736 = CARTESIAN_POINT('',(1.2015158198,-2.304295722106,4.951472869693)
  );
#3737 = VERTEX_POINT('',#3738);
#3738 = CARTESIAN_POINT('',(2.598734122635,0.,4.951472869693));
#3739 = SURFACE_CURVE('',#3740,(#3745,#3757),.PCURVE_S1.);
#3740 = CIRCLE('',#3741,2.598734122635);
#3741 = AXIS2_PLACEMENT_3D('',#3742,#3743,#3744);
#3742 = CARTESIAN_POINT('',(0.,0.,4.951472869693));
#3743 = DIRECTION('',(0.,0.,1.));
#3744 = DIRECTION('',(1.,0.,-0.));
#3745 = PCURVE('',#3746,#3751);
#3746 = CONICAL_SURFACE('',#3747,2.598734122635,1.308996938996);
#3747 = AXIS2_PLACEMENT_3D('',#3748,#3749,#3750);
#3748 = CARTESIAN_POINT('',(0.,0.,4.951472869693));
#3749 = DIRECTION('',(0.,0.,1.));
#3750 = DIRECTION('',(1.,0.,-0.));
#3751 = DEFINITIONAL_REPRESENTATION('',(#3752),#3756);
#3752 = LINE('',#3753,#3754);
#3753 = CARTESIAN_POINT('',(0.,0.));
#3754 = VECTOR('',#3755,1.);
#3755 = DIRECTION('',(1.,0.));
#3756 = ( GEOMETRIC_REPRESENTATION_CONTEXT(2) 
PARAMETRIC_REPRESENTATION_CONTEXT() REPRESENTATION_CONTEXT('2D SPACE',''
  ) );
#3757 = PCURVE('',#3758,#3763);
#3758 = CYLINDRICAL_SURFACE('',#3759,2.598734122635);
#3759 = AXIS2_PLACEMENT_3D('',#3760,#3761,#3762);
#3760 = CARTESIAN_POINT('',(0.,0.,0.248527130307));
#3761 = DIRECTION('',(0.,0.,1.));
#3762 = DIRECTION('',(1.,0.,-0.));
#3763 = DEFINITIONAL_REPRESENTATION('',(#3764),#3768);
#3764 = LINE('',#3765,#3766);
#3765 = CARTESIAN_POINT('',(0.,4.702945739386));
#3766 = VECTOR('',#3767,1.);
#3767 = DIRECTION('',(1.,0.));
#3768 = ( GEOMETRIC_REPRESENTATION_CONTEXT(2) 
PARAMETRIC_REPRESENTATION_CONTEXT() REPRESENTATION_CONTEXT('2D SPACE',''
  ) );
#3769 = ORIENTED_EDGE('',*,*,#3770,.T.);
#3770 = EDGE_CURVE('',#3737,#3771,#3773,.T.);
#3771 = VERTEX_POINT('',#3772);
#3772 = CARTESIAN_POINT('',(3.52625,0.,5.2));
#3773 = SEAM_CURVE('',#3774,(#3778,#3785),.PCURVE_S1.);
#3774 = LINE('',#3775,#3776);
#3775 = CARTESIAN_POINT('',(2.598734122635,0.,4.951472869693));
#3776 = VECTOR('',#3777,1.);
#3777 = DIRECTION('',(0.965925826289,0.,0.258819045103));
#3778 = PCURVE('',#3746,#3779);
#3779 = DEFINITIONAL_REPRESENTATION('',(#3780),#3784);
#3780 = LINE('',#3781,#3782);
#3781 = CARTESIAN_POINT('',(0.,0.));
#3782 = VECTOR('',#3783,1.);
#3783 = DIRECTION('',(0.,1.));
#3784 = ( GEOMETRIC_REPRESENTATION_CONTEXT(2) 
PARAMETRIC_REPRESENTATION_CONTEXT() REPRESENTATION_CONTEXT('2D SPACE',''
  ) );
#3785 = PCURVE('',#3746,#3786);
#3786 = DEFINITIONAL_REPRESENTATION('',(#3787),#3791);
#3787 = LINE('',#3788,#3789);
#3788 = CARTESIAN_POINT('',(6.28318530718,0.));
#3789 = VECTOR('',#3790,1.);
#3790 = DIRECTION('',(0.,1.));
#3791 = ( GEOMETRIC_REPRESENTATION_CONTEXT(2) 
PARAMETRIC_REPRESENTATION_CONTEXT() REPRESENTATION_CONTEXT('2D SPACE',''
  ) );
#3792 = ORIENTED_EDGE('',*,*,#3793,.F.);
#3793 = EDGE_CURVE('',#3771,#3771,#3794,.T.);
#3794 = SURFACE_CURVE('',#3795,(#3800,#3807),.PCURVE_S1.);
#3795 = CIRCLE('',#3796,3.52625);
#3796 = AXIS2_PLACEMENT_3D('',#3797,#3798,#3799);
#3797 = CARTESIAN_POINT('',(0.,0.,5.2));
#3798 = DIRECTION('',(0.,0.,1.));
#3799 = DIRECTION('',(1.,0.,-0.));
#3800 = PCURVE('',#3746,#3801);
#3801 = DEFINITIONAL_REPRESENTATION('',(#3802),#3806);
#3802 = LINE('',#3803,#3804);
#3803 = CARTESIAN_POINT('',(0.,0.248527130307));
#3804 = VECTOR('',#3805,1.);
#3805 = DIRECTION('',(1.,0.));
#3806 = ( GEOMETRIC_REPRESENTATION_CONTEXT(2) 
PARAMETRIC_REPRESENTATION_CONTEXT() REPRESENTATION_CONTEXT('2D SPACE',''
  ) );
#3807 = PCURVE('',#3808,#3813);
#3808 = PLANE('',#3809);
#3809 = AXIS2_PLACEMENT_3D('',#3810,#3811,#3812);
#3810 = CARTESIAN_POINT('',(0.,0.,5.2));
#3811 = DIRECTION('',(0.,0.,1.));
#3812 = DIRECTION('',(1.,-0.,-0.));
#3813 = DEFINITIONAL_REPRESENTATION('',(#3814),#3818);
#3814 = CIRCLE('',#3815,3.52625);
#3815 = AXIS2_PLACEMENT_2D('',#3816,#3817);
#3816 = CARTESIAN_POINT('',(0.,0.));
#3817 = DIRECTION('',(1.,-0.));
#3818 = ( GEOMETRIC_REPRESENTATION_CONTEXT(2) 
PARAMETRIC_REPRESENTATION_CONTEXT() REPRESENTATION_CONTEXT('2D SPACE',''
  ) );
#3819 = ORIENTED_EDGE('',*,*,#3770,.F.);
#3820 = ORIENTED_EDGE('',*,*,#3821,.T.);
#3821 = EDGE_CURVE('',#3737,#3822,#3824,.T.);
#3822 = VERTEX_POINT('',#3823);
#3823 = CARTESIAN_POINT('',(2.304384474834,1.201345592363,4.951472869693
    ));
#3824 = SURFACE_CURVE('',#3825,(#3830,#3837),.PCURVE_S1.);
#3825 = CIRCLE('',#3826,2.598734122635);
#3826 = AXIS2_PLACEMENT_3D('',#3827,#3828,#3829);
#3827 = CARTESIAN_POINT('',(0.,0.,4.951472869693));
#3828 = DIRECTION('',(0.,0.,1.));
#3829 = DIRECTION('',(1.,0.,-0.));
#3830 = PCURVE('',#3746,#3831);
#3831 = DEFINITIONAL_REPRESENTATION('',(#3832),#3836);
#3832 = LINE('',#3833,#3834);
#3833 = CARTESIAN_POINT('',(0.,0.));
#3834 = VECTOR('',#3835,1.);
#3835 = DIRECTION('',(1.,0.));
#3836 = ( GEOMETRIC_REPRESENTATION_CONTEXT(2) 
PARAMETRIC_REPRESENTATION_CONTEXT() REPRESENTATION_CONTEXT('2D SPACE',''
  ) );
#3837 = PCURVE('',#3838,#3843);
#3838 = CYLINDRICAL_SURFACE('',#3839,2.598734122635);
#3839 = AXIS2_PLACEMENT_3D('',#3840,#3841,#3842);
#3840 = CARTESIAN_POINT('',(0.,0.,0.248527130307));
#3841 = DIRECTION('',(0.,0.,1.));
#3842 = DIRECTION('',(1.,0.,-0.));
#3843 = DEFINITIONAL_REPRESENTATION('',(#3844),#3848);
#3844 = LINE('',#3845,#3846);
#3845 = CARTESIAN_POINT('',(0.,4.702945739386));
#3846 = VECTOR('',#3847,1.);
#3847 = DIRECTION('',(1.,0.));
#3848 = ( GEOMETRIC_REPRESENTATION_CONTEXT(2) 
PARAMETRIC_REPRESENTATION_CONTEXT() REPRESENTATION_CONTEXT('2D SPACE',''
  ) );
#3849 = ORIENTED_EDGE('',*,*,#3850,.T.);
#3850 = EDGE_CURVE('',#3822,#3851,#3853,.T.);
#3851 = VERTEX_POINT('',#3852);
#3852 = CARTESIAN_POINT('',(-3.068601583192,-0.665825330305,
    5.096506290436));
#3853 = SURFACE_CURVE('',#3854,(#3893,#3935),.PCURVE_S1.);
#3854 = B_SPLINE_CURVE_WITH_KNOTS('',7,(#3855,#3856,#3857,#3858,#3859,
    #3860,#3861,#3862,#3863,#3864,#3865,#3866,#3867,#3868,#3869,#3870,
    #3871,#3872,#3873,#3874,#3875,#3876,#3877,#3878,#3879,#3880,#3881,
    #3882,#3883,#3884,#3885,#3886,#3887,#3888,#3889,#3890,#3891,#3892),
  .UNSPECIFIED.,.F.,.F.,(8,6,6,6,6,6,8),(0.,0.228337373498,0.46883376496
    ,0.595158935526,0.725211421307,0.860471570337,1.),.UNSPECIFIED.);
#3855 = CARTESIAN_POINT('',(2.304384474834,1.201345592363,4.951472869693
    ));
#3856 = CARTESIAN_POINT('',(2.199605814109,1.443583594657,4.95658300902)
  );
#3857 = CARTESIAN_POINT('',(2.065806224428,1.673941033048,4.961661784267
    ));
#3858 = CARTESIAN_POINT('',(1.904889983274,1.888173975298,4.966706886013
    ));
#3859 = CARTESIAN_POINT('',(1.719471092423,2.082683135334,4.971720058066
    ));
#3860 = CARTESIAN_POINT('',(1.512613284073,2.254411400737,4.976702598441
    ));
#3861 = CARTESIAN_POINT('',(1.287817085513,2.400830539354,4.981655752369
    ));
#3862 = CARTESIAN_POINT('',(0.797615942725,2.645736978905,4.991759647222
    ));
#3863 = CARTESIAN_POINT('',(0.530489656026,2.74135473349,4.996910915271)
  );
#3864 = CARTESIAN_POINT('',(0.25228860369,2.804753341944,5.002027668715)
  );
#3865 = CARTESIAN_POINT('',(-3.225770044427E-02,2.834789222245,
    5.007112209718));
#3866 = CARTESIAN_POINT('',(-0.318431087479,2.831094879276,
    5.012166412651));
#3867 = CARTESIAN_POINT('',(-0.601523671199,2.794058491631,
    5.017191635766));
#3868 = CARTESIAN_POINT('',(-1.021563479653,2.688747007811,
    5.024807337855));
#3869 = CARTESIAN_POINT('',(-1.164127685188,2.643639069628,
    5.027421817806));
#3870 = CARTESIAN_POINT('',(-1.303955920077,2.589870753272,
    5.030028064811));
#3871 = CARTESIAN_POINT('',(-1.440429730026,2.527677390917,
    5.032626173711));
#3872 = CARTESIAN_POINT('',(-1.572960932036,2.457346682921,
    5.035216279449));
#3873 = CARTESIAN_POINT('',(-1.700992512362,2.379216365914,
    5.037798467491));
#3874 = CARTESIAN_POINT('',(-1.950635947152,2.205603344155,
    5.043022855138));
#3875 = CARTESIAN_POINT('',(-2.071953843524,2.109671816574,5.04566472379
    ));
#3876 = CARTESIAN_POINT('',(-2.187381437902,2.006298374378,
    5.048298247962));
#3877 = CARTESIAN_POINT('',(-2.296397025223,1.895947448519,
    5.050923531933));
#3878 = CARTESIAN_POINT('',(-2.398528954975,1.779124163046,
    5.053540728256));
#3879 = CARTESIAN_POINT('',(-2.493355615116,1.656371673505,
    5.056149939502));
#3880 = CARTESIAN_POINT('',(-2.671144937313,1.395035729995,
    5.061456459003));
#3881 = CARTESIAN_POINT('',(-2.753486297199,1.256007330092,
    5.064153276237));
#3882 = CARTESIAN_POINT('',(-2.827110905521,1.111833943547,
    5.066841525746));
#3883 = CARTESIAN_POINT('',(-2.891673154769,0.96319237889,5.069521338951
    ));
#3884 = CARTESIAN_POINT('',(-2.946893670278,0.810780437854,
    5.072192893517));
#3885 = CARTESIAN_POINT('',(-2.992558089548,0.655314411299,5.07485629761
    ));
#3886 = CARTESIAN_POINT('',(-3.0656195121,0.334765003805,5.080250468917)
  );
#3887 = CARTESIAN_POINT('',(-3.0923970657,0.169522052599,5.082980891383)
  );
#3888 = CARTESIAN_POINT('',(-3.108692585022,2.605776159492E-03,
    5.085702700486));
#3889 = CARTESIAN_POINT('',(-3.114427985843,-0.16518106305,
    5.088416022478));
#3890 = CARTESIAN_POINT('',(-3.109599540902,-0.333040806495,
    5.09112102828));
#3891 = CARTESIAN_POINT('',(-3.094275678251,-0.500182888688,
    5.093817812633));
#3892 = CARTESIAN_POINT('',(-3.068601583192,-0.665825330305,
    5.096506290436));
#3893 = PCURVE('',#3746,#3894);
#3894 = DEFINITIONAL_REPRESENTATION('',(#3895),#3934);
#3895 = B_SPLINE_CURVE_WITH_KNOTS('',7,(#3896,#3897,#3898,#3899,#3900,
    #3901,#3902,#3903,#3904,#3905,#3906,#3907,#3908,#3909,#3910,#3911,
    #3912,#3913,#3914,#3915,#3916,#3917,#3918,#3919,#3920,#3921,#3922,
    #3923,#3924,#3925,#3926,#3927,#3928,#3929,#3930,#3931,#3932,#3933),
  .UNSPECIFIED.,.F.,.F.,(8,6,6,6,6,6,8),(0.,0.228337373498,0.46883376496
    ,0.595158935526,0.725211421307,0.860471570337,1.),.UNSPECIFIED.);
#3896 = CARTESIAN_POINT('',(0.480565920952,0.));
#3897 = CARTESIAN_POINT('',(0.581860520009,5.110139351187E-03));
#3898 = CARTESIAN_POINT('',(0.682529144901,1.018891450997E-02));
#3899 = CARTESIAN_POINT('',(0.782521312119,1.523401640131E-02));
#3900 = CARTESIAN_POINT('',(0.881875834021,2.024718831838E-02));
#3901 = CARTESIAN_POINT('',(0.980626080238,2.522972876441E-02));
#3902 = CARTESIAN_POINT('',(1.0787975877,3.018288267568E-02));
#3903 = CARTESIAN_POINT('',(1.279063956626,4.028677752887E-02));
#3904 = CARTESIAN_POINT('',(1.381169600055,4.543804557766E-02));
#3905 = CARTESIAN_POINT('',(1.48259454314,5.055479902162E-02));
#3906 = CARTESIAN_POINT('',(1.583380874442,5.563934002458E-02));
#3907 = CARTESIAN_POINT('',(1.683562814832,6.069354295841E-02));
#3908 = CARTESIAN_POINT('',(1.783167414493,6.571876607293E-02));
#3909 = CARTESIAN_POINT('',(1.934114618939,7.333446816228E-02));
#3910 = CARTESIAN_POINT('',(1.985934418407,7.594894811339E-02));
#3911 = CARTESIAN_POINT('',(2.03759061559,7.855519511768E-02));
#3912 = CARTESIAN_POINT('',(2.089085309509,8.115330401797E-02));
#3913 = CARTESIAN_POINT('',(2.140421420082,8.374340975603E-02));
#3914 = CARTESIAN_POINT('',(2.191600861289,8.63255977982E-02));
#3915 = CARTESIAN_POINT('',(2.295150003908,9.154998544508E-02));
#3916 = CARTESIAN_POINT('',(2.347513168585,9.419185409747E-02));
#3917 = CARTESIAN_POINT('',(2.399711544095,9.68253782693E-02));
#3918 = CARTESIAN_POINT('',(2.451747274415,9.945066224039E-02));
#3919 = CARTESIAN_POINT('',(2.503623373292,0.102067858564));
#3920 = CARTESIAN_POINT('',(2.555341785785,0.104677069809));
#3921 = CARTESIAN_POINT('',(2.660525706159,0.10998358931));
#3922 = CARTESIAN_POINT('',(2.713981519128,0.112680406544));
#3923 = CARTESIAN_POINT('',(2.767267813284,0.115368656053));
#3924 = CARTESIAN_POINT('',(2.820386966897,0.118048469258));
#3925 = CARTESIAN_POINT('',(2.873342269598,0.120720023824));
#3926 = CARTESIAN_POINT('',(2.926135671686,0.123383427917));
#3927 = CARTESIAN_POINT('',(3.033056780015,0.128777599224));
#3928 = CARTESIAN_POINT('',(3.087177622601,0.131508021695));
#3929 = CARTESIAN_POINT('',(3.141127094357,0.134229830793));
#3930 = CARTESIAN_POINT('',(3.194907633579,0.136943152766));
#3931 = CARTESIAN_POINT('',(3.248522659438,0.13964815856));
#3932 = CARTESIAN_POINT('',(3.301974163602,0.14234494294));
#3933 = CARTESIAN_POINT('',(3.355260609375,0.145033420743));
#3934 = ( GEOMETRIC_REPRESENTATION_CONTEXT(2) 
PARAMETRIC_REPRESENTATION_CONTEXT() REPRESENTATION_CONTEXT('2D SPACE',''
  ) );
#3935 = PCURVE('',#3936,#3961);
#3936 = B_SPLINE_SURFACE_WITH_KNOTS('',1,11,(
    (#3937,#3938,#3939,#3940,#3941,#3942,#3943,#3944,#3945,#3946,#3947
      ,#3948)
    ,(#3949,#3950,#3951,#3952,#3953,#3954,#3955,#3956,#3957,#3958,#3959
      ,#3960
    )),.UNSPECIFIED.,.F.,.F.,.F.,(2,2),(12,12),(0.,0.825),(0.,
    6.362265131567),.PIECEWISE_BEZIER_KNOTS.);
#3937 = CARTESIAN_POINT('',(2.425529497963,6.6049108708E-07,
    4.974986969038));
#3938 = CARTESIAN_POINT('',(2.425529235094,1.385547838758,5.065892794479
    ));
#3939 = CARTESIAN_POINT('',(1.555152892481,2.770276445294,5.156748263887
    ));
#3940 = CARTESIAN_POINT('',(-0.187057271545,3.550919708608,
    5.247996299327));
#3941 = CARTESIAN_POINT('',(-2.316189637852,3.105547771491,
    5.337925367419));
#3942 = CARTESIAN_POINT('',(-3.902987539793,1.288346952422,
    5.430588427901));
#3943 = CARTESIAN_POINT('',(-3.902919560115,-1.288350094782,
    5.519382903993));
#3944 = CARTESIAN_POINT('',(-2.316232972301,-3.105547755745,
    5.612045964436));
#3945 = CARTESIAN_POINT('',(-0.187036141627,-3.550920559889,
    5.701975032571));
#3946 = CARTESIAN_POINT('',(1.555150694341,-2.770275369853,
    5.793223067989));
#3947 = CARTESIAN_POINT('',(2.425529927503,-1.385546385679,
    5.884078537401));
#3948 = CARTESIAN_POINT('',(2.425529589208,7.9258933676E-07,
    5.974984362844));
#3949 = CARTESIAN_POINT('',(3.140007979398,-3.67428E-12,4.562500000073)
  );
#3950 = CARTESIAN_POINT('',(3.140009978982,1.793568818387,4.653409091018
    ));
#3951 = CARTESIAN_POINT('',(2.013352389233,3.587098256311,4.74431818254)
  );
#3952 = CARTESIAN_POINT('',(-0.242565282485,4.594293520391,
    4.835227269517));
#3953 = CARTESIAN_POINT('',(-2.997707729636,4.025733381708,
    4.926136372021));
#3954 = CARTESIAN_POINT('',(-5.0534196954,1.660203664419,5.017045441766)
  );
#3955 = CARTESIAN_POINT('',(-5.052243960126,-1.66021772252,
    5.107954558683));
#3956 = CARTESIAN_POINT('',(-2.998498378884,-4.025708851145,
    5.198863627608));
#3957 = CARTESIAN_POINT('',(-0.242232834265,-4.594306440317,
    5.289772731037));
#3958 = CARTESIAN_POINT('',(2.013284889097,-3.587095744104,
    5.380681817533));
#3959 = CARTESIAN_POINT('',(3.140007575695,-1.793568818396,
    5.471590909152));
#3960 = CARTESIAN_POINT('',(3.140009575279,-5.29254E-12,5.562500000105)
  );
#3961 = DEFINITIONAL_REPRESENTATION('',(#3962),#4001);
#3962 = B_SPLINE_CURVE_WITH_KNOTS('',7,(#3963,#3964,#3965,#3966,#3967,
    #3968,#3969,#3970,#3971,#3972,#3973,#3974,#3975,#3976,#3977,#3978,
    #3979,#3980,#3981,#3982,#3983,#3984,#3985,#3986,#3987,#3988,#3989,
    #3990,#3991,#3992,#3993,#3994,#3995,#3996,#3997,#3998,#3999,#4000),
  .UNSPECIFIED.,.F.,.F.,(8,6,6,6,6,6,8),(0.,0.228337373498,0.46883376496
    ,0.595158935526,0.725211421307,0.860471570337,1.),.UNSPECIFIED.);
#3963 = CARTESIAN_POINT('',(0.199999476342,0.486616046081));
#3964 = CARTESIAN_POINT('',(0.222023688194,0.589185206402));
#3965 = CARTESIAN_POINT('',(0.243911642514,0.691119531474));
#3966 = CARTESIAN_POINT('',(0.265651475056,0.792368672023));
#3967 = CARTESIAN_POINT('',(0.28725192342,0.892973240969));
#3968 = CARTESIAN_POINT('',(0.308721009364,0.992966584086));
#3969 = CARTESIAN_POINT('',(0.330064410666,1.092374272345));
#3970 = CARTESIAN_POINT('',(0.373604581365,1.295162493531));
#3971 = CARTESIAN_POINT('',(0.395803710636,1.398553953734));
#3972 = CARTESIAN_POINT('',(0.41785509525,1.501255844342));
#3973 = CARTESIAN_POINT('',(0.439767644938,1.60331054432));
#3974 = CARTESIAN_POINT('',(0.461548603491,1.704752945207));
#3975 = CARTESIAN_POINT('',(0.483203890544,1.805610649873));
#3976 = CARTESIAN_POINT('',(0.516021585323,1.95845697397));
#3977 = CARTESIAN_POINT('',(0.527287796996,2.010928751355));
#3978 = CARTESIAN_POINT('',(0.538518430221,2.063234905075));
#3979 = CARTESIAN_POINT('',(0.549713957321,2.115377573925));
#3980 = CARTESIAN_POINT('',(0.560875029522,2.167359719765));
#3981 = CARTESIAN_POINT('',(0.572002076086,2.219183278247));
#3982 = CARTESIAN_POINT('',(0.59451503266,2.324035725322));
#3983 = CARTESIAN_POINT('',(0.605899523995,2.377057997928));
#3984 = CARTESIAN_POINT('',(0.617248241198,2.429913445219));
#3985 = CARTESIAN_POINT('',(0.628561650465,2.482604223458));
#3986 = CARTESIAN_POINT('',(0.63984040055,2.535133368032));
#3987 = CARTESIAN_POINT('',(0.651084902882,2.587502834188));
#3988 = CARTESIAN_POINT('',(0.673953800427,2.694010823025));
#3989 = CARTESIAN_POINT('',(0.685576089694,2.748139527351));
#3990 = CARTESIAN_POINT('',(0.697161529759,2.802096551371));
#3991 = CARTESIAN_POINT('',(0.708710618962,2.855884298286));
#3992 = CARTESIAN_POINT('',(0.720224055742,2.909506100873));
#3993 = CARTESIAN_POINT('',(0.731702252245,2.962963941263));
#3994 = CARTESIAN_POINT('',(0.754948652223,3.071230689098));
#3995 = CARTESIAN_POINT('',(0.766715360468,3.126032645583));
#3996 = CARTESIAN_POINT('',(0.778444753993,3.180661068667));
#3997 = CARTESIAN_POINT('',(0.790137363139,3.23511844008));
#3998 = CARTESIAN_POINT('',(0.801793938357,3.289408233195));
#3999 = CARTESIAN_POINT('',(0.813414924518,3.343532471658));
#4000 = CARTESIAN_POINT('',(0.825,3.397489601062));
#4001 = ( GEOMETRIC_REPRESENTATION_CONTEXT(2) 
PARAMETRIC_REPRESENTATION_CONTEXT() REPRESENTATION_CONTEXT('2D SPACE',''
  ) );
#4002 = ORIENTED_EDGE('',*,*,#4003,.F.);
#4003 = EDGE_CURVE('',#4004,#3851,#4006,.T.);
#4004 = VERTEX_POINT('',#4005);
#4005 = CARTESIAN_POINT('',(-1.698994911786,-2.640662543068,
    5.096508139186));
#4006 = SURFACE_CURVE('',#4007,(#4045,#4086),.PCURVE_S1.);
#4007 = B_SPLINE_CURVE_WITH_KNOTS('',8,(#4008,#4009,#4010,#4011,#4012,
    #4013,#4014,#4015,#4016,#4017,#4018,#4019,#4020,#4021,#4022,#4023,
    #4024,#4025,#4026,#4027,#4028,#4029,#4030,#4031,#4032,#4033,#4034,
    #4035,#4036,#4037,#4038,#4039,#4040,#4041,#4042,#4043,#4044),
  .UNSPECIFIED.,.F.,.F.,(9,7,7,7,7,9),(0.,8.14589484131E-02,
    0.359096103883,0.593472935913,0.626931684495,1.),.UNSPECIFIED.);
#4008 = CARTESIAN_POINT('',(-1.698994911787,-2.640662543068,
    5.096508139186));
#4009 = CARTESIAN_POINT('',(-1.710522023454,-2.635661377053,
    5.097052407626));
#4010 = CARTESIAN_POINT('',(-1.723216852271,-2.629740429834,
    5.097573705561));
#4011 = CARTESIAN_POINT('',(-1.736937369411,-2.622961380163,
    5.098071573697));
#4012 = CARTESIAN_POINT('',(-1.751544983471,-2.615386256375,
    5.09854609701));
#4013 = CARTESIAN_POINT('',(-1.766911859212,-2.607074067206,
    5.098997742798));
#4014 = CARTESIAN_POINT('',(-1.782925700498,-2.598078107166,
    5.099427235026));
#4015 = CARTESIAN_POINT('',(-1.799491997428,-2.588443936474,
    5.099835464978));
#4016 = CARTESIAN_POINT('',(-1.874617230944,-2.543320936317,
    5.101545770337));
#4017 = CARTESIAN_POINT('',(-1.937968357844,-2.501597447106,
    5.102627000071));
#4018 = CARTESIAN_POINT('',(-2.003760261413,-2.454404897933,
    5.103516833113));
#4019 = CARTESIAN_POINT('',(-2.07042501025,-2.40248045348,5.104240688873
    ));
#4020 = CARTESIAN_POINT('',(-2.136793135007,-2.346526519372,
    5.104822164248));
#4021 = CARTESIAN_POINT('',(-2.20221692649,-2.286974440136,
    5.105277209919));
#4022 = CARTESIAN_POINT('',(-2.266292478175,-2.224093301028,
    5.105619172657));
#4023 = CARTESIAN_POINT('',(-2.381651260715,-2.101997036393,
    5.106056579472));
#4024 = CARTESIAN_POINT('',(-2.433220549832,-2.043897557886,
    5.106181577137));
#4025 = CARTESIAN_POINT('',(-2.483324433967,-1.983756695958,
    5.106236635182));
#4026 = CARTESIAN_POINT('',(-2.531779438598,-1.921731343659,
    5.10622547578));
#4027 = CARTESIAN_POINT('',(-2.578434234744,-1.857972881294,
    5.106150714296));
#4028 = CARTESIAN_POINT('',(-2.623160514938,-1.792631505428,
    5.106014142869));
#4029 = CARTESIAN_POINT('',(-2.66584778919,-1.725859342023,
    5.105816838798));
#4030 = CARTESIAN_POINT('',(-2.71219148085,-1.648098212034,
    5.105522303575));
#4031 = CARTESIAN_POINT('',(-2.717937353622,-1.63835816326,
    5.105484278001));
#4032 = CARTESIAN_POINT('',(-2.7236394388,-1.628592663945,5.105445022047
    ));
#4033 = CARTESIAN_POINT('',(-2.729297461633,-1.618802184459,
    5.105404536444));
#4034 = CARTESIAN_POINT('',(-2.734911153084,-1.60898719899,5.1053628216)
  );
#4035 = CARTESIAN_POINT('',(-2.740480249828,-1.599148185543,
    5.105319877595));
#4036 = CARTESIAN_POINT('',(-2.746004494256,-1.589285625938,
    5.105275704187));
#4037 = CARTESIAN_POINT('',(-2.81257658317,-1.469174375632,
    5.104724048688));
#4038 = CARTESIAN_POINT('',(-2.867990903224,-1.356210537045,
    5.104065461662));
#4039 = CARTESIAN_POINT('',(-2.917481380839,-1.241042565614,
    5.103253938339));
#4040 = CARTESIAN_POINT('',(-2.960791278493,-1.124367800075,
    5.10228306877));
#4041 = CARTESIAN_POINT('',(-2.997684159843,-1.007027373795,
    5.101143786226));
#4042 = CARTESIAN_POINT('',(-3.027965534256,-0.89028731464,
    5.099818871469));
#4043 = CARTESIAN_POINT('',(-3.051581104149,-0.775636940013,
    5.098288599803));
#4044 = CARTESIAN_POINT('',(-3.068601583192,-0.665825330305,
    5.096506290436));
#4045 = PCURVE('',#3746,#4046);
#4046 = DEFINITIONAL_REPRESENTATION('',(#4047),#4085);
#4047 = B_SPLINE_CURVE_WITH_KNOTS('',8,(#4048,#4049,#4050,#4051,#4052,
    #4053,#4054,#4055,#4056,#4057,#4058,#4059,#4060,#4061,#4062,#4063,
    #4064,#4065,#4066,#4067,#4068,#4069,#4070,#4071,#4072,#4073,#4074,
    #4075,#4076,#4077,#4078,#4079,#4080,#4081,#4082,#4083,#4084),
  .UNSPECIFIED.,.F.,.F.,(9,7,7,7,7,9),(0.,8.14589484131E-02,
    0.359096103883,0.593472935913,0.626931684495,1.),.UNSPECIFIED.);
#4048 = CARTESIAN_POINT('',(4.140669453314,0.145035269493));
#4049 = CARTESIAN_POINT('',(4.136720424721,0.145579537933));
#4050 = CARTESIAN_POINT('',(4.132305996437,0.146100835474));
#4051 = CARTESIAN_POINT('',(4.127475521189,0.146598703789));
#4052 = CARTESIAN_POINT('',(4.122277019777,0.147073227362));
#4053 = CARTESIAN_POINT('',(4.116754717248,0.147524873062));
#4054 = CARTESIAN_POINT('',(4.110947380053,0.147954365068));
#4055 = CARTESIAN_POINT('',(4.104887454206,0.148362595165));
#4056 = CARTESIAN_POINT('',(4.077174849696,0.150072900523));
#4057 = CARTESIAN_POINT('',(4.053211505896,0.151154130312));
#4058 = CARTESIAN_POINT('',(4.027669789721,0.152043963287));
#4059 = CARTESIAN_POINT('',(4.001042653489,0.152767819124));
#4060 = CARTESIAN_POINT('',(3.973707032848,0.153349294488));
#4061 = CARTESIAN_POINT('',(3.945856442342,0.153804340147));
#4062 = CARTESIAN_POINT('',(3.917593292365,0.154146302915));
#4063 = CARTESIAN_POINT('',(3.864689057237,0.154583709729));
#4064 = CARTESIAN_POINT('',(3.840239246711,0.154708707379));
#4065 = CARTESIAN_POINT('',(3.815614528451,0.154763765681));
#4066 = CARTESIAN_POINT('',(3.79085935633,0.154752606449));
#4067 = CARTESIAN_POINT('',(3.766009674532,0.154677844828));
#4068 = CARTESIAN_POINT('',(3.741096439759,0.154541273148));
#4069 = CARTESIAN_POINT('',(3.716147891044,0.154343969062));
#4070 = CARTESIAN_POINT('',(3.687627754167,0.15404943384));
#4071 = CARTESIAN_POINT('',(3.684064785873,0.154011408343));
#4072 = CARTESIAN_POINT('',(3.680501744165,0.153972152469));
#4073 = CARTESIAN_POINT('',(3.676938711105,0.153931666899));
#4074 = CARTESIAN_POINT('',(3.673375768939,0.153889952025));
#4075 = CARTESIAN_POINT('',(3.669813000102,0.153847007943));
#4076 = CARTESIAN_POINT('',(3.66625048721,0.153802834457));
#4077 = CARTESIAN_POINT('',(3.622969723384,0.153251178959));
#4078 = CARTESIAN_POINT('',(3.583339634768,0.152592592113));
#4079 = CARTESIAN_POINT('',(3.543858588352,0.151781066394));
#4080 = CARTESIAN_POINT('',(3.504636824298,0.150810202804));
#4081 = CARTESIAN_POINT('',(3.465822861435,0.149670913778));
#4082 = CARTESIAN_POINT('',(3.427692708057,0.148346002955));
#4083 = CARTESIAN_POINT('',(3.390586521797,0.14681573011));
#4084 = CARTESIAN_POINT('',(3.355260609375,0.145033420743));
#4085 = ( GEOMETRIC_REPRESENTATION_CONTEXT(2) 
PARAMETRIC_REPRESENTATION_CONTEXT() REPRESENTATION_CONTEXT('2D SPACE',''
  ) );
#4086 = PCURVE('',#4087,#4172);
#4087 = ( BOUNDED_SURFACE() B_SPLINE_SURFACE(6,11,(
    (#4088,#4089,#4090,#4091,#4092,#4093,#4094,#4095,#4096,#4097,#4098
      ,#4099)
    ,(#4100,#4101,#4102,#4103,#4104,#4105,#4106,#4107,#4108,#4109,#4110
      ,#4111)
    ,(#4112,#4113,#4114,#4115,#4116,#4117,#4118,#4119,#4120,#4121,#4122
      ,#4123)
    ,(#4124,#4125,#4126,#4127,#4128,#4129,#4130,#4131,#4132,#4133,#4134
      ,#4135)
    ,(#4136,#4137,#4138,#4139,#4140,#4141,#4142,#4143,#4144,#4145,#4146
      ,#4147)
    ,(#4148,#4149,#4150,#4151,#4152,#4153,#4154,#4155,#4156,#4157,#4158
      ,#4159)
    ,(#4160,#4161,#4162,#4163,#4164,#4165,#4166,#4167,#4168,#4169,#4170
,#4171
    )),.UNSPECIFIED.,.F.,.F.,.F.) B_SPLINE_SURFACE_WITH_KNOTS((7,7),(12,
    12),(0.,2.094395102393),(0.,6.362265131567),
.PIECEWISE_BEZIER_KNOTS.) GEOMETRIC_REPRESENTATION_ITEM() 
RATIONAL_B_SPLINE_SURFACE((
    (1.056590953773,1.056590953773,1.056590953773,1.056590953772
      ,1.056590953774,1.056590953772,1.056590953775,1.056590953772
      ,1.056590953774,1.056590953773,1.056590953773,1.056590953773)
    ,(1.017435169568,1.017435169568,1.017435169569,1.017435169567
      ,1.01743516957,1.017435169566,1.01743516957,1.017435169567
      ,1.017435169569,1.017435169568,1.017435169568,1.017435169568)
    ,(0.996326512422,0.996326512422,0.996326512423,0.996326512421
      ,0.996326512424,0.99632651242,0.996326512424,0.996326512421
      ,0.996326512423,0.996326512422,0.996326512422,0.996326512422)
    ,(0.989390034249,0.989390034248,0.989390034249,0.989390034248
      ,0.98939003425,0.989390034247,0.98939003425,0.989390034247
      ,0.989390034249,0.989390034248,0.989390034249,0.989390034249)
    ,(0.996326512422,0.996326512422,0.996326512422,0.996326512421
      ,0.996326512424,0.99632651242,0.996326512424,0.996326512421
      ,0.996326512423,0.996326512422,0.996326512422,0.996326512422)
    ,(1.017435169568,1.017435169568,1.017435169569,1.017435169567
      ,1.01743516957,1.017435169566,1.017435169571,1.017435169566
      ,1.017435169569,1.017435169568,1.017435169568,1.017435169568)
    ,(1.056590953773,1.056590953773,1.056590953773,1.056590953772
      ,1.056590953774,1.056590953772,1.056590953775,1.056590953772
      ,1.056590953774,1.056590953773,1.056590953773,1.056590953773
))) REPRESENTATION_ITEM('') SURFACE() );
#4088 = CARTESIAN_POINT('',(3.140007979398,-3.67556E-12,4.562500000073)
  );
#4089 = CARTESIAN_POINT('',(3.140009978982,1.793568818388,4.653409091018
    ));
#4090 = CARTESIAN_POINT('',(2.013352389233,3.58709825631,4.744318182538)
  );
#4091 = CARTESIAN_POINT('',(-0.242565282487,4.594293520394,4.83522726952
    ));
#4092 = CARTESIAN_POINT('',(-2.99770772963,4.025733381703,4.926136372015
    ));
#4093 = CARTESIAN_POINT('',(-5.05341969541,1.660203664422,5.017045441774
    ));
#4094 = CARTESIAN_POINT('',(-5.052243960116,-1.660217722518,
    5.107954558676));
#4095 = CARTESIAN_POINT('',(-2.998498378889,-4.025708851148,
    5.198863627614));
#4096 = CARTESIAN_POINT('',(-0.242232834264,-4.594306440315,
    5.289772731034));
#4097 = CARTESIAN_POINT('',(2.013284889097,-3.587095744104,
    5.380681817534));
#4098 = CARTESIAN_POINT('',(3.140007575695,-1.793568818396,
    5.471590909152));
#4099 = CARTESIAN_POINT('',(3.140009575279,-5.29288E-12,5.562500000105)
  );
#4100 = CARTESIAN_POINT('',(3.162663866572,-2.094775302E-08,
    4.549420168458));
#4101 = CARTESIAN_POINT('',(3.162665937898,1.80650703489,4.640329362951)
  );
#4102 = CARTESIAN_POINT('',(2.027881750678,3.612999418167,4.731240154812
    ));
#4103 = CARTESIAN_POINT('',(-0.244325423997,4.627378574704,
    4.822138493845));
#4104 = CARTESIAN_POINT('',(-3.019318453249,4.054912177012,
    4.913078672922));
#4105 = CARTESIAN_POINT('',(-5.089899536018,1.671995123413,
    5.003932124187));
#4106 = CARTESIAN_POINT('',(-5.088688674139,-1.672009527641,
    5.094908295683));
#4107 = CARTESIAN_POINT('',(-3.020132799627,-4.054886869104,
    5.185761746103));
#4108 = CARTESIAN_POINT('',(-0.243983103969,-4.627391877315,
    5.276701926134));
#4109 = CARTESIAN_POINT('',(2.027812179837,-3.612996860403,5.36760026467
    ));
#4110 = CARTESIAN_POINT('',(3.162663436447,-1.806507080976,
    5.458511056631));
#4111 = CARTESIAN_POINT('',(3.162665510165,-2.513821972E-08,
    5.549420251132));
#4112 = CARTESIAN_POINT('',(3.178629770659,-3.570721393E-08,
    4.527281721518));
#4113 = CARTESIAN_POINT('',(3.178631951597,1.815624781066,4.618190988983
    ));
#4114 = CARTESIAN_POINT('',(2.038121796204,3.631252374392,4.709102979097
    ));
#4115 = CARTESIAN_POINT('',(-0.245570730066,4.65069389478,4.799993743903
    ));
#4116 = CARTESIAN_POINT('',(-3.034536163884,4.075475253539,
    4.890955823078));
#4117 = CARTESIAN_POINT('',(-5.115624763111,1.680304525578,
    4.981770079209));
#4118 = CARTESIAN_POINT('',(-5.11435442346,-1.680319588919,
    5.072793505035));
#4119 = CARTESIAN_POINT('',(-3.035390560592,-4.075448673342,
    5.163607760279));
#4120 = CARTESIAN_POINT('',(-0.245211634878,-4.650707848652,
    5.254569840454));
#4121 = CARTESIAN_POINT('',(2.038048772593,-3.631249710327,5.34546060474
    ));
#4122 = CARTESIAN_POINT('',(3.178629309992,-1.815624859622,
    5.436372594959));
#4123 = CARTESIAN_POINT('',(3.178631495007,-4.284961333E-08,
    5.527281862432));
#4124 = CARTESIAN_POINT('',(3.184400863902,-4.104205902E-08,
    4.500000809727));
#4125 = CARTESIAN_POINT('',(3.184403172573,1.818920534545,4.590910103569
    ));
#4126 = CARTESIAN_POINT('',(2.041824709733,3.637850249295,4.681822526808
    ));
#4127 = CARTESIAN_POINT('',(-0.246028190364,4.659121301104,
    4.772710553802));
#4128 = CARTESIAN_POINT('',(-3.040019425797,4.082908643065,
    4.863680549092));
#4129 = CARTESIAN_POINT('',(-5.12494945771,1.683307780597,4.954480637541
    ));
#4130 = CARTESIAN_POINT('',(-5.123605809619,-1.683323701662,
    5.045521144191));
#4131 = CARTESIAN_POINT('',(-3.040923139613,-4.082880522029,
    5.136321231701));
#4132 = CARTESIAN_POINT('',(-0.24564838206,-4.659136059707,5.22729122805
    ));
#4133 = CARTESIAN_POINT('',(2.041747463644,-3.637847436103,
    5.318179254492));
#4134 = CARTESIAN_POINT('',(3.184400374406,-1.818920624838,
    5.409091677843));
#4135 = CARTESIAN_POINT('',(3.184402687763,-4.925148669E-08,
    5.500000971693));
#4136 = CARTESIAN_POINT('',(3.178630765795,-3.570767494E-08,
    4.472719687441));
#4137 = CARTESIAN_POINT('',(3.178633196108,1.815625406194,4.563628954911
    ));
#4138 = CARTESIAN_POINT('',(2.038126707239,3.631253782493,4.6545409451)
  );
#4139 = CARTESIAN_POINT('',(-0.245591545215,4.650694687694,
    4.745431709418));
#4140 = CARTESIAN_POINT('',(-3.034487906401,4.075478192975,
    4.836393790036));
#4141 = CARTESIAN_POINT('',(-5.115699839698,1.680304218691,
    4.927208043531));
#4142 = CARTESIAN_POINT('',(-5.114282870318,-1.680321035262,
    5.018231472597));
#4143 = CARTESIAN_POINT('',(-3.035440907521,-4.075448553493,
    5.109045725103));
#4144 = CARTESIAN_POINT('',(-0.245190989339,-4.650710252852,
    5.200007806837));
#4145 = CARTESIAN_POINT('',(2.038045265469,-3.631250805122,
    5.290898570573));
#4146 = CARTESIAN_POINT('',(3.178630254781,-1.815625484751,
    5.381810560881));
#4147 = CARTESIAN_POINT('',(3.178632689171,-4.285027046E-08,
    5.472719828359));
#4148 = CARTESIAN_POINT('',(3.162665669268,-2.094858109E-08,
    4.450580658124));
#4149 = CARTESIAN_POINT('',(3.162668192338,1.806508167313,4.541489852626
    ));
#4150 = CARTESIAN_POINT('',(2.027890647053,3.613001968951,4.632400644624
    ));
#4151 = CARTESIAN_POINT('',(-0.244363130788,4.627380011074,
    4.723298982771));
#4152 = CARTESIAN_POINT('',(-3.019231034472,4.054917501821,
    4.814239164463));
#4153 = CARTESIAN_POINT('',(-5.090035537796,1.671994567483,
    4.905092610953));
#4154 = CARTESIAN_POINT('',(-5.088559055108,-1.6720121477,4.996068788319
    ));
#4155 = CARTESIAN_POINT('',(-3.020224003451,-4.054886651999,
    5.086922233778));
#4156 = CARTESIAN_POINT('',(-0.243945704427,-4.627396232538,
    5.177862416633));
#4157 = CARTESIAN_POINT('',(2.027805826656,-3.612998843633,
    5.268760754174));
#4158 = CARTESIAN_POINT('',(3.16266514794,-1.8065082134,5.359671546295)
  );
#4159 = CARTESIAN_POINT('',(3.162667673401,-2.513940396E-08,
    5.450580740806));
#4160 = CARTESIAN_POINT('',(3.140010259225,-4.71987E-12,4.437500000094)
  );
#4161 = CARTESIAN_POINT('',(3.140012830119,1.793570250536,4.528409091049
    ));
#4162 = CARTESIAN_POINT('',(2.013363640268,3.587101482225,4.619318182744
    ));
#4163 = CARTESIAN_POINT('',(-0.242612969377,4.594295336937,
    4.710227268605));
#4164 = CARTESIAN_POINT('',(-2.997597173165,4.025740115863,
    4.801136374407));
#4165 = CARTESIAN_POINT('',(-5.053591693649,1.660202961353,
    4.892045438127));
#4166 = CARTESIAN_POINT('',(-5.052080033987,-1.660221036049,
    4.982954562451));
#4167 = CARTESIAN_POINT('',(-2.998613722213,-4.025708576575,
    5.073863625116));
#4168 = CARTESIAN_POINT('',(-0.242185535945,-4.594311948266,
    5.164772732108));
#4169 = CARTESIAN_POINT('',(2.013276854378,-3.587098252247,
    5.255681817349));
#4170 = CARTESIAN_POINT('',(3.140009740179,-1.793570250547,5.34659090917
    ));
#4171 = CARTESIAN_POINT('',(3.140012311073,-6.79449E-12,5.437500000135)
  );
#4172 = DEFINITIONAL_REPRESENTATION('',(#4173),#4211);
#4173 = B_SPLINE_CURVE_WITH_KNOTS('',8,(#4174,#4175,#4176,#4177,#4178,
    #4179,#4180,#4181,#4182,#4183,#4184,#4185,#4186,#4187,#4188,#4189,
    #4190,#4191,#4192,#4193,#4194,#4195,#4196,#4197,#4198,#4199,#4200,
    #4201,#4202,#4203,#4204,#4205,#4206,#4207,#4208,#4209,#4210),
  .UNSPECIFIED.,.F.,.F.,(9,7,7,7,7,9),(0.,8.14589484131E-02,
    0.359096103883,0.593472935913,0.626931684495,1.),.UNSPECIFIED.);
#4174 = CARTESIAN_POINT('',(2.094395102393,4.192784504689));
#4175 = CARTESIAN_POINT('',(2.061894475351,4.188785777529));
#4176 = CARTESIAN_POINT('',(2.030068922497,4.184315793672));
#4177 = CARTESIAN_POINT('',(1.998944015473,4.179424526833));
#4178 = CARTESIAN_POINT('',(1.96852531173,4.174160602039));
#4179 = CARTESIAN_POINT('',(1.938803338994,4.1685688008));
#4180 = CARTESIAN_POINT('',(1.909757019036,4.162688377347));
#4181 = CARTESIAN_POINT('',(1.881355530759,4.156552185944));
#4182 = CARTESIAN_POINT('',(1.758818164226,4.128490809787));
#4183 = CARTESIAN_POINT('',(1.671515749512,4.104225874441));
#4184 = CARTESIAN_POINT('',(1.589492774237,4.078362693802));
#4185 = CARTESIAN_POINT('',(1.511838929999,4.051400422639));
#4186 = CARTESIAN_POINT('',(1.437660186745,4.023720740218));
#4187 = CARTESIAN_POINT('',(1.366325458111,3.995519597122));
#4188 = CARTESIAN_POINT('',(1.297162328676,3.966900693507));
#4189 = CARTESIAN_POINT('',(1.172363474846,3.913330529677));
#4190 = CARTESIAN_POINT('',(1.116461549328,3.888572953744));
#4191 = CARTESIAN_POINT('',(1.061505872168,3.863638264127));
#4192 = CARTESIAN_POINT('',(1.007271702721,3.838571475123));
#4193 = CARTESIAN_POINT('',(0.953566345347,3.813408984353));
#4194 = CARTESIAN_POINT('',(0.900212781258,3.78818213922));
#4195 = CARTESIAN_POINT('',(0.847039240122,3.762919535232));
#4196 = CARTESIAN_POINT('',(0.786285144727,3.73404038414));
#4197 = CARTESIAN_POINT('',(0.778695805506,3.730432564871));
#4198 = CARTESIAN_POINT('',(0.771106202397,3.726824671278));
#4199 = CARTESIAN_POINT('',(0.763515843612,3.723216786458));
#4200 = CARTESIAN_POINT('',(0.755924236937,3.719608993697));
#4201 = CARTESIAN_POINT('',(0.748330889734,3.716001376467));
#4202 = CARTESIAN_POINT('',(0.740735308939,3.712394018429));
#4203 = CARTESIAN_POINT('',(0.648415125932,3.668568433832));
#4204 = CARTESIAN_POINT('',(0.563451302805,3.628439482704));
#4205 = CARTESIAN_POINT('',(0.477455933654,3.588461456762));
#4206 = CARTESIAN_POINT('',(0.389650919381,3.548745986667));
#4207 = CARTESIAN_POINT('',(0.299289231857,3.509443462595));
#4208 = CARTESIAN_POINT('',(0.205265287987,3.470833367319));
#4209 = CARTESIAN_POINT('',(0.106423402343,3.433260138959));
#4210 = CARTESIAN_POINT('',(0.,3.397489601062));
#4211 = ( GEOMETRIC_REPRESENTATION_CONTEXT(2) 
PARAMETRIC_REPRESENTATION_CONTEXT() REPRESENTATION_CONTEXT('2D SPACE',''
  ) );
#4212 = ORIENTED_EDGE('',*,*,#4213,.F.);
#4213 = EDGE_CURVE('',#3735,#4004,#4214,.T.);
#4214 = SURFACE_CURVE('',#4215,(#4228,#4244),.PCURVE_S1.);
#4215 = B_SPLINE_CURVE_WITH_KNOTS('',6,(#4216,#4217,#4218,#4219,#4220,
    #4221,#4222,#4223,#4224,#4225,#4226,#4227),.UNSPECIFIED.,.F.,.F.,(7,
    5,7),(0.,0.46919720161,1.),.UNSPECIFIED.);
#4216 = CARTESIAN_POINT('',(1.2015158198,-2.304295722106,4.951472869693)
  );
#4217 = CARTESIAN_POINT('',(1.018889370408,-2.450787337545,
    4.963653116324));
#4218 = CARTESIAN_POINT('',(0.819104616222,-2.578009860395,
    4.975655783327));
#4219 = CARTESIAN_POINT('',(0.605141792937,-2.683768156406,
    4.987486410678));
#4220 = CARTESIAN_POINT('',(0.380180892659,-2.766621622493,
    4.999155752405));
#4221 = CARTESIAN_POINT('',(0.147444654268,-2.825685200453,
    5.010671800777));
#4222 = CARTESIAN_POINT('',(-0.358202078578,-2.900259606233,
    5.034895297564));
#4223 = CARTESIAN_POINT('',(-0.632458360923,-2.909045466307,
    5.047564541059));
#4224 = CARTESIAN_POINT('',(-0.907887704286,-2.886594134707,
    5.060050685694));
#4225 = CARTESIAN_POINT('',(-1.180100532613,-2.833461554076,
    5.072365344275));
#4226 = CARTESIAN_POINT('',(-1.445035357046,-2.750845729559,
    5.084517089336));
#4227 = CARTESIAN_POINT('',(-1.698994911786,-2.640662543068,
    5.096508139186));
#4228 = PCURVE('',#3746,#4229);
#4229 = DEFINITIONAL_REPRESENTATION('',(#4230),#4243);
#4230 = B_SPLINE_CURVE_WITH_KNOTS('',6,(#4231,#4232,#4233,#4234,#4235,
    #4236,#4237,#4238,#4239,#4240,#4241,#4242),.UNSPECIFIED.,.F.,.F.,(7,
    5,7),(0.,0.46919720161,1.),.UNSPECIFIED.);
#4231 = CARTESIAN_POINT('',(5.193028773868,0.));
#4232 = CARTESIAN_POINT('',(5.104653191671,1.218024662836E-02));
#4233 = CARTESIAN_POINT('',(5.017561678868,2.418291364822E-02));
#4234 = CARTESIAN_POINT('',(4.931714951842,3.60135409595E-02));
#4235 = CARTESIAN_POINT('',(4.847038522952,4.768288273311E-02));
#4236 = CARTESIAN_POINT('',(4.763475946621,5.919893107983E-02));
#4237 = CARTESIAN_POINT('',(4.587709701784,8.342242786606E-02));
#4238 = CARTESIAN_POINT('',(4.495783761999,9.609167136529E-02));
#4239 = CARTESIAN_POINT('',(4.405189306348,0.108577815993));
#4240 = CARTESIAN_POINT('',(4.315840187428,0.120892474588));
#4241 = CARTESIAN_POINT('',(4.227672474719,0.133044219643));
#4242 = CARTESIAN_POINT('',(4.140669453314,0.145035269493));
#4243 = ( GEOMETRIC_REPRESENTATION_CONTEXT(2) 
PARAMETRIC_REPRESENTATION_CONTEXT() REPRESENTATION_CONTEXT('2D SPACE',''
  ) );
#4244 = PCURVE('',#4245,#4270);
#4245 = B_SPLINE_SURFACE_WITH_KNOTS('',1,11,(
    (#4246,#4247,#4248,#4249,#4250,#4251,#4252,#4253,#4254,#4255,#4256
      ,#4257)
    ,(#4258,#4259,#4260,#4261,#4262,#4263,#4264,#4265,#4266,#4267,#4268
      ,#4269
    )),.UNSPECIFIED.,.F.,.F.,.F.,(2,2),(12,12),(0.,0.825),(0.,
    6.362265131567),.PIECEWISE_BEZIER_KNOTS.);
#4246 = CARTESIAN_POINT('',(3.140010259225,-4.71953E-12,4.437500000094)
  );
#4247 = CARTESIAN_POINT('',(3.140012830119,1.793570250536,4.528409091049
    ));
#4248 = CARTESIAN_POINT('',(2.013363640268,3.587101482226,4.619318182746
    ));
#4249 = CARTESIAN_POINT('',(-0.242612969375,4.594295336934,4.7102272686)
  );
#4250 = CARTESIAN_POINT('',(-2.997597173172,4.025740115868,
    4.801136374415));
#4251 = CARTESIAN_POINT('',(-5.053591693637,1.660202961351,
    4.892045438116));
#4252 = CARTESIAN_POINT('',(-5.052080033998,-1.660221036051,
    4.982954562462));
#4253 = CARTESIAN_POINT('',(-2.998613722207,-4.025708576571,
    5.073863625108));
#4254 = CARTESIAN_POINT('',(-0.242185535947,-4.594311948269,
    5.164772732113));
#4255 = CARTESIAN_POINT('',(2.013276854379,-3.587098252246,
    5.255681817347));
#4256 = CARTESIAN_POINT('',(3.140009740179,-1.793570250547,5.34659090917
    ));
#4257 = CARTESIAN_POINT('',(3.140012311073,-6.79609E-12,5.437500000135)
  );
#4258 = CARTESIAN_POINT('',(2.425546824654,6.6048313577E-07,
    4.024986969196));
#4259 = CARTESIAN_POINT('',(2.425550903739,1.385558723087,4.115892794717
    ));
#4260 = CARTESIAN_POINT('',(1.555238400351,2.770300962256,4.206748265447
    ));
#4261 = CARTESIAN_POINT('',(-0.187419691909,3.550933514334,
    4.297996292371));
#4262 = CARTESIAN_POINT('',(-2.315349408717,3.105598951114,
    4.387925385599));
#4263 = CARTESIAN_POINT('',(-3.904294726409,1.288341609087,
    4.480588400184));
#4264 = CARTESIAN_POINT('',(-3.901673721532,-1.288375277608,
    4.569382932687));
#4265 = CARTESIAN_POINT('',(-2.317109581563,-3.105545669,4.662045945446)
  );
#4266 = CARTESIAN_POINT('',(-0.186676674407,-3.550962420312,
    4.751975040734));
#4267 = CARTESIAN_POINT('',(1.555089630478,-2.770294431737,
    4.843223066584));
#4268 = CARTESIAN_POINT('',(2.425546377584,-1.385557270026,
    4.934078537533));
#4269 = CARTESIAN_POINT('',(2.425550381242,7.9257793664E-07,
    5.024984363071));
#4270 = DEFINITIONAL_REPRESENTATION('',(#4271),#4284);
#4271 = B_SPLINE_CURVE_WITH_KNOTS('',6,(#4272,#4273,#4274,#4275,#4276,
    #4277,#4278,#4279,#4280,#4281,#4282,#4283),.UNSPECIFIED.,.F.,.F.,(7,
    5,7),(0.,0.46919720161,1.),.UNSPECIFIED.);
#4272 = CARTESIAN_POINT('',(0.625023165692,5.258387875309));
#4273 = CARTESIAN_POINT('',(0.572533811147,5.168899514698));
#4274 = CARTESIAN_POINT('',(0.520808566127,5.080711284669));
#4275 = CARTESIAN_POINT('',(0.469823710132,4.993783716931));
#4276 = CARTESIAN_POINT('',(0.419533863397,4.908041526014));
#4277 = CARTESIAN_POINT('',(0.369905020252,4.823427418344));
#4278 = CARTESIAN_POINT('',(0.265513967405,4.645449629952));
#4279 = CARTESIAN_POINT('',(0.210916534362,4.552367204775));
#4280 = CARTESIAN_POINT('',(0.157108945308,4.460633012103));
#4281 = CARTESIAN_POINT('',(0.104040652839,4.370159665606));
#4282 = CARTESIAN_POINT('',(5.167424732944E-02,4.280882460044));
#4283 = CARTESIAN_POINT('',(0.,4.192784504689));
#4284 = ( GEOMETRIC_REPRESENTATION_CONTEXT(2) 
PARAMETRIC_REPRESENTATION_CONTEXT() REPRESENTATION_CONTEXT('2D SPACE',''
  ) );
#4285 = ADVANCED_FACE('',(#4286),#3758,.F.);
#4286 = FACE_BOUND('',#4287,.F.);
#4287 = EDGE_LOOP('',(#4288,#4318,#4579,#4600,#4601));
#4288 = ORIENTED_EDGE('',*,*,#4289,.F.);
#4289 = EDGE_CURVE('',#4290,#4292,#4294,.T.);
#4290 = VERTEX_POINT('',#4291);
#4291 = CARTESIAN_POINT('',(2.598734122635,2.00149198E-07,3.874993143207
    ));
#4292 = VERTEX_POINT('',#4293);
#4293 = CARTESIAN_POINT('',(2.598734122635,3.33586438E-07,4.124980903732
    ));
#4294 = SURFACE_CURVE('',#4295,(#4299,#4306),.PCURVE_S1.);
#4295 = LINE('',#4296,#4297);
#4296 = CARTESIAN_POINT('',(2.598734122635,0.,0.248527130307));
#4297 = VECTOR('',#4298,1.);
#4298 = DIRECTION('',(0.,0.,1.));
#4299 = PCURVE('',#3758,#4300);
#4300 = DEFINITIONAL_REPRESENTATION('',(#4301),#4305);
#4301 = LINE('',#4302,#4303);
#4302 = CARTESIAN_POINT('',(0.,0.));
#4303 = VECTOR('',#4304,1.);
#4304 = DIRECTION('',(0.,1.));
#4305 = ( GEOMETRIC_REPRESENTATION_CONTEXT(2) 
PARAMETRIC_REPRESENTATION_CONTEXT() REPRESENTATION_CONTEXT('2D SPACE',''
  ) );
#4306 = PCURVE('',#4307,#4312);
#4307 = CYLINDRICAL_SURFACE('',#4308,2.598734122635);
#4308 = AXIS2_PLACEMENT_3D('',#4309,#4310,#4311);
#4309 = CARTESIAN_POINT('',(0.,0.,0.248527130307));
#4310 = DIRECTION('',(0.,0.,1.));
#4311 = DIRECTION('',(1.,0.,-0.));
#4312 = DEFINITIONAL_REPRESENTATION('',(#4313),#4317);
#4313 = LINE('',#4314,#4315);
#4314 = CARTESIAN_POINT('',(6.28318530718,0.));
#4315 = VECTOR('',#4316,1.);
#4316 = DIRECTION('',(0.,1.));
#4317 = ( GEOMETRIC_REPRESENTATION_CONTEXT(2) 
PARAMETRIC_REPRESENTATION_CONTEXT() REPRESENTATION_CONTEXT('2D SPACE',''
  ) );
#4318 = ORIENTED_EDGE('',*,*,#4319,.T.);
#4319 = EDGE_CURVE('',#4290,#4320,#4322,.T.);
#4320 = VERTEX_POINT('',#4321);
#4321 = CARTESIAN_POINT('',(2.598734122635,3.33582193E-07,4.874991434118
    ));
#4322 = SURFACE_CURVE('',#4323,(#4398,#4476),.PCURVE_S1.);
#4323 = B_SPLINE_CURVE_WITH_KNOTS('',7,(#4324,#4325,#4326,#4327,#4328,
    #4329,#4330,#4331,#4332,#4333,#4334,#4335,#4336,#4337,#4338,#4339,
    #4340,#4341,#4342,#4343,#4344,#4345,#4346,#4347,#4348,#4349,#4350,
    #4351,#4352,#4353,#4354,#4355,#4356,#4357,#4358,#4359,#4360,#4361,
    #4362,#4363,#4364,#4365,#4366,#4367,#4368,#4369,#4370,#4371,#4372,
    #4373,#4374,#4375,#4376,#4377,#4378,#4379,#4380,#4381,#4382,#4383,
    #4384,#4385,#4386,#4387,#4388,#4389,#4390,#4391,#4392,#4393,#4394,
    #4395,#4396,#4397),.UNSPECIFIED.,.F.,.F.,(8,6,6,6,6,6,6,6,6,6,6,6,8)
  ,(0.,3.490913624176E-02,0.108004886953,0.196757859205,0.284303063159,
    0.38371851454,0.501403283178,0.617226356505,0.719560941363,
    0.804563362372,0.896280626273,0.957786277963,1.),.UNSPECIFIED.);
#4324 = CARTESIAN_POINT('',(2.598734122635,4.0029841664E-07,
    3.874993155464));
#4325 = CARTESIAN_POINT('',(2.598734110092,8.142485593078E-02,
    3.879979512527));
#4326 = CARTESIAN_POINT('',(2.595757655241,0.162849403104,3.884966302326
    ));
#4327 = CARTESIAN_POINT('',(2.589804822455,0.244142906009,3.889953256927
    ));
#4328 = CARTESIAN_POINT('',(2.580882785441,0.325174995361,3.89494018784)
  );
#4329 = CARTESIAN_POINT('',(2.569005827237,0.405816068404,3.899926986028
    ));
#4330 = CARTESIAN_POINT('',(2.554195340215,0.485937288904,3.904913621895
    ));
#4331 = CARTESIAN_POINT('',(2.499385559508,0.731818611596,3.920341356701
    ));
#4332 = CARTESIAN_POINT('',(2.44955176284,0.895399128525,3.93078273688)
  );
#4333 = CARTESIAN_POINT('',(2.387240700425,1.054961009158,3.941223147533
    ));
#4334 = CARTESIAN_POINT('',(2.312852296586,1.209369786908,3.95166337614)
  );
#4335 = CARTESIAN_POINT('',(2.226906680207,1.357545706133,3.962104469245
    ));
#4336 = CARTESIAN_POINT('',(2.130041733011,1.498468897372,3.972546591523
    ));
#4337 = CARTESIAN_POINT('',(1.89308653968,1.792343883468,3.995666883401)
  );
#4338 = CARTESIAN_POINT('',(1.74815096181,1.94144443893,4.00834785226));
#4339 = CARTESIAN_POINT('',(1.58959358536,2.076772794132,4.021027863827)
  );
#4340 = CARTESIAN_POINT('',(1.419000595991,2.196868271923,4.033706899869
    ));
#4341 = CARTESIAN_POINT('',(1.23812646218,2.300495799723,4.046386345967)
  );
#4342 = CARTESIAN_POINT('',(1.048881181054,2.386654849775,4.059066640968
    ));
#4343 = CARTESIAN_POINT('',(0.660475664773,2.521683287524,4.084250049188
    ));
#4344 = CARTESIAN_POINT('',(0.461428908264,2.57106381215,4.096756824458)
  );
#4345 = CARTESIAN_POINT('',(0.258199555144,2.602071063688,4.109261956327
    ));
#4346 = CARTESIAN_POINT('',(5.282002270114E-02,2.614316538136,
    4.121766195455));
#4347 = CARTESIAN_POINT('',(-0.152654092973,2.607677640219,
    4.134271463152));
#4348 = CARTESIAN_POINT('',(-0.356158546706,2.582298571945,
    4.146778381826));
#4349 = CARTESIAN_POINT('',(-0.782152245001,2.489061330835,
    4.173485024528));
#4350 = CARTESIAN_POINT('',(-1.003565055987,2.415890016735,
    4.187689915622));
#4351 = CARTESIAN_POINT('',(-1.216822455027,2.319773451936,
    4.201892857601));
#4352 = CARTESIAN_POINT('',(-1.419111074115,2.20184681509,4.216094501751
    ));
#4353 = CARTESIAN_POINT('',(-1.607824979829,2.063629321001,
    4.230297611818));
#4354 = CARTESIAN_POINT('',(-1.780590303175,1.907009822815,
    4.244502805701));
#4355 = CARTESIAN_POINT('',(-2.118531506664,1.529898829521,
    4.275515534959));
#4356 = CARTESIAN_POINT('',(-2.276614109813,1.302807207934,
    4.292333940278));
#4357 = CARTESIAN_POINT('',(-2.406058289688,1.056907799847,
    4.309145267741));
#4358 = CARTESIAN_POINT('',(-2.504324171053,0.796574676559,4.32595400033
    ));
#4359 = CARTESIAN_POINT('',(-2.569650757578,0.526473020298,
    4.342764931265));
#4360 = CARTESIAN_POINT('',(-2.601053975828,0.251564298066,
    4.359582722778));
#4361 = CARTESIAN_POINT('',(-2.596250420738,-0.293061596758,
    4.392938017427));
#4362 = CARTESIAN_POINT('',(-2.561103259317,-0.563031067574,
    4.409490388587));
#4363 = CARTESIAN_POINT('',(-2.493187240321,-0.827847084473,
    4.426037507746));
#4364 = CARTESIAN_POINT('',(-2.393505301067,-1.082795218113,
    4.442583096686));
#4365 = CARTESIAN_POINT('',(-2.263788849227,-1.323447649218,
    4.459130542197));
#4366 = CARTESIAN_POINT('',(-2.106498458838,-1.545660169599,
    4.475683456813));
#4367 = CARTESIAN_POINT('',(-1.764668549136,-1.922586068594,
    4.506847250869));
#4368 = CARTESIAN_POINT('',(-1.585331611748,-2.082261210486,
    4.521469194497));
#4369 = CARTESIAN_POINT('',(-1.389276044728,-2.222263361572,
    4.536087937746));
#4370 = CARTESIAN_POINT('',(-1.179115457889,-2.340561740682,
    4.550704665656));
#4371 = CARTESIAN_POINT('',(-0.957717187813,-2.435542271193,
    4.565323224537));
#4372 = CARTESIAN_POINT('',(-0.728173286879,-2.506023964375,
    4.579944876507));
#4373 = CARTESIAN_POINT('',(-0.299179650554,-2.589057625423,
    4.606705275443));
#4374 = CARTESIAN_POINT('',(-0.101149522116,-2.609412505842,
    4.618849271907));
#4375 = CARTESIAN_POINT('',(9.836506017914E-02,-2.612072180583,
    4.630992349886));
#4376 = CARTESIAN_POINT('',(0.297472812553,-2.596941779547,
    4.643134833164));
#4377 = CARTESIAN_POINT('',(0.494294313634,-2.564164153395,
    4.655277975463));
#4378 = CARTESIAN_POINT('',(0.686974409558,-2.514118910363,
    4.667422004652));
#4379 = CARTESIAN_POINT('',(1.075171338018,-2.375539955549,
    4.692665658595));
#4380 = CARTESIAN_POINT('',(1.269772273572,-2.284255794362,
    4.705768972813));
#4381 = CARTESIAN_POINT('',(1.455203764499,-2.174416984124,4.71887028181
    ));
#4382 = CARTESIAN_POINT('',(1.629372763322,-2.047157019144,
    4.731970278414));
#4383 = CARTESIAN_POINT('',(1.790367181215,-1.903872878237,4.74507145983
    ));
#4384 = CARTESIAN_POINT('',(1.936470924568,-1.746214175889,
    4.758174942175));
#4385 = CARTESIAN_POINT('',(2.153224279288,-1.462061830846,
    4.780063042468));
#4386 = CARTESIAN_POINT('',(2.232888831637,-1.342391768094,
    4.788849824516));
#4387 = CARTESIAN_POINT('',(2.304770925795,-1.217688246178,
    4.797636691961));
#4388 = CARTESIAN_POINT('',(2.368495064804,-1.088560849539,
    4.806423672097));
#4389 = CARTESIAN_POINT('',(2.423745332656,-0.955649813965,
    4.815210812398));
#4390 = CARTESIAN_POINT('',(2.470266400178,-0.819623932232,
    4.823997838569));
#4391 = CARTESIAN_POINT('',(2.533678613525,-0.586162406932,
    4.838814299779));
#4392 = CARTESIAN_POINT('',(2.55528738713,-0.49000218921,4.844844371872)
  );
#4393 = CARTESIAN_POINT('',(2.572635425211,-0.392924437898,
    4.850874100893));
#4394 = CARTESIAN_POINT('',(2.585677050316,-0.295155694923,
    4.856903455937));
#4395 = CARTESIAN_POINT('',(2.594381730028,-0.19692471195,4.862932549286
    ));
#4396 = CARTESIAN_POINT('',(2.598734122608,-9.84621034883E-02,
    4.868961686029));
#4397 = CARTESIAN_POINT('',(2.598734122635,4.4E-16,4.87499141369));
#4398 = PCURVE('',#3758,#4399);
#4399 = DEFINITIONAL_REPRESENTATION('',(#4400),#4475);
#4400 = B_SPLINE_CURVE_WITH_KNOTS('',7,(#4401,#4402,#4403,#4404,#4405,
    #4406,#4407,#4408,#4409,#4410,#4411,#4412,#4413,#4414,#4415,#4416,
    #4417,#4418,#4419,#4420,#4421,#4422,#4423,#4424,#4425,#4426,#4427,
    #4428,#4429,#4430,#4431,#4432,#4433,#4434,#4435,#4436,#4437,#4438,
    #4439,#4440,#4441,#4442,#4443,#4444,#4445,#4446,#4447,#4448,#4449,
    #4450,#4451,#4452,#4453,#4454,#4455,#4456,#4457,#4458,#4459,#4460,
    #4461,#4462,#4463,#4464,#4465,#4466,#4467,#4468,#4469,#4470,#4471,
    #4472,#4473,#4474),.UNSPECIFIED.,.F.,.F.,(8,6,6,6,6,6,6,6,6,6,6,6,8)
  ,(0.,3.490913624176E-02,0.108004886953,0.196757859205,0.284303063159,
    0.38371851454,0.501403283178,0.617226356505,0.719560941363,
    0.804563362372,0.896280626273,0.957786277963,1.),.UNSPECIFIED.);
#4401 = CARTESIAN_POINT('',(1.5403592588E-07,3.626466025157));
#4402 = CARTESIAN_POINT('',(3.133250732408E-02,3.63145238222));
#4403 = CARTESIAN_POINT('',(6.266479579223E-02,3.636439172019));
#4404 = CARTESIAN_POINT('',(9.399703905202E-02,3.641426126619));
#4405 = CARTESIAN_POINT('',(0.125329249945,3.646413057533));
#4406 = CARTESIAN_POINT('',(0.156661434542,3.65139985572));
#4407 = CARTESIAN_POINT('',(0.187993592144,3.656386491587));
#4408 = CARTESIAN_POINT('',(0.284931608432,3.671814226393));
#4409 = CARTESIAN_POINT('',(0.350542057451,3.682255606573));
#4410 = CARTESIAN_POINT('',(0.416149262594,3.692696017226));
#4411 = CARTESIAN_POINT('',(0.481754415247,3.703136245833));
#4412 = CARTESIAN_POINT('',(0.54736171767,3.713577338938));
#4413 = CARTESIAN_POINT('',(0.612972357546,3.724019461215));
#4414 = CARTESIAN_POINT('',(0.758237439738,3.747139753094));
#4415 = CARTESIAN_POINT('',(0.837908267518,3.759820721952));
#4416 = CARTESIAN_POINT('',(0.917570307803,3.77250073352));
#4417 = CARTESIAN_POINT('',(0.99722674473,3.785179769562));
#4418 = CARTESIAN_POINT('',(1.076888706781,3.79785921566));
#4419 = CARTESIAN_POINT('',(1.156559407622,3.810539510661));
#4420 = CARTESIAN_POINT('',(1.31479313931,3.835722918881));
#4421 = CARTESIAN_POINT('',(1.393379095505,3.848229694151));
#4422 = CARTESIAN_POINT('',(1.471956931367,3.86073482602));
#4423 = CARTESIAN_POINT('',(1.550529617188,3.873239065147));
#4424 = CARTESIAN_POINT('',(1.629107513635,3.885744332845));
#4425 = CARTESIAN_POINT('',(1.707693573745,3.898251251519));
#4426 = CARTESIAN_POINT('',(1.875497489409,3.924957894221));
#4427 = CARTESIAN_POINT('',(1.964747169992,3.939162785315));
#4428 = CARTESIAN_POINT('',(2.053981509832,3.953365727294));
#4429 = CARTESIAN_POINT('',(2.143206078392,3.967567371444));
#4430 = CARTESIAN_POINT('',(2.23244034149,3.981770481511));
#4431 = CARTESIAN_POINT('',(2.321689900488,3.995975675394));
#4432 = CARTESIAN_POINT('',(2.516544886481,4.026988404651));
#4433 = CARTESIAN_POINT('',(2.622219675332,4.043806809971));
#4434 = CARTESIAN_POINT('',(2.727854451584,4.060618137434));
#4435 = CARTESIAN_POINT('',(2.833476194338,4.077426870023));
#4436 = CARTESIAN_POINT('',(2.939111067697,4.094237800958));
#4437 = CARTESIAN_POINT('',(3.044786029662,4.111055592471));
#4438 = CARTESIAN_POINT('',(3.254367715279,4.14441088712));
#4439 = CARTESIAN_POINT('',(3.358367969599,4.16096325828));
#4440 = CARTESIAN_POINT('',(3.462331285591,4.177510377439));
#4441 = CARTESIAN_POINT('',(3.566282199502,4.194055966379));
#4442 = CARTESIAN_POINT('',(3.670245410982,4.21060341189));
#4443 = CARTESIAN_POINT('',(3.77424555046,4.227156326506));
#4444 = CARTESIAN_POINT('',(3.970049585967,4.258320120562));
#4445 = CARTESIAN_POINT('',(4.061922358827,4.27294206419));
#4446 = CARTESIAN_POINT('',(4.153777513767,4.287560807439));
#4447 = CARTESIAN_POINT('',(4.245621488533,4.302177535349));
#4448 = CARTESIAN_POINT('',(4.337476723816,4.31679609423));
#4449 = CARTESIAN_POINT('',(4.429349641479,4.3314177462));
#4450 = CARTESIAN_POINT('',(4.597491322061,4.358178145136));
#4451 = CARTESIAN_POINT('',(4.673793602307,4.3703221416));
#4452 = CARTESIAN_POINT('',(4.750088807467,4.382465219579));
#4453 = CARTESIAN_POINT('',(4.826379498012,4.394607702857));
#4454 = CARTESIAN_POINT('',(4.902674641608,4.406750845156));
#4455 = CARTESIAN_POINT('',(4.978976819638,4.418894874345));
#4456 = CARTESIAN_POINT('',(5.137588839428,4.444138528288));
#4457 = CARTESIAN_POINT('',(5.219922151225,4.457241842506));
#4458 = CARTESIAN_POINT('',(5.302245231289,4.470343151503));
#4459 = CARTESIAN_POINT('',(5.384561834549,4.483443148107));
#4460 = CARTESIAN_POINT('',(5.466885035765,4.496544329523));
#4461 = CARTESIAN_POINT('',(5.549218568975,4.509647811868));
#4462 = CARTESIAN_POINT('',(5.686741582057,4.531535912161));
#4463 = CARTESIAN_POINT('',(5.741947011457,4.540322694209));
#4464 = CARTESIAN_POINT('',(5.79715100133,4.549109561654));
#4465 = CARTESIAN_POINT('',(5.85235405026,4.55789654179));
#4466 = CARTESIAN_POINT('',(5.907557950742,4.566683682091));
#4467 = CARTESIAN_POINT('',(5.962763227746,4.575470708262));
#4468 = CARTESIAN_POINT('',(6.05585479005,4.590287169472));
#4469 = CARTESIAN_POINT('',(6.093743274048,4.596317241565));
#4470 = CARTESIAN_POINT('',(6.131631559349,4.602346970586));
#4471 = CARTESIAN_POINT('',(6.169519749575,4.60837632563));
#4472 = CARTESIAN_POINT('',(6.207408138042,4.614405418979));
#4473 = CARTESIAN_POINT('',(6.245296820385,4.620434555722));
#4474 = CARTESIAN_POINT('',(6.28318530718,4.626464283383));
#4475 = ( GEOMETRIC_REPRESENTATION_CONTEXT(2) 
PARAMETRIC_REPRESENTATION_CONTEXT() REPRESENTATION_CONTEXT('2D SPACE',''
  ) );
#4476 = PCURVE('',#4477,#4502);
#4477 = B_SPLINE_SURFACE_WITH_KNOTS('',1,11,(
    (#4478,#4479,#4480,#4481,#4482,#4483,#4484,#4485,#4486,#4487,#4488
      ,#4489)
    ,(#4490,#4491,#4492,#4493,#4494,#4495,#4496,#4497,#4498,#4499,#4500
      ,#4501
    )),.UNSPECIFIED.,.F.,.F.,.F.,(2,2),(12,12),(0.,0.825),(0.,
    6.362265131567),.PIECEWISE_BEZIER_KNOTS.);
#4478 = CARTESIAN_POINT('',(2.425529406727,5.2839287858E-07,
    3.97498957523));
#4479 = CARTESIAN_POINT('',(2.425529219284,1.385547654555,4.065895400676
    ));
#4480 = CARTESIAN_POINT('',(1.555152984793,2.770276256266,4.156750870067
    ));
#4481 = CARTESIAN_POINT('',(-0.18705707058,3.55091958564,4.247998905566)
  );
#4482 = CARTESIAN_POINT('',(-2.316189383,3.10554777998,4.337927973514));
#4483 = CARTESIAN_POINT('',(-3.902987320688,1.288347117578,
    4.430591034239));
#4484 = CARTESIAN_POINT('',(-3.902919485538,-1.288349834658,
    4.519385510043));
#4485 = CARTESIAN_POINT('',(-2.316233052987,-3.105547512235,
    4.612048570726));
#4486 = CARTESIAN_POINT('',(-0.187036328458,-3.550920416374,
    4.701977638721));
#4487 = CARTESIAN_POINT('',(1.555150485012,-2.77027535026,4.793225674195
    ));
#4488 = CARTESIAN_POINT('',(2.425529760832,-1.385546465671,
    4.884081143592));
#4489 = CARTESIAN_POINT('',(2.425529497963,6.604911247E-07,
    4.974986969038));
#4490 = CARTESIAN_POINT('',(3.140006383518,-2.34266E-12,3.562500000047)
  );
#4491 = CARTESIAN_POINT('',(3.140008383098,1.79356790702,3.653409090985)
  );
#4492 = CARTESIAN_POINT('',(2.013351365862,3.587096431836,3.744318182384
    ));
#4493 = CARTESIAN_POINT('',(-0.242565158858,4.594291189873,
    3.835227270126));
#4494 = CARTESIAN_POINT('',(-2.99770620654,4.025731326376,3.926136370426
    ));
#4495 = CARTESIAN_POINT('',(-5.053417127002,1.66020283382,4.01704544411)
  );
#4496 = CARTESIAN_POINT('',(-5.052241391727,-1.66021689192,
    4.107954556281));
#4497 = CARTESIAN_POINT('',(-2.998496855791,-4.025706795824,
    4.198863629143));
#4498 = CARTESIAN_POINT('',(-0.242232710623,-4.594304109792,
    4.289772730371));
#4499 = CARTESIAN_POINT('',(2.01328386572,-3.587093919629,4.380681817629
    ));
#4500 = CARTESIAN_POINT('',(3.140005979817,-1.793567907026,
    4.471590909127));
#4501 = CARTESIAN_POINT('',(3.140007979398,-3.63762E-12,4.562500000073)
  );
#4502 = DEFINITIONAL_REPRESENTATION('',(#4503),#4578);
#4503 = B_SPLINE_CURVE_WITH_KNOTS('',7,(#4504,#4505,#4506,#4507,#4508,
    #4509,#4510,#4511,#4512,#4513,#4514,#4515,#4516,#4517,#4518,#4519,
    #4520,#4521,#4522,#4523,#4524,#4525,#4526,#4527,#4528,#4529,#4530,
    #4531,#4532,#4533,#4534,#4535,#4536,#4537,#4538,#4539,#4540,#4541,
    #4542,#4543,#4544,#4545,#4546,#4547,#4548,#4549,#4550,#4551,#4552,
    #4553,#4554,#4555,#4556,#4557,#4558,#4559,#4560,#4561,#4562,#4563,
    #4564,#4565,#4566,#4567,#4568,#4569,#4570,#4571,#4572,#4573,#4574,
    #4575,#4576,#4577),.UNSPECIFIED.,.F.,.F.,(8,6,6,6,6,6,6,6,6,6,6,6,8)
  ,(0.,3.490913624176E-02,0.108004886953,0.196757859205,0.284303063159,
    0.38371851454,0.501403283178,0.617226356505,0.719560941363,
    0.804563362372,0.896280626273,0.957786277963,1.),.UNSPECIFIED.);
#4504 = CARTESIAN_POINT('',(0.199997893936,0.));
#4505 = CARTESIAN_POINT('',(0.199997857746,3.172527386782E-02));
#4506 = CARTESIAN_POINT('',(0.199996943201,6.345126489736E-02));
#4507 = CARTESIAN_POINT('',(0.199995739476,9.517775538723E-02));
#4508 = CARTESIAN_POINT('',(0.199994659225,0.126904562516));
#4509 = CARTESIAN_POINT('',(0.199993938586,0.158631538341));
#4510 = CARTESIAN_POINT('',(0.199993637179,0.190358569802));
#4511 = CARTESIAN_POINT('',(0.199993640046,0.28851831765));
#4512 = CARTESIAN_POINT('',(0.199995161225,0.354955717686));
#4513 = CARTESIAN_POINT('',(0.199997936634,0.421389176058));
#4514 = CARTESIAN_POINT('',(0.200000637571,0.487819886543));
#4515 = CARTESIAN_POINT('',(0.200002398223,0.55425236291));
#4516 = CARTESIAN_POINT('',(0.2000032048,0.62068807629));
#4517 = CARTESIAN_POINT('',(0.200003077352,0.767779986326));
#4518 = CARTESIAN_POINT('',(0.200001752927,0.848452788368));
#4519 = CARTESIAN_POINT('',(0.199999422067,0.929117087364));
#4520 = CARTESIAN_POINT('',(0.199997075432,1.009776211879));
#4521 = CARTESIAN_POINT('',(0.199995459913,1.090441290322));
#4522 = CARTESIAN_POINT('',(0.199994730964,1.171115312311));
#4523 = CARTESIAN_POINT('',(0.199994756109,1.331341633821));
#4524 = CARTESIAN_POINT('',(0.199995487406,1.410917146369));
#4525 = CARTESIAN_POINT('',(0.199996815171,1.490484220195));
#4526 = CARTESIAN_POINT('',(0.199998258008,1.5700457701));
#4527 = CARTESIAN_POINT('',(0.199999356062,1.649612323972));
#4528 = CARTESIAN_POINT('',(0.199999875601,1.729187007303));
#4529 = CARTESIAN_POINT('',(0.19999979442,1.899101865412));
#4530 = CARTESIAN_POINT('',(0.199999034969,1.989474259412));
#4531 = CARTESIAN_POINT('',(0.199997542687,2.079831261612));
#4532 = CARTESIAN_POINT('',(0.199995774726,2.170178678574));
#4533 = CARTESIAN_POINT('',(0.199994310952,2.260536239276));
#4534 = CARTESIAN_POINT('',(0.199993565859,2.350909486036));
#4535 = CARTESIAN_POINT('',(0.199993560451,2.548217917058));
#4536 = CARTESIAN_POINT('',(0.199994605009,2.655223361107));
#4537 = CARTESIAN_POINT('',(0.199996781868,2.762188157663));
#4538 = CARTESIAN_POINT('',(0.199999579396,2.869139343854));
#4539 = CARTESIAN_POINT('',(0.200001791908,2.976103389583));
#4540 = CARTESIAN_POINT('',(0.200002870849,3.083107829011));
#4541 = CARTESIAN_POINT('',(0.200002790039,3.295326244135));
#4542 = CARTESIAN_POINT('',(0.200001665455,3.400634928074));
#4543 = CARTESIAN_POINT('',(0.199999472094,3.505906420299));
#4544 = CARTESIAN_POINT('',(0.199996755204,3.611165781699));
#4545 = CARTESIAN_POINT('',(0.199994644797,3.716437991834));
#4546 = CARTESIAN_POINT('',(0.199993625182,3.821747722449));
#4547 = CARTESIAN_POINT('',(0.199993614996,4.020017198388));
#4548 = CARTESIAN_POINT('',(0.199994395874,4.11304670569));
#4549 = CARTESIAN_POINT('',(0.199995943119,4.20605815734));
#4550 = CARTESIAN_POINT('',(0.199997787874,4.299057926864));
#4551 = CARTESIAN_POINT('',(0.19999928628,4.392068763418));
#4552 = CARTESIAN_POINT('',(0.199999953181,4.48509736489));
#4553 = CARTESIAN_POINT('',(0.199999773397,4.65535421799));
#4554 = CARTESIAN_POINT('',(0.199999161088,4.732616393671));
#4555 = CARTESIAN_POINT('',(0.199998024516,4.809871544659));
#4556 = CARTESIAN_POINT('',(0.199996600237,4.887122382019));
#4557 = CARTESIAN_POINT('',(0.199995315079,4.964378015177));
#4558 = CARTESIAN_POINT('',(0.199994603744,5.04164097231));
#4559 = CARTESIAN_POINT('',(0.199994562344,5.20225031014));
#4560 = CARTESIAN_POINT('',(0.199995347925,5.285620461754));
#4561 = CARTESIAN_POINT('',(0.199997108717,5.368980156558));
#4562 = CARTESIAN_POINT('',(0.199999661765,5.452332897481));
#4563 = CARTESIAN_POINT('',(0.200002139647,5.535691782916));
#4564 = CARTESIAN_POINT('',(0.20000342165,5.619060744493));
#4565 = CARTESIAN_POINT('',(0.200003267639,5.758313284921));
#4566 = CARTESIAN_POINT('',(0.200002582469,5.814213000401));
#4567 = CARTESIAN_POINT('',(0.200001228503,5.870111378732));
#4568 = CARTESIAN_POINT('',(0.199999266667,5.926009073719));
#4569 = CARTESIAN_POINT('',(0.19999711153,5.981908040664));
#4570 = CARTESIAN_POINT('',(0.199995408594,6.037808834773));
#4571 = CARTESIAN_POINT('',(0.199993946564,6.132073518782));
#4572 = CARTESIAN_POINT('',(0.199993751462,6.170439544497));
#4573 = CARTESIAN_POINT('',(0.199994043347,6.20880536765));
#4574 = CARTESIAN_POINT('',(0.199994903757,6.247170942137));
#4575 = CARTESIAN_POINT('',(0.199996205793,6.285536331481));
#4576 = CARTESIAN_POINT('',(0.199997411194,6.323901305347));
#4577 = CARTESIAN_POINT('',(0.199997367405,6.362264936063));
#4578 = ( GEOMETRIC_REPRESENTATION_CONTEXT(2) 
PARAMETRIC_REPRESENTATION_CONTEXT() REPRESENTATION_CONTEXT('2D SPACE',''
  ) );
#4579 = ORIENTED_EDGE('',*,*,#4580,.T.);
#4580 = EDGE_CURVE('',#4320,#3737,#4581,.T.);
#4581 = SURFACE_CURVE('',#4582,(#4586,#4593),.PCURVE_S1.);
#4582 = LINE('',#4583,#4584);
#4583 = CARTESIAN_POINT('',(2.598734122635,0.,0.248527130307));
#4584 = VECTOR('',#4585,1.);
#4585 = DIRECTION('',(0.,0.,1.));
#4586 = PCURVE('',#3758,#4587);
#4587 = DEFINITIONAL_REPRESENTATION('',(#4588),#4592);
#4588 = LINE('',#4589,#4590);
#4589 = CARTESIAN_POINT('',(6.28318530718,0.));
#4590 = VECTOR('',#4591,1.);
#4591 = DIRECTION('',(0.,1.));
#4592 = ( GEOMETRIC_REPRESENTATION_CONTEXT(2) 
PARAMETRIC_REPRESENTATION_CONTEXT() REPRESENTATION_CONTEXT('2D SPACE',''
  ) );
#4593 = PCURVE('',#3838,#4594);
#4594 = DEFINITIONAL_REPRESENTATION('',(#4595),#4599);
#4595 = LINE('',#4596,#4597);
#4596 = CARTESIAN_POINT('',(0.,0.));
#4597 = VECTOR('',#4598,1.);
#4598 = DIRECTION('',(0.,1.));
#4599 = ( GEOMETRIC_REPRESENTATION_CONTEXT(2) 
PARAMETRIC_REPRESENTATION_CONTEXT() REPRESENTATION_CONTEXT('2D SPACE',''
  ) );
#4600 = ORIENTED_EDGE('',*,*,#3734,.F.);
#4601 = ORIENTED_EDGE('',*,*,#4602,.F.);
#4602 = EDGE_CURVE('',#4292,#3735,#4603,.T.);
#4603 = SURFACE_CURVE('',#4604,(#4667,#4733),.PCURVE_S1.);
#4604 = B_SPLINE_CURVE_WITH_KNOTS('',6,(#4605,#4606,#4607,#4608,#4609,
    #4610,#4611,#4612,#4613,#4614,#4615,#4616,#4617,#4618,#4619,#4620,
    #4621,#4622,#4623,#4624,#4625,#4626,#4627,#4628,#4629,#4630,#4631,
    #4632,#4633,#4634,#4635,#4636,#4637,#4638,#4639,#4640,#4641,#4642,
    #4643,#4644,#4645,#4646,#4647,#4648,#4649,#4650,#4651,#4652,#4653,
    #4654,#4655,#4656,#4657,#4658,#4659,#4660,#4661,#4662,#4663,#4664,
    #4665,#4666),.UNSPECIFIED.,.F.,.F.,(7,5,5,5,5,5,5,5,5,5,5,5,7),(0.,
    5.058762839349E-02,0.137652462475,0.211889768614,0.245473192531,
    0.345767161953,0.469392369751,0.561478909388,0.611088181173,
    0.702922449751,0.750111359312,0.870216819384,1.),.UNSPECIFIED.);
#4605 = CARTESIAN_POINT('',(2.598734122635,5.0037962396E-07,
    4.124980913946));
#4606 = CARTESIAN_POINT('',(2.598734100727,0.113778690952,4.131948377365
    ));
#4607 = CARTESIAN_POINT('',(2.592756270556,0.227557506342,4.138914764901
    ));
#4608 = CARTESIAN_POINT('',(2.580800808408,0.340942302359,4.145881229668
    ));
#4609 = CARTESIAN_POINT('',(2.562902104189,0.453541786993,4.152848267481
    ));
#4610 = CARTESIAN_POINT('',(2.539128622664,0.564969156527,4.15981592242)
  );
#4611 = CARTESIAN_POINT('',(2.458732283971,0.863944172445,4.178776526427
    ));
#4612 = CARTESIAN_POINT('',(2.390778915991,1.048462011614,4.190771399248
    ));
#4613 = CARTESIAN_POINT('',(2.306246369052,1.226429869779,4.202766022873
    ));
#4614 = CARTESIAN_POINT('',(2.205953971304,1.396017151439,4.214760053094
    ));
#4615 = CARTESIAN_POINT('',(2.090961293358,1.555520844506,4.226754505151
    ));
#4616 = CARTESIAN_POINT('',(1.853162686114,1.829504200488,4.248973348338
    ));
#4617 = CARTESIAN_POINT('',(1.733992155883,1.947168769294,4.259199270416
    ));
#4618 = CARTESIAN_POINT('',(1.605916806418,2.055450567996,4.269424312042
    ));
#4619 = CARTESIAN_POINT('',(1.469868614681,2.153527621898,4.279649221181
    ));
#4620 = CARTESIAN_POINT('',(1.326870526092,2.24069455143,4.289874683705)
  );
#4621 = CARTESIAN_POINT('',(1.110716746885,2.350623871765,4.304725518481
    ));
#4622 = CARTESIAN_POINT('',(1.042195952834,2.382515889374,4.309351208666
    ));
#4623 = CARTESIAN_POINT('',(0.972583491781,2.412007514168,4.313976937952
    ));
#4624 = CARTESIAN_POINT('',(0.901984574206,2.439052723206,4.318602709405
    ));
#4625 = CARTESIAN_POINT('',(0.830506916261,2.463611684693,4.323228521713
    ));
#4626 = CARTESIAN_POINT('',(0.542503828467,2.551468530112,4.341669059589
    ));
#4627 = CARTESIAN_POINT('',(0.319861342827,2.594821858869,4.355485981322
    ));
#4628 = CARTESIAN_POINT('',(9.332304270639E-02,2.614786626714,
    4.369300975864));
#4629 = CARTESIAN_POINT('',(-0.134062279972,2.611022648668,
    4.383115888676));
#4630 = CARTESIAN_POINT('',(-0.359229238978,2.583651790843,
    4.396932741818));
#4631 = CARTESIAN_POINT('',(-0.850185216713,2.471419566798,
    4.427775884693));
#4632 = CARTESIAN_POINT('',(-1.113371416304,2.37463490631,4.444809222946
    ));
#4633 = CARTESIAN_POINT('',(-1.362897058974,2.244312354573,
    4.461835971146));
#4634 = CARTESIAN_POINT('',(-1.593605963168,2.083004216753,
    4.478862874868));
#4635 = CARTESIAN_POINT('',(-1.800855845657,1.894108651717,
    4.495896536653));
#4636 = CARTESIAN_POINT('',(-2.114902451401,1.524303957366,
    4.525609912641));
#4637 = CARTESIAN_POINT('',(-2.233882883043,1.353598470343,
    4.538295946369));
#4638 = CARTESIAN_POINT('',(-2.336210772634,1.171890911374,
    4.550980787372));
#4639 = CARTESIAN_POINT('',(-2.420674391289,0.981222246274,
    4.563665736972));
#4640 = CARTESIAN_POINT('',(-2.486362319834,0.783784039838,
    4.576352033547));
#4641 = CARTESIAN_POINT('',(-2.557726140218,0.473186509594,
    4.595870512492));
#4642 = CARTESIAN_POINT('',(-2.577108871083,0.363154441175,
    4.602704103991));
#4643 = CARTESIAN_POINT('',(-2.590805738885,0.252197349384,
    4.609537620871));
#4644 = CARTESIAN_POINT('',(-2.598765080712,0.140681731236,
    4.616371041634));
#4645 = CARTESIAN_POINT('',(-2.600966901339,2.897716856164E-02,
    4.623204353896));
#4646 = CARTESIAN_POINT('',(-2.590862340935,-0.288985622343,
    4.64268684246));
#4647 = CARTESIAN_POINT('',(-2.564611639901,-0.494822031759,
    4.655337032833));
#4648 = CARTESIAN_POINT('',(-2.518739907772,-0.697660292874,
    4.667985524273));
#4649 = CARTESIAN_POINT('',(-2.453713756274,-0.895192950667,
    4.680633909776));
#4650 = CARTESIAN_POINT('',(-2.370320291931,-1.085201361936,
    4.69328384097));
#4651 = CARTESIAN_POINT('',(-2.218043665369,-1.358295118535,
    4.712432451347));
#4652 = CARTESIAN_POINT('',(-2.161812711086,-1.448459461232,
    4.718932181512));
#4653 = CARTESIAN_POINT('',(-2.101194638832,-1.535811383857,
    4.725432002923));
#4654 = CARTESIAN_POINT('',(-2.03636675648,-1.620086242046,
    4.731931918356));
#4655 = CARTESIAN_POINT('',(-1.967527396974,-1.701034761319,
    4.738431921973));
#4656 = CARTESIAN_POINT('',(-1.710033898027,-1.975392082373,
    4.761476030259));
#4657 = CARTESIAN_POINT('',(-1.500549998547,-2.149357702579,
    4.778025217285));
#4658 = CARTESIAN_POINT('',(-1.270134845822,-2.296339188251,
    4.794569496502));
#4659 = CARTESIAN_POINT('',(-1.023171188645,-2.413402156545,
    4.811113649092));
#4660 = CARTESIAN_POINT('',(-0.764473880969,-2.49839342998,
    4.827662471227));
#4661 = CARTESIAN_POINT('',(-0.212918984848,-2.606393844742,
    4.862082618716));
#4662 = CARTESIAN_POINT('',(8.121002877869E-02,-2.623895515032,
    4.879965150929));
#4663 = CARTESIAN_POINT('',(0.376260855988,-2.601432714947,
    4.897838981691));
#4664 = CARTESIAN_POINT('',(0.66558428122,-2.539373892305,4.915712883191
    ));
#4665 = CARTESIAN_POINT('',(0.942699896511,-2.439249878383,
    4.933596011248));
#4666 = CARTESIAN_POINT('',(1.201524506433,-2.304291192664,
    4.951473469693));
#4667 = PCURVE('',#3758,#4668);
#4668 = DEFINITIONAL_REPRESENTATION('',(#4669),#4732);
#4669 = B_SPLINE_CURVE_WITH_KNOTS('',6,(#4670,#4671,#4672,#4673,#4674,
    #4675,#4676,#4677,#4678,#4679,#4680,#4681,#4682,#4683,#4684,#4685,
    #4686,#4687,#4688,#4689,#4690,#4691,#4692,#4693,#4694,#4695,#4696,
    #4697,#4698,#4699,#4700,#4701,#4702,#4703,#4704,#4705,#4706,#4707,
    #4708,#4709,#4710,#4711,#4712,#4713,#4714,#4715,#4716,#4717,#4718,
    #4719,#4720,#4721,#4722,#4723,#4724,#4725,#4726,#4727,#4728,#4729,
    #4730,#4731),.UNSPECIFIED.,.F.,.F.,(7,5,5,5,5,5,5,5,5,5,5,5,7),(0.,
    5.058762839349E-02,0.137652462475,0.211889768614,0.245473192531,
    0.345767161953,0.469392369751,0.561478909388,0.611088181173,
    0.702922449751,0.750111359312,0.870216819384,1.),.UNSPECIFIED.);
#4670 = CARTESIAN_POINT('',(1.9254744821E-07,3.876453783639));
#4671 = CARTESIAN_POINT('',(4.37823515538E-02,3.883421247058));
#4672 = CARTESIAN_POINT('',(8.756475303636E-02,3.890387634593));
#4673 = CARTESIAN_POINT('',(0.131346597583,3.897354099361));
#4674 = CARTESIAN_POINT('',(0.175128379735,3.904321137174));
#4675 = CARTESIAN_POINT('',(0.218910586574,3.911288792112));
#4676 = CARTESIAN_POINT('',(0.338043942176,3.93024939612));
#4677 = CARTESIAN_POINT('',(0.413401353957,3.942244268941));
#4678 = CARTESIAN_POINT('',(0.488751997579,3.954238892566));
#4679 = CARTESIAN_POINT('',(0.564102733194,3.966232922787));
#4680 = CARTESIAN_POINT('',(0.639460387439,3.978227374843));
#4681 = CARTESIAN_POINT('',(0.779062162058,4.000446218031));
#4682 = CARTESIAN_POINT('',(0.843314798766,4.010672140109));
#4683 = CARTESIAN_POINT('',(0.907564316456,4.020897181735));
#4684 = CARTESIAN_POINT('',(0.971813806578,4.031122090874));
#4685 = CARTESIAN_POINT('',(1.036066399497,4.041347553398));
#4686 = CARTESIAN_POINT('',(1.129381587952,4.056198388174));
#4687 = CARTESIAN_POINT('',(1.158446913033,4.060824078359));
#4688 = CARTESIAN_POINT('',(1.187512244397,4.065449807644));
#4689 = CARTESIAN_POINT('',(1.216577575344,4.070075579098));
#4690 = CARTESIAN_POINT('',(1.245642895817,4.074701391406));
#4691 = CARTESIAN_POINT('',(1.361509168209,4.093141929281));
#4692 = CARTESIAN_POINT('',(1.448321981798,4.106958851015));
#4693 = CARTESIAN_POINT('',(1.535120970527,4.120773845557));
#4694 = CARTESIAN_POINT('',(1.621920005695,4.134588758369));
#4695 = CARTESIAN_POINT('',(1.708732932112,4.14840561151));
#4696 = CARTESIAN_POINT('',(1.902527568541,4.179248754386));
#4697 = CARTESIAN_POINT('',(2.009554364631,4.196282092639));
#4698 = CARTESIAN_POINT('',(2.116542154825,4.213308840839));
#4699 = CARTESIAN_POINT('',(2.223529883572,4.230335744561));
#4700 = CARTESIAN_POINT('',(2.330556547797,4.247369406346));
#4701 = CARTESIAN_POINT('',(2.517247663965,4.277082782334));
#4702 = CARTESIAN_POINT('',(2.596953162364,4.289768816062));
#4703 = CARTESIAN_POINT('',(2.676649589421,4.302453657065));
#4704 = CARTESIAN_POINT('',(2.7563460242,4.315138606664));
#4705 = CARTESIAN_POINT('',(2.836051561214,4.32782490324));
#4706 = CARTESIAN_POINT('',(2.958684528952,4.347343382185));
#4707 = CARTESIAN_POINT('',(3.001619816376,4.354176973684));
#4708 = CARTESIAN_POINT('',(3.044555171459,4.361010490564));
#4709 = CARTESIAN_POINT('',(3.087490533029,4.367843911327));
#4710 = CARTESIAN_POINT('',(3.13042583927,4.374677223589));
#4711 = CARTESIAN_POINT('',(3.252840558175,4.394159712153));
#4712 = CARTESIAN_POINT('',(3.332327752327,4.406809902526));
#4713 = CARTESIAN_POINT('',(3.411805989781,4.419458393966));
#4714 = CARTESIAN_POINT('',(3.49128420567,4.432106779469));
#4715 = CARTESIAN_POINT('',(3.570771344787,4.444756710663));
#4716 = CARTESIAN_POINT('',(3.691091211002,4.46390532104));
#4717 = CARTESIAN_POINT('',(3.731931705438,4.470405051205));
#4718 = CARTESIAN_POINT('',(3.772772240235,4.476904872616));
#4719 = CARTESIAN_POINT('',(3.813612769622,4.483404788049));
#4720 = CARTESIAN_POINT('',(3.854453248358,4.489904791665));
#4721 = CARTESIAN_POINT('',(3.999240789668,4.512948899952));
#4722 = CARTESIAN_POINT('',(4.103216757964,4.529498086978));
#4723 = CARTESIAN_POINT('',(4.207158966386,4.546042366195));
#4724 = CARTESIAN_POINT('',(4.311101225248,4.562586518785));
#4725 = CARTESIAN_POINT('',(4.415077382354,4.57913534092));
#4726 = CARTESIAN_POINT('',(4.631347780545,4.613555488409));
#4727 = CARTESIAN_POINT('',(4.743713121526,4.631438020622));
#4728 = CARTESIAN_POINT('',(4.856028891417,4.649311851384));
#4729 = CARTESIAN_POINT('',(4.968344516157,4.667185752884));
#4730 = CARTESIAN_POINT('',(5.080709669418,4.685068880941));
#4731 = CARTESIAN_POINT('',(5.193032543628,4.702946339386));
#4732 = ( GEOMETRIC_REPRESENTATION_CONTEXT(2) 
PARAMETRIC_REPRESENTATION_CONTEXT() REPRESENTATION_CONTEXT('2D SPACE',''
  ) );
#4733 = PCURVE('',#4245,#4734);
#4734 = DEFINITIONAL_REPRESENTATION('',(#4735),#4798);
#4735 = B_SPLINE_CURVE_WITH_KNOTS('',6,(#4736,#4737,#4738,#4739,#4740,
    #4741,#4742,#4743,#4744,#4745,#4746,#4747,#4748,#4749,#4750,#4751,
    #4752,#4753,#4754,#4755,#4756,#4757,#4758,#4759,#4760,#4761,#4762,
    #4763,#4764,#4765,#4766,#4767,#4768,#4769,#4770,#4771,#4772,#4773,
    #4774,#4775,#4776,#4777,#4778,#4779,#4780,#4781,#4782,#4783,#4784,
    #4785,#4786,#4787,#4788,#4789,#4790,#4791,#4792,#4793,#4794,#4795,
    #4796,#4797),.UNSPECIFIED.,.F.,.F.,(7,5,5,5,5,5,5,5,5,5,5,5,7),(0.,
    5.058762839349E-02,0.137652462475,0.211889768614,0.245473192531,
    0.345767161953,0.469392369751,0.561478909388,0.611088181173,
    0.702922449751,0.750111359312,0.870216819384,1.),.UNSPECIFIED.);
#4736 = CARTESIAN_POINT('',(0.625018427928,0.));
#4737 = CARTESIAN_POINT('',(0.625018781885,4.43311819343E-02));
#4738 = CARTESIAN_POINT('',(0.625021373992,8.866419102839E-02));
#4739 = CARTESIAN_POINT('',(0.625023822902,0.132997517785));
#4740 = CARTESIAN_POINT('',(0.625025331716,0.177331158518));
#4741 = CARTESIAN_POINT('',(0.625025937282,0.221665283759));
#4742 = CARTESIAN_POINT('',(0.6250254535,0.342300161397));
#4743 = CARTESIAN_POINT('',(0.625022846494,0.41860705476));
#4744 = CARTESIAN_POINT('',(0.62501892719,0.494905942089));
#4745 = CARTESIAN_POINT('',(0.625016329315,0.571204238514));
#4746 = CARTESIAN_POINT('',(0.625015108004,0.647509365977));
#4747 = CARTESIAN_POINT('',(0.625015039441,0.78886656749));
#4748 = CARTESIAN_POINT('',(0.625015858556,0.853927234188));
#4749 = CARTESIAN_POINT('',(0.625017359038,0.91898501185));
#4750 = CARTESIAN_POINT('',(0.625019007135,0.984043099247));
#4751 = CARTESIAN_POINT('',(0.625020417726,1.049104581647));
#4752 = CARTESIAN_POINT('',(0.625021878676,1.143594754786));
#4753 = CARTESIAN_POINT('',(0.625022250654,1.173026089137));
#4754 = CARTESIAN_POINT('',(0.62502252424,1.202457450505));
#4755 = CARTESIAN_POINT('',(0.625022692426,1.231888821825));
#4756 = CARTESIAN_POINT('',(0.625022756516,1.26132018291));
#4757 = CARTESIAN_POINT('',(0.625022635367,1.378645605803));
#4758 = CARTESIAN_POINT('',(0.625021702425,1.466551607803));
#4759 = CARTESIAN_POINT('',(0.625020139577,1.554443286343));
#4760 = CARTESIAN_POINT('',(0.625018784712,1.642334586214));
#4761 = CARTESIAN_POINT('',(0.625018111211,1.730239716426));
#4762 = CARTESIAN_POINT('',(0.625018136031,1.926472350537));
#4763 = CARTESIAN_POINT('',(0.625019183773,2.034845472674));
#4764 = CARTESIAN_POINT('',(0.625021362974,2.14317931783));
#4765 = CARTESIAN_POINT('',(0.625023514796,2.251513666383));
#4766 = CARTESIAN_POINT('',(0.625024577455,2.359887766776));
#4767 = CARTESIAN_POINT('',(0.625024493309,2.548929420353));
#4768 = CARTESIAN_POINT('',(0.625023837166,2.6296384983));
#4769 = CARTESIAN_POINT('',(0.625022522669,2.710338335143));
#4770 = CARTESIAN_POINT('',(0.625020780428,2.791038002367));
#4771 = CARTESIAN_POINT('',(0.625019041565,2.871746683445));
#4772 = CARTESIAN_POINT('',(0.625016829127,2.995922820493));
#4773 = CARTESIAN_POINT('',(0.625016140804,3.039398343668));
#4774 = CARTESIAN_POINT('',(0.625015590352,3.082873897364));
#4775 = CARTESIAN_POINT('',(0.625015212672,3.126349431285));
#4776 = CARTESIAN_POINT('',(0.625015025972,3.169824897612));
#4777 = CARTESIAN_POINT('',(0.625015042501,3.293779708482));
#4778 = CARTESIAN_POINT('',(0.625015708843,3.374266945754));
#4779 = CARTESIAN_POINT('',(0.625017028897,3.45474523311));
#4780 = CARTESIAN_POINT('',(0.625018745584,3.535223720846));
#4781 = CARTESIAN_POINT('',(0.625020426673,3.615711466223));
#4782 = CARTESIAN_POINT('',(0.625022492092,3.737546185026));
#4783 = CARTESIAN_POINT('',(0.625023110358,3.77890091106));
#4784 = CARTESIAN_POINT('',(0.625023603722,3.820255708421));
#4785 = CARTESIAN_POINT('',(0.625023944847,3.861610517894));
#4786 = CARTESIAN_POINT('',(0.625024121164,3.902965278601));
#4787 = CARTESIAN_POINT('',(0.625024169746,4.049575998523));
#4788 = CARTESIAN_POINT('',(0.62502316272,4.154861149322));
#4789 = CARTESIAN_POINT('',(0.625021136936,4.260111774337));
#4790 = CARTESIAN_POINT('',(0.625019031155,4.365361856511));
#4791 = CARTESIAN_POINT('',(0.625017971745,4.470645938921));
#4792 = CARTESIAN_POINT('',(0.625017949023,4.689636800956));
#4793 = CARTESIAN_POINT('',(0.625019155212,4.803415581341));
#4794 = CARTESIAN_POINT('',(0.625021750943,4.917144500841));
#4795 = CARTESIAN_POINT('',(0.625024301988,5.030874238334));
#4796 = CARTESIAN_POINT('',(0.625024574388,5.14465446635));
#4797 = CARTESIAN_POINT('',(0.625023165146,5.25839169048));
#4798 = ( GEOMETRIC_REPRESENTATION_CONTEXT(2) 
PARAMETRIC_REPRESENTATION_CONTEXT() REPRESENTATION_CONTEXT('2D SPACE',''
  ) );
#4799 = ADVANCED_FACE('',(#4800),#4245,.F.);
#4800 = FACE_BOUND('',#4801,.F.);
#4801 = EDGE_LOOP('',(#4802,#4834,#4879,#4880));
#4802 = ORIENTED_EDGE('',*,*,#4803,.F.);
#4803 = EDGE_CURVE('',#4804,#4004,#4806,.T.);
#4804 = VERTEX_POINT('',#4805);
#4805 = CARTESIAN_POINT('',(3.140010259225,-4.719E-12,4.437500000094));
#4806 = SURFACE_CURVE('',#4807,(#4820,#4827),.PCURVE_S1.);
#4807 = ( BOUNDED_CURVE() B_SPLINE_CURVE(11,(#4808,#4809,#4810,#4811,
    #4812,#4813,#4814,#4815,#4816,#4817,#4818,#4819),.UNSPECIFIED.,.F.,
.F.) B_SPLINE_CURVE_WITH_KNOTS((12,12),(0.,6.362265131567),
.PIECEWISE_BEZIER_KNOTS.) CURVE() GEOMETRIC_REPRESENTATION_ITEM() 
RATIONAL_B_SPLINE_CURVE((1.056590953773,1.056590953773,1.056590953773,
    1.056590953772,1.056590953774,1.056590953772,1.056590953775,
    1.056590953772,1.056590953774,1.056590953773,1.056590953773,
1.056590953773)) REPRESENTATION_ITEM('') );
#4808 = CARTESIAN_POINT('',(3.140010259225,-4.71987E-12,4.437500000094)
  );
#4809 = CARTESIAN_POINT('',(3.140012830119,1.793570250536,4.528409091049
    ));
#4810 = CARTESIAN_POINT('',(2.013363640268,3.587101482225,4.619318182744
    ));
#4811 = CARTESIAN_POINT('',(-0.242612969377,4.594295336937,
    4.710227268605));
#4812 = CARTESIAN_POINT('',(-2.997597173165,4.025740115863,
    4.801136374407));
#4813 = CARTESIAN_POINT('',(-5.053591693649,1.660202961353,
    4.892045438127));
#4814 = CARTESIAN_POINT('',(-5.052080033987,-1.660221036049,
    4.982954562451));
#4815 = CARTESIAN_POINT('',(-2.998613722213,-4.025708576575,
    5.073863625116));
#4816 = CARTESIAN_POINT('',(-0.242185535945,-4.594311948266,
    5.164772732108));
#4817 = CARTESIAN_POINT('',(2.013276854378,-3.587098252247,
    5.255681817349));
#4818 = CARTESIAN_POINT('',(3.140009740179,-1.793570250547,5.34659090917
    ));
#4819 = CARTESIAN_POINT('',(3.140012311073,-6.79449E-12,5.437500000135)
  );
#4820 = PCURVE('',#4245,#4821);
#4821 = DEFINITIONAL_REPRESENTATION('',(#4822),#4826);
#4822 = LINE('',#4823,#4824);
#4823 = CARTESIAN_POINT('',(0.,0.));
#4824 = VECTOR('',#4825,1.);
#4825 = DIRECTION('',(0.,1.));
#4826 = ( GEOMETRIC_REPRESENTATION_CONTEXT(2) 
PARAMETRIC_REPRESENTATION_CONTEXT() REPRESENTATION_CONTEXT('2D SPACE',''
  ) );
#4827 = PCURVE('',#4087,#4828);
#4828 = DEFINITIONAL_REPRESENTATION('',(#4829),#4833);
#4829 = LINE('',#4830,#4831);
#4830 = CARTESIAN_POINT('',(2.094395102393,0.));
#4831 = VECTOR('',#4832,1.);
#4832 = DIRECTION('',(0.,1.));
#4833 = ( GEOMETRIC_REPRESENTATION_CONTEXT(2) 
PARAMETRIC_REPRESENTATION_CONTEXT() REPRESENTATION_CONTEXT('2D SPACE',''
  ) );
#4834 = ORIENTED_EDGE('',*,*,#4835,.T.);
#4835 = EDGE_CURVE('',#4804,#4292,#4836,.T.);
#4836 = SURFACE_CURVE('',#4837,(#4840,#4847),.PCURVE_S1.);
#4837 = B_SPLINE_CURVE_WITH_KNOTS('',1,(#4838,#4839),.UNSPECIFIED.,.F.,
  .F.,(2,2),(0.,0.825),.PIECEWISE_BEZIER_KNOTS.);
#4838 = CARTESIAN_POINT('',(3.140010259225,-4.68645E-12,4.437500000094)
  );
#4839 = CARTESIAN_POINT('',(2.425546824654,6.6048317252E-07,
    4.024986969196));
#4840 = PCURVE('',#4245,#4841);
#4841 = DEFINITIONAL_REPRESENTATION('',(#4842),#4846);
#4842 = LINE('',#4843,#4844);
#4843 = CARTESIAN_POINT('',(0.,0.));
#4844 = VECTOR('',#4845,1.);
#4845 = DIRECTION('',(1.,0.));
#4846 = ( GEOMETRIC_REPRESENTATION_CONTEXT(2) 
PARAMETRIC_REPRESENTATION_CONTEXT() REPRESENTATION_CONTEXT('2D SPACE',''
  ) );
#4847 = PCURVE('',#4848,#4873);
#4848 = B_SPLINE_SURFACE_WITH_KNOTS('',1,11,(
    (#4849,#4850,#4851,#4852,#4853,#4854,#4855,#4856,#4857,#4858,#4859
      ,#4860)
    ,(#4861,#4862,#4863,#4864,#4865,#4866,#4867,#4868,#4869,#4870,#4871
      ,#4872
    )),.UNSPECIFIED.,.F.,.F.,.F.,(2,2),(12,12),(0.,0.825),(0.,
    6.362265131567),.PIECEWISE_BEZIER_KNOTS.);
#4849 = CARTESIAN_POINT('',(3.14000820738,-3.01312E-12,3.43750000006));
#4850 = CARTESIAN_POINT('',(3.140010778269,1.793569078778,3.528409091006
    ));
#4851 = CARTESIAN_POINT('',(2.013362324505,3.587099136473,3.619318182546
    ));
#4852 = CARTESIAN_POINT('',(-0.242612810425,4.594292340554,
    3.710227269384));
#4853 = CARTESIAN_POINT('',(-2.997595214906,4.025737473298,
    3.801136372365));
#4854 = CARTESIAN_POINT('',(-5.053588391412,1.660201893437,3.89204544113
    ));
#4855 = CARTESIAN_POINT('',(-5.052076731769,-1.660219968137,
    3.982954559373));
#4856 = CARTESIAN_POINT('',(-2.998611763945,-4.025705934017,
    4.073863627081));
#4857 = CARTESIAN_POINT('',(-0.242185376978,-4.594308951879,
    4.164772731256));
#4858 = CARTESIAN_POINT('',(2.013275538609,-3.587095906493,
    4.255681817472));
#4859 = CARTESIAN_POINT('',(3.140007688336,-1.793569078786,
    4.346590909138));
#4860 = CARTESIAN_POINT('',(3.140010259225,-4.68645E-12,4.437500000094)
  );
#4861 = CARTESIAN_POINT('',(2.425543268079,5.2838778544E-07,
    3.024989575331));
#4862 = CARTESIAN_POINT('',(2.425547422582,1.385556559915,3.115895400841
    ));
#4863 = CARTESIAN_POINT('',(1.555236270481,2.770296811511,3.206750871295
    ));
#4864 = CARTESIAN_POINT('',(-0.187419222486,3.550928330812,
    3.297998899922));
#4865 = CARTESIAN_POINT('',(-2.315345846581,3.105594496596,
    3.387927988251));
#4866 = CARTESIAN_POINT('',(-3.904288930207,1.288339970654,
    3.480591011588));
#4867 = CARTESIAN_POINT('',(-3.901668069857,-1.288373213895,
    3.569385533545));
#4868 = CARTESIAN_POINT('',(-2.31710635496,-3.10554096251,3.662048555053
    ));
#4869 = CARTESIAN_POINT('',(-0.186676592761,-3.550957216228,
    3.751977645446));
#4870 = CARTESIAN_POINT('',(1.555087198964,-2.770290450429,
    3.843225672996));
#4871 = CARTESIAN_POINT('',(2.425542745577,-1.385555371044,
    3.934081143671));
#4872 = CARTESIAN_POINT('',(2.425546824654,6.6048317252E-07,
    4.024986969196));
#4873 = DEFINITIONAL_REPRESENTATION('',(#4874),#4878);
#4874 = LINE('',#4875,#4876);
#4875 = CARTESIAN_POINT('',(0.,6.362265131567));
#4876 = VECTOR('',#4877,1.);
#4877 = DIRECTION('',(1.,0.));
#4878 = ( GEOMETRIC_REPRESENTATION_CONTEXT(2) 
PARAMETRIC_REPRESENTATION_CONTEXT() REPRESENTATION_CONTEXT('2D SPACE',''
  ) );
#4879 = ORIENTED_EDGE('',*,*,#4602,.T.);
#4880 = ORIENTED_EDGE('',*,*,#4213,.T.);
#4881 = ADVANCED_FACE('',(#4882),#4087,.F.);
#4882 = FACE_BOUND('',#4883,.F.);
#4883 = EDGE_LOOP('',(#4884,#4916,#5026,#5027));
#4884 = ORIENTED_EDGE('',*,*,#4885,.F.);
#4885 = EDGE_CURVE('',#4886,#3851,#4888,.T.);
#4886 = VERTEX_POINT('',#4887);
#4887 = CARTESIAN_POINT('',(3.140007979398,-3.672E-12,4.562500000073));
#4888 = SURFACE_CURVE('',#4889,(#4902,#4909),.PCURVE_S1.);
#4889 = B_SPLINE_CURVE_WITH_KNOTS('',11,(#4890,#4891,#4892,#4893,#4894,
    #4895,#4896,#4897,#4898,#4899,#4900,#4901),.UNSPECIFIED.,.F.,.F.,(12
    ,12),(0.,6.362265131567),.PIECEWISE_BEZIER_KNOTS.);
#4890 = CARTESIAN_POINT('',(3.140007979398,-3.67428E-12,4.562500000073)
  );
#4891 = CARTESIAN_POINT('',(3.140009978982,1.793568818387,4.653409091018
    ));
#4892 = CARTESIAN_POINT('',(2.013352389233,3.587098256311,4.74431818254)
  );
#4893 = CARTESIAN_POINT('',(-0.242565282485,4.594293520391,
    4.835227269517));
#4894 = CARTESIAN_POINT('',(-2.997707729636,4.025733381708,
    4.926136372021));
#4895 = CARTESIAN_POINT('',(-5.0534196954,1.660203664419,5.017045441766)
  );
#4896 = CARTESIAN_POINT('',(-5.052243960126,-1.66021772252,
    5.107954558683));
#4897 = CARTESIAN_POINT('',(-2.998498378884,-4.025708851145,
    5.198863627608));
#4898 = CARTESIAN_POINT('',(-0.242232834265,-4.594306440317,
    5.289772731037));
#4899 = CARTESIAN_POINT('',(2.013284889097,-3.587095744104,
    5.380681817533));
#4900 = CARTESIAN_POINT('',(3.140007575695,-1.793568818396,
    5.471590909152));
#4901 = CARTESIAN_POINT('',(3.140009575279,-5.29254E-12,5.562500000105)
  );
#4902 = PCURVE('',#4087,#4903);
#4903 = DEFINITIONAL_REPRESENTATION('',(#4904),#4908);
#4904 = LINE('',#4905,#4906);
#4905 = CARTESIAN_POINT('',(0.,0.));
#4906 = VECTOR('',#4907,1.);
#4907 = DIRECTION('',(0.,1.));
#4908 = ( GEOMETRIC_REPRESENTATION_CONTEXT(2) 
PARAMETRIC_REPRESENTATION_CONTEXT() REPRESENTATION_CONTEXT('2D SPACE',''
  ) );
#4909 = PCURVE('',#3936,#4910);
#4910 = DEFINITIONAL_REPRESENTATION('',(#4911),#4915);
#4911 = LINE('',#4912,#4913);
#4912 = CARTESIAN_POINT('',(0.825,0.));
#4913 = VECTOR('',#4914,1.);
#4914 = DIRECTION('',(0.,1.));
#4915 = ( GEOMETRIC_REPRESENTATION_CONTEXT(2) 
PARAMETRIC_REPRESENTATION_CONTEXT() REPRESENTATION_CONTEXT('2D SPACE',''
  ) );
#4916 = ORIENTED_EDGE('',*,*,#4917,.T.);
#4917 = EDGE_CURVE('',#4886,#4804,#4918,.T.);
#4918 = SURFACE_CURVE('',#4919,(#4927,#4934),.PCURVE_S1.);
#4919 = ( BOUNDED_CURVE() B_SPLINE_CURVE(6,(#4920,#4921,#4922,#4923,
#4924,#4925,#4926),.UNSPECIFIED.,.F.,.F.) B_SPLINE_CURVE_WITH_KNOTS((7,7
),(0.,2.094395102393),.PIECEWISE_BEZIER_KNOTS.) CURVE() 
GEOMETRIC_REPRESENTATION_ITEM() RATIONAL_B_SPLINE_CURVE((1.056590953773,
    1.017435169568,0.996326512422,0.989390034249,0.996326512422,
1.017435169568,1.056590953773)) REPRESENTATION_ITEM('') );
#4920 = CARTESIAN_POINT('',(3.140007979398,-3.63585E-12,4.562500000073)
  );
#4921 = CARTESIAN_POINT('',(3.162663866572,-2.094771614E-08,
    4.549420168458));
#4922 = CARTESIAN_POINT('',(3.178629770659,-3.570717501E-08,
    4.527281721518));
#4923 = CARTESIAN_POINT('',(3.184400863902,-4.104202286E-08,
    4.500000809727));
#4924 = CARTESIAN_POINT('',(3.178630765795,-3.570763506E-08,
    4.472719687441));
#4925 = CARTESIAN_POINT('',(3.162665669268,-2.094854556E-08,
    4.450580658124));
#4926 = CARTESIAN_POINT('',(3.140010259225,-4.68412E-12,4.437500000094)
  );
#4927 = PCURVE('',#4087,#4928);
#4928 = DEFINITIONAL_REPRESENTATION('',(#4929),#4933);
#4929 = LINE('',#4930,#4931);
#4930 = CARTESIAN_POINT('',(0.,0.));
#4931 = VECTOR('',#4932,1.);
#4932 = DIRECTION('',(1.,0.));
#4933 = ( GEOMETRIC_REPRESENTATION_CONTEXT(2) 
PARAMETRIC_REPRESENTATION_CONTEXT() REPRESENTATION_CONTEXT('2D SPACE',''
  ) );
#4934 = PCURVE('',#4935,#5020);
#4935 = ( BOUNDED_SURFACE() B_SPLINE_SURFACE(6,11,(
    (#4936,#4937,#4938,#4939,#4940,#4941,#4942,#4943,#4944,#4945,#4946
      ,#4947)
    ,(#4948,#4949,#4950,#4951,#4952,#4953,#4954,#4955,#4956,#4957,#4958
      ,#4959)
    ,(#4960,#4961,#4962,#4963,#4964,#4965,#4966,#4967,#4968,#4969,#4970
      ,#4971)
    ,(#4972,#4973,#4974,#4975,#4976,#4977,#4978,#4979,#4980,#4981,#4982
      ,#4983)
    ,(#4984,#4985,#4986,#4987,#4988,#4989,#4990,#4991,#4992,#4993,#4994
      ,#4995)
    ,(#4996,#4997,#4998,#4999,#5000,#5001,#5002,#5003,#5004,#5005,#5006
      ,#5007)
    ,(#5008,#5009,#5010,#5011,#5012,#5013,#5014,#5015,#5016,#5017,#5018
,#5019
    )),.UNSPECIFIED.,.F.,.F.,.F.) B_SPLINE_SURFACE_WITH_KNOTS((7,7),(12,
    12),(0.,2.094395102393),(0.,6.362265131567),
.PIECEWISE_BEZIER_KNOTS.) GEOMETRIC_REPRESENTATION_ITEM() 
RATIONAL_B_SPLINE_SURFACE((
    (1.056590953773,1.056590953773,1.056590953773,1.056590953773
      ,1.056590953773,1.056590953773,1.056590953773,1.056590953773
      ,1.056590953773,1.056590953773,1.056590953773,1.056590953773)
    ,(1.017435169568,1.017435169568,1.017435169568,1.017435169568
      ,1.017435169569,1.017435169567,1.017435169569,1.017435169568
      ,1.017435169569,1.017435169568,1.017435169568,1.017435169568)
    ,(0.996326512422,0.996326512422,0.996326512422,0.996326512422
      ,0.996326512423,0.996326512421,0.996326512423,0.996326512422
      ,0.996326512422,0.996326512422,0.996326512422,0.996326512422)
    ,(0.989390034249,0.989390034249,0.989390034249,0.989390034248
      ,0.989390034249,0.989390034248,0.989390034249,0.989390034248
      ,0.989390034249,0.989390034249,0.989390034249,0.989390034249)
    ,(0.996326512422,0.996326512422,0.996326512422,0.996326512422
      ,0.996326512423,0.996326512421,0.996326512423,0.996326512422
      ,0.996326512422,0.996326512422,0.996326512422,0.996326512422)
    ,(1.017435169568,1.017435169568,1.017435169568,1.017435169568
      ,1.017435169569,1.017435169567,1.017435169569,1.017435169567
      ,1.017435169569,1.017435169568,1.017435169568,1.017435169568)
    ,(1.056590953773,1.056590953773,1.056590953773,1.056590953773
      ,1.056590953773,1.056590953773,1.056590953773,1.056590953773
      ,1.056590953773,1.056590953773,1.056590953773,1.056590953773
))) REPRESENTATION_ITEM('') SURFACE() );
#4936 = CARTESIAN_POINT('',(3.140006383518,-2.34636E-12,3.562500000047)
  );
#4937 = CARTESIAN_POINT('',(3.140008383098,1.79356790702,3.653409090985)
  );
#4938 = CARTESIAN_POINT('',(2.013351365861,3.587096431835,3.744318182384
    ));
#4939 = CARTESIAN_POINT('',(-0.242565158857,4.594291189874,
    3.835227270127));
#4940 = CARTESIAN_POINT('',(-2.997706206541,4.025731326374,
    3.926136370424));
#4941 = CARTESIAN_POINT('',(-5.053417127,1.660202833821,4.017045444113)
  );
#4942 = CARTESIAN_POINT('',(-5.052241391728,-1.660216891921,
    4.107954556279));
#4943 = CARTESIAN_POINT('',(-2.998496855789,-4.025706795823,
    4.198863629145));
#4944 = CARTESIAN_POINT('',(-0.242232710623,-4.594304109793,
    4.28977273037));
#4945 = CARTESIAN_POINT('',(2.013283865721,-3.587093919629,4.38068181763
    ));
#4946 = CARTESIAN_POINT('',(3.140005979817,-1.793567907026,
    4.471590909127));
#4947 = CARTESIAN_POINT('',(3.140007979398,-3.63585E-12,4.562500000073)
  );
#4948 = CARTESIAN_POINT('',(3.16266222298,-1.675759338E-08,
    3.549420085789));
#4949 = CARTESIAN_POINT('',(3.16266429191,1.806506100465,3.640329280275)
  );
#4950 = CARTESIAN_POINT('',(2.027880691929,3.612997541834,3.731240072011
    ));
#4951 = CARTESIAN_POINT('',(-0.244325302821,4.627376174182,
    3.822138411828));
#4952 = CARTESIAN_POINT('',(-3.019316889941,4.054910056242,
    3.913078588642));
#4953 = CARTESIAN_POINT('',(-5.089896893117,1.671994261235,
    4.003932043955));
#4954 = CARTESIAN_POINT('',(-5.088686026669,-1.672008678953,
    4.094908210572));
#4955 = CARTESIAN_POINT('',(-3.020131225675,-4.054884756328,
    4.185761665039));
#4956 = CARTESIAN_POINT('',(-0.243982970482,-4.627389477443,
    4.276701842808));
#4957 = CARTESIAN_POINT('',(2.027811130647,-3.612994978696,
    4.367600182127));
#4958 = CARTESIAN_POINT('',(3.16266179525,-1.80650613817,4.458510973964)
  );
#4959 = CARTESIAN_POINT('',(3.162663866572,-2.094771614E-08,
    4.549420168458));
#4960 = CARTESIAN_POINT('',(3.178628046312,-2.856513754E-08,
    3.527281580611));
#4961 = CARTESIAN_POINT('',(3.178630223169,1.815623803475,3.618190848068
    ));
#4962 = CARTESIAN_POINT('',(2.0381206823,3.63125040763,3.709102838051));
#4963 = CARTESIAN_POINT('',(-0.245570606967,4.650691376099,
    3.799993603679));
#4964 = CARTESIAN_POINT('',(-3.034534527254,4.075473025949,
    3.890955680481));
#4965 = CARTESIAN_POINT('',(-5.115621991857,1.680303616617,
    3.981769940857));
#4966 = CARTESIAN_POINT('',(-5.114351644409,-1.68031870295,
    4.072793361566));
#4967 = CARTESIAN_POINT('',(-3.035388905817,-4.075446459381,
    4.163607621054));
#4968 = CARTESIAN_POINT('',(-0.245211490803,-4.650705331078,
    4.254569698857));
#4969 = CARTESIAN_POINT('',(2.038047674988,-3.631247734405,
    4.345460463964));
#4970 = CARTESIAN_POINT('',(3.178627589725,-1.815623867747,
    4.436372454053));
#4971 = CARTESIAN_POINT('',(3.178629770659,-3.570717501E-08,
    4.527281721518));
#4972 = CARTESIAN_POINT('',(3.184399040042,-3.283296684E-08,
    3.500000647769));
#4973 = CARTESIAN_POINT('',(3.184401344022,1.818919501192,3.590909941602
    ));
#4974 = CARTESIAN_POINT('',(2.041823530798,3.637848169448,3.681822364703
    ));
#4975 = CARTESIAN_POINT('',(-0.246028061123,4.659118637019,
    3.772710392566));
#4976 = CARTESIAN_POINT('',(-3.040017695545,4.082906286291,
    3.863680385346));
#4977 = CARTESIAN_POINT('',(-5.124946526887,1.68330681813,3.954480478284
    ));
#4978 = CARTESIAN_POINT('',(-5.123602869826,-1.683322765622,
    4.045520979523));
#4979 = CARTESIAN_POINT('',(-3.040921388511,-4.08287818092,
    4.136321071521));
#4980 = CARTESIAN_POINT('',(-0.245648228708,-4.659133396895,
    4.227291065362));
#4981 = CARTESIAN_POINT('',(2.041746303443,-3.637845345729,
    4.318179092673));
#4982 = CARTESIAN_POINT('',(3.184398555235,-1.818919575067,
    4.409091515886));
#4983 = CARTESIAN_POINT('',(3.184400863902,-4.104202286E-08,
    4.500000809727));
#4984 = CARTESIAN_POINT('',(3.178628842421,-2.856542108E-08,
    3.47271954653));
#4985 = CARTESIAN_POINT('',(3.178631268652,1.815624314943,3.563628813991
    ));
#4986 = CARTESIAN_POINT('',(2.038125465707,3.631251588194,3.654540804035
    ));
#4987 = CARTESIAN_POINT('',(-0.245591406699,4.650691878367,3.74543156927
    ));
#4988 = CARTESIAN_POINT('',(-3.034486079819,4.075475709057,
    3.836393647241));
#4989 = CARTESIAN_POINT('',(-5.115696748135,1.680303206144,3.92720790547
    ));
#4990 = CARTESIAN_POINT('',(-5.11427977095,-1.680320045708,4.01823132883
    ));
#4991 = CARTESIAN_POINT('',(-3.0354390628,-4.075446083204,4.109045586068
    ));
#4992 = CARTESIAN_POINT('',(-0.245190829842,-4.650707444632,
    4.200007665158));
#4993 = CARTESIAN_POINT('',(2.038044040235,-3.631248601664,
    4.290898429809));
#4994 = CARTESIAN_POINT('',(3.178628335487,-1.815624379216,
    4.381810419972));
#4995 = CARTESIAN_POINT('',(3.178630765795,-3.570763506E-08,
    4.472719687441));
#4996 = CARTESIAN_POINT('',(3.162663665137,-1.675812251E-08,
    3.45058057545));
#4997 = CARTESIAN_POINT('',(3.162666185811,1.806507026993,3.541489769942
    ));
#4998 = CARTESIAN_POINT('',(2.027889357104,3.612999680434,3.632400561789
    ));
#4999 = CARTESIAN_POINT('',(-0.24436298168,4.627377084045,3.723298900891
    ));
#5000 = CARTESIAN_POINT('',(-3.019229127073,4.054914916711,
    3.814239079826));
#5001 = CARTESIAN_POINT('',(-5.090032314639,1.671993517659,
    3.905092531248));
#5002 = CARTESIAN_POINT('',(-5.088555827393,-1.672011111366,
    3.996068702668));
#5003 = CARTESIAN_POINT('',(-3.020222085399,-4.054884074886,
    4.086922153058));
#5004 = CARTESIAN_POINT('',(-0.243945543009,-4.627393306158,
    4.177862333158));
#5005 = CARTESIAN_POINT('',(2.027804546267,-3.612996549742,
    4.268760671652));
#5006 = CARTESIAN_POINT('',(3.162663146203,-1.806507064699,
    4.359671463623));
#5007 = CARTESIAN_POINT('',(3.162665669268,-2.094854556E-08,
    4.450580658124));
#5008 = CARTESIAN_POINT('',(3.14000820738,-3.01972E-12,3.43750000006));
#5009 = CARTESIAN_POINT('',(3.140010778269,1.793569078778,3.528409091006
    ));
#5010 = CARTESIAN_POINT('',(2.013362324505,3.587099136473,3.619318182545
    ));
#5011 = CARTESIAN_POINT('',(-0.242612810424,4.594292340554,
    3.710227269385));
#5012 = CARTESIAN_POINT('',(-2.997595214905,4.025737473298,
    3.801136372363));
#5013 = CARTESIAN_POINT('',(-5.053588391412,1.660201893435,
    3.892045441133));
#5014 = CARTESIAN_POINT('',(-5.052076731768,-1.660219968135,
    3.982954559371));
#5015 = CARTESIAN_POINT('',(-2.998611763945,-4.025705934018,
    4.073863627083));
#5016 = CARTESIAN_POINT('',(-0.242185376978,-4.594308951879,
    4.164772731255));
#5017 = CARTESIAN_POINT('',(2.013275538609,-3.587095906494,
    4.255681817472));
#5018 = CARTESIAN_POINT('',(3.140007688336,-1.793569078786,
    4.346590909138));
#5019 = CARTESIAN_POINT('',(3.140010259225,-4.68412E-12,4.437500000094)
  );
#5020 = DEFINITIONAL_REPRESENTATION('',(#5021),#5025);
#5021 = LINE('',#5022,#5023);
#5022 = CARTESIAN_POINT('',(0.,6.362265131567));
#5023 = VECTOR('',#5024,1.);
#5024 = DIRECTION('',(1.,0.));
#5025 = ( GEOMETRIC_REPRESENTATION_CONTEXT(2) 
PARAMETRIC_REPRESENTATION_CONTEXT() REPRESENTATION_CONTEXT('2D SPACE',''
  ) );
#5026 = ORIENTED_EDGE('',*,*,#4803,.T.);
#5027 = ORIENTED_EDGE('',*,*,#4003,.T.);
#5028 = ADVANCED_FACE('',(#5029),#3936,.F.);
#5029 = FACE_BOUND('',#5030,.F.);
#5030 = EDGE_LOOP('',(#5031,#5073,#5093,#5094));
#5031 = ORIENTED_EDGE('',*,*,#5032,.F.);
#5032 = EDGE_CURVE('',#4320,#3822,#5033,.T.);
#5033 = SURFACE_CURVE('',#5034,(#5045,#5059),.PCURVE_S1.);
#5034 = B_SPLINE_CURVE_WITH_KNOTS('',5,(#5035,#5036,#5037,#5038,#5039,
    #5040,#5041,#5042,#5043,#5044),.UNSPECIFIED.,.F.,.F.,(6,4,6),(0.,
    0.456386972843,1.),.UNSPECIFIED.);
#5035 = CARTESIAN_POINT('',(2.598734122635,5.0037325315E-07,
    4.874991444332));
#5036 = CARTESIAN_POINT('',(2.598734100686,0.113994754011,4.881972345186
    ));
#5037 = CARTESIAN_POINT('',(2.592483548159,0.227989199644,4.888954154778
    ));
#5038 = CARTESIAN_POINT('',(2.579982690386,0.34152486175,4.895935935344)
  );
#5039 = CARTESIAN_POINT('',(2.561281518045,0.454148130489,4.902917305247
    ));
#5040 = CARTESIAN_POINT('',(2.506937874698,0.69793824247,4.918213828027)
  );
#5041 = CARTESIAN_POINT('',(2.468740079079,0.828537778761,4.926528931354
    ));
#5042 = CARTESIAN_POINT('',(2.422055481302,0.956451651524,4.934843571415
    ));
#5043 = CARTESIAN_POINT('',(2.3671491756,1.080953364881,4.943158463611)
  );
#5044 = CARTESIAN_POINT('',(2.304379945504,1.201354280345,4.951473469693
    ));
#5045 = PCURVE('',#3936,#5046);
#5046 = DEFINITIONAL_REPRESENTATION('',(#5047),#5058);
#5047 = B_SPLINE_CURVE_WITH_KNOTS('',5,(#5048,#5049,#5050,#5051,#5052,
    #5053,#5054,#5055,#5056,#5057),.UNSPECIFIED.,.F.,.F.,(6,4,6),(0.,
    0.456386972843,1.),.UNSPECIFIED.);
#5048 = CARTESIAN_POINT('',(0.199997367405,0.));
#5049 = CARTESIAN_POINT('',(0.199997316737,4.441538955243E-02));
#5050 = CARTESIAN_POINT('',(0.199995421527,8.883228514493E-02));
#5051 = CARTESIAN_POINT('',(0.199993743881,0.133249924822));
#5052 = CARTESIAN_POINT('',(0.199993110279,0.177667790788));
#5053 = CARTESIAN_POINT('',(0.199993113121,0.274992695441));
#5054 = CARTESIAN_POINT('',(0.199994148473,0.327900404199));
#5055 = CARTESIAN_POINT('',(0.199996026772,0.38080667713));
#5056 = CARTESIAN_POINT('',(0.199997903364,0.433713681885));
#5057 = CARTESIAN_POINT('',(0.19999947647,0.486619863759));
#5058 = ( GEOMETRIC_REPRESENTATION_CONTEXT(2) 
PARAMETRIC_REPRESENTATION_CONTEXT() REPRESENTATION_CONTEXT('2D SPACE',''
  ) );
#5059 = PCURVE('',#3838,#5060);
#5060 = DEFINITIONAL_REPRESENTATION('',(#5061),#5072);
#5061 = B_SPLINE_CURVE_WITH_KNOTS('',5,(#5062,#5063,#5064,#5065,#5066,
    #5067,#5068,#5069,#5070,#5071),.UNSPECIFIED.,.F.,.F.,(6,4,6),(0.,
    0.456386972843,1.),.UNSPECIFIED.);
#5062 = CARTESIAN_POINT('',(1.9254499673E-07,4.626464314025));
#5063 = CARTESIAN_POINT('',(4.386549320992E-02,4.633445214879));
#5064 = CARTESIAN_POINT('',(8.773065775295E-02,4.640427024471));
#5065 = CARTESIAN_POINT('',(0.131595754815,4.647408805037));
#5066 = CARTESIAN_POINT('',(0.175460805644,4.65439017494));
#5067 = CARTESIAN_POINT('',(0.271574369496,4.66968669772));
#5068 = CARTESIAN_POINT('',(0.323823540185,4.678001801047));
#5069 = CARTESIAN_POINT('',(0.37607169911,4.686316441108));
#5070 = CARTESIAN_POINT('',(0.428320965556,4.694631333304));
#5071 = CARTESIAN_POINT('',(0.480569691152,4.702946339386));
#5072 = ( GEOMETRIC_REPRESENTATION_CONTEXT(2) 
PARAMETRIC_REPRESENTATION_CONTEXT() REPRESENTATION_CONTEXT('2D SPACE',''
  ) );
#5073 = ORIENTED_EDGE('',*,*,#5074,.T.);
#5074 = EDGE_CURVE('',#4320,#4886,#5075,.T.);
#5075 = SURFACE_CURVE('',#5076,(#5079,#5086),.PCURVE_S1.);
#5076 = B_SPLINE_CURVE_WITH_KNOTS('',1,(#5077,#5078),.UNSPECIFIED.,.F.,
  .F.,(2,2),(0.,0.825),.PIECEWISE_BEZIER_KNOTS.);
#5077 = CARTESIAN_POINT('',(2.425529497963,6.604911247E-07,
    4.974986969038));
#5078 = CARTESIAN_POINT('',(3.140007979398,-3.63762E-12,4.562500000073)
  );
#5079 = PCURVE('',#3936,#5080);
#5080 = DEFINITIONAL_REPRESENTATION('',(#5081),#5085);
#5081 = LINE('',#5082,#5083);
#5082 = CARTESIAN_POINT('',(0.,0.));
#5083 = VECTOR('',#5084,1.);
#5084 = DIRECTION('',(1.,0.));
#5085 = ( GEOMETRIC_REPRESENTATION_CONTEXT(2) 
PARAMETRIC_REPRESENTATION_CONTEXT() REPRESENTATION_CONTEXT('2D SPACE',''
  ) );
#5086 = PCURVE('',#4477,#5087);
#5087 = DEFINITIONAL_REPRESENTATION('',(#5088),#5092);
#5088 = LINE('',#5089,#5090);
#5089 = CARTESIAN_POINT('',(0.,6.362265131567));
#5090 = VECTOR('',#5091,1.);
#5091 = DIRECTION('',(1.,0.));
#5092 = ( GEOMETRIC_REPRESENTATION_CONTEXT(2) 
PARAMETRIC_REPRESENTATION_CONTEXT() REPRESENTATION_CONTEXT('2D SPACE',''
  ) );
#5093 = ORIENTED_EDGE('',*,*,#4885,.T.);
#5094 = ORIENTED_EDGE('',*,*,#3850,.F.);
#5095 = ADVANCED_FACE('',(#5096),#3838,.F.);
#5096 = FACE_BOUND('',#5097,.F.);
#5097 = EDGE_LOOP('',(#5098,#5099,#5100));
#5098 = ORIENTED_EDGE('',*,*,#4580,.F.);
#5099 = ORIENTED_EDGE('',*,*,#5032,.T.);
#5100 = ORIENTED_EDGE('',*,*,#3821,.F.);
#5101 = ADVANCED_FACE('',(#5102,#5105),#3808,.T.);
#5102 = FACE_BOUND('',#5103,.F.);
#5103 = EDGE_LOOP('',(#5104));
#5104 = ORIENTED_EDGE('',*,*,#3793,.T.);
#5105 = FACE_BOUND('',#5106,.F.);
#5106 = EDGE_LOOP('',(#5107,#5138,#5167,#5196,#5225,#5254,#5283));
#5107 = ORIENTED_EDGE('',*,*,#5108,.F.);
#5108 = EDGE_CURVE('',#5109,#5111,#5113,.T.);
#5109 = VERTEX_POINT('',#5110);
#5110 = CARTESIAN_POINT('',(5.,0.,5.2));
#5111 = VERTEX_POINT('',#5112);
#5112 = CARTESIAN_POINT('',(4.330127037604,2.499999967642,5.2));
#5113 = SURFACE_CURVE('',#5114,(#5119,#5126),.PCURVE_S1.);
#5114 = CIRCLE('',#5115,5.);
#5115 = AXIS2_PLACEMENT_3D('',#5116,#5117,#5118);
#5116 = CARTESIAN_POINT('',(0.,0.,5.2));
#5117 = DIRECTION('',(0.,0.,1.));
#5118 = DIRECTION('',(1.,0.,-0.));
#5119 = PCURVE('',#3808,#5120);
#5120 = DEFINITIONAL_REPRESENTATION('',(#5121),#5125);
#5121 = CIRCLE('',#5122,5.);
#5122 = AXIS2_PLACEMENT_2D('',#5123,#5124);
#5123 = CARTESIAN_POINT('',(0.,0.));
#5124 = DIRECTION('',(1.,-0.));
#5125 = ( GEOMETRIC_REPRESENTATION_CONTEXT(2) 
PARAMETRIC_REPRESENTATION_CONTEXT() REPRESENTATION_CONTEXT('2D SPACE',''
  ) );
#5126 = PCURVE('',#5127,#5132);
#5127 = CONICAL_SURFACE('',#5128,5.,1.178097245096);
#5128 = AXIS2_PLACEMENT_3D('',#5129,#5130,#5131);
#5129 = CARTESIAN_POINT('',(0.,0.,5.2));
#5130 = DIRECTION('',(-0.,-0.,-1.));
#5131 = DIRECTION('',(1.,0.,0.));
#5132 = DEFINITIONAL_REPRESENTATION('',(#5133),#5137);
#5133 = LINE('',#5134,#5135);
#5134 = CARTESIAN_POINT('',(-0.,0.));
#5135 = VECTOR('',#5136,1.);
#5136 = DIRECTION('',(-1.,0.));
#5137 = ( GEOMETRIC_REPRESENTATION_CONTEXT(2) 
PARAMETRIC_REPRESENTATION_CONTEXT() REPRESENTATION_CONTEXT('2D SPACE',''
  ) );
#5138 = ORIENTED_EDGE('',*,*,#5139,.F.);
#5139 = EDGE_CURVE('',#5140,#5109,#5142,.T.);
#5140 = VERTEX_POINT('',#5141);
#5141 = CARTESIAN_POINT('',(4.330127006451,-2.500000021602,5.2));
#5142 = SURFACE_CURVE('',#5143,(#5148,#5155),.PCURVE_S1.);
#5143 = CIRCLE('',#5144,5.);
#5144 = AXIS2_PLACEMENT_3D('',#5145,#5146,#5147);
#5145 = CARTESIAN_POINT('',(0.,0.,5.2));
#5146 = DIRECTION('',(0.,0.,1.));
#5147 = DIRECTION('',(1.,0.,-0.));
#5148 = PCURVE('',#3808,#5149);
#5149 = DEFINITIONAL_REPRESENTATION('',(#5150),#5154);
#5150 = CIRCLE('',#5151,5.);
#5151 = AXIS2_PLACEMENT_2D('',#5152,#5153);
#5152 = CARTESIAN_POINT('',(0.,0.));
#5153 = DIRECTION('',(1.,-0.));
#5154 = ( GEOMETRIC_REPRESENTATION_CONTEXT(2) 
PARAMETRIC_REPRESENTATION_CONTEXT() REPRESENTATION_CONTEXT('2D SPACE',''
  ) );
#5155 = PCURVE('',#5156,#5161);
#5156 = CONICAL_SURFACE('',#5157,5.,1.178097245096);
#5157 = AXIS2_PLACEMENT_3D('',#5158,#5159,#5160);
#5158 = CARTESIAN_POINT('',(0.,0.,5.2));
#5159 = DIRECTION('',(-0.,-0.,-1.));
#5160 = DIRECTION('',(1.,0.,0.));
#5161 = DEFINITIONAL_REPRESENTATION('',(#5162),#5166);
#5162 = LINE('',#5163,#5164);
#5163 = CARTESIAN_POINT('',(-0.,0.));
#5164 = VECTOR('',#5165,1.);
#5165 = DIRECTION('',(-1.,0.));
#5166 = ( GEOMETRIC_REPRESENTATION_CONTEXT(2) 
PARAMETRIC_REPRESENTATION_CONTEXT() REPRESENTATION_CONTEXT('2D SPACE',''
  ) );
#5167 = ORIENTED_EDGE('',*,*,#5168,.F.);
#5168 = EDGE_CURVE('',#5169,#5140,#5171,.T.);
#5169 = VERTEX_POINT('',#5170);
#5170 = CARTESIAN_POINT('',(-4.5800209E-08,-5.,5.2));
#5171 = SURFACE_CURVE('',#5172,(#5177,#5184),.PCURVE_S1.);
#5172 = CIRCLE('',#5173,5.);
#5173 = AXIS2_PLACEMENT_3D('',#5174,#5175,#5176);
#5174 = CARTESIAN_POINT('',(0.,0.,5.2));
#5175 = DIRECTION('',(0.,0.,1.));
#5176 = DIRECTION('',(1.,0.,-0.));
#5177 = PCURVE('',#3808,#5178);
#5178 = DEFINITIONAL_REPRESENTATION('',(#5179),#5183);
#5179 = CIRCLE('',#5180,5.);
#5180 = AXIS2_PLACEMENT_2D('',#5181,#5182);
#5181 = CARTESIAN_POINT('',(0.,0.));
#5182 = DIRECTION('',(1.,-0.));
#5183 = ( GEOMETRIC_REPRESENTATION_CONTEXT(2) 
PARAMETRIC_REPRESENTATION_CONTEXT() REPRESENTATION_CONTEXT('2D SPACE',''
  ) );
#5184 = PCURVE('',#5185,#5190);
#5185 = CONICAL_SURFACE('',#5186,5.,1.178097245096);
#5186 = AXIS2_PLACEMENT_3D('',#5187,#5188,#5189);
#5187 = CARTESIAN_POINT('',(0.,0.,5.2));
#5188 = DIRECTION('',(-0.,-0.,-1.));
#5189 = DIRECTION('',(1.,0.,0.));
#5190 = DEFINITIONAL_REPRESENTATION('',(#5191),#5195);
#5191 = LINE('',#5192,#5193);
#5192 = CARTESIAN_POINT('',(-0.,0.));
#5193 = VECTOR('',#5194,1.);
#5194 = DIRECTION('',(-1.,0.));
#5195 = ( GEOMETRIC_REPRESENTATION_CONTEXT(2) 
PARAMETRIC_REPRESENTATION_CONTEXT() REPRESENTATION_CONTEXT('2D SPACE',''
  ) );
#5196 = ORIENTED_EDGE('',*,*,#5197,.F.);
#5197 = EDGE_CURVE('',#5198,#5169,#5200,.T.);
#5198 = VERTEX_POINT('',#5199);
#5199 = CARTESIAN_POINT('',(-4.33012700645,-2.500000021602,5.2));
#5200 = SURFACE_CURVE('',#5201,(#5206,#5213),.PCURVE_S1.);
#5201 = CIRCLE('',#5202,5.);
#5202 = AXIS2_PLACEMENT_3D('',#5203,#5204,#5205);
#5203 = CARTESIAN_POINT('',(0.,0.,5.2));
#5204 = DIRECTION('',(0.,0.,1.));
#5205 = DIRECTION('',(1.,0.,-0.));
#5206 = PCURVE('',#3808,#5207);
#5207 = DEFINITIONAL_REPRESENTATION('',(#5208),#5212);
#5208 = CIRCLE('',#5209,5.);
#5209 = AXIS2_PLACEMENT_2D('',#5210,#5211);
#5210 = CARTESIAN_POINT('',(0.,0.));
#5211 = DIRECTION('',(1.,-0.));
#5212 = ( GEOMETRIC_REPRESENTATION_CONTEXT(2) 
PARAMETRIC_REPRESENTATION_CONTEXT() REPRESENTATION_CONTEXT('2D SPACE',''
  ) );
#5213 = PCURVE('',#5214,#5219);
#5214 = CONICAL_SURFACE('',#5215,5.,1.178097245096);
#5215 = AXIS2_PLACEMENT_3D('',#5216,#5217,#5218);
#5216 = CARTESIAN_POINT('',(0.,0.,5.2));
#5217 = DIRECTION('',(-0.,-0.,-1.));
#5218 = DIRECTION('',(1.,0.,0.));
#5219 = DEFINITIONAL_REPRESENTATION('',(#5220),#5224);
#5220 = LINE('',#5221,#5222);
#5221 = CARTESIAN_POINT('',(-0.,0.));
#5222 = VECTOR('',#5223,1.);
#5223 = DIRECTION('',(-1.,0.));
#5224 = ( GEOMETRIC_REPRESENTATION_CONTEXT(2) 
PARAMETRIC_REPRESENTATION_CONTEXT() REPRESENTATION_CONTEXT('2D SPACE',''
  ) );
#5225 = ORIENTED_EDGE('',*,*,#5226,.F.);
#5226 = EDGE_CURVE('',#5227,#5198,#5229,.T.);
#5227 = VERTEX_POINT('',#5228);
#5228 = CARTESIAN_POINT('',(-4.33012700645,2.500000021602,5.2));
#5229 = SURFACE_CURVE('',#5230,(#5235,#5242),.PCURVE_S1.);
#5230 = CIRCLE('',#5231,5.);
#5231 = AXIS2_PLACEMENT_3D('',#5232,#5233,#5234);
#5232 = CARTESIAN_POINT('',(0.,0.,5.2));
#5233 = DIRECTION('',(0.,0.,1.));
#5234 = DIRECTION('',(1.,0.,-0.));
#5235 = PCURVE('',#3808,#5236);
#5236 = DEFINITIONAL_REPRESENTATION('',(#5237),#5241);
#5237 = CIRCLE('',#5238,5.);
#5238 = AXIS2_PLACEMENT_2D('',#5239,#5240);
#5239 = CARTESIAN_POINT('',(0.,0.));
#5240 = DIRECTION('',(1.,-0.));
#5241 = ( GEOMETRIC_REPRESENTATION_CONTEXT(2) 
PARAMETRIC_REPRESENTATION_CONTEXT() REPRESENTATION_CONTEXT('2D SPACE',''
  ) );
#5242 = PCURVE('',#5243,#5248);
#5243 = CONICAL_SURFACE('',#5244,5.,1.178097245096);
#5244 = AXIS2_PLACEMENT_3D('',#5245,#5246,#5247);
#5245 = CARTESIAN_POINT('',(0.,0.,5.2));
#5246 = DIRECTION('',(-0.,-0.,-1.));
#5247 = DIRECTION('',(1.,0.,0.));
#5248 = DEFINITIONAL_REPRESENTATION('',(#5249),#5253);
#5249 = LINE('',#5250,#5251);
#5250 = CARTESIAN_POINT('',(-0.,0.));
#5251 = VECTOR('',#5252,1.);
#5252 = DIRECTION('',(-1.,0.));
#5253 = ( GEOMETRIC_REPRESENTATION_CONTEXT(2) 
PARAMETRIC_REPRESENTATION_CONTEXT() REPRESENTATION_CONTEXT('2D SPACE',''
  ) );
#5254 = ORIENTED_EDGE('',*,*,#5255,.F.);
#5255 = EDGE_CURVE('',#5256,#5227,#5258,.T.);
#5256 = VERTEX_POINT('',#5257);
#5257 = CARTESIAN_POINT('',(3.7053139E-08,5.,5.2));
#5258 = SURFACE_CURVE('',#5259,(#5264,#5271),.PCURVE_S1.);
#5259 = CIRCLE('',#5260,5.);
#5260 = AXIS2_PLACEMENT_3D('',#5261,#5262,#5263);
#5261 = CARTESIAN_POINT('',(0.,0.,5.2));
#5262 = DIRECTION('',(0.,0.,1.));
#5263 = DIRECTION('',(1.,0.,-0.));
#5264 = PCURVE('',#3808,#5265);
#5265 = DEFINITIONAL_REPRESENTATION('',(#5266),#5270);
#5266 = CIRCLE('',#5267,5.);
#5267 = AXIS2_PLACEMENT_2D('',#5268,#5269);
#5268 = CARTESIAN_POINT('',(0.,0.));
#5269 = DIRECTION('',(1.,-0.));
#5270 = ( GEOMETRIC_REPRESENTATION_CONTEXT(2) 
PARAMETRIC_REPRESENTATION_CONTEXT() REPRESENTATION_CONTEXT('2D SPACE',''
  ) );
#5271 = PCURVE('',#5272,#5277);
#5272 = CONICAL_SURFACE('',#5273,5.,1.178097245096);
#5273 = AXIS2_PLACEMENT_3D('',#5274,#5275,#5276);
#5274 = CARTESIAN_POINT('',(0.,0.,5.2));
#5275 = DIRECTION('',(-0.,-0.,-1.));
#5276 = DIRECTION('',(1.,0.,0.));
#5277 = DEFINITIONAL_REPRESENTATION('',(#5278),#5282);
#5278 = LINE('',#5279,#5280);
#5279 = CARTESIAN_POINT('',(-0.,0.));
#5280 = VECTOR('',#5281,1.);
#5281 = DIRECTION('',(-1.,0.));
#5282 = ( GEOMETRIC_REPRESENTATION_CONTEXT(2) 
PARAMETRIC_REPRESENTATION_CONTEXT() REPRESENTATION_CONTEXT('2D SPACE',''
  ) );
#5283 = ORIENTED_EDGE('',*,*,#5284,.F.);
#5284 = EDGE_CURVE('',#5111,#5256,#5285,.T.);
#5285 = SURFACE_CURVE('',#5286,(#5291,#5298),.PCURVE_S1.);
#5286 = CIRCLE('',#5287,5.);
#5287 = AXIS2_PLACEMENT_3D('',#5288,#5289,#5290);
#5288 = CARTESIAN_POINT('',(0.,0.,5.2));
#5289 = DIRECTION('',(0.,0.,1.));
#5290 = DIRECTION('',(1.,0.,-0.));
#5291 = PCURVE('',#3808,#5292);
#5292 = DEFINITIONAL_REPRESENTATION('',(#5293),#5297);
#5293 = CIRCLE('',#5294,5.);
#5294 = AXIS2_PLACEMENT_2D('',#5295,#5296);
#5295 = CARTESIAN_POINT('',(0.,0.));
#5296 = DIRECTION('',(1.,-0.));
#5297 = ( GEOMETRIC_REPRESENTATION_CONTEXT(2) 
PARAMETRIC_REPRESENTATION_CONTEXT() REPRESENTATION_CONTEXT('2D SPACE',''
  ) );
#5298 = PCURVE('',#5299,#5304);
#5299 = CONICAL_SURFACE('',#5300,5.,1.178097245096);
#5300 = AXIS2_PLACEMENT_3D('',#5301,#5302,#5303);
#5301 = CARTESIAN_POINT('',(0.,0.,5.2));
#5302 = DIRECTION('',(-0.,-0.,-1.));
#5303 = DIRECTION('',(1.,0.,0.));
#5304 = DEFINITIONAL_REPRESENTATION('',(#5305),#5309);
#5305 = LINE('',#5306,#5307);
#5306 = CARTESIAN_POINT('',(-0.,0.));
#5307 = VECTOR('',#5308,1.);
#5308 = DIRECTION('',(-1.,0.));
#5309 = ( GEOMETRIC_REPRESENTATION_CONTEXT(2) 
PARAMETRIC_REPRESENTATION_CONTEXT() REPRESENTATION_CONTEXT('2D SPACE',''
  ) );
#5310 = ADVANCED_FACE('',(#5311),#4307,.F.);
#5311 = FACE_BOUND('',#5312,.F.);
#5312 = EDGE_LOOP('',(#5313,#5343,#5602,#5603));
#5313 = ORIENTED_EDGE('',*,*,#5314,.F.);
#5314 = EDGE_CURVE('',#5315,#5317,#5319,.T.);
#5315 = VERTEX_POINT('',#5316);
#5316 = CARTESIAN_POINT('',(2.598734122635,1.50111853E-07,2.874994857403
    ));
#5317 = VERTEX_POINT('',#5318);
#5318 = CARTESIAN_POINT('',(2.598734122635,2.00151235E-07,3.124984718949
    ));
#5319 = SURFACE_CURVE('',#5320,(#5324,#5331),.PCURVE_S1.);
#5320 = LINE('',#5321,#5322);
#5321 = CARTESIAN_POINT('',(2.598734122635,0.,0.248527130307));
#5322 = VECTOR('',#5323,1.);
#5323 = DIRECTION('',(0.,0.,1.));
#5324 = PCURVE('',#4307,#5325);
#5325 = DEFINITIONAL_REPRESENTATION('',(#5326),#5330);
#5326 = LINE('',#5327,#5328);
#5327 = CARTESIAN_POINT('',(0.,0.));
#5328 = VECTOR('',#5329,1.);
#5329 = DIRECTION('',(0.,1.));
#5330 = ( GEOMETRIC_REPRESENTATION_CONTEXT(2) 
PARAMETRIC_REPRESENTATION_CONTEXT() REPRESENTATION_CONTEXT('2D SPACE',''
  ) );
#5331 = PCURVE('',#5332,#5337);
#5332 = CYLINDRICAL_SURFACE('',#5333,2.598734122635);
#5333 = AXIS2_PLACEMENT_3D('',#5334,#5335,#5336);
#5334 = CARTESIAN_POINT('',(0.,0.,0.248527130307));
#5335 = DIRECTION('',(0.,0.,1.));
#5336 = DIRECTION('',(1.,0.,-0.));
#5337 = DEFINITIONAL_REPRESENTATION('',(#5338),#5342);
#5338 = LINE('',#5339,#5340);
#5339 = CARTESIAN_POINT('',(6.28318530718,0.));
#5340 = VECTOR('',#5341,1.);
#5341 = DIRECTION('',(0.,1.));
#5342 = ( GEOMETRIC_REPRESENTATION_CONTEXT(2) 
PARAMETRIC_REPRESENTATION_CONTEXT() REPRESENTATION_CONTEXT('2D SPACE',''
  ) );
#5343 = ORIENTED_EDGE('',*,*,#5344,.T.);
#5344 = EDGE_CURVE('',#5315,#4290,#5345,.T.);
#5345 = SURFACE_CURVE('',#5346,(#5421,#5499),.PCURVE_S1.);
#5346 = B_SPLINE_CURVE_WITH_KNOTS('',7,(#5347,#5348,#5349,#5350,#5351,
    #5352,#5353,#5354,#5355,#5356,#5357,#5358,#5359,#5360,#5361,#5362,
    #5363,#5364,#5365,#5366,#5367,#5368,#5369,#5370,#5371,#5372,#5373,
    #5374,#5375,#5376,#5377,#5378,#5379,#5380,#5381,#5382,#5383,#5384,
    #5385,#5386,#5387,#5388,#5389,#5390,#5391,#5392,#5393,#5394,#5395,
    #5396,#5397,#5398,#5399,#5400,#5401,#5402,#5403,#5404,#5405,#5406,
    #5407,#5408,#5409,#5410,#5411,#5412,#5413,#5414,#5415,#5416,#5417,
    #5418,#5419,#5420),.UNSPECIFIED.,.F.,.F.,(8,6,6,6,6,6,6,6,6,6,6,6,8)
  ,(0.,3.490915555125E-02,0.108004885517,0.196757554539,0.284306559236,
    0.383733230084,0.501534336317,0.617399864921,0.71863983064,
    0.804953552672,0.896523600052,0.967422626848,1.),.UNSPECIFIED.);
#5347 = CARTESIAN_POINT('',(2.598734122635,3.0022369613E-07,
    2.874994866596));
#5348 = CARTESIAN_POINT('',(2.598734113228,8.14247450301E-02,
    2.879981222995));
#5349 = CARTESIAN_POINT('',(2.595757662303,0.162849281492,2.884968012135
    ));
#5350 = CARTESIAN_POINT('',(2.589804834231,0.244142773852,2.889954966076
    ));
#5351 = CARTESIAN_POINT('',(2.580882802708,0.325174852878,2.894941896331
    ));
#5352 = CARTESIAN_POINT('',(2.569005850761,0.405815915864,2.899928693858
    ));
#5353 = CARTESIAN_POINT('',(2.554195370743,0.485937126627,2.904915329063
    ));
#5354 = CARTESIAN_POINT('',(2.499385645008,0.731818281063,2.920343053079
    ));
#5355 = CARTESIAN_POINT('',(2.449551920107,0.895398645417,2.930784423123
    ));
#5356 = CARTESIAN_POINT('',(2.387240953143,1.054960383279,2.941224823638
    ));
#5357 = CARTESIAN_POINT('',(2.312852667054,1.209369031293,2.951665042109
    ));
#5358 = CARTESIAN_POINT('',(2.226907188896,1.357544836809,2.962106125077
    ));
#5359 = CARTESIAN_POINT('',(2.130042398139,1.498467933091,2.972548237218
    ));
#5360 = CARTESIAN_POINT('',(1.893087992495,1.792342250901,2.99566846695)
  );
#5361 = CARTESIAN_POINT('',(1.74815314752,1.941442318174,3.008349383754)
  );
#5362 = CARTESIAN_POINT('',(1.58959660306,2.076770312391,3.021029343297)
  );
#5363 = CARTESIAN_POINT('',(1.419004523464,2.196865572541,3.033708327341
    ));
#5364 = CARTESIAN_POINT('',(1.238131353558,2.300493038349,3.046387721429
    ));
#5365 = CARTESIAN_POINT('',(1.048887064759,2.386652190344,3.059067964394
    ));
#5366 = CARTESIAN_POINT('',(0.660474487806,2.521684302318,3.084251854966
    ));
#5367 = CARTESIAN_POINT('',(0.461419097279,2.571066740645,3.096759164919
    ));
#5368 = CARTESIAN_POINT('',(0.258180786827,2.60207431607,3.109264831162)
  );
#5369 = CARTESIAN_POINT('',(5.279223661044E-02,2.61431848297,
    3.121769604499));
#5370 = CARTESIAN_POINT('',(-0.152690692526,2.607676648758,
    3.134275406629));
#5371 = CARTESIAN_POINT('',(-0.356203492059,2.582293062493,
    3.146782860065));
#5372 = CARTESIAN_POINT('',(-0.782229191207,2.489039573525,
    3.173491630202));
#5373 = CARTESIAN_POINT('',(-1.00366476731,2.415852816143,3.187698116237
    ));
#5374 = CARTESIAN_POINT('',(-1.216942278336,2.31971589702,3.201902651889
    ));
#5375 = CARTESIAN_POINT('',(-1.419247454302,2.201764496359,
    3.216105888806));
#5376 = CARTESIAN_POINT('',(-1.607973568564,2.063518486162,
    3.230310592311));
#5377 = CARTESIAN_POINT('',(-1.780746081646,1.906867522364,
    3.244517380744));
#5378 = CARTESIAN_POINT('',(-2.11885134986,1.529504517726,3.275548309422
    ));
#5379 = CARTESIAN_POINT('',(-2.277044894307,1.302151503544,
    3.292383358306));
#5380 = CARTESIAN_POINT('',(-2.406538021246,1.055959922703,
    3.309211295341));
#5381 = CARTESIAN_POINT('',(-2.5047847065,0.795317774189,3.326036629671)
  );
#5382 = CARTESIAN_POINT('',(-2.570020882732,0.524904830961,
    3.342864172314));
#5383 = CARTESIAN_POINT('',(-2.601262431465,0.249697982548,
    3.359698610512));
#5384 = CARTESIAN_POINT('',(-2.596007771957,-0.295293763768,
    3.393076572185));
#5385 = CARTESIAN_POINT('',(-2.560613845134,-0.565333094766,
    3.409635015079));
#5386 = CARTESIAN_POINT('',(-2.492431267169,-0.830186387962,
    3.426188194121));
#5387 = CARTESIAN_POINT('',(-2.392468388825,-1.085134920543,3.4427398381
    ));
#5388 = CARTESIAN_POINT('',(-2.262462721386,-1.325747680833,
    3.459293338418));
#5389 = CARTESIAN_POINT('',(-2.104881758127,-1.547878330024,
    3.475852315008));
#5390 = CARTESIAN_POINT('',(-1.764292707048,-1.922615704619,
    3.506865780849));
#5391 = CARTESIAN_POINT('',(-1.586904450369,-2.080569752277,
    3.521331156628));
#5392 = CARTESIAN_POINT('',(-1.393150635331,-2.219279026902,
    3.535793487304));
#5393 = CARTESIAN_POINT('',(-1.185559589195,-2.336774847251,
    3.550253898322));
#5394 = CARTESIAN_POINT('',(-0.96690382654,-2.43148791897,3.564716040257
    ));
#5395 = CARTESIAN_POINT('',(-0.740172686879,-2.502263867363,
    3.57918111513));
#5396 = CARTESIAN_POINT('',(-0.311171829518,-2.587879837763,
    3.605972422335));
#5397 = CARTESIAN_POINT('',(-0.110154272763,-2.609442335523,
    3.618303839501));
#5398 = CARTESIAN_POINT('',(9.246924231363E-02,-2.612762103666,
    3.630634260158));
#5399 = CARTESIAN_POINT('',(0.294718637459,-2.597733089784,
    3.642964038417));
#5400 = CARTESIAN_POINT('',(0.494625871183,-2.564501573636,
    3.655294531575));
#5401 = CARTESIAN_POINT('',(0.690248387759,-2.513465140824,
    3.667625989689));
#5402 = CARTESIAN_POINT('',(1.080659635078,-2.37301736155,3.693035899791
    ));
#5403 = CARTESIAN_POINT('',(1.27473549161,-2.28143549804,3.706118159776)
  );
#5404 = CARTESIAN_POINT('',(1.459629783987,-2.171379672009,
    3.719198428295));
#5405 = CARTESIAN_POINT('',(1.633262010737,-2.043982422631,
    3.732277398898));
#5406 = CARTESIAN_POINT('',(1.793732046848,-1.900637830469,3.74535755104
    ));
#5407 = CARTESIAN_POINT('',(1.939335026966,-1.742990663281,3.75843998954
    ));
#5408 = CARTESIAN_POINT('',(2.168709289094,-1.441341711358,
    3.781648936889));
#5409 = CARTESIAN_POINT('',(2.259038283707,-1.302267478198,
    3.791778001628));
#5410 = CARTESIAN_POINT('',(2.338925663336,-1.156637612595,
    3.801907010638));
#5411 = CARTESIAN_POINT('',(2.407812555808,-1.005396625875,
    3.812036053029));
#5412 = CARTESIAN_POINT('',(2.465245729607,-0.849539728795,
    3.822165239975));
#5413 = CARTESIAN_POINT('',(2.510879560718,-0.690108393293,
    3.832294090479));
#5414 = CARTESIAN_POINT('',(2.559934573885,-0.453792631955,
    3.847074881535));
#5415 = CARTESIAN_POINT('',(2.572840621222,-0.378866463858,
    3.851728143518));
#5416 = CARTESIAN_POINT('',(2.583187138513,-0.303517517647,
    3.856381202989));
#5417 = CARTESIAN_POINT('',(2.590957887968,-0.2278506796,3.861034090698)
  );
#5418 = CARTESIAN_POINT('',(2.596142029879,-0.151971390849,
    3.865686910742));
#5419 = CARTESIAN_POINT('',(2.598734122618,-7.598564737144E-02,
    3.870339840564));
#5420 = CARTESIAN_POINT('',(2.598734122635,-4.4E-16,3.87499313095));
#5421 = PCURVE('',#4307,#5422);
#5422 = DEFINITIONAL_REPRESENTATION('',(#5423),#5498);
#5423 = B_SPLINE_CURVE_WITH_KNOTS('',7,(#5424,#5425,#5426,#5427,#5428,
    #5429,#5430,#5431,#5432,#5433,#5434,#5435,#5436,#5437,#5438,#5439,
    #5440,#5441,#5442,#5443,#5444,#5445,#5446,#5447,#5448,#5449,#5450,
    #5451,#5452,#5453,#5454,#5455,#5456,#5457,#5458,#5459,#5460,#5461,
    #5462,#5463,#5464,#5465,#5466,#5467,#5468,#5469,#5470,#5471,#5472,
    #5473,#5474,#5475,#5476,#5477,#5478,#5479,#5480,#5481,#5482,#5483,
    #5484,#5485,#5486,#5487,#5488,#5489,#5490,#5491,#5492,#5493,#5494,
    #5495,#5496,#5497),.UNSPECIFIED.,.F.,.F.,(8,6,6,6,6,6,6,6,6,6,6,6,8)
  ,(0.,3.490915555125E-02,0.108004885517,0.196757554539,0.284306559236,
    0.383733230084,0.501534336317,0.617399864921,0.71863983064,
    0.804953552672,0.896523600052,0.967422626848,1.),.UNSPECIFIED.);
#5424 = CARTESIAN_POINT('',(1.1552689961E-07,2.626467736288));
#5425 = CARTESIAN_POINT('',(3.133246464919E-02,2.631454092688));
#5426 = CARTESIAN_POINT('',(6.266474895143E-02,2.636440881828));
#5427 = CARTESIAN_POINT('',(9.399698804529E-02,2.641427835769));
#5428 = CARTESIAN_POINT('',(0.125329194772,2.646414766024));
#5429 = CARTESIAN_POINT('',(0.156661375203,2.651401563551));
#5430 = CARTESIAN_POINT('',(0.18799352864,2.656388198756));
#5431 = CARTESIAN_POINT('',(0.28493147713,2.671815922772));
#5432 = CARTESIAN_POINT('',(0.350541862497,2.682257292816));
#5433 = CARTESIAN_POINT('',(0.416149004003,2.692697693331));
#5434 = CARTESIAN_POINT('',(0.481754093029,2.703137911802));
#5435 = CARTESIAN_POINT('',(0.547361331815,2.71357899477));
#5436 = CARTESIAN_POINT('',(0.612971908038,2.724021106911));
#5437 = CARTESIAN_POINT('',(0.758236599787,2.747141336643));
#5438 = CARTESIAN_POINT('',(0.837907100514,2.759822253446));
#5439 = CARTESIAN_POINT('',(0.917568813925,2.77250221299));
#5440 = CARTESIAN_POINT('',(0.997224924091,2.785181197034));
#5441 = CARTESIAN_POINT('',(1.076886559269,2.797860591122));
#5442 = CARTESIAN_POINT('',(1.15655693306,2.810540834087));
#5443 = CARTESIAN_POINT('',(1.314793695323,2.835724724659));
#5444 = CARTESIAN_POINT('',(1.393383011255,2.848232034612));
#5445 = CARTESIAN_POINT('',(1.47196420513,2.860737700855));
#5446 = CARTESIAN_POINT('',(1.550540247865,2.873242474192));
#5447 = CARTESIAN_POINT('',(1.629121502322,2.885748276322));
#5448 = CARTESIAN_POINT('',(1.707710922168,2.898255729758));
#5449 = CARTESIAN_POINT('',(1.875528203909,2.924964499895));
#5450 = CARTESIAN_POINT('',(1.964787904612,2.93917098593));
#5451 = CARTESIAN_POINT('',(2.054032256,2.953375521582));
#5452 = CARTESIAN_POINT('',(2.143266830726,2.967578758498));
#5453 = CARTESIAN_POINT('',(2.232511105391,2.981783462004));
#5454 = CARTESIAN_POINT('',(2.321770684382,2.995990250437));
#5455 = CARTESIAN_POINT('',(2.516740023488,3.027021179114));
#5456 = CARTESIAN_POINT('',(2.622519395382,3.043856227998));
#5457 = CARTESIAN_POINT('',(2.728258550283,3.060684165034));
#5458 = CARTESIAN_POINT('',(2.833984624814,3.077509499364));
#5459 = CARTESIAN_POINT('',(2.939723877441,3.094337042007));
#5460 = CARTESIAN_POINT('',(3.045503421987,3.111171480205));
#5461 = CARTESIAN_POINT('',(3.255227484547,3.144549441878));
#5462 = CARTESIAN_POINT('',(3.359265860762,3.161107884771));
#5463 = CARTESIAN_POINT('',(3.463267225866,3.177661063814));
#5464 = CARTESIAN_POINT('',(3.567256171248,3.194212707793));
#5465 = CARTESIAN_POINT('',(3.671257433182,3.210766208111));
#5466 = CARTESIAN_POINT('',(3.775295681742,3.227325184701));
#5467 = CARTESIAN_POINT('',(3.970155243641,3.258338650542));
#5468 = CARTESIAN_POINT('',(4.061044269101,3.272804026321));
#5469 = CARTESIAN_POINT('',(4.151916588022,3.287266356997));
#5470 = CARTESIAN_POINT('',(4.24277830814,3.301726768015));
#5471 = CARTESIAN_POINT('',(4.333650706781,3.31618890995));
#5472 = CARTESIAN_POINT('',(4.424539867509,3.330653984823));
#5473 = CARTESIAN_POINT('',(4.592875926701,3.357445292028));
#5474 = CARTESIAN_POINT('',(4.670355861081,3.369776709194));
#5475 = CARTESIAN_POINT('',(4.747828167146,3.382107129851));
#5476 = CARTESIAN_POINT('',(4.825295603007,3.39443690811));
#5477 = CARTESIAN_POINT('',(4.902767841661,3.406767401268));
#5478 = CARTESIAN_POINT('',(4.980247669865,3.419098859382));
#5479 = CARTESIAN_POINT('',(5.139904416696,3.444508769484));
#5480 = CARTESIAN_POINT('',(5.222105491514,3.457591029469));
#5481 = CARTESIAN_POINT('',(5.304296404897,3.470671297988));
#5482 = CARTESIAN_POINT('',(5.386480889533,3.483750268591));
#5483 = CARTESIAN_POINT('',(5.468671905357,3.496830420733));
#5484 = CARTESIAN_POINT('',(5.550873140893,3.509912859233));
#5485 = CARTESIAN_POINT('',(5.696694919424,3.533121806582));
#5486 = CARTESIAN_POINT('',(5.760333200954,3.543250871321));
#5487 = CARTESIAN_POINT('',(5.8239685777,3.553379880331));
#5488 = CARTESIAN_POINT('',(5.887602072924,3.563508922722));
#5489 = CARTESIAN_POINT('',(5.951237326862,3.573638109668));
#5490 = CARTESIAN_POINT('',(6.014875409805,3.583766960172));
#5491 = CARTESIAN_POINT('',(6.107748913968,3.598547751227));
#5492 = CARTESIAN_POINT('',(6.136988225051,3.603201013211));
#5493 = CARTESIAN_POINT('',(6.166227572169,3.607854072682));
#5494 = CARTESIAN_POINT('',(6.195466954441,3.612506960391));
#5495 = CARTESIAN_POINT('',(6.224706371238,3.617159780435));
#5496 = CARTESIAN_POINT('',(6.25394582219,3.621812710256));
#5497 = CARTESIAN_POINT('',(6.28318530718,3.626466000643));
#5498 = ( GEOMETRIC_REPRESENTATION_CONTEXT(2) 
PARAMETRIC_REPRESENTATION_CONTEXT() REPRESENTATION_CONTEXT('2D SPACE',''
  ) );
#5499 = PCURVE('',#5500,#5525);
#5500 = B_SPLINE_SURFACE_WITH_KNOTS('',1,11,(
    (#5501,#5502,#5503,#5504,#5505,#5506,#5507,#5508,#5509,#5510,#5511
      ,#5512)
    ,(#5513,#5514,#5515,#5516,#5517,#5518,#5519,#5520,#5521,#5522,#5523
      ,#5524
    )),.UNSPECIFIED.,.F.,.F.,.F.,(2,2),(12,12),(0.,0.825),(0.,
    6.362265131567),.PIECEWISE_BEZIER_KNOTS.);
#5501 = CARTESIAN_POINT('',(2.4255293155,3.9629469863E-07,2.974992181422
    ));
#5502 = CARTESIAN_POINT('',(2.425529203483,1.385547470357,3.065898006869
    ));
#5503 = CARTESIAN_POINT('',(1.55515307711,2.77027606725,3.156753476249)
  );
#5504 = CARTESIAN_POINT('',(-0.187056869617,3.550919462685,3.2480015118)
  );
#5505 = CARTESIAN_POINT('',(-2.316189128151,3.105547788483,3.33793057961
    ));
#5506 = CARTESIAN_POINT('',(-3.902987101615,1.288347282736,
    3.430593640573));
#5507 = CARTESIAN_POINT('',(-3.902919410956,-1.288349574536,
    3.519388116094));
#5508 = CARTESIAN_POINT('',(-2.316233133697,-3.105547268738,
    3.612051177012));
#5509 = CARTESIAN_POINT('',(-0.187036515284,-3.550920272873,
    3.701980244873));
#5510 = CARTESIAN_POINT('',(1.555150275689,-2.770275330678,
    3.793228280397));
#5511 = CARTESIAN_POINT('',(2.42552959417,-1.385546545669,3.884083749783
    ));
#5512 = CARTESIAN_POINT('',(2.425529406726,5.2839286037E-07,
    3.97498957523));
#5513 = CARTESIAN_POINT('',(3.140004787638,-1.32626E-12,2.562500000026)
  );
#5514 = CARTESIAN_POINT('',(3.140006787216,1.793566995654,2.653409090957
    ));
#5515 = CARTESIAN_POINT('',(2.01335034249,3.587094607362,2.744318182235)
  );
#5516 = CARTESIAN_POINT('',(-0.24256503523,4.594288859355,2.83522727074)
  );
#5517 = CARTESIAN_POINT('',(-2.997704683439,4.025729271045,
    2.926136368839));
#5518 = CARTESIAN_POINT('',(-5.053414558619,1.660202003223,3.01704544646
    ));
#5519 = CARTESIAN_POINT('',(-5.052238823312,-1.660216061325,
    3.107954553886));
#5520 = CARTESIAN_POINT('',(-2.998495332709,-4.0257047405,3.198863630684
    ));
#5521 = CARTESIAN_POINT('',(-0.242232586978,-4.594301779272,
    3.28977272971));
#5522 = CARTESIAN_POINT('',(2.013282842345,-3.587092095155,
    3.380681817732));
#5523 = CARTESIAN_POINT('',(3.140004383939,-1.793566995657,
    3.471590909108));
#5524 = CARTESIAN_POINT('',(3.140006383518,-2.36543E-12,3.562500000047)
  );
#5525 = DEFINITIONAL_REPRESENTATION('',(#5526),#5601);
#5526 = B_SPLINE_CURVE_WITH_KNOTS('',7,(#5527,#5528,#5529,#5530,#5531,
    #5532,#5533,#5534,#5535,#5536,#5537,#5538,#5539,#5540,#5541,#5542,
    #5543,#5544,#5545,#5546,#5547,#5548,#5549,#5550,#5551,#5552,#5553,
    #5554,#5555,#5556,#5557,#5558,#5559,#5560,#5561,#5562,#5563,#5564,
    #5565,#5566,#5567,#5568,#5569,#5570,#5571,#5572,#5573,#5574,#5575,
    #5576,#5577,#5578,#5579,#5580,#5581,#5582,#5583,#5584,#5585,#5586,
    #5587,#5588,#5589,#5590,#5591,#5592,#5593,#5594,#5595,#5596,#5597,
    #5598,#5599,#5600),.UNSPECIFIED.,.F.,.F.,(8,6,6,6,6,6,6,6,6,6,6,6,8)
  ,(0.,3.490915555125E-02,0.108004885517,0.196757554539,0.284306559236,
    0.383733230084,0.501534336317,0.617399864921,0.71863983064,
    0.804953552672,0.896523600052,0.967422626848,1.),.UNSPECIFIED.);
#5527 = CARTESIAN_POINT('',(0.199998420461,0.));
#5528 = CARTESIAN_POINT('',(0.199998384273,3.172526964976E-02));
#5529 = CARTESIAN_POINT('',(0.199997469728,6.345125646102E-02));
#5530 = CARTESIAN_POINT('',(0.199996266001,9.517774273247E-02));
#5531 = CARTESIAN_POINT('',(0.199995185749,0.126904545643));
#5532 = CARTESIAN_POINT('',(0.199994465109,0.15863151725));
#5533 = CARTESIAN_POINT('',(0.199994163702,0.190358544492));
#5534 = CARTESIAN_POINT('',(0.19999416657,0.288518223688));
#5535 = CARTESIAN_POINT('',(0.199995687749,0.354955559269));
#5536 = CARTESIAN_POINT('',(0.199998463158,0.421388953204));
#5537 = CARTESIAN_POINT('',(0.200001164098,0.487819599264));
#5538 = CARTESIAN_POINT('',(0.200002924755,0.554252011194));
#5539 = CARTESIAN_POINT('',(0.200003731337,0.620687660122));
#5540 = CARTESIAN_POINT('',(0.200003603898,0.767779174804));
#5541 = CARTESIAN_POINT('',(0.200002279485,0.848451645679));
#5542 = CARTESIAN_POINT('',(0.199999948639,0.929115613684));
#5543 = CARTESIAN_POINT('',(0.199997602008,1.009774407317));
#5544 = CARTESIAN_POINT('',(0.199995986476,1.090439154763));
#5545 = CARTESIAN_POINT('',(0.199995257506,1.171112845582));
#5546 = CARTESIAN_POINT('',(0.199995282608,1.331342235833));
#5547 = CARTESIAN_POINT('',(0.199996013951,1.410921150426));
#5548 = CARTESIAN_POINT('',(0.19999734182,1.49049162453));
#5549 = CARTESIAN_POINT('',(0.199998784739,1.570056573566));
#5550 = CARTESIAN_POINT('',(0.199999882795,1.649626527658));
#5551 = CARTESIAN_POINT('',(0.200000402253,1.729204612965));
#5552 = CARTESIAN_POINT('',(0.200000320795,1.899133005282));
#5553 = CARTESIAN_POINT('',(0.199999561037,1.989515545468));
#5554 = CARTESIAN_POINT('',(0.199998068324,2.079882685255));
#5555 = CARTESIAN_POINT('',(0.199996300073,2.170240234474));
#5556 = CARTESIAN_POINT('',(0.199994836368,2.260607932972));
#5557 = CARTESIAN_POINT('',(0.199994091724,2.350991326028));
#5558 = CARTESIAN_POINT('',(0.199994087738,2.548415550123));
#5559 = CARTESIAN_POINT('',(0.199995135188,2.655526894134));
#5560 = CARTESIAN_POINT('',(0.199997317043,2.762597383072));
#5561 = CARTESIAN_POINT('',(0.200000119173,2.869654212666));
#5562 = CARTESIAN_POINT('',(0.200002330999,2.976723949085));
#5563 = CARTESIAN_POINT('',(0.200003404554,3.083834285705));
#5564 = CARTESIAN_POINT('',(0.200003308869,3.296196869159));
#5565 = CARTESIAN_POINT('',(0.200002176218,3.401544155841));
#5566 = CARTESIAN_POINT('',(0.199999976506,3.506854178462));
#5567 = CARTESIAN_POINT('',(0.199997258333,3.612152053383));
#5568 = CARTESIAN_POINT('',(0.199995153278,3.717462795656));
#5569 = CARTESIAN_POINT('',(0.199994142594,3.822811116105));
#5570 = CARTESIAN_POINT('',(0.19999414951,4.020124224731));
#5571 = CARTESIAN_POINT('',(0.19999492156,4.112157597458));
#5572 = CARTESIAN_POINT('',(0.199996440058,4.204173842318));
#5573 = CARTESIAN_POINT('',(0.199998255658,4.296179004133));
#5574 = CARTESIAN_POINT('',(0.199999747988,4.388194650777));
#5575 = CARTESIAN_POINT('',(0.200000442236,4.48022712691));
#5576 = CARTESIAN_POINT('',(0.200000338763,4.65068079931));
#5577 = CARTESIAN_POINT('',(0.199999743373,4.729135436671));
#5578 = CARTESIAN_POINT('',(0.199998597413,4.807582488841));
#5579 = CARTESIAN_POINT('',(0.199997142677,4.886024875448));
#5580 = CARTESIAN_POINT('',(0.199995827422,4.964472423128));
#5581 = CARTESIAN_POINT('',(0.199995110822,5.042927863218));
#5582 = CARTESIAN_POINT('',(0.199995109171,5.204595086857));
#5583 = CARTESIAN_POINT('',(0.199995916145,5.287831333889));
#5584 = CARTESIAN_POINT('',(0.199997692801,5.371057190911));
#5585 = CARTESIAN_POINT('',(0.200000246876,5.454276140256));
#5586 = CARTESIAN_POINT('',(0.20000270949,5.537501167994));
#5587 = CARTESIAN_POINT('',(0.200003967981,5.620736163469));
#5588 = CARTESIAN_POINT('',(0.200003765914,5.768391837425));
#5589 = CARTESIAN_POINT('',(0.200002842819,5.832830465203));
#5590 = CARTESIAN_POINT('',(0.200001042688,5.897266336087));
#5591 = CARTESIAN_POINT('',(0.199998449814,5.961700727962));
#5592 = CARTESIAN_POINT('',(0.199995896235,6.026137531971));
#5593 = CARTESIAN_POINT('',(0.199994566663,6.090577763076));
#5594 = CARTESIAN_POINT('',(0.199994596338,6.184621708476));
#5595 = CARTESIAN_POINT('',(0.199994858924,6.214229476864));
#5596 = CARTESIAN_POINT('',(0.199995449949,6.243837185336));
#5597 = CARTESIAN_POINT('',(0.199996310083,6.273444735949));
#5598 = CARTESIAN_POINT('',(0.19999724547,6.303051998357));
#5599 = CARTESIAN_POINT('',(0.199997927725,6.332658809809));
#5600 = CARTESIAN_POINT('',(0.199997893936,6.362264975147));
#5601 = ( GEOMETRIC_REPRESENTATION_CONTEXT(2) 
PARAMETRIC_REPRESENTATION_CONTEXT() REPRESENTATION_CONTEXT('2D SPACE',''
  ) );
#5602 = ORIENTED_EDGE('',*,*,#4289,.T.);
#5603 = ORIENTED_EDGE('',*,*,#5604,.F.);
#5604 = EDGE_CURVE('',#5317,#4292,#5605,.T.);
#5605 = SURFACE_CURVE('',#5606,(#5693,#5783),.PCURVE_S1.);
#5606 = B_SPLINE_CURVE_WITH_KNOTS('',7,(#5607,#5608,#5609,#5610,#5611,
    #5612,#5613,#5614,#5615,#5616,#5617,#5618,#5619,#5620,#5621,#5622,
    #5623,#5624,#5625,#5626,#5627,#5628,#5629,#5630,#5631,#5632,#5633,
    #5634,#5635,#5636,#5637,#5638,#5639,#5640,#5641,#5642,#5643,#5644,
    #5645,#5646,#5647,#5648,#5649,#5650,#5651,#5652,#5653,#5654,#5655,
    #5656,#5657,#5658,#5659,#5660,#5661,#5662,#5663,#5664,#5665,#5666,
    #5667,#5668,#5669,#5670,#5671,#5672,#5673,#5674,#5675,#5676,#5677,
    #5678,#5679,#5680,#5681,#5682,#5683,#5684,#5685,#5686,#5687,#5688,
    #5689,#5690,#5691,#5692),.UNSPECIFIED.,.F.,.F.,(8,6,6,6,6,6,6,6,6,6,
    6,6,6,6,8),(0.,4.181101871927E-02,0.113770689994,0.175131549281,
    0.202890910021,0.285787427325,0.387993263937,0.504263309067,
    0.605863910672,0.623766656256,0.718766160895,0.810661876869,
    0.902389424785,0.975597711942,1.),.UNSPECIFIED.);
#5607 = CARTESIAN_POINT('',(2.598734122635,4.0030248893E-07,
    3.124984731205));
#5608 = CARTESIAN_POINT('',(2.598734107612,9.752459098468E-02,
    3.130956844384));
#5609 = CARTESIAN_POINT('',(2.594464227151,0.19504922813,3.136928189081)
  );
#5610 = CARTESIAN_POINT('',(2.585924581977,0.292348800582,3.142899424214
    ));
#5611 = CARTESIAN_POINT('',(2.573129935814,0.389199233836,3.148870927003
    ));
#5612 = CARTESIAN_POINT('',(2.556109675735,0.485378214639,3.154842851702
    ));
#5613 = CARTESIAN_POINT('',(2.534907772516,0.580665515599,3.16081518833)
  );
#5614 = CARTESIAN_POINT('',(2.465996600317,0.836929871106,3.177067138338
    ));
#5615 = CARTESIAN_POINT('',(2.410194106864,0.995742776684,3.187348125821
    ));
#5616 = CARTESIAN_POINT('',(2.342474522735,1.150158104784,3.197629305012
    ));
#5617 = CARTESIAN_POINT('',(2.263263804359,1.299110331096,3.207910158688
    ));
#5618 = CARTESIAN_POINT('',(2.173098780352,1.441589852892,3.218190878575
    ));
#5619 = CARTESIAN_POINT('',(2.072624725119,1.57664763816,3.228471617314)
  );
#5620 = CARTESIAN_POINT('',(1.868792345231,1.8114962189,3.24751680469));
#5621 = CARTESIAN_POINT('',(1.768030003769,1.913561315555,3.256282346909
    ));
#5622 = CARTESIAN_POINT('',(1.660789010868,2.009059411172,3.265047382433
    ));
#5623 = CARTESIAN_POINT('',(1.547586278004,2.097502455967,3.273812109577
    ));
#5624 = CARTESIAN_POINT('',(1.428980447375,2.178453999668,3.282576938103
    ));
#5625 = CARTESIAN_POINT('',(1.305570114579,2.25153058758,3.291342042035)
  );
#5626 = CARTESIAN_POINT('',(1.120281711149,2.345757930489,3.304072140203
    ));
#5627 = CARTESIAN_POINT('',(1.061714436193,2.373430486112,3.308037361597
    ));
#5628 = CARTESIAN_POINT('',(1.002352627407,2.39939561551,3.312002609863)
  );
#5629 = CARTESIAN_POINT('',(0.942256063554,2.423626129685,3.315967887378
    ));
#5630 = CARTESIAN_POINT('',(0.881485597537,2.446097493957,3.319933194643
    ));
#5631 = CARTESIAN_POINT('',(0.820103156404,2.466787827968,3.32389853028)
  );
#5632 = CARTESIAN_POINT('',(0.573228771359,2.54208848618,3.339705467635)
  );
#5633 = CARTESIAN_POINT('',(0.38336776313,2.582451740119,3.351548638259)
  );
#5634 = CARTESIAN_POINT('',(0.190297351112,2.60623960481,3.363391026185)
  );
#5635 = CARTESIAN_POINT('',(-4.248537671669E-03,2.613174311931,
    3.375232828285));
#5636 = CARTESIAN_POINT('',(-0.198522809391,2.603193556543,
    3.387075149782));
#5637 = CARTESIAN_POINT('',(-0.390776099002,2.576450902439,
    3.398918275751));
#5638 = CARTESIAN_POINT('',(-0.811662357528,2.48021266225,3.425359781095
    ));
#5639 = CARTESIAN_POINT('',(-1.038432857616,2.40218764811,3.439963200468
    ));
#5640 = CARTESIAN_POINT('',(-1.256265844415,2.300010689193,
    3.454563552615));
#5641 = CARTESIAN_POINT('',(-1.462121773584,2.174960425043,
    3.469162086315));
#5642 = CARTESIAN_POINT('',(-1.653198959428,2.02873883231,3.483762620479
    ));
#5643 = CARTESIAN_POINT('',(-1.826961854372,1.863454012233,
    3.498366332809));
#5644 = CARTESIAN_POINT('',(-2.156731385934,1.474949867664,
    3.529575963263));
#5645 = CARTESIAN_POINT('',(-2.307134333546,1.246734974391,
    3.546193060122));
#5646 = CARTESIAN_POINT('',(-2.429141652242,1.000872920342,
    3.562804574712));
#5647 = CARTESIAN_POINT('',(-2.520406441149,0.741638245954,3.57941420103
    ));
#5648 = CARTESIAN_POINT('',(-2.579331521703,0.473567541562,
    3.596025380885));
#5649 = CARTESIAN_POINT('',(-2.60506819358,0.201462894563,3.612641938225
    ));
#5650 = CARTESIAN_POINT('',(-2.591450521505,-0.306535053249,
    3.643763934993));
#5651 = CARTESIAN_POINT('',(-2.559894790113,-0.542817626953,
    3.65828045212));
#5652 = CARTESIAN_POINT('',(-2.50320133508,-0.77515558134,3.672793898376
    ));
#5653 = CARTESIAN_POINT('',(-2.422010644422,-1.00037374668,
    3.687305503084));
#5654 = CARTESIAN_POINT('',(-2.317414722958,-1.215442838278,
    3.701819031712));
#5655 = CARTESIAN_POINT('',(-2.190946335335,-1.417509587107,
    3.716335718849));
#5656 = CARTESIAN_POINT('',(-2.018905478415,-1.636821134048,
    3.733406524266));
#5657 = CARTESIAN_POINT('',(-1.992516185223,-1.669192947851,
    3.735963908366));
#5658 = CARTESIAN_POINT('',(-1.965521849494,-1.701067733549,
    3.738521306624));
#5659 = CARTESIAN_POINT('',(-1.937933726976,-1.732431945029,
    3.74107871895));
#5660 = CARTESIAN_POINT('',(-1.909763446071,-1.763272362454,
    3.743636145002));
#5661 = CARTESIAN_POINT('',(-1.881023007828,-1.793576092267,
    3.746193584194));
#5662 = CARTESIAN_POINT('',(-1.696256086917,-1.981220336943,
    3.762321949957));
#5663 = CARTESIAN_POINT('',(-1.525049954252,-2.123675721199,
    3.775895861229));
#5664 = CARTESIAN_POINT('',(-1.339998124034,-2.248754648247,
    3.789468110936));
#5665 = CARTESIAN_POINT('',(-1.143233180644,-2.354890750408,
    3.803039164145));
#5666 = CARTESIAN_POINT('',(-0.937071420291,-2.440834556249,
    3.816611204149));
#5667 = CARTESIAN_POINT('',(-0.723993145774,-2.505664149397,
    3.830184734372));
#5668 = CARTESIAN_POINT('',(-0.296428254455,-2.590654986751,
    3.856882272013));
#5669 = CARTESIAN_POINT('',(-8.213818673804E-02,-2.612221733581,
    3.870011183778));
#5670 = CARTESIAN_POINT('',(0.1338099225,-2.613076165574,3.883138029994)
  );
#5671 = CARTESIAN_POINT('',(0.349023768831,-2.593116750733,
    3.896263593342));
#5672 = CARTESIAN_POINT('',(0.561131469735,-2.552563488079,
    3.909390313456));
#5673 = CARTESIAN_POINT('',(0.767800290859,-2.491956164781,
    3.922519141436));
#5674 = CARTESIAN_POINT('',(1.165358133756,-2.332624109168,
    3.948749371103));
#5675 = CARTESIAN_POINT('',(1.356344201258,-2.233941739125,
    3.961855236301));
#5676 = CARTESIAN_POINT('',(1.537454316835,-2.117065043034,
    3.974960110486));
#5677 = CARTESIAN_POINT('',(1.706639676175,-1.98320732666,3.988064473803
    ));
#5678 = CARTESIAN_POINT('',(1.862042513268,-1.833838379394,
    4.001169918804));
#5679 = CARTESIAN_POINT('',(2.00201067186,-1.670672986237,4.014276413519
    ));
#5680 = CARTESIAN_POINT('',(2.223431900204,-1.356070662532,4.03783795467
    ));
#5681 = CARTESIAN_POINT('',(2.311014050156,-1.208887615392,
    4.048296208493));
#5682 = CARTESIAN_POINT('',(2.387190476824,-1.055161116477,
    4.058753389133));
#5683 = CARTESIAN_POINT('',(2.45138876159,-0.895955549695,4.069209695132
    ));
#5684 = CARTESIAN_POINT('',(2.503158663258,-0.732387629533,
    4.079666242059));
#5685 = CARTESIAN_POINT('',(2.542174230839,-0.565621009639,
    4.090123824341));
#5686 = CARTESIAN_POINT('',(2.576943697983,-0.340616880087,
    4.104066711769));
#5687 = CARTESIAN_POINT('',(2.584198615463,-0.284144466714,4.10755242119
    ));
#5688 = CARTESIAN_POINT('',(2.590009386529,-0.227494029625,
    4.111038169613));
#5689 = CARTESIAN_POINT('',(2.594370889998,-0.170709872122,
    4.114523938163));
#5690 = CARTESIAN_POINT('',(2.597279707329,-0.113836423496,
    4.118009688463));
#5691 = CARTESIAN_POINT('',(2.598734122626,-5.691823903061E-02,
    4.121495362636));
#5692 = CARTESIAN_POINT('',(2.598734122635,0.,4.124980883304));
#5693 = PCURVE('',#4307,#5694);
#5694 = DEFINITIONAL_REPRESENTATION('',(#5695),#5782);
#5695 = B_SPLINE_CURVE_WITH_KNOTS('',7,(#5696,#5697,#5698,#5699,#5700,
    #5701,#5702,#5703,#5704,#5705,#5706,#5707,#5708,#5709,#5710,#5711,
    #5712,#5713,#5714,#5715,#5716,#5717,#5718,#5719,#5720,#5721,#5722,
    #5723,#5724,#5725,#5726,#5727,#5728,#5729,#5730,#5731,#5732,#5733,
    #5734,#5735,#5736,#5737,#5738,#5739,#5740,#5741,#5742,#5743,#5744,
    #5745,#5746,#5747,#5748,#5749,#5750,#5751,#5752,#5753,#5754,#5755,
    #5756,#5757,#5758,#5759,#5760,#5761,#5762,#5763,#5764,#5765,#5766,
    #5767,#5768,#5769,#5770,#5771,#5772,#5773,#5774,#5775,#5776,#5777,
    #5778,#5779,#5780,#5781),.UNSPECIFIED.,.F.,.F.,(8,6,6,6,6,6,6,6,6,6,
    6,6,6,6,8),(0.,4.181101871927E-02,0.113770689994,0.175131549281,
    0.202890910021,0.285787427325,0.387993263937,0.504263309067,
    0.605863910672,0.623766656256,0.718766160895,0.810661876869,
    0.902389424785,0.975597711942,1.),.UNSPECIFIED.);
#5696 = CARTESIAN_POINT('',(1.5403749289E-07,2.876457600898));
#5697 = CARTESIAN_POINT('',(3.752772941843E-02,2.882429714077));
#5698 = CARTESIAN_POINT('',(7.505547799683E-02,2.888401058774));
#5699 = CARTESIAN_POINT('',(0.112582942965,2.894372293907));
#5700 = CARTESIAN_POINT('',(0.150110222068,2.900343796696));
#5701 = CARTESIAN_POINT('',(0.18763759577,2.906315721394));
#5702 = CARTESIAN_POINT('',(0.225165155423,2.912288058023));
#5703 = CARTESIAN_POINT('',(0.327279483562,2.928540008031));
#5704 = CARTESIAN_POINT('',(0.391870725637,2.938820995514));
#5705 = CARTESIAN_POINT('',(0.456458938179,2.949102174705));
#5706 = CARTESIAN_POINT('',(0.521045256384,2.959383028381));
#5707 = CARTESIAN_POINT('',(0.585633590769,2.969663748268));
#5708 = CARTESIAN_POINT('',(0.650225041219,2.979944487007));
#5709 = CARTESIAN_POINT('',(0.769886624578,2.998989674383));
#5710 = CARTESIAN_POINT('',(0.824962841099,3.007755216602));
#5711 = CARTESIAN_POINT('',(0.880037654133,3.016520252126));
#5712 = CARTESIAN_POINT('',(0.935111563963,3.02528497927));
#5713 = CARTESIAN_POINT('',(0.990186348715,3.034049807796));
#5714 = CARTESIAN_POINT('',(1.045262518297,3.042814911728));
#5715 = CARTESIAN_POINT('',(1.125252062484,3.055545009896));
#5716 = CARTESIAN_POINT('',(1.150167387267,3.05951023129));
#5717 = CARTESIAN_POINT('',(1.175082717016,3.063475479556));
#5718 = CARTESIAN_POINT('',(1.199998048374,3.067440757071));
#5719 = CARTESIAN_POINT('',(1.224913376556,3.071406064336));
#5720 = CARTESIAN_POINT('',(1.249828695343,3.075371399973));
#5721 = CARTESIAN_POINT('',(1.349147430277,3.091178337327));
#5722 = CARTESIAN_POINT('',(1.423559320438,3.103021507952));
#5723 = CARTESIAN_POINT('',(1.497965000708,3.114863895878));
#5724 = CARTESIAN_POINT('',(1.57236675025,3.126705697978));
#5725 = CARTESIAN_POINT('',(1.646772489324,3.138548019475));
#5726 = CARTESIAN_POINT('',(1.721184479406,3.150391145444));
#5727 = CARTESIAN_POINT('',(1.887322605592,3.176832650788));
#5728 = CARTESIAN_POINT('',(1.979080980443,3.191436070161));
#5729 = CARTESIAN_POINT('',(2.070821794675,3.206036422307));
#5730 = CARTESIAN_POINT('',(2.162551422546,3.220634956008));
#5731 = CARTESIAN_POINT('',(2.254292164033,3.235235490172));
#5732 = CARTESIAN_POINT('',(2.34605042319,3.249839202502));
#5733 = CARTESIAN_POINT('',(2.542142595351,3.281048832956));
#5734 = CARTESIAN_POINT('',(2.646546085549,3.297665929815));
#5735 = CARTESIAN_POINT('',(2.750911945437,3.314277444405));
#5736 = CARTESIAN_POINT('',(2.855265318859,3.330887070723));
#5737 = CARTESIAN_POINT('',(2.959631264073,3.347498250578));
#5738 = CARTESIAN_POINT('',(3.064034913549,3.364114807918));
#5739 = CARTESIAN_POINT('',(3.259584135767,3.395236804686));
#5740 = CARTESIAN_POINT('',(3.350798500523,3.409753321813));
#5741 = CARTESIAN_POINT('',(3.44199583845,3.424266768069));
#5742 = CARTESIAN_POINT('',(3.53318231258,3.438778372777));
#5743 = CARTESIAN_POINT('',(3.624379603709,3.453291901405));
#5744 = CARTESIAN_POINT('',(3.71559397824,3.467808588542));
#5745 = CARTESIAN_POINT('',(3.822853632915,3.484879393959));
#5746 = CARTESIAN_POINT('',(3.838922156355,3.487436778059));
#5747 = CARTESIAN_POINT('',(3.85499068023,3.489994176317));
#5748 = CARTESIAN_POINT('',(3.871059204318,3.492551588643));
#5749 = CARTESIAN_POINT('',(3.887127727959,3.495109014695));
#5750 = CARTESIAN_POINT('',(3.903196250052,3.497666453887));
#5751 = CARTESIAN_POINT('',(4.004531095327,3.51379481965));
#5752 = CARTESIAN_POINT('',(4.089814000108,3.527368730922));
#5753 = CARTESIAN_POINT('',(4.175084693791,3.540940980629));
#5754 = CARTESIAN_POINT('',(4.260347649255,3.554512033838));
#5755 = CARTESIAN_POINT('',(4.345618417956,3.568084073842));
#5756 = CARTESIAN_POINT('',(4.430901450766,3.581657604065));
#5757 = CARTESIAN_POINT('',(4.598648601755,3.608355141706));
#5758 = CARTESIAN_POINT('',(4.681143359171,3.621484053471));
#5759 = CARTESIAN_POINT('',(4.763627746253,3.634610899687));
#5760 = CARTESIAN_POINT('',(4.84610551497,3.647736463035));
#5761 = CARTESIAN_POINT('',(4.92858983987,3.660863183148));
#5762 = CARTESIAN_POINT('',(5.011084502647,3.673992011129));
#5763 = CARTESIAN_POINT('',(5.175894639482,3.700222240796));
#5764 = CARTESIAN_POINT('',(5.258238162992,3.713328105994));
#5765 = CARTESIAN_POINT('',(5.340571399906,3.726432980179));
#5766 = CARTESIAN_POINT('',(5.422898125938,3.739537343496));
#5767 = CARTESIAN_POINT('',(5.505231437836,3.752642788497));
#5768 = CARTESIAN_POINT('',(5.587575087362,3.765749283212));
#5769 = CARTESIAN_POINT('',(5.735612647045,3.789310824363));
#5770 = CARTESIAN_POINT('',(5.801325058418,3.799769078186));
#5771 = CARTESIAN_POINT('',(5.8670340992,3.810226258826));
#5772 = CARTESIAN_POINT('',(5.932740966364,3.820682564825));
#5773 = CARTESIAN_POINT('',(5.998449902276,3.831139111752));
#5774 = CARTESIAN_POINT('',(6.064162132145,3.841596694034));
#5775 = CARTESIAN_POINT('',(6.151771983921,3.855539581462));
#5776 = CARTESIAN_POINT('',(6.173674146692,3.859025290882));
#5777 = CARTESIAN_POINT('',(6.195576328278,3.862511039306));
#5778 = CARTESIAN_POINT('',(6.217478530386,3.865996807856));
#5779 = CARTESIAN_POINT('',(6.23938075674,3.869482558156));
#5780 = CARTESIAN_POINT('',(6.261283013084,3.872968232329));
#5781 = CARTESIAN_POINT('',(6.28318530718,3.876453752997));
#5782 = ( GEOMETRIC_REPRESENTATION_CONTEXT(2) 
PARAMETRIC_REPRESENTATION_CONTEXT() REPRESENTATION_CONTEXT('2D SPACE',''
  ) );
#5783 = PCURVE('',#4848,#5784);
#5784 = DEFINITIONAL_REPRESENTATION('',(#5785),#5872);
#5785 = B_SPLINE_CURVE_WITH_KNOTS('',7,(#5786,#5787,#5788,#5789,#5790,
    #5791,#5792,#5793,#5794,#5795,#5796,#5797,#5798,#5799,#5800,#5801,
    #5802,#5803,#5804,#5805,#5806,#5807,#5808,#5809,#5810,#5811,#5812,
    #5813,#5814,#5815,#5816,#5817,#5818,#5819,#5820,#5821,#5822,#5823,
    #5824,#5825,#5826,#5827,#5828,#5829,#5830,#5831,#5832,#5833,#5834,
    #5835,#5836,#5837,#5838,#5839,#5840,#5841,#5842,#5843,#5844,#5845,
    #5846,#5847,#5848,#5849,#5850,#5851,#5852,#5853,#5854,#5855,#5856,
    #5857,#5858,#5859,#5860,#5861,#5862,#5863,#5864,#5865,#5866,#5867,
    #5868,#5869,#5870,#5871),.UNSPECIFIED.,.F.,.F.,(8,6,6,6,6,6,6,6,6,6,
    6,6,6,6,8),(0.,4.181101871927E-02,0.113770689994,0.175131549281,
    0.202890910021,0.285787427325,0.387993263937,0.504263309067,
    0.605863910672,0.623766656256,0.718766160895,0.810661876869,
    0.902389424785,0.975597711942,1.),.UNSPECIFIED.);
#5786 = CARTESIAN_POINT('',(0.625014742293,0.));
#5787 = CARTESIAN_POINT('',(0.625015045682,3.799816659407E-02));
#5788 = CARTESIAN_POINT('',(0.625016947746,7.599763830317E-02));
#5789 = CARTESIAN_POINT('',(0.625019087717,0.113997552556));
#5790 = CARTESIAN_POINT('',(0.625020783878,0.151997692131));
#5791 = CARTESIAN_POINT('',(0.625021819071,0.189998104699));
#5792 = CARTESIAN_POINT('',(0.625022226216,0.227998722363));
#5793 = CARTESIAN_POINT('',(0.625021811541,0.331400069683));
#5794 = CARTESIAN_POINT('',(0.625019905683,0.396805185747));
#5795 = CARTESIAN_POINT('',(0.625016921228,0.462206532448));
#5796 = CARTESIAN_POINT('',(0.625014128159,0.527605338464));
#5797 = CARTESIAN_POINT('',(0.625012294721,0.593005842963));
#5798 = CARTESIAN_POINT('',(0.625011417075,0.658409419226));
#5799 = CARTESIAN_POINT('',(0.625011358313,0.77957569092));
#5800 = CARTESIAN_POINT('',(0.625011938952,0.835344524485));
#5801 = CARTESIAN_POINT('',(0.625013030514,0.891112102653));
#5802 = CARTESIAN_POINT('',(0.625014380015,0.94687898791));
#5803 = CARTESIAN_POINT('',(0.625015724878,1.002646976161));
#5804 = CARTESIAN_POINT('',(0.62501687615,1.058416532979));
#5805 = CARTESIAN_POINT('',(0.625018128335,1.139413271124));
#5806 = CARTESIAN_POINT('',(0.625018459016,1.164642341259));
#5807 = CARTESIAN_POINT('',(0.62501872159,1.189871432682));
#5808 = CARTESIAN_POINT('',(0.625018910866,1.21510053608));
#5809 = CARTESIAN_POINT('',(0.625019025214,1.240329640809));
#5810 = CARTESIAN_POINT('',(0.625019066572,1.265558734895));
#5811 = CARTESIAN_POINT('',(0.625018962391,1.366128230513));
#5812 = CARTESIAN_POINT('',(0.62501828279,1.441477162119));
#5813 = CARTESIAN_POINT('',(0.625017123012,1.516819608692));
#5814 = CARTESIAN_POINT('',(0.625015872553,1.592157799853));
#5815 = CARTESIAN_POINT('',(0.625014906073,1.66749978097));
#5816 = CARTESIAN_POINT('',(0.625014426856,1.742847947137));
#5817 = CARTESIAN_POINT('',(0.625014448817,1.911076143311));
#5818 = CARTESIAN_POINT('',(0.625015199956,2.003988792597));
#5819 = CARTESIAN_POINT('',(0.625016745722,2.096883771071));
#5820 = CARTESIAN_POINT('',(0.625018602647,2.189767727929));
#5821 = CARTESIAN_POINT('',(0.625020135663,2.282663274119));
#5822 = CARTESIAN_POINT('',(0.625020886568,2.375576756912));
#5823 = CARTESIAN_POINT('',(0.62502079443,2.574137830904));
#5824 = CARTESIAN_POINT('',(0.625019710021,2.679855891438));
#5825 = CARTESIAN_POINT('',(0.62501752388,2.785535718848));
#5826 = CARTESIAN_POINT('',(0.625014738745,2.89120251411));
#5827 = CARTESIAN_POINT('',(0.625012508769,2.996881632915));
#5828 = CARTESIAN_POINT('',(0.625011377334,3.102598751998));
#5829 = CARTESIAN_POINT('',(0.625011319613,3.300608164588));
#5830 = CARTESIAN_POINT('',(0.625012128368,3.392970110677));
#5831 = CARTESIAN_POINT('',(0.625013798381,3.48531497103));
#5832 = CARTESIAN_POINT('',(0.625015952545,3.577649132875));
#5833 = CARTESIAN_POINT('',(0.625018003686,3.669994567095));
#5834 = CARTESIAN_POINT('',(0.625019425695,3.762357493508));
#5835 = CARTESIAN_POINT('',(0.625020222567,3.870967785806));
#5836 = CARTESIAN_POINT('',(0.625020318689,3.887238648951));
#5837 = CARTESIAN_POINT('',(0.625020390764,3.903509512934));
#5838 = CARTESIAN_POINT('',(0.625020438325,3.919780376668));
#5839 = CARTESIAN_POINT('',(0.62502046123,3.936051238625));
#5840 = CARTESIAN_POINT('',(0.62502045966,3.952322096829));
#5841 = CARTESIAN_POINT('',(0.625020298605,4.054932939339));
#5842 = CARTESIAN_POINT('',(0.625019491825,4.141289631051));
#5843 = CARTESIAN_POINT('',(0.625018069835,4.227633749515));
#5844 = CARTESIAN_POINT('',(0.62501640926,4.313969712022));
#5845 = CARTESIAN_POINT('',(0.625015019452,4.400313278828));
#5846 = CARTESIAN_POINT('',(0.625014304602,4.48666909692));
#5847 = CARTESIAN_POINT('',(0.625014247967,4.656526338652));
#5848 = CARTESIAN_POINT('',(0.62501486294,4.740058788885));
#5849 = CARTESIAN_POINT('',(0.625016167084,4.823580862904));
#5850 = CARTESIAN_POINT('',(0.625017885966,4.907096535051));
#5851 = CARTESIAN_POINT('',(0.625019447016,4.990619200489));
#5852 = CARTESIAN_POINT('',(0.625020245988,5.074152581958));
#5853 = CARTESIAN_POINT('',(0.625020068623,5.24103802091));
#5854 = CARTESIAN_POINT('',(0.625019092904,5.324418477375));
#5855 = CARTESIAN_POINT('',(0.625017074246,5.407788420275));
#5856 = CARTESIAN_POINT('',(0.625014247997,5.491151376503));
#5857 = CARTESIAN_POINT('',(0.625011539437,5.574520493486));
#5858 = CARTESIAN_POINT('',(0.625010100604,5.657899759537));
#5859 = CARTESIAN_POINT('',(0.625010072906,5.807799318892));
#5860 = CARTESIAN_POINT('',(0.625010983446,5.874338310564));
#5861 = CARTESIAN_POINT('',(0.625012846119,5.940874133246));
#5862 = CARTESIAN_POINT('',(0.625015569205,6.007408256406));
#5863 = CARTESIAN_POINT('',(0.625018151502,6.073945150026));
#5864 = CARTESIAN_POINT('',(0.625019277529,6.140485833269));
#5865 = CARTESIAN_POINT('',(0.625019302674,6.229199362528));
#5866 = CARTESIAN_POINT('',(0.625019194798,6.251377370347));
#5867 = CARTESIAN_POINT('',(0.625018971314,6.273555287778));
#5868 = CARTESIAN_POINT('',(0.62501867465,6.295733066093));
#5869 = CARTESIAN_POINT('',(0.625018391105,6.317910647046));
#5870 = CARTESIAN_POINT('',(0.625018250849,6.340087962874));
#5871 = CARTESIAN_POINT('',(0.625018427926,6.362264936297));
#5872 = ( GEOMETRIC_REPRESENTATION_CONTEXT(2) 
PARAMETRIC_REPRESENTATION_CONTEXT() REPRESENTATION_CONTEXT('2D SPACE',''
  ) );
#5873 = ADVANCED_FACE('',(#5874),#4477,.F.);
#5874 = FACE_BOUND('',#5875,.F.);
#5875 = EDGE_LOOP('',(#5876,#5877,#5899,#5929));
#5876 = ORIENTED_EDGE('',*,*,#4319,.F.);
#5877 = ORIENTED_EDGE('',*,*,#5878,.T.);
#5878 = EDGE_CURVE('',#4290,#5879,#5881,.T.);
#5879 = VERTEX_POINT('',#5880);
#5880 = CARTESIAN_POINT('',(3.140006383518,-2.344E-12,3.562500000047));
#5881 = SURFACE_CURVE('',#5882,(#5885,#5892),.PCURVE_S1.);
#5882 = B_SPLINE_CURVE_WITH_KNOTS('',1,(#5883,#5884),.UNSPECIFIED.,.F.,
  .F.,(2,2),(0.,0.825),.PIECEWISE_BEZIER_KNOTS.);
#5883 = CARTESIAN_POINT('',(2.425529406726,5.2839286037E-07,
    3.97498957523));
#5884 = CARTESIAN_POINT('',(3.140006383518,-2.36543E-12,3.562500000047)
  );
#5885 = PCURVE('',#4477,#5886);
#5886 = DEFINITIONAL_REPRESENTATION('',(#5887),#5891);
#5887 = LINE('',#5888,#5889);
#5888 = CARTESIAN_POINT('',(0.,0.));
#5889 = VECTOR('',#5890,1.);
#5890 = DIRECTION('',(1.,0.));
#5891 = ( GEOMETRIC_REPRESENTATION_CONTEXT(2) 
PARAMETRIC_REPRESENTATION_CONTEXT() REPRESENTATION_CONTEXT('2D SPACE',''
  ) );
#5892 = PCURVE('',#5500,#5893);
#5893 = DEFINITIONAL_REPRESENTATION('',(#5894),#5898);
#5894 = LINE('',#5895,#5896);
#5895 = CARTESIAN_POINT('',(0.,6.362265131567));
#5896 = VECTOR('',#5897,1.);
#5897 = DIRECTION('',(1.,0.));
#5898 = ( GEOMETRIC_REPRESENTATION_CONTEXT(2) 
PARAMETRIC_REPRESENTATION_CONTEXT() REPRESENTATION_CONTEXT('2D SPACE',''
  ) );
#5899 = ORIENTED_EDGE('',*,*,#5900,.T.);
#5900 = EDGE_CURVE('',#5879,#4886,#5901,.T.);
#5901 = SURFACE_CURVE('',#5902,(#5915,#5922),.PCURVE_S1.);
#5902 = B_SPLINE_CURVE_WITH_KNOTS('',11,(#5903,#5904,#5905,#5906,#5907,
    #5908,#5909,#5910,#5911,#5912,#5913,#5914),.UNSPECIFIED.,.F.,.F.,(12
    ,12),(0.,6.362265131567),.PIECEWISE_BEZIER_KNOTS.);
#5903 = CARTESIAN_POINT('',(3.140006383518,-2.34266E-12,3.562500000047)
  );
#5904 = CARTESIAN_POINT('',(3.140008383098,1.79356790702,3.653409090985)
  );
#5905 = CARTESIAN_POINT('',(2.013351365862,3.587096431836,3.744318182384
    ));
#5906 = CARTESIAN_POINT('',(-0.242565158858,4.594291189873,
    3.835227270126));
#5907 = CARTESIAN_POINT('',(-2.99770620654,4.025731326376,3.926136370426
    ));
#5908 = CARTESIAN_POINT('',(-5.053417127002,1.66020283382,4.01704544411)
  );
#5909 = CARTESIAN_POINT('',(-5.052241391727,-1.66021689192,
    4.107954556281));
#5910 = CARTESIAN_POINT('',(-2.998496855791,-4.025706795824,
    4.198863629143));
#5911 = CARTESIAN_POINT('',(-0.242232710623,-4.594304109792,
    4.289772730371));
#5912 = CARTESIAN_POINT('',(2.01328386572,-3.587093919629,4.380681817629
    ));
#5913 = CARTESIAN_POINT('',(3.140005979817,-1.793567907026,
    4.471590909127));
#5914 = CARTESIAN_POINT('',(3.140007979398,-3.63762E-12,4.562500000073)
  );
#5915 = PCURVE('',#4477,#5916);
#5916 = DEFINITIONAL_REPRESENTATION('',(#5917),#5921);
#5917 = LINE('',#5918,#5919);
#5918 = CARTESIAN_POINT('',(0.825,0.));
#5919 = VECTOR('',#5920,1.);
#5920 = DIRECTION('',(0.,1.));
#5921 = ( GEOMETRIC_REPRESENTATION_CONTEXT(2) 
PARAMETRIC_REPRESENTATION_CONTEXT() REPRESENTATION_CONTEXT('2D SPACE',''
  ) );
#5922 = PCURVE('',#4935,#5923);
#5923 = DEFINITIONAL_REPRESENTATION('',(#5924),#5928);
#5924 = LINE('',#5925,#5926);
#5925 = CARTESIAN_POINT('',(0.,0.));
#5926 = VECTOR('',#5927,1.);
#5927 = DIRECTION('',(0.,1.));
#5928 = ( GEOMETRIC_REPRESENTATION_CONTEXT(2) 
PARAMETRIC_REPRESENTATION_CONTEXT() REPRESENTATION_CONTEXT('2D SPACE',''
  ) );
#5929 = ORIENTED_EDGE('',*,*,#5074,.F.);
#5930 = ADVANCED_FACE('',(#5931),#4848,.F.);
#5931 = FACE_BOUND('',#5932,.F.);
#5932 = EDGE_LOOP('',(#5933,#5965,#6010,#6011));
#5933 = ORIENTED_EDGE('',*,*,#5934,.F.);
#5934 = EDGE_CURVE('',#5935,#4804,#5937,.T.);
#5935 = VERTEX_POINT('',#5936);
#5936 = CARTESIAN_POINT('',(3.14000820738,-3.014E-12,3.43750000006));
#5937 = SURFACE_CURVE('',#5938,(#5951,#5958),.PCURVE_S1.);
#5938 = ( BOUNDED_CURVE() B_SPLINE_CURVE(11,(#5939,#5940,#5941,#5942,
    #5943,#5944,#5945,#5946,#5947,#5948,#5949,#5950),.UNSPECIFIED.,.F.,
.F.) B_SPLINE_CURVE_WITH_KNOTS((12,12),(0.,6.362265131567),
.PIECEWISE_BEZIER_KNOTS.) CURVE() GEOMETRIC_REPRESENTATION_ITEM() 
RATIONAL_B_SPLINE_CURVE((1.056590953773,1.056590953773,1.056590953773,
    1.056590953773,1.056590953773,1.056590953773,1.056590953773,
    1.056590953773,1.056590953773,1.056590953773,1.056590953773,
1.056590953773)) REPRESENTATION_ITEM('') );
#5939 = CARTESIAN_POINT('',(3.14000820738,-3.01972E-12,3.43750000006));
#5940 = CARTESIAN_POINT('',(3.140010778269,1.793569078778,3.528409091006
    ));
#5941 = CARTESIAN_POINT('',(2.013362324505,3.587099136473,3.619318182545
    ));
#5942 = CARTESIAN_POINT('',(-0.242612810424,4.594292340554,
    3.710227269385));
#5943 = CARTESIAN_POINT('',(-2.997595214905,4.025737473298,
    3.801136372363));
#5944 = CARTESIAN_POINT('',(-5.053588391412,1.660201893435,
    3.892045441133));
#5945 = CARTESIAN_POINT('',(-5.052076731768,-1.660219968135,
    3.982954559371));
#5946 = CARTESIAN_POINT('',(-2.998611763945,-4.025705934018,
    4.073863627083));
#5947 = CARTESIAN_POINT('',(-0.242185376978,-4.594308951879,
    4.164772731255));
#5948 = CARTESIAN_POINT('',(2.013275538609,-3.587095906494,
    4.255681817472));
#5949 = CARTESIAN_POINT('',(3.140007688336,-1.793569078786,
    4.346590909138));
#5950 = CARTESIAN_POINT('',(3.140010259225,-4.68412E-12,4.437500000094)
  );
#5951 = PCURVE('',#4848,#5952);
#5952 = DEFINITIONAL_REPRESENTATION('',(#5953),#5957);
#5953 = LINE('',#5954,#5955);
#5954 = CARTESIAN_POINT('',(0.,0.));
#5955 = VECTOR('',#5956,1.);
#5956 = DIRECTION('',(0.,1.));
#5957 = ( GEOMETRIC_REPRESENTATION_CONTEXT(2) 
PARAMETRIC_REPRESENTATION_CONTEXT() REPRESENTATION_CONTEXT('2D SPACE',''
  ) );
#5958 = PCURVE('',#4935,#5959);
#5959 = DEFINITIONAL_REPRESENTATION('',(#5960),#5964);
#5960 = LINE('',#5961,#5962);
#5961 = CARTESIAN_POINT('',(2.094395102393,0.));
#5962 = VECTOR('',#5963,1.);
#5963 = DIRECTION('',(0.,1.));
#5964 = ( GEOMETRIC_REPRESENTATION_CONTEXT(2) 
PARAMETRIC_REPRESENTATION_CONTEXT() REPRESENTATION_CONTEXT('2D SPACE',''
  ) );
#5965 = ORIENTED_EDGE('',*,*,#5966,.T.);
#5966 = EDGE_CURVE('',#5935,#5317,#5967,.T.);
#5967 = SURFACE_CURVE('',#5968,(#5971,#5978),.PCURVE_S1.);
#5968 = B_SPLINE_CURVE_WITH_KNOTS('',1,(#5969,#5970),.UNSPECIFIED.,.F.,
  .F.,(2,2),(0.,0.825),.PIECEWISE_BEZIER_KNOTS.);
#5969 = CARTESIAN_POINT('',(3.14000820738,-3.03884E-12,3.43750000006));
#5970 = CARTESIAN_POINT('',(2.425543268079,5.2838776801E-07,
    3.024989575331));
#5971 = PCURVE('',#4848,#5972);
#5972 = DEFINITIONAL_REPRESENTATION('',(#5973),#5977);
#5973 = LINE('',#5974,#5975);
#5974 = CARTESIAN_POINT('',(0.,0.));
#5975 = VECTOR('',#5976,1.);
#5976 = DIRECTION('',(1.,0.));
#5977 = ( GEOMETRIC_REPRESENTATION_CONTEXT(2) 
PARAMETRIC_REPRESENTATION_CONTEXT() REPRESENTATION_CONTEXT('2D SPACE',''
  ) );
#5978 = PCURVE('',#5979,#6004);
#5979 = B_SPLINE_SURFACE_WITH_KNOTS('',1,11,(
    (#5980,#5981,#5982,#5983,#5984,#5985,#5986,#5987,#5988,#5989,#5990
      ,#5991)
    ,(#5992,#5993,#5994,#5995,#5996,#5997,#5998,#5999,#6000,#6001,#6002
      ,#6003
    )),.UNSPECIFIED.,.F.,.F.,.F.,(2,2),(12,12),(0.,0.825),(0.,
    6.362265131567),.PIECEWISE_BEZIER_KNOTS.);
#5980 = CARTESIAN_POINT('',(3.140006155535,-1.70301E-12,2.437500000034)
  );
#5981 = CARTESIAN_POINT('',(3.140008726421,1.793567907021,2.528409090971
    ));
#5982 = CARTESIAN_POINT('',(2.013361008741,3.587096790722,2.619318182355
    ));
#5983 = CARTESIAN_POINT('',(-0.242612651473,4.594289344172,
    2.710227270171));
#5984 = CARTESIAN_POINT('',(-2.997593256635,4.025734830734,
    2.801136370328));
#5985 = CARTESIAN_POINT('',(-5.053585089202,1.660200825522,
    2.892045444146));
#5986 = CARTESIAN_POINT('',(-5.052073429525,-1.660218900224,
    2.982954556298));
#5987 = CARTESIAN_POINT('',(-2.998609805695,-4.025703291461,
    3.073863629059));
#5988 = CARTESIAN_POINT('',(-0.242185218008,-4.594305955494,
    3.164772730408));
#5989 = CARTESIAN_POINT('',(2.013274222841,-3.587093560742,
    3.255681817603));
#5990 = CARTESIAN_POINT('',(3.140005636493,-1.793567907025,
    3.346590909113));
#5991 = CARTESIAN_POINT('',(3.14000820738,-3.03884E-12,3.43750000006));
#5992 = CARTESIAN_POINT('',(2.425539711515,3.9629182848E-07,
    2.024992181479));
#5993 = CARTESIAN_POINT('',(2.425543941439,1.385554396749,2.115898006974
    ));
#5994 = CARTESIAN_POINT('',(1.555234140615,2.770292660782,2.206753477156
    ));
#5995 = CARTESIAN_POINT('',(-0.187418753062,3.550923147303,
    2.298001507479));
#5996 = CARTESIAN_POINT('',(-2.31534228445,3.105590042101,2.387930590918
    ));
#5997 = CARTESIAN_POINT('',(-3.904283134041,1.288338332222,
    2.480593622999));
#5998 = CARTESIAN_POINT('',(-3.901662418182,-1.288371150185,
    2.569388134418));
#5999 = CARTESIAN_POINT('',(-2.317103128383,-3.105536256033,
    2.662051164667));
#6000 = CARTESIAN_POINT('',(-0.186676511115,-3.550952012165,
    2.751980250174));
#6001 = CARTESIAN_POINT('',(1.55508476746,-2.770286469134,2.843228279417
    ));
#6002 = CARTESIAN_POINT('',(2.42553911358,-1.385553472068,2.934083749821
    ));
#6003 = CARTESIAN_POINT('',(2.425543268079,5.2838776801E-07,
    3.024989575331));
#6004 = DEFINITIONAL_REPRESENTATION('',(#6005),#6009);
#6005 = LINE('',#6006,#6007);
#6006 = CARTESIAN_POINT('',(0.,6.362265131567));
#6007 = VECTOR('',#6008,1.);
#6008 = DIRECTION('',(1.,0.));
#6009 = ( GEOMETRIC_REPRESENTATION_CONTEXT(2) 
PARAMETRIC_REPRESENTATION_CONTEXT() REPRESENTATION_CONTEXT('2D SPACE',''
  ) );
#6010 = ORIENTED_EDGE('',*,*,#5604,.T.);
#6011 = ORIENTED_EDGE('',*,*,#4835,.F.);
#6012 = ADVANCED_FACE('',(#6013),#4935,.F.);
#6013 = FACE_BOUND('',#6014,.F.);
#6014 = EDGE_LOOP('',(#6015,#6016,#6126,#6127));
#6015 = ORIENTED_EDGE('',*,*,#5900,.F.);
#6016 = ORIENTED_EDGE('',*,*,#6017,.T.);
#6017 = EDGE_CURVE('',#5879,#5935,#6018,.T.);
#6018 = SURFACE_CURVE('',#6019,(#6027,#6034),.PCURVE_S1.);
#6019 = ( BOUNDED_CURVE() B_SPLINE_CURVE(6,(#6020,#6021,#6022,#6023,
#6024,#6025,#6026),.UNSPECIFIED.,.F.,.F.) B_SPLINE_CURVE_WITH_KNOTS((7,7
),(0.,2.094395102393),.PIECEWISE_BEZIER_KNOTS.) CURVE() 
GEOMETRIC_REPRESENTATION_ITEM() RATIONAL_B_SPLINE_CURVE((1.056590953773,
    1.017435169568,0.996326512422,0.989390034249,0.996326512422,
1.017435169568,1.056590953773)) REPRESENTATION_ITEM('') );
#6020 = CARTESIAN_POINT('',(3.140006383518,-2.3653E-12,3.562500000047));
#6021 = CARTESIAN_POINT('',(3.16266222298,-1.675761341E-08,
    3.549420085789));
#6022 = CARTESIAN_POINT('',(3.178628046312,-2.856515143E-08,
    3.527281580611));
#6023 = CARTESIAN_POINT('',(3.184399040042,-3.28329921E-08,
    3.500000647769));
#6024 = CARTESIAN_POINT('',(3.178628842421,-2.856544191E-08,
    3.47271954653));
#6025 = CARTESIAN_POINT('',(3.162663665137,-1.675814837E-08,
    3.45058057545));
#6026 = CARTESIAN_POINT('',(3.14000820738,-3.03659E-12,3.43750000006));
#6027 = PCURVE('',#4935,#6028);
#6028 = DEFINITIONAL_REPRESENTATION('',(#6029),#6033);
#6029 = LINE('',#6030,#6031);
#6030 = CARTESIAN_POINT('',(0.,0.));
#6031 = VECTOR('',#6032,1.);
#6032 = DIRECTION('',(1.,0.));
#6033 = ( GEOMETRIC_REPRESENTATION_CONTEXT(2) 
PARAMETRIC_REPRESENTATION_CONTEXT() REPRESENTATION_CONTEXT('2D SPACE',''
  ) );
#6034 = PCURVE('',#6035,#6120);
#6035 = ( BOUNDED_SURFACE() B_SPLINE_SURFACE(6,11,(
    (#6036,#6037,#6038,#6039,#6040,#6041,#6042,#6043,#6044,#6045,#6046
      ,#6047)
    ,(#6048,#6049,#6050,#6051,#6052,#6053,#6054,#6055,#6056,#6057,#6058
      ,#6059)
    ,(#6060,#6061,#6062,#6063,#6064,#6065,#6066,#6067,#6068,#6069,#6070
      ,#6071)
    ,(#6072,#6073,#6074,#6075,#6076,#6077,#6078,#6079,#6080,#6081,#6082
      ,#6083)
    ,(#6084,#6085,#6086,#6087,#6088,#6089,#6090,#6091,#6092,#6093,#6094
      ,#6095)
    ,(#6096,#6097,#6098,#6099,#6100,#6101,#6102,#6103,#6104,#6105,#6106
      ,#6107)
    ,(#6108,#6109,#6110,#6111,#6112,#6113,#6114,#6115,#6116,#6117,#6118
,#6119
    )),.UNSPECIFIED.,.F.,.F.,.F.) B_SPLINE_SURFACE_WITH_KNOTS((7,7),(12,
    12),(0.,2.094395102393),(0.,6.362265131567),
.PIECEWISE_BEZIER_KNOTS.) GEOMETRIC_REPRESENTATION_ITEM() 
RATIONAL_B_SPLINE_SURFACE((
    (1.056590953773,1.056590953773,1.056590953773,1.056590953773
      ,1.056590953773,1.056590953774,1.056590953773,1.056590953773
      ,1.056590953773,1.056590953773,1.056590953773,1.056590953773)
    ,(1.017435169568,1.017435169568,1.017435169568,1.017435169568
      ,1.017435169568,1.017435169568,1.017435169568,1.017435169568
      ,1.017435169568,1.017435169568,1.017435169568,1.017435169568)
    ,(0.996326512422,0.996326512422,0.996326512422,0.996326512422
      ,0.996326512422,0.996326512423,0.996326512421,0.996326512423
      ,0.996326512422,0.996326512422,0.996326512422,0.996326512422)
    ,(0.989390034249,0.989390034249,0.989390034249,0.989390034249
      ,0.989390034248,0.989390034249,0.989390034248,0.989390034249
      ,0.989390034248,0.989390034249,0.989390034249,0.989390034249)
    ,(0.996326512422,0.996326512422,0.996326512422,0.996326512423
      ,0.996326512421,0.996326512423,0.996326512421,0.996326512423
      ,0.996326512422,0.996326512422,0.996326512422,0.996326512422)
    ,(1.017435169568,1.017435169568,1.017435169568,1.017435169568
      ,1.017435169568,1.017435169568,1.017435169568,1.017435169568
      ,1.017435169568,1.017435169568,1.017435169568,1.017435169568)
    ,(1.056590953773,1.056590953773,1.056590953773,1.056590953773
      ,1.056590953773,1.056590953774,1.056590953773,1.056590953773
      ,1.056590953773,1.056590953773,1.056590953773,1.056590953773
))) REPRESENTATION_ITEM('') SURFACE() );
#6036 = CARTESIAN_POINT('',(3.140004787638,-1.31959E-12,2.562500000026)
  );
#6037 = CARTESIAN_POINT('',(3.140006787216,1.793566995654,2.653409090957
    ));
#6038 = CARTESIAN_POINT('',(2.01335034249,3.587094607362,2.744318182236)
  );
#6039 = CARTESIAN_POINT('',(-0.242565035229,4.594288859354,
    2.835227270738));
#6040 = CARTESIAN_POINT('',(-2.99770468344,4.025729271047,2.926136368842
    ));
#6041 = CARTESIAN_POINT('',(-5.053414558616,1.660202003221,
    3.017045446455));
#6042 = CARTESIAN_POINT('',(-5.052238823315,-1.660216061324,
    3.10795455389));
#6043 = CARTESIAN_POINT('',(-2.998495332708,-4.0257047405,3.198863630681
    ));
#6044 = CARTESIAN_POINT('',(-0.242232586979,-4.594301779272,
    3.289772729712));
#6045 = CARTESIAN_POINT('',(2.013282842346,-3.587092095155,
    3.380681817731));
#6046 = CARTESIAN_POINT('',(3.140004383939,-1.793566995657,
    3.471590909108));
#6047 = CARTESIAN_POINT('',(3.140006383518,-2.3653E-12,3.562500000047));
#6048 = CARTESIAN_POINT('',(3.162660579389,-1.256774905E-08,
    2.549420003127));
#6049 = CARTESIAN_POINT('',(3.162662645925,1.80650516604,2.640329197605)
  );
#6050 = CARTESIAN_POINT('',(2.02787963318,3.612995665502,2.731239989217)
  );
#6051 = CARTESIAN_POINT('',(-0.244325181644,4.627373773661,
    2.822138329816));
#6052 = CARTESIAN_POINT('',(-3.019315326627,4.054907935473,
    2.913078504371));
#6053 = CARTESIAN_POINT('',(-5.089894250233,1.671993399058,
    3.003931963725));
#6054 = CARTESIAN_POINT('',(-5.088683379181,-1.672007830266,
    3.094908125471));
#6055 = CARTESIAN_POINT('',(-3.020129651735,-4.054882643552,
    3.185761583978));
#6056 = CARTESIAN_POINT('',(-0.243982836993,-4.627387077573,
    3.276701759489));
#6057 = CARTESIAN_POINT('',(2.027810081459,-3.61299309699,3.36760009959)
  );
#6058 = CARTESIAN_POINT('',(3.162660154052,-1.806505195365,
    3.458510891303));
#6059 = CARTESIAN_POINT('',(3.16266222298,-1.675761341E-08,
    3.549420085789));
#6060 = CARTESIAN_POINT('',(3.178626321966,-2.142337783E-08,
    2.527281439709));
#6061 = CARTESIAN_POINT('',(3.178628494742,1.815622825885,2.618190707159
    ));
#6062 = CARTESIAN_POINT('',(2.038119568396,3.631248440868,2.709102697011
    ));
#6063 = CARTESIAN_POINT('',(-0.245570483868,4.650688857418,
    2.799993463461));
#6064 = CARTESIAN_POINT('',(-3.034532890618,4.075470798361,
    2.890955537892));
#6065 = CARTESIAN_POINT('',(-5.115619220618,1.68030270766,2.981769802508
    ));
#6066 = CARTESIAN_POINT('',(-5.114348865343,-1.680317816988,
    3.072793218106));
#6067 = CARTESIAN_POINT('',(-3.035387251056,-4.075444245412,
    3.163607481834));
#6068 = CARTESIAN_POINT('',(-0.245211346724,-4.650702813511,
    3.254569557268));
#6069 = CARTESIAN_POINT('',(2.038046577385,-3.631245758482,
    3.345460323194));
#6070 = CARTESIAN_POINT('',(3.178625869458,-1.815622875873,
    3.436372313153));
#6071 = CARTESIAN_POINT('',(3.178628046312,-2.856515143E-08,
    3.527281580611));
#6072 = CARTESIAN_POINT('',(3.184397216182,-2.462423052E-08,
    2.500000485816));
#6073 = CARTESIAN_POINT('',(3.184399515473,1.818918467839,2.590909779641
    ));
#6074 = CARTESIAN_POINT('',(2.041822351862,3.637846089604,2.681822202605
    ));
#6075 = CARTESIAN_POINT('',(-0.24602793188,4.659115972931,2.772710231335
    ));
#6076 = CARTESIAN_POINT('',(-3.040015965289,4.082903929525,2.86368022161
    ));
#6077 = CARTESIAN_POINT('',(-5.124943596077,1.683305855658,
    2.954480319031));
#6078 = CARTESIAN_POINT('',(-5.123599930019,-1.68332182958,
    3.045520814865));
#6079 = CARTESIAN_POINT('',(-3.04091963742,-4.08287583981,3.136320911347
    ));
#6080 = CARTESIAN_POINT('',(-0.245648075353,-4.659130734085,
    3.227290902682));
#6081 = CARTESIAN_POINT('',(2.041745143244,-3.637843255355,
    3.318178930859));
#6082 = CARTESIAN_POINT('',(3.184396736064,-1.818918525296,
    3.409091353935));
#6083 = CARTESIAN_POINT('',(3.184399040042,-3.28329921E-08,
    3.500000647769));
#6084 = CARTESIAN_POINT('',(3.178626919047,-2.142354351E-08,
    2.472719405627));
#6085 = CARTESIAN_POINT('',(3.178629341198,1.815623223693,2.563628673079
    ));
#6086 = CARTESIAN_POINT('',(2.038124224175,3.631249393897,2.654540662977
    ));
#6087 = CARTESIAN_POINT('',(-0.24559126818,4.650689069039,2.745431429127
    ));
#6088 = CARTESIAN_POINT('',(-3.034484253234,4.075473225144,
    2.836393504455));
#6089 = CARTESIAN_POINT('',(-5.11569365658,1.680302193598,2.927207767413
    ));
#6090 = CARTESIAN_POINT('',(-5.114276671572,-1.680319056159,
    3.018231185072));
#6091 = CARTESIAN_POINT('',(-3.035437218087,-4.07544361291,
    3.109045447039));
#6092 = CARTESIAN_POINT('',(-0.245190670345,-4.650704636417,
    3.200007523486));
#6093 = CARTESIAN_POINT('',(2.038042815003,-3.631246398205,
    3.290898289052));
#6094 = CARTESIAN_POINT('',(3.178626416193,-1.815623273682,
    3.381810279069));
#6095 = CARTESIAN_POINT('',(3.178628842421,-2.856544191E-08,
    3.47271954653));
#6096 = CARTESIAN_POINT('',(3.162661661007,-1.256804307E-08,
    2.450580492783));
#6097 = CARTESIAN_POINT('',(3.162664179285,1.806505886673,2.541489687266
    ));
#6098 = CARTESIAN_POINT('',(2.027888067156,3.612997391919,2.632400478962
    ));
#6099 = CARTESIAN_POINT('',(-0.244362832574,4.627374157015,
    2.723298819016));
#6100 = CARTESIAN_POINT('',(-3.019227219661,4.054912331605,
    2.814238995198));
#6101 = CARTESIAN_POINT('',(-5.090029091508,1.671992467835,
    2.905092451547));
#6102 = CARTESIAN_POINT('',(-5.088552599653,-1.672010075034,
    2.996068617028));
#6103 = CARTESIAN_POINT('',(-3.020220167366,-4.054881497771,
    3.086922072344));
#6104 = CARTESIAN_POINT('',(-0.243945381586,-4.627390379781,
    3.177862249691));
#6105 = CARTESIAN_POINT('',(2.027803265878,-3.612994255852,
    3.268760589138));
#6106 = CARTESIAN_POINT('',(3.162661144466,-1.806505915999,
    3.359671380957));
#6107 = CARTESIAN_POINT('',(3.162663665137,-1.675814837E-08,
    3.45058057545));
#6108 = CARTESIAN_POINT('',(3.140006155535,-1.70339E-12,2.437500000034)
  );
#6109 = CARTESIAN_POINT('',(3.140008726421,1.793567907021,2.528409090971
    ));
#6110 = CARTESIAN_POINT('',(2.013361008741,3.587096790722,2.619318182355
    ));
#6111 = CARTESIAN_POINT('',(-0.242612651472,4.594289344172,2.71022727017
    ));
#6112 = CARTESIAN_POINT('',(-2.997593256637,4.025734830734,2.80113637033
    ));
#6113 = CARTESIAN_POINT('',(-5.053585089198,1.660200825522,
    2.892045444142));
#6114 = CARTESIAN_POINT('',(-5.052073429529,-1.660218900226,
    2.982954556302));
#6115 = CARTESIAN_POINT('',(-2.998609805693,-4.02570329146,
    3.073863629056));
#6116 = CARTESIAN_POINT('',(-0.242185218009,-4.594305955495,
    3.16477273041));
#6117 = CARTESIAN_POINT('',(2.013274222842,-3.587093560742,
    3.255681817602));
#6118 = CARTESIAN_POINT('',(3.140005636493,-1.793567907025,
    3.346590909113));
#6119 = CARTESIAN_POINT('',(3.14000820738,-3.03659E-12,3.43750000006));
#6120 = DEFINITIONAL_REPRESENTATION('',(#6121),#6125);
#6121 = LINE('',#6122,#6123);
#6122 = CARTESIAN_POINT('',(0.,6.362265131567));
#6123 = VECTOR('',#6124,1.);
#6124 = DIRECTION('',(1.,0.));
#6125 = ( GEOMETRIC_REPRESENTATION_CONTEXT(2) 
PARAMETRIC_REPRESENTATION_CONTEXT() REPRESENTATION_CONTEXT('2D SPACE',''
  ) );
#6126 = ORIENTED_EDGE('',*,*,#5934,.T.);
#6127 = ORIENTED_EDGE('',*,*,#4917,.F.);
#6128 = ADVANCED_FACE('',(#6129),#5127,.T.);
#6129 = FACE_BOUND('',#6130,.F.);
#6130 = EDGE_LOOP('',(#6131,#6154,#6155));
#6131 = ORIENTED_EDGE('',*,*,#6132,.F.);
#6132 = EDGE_CURVE('',#5109,#6133,#6135,.T.);
#6133 = VERTEX_POINT('',#6134);
#6134 = CARTESIAN_POINT('',(5.773502691896,0.,4.879604694484));
#6135 = SURFACE_CURVE('',#6136,(#6140,#6147),.PCURVE_S1.);
#6136 = LINE('',#6137,#6138);
#6137 = CARTESIAN_POINT('',(5.,0.,5.2));
#6138 = VECTOR('',#6139,1.);
#6139 = DIRECTION('',(0.923879532511,0.,-0.382683432365));
#6140 = PCURVE('',#5127,#6141);
#6141 = DEFINITIONAL_REPRESENTATION('',(#6142),#6146);
#6142 = LINE('',#6143,#6144);
#6143 = CARTESIAN_POINT('',(-0.,0.));
#6144 = VECTOR('',#6145,1.);
#6145 = DIRECTION('',(-0.,1.));
#6146 = ( GEOMETRIC_REPRESENTATION_CONTEXT(2) 
PARAMETRIC_REPRESENTATION_CONTEXT() REPRESENTATION_CONTEXT('2D SPACE',''
  ) );
#6147 = PCURVE('',#5156,#6148);
#6148 = DEFINITIONAL_REPRESENTATION('',(#6149),#6153);
#6149 = LINE('',#6150,#6151);
#6150 = CARTESIAN_POINT('',(-6.28318530718,0.));
#6151 = VECTOR('',#6152,1.);
#6152 = DIRECTION('',(-0.,1.));
#6153 = ( GEOMETRIC_REPRESENTATION_CONTEXT(2) 
PARAMETRIC_REPRESENTATION_CONTEXT() REPRESENTATION_CONTEXT('2D SPACE',''
  ) );
#6154 = ORIENTED_EDGE('',*,*,#5108,.T.);
#6155 = ORIENTED_EDGE('',*,*,#6156,.T.);
#6156 = EDGE_CURVE('',#5111,#6133,#6157,.T.);
#6157 = SURFACE_CURVE('',#6158,(#6163,#6174),.PCURVE_S1.);
#6158 = HYPERBOLA('',#6159,2.071067811865,5.);
#6159 = AXIS2_PLACEMENT_3D('',#6160,#6161,#6162);
#6160 = CARTESIAN_POINT('',(4.330127018922,2.5,7.271067811865));
#6161 = DIRECTION('',(-0.866025403784,-0.5,-0.));
#6162 = DIRECTION('',(0.,0.,-1.));
#6163 = PCURVE('',#5127,#6164);
#6164 = DEFINITIONAL_REPRESENTATION('',(#6165),#6173);
#6165 = B_SPLINE_CURVE_WITH_KNOTS('',6,(#6166,#6167,#6168,#6169,#6170,
    #6171,#6172),.UNSPECIFIED.,.F.,.F.,(7,7),(1.4E-16,0.549306144334),
  .PIECEWISE_BEZIER_KNOTS.);
#6166 = CARTESIAN_POINT('',(-0.523598775598,3.138004145394E-16));
#6167 = CARTESIAN_POINT('',(-0.432047751543,3.482419234522E-16));
#6168 = CARTESIAN_POINT('',(-0.340497154616,2.083061862346E-02));
#6169 = CARTESIAN_POINT('',(-0.2503248097,6.249179207875E-02));
#6170 = CARTESIAN_POINT('',(-0.162925989184,0.1255075132));
#6171 = CARTESIAN_POINT('',(-7.92855125747E-02,0.210924856822));
#6172 = CARTESIAN_POINT('',(0.,0.320395305516));
#6173 = ( GEOMETRIC_REPRESENTATION_CONTEXT(2) 
PARAMETRIC_REPRESENTATION_CONTEXT() REPRESENTATION_CONTEXT('2D SPACE',''
  ) );
#6174 = PCURVE('',#6175,#6180);
#6175 = PLANE('',#6176);
#6176 = AXIS2_PLACEMENT_3D('',#6177,#6178,#6179);
#6177 = CARTESIAN_POINT('',(5.773502691896,0.,0.));
#6178 = DIRECTION('',(-0.866025403784,-0.5,0.));
#6179 = DIRECTION('',(-0.5,0.866025403784,0.));
#6180 = DEFINITIONAL_REPRESENTATION('',(#6181),#6185);
#6181 = HYPERBOLA('',#6182,2.071067811865,5.);
#6182 = AXIS2_PLACEMENT_2D('',#6183,#6184);
#6183 = CARTESIAN_POINT('',(2.886751345948,-7.271067811865));
#6184 = DIRECTION('',(0.,1.));
#6185 = ( GEOMETRIC_REPRESENTATION_CONTEXT(2) 
PARAMETRIC_REPRESENTATION_CONTEXT() REPRESENTATION_CONTEXT('2D SPACE',''
  ) );
#6186 = ADVANCED_FACE('',(#6187),#5299,.T.);
#6187 = FACE_BOUND('',#6188,.F.);
#6188 = EDGE_LOOP('',(#6189,#6217,#6218));
#6189 = ORIENTED_EDGE('',*,*,#6190,.T.);
#6190 = EDGE_CURVE('',#6191,#5111,#6193,.T.);
#6191 = VERTEX_POINT('',#6192);
#6192 = CARTESIAN_POINT('',(2.886751345948,5.,4.879604694484));
#6193 = SURFACE_CURVE('',#6194,(#6199,#6210),.PCURVE_S1.);
#6194 = HYPERBOLA('',#6195,2.071067811865,5.);
#6195 = AXIS2_PLACEMENT_3D('',#6196,#6197,#6198);
#6196 = CARTESIAN_POINT('',(4.330127018922,2.5,7.271067811865));
#6197 = DIRECTION('',(-0.866025403784,-0.5,-0.));
#6198 = DIRECTION('',(0.,0.,-1.));
#6199 = PCURVE('',#5299,#6200);
#6200 = DEFINITIONAL_REPRESENTATION('',(#6201),#6209);
#6201 = B_SPLINE_CURVE_WITH_KNOTS('',6,(#6202,#6203,#6204,#6205,#6206,
    #6207,#6208),.UNSPECIFIED.,.F.,.F.,(7,7),(-0.549306144334,1.4E-16),
  .PIECEWISE_BEZIER_KNOTS.);
#6202 = CARTESIAN_POINT('',(-1.047197551197,0.320395305516));
#6203 = CARTESIAN_POINT('',(-0.967912038622,0.210924856822));
#6204 = CARTESIAN_POINT('',(-0.884271562013,0.1255075132));
#6205 = CARTESIAN_POINT('',(-0.796872741496,6.249179207875E-02));
#6206 = CARTESIAN_POINT('',(-0.706700396581,2.083061862346E-02));
#6207 = CARTESIAN_POINT('',(-0.615149799654,2.793589056265E-16));
#6208 = CARTESIAN_POINT('',(-0.523598775598,3.138004145394E-16));
#6209 = ( GEOMETRIC_REPRESENTATION_CONTEXT(2) 
PARAMETRIC_REPRESENTATION_CONTEXT() REPRESENTATION_CONTEXT('2D SPACE',''
  ) );
#6210 = PCURVE('',#6175,#6211);
#6211 = DEFINITIONAL_REPRESENTATION('',(#6212),#6216);
#6212 = HYPERBOLA('',#6213,2.071067811865,5.);
#6213 = AXIS2_PLACEMENT_2D('',#6214,#6215);
#6214 = CARTESIAN_POINT('',(2.886751345948,-7.271067811865));
#6215 = DIRECTION('',(0.,1.));
#6216 = ( GEOMETRIC_REPRESENTATION_CONTEXT(2) 
PARAMETRIC_REPRESENTATION_CONTEXT() REPRESENTATION_CONTEXT('2D SPACE',''
  ) );
#6217 = ORIENTED_EDGE('',*,*,#5284,.T.);
#6218 = ORIENTED_EDGE('',*,*,#6219,.T.);
#6219 = EDGE_CURVE('',#5256,#6191,#6220,.T.);
#6220 = SURFACE_CURVE('',#6221,(#6226,#6237),.PCURVE_S1.);
#6221 = HYPERBOLA('',#6222,2.071067811865,5.);
#6222 = AXIS2_PLACEMENT_3D('',#6223,#6224,#6225);
#6223 = CARTESIAN_POINT('',(7.7E-16,5.,7.271067811865));
#6224 = DIRECTION('',(-1.5E-16,-1.,-0.));
#6225 = DIRECTION('',(0.,0.,-1.));
#6226 = PCURVE('',#5299,#6227);
#6227 = DEFINITIONAL_REPRESENTATION('',(#6228),#6236);
#6228 = B_SPLINE_CURVE_WITH_KNOTS('',6,(#6229,#6230,#6231,#6232,#6233,
    #6234,#6235),.UNSPECIFIED.,.F.,.F.,(7,7),(-9.E-17,0.549306144334),
  .PIECEWISE_BEZIER_KNOTS.);
#6229 = CARTESIAN_POINT('',(-1.570796326795,3.138004145394E-16));
#6230 = CARTESIAN_POINT('',(-1.479245302739,2.946662429211E-16));
#6231 = CARTESIAN_POINT('',(-1.387694705812,2.083061862346E-02));
#6232 = CARTESIAN_POINT('',(-1.297522360897,6.249179207875E-02));
#6233 = CARTESIAN_POINT('',(-1.21012354038,0.1255075132));
#6234 = CARTESIAN_POINT('',(-1.126483063771,0.210924856822));
#6235 = CARTESIAN_POINT('',(-1.047197551197,0.320395305516));
#6236 = ( GEOMETRIC_REPRESENTATION_CONTEXT(2) 
PARAMETRIC_REPRESENTATION_CONTEXT() REPRESENTATION_CONTEXT('2D SPACE',''
  ) );
#6237 = PCURVE('',#6238,#6243);
#6238 = PLANE('',#6239);
#6239 = AXIS2_PLACEMENT_3D('',#6240,#6241,#6242);
#6240 = CARTESIAN_POINT('',(2.886751345948,5.,0.));
#6241 = DIRECTION('',(-1.5E-16,-1.,0.));
#6242 = DIRECTION('',(-1.,1.5E-16,0.));
#6243 = DEFINITIONAL_REPRESENTATION('',(#6244),#6248);
#6244 = HYPERBOLA('',#6245,2.071067811865,5.);
#6245 = AXIS2_PLACEMENT_2D('',#6246,#6247);
#6246 = CARTESIAN_POINT('',(2.886751345948,-7.271067811865));
#6247 = DIRECTION('',(0.,1.));
#6248 = ( GEOMETRIC_REPRESENTATION_CONTEXT(2) 
PARAMETRIC_REPRESENTATION_CONTEXT() REPRESENTATION_CONTEXT('2D SPACE',''
  ) );
#6249 = ADVANCED_FACE('',(#6250),#5272,.T.);
#6250 = FACE_BOUND('',#6251,.F.);
#6251 = EDGE_LOOP('',(#6252,#6280,#6281));
#6252 = ORIENTED_EDGE('',*,*,#6253,.T.);
#6253 = EDGE_CURVE('',#6254,#5256,#6256,.T.);
#6254 = VERTEX_POINT('',#6255);
#6255 = CARTESIAN_POINT('',(-2.886751345948,5.,4.879604694484));
#6256 = SURFACE_CURVE('',#6257,(#6262,#6273),.PCURVE_S1.);
#6257 = HYPERBOLA('',#6258,2.071067811865,5.);
#6258 = AXIS2_PLACEMENT_3D('',#6259,#6260,#6261);
#6259 = CARTESIAN_POINT('',(7.7E-16,5.,7.271067811865));
#6260 = DIRECTION('',(-1.5E-16,-1.,-0.));
#6261 = DIRECTION('',(0.,0.,-1.));
#6262 = PCURVE('',#5272,#6263);
#6263 = DEFINITIONAL_REPRESENTATION('',(#6264),#6272);
#6264 = B_SPLINE_CURVE_WITH_KNOTS('',6,(#6265,#6266,#6267,#6268,#6269,
    #6270,#6271),.UNSPECIFIED.,.F.,.F.,(7,7),(-0.549306144334,-9.E-17),
  .PIECEWISE_BEZIER_KNOTS.);
#6265 = CARTESIAN_POINT('',(-2.094395102393,0.320395305516));
#6266 = CARTESIAN_POINT('',(-2.015109589819,0.210924856822));
#6267 = CARTESIAN_POINT('',(-1.93146911321,0.1255075132));
#6268 = CARTESIAN_POINT('',(-1.844070292693,6.249179207876E-02));
#6269 = CARTESIAN_POINT('',(-1.753897947778,2.083061862346E-02));
#6270 = CARTESIAN_POINT('',(-1.662347350851,3.329345861576E-16));
#6271 = CARTESIAN_POINT('',(-1.570796326795,3.138004145394E-16));
#6272 = ( GEOMETRIC_REPRESENTATION_CONTEXT(2) 
PARAMETRIC_REPRESENTATION_CONTEXT() REPRESENTATION_CONTEXT('2D SPACE',''
  ) );
#6273 = PCURVE('',#6238,#6274);
#6274 = DEFINITIONAL_REPRESENTATION('',(#6275),#6279);
#6275 = HYPERBOLA('',#6276,2.071067811865,5.);
#6276 = AXIS2_PLACEMENT_2D('',#6277,#6278);
#6277 = CARTESIAN_POINT('',(2.886751345948,-7.271067811865));
#6278 = DIRECTION('',(0.,1.));
#6279 = ( GEOMETRIC_REPRESENTATION_CONTEXT(2) 
PARAMETRIC_REPRESENTATION_CONTEXT() REPRESENTATION_CONTEXT('2D SPACE',''
  ) );
#6280 = ORIENTED_EDGE('',*,*,#5255,.T.);
#6281 = ORIENTED_EDGE('',*,*,#6282,.T.);
#6282 = EDGE_CURVE('',#5227,#6254,#6283,.T.);
#6283 = SURFACE_CURVE('',#6284,(#6289,#6300),.PCURVE_S1.);
#6284 = HYPERBOLA('',#6285,2.071067811865,5.);
#6285 = AXIS2_PLACEMENT_3D('',#6286,#6287,#6288);
#6286 = CARTESIAN_POINT('',(-4.330127018922,2.5,7.271067811865));
#6287 = DIRECTION('',(0.866025403784,-0.5,0.));
#6288 = DIRECTION('',(0.,0.,-1.));
#6289 = PCURVE('',#5272,#6290);
#6290 = DEFINITIONAL_REPRESENTATION('',(#6291),#6299);
#6291 = B_SPLINE_CURVE_WITH_KNOTS('',6,(#6292,#6293,#6294,#6295,#6296,
    #6297,#6298),.UNSPECIFIED.,.F.,.F.,(7,7),(-8.E-17,0.549306144334),
  .PIECEWISE_BEZIER_KNOTS.);
#6292 = CARTESIAN_POINT('',(-2.617993877991,3.138004145394E-16));
#6293 = CARTESIAN_POINT('',(-2.526442853936,2.984930772448E-16));
#6294 = CARTESIAN_POINT('',(-2.434892257009,2.083061862346E-02));
#6295 = CARTESIAN_POINT('',(-2.344719912093,6.249179207876E-02));
#6296 = CARTESIAN_POINT('',(-2.257321091577,0.1255075132));
#6297 = CARTESIAN_POINT('',(-2.173680614968,0.210924856822));
#6298 = CARTESIAN_POINT('',(-2.094395102393,0.320395305516));
#6299 = ( GEOMETRIC_REPRESENTATION_CONTEXT(2) 
PARAMETRIC_REPRESENTATION_CONTEXT() REPRESENTATION_CONTEXT('2D SPACE',''
  ) );
#6300 = PCURVE('',#6301,#6306);
#6301 = PLANE('',#6302);
#6302 = AXIS2_PLACEMENT_3D('',#6303,#6304,#6305);
#6303 = CARTESIAN_POINT('',(-2.886751345948,5.,0.));
#6304 = DIRECTION('',(0.866025403784,-0.5,0.));
#6305 = DIRECTION('',(-0.5,-0.866025403784,0.));
#6306 = DEFINITIONAL_REPRESENTATION('',(#6307),#6311);
#6307 = HYPERBOLA('',#6308,2.071067811865,5.);
#6308 = AXIS2_PLACEMENT_2D('',#6309,#6310);
#6309 = CARTESIAN_POINT('',(2.886751345948,-7.271067811865));
#6310 = DIRECTION('',(-0.,1.));
#6311 = ( GEOMETRIC_REPRESENTATION_CONTEXT(2) 
PARAMETRIC_REPRESENTATION_CONTEXT() REPRESENTATION_CONTEXT('2D SPACE',''
  ) );
#6312 = ADVANCED_FACE('',(#6313),#5243,.T.);
#6313 = FACE_BOUND('',#6314,.F.);
#6314 = EDGE_LOOP('',(#6315,#6343,#6344));
#6315 = ORIENTED_EDGE('',*,*,#6316,.T.);
#6316 = EDGE_CURVE('',#6317,#5227,#6319,.T.);
#6317 = VERTEX_POINT('',#6318);
#6318 = CARTESIAN_POINT('',(-5.773502691896,-7.8E-14,4.879604694484));
#6319 = SURFACE_CURVE('',#6320,(#6325,#6336),.PCURVE_S1.);
#6320 = HYPERBOLA('',#6321,2.071067811865,5.);
#6321 = AXIS2_PLACEMENT_3D('',#6322,#6323,#6324);
#6322 = CARTESIAN_POINT('',(-4.330127018922,2.5,7.271067811865));
#6323 = DIRECTION('',(0.866025403784,-0.5,0.));
#6324 = DIRECTION('',(0.,0.,-1.));
#6325 = PCURVE('',#5243,#6326);
#6326 = DEFINITIONAL_REPRESENTATION('',(#6327),#6335);
#6327 = B_SPLINE_CURVE_WITH_KNOTS('',6,(#6328,#6329,#6330,#6331,#6332,
    #6333,#6334),.UNSPECIFIED.,.F.,.F.,(7,7),(-0.549306144334,-8.E-17),
  .PIECEWISE_BEZIER_KNOTS.);
#6328 = CARTESIAN_POINT('',(-3.14159265359,0.320395305516));
#6329 = CARTESIAN_POINT('',(-3.062307141015,0.210924856822));
#6330 = CARTESIAN_POINT('',(-2.978666664406,0.1255075132));
#6331 = CARTESIAN_POINT('',(-2.891267843889,6.249179207875E-02));
#6332 = CARTESIAN_POINT('',(-2.801095498974,2.083061862346E-02));
#6333 = CARTESIAN_POINT('',(-2.709544902047,3.29107751834E-16));
#6334 = CARTESIAN_POINT('',(-2.617993877991,3.138004145394E-16));
#6335 = ( GEOMETRIC_REPRESENTATION_CONTEXT(2) 
PARAMETRIC_REPRESENTATION_CONTEXT() REPRESENTATION_CONTEXT('2D SPACE',''
  ) );
#6336 = PCURVE('',#6301,#6337);
#6337 = DEFINITIONAL_REPRESENTATION('',(#6338),#6342);
#6338 = HYPERBOLA('',#6339,2.071067811865,5.);
#6339 = AXIS2_PLACEMENT_2D('',#6340,#6341);
#6340 = CARTESIAN_POINT('',(2.886751345948,-7.271067811865));
#6341 = DIRECTION('',(-0.,1.));
#6342 = ( GEOMETRIC_REPRESENTATION_CONTEXT(2) 
PARAMETRIC_REPRESENTATION_CONTEXT() REPRESENTATION_CONTEXT('2D SPACE',''
  ) );
#6343 = ORIENTED_EDGE('',*,*,#5226,.T.);
#6344 = ORIENTED_EDGE('',*,*,#6345,.T.);
#6345 = EDGE_CURVE('',#5198,#6317,#6346,.T.);
#6346 = SURFACE_CURVE('',#6347,(#6352,#6363),.PCURVE_S1.);
#6347 = HYPERBOLA('',#6348,2.071067811865,5.);
#6348 = AXIS2_PLACEMENT_3D('',#6349,#6350,#6351);
#6349 = CARTESIAN_POINT('',(-4.330127018922,-2.5,7.271067811865));
#6350 = DIRECTION('',(0.866025403784,0.5,0.));
#6351 = DIRECTION('',(0.,0.,-1.));
#6352 = PCURVE('',#5243,#6353);
#6353 = DEFINITIONAL_REPRESENTATION('',(#6354),#6362);
#6354 = B_SPLINE_CURVE_WITH_KNOTS('',6,(#6355,#6356,#6357,#6358,#6359,
    #6360,#6361),.UNSPECIFIED.,.F.,.F.,(7,7),(-8.E-17,0.549306144334),
  .PIECEWISE_BEZIER_KNOTS.);
#6355 = CARTESIAN_POINT('',(-3.665191429188,3.138004145394E-16));
#6356 = CARTESIAN_POINT('',(-3.573640405132,3.597224264232E-16));
#6357 = CARTESIAN_POINT('',(-3.482089808206,2.083061862346E-02));
#6358 = CARTESIAN_POINT('',(-3.39191746329,6.249179207875E-02));
#6359 = CARTESIAN_POINT('',(-3.304518642773,0.1255075132));
#6360 = CARTESIAN_POINT('',(-3.220878166164,0.210924856822));
#6361 = CARTESIAN_POINT('',(-3.14159265359,0.320395305516));
#6362 = ( GEOMETRIC_REPRESENTATION_CONTEXT(2) 
PARAMETRIC_REPRESENTATION_CONTEXT() REPRESENTATION_CONTEXT('2D SPACE',''
  ) );
#6363 = PCURVE('',#6364,#6369);
#6364 = PLANE('',#6365);
#6365 = AXIS2_PLACEMENT_3D('',#6366,#6367,#6368);
#6366 = CARTESIAN_POINT('',(-5.773502691896,1.95E-15,0.));
#6367 = DIRECTION('',(0.866025403784,0.5,0.));
#6368 = DIRECTION('',(0.5,-0.866025403784,0.));
#6369 = DEFINITIONAL_REPRESENTATION('',(#6370),#6374);
#6370 = HYPERBOLA('',#6371,2.071067811865,5.);
#6371 = AXIS2_PLACEMENT_2D('',#6372,#6373);
#6372 = CARTESIAN_POINT('',(2.886751345948,-7.271067811865));
#6373 = DIRECTION('',(0.,1.));
#6374 = ( GEOMETRIC_REPRESENTATION_CONTEXT(2) 
PARAMETRIC_REPRESENTATION_CONTEXT() REPRESENTATION_CONTEXT('2D SPACE',''
  ) );
#6375 = ADVANCED_FACE('',(#6376),#5214,.T.);
#6376 = FACE_BOUND('',#6377,.F.);
#6377 = EDGE_LOOP('',(#6378,#6379,#6412));
#6378 = ORIENTED_EDGE('',*,*,#5197,.T.);
#6379 = ORIENTED_EDGE('',*,*,#6380,.T.);
#6380 = EDGE_CURVE('',#5169,#6381,#6383,.T.);
#6381 = VERTEX_POINT('',#6382);
#6382 = CARTESIAN_POINT('',(-2.886751345948,-5.,4.879604694484));
#6383 = SURFACE_CURVE('',#6384,(#6389,#6400),.PCURVE_S1.);
#6384 = HYPERBOLA('',#6385,2.071067811865,5.);
#6385 = AXIS2_PLACEMENT_3D('',#6386,#6387,#6388);
#6386 = CARTESIAN_POINT('',(-2.31E-15,-5.,7.271067811865));
#6387 = DIRECTION('',(4.6E-16,1.,0.));
#6388 = DIRECTION('',(0.,0.,-1.));
#6389 = PCURVE('',#5214,#6390);
#6390 = DEFINITIONAL_REPRESENTATION('',(#6391),#6399);
#6391 = B_SPLINE_CURVE_WITH_KNOTS('',6,(#6392,#6393,#6394,#6395,#6396,
    #6397,#6398),.UNSPECIFIED.,.F.,.F.,(7,7),(-2.8E-16,0.549306144334),
  .PIECEWISE_BEZIER_KNOTS.);
#6392 = CARTESIAN_POINT('',(-4.712388980385,3.138004145394E-16));
#6393 = CARTESIAN_POINT('',(-4.620837956329,2.602247340083E-16));
#6394 = CARTESIAN_POINT('',(-4.529287359402,2.083061862346E-02));
#6395 = CARTESIAN_POINT('',(-4.439115014486,6.249179207875E-02));
#6396 = CARTESIAN_POINT('',(-4.35171619397,0.1255075132));
#6397 = CARTESIAN_POINT('',(-4.268075717361,0.210924856822));
#6398 = CARTESIAN_POINT('',(-4.188790204786,0.320395305516));
#6399 = ( GEOMETRIC_REPRESENTATION_CONTEXT(2) 
PARAMETRIC_REPRESENTATION_CONTEXT() REPRESENTATION_CONTEXT('2D SPACE',''
  ) );
#6400 = PCURVE('',#6401,#6406);
#6401 = PLANE('',#6402);
#6402 = AXIS2_PLACEMENT_3D('',#6403,#6404,#6405);
#6403 = CARTESIAN_POINT('',(-2.886751345948,-5.,0.));
#6404 = DIRECTION('',(4.6E-16,1.,0.));
#6405 = DIRECTION('',(1.,-4.6E-16,0.));
#6406 = DEFINITIONAL_REPRESENTATION('',(#6407),#6411);
#6407 = HYPERBOLA('',#6408,2.071067811865,5.);
#6408 = AXIS2_PLACEMENT_2D('',#6409,#6410);
#6409 = CARTESIAN_POINT('',(2.886751345948,-7.271067811865));
#6410 = DIRECTION('',(0.,1.));
#6411 = ( GEOMETRIC_REPRESENTATION_CONTEXT(2) 
PARAMETRIC_REPRESENTATION_CONTEXT() REPRESENTATION_CONTEXT('2D SPACE',''
  ) );
#6412 = ORIENTED_EDGE('',*,*,#6413,.T.);
#6413 = EDGE_CURVE('',#6381,#5198,#6414,.T.);
#6414 = SURFACE_CURVE('',#6415,(#6420,#6431),.PCURVE_S1.);
#6415 = HYPERBOLA('',#6416,2.071067811865,5.);
#6416 = AXIS2_PLACEMENT_3D('',#6417,#6418,#6419);
#6417 = CARTESIAN_POINT('',(-4.330127018922,-2.5,7.271067811865));
#6418 = DIRECTION('',(0.866025403784,0.5,0.));
#6419 = DIRECTION('',(0.,0.,-1.));
#6420 = PCURVE('',#5214,#6421);
#6421 = DEFINITIONAL_REPRESENTATION('',(#6422),#6430);
#6422 = B_SPLINE_CURVE_WITH_KNOTS('',6,(#6423,#6424,#6425,#6426,#6427,
    #6428,#6429),.UNSPECIFIED.,.F.,.F.,(7,7),(-0.549306144334,-8.E-17),
  .PIECEWISE_BEZIER_KNOTS.);
#6423 = CARTESIAN_POINT('',(-4.188790204786,0.320395305516));
#6424 = CARTESIAN_POINT('',(-4.109504692212,0.210924856822));
#6425 = CARTESIAN_POINT('',(-4.025864215603,0.1255075132));
#6426 = CARTESIAN_POINT('',(-3.938465395086,6.249179207875E-02));
#6427 = CARTESIAN_POINT('',(-3.848293050171,2.083061862346E-02));
#6428 = CARTESIAN_POINT('',(-3.756742453244,2.717052369792E-16));
#6429 = CARTESIAN_POINT('',(-3.665191429188,3.138004145394E-16));
#6430 = ( GEOMETRIC_REPRESENTATION_CONTEXT(2) 
PARAMETRIC_REPRESENTATION_CONTEXT() REPRESENTATION_CONTEXT('2D SPACE',''
  ) );
#6431 = PCURVE('',#6364,#6432);
#6432 = DEFINITIONAL_REPRESENTATION('',(#6433),#6437);
#6433 = HYPERBOLA('',#6434,2.071067811865,5.);
#6434 = AXIS2_PLACEMENT_2D('',#6435,#6436);
#6435 = CARTESIAN_POINT('',(2.886751345948,-7.271067811865));
#6436 = DIRECTION('',(0.,1.));
#6437 = ( GEOMETRIC_REPRESENTATION_CONTEXT(2) 
PARAMETRIC_REPRESENTATION_CONTEXT() REPRESENTATION_CONTEXT('2D SPACE',''
  ) );
#6438 = ADVANCED_FACE('',(#6439),#5185,.T.);
#6439 = FACE_BOUND('',#6440,.F.);
#6440 = EDGE_LOOP('',(#6441,#6442,#6475));
#6441 = ORIENTED_EDGE('',*,*,#5168,.T.);
#6442 = ORIENTED_EDGE('',*,*,#6443,.T.);
#6443 = EDGE_CURVE('',#5140,#6444,#6446,.T.);
#6444 = VERTEX_POINT('',#6445);
#6445 = CARTESIAN_POINT('',(2.886751345948,-5.,4.879604694484));
#6446 = SURFACE_CURVE('',#6447,(#6452,#6463),.PCURVE_S1.);
#6447 = HYPERBOLA('',#6448,2.071067811865,5.);
#6448 = AXIS2_PLACEMENT_3D('',#6449,#6450,#6451);
#6449 = CARTESIAN_POINT('',(4.330127018922,-2.5,7.271067811865));
#6450 = DIRECTION('',(-0.866025403784,0.5,0.));
#6451 = DIRECTION('',(0.,0.,-1.));
#6452 = PCURVE('',#5185,#6453);
#6453 = DEFINITIONAL_REPRESENTATION('',(#6454),#6462);
#6454 = B_SPLINE_CURVE_WITH_KNOTS('',6,(#6455,#6456,#6457,#6458,#6459,
    #6460,#6461),.UNSPECIFIED.,.F.,.F.,(7,7),(1.7E-16,0.549306144334),
  .PIECEWISE_BEZIER_KNOTS.);
#6455 = CARTESIAN_POINT('',(-5.759586531581,3.138004145394E-16));
#6456 = CARTESIAN_POINT('',(-5.668035507526,3.444150891286E-16));
#6457 = CARTESIAN_POINT('',(-5.576484910599,2.083061862346E-02));
#6458 = CARTESIAN_POINT('',(-5.486312565683,6.249179207875E-02));
#6459 = CARTESIAN_POINT('',(-5.398913745167,0.1255075132));
#6460 = CARTESIAN_POINT('',(-5.315273268558,0.210924856822));
#6461 = CARTESIAN_POINT('',(-5.235987755983,0.320395305516));
#6462 = ( GEOMETRIC_REPRESENTATION_CONTEXT(2) 
PARAMETRIC_REPRESENTATION_CONTEXT() REPRESENTATION_CONTEXT('2D SPACE',''
  ) );
#6463 = PCURVE('',#6464,#6469);
#6464 = PLANE('',#6465);
#6465 = AXIS2_PLACEMENT_3D('',#6466,#6467,#6468);
#6466 = CARTESIAN_POINT('',(2.886751345948,-5.,0.));
#6467 = DIRECTION('',(-0.866025403784,0.5,0.));
#6468 = DIRECTION('',(0.5,0.866025403784,0.));
#6469 = DEFINITIONAL_REPRESENTATION('',(#6470),#6474);
#6470 = HYPERBOLA('',#6471,2.071067811865,5.);
#6471 = AXIS2_PLACEMENT_2D('',#6472,#6473);
#6472 = CARTESIAN_POINT('',(2.886751345948,-7.271067811865));
#6473 = DIRECTION('',(0.,1.));
#6474 = ( GEOMETRIC_REPRESENTATION_CONTEXT(2) 
PARAMETRIC_REPRESENTATION_CONTEXT() REPRESENTATION_CONTEXT('2D SPACE',''
  ) );
#6475 = ORIENTED_EDGE('',*,*,#6476,.T.);
#6476 = EDGE_CURVE('',#6444,#5169,#6477,.T.);
#6477 = SURFACE_CURVE('',#6478,(#6483,#6494),.PCURVE_S1.);
#6478 = HYPERBOLA('',#6479,2.071067811865,5.);
#6479 = AXIS2_PLACEMENT_3D('',#6480,#6481,#6482);
#6480 = CARTESIAN_POINT('',(-2.31E-15,-5.,7.271067811865));
#6481 = DIRECTION('',(4.6E-16,1.,0.));
#6482 = DIRECTION('',(0.,0.,-1.));
#6483 = PCURVE('',#5185,#6484);
#6484 = DEFINITIONAL_REPRESENTATION('',(#6485),#6493);
#6485 = B_SPLINE_CURVE_WITH_KNOTS('',6,(#6486,#6487,#6488,#6489,#6490,
    #6491,#6492),.UNSPECIFIED.,.F.,.F.,(7,7),(-0.549306144334,-2.8E-16),
  .PIECEWISE_BEZIER_KNOTS.);
#6486 = CARTESIAN_POINT('',(-5.235987755983,0.320395305516));
#6487 = CARTESIAN_POINT('',(-5.156702243408,0.210924856822));
#6488 = CARTESIAN_POINT('',(-5.073061766799,0.1255075132));
#6489 = CARTESIAN_POINT('',(-4.985662946283,6.249179207875E-02));
#6490 = CARTESIAN_POINT('',(-4.895490601367,2.083061862346E-02));
#6491 = CARTESIAN_POINT('',(-4.80394000444,3.673760950705E-16));
#6492 = CARTESIAN_POINT('',(-4.712388980385,3.138004145394E-16));
#6493 = ( GEOMETRIC_REPRESENTATION_CONTEXT(2) 
PARAMETRIC_REPRESENTATION_CONTEXT() REPRESENTATION_CONTEXT('2D SPACE',''
  ) );
#6494 = PCURVE('',#6401,#6495);
#6495 = DEFINITIONAL_REPRESENTATION('',(#6496),#6500);
#6496 = HYPERBOLA('',#6497,2.071067811865,5.);
#6497 = AXIS2_PLACEMENT_2D('',#6498,#6499);
#6498 = CARTESIAN_POINT('',(2.886751345948,-7.271067811865));
#6499 = DIRECTION('',(0.,1.));
#6500 = ( GEOMETRIC_REPRESENTATION_CONTEXT(2) 
PARAMETRIC_REPRESENTATION_CONTEXT() REPRESENTATION_CONTEXT('2D SPACE',''
  ) );
#6501 = ADVANCED_FACE('',(#6502),#5156,.T.);
#6502 = FACE_BOUND('',#6503,.F.);
#6503 = EDGE_LOOP('',(#6504,#6505,#6506));
#6504 = ORIENTED_EDGE('',*,*,#5139,.T.);
#6505 = ORIENTED_EDGE('',*,*,#6132,.T.);
#6506 = ORIENTED_EDGE('',*,*,#6507,.T.);
#6507 = EDGE_CURVE('',#6133,#5140,#6508,.T.);
#6508 = SURFACE_CURVE('',#6509,(#6514,#6525),.PCURVE_S1.);
#6509 = HYPERBOLA('',#6510,2.071067811865,5.);
#6510 = AXIS2_PLACEMENT_3D('',#6511,#6512,#6513);
#6511 = CARTESIAN_POINT('',(4.330127018922,-2.5,7.271067811865));
#6512 = DIRECTION('',(-0.866025403784,0.5,0.));
#6513 = DIRECTION('',(0.,0.,-1.));
#6514 = PCURVE('',#5156,#6515);
#6515 = DEFINITIONAL_REPRESENTATION('',(#6516),#6524);
#6516 = B_SPLINE_CURVE_WITH_KNOTS('',6,(#6517,#6518,#6519,#6520,#6521,
    #6522,#6523),.UNSPECIFIED.,.F.,.F.,(7,7),(-0.549306144334,1.7E-16),
  .PIECEWISE_BEZIER_KNOTS.);
#6517 = CARTESIAN_POINT('',(-6.28318530718,0.320395305516));
#6518 = CARTESIAN_POINT('',(-6.203899794605,0.210924856822));
#6519 = CARTESIAN_POINT('',(-6.120259317996,0.1255075132));
#6520 = CARTESIAN_POINT('',(-6.032860497479,6.249179207875E-02));
#6521 = CARTESIAN_POINT('',(-5.942688152564,2.083061862346E-02));
#6522 = CARTESIAN_POINT('',(-5.851137555637,2.870125742738E-16));
#6523 = CARTESIAN_POINT('',(-5.759586531581,3.138004145394E-16));
#6524 = ( GEOMETRIC_REPRESENTATION_CONTEXT(2) 
PARAMETRIC_REPRESENTATION_CONTEXT() REPRESENTATION_CONTEXT('2D SPACE',''
  ) );
#6525 = PCURVE('',#6464,#6526);
#6526 = DEFINITIONAL_REPRESENTATION('',(#6527),#6531);
#6527 = HYPERBOLA('',#6528,2.071067811865,5.);
#6528 = AXIS2_PLACEMENT_2D('',#6529,#6530);
#6529 = CARTESIAN_POINT('',(2.886751345948,-7.271067811865));
#6530 = DIRECTION('',(0.,1.));
#6531 = ( GEOMETRIC_REPRESENTATION_CONTEXT(2) 
PARAMETRIC_REPRESENTATION_CONTEXT() REPRESENTATION_CONTEXT('2D SPACE',''
  ) );
#6532 = ADVANCED_FACE('',(#6533),#5332,.F.);
#6533 = FACE_BOUND('',#6534,.F.);
#6534 = EDGE_LOOP('',(#6535,#6565,#6818,#6819));
#6535 = ORIENTED_EDGE('',*,*,#6536,.F.);
#6536 = EDGE_CURVE('',#6537,#6539,#6541,.T.);
#6537 = VERTEX_POINT('',#6538);
#6538 = CARTESIAN_POINT('',(2.598734122635,1.00074516E-07,1.874996577729
    ));
#6539 = VERTEX_POINT('',#6540);
#6540 = CARTESIAN_POINT('',(2.598734122635,1.50112996E-07,2.124988539247
    ));
#6541 = SURFACE_CURVE('',#6542,(#6546,#6553),.PCURVE_S1.);
#6542 = LINE('',#6543,#6544);
#6543 = CARTESIAN_POINT('',(2.598734122635,0.,0.248527130307));
#6544 = VECTOR('',#6545,1.);
#6545 = DIRECTION('',(0.,0.,1.));
#6546 = PCURVE('',#5332,#6547);
#6547 = DEFINITIONAL_REPRESENTATION('',(#6548),#6552);
#6548 = LINE('',#6549,#6550);
#6549 = CARTESIAN_POINT('',(0.,0.));
#6550 = VECTOR('',#6551,1.);
#6551 = DIRECTION('',(0.,1.));
#6552 = ( GEOMETRIC_REPRESENTATION_CONTEXT(2) 
PARAMETRIC_REPRESENTATION_CONTEXT() REPRESENTATION_CONTEXT('2D SPACE',''
  ) );
#6553 = PCURVE('',#6554,#6559);
#6554 = CYLINDRICAL_SURFACE('',#6555,2.598734122635);
#6555 = AXIS2_PLACEMENT_3D('',#6556,#6557,#6558);
#6556 = CARTESIAN_POINT('',(0.,0.,0.248527130307));
#6557 = DIRECTION('',(0.,0.,1.));
#6558 = DIRECTION('',(1.,0.,-0.));
#6559 = DEFINITIONAL_REPRESENTATION('',(#6560),#6564);
#6560 = LINE('',#6561,#6562);
#6561 = CARTESIAN_POINT('',(6.28318530718,0.));
#6562 = VECTOR('',#6563,1.);
#6563 = DIRECTION('',(0.,1.));
#6564 = ( GEOMETRIC_REPRESENTATION_CONTEXT(2) 
PARAMETRIC_REPRESENTATION_CONTEXT() REPRESENTATION_CONTEXT('2D SPACE',''
  ) );
#6565 = ORIENTED_EDGE('',*,*,#6566,.T.);
#6566 = EDGE_CURVE('',#6537,#5315,#6567,.T.);
#6567 = SURFACE_CURVE('',#6568,(#6641,#6717),.PCURVE_S1.);
#6568 = B_SPLINE_CURVE_WITH_KNOTS('',6,(#6569,#6570,#6571,#6572,#6573,
    #6574,#6575,#6576,#6577,#6578,#6579,#6580,#6581,#6582,#6583,#6584,
    #6585,#6586,#6587,#6588,#6589,#6590,#6591,#6592,#6593,#6594,#6595,
    #6596,#6597,#6598,#6599,#6600,#6601,#6602,#6603,#6604,#6605,#6606,
    #6607,#6608,#6609,#6610,#6611,#6612,#6613,#6614,#6615,#6616,#6617,
    #6618,#6619,#6620,#6621,#6622,#6623,#6624,#6625,#6626,#6627,#6628,
    #6629,#6630,#6631,#6632,#6633,#6634,#6635,#6636,#6637,#6638,#6639,
    #6640),.UNSPECIFIED.,.F.,.F.,(7,5,5,5,5,5,5,5,5,5,5,5,5,5,7),(0.,
    3.488441536222E-02,0.108410302129,0.195980983207,0.284858305688,
    0.3836881909,0.39944260576,0.502302219914,0.54030408925,
    0.617305387305,0.718336418899,0.805081387818,0.89608877563,
    0.967312030597,1.),.UNSPECIFIED.);
#6569 = CARTESIAN_POINT('',(2.598734122635,2.0014905866E-07,
    1.874996577729));
#6570 = CARTESIAN_POINT('',(2.598734122635,9.493023641772E-02,
    1.880809999622));
#6571 = CARTESIAN_POINT('',(2.594572818174,0.189860401736,1.886624026633
    ));
#6572 = CARTESIAN_POINT('',(2.586250321523,0.284561680663,1.892438190658
    ));
#6573 = CARTESIAN_POINT('',(2.573783288019,0.378806840874,1.898252208603
    ));
#6574 = CARTESIAN_POINT('',(2.557204916072,0.472370433165,1.904065982377
    ));
#6575 = CARTESIAN_POINT('',(2.493062082017,0.760324825173,1.922132959185
    ));
#6576 = CARTESIAN_POINT('',(2.431511879856,0.951618453487,1.93438657612)
  );
#6577 = CARTESIAN_POINT('',(2.352381171413,1.136787505765,1.946638396084
    ));
#6578 = CARTESIAN_POINT('',(2.256465820905,1.313845577707,1.958890984351
    ));
#6579 = CARTESIAN_POINT('',(2.144827511985,1.480934787065,1.971145524846
    ));
#6580 = CARTESIAN_POINT('',(1.868784833771,1.821496964975,1.997994460548
    ));
#6581 = CARTESIAN_POINT('',(1.698333335294,1.990143439582,2.012592603742
    ));
#6582 = CARTESIAN_POINT('',(1.509801957421,2.139425684051,2.02718837023)
  );
#6583 = CARTESIAN_POINT('',(1.305974506702,2.267032736813,2.041783593177
    ));
#6584 = CARTESIAN_POINT('',(1.08996116326,2.371116328155,2.056380946098)
  );
#6585 = CARTESIAN_POINT('',(0.637197094939,2.530987004026,2.08578725543)
  );
#6586 = CARTESIAN_POINT('',(0.400103580807,2.586059041688,2.100601317413
    ));
#6587 = CARTESIAN_POINT('',(0.157618649846,2.61437082378,2.115411789713)
  );
#6588 = CARTESIAN_POINT('',(-8.651144427884E-02,2.61539680531,
    2.130222411789));
#6589 = CARTESIAN_POINT('',(-0.328504618749,2.589208413124,
    2.145036674462));
#6590 = CARTESIAN_POINT('',(-0.82710419441,2.478234926941,2.176319557395
    ));
#6591 = CARTESIAN_POINT('',(-1.082439249552,2.387188164631,
    2.192795459628));
#6592 = CARTESIAN_POINT('',(-1.32535662869,2.264655411914,2.209266775001
    ));
#6593 = CARTESIAN_POINT('',(-1.551158267768,2.112877104692,
    2.225738206376));
#6594 = CARTESIAN_POINT('',(-1.755590137208,1.934852073146,
    2.242214435539));
#6595 = CARTESIAN_POINT('',(-1.963717546378,1.702665883252,
    2.261311265546));
#6596 = CARTESIAN_POINT('',(-1.991701416206,1.670175645219,
    2.263936911707));
#6597 = CARTESIAN_POINT('',(-2.019039286295,1.637134547023,
    2.266562543713));
#6598 = CARTESIAN_POINT('',(-2.045717659147,1.603558683287,
    2.269188160942));
#6599 = CARTESIAN_POINT('',(-2.071723573261,1.569464589302,
    2.271813762738));
#6600 = CARTESIAN_POINT('',(-2.262364063457,1.308998321197,
    2.291581637198));
#6601 = CARTESIAN_POINT('',(-2.398543236152,1.061685563274,
    2.308728753647));
#6602 = CARTESIAN_POINT('',(-2.501973503531,0.797792296879,
    2.325868848759));
#6603 = CARTESIAN_POINT('',(-2.570395513851,0.522735952222,
    2.343008924636));
#6604 = CARTESIAN_POINT('',(-2.602515388898,0.242241980173,
    2.360155956666));
#6605 = CARTESIAN_POINT('',(-2.596963868603,-0.141038632597,
    2.383631356347));
#6606 = CARTESIAN_POINT('',(-2.590528413193,-0.244370024619,
    2.389964688458));
#6607 = CARTESIAN_POINT('',(-2.579159605385,-0.347334140527,
    2.39629811338));
#6608 = CARTESIAN_POINT('',(-2.562885114294,-0.449637593672,
    2.402631621449));
#6609 = CARTESIAN_POINT('',(-2.54175587447,-0.550990132291,
    2.408965196255));
#6610 = CARTESIAN_POINT('',(-2.463346369765,-0.853961686937,
    2.428132310634));
#6611 = CARTESIAN_POINT('',(-2.391213148864,-1.051759836664,
    2.440967348003));
#6612 = CARTESIAN_POINT('',(-2.300065707047,-1.242076414016,
    2.453800963567));
#6613 = CARTESIAN_POINT('',(-2.190914656017,-1.422670666764,
    2.466634468799));
#6614 = CARTESIAN_POINT('',(-2.065079438074,-1.591468647791,
    2.479469244021));
#6615 = CARTESIAN_POINT('',(-1.73946324943,-1.950198227686,
    2.509140467261));
#6616 = CARTESIAN_POINT('',(-1.5287794425,-2.130375466947,2.525983021663
    ));
#6617 = CARTESIAN_POINT('',(-1.296018402832,-2.282888494483,
    2.54281916881));
#6618 = CARTESIAN_POINT('',(-1.045764142211,-2.404588125127,
    2.559655143072));
#6619 = CARTESIAN_POINT('',(-0.783069819218,-2.493152044451,
    2.576497367487));
#6620 = CARTESIAN_POINT('',(-0.282159851549,-2.594133006159,
    2.607791642227));
#6621 = CARTESIAN_POINT('',(-4.563631025532E-02,-2.615566745437,
    2.622250976942));
#6622 = CARTESIAN_POINT('',(0.192490175712,-2.61106001701,2.636707860239
    ));
#6623 = CARTESIAN_POINT('',(0.428703032445,-2.58059790382,2.65116483876)
  );
#6624 = CARTESIAN_POINT('',(0.659526095958,-2.524710961969,2.66562424148
    ));
#6625 = CARTESIAN_POINT('',(1.114552422956,-2.360619343958,
    2.695247892754));
#6626 = CARTESIAN_POINT('',(1.337960460545,-2.249947301588,
    2.710417447793));
#6627 = CARTESIAN_POINT('',(1.54788685569,-2.11400916392,2.725582973149)
  );
#6628 = CARTESIAN_POINT('',(1.740872242333,-1.954933609381,
    2.740748235665));
#6629 = CARTESIAN_POINT('',(1.913842316531,-1.775375684419,
    2.755917894543));
#6630 = CARTESIAN_POINT('',(2.182023231317,-1.424695802128,
    2.782955817436));
#6631 = CARTESIAN_POINT('',(2.285991364165,-1.260189757181,
    2.794827606654));
#6632 = CARTESIAN_POINT('',(2.374987102138,-1.086699411489,
    2.806698924172));
#6633 = CARTESIAN_POINT('',(2.448084261876,-0.905934832366,
    2.818570644153));
#6634 = CARTESIAN_POINT('',(2.50459465542,-0.719714677053,2.830442317083
    ));
#6635 = CARTESIAN_POINT('',(2.562260961903,-0.442888394345,
    2.847759431667));
#6636 = CARTESIAN_POINT('',(2.576824534903,-0.355059997748,
    2.853206753946));
#6637 = CARTESIAN_POINT('',(2.587772867221,-0.266670527987,
    2.858653774665));
#6638 = CARTESIAN_POINT('',(2.595080345014,-0.177905739673,
    2.864100590516));
#6639 = CARTESIAN_POINT('',(2.598734122635,-8.895270222114E-02,
    2.869547471409));
#6640 = CARTESIAN_POINT('',(2.598734122635,2.001490329E-07,
    2.874994860467));
#6641 = PCURVE('',#5332,#6642);
#6642 = DEFINITIONAL_REPRESENTATION('',(#6643),#6716);
#6643 = B_SPLINE_CURVE_WITH_KNOTS('',6,(#6644,#6645,#6646,#6647,#6648,
    #6649,#6650,#6651,#6652,#6653,#6654,#6655,#6656,#6657,#6658,#6659,
    #6660,#6661,#6662,#6663,#6664,#6665,#6666,#6667,#6668,#6669,#6670,
    #6671,#6672,#6673,#6674,#6675,#6676,#6677,#6678,#6679,#6680,#6681,
    #6682,#6683,#6684,#6685,#6686,#6687,#6688,#6689,#6690,#6691,#6692,
    #6693,#6694,#6695,#6696,#6697,#6698,#6699,#6700,#6701,#6702,#6703,
    #6704,#6705,#6706,#6707,#6708,#6709,#6710,#6711,#6712,#6713,#6714,
    #6715),.UNSPECIFIED.,.F.,.F.,(7,5,5,5,5,5,5,5,5,5,5,5,5,5,7),(0.,
    3.488441536222E-02,0.108410302129,0.195980983207,0.284858305688,
    0.3836881909,0.39944260576,0.502302219914,0.54030408925,
    0.617305387305,0.718336418899,0.805081387818,0.89608877563,
    0.967312030597,1.),.UNSPECIFIED.);
#6644 = CARTESIAN_POINT('',(0.,1.626469447422));
#6645 = CARTESIAN_POINT('',(3.652933766553E-02,1.632282869315));
#6646 = CARTESIAN_POINT('',(7.305858516076E-02,1.638096896326));
#6647 = CARTESIAN_POINT('',(0.109587776274,1.643911060351));
#6648 = CARTESIAN_POINT('',(0.146116929316,1.649725078296));
#6649 = CARTESIAN_POINT('',(0.182646047116,1.65553885207));
#6650 = CARTESIAN_POINT('',(0.296167442392,1.673605828878));
#6651 = CARTESIAN_POINT('',(0.373166333839,1.685859445813));
#6652 = CARTESIAN_POINT('',(0.450157735248,1.698111265777));
#6653 = CARTESIAN_POINT('',(0.527149195504,1.710363854044));
#6654 = CARTESIAN_POINT('',(0.604148310492,1.722618394539));
#6655 = CARTESIAN_POINT('',(0.772840386547,1.749467330241));
#6656 = CARTESIAN_POINT('',(0.864555409799,1.764065473435));
#6657 = CARTESIAN_POINT('',(0.956252161391,1.778661239923));
#6658 = CARTESIAN_POINT('',(1.047948855545,1.79325646287));
#6659 = CARTESIAN_POINT('',(1.139663730587,1.807853815791));
#6660 = CARTESIAN_POINT('',(1.324430736011,1.837260125123));
#6661 = CARTESIAN_POINT('',(1.417515048373,1.852074187106));
#6662 = CARTESIAN_POINT('',(1.510579889562,1.866884659406));
#6663 = CARTESIAN_POINT('',(1.603644763368,1.881695281482));
#6664 = CARTESIAN_POINT('',(1.696729283948,1.896509544154));
#6665 = CARTESIAN_POINT('',(1.893286525719,1.927792427088));
#6666 = CARTESIAN_POINT('',(1.996804243565,1.944268329321));
#6667 = CARTESIAN_POINT('',(2.100288832257,1.960739644694));
#6668 = CARTESIAN_POINT('',(2.203773361774,1.977211076069));
#6669 = CARTESIAN_POINT('',(2.30729093966,1.993687305232));
#6670 = CARTESIAN_POINT('',(2.427277495745,2.012784135239));
#6671 = CARTESIAN_POINT('',(2.443774683469,2.0154097814));
#6672 = CARTESIAN_POINT('',(2.460271877231,2.018035413406));
#6673 = CARTESIAN_POINT('',(2.476769074962,2.020661030635));
#6674 = CARTESIAN_POINT('',(2.493266272827,2.02328663243));
#6675 = CARTESIAN_POINT('',(2.617472628627,2.043054506891));
#6676 = CARTESIAN_POINT('',(2.725216186927,2.06020162334));
#6677 = CARTESIAN_POINT('',(2.832919507624,2.077341718452));
#6678 = CARTESIAN_POINT('',(2.940622881109,2.094481794329));
#6679 = CARTESIAN_POINT('',(3.048366563719,2.111628826359));
#6680 = CARTESIAN_POINT('',(3.195869462165,2.13510422604));
#6681 = CARTESIAN_POINT('',(3.235663143682,2.141437558151));
#6682 = CARTESIAN_POINT('',(3.275456861383,2.147770983073));
#6683 = CARTESIAN_POINT('',(3.315250572879,2.154104491142));
#6684 = CARTESIAN_POINT('',(3.355044236285,2.160438065948));
#6685 = CARTESIAN_POINT('',(3.475469550196,2.179605180327));
#6686 = CARTESIAN_POINT('',(3.556109477416,2.192440217696));
#6687 = CARTESIAN_POINT('',(3.636739762295,2.20527383326));
#6688 = CARTESIAN_POINT('',(3.717370030277,2.218107338492));
#6689 = CARTESIAN_POINT('',(3.798009913478,2.230942113714));
#6690 = CARTESIAN_POINT('',(3.984435943375,2.260613336954));
#6691 = CARTESIAN_POINT('',(4.090261709564,2.277455891355));
#6692 = CARTESIAN_POINT('',(4.196050705088,2.294292038503));
#6693 = CARTESIAN_POINT('',(4.301839729397,2.311128012765));
#6694 = CARTESIAN_POINT('',(4.40766575196,2.32797023718));
#6695 = CARTESIAN_POINT('',(4.604295036441,2.35926451192));
#6696 = CARTESIAN_POINT('',(4.695144679473,2.373723846635));
#6697 = CARTESIAN_POINT('',(4.785976938181,2.388180729932));
#6698 = CARTESIAN_POINT('',(4.876809137557,2.402637708452));
#6699 = CARTESIAN_POINT('',(4.967658658179,2.417097111173));
#6700 = CARTESIAN_POINT('',(5.153791451593,2.446720762447));
#6701 = CARTESIAN_POINT('',(5.249108330228,2.461890317486));
#6702 = CARTESIAN_POINT('',(5.34440325856,2.477055842841));
#6703 = CARTESIAN_POINT('',(5.439698272007,2.492221105358));
#6704 = CARTESIAN_POINT('',(5.535015334897,2.507390764235));
#6705 = CARTESIAN_POINT('',(5.704894905567,2.534428687129));
#6706 = CARTESIAN_POINT('',(5.779481801521,2.546300476347));
#6707 = CARTESIAN_POINT('',(5.854062115917,2.558171793864));
#6708 = CARTESIAN_POINT('',(5.928642326051,2.570043513845));
#6709 = CARTESIAN_POINT('',(6.003228986139,2.581915186776));
#6710 = CARTESIAN_POINT('',(6.112039193602,2.599232301359));
#6711 = CARTESIAN_POINT('',(6.146268318273,2.604679623639));
#6712 = CARTESIAN_POINT('',(6.18049749296,2.610126644358));
#6713 = CARTESIAN_POINT('',(6.214726715961,2.615573460209));
#6714 = CARTESIAN_POINT('',(6.24895598699,2.621020341102));
#6715 = CARTESIAN_POINT('',(6.28318530718,2.62646773016));
#6716 = ( GEOMETRIC_REPRESENTATION_CONTEXT(2) 
PARAMETRIC_REPRESENTATION_CONTEXT() REPRESENTATION_CONTEXT('2D SPACE',''
  ) );
#6717 = PCURVE('',#6718,#6743);
#6718 = B_SPLINE_SURFACE_WITH_KNOTS('',1,11,(
    (#6719,#6720,#6721,#6722,#6723,#6724,#6725,#6726,#6727,#6728,#6729
      ,#6730)
    ,(#6731,#6732,#6733,#6734,#6735,#6736,#6737,#6738,#6739,#6740,#6741
      ,#6742
    )),.UNSPECIFIED.,.F.,.F.,.F.,(2,2),(12,12),(0.,0.825),(0.,
    6.362265131567),.PIECEWISE_BEZIER_KNOTS.);
#6719 = CARTESIAN_POINT('',(2.425529224283,2.6419649994E-07,
    1.974994787614));
#6720 = CARTESIAN_POINT('',(2.425529187692,1.385547286164,2.065900613061
    ));
#6721 = CARTESIAN_POINT('',(1.555153169432,2.770275878245,2.156756082433
    ));
#6722 = CARTESIAN_POINT('',(-0.187056668652,3.550919339742,
    2.248004118028));
#6723 = CARTESIAN_POINT('',(-2.316188873316,3.105547797001,
    2.337933185713));
#6724 = CARTESIAN_POINT('',(-3.902986882549,1.288347447894,
    2.430596246899));
#6725 = CARTESIAN_POINT('',(-3.902919336399,-1.288349314414,
    2.519390722152));
#6726 = CARTESIAN_POINT('',(-2.31623321441,-3.105547025258,
    2.612053783292));
#6727 = CARTESIAN_POINT('',(-0.187036702115,-3.550920129384,
    2.701982851029));
#6728 = CARTESIAN_POINT('',(1.555150066374,-2.770275311107,
    2.793230886596));
#6729 = CARTESIAN_POINT('',(2.425529427517,-1.385546625672,
    2.884086355975));
#6730 = CARTESIAN_POINT('',(2.4255293155,3.9629471142E-07,2.974992181422
    ));
#6731 = CARTESIAN_POINT('',(3.140003191759,-5.9057E-13,1.562500000012));
#6732 = CARTESIAN_POINT('',(3.140005191337,1.793566084287,1.653409090936
    ));
#6733 = CARTESIAN_POINT('',(2.013349319116,3.58709278289,1.744318182094)
  );
#6734 = CARTESIAN_POINT('',(-0.242564911594,4.594286528835,
    1.835227271355));
#6735 = CARTESIAN_POINT('',(-2.99770316035,4.025727215722,1.926136367266
    ));
#6736 = CARTESIAN_POINT('',(-5.05341199022,1.660201172619,2.017045448803
    ));
#6737 = CARTESIAN_POINT('',(-5.052236254915,-1.660215230723,
    2.107954551508));
#6738 = CARTESIAN_POINT('',(-2.998493809616,-4.02570268518,
    2.198863632222));
#6739 = CARTESIAN_POINT('',(-0.24223246334,-4.594299448751,
    2.289772729061));
#6740 = CARTESIAN_POINT('',(2.013281818973,-3.587090270682,
    2.380681817838));
#6741 = CARTESIAN_POINT('',(3.14000278806,-1.793566084288,2.471590909095
    ));
#6742 = CARTESIAN_POINT('',(3.140004787638,-1.31177E-12,2.562500000026)
  );
#6743 = DEFINITIONAL_REPRESENTATION('',(#6744),#6817);
#6744 = B_SPLINE_CURVE_WITH_KNOTS('',6,(#6745,#6746,#6747,#6748,#6749,
    #6750,#6751,#6752,#6753,#6754,#6755,#6756,#6757,#6758,#6759,#6760,
    #6761,#6762,#6763,#6764,#6765,#6766,#6767,#6768,#6769,#6770,#6771,
    #6772,#6773,#6774,#6775,#6776,#6777,#6778,#6779,#6780,#6781,#6782,
    #6783,#6784,#6785,#6786,#6787,#6788,#6789,#6790,#6791,#6792,#6793,
    #6794,#6795,#6796,#6797,#6798,#6799,#6800,#6801,#6802,#6803,#6804,
    #6805,#6806,#6807,#6808,#6809,#6810,#6811,#6812,#6813,#6814,#6815,
    #6816),.UNSPECIFIED.,.F.,.F.,(7,5,5,5,5,5,5,5,5,5,5,5,5,5,7),(0.,
    3.488441536222E-02,0.108410302129,0.195980983207,0.284858305688,
    0.3836881909,0.39944260576,0.502302219914,0.54030408925,
    0.617305387305,0.718336418899,0.805081387818,0.89608877563,
    0.967312030597,1.),.UNSPECIFIED.);
#6745 = CARTESIAN_POINT('',(0.19999894698,0.));
#6746 = CARTESIAN_POINT('',(0.199998913233,3.6987430564E-02));
#6747 = CARTESIAN_POINT('',(0.19999765135,7.397586411679E-02));
#6748 = CARTESIAN_POINT('',(0.199996190489,0.110964919987));
#6749 = CARTESIAN_POINT('',(0.199995148859,0.147954298954));
#6750 = CARTESIAN_POINT('',(0.199994733722,0.184943783247));
#6751 = CARTESIAN_POINT('',(0.199994757566,0.299895912044));
#6752 = CARTESIAN_POINT('',(0.199996926459,0.377865305227));
#6753 = CARTESIAN_POINT('',(0.200000776226,0.455825925793));
#6754 = CARTESIAN_POINT('',(0.200003297833,0.533785815805));
#6755 = CARTESIAN_POINT('',(0.200004430194,0.61175320048));
#6756 = CARTESIAN_POINT('',(0.200004239226,0.782566713056));
#6757 = CARTESIAN_POINT('',(0.200002432369,0.875435200811));
#6758 = CARTESIAN_POINT('',(0.199999361024,0.96828583864));
#6759 = CARTESIAN_POINT('',(0.199997078228,1.061137109817));
#6760 = CARTESIAN_POINT('',(0.199996038165,1.154006980597));
#6761 = CARTESIAN_POINT('',(0.199995991483,1.341100694068));
#6762 = CARTESIAN_POINT('',(0.199997011152,1.435357119039));
#6763 = CARTESIAN_POINT('',(0.199998871353,1.529593458534));
#6764 = CARTESIAN_POINT('',(0.200000458404,1.623829328615));
#6765 = CARTESIAN_POINT('',(0.200001189252,1.718084857869));
#6766 = CARTESIAN_POINT('',(0.200001030421,1.917114736557));
#6767 = CARTESIAN_POINT('',(0.199999953315,2.021934643085));
#6768 = CARTESIAN_POINT('',(0.199997869989,2.126721265127));
#6769 = CARTESIAN_POINT('',(0.199995840011,2.231508366691));
#6770 = CARTESIAN_POINT('',(0.199994792515,2.336329251381));
#6771 = CARTESIAN_POINT('',(0.199994767201,2.457826567782));
#6772 = CARTESIAN_POINT('',(0.199994789951,2.474531475218));
#6773 = CARTESIAN_POINT('',(0.199994839282,2.491236390102));
#6774 = CARTESIAN_POINT('',(0.199994915102,2.507941309377));
#6775 = CARTESIAN_POINT('',(0.19999501687,2.524646228202));
#6776 = CARTESIAN_POINT('',(0.199995971059,2.650416490389));
#6777 = CARTESIAN_POINT('',(0.19999785596,2.759516603987));
#6778 = CARTESIAN_POINT('',(0.200000579051,2.86857564839));
#6779 = CARTESIAN_POINT('',(0.200002924632,2.977634231737));
#6780 = CARTESIAN_POINT('',(0.200003995143,3.086733408662));
#6781 = CARTESIAN_POINT('',(0.200003832372,3.236092029765));
#6782 = CARTESIAN_POINT('',(0.200003624493,3.276386355055));
#6783 = CARTESIAN_POINT('',(0.200003256529,3.316680733438));
#6784 = CARTESIAN_POINT('',(0.200002744447,3.356975133409));
#6785 = CARTESIAN_POINT('',(0.200002116297,3.397269521456));
#6786 = CARTESIAN_POINT('',(0.199999985561,3.519210280644));
#6787 = CARTESIAN_POINT('',(0.199998244218,3.600865164957));
#6788 = CARTESIAN_POINT('',(0.19999649178,3.68251050578));
#6789 = CARTESIAN_POINT('',(0.199995175497,3.764156019902));
#6790 = CARTESIAN_POINT('',(0.199994532594,3.845811327543));
#6791 = CARTESIAN_POINT('',(0.199994497605,4.034584725158));
#6792 = CARTESIAN_POINT('',(0.199995552268,4.14174289308));
#6793 = CARTESIAN_POINT('',(0.199997644657,4.24886348583));
#6794 = CARTESIAN_POINT('',(0.199999751655,4.355983523082));
#6795 = CARTESIAN_POINT('',(0.200000741098,4.463140756781));
#6796 = CARTESIAN_POINT('',(0.200000641301,4.662243587573));
#6797 = CARTESIAN_POINT('',(0.199999822745,4.754236136334));
#6798 = CARTESIAN_POINT('',(0.199998221128,4.846211315114));
#6799 = CARTESIAN_POINT('',(0.199996407915,4.938186905143));
#6800 = CARTESIAN_POINT('',(0.19999540573,5.030180382721));
#6801 = CARTESIAN_POINT('',(0.199995433236,5.218657067176));
#6802 = CARTESIAN_POINT('',(0.199996568436,5.315174305778));
#6803 = CARTESIAN_POINT('',(0.199999098767,5.41166912264));
#6804 = CARTESIAN_POINT('',(0.200002491337,5.508163243664));
#6805 = CARTESIAN_POINT('',(0.200004312281,5.604679022251));
#6806 = CARTESIAN_POINT('',(0.200004189461,5.776695052942));
#6807 = CARTESIAN_POINT('',(0.200002960767,5.852219988599));
#6808 = CARTESIAN_POINT('',(0.200000471002,5.927738571723));
#6809 = CARTESIAN_POINT('',(0.199996921465,6.003257833192));
#6810 = CARTESIAN_POINT('',(0.199995040305,6.078784677564));
#6811 = CARTESIAN_POINT('',(0.199995078115,6.188966173098));
#6812 = CARTESIAN_POINT('',(0.199995446522,6.223626628774));
#6813 = CARTESIAN_POINT('',(0.199996306303,6.258286978557));
#6814 = CARTESIAN_POINT('',(0.19999747485,6.292947030508));
#6815 = CARTESIAN_POINT('',(0.199998452085,6.327606516571));
#6816 = CARTESIAN_POINT('',(0.199998420462,6.362265092575));
#6817 = ( GEOMETRIC_REPRESENTATION_CONTEXT(2) 
PARAMETRIC_REPRESENTATION_CONTEXT() REPRESENTATION_CONTEXT('2D SPACE',''
  ) );
#6818 = ORIENTED_EDGE('',*,*,#5314,.T.);
#6819 = ORIENTED_EDGE('',*,*,#6820,.F.);
#6820 = EDGE_CURVE('',#6539,#5317,#6821,.T.);
#6821 = SURFACE_CURVE('',#6822,(#6903,#6987),.PCURVE_S1.);
#6822 = B_SPLINE_CURVE_WITH_KNOTS('',7,(#6823,#6824,#6825,#6826,#6827,
    #6828,#6829,#6830,#6831,#6832,#6833,#6834,#6835,#6836,#6837,#6838,
    #6839,#6840,#6841,#6842,#6843,#6844,#6845,#6846,#6847,#6848,#6849,
    #6850,#6851,#6852,#6853,#6854,#6855,#6856,#6857,#6858,#6859,#6860,
    #6861,#6862,#6863,#6864,#6865,#6866,#6867,#6868,#6869,#6870,#6871,
    #6872,#6873,#6874,#6875,#6876,#6877,#6878,#6879,#6880,#6881,#6882,
    #6883,#6884,#6885,#6886,#6887,#6888,#6889,#6890,#6891,#6892,#6893,
    #6894,#6895,#6896,#6897,#6898,#6899,#6900,#6901,#6902),
  .UNSPECIFIED.,.F.,.F.,(8,6,6,6,6,6,6,6,6,6,6,6,6,8),(0.,
    4.181139594779E-02,0.113771710768,0.175136280078,0.202898259769,
    0.285798322229,0.38803206497,0.504451814468,0.621281300097,
    0.719506065165,0.811109311616,0.902104118834,0.966861503012,1.),
  .UNSPECIFIED.);
#6823 = CARTESIAN_POINT('',(2.598734122635,3.0022598363E-07,
    2.124988548439));
#6824 = CARTESIAN_POINT('',(2.598734111368,9.752451720053E-02,
    2.13096066323));
#6825 = CARTESIAN_POINT('',(2.59446423236,0.195049180803,2.136932009547)
  );
#6826 = CARTESIAN_POINT('',(2.585924586329,0.292348779694,2.142903246301
    ));
#6827 = CARTESIAN_POINT('',(2.573129937005,0.389199239188,2.148874750708
    ));
#6828 = CARTESIAN_POINT('',(2.556109671484,0.485378245851,2.154846677023
    ));
#6829 = CARTESIAN_POINT('',(2.534907760582,0.580665572115,2.160819015265
    ));
#6830 = CARTESIAN_POINT('',(2.46599656497,0.836929981666,2.177070968843)
  );
#6831 = CARTESIAN_POINT('',(2.410194053425,0.99574291508,2.187351958278)
  );
#6832 = CARTESIAN_POINT('',(2.342474446862,1.150158268739,2.197633139415
    ));
#6833 = CARTESIAN_POINT('',(2.263263702012,1.299110517748,2.207913995036
    ));
#6834 = CARTESIAN_POINT('',(2.173098647875,1.441590058841,2.218194716873
    ));
#6835 = CARTESIAN_POINT('',(2.072624559317,1.576647859524,2.228475457564
    ));
#6836 = CARTESIAN_POINT('',(1.868787279594,1.811502029485,2.247521100156
    ));
#6837 = CARTESIAN_POINT('',(1.76801935585,1.913572081005,2.256287095684)
  );
#6838 = CARTESIAN_POINT('',(1.660772135676,2.00907442324,2.265052584434)
  );
#6839 = CARTESIAN_POINT('',(1.547562613584,2.097520933432,2.273817764763
    ));
#6840 = CARTESIAN_POINT('',(1.428949522847,2.17847509924,2.282583046526)
  );
#6841 = CARTESIAN_POINT('',(1.30553155768,2.251553415157,2.291348603775)
  );
#6842 = CARTESIAN_POINT('',(1.120229727857,2.345782908817,2.304079494612
    ));
#6843 = CARTESIAN_POINT('',(1.061656811957,2.373456514749,2.308045055418
    ));
#6844 = CARTESIAN_POINT('',(1.002289265495,2.399422383666,2.312010643103
    ));
#6845 = CARTESIAN_POINT('',(0.942186883248,2.423653321002,2.315976260043
    ));
#6846 = CARTESIAN_POINT('',(0.881410534412,2.446124787457,2.319941906736
    ));
#6847 = CARTESIAN_POINT('',(0.820022162594,2.466814898995,2.323907581806
    ));
#6848 = CARTESIAN_POINT('',(0.573133551775,2.542110456115,2.339715261486
    ));
#6849 = CARTESIAN_POINT('',(0.383264504277,2.582467895685,2.351558835212
    ));
#6850 = CARTESIAN_POINT('',(0.19018647301,2.606248687403,2.363401626038)
  );
#6851 = CARTESIAN_POINT('',(-4.366426522591E-03,2.613175104076,
    2.37524383087));
#6852 = CARTESIAN_POINT('',(-0.198646919408,2.603184910987,
    2.387086555142));
#6853 = CARTESIAN_POINT('',(-0.390905468896,2.57643177087,2.398930084016
    ));
#6854 = CARTESIAN_POINT('',(-0.811854484001,2.480155836389,
    2.425375850417));
#6855 = CARTESIAN_POINT('',(-1.038679363358,2.402091657188,2.43998313297
    ));
#6856 = CARTESIAN_POINT('',(-1.256559838223,2.299863417615,
    2.454587344549));
#6857 = CARTESIAN_POINT('',(-1.462454079978,2.174751093734,
    2.469189735596));
#6858 = CARTESIAN_POINT('',(-1.653558412613,2.02845839938,2.483794129868
    ));
#6859 = CARTESIAN_POINT('',(-1.827335629844,1.863095545551,
    2.498401706328));
#6860 = CARTESIAN_POINT('',(-2.157283846872,1.47420555332,2.52963643681)
  );
#6861 = CARTESIAN_POINT('',(-2.307796437358,1.245637507327,
    2.546274821843));
#6862 = CARTESIAN_POINT('',(-2.429832346264,0.999388328246,
    2.562907585601));
#6863 = CARTESIAN_POINT('',(-2.521037847244,0.739750353746,
    2.579538450428));
#6864 = CARTESIAN_POINT('',(-2.579812788421,0.471278640224,
    2.596170874478));
#6865 = CARTESIAN_POINT('',(-2.60530929533,0.198794603869,2.612808712712
    ));
#6866 = CARTESIAN_POINT('',(-2.590101150591,-0.345038825468,
    2.646127180902));
#6867 = CARTESIAN_POINT('',(-2.549156412606,-0.616622915992,
    2.662822593279));
#6868 = CARTESIAN_POINT('',(-2.474976635098,-0.882281714151,
    2.679511416806));
#6869 = CARTESIAN_POINT('',(-2.368693611387,-1.137198543439,
    2.696198123777));
#6870 = CARTESIAN_POINT('',(-2.232185149069,-1.376870225971,
    2.71288737203));
#6871 = CARTESIAN_POINT('',(-2.068075853214,-1.597102908324,
    2.729583464825));
#6872 = CARTESIAN_POINT('',(-1.721754768727,-1.959966549192,
    2.760304112396));
#6873 = CARTESIAN_POINT('',(-1.546492076897,-2.109470393129,
    2.774339093226));
#6874 = CARTESIAN_POINT('',(-1.356207241261,-2.240557614937,
    2.788372108837));
#6875 = CARTESIAN_POINT('',(-1.1532417082,-2.351474048162,2.802403728993
    ));
#6876 = CARTESIAN_POINT('',(-0.940148381696,-2.440824528366,
    2.816436545449));
#6877 = CARTESIAN_POINT('',(-0.719668166328,-2.507585746822,
    2.83047116306));
#6878 = CARTESIAN_POINT('',(-0.284999047552,-2.591880743059,
    2.857587379188));
#6879 = CARTESIAN_POINT('',(-7.130760667898E-02,-2.612445297403,
    2.870674354345));
#6880 = CARTESIAN_POINT('',(0.143942861535,-2.612423671304,2.88375929721
    ));
#6881 = CARTESIAN_POINT('',(0.358382557944,-2.591725069749,
    2.896842985384));
#6882 = CARTESIAN_POINT('',(0.569663077585,-2.550576205239,
    2.909927823575));
#6883 = CARTESIAN_POINT('',(0.77547582249,-2.489519500844,2.92301474649)
  );
#6884 = CARTESIAN_POINT('',(1.170361332603,-2.329961377888,
    2.949098347721));
#6885 = CARTESIAN_POINT('',(1.359602729774,-2.231684490586,2.96209935979
    ));
#6886 = CARTESIAN_POINT('',(1.539093010391,-2.115523712971,
    2.975099431545));
#6887 = CARTESIAN_POINT('',(1.706834003191,-1.982666303994,
    2.988099018388));
#6888 = CARTESIAN_POINT('',(1.861012932544,-1.834547995858,
    3.001099644323));
#6889 = CARTESIAN_POINT('',(2.000016379252,-1.672841979805,
    3.014101272317));
#6890 = CARTESIAN_POINT('',(2.209636419413,-1.37613238149,3.036350746634
    ));
#6891 = CARTESIAN_POINT('',(2.288429094949,-1.246853685067,
    3.045601474148));
#6892 = CARTESIAN_POINT('',(2.358371510995,-1.112349037551,
    3.054851488536));
#6893 = CARTESIAN_POINT('',(2.419055665941,-0.97334793214,3.064100902866
    ));
#6894 = CARTESIAN_POINT('',(2.470148166404,-0.83061407663,3.073350318919
    ));
#6895 = CARTESIAN_POINT('',(2.511391439447,-0.684942601361,
    3.082600197373));
#6896 = CARTESIAN_POINT('',(2.558589138917,-0.461535538977,
    3.096583365216));
#6897 = CARTESIAN_POINT('',(2.571941752542,-0.385355903764,
    3.101316836705));
#6898 = CARTESIAN_POINT('',(2.582647047686,-0.30873136001,3.106050414699
    ));
#6899 = CARTESIAN_POINT('',(2.590687646547,-0.231772252529,
    3.110784086713));
#6900 = CARTESIAN_POINT('',(2.596051947006,-0.154589526412,
    3.115517784574));
#6901 = CARTESIAN_POINT('',(2.598734122621,-7.729472702211E-02,
    3.120251384417));
#6902 = CARTESIAN_POINT('',(2.598734122635,-2.22E-15,3.124984706692));
#6903 = PCURVE('',#5332,#6904);
#6904 = DEFINITIONAL_REPRESENTATION('',(#6905),#6986);
#6905 = B_SPLINE_CURVE_WITH_KNOTS('',7,(#6906,#6907,#6908,#6909,#6910,
    #6911,#6912,#6913,#6914,#6915,#6916,#6917,#6918,#6919,#6920,#6921,
    #6922,#6923,#6924,#6925,#6926,#6927,#6928,#6929,#6930,#6931,#6932,
    #6933,#6934,#6935,#6936,#6937,#6938,#6939,#6940,#6941,#6942,#6943,
    #6944,#6945,#6946,#6947,#6948,#6949,#6950,#6951,#6952,#6953,#6954,
    #6955,#6956,#6957,#6958,#6959,#6960,#6961,#6962,#6963,#6964,#6965,
    #6966,#6967,#6968,#6969,#6970,#6971,#6972,#6973,#6974,#6975,#6976,
    #6977,#6978,#6979,#6980,#6981,#6982,#6983,#6984,#6985),
  .UNSPECIFIED.,.F.,.F.,(8,6,6,6,6,6,6,6,6,6,6,6,6,8),(0.,
    4.181139594779E-02,0.113771710768,0.175136280078,0.202898259769,
    0.285798322229,0.38803206497,0.504451814468,0.621281300097,
    0.719506065165,0.811109311616,0.902104118834,0.966861503012,1.),
  .UNSPECIFIED.);
#6906 = CARTESIAN_POINT('',(1.1552777994E-07,1.876461418132));
#6907 = CARTESIAN_POINT('',(3.752770102609E-02,1.882433532923));
#6908 = CARTESIAN_POINT('',(7.505545972193E-02,1.88840487924));
#6909 = CARTESIAN_POINT('',(0.112582934808,1.894376115994));
#6910 = CARTESIAN_POINT('',(0.150110224028,1.900347620401));
#6911 = CARTESIAN_POINT('',(0.187637607847,1.906319546716));
#6912 = CARTESIAN_POINT('',(0.225165177617,1.912291884958));
#6913 = CARTESIAN_POINT('',(0.327279528179,1.928543838536));
#6914 = CARTESIAN_POINT('',(0.391870782562,1.938824827971));
#6915 = CARTESIAN_POINT('',(0.45645900741,1.949106009108));
#6916 = CARTESIAN_POINT('',(0.52104533792,1.959386864729));
#6917 = CARTESIAN_POINT('',(0.58563368461,1.969667586566));
#6918 = CARTESIAN_POINT('',(0.650225147369,1.979948327257));
#6919 = CARTESIAN_POINT('',(0.769889590887,1.998993969849));
#6920 = CARTESIAN_POINT('',(0.824968655764,2.007759965377));
#6921 = CARTESIAN_POINT('',(0.880046316791,2.016525454127));
#6922 = CARTESIAN_POINT('',(0.935123074378,2.025290634456));
#6923 = CARTESIAN_POINT('',(0.990200707106,2.034055916219));
#6924 = CARTESIAN_POINT('',(1.04527972502,2.042821473468));
#6925 = CARTESIAN_POINT('',(1.125274249601,2.055552364305));
#6926 = CARTESIAN_POINT('',(1.150191706938,2.059517925111));
#6927 = CARTESIAN_POINT('',(1.175109169243,2.063483512796));
#6928 = CARTESIAN_POINT('',(1.20002663315,2.067449129736));
#6929 = CARTESIAN_POINT('',(1.224944093875,2.071414776429));
#6930 = CARTESIAN_POINT('',(1.249861545209,2.075380451499));
#6931 = CARTESIAN_POINT('',(1.349184943499,2.091188131179));
#6932 = CARTESIAN_POINT('',(1.423599365825,2.103031704905));
#6933 = CARTESIAN_POINT('',(1.498007577206,2.114874495731));
#6934 = CARTESIAN_POINT('',(1.572411857206,2.126716700563));
#6935 = CARTESIAN_POINT('',(1.64682012742,2.138559424835));
#6936 = CARTESIAN_POINT('',(1.721234649695,2.150402953709));
#6937 = CARTESIAN_POINT('',(1.887399550625,2.17684872011));
#6938 = CARTESIAN_POINT('',(1.979182200402,2.191456002663));
#6939 = CARTESIAN_POINT('',(2.070947266565,2.206060214242));
#6940 = CARTESIAN_POINT('',(2.162701131819,2.220662605289));
#6941 = CARTESIAN_POINT('',(2.254466125273,2.23526699956));
#6942 = CARTESIAN_POINT('',(2.34624865925,2.249874576021));
#6943 = CARTESIAN_POINT('',(2.542498526824,2.281109306503));
#6944 = CARTESIAN_POINT('',(2.647035760085,2.297747691536));
#6945 = CARTESIAN_POINT('',(2.751535114109,2.314380455294));
#6946 = CARTESIAN_POINT('',(2.856021922661,2.331011320121));
#6947 = CARTESIAN_POINT('',(2.960521362694,2.347643744171));
#6948 = CARTESIAN_POINT('',(3.06505875455,2.364281582405));
#6949 = CARTESIAN_POINT('',(3.274409156628,2.397600050594));
#6950 = CARTESIAN_POINT('',(3.379315071932,2.414295462972));
#6951 = CARTESIAN_POINT('',(3.484182407479,2.430984286499));
#6952 = CARTESIAN_POINT('',(3.589036958015,2.44767099347));
#6953 = CARTESIAN_POINT('',(3.693904185078,2.464360241722));
#6954 = CARTESIAN_POINT('',(3.798810038886,2.481056334518));
#6955 = CARTESIAN_POINT('',(3.991829298788,2.511776982089));
#6956 = CARTESIAN_POINT('',(4.080009261712,2.525811962919));
#6957 = CARTESIAN_POINT('',(4.16817482427,2.53984497853));
#6958 = CARTESIAN_POINT('',(4.25633125292,2.553876598686));
#6959 = CARTESIAN_POINT('',(4.344496890767,2.567909415142));
#6960 = CARTESIAN_POINT('',(4.432676997419,2.581944032753));
#6961 = CARTESIAN_POINT('',(4.603055068935,2.609060248881));
#6962 = CARTESIAN_POINT('',(4.685286435389,2.622147224038));
#6963 = CARTESIAN_POINT('',(4.767507589588,2.635232166903));
#6964 = CARTESIAN_POINT('',(4.849722227745,2.648315855077));
#6965 = CARTESIAN_POINT('',(4.931943315514,2.661400693268));
#6966 = CARTESIAN_POINT('',(5.014174571285,2.674487616183));
#6967 = CARTESIAN_POINT('',(5.178063208741,2.700571217414));
#6968 = CARTESIAN_POINT('',(5.259747857327,2.713572229483));
#6969 = CARTESIAN_POINT('',(5.341422619315,2.726572301238));
#6970 = CARTESIAN_POINT('',(5.423091125533,2.739571888081));
#6971 = CARTESIAN_POINT('',(5.504765963334,2.752572514016));
#6972 = CARTESIAN_POINT('',(5.586450737329,2.765574142009));
#6973 = CARTESIAN_POINT('',(5.726244411302,2.787823616327));
#6974 = CARTESIAN_POINT('',(5.784369173188,2.797074343841));
#6975 = CARTESIAN_POINT('',(5.84249210575,2.806324358229));
#6976 = CARTESIAN_POINT('',(5.900613857615,2.815573772559));
#6977 = CARTESIAN_POINT('',(5.958736734736,2.824823188612));
#6978 = CARTESIAN_POINT('',(6.016861394926,2.834073067066));
#6979 = CARTESIAN_POINT('',(6.104726563,2.848056234908));
#6980 = CARTESIAN_POINT('',(6.134469609958,2.852789706397));
#6981 = CARTESIAN_POINT('',(6.164212681044,2.857523284392));
#6982 = CARTESIAN_POINT('',(6.193955779914,2.862256956406));
#6983 = CARTESIAN_POINT('',(6.223698912049,2.866990654267));
#6984 = CARTESIAN_POINT('',(6.253442084759,2.87172425411));
#6985 = CARTESIAN_POINT('',(6.28318530718,2.876457576385));
#6986 = ( GEOMETRIC_REPRESENTATION_CONTEXT(2) 
PARAMETRIC_REPRESENTATION_CONTEXT() REPRESENTATION_CONTEXT('2D SPACE',''
  ) );
#6987 = PCURVE('',#5979,#6988);
#6988 = DEFINITIONAL_REPRESENTATION('',(#6989),#7070);
#6989 = B_SPLINE_CURVE_WITH_KNOTS('',7,(#6990,#6991,#6992,#6993,#6994,
    #6995,#6996,#6997,#6998,#6999,#7000,#7001,#7002,#7003,#7004,#7005,
    #7006,#7007,#7008,#7009,#7010,#7011,#7012,#7013,#7014,#7015,#7016,
    #7017,#7018,#7019,#7020,#7021,#7022,#7023,#7024,#7025,#7026,#7027,
    #7028,#7029,#7030,#7031,#7032,#7033,#7034,#7035,#7036,#7037,#7038,
    #7039,#7040,#7041,#7042,#7043,#7044,#7045,#7046,#7047,#7048,#7049,
    #7050,#7051,#7052,#7053,#7054,#7055,#7056,#7057,#7058,#7059,#7060,
    #7061,#7062,#7063,#7064,#7065,#7066,#7067,#7068,#7069),
  .UNSPECIFIED.,.F.,.F.,(8,6,6,6,6,6,6,6,6,6,6,6,6,8),(0.,
    4.181139594779E-02,0.113771710768,0.175136280078,0.202898259769,
    0.285798322229,0.38803206497,0.504451814468,0.621281300097,
    0.719506065165,0.811109311616,0.902104118834,0.966861503012,1.),
  .UNSPECIFIED.);
#6990 = CARTESIAN_POINT('',(0.625011056684,0.));
#6991 = CARTESIAN_POINT('',(0.62501136007,3.799817683844E-02));
#6992 = CARTESIAN_POINT('',(0.625013262127,7.599765879265E-02));
#6993 = CARTESIAN_POINT('',(0.625015402092,0.113997583291));
#6994 = CARTESIAN_POINT('',(0.625017098246,0.151997733111));
#6995 = CARTESIAN_POINT('',(0.625018133434,0.189998155923));
#6996 = CARTESIAN_POINT('',(0.625018540575,0.227998783832));
#6997 = CARTESIAN_POINT('',(0.625018125895,0.331400153857));
#6998 = CARTESIAN_POINT('',(0.625016220038,0.396805282383));
#6999 = CARTESIAN_POINT('',(0.62501323559,0.462206641544));
#7000 = CARTESIAN_POINT('',(0.62501044253,0.527605460018));
#7001 = CARTESIAN_POINT('',(0.6250086091,0.593005976977));
#7002 = CARTESIAN_POINT('',(0.62500773146,0.658409565704));
#7003 = CARTESIAN_POINT('',(0.625007672704,0.779578733524));
#7004 = CARTESIAN_POINT('',(0.625008253406,0.835350451268));
#7005 = CARTESIAN_POINT('',(0.625009345077,0.891120913271));
#7006 = CARTESIAN_POINT('',(0.625010694686,0.946890682153));
#7007 = CARTESIAN_POINT('',(0.625012039614,1.002661554272));
#7008 = CARTESIAN_POINT('',(0.625013190893,1.058433995325));
#7009 = CARTESIAN_POINT('',(0.625014443021,1.139435776624));
#7010 = CARTESIAN_POINT('',(0.625014773678,1.164667006182));
#7011 = CARTESIAN_POINT('',(0.625015036213,1.189898257027));
#7012 = CARTESIAN_POINT('',(0.625015225433,1.215129519838));
#7013 = CARTESIAN_POINT('',(0.625015339714,1.240360783971));
#7014 = CARTESIAN_POINT('',(0.625015380994,1.265592037457));
#7015 = CARTESIAN_POINT('',(0.625015276482,1.366166255127));
#7016 = CARTESIAN_POINT('',(0.62501459664,1.441517750713));
#7017 = CARTESIAN_POINT('',(0.625013436699,1.516862760147));
#7018 = CARTESIAN_POINT('',(0.625012186229,1.592203513481));
#7019 = CARTESIAN_POINT('',(0.625011219903,1.667548057467));
#7020 = CARTESIAN_POINT('',(0.625010740947,1.742898787607));
#7021 = CARTESIAN_POINT('',(0.625010763577,1.911154095292));
#7022 = CARTESIAN_POINT('',(0.625011515477,2.004091324888));
#7023 = CARTESIAN_POINT('',(0.625013062334,2.097010860581));
#7024 = CARTESIAN_POINT('',(0.625014919982,2.189919360227));
#7025 = CARTESIAN_POINT('',(0.625016452787,2.282839464155));
#7026 = CARTESIAN_POINT('',(0.625017202506,2.375777527738));
#7027 = CARTESIAN_POINT('',(0.625017106734,2.574498282875));
#7028 = CARTESIAN_POINT('',(0.625016017624,2.680351770378));
#7029 = CARTESIAN_POINT('',(0.625013824447,2.786166771766));
#7030 = CARTESIAN_POINT('',(0.625011033446,2.891968679331));
#7031 = CARTESIAN_POINT('',(0.625008804818,2.997782970004));
#7032 = CARTESIAN_POINT('',(0.625007681006,3.103635512612));
#7033 = CARTESIAN_POINT('',(0.625007640195,3.315619737195));
#7034 = CARTESIAN_POINT('',(0.62500873098,3.421845494488));
#7035 = CARTESIAN_POINT('',(0.625010929029,3.528032421053));
#7036 = CARTESIAN_POINT('',(0.625013679538,3.634206859293));
#7037 = CARTESIAN_POINT('',(0.625015801935,3.740394553474));
#7038 = CARTESIAN_POINT('',(0.625016799258,3.846621488909));
#7039 = CARTESIAN_POINT('',(0.625016733548,4.042071253549));
#7040 = CARTESIAN_POINT('',(0.62501597784,4.131361506952));
#7041 = CARTESIAN_POINT('',(0.625014525983,4.220636967466));
#7042 = CARTESIAN_POINT('',(0.625012781972,4.309902833894));
#7043 = CARTESIAN_POINT('',(0.625011315891,4.399177689549));
#7044 = CARTESIAN_POINT('',(0.625010585749,4.488467017512));
#7045 = CARTESIAN_POINT('',(0.625010593016,4.660988273408));
#7046 = CARTESIAN_POINT('',(0.625011236277,4.744254024847));
#7047 = CARTESIAN_POINT('',(0.625012556621,4.827509565144));
#7048 = CARTESIAN_POINT('',(0.625014271933,4.910758808443));
#7049 = CARTESIAN_POINT('',(0.625015811776,4.994014934138));
#7050 = CARTESIAN_POINT('',(0.625016582754,5.077281598263));
#7051 = CARTESIAN_POINT('',(0.625016354207,5.243233937724));
#7052 = CARTESIAN_POINT('',(0.625015363775,5.32594721931));
#7053 = CARTESIAN_POINT('',(0.62501335212,5.408650389101));
#7054 = CARTESIAN_POINT('',(0.625010557481,5.491346837034));
#7055 = CARTESIAN_POINT('',(0.625007881325,5.574049198944));
#7056 = CARTESIAN_POINT('',(0.625006441778,5.656761308121));
#7057 = CARTESIAN_POINT('',(0.625006370639,5.798313288444));
#7058 = CARTESIAN_POINT('',(0.625007056867,5.857169176901));
#7059 = CARTESIAN_POINT('',(0.625008502407,5.916023385715));
#7060 = CARTESIAN_POINT('',(0.625010631936,5.974876740544));
#7061 = CARTESIAN_POINT('',(0.625012899738,6.033731711266));
#7062 = CARTESIAN_POINT('',(0.625014516587,6.092588905821));
#7063 = CARTESIAN_POINT('',(0.625015633005,6.18156130158));
#7064 = CARTESIAN_POINT('',(0.625015811967,6.21167913064));
#7065 = CARTESIAN_POINT('',(0.625015697272,6.241796900975));
#7066 = CARTESIAN_POINT('',(0.625015318055,6.271914518518));
#7067 = CARTESIAN_POINT('',(0.625014827299,6.302031853303));
#7068 = CARTESIAN_POINT('',(0.625014501823,6.332148739466));
#7069 = CARTESIAN_POINT('',(0.625014742292,6.362264975247));
#7070 = ( GEOMETRIC_REPRESENTATION_CONTEXT(2) 
PARAMETRIC_REPRESENTATION_CONTEXT() REPRESENTATION_CONTEXT('2D SPACE',''
  ) );
#7071 = ADVANCED_FACE('',(#7072),#5500,.F.);
#7072 = FACE_BOUND('',#7073,.F.);
#7073 = EDGE_LOOP('',(#7074,#7075,#7097,#7127));
#7074 = ORIENTED_EDGE('',*,*,#5344,.F.);
#7075 = ORIENTED_EDGE('',*,*,#7076,.T.);
#7076 = EDGE_CURVE('',#5315,#7077,#7079,.T.);
#7077 = VERTEX_POINT('',#7078);
#7078 = CARTESIAN_POINT('',(3.140004787638,-1.323E-12,2.562500000026));
#7079 = SURFACE_CURVE('',#7080,(#7083,#7090),.PCURVE_S1.);
#7080 = B_SPLINE_CURVE_WITH_KNOTS('',1,(#7081,#7082),.UNSPECIFIED.,.F.,
  .F.,(2,2),(0.,0.825),.PIECEWISE_BEZIER_KNOTS.);
#7081 = CARTESIAN_POINT('',(2.4255293155,3.9629471142E-07,2.974992181422
    ));
#7082 = CARTESIAN_POINT('',(3.140004787638,-1.31177E-12,2.562500000026)
  );
#7083 = PCURVE('',#5500,#7084);
#7084 = DEFINITIONAL_REPRESENTATION('',(#7085),#7089);
#7085 = LINE('',#7086,#7087);
#7086 = CARTESIAN_POINT('',(0.,0.));
#7087 = VECTOR('',#7088,1.);
#7088 = DIRECTION('',(1.,0.));
#7089 = ( GEOMETRIC_REPRESENTATION_CONTEXT(2) 
PARAMETRIC_REPRESENTATION_CONTEXT() REPRESENTATION_CONTEXT('2D SPACE',''
  ) );
#7090 = PCURVE('',#6718,#7091);
#7091 = DEFINITIONAL_REPRESENTATION('',(#7092),#7096);
#7092 = LINE('',#7093,#7094);
#7093 = CARTESIAN_POINT('',(0.,6.362265131567));
#7094 = VECTOR('',#7095,1.);
#7095 = DIRECTION('',(1.,0.));
#7096 = ( GEOMETRIC_REPRESENTATION_CONTEXT(2) 
PARAMETRIC_REPRESENTATION_CONTEXT() REPRESENTATION_CONTEXT('2D SPACE',''
  ) );
#7097 = ORIENTED_EDGE('',*,*,#7098,.T.);
#7098 = EDGE_CURVE('',#7077,#5879,#7099,.T.);
#7099 = SURFACE_CURVE('',#7100,(#7113,#7120),.PCURVE_S1.);
#7100 = B_SPLINE_CURVE_WITH_KNOTS('',11,(#7101,#7102,#7103,#7104,#7105,
    #7106,#7107,#7108,#7109,#7110,#7111,#7112),.UNSPECIFIED.,.F.,.F.,(12
    ,12),(0.,6.362265131567),.PIECEWISE_BEZIER_KNOTS.);
#7101 = CARTESIAN_POINT('',(3.140004787638,-1.32626E-12,2.562500000026)
  );
#7102 = CARTESIAN_POINT('',(3.140006787216,1.793566995654,2.653409090957
    ));
#7103 = CARTESIAN_POINT('',(2.01335034249,3.587094607362,2.744318182235)
  );
#7104 = CARTESIAN_POINT('',(-0.24256503523,4.594288859355,2.83522727074)
  );
#7105 = CARTESIAN_POINT('',(-2.997704683439,4.025729271045,
    2.926136368839));
#7106 = CARTESIAN_POINT('',(-5.053414558619,1.660202003223,3.01704544646
    ));
#7107 = CARTESIAN_POINT('',(-5.052238823312,-1.660216061325,
    3.107954553886));
#7108 = CARTESIAN_POINT('',(-2.998495332709,-4.0257047405,3.198863630684
    ));
#7109 = CARTESIAN_POINT('',(-0.242232586978,-4.594301779272,
    3.28977272971));
#7110 = CARTESIAN_POINT('',(2.013282842345,-3.587092095155,
    3.380681817732));
#7111 = CARTESIAN_POINT('',(3.140004383939,-1.793566995657,
    3.471590909108));
#7112 = CARTESIAN_POINT('',(3.140006383518,-2.36543E-12,3.562500000047)
  );
#7113 = PCURVE('',#5500,#7114);
#7114 = DEFINITIONAL_REPRESENTATION('',(#7115),#7119);
#7115 = LINE('',#7116,#7117);
#7116 = CARTESIAN_POINT('',(0.825,0.));
#7117 = VECTOR('',#7118,1.);
#7118 = DIRECTION('',(0.,1.));
#7119 = ( GEOMETRIC_REPRESENTATION_CONTEXT(2) 
PARAMETRIC_REPRESENTATION_CONTEXT() REPRESENTATION_CONTEXT('2D SPACE',''
  ) );
#7120 = PCURVE('',#6035,#7121);
#7121 = DEFINITIONAL_REPRESENTATION('',(#7122),#7126);
#7122 = LINE('',#7123,#7124);
#7123 = CARTESIAN_POINT('',(0.,0.));
#7124 = VECTOR('',#7125,1.);
#7125 = DIRECTION('',(0.,1.));
#7126 = ( GEOMETRIC_REPRESENTATION_CONTEXT(2) 
PARAMETRIC_REPRESENTATION_CONTEXT() REPRESENTATION_CONTEXT('2D SPACE',''
  ) );
#7127 = ORIENTED_EDGE('',*,*,#5878,.F.);
#7128 = ADVANCED_FACE('',(#7129),#5979,.F.);
#7129 = FACE_BOUND('',#7130,.F.);
#7130 = EDGE_LOOP('',(#7131,#7163,#7208,#7209));
#7131 = ORIENTED_EDGE('',*,*,#7132,.F.);
#7132 = EDGE_CURVE('',#7133,#5935,#7135,.T.);
#7133 = VERTEX_POINT('',#7134);
#7134 = CARTESIAN_POINT('',(3.140006155535,-1.701E-12,2.437500000034));
#7135 = SURFACE_CURVE('',#7136,(#7149,#7156),.PCURVE_S1.);
#7136 = ( BOUNDED_CURVE() B_SPLINE_CURVE(11,(#7137,#7138,#7139,#7140,
    #7141,#7142,#7143,#7144,#7145,#7146,#7147,#7148),.UNSPECIFIED.,.F.,
.F.) B_SPLINE_CURVE_WITH_KNOTS((12,12),(0.,6.362265131567),
.PIECEWISE_BEZIER_KNOTS.) CURVE() GEOMETRIC_REPRESENTATION_ITEM() 
RATIONAL_B_SPLINE_CURVE((1.056590953773,1.056590953773,1.056590953773,
    1.056590953773,1.056590953773,1.056590953774,1.056590953773,
    1.056590953773,1.056590953773,1.056590953773,1.056590953773,
1.056590953773)) REPRESENTATION_ITEM('') );
#7137 = CARTESIAN_POINT('',(3.140006155535,-1.70339E-12,2.437500000034)
  );
#7138 = CARTESIAN_POINT('',(3.140008726421,1.793567907021,2.528409090971
    ));
#7139 = CARTESIAN_POINT('',(2.013361008741,3.587096790722,2.619318182355
    ));
#7140 = CARTESIAN_POINT('',(-0.242612651472,4.594289344172,2.71022727017
    ));
#7141 = CARTESIAN_POINT('',(-2.997593256637,4.025734830734,2.80113637033
    ));
#7142 = CARTESIAN_POINT('',(-5.053585089198,1.660200825522,
    2.892045444142));
#7143 = CARTESIAN_POINT('',(-5.052073429529,-1.660218900226,
    2.982954556302));
#7144 = CARTESIAN_POINT('',(-2.998609805693,-4.02570329146,
    3.073863629056));
#7145 = CARTESIAN_POINT('',(-0.242185218009,-4.594305955495,
    3.16477273041));
#7146 = CARTESIAN_POINT('',(2.013274222842,-3.587093560742,
    3.255681817602));
#7147 = CARTESIAN_POINT('',(3.140005636493,-1.793567907025,
    3.346590909113));
#7148 = CARTESIAN_POINT('',(3.14000820738,-3.03659E-12,3.43750000006));
#7149 = PCURVE('',#5979,#7150);
#7150 = DEFINITIONAL_REPRESENTATION('',(#7151),#7155);
#7151 = LINE('',#7152,#7153);
#7152 = CARTESIAN_POINT('',(0.,0.));
#7153 = VECTOR('',#7154,1.);
#7154 = DIRECTION('',(0.,1.));
#7155 = ( GEOMETRIC_REPRESENTATION_CONTEXT(2) 
PARAMETRIC_REPRESENTATION_CONTEXT() REPRESENTATION_CONTEXT('2D SPACE',''
  ) );
#7156 = PCURVE('',#6035,#7157);
#7157 = DEFINITIONAL_REPRESENTATION('',(#7158),#7162);
#7158 = LINE('',#7159,#7160);
#7159 = CARTESIAN_POINT('',(2.094395102393,0.));
#7160 = VECTOR('',#7161,1.);
#7161 = DIRECTION('',(0.,1.));
#7162 = ( GEOMETRIC_REPRESENTATION_CONTEXT(2) 
PARAMETRIC_REPRESENTATION_CONTEXT() REPRESENTATION_CONTEXT('2D SPACE',''
  ) );
#7163 = ORIENTED_EDGE('',*,*,#7164,.T.);
#7164 = EDGE_CURVE('',#7133,#6539,#7165,.T.);
#7165 = SURFACE_CURVE('',#7166,(#7169,#7176),.PCURVE_S1.);
#7166 = B_SPLINE_CURVE_WITH_KNOTS('',1,(#7167,#7168),.UNSPECIFIED.,.F.,
  .F.,(2,2),(0.,0.825),.PIECEWISE_BEZIER_KNOTS.);
#7167 = CARTESIAN_POINT('',(3.140006155535,-1.68864E-12,2.437500000034)
  );
#7168 = CARTESIAN_POINT('',(2.425539711515,3.962918402E-07,
    2.024992181479));
#7169 = PCURVE('',#5979,#7170);
#7170 = DEFINITIONAL_REPRESENTATION('',(#7171),#7175);
#7171 = LINE('',#7172,#7173);
#7172 = CARTESIAN_POINT('',(0.,0.));
#7173 = VECTOR('',#7174,1.);
#7174 = DIRECTION('',(1.,0.));
#7175 = ( GEOMETRIC_REPRESENTATION_CONTEXT(2) 
PARAMETRIC_REPRESENTATION_CONTEXT() REPRESENTATION_CONTEXT('2D SPACE',''
  ) );
#7176 = PCURVE('',#7177,#7202);
#7177 = B_SPLINE_SURFACE_WITH_KNOTS('',1,11,(
    (#7178,#7179,#7180,#7181,#7182,#7183,#7184,#7185,#7186,#7187,#7188
      ,#7189)
    ,(#7190,#7191,#7192,#7193,#7194,#7195,#7196,#7197,#7198,#7199,#7200
      ,#7201
    )),.UNSPECIFIED.,.F.,.F.,.F.,(2,2),(12,12),(0.,0.825),(0.,
    6.362265131567),.PIECEWISE_BEZIER_KNOTS.);
#7178 = CARTESIAN_POINT('',(3.14000410369,-7.5427E-13,1.437500000015));
#7179 = CARTESIAN_POINT('',(3.140006674576,1.793566735263,1.528409090943
    ));
#7180 = CARTESIAN_POINT('',(2.013359692974,3.587094444972,1.619318182172
    ));
#7181 = CARTESIAN_POINT('',(-0.242612492512,4.59428634779,1.710227270963
    ));
#7182 = CARTESIAN_POINT('',(-2.997591298379,4.025732188174,
    1.801136368304));
#7183 = CARTESIAN_POINT('',(-5.053581786973,1.660199757604,
    1.892045447161));
#7184 = CARTESIAN_POINT('',(-5.052070127302,-1.660217832309,
    1.982954553238));
#7185 = CARTESIAN_POINT('',(-2.998607847432,-4.025700648906,
    2.073863631038));
#7186 = CARTESIAN_POINT('',(-0.242185059046,-4.59430295911,
    2.164772729572));
#7187 = CARTESIAN_POINT('',(2.013272907077,-3.587091214991,2.25568181774
    ));
#7188 = CARTESIAN_POINT('',(3.140003584649,-1.793566735266,
    2.346590909096));
#7189 = CARTESIAN_POINT('',(3.140006155535,-1.68864E-12,2.437500000034)
  );
#7190 = CARTESIAN_POINT('',(2.42553615496,2.641952301E-07,1.024994787639
    ));
#7191 = CARTESIAN_POINT('',(2.425540460309,1.385552233588,1.115900613118
    ));
#7192 = CARTESIAN_POINT('',(1.555232010754,2.770288510066,1.206756083033
    ));
#7193 = CARTESIAN_POINT('',(-0.187418283632,3.550917963804,
    1.298004115044));
#7194 = CARTESIAN_POINT('',(-2.315338722334,3.105585587628,
    1.387933193604));
#7195 = CARTESIAN_POINT('',(-3.904277337883,1.288336693789,
    1.480596234416));
#7196 = CARTESIAN_POINT('',(-3.901656766532,-1.288369086477,
    1.569390735309));
#7197 = CARTESIAN_POINT('',(-2.317099901809,-3.105531549567,
    1.662053774289));
#7198 = CARTESIAN_POINT('',(-0.186676429475,-3.550946808118,
    1.751982854917));
#7199 = CARTESIAN_POINT('',(1.555082335964,-2.77028248785,1.843230885848
    ));
#7200 = CARTESIAN_POINT('',(2.425535481591,-1.3855515731,1.934086355984)
  );
#7201 = CARTESIAN_POINT('',(2.425539711515,3.962918402E-07,
    2.024992181479));
#7202 = DEFINITIONAL_REPRESENTATION('',(#7203),#7207);
#7203 = LINE('',#7204,#7205);
#7204 = CARTESIAN_POINT('',(0.,6.362265131567));
#7205 = VECTOR('',#7206,1.);
#7206 = DIRECTION('',(1.,0.));
#7207 = ( GEOMETRIC_REPRESENTATION_CONTEXT(2) 
PARAMETRIC_REPRESENTATION_CONTEXT() REPRESENTATION_CONTEXT('2D SPACE',''
  ) );
#7208 = ORIENTED_EDGE('',*,*,#6820,.T.);
#7209 = ORIENTED_EDGE('',*,*,#5966,.F.);
#7210 = ADVANCED_FACE('',(#7211),#6035,.F.);
#7211 = FACE_BOUND('',#7212,.F.);
#7212 = EDGE_LOOP('',(#7213,#7214,#7324,#7325));
#7213 = ORIENTED_EDGE('',*,*,#7098,.F.);
#7214 = ORIENTED_EDGE('',*,*,#7215,.T.);
#7215 = EDGE_CURVE('',#7077,#7133,#7216,.T.);
#7216 = SURFACE_CURVE('',#7217,(#7225,#7232),.PCURVE_S1.);
#7217 = ( BOUNDED_CURVE() B_SPLINE_CURVE(6,(#7218,#7219,#7220,#7221,
#7222,#7223,#7224),.UNSPECIFIED.,.F.,.F.) B_SPLINE_CURVE_WITH_KNOTS((7,7
),(0.,2.094395102393),.PIECEWISE_BEZIER_KNOTS.) CURVE() 
GEOMETRIC_REPRESENTATION_ITEM() RATIONAL_B_SPLINE_CURVE((1.056590953773,
    1.017435169568,0.996326512422,0.989390034249,0.996326512422,
1.017435169568,1.056590953773)) REPRESENTATION_ITEM('') );
#7218 = CARTESIAN_POINT('',(3.140004787638,-1.30828E-12,2.562500000026)
  );
#7219 = CARTESIAN_POINT('',(3.162660579389,-1.256773752E-08,
    2.549420003127));
#7220 = CARTESIAN_POINT('',(3.178626321966,-2.142337233E-08,
    2.527281439709));
#7221 = CARTESIAN_POINT('',(3.184397216182,-2.462421609E-08,
    2.500000485816));
#7222 = CARTESIAN_POINT('',(3.178626919047,-2.142353416E-08,
    2.472719405627));
#7223 = CARTESIAN_POINT('',(3.162661661007,-1.256803577E-08,
    2.450580492783));
#7224 = CARTESIAN_POINT('',(3.140006155535,-1.69418E-12,2.437500000034)
  );
#7225 = PCURVE('',#6035,#7226);
#7226 = DEFINITIONAL_REPRESENTATION('',(#7227),#7231);
#7227 = LINE('',#7228,#7229);
#7228 = CARTESIAN_POINT('',(0.,0.));
#7229 = VECTOR('',#7230,1.);
#7230 = DIRECTION('',(1.,0.));
#7231 = ( GEOMETRIC_REPRESENTATION_CONTEXT(2) 
PARAMETRIC_REPRESENTATION_CONTEXT() REPRESENTATION_CONTEXT('2D SPACE',''
  ) );
#7232 = PCURVE('',#7233,#7318);
#7233 = ( BOUNDED_SURFACE() B_SPLINE_SURFACE(6,11,(
    (#7234,#7235,#7236,#7237,#7238,#7239,#7240,#7241,#7242,#7243,#7244
      ,#7245)
    ,(#7246,#7247,#7248,#7249,#7250,#7251,#7252,#7253,#7254,#7255,#7256
      ,#7257)
    ,(#7258,#7259,#7260,#7261,#7262,#7263,#7264,#7265,#7266,#7267,#7268
      ,#7269)
    ,(#7270,#7271,#7272,#7273,#7274,#7275,#7276,#7277,#7278,#7279,#7280
      ,#7281)
    ,(#7282,#7283,#7284,#7285,#7286,#7287,#7288,#7289,#7290,#7291,#7292
      ,#7293)
    ,(#7294,#7295,#7296,#7297,#7298,#7299,#7300,#7301,#7302,#7303,#7304
      ,#7305)
    ,(#7306,#7307,#7308,#7309,#7310,#7311,#7312,#7313,#7314,#7315,#7316
,#7317
    )),.UNSPECIFIED.,.F.,.F.,.F.) B_SPLINE_SURFACE_WITH_KNOTS((7,7),(12,
    12),(0.,2.094395102393),(0.,6.362265131567),
.PIECEWISE_BEZIER_KNOTS.) GEOMETRIC_REPRESENTATION_ITEM() 
RATIONAL_B_SPLINE_SURFACE((
    (1.056590953773,1.056590953773,1.056590953773,1.056590953773
      ,1.056590953773,1.056590953774,1.056590953773,1.056590953773
      ,1.056590953773,1.056590953773,1.056590953773,1.056590953773)
    ,(1.017435169568,1.017435169568,1.017435169568,1.017435169568
      ,1.017435169568,1.017435169568,1.017435169568,1.017435169568
      ,1.017435169568,1.017435169568,1.017435169568,1.017435169568)
    ,(0.996326512422,0.996326512422,0.996326512422,0.996326512422
      ,0.996326512422,0.996326512423,0.996326512421,0.996326512423
      ,0.996326512422,0.996326512422,0.996326512422,0.996326512422)
    ,(0.989390034249,0.989390034249,0.989390034249,0.989390034249
      ,0.989390034248,0.989390034249,0.989390034248,0.989390034249
      ,0.989390034248,0.989390034249,0.989390034249,0.989390034249)
    ,(0.996326512422,0.996326512422,0.996326512422,0.996326512423
      ,0.996326512421,0.996326512423,0.996326512421,0.996326512423
      ,0.996326512422,0.996326512422,0.996326512422,0.996326512422)
    ,(1.017435169568,1.017435169568,1.017435169568,1.017435169568
      ,1.017435169568,1.017435169568,1.017435169568,1.017435169568
      ,1.017435169568,1.017435169568,1.017435169568,1.017435169568)
    ,(1.056590953773,1.056590953773,1.056590953773,1.056590953773
      ,1.056590953773,1.056590953774,1.056590953773,1.056590953773
      ,1.056590953773,1.056590953773,1.056590953773,1.056590953773
))) REPRESENTATION_ITEM('') SURFACE() );
#7234 = CARTESIAN_POINT('',(3.140003191759,-5.9376E-13,1.562500000012));
#7235 = CARTESIAN_POINT('',(3.140005191337,1.793566084287,1.653409090935
    ));
#7236 = CARTESIAN_POINT('',(2.013349319116,3.58709278289,1.744318182094)
  );
#7237 = CARTESIAN_POINT('',(-0.242564911594,4.594286528834,
    1.835227271354));
#7238 = CARTESIAN_POINT('',(-2.99770316035,4.025727215724,1.926136367268
    ));
#7239 = CARTESIAN_POINT('',(-5.053411990218,1.660201172617,2.0170454488)
  );
#7240 = CARTESIAN_POINT('',(-5.052236254917,-1.660215230722,
    2.107954551511));
#7241 = CARTESIAN_POINT('',(-2.998493809615,-4.02570268518,2.19886363222
    ));
#7242 = CARTESIAN_POINT('',(-0.242232463341,-4.594299448751,
    2.289772729062));
#7243 = CARTESIAN_POINT('',(2.013281818973,-3.587090270682,
    2.380681817838));
#7244 = CARTESIAN_POINT('',(3.14000278806,-1.793566084288,2.471590909095
    ));
#7245 = CARTESIAN_POINT('',(3.140004787638,-1.30828E-12,2.562500000026)
  );
#7246 = CARTESIAN_POINT('',(3.162658935797,-8.37819441E-09,1.54941992047
    ));
#7247 = CARTESIAN_POINT('',(3.162660999941,1.806504231614,1.640329114941
    ));
#7248 = CARTESIAN_POINT('',(2.027878574427,3.612993789169,1.73123990643)
  );
#7249 = CARTESIAN_POINT('',(-0.244325060461,4.627371373139,
    1.822138247809));
#7250 = CARTESIAN_POINT('',(-3.019313763323,4.054905814705,
    1.913078420108));
#7251 = CARTESIAN_POINT('',(-5.089891607337,1.67199253688,2.003931883499
    ));
#7252 = CARTESIAN_POINT('',(-5.088680731706,-1.672006981575,
    2.094908040379));
#7253 = CARTESIAN_POINT('',(-3.020128077785,-4.054880530779,
    2.185761502922));
#7254 = CARTESIAN_POINT('',(-0.243982703511,-4.627384677702,
    2.276701676178));
#7255 = CARTESIAN_POINT('',(2.027809032273,-3.612991215284,
    2.367600017058));
#7256 = CARTESIAN_POINT('',(3.162658512853,-1.80650425256,2.458510808648
    ));
#7257 = CARTESIAN_POINT('',(3.162660579389,-1.256773752E-08,
    2.549420003127));
#7258 = CARTESIAN_POINT('',(3.178624597619,-1.428193392E-08,
    1.527281298814));
#7259 = CARTESIAN_POINT('',(3.178626766317,1.815621848294,1.618190566256
    ));
#7260 = CARTESIAN_POINT('',(2.038118454488,3.631246474106,1.709102555979
    ));
#7261 = CARTESIAN_POINT('',(-0.245570360761,4.650686338737,
    1.799993323247));
#7262 = CARTESIAN_POINT('',(-3.03453125399,4.075468570773,1.890955395312
    ));
#7263 = CARTESIAN_POINT('',(-5.115616449371,1.680301798699,
    1.981769664162));
#7264 = CARTESIAN_POINT('',(-5.114346086285,-1.680316931018,
    2.072793074656));
#7265 = CARTESIAN_POINT('',(-3.035385596286,-4.07544203145,
    2.163607342617));
#7266 = CARTESIAN_POINT('',(-0.245211202652,-4.650700295939,
    2.254569415686));
#7267 = CARTESIAN_POINT('',(2.038045479784,-3.631243782561,2.34546018243
    ));
#7268 = CARTESIAN_POINT('',(3.178624149189,-1.815621883999,2.43637217226
    ));
#7269 = CARTESIAN_POINT('',(3.178626321966,-2.142337233E-08,
    2.527281439709));
#7270 = CARTESIAN_POINT('',(3.184395392322,-1.641582437E-08,
    1.500000323871));
#7271 = CARTESIAN_POINT('',(3.184397686926,1.818917434485,1.590909617688
    ));
#7272 = CARTESIAN_POINT('',(2.041821172922,3.637844009758,1.681822040514
    ));
#7273 = CARTESIAN_POINT('',(-0.24602780263,4.659113308844,1.77271007011)
  );
#7274 = CARTESIAN_POINT('',(-3.040014235041,4.082901572756,
    1.863680057882));
#7275 = CARTESIAN_POINT('',(-5.124940665258,1.683304893186,
    1.954480159782));
#7276 = CARTESIAN_POINT('',(-5.123596990219,-1.683320893534,
    2.045520650217));
#7277 = CARTESIAN_POINT('',(-3.040917886322,-4.082873498704,
    2.136320751177));
#7278 = CARTESIAN_POINT('',(-0.245647922005,-4.659128071273,
    2.22729074001));
#7279 = CARTESIAN_POINT('',(2.041743983047,-3.637841164981,
    2.318178769053));
#7280 = CARTESIAN_POINT('',(3.184394916891,-1.818917475525,
    2.409091191991));
#7281 = CARTESIAN_POINT('',(3.184397216182,-2.462421609E-08,
    2.500000485816));
#7282 = CARTESIAN_POINT('',(3.178624995673,-1.42820066E-08,1.47271926473
    ));
#7283 = CARTESIAN_POINT('',(3.178627413746,1.815622132443,1.563628532173
    ));
#7284 = CARTESIAN_POINT('',(2.038122982638,3.631247199599,1.654540521927
    ));
#7285 = CARTESIAN_POINT('',(-0.245591129654,4.650686259711,
    1.745431288989));
#7286 = CARTESIAN_POINT('',(-3.034482426657,4.075470741232,
    1.836393361679));
#7287 = CARTESIAN_POINT('',(-5.115690565019,1.680301181048,1.92720762936
    ));
#7288 = CARTESIAN_POINT('',(-5.114273572202,-1.6803180666,2.018231041325
    ));
#7289 = CARTESIAN_POINT('',(-3.035435373366,-4.075441142624,
    2.109045308014));
#7290 = CARTESIAN_POINT('',(-0.245190510854,-4.650701828198,
    2.200007381823));
#7291 = CARTESIAN_POINT('',(2.038041589774,-3.631244194748,
    2.290898148301));
#7292 = CARTESIAN_POINT('',(3.178624496897,-1.815622168148,
    2.381810138174));
#7293 = CARTESIAN_POINT('',(3.178626919047,-2.142353416E-08,
    2.472719405627));
#7294 = CARTESIAN_POINT('',(3.162659656876,-8.3783268E-09,1.450580410123
    ));
#7295 = CARTESIAN_POINT('',(3.162662172762,1.806504746352,1.541489604597
    ));
#7296 = CARTESIAN_POINT('',(2.027886777204,3.612995103403,1.632400396142
    ));
#7297 = CARTESIAN_POINT('',(-0.244362683458,4.627371229985,
    1.723298737148));
#7298 = CARTESIAN_POINT('',(-3.019225312262,4.054909746502,1.81423891058
    ));
#7299 = CARTESIAN_POINT('',(-5.090025868362,1.671991418006,1.90509237185
    ));
#7300 = CARTESIAN_POINT('',(-5.088549371929,-1.672009038693,
    1.996068531398));
#7301 = CARTESIAN_POINT('',(-3.020218249321,-4.054878920663,
    2.086921991635));
#7302 = CARTESIAN_POINT('',(-0.243945220172,-4.6273874534,2.177862166232
    ));
#7303 = CARTESIAN_POINT('',(2.027801985493,-3.612991961964,2.26876050663
    ));
#7304 = CARTESIAN_POINT('',(3.162659142728,-1.806504767298,
    2.359671298299));
#7305 = CARTESIAN_POINT('',(3.162661661007,-1.256803577E-08,
    2.450580492783));
#7306 = CARTESIAN_POINT('',(3.14000410369,-7.527E-13,1.437500000015));
#7307 = CARTESIAN_POINT('',(3.140006674576,1.793566735263,1.528409090943
    ));
#7308 = CARTESIAN_POINT('',(2.013359692974,3.587094444972,1.619318182173
    ));
#7309 = CARTESIAN_POINT('',(-0.242612492513,4.594286347789,
    1.710227270961));
#7310 = CARTESIAN_POINT('',(-2.997591298379,4.025732188175,
    1.801136368307));
#7311 = CARTESIAN_POINT('',(-5.053581786972,1.660199757603,
    1.892045447157));
#7312 = CARTESIAN_POINT('',(-5.052070127303,-1.660217832309,
    1.982954553242));
#7313 = CARTESIAN_POINT('',(-2.998607847432,-4.025700648905,
    2.073863631035));
#7314 = CARTESIAN_POINT('',(-0.242185059046,-4.594302959111,
    2.164772729574));
#7315 = CARTESIAN_POINT('',(2.013272907077,-3.587091214991,
    2.255681817739));
#7316 = CARTESIAN_POINT('',(3.140003584649,-1.793566735266,
    2.346590909096));
#7317 = CARTESIAN_POINT('',(3.140006155535,-1.69418E-12,2.437500000034)
  );
#7318 = DEFINITIONAL_REPRESENTATION('',(#7319),#7323);
#7319 = LINE('',#7320,#7321);
#7320 = CARTESIAN_POINT('',(0.,6.362265131567));
#7321 = VECTOR('',#7322,1.);
#7322 = DIRECTION('',(1.,0.));
#7323 = ( GEOMETRIC_REPRESENTATION_CONTEXT(2) 
PARAMETRIC_REPRESENTATION_CONTEXT() REPRESENTATION_CONTEXT('2D SPACE',''
  ) );
#7324 = ORIENTED_EDGE('',*,*,#7132,.T.);
#7325 = ORIENTED_EDGE('',*,*,#6017,.F.);
#7326 = ADVANCED_FACE('',(#7327),#6175,.F.);
#7327 = FACE_BOUND('',#7328,.F.);
#7328 = EDGE_LOOP('',(#7329,#7364,#7385,#7386,#7387,#7410));
#7329 = ORIENTED_EDGE('',*,*,#7330,.F.);
#7330 = EDGE_CURVE('',#7331,#7333,#7335,.T.);
#7331 = VERTEX_POINT('',#7332);
#7332 = CARTESIAN_POINT('',(5.773502691896,0.,0.320395305516));
#7333 = VERTEX_POINT('',#7334);
#7334 = CARTESIAN_POINT('',(4.330127037604,2.499999967642,0.));
#7335 = SURFACE_CURVE('',#7336,(#7341,#7348),.PCURVE_S1.);
#7336 = HYPERBOLA('',#7337,2.071067811865,5.);
#7337 = AXIS2_PLACEMENT_3D('',#7338,#7339,#7340);
#7338 = CARTESIAN_POINT('',(4.330127018922,2.5,-2.071067811865));
#7339 = DIRECTION('',(-0.866025403784,-0.5,0.));
#7340 = DIRECTION('',(0.,0.,1.));
#7341 = PCURVE('',#6175,#7342);
#7342 = DEFINITIONAL_REPRESENTATION('',(#7343),#7347);
#7343 = HYPERBOLA('',#7344,2.071067811865,5.);
#7344 = AXIS2_PLACEMENT_2D('',#7345,#7346);
#7345 = CARTESIAN_POINT('',(2.886751345948,2.071067811865));
#7346 = DIRECTION('',(0.,-1.));
#7347 = ( GEOMETRIC_REPRESENTATION_CONTEXT(2) 
PARAMETRIC_REPRESENTATION_CONTEXT() REPRESENTATION_CONTEXT('2D SPACE',''
  ) );
#7348 = PCURVE('',#7349,#7354);
#7349 = CONICAL_SURFACE('',#7350,5.773502691896,1.178097245096);
#7350 = AXIS2_PLACEMENT_3D('',#7351,#7352,#7353);
#7351 = CARTESIAN_POINT('',(0.,0.,0.320395305516));
#7352 = DIRECTION('',(0.,0.,1.));
#7353 = DIRECTION('',(1.,0.,0.));
#7354 = DEFINITIONAL_REPRESENTATION('',(#7355),#7363);
#7355 = B_SPLINE_CURVE_WITH_KNOTS('',6,(#7356,#7357,#7358,#7359,#7360,
    #7361,#7362),.UNSPECIFIED.,.F.,.F.,(7,7),(-0.549306144334,-5.4E-16),
  .PIECEWISE_BEZIER_KNOTS.);
#7356 = CARTESIAN_POINT('',(0.,2.831857399502E-16));
#7357 = CARTESIAN_POINT('',(7.92855125747E-02,-0.109470448694));
#7358 = CARTESIAN_POINT('',(0.162925989184,-0.194887792316));
#7359 = CARTESIAN_POINT('',(0.2503248097,-0.257903513437));
#7360 = CARTESIAN_POINT('',(0.340497154616,-0.299564686892));
#7361 = CARTESIAN_POINT('',(0.432047751543,-0.320395305516));
#7362 = CARTESIAN_POINT('',(0.523598775598,-0.320395305516));
#7363 = ( GEOMETRIC_REPRESENTATION_CONTEXT(2) 
PARAMETRIC_REPRESENTATION_CONTEXT() REPRESENTATION_CONTEXT('2D SPACE',''
  ) );
#7364 = ORIENTED_EDGE('',*,*,#7365,.F.);
#7365 = EDGE_CURVE('',#6133,#7331,#7366,.T.);
#7366 = SURFACE_CURVE('',#7367,(#7371,#7378),.PCURVE_S1.);
#7367 = LINE('',#7368,#7369);
#7368 = CARTESIAN_POINT('',(5.773502691896,0.,4.879604694484));
#7369 = VECTOR('',#7370,1.);
#7370 = DIRECTION('',(0.,0.,-1.));
#7371 = PCURVE('',#6175,#7372);
#7372 = DEFINITIONAL_REPRESENTATION('',(#7373),#7377);
#7373 = LINE('',#7374,#7375);
#7374 = CARTESIAN_POINT('',(0.,-4.879604694484));
#7375 = VECTOR('',#7376,1.);
#7376 = DIRECTION('',(0.,1.));
#7377 = ( GEOMETRIC_REPRESENTATION_CONTEXT(2) 
PARAMETRIC_REPRESENTATION_CONTEXT() REPRESENTATION_CONTEXT('2D SPACE',''
  ) );
#7378 = PCURVE('',#6464,#7379);
#7379 = DEFINITIONAL_REPRESENTATION('',(#7380),#7384);
#7380 = LINE('',#7381,#7382);
#7381 = CARTESIAN_POINT('',(5.773502691896,-4.879604694484));
#7382 = VECTOR('',#7383,1.);
#7383 = DIRECTION('',(0.,1.));
#7384 = ( GEOMETRIC_REPRESENTATION_CONTEXT(2) 
PARAMETRIC_REPRESENTATION_CONTEXT() REPRESENTATION_CONTEXT('2D SPACE',''
  ) );
#7385 = ORIENTED_EDGE('',*,*,#6156,.F.);
#7386 = ORIENTED_EDGE('',*,*,#6190,.F.);
#7387 = ORIENTED_EDGE('',*,*,#7388,.F.);
#7388 = EDGE_CURVE('',#7389,#6191,#7391,.T.);
#7389 = VERTEX_POINT('',#7390);
#7390 = CARTESIAN_POINT('',(2.886751345948,5.,0.320395305516));
#7391 = SURFACE_CURVE('',#7392,(#7396,#7403),.PCURVE_S1.);
#7392 = LINE('',#7393,#7394);
#7393 = CARTESIAN_POINT('',(2.886751345948,5.,0.));
#7394 = VECTOR('',#7395,1.);
#7395 = DIRECTION('',(0.,0.,1.));
#7396 = PCURVE('',#6175,#7397);
#7397 = DEFINITIONAL_REPRESENTATION('',(#7398),#7402);
#7398 = LINE('',#7399,#7400);
#7399 = CARTESIAN_POINT('',(5.773502691896,0.));
#7400 = VECTOR('',#7401,1.);
#7401 = DIRECTION('',(0.,-1.));
#7402 = ( GEOMETRIC_REPRESENTATION_CONTEXT(2) 
PARAMETRIC_REPRESENTATION_CONTEXT() REPRESENTATION_CONTEXT('2D SPACE',''
  ) );
#7403 = PCURVE('',#6238,#7404);
#7404 = DEFINITIONAL_REPRESENTATION('',(#7405),#7409);
#7405 = LINE('',#7406,#7407);
#7406 = CARTESIAN_POINT('',(0.,0.));
#7407 = VECTOR('',#7408,1.);
#7408 = DIRECTION('',(0.,-1.));
#7409 = ( GEOMETRIC_REPRESENTATION_CONTEXT(2) 
PARAMETRIC_REPRESENTATION_CONTEXT() REPRESENTATION_CONTEXT('2D SPACE',''
  ) );
#7410 = ORIENTED_EDGE('',*,*,#7411,.F.);
#7411 = EDGE_CURVE('',#7333,#7389,#7412,.T.);
#7412 = SURFACE_CURVE('',#7413,(#7418,#7425),.PCURVE_S1.);
#7413 = HYPERBOLA('',#7414,2.071067811865,5.);
#7414 = AXIS2_PLACEMENT_3D('',#7415,#7416,#7417);
#7415 = CARTESIAN_POINT('',(4.330127018922,2.5,-2.071067811865));
#7416 = DIRECTION('',(-0.866025403784,-0.5,0.));
#7417 = DIRECTION('',(0.,0.,1.));
#7418 = PCURVE('',#6175,#7419);
#7419 = DEFINITIONAL_REPRESENTATION('',(#7420),#7424);
#7420 = HYPERBOLA('',#7421,2.071067811865,5.);
#7421 = AXIS2_PLACEMENT_2D('',#7422,#7423);
#7422 = CARTESIAN_POINT('',(2.886751345948,2.071067811865));
#7423 = DIRECTION('',(0.,-1.));
#7424 = ( GEOMETRIC_REPRESENTATION_CONTEXT(2) 
PARAMETRIC_REPRESENTATION_CONTEXT() REPRESENTATION_CONTEXT('2D SPACE',''
  ) );
#7425 = PCURVE('',#7426,#7431);
#7426 = CONICAL_SURFACE('',#7427,5.773502691896,1.178097245096);
#7427 = AXIS2_PLACEMENT_3D('',#7428,#7429,#7430);
#7428 = CARTESIAN_POINT('',(0.,0.,0.320395305516));
#7429 = DIRECTION('',(0.,0.,1.));
#7430 = DIRECTION('',(1.,0.,0.));
#7431 = DEFINITIONAL_REPRESENTATION('',(#7432),#7440);
#7432 = B_SPLINE_CURVE_WITH_KNOTS('',6,(#7433,#7434,#7435,#7436,#7437,
    #7438,#7439),.UNSPECIFIED.,.F.,.F.,(7,7),(-5.4E-16,0.549306144334),
  .PIECEWISE_BEZIER_KNOTS.);
#7433 = CARTESIAN_POINT('',(0.523598775598,-0.320395305516));
#7434 = CARTESIAN_POINT('',(0.615149799654,-0.320395305516));
#7435 = CARTESIAN_POINT('',(0.706700396581,-0.299564686892));
#7436 = CARTESIAN_POINT('',(0.796872741496,-0.257903513437));
#7437 = CARTESIAN_POINT('',(0.884271562013,-0.194887792316));
#7438 = CARTESIAN_POINT('',(0.967912038622,-0.109470448694));
#7439 = CARTESIAN_POINT('',(1.047197551197,-3.061467458921E-17));
#7440 = ( GEOMETRIC_REPRESENTATION_CONTEXT(2) 
PARAMETRIC_REPRESENTATION_CONTEXT() REPRESENTATION_CONTEXT('2D SPACE',''
  ) );
#7441 = ADVANCED_FACE('',(#7442),#6238,.F.);
#7442 = FACE_BOUND('',#7443,.F.);
#7443 = EDGE_LOOP('',(#7444,#7472,#7473,#7474,#7475,#7498));
#7444 = ORIENTED_EDGE('',*,*,#7445,.F.);
#7445 = EDGE_CURVE('',#7389,#7446,#7448,.T.);
#7446 = VERTEX_POINT('',#7447);
#7447 = CARTESIAN_POINT('',(3.7053139E-08,5.,0.));
#7448 = SURFACE_CURVE('',#7449,(#7454,#7461),.PCURVE_S1.);
#7449 = HYPERBOLA('',#7450,2.071067811865,5.);
#7450 = AXIS2_PLACEMENT_3D('',#7451,#7452,#7453);
#7451 = CARTESIAN_POINT('',(7.7E-16,5.,-2.071067811865));
#7452 = DIRECTION('',(-1.5E-16,-1.,0.));
#7453 = DIRECTION('',(0.,0.,1.));
#7454 = PCURVE('',#6238,#7455);
#7455 = DEFINITIONAL_REPRESENTATION('',(#7456),#7460);
#7456 = HYPERBOLA('',#7457,2.071067811865,5.);
#7457 = AXIS2_PLACEMENT_2D('',#7458,#7459);
#7458 = CARTESIAN_POINT('',(2.886751345948,2.071067811865));
#7459 = DIRECTION('',(0.,-1.));
#7460 = ( GEOMETRIC_REPRESENTATION_CONTEXT(2) 
PARAMETRIC_REPRESENTATION_CONTEXT() REPRESENTATION_CONTEXT('2D SPACE',''
  ) );
#7461 = PCURVE('',#7426,#7462);
#7462 = DEFINITIONAL_REPRESENTATION('',(#7463),#7471);
#7463 = B_SPLINE_CURVE_WITH_KNOTS('',6,(#7464,#7465,#7466,#7467,#7468,
    #7469,#7470),.UNSPECIFIED.,.F.,.F.,(7,7),(-0.549306144334,9.E-17),
  .PIECEWISE_BEZIER_KNOTS.);
#7464 = CARTESIAN_POINT('',(1.047197551197,2.831857399502E-16));
#7465 = CARTESIAN_POINT('',(1.126483063771,-0.109470448694));
#7466 = CARTESIAN_POINT('',(1.21012354038,-0.194887792316));
#7467 = CARTESIAN_POINT('',(1.297522360897,-0.257903513437));
#7468 = CARTESIAN_POINT('',(1.387694705812,-0.299564686892));
#7469 = CARTESIAN_POINT('',(1.479245302739,-0.320395305516));
#7470 = CARTESIAN_POINT('',(1.570796326795,-0.320395305516));
#7471 = ( GEOMETRIC_REPRESENTATION_CONTEXT(2) 
PARAMETRIC_REPRESENTATION_CONTEXT() REPRESENTATION_CONTEXT('2D SPACE',''
  ) );
#7472 = ORIENTED_EDGE('',*,*,#7388,.T.);
#7473 = ORIENTED_EDGE('',*,*,#6219,.F.);
#7474 = ORIENTED_EDGE('',*,*,#6253,.F.);
#7475 = ORIENTED_EDGE('',*,*,#7476,.F.);
#7476 = EDGE_CURVE('',#7477,#6254,#7479,.T.);
#7477 = VERTEX_POINT('',#7478);
#7478 = CARTESIAN_POINT('',(-2.886751345948,5.,0.320395305516));
#7479 = SURFACE_CURVE('',#7480,(#7484,#7491),.PCURVE_S1.);
#7480 = LINE('',#7481,#7482);
#7481 = CARTESIAN_POINT('',(-2.886751345948,5.,0.));
#7482 = VECTOR('',#7483,1.);
#7483 = DIRECTION('',(0.,0.,1.));
#7484 = PCURVE('',#6238,#7485);
#7485 = DEFINITIONAL_REPRESENTATION('',(#7486),#7490);
#7486 = LINE('',#7487,#7488);
#7487 = CARTESIAN_POINT('',(5.773502691896,0.));
#7488 = VECTOR('',#7489,1.);
#7489 = DIRECTION('',(0.,-1.));
#7490 = ( GEOMETRIC_REPRESENTATION_CONTEXT(2) 
PARAMETRIC_REPRESENTATION_CONTEXT() REPRESENTATION_CONTEXT('2D SPACE',''
  ) );
#7491 = PCURVE('',#6301,#7492);
#7492 = DEFINITIONAL_REPRESENTATION('',(#7493),#7497);
#7493 = LINE('',#7494,#7495);
#7494 = CARTESIAN_POINT('',(0.,0.));
#7495 = VECTOR('',#7496,1.);
#7496 = DIRECTION('',(0.,-1.));
#7497 = ( GEOMETRIC_REPRESENTATION_CONTEXT(2) 
PARAMETRIC_REPRESENTATION_CONTEXT() REPRESENTATION_CONTEXT('2D SPACE',''
  ) );
#7498 = ORIENTED_EDGE('',*,*,#7499,.F.);
#7499 = EDGE_CURVE('',#7446,#7477,#7500,.T.);
#7500 = SURFACE_CURVE('',#7501,(#7506,#7513),.PCURVE_S1.);
#7501 = HYPERBOLA('',#7502,2.071067811865,5.);
#7502 = AXIS2_PLACEMENT_3D('',#7503,#7504,#7505);
#7503 = CARTESIAN_POINT('',(7.7E-16,5.,-2.071067811865));
#7504 = DIRECTION('',(-1.5E-16,-1.,0.));
#7505 = DIRECTION('',(0.,0.,1.));
#7506 = PCURVE('',#6238,#7507);
#7507 = DEFINITIONAL_REPRESENTATION('',(#7508),#7512);
#7508 = HYPERBOLA('',#7509,2.071067811865,5.);
#7509 = AXIS2_PLACEMENT_2D('',#7510,#7511);
#7510 = CARTESIAN_POINT('',(2.886751345948,2.071067811865));
#7511 = DIRECTION('',(0.,-1.));
#7512 = ( GEOMETRIC_REPRESENTATION_CONTEXT(2) 
PARAMETRIC_REPRESENTATION_CONTEXT() REPRESENTATION_CONTEXT('2D SPACE',''
  ) );
#7513 = PCURVE('',#7514,#7519);
#7514 = CONICAL_SURFACE('',#7515,5.773502691896,1.178097245096);
#7515 = AXIS2_PLACEMENT_3D('',#7516,#7517,#7518);
#7516 = CARTESIAN_POINT('',(0.,0.,0.320395305516));
#7517 = DIRECTION('',(0.,0.,1.));
#7518 = DIRECTION('',(1.,0.,0.));
#7519 = DEFINITIONAL_REPRESENTATION('',(#7520),#7528);
#7520 = B_SPLINE_CURVE_WITH_KNOTS('',6,(#7521,#7522,#7523,#7524,#7525,
    #7526,#7527),.UNSPECIFIED.,.F.,.F.,(7,7),(9.E-17,0.549306144334),
  .PIECEWISE_BEZIER_KNOTS.);
#7521 = CARTESIAN_POINT('',(1.570796326795,-0.320395305516));
#7522 = CARTESIAN_POINT('',(1.662347350851,-0.320395305516));
#7523 = CARTESIAN_POINT('',(1.753897947777,-0.299564686892));
#7524 = CARTESIAN_POINT('',(1.844070292693,-0.257903513437));
#7525 = CARTESIAN_POINT('',(1.93146911321,-0.194887792316));
#7526 = CARTESIAN_POINT('',(2.015109589819,-0.109470448694));
#7527 = CARTESIAN_POINT('',(2.094395102393,6.620423379916E-16));
#7528 = ( GEOMETRIC_REPRESENTATION_CONTEXT(2) 
PARAMETRIC_REPRESENTATION_CONTEXT() REPRESENTATION_CONTEXT('2D SPACE',''
  ) );
#7529 = ADVANCED_FACE('',(#7530),#6301,.F.);
#7530 = FACE_BOUND('',#7531,.F.);
#7531 = EDGE_LOOP('',(#7532,#7560,#7561,#7562,#7563,#7586));
#7532 = ORIENTED_EDGE('',*,*,#7533,.F.);
#7533 = EDGE_CURVE('',#7477,#7534,#7536,.T.);
#7534 = VERTEX_POINT('',#7535);
#7535 = CARTESIAN_POINT('',(-4.33012700645,2.500000021602,0.));
#7536 = SURFACE_CURVE('',#7537,(#7542,#7549),.PCURVE_S1.);
#7537 = HYPERBOLA('',#7538,2.071067811865,5.);
#7538 = AXIS2_PLACEMENT_3D('',#7539,#7540,#7541);
#7539 = CARTESIAN_POINT('',(-4.330127018922,2.5,-2.071067811865));
#7540 = DIRECTION('',(0.866025403784,-0.5,0.));
#7541 = DIRECTION('',(0.,0.,1.));
#7542 = PCURVE('',#6301,#7543);
#7543 = DEFINITIONAL_REPRESENTATION('',(#7544),#7548);
#7544 = HYPERBOLA('',#7545,2.071067811865,5.);
#7545 = AXIS2_PLACEMENT_2D('',#7546,#7547);
#7546 = CARTESIAN_POINT('',(2.886751345948,2.071067811865));
#7547 = DIRECTION('',(0.,-1.));
#7548 = ( GEOMETRIC_REPRESENTATION_CONTEXT(2) 
PARAMETRIC_REPRESENTATION_CONTEXT() REPRESENTATION_CONTEXT('2D SPACE',''
  ) );
#7549 = PCURVE('',#7514,#7550);
#7550 = DEFINITIONAL_REPRESENTATION('',(#7551),#7559);
#7551 = B_SPLINE_CURVE_WITH_KNOTS('',6,(#7552,#7553,#7554,#7555,#7556,
    #7557,#7558),.UNSPECIFIED.,.F.,.F.,(7,7),(-0.549306144334,8.E-17),
  .PIECEWISE_BEZIER_KNOTS.);
#7552 = CARTESIAN_POINT('',(2.094395102393,-3.482419234522E-16));
#7553 = CARTESIAN_POINT('',(2.173680614968,-0.109470448694));
#7554 = CARTESIAN_POINT('',(2.257321091577,-0.194887792316));
#7555 = CARTESIAN_POINT('',(2.344719912093,-0.257903513437));
#7556 = CARTESIAN_POINT('',(2.434892257009,-0.299564686892));
#7557 = CARTESIAN_POINT('',(2.526442853936,-0.320395305516));
#7558 = CARTESIAN_POINT('',(2.617993877991,-0.320395305516));
#7559 = ( GEOMETRIC_REPRESENTATION_CONTEXT(2) 
PARAMETRIC_REPRESENTATION_CONTEXT() REPRESENTATION_CONTEXT('2D SPACE',''
  ) );
#7560 = ORIENTED_EDGE('',*,*,#7476,.T.);
#7561 = ORIENTED_EDGE('',*,*,#6282,.F.);
#7562 = ORIENTED_EDGE('',*,*,#6316,.F.);
#7563 = ORIENTED_EDGE('',*,*,#7564,.F.);
#7564 = EDGE_CURVE('',#7565,#6317,#7567,.T.);
#7565 = VERTEX_POINT('',#7566);
#7566 = CARTESIAN_POINT('',(-5.773502691896,-7.8E-14,0.320395305516));
#7567 = SURFACE_CURVE('',#7568,(#7572,#7579),.PCURVE_S1.);
#7568 = LINE('',#7569,#7570);
#7569 = CARTESIAN_POINT('',(-5.773502691896,1.95E-15,0.));
#7570 = VECTOR('',#7571,1.);
#7571 = DIRECTION('',(0.,0.,1.));
#7572 = PCURVE('',#6301,#7573);
#7573 = DEFINITIONAL_REPRESENTATION('',(#7574),#7578);
#7574 = LINE('',#7575,#7576);
#7575 = CARTESIAN_POINT('',(5.773502691896,0.));
#7576 = VECTOR('',#7577,1.);
#7577 = DIRECTION('',(0.,-1.));
#7578 = ( GEOMETRIC_REPRESENTATION_CONTEXT(2) 
PARAMETRIC_REPRESENTATION_CONTEXT() REPRESENTATION_CONTEXT('2D SPACE',''
  ) );
#7579 = PCURVE('',#6364,#7580);
#7580 = DEFINITIONAL_REPRESENTATION('',(#7581),#7585);
#7581 = LINE('',#7582,#7583);
#7582 = CARTESIAN_POINT('',(0.,0.));
#7583 = VECTOR('',#7584,1.);
#7584 = DIRECTION('',(0.,-1.));
#7585 = ( GEOMETRIC_REPRESENTATION_CONTEXT(2) 
PARAMETRIC_REPRESENTATION_CONTEXT() REPRESENTATION_CONTEXT('2D SPACE',''
  ) );
#7586 = ORIENTED_EDGE('',*,*,#7587,.F.);
#7587 = EDGE_CURVE('',#7534,#7565,#7588,.T.);
#7588 = SURFACE_CURVE('',#7589,(#7594,#7601),.PCURVE_S1.);
#7589 = HYPERBOLA('',#7590,2.071067811865,5.);
#7590 = AXIS2_PLACEMENT_3D('',#7591,#7592,#7593);
#7591 = CARTESIAN_POINT('',(-4.330127018922,2.5,-2.071067811865));
#7592 = DIRECTION('',(0.866025403784,-0.5,0.));
#7593 = DIRECTION('',(0.,0.,1.));
#7594 = PCURVE('',#6301,#7595);
#7595 = DEFINITIONAL_REPRESENTATION('',(#7596),#7600);
#7596 = HYPERBOLA('',#7597,2.071067811865,5.);
#7597 = AXIS2_PLACEMENT_2D('',#7598,#7599);
#7598 = CARTESIAN_POINT('',(2.886751345948,2.071067811865));
#7599 = DIRECTION('',(0.,-1.));
#7600 = ( GEOMETRIC_REPRESENTATION_CONTEXT(2) 
PARAMETRIC_REPRESENTATION_CONTEXT() REPRESENTATION_CONTEXT('2D SPACE',''
  ) );
#7601 = PCURVE('',#7602,#7607);
#7602 = CONICAL_SURFACE('',#7603,5.773502691896,1.178097245096);
#7603 = AXIS2_PLACEMENT_3D('',#7604,#7605,#7606);
#7604 = CARTESIAN_POINT('',(0.,0.,0.320395305516));
#7605 = DIRECTION('',(0.,0.,1.));
#7606 = DIRECTION('',(1.,0.,0.));
#7607 = DEFINITIONAL_REPRESENTATION('',(#7608),#7616);
#7608 = B_SPLINE_CURVE_WITH_KNOTS('',6,(#7609,#7610,#7611,#7612,#7613,
    #7614,#7615),.UNSPECIFIED.,.F.,.F.,(7,7),(8.E-17,0.549306144334),
  .PIECEWISE_BEZIER_KNOTS.);
#7609 = CARTESIAN_POINT('',(2.617993877991,-0.320395305516));
#7610 = CARTESIAN_POINT('',(2.709544902047,-0.320395305516));
#7611 = CARTESIAN_POINT('',(2.801095498974,-0.299564686892));
#7612 = CARTESIAN_POINT('',(2.891267843889,-0.257903513437));
#7613 = CARTESIAN_POINT('',(2.978666664406,-0.194887792316));
#7614 = CARTESIAN_POINT('',(3.062307141015,-0.109470448694));
#7615 = CARTESIAN_POINT('',(3.14159265359,-3.061467458921E-17));
#7616 = ( GEOMETRIC_REPRESENTATION_CONTEXT(2) 
PARAMETRIC_REPRESENTATION_CONTEXT() REPRESENTATION_CONTEXT('2D SPACE',''
  ) );
#7617 = ADVANCED_FACE('',(#7618),#6364,.F.);
#7618 = FACE_BOUND('',#7619,.F.);
#7619 = EDGE_LOOP('',(#7620,#7648,#7649,#7650,#7651,#7674));
#7620 = ORIENTED_EDGE('',*,*,#7621,.F.);
#7621 = EDGE_CURVE('',#7565,#7622,#7624,.T.);
#7622 = VERTEX_POINT('',#7623);
#7623 = CARTESIAN_POINT('',(-4.33012700645,-2.500000021602,0.));
#7624 = SURFACE_CURVE('',#7625,(#7630,#7637),.PCURVE_S1.);
#7625 = HYPERBOLA('',#7626,2.071067811865,5.);
#7626 = AXIS2_PLACEMENT_3D('',#7627,#7628,#7629);
#7627 = CARTESIAN_POINT('',(-4.330127018922,-2.5,-2.071067811865));
#7628 = DIRECTION('',(0.866025403784,0.5,-0.));
#7629 = DIRECTION('',(0.,0.,1.));
#7630 = PCURVE('',#6364,#7631);
#7631 = DEFINITIONAL_REPRESENTATION('',(#7632),#7636);
#7632 = HYPERBOLA('',#7633,2.071067811865,5.);
#7633 = AXIS2_PLACEMENT_2D('',#7634,#7635);
#7634 = CARTESIAN_POINT('',(2.886751345948,2.071067811865));
#7635 = DIRECTION('',(0.,-1.));
#7636 = ( GEOMETRIC_REPRESENTATION_CONTEXT(2) 
PARAMETRIC_REPRESENTATION_CONTEXT() REPRESENTATION_CONTEXT('2D SPACE',''
  ) );
#7637 = PCURVE('',#7602,#7638);
#7638 = DEFINITIONAL_REPRESENTATION('',(#7639),#7647);
#7639 = B_SPLINE_CURVE_WITH_KNOTS('',6,(#7640,#7641,#7642,#7643,#7644,
    #7645,#7646),.UNSPECIFIED.,.F.,.F.,(7,7),(-0.549306144334,8.E-17),
  .PIECEWISE_BEZIER_KNOTS.);
#7640 = CARTESIAN_POINT('',(3.14159265359,-3.061467458921E-17));
#7641 = CARTESIAN_POINT('',(3.220878166164,-0.109470448694));
#7642 = CARTESIAN_POINT('',(3.304518642773,-0.194887792316));
#7643 = CARTESIAN_POINT('',(3.39191746329,-0.257903513437));
#7644 = CARTESIAN_POINT('',(3.482089808206,-0.299564686892));
#7645 = CARTESIAN_POINT('',(3.573640405132,-0.320395305516));
#7646 = CARTESIAN_POINT('',(3.665191429188,-0.320395305516));
#7647 = ( GEOMETRIC_REPRESENTATION_CONTEXT(2) 
PARAMETRIC_REPRESENTATION_CONTEXT() REPRESENTATION_CONTEXT('2D SPACE',''
  ) );
#7648 = ORIENTED_EDGE('',*,*,#7564,.T.);
#7649 = ORIENTED_EDGE('',*,*,#6345,.F.);
#7650 = ORIENTED_EDGE('',*,*,#6413,.F.);
#7651 = ORIENTED_EDGE('',*,*,#7652,.F.);
#7652 = EDGE_CURVE('',#7653,#6381,#7655,.T.);
#7653 = VERTEX_POINT('',#7654);
#7654 = CARTESIAN_POINT('',(-2.886751345948,-5.,0.320395305516));
#7655 = SURFACE_CURVE('',#7656,(#7660,#7667),.PCURVE_S1.);
#7656 = LINE('',#7657,#7658);
#7657 = CARTESIAN_POINT('',(-2.886751345948,-5.,0.));
#7658 = VECTOR('',#7659,1.);
#7659 = DIRECTION('',(0.,0.,1.));
#7660 = PCURVE('',#6364,#7661);
#7661 = DEFINITIONAL_REPRESENTATION('',(#7662),#7666);
#7662 = LINE('',#7663,#7664);
#7663 = CARTESIAN_POINT('',(5.773502691896,0.));
#7664 = VECTOR('',#7665,1.);
#7665 = DIRECTION('',(0.,-1.));
#7666 = ( GEOMETRIC_REPRESENTATION_CONTEXT(2) 
PARAMETRIC_REPRESENTATION_CONTEXT() REPRESENTATION_CONTEXT('2D SPACE',''
  ) );
#7667 = PCURVE('',#6401,#7668);
#7668 = DEFINITIONAL_REPRESENTATION('',(#7669),#7673);
#7669 = LINE('',#7670,#7671);
#7670 = CARTESIAN_POINT('',(0.,0.));
#7671 = VECTOR('',#7672,1.);
#7672 = DIRECTION('',(0.,-1.));
#7673 = ( GEOMETRIC_REPRESENTATION_CONTEXT(2) 
PARAMETRIC_REPRESENTATION_CONTEXT() REPRESENTATION_CONTEXT('2D SPACE',''
  ) );
#7674 = ORIENTED_EDGE('',*,*,#7675,.F.);
#7675 = EDGE_CURVE('',#7622,#7653,#7676,.T.);
#7676 = SURFACE_CURVE('',#7677,(#7682,#7689),.PCURVE_S1.);
#7677 = HYPERBOLA('',#7678,2.071067811865,5.);
#7678 = AXIS2_PLACEMENT_3D('',#7679,#7680,#7681);
#7679 = CARTESIAN_POINT('',(-4.330127018922,-2.5,-2.071067811865));
#7680 = DIRECTION('',(0.866025403784,0.5,-0.));
#7681 = DIRECTION('',(0.,0.,1.));
#7682 = PCURVE('',#6364,#7683);
#7683 = DEFINITIONAL_REPRESENTATION('',(#7684),#7688);
#7684 = HYPERBOLA('',#7685,2.071067811865,5.);
#7685 = AXIS2_PLACEMENT_2D('',#7686,#7687);
#7686 = CARTESIAN_POINT('',(2.886751345948,2.071067811865));
#7687 = DIRECTION('',(0.,-1.));
#7688 = ( GEOMETRIC_REPRESENTATION_CONTEXT(2) 
PARAMETRIC_REPRESENTATION_CONTEXT() REPRESENTATION_CONTEXT('2D SPACE',''
  ) );
#7689 = PCURVE('',#7690,#7695);
#7690 = CONICAL_SURFACE('',#7691,5.773502691896,1.178097245096);
#7691 = AXIS2_PLACEMENT_3D('',#7692,#7693,#7694);
#7692 = CARTESIAN_POINT('',(0.,0.,0.320395305516));
#7693 = DIRECTION('',(0.,0.,1.));
#7694 = DIRECTION('',(1.,0.,0.));
#7695 = DEFINITIONAL_REPRESENTATION('',(#7696),#7704);
#7696 = B_SPLINE_CURVE_WITH_KNOTS('',6,(#7697,#7698,#7699,#7700,#7701,
    #7702,#7703),.UNSPECIFIED.,.F.,.F.,(7,7),(8.E-17,0.549306144334),
  .PIECEWISE_BEZIER_KNOTS.);
#7697 = CARTESIAN_POINT('',(3.665191429188,-0.320395305516));
#7698 = CARTESIAN_POINT('',(3.756742453244,-0.320395305516));
#7699 = CARTESIAN_POINT('',(3.848293050171,-0.299564686892));
#7700 = CARTESIAN_POINT('',(3.938465395086,-0.257903513437));
#7701 = CARTESIAN_POINT('',(4.025864215603,-0.194887792316));
#7702 = CARTESIAN_POINT('',(4.109504692212,-0.109470448694));
#7703 = CARTESIAN_POINT('',(4.188790204786,-1.105955119535E-15));
#7704 = ( GEOMETRIC_REPRESENTATION_CONTEXT(2) 
PARAMETRIC_REPRESENTATION_CONTEXT() REPRESENTATION_CONTEXT('2D SPACE',''
  ) );
#7705 = ADVANCED_FACE('',(#7706),#6401,.F.);
#7706 = FACE_BOUND('',#7707,.F.);
#7707 = EDGE_LOOP('',(#7708,#7736,#7737,#7738,#7739,#7762));
#7708 = ORIENTED_EDGE('',*,*,#7709,.F.);
#7709 = EDGE_CURVE('',#7653,#7710,#7712,.T.);
#7710 = VERTEX_POINT('',#7711);
#7711 = CARTESIAN_POINT('',(-4.5800209E-08,-5.,0.));
#7712 = SURFACE_CURVE('',#7713,(#7718,#7725),.PCURVE_S1.);
#7713 = HYPERBOLA('',#7714,2.071067811865,5.);
#7714 = AXIS2_PLACEMENT_3D('',#7715,#7716,#7717);
#7715 = CARTESIAN_POINT('',(-2.31E-15,-5.,-2.071067811865));
#7716 = DIRECTION('',(4.6E-16,1.,-0.));
#7717 = DIRECTION('',(0.,0.,1.));
#7718 = PCURVE('',#6401,#7719);
#7719 = DEFINITIONAL_REPRESENTATION('',(#7720),#7724);
#7720 = HYPERBOLA('',#7721,2.071067811865,5.);
#7721 = AXIS2_PLACEMENT_2D('',#7722,#7723);
#7722 = CARTESIAN_POINT('',(2.886751345948,2.071067811865));
#7723 = DIRECTION('',(0.,-1.));
#7724 = ( GEOMETRIC_REPRESENTATION_CONTEXT(2) 
PARAMETRIC_REPRESENTATION_CONTEXT() REPRESENTATION_CONTEXT('2D SPACE',''
  ) );
#7725 = PCURVE('',#7690,#7726);
#7726 = DEFINITIONAL_REPRESENTATION('',(#7727),#7735);
#7727 = B_SPLINE_CURVE_WITH_KNOTS('',6,(#7728,#7729,#7730,#7731,#7732,
    #7733,#7734),.UNSPECIFIED.,.F.,.F.,(7,7),(-0.549306144334,2.8E-16),
  .PIECEWISE_BEZIER_KNOTS.);
#7728 = CARTESIAN_POINT('',(4.188790204786,-3.061467458921E-17));
#7729 = CARTESIAN_POINT('',(4.268075717361,-0.109470448694));
#7730 = CARTESIAN_POINT('',(4.35171619397,-0.194887792316));
#7731 = CARTESIAN_POINT('',(4.439115014486,-0.257903513437));
#7732 = CARTESIAN_POINT('',(4.529287359402,-0.299564686892));
#7733 = CARTESIAN_POINT('',(4.620837956329,-0.320395305516));
#7734 = CARTESIAN_POINT('',(4.712388980385,-0.320395305516));
#7735 = ( GEOMETRIC_REPRESENTATION_CONTEXT(2) 
PARAMETRIC_REPRESENTATION_CONTEXT() REPRESENTATION_CONTEXT('2D SPACE',''
  ) );
#7736 = ORIENTED_EDGE('',*,*,#7652,.T.);
#7737 = ORIENTED_EDGE('',*,*,#6380,.F.);
#7738 = ORIENTED_EDGE('',*,*,#6476,.F.);
#7739 = ORIENTED_EDGE('',*,*,#7740,.F.);
#7740 = EDGE_CURVE('',#7741,#6444,#7743,.T.);
#7741 = VERTEX_POINT('',#7742);
#7742 = CARTESIAN_POINT('',(2.886751345948,-5.,0.320395305516));
#7743 = SURFACE_CURVE('',#7744,(#7748,#7755),.PCURVE_S1.);
#7744 = LINE('',#7745,#7746);
#7745 = CARTESIAN_POINT('',(2.886751345948,-5.,0.));
#7746 = VECTOR('',#7747,1.);
#7747 = DIRECTION('',(0.,0.,1.));
#7748 = PCURVE('',#6401,#7749);
#7749 = DEFINITIONAL_REPRESENTATION('',(#7750),#7754);
#7750 = LINE('',#7751,#7752);
#7751 = CARTESIAN_POINT('',(5.773502691896,0.));
#7752 = VECTOR('',#7753,1.);
#7753 = DIRECTION('',(0.,-1.));
#7754 = ( GEOMETRIC_REPRESENTATION_CONTEXT(2) 
PARAMETRIC_REPRESENTATION_CONTEXT() REPRESENTATION_CONTEXT('2D SPACE',''
  ) );
#7755 = PCURVE('',#6464,#7756);
#7756 = DEFINITIONAL_REPRESENTATION('',(#7757),#7761);
#7757 = LINE('',#7758,#7759);
#7758 = CARTESIAN_POINT('',(0.,0.));
#7759 = VECTOR('',#7760,1.);
#7760 = DIRECTION('',(0.,-1.));
#7761 = ( GEOMETRIC_REPRESENTATION_CONTEXT(2) 
PARAMETRIC_REPRESENTATION_CONTEXT() REPRESENTATION_CONTEXT('2D SPACE',''
  ) );
#7762 = ORIENTED_EDGE('',*,*,#7763,.F.);
#7763 = EDGE_CURVE('',#7710,#7741,#7764,.T.);
#7764 = SURFACE_CURVE('',#7765,(#7770,#7777),.PCURVE_S1.);
#7765 = HYPERBOLA('',#7766,2.071067811865,5.);
#7766 = AXIS2_PLACEMENT_3D('',#7767,#7768,#7769);
#7767 = CARTESIAN_POINT('',(-2.31E-15,-5.,-2.071067811865));
#7768 = DIRECTION('',(4.6E-16,1.,-0.));
#7769 = DIRECTION('',(0.,0.,1.));
#7770 = PCURVE('',#6401,#7771);
#7771 = DEFINITIONAL_REPRESENTATION('',(#7772),#7776);
#7772 = HYPERBOLA('',#7773,2.071067811865,5.);
#7773 = AXIS2_PLACEMENT_2D('',#7774,#7775);
#7774 = CARTESIAN_POINT('',(2.886751345948,2.071067811865));
#7775 = DIRECTION('',(0.,-1.));
#7776 = ( GEOMETRIC_REPRESENTATION_CONTEXT(2) 
PARAMETRIC_REPRESENTATION_CONTEXT() REPRESENTATION_CONTEXT('2D SPACE',''
  ) );
#7777 = PCURVE('',#7778,#7783);
#7778 = CONICAL_SURFACE('',#7779,5.773502691896,1.178097245096);
#7779 = AXIS2_PLACEMENT_3D('',#7780,#7781,#7782);
#7780 = CARTESIAN_POINT('',(0.,0.,0.320395305516));
#7781 = DIRECTION('',(0.,0.,1.));
#7782 = DIRECTION('',(1.,0.,0.));
#7783 = DEFINITIONAL_REPRESENTATION('',(#7784),#7792);
#7784 = B_SPLINE_CURVE_WITH_KNOTS('',6,(#7785,#7786,#7787,#7788,#7789,
    #7790,#7791),.UNSPECIFIED.,.F.,.F.,(7,7),(2.8E-16,0.549306144334),
  .PIECEWISE_BEZIER_KNOTS.);
#7785 = CARTESIAN_POINT('',(4.712388980385,-0.320395305516));
#7786 = CARTESIAN_POINT('',(4.80394000444,-0.320395305516));
#7787 = CARTESIAN_POINT('',(4.895490601367,-0.299564686892));
#7788 = CARTESIAN_POINT('',(4.985662946282,-0.257903513437));
#7789 = CARTESIAN_POINT('',(5.073061766799,-0.194887792316));
#7790 = CARTESIAN_POINT('',(5.156702243408,-0.109470448694));
#7791 = CARTESIAN_POINT('',(5.235987755983,-3.482419234522E-16));
#7792 = ( GEOMETRIC_REPRESENTATION_CONTEXT(2) 
PARAMETRIC_REPRESENTATION_CONTEXT() REPRESENTATION_CONTEXT('2D SPACE',''
  ) );
#7793 = ADVANCED_FACE('',(#7794),#6464,.F.);
#7794 = FACE_BOUND('',#7795,.F.);
#7795 = EDGE_LOOP('',(#7796,#7824,#7825,#7826,#7827,#7828));
#7796 = ORIENTED_EDGE('',*,*,#7797,.F.);
#7797 = EDGE_CURVE('',#7741,#7798,#7800,.T.);
#7798 = VERTEX_POINT('',#7799);
#7799 = CARTESIAN_POINT('',(4.330127006451,-2.500000021602,0.));
#7800 = SURFACE_CURVE('',#7801,(#7806,#7813),.PCURVE_S1.);
#7801 = HYPERBOLA('',#7802,2.071067811865,5.);
#7802 = AXIS2_PLACEMENT_3D('',#7803,#7804,#7805);
#7803 = CARTESIAN_POINT('',(4.330127018922,-2.5,-2.071067811865));
#7804 = DIRECTION('',(-0.866025403784,0.5,0.));
#7805 = DIRECTION('',(0.,0.,1.));
#7806 = PCURVE('',#6464,#7807);
#7807 = DEFINITIONAL_REPRESENTATION('',(#7808),#7812);
#7808 = HYPERBOLA('',#7809,2.071067811865,5.);
#7809 = AXIS2_PLACEMENT_2D('',#7810,#7811);
#7810 = CARTESIAN_POINT('',(2.886751345948,2.071067811865));
#7811 = DIRECTION('',(0.,-1.));
#7812 = ( GEOMETRIC_REPRESENTATION_CONTEXT(2) 
PARAMETRIC_REPRESENTATION_CONTEXT() REPRESENTATION_CONTEXT('2D SPACE',''
  ) );
#7813 = PCURVE('',#7778,#7814);
#7814 = DEFINITIONAL_REPRESENTATION('',(#7815),#7823);
#7815 = B_SPLINE_CURVE_WITH_KNOTS('',6,(#7816,#7817,#7818,#7819,#7820,
    #7821,#7822),.UNSPECIFIED.,.F.,.F.,(7,7),(-0.549306144334,-1.7E-16),
  .PIECEWISE_BEZIER_KNOTS.);
#7816 = CARTESIAN_POINT('',(5.235987755983,4.132981069543E-16));
#7817 = CARTESIAN_POINT('',(5.315273268558,-0.109470448694));
#7818 = CARTESIAN_POINT('',(5.398913745167,-0.194887792316));
#7819 = CARTESIAN_POINT('',(5.486312565683,-0.257903513437));
#7820 = CARTESIAN_POINT('',(5.576484910599,-0.299564686892));
#7821 = CARTESIAN_POINT('',(5.668035507526,-0.320395305516));
#7822 = CARTESIAN_POINT('',(5.759586531581,-0.320395305516));
#7823 = ( GEOMETRIC_REPRESENTATION_CONTEXT(2) 
PARAMETRIC_REPRESENTATION_CONTEXT() REPRESENTATION_CONTEXT('2D SPACE',''
  ) );
#7824 = ORIENTED_EDGE('',*,*,#7740,.T.);
#7825 = ORIENTED_EDGE('',*,*,#6443,.F.);
#7826 = ORIENTED_EDGE('',*,*,#6507,.F.);
#7827 = ORIENTED_EDGE('',*,*,#7365,.T.);
#7828 = ORIENTED_EDGE('',*,*,#7829,.F.);
#7829 = EDGE_CURVE('',#7798,#7331,#7830,.T.);
#7830 = SURFACE_CURVE('',#7831,(#7836,#7843),.PCURVE_S1.);
#7831 = HYPERBOLA('',#7832,2.071067811865,5.);
#7832 = AXIS2_PLACEMENT_3D('',#7833,#7834,#7835);
#7833 = CARTESIAN_POINT('',(4.330127018922,-2.5,-2.071067811865));
#7834 = DIRECTION('',(-0.866025403784,0.5,0.));
#7835 = DIRECTION('',(0.,0.,1.));
#7836 = PCURVE('',#6464,#7837);
#7837 = DEFINITIONAL_REPRESENTATION('',(#7838),#7842);
#7838 = HYPERBOLA('',#7839,2.071067811865,5.);
#7839 = AXIS2_PLACEMENT_2D('',#7840,#7841);
#7840 = CARTESIAN_POINT('',(2.886751345948,2.071067811865));
#7841 = DIRECTION('',(0.,-1.));
#7842 = ( GEOMETRIC_REPRESENTATION_CONTEXT(2) 
PARAMETRIC_REPRESENTATION_CONTEXT() REPRESENTATION_CONTEXT('2D SPACE',''
  ) );
#7843 = PCURVE('',#7844,#7849);
#7844 = CONICAL_SURFACE('',#7845,5.773502691896,1.178097245096);
#7845 = AXIS2_PLACEMENT_3D('',#7846,#7847,#7848);
#7846 = CARTESIAN_POINT('',(0.,0.,0.320395305516));
#7847 = DIRECTION('',(0.,0.,1.));
#7848 = DIRECTION('',(1.,0.,0.));
#7849 = DEFINITIONAL_REPRESENTATION('',(#7850),#7858);
#7850 = B_SPLINE_CURVE_WITH_KNOTS('',6,(#7851,#7852,#7853,#7854,#7855,
    #7856,#7857),.UNSPECIFIED.,.F.,.F.,(7,7),(-1.7E-16,0.549306144334),
  .PIECEWISE_BEZIER_KNOTS.);
#7851 = CARTESIAN_POINT('',(5.759586531581,-0.320395305516));
#7852 = CARTESIAN_POINT('',(5.851137555637,-0.320395305516));
#7853 = CARTESIAN_POINT('',(5.942688152564,-0.299564686892));
#7854 = CARTESIAN_POINT('',(6.032860497479,-0.257903513437));
#7855 = CARTESIAN_POINT('',(6.120259317996,-0.194887792316));
#7856 = CARTESIAN_POINT('',(6.203899794605,-0.109470448694));
#7857 = CARTESIAN_POINT('',(6.28318530718,3.061467458921E-17));
#7858 = ( GEOMETRIC_REPRESENTATION_CONTEXT(2) 
PARAMETRIC_REPRESENTATION_CONTEXT() REPRESENTATION_CONTEXT('2D SPACE',''
  ) );
#7859 = ADVANCED_FACE('',(#7860),#6554,.F.);
#7860 = FACE_BOUND('',#7861,.F.);
#7861 = EDGE_LOOP('',(#7862,#7892,#8169,#8170));
#7862 = ORIENTED_EDGE('',*,*,#7863,.F.);
#7863 = EDGE_CURVE('',#7864,#7866,#7868,.T.);
#7864 = VERTEX_POINT('',#7865);
#7865 = CARTESIAN_POINT('',(2.598734122635,5.0037278E-08,0.874998288864)
  );
#7866 = VERTEX_POINT('',#7867);
#7867 = CARTESIAN_POINT('',(2.598734122635,1.00075026E-07,1.124992365649
    ));
#7868 = SURFACE_CURVE('',#7869,(#7873,#7880),.PCURVE_S1.);
#7869 = LINE('',#7870,#7871);
#7870 = CARTESIAN_POINT('',(2.598734122635,0.,0.248527130307));
#7871 = VECTOR('',#7872,1.);
#7872 = DIRECTION('',(0.,0.,1.));
#7873 = PCURVE('',#6554,#7874);
#7874 = DEFINITIONAL_REPRESENTATION('',(#7875),#7879);
#7875 = LINE('',#7876,#7877);
#7876 = CARTESIAN_POINT('',(0.,0.));
#7877 = VECTOR('',#7878,1.);
#7878 = DIRECTION('',(0.,1.));
#7879 = ( GEOMETRIC_REPRESENTATION_CONTEXT(2) 
PARAMETRIC_REPRESENTATION_CONTEXT() REPRESENTATION_CONTEXT('2D SPACE',''
  ) );
#7880 = PCURVE('',#7881,#7886);
#7881 = CYLINDRICAL_SURFACE('',#7882,2.598734122635);
#7882 = AXIS2_PLACEMENT_3D('',#7883,#7884,#7885);
#7883 = CARTESIAN_POINT('',(0.,0.,0.248527130307));
#7884 = DIRECTION('',(0.,0.,1.));
#7885 = DIRECTION('',(1.,0.,-0.));
#7886 = DEFINITIONAL_REPRESENTATION('',(#7887),#7891);
#7887 = LINE('',#7888,#7889);
#7888 = CARTESIAN_POINT('',(6.28318530718,0.));
#7889 = VECTOR('',#7890,1.);
#7890 = DIRECTION('',(0.,1.));
#7891 = ( GEOMETRIC_REPRESENTATION_CONTEXT(2) 
PARAMETRIC_REPRESENTATION_CONTEXT() REPRESENTATION_CONTEXT('2D SPACE',''
  ) );
#7892 = ORIENTED_EDGE('',*,*,#7893,.T.);
#7893 = EDGE_CURVE('',#7864,#6537,#7894,.T.);
#7894 = SURFACE_CURVE('',#7895,(#7976,#8060),.PCURVE_S1.);
#7895 = B_SPLINE_CURVE_WITH_KNOTS('',7,(#7896,#7897,#7898,#7899,#7900,
    #7901,#7902,#7903,#7904,#7905,#7906,#7907,#7908,#7909,#7910,#7911,
    #7912,#7913,#7914,#7915,#7916,#7917,#7918,#7919,#7920,#7921,#7922,
    #7923,#7924,#7925,#7926,#7927,#7928,#7929,#7930,#7931,#7932,#7933,
    #7934,#7935,#7936,#7937,#7938,#7939,#7940,#7941,#7942,#7943,#7944,
    #7945,#7946,#7947,#7948,#7949,#7950,#7951,#7952,#7953,#7954,#7955,
    #7956,#7957,#7958,#7959,#7960,#7961,#7962,#7963,#7964,#7965,#7966,
    #7967,#7968,#7969,#7970,#7971,#7972,#7973,#7974,#7975),
  .UNSPECIFIED.,.F.,.F.,(8,6,6,6,6,6,6,6,6,6,6,6,6,8),(0.,
    3.488467698523E-02,0.108411051284,0.195982262674,0.284850418584,
    0.383675712451,0.501422780834,0.540547145581,0.617549136247,
    0.718164944288,0.804154921389,0.896243846524,0.966951897311,1.),
  .UNSPECIFIED.);
#7896 = CARTESIAN_POINT('',(2.598734122635,2.0014903246E-07,
    0.874998294992));
#7897 = CARTESIAN_POINT('',(2.598734122635,8.136877709402E-02,
    0.879981226478));
#7898 = CARTESIAN_POINT('',(2.595761764174,0.162737446217,0.884964590193
    ));
#7899 = CARTESIAN_POINT('',(2.589817111407,0.243975341676,0.889948118649
    ));
#7900 = CARTESIAN_POINT('',(2.580907318364,0.324952361819,0.894931623645
    ));
#7901 = CARTESIAN_POINT('',(2.569046628957,0.405539169189,0.899914996271
    ));
#7902 = CARTESIAN_POINT('',(2.554256376972,0.485607190519,0.904898206905
    ));
#7903 = CARTESIAN_POINT('',(2.499276871605,0.732425021576,0.920384173032
    ));
#7904 = CARTESIAN_POINT('',(2.449097832437,0.896962573017,0.930887224161
    ));
#7905 = CARTESIAN_POINT('',(2.386294627963,1.057428606475,0.941389285113
    ));
#7906 = CARTESIAN_POINT('',(2.311275031246,1.212668642603,0.951891161918
    ));
#7907 = CARTESIAN_POINT('',(2.224569767988,1.361584317533,0.962393925775
    ));
#7908 = CARTESIAN_POINT('',(2.12682998088,1.503138716371,0.972897740803)
  );
#7909 = CARTESIAN_POINT('',(1.890222504566,1.795048863596,0.995911079835
    ));
#7910 = CARTESIAN_POINT('',(1.747035462346,1.941957140511,1.008423280953
    ));
#7911 = CARTESIAN_POINT('',(1.59060322216,2.075445895964,1.02093459501)
  );
#7912 = CARTESIAN_POINT('',(1.422449869031,2.194112710701,1.033444997073
    ));
#7913 = CARTESIAN_POINT('',(1.244259388961,2.296769237347,1.045955774748
    ));
#7914 = CARTESIAN_POINT('',(1.05786379353,2.382449544033,1.058467329714)
  );
#7915 = CARTESIAN_POINT('',(0.669802550386,2.519474388508,1.083671307104
    ));
#7916 = CARTESIAN_POINT('',(0.467893472804,2.570312147681,1.096367375391
    ));
#7917 = CARTESIAN_POINT('',(0.261613569784,2.60222616269,1.109061682812)
  );
#7918 = CARTESIAN_POINT('',(5.308818190521E-02,2.614804864622,
    1.121755029236));
#7919 = CARTESIAN_POINT('',(-0.155532458148,2.607918478529,
    1.134449479391));
#7920 = CARTESIAN_POINT('',(-0.36208891814,2.58172004211,1.147145700744)
  );
#7921 = CARTESIAN_POINT('',(-0.789431363156,2.486634785358,
    1.173957425013));
#7922 = CARTESIAN_POINT('',(-1.009309130084,2.413273642639,
    1.188078127502));
#7923 = CARTESIAN_POINT('',(-1.22106741969,2.317262698581,1.20219694164)
  );
#7924 = CARTESIAN_POINT('',(-1.421945339104,2.199723470897,
    1.216314495521));
#7925 = CARTESIAN_POINT('',(-1.609385443777,2.06215244321,1.23043346973)
  );
#7926 = CARTESIAN_POINT('',(-1.781057579132,1.906407077946,
    1.244554462387));
#7927 = CARTESIAN_POINT('',(-2.11827044192,1.530287231319,1.275492233916
    ));
#7928 = CARTESIAN_POINT('',(-2.276478772007,1.303097250683,
    1.292319786194));
#7929 = CARTESIAN_POINT('',(-2.406020134887,1.057074388694,
    1.309140247021));
#7930 = CARTESIAN_POINT('',(-2.504349828972,0.796599583535,
    1.325958110713));
#7931 = CARTESIAN_POINT('',(-2.56970405469,0.52634562553,1.342778175478)
  );
#7932 = CARTESIAN_POINT('',(-2.601097014107,0.251281785543,
    1.359605140042));
#7933 = CARTESIAN_POINT('',(-2.597809222887,-0.114604060859,
    1.38201365528));
#7934 = CARTESIAN_POINT('',(-2.593250654724,-0.205824528915,
    1.387602503899));
#7935 = CARTESIAN_POINT('',(-2.584955243179,-0.296827066202,
    1.393191424345));
#7936 = CARTESIAN_POINT('',(-2.572935929545,-0.38742816898,
    1.398780410771));
#7937 = CARTESIAN_POINT('',(-2.557216859948,-0.477445830669,
    1.404369454685));
#7938 = CARTESIAN_POINT('',(-2.53783338534,-0.566699541851,
    1.409958544949));
#7939 = CARTESIAN_POINT('',(-2.4695623751,-0.828817672684,1.426547810177
    ));
#7940 = CARTESIAN_POINT('',(-2.410274385161,-0.998989785872,
    1.437549052384));
#7941 = CARTESIAN_POINT('',(-2.337324117267,-1.164142795723,
    1.448549700715));
#7942 = CARTESIAN_POINT('',(-2.251235187563,-1.322971095161,
    1.459549893774));
#7943 = CARTESIAN_POINT('',(-2.152675238918,-1.47424294824,
    1.470550400935));
#7944 = CARTESIAN_POINT('',(-2.04245241349,-1.616806988146,
    1.481551406505));
#7945 = CARTESIAN_POINT('',(-1.763529205913,-1.923138056795,
    1.506924428947));
#7946 = CARTESIAN_POINT('',(-1.587204206159,-2.080062764272,
    1.52130074438));
#7947 = CARTESIAN_POINT('',(-1.394718272329,-2.217979457987,
    1.535674100383));
#7948 = CARTESIAN_POINT('',(-1.188552648204,-2.334954954043,
    1.550045588819));
#7949 = CARTESIAN_POINT('',(-0.971427310691,-2.429445909425,
    1.564418753001));
#7950 = CARTESIAN_POINT('',(-0.74627451998,-2.500313883057,
    1.578794762876));
#7951 = CARTESIAN_POINT('',(-0.319694136253,-2.586782215523,
    1.605451028703));
#7952 = CARTESIAN_POINT('',(-0.119507154796,-2.608932913129,
    1.617736334826));
#7953 = CARTESIAN_POINT('',(8.233568443178E-02,-2.612983468387,
    1.630020666167));
#7954 = CARTESIAN_POINT('',(0.283876858602,-2.598821968157,
    1.642304372158));
#7955 = CARTESIAN_POINT('',(0.483169752331,-2.56658522701,1.654588785795
    ));
#7956 = CARTESIAN_POINT('',(0.678291843773,-2.516657836317,
    1.666874150553));
#7957 = CARTESIAN_POINT('',(1.069839889146,-2.378023977342,
    1.692312317399));
#7958 = CARTESIAN_POINT('',(1.265441245805,-2.286795337966,
    1.705468954741));
#7959 = CARTESIAN_POINT('',(1.451837271873,-2.176840185495,
    1.718623546099));
#7960 = CARTESIAN_POINT('',(1.626907044283,-2.049301913775,
    1.731776794734));
#7961 = CARTESIAN_POINT('',(1.788713037652,-1.905591930575,
    1.744931242137));
#7962 = CARTESIAN_POINT('',(1.935516500419,-1.747378524396,
    1.758088022308));
#7963 = CARTESIAN_POINT('',(2.165890557488,-1.445523107595,
    1.781344099827));
#7964 = CARTESIAN_POINT('',(2.256248439094,-1.307000905557,
    1.791445999425));
#7965 = CARTESIAN_POINT('',(2.336233960087,-1.161937450988,
    1.801547850099));
#7966 = CARTESIAN_POINT('',(2.405290763241,-1.011268516942,
    1.811649741433));
#7967 = CARTESIAN_POINT('',(2.462966918942,-0.855980273109,
    1.821751787302));
#7968 = CARTESIAN_POINT('',(2.508916870387,-0.697104914662,
    1.831853513665));
#7969 = CARTESIAN_POINT('',(2.558806487114,-0.460293582096,
    1.846674514093));
#7970 = CARTESIAN_POINT('',(2.57208696085,-0.384314911019,1.851395092953
    ));
#7971 = CARTESIAN_POINT('',(2.582734300199,-0.307894898813,
    1.856115461482));
#7972 = CARTESIAN_POINT('',(2.590731307483,-0.2311430211,1.860835648964)
  );
#7973 = CARTESIAN_POINT('',(2.596066502522,-0.154169343418,1.865555762)
  );
#7974 = CARTESIAN_POINT('',(2.598734122635,-7.708452121438E-02,
    1.87027598451));
#7975 = CARTESIAN_POINT('',(2.598734122635,2.0014906177E-07,
    1.874996577729));
#7976 = PCURVE('',#6554,#7977);
#7977 = DEFINITIONAL_REPRESENTATION('',(#7978),#8059);
#7978 = B_SPLINE_CURVE_WITH_KNOTS('',7,(#7979,#7980,#7981,#7982,#7983,
    #7984,#7985,#7986,#7987,#7988,#7989,#7990,#7991,#7992,#7993,#7994,
    #7995,#7996,#7997,#7998,#7999,#8000,#8001,#8002,#8003,#8004,#8005,
    #8006,#8007,#8008,#8009,#8010,#8011,#8012,#8013,#8014,#8015,#8016,
    #8017,#8018,#8019,#8020,#8021,#8022,#8023,#8024,#8025,#8026,#8027,
    #8028,#8029,#8030,#8031,#8032,#8033,#8034,#8035,#8036,#8037,#8038,
    #8039,#8040,#8041,#8042,#8043,#8044,#8045,#8046,#8047,#8048,#8049,
    #8050,#8051,#8052,#8053,#8054,#8055,#8056,#8057,#8058),
  .UNSPECIFIED.,.F.,.F.,(8,6,6,6,6,6,6,6,6,6,6,6,6,8),(0.,
    3.488467698523E-02,0.108411051284,0.195982262674,0.284850418584,
    0.383675712451,0.501422780834,0.540547145581,0.617549136247,
    0.718164944288,0.804154921389,0.896243846524,0.966951897311,1.),
  .UNSPECIFIED.);
#7979 = CARTESIAN_POINT('',(0.,0.626471164685));
#7980 = CARTESIAN_POINT('',(3.131085101638E-02,0.631454096171));
#7981 = CARTESIAN_POINT('',(6.262163762553E-02,0.636437459886));
#7982 = CARTESIAN_POINT('',(9.393237913526E-02,0.641420988342));
#7983 = CARTESIAN_POINT('',(0.125243088219,0.646404493338));
#7984 = CARTESIAN_POINT('',(0.156553770918,0.651387865964));
#7985 = CARTESIAN_POINT('',(0.187864426637,0.656371076598));
#7986 = CARTESIAN_POINT('',(0.285168391807,0.671857042725));
#7987 = CARTESIAN_POINT('',(0.351166425496,0.682360093854));
#7988 = CARTESIAN_POINT('',(0.417161117195,0.692862154806));
#7989 = CARTESIAN_POINT('',(0.483153694116,0.703364031611));
#7990 = CARTESIAN_POINT('',(0.54914848331,0.713866795468));
#7991 = CARTESIAN_POINT('',(0.615146707811,0.724370610495));
#7992 = CARTESIAN_POINT('',(0.759739699584,0.747383949528));
#7993 = CARTESIAN_POINT('',(0.838350225438,0.759896150646));
#7994 = CARTESIAN_POINT('',(0.91695252335,0.772407464703));
#7995 = CARTESIAN_POINT('',(0.995549576216,0.784917866766));
#7996 = CARTESIAN_POINT('',(1.07415179896,0.797428644441));
#7997 = CARTESIAN_POINT('',(1.152762197116,0.809940199407));
#7998 = CARTESIAN_POINT('',(1.311124927096,0.835144176797));
#7999 = CARTESIAN_POINT('',(1.390900239313,0.847840245084));
#8000 = CARTESIAN_POINT('',(1.47066681381,0.860534552505));
#8001 = CARTESIAN_POINT('',(1.550427842176,0.873227898929));
#8002 = CARTESIAN_POINT('',(1.63019449485,0.885922349084));
#8003 = CARTESIAN_POINT('',(1.709969969014,0.898618570437));
#8004 = CARTESIAN_POINT('',(1.878433939722,0.925430294706));
#8005 = CARTESIAN_POINT('',(1.967154565003,0.939550997195));
#8006 = CARTESIAN_POINT('',(2.055860290999,0.953669811333));
#8007 = CARTESIAN_POINT('',(2.144556528687,0.967787365214));
#8008 = CARTESIAN_POINT('',(2.233262180845,0.981906339423));
#8009 = CARTESIAN_POINT('',(2.321982684748,0.99602733208));
#8010 = CARTESIAN_POINT('',(2.516366598525,1.026965103609));
#8011 = CARTESIAN_POINT('',(2.622098795307,1.043792655887));
#8012 = CARTESIAN_POINT('',(2.727790894603,1.060613116713));
#8013 = CARTESIAN_POINT('',(2.833469948043,1.077430980406));
#8014 = CARTESIAN_POINT('',(2.939162143606,1.094251045171));
#8015 = CARTESIAN_POINT('',(3.044894666524,1.111078009735));
#8016 = CARTESIAN_POINT('',(3.185694225316,1.133486524973));
#8017 = CARTESIAN_POINT('',(3.220810277979,1.139075373592));
#8018 = CARTESIAN_POINT('',(3.255926371133,1.144664294038));
#8019 = CARTESIAN_POINT('',(3.291042471467,1.150253280463));
#8020 = CARTESIAN_POINT('',(3.326158549723,1.155842324378));
#8021 = CARTESIAN_POINT('',(3.36127458069,1.161431414642));
#8022 = CARTESIAN_POINT('',(3.465503461356,1.17802067987));
#8023 = CARTESIAN_POINT('',(3.534622227527,1.189021922077));
#8024 = CARTESIAN_POINT('',(3.603736653458,1.200022570408));
#8025 = CARTESIAN_POINT('',(3.672848317312,1.211022763467));
#8026 = CARTESIAN_POINT('',(3.741962721285,1.222023270628));
#8027 = CARTESIAN_POINT('',(3.81108144831,1.233024276198));
#8028 = CARTESIAN_POINT('',(3.970501687315,1.25839729864));
#8029 = CARTESIAN_POINT('',(4.060831085737,1.272773614073));
#8030 = CARTESIAN_POINT('',(4.151144283604,1.287146970076));
#8031 = CARTESIAN_POINT('',(4.241447200679,1.301518458512));
#8032 = CARTESIAN_POINT('',(4.331760477441,1.315891622694));
#8033 = CARTESIAN_POINT('',(4.422090020132,1.330267632569));
#8034 = CARTESIAN_POINT('',(4.589577636054,1.356923898396));
#8035 = CARTESIAN_POINT('',(4.666767885029,1.369209204519));
#8036 = CARTESIAN_POINT('',(4.743950649137,1.381493535859));
#8037 = CARTESIAN_POINT('',(4.821128631549,1.39377724185));
#8038 = CARTESIAN_POINT('',(4.89831132794,1.406061655488));
#8039 = CARTESIAN_POINT('',(4.975501476959,1.418347020246));
#8040 = CARTESIAN_POINT('',(5.135335591271,1.443785187092));
#8041 = CARTESIAN_POINT('',(5.218003918949,1.456941824434));
#8042 = CARTESIAN_POINT('',(5.300661793699,1.470096415792));
#8043 = CARTESIAN_POINT('',(5.383313056974,1.483249664427));
#8044 = CARTESIAN_POINT('',(5.465971037202,1.49640411183));
#8045 = CARTESIAN_POINT('',(5.548639526336,1.509560892001));
#8046 = CARTESIAN_POINT('',(5.694757642227,1.53281696952));
#8047 = CARTESIAN_POINT('',(5.758225359458,1.542918869118));
#8048 = CARTESIAN_POINT('',(5.821690215219,1.553020719792));
#8049 = CARTESIAN_POINT('',(5.885153212599,1.563122611126));
#8050 = CARTESIAN_POINT('',(5.948617942436,1.573224656995));
#8051 = CARTESIAN_POINT('',(6.012085463504,1.583326383358));
#8052 = CARTESIAN_POINT('',(6.105211367677,1.598147383786));
#8053 = CARTESIAN_POINT('',(6.134873601175,1.602867962646));
#8054 = CARTESIAN_POINT('',(6.16453587382,1.607588331175));
#8055 = CARTESIAN_POINT('',(6.194198181144,1.612308518657));
#8056 = CARTESIAN_POINT('',(6.223860521389,1.617028631693));
#8057 = CARTESIAN_POINT('',(6.253522895511,1.621748854203));
#8058 = CARTESIAN_POINT('',(6.28318530718,1.626469447422));
#8059 = ( GEOMETRIC_REPRESENTATION_CONTEXT(2) 
PARAMETRIC_REPRESENTATION_CONTEXT() REPRESENTATION_CONTEXT('2D SPACE',''
  ) );
#8060 = PCURVE('',#8061,#8086);
#8061 = B_SPLINE_SURFACE_WITH_KNOTS('',1,11,(
    (#8062,#8063,#8064,#8065,#8066,#8067,#8068,#8069,#8070,#8071,#8072
      ,#8073)
    ,(#8074,#8075,#8076,#8077,#8078,#8079,#8080,#8081,#8082,#8083,#8084
      ,#8085
    )),.UNSPECIFIED.,.F.,.F.,.F.,(2,2),(12,12),(0.,0.825),(0.,
    6.362265131567),.PIECEWISE_BEZIER_KNOTS.);
#8062 = CARTESIAN_POINT('',(2.425529133076,1.3209825898E-07,
    0.974997393807));
#8063 = CARTESIAN_POINT('',(2.425529171911,1.385547101977,1.065903219252
    ));
#8064 = CARTESIAN_POINT('',(1.55515326176,2.770275689251,1.15675868862)
  );
#8065 = CARTESIAN_POINT('',(-0.187056467687,3.550919216815,
    1.248006724255));
#8066 = CARTESIAN_POINT('',(-2.316188618493,3.105547805529,
    1.337935791818));
#8067 = CARTESIAN_POINT('',(-3.902986663494,1.288347613063,
    1.430598853225));
#8068 = CARTESIAN_POINT('',(-3.902919261862,-1.288349054303,
    1.519393328211));
#8069 = CARTESIAN_POINT('',(-2.316233295128,-3.105546781785,
    1.612056389572));
#8070 = CARTESIAN_POINT('',(-0.187036888948,-3.550919985913,
    1.701985457187));
#8071 = CARTESIAN_POINT('',(1.555149857064,-2.770275291546,
    1.793233492794));
#8072 = CARTESIAN_POINT('',(2.425529260874,-1.385546705682,
    1.884088962168));
#8073 = CARTESIAN_POINT('',(2.425529224283,2.641964749E-07,
    1.974994787614));
#8074 = CARTESIAN_POINT('',(3.14000159588,-1.4789E-13,0.562500000003));
#8075 = CARTESIAN_POINT('',(3.140003595457,1.793565172919,0.653409090919
    ));
#8076 = CARTESIAN_POINT('',(2.013348295742,3.587090958418,0.744318181958
    ));
#8077 = CARTESIAN_POINT('',(-0.242564787959,4.594284198313,
    0.835227271975));
#8078 = CARTESIAN_POINT('',(-2.997701637259,4.025725160401,
    0.926136365701));
#8079 = CARTESIAN_POINT('',(-5.053409421822,1.660200342014,
    1.017045451149));
#8080 = CARTESIAN_POINT('',(-5.052233686518,-1.660214400121,
    1.107954549138));
#8081 = CARTESIAN_POINT('',(-2.998492286524,-4.025700629858,
    1.198863633764));
#8082 = CARTESIAN_POINT('',(-0.242232339704,-4.594297118231,
    1.289772728417));
#8083 = CARTESIAN_POINT('',(2.013280795601,-3.587088446209,1.38068181795
    ));
#8084 = CARTESIAN_POINT('',(3.140001192181,-1.79356517292,1.471590909088
    ));
#8085 = CARTESIAN_POINT('',(3.140003191759,-6.1507E-13,1.562500000012));
#8086 = DEFINITIONAL_REPRESENTATION('',(#8087),#8168);
#8087 = B_SPLINE_CURVE_WITH_KNOTS('',7,(#8088,#8089,#8090,#8091,#8092,
    #8093,#8094,#8095,#8096,#8097,#8098,#8099,#8100,#8101,#8102,#8103,
    #8104,#8105,#8106,#8107,#8108,#8109,#8110,#8111,#8112,#8113,#8114,
    #8115,#8116,#8117,#8118,#8119,#8120,#8121,#8122,#8123,#8124,#8125,
    #8126,#8127,#8128,#8129,#8130,#8131,#8132,#8133,#8134,#8135,#8136,
    #8137,#8138,#8139,#8140,#8141,#8142,#8143,#8144,#8145,#8146,#8147,
    #8148,#8149,#8150,#8151,#8152,#8153,#8154,#8155,#8156,#8157,#8158,
    #8159,#8160,#8161,#8162,#8163,#8164,#8165,#8166,#8167),
  .UNSPECIFIED.,.F.,.F.,(8,6,6,6,6,6,6,6,6,6,6,6,6,8),(0.,
    3.488467698523E-02,0.108411051284,0.195982262674,0.284850418584,
    0.383675712451,0.501422780834,0.540547145581,0.617549136247,
    0.718164944288,0.804154921389,0.896243846524,0.966951897311,1.),
  .UNSPECIFIED.);
#8088 = CARTESIAN_POINT('',(0.199999473493,3.899187869E-08));
#8089 = CARTESIAN_POINT('',(0.199999444567,3.170354094155E-02));
#8090 = CARTESIAN_POINT('',(0.199998538401,6.340775931128E-02));
#8091 = CARTESIAN_POINT('',(0.199997343085,9.511247657475E-02));
#8092 = CARTESIAN_POINT('',(0.199996270588,0.126817510113));
#8093 = CARTESIAN_POINT('',(0.19999555676,0.158522712214));
#8094 = CARTESIAN_POINT('',(0.199995261329,0.190227970074));
#8095 = CARTESIAN_POINT('',(0.199995281767,0.288758277154));
#8096 = CARTESIAN_POINT('',(0.199996833286,0.355588146831));
#8097 = CARTESIAN_POINT('',(0.199999652836,0.422413963277));
#8098 = CARTESIAN_POINT('',(0.200002383427,0.48923696018));
#8099 = CARTESIAN_POINT('',(0.200004147882,0.556061785308));
#8100 = CARTESIAN_POINT('',(0.200004944266,0.622889950352));
#8101 = CARTESIAN_POINT('',(0.200004780591,0.769301313567));
#8102 = CARTESIAN_POINT('',(0.200003475156,0.848900482937));
#8103 = CARTESIAN_POINT('',(0.200001203861,0.928491703957));
#8104 = CARTESIAN_POINT('',(0.199998909227,1.008078096476));
#8105 = CARTESIAN_POINT('',(0.199997307601,1.087670074556));
#8106 = CARTESIAN_POINT('',(0.199996561376,1.167270430653));
#8107 = CARTESIAN_POINT('',(0.199996521342,1.327627368623));
#8108 = CARTESIAN_POINT('',(0.199997246148,1.408407216743));
#8109 = CARTESIAN_POINT('',(0.199998600159,1.489177996766));
#8110 = CARTESIAN_POINT('',(0.200000077354,1.569942840119));
#8111 = CARTESIAN_POINT('',(0.200001193104,1.650713096176));
#8112 = CARTESIAN_POINT('',(0.20000170468,1.73149214615));
#8113 = CARTESIAN_POINT('',(0.200001569383,1.902075348055));
#8114 = CARTESIAN_POINT('',(0.200000788581,1.991912028873));
#8115 = CARTESIAN_POINT('',(0.199999290791,2.081733767078));
#8116 = CARTESIAN_POINT('',(0.199997528068,2.171546203412));
#8117 = CARTESIAN_POINT('',(0.199996068521,2.261368494969));
#8118 = CARTESIAN_POINT('',(0.199995316617,2.35120602046));
#8119 = CARTESIAN_POINT('',(0.199995274088,2.548037437495));
#8120 = CARTESIAN_POINT('',(0.199996297447,2.655101007841));
#8121 = CARTESIAN_POINT('',(0.19999845334,2.762123845752));
#8122 = CARTESIAN_POINT('',(0.20000123021,2.869133061182));
#8123 = CARTESIAN_POINT('',(0.200003420108,2.976155148159));
#8124 = CARTESIAN_POINT('',(0.200004474261,3.083217871532));
#8125 = CARTESIAN_POINT('',(0.200004385422,3.225788817815));
#8126 = CARTESIAN_POINT('',(0.200004238989,3.261346663598));
#8127 = CARTESIAN_POINT('',(0.20000397011,3.296904560126));
#8128 = CARTESIAN_POINT('',(0.200003586455,3.332462481226));
#8129 = CARTESIAN_POINT('',(0.20000310154,3.368020403633));
#8130 = CARTESIAN_POINT('',(0.200002534725,3.403578306987));
#8131 = CARTESIAN_POINT('',(0.200000684052,3.509118818896));
#8132 = CARTESIAN_POINT('',(0.199999234958,3.5791075113));
#8133 = CARTESIAN_POINT('',(0.199997738045,3.649091959747));
#8134 = CARTESIAN_POINT('',(0.199996428326,3.719073755373));
#8135 = CARTESIAN_POINT('',(0.199995500464,3.789058422645));
#8136 = CARTESIAN_POINT('',(0.199995048101,3.859047491252));
#8137 = CARTESIAN_POINT('',(0.199995038118,4.020475055079));
#8138 = CARTESIAN_POINT('',(0.199995793135,4.111941758843));
#8139 = CARTESIAN_POINT('',(0.199997284465,4.203391850057));
#8140 = CARTESIAN_POINT('',(0.199999073109,4.294831186362));
#8141 = CARTESIAN_POINT('',(0.200000551907,4.386280689198));
#8142 = CARTESIAN_POINT('',(0.200001252738,4.477746517937));
#8143 = CARTESIAN_POINT('',(0.200001181668,4.647341084716));
#8144 = CARTESIAN_POINT('',(0.200000606569,4.725502394235));
#8145 = CARTESIAN_POINT('',(0.199999482169,4.803656259298));
#8146 = CARTESIAN_POINT('',(0.199998040637,4.881805543358));
#8147 = CARTESIAN_POINT('',(0.199996721341,4.959959896173));
#8148 = CARTESIAN_POINT('',(0.19999598109,5.038122005496));
#8149 = CARTESIAN_POINT('',(0.199995909535,5.199968835344));
#8150 = CARTESIAN_POINT('',(0.199996684151,5.283678230062));
#8151 = CARTESIAN_POINT('',(0.199998446578,5.367376947792));
#8152 = CARTESIAN_POINT('',(0.20000102128,5.451068574109));
#8153 = CARTESIAN_POINT('',(0.200003533012,5.534766459844));
#8154 = CARTESIAN_POINT('',(0.200004842981,5.618474594756));
#8155 = CARTESIAN_POINT('',(0.200004712402,5.766430339219));
#8156 = CARTESIAN_POINT('',(0.200003827936,5.830696256521));
#8157 = CARTESIAN_POINT('',(0.200002068506,5.894959454826));
#8158 = CARTESIAN_POINT('',(0.199999511638,5.959221189117));
#8159 = CARTESIAN_POINT('',(0.199996969749,6.023485301507));
#8160 = CARTESIAN_POINT('',(0.199995611259,6.087752804209));
#8161 = CARTESIAN_POINT('',(0.199995583974,6.182052339823));
#8162 = CARTESIAN_POINT('',(0.199995834221,6.212088367215));
#8163 = CARTESIAN_POINT('',(0.199996426726,6.24212434081));
#8164 = CARTESIAN_POINT('',(0.199997303702,6.27216015627));
#8165 = CARTESIAN_POINT('',(0.199998266255,6.302195677332));
#8166 = CARTESIAN_POINT('',(0.199998974384,6.332230735804));
#8167 = CARTESIAN_POINT('',(0.19999894698,6.362265131567));
#8168 = ( GEOMETRIC_REPRESENTATION_CONTEXT(2) 
PARAMETRIC_REPRESENTATION_CONTEXT() REPRESENTATION_CONTEXT('2D SPACE',''
  ) );
#8169 = ORIENTED_EDGE('',*,*,#6536,.T.);
#8170 = ORIENTED_EDGE('',*,*,#8171,.F.);
#8171 = EDGE_CURVE('',#7866,#6539,#8172,.T.);
#8172 = SURFACE_CURVE('',#8173,(#8251,#8332),.PCURVE_S1.);
#8173 = B_SPLINE_CURVE_WITH_KNOTS('',6,(#8174,#8175,#8176,#8177,#8178,
    #8179,#8180,#8181,#8182,#8183,#8184,#8185,#8186,#8187,#8188,#8189,
    #8190,#8191,#8192,#8193,#8194,#8195,#8196,#8197,#8198,#8199,#8200,
    #8201,#8202,#8203,#8204,#8205,#8206,#8207,#8208,#8209,#8210,#8211,
    #8212,#8213,#8214,#8215,#8216,#8217,#8218,#8219,#8220,#8221,#8222,
    #8223,#8224,#8225,#8226,#8227,#8228,#8229,#8230,#8231,#8232,#8233,
    #8234,#8235,#8236,#8237,#8238,#8239,#8240,#8241,#8242,#8243,#8244,
    #8245,#8246,#8247,#8248,#8249,#8250),.UNSPECIFIED.,.F.,.F.,(7,5,5,5,
    5,5,5,5,5,5,5,5,5,5,5,7),(0.,4.187073666912E-02,0.113872250415,
    0.180946100763,0.202652657578,0.285486678967,0.38885213775,
    0.463463878495,0.504465656824,0.601216801334,0.624127176806,
    0.719125159158,0.810935659494,0.902901376804,0.975765609085,1.),
  .UNSPECIFIED.);
#8174 = CARTESIAN_POINT('',(2.598734122635,2.0015007829E-07,
    1.124992365649));
#8175 = CARTESIAN_POINT('',(2.598734122635,0.113942677984,1.131969894644
    ));
#8176 = CARTESIAN_POINT('',(2.592739038531,0.227885789448,1.138946345046
    ));
#8177 = CARTESIAN_POINT('',(2.58074904741,0.341433169924,1.145922874267)
  );
#8178 = CARTESIAN_POINT('',(2.562798738507,0.454191832829,1.152899979301
    ));
#8179 = CARTESIAN_POINT('',(2.538956971966,0.565773314162,1.159877703472
    ));
#8180 = CARTESIAN_POINT('',(2.458374165487,0.864989356774,1.178855551384
    ));
#8181 = CARTESIAN_POINT('',(2.390300011844,1.049588853053,1.190857600588
    ));
#8182 = CARTESIAN_POINT('',(2.30562967306,1.227623061005,1.202859393033)
  );
#8183 = CARTESIAN_POINT('',(2.205184830972,1.397258496427,1.214860587485
    ));
#8184 = CARTESIAN_POINT('',(2.090027888885,1.556789669656,1.226862204891
    ));
#8185 = CARTESIAN_POINT('',(1.841769280405,1.842449909645,1.250041057715
    ));
#8186 = CARTESIAN_POINT('',(1.710419214344,1.970136033819,1.261219972455
    ));
#8187 = CARTESIAN_POINT('',(1.568526769391,2.086495162346,1.272397663785
    ));
#8188 = CARTESIAN_POINT('',(1.417324784289,2.190470359339,1.283575258219
    ));
#8189 = CARTESIAN_POINT('',(1.258170989286,2.281171090784,1.294753755393
    ));
#8190 = CARTESIAN_POINT('',(1.038964036269,2.382742731972,1.309549242196
    ));
#8191 = CARTESIAN_POINT('',(0.984691155898,2.406114845742,1.313166718393
    ));
#8192 = CARTESIAN_POINT('',(0.929790801501,2.428001963927,1.31678421942)
  );
#8193 = CARTESIAN_POINT('',(0.874313806002,2.448383283597,1.320401746307
    ));
#8194 = CARTESIAN_POINT('',(0.818311904888,2.467240331127,1.324019298071
    ));
#8195 = CARTESIAN_POINT('',(0.546327623913,2.5506386628,1.341441832853)
  );
#8196 = CARTESIAN_POINT('',(0.32390940743,2.594297443705,1.355249018304)
  );
#8197 = CARTESIAN_POINT('',(9.756511899461E-02,2.614606894348,
    1.369054285771));
#8198 = CARTESIAN_POINT('',(-0.129663436669,2.611222728301,
    1.382859474311));
#8199 = CARTESIAN_POINT('',(-0.354717158311,2.584261475029,
    1.396666596449));
#8200 = CARTESIAN_POINT('',(-0.848878189182,2.472235345393,
    1.427698329969));
#8201 = CARTESIAN_POINT('',(-1.115216996457,2.374393411526,
    1.444930284222));
#8202 = CARTESIAN_POINT('',(-1.367566006682,2.242216935634,
    1.462155267957));
#8203 = CARTESIAN_POINT('',(-1.600589991702,2.078356144743,
    1.479380417762));
#8204 = CARTESIAN_POINT('',(-1.809490858965,1.886341472903,
    1.496612713318));
#8205 = CARTESIAN_POINT('',(-2.120896662948,1.515401514743,
    1.526274891613));
#8206 = CARTESIAN_POINT('',(-2.236876737925,1.347641970276,
    1.538711268888));
#8207 = CARTESIAN_POINT('',(-2.336823386223,1.169364882576,
    1.551146573615));
#8208 = CARTESIAN_POINT('',(-2.41959901885,0.982495248228,1.56358198047)
  );
#8209 = CARTESIAN_POINT('',(-2.48434482315,0.789097571364,1.576018605072
    ));
#8210 = CARTESIAN_POINT('',(-2.555940989875,0.482736294367,
    1.595287539713));
#8211 = CARTESIAN_POINT('',(-2.575734545132,0.372777389949,
    1.602121131801));
#8212 = CARTESIAN_POINT('',(-2.589845732264,0.261872232399,
    1.608954650101));
#8213 = CARTESIAN_POINT('',(-2.598221519888,0.150387123096,
    1.615788072766));
#8214 = CARTESIAN_POINT('',(-2.600840532528,3.869156651082E-02,
    1.622621387011));
#8215 = CARTESIAN_POINT('',(-2.590333188924,-0.336024803988,
    1.645578770814));
#8216 = CARTESIAN_POINT('',(-2.550954427184,-0.59837812409,
    1.661706482004));
#8217 = CARTESIAN_POINT('',(-2.479688877211,-0.854885016862,
    1.677829011281));
#8218 = CARTESIAN_POINT('',(-2.377737552633,-1.100812679743,
    1.693951542563));
#8219 = CARTESIAN_POINT('',(-2.247071318407,-1.331693885121,
    1.71007929832));
#8220 = CARTESIAN_POINT('',(-2.053663615269,-1.593665931584,
    1.730021739281));
#8221 = CARTESIAN_POINT('',(-2.015189809566,-1.642757056777,
    1.733839947916));
#8222 = CARTESIAN_POINT('',(-1.975310454809,-1.690730110755,
    1.737658189497));
#8223 = CARTESIAN_POINT('',(-1.934066356622,-1.737535036694,
    1.741476463602));
#8224 = CARTESIAN_POINT('',(-1.891500677505,-1.783123791247,
    1.745294768513));
#8225 = CARTESIAN_POINT('',(-1.665868947766,-2.011250611475,
    1.76494583623));
#8226 = CARTESIAN_POINT('',(-1.462094736211,-2.173393719472,
    1.780782765846));
#8227 = CARTESIAN_POINT('',(-1.239654401589,-2.310488425238,
    1.796615734273));
#8228 = CARTESIAN_POINT('',(-1.002426069173,-2.420021377026,
    1.812448541414));
#8229 = CARTESIAN_POINT('',(-0.754648372099,-2.500150843828,
    1.828285030119));
#8230 = CARTESIAN_POINT('',(-0.255826670774,-2.59815157023,
    1.859418175376));
#8231 = CARTESIAN_POINT('',(-5.06382665764E-03,-2.618042716097,
    1.874721684787));
#8232 = CARTESIAN_POINT('',(0.247116652678,-2.608816100553,
    1.890020963347));
#8233 = CARTESIAN_POINT('',(0.496544203635,-2.570528539575,
    1.905320095145));
#8234 = CARTESIAN_POINT('',(0.739112023603,-2.503907368207,
    1.920623502095));
#8235 = CARTESIAN_POINT('',(1.203006137189,-2.317072773719,1.95125145051
    ));
#8236 = CARTESIAN_POINT('',(1.424392901304,-2.196729839831,
    1.966582271574));
#8237 = CARTESIAN_POINT('',(1.63103037377,-2.051125572695,1.981910349126
    ));
#8238 = CARTESIAN_POINT('',(1.819437518015,-1.882595202328,1.99723902652
    ));
#8239 = CARTESIAN_POINT('',(1.986554797269,-1.694004274594,
    2.012570598351));
#8240 = CARTESIAN_POINT('',(2.243540143142,-1.32637194358,2.040041819561
    ));
#8241 = CARTESIAN_POINT('',(2.34227189019,-1.153442554413,2.052185990284
    ));
#8242 = CARTESIAN_POINT('',(2.424917300893,-0.971828215368,
    2.064328234278));
#8243 = CARTESIAN_POINT('',(2.490571137398,-0.783404424461,
    2.076469772123));
#8244 = CARTESIAN_POINT('',(2.538593056794,-0.59015281463,2.088613224992
    ));
#8245 = CARTESIAN_POINT('',(2.578670465164,-0.328978299856,
    2.104794888148));
#8246 = CARTESIAN_POINT('',(2.586688153051,-0.26348826532,2.108833644907
    ));
#8247 = CARTESIAN_POINT('',(2.592709181932,-0.19776923716,2.112872454675
    ));
#8248 = CARTESIAN_POINT('',(2.596725800977,-0.131897228014,
    2.116911274077));
#8249 = CARTESIAN_POINT('',(2.598734122635,-6.594854702759E-02,
    2.120950014545));
#8250 = CARTESIAN_POINT('',(2.598734122635,2.0015005253E-07,
    2.124988542311));
#8251 = PCURVE('',#6554,#8252);
#8252 = DEFINITIONAL_REPRESENTATION('',(#8253),#8331);
#8253 = B_SPLINE_CURVE_WITH_KNOTS('',6,(#8254,#8255,#8256,#8257,#8258,
    #8259,#8260,#8261,#8262,#8263,#8264,#8265,#8266,#8267,#8268,#8269,
    #8270,#8271,#8272,#8273,#8274,#8275,#8276,#8277,#8278,#8279,#8280,
    #8281,#8282,#8283,#8284,#8285,#8286,#8287,#8288,#8289,#8290,#8291,
    #8292,#8293,#8294,#8295,#8296,#8297,#8298,#8299,#8300,#8301,#8302,
    #8303,#8304,#8305,#8306,#8307,#8308,#8309,#8310,#8311,#8312,#8313,
    #8314,#8315,#8316,#8317,#8318,#8319,#8320,#8321,#8322,#8323,#8324,
    #8325,#8326,#8327,#8328,#8329,#8330),.UNSPECIFIED.,.F.,.F.,(7,5,5,5,
    5,5,5,5,5,5,5,5,5,5,5,7),(0.,4.187073666912E-02,0.113872250415,
    0.180946100763,0.202652657578,0.285486678967,0.38885213775,
    0.463463878495,0.504465656824,0.601216801334,0.624127176806,
    0.719125159158,0.810935659494,0.902901376804,0.975765609085,1.),
  .UNSPECIFIED.);
#8254 = CARTESIAN_POINT('',(0.,0.876465235342));
#8255 = CARTESIAN_POINT('',(4.384537719413E-02,0.883442764337));
#8256 = CARTESIAN_POINT('',(8.769099982281E-02,0.890419214739));
#8257 = CARTESIAN_POINT('',(0.131536061759,0.89739574396));
#8258 = CARTESIAN_POINT('',(0.175381060781,0.904372848994));
#8259 = CARTESIAN_POINT('',(0.219226487887,0.911350573165));
#8260 = CARTESIAN_POINT('',(0.338468051025,0.930328421077));
#8261 = CARTESIAN_POINT('',(0.413870467704,0.942330470281));
#8262 = CARTESIAN_POINT('',(0.489266096167,0.954332262726));
#8263 = CARTESIAN_POINT('',(0.564661817131,0.966333457178));
#8264 = CARTESIAN_POINT('',(0.640064477344,0.978335074584));
#8265 = CARTESIAN_POINT('',(0.785698007542,1.001513927408));
#8266 = CARTESIAN_POINT('',(0.855938868303,1.012692842147));
#8267 = CARTESIAN_POINT('',(0.926174878213,1.023870533477));
#8268 = CARTESIAN_POINT('',(0.996410854683,1.035048127912));
#8269 = CARTESIAN_POINT('',(1.066651682733,1.046226625086));
#8270 = CARTESIAN_POINT('',(1.159618372464,1.061022111889));
#8271 = CARTESIAN_POINT('',(1.182348462907,1.064639588086));
#8272 = CARTESIAN_POINT('',(1.20507855559,1.068257089113));
#8273 = CARTESIAN_POINT('',(1.227808649473,1.071874616));
#8274 = CARTESIAN_POINT('',(1.250538739694,1.075492167764));
#8275 = CARTESIAN_POINT('',(1.36000868022,1.092914702546));
#8276 = CARTESIAN_POINT('',(1.446760340559,1.106721887997));
#8277 = CARTESIAN_POINT('',(1.533498224025,1.120527155464));
#8278 = CARTESIAN_POINT('',(1.620236153448,1.134332344004));
#8279 = CARTESIAN_POINT('',(1.706987925715,1.148139466142));
#8280 = CARTESIAN_POINT('',(1.901967505416,1.179171199662));
#8281 = CARTESIAN_POINT('',(2.010242308794,1.196403153915));
#8282 = CARTESIAN_POINT('',(2.118475813006,1.21362813765));
#8283 = CARTESIAN_POINT('',(2.226709251425,1.230853287455));
#8284 = CARTESIAN_POINT('',(2.334983924948,1.248085583011));
#8285 = CARTESIAN_POINT('',(2.521353240499,1.277747761306));
#8286 = CARTESIAN_POINT('',(2.599490155198,1.290184138581));
#8287 = CARTESIAN_POINT('',(2.677618846796,1.302619443308));
#8288 = CARTESIAN_POINT('',(2.755747550284,1.315054850163));
#8289 = CARTESIAN_POINT('',(2.833884499986,1.327491474765));
#8290 = CARTESIAN_POINT('',(2.954949607099,1.346760409406));
#8291 = CARTESIAN_POINT('',(2.997884893072,1.353594001494));
#8292 = CARTESIAN_POINT('',(3.04082024673,1.360427519794));
#8293 = CARTESIAN_POINT('',(3.083755606933,1.367260942459));
#8294 = CARTESIAN_POINT('',(3.126690911891,1.374094256704));
#8295 = CARTESIAN_POINT('',(3.270939473297,1.397051640507));
#8296 = CARTESIAN_POINT('',(3.372278267161,1.413179351697));
#8297 = CARTESIAN_POINT('',(3.473587273801,1.429301880974));
#8298 = CARTESIAN_POINT('',(3.574896229688,1.445424412256));
#8299 = CARTESIAN_POINT('',(3.67623491389,1.461552168013));
#8300 = CARTESIAN_POINT('',(3.801538817159,1.481494608974));
#8301 = CARTESIAN_POINT('',(3.825529486375,1.485312817609));
#8302 = CARTESIAN_POINT('',(3.849520157954,1.48913105919));
#8303 = CARTESIAN_POINT('',(3.873510829182,1.492949333294));
#8304 = CARTESIAN_POINT('',(3.897501496197,1.496767638206));
#8305 = CARTESIAN_POINT('',(4.020969532251,1.516418705923));
#8306 = CARTESIAN_POINT('',(4.120470120816,1.532255635539));
#8307 = CARTESIAN_POINT('',(4.219943537863,1.548088603966));
#8308 = CARTESIAN_POINT('',(4.319417013819,1.563921411107));
#8309 = CARTESIAN_POINT('',(4.418917747669,1.579757899812));
#8310 = CARTESIAN_POINT('',(4.614535060635,1.610891045068));
#8311 = CARTESIAN_POINT('',(4.710694445577,1.62619455448));
#8312 = CARTESIAN_POINT('',(4.806830859246,1.64149383304));
#8313 = CARTESIAN_POINT('',(4.902967211333,1.656792964838));
#8314 = CARTESIAN_POINT('',(4.999126497619,1.672096371788));
#8315 = CARTESIAN_POINT('',(5.1915682326,1.702724320203));
#8316 = CARTESIAN_POINT('',(5.287890110082,1.718055141267));
#8317 = CARTESIAN_POINT('',(5.384188815608,1.733383218819));
#8318 = CARTESIAN_POINT('',(5.480487582473,1.748711896213));
#8319 = CARTESIAN_POINT('',(5.576809611268,1.764043468044));
#8320 = CARTESIAN_POINT('',(5.749411976045,1.791514689254));
#8321 = CARTESIAN_POINT('',(5.825718321489,1.803658859977));
#8322 = CARTESIAN_POINT('',(5.902017332724,1.815801103971));
#8323 = CARTESIAN_POINT('',(5.978316274711,1.827942641816));
#8324 = CARTESIAN_POINT('',(6.054622387638,1.840086094685));
#8325 = CARTESIAN_POINT('',(6.156299421021,1.856267757841));
#8326 = CARTESIAN_POINT('',(6.181676532554,1.8603065146));
#8327 = CARTESIAN_POINT('',(6.207053669075,1.864345324368));
#8328 = CARTESIAN_POINT('',(6.232430838603,1.86838414377));
#8329 = CARTESIAN_POINT('',(6.257808048843,1.872422884238));
#8330 = CARTESIAN_POINT('',(6.28318530718,1.876461412004));
#8331 = ( GEOMETRIC_REPRESENTATION_CONTEXT(2) 
PARAMETRIC_REPRESENTATION_CONTEXT() REPRESENTATION_CONTEXT('2D SPACE',''
  ) );
#8332 = PCURVE('',#7177,#8333);
#8333 = DEFINITIONAL_REPRESENTATION('',(#8334),#8412);
#8334 = B_SPLINE_CURVE_WITH_KNOTS('',6,(#8335,#8336,#8337,#8338,#8339,
    #8340,#8341,#8342,#8343,#8344,#8345,#8346,#8347,#8348,#8349,#8350,
    #8351,#8352,#8353,#8354,#8355,#8356,#8357,#8358,#8359,#8360,#8361,
    #8362,#8363,#8364,#8365,#8366,#8367,#8368,#8369,#8370,#8371,#8372,
    #8373,#8374,#8375,#8376,#8377,#8378,#8379,#8380,#8381,#8382,#8383,
    #8384,#8385,#8386,#8387,#8388,#8389,#8390,#8391,#8392,#8393,#8394,
    #8395,#8396,#8397,#8398,#8399,#8400,#8401,#8402,#8403,#8404,#8405,
    #8406,#8407,#8408,#8409,#8410,#8411),.UNSPECIFIED.,.F.,.F.,(7,5,5,5,
    5,5,5,5,5,5,5,5,5,5,5,7),(0.,4.187073666912E-02,0.113872250415,
    0.180946100763,0.202652657578,0.285486678967,0.38885213775,
    0.463463878495,0.504465656824,0.601216801334,0.624127176806,
    0.719125159158,0.810935659494,0.902901376804,0.975765609085,1.),
  .UNSPECIFIED.);
#8335 = CARTESIAN_POINT('',(0.6250073711,0.));
#8336 = CARTESIAN_POINT('',(0.625007715423,4.439519287088E-02));
#8337 = CARTESIAN_POINT('',(0.625010304281,8.879222030074E-02));
#8338 = CARTESIAN_POINT('',(0.625012746289,0.13318956291));
#8339 = CARTESIAN_POINT('',(0.625014243198,0.177587218433));
#8340 = CARTESIAN_POINT('',(0.62501483431,0.221985360521));
#8341 = CARTESIAN_POINT('',(0.625014308302,0.342729805068));
#8342 = CARTESIAN_POINT('',(0.625011675334,0.419082264065));
#8343 = CARTESIAN_POINT('',(0.625007738108,0.4954266947));
#8344 = CARTESIAN_POINT('',(0.625005130949,0.571770535998));
#8345 = CARTESIAN_POINT('',(0.625003904043,0.648121230899));
#8346 = CARTESIAN_POINT('',(0.625003823367,0.795586028653));
#8347 = CARTESIAN_POINT('',(0.625004800254,0.866710232768));
#8348 = CARTESIAN_POINT('',(0.625006571213,0.937829869266));
#8349 = CARTESIAN_POINT('',(0.625008390467,1.008949886099));
#8350 = CARTESIAN_POINT('',(0.625009804342,1.080075087107));
#8351 = CARTESIAN_POINT('',(0.62501095319,1.174212456575));
#8352 = CARTESIAN_POINT('',(0.625011176775,1.197228788717));
#8353 = CARTESIAN_POINT('',(0.625011338365,1.22024513183));
#8354 = CARTESIAN_POINT('',(0.625011436297,1.243261479928));
#8355 = CARTESIAN_POINT('',(0.625011471941,1.266277823365));
#8356 = CARTESIAN_POINT('',(0.625011364807,1.377126356042));
#8357 = CARTESIAN_POINT('',(0.625010438385,1.464970431831));
#8358 = CARTESIAN_POINT('',(0.625008877875,1.552800234968));
#8359 = CARTESIAN_POINT('',(0.625007518083,1.640629658937));
#8360 = CARTESIAN_POINT('',(0.625006836325,1.728472862405));
#8361 = CARTESIAN_POINT('',(0.625006844522,1.925905334644));
#8362 = CARTESIAN_POINT('',(0.625007909552,2.035542151696));
#8363 = CARTESIAN_POINT('',(0.625010147216,2.145137375324));
#8364 = CARTESIAN_POINT('',(0.625012342475,2.254733119104));
#8365 = CARTESIAN_POINT('',(0.625013399583,2.364370946122));
#8366 = CARTESIAN_POINT('',(0.625013262323,2.553086744201));
#8367 = CARTESIAN_POINT('',(0.625012608456,2.632207481751));
#8368 = CARTESIAN_POINT('',(0.625011330779,2.711319836462));
#8369 = CARTESIAN_POINT('',(0.625009649192,2.790432034382));
#8370 = CARTESIAN_POINT('',(0.625007965262,2.869552388895));
#8371 = CARTESIAN_POINT('',(0.625005790753,2.992140943202));
#8372 = CARTESIAN_POINT('',(0.625005103174,3.035616467276));
#8373 = CARTESIAN_POINT('',(0.625004551224,3.079092021412));
#8374 = CARTESIAN_POINT('',(0.625004170402,3.122567555174));
#8375 = CARTESIAN_POINT('',(0.625003979682,3.166043020674));
#8376 = CARTESIAN_POINT('',(0.625003985837,3.312106363301));
#8377 = CARTESIAN_POINT('',(0.625005052345,3.414720121688));
#8378 = CARTESIAN_POINT('',(0.625007208269,3.517303950894));
#8379 = CARTESIAN_POINT('',(0.625009731796,3.61988818568));
#8380 = CARTESIAN_POINT('',(0.625011624936,3.72250284137));
#8381 = CARTESIAN_POINT('',(0.62501285506,3.849384583595));
#8382 = CARTESIAN_POINT('',(0.62501303997,3.873677351045));
#8383 = CARTESIAN_POINT('',(0.625013170174,3.897970123209));
#8384 = CARTESIAN_POINT('',(0.625013243581,3.922262894218));
#8385 = CARTESIAN_POINT('',(0.625013260107,3.946555657006));
#8386 = CARTESIAN_POINT('',(0.625013062305,4.07157839296));
#8387 = CARTESIAN_POINT('',(0.625011963304,4.172331762149));
#8388 = CARTESIAN_POINT('',(0.625010028967,4.273057280893));
#8389 = CARTESIAN_POINT('',(0.62500811167,4.373782335626));
#8390 = CARTESIAN_POINT('',(0.625007141952,4.474534706441));
#8391 = CARTESIAN_POINT('',(0.625007120092,4.672612703311));
#8392 = CARTESIAN_POINT('',(0.625008005876,4.76998167611));
#8393 = CARTESIAN_POINT('',(0.625009861905,4.867327613306));
#8394 = CARTESIAN_POINT('',(0.625012012755,4.964674040582));
#8395 = CARTESIAN_POINT('',(0.625013128541,5.062044099735));
#8396 = CARTESIAN_POINT('',(0.625012867984,5.256909092492));
#8397 = CARTESIAN_POINT('',(0.625011483941,5.354443946653));
#8398 = CARTESIAN_POINT('',(0.625008578025,5.451955140113));
#8399 = CARTESIAN_POINT('',(0.625004815866,5.549465590956));
#8400 = CARTESIAN_POINT('',(0.625002827093,5.646999010547));
#8401 = CARTESIAN_POINT('',(0.62500286234,5.821772362527));
#8402 = CARTESIAN_POINT('',(0.625004161017,5.899038574887));
#8403 = CARTESIAN_POINT('',(0.625006778493,5.976297773683));
#8404 = CARTESIAN_POINT('',(0.625010457746,6.053557796743));
#8405 = CARTESIAN_POINT('',(0.625011973342,6.130826074763));
#8406 = CARTESIAN_POINT('',(0.625011956097,6.233783986579));
#8407 = CARTESIAN_POINT('',(0.625011794701,6.259480687277));
#8408 = CARTESIAN_POINT('',(0.625011475193,6.285177246875));
#8409 = CARTESIAN_POINT('',(0.62501109648,6.310873580119));
#8410 = CARTESIAN_POINT('',(0.625010857391,6.336569574965));
#8411 = CARTESIAN_POINT('',(0.625011056684,6.362265092575));
#8412 = ( GEOMETRIC_REPRESENTATION_CONTEXT(2) 
PARAMETRIC_REPRESENTATION_CONTEXT() REPRESENTATION_CONTEXT('2D SPACE',''
  ) );
#8413 = ADVANCED_FACE('',(#8414),#6718,.F.);
#8414 = FACE_BOUND('',#8415,.F.);
#8415 = EDGE_LOOP('',(#8416,#8417,#8439,#8469));
#8416 = ORIENTED_EDGE('',*,*,#6566,.F.);
#8417 = ORIENTED_EDGE('',*,*,#8418,.T.);
#8418 = EDGE_CURVE('',#6537,#8419,#8421,.T.);
#8419 = VERTEX_POINT('',#8420);
#8420 = CARTESIAN_POINT('',(3.140003191759,-5.86E-13,1.562500000012));
#8421 = SURFACE_CURVE('',#8422,(#8425,#8432),.PCURVE_S1.);
#8422 = B_SPLINE_CURVE_WITH_KNOTS('',1,(#8423,#8424),.UNSPECIFIED.,.F.,
  .F.,(2,2),(0.,0.825),.PIECEWISE_BEZIER_KNOTS.);
#8423 = CARTESIAN_POINT('',(2.425529224283,2.641964749E-07,
    1.974994787614));
#8424 = CARTESIAN_POINT('',(3.140003191759,-6.1507E-13,1.562500000012));
#8425 = PCURVE('',#6718,#8426);
#8426 = DEFINITIONAL_REPRESENTATION('',(#8427),#8431);
#8427 = LINE('',#8428,#8429);
#8428 = CARTESIAN_POINT('',(0.,0.));
#8429 = VECTOR('',#8430,1.);
#8430 = DIRECTION('',(1.,0.));
#8431 = ( GEOMETRIC_REPRESENTATION_CONTEXT(2) 
PARAMETRIC_REPRESENTATION_CONTEXT() REPRESENTATION_CONTEXT('2D SPACE',''
  ) );
#8432 = PCURVE('',#8061,#8433);
#8433 = DEFINITIONAL_REPRESENTATION('',(#8434),#8438);
#8434 = LINE('',#8435,#8436);
#8435 = CARTESIAN_POINT('',(0.,6.362265131567));
#8436 = VECTOR('',#8437,1.);
#8437 = DIRECTION('',(1.,0.));
#8438 = ( GEOMETRIC_REPRESENTATION_CONTEXT(2) 
PARAMETRIC_REPRESENTATION_CONTEXT() REPRESENTATION_CONTEXT('2D SPACE',''
  ) );
#8439 = ORIENTED_EDGE('',*,*,#8440,.T.);
#8440 = EDGE_CURVE('',#8419,#7077,#8441,.T.);
#8441 = SURFACE_CURVE('',#8442,(#8455,#8462),.PCURVE_S1.);
#8442 = B_SPLINE_CURVE_WITH_KNOTS('',11,(#8443,#8444,#8445,#8446,#8447,
    #8448,#8449,#8450,#8451,#8452,#8453,#8454),.UNSPECIFIED.,.F.,.F.,(12
    ,12),(0.,6.362265131567),.PIECEWISE_BEZIER_KNOTS.);
#8443 = CARTESIAN_POINT('',(3.140003191759,-5.9057E-13,1.562500000012));
#8444 = CARTESIAN_POINT('',(3.140005191337,1.793566084287,1.653409090936
    ));
#8445 = CARTESIAN_POINT('',(2.013349319116,3.58709278289,1.744318182094)
  );
#8446 = CARTESIAN_POINT('',(-0.242564911594,4.594286528835,
    1.835227271355));
#8447 = CARTESIAN_POINT('',(-2.99770316035,4.025727215722,1.926136367266
    ));
#8448 = CARTESIAN_POINT('',(-5.05341199022,1.660201172619,2.017045448803
    ));
#8449 = CARTESIAN_POINT('',(-5.052236254915,-1.660215230723,
    2.107954551508));
#8450 = CARTESIAN_POINT('',(-2.998493809616,-4.02570268518,
    2.198863632222));
#8451 = CARTESIAN_POINT('',(-0.24223246334,-4.594299448751,
    2.289772729061));
#8452 = CARTESIAN_POINT('',(2.013281818973,-3.587090270682,
    2.380681817838));
#8453 = CARTESIAN_POINT('',(3.14000278806,-1.793566084288,2.471590909095
    ));
#8454 = CARTESIAN_POINT('',(3.140004787638,-1.31177E-12,2.562500000026)
  );
#8455 = PCURVE('',#6718,#8456);
#8456 = DEFINITIONAL_REPRESENTATION('',(#8457),#8461);
#8457 = LINE('',#8458,#8459);
#8458 = CARTESIAN_POINT('',(0.825,0.));
#8459 = VECTOR('',#8460,1.);
#8460 = DIRECTION('',(0.,1.));
#8461 = ( GEOMETRIC_REPRESENTATION_CONTEXT(2) 
PARAMETRIC_REPRESENTATION_CONTEXT() REPRESENTATION_CONTEXT('2D SPACE',''
  ) );
#8462 = PCURVE('',#7233,#8463);
#8463 = DEFINITIONAL_REPRESENTATION('',(#8464),#8468);
#8464 = LINE('',#8465,#8466);
#8465 = CARTESIAN_POINT('',(0.,0.));
#8466 = VECTOR('',#8467,1.);
#8467 = DIRECTION('',(0.,1.));
#8468 = ( GEOMETRIC_REPRESENTATION_CONTEXT(2) 
PARAMETRIC_REPRESENTATION_CONTEXT() REPRESENTATION_CONTEXT('2D SPACE',''
  ) );
#8469 = ORIENTED_EDGE('',*,*,#7076,.F.);
#8470 = ADVANCED_FACE('',(#8471),#7177,.F.);
#8471 = FACE_BOUND('',#8472,.F.);
#8472 = EDGE_LOOP('',(#8473,#8505,#8550,#8551));
#8473 = ORIENTED_EDGE('',*,*,#8474,.F.);
#8474 = EDGE_CURVE('',#8475,#7133,#8477,.T.);
#8475 = VERTEX_POINT('',#8476);
#8476 = CARTESIAN_POINT('',(3.14000410369,-7.54E-13,1.437500000015));
#8477 = SURFACE_CURVE('',#8478,(#8491,#8498),.PCURVE_S1.);
#8478 = ( BOUNDED_CURVE() B_SPLINE_CURVE(11,(#8479,#8480,#8481,#8482,
    #8483,#8484,#8485,#8486,#8487,#8488,#8489,#8490),.UNSPECIFIED.,.F.,
.F.) B_SPLINE_CURVE_WITH_KNOTS((12,12),(0.,6.362265131567),
.PIECEWISE_BEZIER_KNOTS.) CURVE() GEOMETRIC_REPRESENTATION_ITEM() 
RATIONAL_B_SPLINE_CURVE((1.056590953773,1.056590953773,1.056590953773,
    1.056590953773,1.056590953773,1.056590953774,1.056590953773,
    1.056590953773,1.056590953773,1.056590953773,1.056590953773,
1.056590953773)) REPRESENTATION_ITEM('') );
#8479 = CARTESIAN_POINT('',(3.14000410369,-7.527E-13,1.437500000015));
#8480 = CARTESIAN_POINT('',(3.140006674576,1.793566735263,1.528409090943
    ));
#8481 = CARTESIAN_POINT('',(2.013359692974,3.587094444972,1.619318182173
    ));
#8482 = CARTESIAN_POINT('',(-0.242612492513,4.594286347789,
    1.710227270961));
#8483 = CARTESIAN_POINT('',(-2.997591298379,4.025732188175,
    1.801136368307));
#8484 = CARTESIAN_POINT('',(-5.053581786972,1.660199757603,
    1.892045447157));
#8485 = CARTESIAN_POINT('',(-5.052070127303,-1.660217832309,
    1.982954553242));
#8486 = CARTESIAN_POINT('',(-2.998607847432,-4.025700648905,
    2.073863631035));
#8487 = CARTESIAN_POINT('',(-0.242185059046,-4.594302959111,
    2.164772729574));
#8488 = CARTESIAN_POINT('',(2.013272907077,-3.587091214991,
    2.255681817739));
#8489 = CARTESIAN_POINT('',(3.140003584649,-1.793566735266,
    2.346590909096));
#8490 = CARTESIAN_POINT('',(3.140006155535,-1.69418E-12,2.437500000034)
  );
#8491 = PCURVE('',#7177,#8492);
#8492 = DEFINITIONAL_REPRESENTATION('',(#8493),#8497);
#8493 = LINE('',#8494,#8495);
#8494 = CARTESIAN_POINT('',(0.,0.));
#8495 = VECTOR('',#8496,1.);
#8496 = DIRECTION('',(0.,1.));
#8497 = ( GEOMETRIC_REPRESENTATION_CONTEXT(2) 
PARAMETRIC_REPRESENTATION_CONTEXT() REPRESENTATION_CONTEXT('2D SPACE',''
  ) );
#8498 = PCURVE('',#7233,#8499);
#8499 = DEFINITIONAL_REPRESENTATION('',(#8500),#8504);
#8500 = LINE('',#8501,#8502);
#8501 = CARTESIAN_POINT('',(2.094395102393,0.));
#8502 = VECTOR('',#8503,1.);
#8503 = DIRECTION('',(0.,1.));
#8504 = ( GEOMETRIC_REPRESENTATION_CONTEXT(2) 
PARAMETRIC_REPRESENTATION_CONTEXT() REPRESENTATION_CONTEXT('2D SPACE',''
  ) );
#8505 = ORIENTED_EDGE('',*,*,#8506,.T.);
#8506 = EDGE_CURVE('',#8475,#7866,#8507,.T.);
#8507 = SURFACE_CURVE('',#8508,(#8511,#8518),.PCURVE_S1.);
#8508 = B_SPLINE_CURVE_WITH_KNOTS('',1,(#8509,#8510),.UNSPECIFIED.,.F.,
  .F.,(2,2),(0.,0.825),.PIECEWISE_BEZIER_KNOTS.);
#8509 = CARTESIAN_POINT('',(3.14000410369,-7.794E-13,1.437500000015));
#8510 = CARTESIAN_POINT('',(2.42553615496,2.6419520316E-07,
    1.024994787639));
#8511 = PCURVE('',#7177,#8512);
#8512 = DEFINITIONAL_REPRESENTATION('',(#8513),#8517);
#8513 = LINE('',#8514,#8515);
#8514 = CARTESIAN_POINT('',(0.,0.));
#8515 = VECTOR('',#8516,1.);
#8516 = DIRECTION('',(1.,0.));
#8517 = ( GEOMETRIC_REPRESENTATION_CONTEXT(2) 
PARAMETRIC_REPRESENTATION_CONTEXT() REPRESENTATION_CONTEXT('2D SPACE',''
  ) );
#8518 = PCURVE('',#8519,#8544);
#8519 = B_SPLINE_SURFACE_WITH_KNOTS('',1,11,(
    (#8520,#8521,#8522,#8523,#8524,#8525,#8526,#8527,#8528,#8529,#8530
      ,#8531)
    ,(#8532,#8533,#8534,#8535,#8536,#8537,#8538,#8539,#8540,#8541,#8542
      ,#8543
    )),.UNSPECIFIED.,.F.,.F.,.F.,(2,2),(12,12),(0.,0.825),(0.,
    6.362265131567),.PIECEWISE_BEZIER_KNOTS.);
#8520 = CARTESIAN_POINT('',(3.140002051845,-1.9321E-13,0.437500000004));
#8521 = CARTESIAN_POINT('',(3.140004622731,1.793565563506,0.528409090922
    ));
#8522 = CARTESIAN_POINT('',(2.013358377207,3.587092099222,0.619318181999
    ));
#8523 = CARTESIAN_POINT('',(-0.242612333552,4.594283351405,0.71022727176
    ));
#8524 = CARTESIAN_POINT('',(-2.997589340119,4.025729545617,
    0.801136366292));
#8525 = CARTESIAN_POINT('',(-5.053578484749,1.660198689685,
    0.892045450177));
#8526 = CARTESIAN_POINT('',(-5.052066825075,-1.660216764395,
    0.982954550192));
#8527 = CARTESIAN_POINT('',(-2.998605889171,-4.025698006347,
    1.07386363302));
#8528 = CARTESIAN_POINT('',(-0.242184900084,-4.594299962729,
    1.164772728745));
#8529 = CARTESIAN_POINT('',(2.013271591313,-3.587088869239,
    1.255681817884));
#8530 = CARTESIAN_POINT('',(3.140001532804,-1.793565563506,
    1.346590909087));
#8531 = CARTESIAN_POINT('',(3.14000410369,-7.794E-13,1.437500000015));
#8532 = CARTESIAN_POINT('',(2.425532598414,1.3209793759E-07,
    2.499739381308E-02));
#8533 = CARTESIAN_POINT('',(2.425536979191,1.385550070432,0.115903219275
    ));
#8534 = CARTESIAN_POINT('',(1.555229880897,2.770284359361,0.206758688925
    ));
#8535 = CARTESIAN_POINT('',(-0.1874178142,3.550912780315,0.298006722619)
  );
#8536 = CARTESIAN_POINT('',(-2.315335160229,3.105581133171,
    0.387935796306));
#8537 = CARTESIAN_POINT('',(-3.904271541738,1.288335055362,
    0.480598845844));
#8538 = CARTESIAN_POINT('',(-3.9016511149,-1.288367022778,0.569393336216
    ));
#8539 = CARTESIAN_POINT('',(-2.317096675243,-3.105526843105,
    0.662056383921));
#8540 = CARTESIAN_POINT('',(-0.186676347839,-3.55094160409,
    0.751985459676));
#8541 = CARTESIAN_POINT('',(1.555079904475,-2.770278506575,0.84323349229
    ));
#8542 = CARTESIAN_POINT('',(2.425531849609,-1.385549674138,
    0.934088962162));
#8543 = CARTESIAN_POINT('',(2.42553615496,2.6419520316E-07,
    1.024994787639));
#8544 = DEFINITIONAL_REPRESENTATION('',(#8545),#8549);
#8545 = LINE('',#8546,#8547);
#8546 = CARTESIAN_POINT('',(0.,6.362265131567));
#8547 = VECTOR('',#8548,1.);
#8548 = DIRECTION('',(1.,0.));
#8549 = ( GEOMETRIC_REPRESENTATION_CONTEXT(2) 
PARAMETRIC_REPRESENTATION_CONTEXT() REPRESENTATION_CONTEXT('2D SPACE',''
  ) );
#8550 = ORIENTED_EDGE('',*,*,#8171,.T.);
#8551 = ORIENTED_EDGE('',*,*,#7164,.F.);
#8552 = ADVANCED_FACE('',(#8553),#7233,.F.);
#8553 = FACE_BOUND('',#8554,.F.);
#8554 = EDGE_LOOP('',(#8555,#8556,#8666,#8667));
#8555 = ORIENTED_EDGE('',*,*,#8440,.F.);
#8556 = ORIENTED_EDGE('',*,*,#8557,.T.);
#8557 = EDGE_CURVE('',#8419,#8475,#8558,.T.);
#8558 = SURFACE_CURVE('',#8559,(#8567,#8574),.PCURVE_S1.);
#8559 = ( BOUNDED_CURVE() B_SPLINE_CURVE(6,(#8560,#8561,#8562,#8563,
#8564,#8565,#8566),.UNSPECIFIED.,.F.,.F.) B_SPLINE_CURVE_WITH_KNOTS((7,7
),(0.,2.094395102393),.PIECEWISE_BEZIER_KNOTS.) CURVE() 
GEOMETRIC_REPRESENTATION_ITEM() RATIONAL_B_SPLINE_CURVE((1.056590953773,
    1.017435169568,0.996326512422,0.989390034249,0.996326512422,
1.017435169568,1.056590953773)) REPRESENTATION_ITEM('') );
#8560 = CARTESIAN_POINT('',(3.140003191759,-6.1449E-13,1.562500000012));
#8561 = CARTESIAN_POINT('',(3.162658935797,-8.37822194E-09,1.54941992047
    ));
#8562 = CARTESIAN_POINT('',(3.178624597619,-1.428195917E-08,
    1.527281298814));
#8563 = CARTESIAN_POINT('',(3.184395392322,-1.641584404E-08,
    1.500000323871));
#8564 = CARTESIAN_POINT('',(3.178624995673,-1.428203687E-08,
    1.47271926473));
#8565 = CARTESIAN_POINT('',(3.162659656876,-8.3783548E-09,1.450580410123
    ));
#8566 = CARTESIAN_POINT('',(3.14000410369,-7.8168E-13,1.437500000015));
#8567 = PCURVE('',#7233,#8568);
#8568 = DEFINITIONAL_REPRESENTATION('',(#8569),#8573);
#8569 = LINE('',#8570,#8571);
#8570 = CARTESIAN_POINT('',(0.,0.));
#8571 = VECTOR('',#8572,1.);
#8572 = DIRECTION('',(1.,0.));
#8573 = ( GEOMETRIC_REPRESENTATION_CONTEXT(2) 
PARAMETRIC_REPRESENTATION_CONTEXT() REPRESENTATION_CONTEXT('2D SPACE',''
  ) );
#8574 = PCURVE('',#8575,#8660);
#8575 = ( BOUNDED_SURFACE() B_SPLINE_SURFACE(6,11,(
    (#8576,#8577,#8578,#8579,#8580,#8581,#8582,#8583,#8584,#8585,#8586
      ,#8587)
    ,(#8588,#8589,#8590,#8591,#8592,#8593,#8594,#8595,#8596,#8597,#8598
      ,#8599)
    ,(#8600,#8601,#8602,#8603,#8604,#8605,#8606,#8607,#8608,#8609,#8610
      ,#8611)
    ,(#8612,#8613,#8614,#8615,#8616,#8617,#8618,#8619,#8620,#8621,#8622
      ,#8623)
    ,(#8624,#8625,#8626,#8627,#8628,#8629,#8630,#8631,#8632,#8633,#8634
      ,#8635)
    ,(#8636,#8637,#8638,#8639,#8640,#8641,#8642,#8643,#8644,#8645,#8646
      ,#8647)
    ,(#8648,#8649,#8650,#8651,#8652,#8653,#8654,#8655,#8656,#8657,#8658
,#8659
    )),.UNSPECIFIED.,.F.,.F.,.F.) B_SPLINE_SURFACE_WITH_KNOTS((7,7),(12,
    12),(0.,2.094395102393),(0.,6.362265131567),
.PIECEWISE_BEZIER_KNOTS.) GEOMETRIC_REPRESENTATION_ITEM() 
RATIONAL_B_SPLINE_SURFACE((
    (1.056590953773,1.056590953773,1.056590953773,1.056590953773
      ,1.056590953773,1.056590953774,1.056590953773,1.056590953773
      ,1.056590953773,1.056590953773,1.056590953773,1.056590953773)
    ,(1.017435169568,1.017435169568,1.017435169568,1.017435169568
      ,1.017435169568,1.017435169568,1.017435169568,1.017435169568
      ,1.017435169568,1.017435169568,1.017435169568,1.017435169568)
    ,(0.996326512422,0.996326512422,0.996326512422,0.996326512422
      ,0.996326512422,0.996326512423,0.996326512421,0.996326512423
      ,0.996326512422,0.996326512422,0.996326512422,0.996326512422)
    ,(0.989390034249,0.989390034249,0.989390034249,0.989390034249
      ,0.989390034248,0.989390034249,0.989390034248,0.989390034249
      ,0.989390034248,0.989390034249,0.989390034249,0.989390034249)
    ,(0.996326512422,0.996326512422,0.996326512422,0.996326512423
      ,0.996326512421,0.996326512423,0.996326512421,0.996326512423
      ,0.996326512422,0.996326512422,0.996326512422,0.996326512422)
    ,(1.017435169568,1.017435169568,1.017435169568,1.017435169568
      ,1.017435169568,1.017435169568,1.017435169568,1.017435169568
      ,1.017435169568,1.017435169568,1.017435169568,1.017435169568)
    ,(1.056590953773,1.056590953773,1.056590953773,1.056590953773
      ,1.056590953773,1.056590953774,1.056590953773,1.056590953773
      ,1.056590953773,1.056590953773,1.056590953773,1.056590953773
))) REPRESENTATION_ITEM('') SURFACE() );
#8576 = CARTESIAN_POINT('',(3.14000159588,-1.4711E-13,0.562500000003));
#8577 = CARTESIAN_POINT('',(3.140003595457,1.793565172919,0.653409090919
    ));
#8578 = CARTESIAN_POINT('',(2.013348295742,3.587090958418,0.744318181959
    ));
#8579 = CARTESIAN_POINT('',(-0.242564787958,4.594284198312,
    0.835227271974));
#8580 = CARTESIAN_POINT('',(-2.99770163726,4.025725160403,0.926136365702
    ));
#8581 = CARTESIAN_POINT('',(-5.05340942182,1.660200342013,1.017045451147
    ));
#8582 = CARTESIAN_POINT('',(-5.05223368652,-1.660214400121,1.10795454914
    ));
#8583 = CARTESIAN_POINT('',(-2.998492286523,-4.025700629857,
    1.198863633762));
#8584 = CARTESIAN_POINT('',(-0.242232339704,-4.594297118231,
    1.289772728418));
#8585 = CARTESIAN_POINT('',(2.013280795601,-3.587088446209,1.38068181795
    ));
#8586 = CARTESIAN_POINT('',(3.140001192181,-1.79356517292,1.471590909088
    ));
#8587 = CARTESIAN_POINT('',(3.140003191759,-6.1449E-13,1.562500000012));
#8588 = CARTESIAN_POINT('',(3.162657292205,-4.18894421E-09,0.54941983782
    ));
#8589 = CARTESIAN_POINT('',(3.162659353957,1.806503297188,0.640329032283
    ));
#8590 = CARTESIAN_POINT('',(2.027877515674,3.612991912836,0.731239823649
    ));
#8591 = CARTESIAN_POINT('',(-0.244324939277,4.627368972616,
    0.822138165806));
#8592 = CARTESIAN_POINT('',(-3.019312200017,4.054903693939,
    0.913078335854));
#8593 = CARTESIAN_POINT('',(-5.089888964441,1.671991674701,
    1.003931803275));
#8594 = CARTESIAN_POINT('',(-5.088678084231,-1.672006132885,
    1.094907955295));
#8595 = CARTESIAN_POINT('',(-3.020126503835,-4.054878418002,
    1.185761421869));
#8596 = CARTESIAN_POINT('',(-0.24398257003,-4.627382277832,
    1.276701592873));
#8597 = CARTESIAN_POINT('',(2.027807983087,-3.612989333577,
    1.367599934532));
#8598 = CARTESIAN_POINT('',(3.162656871653,-1.806503309755,
    1.458510725999));
#8599 = CARTESIAN_POINT('',(3.162658935797,-8.37822194E-09,1.54941992047
    ));
#8600 = CARTESIAN_POINT('',(3.178622873271,-7.14080781E-09,
    0.527281157925));
#8601 = CARTESIAN_POINT('',(3.178625037893,1.815620870702,0.618190425359
    ));
#8602 = CARTESIAN_POINT('',(2.038117340579,3.631244507344,0.709102414953
    ));
#8603 = CARTESIAN_POINT('',(-0.245570237653,4.650683820053,
    0.799993183038));
#8604 = CARTESIAN_POINT('',(-3.034529617362,4.075466343188,0.89095525274
    ));
#8605 = CARTESIAN_POINT('',(-5.11561367812,1.680300889736,0.98176952582)
  );
#8606 = CARTESIAN_POINT('',(-5.114343307229,-1.680316045048,
    1.072792931214));
#8607 = CARTESIAN_POINT('',(-3.035383941512,-4.075439817485,
    1.163607203405));
#8608 = CARTESIAN_POINT('',(-0.245211058583,-4.650697778369,
    1.254569274111));
#8609 = CARTESIAN_POINT('',(2.038044382184,-3.631241806638,
    1.345460041672));
#8610 = CARTESIAN_POINT('',(3.178622428919,-1.815620892125,
    1.436372031373));
#8611 = CARTESIAN_POINT('',(3.178624597619,-1.428195917E-08,
    1.527281298814));
#8612 = CARTESIAN_POINT('',(3.18439356846,-8.20774318E-09,0.500000161932
    ));
#8613 = CARTESIAN_POINT('',(3.184395858378,1.818916401131,0.590909455741
    ));
#8614 = CARTESIAN_POINT('',(2.041819993981,3.637841929912,0.68182187843)
  );
#8615 = CARTESIAN_POINT('',(-0.246027673379,4.659110644755,0.77270990889
    ));
#8616 = CARTESIAN_POINT('',(-3.040012504793,4.08289921599,0.863679894163
    ));
#8617 = CARTESIAN_POINT('',(-5.124937734434,1.683303930714,
    0.954480000537));
#8618 = CARTESIAN_POINT('',(-5.123594050423,-1.683319957489,
    1.045520485578));
#8619 = CARTESIAN_POINT('',(-3.040916135219,-4.082871157593,
    1.136320591012));
#8620 = CARTESIAN_POINT('',(-0.24564776866,-4.659125408463,
    1.227290577345));
#8621 = CARTESIAN_POINT('',(2.041742822851,-3.637839074606,
    1.318178607252));
#8622 = CARTESIAN_POINT('',(3.184393097717,-1.818916425754,
    1.409091030054));
#8623 = CARTESIAN_POINT('',(3.184395392322,-1.641584404E-08,
    1.500000323871));
#8624 = CARTESIAN_POINT('',(3.178623072298,-7.14082311E-09,0.47271912384
    ));
#8625 = CARTESIAN_POINT('',(3.178625486294,1.815621041192,0.563628391274
    ));
#8626 = CARTESIAN_POINT('',(2.038121741101,3.631245005301,0.654540380885
    ));
#8627 = CARTESIAN_POINT('',(-0.245590991127,4.65068345038,0.745431148858
    ));
#8628 = CARTESIAN_POINT('',(-3.034480600079,4.07546825732,0.836393218912
    ));
#8629 = CARTESIAN_POINT('',(-5.115687473456,1.6803001685,0.92720749131)
  );
#8630 = CARTESIAN_POINT('',(-5.114270472832,-1.680317077045,
    1.018230897588));
#8631 = CARTESIAN_POINT('',(-3.035433528644,-4.075438672332,
    1.109045168995));
#8632 = CARTESIAN_POINT('',(-0.245190351365,-4.650699019981,
    1.200007240168));
#8633 = CARTESIAN_POINT('',(2.038040364546,-3.631241991289,
    1.290898007557));
#8634 = CARTESIAN_POINT('',(3.1786225776,-1.815621062614,1.381809997286)
  );
#8635 = CARTESIAN_POINT('',(3.178624995673,-1.428203687E-08,
    1.47271926473));
#8636 = CARTESIAN_POINT('',(3.162657652744,-4.18897581E-09,0.45058032747
    ));
#8637 = CARTESIAN_POINT('',(3.162660166239,1.806503606031,0.541489521935
    ));
#8638 = CARTESIAN_POINT('',(2.027885487251,3.612992814888,0.63240031333)
  );
#8639 = CARTESIAN_POINT('',(-0.244362534343,4.627368302952,
    0.723298655286));
#8640 = CARTESIAN_POINT('',(-3.019223404861,4.0549071614,0.814238825971)
  );
#8641 = CARTESIAN_POINT('',(-5.090022645218,1.671990368178,
    0.905092292157));
#8642 = CARTESIAN_POINT('',(-5.088546144202,-1.672008002354,
    0.996068445778));
#8643 = CARTESIAN_POINT('',(-3.020216331276,-4.05487634355,
    1.086921910931));
#8644 = CARTESIAN_POINT('',(-0.243945058759,-4.627384527022,
    1.177862082782));
#8645 = CARTESIAN_POINT('',(2.027800705108,-3.612989668074,1.26876042413
    ));
#8646 = CARTESIAN_POINT('',(3.162657140989,-1.806503618598,
    1.359671215649));
#8647 = CARTESIAN_POINT('',(3.162659656876,-8.3783548E-09,1.450580410123
    ));
#8648 = CARTESIAN_POINT('',(3.140002051845,-1.9157E-13,0.437500000004));
#8649 = CARTESIAN_POINT('',(3.140004622731,1.793565563506,0.528409090922
    ));
#8650 = CARTESIAN_POINT('',(2.013358377207,3.587092099222,0.619318181999
    ));
#8651 = CARTESIAN_POINT('',(-0.242612333551,4.594283351405,
    0.710227271759));
#8652 = CARTESIAN_POINT('',(-2.997589340122,4.025729545618,
    0.801136366293));
#8653 = CARTESIAN_POINT('',(-5.053578484744,1.660198689685,
    0.892045450176));
#8654 = CARTESIAN_POINT('',(-5.05206682508,-1.660216764396,
    0.982954550193));
#8655 = CARTESIAN_POINT('',(-2.998605889168,-4.025698006346,
    1.073863633019));
#8656 = CARTESIAN_POINT('',(-0.242184900085,-4.594299962729,
    1.164772728746));
#8657 = CARTESIAN_POINT('',(2.013271591313,-3.587088869239,
    1.255681817884));
#8658 = CARTESIAN_POINT('',(3.140001532804,-1.793565563506,
    1.346590909087));
#8659 = CARTESIAN_POINT('',(3.14000410369,-7.8168E-13,1.437500000015));
#8660 = DEFINITIONAL_REPRESENTATION('',(#8661),#8665);
#8661 = LINE('',#8662,#8663);
#8662 = CARTESIAN_POINT('',(0.,6.362265131567));
#8663 = VECTOR('',#8664,1.);
#8664 = DIRECTION('',(1.,0.));
#8665 = ( GEOMETRIC_REPRESENTATION_CONTEXT(2) 
PARAMETRIC_REPRESENTATION_CONTEXT() REPRESENTATION_CONTEXT('2D SPACE',''
  ) );
#8666 = ORIENTED_EDGE('',*,*,#8474,.T.);
#8667 = ORIENTED_EDGE('',*,*,#7215,.F.);
#8668 = ADVANCED_FACE('',(#8669),#7349,.T.);
#8669 = FACE_BOUND('',#8670,.F.);
#8670 = EDGE_LOOP('',(#8671,#8694,#8695));
#8671 = ORIENTED_EDGE('',*,*,#8672,.F.);
#8672 = EDGE_CURVE('',#7331,#8673,#8675,.T.);
#8673 = VERTEX_POINT('',#8674);
#8674 = CARTESIAN_POINT('',(5.,0.,0.));
#8675 = SURFACE_CURVE('',#8676,(#8680,#8687),.PCURVE_S1.);
#8676 = LINE('',#8677,#8678);
#8677 = CARTESIAN_POINT('',(5.773502691896,0.,0.320395305516));
#8678 = VECTOR('',#8679,1.);
#8679 = DIRECTION('',(-0.923879532511,0.,-0.382683432365));
#8680 = PCURVE('',#7349,#8681);
#8681 = DEFINITIONAL_REPRESENTATION('',(#8682),#8686);
#8682 = LINE('',#8683,#8684);
#8683 = CARTESIAN_POINT('',(0.,-0.));
#8684 = VECTOR('',#8685,1.);
#8685 = DIRECTION('',(0.,-1.));
#8686 = ( GEOMETRIC_REPRESENTATION_CONTEXT(2) 
PARAMETRIC_REPRESENTATION_CONTEXT() REPRESENTATION_CONTEXT('2D SPACE',''
  ) );
#8687 = PCURVE('',#7844,#8688);
#8688 = DEFINITIONAL_REPRESENTATION('',(#8689),#8693);
#8689 = LINE('',#8690,#8691);
#8690 = CARTESIAN_POINT('',(6.28318530718,-0.));
#8691 = VECTOR('',#8692,1.);
#8692 = DIRECTION('',(0.,-1.));
#8693 = ( GEOMETRIC_REPRESENTATION_CONTEXT(2) 
PARAMETRIC_REPRESENTATION_CONTEXT() REPRESENTATION_CONTEXT('2D SPACE',''
  ) );
#8694 = ORIENTED_EDGE('',*,*,#7330,.T.);
#8695 = ORIENTED_EDGE('',*,*,#8696,.F.);
#8696 = EDGE_CURVE('',#8673,#7333,#8697,.T.);
#8697 = SURFACE_CURVE('',#8698,(#8703,#8710),.PCURVE_S1.);
#8698 = CIRCLE('',#8699,5.);
#8699 = AXIS2_PLACEMENT_3D('',#8700,#8701,#8702);
#8700 = CARTESIAN_POINT('',(0.,0.,0.));
#8701 = DIRECTION('',(0.,0.,1.));
#8702 = DIRECTION('',(1.,0.,-0.));
#8703 = PCURVE('',#7349,#8704);
#8704 = DEFINITIONAL_REPRESENTATION('',(#8705),#8709);
#8705 = LINE('',#8706,#8707);
#8706 = CARTESIAN_POINT('',(0.,-0.320395305516));
#8707 = VECTOR('',#8708,1.);
#8708 = DIRECTION('',(1.,-0.));
#8709 = ( GEOMETRIC_REPRESENTATION_CONTEXT(2) 
PARAMETRIC_REPRESENTATION_CONTEXT() REPRESENTATION_CONTEXT('2D SPACE',''
  ) );
#8710 = PCURVE('',#8711,#8716);
#8711 = PLANE('',#8712);
#8712 = AXIS2_PLACEMENT_3D('',#8713,#8714,#8715);
#8713 = CARTESIAN_POINT('',(0.,0.,0.));
#8714 = DIRECTION('',(0.,0.,1.));
#8715 = DIRECTION('',(1.,0.,-0.));
#8716 = DEFINITIONAL_REPRESENTATION('',(#8717),#8721);
#8717 = CIRCLE('',#8718,5.);
#8718 = AXIS2_PLACEMENT_2D('',#8719,#8720);
#8719 = CARTESIAN_POINT('',(0.,0.));
#8720 = DIRECTION('',(1.,0.));
#8721 = ( GEOMETRIC_REPRESENTATION_CONTEXT(2) 
PARAMETRIC_REPRESENTATION_CONTEXT() REPRESENTATION_CONTEXT('2D SPACE',''
  ) );
#8722 = ADVANCED_FACE('',(#8723),#7426,.T.);
#8723 = FACE_BOUND('',#8724,.F.);
#8724 = EDGE_LOOP('',(#8725,#8726,#8727));
#8725 = ORIENTED_EDGE('',*,*,#7411,.T.);
#8726 = ORIENTED_EDGE('',*,*,#7445,.T.);
#8727 = ORIENTED_EDGE('',*,*,#8728,.F.);
#8728 = EDGE_CURVE('',#7333,#7446,#8729,.T.);
#8729 = SURFACE_CURVE('',#8730,(#8735,#8742),.PCURVE_S1.);
#8730 = CIRCLE('',#8731,5.);
#8731 = AXIS2_PLACEMENT_3D('',#8732,#8733,#8734);
#8732 = CARTESIAN_POINT('',(0.,0.,0.));
#8733 = DIRECTION('',(0.,0.,1.));
#8734 = DIRECTION('',(1.,0.,-0.));
#8735 = PCURVE('',#7426,#8736);
#8736 = DEFINITIONAL_REPRESENTATION('',(#8737),#8741);
#8737 = LINE('',#8738,#8739);
#8738 = CARTESIAN_POINT('',(0.,-0.320395305516));
#8739 = VECTOR('',#8740,1.);
#8740 = DIRECTION('',(1.,-0.));
#8741 = ( GEOMETRIC_REPRESENTATION_CONTEXT(2) 
PARAMETRIC_REPRESENTATION_CONTEXT() REPRESENTATION_CONTEXT('2D SPACE',''
  ) );
#8742 = PCURVE('',#8711,#8743);
#8743 = DEFINITIONAL_REPRESENTATION('',(#8744),#8748);
#8744 = CIRCLE('',#8745,5.);
#8745 = AXIS2_PLACEMENT_2D('',#8746,#8747);
#8746 = CARTESIAN_POINT('',(0.,0.));
#8747 = DIRECTION('',(1.,0.));
#8748 = ( GEOMETRIC_REPRESENTATION_CONTEXT(2) 
PARAMETRIC_REPRESENTATION_CONTEXT() REPRESENTATION_CONTEXT('2D SPACE',''
  ) );
#8749 = ADVANCED_FACE('',(#8750),#7514,.T.);
#8750 = FACE_BOUND('',#8751,.F.);
#8751 = EDGE_LOOP('',(#8752,#8753,#8754));
#8752 = ORIENTED_EDGE('',*,*,#7499,.T.);
#8753 = ORIENTED_EDGE('',*,*,#7533,.T.);
#8754 = ORIENTED_EDGE('',*,*,#8755,.F.);
#8755 = EDGE_CURVE('',#7446,#7534,#8756,.T.);
#8756 = SURFACE_CURVE('',#8757,(#8762,#8769),.PCURVE_S1.);
#8757 = CIRCLE('',#8758,5.);
#8758 = AXIS2_PLACEMENT_3D('',#8759,#8760,#8761);
#8759 = CARTESIAN_POINT('',(0.,0.,0.));
#8760 = DIRECTION('',(0.,0.,1.));
#8761 = DIRECTION('',(1.,0.,-0.));
#8762 = PCURVE('',#7514,#8763);
#8763 = DEFINITIONAL_REPRESENTATION('',(#8764),#8768);
#8764 = LINE('',#8765,#8766);
#8765 = CARTESIAN_POINT('',(0.,-0.320395305516));
#8766 = VECTOR('',#8767,1.);
#8767 = DIRECTION('',(1.,-0.));
#8768 = ( GEOMETRIC_REPRESENTATION_CONTEXT(2) 
PARAMETRIC_REPRESENTATION_CONTEXT() REPRESENTATION_CONTEXT('2D SPACE',''
  ) );
#8769 = PCURVE('',#8711,#8770);
#8770 = DEFINITIONAL_REPRESENTATION('',(#8771),#8775);
#8771 = CIRCLE('',#8772,5.);
#8772 = AXIS2_PLACEMENT_2D('',#8773,#8774);
#8773 = CARTESIAN_POINT('',(0.,0.));
#8774 = DIRECTION('',(1.,0.));
#8775 = ( GEOMETRIC_REPRESENTATION_CONTEXT(2) 
PARAMETRIC_REPRESENTATION_CONTEXT() REPRESENTATION_CONTEXT('2D SPACE',''
  ) );
#8776 = ADVANCED_FACE('',(#8777),#7602,.T.);
#8777 = FACE_BOUND('',#8778,.F.);
#8778 = EDGE_LOOP('',(#8779,#8780,#8781));
#8779 = ORIENTED_EDGE('',*,*,#7587,.T.);
#8780 = ORIENTED_EDGE('',*,*,#7621,.T.);
#8781 = ORIENTED_EDGE('',*,*,#8782,.F.);
#8782 = EDGE_CURVE('',#7534,#7622,#8783,.T.);
#8783 = SURFACE_CURVE('',#8784,(#8789,#8796),.PCURVE_S1.);
#8784 = CIRCLE('',#8785,5.);
#8785 = AXIS2_PLACEMENT_3D('',#8786,#8787,#8788);
#8786 = CARTESIAN_POINT('',(0.,0.,0.));
#8787 = DIRECTION('',(0.,0.,1.));
#8788 = DIRECTION('',(1.,0.,-0.));
#8789 = PCURVE('',#7602,#8790);
#8790 = DEFINITIONAL_REPRESENTATION('',(#8791),#8795);
#8791 = LINE('',#8792,#8793);
#8792 = CARTESIAN_POINT('',(0.,-0.320395305516));
#8793 = VECTOR('',#8794,1.);
#8794 = DIRECTION('',(1.,-0.));
#8795 = ( GEOMETRIC_REPRESENTATION_CONTEXT(2) 
PARAMETRIC_REPRESENTATION_CONTEXT() REPRESENTATION_CONTEXT('2D SPACE',''
  ) );
#8796 = PCURVE('',#8711,#8797);
#8797 = DEFINITIONAL_REPRESENTATION('',(#8798),#8802);
#8798 = CIRCLE('',#8799,5.);
#8799 = AXIS2_PLACEMENT_2D('',#8800,#8801);
#8800 = CARTESIAN_POINT('',(0.,0.));
#8801 = DIRECTION('',(1.,0.));
#8802 = ( GEOMETRIC_REPRESENTATION_CONTEXT(2) 
PARAMETRIC_REPRESENTATION_CONTEXT() REPRESENTATION_CONTEXT('2D SPACE',''
  ) );
#8803 = ADVANCED_FACE('',(#8804),#7690,.T.);
#8804 = FACE_BOUND('',#8805,.F.);
#8805 = EDGE_LOOP('',(#8806,#8807,#8808));
#8806 = ORIENTED_EDGE('',*,*,#7675,.T.);
#8807 = ORIENTED_EDGE('',*,*,#7709,.T.);
#8808 = ORIENTED_EDGE('',*,*,#8809,.F.);
#8809 = EDGE_CURVE('',#7622,#7710,#8810,.T.);
#8810 = SURFACE_CURVE('',#8811,(#8816,#8823),.PCURVE_S1.);
#8811 = CIRCLE('',#8812,5.);
#8812 = AXIS2_PLACEMENT_3D('',#8813,#8814,#8815);
#8813 = CARTESIAN_POINT('',(0.,0.,0.));
#8814 = DIRECTION('',(0.,0.,1.));
#8815 = DIRECTION('',(1.,0.,-0.));
#8816 = PCURVE('',#7690,#8817);
#8817 = DEFINITIONAL_REPRESENTATION('',(#8818),#8822);
#8818 = LINE('',#8819,#8820);
#8819 = CARTESIAN_POINT('',(0.,-0.320395305516));
#8820 = VECTOR('',#8821,1.);
#8821 = DIRECTION('',(1.,-0.));
#8822 = ( GEOMETRIC_REPRESENTATION_CONTEXT(2) 
PARAMETRIC_REPRESENTATION_CONTEXT() REPRESENTATION_CONTEXT('2D SPACE',''
  ) );
#8823 = PCURVE('',#8711,#8824);
#8824 = DEFINITIONAL_REPRESENTATION('',(#8825),#8829);
#8825 = CIRCLE('',#8826,5.);
#8826 = AXIS2_PLACEMENT_2D('',#8827,#8828);
#8827 = CARTESIAN_POINT('',(0.,0.));
#8828 = DIRECTION('',(1.,0.));
#8829 = ( GEOMETRIC_REPRESENTATION_CONTEXT(2) 
PARAMETRIC_REPRESENTATION_CONTEXT() REPRESENTATION_CONTEXT('2D SPACE',''
  ) );
#8830 = ADVANCED_FACE('',(#8831),#7778,.T.);
#8831 = FACE_BOUND('',#8832,.F.);
#8832 = EDGE_LOOP('',(#8833,#8834,#8835));
#8833 = ORIENTED_EDGE('',*,*,#7763,.T.);
#8834 = ORIENTED_EDGE('',*,*,#7797,.T.);
#8835 = ORIENTED_EDGE('',*,*,#8836,.F.);
#8836 = EDGE_CURVE('',#7710,#7798,#8837,.T.);
#8837 = SURFACE_CURVE('',#8838,(#8843,#8850),.PCURVE_S1.);
#8838 = CIRCLE('',#8839,5.);
#8839 = AXIS2_PLACEMENT_3D('',#8840,#8841,#8842);
#8840 = CARTESIAN_POINT('',(0.,0.,0.));
#8841 = DIRECTION('',(0.,0.,1.));
#8842 = DIRECTION('',(1.,0.,-0.));
#8843 = PCURVE('',#7778,#8844);
#8844 = DEFINITIONAL_REPRESENTATION('',(#8845),#8849);
#8845 = LINE('',#8846,#8847);
#8846 = CARTESIAN_POINT('',(0.,-0.320395305516));
#8847 = VECTOR('',#8848,1.);
#8848 = DIRECTION('',(1.,-0.));
#8849 = ( GEOMETRIC_REPRESENTATION_CONTEXT(2) 
PARAMETRIC_REPRESENTATION_CONTEXT() REPRESENTATION_CONTEXT('2D SPACE',''
  ) );
#8850 = PCURVE('',#8711,#8851);
#8851 = DEFINITIONAL_REPRESENTATION('',(#8852),#8856);
#8852 = CIRCLE('',#8853,5.);
#8853 = AXIS2_PLACEMENT_2D('',#8854,#8855);
#8854 = CARTESIAN_POINT('',(0.,0.));
#8855 = DIRECTION('',(1.,0.));
#8856 = ( GEOMETRIC_REPRESENTATION_CONTEXT(2) 
PARAMETRIC_REPRESENTATION_CONTEXT() REPRESENTATION_CONTEXT('2D SPACE',''
  ) );
#8857 = ADVANCED_FACE('',(#8858),#7844,.T.);
#8858 = FACE_BOUND('',#8859,.F.);
#8859 = EDGE_LOOP('',(#8860,#8861,#8862));
#8860 = ORIENTED_EDGE('',*,*,#7829,.T.);
#8861 = ORIENTED_EDGE('',*,*,#8672,.T.);
#8862 = ORIENTED_EDGE('',*,*,#8863,.F.);
#8863 = EDGE_CURVE('',#7798,#8673,#8864,.T.);
#8864 = SURFACE_CURVE('',#8865,(#8870,#8877),.PCURVE_S1.);
#8865 = CIRCLE('',#8866,5.);
#8866 = AXIS2_PLACEMENT_3D('',#8867,#8868,#8869);
#8867 = CARTESIAN_POINT('',(0.,0.,0.));
#8868 = DIRECTION('',(0.,0.,1.));
#8869 = DIRECTION('',(1.,0.,-0.));
#8870 = PCURVE('',#7844,#8871);
#8871 = DEFINITIONAL_REPRESENTATION('',(#8872),#8876);
#8872 = LINE('',#8873,#8874);
#8873 = CARTESIAN_POINT('',(0.,-0.320395305516));
#8874 = VECTOR('',#8875,1.);
#8875 = DIRECTION('',(1.,-0.));
#8876 = ( GEOMETRIC_REPRESENTATION_CONTEXT(2) 
PARAMETRIC_REPRESENTATION_CONTEXT() REPRESENTATION_CONTEXT('2D SPACE',''
  ) );
#8877 = PCURVE('',#8711,#8878);
#8878 = DEFINITIONAL_REPRESENTATION('',(#8879),#8883);
#8879 = CIRCLE('',#8880,5.);
#8880 = AXIS2_PLACEMENT_2D('',#8881,#8882);
#8881 = CARTESIAN_POINT('',(0.,0.));
#8882 = DIRECTION('',(1.,0.));
#8883 = ( GEOMETRIC_REPRESENTATION_CONTEXT(2) 
PARAMETRIC_REPRESENTATION_CONTEXT() REPRESENTATION_CONTEXT('2D SPACE',''
  ) );
#8884 = ADVANCED_FACE('',(#8885),#7881,.F.);
#8885 = FACE_BOUND('',#8886,.F.);
#8886 = EDGE_LOOP('',(#8887,#9105,#9134,#9303));
#8887 = ORIENTED_EDGE('',*,*,#8888,.F.);
#8888 = EDGE_CURVE('',#8889,#7866,#8891,.T.);
#8889 = VERTEX_POINT('',#8890);
#8890 = CARTESIAN_POINT('',(1.854473393311,1.820534941617,0.248527130307
    ));
#8891 = SURFACE_CURVE('',#8892,(#8961,#9033),.PCURVE_S1.);
#8892 = B_SPLINE_CURVE_WITH_KNOTS('',7,(#8893,#8894,#8895,#8896,#8897,
    #8898,#8899,#8900,#8901,#8902,#8903,#8904,#8905,#8906,#8907,#8908,
    #8909,#8910,#8911,#8912,#8913,#8914,#8915,#8916,#8917,#8918,#8919,
    #8920,#8921,#8922,#8923,#8924,#8925,#8926,#8927,#8928,#8929,#8930,
    #8931,#8932,#8933,#8934,#8935,#8936,#8937,#8938,#8939,#8940,#8941,
    #8942,#8943,#8944,#8945,#8946,#8947,#8948,#8949,#8950,#8951,#8952,
    #8953,#8954,#8955,#8956,#8957,#8958,#8959,#8960),.UNSPECIFIED.,.F.,
  .F.,(8,6,6,6,6,6,6,6,6,6,6,8),(0.,6.664177822102E-02,
    9.026159382601E-02,0.184766473955,0.302623319047,0.434387473407,
    0.568269722657,0.679085940737,0.783563262805,0.889006282883,
    0.97187581033,1.),.UNSPECIFIED.);
#8893 = CARTESIAN_POINT('',(1.854481282678,1.820527105291,0.248526530307
    ));
#8894 = CARTESIAN_POINT('',(1.759041114059,1.917747314111,0.256870076566
    ));
#8895 = CARTESIAN_POINT('',(1.657651960576,2.009132637239,0.265213601321
    ));
#8896 = CARTESIAN_POINT('',(1.550747043729,2.094242340093,0.273556781261
    ));
#8897 = CARTESIAN_POINT('',(1.438794213096,2.172680044549,0.281899775449
    ));
#8898 = CARTESIAN_POINT('',(1.322294344799,2.244094839635,0.290242895131
    ));
#8899 = CARTESIAN_POINT('',(1.201779739968,2.308182392221,0.298586273565
    ));
#8900 = CARTESIAN_POINT('',(1.033874878098,2.384712626566,0.30988663454)
  );
#8901 = CARTESIAN_POINT('',(0.989503090698,2.403786741578,0.312843747616
    ));
#8902 = CARTESIAN_POINT('',(0.944721975401,2.421897093833,0.315800876543
    ));
#8903 = CARTESIAN_POINT('',(0.899556664771,2.439033200951,0.318758022048
    ));
#8904 = CARTESIAN_POINT('',(0.854032609546,2.455185407085,0.3217151841)
  );
#8905 = CARTESIAN_POINT('',(0.808175578638,2.470344882922,0.32467236191)
  );
#8906 = CARTESIAN_POINT('',(0.577305912391,2.541153953102,0.339461529351
    ));
#8907 = CARTESIAN_POINT('',(0.387665396254,2.581790549512,0.351295093097
    ));
#8908 = CARTESIAN_POINT('',(0.194793720614,2.605884034926,0.363127879023
    ));
#8909 = CARTESIAN_POINT('',(4.201252559887E-04,2.61315443429,
    0.374960083475));
#8910 = CARTESIAN_POINT('',(-0.193712654574,2.603536533715,
    0.386792806467));
#8911 = CARTESIAN_POINT('',(-0.38585923649,2.5771803024,0.398626330524)
  );
#8912 = CARTESIAN_POINT('',(-0.809261744819,2.481242876248,
    0.425214008773));
#8913 = CARTESIAN_POINT('',(-1.038548276843,2.402567526563,
    0.439973394199));
#8914 = CARTESIAN_POINT('',(-1.258717283974,2.29921156809,0.454729552202
    ));
#8915 = CARTESIAN_POINT('',(-1.466630737162,2.172495605894,
    0.469483795597));
#8916 = CARTESIAN_POINT('',(-1.659398767575,2.024180963312,
    0.484240144363));
#8917 = CARTESIAN_POINT('',(-1.834409568184,1.85645142718,0.498999834241
    ));
#8918 = CARTESIAN_POINT('',(-2.162735637522,1.465794401263,
    0.530253166173));
#8919 = CARTESIAN_POINT('',(-2.31118160475,1.238537061468,0.546757937729
    ));
#8920 = CARTESIAN_POINT('',(-2.431552084144,0.993981718976,
    0.563257317428));
#8921 = CARTESIAN_POINT('',(-2.521561533043,0.736323781502,
    0.579754845548));
#8922 = CARTESIAN_POINT('',(-2.579655510649,0.470012699888,
    0.596253882001));
#8923 = CARTESIAN_POINT('',(-2.605009882339,0.199754553234,
    0.612758097241));
#8924 = CARTESIAN_POINT('',(-2.590482569543,-0.343117650689,
    0.64601656614));
#8925 = CARTESIAN_POINT('',(-2.549539133209,-0.615942792674,
    0.662785471977));
#8926 = CARTESIAN_POINT('',(-2.475060428196,-0.882807654019,
    0.679547640697));
#8927 = CARTESIAN_POINT('',(-2.368192723442,-1.138831114951,
    0.696307657898));
#8928 = CARTESIAN_POINT('',(-2.230840357772,-1.379451337557,
    0.713070260138));
#8929 = CARTESIAN_POINT('',(-2.06566733249,-1.600420999535,
    0.729839846687));
#8930 = CARTESIAN_POINT('',(-1.71955643038,-1.9615977962,0.760476937124)
  );
#8931 = CARTESIAN_POINT('',(-1.546144382778,-2.109257402353,
    0.774354837613));
#8932 = CARTESIAN_POINT('',(-1.358058279807,-2.238904802018,
    0.788230887641));
#8933 = CARTESIAN_POINT('',(-1.15756153442,-2.348844051805,
    0.802105621853));
#8934 = CARTESIAN_POINT('',(-0.947120351098,-2.437722793157,
    0.81598148641));
#8935 = CARTESIAN_POINT('',(-0.729381650799,-2.504544390738,
    0.829859046854));
#8936 = CARTESIAN_POINT('',(-0.297716408146,-2.590444283222,
    0.856813737072));
#8937 = CARTESIAN_POINT('',(-8.420558567456E-02,-2.612050650122,
    0.869896057061));
#8938 = CARTESIAN_POINT('',(0.130964378496,-2.613093569168,
    0.882976344935));
#8939 = CARTESIAN_POINT('',(0.345426697956,-2.593470657107,
    0.896055369089));
#8940 = CARTESIAN_POINT('',(0.556834399665,-2.553396664335,
    0.909135528638));
#8941 = CARTESIAN_POINT('',(0.762878688079,-2.493401815403,
    0.922217762068));
#8942 = CARTESIAN_POINT('',(1.16158126873,-2.334654736391,0.948499789737
    ));
#8943 = CARTESIAN_POINT('',(1.354168679116,-2.235521338604,
    0.961704108744));
#8944 = CARTESIAN_POINT('',(1.536755436858,-2.117903427078,
    0.974907387936));
#8945 = CARTESIAN_POINT('',(1.707244899539,-1.983039893645,
    0.988110130495));
#8946 = CARTESIAN_POINT('',(1.863736972409,-1.832433727738,
    1.001313994742));
#8947 = CARTESIAN_POINT('',(2.00454326916,-1.667840063972,1.014518953835
    ));
#8948 = CARTESIAN_POINT('',(2.225462475051,-1.352566321584,
    1.038096462637));
#8949 = CARTESIAN_POINT('',(2.312135705978,-1.206422301528,
    1.048472295227));
#8950 = CARTESIAN_POINT('',(2.387574479719,-1.053853011543,
    1.058847084417));
#8951 = CARTESIAN_POINT('',(2.451220924706,-0.895898409794,
    1.069221026415));
#8952 = CARTESIAN_POINT('',(2.502635642359,-0.733649133681,
    1.079595198518));
#8953 = CARTESIAN_POINT('',(2.541499731778,-0.568241322548,
    1.089970368641));
#8954 = CARTESIAN_POINT('',(2.576500273619,-0.344050706464,
    1.103866199174));
#8955 = CARTESIAN_POINT('',(2.583902647947,-0.287015073319,
    1.107387238928));
#8956 = CARTESIAN_POINT('',(2.589831665295,-0.229795952552,
    1.110908319618));
#8957 = CARTESIAN_POINT('',(2.594281994041,-0.172438998076,
    1.114429422516));
#8958 = CARTESIAN_POINT('',(2.597250075242,-0.114990005691,
    1.117950508126));
#8959 = CARTESIAN_POINT('',(2.598734122635,-5.749491308943E-02,
    1.121471516183));
#8960 = CARTESIAN_POINT('',(2.598734122635,2.0015003033E-07,
    1.124992365649));
#8961 = PCURVE('',#7881,#8962);
#8962 = DEFINITIONAL_REPRESENTATION('',(#8963),#9032);
#8963 = B_SPLINE_CURVE_WITH_KNOTS('',7,(#8964,#8965,#8966,#8967,#8968,
    #8969,#8970,#8971,#8972,#8973,#8974,#8975,#8976,#8977,#8978,#8979,
    #8980,#8981,#8982,#8983,#8984,#8985,#8986,#8987,#8988,#8989,#8990,
    #8991,#8992,#8993,#8994,#8995,#8996,#8997,#8998,#8999,#9000,#9001,
    #9002,#9003,#9004,#9005,#9006,#9007,#9008,#9009,#9010,#9011,#9012,
    #9013,#9014,#9015,#9016,#9017,#9018,#9019,#9020,#9021,#9022,#9023,
    #9024,#9025,#9026,#9027,#9028,#9029,#9030,#9031),.UNSPECIFIED.,.F.,
  .F.,(8,6,6,6,6,6,6,6,6,6,6,8),(0.,6.664177822102E-02,
    9.026159382601E-02,0.184766473955,0.302623319047,0.434387473407,
    0.568269722657,0.679085940737,0.783563262805,0.889006282883,
    0.97187581033,1.),.UNSPECIFIED.);
#8964 = CARTESIAN_POINT('',(0.776159160464,-6.E-07));
#8965 = CARTESIAN_POINT('',(0.828583636164,8.342946259073E-03));
#8966 = CARTESIAN_POINT('',(0.88100954415,1.668647101355E-02));
#8967 = CARTESIAN_POINT('',(0.933434383373,2.502965095421E-02));
#8968 = CARTESIAN_POINT('',(0.985858531096,3.337264514145E-02));
#8969 = CARTESIAN_POINT('',(1.038283327654,4.171576482405E-02));
#8970 = CARTESIAN_POINT('',(1.090709161215,5.005914325795E-02));
#8971 = CARTESIAN_POINT('',(1.161714306077,6.135950423317E-02));
#8972 = CARTESIAN_POINT('',(1.180295058657,6.43166173087E-02));
#8973 = CARTESIAN_POINT('',(1.198875812166,6.727374623571E-02));
#8974 = CARTESIAN_POINT('',(1.217456566834,7.023089174076E-02));
#8975 = CARTESIAN_POINT('',(1.236037321232,7.318805379282E-02));
#8976 = CARTESIAN_POINT('',(1.254618072276,7.614523160325E-02));
#8977 = CARTESIAN_POINT('',(1.347541939425,9.093439904371E-02));
#8978 = CARTESIAN_POINT('',(1.421893487632,0.10276796279));
#8979 = CARTESIAN_POINT('',(1.496238850932,0.114600748716));
#8980 = CARTESIAN_POINT('',(1.570580299054,0.126432953168));
#8981 = CARTESIAN_POINT('',(1.644925720544,0.13826567616));
#8982 = CARTESIAN_POINT('',(1.719277368088,0.150099200217));
#8983 = CARTESIAN_POINT('',(1.886333914559,0.176686878466));
#8984 = CARTESIAN_POINT('',(1.97907229395,0.191446263892));
#8985 = CARTESIAN_POINT('',(2.071792168651,0.206202421895));
#8986 = CARTESIAN_POINT('',(2.16450025525,0.22095666529));
#8987 = CARTESIAN_POINT('',(2.257220055432,0.235713014056));
#8988 = CARTESIAN_POINT('',(2.349958320858,0.250472703934));
#8989 = CARTESIAN_POINT('',(2.546324977899,0.281726035866));
#8990 = CARTESIAN_POINT('',(2.65002272414,0.298230807422));
#8991 = CARTESIAN_POINT('',(2.753684125953,0.314730187121));
#8992 = CARTESIAN_POINT('',(2.85733335086,0.331227715241));
#8993 = CARTESIAN_POINT('',(2.960994840833,0.347726751694));
#8994 = CARTESIAN_POINT('',(3.064692730058,0.364230966934));
#8995 = CARTESIAN_POINT('',(3.273666222404,0.397489435833));
#8996 = CARTESIAN_POINT('',(3.379033996194,0.41425834167));
#8997 = CARTESIAN_POINT('',(3.484362294552,0.43102051039));
#8998 = CARTESIAN_POINT('',(3.58967759456,0.447780527591));
#8999 = CARTESIAN_POINT('',(3.695005783879,0.46454312983));
#9000 = CARTESIAN_POINT('',(3.800373419693,0.48131271638));
#9001 = CARTESIAN_POINT('',(3.992867670024,0.511949806817));
#9002 = CARTESIAN_POINT('',(4.080060740054,0.525827707306));
#9003 = CARTESIAN_POINT('',(4.167240189975,0.539703757334));
#9004 = CARTESIAN_POINT('',(4.254411000671,0.553578491546));
#9005 = CARTESIAN_POINT('',(4.341590523789,0.567454356103));
#9006 = CARTESIAN_POINT('',(4.428783734949,0.581331916547));
#9007 = CARTESIAN_POINT('',(4.598146637968,0.608286606765));
#9008 = CARTESIAN_POINT('',(4.680348623827,0.621368926754));
#9009 = CARTESIAN_POINT('',(4.762540425672,0.634449214628));
#9010 = CARTESIAN_POINT('',(4.844725725775,0.647528238782));
#9011 = CARTESIAN_POINT('',(4.926917474374,0.660608398331));
#9012 = CARTESIAN_POINT('',(5.009119395097,0.673690631761));
#9013 = CARTESIAN_POINT('',(5.174255095244,0.69997265943));
#9014 = CARTESIAN_POINT('',(5.257217233737,0.713176978437));
#9015 = CARTESIAN_POINT('',(5.340168698485,0.726380257629));
#9016 = CARTESIAN_POINT('',(5.423113405716,0.739583000188));
#9017 = CARTESIAN_POINT('',(5.506064945439,0.752786864435));
#9018 = CARTESIAN_POINT('',(5.589027211882,0.765991823528));
#9019 = CARTESIAN_POINT('',(5.737165184515,0.78956933233));
#9020 = CARTESIAN_POINT('',(5.80235974163,0.799945164919));
#9021 = CARTESIAN_POINT('',(5.867551055991,0.81031995411));
#9022 = CARTESIAN_POINT('',(5.932740278875,0.820693896107));
#9023 = CARTESIAN_POINT('',(5.997931488788,0.831068068211));
#9024 = CARTESIAN_POINT('',(6.063125863152,0.841443238334));
#9025 = CARTESIAN_POINT('',(6.150440029255,0.855339068867));
#9026 = CARTESIAN_POINT('',(6.172564182114,0.858860108621));
#9027 = CARTESIAN_POINT('',(6.194688356023,0.86238118931));
#9028 = CARTESIAN_POINT('',(6.216812554358,0.865902292209));
#9029 = CARTESIAN_POINT('',(6.238936778995,0.869423377819));
#9030 = CARTESIAN_POINT('',(6.26106103031,0.872944385876));
#9031 = CARTESIAN_POINT('',(6.28318530718,0.876465235342));
#9032 = ( GEOMETRIC_REPRESENTATION_CONTEXT(2) 
PARAMETRIC_REPRESENTATION_CONTEXT() REPRESENTATION_CONTEXT('2D SPACE',''
  ) );
#9033 = PCURVE('',#8519,#9034);
#9034 = DEFINITIONAL_REPRESENTATION('',(#9035),#9104);
#9035 = B_SPLINE_CURVE_WITH_KNOTS('',7,(#9036,#9037,#9038,#9039,#9040,
    #9041,#9042,#9043,#9044,#9045,#9046,#9047,#9048,#9049,#9050,#9051,
    #9052,#9053,#9054,#9055,#9056,#9057,#9058,#9059,#9060,#9061,#9062,
    #9063,#9064,#9065,#9066,#9067,#9068,#9069,#9070,#9071,#9072,#9073,
    #9074,#9075,#9076,#9077,#9078,#9079,#9080,#9081,#9082,#9083,#9084,
    #9085,#9086,#9087,#9088,#9089,#9090,#9091,#9092,#9093,#9094,#9095,
    #9096,#9097,#9098,#9099,#9100,#9101,#9102,#9103),.UNSPECIFIED.,.F.,
  .F.,(8,6,6,6,6,6,6,6,6,6,6,8),(0.,6.664177822102E-02,
    9.026159382601E-02,0.184766473955,0.302623319047,0.434387473407,
    0.568269722657,0.679085940737,0.783563262805,0.889006282883,
    0.97187581033,1.),.UNSPECIFIED.);
#9036 = CARTESIAN_POINT('',(0.625000443565,0.785927321621));
#9037 = CARTESIAN_POINT('',(0.62500091556,0.839011096171));
#9038 = CARTESIAN_POINT('',(0.625001841363,0.892096434011));
#9039 = CARTESIAN_POINT('',(0.625003057289,0.945180878398));
#9040 = CARTESIAN_POINT('',(0.625004354601,0.998264823806));
#9041 = CARTESIAN_POINT('',(0.62500553143,1.051349597467));
#9042 = CARTESIAN_POINT('',(0.625006444708,1.104435540921));
#9043 = CARTESIAN_POINT('',(0.625007280915,1.17633482507));
#9044 = CARTESIAN_POINT('',(0.625007461955,1.19514956601));
#9045 = CARTESIAN_POINT('',(0.625007603112,1.213964313743));
#9046 = CARTESIAN_POINT('',(0.625007703347,1.232779066034));
#9047 = CARTESIAN_POINT('',(0.625007762693,1.251593819048));
#9048 = CARTESIAN_POINT('',(0.625007782251,1.270408567353));
#9049 = CARTESIAN_POINT('',(0.625007691917,1.364502656386));
#9050 = CARTESIAN_POINT('',(0.625007018551,1.439790483556));
#9051 = CARTESIAN_POINT('',(0.625005862481,1.515071852777));
#9052 = CARTESIAN_POINT('',(0.625004610961,1.590348983049));
#9053 = CARTESIAN_POINT('',(0.625003638852,1.665629886365));
#9054 = CARTESIAN_POINT('',(0.62500315188,1.740916948008));
#9055 = CARTESIAN_POINT('',(0.62500315754,1.910075108321));
#9056 = CARTESIAN_POINT('',(0.62500391713,2.003980080924));
#9057 = CARTESIAN_POINT('',(0.625005497314,2.097866428491));
#9058 = CARTESIAN_POINT('',(0.625007395215,2.191741154723));
#9059 = CARTESIAN_POINT('',(0.62500895213,2.285628086987));
#9060 = CARTESIAN_POINT('',(0.62500969879,2.379533916415));
#9061 = CARTESIAN_POINT('',(0.625009562997,2.578372926893));
#9062 = CARTESIAN_POINT('',(0.625008469838,2.683376348316));
#9063 = CARTESIAN_POINT('',(0.625006304733,2.788342834779));
#9064 = CARTESIAN_POINT('',(0.62500357256,2.893296608018));
#9065 = CARTESIAN_POINT('',(0.625001395827,2.998262403945));
#9066 = CARTESIAN_POINT('',(0.625000303031,3.103264883266));
#9067 = CARTESIAN_POINT('',(0.625000288793,3.314867456155));
#9068 = CARTESIAN_POINT('',(0.625001402566,3.42156088203));
#9069 = CARTESIAN_POINT('',(0.625003636533,3.528214572415));
#9070 = CARTESIAN_POINT('',(0.625006429582,3.634855564927));
#9071 = CARTESIAN_POINT('',(0.625008579425,3.741510034004));
#9072 = CARTESIAN_POINT('',(0.625009586864,3.848204573602));
#9073 = CARTESIAN_POINT('',(0.625009522094,4.043122724899));
#9074 = CARTESIAN_POINT('',(0.625008782445,4.131413661594));
#9075 = CARTESIAN_POINT('',(0.625007365685,4.219690599992));
#9076 = CARTESIAN_POINT('',(0.62500566024,4.307958455429));
#9077 = CARTESIAN_POINT('',(0.625004214338,4.396234805615));
#9078 = CARTESIAN_POINT('',(0.625003472764,4.484524837428));
#9079 = CARTESIAN_POINT('',(0.625003420341,4.65601816873));
#9080 = CARTESIAN_POINT('',(0.625004031399,4.739254170847));
#9081 = CARTESIAN_POINT('',(0.625005324822,4.822479983915));
#9082 = CARTESIAN_POINT('',(0.625007031221,4.90569950955));
#9083 = CARTESIAN_POINT('',(0.625008586332,4.988925916212));
#9084 = CARTESIAN_POINT('',(0.625009391927,5.07216287101));
#9085 = CARTESIAN_POINT('',(0.625009241913,5.239377981773));
#9086 = CARTESIAN_POINT('',(0.625008267449,5.323384851393));
#9087 = CARTESIAN_POINT('',(0.6250062283,5.407380817586));
#9088 = CARTESIAN_POINT('',(0.625003358766,5.491369540106));
#9089 = CARTESIAN_POINT('',(0.625000608292,5.575364662422));
#9090 = CARTESIAN_POINT('',(0.624999161225,5.659370323903));
#9091 = CARTESIAN_POINT('',(0.62499916098,5.809371569337));
#9092 = CARTESIAN_POINT('',(0.625000070177,5.875386200753));
#9093 = CARTESIAN_POINT('',(0.625001913286,5.941397792317));
#9094 = CARTESIAN_POINT('',(0.625004589926,6.007407759837));
#9095 = CARTESIAN_POINT('',(0.625007126495,6.073420400459));
#9096 = CARTESIAN_POINT('',(0.625008248657,6.139436690308));
#9097 = CARTESIAN_POINT('',(0.625008283312,6.227850826783));
#9098 = CARTESIAN_POINT('',(0.625008174999,6.250253626196));
#9099 = CARTESIAN_POINT('',(0.625007946837,6.272656337356));
#9100 = CARTESIAN_POINT('',(0.625007641516,6.295058912095));
#9101 = CARTESIAN_POINT('',(0.625007347165,6.31746128861));
#9102 = CARTESIAN_POINT('',(0.625007197354,6.33986339146));
#9103 = CARTESIAN_POINT('',(0.625007371099,6.362265131567));
#9104 = ( GEOMETRIC_REPRESENTATION_CONTEXT(2) 
PARAMETRIC_REPRESENTATION_CONTEXT() REPRESENTATION_CONTEXT('2D SPACE',''
  ) );
#9105 = ORIENTED_EDGE('',*,*,#9106,.T.);
#9106 = EDGE_CURVE('',#8889,#9107,#9109,.T.);
#9107 = VERTEX_POINT('',#9108);
#9108 = CARTESIAN_POINT('',(-1.82048406517,1.854523337305,0.248527130307
    ));
#9109 = SURFACE_CURVE('',#9110,(#9115,#9122),.PCURVE_S1.);
#9110 = CIRCLE('',#9111,2.598734122635);
#9111 = AXIS2_PLACEMENT_3D('',#9112,#9113,#9114);
#9112 = CARTESIAN_POINT('',(0.,0.,0.248527130307));
#9113 = DIRECTION('',(0.,0.,1.));
#9114 = DIRECTION('',(1.,0.,-0.));
#9115 = PCURVE('',#7881,#9116);
#9116 = DEFINITIONAL_REPRESENTATION('',(#9117),#9121);
#9117 = LINE('',#9118,#9119);
#9118 = CARTESIAN_POINT('',(0.,0.));
#9119 = VECTOR('',#9120,1.);
#9120 = DIRECTION('',(1.,0.));
#9121 = ( GEOMETRIC_REPRESENTATION_CONTEXT(2) 
PARAMETRIC_REPRESENTATION_CONTEXT() REPRESENTATION_CONTEXT('2D SPACE',''
  ) );
#9122 = PCURVE('',#9123,#9128);
#9123 = CONICAL_SURFACE('',#9124,3.52625,1.308996938996);
#9124 = AXIS2_PLACEMENT_3D('',#9125,#9126,#9127);
#9125 = CARTESIAN_POINT('',(0.,0.,0.));
#9126 = DIRECTION('',(-0.,-0.,-1.));
#9127 = DIRECTION('',(1.,0.,-0.));
#9128 = DEFINITIONAL_REPRESENTATION('',(#9129),#9133);
#9129 = LINE('',#9130,#9131);
#9130 = CARTESIAN_POINT('',(-0.,-0.248527130307));
#9131 = VECTOR('',#9132,1.);
#9132 = DIRECTION('',(-1.,-0.));
#9133 = ( GEOMETRIC_REPRESENTATION_CONTEXT(2) 
PARAMETRIC_REPRESENTATION_CONTEXT() REPRESENTATION_CONTEXT('2D SPACE',''
  ) );
#9134 = ORIENTED_EDGE('',*,*,#9135,.T.);
#9135 = EDGE_CURVE('',#9107,#7864,#9136,.T.);
#9136 = SURFACE_CURVE('',#9137,(#9182,#9230),.PCURVE_S1.);
#9137 = B_SPLINE_CURVE_WITH_KNOTS('',7,(#9138,#9139,#9140,#9141,#9142,
    #9143,#9144,#9145,#9146,#9147,#9148,#9149,#9150,#9151,#9152,#9153,
    #9154,#9155,#9156,#9157,#9158,#9159,#9160,#9161,#9162,#9163,#9164,
    #9165,#9166,#9167,#9168,#9169,#9170,#9171,#9172,#9173,#9174,#9175,
    #9176,#9177,#9178,#9179,#9180,#9181),.UNSPECIFIED.,.F.,.F.,(8,6,6,6,
    6,6,6,8),(0.,0.204809173061,0.388522739615,0.551155351876,
    0.687784530248,0.834024663752,0.947954595824,1.),.UNSPECIFIED.);
#9138 = CARTESIAN_POINT('',(-1.820477074021,1.854530200107,
    0.248526530307));
#9139 = CARTESIAN_POINT('',(-2.034040356124,1.644888394728,
    0.266855095759));
#9140 = CARTESIAN_POINT('',(-2.21957557017,1.40641827688,0.285194910016)
  );
#9141 = CARTESIAN_POINT('',(-2.372141673109,1.143847075819,
    0.303523863654));
#9142 = CARTESIAN_POINT('',(-2.488205411697,0.862714707095,
    0.321849208671));
#9143 = CARTESIAN_POINT('',(-2.5653037815,0.568986439556,0.340177438509)
  );
#9144 = CARTESIAN_POINT('',(-2.602032483855,0.269081744125,
    0.358516216536));
#9145 = CARTESIAN_POINT('',(-2.595443437774,-0.298583601528,
    0.393283565018));
#9146 = CARTESIAN_POINT('',(-2.559978065382,-0.566742534786,
    0.409730823878));
#9147 = CARTESIAN_POINT('',(-2.492173144871,-0.829754711157,
    0.426173007869));
#9148 = CARTESIAN_POINT('',(-2.393018494207,-1.082996824897,
    0.442613696653));
#9149 = CARTESIAN_POINT('',(-2.264214935656,-1.32212525297,
    0.459056200032));
#9150 = CARTESIAN_POINT('',(-2.108174916295,-1.543073919799,
    0.475503987126));
#9151 = CARTESIAN_POINT('',(-1.768890702721,-1.918571235211,
    0.506498298442));
#9152 = CARTESIAN_POINT('',(-1.590721706696,-2.077941795393,
    0.521055567135));
#9153 = CARTESIAN_POINT('',(-1.395935978476,-2.21785472006,
    0.535609701328));
#9154 = CARTESIAN_POINT('',(-1.18710711341,-2.336299162437,
    0.550161855775));
#9155 = CARTESIAN_POINT('',(-0.967059309573,-2.431673161135,
    0.564715796742));
#9156 = CARTESIAN_POINT('',(-0.738839160968,-2.502799772012,
    0.579272767681));
#9157 = CARTESIAN_POINT('',(-0.309923215667,-2.587899327252,
    0.606052807677));
#9158 = CARTESIAN_POINT('',(-0.110592039268,-2.609206065158,
    0.618281114042));
#9159 = CARTESIAN_POINT('',(9.031467249365E-02,-2.61257549202,
    0.630508468624));
#9160 = CARTESIAN_POINT('',(0.290866229633,-2.597903807042,
    0.642735210146));
#9161 = CARTESIAN_POINT('',(0.489143385002,-2.565331450582,
    0.654962638837));
#9162 = CARTESIAN_POINT('',(0.683251202555,-2.515242137526,
    0.667190991668));
#9163 = CARTESIAN_POINT('',(1.072649235208,-2.37665800752,0.692504047143
    ));
#9164 = CARTESIAN_POINT('',(1.267124853753,-2.285687115584,
    0.705592482249));
#9165 = CARTESIAN_POINT('',(1.45247235099,-2.176193965133,0.718678922017
    ));
#9166 = CARTESIAN_POINT('',(1.626604513558,-2.049305766886,
    0.731764053178));
#9167 = CARTESIAN_POINT('',(1.787613965033,-1.906412268851,
    0.744850358294));
#9168 = CARTESIAN_POINT('',(1.93378812663,-1.749155007591,0.757938949263
    ));
#9169 = CARTESIAN_POINT('',(2.164840891907,-1.447271938312,
    0.781221608567));
#9170 = CARTESIAN_POINT('',(2.256146841136,-1.30750554145,0.791418277323
    ));
#9171 = CARTESIAN_POINT('',(2.336887608203,-1.161068452136,
    0.801614884437));
#9172 = CARTESIAN_POINT('',(2.406490798509,-1.008922954866,
    0.811811529011));
#9173 = CARTESIAN_POINT('',(2.464492364131,-0.852083560314,
    0.822008334735));
#9174 = CARTESIAN_POINT('',(2.510538643148,-0.691612415469,
    0.832204811103));
#9175 = CARTESIAN_POINT('',(2.559870747504,-0.454163020574,
    0.847057030278));
#9176 = CARTESIAN_POINT('',(2.572797980863,-0.3791768641,0.851714126928)
  );
#9177 = CARTESIAN_POINT('',(2.583161518446,-0.303766886569,
    0.856371020609));
#9178 = CARTESIAN_POINT('',(2.590945068919,-0.228038232216,
    0.861027741992));
#9179 = CARTESIAN_POINT('',(2.596137756837,-0.152096601905,
    0.865684395327));
#9180 = CARTESIAN_POINT('',(2.598734122635,-7.60482531272E-02,
    0.870341158441));
#9181 = CARTESIAN_POINT('',(2.598734122635,0.,0.874998282735));
#9182 = PCURVE('',#7881,#9183);
#9183 = DEFINITIONAL_REPRESENTATION('',(#9184),#9229);
#9184 = B_SPLINE_CURVE_WITH_KNOTS('',7,(#9185,#9186,#9187,#9188,#9189,
    #9190,#9191,#9192,#9193,#9194,#9195,#9196,#9197,#9198,#9199,#9200,
    #9201,#9202,#9203,#9204,#9205,#9206,#9207,#9208,#9209,#9210,#9211,
    #9212,#9213,#9214,#9215,#9216,#9217,#9218,#9219,#9220,#9221,#9222,
    #9223,#9224,#9225,#9226,#9227,#9228),.UNSPECIFIED.,.F.,.F.,(8,6,6,6,
    6,6,6,8),(0.,0.204809173061,0.388522739615,0.551155351876,
    0.687784530248,0.834024663752,0.947954595824,1.),.UNSPECIFIED.);
#9185 = CARTESIAN_POINT('',(2.346928616962,-6.E-07));
#9186 = CARTESIAN_POINT('',(2.462086235958,1.832796545211E-02));
#9187 = CARTESIAN_POINT('',(2.57731829348,3.666777970861E-02));
#9188 = CARTESIAN_POINT('',(2.69248776554,5.499673334685E-02));
#9189 = CARTESIAN_POINT('',(2.807639685055,7.332207836376E-02));
#9190 = CARTESIAN_POINT('',(2.922809380931,9.165030820242E-02));
#9191 = CARTESIAN_POINT('',(3.03804176616,0.109989086229));
#9192 = CARTESIAN_POINT('',(3.256495658709,0.144756434711));
#9193 = CARTESIAN_POINT('',(3.359835415218,0.161203693571));
#9194 = CARTESIAN_POINT('',(3.463139415178,0.177645877562));
#9195 = CARTESIAN_POINT('',(3.566431300669,0.194086566346));
#9196 = CARTESIAN_POINT('',(3.66973520164,0.210529069725));
#9197 = CARTESIAN_POINT('',(3.773074815237,0.226976856819));
#9198 = CARTESIAN_POINT('',(3.967813899993,0.257971168135));
#9199 = CARTESIAN_POINT('',(4.059280256918,0.272528436828));
#9200 = CARTESIAN_POINT('',(4.15072939317,0.28708257102));
#9201 = CARTESIAN_POINT('',(4.242167591571,0.301634725468));
#9202 = CARTESIAN_POINT('',(4.33361682112,0.316188666435));
#9203 = CARTESIAN_POINT('',(4.425083390484,0.330745637374));
#9204 = CARTESIAN_POINT('',(4.593348621376,0.35752567737));
#9205 = CARTESIAN_POINT('',(4.670180690602,0.369753983735));
#9206 = CARTESIAN_POINT('',(4.747005440764,0.381981338317));
#9207 = CARTESIAN_POINT('',(4.823825518591,0.394208079839));
#9208 = CARTESIAN_POINT('',(4.900650203339,0.40643550853));
#9209 = CARTESIAN_POINT('',(4.977482167504,0.418663861361));
#9210 = CARTESIAN_POINT('',(5.136530215181,0.443976916836));
#9211 = CARTESIAN_POINT('',(5.218770010515,0.457065351942));
#9212 = CARTESIAN_POINT('',(5.300999633149,0.47015179171));
#9213 = CARTESIAN_POINT('',(5.38322281587,0.483236922871));
#9214 = CARTESIAN_POINT('',(5.465452563493,0.496323227987));
#9215 = CARTESIAN_POINT('',(5.547692593572,0.509411818956));
#9216 = CARTESIAN_POINT('',(5.693977755286,0.53269447826));
#9217 = CARTESIAN_POINT('',(5.758040871187,0.542891147016));
#9218 = CARTESIAN_POINT('',(5.822100991012,0.55308775413));
#9219 = CARTESIAN_POINT('',(5.886159165873,0.563284398704));
#9220 = CARTESIAN_POINT('',(5.95021915714,0.573481204428));
#9221 = CARTESIAN_POINT('',(6.014282073852,0.583677680796));
#9222 = CARTESIAN_POINT('',(6.107604370867,0.598529899971));
#9223 = CARTESIAN_POINT('',(6.136867772443,0.603186996621));
#9224 = CARTESIAN_POINT('',(6.166131210134,0.607843890301));
#9225 = CARTESIAN_POINT('',(6.195394682854,0.612500611684));
#9226 = CARTESIAN_POINT('',(6.224658189976,0.61715726502));
#9227 = CARTESIAN_POINT('',(6.253921731324,0.621814028134));
#9228 = CARTESIAN_POINT('',(6.28318530718,0.626471152428));
#9229 = ( GEOMETRIC_REPRESENTATION_CONTEXT(2) 
PARAMETRIC_REPRESENTATION_CONTEXT() REPRESENTATION_CONTEXT('2D SPACE',''
  ) );
#9230 = PCURVE('',#9231,#9256);
#9231 = B_SPLINE_SURFACE_WITH_KNOTS('',1,11,(
    (#9232,#9233,#9234,#9235,#9236,#9237,#9238,#9239,#9240,#9241,#9242
      ,#9243)
    ,(#9244,#9245,#9246,#9247,#9248,#9249,#9250,#9251,#9252,#9253,#9254
      ,#9255
    )),.UNSPECIFIED.,.F.,.F.,.F.,(2,2),(12,12),(0.,0.825),(0.,
    6.362265131567),.PIECEWISE_BEZIER_KNOTS.);
#9232 = CARTESIAN_POINT('',(2.425529041878,-5.2E-16,-2.5E-02));
#9233 = CARTESIAN_POINT('',(2.425529156139,1.385546917795,
    6.590582544505E-02));
#9234 = CARTESIAN_POINT('',(1.555153354094,2.770275500268,0.156761294806
    ));
#9235 = CARTESIAN_POINT('',(-0.187056266723,3.550919093901,
    0.248009330483));
#9236 = CARTESIAN_POINT('',(-2.316188363676,3.105547814068,
    0.337938397923));
#9237 = CARTESIAN_POINT('',(-3.902986444461,1.288347778238,
    0.430601459552));
#9238 = CARTESIAN_POINT('',(-3.902919187333,-1.288348794199,
    0.519395934271));
#9239 = CARTESIAN_POINT('',(-2.316233375861,-3.105546538322,
    0.612058995852));
#9240 = CARTESIAN_POINT('',(-0.18703707578,-3.550919842455,
    0.701988063345));
#9241 = CARTESIAN_POINT('',(1.555149647761,-2.770275271996,
    0.793236098994));
#9242 = CARTESIAN_POINT('',(2.425529094241,-1.385546785696,
    0.884091568361));
#9243 = CARTESIAN_POINT('',(2.425529133076,1.3209832821E-07,
    0.974997393807));
#9244 = CARTESIAN_POINT('',(3.14,3.78E-15,-0.4375));
#9245 = CARTESIAN_POINT('',(3.140001999578,1.793564261552,
    -0.346590909091));
#9246 = CARTESIAN_POINT('',(2.013347272367,3.587089133945,
    -0.255681818171));
#9247 = CARTESIAN_POINT('',(-0.242564664322,4.594281867793,
    -0.164772727398));
#9248 = CARTESIAN_POINT('',(-2.997700114169,4.025723105075,
    -7.386363585989E-02));
#9249 = CARTESIAN_POINT('',(-5.053406853424,1.660199511418,
    1.704545350334E-02));
#9250 = CARTESIAN_POINT('',(-5.052231118119,-1.660213569527,
    0.107954546772));
#9251 = CARTESIAN_POINT('',(-2.998490763432,-4.02569857453,
    0.198863635313));
#9252 = CARTESIAN_POINT('',(-0.242232216067,-4.594294787713,
    0.289772727779));
#9253 = CARTESIAN_POINT('',(2.013279772228,-3.587086621735,
    0.380681818068));
#9254 = CARTESIAN_POINT('',(3.139999596302,-1.793564261552,
    0.471590909086));
#9255 = CARTESIAN_POINT('',(3.14000159588,-8.149E-14,0.562500000003));
#9256 = DEFINITIONAL_REPRESENTATION('',(#9257),#9302);
#9257 = B_SPLINE_CURVE_WITH_KNOTS('',7,(#9258,#9259,#9260,#9261,#9262,
    #9263,#9264,#9265,#9266,#9267,#9268,#9269,#9270,#9271,#9272,#9273,
    #9274,#9275,#9276,#9277,#9278,#9279,#9280,#9281,#9282,#9283,#9284,
    #9285,#9286,#9287,#9288,#9289,#9290,#9291,#9292,#9293,#9294,#9295,
    #9296,#9297,#9298,#9299,#9300,#9301),.UNSPECIFIED.,.F.,.F.,(8,6,6,6,
    6,6,6,8),(0.,0.204809173061,0.388522739615,0.551155351876,
    0.687784530248,0.834024663752,0.947954595824,1.),.UNSPECIFIED.);
#9258 = CARTESIAN_POINT('',(0.19999583315,2.376466162737));
#9259 = CARTESIAN_POINT('',(0.19999525579,2.493073668364));
#9260 = CARTESIAN_POINT('',(0.199995825488,2.609756761333));
#9261 = CARTESIAN_POINT('',(0.199997919889,2.726376463795));
#9262 = CARTESIAN_POINT('',(0.200001127202,2.84297789736));
#9263 = CARTESIAN_POINT('',(0.200003749166,2.959596775926));
#9264 = CARTESIAN_POINT('',(0.200005006833,3.076278872157));
#9265 = CARTESIAN_POINT('',(0.200004870249,3.297481115308));
#9266 = CARTESIAN_POINT('',(0.200003735224,3.402120995756));
#9267 = CARTESIAN_POINT('',(0.200001553233,3.506724881104));
#9268 = CARTESIAN_POINT('',(0.199998864272,3.611316920137));
#9269 = CARTESIAN_POINT('',(0.19999676952,3.715921515438));
#9270 = CARTESIAN_POINT('',(0.199995746628,3.820562400739));
#9271 = CARTESIAN_POINT('',(0.199995707825,4.017753519183));
#9272 = CARTESIAN_POINT('',(0.199996469216,4.110371497101));
#9273 = CARTESIAN_POINT('',(0.199997994252,4.202971826131));
#9274 = CARTESIAN_POINT('',(0.199999827281,4.29556072354));
#9275 = CARTESIAN_POINT('',(0.200001334371,4.388160457115));
#9276 = CARTESIAN_POINT('',(0.200002029456,4.480777603767));
#9277 = CARTESIAN_POINT('',(0.200001911226,4.651159557683));
#9278 = CARTESIAN_POINT('',(0.200001318586,4.72895818094));
#9279 = CARTESIAN_POINT('',(0.20000018667,4.806749530217));
#9280 = CARTESIAN_POINT('',(0.199998750612,4.884536408427));
#9281 = CARTESIAN_POINT('',(0.199997445207,4.962328243443));
#9282 = CARTESIAN_POINT('',(0.199996717804,5.040127655394));
#9283 = CARTESIAN_POINT('',(0.199996660622,5.201178510526));
#9284 = CARTESIAN_POINT('',(0.199997434985,5.284453968825));
#9285 = CARTESIAN_POINT('',(0.199999182826,5.367719032287));
#9286 = CARTESIAN_POINT('',(0.200001726703,5.450977182805));
#9287 = CARTESIAN_POINT('',(0.200004206736,5.534241446517));
#9288 = CARTESIAN_POINT('',(0.200005506061,5.6175157342));
#9289 = CARTESIAN_POINT('',(0.200005383494,5.76564061806));
#9290 = CARTESIAN_POINT('',(0.200004486897,5.830509416584));
#9291 = CARTESIAN_POINT('',(0.200002697226,5.895375361479));
#9292 = CARTESIAN_POINT('',(0.200000086992,5.960239764138));
#9293 = CARTESIAN_POINT('',(0.19999749982,6.025106646391));
#9294 = CARTESIAN_POINT('',(0.19999614905,6.089977066239));
#9295 = CARTESIAN_POINT('',(0.199996174414,6.1844754609));
#9296 = CARTESIAN_POINT('',(0.199996435948,6.214107623595));
#9297 = CARTESIAN_POINT('',(0.1999970267,6.243739726699));
#9298 = CARTESIAN_POINT('',(0.199997887416,6.273371672013));
#9299 = CARTESIAN_POINT('',(0.199998823957,6.303003328896));
#9300 = CARTESIAN_POINT('',(0.199999507289,6.33263453426));
#9301 = CARTESIAN_POINT('',(0.199999473493,6.362265092575));
#9302 = ( GEOMETRIC_REPRESENTATION_CONTEXT(2) 
PARAMETRIC_REPRESENTATION_CONTEXT() REPRESENTATION_CONTEXT('2D SPACE',''
  ) );
#9303 = ORIENTED_EDGE('',*,*,#7863,.T.);
#9304 = ADVANCED_FACE('',(#9305),#8061,.F.);
#9305 = FACE_BOUND('',#9306,.F.);
#9306 = EDGE_LOOP('',(#9307,#9308,#9330,#9360));
#9307 = ORIENTED_EDGE('',*,*,#7893,.F.);
#9308 = ORIENTED_EDGE('',*,*,#9309,.T.);
#9309 = EDGE_CURVE('',#7864,#9310,#9312,.T.);
#9310 = VERTEX_POINT('',#9311);
#9311 = CARTESIAN_POINT('',(3.14000159588,-1.47E-13,0.562500000003));
#9312 = SURFACE_CURVE('',#9313,(#9316,#9323),.PCURVE_S1.);
#9313 = B_SPLINE_CURVE_WITH_KNOTS('',1,(#9314,#9315),.UNSPECIFIED.,.F.,
  .F.,(2,2),(0.,0.825),.PIECEWISE_BEZIER_KNOTS.);
#9314 = CARTESIAN_POINT('',(2.425529133076,1.3209832821E-07,
    0.974997393807));
#9315 = CARTESIAN_POINT('',(3.14000159588,-8.149E-14,0.562500000003));
#9316 = PCURVE('',#8061,#9317);
#9317 = DEFINITIONAL_REPRESENTATION('',(#9318),#9322);
#9318 = LINE('',#9319,#9320);
#9319 = CARTESIAN_POINT('',(0.,0.));
#9320 = VECTOR('',#9321,1.);
#9321 = DIRECTION('',(1.,0.));
#9322 = ( GEOMETRIC_REPRESENTATION_CONTEXT(2) 
PARAMETRIC_REPRESENTATION_CONTEXT() REPRESENTATION_CONTEXT('2D SPACE',''
  ) );
#9323 = PCURVE('',#9231,#9324);
#9324 = DEFINITIONAL_REPRESENTATION('',(#9325),#9329);
#9325 = LINE('',#9326,#9327);
#9326 = CARTESIAN_POINT('',(0.,6.362265131567));
#9327 = VECTOR('',#9328,1.);
#9328 = DIRECTION('',(1.,0.));
#9329 = ( GEOMETRIC_REPRESENTATION_CONTEXT(2) 
PARAMETRIC_REPRESENTATION_CONTEXT() REPRESENTATION_CONTEXT('2D SPACE',''
  ) );
#9330 = ORIENTED_EDGE('',*,*,#9331,.T.);
#9331 = EDGE_CURVE('',#9310,#8419,#9332,.T.);
#9332 = SURFACE_CURVE('',#9333,(#9346,#9353),.PCURVE_S1.);
#9333 = B_SPLINE_CURVE_WITH_KNOTS('',11,(#9334,#9335,#9336,#9337,#9338,
    #9339,#9340,#9341,#9342,#9343,#9344,#9345),.UNSPECIFIED.,.F.,.F.,(12
    ,12),(0.,6.362265131567),.PIECEWISE_BEZIER_KNOTS.);
#9334 = CARTESIAN_POINT('',(3.14000159588,-1.4789E-13,0.562500000003));
#9335 = CARTESIAN_POINT('',(3.140003595457,1.793565172919,0.653409090919
    ));
#9336 = CARTESIAN_POINT('',(2.013348295742,3.587090958418,0.744318181958
    ));
#9337 = CARTESIAN_POINT('',(-0.242564787959,4.594284198313,
    0.835227271975));
#9338 = CARTESIAN_POINT('',(-2.997701637259,4.025725160401,
    0.926136365701));
#9339 = CARTESIAN_POINT('',(-5.053409421822,1.660200342014,
    1.017045451149));
#9340 = CARTESIAN_POINT('',(-5.052233686518,-1.660214400121,
    1.107954549138));
#9341 = CARTESIAN_POINT('',(-2.998492286524,-4.025700629858,
    1.198863633764));
#9342 = CARTESIAN_POINT('',(-0.242232339704,-4.594297118231,
    1.289772728417));
#9343 = CARTESIAN_POINT('',(2.013280795601,-3.587088446209,1.38068181795
    ));
#9344 = CARTESIAN_POINT('',(3.140001192181,-1.79356517292,1.471590909088
    ));
#9345 = CARTESIAN_POINT('',(3.140003191759,-6.1507E-13,1.562500000012));
#9346 = PCURVE('',#8061,#9347);
#9347 = DEFINITIONAL_REPRESENTATION('',(#9348),#9352);
#9348 = LINE('',#9349,#9350);
#9349 = CARTESIAN_POINT('',(0.825,0.));
#9350 = VECTOR('',#9351,1.);
#9351 = DIRECTION('',(0.,1.));
#9352 = ( GEOMETRIC_REPRESENTATION_CONTEXT(2) 
PARAMETRIC_REPRESENTATION_CONTEXT() REPRESENTATION_CONTEXT('2D SPACE',''
  ) );
#9353 = PCURVE('',#8575,#9354);
#9354 = DEFINITIONAL_REPRESENTATION('',(#9355),#9359);
#9355 = LINE('',#9356,#9357);
#9356 = CARTESIAN_POINT('',(0.,0.));
#9357 = VECTOR('',#9358,1.);
#9358 = DIRECTION('',(0.,1.));
#9359 = ( GEOMETRIC_REPRESENTATION_CONTEXT(2) 
PARAMETRIC_REPRESENTATION_CONTEXT() REPRESENTATION_CONTEXT('2D SPACE',''
  ) );
#9360 = ORIENTED_EDGE('',*,*,#8418,.F.);
#9361 = ADVANCED_FACE('',(#9362),#8519,.F.);
#9362 = FACE_BOUND('',#9363,.F.);
#9363 = EDGE_LOOP('',(#9364,#9396,#9443,#9491,#9492));
#9364 = ORIENTED_EDGE('',*,*,#9365,.F.);
#9365 = EDGE_CURVE('',#9366,#8475,#9368,.T.);
#9366 = VERTEX_POINT('',#9367);
#9367 = CARTESIAN_POINT('',(3.140002051845,-1.89E-13,0.437500000004));
#9368 = SURFACE_CURVE('',#9369,(#9382,#9389),.PCURVE_S1.);
#9369 = ( BOUNDED_CURVE() B_SPLINE_CURVE(11,(#9370,#9371,#9372,#9373,
    #9374,#9375,#9376,#9377,#9378,#9379,#9380,#9381),.UNSPECIFIED.,.F.,
.F.) B_SPLINE_CURVE_WITH_KNOTS((12,12),(0.,6.362265131567),
.PIECEWISE_BEZIER_KNOTS.) CURVE() GEOMETRIC_REPRESENTATION_ITEM() 
RATIONAL_B_SPLINE_CURVE((1.056590953773,1.056590953773,1.056590953773,
    1.056590953773,1.056590953773,1.056590953774,1.056590953773,
    1.056590953773,1.056590953773,1.056590953773,1.056590953773,
1.056590953773)) REPRESENTATION_ITEM('') );
#9370 = CARTESIAN_POINT('',(3.140002051845,-1.9157E-13,0.437500000004));
#9371 = CARTESIAN_POINT('',(3.140004622731,1.793565563506,0.528409090922
    ));
#9372 = CARTESIAN_POINT('',(2.013358377207,3.587092099222,0.619318181999
    ));
#9373 = CARTESIAN_POINT('',(-0.242612333551,4.594283351405,
    0.710227271759));
#9374 = CARTESIAN_POINT('',(-2.997589340122,4.025729545618,
    0.801136366293));
#9375 = CARTESIAN_POINT('',(-5.053578484744,1.660198689685,
    0.892045450176));
#9376 = CARTESIAN_POINT('',(-5.05206682508,-1.660216764396,
    0.982954550193));
#9377 = CARTESIAN_POINT('',(-2.998605889168,-4.025698006346,
    1.073863633019));
#9378 = CARTESIAN_POINT('',(-0.242184900085,-4.594299962729,
    1.164772728746));
#9379 = CARTESIAN_POINT('',(2.013271591313,-3.587088869239,
    1.255681817884));
#9380 = CARTESIAN_POINT('',(3.140001532804,-1.793565563506,
    1.346590909087));
#9381 = CARTESIAN_POINT('',(3.14000410369,-7.8168E-13,1.437500000015));
#9382 = PCURVE('',#8519,#9383);
#9383 = DEFINITIONAL_REPRESENTATION('',(#9384),#9388);
#9384 = LINE('',#9385,#9386);
#9385 = CARTESIAN_POINT('',(0.,0.));
#9386 = VECTOR('',#9387,1.);
#9387 = DIRECTION('',(0.,1.));
#9388 = ( GEOMETRIC_REPRESENTATION_CONTEXT(2) 
PARAMETRIC_REPRESENTATION_CONTEXT() REPRESENTATION_CONTEXT('2D SPACE',''
  ) );
#9389 = PCURVE('',#8575,#9390);
#9390 = DEFINITIONAL_REPRESENTATION('',(#9391),#9395);
#9391 = LINE('',#9392,#9393);
#9392 = CARTESIAN_POINT('',(2.094395102393,0.));
#9393 = VECTOR('',#9394,1.);
#9394 = DIRECTION('',(0.,1.));
#9395 = ( GEOMETRIC_REPRESENTATION_CONTEXT(2) 
PARAMETRIC_REPRESENTATION_CONTEXT() REPRESENTATION_CONTEXT('2D SPACE',''
  ) );
#9396 = ORIENTED_EDGE('',*,*,#9397,.T.);
#9397 = EDGE_CURVE('',#9366,#9398,#9400,.T.);
#9398 = VERTEX_POINT('',#9399);
#9399 = CARTESIAN_POINT('',(2.744871961729,3.6527706E-08,0.209369614338)
  );
#9400 = SURFACE_CURVE('',#9401,(#9404,#9411),.PCURVE_S1.);
#9401 = B_SPLINE_CURVE_WITH_KNOTS('',1,(#9402,#9403),.UNSPECIFIED.,.F.,
  .F.,(2,2),(0.,0.825),.PIECEWISE_BEZIER_KNOTS.);
#9402 = CARTESIAN_POINT('',(3.140002051845,-1.1878E-13,0.437500000004));
#9403 = CARTESIAN_POINT('',(2.425532598414,1.3209800783E-07,
    2.499739381308E-02));
#9404 = PCURVE('',#8519,#9405);
#9405 = DEFINITIONAL_REPRESENTATION('',(#9406),#9410);
#9406 = LINE('',#9407,#9408);
#9407 = CARTESIAN_POINT('',(0.,0.));
#9408 = VECTOR('',#9409,1.);
#9409 = DIRECTION('',(1.,0.));
#9410 = ( GEOMETRIC_REPRESENTATION_CONTEXT(2) 
PARAMETRIC_REPRESENTATION_CONTEXT() REPRESENTATION_CONTEXT('2D SPACE',''
  ) );
#9411 = PCURVE('',#9412,#9437);
#9412 = B_SPLINE_SURFACE_WITH_KNOTS('',1,11,(
    (#9413,#9414,#9415,#9416,#9417,#9418,#9419,#9420,#9421,#9422,#9423
      ,#9424)
    ,(#9425,#9426,#9427,#9428,#9429,#9430,#9431,#9432,#9433,#9434,#9435
      ,#9436
    )),.UNSPECIFIED.,.F.,.F.,.F.,(2,2),(12,12),(0.,0.825),(0.,
    6.362265131567),.PIECEWISE_BEZIER_KNOTS.);
#9413 = CARTESIAN_POINT('',(3.14,-3.32E-15,-0.5625));
#9414 = CARTESIAN_POINT('',(3.140002570886,1.793564391747,
    -0.471590909091));
#9415 = CARTESIAN_POINT('',(2.01335706144,3.587089753471,-0.380681818168
    ));
#9416 = CARTESIAN_POINT('',(-0.242612174591,4.594280355021,
    -0.289772727434));
#9417 = CARTESIAN_POINT('',(-2.99758738186,4.025726903057,
    -0.198863635716));
#9418 = CARTESIAN_POINT('',(-5.053575182522,1.660197621772,
    -0.107954546795));
#9419 = CARTESIAN_POINT('',(-5.052063522848,-1.660215696484,
    -1.704545285104E-02));
#9420 = CARTESIAN_POINT('',(-2.99860393091,-4.025695363785,
    7.386363501222E-02));
#9421 = CARTESIAN_POINT('',(-0.242184741123,-4.594296966346,
    0.164772727924));
#9422 = CARTESIAN_POINT('',(2.013270275548,-3.587086523488,
    0.255681818036));
#9423 = CARTESIAN_POINT('',(3.139999480959,-1.793564391747,
    0.346590909085));
#9424 = CARTESIAN_POINT('',(3.140002051845,-1.1878E-13,0.437500000004));
#9425 = CARTESIAN_POINT('',(2.425529041878,-2.92E-15,-0.975));
#9426 = CARTESIAN_POINT('',(2.42553349808,1.385547907281,-0.884094174555
    ));
#9427 = CARTESIAN_POINT('',(1.555227751048,2.770280208665,
    -0.793238705171));
#9428 = CARTESIAN_POINT('',(-0.18741734477,3.550907596842,-0.70199066979
    ));
#9429 = CARTESIAN_POINT('',(-2.315331598128,3.105576678722,
    -0.612061600981));
#9430 = CARTESIAN_POINT('',(-3.904265745612,1.288333416946,
    -0.519398542714));
#9431 = CARTESIAN_POINT('',(-3.901645463275,-1.288364959085,
    -0.430604062865));
#9432 = CARTESIAN_POINT('',(-2.317093448692,-3.105522136654,
    -0.337941006432));
#9433 = CARTESIAN_POINT('',(-0.186676266202,-3.550936400074,
    -0.248011935553));
#9434 = CARTESIAN_POINT('',(1.55507747299,-2.770274525312,
    -0.156763901253));
#9435 = CARTESIAN_POINT('',(2.425528217638,-1.385547775181,
    -6.5908431648E-02));
#9436 = CARTESIAN_POINT('',(2.425532598414,1.3209800783E-07,
    2.499739381308E-02));
#9437 = DEFINITIONAL_REPRESENTATION('',(#9438),#9442);
#9438 = LINE('',#9439,#9440);
#9439 = CARTESIAN_POINT('',(0.,6.362265131567));
#9440 = VECTOR('',#9441,1.);
#9441 = DIRECTION('',(1.,0.));
#9442 = ( GEOMETRIC_REPRESENTATION_CONTEXT(2) 
PARAMETRIC_REPRESENTATION_CONTEXT() REPRESENTATION_CONTEXT('2D SPACE',''
  ) );
#9443 = ORIENTED_EDGE('',*,*,#9444,.T.);
#9444 = EDGE_CURVE('',#9398,#8889,#9445,.T.);
#9445 = SURFACE_CURVE('',#9446,(#9459,#9475),.PCURVE_S1.);
#9446 = B_SPLINE_CURVE_WITH_KNOTS('',6,(#9447,#9448,#9449,#9450,#9451,
    #9452,#9453,#9454,#9455,#9456,#9457,#9458),.UNSPECIFIED.,.F.,.F.,(7,
    5,7),(0.,0.503942536084,1.),.UNSPECIFIED.);
#9447 = CARTESIAN_POINT('',(2.744871966739,5.7E-16,0.209369612996));
#9448 = CARTESIAN_POINT('',(2.732852077199,0.175245826975,0.212590332066
    ));
#9449 = CARTESIAN_POINT('',(2.707359085821,0.349374568984,0.2158236065)
  );
#9450 = CARTESIAN_POINT('',(2.668445524885,0.521064174245,0.219070481533
    ));
#9451 = CARTESIAN_POINT('',(2.616343725564,0.689012230614,0.222331345264
    ));
#9452 = CARTESIAN_POINT('',(2.551445659918,0.851937802574,0.225606424614
    ));
#9453 = CARTESIAN_POINT('',(2.398423258357,1.16280931343,0.232133006304)
  );
#9454 = CARTESIAN_POINT('',(2.310671504879,1.310963414453,0.235384360735
    ));
#9455 = CARTESIAN_POINT('',(2.211625705963,1.451873915912,0.238649226595
    ));
#9456 = CARTESIAN_POINT('',(2.101989933062,1.584437026535,0.241927790081
    ));
#9457 = CARTESIAN_POINT('',(1.982606143327,1.70762938012,0.245220443778)
  );
#9458 = CARTESIAN_POINT('',(1.854473393311,1.820534941617,0.248527130307
    ));
#9459 = PCURVE('',#8519,#9460);
#9460 = DEFINITIONAL_REPRESENTATION('',(#9461),#9474);
#9461 = B_SPLINE_CURVE_WITH_KNOTS('',6,(#9462,#9463,#9464,#9465,#9466,
    #9467,#9468,#9469,#9470,#9471,#9472,#9473),.UNSPECIFIED.,.F.,.F.,(7,
    5,7),(0.,0.503942536084,1.),.UNSPECIFIED.);
#9462 = CARTESIAN_POINT('',(0.456257888676,0.));
#9463 = CARTESIAN_POINT('',(0.470137751814,6.46463164495E-02));
#9464 = CARTESIAN_POINT('',(0.484076407334,0.129562012959));
#9465 = CARTESIAN_POINT('',(0.498071402925,0.194743544444));
#9466 = CARTESIAN_POINT('',(0.512124005301,0.260196138267));
#9467 = CARTESIAN_POINT('',(0.526236240937,0.325927664867));
#9468 = CARTESIAN_POINT('',(0.554357763086,0.456910945387));
#9469 = CARTESIAN_POINT('',(0.56836643701,0.522159858426));
#9470 = CARTESIAN_POINT('',(0.582433627144,0.587679951201));
#9471 = CARTESIAN_POINT('',(0.596560997266,0.653478196534));
#9472 = CARTESIAN_POINT('',(0.610750167584,0.719562684934));
#9473 = CARTESIAN_POINT('',(0.625000605114,0.785931652489));
#9474 = ( GEOMETRIC_REPRESENTATION_CONTEXT(2) 
PARAMETRIC_REPRESENTATION_CONTEXT() REPRESENTATION_CONTEXT('2D SPACE',''
  ) );
#9475 = PCURVE('',#9123,#9476);
#9476 = DEFINITIONAL_REPRESENTATION('',(#9477),#9490);
#9477 = B_SPLINE_CURVE_WITH_KNOTS('',6,(#9478,#9479,#9480,#9481,#9482,
    #9483,#9484,#9485,#9486,#9487,#9488,#9489),.UNSPECIFIED.,.F.,.F.,(7,
    5,7),(0.,0.503942536084,1.),.UNSPECIFIED.);
#9478 = CARTESIAN_POINT('',(0.,-0.209369612996));
#9479 = CARTESIAN_POINT('',(-6.384480919288E-02,-0.212590332649));
#9480 = CARTESIAN_POINT('',(-0.127953606746,-0.215823605278));
#9481 = CARTESIAN_POINT('',(-0.192323486746,-0.219070482632));
#9482 = CARTESIAN_POINT('',(-0.256961466451,-0.222331344858));
#9483 = CARTESIAN_POINT('',(-0.321875091846,-0.225606424614));
#9484 = CARTESIAN_POINT('',(-0.451229539727,-0.232133006304));
#9485 = CARTESIAN_POINT('',(-0.51566749771,-0.235384360749));
#9486 = CARTESIAN_POINT('',(-0.580373762513,-0.238649226556));
#9487 = CARTESIAN_POINT('',(-0.645354975187,-0.241927790124));
#9488 = CARTESIAN_POINT('',(-0.710618840903,-0.245220443758));
#9489 = CARTESIAN_POINT('',(-0.776163494018,-0.248527130307));
#9490 = ( GEOMETRIC_REPRESENTATION_CONTEXT(2) 
PARAMETRIC_REPRESENTATION_CONTEXT() REPRESENTATION_CONTEXT('2D SPACE',''
  ) );
#9491 = ORIENTED_EDGE('',*,*,#8888,.T.);
#9492 = ORIENTED_EDGE('',*,*,#8506,.F.);
#9493 = ADVANCED_FACE('',(#9494),#8575,.F.);
#9494 = FACE_BOUND('',#9495,.F.);
#9495 = EDGE_LOOP('',(#9496,#9497,#9607,#9608));
#9496 = ORIENTED_EDGE('',*,*,#9331,.F.);
#9497 = ORIENTED_EDGE('',*,*,#9498,.T.);
#9498 = EDGE_CURVE('',#9310,#9366,#9499,.T.);
#9499 = SURFACE_CURVE('',#9500,(#9508,#9515),.PCURVE_S1.);
#9500 = ( BOUNDED_CURVE() B_SPLINE_CURVE(6,(#9501,#9502,#9503,#9504,
#9505,#9506,#9507),.UNSPECIFIED.,.F.,.F.) B_SPLINE_CURVE_WITH_KNOTS((7,7
),(0.,2.094395102393),.PIECEWISE_BEZIER_KNOTS.) CURVE() 
GEOMETRIC_REPRESENTATION_ITEM() RATIONAL_B_SPLINE_CURVE((1.056590953773,
    1.017435169568,0.996326512422,0.989390034249,0.996326512422,
1.017435169568,1.056590953773)) REPRESENTATION_ITEM('') );
#9501 = CARTESIAN_POINT('',(3.14000159588,-7.84E-14,0.562500000003));
#9502 = CARTESIAN_POINT('',(3.162657292205,-4.18888072E-09,0.54941983782
    ));
#9503 = CARTESIAN_POINT('',(3.178622873271,-7.14073513E-09,
    0.527281157925));
#9504 = CARTESIAN_POINT('',(3.18439356846,-8.20767266E-09,0.500000161932
    ));
#9505 = CARTESIAN_POINT('',(3.178623072298,-7.14075692E-09,0.47271912384
    ));
#9506 = CARTESIAN_POINT('',(3.162657652744,-4.18890582E-09,0.45058032747
    ));
#9507 = CARTESIAN_POINT('',(3.140002051845,-1.2315E-13,0.437500000004));
#9508 = PCURVE('',#8575,#9509);
#9509 = DEFINITIONAL_REPRESENTATION('',(#9510),#9514);
#9510 = LINE('',#9511,#9512);
#9511 = CARTESIAN_POINT('',(0.,0.));
#9512 = VECTOR('',#9513,1.);
#9513 = DIRECTION('',(1.,0.));
#9514 = ( GEOMETRIC_REPRESENTATION_CONTEXT(2) 
PARAMETRIC_REPRESENTATION_CONTEXT() REPRESENTATION_CONTEXT('2D SPACE',''
  ) );
#9515 = PCURVE('',#9516,#9601);
#9516 = ( BOUNDED_SURFACE() B_SPLINE_SURFACE(6,11,(
    (#9517,#9518,#9519,#9520,#9521,#9522,#9523,#9524,#9525,#9526,#9527
      ,#9528)
    ,(#9529,#9530,#9531,#9532,#9533,#9534,#9535,#9536,#9537,#9538,#9539
      ,#9540)
    ,(#9541,#9542,#9543,#9544,#9545,#9546,#9547,#9548,#9549,#9550,#9551
      ,#9552)
    ,(#9553,#9554,#9555,#9556,#9557,#9558,#9559,#9560,#9561,#9562,#9563
      ,#9564)
    ,(#9565,#9566,#9567,#9568,#9569,#9570,#9571,#9572,#9573,#9574,#9575
      ,#9576)
    ,(#9577,#9578,#9579,#9580,#9581,#9582,#9583,#9584,#9585,#9586,#9587
      ,#9588)
    ,(#9589,#9590,#9591,#9592,#9593,#9594,#9595,#9596,#9597,#9598,#9599
,#9600
    )),.UNSPECIFIED.,.F.,.F.,.F.) B_SPLINE_SURFACE_WITH_KNOTS((7,7),(12,
    12),(0.,2.094395102393),(0.,6.362265131567),
.PIECEWISE_BEZIER_KNOTS.) GEOMETRIC_REPRESENTATION_ITEM() 
RATIONAL_B_SPLINE_SURFACE((
    (1.056590953773,1.056590953773,1.056590953773,1.056590953773
      ,1.056590953773,1.056590953774,1.056590953773,1.056590953773
      ,1.056590953773,1.056590953773,1.056590953773,1.056590953773)
    ,(1.017435169568,1.017435169568,1.017435169568,1.017435169568
      ,1.017435169568,1.017435169568,1.017435169568,1.017435169568
      ,1.017435169568,1.017435169568,1.017435169568,1.017435169568)
    ,(0.996326512422,0.996326512422,0.996326512422,0.996326512422
      ,0.996326512422,0.996326512423,0.996326512421,0.996326512423
      ,0.996326512422,0.996326512422,0.996326512422,0.996326512422)
    ,(0.989390034249,0.989390034249,0.989390034249,0.989390034249
      ,0.989390034248,0.989390034249,0.989390034248,0.989390034249
      ,0.989390034248,0.989390034249,0.989390034249,0.989390034249)
    ,(0.996326512422,0.996326512422,0.996326512422,0.996326512423
      ,0.996326512421,0.996326512423,0.996326512421,0.996326512423
      ,0.996326512422,0.996326512422,0.996326512422,0.996326512422)
    ,(1.017435169568,1.017435169568,1.017435169568,1.017435169568
      ,1.017435169568,1.017435169568,1.017435169568,1.017435169568
      ,1.017435169568,1.017435169568,1.017435169568,1.017435169568)
    ,(1.056590953773,1.056590953773,1.056590953773,1.056590953773
      ,1.056590953773,1.056590953774,1.056590953773,1.056590953773
      ,1.056590953773,1.056590953773,1.056590953773,1.056590953773
))) REPRESENTATION_ITEM('') SURFACE() );
#9517 = CARTESIAN_POINT('',(3.14,-1.07E-15,-0.4375));
#9518 = CARTESIAN_POINT('',(3.140001999578,1.793564261552,
    -0.346590909091));
#9519 = CARTESIAN_POINT('',(2.013347272367,3.587089133945,
    -0.255681818171));
#9520 = CARTESIAN_POINT('',(-0.242564664321,4.594281867792,
    -0.164772727398));
#9521 = CARTESIAN_POINT('',(-2.99770011417,4.025723105076,
    -7.386363585956E-02));
#9522 = CARTESIAN_POINT('',(-5.053406853421,1.660199511417,
    1.704545350288E-02));
#9523 = CARTESIAN_POINT('',(-5.052231118121,-1.660213569527,
    0.107954546773));
#9524 = CARTESIAN_POINT('',(-2.998490763431,-4.025698574529,
    0.198863635312));
#9525 = CARTESIAN_POINT('',(-0.242232216067,-4.594294787713,
    0.28977272778));
#9526 = CARTESIAN_POINT('',(2.013279772228,-3.587086621735,
    0.380681818068));
#9527 = CARTESIAN_POINT('',(3.139999596302,-1.793564261552,
    0.471590909087));
#9528 = CARTESIAN_POINT('',(3.14000159588,-7.84E-14,0.562500000003));
#9529 = CARTESIAN_POINT('',(3.162655648612,2.43E-15,-0.450580244825));
#9530 = CARTESIAN_POINT('',(3.162657707973,1.806502362762,
    -0.359671050369));
#9531 = CARTESIAN_POINT('',(2.027876456921,3.612990036503,
    -0.268760259127));
#9532 = CARTESIAN_POINT('',(-0.244324818093,4.627366572093,
    -0.17786191619));
#9533 = CARTESIAN_POINT('',(-3.019310636708,4.054901573169,
    -8.692174839607E-02));
#9534 = CARTESIAN_POINT('',(-5.089886321548,1.671990812528,
    3.931723059216E-03));
#9535 = CARTESIAN_POINT('',(-5.088675436748,-1.6720052842,
    9.490787021597E-02));
#9536 = CARTESIAN_POINT('',(-3.02012492989,-4.054876305221,
    0.185761340824));
#9537 = CARTESIAN_POINT('',(-0.243982436547,-4.627379877963,
    0.276701509574));
#9538 = CARTESIAN_POINT('',(2.0278069339,-3.61298745187,0.367599852012)
  );
#9539 = CARTESIAN_POINT('',(3.162655230453,-1.806502366951,
    0.458510643356));
#9540 = CARTESIAN_POINT('',(3.162657292205,-4.18888072E-09,0.54941983782
    ));
#9541 = CARTESIAN_POINT('',(3.178621148922,-2.75E-15,-0.472718982957));
#9542 = CARTESIAN_POINT('',(3.178623309467,1.81561989311,-0.381809715531
    ));
#9543 = CARTESIAN_POINT('',(2.03811622667,3.63124254058,-0.290897726067)
  );
#9544 = CARTESIAN_POINT('',(-0.245570114545,4.65068130137,
    -0.200006957164));
#9545 = CARTESIAN_POINT('',(-3.03452798073,4.075464115598,
    -0.109044889826));
#9546 = CARTESIAN_POINT('',(-5.115610906873,1.680299980781,
    -1.823061251429E-02));
#9547 = CARTESIAN_POINT('',(-5.114340528165,-1.680315159083,
    7.279278777725E-02));
#9548 = CARTESIAN_POINT('',(-3.035382286745,-4.075437603515,0.1636070642
    ));
#9549 = CARTESIAN_POINT('',(-0.245210914511,-4.650695260797,
    0.254569132541));
#9550 = CARTESIAN_POINT('',(2.038043284581,-3.631239830714,
    0.345459900921));
#9551 = CARTESIAN_POINT('',(3.178620708649,-1.815619900251,
    0.436371890492));
#9552 = CARTESIAN_POINT('',(3.178622873271,-7.14073513E-09,
    0.527281157925));
#9553 = CARTESIAN_POINT('',(3.184391744598,4.49E-15,-0.5));
#9554 = CARTESIAN_POINT('',(3.18439402983,1.818915367776,-0.4090907062)
  );
#9555 = CARTESIAN_POINT('',(2.04181881504,3.637839850065,-0.318178283647
    ));
#9556 = CARTESIAN_POINT('',(-0.246027544128,4.659107980666,
    -0.227290252322));
#9557 = CARTESIAN_POINT('',(-3.040010774542,4.082896859219,
    -0.136320269551));
#9558 = CARTESIAN_POINT('',(-5.124934803615,1.683302968249,
    -4.552015869987E-02));
#9559 = CARTESIAN_POINT('',(-5.123591110619,-1.68331902145,
    4.552032094362E-02));
#9560 = CARTESIAN_POINT('',(-3.040914384122,-4.082868816477,
    0.136320430854));
#9561 = CARTESIAN_POINT('',(-0.245647615313,-4.659122745652,
    0.227290414686));
#9562 = CARTESIAN_POINT('',(2.041741662652,-3.637836984231,
    0.318178445458));
#9563 = CARTESIAN_POINT('',(3.184391278542,-1.818915375983,
    0.409090868124));
#9564 = CARTESIAN_POINT('',(3.18439356846,-8.20767266E-09,0.500000161932
    ));
#9565 = CARTESIAN_POINT('',(3.178621148922,4.2E-16,-0.527281017043));
#9566 = CARTESIAN_POINT('',(3.178623558841,1.81561994994,-0.436371749617
    ));
#9567 = CARTESIAN_POINT('',(2.038120499565,3.631242811001,
    -0.345459760151));
#9568 = CARTESIAN_POINT('',(-0.245590852602,4.650680641051,
    -0.254568991266));
#9569 = CARTESIAN_POINT('',(-3.034478773496,4.075465773403,
    -0.16360692385));
#9570 = CARTESIAN_POINT('',(-5.115684381898,1.680299155959,
    -7.279264672989E-02));
#9571 = CARTESIAN_POINT('',(-5.114267373453,-1.680316087495,
    1.823075385535E-02));
#9572 = CARTESIAN_POINT('',(-3.035431683929,-4.075436202035,
    0.109045029984));
#9573 = CARTESIAN_POINT('',(-0.245190191874,-4.650696211764,
    0.200007098518));
#9574 = CARTESIAN_POINT('',(2.038039139315,-3.631239787829,0.29089786682
    ));
#9575 = CARTESIAN_POINT('',(3.178620658302,-1.81561995708,0.381809856405
    ));
#9576 = CARTESIAN_POINT('',(3.178623072298,-7.14075692E-09,0.47271912384
    ));
#9577 = CARTESIAN_POINT('',(3.162655648612,-1.71E-15,-0.549419755175));
#9578 = CARTESIAN_POINT('',(3.162658159715,1.806502465709,
    -0.458510560719));
#9579 = CARTESIAN_POINT('',(2.027884197298,3.612990526372,
    -0.367599769474));
#9580 = CARTESIAN_POINT('',(-0.244362385227,4.62736537592,
    -0.276701426568));
#9581 = CARTESIAN_POINT('',(-3.019221497458,4.054904576294,
    -0.185761258632));
#9582 = CARTESIAN_POINT('',(-5.090019422073,1.671989318355,
    -9.490778752646E-02));
#9583 = CARTESIAN_POINT('',(-5.088542916473,-1.67200696602,
    -3.931639835896E-03));
#9584 = CARTESIAN_POINT('',(-3.020214413234,-4.054873766433,
    8.692183023641E-02));
#9585 = CARTESIAN_POINT('',(-0.243944897345,-4.627381600643,
    0.177861999339));
#9586 = CARTESIAN_POINT('',(2.027799424722,-3.612987374184,
    0.268760341637));
#9587 = CARTESIAN_POINT('',(3.162655139249,-1.806502469898,
    0.359671133005));
#9588 = CARTESIAN_POINT('',(3.162657652744,-4.18890582E-09,0.45058032747
    ));
#9589 = CARTESIAN_POINT('',(3.14,1.26E-15,-0.5625));
#9590 = CARTESIAN_POINT('',(3.140002570886,1.793564391747,
    -0.471590909091));
#9591 = CARTESIAN_POINT('',(2.01335706144,3.587089753471,-0.380681818168
    ));
#9592 = CARTESIAN_POINT('',(-0.242612174591,4.594280355021,
    -0.289772727434));
#9593 = CARTESIAN_POINT('',(-2.99758738186,4.025726903057,
    -0.198863635716));
#9594 = CARTESIAN_POINT('',(-5.053575182522,1.660197621773,
    -0.107954546795));
#9595 = CARTESIAN_POINT('',(-5.052063522849,-1.660215696485,
    -1.704545285082E-02));
#9596 = CARTESIAN_POINT('',(-2.99860393091,-4.025695363784,
    7.386363501202E-02));
#9597 = CARTESIAN_POINT('',(-0.242184741122,-4.594296966347,
    0.164772727924));
#9598 = CARTESIAN_POINT('',(2.013270275547,-3.587086523487,
    0.255681818036));
#9599 = CARTESIAN_POINT('',(3.139999480959,-1.793564391747,
    0.346590909085));
#9600 = CARTESIAN_POINT('',(3.140002051845,-1.2315E-13,0.437500000004));
#9601 = DEFINITIONAL_REPRESENTATION('',(#9602),#9606);
#9602 = LINE('',#9603,#9604);
#9603 = CARTESIAN_POINT('',(0.,6.362265131567));
#9604 = VECTOR('',#9605,1.);
#9605 = DIRECTION('',(1.,0.));
#9606 = ( GEOMETRIC_REPRESENTATION_CONTEXT(2) 
PARAMETRIC_REPRESENTATION_CONTEXT() REPRESENTATION_CONTEXT('2D SPACE',''
  ) );
#9607 = ORIENTED_EDGE('',*,*,#9365,.T.);
#9608 = ORIENTED_EDGE('',*,*,#8557,.F.);
#9609 = ADVANCED_FACE('',(#9610,#9619),#8711,.F.);
#9610 = FACE_BOUND('',#9611,.F.);
#9611 = EDGE_LOOP('',(#9612,#9613,#9614,#9615,#9616,#9617,#9618));
#9612 = ORIENTED_EDGE('',*,*,#8696,.T.);
#9613 = ORIENTED_EDGE('',*,*,#8728,.T.);
#9614 = ORIENTED_EDGE('',*,*,#8755,.T.);
#9615 = ORIENTED_EDGE('',*,*,#8782,.T.);
#9616 = ORIENTED_EDGE('',*,*,#8809,.T.);
#9617 = ORIENTED_EDGE('',*,*,#8836,.T.);
#9618 = ORIENTED_EDGE('',*,*,#8863,.T.);
#9619 = FACE_BOUND('',#9620,.F.);
#9620 = EDGE_LOOP('',(#9621));
#9621 = ORIENTED_EDGE('',*,*,#9622,.F.);
#9622 = EDGE_CURVE('',#9623,#9623,#9625,.T.);
#9623 = VERTEX_POINT('',#9624);
#9624 = CARTESIAN_POINT('',(3.52625,0.,0.));
#9625 = SURFACE_CURVE('',#9626,(#9631,#9638),.PCURVE_S1.);
#9626 = CIRCLE('',#9627,3.52625);
#9627 = AXIS2_PLACEMENT_3D('',#9628,#9629,#9630);
#9628 = CARTESIAN_POINT('',(0.,0.,0.));
#9629 = DIRECTION('',(0.,0.,1.));
#9630 = DIRECTION('',(1.,0.,-0.));
#9631 = PCURVE('',#8711,#9632);
#9632 = DEFINITIONAL_REPRESENTATION('',(#9633),#9637);
#9633 = CIRCLE('',#9634,3.52625);
#9634 = AXIS2_PLACEMENT_2D('',#9635,#9636);
#9635 = CARTESIAN_POINT('',(0.,0.));
#9636 = DIRECTION('',(1.,0.));
#9637 = ( GEOMETRIC_REPRESENTATION_CONTEXT(2) 
PARAMETRIC_REPRESENTATION_CONTEXT() REPRESENTATION_CONTEXT('2D SPACE',''
  ) );
#9638 = PCURVE('',#9123,#9639);
#9639 = DEFINITIONAL_REPRESENTATION('',(#9640),#9644);
#9640 = LINE('',#9641,#9642);
#9641 = CARTESIAN_POINT('',(-0.,-0.));
#9642 = VECTOR('',#9643,1.);
#9643 = DIRECTION('',(-1.,-0.));
#9644 = ( GEOMETRIC_REPRESENTATION_CONTEXT(2) 
PARAMETRIC_REPRESENTATION_CONTEXT() REPRESENTATION_CONTEXT('2D SPACE',''
  ) );
#9645 = ADVANCED_FACE('',(#9646),#9231,.F.);
#9646 = FACE_BOUND('',#9647,.F.);
#9647 = EDGE_LOOP('',(#9648,#9649,#9650,#9700));
#9648 = ORIENTED_EDGE('',*,*,#9309,.F.);
#9649 = ORIENTED_EDGE('',*,*,#9135,.F.);
#9650 = ORIENTED_EDGE('',*,*,#9651,.F.);
#9651 = EDGE_CURVE('',#9652,#9107,#9654,.T.);
#9652 = VERTEX_POINT('',#9653);
#9653 = CARTESIAN_POINT('',(-3.036404657148,-0.799898852982,
    0.10349574179));
#9654 = SURFACE_CURVE('',#9655,(#9668,#9684),.PCURVE_S1.);
#9655 = B_SPLINE_CURVE_WITH_KNOTS('',6,(#9656,#9657,#9658,#9659,#9660,
    #9661,#9662,#9663,#9664,#9665,#9666,#9667),.UNSPECIFIED.,.F.,.F.,(7,
    5,7),(0.,0.530822883723,1.),.UNSPECIFIED.);
#9656 = CARTESIAN_POINT('',(-3.036404657148,-0.799898852982,
    0.10349574179));
#9657 = CARTESIAN_POINT('',(-3.062716774005,-0.524340434096,
    0.115487295056));
#9658 = CARTESIAN_POINT('',(-3.059424332383,-0.246862864427,
    0.127639283388));
#9659 = CARTESIAN_POINT('',(-3.025847983035,2.842683822647E-02,
    0.139953886728));
#9660 = CARTESIAN_POINT('',(-2.962102719288,0.297296742962,
    0.152439734083));
#9661 = CARTESIAN_POINT('',(-2.869014929601,0.555400709169,
    0.165108730809));
#9662 = CARTESIAN_POINT('',(-2.641883819417,1.013215819041,
    0.189331204899));
#9663 = CARTESIAN_POINT('',(-2.513823431982,1.216286211651,
    0.200846409741));
#9664 = CARTESIAN_POINT('',(-2.365544764447,1.404615178816,
    0.212515108184));
#9665 = CARTESIAN_POINT('',(-2.198884695981,1.575412191938,
    0.224345329352));
#9666 = CARTESIAN_POINT('',(-2.016195372721,1.726099844977,
    0.236347551972));
#9667 = CARTESIAN_POINT('',(-1.82048406517,1.854523337305,0.248527130307
    ));
#9668 = PCURVE('',#9231,#9669);
#9669 = DEFINITIONAL_REPRESENTATION('',(#9670),#9683);
#9670 = B_SPLINE_CURVE_WITH_KNOTS('',6,(#9671,#9672,#9673,#9674,#9675,
    #9676,#9677,#9678,#9679,#9680,#9681,#9682),.UNSPECIFIED.,.F.,.F.,(7,
    5,7),(0.,0.530822883723,1.),.UNSPECIFIED.);
#9671 = CARTESIAN_POINT('',(0.825,3.441958344302));
#9672 = CARTESIAN_POINT('',(0.773324628149,3.353866402678));
#9673 = CARTESIAN_POINT('',(0.720957716041,3.264595141521));
#9674 = CARTESIAN_POINT('',(0.667889621201,3.174127601493));
#9675 = CARTESIAN_POINT('',(0.614082815887,3.082399212343));
#9676 = CARTESIAN_POINT('',(0.559486009614,2.989322747668));
#9677 = CARTESIAN_POINT('',(0.455099036755,2.811363306908));
#9678 = CARTESIAN_POINT('',(0.40547388252,2.726761742674));
#9679 = CARTESIAN_POINT('',(0.355187207465,2.641032606447));
#9680 = CARTESIAN_POINT('',(0.304204862196,2.55411861162));
#9681 = CARTESIAN_POINT('',(0.252482110345,2.4659442729));
#9682 = CARTESIAN_POINT('',(0.199995832883,2.376469979112));
#9683 = ( GEOMETRIC_REPRESENTATION_CONTEXT(2) 
PARAMETRIC_REPRESENTATION_CONTEXT() REPRESENTATION_CONTEXT('2D SPACE',''
  ) );
#9684 = PCURVE('',#9123,#9685);
#9685 = DEFINITIONAL_REPRESENTATION('',(#9686),#9699);
#9686 = B_SPLINE_CURVE_WITH_KNOTS('',6,(#9687,#9688,#9689,#9690,#9691,
    #9692,#9693,#9694,#9695,#9696,#9697,#9698),.UNSPECIFIED.,.F.,.F.,(7,
    5,7),(0.,0.530822883723,1.),.UNSPECIFIED.);
#9687 = CARTESIAN_POINT('',(-3.399176615161,-0.10349574179));
#9688 = CARTESIAN_POINT('',(-3.312179714149,-0.115487295056));
#9689 = CARTESIAN_POINT('',(-3.22401805953,-0.127639283388));
#9690 = CARTESIAN_POINT('',(-3.134674868642,-0.139953886728));
#9691 = CARTESIAN_POINT('',(-3.044086386762,-0.152439734083));
#9692 = CARTESIAN_POINT('',(-2.952166604584,-0.165108730809));
#9693 = CARTESIAN_POINT('',(-2.776418916649,-0.189331204899));
#9694 = CARTESIAN_POINT('',(-2.692868901793,-0.20084640974));
#9695 = CARTESIAN_POINT('',(-2.608205473701,-0.212515108188));
#9696 = CARTESIAN_POINT('',(-2.52237210769,-0.224345329348));
#9697 = CARTESIAN_POINT('',(-2.435294163944,-0.236347551974));
#9698 = CARTESIAN_POINT('',(-2.346932386738,-0.248527130307));
#9699 = ( GEOMETRIC_REPRESENTATION_CONTEXT(2) 
PARAMETRIC_REPRESENTATION_CONTEXT() REPRESENTATION_CONTEXT('2D SPACE',''
  ) );
#9700 = ORIENTED_EDGE('',*,*,#9701,.T.);
#9701 = EDGE_CURVE('',#9652,#9310,#9702,.T.);
#9702 = SURFACE_CURVE('',#9703,(#9716,#9723),.PCURVE_S1.);
#9703 = B_SPLINE_CURVE_WITH_KNOTS('',11,(#9704,#9705,#9706,#9707,#9708,
    #9709,#9710,#9711,#9712,#9713,#9714,#9715),.UNSPECIFIED.,.F.,.F.,(12
    ,12),(0.,6.362265131567),.PIECEWISE_BEZIER_KNOTS.);
#9704 = CARTESIAN_POINT('',(3.14,3.78E-15,-0.4375));
#9705 = CARTESIAN_POINT('',(3.140001999578,1.793564261552,
    -0.346590909091));
#9706 = CARTESIAN_POINT('',(2.013347272367,3.587089133945,
    -0.255681818171));
#9707 = CARTESIAN_POINT('',(-0.242564664322,4.594281867793,
    -0.164772727398));
#9708 = CARTESIAN_POINT('',(-2.997700114169,4.025723105075,
    -7.386363585989E-02));
#9709 = CARTESIAN_POINT('',(-5.053406853424,1.660199511418,
    1.704545350334E-02));
#9710 = CARTESIAN_POINT('',(-5.052231118119,-1.660213569527,
    0.107954546772));
#9711 = CARTESIAN_POINT('',(-2.998490763432,-4.02569857453,
    0.198863635313));
#9712 = CARTESIAN_POINT('',(-0.242232216067,-4.594294787713,
    0.289772727779));
#9713 = CARTESIAN_POINT('',(2.013279772228,-3.587086621735,
    0.380681818068));
#9714 = CARTESIAN_POINT('',(3.139999596302,-1.793564261552,
    0.471590909086));
#9715 = CARTESIAN_POINT('',(3.14000159588,-8.149E-14,0.562500000003));
#9716 = PCURVE('',#9231,#9717);
#9717 = DEFINITIONAL_REPRESENTATION('',(#9718),#9722);
#9718 = LINE('',#9719,#9720);
#9719 = CARTESIAN_POINT('',(0.825,0.));
#9720 = VECTOR('',#9721,1.);
#9721 = DIRECTION('',(0.,1.));
#9722 = ( GEOMETRIC_REPRESENTATION_CONTEXT(2) 
PARAMETRIC_REPRESENTATION_CONTEXT() REPRESENTATION_CONTEXT('2D SPACE',''
  ) );
#9723 = PCURVE('',#9516,#9724);
#9724 = DEFINITIONAL_REPRESENTATION('',(#9725),#9729);
#9725 = LINE('',#9726,#9727);
#9726 = CARTESIAN_POINT('',(0.,0.));
#9727 = VECTOR('',#9728,1.);
#9728 = DIRECTION('',(0.,1.));
#9729 = ( GEOMETRIC_REPRESENTATION_CONTEXT(2) 
PARAMETRIC_REPRESENTATION_CONTEXT() REPRESENTATION_CONTEXT('2D SPACE',''
  ) );
#9730 = ADVANCED_FACE('',(#9731),#9123,.F.);
#9731 = FACE_BOUND('',#9732,.F.);
#9732 = EDGE_LOOP('',(#9733,#9734,#9755,#9835,#9943,#9944,#9945,#9946));
#9733 = ORIENTED_EDGE('',*,*,#9622,.T.);
#9734 = ORIENTED_EDGE('',*,*,#9735,.T.);
#9735 = EDGE_CURVE('',#9623,#9398,#9736,.T.);
#9736 = SEAM_CURVE('',#9737,(#9741,#9748),.PCURVE_S1.);
#9737 = LINE('',#9738,#9739);
#9738 = CARTESIAN_POINT('',(3.52625,0.,0.));
#9739 = VECTOR('',#9740,1.);
#9740 = DIRECTION('',(-0.965925826289,0.,0.258819045103));
#9741 = PCURVE('',#9123,#9742);
#9742 = DEFINITIONAL_REPRESENTATION('',(#9743),#9747);
#9743 = LINE('',#9744,#9745);
#9744 = CARTESIAN_POINT('',(-0.,-0.));
#9745 = VECTOR('',#9746,1.);
#9746 = DIRECTION('',(-0.,-1.));
#9747 = ( GEOMETRIC_REPRESENTATION_CONTEXT(2) 
PARAMETRIC_REPRESENTATION_CONTEXT() REPRESENTATION_CONTEXT('2D SPACE',''
  ) );
#9748 = PCURVE('',#9123,#9749);
#9749 = DEFINITIONAL_REPRESENTATION('',(#9750),#9754);
#9750 = LINE('',#9751,#9752);
#9751 = CARTESIAN_POINT('',(-6.28318530718,-0.));
#9752 = VECTOR('',#9753,1.);
#9753 = DIRECTION('',(-0.,-1.));
#9754 = ( GEOMETRIC_REPRESENTATION_CONTEXT(2) 
PARAMETRIC_REPRESENTATION_CONTEXT() REPRESENTATION_CONTEXT('2D SPACE',''
  ) );
#9755 = ORIENTED_EDGE('',*,*,#9756,.T.);
#9756 = EDGE_CURVE('',#9398,#9757,#9759,.T.);
#9757 = VERTEX_POINT('',#9758);
#9758 = CARTESIAN_POINT('',(-1.581470794914,-2.712667764326,
    0.10349468118));
#9759 = SURFACE_CURVE('',#9760,(#9783,#9809),.PCURVE_S1.);
#9760 = B_SPLINE_CURVE_WITH_KNOTS('',6,(#9761,#9762,#9763,#9764,#9765,
    #9766,#9767,#9768,#9769,#9770,#9771,#9772,#9773,#9774,#9775,#9776,
    #9777,#9778,#9779,#9780,#9781,#9782),.UNSPECIFIED.,.F.,.F.,(7,5,5,5,
    7),(0.,0.234200624539,0.476573521686,0.731017127395,1.),
  .UNSPECIFIED.);
#9761 = CARTESIAN_POINT('',(2.744871966739,-4.4E-16,0.209369612996));
#9762 = CARTESIAN_POINT('',(2.761166264649,-0.237565050746,
    0.205003569018));
#9763 = CARTESIAN_POINT('',(2.752702035337,-0.477224513366,
    0.200660379086));
#9764 = CARTESIAN_POINT('',(2.719314189723,-0.715664428938,
    0.196342552719));
#9765 = CARTESIAN_POINT('',(2.661465069284,-0.949710478775,
    0.192047917749));
#9766 = CARTESIAN_POINT('',(2.58006677882,-1.176340147926,0.187775485521
    ));
#9767 = CARTESIAN_POINT('',(2.369468755106,-1.616667452073,
    0.179128252059));
#9768 = CARTESIAN_POINT('',(2.23866988822,-1.829700750212,0.174753875708
    ));
#9769 = CARTESIAN_POINT('',(2.085759941334,-2.028696192949,
    0.170403606492));
#9770 = CARTESIAN_POINT('',(1.912819616589,-2.210978946071,
    0.166076359389));
#9771 = CARTESIAN_POINT('',(1.722267084892,-2.374251080894,
    0.161771264005));
#9772 = CARTESIAN_POINT('',(1.301344646326,-2.666207497341,
    0.152994043656));
#9773 = CARTESIAN_POINT('',(1.069399749302,-2.792808896033,
    0.148522954859));
#9774 = CARTESIAN_POINT('',(0.824319055021,-2.894350240806,0.14407700613
    ));
#9775 = CARTESIAN_POINT('',(0.569566313723,-2.96942682876,0.139654764361
    ));
#9776 = CARTESIAN_POINT('',(0.308720382758,-3.017186797312,
    0.135255073297));
#9777 = CARTESIAN_POINT('',(-0.232788216652,-3.058896605263,
    0.126252838423));
#9778 = CARTESIAN_POINT('',(-0.513824898375,-3.049622703889,
    0.121651543946));
#9779 = CARTESIAN_POINT('',(-0.793258071454,-3.009406934888,0.1170762045
    ));
#9780 = CARTESIAN_POINT('',(-1.06692875612,-2.938884961781,
    0.112525290457));
#9781 = CARTESIAN_POINT('',(-1.330889026529,-2.839302817755,
    0.107997667849));
#9782 = CARTESIAN_POINT('',(-1.581470794914,-2.712667764326,
    0.10349468118));
#9783 = PCURVE('',#9123,#9784);
#9784 = DEFINITIONAL_REPRESENTATION('',(#9785),#9808);
#9785 = B_SPLINE_CURVE_WITH_KNOTS('',6,(#9786,#9787,#9788,#9789,#9790,
    #9791,#9792,#9793,#9794,#9795,#9796,#9797,#9798,#9799,#9800,#9801,
    #9802,#9803,#9804,#9805,#9806,#9807),.UNSPECIFIED.,.F.,.F.,(7,5,5,5,
    7),(0.,0.234200624539,0.476573521686,0.731017127395,1.),
  .UNSPECIFIED.);
#9786 = CARTESIAN_POINT('',(-6.28318530718,-0.209369612996));
#9787 = CARTESIAN_POINT('',(-6.196636625265,-0.205003569029));
#9788 = CARTESIAN_POINT('',(-6.110558185579,-0.200660379062));
#9789 = CARTESIAN_POINT('',(-6.024964258857,-0.196342552741));
#9790 = CARTESIAN_POINT('',(-5.939829953931,-0.192047917741));
#9791 = CARTESIAN_POINT('',(-5.855136569143,-0.187775485521));
#9792 = CARTESIAN_POINT('',(-5.683726911378,-0.179128252059));
#9793 = CARTESIAN_POINT('',(-5.597019084532,-0.174753875708));
#9794 = CARTESIAN_POINT('',(-5.510793878992,-0.170403606492));
#9795 = CARTESIAN_POINT('',(-5.425026558266,-0.166076359389));
#9796 = CARTESIAN_POINT('',(-5.339697426065,-0.161771264005));
#9797 = CARTESIAN_POINT('',(-5.165725389318,-0.152994043656));
#9798 = CARTESIAN_POINT('',(-5.077102860195,-0.148522954859));
#9799 = CARTESIAN_POINT('',(-4.988975943057,-0.14407700613));
#9800 = CARTESIAN_POINT('',(-4.901317396034,-0.139654764361));
#9801 = CARTESIAN_POINT('',(-4.814105968663,-0.135255073297));
#9802 = CARTESIAN_POINT('',(-4.635663706394,-0.126252838423));
#9803 = CARTESIAN_POINT('',(-4.544457730277,-0.121651543946));
#9804 = CARTESIAN_POINT('',(-4.453767992543,-0.1170762045));
#9805 = CARTESIAN_POINT('',(-4.363563928412,-0.112525290457));
#9806 = CARTESIAN_POINT('',(-4.273821725041,-0.107997667849));
#9807 = CARTESIAN_POINT('',(-4.184567265282,-0.10349468118));
#9808 = ( GEOMETRIC_REPRESENTATION_CONTEXT(2) 
PARAMETRIC_REPRESENTATION_CONTEXT() REPRESENTATION_CONTEXT('2D SPACE',''
  ) );
#9809 = PCURVE('',#9412,#9810);
#9810 = DEFINITIONAL_REPRESENTATION('',(#9811),#9834);
#9811 = B_SPLINE_CURVE_WITH_KNOTS('',6,(#9812,#9813,#9814,#9815,#9816,
    #9817,#9818,#9819,#9820,#9821,#9822,#9823,#9824,#9825,#9826,#9827,
    #9828,#9829,#9830,#9831,#9832,#9833),.UNSPECIFIED.,.F.,.F.,(7,5,5,5,
    7),(0.,0.234200624539,0.476573521686,0.731017127395,1.),
  .UNSPECIFIED.);
#9812 = CARTESIAN_POINT('',(0.456257882808,6.362265104234));
#9813 = CARTESIAN_POINT('',(0.437442176296,6.274629799083));
#9814 = CARTESIAN_POINT('',(0.41873030985,6.187465997966));
#9815 = CARTESIAN_POINT('',(0.400120893475,6.100793237313));
#9816 = CARTESIAN_POINT('',(0.381611120909,6.014586970058));
#9817 = CARTESIAN_POINT('',(0.363197052727,5.928827793617));
#9818 = CARTESIAN_POINT('',(0.325929622296,5.755261665315));
#9819 = CARTESIAN_POINT('',(0.307078085027,5.667463282944));
#9820 = CARTESIAN_POINT('',(0.28833202218,5.580153441106));
#9821 = CARTESIAN_POINT('',(0.269685747774,5.493306739992));
#9822 = CARTESIAN_POINT('',(0.251134734446,5.406903441272));
#9823 = CARTESIAN_POINT('',(0.213312106219,5.230741033744));
#9824 = CARTESIAN_POINT('',(0.194044912167,5.141002544123));
#9825 = CARTESIAN_POINT('',(0.174885264089,5.051765933561));
#9826 = CARTESIAN_POINT('',(0.155827330501,4.963003852931));
#9827 = CARTESIAN_POINT('',(0.136866630834,4.874694763761));
#9828 = CARTESIAN_POINT('',(9.807151948625E-02,4.694006954779));
#9829 = CARTESIAN_POINT('',(7.824252141499E-02,4.601653426583));
#9830 = CARTESIAN_POINT('',(5.852590989899E-02,4.509822750109));
#9831 = CARTESIAN_POINT('',(3.891500735709E-02,4.418483797884));
#9832 = CARTESIAN_POINT('',(1.940451708355E-02,4.327612391212));
#9833 = CARTESIAN_POINT('',(0.,4.237234737887));
#9834 = ( GEOMETRIC_REPRESENTATION_CONTEXT(2) 
PARAMETRIC_REPRESENTATION_CONTEXT() REPRESENTATION_CONTEXT('2D SPACE',''
  ) );
#9835 = ORIENTED_EDGE('',*,*,#9836,.T.);
#9836 = EDGE_CURVE('',#9757,#9652,#9837,.T.);
#9837 = SURFACE_CURVE('',#9838,(#9871,#9907),.PCURVE_S1.);
#9838 = B_SPLINE_CURVE_WITH_KNOTS('',7,(#9839,#9840,#9841,#9842,#9843,
    #9844,#9845,#9846,#9847,#9848,#9849,#9850,#9851,#9852,#9853,#9854,
    #9855,#9856,#9857,#9858,#9859,#9860,#9861,#9862,#9863,#9864,#9865,
    #9866,#9867,#9868,#9869,#9870),.UNSPECIFIED.,.F.,.F.,(8,6,6,6,6,8),(
    0.,0.191136349654,0.405313784562,0.674985660544,0.898201988521,1.),
  .UNSPECIFIED.);
#9839 = CARTESIAN_POINT('',(-1.581470794914,-2.712667764326,
    0.10349468118));
#9840 = CARTESIAN_POINT('',(-1.639519521027,-2.683332016638,
    0.102451538091));
#9841 = CARTESIAN_POINT('',(-1.698503929265,-2.651260126953,
    0.101495828836));
#9842 = CARTESIAN_POINT('',(-1.757822443792,-2.616632400763,
    0.100618441101));
#9843 = CARTESIAN_POINT('',(-1.81705321501,-2.579595191112,
    9.981311908024E-02));
#9844 = CARTESIAN_POINT('',(-1.875882107999,-2.540277099038,
    9.907502025493E-02));
#9845 = CARTESIAN_POINT('',(-1.934064420508,-2.498791394446,
    9.840009482543E-02));
#9846 = CARTESIAN_POINT('',(-2.055690374876,-2.406406041784,
    9.709636709797E-02));
#9847 = CARTESIAN_POINT('',(-2.118899940311,-2.354991600227,
    9.648315880619E-02));
#9848 = CARTESIAN_POINT('',(-2.180768403271,-2.301127698081,
    9.594150708411E-02));
#9849 = CARTESIAN_POINT('',(-2.241069649889,-2.244960213478,
    9.546881538842E-02));
#9850 = CARTESIAN_POINT('',(-2.29961261206,-2.186638779035,
    9.506356045867E-02));
#9851 = CARTESIAN_POINT('',(-2.356229804223,-2.1263207003,
    9.47251120085E-02));
#9852 = CARTESIAN_POINT('',(-2.479450554369,-1.985926024527,
    9.411232102148E-02));
#9853 = CARTESIAN_POINT('',(-2.54483021709,-1.904791088991,
    9.387735619846E-02));
#9854 = CARTESIAN_POINT('',(-2.606626243511,-1.821101235483,
    9.374965497626E-02));
#9855 = CARTESIAN_POINT('',(-2.66458145755,-1.735232779695,
    9.373245343431E-02));
#9856 = CARTESIAN_POINT('',(-2.718454134259,-1.64764061236,
    9.383185661295E-02));
#9857 = CARTESIAN_POINT('',(-2.768023980414,-1.558870750079,
    9.405690497015E-02));
#9858 = CARTESIAN_POINT('',(-2.850365046206,-1.395861967881,
    9.472722060783E-02));
#9859 = CARTESIAN_POINT('',(-2.884492603082,-1.321885650608,
    9.512731510507E-02));
#9860 = CARTESIAN_POINT('',(-2.915428848461,-1.248044251286,
    9.563317287497E-02));
#9861 = CARTESIAN_POINT('',(-2.94303785762,-1.174857990747,
    9.625725137532E-02));
#9862 = CARTESIAN_POINT('',(-2.967096208405,-1.103242458637,
    9.701713103385E-02));
#9863 = CARTESIAN_POINT('',(-2.987411388537,-1.03445072778,
    9.793293673291E-02));
#9864 = CARTESIAN_POINT('',(-3.011098140859,-0.941580501855,
    9.954564347608E-02));
#9865 = CARTESIAN_POINT('',(-3.01766549525,-0.913572575982,
    0.100089988055));
#9866 = CARTESIAN_POINT('',(-3.023355799467,-0.886850084392,
    0.100676789152));
#9867 = CARTESIAN_POINT('',(-3.028125544468,-0.861705247841,
    0.101309019107));
#9868 = CARTESIAN_POINT('',(-3.031923655546,-0.838523582184,
    0.101989131785));
#9869 = CARTESIAN_POINT('',(-3.03469896298,-0.817762044708,
    0.102718384248));
#9870 = CARTESIAN_POINT('',(-3.036404657148,-0.799898852982,
    0.10349574179));
#9871 = PCURVE('',#9123,#9872);
#9872 = DEFINITIONAL_REPRESENTATION('',(#9873),#9906);
#9873 = B_SPLINE_CURVE_WITH_KNOTS('',7,(#9874,#9875,#9876,#9877,#9878,
    #9879,#9880,#9881,#9882,#9883,#9884,#9885,#9886,#9887,#9888,#9889,
    #9890,#9891,#9892,#9893,#9894,#9895,#9896,#9897,#9898,#9899,#9900,
    #9901,#9902,#9903,#9904,#9905),.UNSPECIFIED.,.F.,.F.,(8,6,6,6,6,8),(
    0.,0.191136349654,0.405313784562,0.674985660544,0.898201988521,1.),
  .UNSPECIFIED.);
#9874 = CARTESIAN_POINT('',(-4.184567265282,-0.10349468118));
#9875 = CARTESIAN_POINT('',(-4.163890949833,-0.102451538091));
#9876 = CARTESIAN_POINT('',(-4.142578147988,-0.101495828836));
#9877 = CARTESIAN_POINT('',(-4.120803109879,-0.100618441101));
#9878 = CARTESIAN_POINT('',(-4.098680413301,-9.981311908024E-02));
#9879 = CARTESIAN_POINT('',(-4.076290372848,-9.907502025493E-02));
#9880 = CARTESIAN_POINT('',(-4.053691403879,-9.840009482543E-02));
#9881 = CARTESIAN_POINT('',(-4.005402154424,-9.709636709796E-02));
#9882 = CARTESIAN_POINT('',(-3.979676672164,-9.648315880619E-02));
#9883 = CARTESIAN_POINT('',(-3.953804970695,-9.594150708412E-02));
#9884 = CARTESIAN_POINT('',(-3.9278338666,-9.546881538842E-02));
#9885 = CARTESIAN_POINT('',(-3.901801828832,-9.506356045866E-02));
#9886 = CARTESIAN_POINT('',(-3.875743509018,-9.47251120085E-02));
#9887 = CARTESIAN_POINT('',(-3.816890166865,-9.411232102149E-02));
#9888 = CARTESIAN_POINT('',(-3.784104006494,-9.387735619845E-02));
#9889 = CARTESIAN_POINT('',(-3.751396564824,-9.374965497628E-02));
#9890 = CARTESIAN_POINT('',(-3.718835355803,-9.373245343429E-02));
#9891 = CARTESIAN_POINT('',(-3.686505845649,-9.383185661295E-02));
#9892 = CARTESIAN_POINT('',(-3.654515613517,-9.405690497015E-02));
#9893 = CARTESIAN_POINT('',(-3.596980576687,-9.472722060783E-02));
#9894 = CARTESIAN_POINT('',(-3.571321190174,-9.512731510507E-02));
#9895 = CARTESIAN_POINT('',(-3.546102681919,-9.563317287497E-02));
#9896 = CARTESIAN_POINT('',(-3.521452118901,-9.625725137532E-02));
#9897 = CARTESIAN_POINT('',(-3.497623116956,-9.701713103385E-02));
#9898 = CARTESIAN_POINT('',(-3.474970821337,-9.793293673291E-02));
#9899 = CARTESIAN_POINT('',(-3.444668163432,-9.954564347608E-02));
#9900 = CARTESIAN_POINT('',(-3.43557233818,-0.100089988055));
#9901 = CARTESIAN_POINT('',(-3.426933990685,-0.100676789152));
#9902 = CARTESIAN_POINT('',(-3.418843872066,-0.101309019107));
#9903 = CARTESIAN_POINT('',(-3.411423050429,-0.101989131785));
#9904 = CARTESIAN_POINT('',(-3.404816226277,-0.102718384248));
#9905 = CARTESIAN_POINT('',(-3.399176615161,-0.10349574179));
#9906 = ( GEOMETRIC_REPRESENTATION_CONTEXT(2) 
PARAMETRIC_REPRESENTATION_CONTEXT() REPRESENTATION_CONTEXT('2D SPACE',''
  ) );
#9907 = PCURVE('',#9516,#9908);
#9908 = DEFINITIONAL_REPRESENTATION('',(#9909),#9942);
#9909 = B_SPLINE_CURVE_WITH_KNOTS('',7,(#9910,#9911,#9912,#9913,#9914,
    #9915,#9916,#9917,#9918,#9919,#9920,#9921,#9922,#9923,#9924,#9925,
    #9926,#9927,#9928,#9929,#9930,#9931,#9932,#9933,#9934,#9935,#9936,
    #9937,#9938,#9939,#9940,#9941),.UNSPECIFIED.,.F.,.F.,(8,6,6,6,6,8),(
    0.,0.191136349654,0.405313784562,0.674985660544,0.898201988521,1.),
  .UNSPECIFIED.);
#9910 = CARTESIAN_POINT('',(2.094395102393,4.237234737887));
#9911 = CARTESIAN_POINT('',(2.032106627166,4.216298228106));
#9912 = CARTESIAN_POINT('',(1.972426900323,4.194717216042));
#9913 = CARTESIAN_POINT('',(1.91481071524,4.172668143684));
#9914 = CARTESIAN_POINT('',(1.858892620636,4.150267030173));
#9915 = CARTESIAN_POINT('',(1.80438515254,4.127595200635));
#9916 = CARTESIAN_POINT('',(1.751028411782,4.10471180566));
#9917 = CARTESIAN_POINT('',(1.639832340901,4.055814782456));
#9918 = CARTESIAN_POINT('',(1.582247474722,4.02976550759));
#9919 = CARTESIAN_POINT('',(1.525530385688,4.003568164655));
#9920 = CARTESIAN_POINT('',(1.469435924052,3.977270160229));
#9921 = CARTESIAN_POINT('',(1.413748270162,3.950910448475));
#9922 = CARTESIAN_POINT('',(1.358260386565,3.924524118354));
#9923 = CARTESIAN_POINT('',(1.232889228693,3.864929947375));
#9924 = CARTESIAN_POINT('',(1.163011631997,3.831731077531));
#9925 = CARTESIAN_POINT('',(1.092707640132,3.798611912921));
#9926 = CARTESIAN_POINT('',(1.02156732253,3.76564081991));
#9927 = CARTESIAN_POINT('',(0.949130124145,3.732904342936));
#9928 = CARTESIAN_POINT('',(0.874869413688,3.700511417248));
#9929 = CARTESIAN_POINT('',(0.734357402215,3.642252135016));
#9930 = CARTESIAN_POINT('',(0.669044765025,3.616269753166));
#9931 = CARTESIAN_POINT('',(0.601478510411,3.59073380246));
#9932 = CARTESIAN_POINT('',(0.531106048704,3.565772949744));
#9933 = CARTESIAN_POINT('',(0.45723758724,3.54164400323));
#9934 = CARTESIAN_POINT('',(0.379136597119,3.518706577979));
#9935 = CARTESIAN_POINT('',(0.257045729434,3.488022496617));
#9936 = CARTESIAN_POINT('',(0.217659761411,3.478812181514));
#9937 = CARTESIAN_POINT('',(0.176989290328,3.470065102842));
#9938 = CARTESIAN_POINT('',(0.134931041853,3.461873153858));
#9939 = CARTESIAN_POINT('',(9.141482095001E-02,3.454358926343));
#9940 = CARTESIAN_POINT('',(4.641844876609E-02,3.447668941892));
#9941 = CARTESIAN_POINT('',(0.,3.441958344302));
#9942 = ( GEOMETRIC_REPRESENTATION_CONTEXT(2) 
PARAMETRIC_REPRESENTATION_CONTEXT() REPRESENTATION_CONTEXT('2D SPACE',''
  ) );
#9943 = ORIENTED_EDGE('',*,*,#9651,.T.);
#9944 = ORIENTED_EDGE('',*,*,#9106,.F.);
#9945 = ORIENTED_EDGE('',*,*,#9444,.F.);
#9946 = ORIENTED_EDGE('',*,*,#9735,.F.);
#9947 = ADVANCED_FACE('',(#9948),#9412,.F.);
#9948 = FACE_BOUND('',#9949,.F.);
#9949 = EDGE_LOOP('',(#9950,#9980,#9981));
#9950 = ORIENTED_EDGE('',*,*,#9951,.F.);
#9951 = EDGE_CURVE('',#9757,#9366,#9952,.T.);
#9952 = SURFACE_CURVE('',#9953,(#9966,#9973),.PCURVE_S1.);
#9953 = ( BOUNDED_CURVE() B_SPLINE_CURVE(11,(#9954,#9955,#9956,#9957,
    #9958,#9959,#9960,#9961,#9962,#9963,#9964,#9965),.UNSPECIFIED.,.F.,
.F.) B_SPLINE_CURVE_WITH_KNOTS((12,12),(0.,6.362265131567),
.PIECEWISE_BEZIER_KNOTS.) CURVE() GEOMETRIC_REPRESENTATION_ITEM() 
RATIONAL_B_SPLINE_CURVE((1.056590953773,1.056590953773,1.056590953773,
    1.056590953773,1.056590953773,1.056590953774,1.056590953773,
    1.056590953773,1.056590953773,1.056590953773,1.056590953773,
1.056590953773)) REPRESENTATION_ITEM('') );
#9954 = CARTESIAN_POINT('',(3.14,1.26E-15,-0.5625));
#9955 = CARTESIAN_POINT('',(3.140002570886,1.793564391747,
    -0.471590909091));
#9956 = CARTESIAN_POINT('',(2.01335706144,3.587089753471,-0.380681818168
    ));
#9957 = CARTESIAN_POINT('',(-0.242612174591,4.594280355021,
    -0.289772727434));
#9958 = CARTESIAN_POINT('',(-2.99758738186,4.025726903057,
    -0.198863635716));
#9959 = CARTESIAN_POINT('',(-5.053575182522,1.660197621773,
    -0.107954546795));
#9960 = CARTESIAN_POINT('',(-5.052063522849,-1.660215696485,
    -1.704545285082E-02));
#9961 = CARTESIAN_POINT('',(-2.99860393091,-4.025695363784,
    7.386363501202E-02));
#9962 = CARTESIAN_POINT('',(-0.242184741122,-4.594296966347,
    0.164772727924));
#9963 = CARTESIAN_POINT('',(2.013270275547,-3.587086523487,
    0.255681818036));
#9964 = CARTESIAN_POINT('',(3.139999480959,-1.793564391747,
    0.346590909085));
#9965 = CARTESIAN_POINT('',(3.140002051845,-1.2315E-13,0.437500000004));
#9966 = PCURVE('',#9412,#9967);
#9967 = DEFINITIONAL_REPRESENTATION('',(#9968),#9972);
#9968 = LINE('',#9969,#9970);
#9969 = CARTESIAN_POINT('',(0.,0.));
#9970 = VECTOR('',#9971,1.);
#9971 = DIRECTION('',(0.,1.));
#9972 = ( GEOMETRIC_REPRESENTATION_CONTEXT(2) 
PARAMETRIC_REPRESENTATION_CONTEXT() REPRESENTATION_CONTEXT('2D SPACE',''
  ) );
#9973 = PCURVE('',#9516,#9974);
#9974 = DEFINITIONAL_REPRESENTATION('',(#9975),#9979);
#9975 = LINE('',#9976,#9977);
#9976 = CARTESIAN_POINT('',(2.094395102393,0.));
#9977 = VECTOR('',#9978,1.);
#9978 = DIRECTION('',(0.,1.));
#9979 = ( GEOMETRIC_REPRESENTATION_CONTEXT(2) 
PARAMETRIC_REPRESENTATION_CONTEXT() REPRESENTATION_CONTEXT('2D SPACE',''
  ) );
#9980 = ORIENTED_EDGE('',*,*,#9756,.F.);
#9981 = ORIENTED_EDGE('',*,*,#9397,.F.);
#9982 = ADVANCED_FACE('',(#9983),#9516,.F.);
#9983 = FACE_BOUND('',#9984,.F.);
#9984 = EDGE_LOOP('',(#9985,#9986,#9987,#9988));
#9985 = ORIENTED_EDGE('',*,*,#9701,.F.);
#9986 = ORIENTED_EDGE('',*,*,#9836,.F.);
#9987 = ORIENTED_EDGE('',*,*,#9951,.T.);
#9988 = ORIENTED_EDGE('',*,*,#9498,.F.);
#9989 = ( GEOMETRIC_REPRESENTATION_CONTEXT(3) 
GLOBAL_UNCERTAINTY_ASSIGNED_CONTEXT((#9993)) 
GLOBAL_UNIT_ASSIGNED_CONTEXT((#9990,#9991,#9992)) REPRESENTATION_CONTEXT
('Context #1','3D Context with UNIT and UNCERTAINTY') );
#9990 = ( LENGTH_UNIT() NAMED_UNIT(*) SI_UNIT(.MILLI.,.METRE.) );
#9991 = ( NAMED_UNIT(*) PLANE_ANGLE_UNIT() SI_UNIT($,.RADIAN.) );
#9992 = ( NAMED_UNIT(*) SI_UNIT($,.STERADIAN.) SOLID_ANGLE_UNIT() );
#9993 = UNCERTAINTY_MEASURE_WITH_UNIT(LENGTH_MEASURE(2.E-06),#9990,
  'distance_accuracy_value','confusion accuracy');
#9994 = CONTEXT_DEPENDENT_SHAPE_REPRESENTATION(#9995,#9997);
#9995 = ( REPRESENTATION_RELATIONSHIP('','',#3727,#10) 
REPRESENTATION_RELATIONSHIP_WITH_TRANSFORMATION(#9996) 
SHAPE_REPRESENTATION_RELATIONSHIP() );
#9996 = ITEM_DEFINED_TRANSFORMATION('','',#11,#19);
#9997 = PRODUCT_DEFINITION_SHAPE('Placement','Placement of an item',
  #9998);
#9998 = NEXT_ASSEMBLY_USAGE_OCCURRENCE('2','Body005','',#5,#3722,$);
#9999 = PRODUCT_RELATED_PRODUCT_CATEGORY('part',$,(#3724));
#10000 = MECHANICAL_DESIGN_GEOMETRIC_PRESENTATION_REPRESENTATION('',(
    #10001),#9989);
#10001 = STYLED_ITEM('color',(#10002),#3728);
#10002 = PRESENTATION_STYLE_ASSIGNMENT((#10003,#10009));
#10003 = SURFACE_STYLE_USAGE(.BOTH.,#10004);
#10004 = SURFACE_SIDE_STYLE('',(#10005));
#10005 = SURFACE_STYLE_FILL_AREA(#10006);
#10006 = FILL_AREA_STYLE('',(#10007));
#10007 = FILL_AREA_STYLE_COLOUR('',#10008);
#10008 = COLOUR_RGB('',0.800000010877,0.800000010877,0.800000010877);
#10009 = CURVE_STYLE('',#10010,POSITIVE_LENGTH_MEASURE(0.1),#10011);
#10010 = DRAUGHTING_PRE_DEFINED_CURVE_FONT('continuous');
#10011 = COLOUR_RGB('',9.803921802644E-02,9.803921802644E-02,
  9.803921802644E-02);
#10012 = MECHANICAL_DESIGN_GEOMETRIC_PRESENTATION_REPRESENTATION('',(
    #10013),#3709);
#10013 = STYLED_ITEM('color',(#10014),#37);
#10014 = PRESENTATION_STYLE_ASSIGNMENT((#10015,#10020));
#10015 = SURFACE_STYLE_USAGE(.BOTH.,#10016);
#10016 = SURFACE_SIDE_STYLE('',(#10017));
#10017 = SURFACE_STYLE_FILL_AREA(#10018);
#10018 = FILL_AREA_STYLE('',(#10019));
#10019 = FILL_AREA_STYLE_COLOUR('',#10008);
#10020 = CURVE_STYLE('',#10021,POSITIVE_LENGTH_MEASURE(0.1),#10011);
#10021 = DRAUGHTING_PRE_DEFINED_CURVE_FONT('continuous');
ENDSEC;
END-ISO-10303-21;
