ISO-10303-21;
HEADER;
FILE_DESCRIPTION(('FreeCAD Model'),'2;1');
FILE_NAME('Open CASCADE Shape Model','2026-02-25T12:10:05',(''),(''),
  'Open CASCADE STEP processor 7.8','FreeCAD','Unknown');
FILE_SCHEMA(('AUTOMOTIVE_DESIGN { 1 0 10303 214 1 1 1 1 }'));
ENDSEC;
DATA;
#1 = APPLICATION_PROTOCOL_DEFINITION('international standard',
  'automotive_design',2000,#2);
#2 = APPLICATION_CONTEXT(
  'core data for automotive mechanical design processes');
#3 = SHAPE_DEFINITION_REPRESENTATION(#4,#10);
#4 = PRODUCT_DEFINITION_SHAPE('','',#5);
#5 = PRODUCT_DEFINITION('design','',#6,#9);
#6 = PRODUCT_DEFINITION_FORMATION('','',#7);
#7 = PRODUCT('Part','Part','',(#8));
#8 = PRODUCT_CONTEXT('',#2,'mechanical');
#9 = PRODUCT_DEFINITION_CONTEXT('part definition',#2,'design');
#10 = SHAPE_REPRESENTATION('',(#11,#15),#19);
#11 = AXIS2_PLACEMENT_3D('',#12,#13,#14);
#12 = CARTESIAN_POINT('',(0.,0.,0.));
#13 = DIRECTION('',(0.,0.,1.));
#14 = DIRECTION('',(1.,0.,-0.));
#15 = AXIS2_PLACEMENT_3D('',#16,#17,#18);
#16 = CARTESIAN_POINT('',(0.,0.,0.));
#17 = DIRECTION('',(0.,0.,1.));
#18 = DIRECTION('',(1.,0.,0.));
#19 = ( GEOMETRIC_REPRESENTATION_CONTEXT(3) 
GLOBAL_UNCERTAINTY_ASSIGNED_CONTEXT((#23)) GLOBAL_UNIT_ASSIGNED_CONTEXT(
(#20,#21,#22)) REPRESENTATION_CONTEXT('Context #1',
  '3D Context with UNIT and UNCERTAINTY') );
#20 = ( LENGTH_UNIT() NAMED_UNIT(*) SI_UNIT(.MILLI.,.METRE.) );
#21 = ( NAMED_UNIT(*) PLANE_ANGLE_UNIT() SI_UNIT($,.RADIAN.) );
#22 = ( NAMED_UNIT(*) SI_UNIT($,.STERADIAN.) SOLID_ANGLE_UNIT() );
#23 = UNCERTAINTY_MEASURE_WITH_UNIT(LENGTH_MEASURE(2.E-05),#20,
  'distance_accuracy_value','confusion accuracy');
#24 = PRODUCT_RELATED_PRODUCT_CATEGORY('part',$,(#7));
#25 = SHAPE_DEFINITION_REPRESENTATION(#26,#32);
#26 = PRODUCT_DEFINITION_SHAPE('','',#27);
#27 = PRODUCT_DEFINITION('design','',#28,#31);
#28 = PRODUCT_DEFINITION_FORMATION('','',#29);
#29 = PRODUCT('Body001','Body001','',(#30));
#30 = PRODUCT_CONTEXT('',#2,'mechanical');
#31 = PRODUCT_DEFINITION_CONTEXT('part definition',#2,'design');
#32 = ADVANCED_BREP_SHAPE_REPRESENTATION('',(#11,#33),#10102);
#33 = MANIFOLD_SOLID_BREP('',#34);
#34 = CLOSED_SHELL('',(#35,#406,#937,#1216,#1552,#2048,#2079,#2138,#2560
    ,#3056,#3087,#3126,#3538,#4044,#4075,#4477,#4983,#5014,#5426,#5932,
    #5963,#6385,#6881,#6912,#7314,#7820,#7851,#8253,#8726,#8757,#9149,
    #9785,#9819,#9850,#10008,#10012,#10019,#10044,#10098));
#35 = ADVANCED_FACE('',(#36),#129,.T.);
#36 = FACE_BOUND('',#37,.T.);
#37 = EDGE_LOOP('',(#38,#293,#363));
#38 = ORIENTED_EDGE('',*,*,#39,.F.);
#39 = EDGE_CURVE('',#40,#42,#44,.T.);
#40 = VERTEX_POINT('',#41);
#41 = CARTESIAN_POINT('',(0.32791666777,1.927302690034,-1.2));
#42 = VERTEX_POINT('',#43);
#43 = CARTESIAN_POINT('',(1.955,8.81E-12,-1.356242029436));
#44 = SURFACE_CURVE('',#45,(#128,#237),.PCURVE_S1.);
#45 = B_SPLINE_CURVE_WITH_KNOTS('',6,(#46,#47,#48,#49,#50,#51,#52,#53,
    #54,#55,#56,#57,#58,#59,#60,#61,#62,#63,#64,#65,#66,#67,#68,#69,#70,
    #71,#72,#73,#74,#75,#76,#77,#78,#79,#80,#81,#82,#83,#84,#85,#86,#87,
    #88,#89,#90,#91,#92,#93,#94,#95,#96,#97,#98,#99,#100,#101,#102,#103,
    #104,#105,#106,#107,#108,#109,#110,#111,#112,#113,#114,#115,#116,
    #117,#118,#119,#120,#121,#122,#123,#124,#125,#126,#127),
  .UNSPECIFIED.,.F.,.F.,(7,5,5,5,5,5,5,5,5,5,5,5,5,5,5,5,7),(0.,
    6.882129429419E-02,0.176666824,0.214581350508,0.274812631234,
    0.331349351419,0.361458085246,0.4664680478,0.570897355996,
    0.617458371012,0.682527513738,0.720278272481,0.792341168323,
    0.863292441093,0.949028093635,0.971109672409,1.),.UNSPECIFIED.);
#46 = CARTESIAN_POINT('',(1.806191409939,-0.74812939433,-0.6999994));
#47 = CARTESIAN_POINT('',(1.755645933498,-0.870160164674,-0.707530935413
    ));
#48 = CARTESIAN_POINT('',(1.695204207191,-0.988097984638,-0.715063644668
    ));
#49 = CARTESIAN_POINT('',(1.625286468032,-1.100929894998,-0.722595917283
    ));
#50 = CARTESIAN_POINT('',(1.546440935196,-1.207715273112,-0.730126956505
    ));
#51 = CARTESIAN_POINT('',(1.45933747056,-1.307595593139,-0.737656270521)
  );
#52 = CARTESIAN_POINT('',(1.2165567646,-1.544298483715,-0.756978085401)
  );
#53 = CARTESIAN_POINT('',(1.049954386704,-1.670001942201,-0.768770831778
    ));
#54 = CARTESIAN_POINT('',(0.868016726504,-1.773894456727,-0.780554241832
    ));
#55 = CARTESIAN_POINT('',(0.674342398955,-1.853799270476,-0.7923356872)
  );
#56 = CARTESIAN_POINT('',(0.472857387853,-1.908212096024,-0.804123026982
    ));
#57 = CARTESIAN_POINT('',(0.195742537201,-1.946536681792,-0.820055397072
    ));
#58 = CARTESIAN_POINT('',(0.123214970453,-1.953285930663,-0.824200139056
    ));
#59 = CARTESIAN_POINT('',(5.042253494755E-02,-1.9567906769,
    -0.82834542575));
#60 = CARTESIAN_POINT('',(-2.245373533644E-02,-1.95703951073,
    -0.83249128874));
#61 = CARTESIAN_POINT('',(-9.523245685996E-02,-1.954034525174,
    -0.83663772368));
#62 = CARTESIAN_POINT('',(-0.282905011021,-1.937873310584,
    -0.847372590333));
#63 = CARTESIAN_POINT('',(-0.39737717893,-1.919782600365,-0.85396201274)
  );
#64 = CARTESIAN_POINT('',(-0.510417543445,-1.893582446705,
    -0.860552467529));
#65 = CARTESIAN_POINT('',(-0.621312024983,-1.859420709324,
    -0.867143795576));
#66 = CARTESIAN_POINT('',(-0.729368912615,-1.817528365676,
    -0.873735753835));
#67 = CARTESIAN_POINT('',(-0.932066606885,-1.72193236935,-0.886515106265
    ));
#68 = CARTESIAN_POINT('',(-1.027127942402,-1.669108925222,
    -0.892702778216));
#69 = CARTESIAN_POINT('',(-1.118560232368,-1.610006437844,
    -0.898890029135));
#70 = CARTESIAN_POINT('',(-1.205849895436,-1.544940962542,
    -0.905076726948));
#71 = CARTESIAN_POINT('',(-1.288521472958,-1.474283485299,
    -0.911262840448));
#72 = CARTESIAN_POINT('',(-1.40747757961,-1.358076291037,-0.920742048228
    ));
#73 = CARTESIAN_POINT('',(-1.447381802998,-1.316228734039,
    -0.924035799814));
#74 = CARTESIAN_POINT('',(-1.48578855271,-1.272978600098,-0.927329334851
    ));
#75 = CARTESIAN_POINT('',(-1.522636689225,-1.228393122815,
    -0.930622657146));
#76 = CARTESIAN_POINT('',(-1.557869154312,-1.182543036343,
    -0.933915779169));
#77 = CARTESIAN_POINT('',(-1.708493195377,-0.971439979093,
    -0.948693489563));
#78 = CARTESIAN_POINT('',(-1.805284417099,-0.792857676162,
    -0.960178752345));
#79 = CARTESIAN_POINT('',(-1.879487850339,-0.602970880135,
    -0.971659610583));
#80 = CARTESIAN_POINT('',(-1.929600787733,-0.405356791078,
    -0.983141308242));
#81 = CARTESIAN_POINT('',(-1.954765785051,-0.203798606476,
    -0.994628145139));
#82 = CARTESIAN_POINT('',(-1.955230316107,0.198165592008,-1.017536603566
    ));
#83 = CARTESIAN_POINT('',(-1.93080492783,0.398665072966,-1.028963433938)
  );
#84 = CARTESIAN_POINT('',(-1.881698371049,0.595342905212,-1.040388887073
    ));
#85 = CARTESIAN_POINT('',(-1.808740210327,0.78447566173,-1.051814426363)
  );
#86 = CARTESIAN_POINT('',(-1.713392755532,0.962539307448,-1.063241016018
    ));
#87 = CARTESIAN_POINT('',(-1.546431070353,1.19940058758,-1.079754810658)
  );
#88 = CARTESIAN_POINT('',(-1.490937866953,1.269618364305,-1.084846713543
    ));
#89 = CARTESIAN_POINT('',(-1.431632264352,1.336736659567,-1.089937983852
    ));
#90 = CARTESIAN_POINT('',(-1.368732494722,1.400499178815,-1.095028666853
    ));
#91 = CARTESIAN_POINT('',(-1.302479280998,1.460670612771,-1.100118864557
    ));
#92 = CARTESIAN_POINT('',(-1.136225659893,1.595811033325,-1.112321482189
    ));
#93 = CARTESIAN_POINT('',(-1.033274602152,1.667157917398,-1.119433777074
    ));
#94 = CARTESIAN_POINT('',(-0.92500085138,1.730494415186,-1.126545228097)
  );
#95 = CARTESIAN_POINT('',(-0.812186617487,1.785335977034,-1.133656625732
    ));
#96 = CARTESIAN_POINT('',(-0.695669370589,1.831301574589,-1.140768823258
    ));
#97 = CARTESIAN_POINT('',(-0.507100153678,1.889477177113,-1.15200844053)
  );
#98 = CARTESIAN_POINT('',(-0.436915988674,1.907757607375,-1.156135447532
    ));
#99 = CARTESIAN_POINT('',(-0.365953709365,1.922906045036,-1.160262882412
    ));
#100 = CARTESIAN_POINT('',(-0.294387865233,1.93488252883,-1.164390812816
    ));
#101 = CARTESIAN_POINT('',(-0.222395484666,1.943660142234,
    -1.168519280466));
#102 = CARTESIAN_POINT('',(-1.225736162403E-02,1.959847865834,
    -1.180530240444));
#103 = CARTESIAN_POINT('',(0.126550235905,1.958764412252,-1.18841462167)
  );
#104 = CARTESIAN_POINT('',(0.265008645913,1.945875561215,-1.196300652659
    ));
#105 = CARTESIAN_POINT('',(0.401871341858,1.921268490909,-1.204188461528
    ));
#106 = CARTESIAN_POINT('',(0.53591382529,1.885192426489,-1.212077608419)
  );
#107 = CARTESIAN_POINT('',(0.793980687927,1.791692822679,-1.227733234247
    ));
#108 = CARTESIAN_POINT('',(0.918140649798,1.734602479646,-1.235500503362
    ));
#109 = CARTESIAN_POINT('',(1.037297239174,1.667216362466,-1.243266359129
    ));
#110 = CARTESIAN_POINT('',(1.150398910095,1.59009770395,-1.251030280698)
  );
#111 = CARTESIAN_POINT('',(1.256475454936,1.503940891574,-1.25879230564)
  );
#112 = CARTESIAN_POINT('',(1.473303389909,1.295561318023,-1.275928363693
    ));
#113 = CARTESIAN_POINT('',(1.580442621009,1.169545458696,-1.285302801692
    ));
#114 = CARTESIAN_POINT('',(1.67453215697,1.033011215325,-1.294673525982)
  );
#115 = CARTESIAN_POINT('',(1.754333551209,0.887664212866,-1.304043639389
    ));
#116 = CARTESIAN_POINT('',(1.818879584363,0.735376101151,-1.313417112823
    ));
#117 = CARTESIAN_POINT('',(1.880078240536,0.537705189129,-1.325206507742
    ));
#118 = CARTESIAN_POINT('',(1.891558952629,0.49689500214,-1.327621199469)
  );
#119 = CARTESIAN_POINT('',(1.901975933018,0.455793032641,-1.330036052743
    ));
#120 = CARTESIAN_POINT('',(1.911320076709,0.414433933889,-1.332451059911
    ));
#121 = CARTESIAN_POINT('',(1.919583786602,0.372852728705,-1.334866201083
    ));
#122 = CARTESIAN_POINT('',(1.936151211487,0.276437952831,-1.340441415794
    ));
#123 = CARTESIAN_POINT('',(1.943681603708,0.221471317144,-1.343601568503
    ));
#124 = CARTESIAN_POINT('',(1.94933850992,0.16626424186,-1.346761821532)
  );
#125 = CARTESIAN_POINT('',(1.953112829215,0.11089648157,-1.349922071097)
  );
#126 = CARTESIAN_POINT('',(1.955,5.544820600088E-02,-1.353082190361));
#127 = CARTESIAN_POINT('',(1.955,1.760925E-11,-1.356242029436));
#128 = PCURVE('',#129,#152);
#129 = B_SPLINE_SURFACE_WITH_KNOTS('',1,10,(
    (#130,#131,#132,#133,#134,#135,#136,#137,#138,#139,#140)
    ,(#141,#142,#143,#144,#145,#146,#147,#148,#149,#150,#151
  )),.UNSPECIFIED.,.F.,.F.,.F.,(2,2),(11,11),(0.,0.49),(0.,
    6.322058019692),.PIECEWISE_BEZIER_KNOTS.);
#130 = CARTESIAN_POINT('',(2.000482686064,-1.2744722242E-07,
    -0.682497763554));
#131 = CARTESIAN_POINT('',(2.00048072786,-1.256933880208,-0.752498020467
    ));
#132 = CARTESIAN_POINT('',(1.123130337721,-2.513895796815,
    -0.822502679375));
#133 = CARTESIAN_POINT('',(-0.633446615766,-3.078288267588,
    -0.892484245974));
#134 = CARTESIAN_POINT('',(-2.639593758515,-2.287262720116,
    -0.962511807548));
#135 = CARTESIAN_POINT('',(-3.702183591155,-2.833803463635E-05,
    -1.032497856039));
#136 = CARTESIAN_POINT('',(-2.639384629958,2.287305187548,
    -1.102483907103));
#137 = CARTESIAN_POINT('',(-0.633647402895,3.078272192737,
    -1.172511466991));
#138 = CARTESIAN_POINT('',(1.123200558454,2.513898281473,-1.242493034256
    ));
#139 = CARTESIAN_POINT('',(2.000483274903,1.256933635936,-1.31249769305)
  );
#140 = CARTESIAN_POINT('',(2.000481323371,-1.1682485188E-07,
    -1.382497949955));
#141 = CARTESIAN_POINT('',(1.576118189573,1.06186185591E-06,
    -0.437518633594));
#142 = CARTESIAN_POINT('',(1.576118362259,-0.990354415408,
    -0.507516493444));
#143 = CARTESIAN_POINT('',(0.88486021533,-1.980175419254,-0.577477683499
    ));
#144 = CARTESIAN_POINT('',(-0.498952266379,-2.426296102351,
    -0.647631237721));
#145 = CARTESIAN_POINT('',(-2.079968700167,-1.801108486108,
    -0.717401646804));
#146 = CARTESIAN_POINT('',(-2.916363243958,-9.40286232008E-06,
    -0.787517857016));
#147 = CARTESIAN_POINT('',(-2.079916060072,1.801116895757,
    -0.857634067882));
#148 = CARTESIAN_POINT('',(-0.49900834191,2.426291205469,-0.927404476534
    ));
#149 = CARTESIAN_POINT('',(0.884876057789,1.980177252221,-0.997558030931
    ));
#150 = CARTESIAN_POINT('',(1.576117713785,0.990356450643,-1.067519220951
    ));
#151 = CARTESIAN_POINT('',(1.576117830893,9.7337383722E-07,
    -1.137517080802));
#152 = DEFINITIONAL_REPRESENTATION('',(#153),#236);
#153 = B_SPLINE_CURVE_WITH_KNOTS('',6,(#154,#155,#156,#157,#158,#159,
    #160,#161,#162,#163,#164,#165,#166,#167,#168,#169,#170,#171,#172,
    #173,#174,#175,#176,#177,#178,#179,#180,#181,#182,#183,#184,#185,
    #186,#187,#188,#189,#190,#191,#192,#193,#194,#195,#196,#197,#198,
    #199,#200,#201,#202,#203,#204,#205,#206,#207,#208,#209,#210,#211,
    #212,#213,#214,#215,#216,#217,#218,#219,#220,#221,#222,#223,#224,
    #225,#226,#227,#228,#229,#230,#231,#232,#233,#234,#235),
  .UNSPECIFIED.,.F.,.F.,(7,5,5,5,5,5,5,5,5,5,5,5,5,5,5,5,7),(0.,
    6.882129429419E-02,0.176666824,0.214581350508,0.274812631234,
    0.331349351419,0.361458085246,0.4664680478,0.570897355996,
    0.617458371012,0.682527513738,0.720278272481,0.792341168323,
    0.863292441093,0.949028093635,0.971109672409,1.),.UNSPECIFIED.);
#154 = CARTESIAN_POINT('',(5.250276961281E-02,0.395135715549));
#155 = CARTESIAN_POINT('',(5.249468801289E-02,0.463120371852));
#156 = CARTESIAN_POINT('',(5.248476043558E-02,0.53110729422));
#157 = CARTESIAN_POINT('',(5.247464513192E-02,0.599089425425));
#158 = CARTESIAN_POINT('',(5.246663483289E-02,0.667069922486));
#159 = CARTESIAN_POINT('',(5.246252150949E-02,0.735052435215));
#160 = CARTESIAN_POINT('',(5.246236652022E-02,0.909556928927));
#161 = CARTESIAN_POINT('',(5.247225770359E-02,1.016107916796));
#162 = CARTESIAN_POINT('',(5.249374958764E-02,1.122626965158));
#163 = CARTESIAN_POINT('',(5.251987227068E-02,1.229149177382));
#164 = CARTESIAN_POINT('',(5.254186149405E-02,1.335705960749));
#165 = CARTESIAN_POINT('',(5.256169633418E-02,1.479688904952));
#166 = CARTESIAN_POINT('',(5.256594692726E-02,1.517141382565));
#167 = CARTESIAN_POINT('',(5.256913581808E-02,1.554593985795));
#168 = CARTESIAN_POINT('',(5.257118087779E-02,1.592046629061));
#169 = CARTESIAN_POINT('',(5.257207078426E-02,1.629499222005));
#170 = CARTESIAN_POINT('',(5.257153814671E-02,1.726448888263));
#171 = CARTESIAN_POINT('',(5.256844673345E-02,1.78594737354));
#172 = CARTESIAN_POINT('',(5.256280824461E-02,1.845443681846));
#173 = CARTESIAN_POINT('',(5.255528666577E-02,1.904939374108));
#174 = CARTESIAN_POINT('',(5.254674015203E-02,1.964436130084));
#175 = CARTESIAN_POINT('',(5.252973523523E-02,2.079776214482));
#176 = CARTESIAN_POINT('',(5.252129943337E-02,2.135622153751));
#177 = CARTESIAN_POINT('',(5.251333249294E-02,2.191466407448));
#178 = CARTESIAN_POINT('',(5.250641552918E-02,2.247310406751));
#179 = CARTESIAN_POINT('',(5.250093807254E-02,2.303155628722));
#180 = CARTESIAN_POINT('',(5.24948975507E-02,2.388739926912));
#181 = CARTESIAN_POINT('',(5.249323539138E-02,2.418479976736));
#182 = CARTESIAN_POINT('',(5.24920257316E-02,2.448220114019));
#183 = CARTESIAN_POINT('',(5.249126567065E-02,2.477960360054));
#184 = CARTESIAN_POINT('',(5.249093379044E-02,2.507700730734));
#185 = CARTESIAN_POINT('',(5.249118673943E-02,2.641166933581));
#186 = CARTESIAN_POINT('',(5.24960978454E-02,2.744918391664));
#187 = CARTESIAN_POINT('',(5.250421334069E-02,2.84864453932));
#188 = CARTESIAN_POINT('',(5.251128270395E-02,2.952373544317));
#189 = CARTESIAN_POINT('',(5.25145721783E-02,3.056131896614));
#190 = CARTESIAN_POINT('',(5.251390979471E-02,3.263026910465));
#191 = CARTESIAN_POINT('',(5.250999753221E-02,3.366210794524));
#192 = CARTESIAN_POINT('',(5.250247645957E-02,3.469365944999));
#193 = CARTESIAN_POINT('',(5.249414754002E-02,3.572518226056));
#194 = CARTESIAN_POINT('',(5.248919416093E-02,3.675695235146));
#195 = CARTESIAN_POINT('',(5.248901775783E-02,3.824838964045));
#196 = CARTESIAN_POINT('',(5.248992573986E-02,3.870830643116));
#197 = CARTESIAN_POINT('',(5.249193893604E-02,3.91682159951));
#198 = CARTESIAN_POINT('',(5.249509845689E-02,3.962812427701));
#199 = CARTESIAN_POINT('',(5.24993335871E-02,4.008803729714));
#200 = CARTESIAN_POINT('',(5.251160423746E-02,4.119067217162));
#201 = CARTESIAN_POINT('',(5.252047848246E-02,4.183342060455));
#202 = CARTESIAN_POINT('',(5.253058662154E-02,4.247614854028));
#203 = CARTESIAN_POINT('',(5.254095203376E-02,4.311888327259));
#204 = CARTESIAN_POINT('',(5.25504402074E-02,4.376165063769));
#205 = CARTESIAN_POINT('',(5.256252761562E-02,4.477730375762));
#206 = CARTESIAN_POINT('',(5.256635250948E-02,4.515020757854));
#207 = CARTESIAN_POINT('',(5.256936643921E-02,4.552311342499));
#208 = CARTESIAN_POINT('',(5.257141980064E-02,4.589602065111));
#209 = CARTESIAN_POINT('',(5.257241130075E-02,4.626892845113));
#210 = CARTESIAN_POINT('',(5.25720525064E-02,4.735368347809));
#211 = CARTESIAN_POINT('',(5.256776925619E-02,4.806556886544));
#212 = CARTESIAN_POINT('',(5.255914912398E-02,4.877740742164));
#213 = CARTESIAN_POINT('',(5.254677804497E-02,4.94892371755));
#214 = CARTESIAN_POINT('',(5.253243843264E-02,5.020109888751));
#215 = CARTESIAN_POINT('',(5.250386259726E-02,5.16137482146));
#216 = CARTESIAN_POINT('',(5.248963024583E-02,5.231460736954));
#217 = CARTESIAN_POINT('',(5.247714664433E-02,5.30154178443));
#218 = CARTESIAN_POINT('',(5.246844228069E-02,5.371622428243));
#219 = CARTESIAN_POINT('',(5.246451351371E-02,5.441707506213));
#220 = CARTESIAN_POINT('',(5.246543551511E-02,5.596476174924));
#221 = CARTESIAN_POINT('',(5.247228061046E-02,5.681172427456));
#222 = CARTESIAN_POINT('',(5.248481633424E-02,5.765860834141));
#223 = CARTESIAN_POINT('',(5.249931146185E-02,5.850552570584));
#224 = CARTESIAN_POINT('',(5.250968655938E-02,5.935256050319));
#225 = CARTESIAN_POINT('',(5.251664945639E-02,6.041763545495));
#226 = CARTESIAN_POINT('',(5.251775418756E-02,6.063576849749));
#227 = CARTESIAN_POINT('',(5.251852088157E-02,6.085390086674));
#228 = CARTESIAN_POINT('',(5.251895784274E-02,6.10720322463));
#229 = CARTESIAN_POINT('',(5.251909840738E-02,6.129016234512));
#230 = CARTESIAN_POINT('',(5.25188734277E-02,6.179367834206));
#231 = CARTESIAN_POINT('',(5.251833446341E-02,6.207906355991));
#232 = CARTESIAN_POINT('',(5.251753119746E-02,6.236444590384));
#233 = CARTESIAN_POINT('',(5.25166730894E-02,6.264982545842));
#234 = CARTESIAN_POINT('',(5.251603191175E-02,6.293520304004));
#235 = CARTESIAN_POINT('',(5.251594174999E-02,6.322058019692));
#236 = ( GEOMETRIC_REPRESENTATION_CONTEXT(2) 
PARAMETRIC_REPRESENTATION_CONTEXT() REPRESENTATION_CONTEXT('2D SPACE',''
  ) );
#237 = PCURVE('',#238,#243);
#238 = CYLINDRICAL_SURFACE('',#239,1.955);
#239 = AXIS2_PLACEMENT_3D('',#240,#241,#242);
#240 = CARTESIAN_POINT('',(0.,0.,-0.7));
#241 = DIRECTION('',(-0.,-0.,-1.));
#242 = DIRECTION('',(1.,0.,0.));
#243 = DEFINITIONAL_REPRESENTATION('',(#244),#292);
#244 = B_SPLINE_CURVE_WITH_KNOTS('',3,(#245,#246,#247,#248,#249,#250,
    #251,#252,#253,#254,#255,#256,#257,#258,#259,#260,#261,#262,#263,
    #264,#265,#266,#267,#268,#269,#270,#271,#272,#273,#274,#275,#276,
    #277,#278,#279,#280,#281,#282,#283,#284,#285,#286,#287,#288,#289,
    #290,#291),.UNSPECIFIED.,.F.,.F.,(4,1,1,1,1,1,1,1,1,1,1,1,1,1,1,1,1,
    1,1,1,1,1,1,1,1,1,1,1,1,1,1,1,1,1,1,1,1,1,1,1,1,1,1,1,4),(
    0.761941233795,0.7673516603,0.772762086804,0.778172513309,
    0.783582939814,0.788993366318,0.794403792823,0.799814219328,
    0.805224645832,0.810635072337,0.816045498842,0.821455925346,
    0.826866351851,0.832276778356,0.83768720486,0.843097631365,
    0.84850805787,0.853918484374,0.859328910879,0.864739337383,
    0.870149763888,0.875560190393,0.880970616897,0.886381043402,
    0.891791469907,0.897201896411,0.902612322916,0.908022749421,
    0.913433175925,0.91884360243,0.924254028935,0.929664455439,
    0.935074881944,0.940485308449,0.945895734953,0.951306161458,
    0.956716587963,0.962127014467,0.967537440972,0.972947867477,
    0.978358293981,0.983768720486,0.989179146991,0.994589573495,1.),
  .QUASI_UNIFORM_KNOTS.);
#245 = CARTESIAN_POINT('',(-32.81819392403,0.5));
#246 = CARTESIAN_POINT('',(-32.80757077858,0.50118435014));
#247 = CARTESIAN_POINT('',(-32.78632444704,0.503553130956));
#248 = CARTESIAN_POINT('',(-32.75445483845,0.507106502052));
#249 = CARTESIAN_POINT('',(-32.72258509983,0.510660035822));
#250 = CARTESIAN_POINT('',(-32.69071531513,0.514213679164));
#251 = CARTESIAN_POINT('',(-32.65884556947,0.517767376842));
#252 = CARTESIAN_POINT('',(-32.62697636062,0.521321026788));
#253 = CARTESIAN_POINT('',(-32.59510666428,0.524874694793));
#254 = CARTESIAN_POINT('',(-32.56323677036,0.52842830135));
#255 = CARTESIAN_POINT('',(-32.53136684628,0.531981780669));
#256 = CARTESIAN_POINT('',(-32.49949697351,0.53553507823));
#257 = CARTESIAN_POINT('',(-32.46762716736,0.539088149706));
#258 = CARTESIAN_POINT('',(-32.43575739952,0.542640959427));
#259 = CARTESIAN_POINT('',(-32.40388761876,0.546193478852));
#260 = CARTESIAN_POINT('',(-32.37201777041,0.549745685051));
#261 = CARTESIAN_POINT('',(-32.34014781957,0.553297558702));
#262 = CARTESIAN_POINT('',(-32.3082777603,0.556849083587));
#263 = CARTESIAN_POINT('',(-32.27640767889,0.560400240147));
#264 = CARTESIAN_POINT('',(-32.24453761952,0.563951020877));
#265 = CARTESIAN_POINT('',(-32.21266819316,0.567501363869));
#266 = CARTESIAN_POINT('',(-32.18079806814,0.571051430296));
#267 = CARTESIAN_POINT('',(-32.14892750073,0.574601213132));
#268 = CARTESIAN_POINT('',(-32.11705686338,0.578150699414));
#269 = CARTESIAN_POINT('',(-32.08518633296,0.581699904647));
#270 = CARTESIAN_POINT('',(-32.05331600637,0.585248859592));
#271 = CARTESIAN_POINT('',(-32.02144589927,0.588797609632));
#272 = CARTESIAN_POINT('',(-31.98957597414,0.59234621061));
#273 = CARTESIAN_POINT('',(-31.95770615903,0.59589472544));
#274 = CARTESIAN_POINT('',(-31.92583636774,0.599443220346));
#275 = CARTESIAN_POINT('',(-31.89396651943,0.602991761024));
#276 = CARTESIAN_POINT('',(-31.86209655782,0.606540408714));
#277 = CARTESIAN_POINT('',(-31.83022647342,0.610089215883));
#278 = CARTESIAN_POINT('',(-31.79835631762,0.613638222789));
#279 = CARTESIAN_POINT('',(-31.76648625241,0.617187450105));
#280 = CARTESIAN_POINT('',(-31.73461647408,0.620736905642));
#281 = CARTESIAN_POINT('',(-31.70274761593,0.624286537812));
#282 = CARTESIAN_POINT('',(-31.67087875765,0.627836454681));
#283 = CARTESIAN_POINT('',(-31.63900988708,0.631386651346));
#284 = CARTESIAN_POINT('',(-31.6071409791,0.63493710519));
#285 = CARTESIAN_POINT('',(-31.57527204527,0.638487777114));
#286 = CARTESIAN_POINT('',(-31.54340303819,0.642038618603));
#287 = CARTESIAN_POINT('',(-31.51153399059,0.645589556955));
#288 = CARTESIAN_POINT('',(-31.47966489475,0.649140509694));
#289 = CARTESIAN_POINT('',(-31.44779573377,0.652691384967));
#290 = CARTESIAN_POINT('',(-31.42654960371,0.655058512959));
#291 = CARTESIAN_POINT('',(-31.41592653589,0.656242029436));
#292 = ( GEOMETRIC_REPRESENTATION_CONTEXT(2) 
PARAMETRIC_REPRESENTATION_CONTEXT() REPRESENTATION_CONTEXT('2D SPACE',''
  ) );
#293 = ORIENTED_EDGE('',*,*,#294,.F.);
#294 = EDGE_CURVE('',#295,#40,#297,.T.);
#295 = VERTEX_POINT('',#296);
#296 = CARTESIAN_POINT('',(1.684352689814,6.95316221E-07,-1.2));
#297 = SURFACE_CURVE('',#298,(#316,#337),.PCURVE_S1.);
#298 = B_SPLINE_CURVE_WITH_KNOTS('',6,(#299,#300,#301,#302,#303,#304,
    #305,#306,#307,#308,#309,#310,#311,#312,#313,#314,#315),
  .UNSPECIFIED.,.F.,.F.,(7,5,5,7),(0.,0.478718721467,0.73112937931,1.),
  .UNSPECIFIED.);
#299 = CARTESIAN_POINT('',(1.684352689814,6.953162122E-07,-1.2));
#300 = CARTESIAN_POINT('',(1.707221912233,0.199611216355,-1.2));
#301 = CARTESIAN_POINT('',(1.701450291356,0.403445300079,-1.2));
#302 = CARTESIAN_POINT('',(1.666496169841,0.606083046105,-1.2));
#303 = CARTESIAN_POINT('',(1.603301247792,0.802499478444,-1.2));
#304 = CARTESIAN_POINT('',(1.513653280829,0.988074766173,-1.2));
#305 = CARTESIAN_POINT('',(1.340811470201,1.248755092508,-1.2));
#306 = CARTESIAN_POINT('',(1.274582498346,1.334638723276,-1.2));
#307 = CARTESIAN_POINT('',(1.202203621525,1.415835495549,-1.2));
#308 = CARTESIAN_POINT('',(1.124138290386,1.49183636573,-1.2));
#309 = CARTESIAN_POINT('',(1.040898788936,1.562197298611,-1.2));
#310 = CARTESIAN_POINT('',(0.85945149492,1.695075499029,-1.2));
#311 = CARTESIAN_POINT('',(0.760615935493,1.756786130829,-1.2));
#312 = CARTESIAN_POINT('',(0.657203951107,1.811212510124,-1.2));
#313 = CARTESIAN_POINT('',(0.54992061984,1.857993486983,-1.2));
#314 = CARTESIAN_POINT('',(0.439498501093,1.896861190439,-1.2));
#315 = CARTESIAN_POINT('',(0.32669083899,1.927637552429,-1.2));
#316 = PCURVE('',#129,#317);
#317 = DEFINITIONAL_REPRESENTATION('',(#318),#336);
#318 = B_SPLINE_CURVE_WITH_KNOTS('',6,(#319,#320,#321,#322,#323,#324,
    #325,#326,#327,#328,#329,#330,#331,#332,#333,#334,#335),
  .UNSPECIFIED.,.F.,.F.,(7,5,5,7),(0.,0.478718721467,0.73112937931,1.),
  .UNSPECIFIED.);
#319 = CARTESIAN_POINT('',(0.365024402873,6.322058019692));
#320 = CARTESIAN_POINT('',(0.338618076112,6.202820205463));
#321 = CARTESIAN_POINT('',(0.312513482259,6.084936362082));
#322 = CARTESIAN_POINT('',(0.286717255397,5.968452718066));
#323 = CARTESIAN_POINT('',(0.261204626064,5.853253092869));
#324 = CARTESIAN_POINT('',(0.23595759687,5.739255115535));
#325 = CARTESIAN_POINT('',(0.197828289252,5.567090634767));
#326 = CARTESIAN_POINT('',(0.184738975119,5.507988900492));
#327 = CARTESIAN_POINT('',(0.171723185508,5.449219105332));
#328 = CARTESIAN_POINT('',(0.158779104394,5.390772903977));
#329 = CARTESIAN_POINT('',(0.145904986036,5.33264234055));
#330 = CARTESIAN_POINT('',(0.119460709865,5.213237823937));
#331 = CARTESIAN_POINT('',(0.105899086112,5.152002366833));
#332 = CARTESIAN_POINT('',(9.241476667329E-02,5.091115641611));
#333 = CARTESIAN_POINT('',(7.900572845342E-02,5.030568571729));
#334 = CARTESIAN_POINT('',(6.567007299546E-02,4.970352675521));
#335 = CARTESIAN_POINT('',(5.240746234051E-02,4.910466511492));
#336 = ( GEOMETRIC_REPRESENTATION_CONTEXT(2) 
PARAMETRIC_REPRESENTATION_CONTEXT() REPRESENTATION_CONTEXT('2D SPACE',''
  ) );
#337 = PCURVE('',#338,#343);
#338 = PLANE('',#339);
#339 = AXIS2_PLACEMENT_3D('',#340,#341,#342);
#340 = CARTESIAN_POINT('',(-3.2E-16,2.8E-16,-1.2));
#341 = DIRECTION('',(0.,0.,1.));
#342 = DIRECTION('',(1.,0.,0.));
#343 = DEFINITIONAL_REPRESENTATION('',(#344),#362);
#344 = B_SPLINE_CURVE_WITH_KNOTS('',6,(#345,#346,#347,#348,#349,#350,
    #351,#352,#353,#354,#355,#356,#357,#358,#359,#360,#361),
  .UNSPECIFIED.,.F.,.F.,(7,5,5,7),(0.,0.478718721467,0.73112937931,1.),
  .UNSPECIFIED.);
#345 = CARTESIAN_POINT('',(1.684352689814,6.9531621192E-07));
#346 = CARTESIAN_POINT('',(1.707221912233,0.199611216355));
#347 = CARTESIAN_POINT('',(1.701450291356,0.403445300079));
#348 = CARTESIAN_POINT('',(1.666496169841,0.606083046105));
#349 = CARTESIAN_POINT('',(1.603301247792,0.802499478444));
#350 = CARTESIAN_POINT('',(1.513653280829,0.988074766173));
#351 = CARTESIAN_POINT('',(1.340811470201,1.248755092508));
#352 = CARTESIAN_POINT('',(1.274582498346,1.334638723276));
#353 = CARTESIAN_POINT('',(1.202203621525,1.415835495549));
#354 = CARTESIAN_POINT('',(1.124138290386,1.49183636573));
#355 = CARTESIAN_POINT('',(1.040898788936,1.562197298611));
#356 = CARTESIAN_POINT('',(0.85945149492,1.695075499029));
#357 = CARTESIAN_POINT('',(0.760615935493,1.756786130829));
#358 = CARTESIAN_POINT('',(0.657203951107,1.811212510124));
#359 = CARTESIAN_POINT('',(0.54992061984,1.857993486983));
#360 = CARTESIAN_POINT('',(0.439498501093,1.896861190439));
#361 = CARTESIAN_POINT('',(0.32669083899,1.927637552429));
#362 = ( GEOMETRIC_REPRESENTATION_CONTEXT(2) 
PARAMETRIC_REPRESENTATION_CONTEXT() REPRESENTATION_CONTEXT('2D SPACE',''
  ) );
#363 = ORIENTED_EDGE('',*,*,#364,.F.);
#364 = EDGE_CURVE('',#42,#295,#365,.T.);
#365 = SURFACE_CURVE('',#366,(#369,#376),.PCURVE_S1.);
#366 = B_SPLINE_CURVE_WITH_KNOTS('',1,(#367,#368),.UNSPECIFIED.,.F.,.F.,
  (2,2),(0.,0.49),.PIECEWISE_BEZIER_KNOTS.);
#367 = CARTESIAN_POINT('',(2.000481323371,-1.1682485188E-07,
    -1.382497949955));
#368 = CARTESIAN_POINT('',(1.576117830893,9.7337383722E-07,
    -1.137517080802));
#369 = PCURVE('',#129,#370);
#370 = DEFINITIONAL_REPRESENTATION('',(#371),#375);
#371 = LINE('',#372,#373);
#372 = CARTESIAN_POINT('',(0.,6.322058019692));
#373 = VECTOR('',#374,1.);
#374 = DIRECTION('',(1.,0.));
#375 = ( GEOMETRIC_REPRESENTATION_CONTEXT(2) 
PARAMETRIC_REPRESENTATION_CONTEXT() REPRESENTATION_CONTEXT('2D SPACE',''
  ) );
#376 = PCURVE('',#377,#400);
#377 = B_SPLINE_SURFACE_WITH_KNOTS('',1,10,(
    (#378,#379,#380,#381,#382,#383,#384,#385,#386,#387,#388)
    ,(#389,#390,#391,#392,#393,#394,#395,#396,#397,#398,#399
  )),.UNSPECIFIED.,.F.,.F.,.F.,(2,2),(11,11),(0.,0.49),(0.,
    6.322058019692),.PIECEWISE_BEZIER_KNOTS.);
#378 = CARTESIAN_POINT('',(2.000481323371,-1.1682487864E-07,
    -1.382497949955));
#379 = CARTESIAN_POINT('',(2.000479371839,-1.256933013565,
    -1.452498206861));
#380 = CARTESIAN_POINT('',(1.123129585854,-2.513894076996,
    -1.522502865629));
#381 = CARTESIAN_POINT('',(-0.633446167276,-3.078286177338,
    -1.59248443278));
#382 = CARTESIAN_POINT('',(-2.63959194962,-2.287261172945,
    -1.662511993528));
#383 = CARTESIAN_POINT('',(-3.702181067773,-2.835771984994E-05,
    -1.732498042438));
#384 = CARTESIAN_POINT('',(-2.639382845285,2.287303612389,
    -1.802484093919));
#385 = CARTESIAN_POINT('',(-0.633646987158,3.078270095742,
    -1.872511652981));
#386 = CARTESIAN_POINT('',(1.123199779908,2.513896573585,-1.942493220799
    ));
#387 = CARTESIAN_POINT('',(2.000481905538,1.256932790537,-2.012497879453
    ));
#388 = CARTESIAN_POINT('',(2.000479960677,-1.0620287314E-07,
    -2.082498136351));
#389 = CARTESIAN_POINT('',(1.576117830893,9.7337380936E-07,
    -1.137517080802));
#390 = CARTESIAN_POINT('',(1.576117948002,-0.990354278581,
    -1.207514940651));
#391 = CARTESIAN_POINT('',(0.884859902791,-1.980175017845,
    -1.277476130669));
#392 = CARTESIAN_POINT('',(-0.498952289063,-2.426295523188,
    -1.347629685037));
#393 = CARTESIAN_POINT('',(-2.079968328123,-1.801107958614,
    -1.417400093901));
#394 = CARTESIAN_POINT('',(-2.916362579775,-9.23886978469E-06,
    -1.487516304223));
#395 = CARTESIAN_POINT('',(-2.079915486251,1.801116601418,
    -1.557632515201));
#396 = CARTESIAN_POINT('',(-0.499008091751,2.426290682503,
    -1.627402923634));
#397 = CARTESIAN_POINT('',(0.884875967506,1.98017675142,-1.697556478177)
  );
#398 = CARTESIAN_POINT('',(1.57611741069,0.990356136841,-1.76751766816)
  );
#399 = CARTESIAN_POINT('',(1.576117472221,8.8488568053E-07,
    -1.837515528009));
#400 = DEFINITIONAL_REPRESENTATION('',(#401),#405);
#401 = LINE('',#402,#403);
#402 = CARTESIAN_POINT('',(0.,0.));
#403 = VECTOR('',#404,1.);
#404 = DIRECTION('',(1.,0.));
#405 = ( GEOMETRIC_REPRESENTATION_CONTEXT(2) 
PARAMETRIC_REPRESENTATION_CONTEXT() REPRESENTATION_CONTEXT('2D SPACE',''
  ) );
#406 = ADVANCED_FACE('',(#407),#377,.T.);
#407 = FACE_BOUND('',#408,.T.);
#408 = EDGE_LOOP('',(#409,#742,#743,#778,#894));
#409 = ORIENTED_EDGE('',*,*,#410,.F.);
#410 = EDGE_CURVE('',#42,#411,#413,.T.);
#411 = VERTEX_POINT('',#412);
#412 = CARTESIAN_POINT('',(1.955,7.25E-12,-2.05624275399));
#413 = SURFACE_CURVE('',#414,(#507,#603),.PCURVE_S1.);
#414 = B_SPLINE_CURVE_WITH_KNOTS('',6,(#415,#416,#417,#418,#419,#420,
    #421,#422,#423,#424,#425,#426,#427,#428,#429,#430,#431,#432,#433,
    #434,#435,#436,#437,#438,#439,#440,#441,#442,#443,#444,#445,#446,
    #447,#448,#449,#450,#451,#452,#453,#454,#455,#456,#457,#458,#459,
    #460,#461,#462,#463,#464,#465,#466,#467,#468,#469,#470,#471,#472,
    #473,#474,#475,#476,#477,#478,#479,#480,#481,#482,#483,#484,#485,
    #486,#487,#488,#489,#490,#491,#492,#493,#494,#495,#496,#497,#498,
    #499,#500,#501,#502,#503,#504,#505,#506),.UNSPECIFIED.,.F.,.F.,(7,5,
    5,5,5,5,5,5,5,5,5,5,5,5,5,5,5,5,7),(0.,2.402102939778E-02,
    5.602066663016E-02,0.127021161446,0.228126976376,0.263671751479,
    0.320138063919,0.373141709344,0.401365065181,0.499743768643,
    0.597609621599,0.641540550401,0.702543401372,0.737714300052,
    0.756748852984,0.857747730694,0.873615428151,0.970610404226,1.),
  .UNSPECIFIED.);
#415 = CARTESIAN_POINT('',(1.955,1.759148E-11,-1.356242029436));
#416 = CARTESIAN_POINT('',(1.955,-4.917582333576E-02,-1.359044424665));
#417 = CARTESIAN_POINT('',(1.95351564138,-9.835171062106E-02,
    -1.361846667848));
#418 = CARTESIAN_POINT('',(1.950546932183,-0.147471471059,
    -1.364648867621));
#419 = CARTESIAN_POINT('',(1.946096694725,-0.196479142417,
    -1.367451111749));
#420 = CARTESIAN_POINT('',(1.940170565597,-0.245318991007,
    -1.370253467131));
#421 = CARTESIAN_POINT('',(1.922927644423,-0.358700056099,
    -1.376789349708));
#422 = CARTESIAN_POINT('',(1.910474068108,-0.423068625699,
    -1.380523006471));
#423 = CARTESIAN_POINT('',(1.895436312453,-0.486909801377,
    -1.384257043073));
#424 = CARTESIAN_POINT('',(1.877843004953,-0.55009438415,-1.387991488584
    ));
#425 = CARTESIAN_POINT('',(1.85773135486,-0.612495395161,-1.391726308161
    ));
#426 = CARTESIAN_POINT('',(1.785037538436,-0.810427458173,
    -1.403748796514));
#427 = CARTESIAN_POINT('',(1.722751908905,-0.942404941136,
    -1.412038106848));
#428 = CARTESIAN_POINT('',(1.6487929801,-1.068543064348,-1.420327302926)
  );
#429 = CARTESIAN_POINT('',(1.563864446061,-1.187573282047,
    -1.428615067155));
#430 = CARTESIAN_POINT('',(1.468836564863,-1.298334212255,
    -1.436901001974));
#431 = CARTESIAN_POINT('',(1.216557828886,-1.544297572237,
    -1.456978730544));
#432 = CARTESIAN_POINT('',(1.049955993371,-1.670000821574,
    -1.468771445817));
#433 = CARTESIAN_POINT('',(0.868018938671,-1.773893256797,
    -1.480554824787));
#434 = CARTESIAN_POINT('',(0.674345248756,-1.853798134298,
    -1.492336239025));
#435 = CARTESIAN_POINT('',(0.472860874122,-1.908211172993,
    -1.504123547598));
#436 = CARTESIAN_POINT('',(0.195747473455,-1.946536154107,
    -1.520055838791));
#437 = CARTESIAN_POINT('',(0.123220760387,-1.953285515401,
    -1.524200533046));
#438 = CARTESIAN_POINT('',(5.042917572437E-02,-1.956790449552,
    -1.528345772002));
#439 = CARTESIAN_POINT('',(-2.244625283362E-02,-1.957039546642,
    -1.532491587243));
#440 = CARTESIAN_POINT('',(-9.522414799843E-02,-1.954034898928,
    -1.536637974427));
#441 = CARTESIAN_POINT('',(-0.282893875055,-1.937874812401,
    -1.547372674901));
#442 = CARTESIAN_POINT('',(-0.397364083917,-1.91978510955,
    -1.553961978847));
#443 = CARTESIAN_POINT('',(-0.510402591946,-1.893586246735,
    -1.560552315177));
#444 = CARTESIAN_POINT('',(-0.621295357095,-1.85942607084,
    -1.567143524776));
#445 = CARTESIAN_POINT('',(-0.729350703722,-1.817535540681,
    -1.573735364604));
#446 = CARTESIAN_POINT('',(-0.932047576338,-1.721942670273,
    -1.586514598693));
#447 = CARTESIAN_POINT('',(-1.027109495556,-1.6691202768,-1.592702270715
    ));
#448 = CARTESIAN_POINT('',(-1.118542438628,-1.610018799979,
    -1.598889521742));
#449 = CARTESIAN_POINT('',(-1.20583282072,-1.544954289457,
    -1.605076219688));
#450 = CARTESIAN_POINT('',(-1.288505179084,-1.474297725956,
    -1.611262333329));
#451 = CARTESIAN_POINT('',(-1.407456957439,-1.358097329203,
    -1.620741094084));
#452 = CARTESIAN_POINT('',(-1.447356419659,-1.316256094134,
    -1.624034398563));
#453 = CARTESIAN_POINT('',(-1.485758839175,-1.273012637767,
    -1.627327486548));
#454 = CARTESIAN_POINT('',(-1.522603100072,-1.228434165167,
    -1.630620361841));
#455 = CARTESIAN_POINT('',(-1.557832165462,-1.182591380099,
    -1.633913036905));
#456 = CARTESIAN_POINT('',(-1.708377004936,-0.971615002795,
    -1.64868225041));
#457 = CARTESIAN_POINT('',(-1.805120788392,-0.793171533041,
    -1.660159456814));
#458 = CARTESIAN_POINT('',(-1.879310526643,-0.603436346195,
    -1.671632270408));
#459 = CARTESIAN_POINT('',(-1.929445926752,-0.405978778282,
    -1.683105918648));
#460 = CARTESIAN_POINT('',(-1.954670249312,-0.20457379556,
    -1.694584690061));
#461 = CARTESIAN_POINT('',(-1.955322885896,0.197172113477,
    -1.717480709112));
#462 = CARTESIAN_POINT('',(-1.931010260708,0.39760615248,-1.728903152849
    ));
#463 = CARTESIAN_POINT('',(-1.882033610873,0.594234552276,
    -1.740324227117));
#464 = CARTESIAN_POINT('',(-1.80921944658,0.783337711854,-1.751745394769
    ));
#465 = CARTESIAN_POINT('',(-1.714026248311,0.961394773172,
    -1.763167615587));
#466 = CARTESIAN_POINT('',(-1.546946208722,1.198778911637,
    -1.779709675058));
#467 = CARTESIAN_POINT('',(-1.491121509016,1.269467601995,
    -1.784834197637));
#468 = CARTESIAN_POINT('',(-1.431434470887,1.337017899359,
    -1.789958078159));
#469 = CARTESIAN_POINT('',(-1.368107526313,1.401168518478,
    -1.795081363019));
#470 = CARTESIAN_POINT('',(-1.301386169256,1.461679713373,
    -1.800204157381));
#471 = CARTESIAN_POINT('',(-1.134545913761,1.597005688874,
    -1.812439354681));
#472 = CARTESIAN_POINT('',(-1.03151985477,1.668244199053,-1.819551640313
    ));
#473 = CARTESIAN_POINT('',(-0.923179536892,1.731466728108,
    -1.826663086928));
#474 = CARTESIAN_POINT('',(-0.810307679007,1.786189550465,
    -1.833774486109));
#475 = CARTESIAN_POINT('',(-0.693742150883,1.832032519811,-1.84088669131
    ));
#476 = CARTESIAN_POINT('',(-0.505543823359,1.889876908357,
    -1.852100589689));
#477 = CARTESIAN_POINT('',(-0.435784220882,1.907989012907,
    -1.856201862695));
#478 = CARTESIAN_POINT('',(-0.365258371984,1.923007593076,
    -1.860303558976));
#479 = CARTESIAN_POINT('',(-0.294137604614,1.934893531538,
    -1.864405744751));
#480 = CARTESIAN_POINT('',(-0.222595657013,1.94362043439,-1.868508461082
    ));
#481 = CARTESIAN_POINT('',(-0.111957436819,1.95218057232,-1.874832416993
    ));
#482 = CARTESIAN_POINT('',(-7.303425046965E-02,1.954257248605,
    -1.877053274195));
#483 = CARTESIAN_POINT('',(-3.40669828344E-02,1.955402507084,
    -1.87927429517));
#484 = CARTESIAN_POINT('',(4.916506412788E-03,1.955615306549,
    -1.881495478027));
#485 = CARTESIAN_POINT('',(4.388836209004E-02,1.954895717511,
    -1.883716819294));
#486 = CARTESIAN_POINT('',(0.289399045789,1.944485668737,-1.897725744082
    ));
#487 = CARTESIAN_POINT('',(0.494919663698,1.90950622142,-1.909520461647)
  );
#488 = CARTESIAN_POINT('',(0.695099882639,1.848464523395,-1.92131507195)
  );
#489 = CARTESIAN_POINT('',(0.885902407575,1.762480760083,-1.933109404473
    ));
#490 = CARTESIAN_POINT('',(1.063550326577,1.653371800502,-1.944902712259
    ));
#491 = CARTESIAN_POINT('',(1.250037175553,1.503491707506,-1.958539738023
    ));
#492 = CARTESIAN_POINT('',(1.274951881975,1.482636680453,-1.960391200756
    ));
#493 = CARTESIAN_POINT('',(1.299448224412,1.461286898545,-1.962242541137
    ));
#494 = CARTESIAN_POINT('',(1.323513960447,1.439452889739,-1.964093759332
    ));
#495 = CARTESIAN_POINT('',(1.347137203181,1.417145584633,-1.965944857459
    ));
#496 = CARTESIAN_POINT('',(1.511933633184,1.255193890845,-1.979110396586
    ));
#497 = CARTESIAN_POINT('',(1.6366275478,1.098718791026,-1.990423123388)
  );
#498 = CARTESIAN_POINT('',(1.741673213025,0.927593125747,-2.001729411863
    ));
#499 = CARTESIAN_POINT('',(1.825050604778,0.744929787486,-2.013036805029
    ));
#500 = CARTESIAN_POINT('',(1.885306970359,0.554140130686,-2.024352816265
    ));
#501 = CARTESIAN_POINT('',(1.932811729277,0.299806193741,-2.039097626909
    ));
#502 = CARTESIAN_POINT('',(1.941674394059,0.240254905556,-2.04252664143)
  );
#503 = CARTESIAN_POINT('',(1.948334019687,0.180396560674,-2.045955804506
    ));
#504 = CARTESIAN_POINT('',(1.952777995585,0.120332933821,-2.049384989789
    ));
#505 = CARTESIAN_POINT('',(1.955,6.016641310424E-02,-2.052814037412));
#506 = CARTESIAN_POINT('',(1.955,1.449707E-11,-2.05624275399));
#507 = PCURVE('',#377,#508);
#508 = DEFINITIONAL_REPRESENTATION('',(#509),#602);
#509 = B_SPLINE_CURVE_WITH_KNOTS('',6,(#510,#511,#512,#513,#514,#515,
    #516,#517,#518,#519,#520,#521,#522,#523,#524,#525,#526,#527,#528,
    #529,#530,#531,#532,#533,#534,#535,#536,#537,#538,#539,#540,#541,
    #542,#543,#544,#545,#546,#547,#548,#549,#550,#551,#552,#553,#554,
    #555,#556,#557,#558,#559,#560,#561,#562,#563,#564,#565,#566,#567,
    #568,#569,#570,#571,#572,#573,#574,#575,#576,#577,#578,#579,#580,
    #581,#582,#583,#584,#585,#586,#587,#588,#589,#590,#591,#592,#593,
    #594,#595,#596,#597,#598,#599,#600,#601),.UNSPECIFIED.,.F.,.F.,(7,5,
    5,5,5,5,5,5,5,5,5,5,5,5,5,5,5,5,7),(0.,2.402102939778E-02,
    5.602066663016E-02,0.127021161446,0.228126976376,0.263671751479,
    0.320138063919,0.373141709344,0.401365065181,0.499743768643,
    0.597609621599,0.641540550401,0.702543401372,0.737714300052,
    0.756748852984,0.857747730694,0.873615428151,0.970610404226,1.),
  .UNSPECIFIED.);
#510 = CARTESIAN_POINT('',(5.251594174997E-02,0.));
#511 = CARTESIAN_POINT('',(5.25158617874E-02,2.530950355334E-02));
#512 = CARTESIAN_POINT('',(5.25160954591E-02,5.061905008493E-02));
#513 = CARTESIAN_POINT('',(5.251644770098E-02,7.5928739953E-02));
#514 = CARTESIAN_POINT('',(5.251675480542E-02,0.101238626614));
#515 = CARTESIAN_POINT('',(5.251688442121E-02,0.126548716624));
#516 = CARTESIAN_POINT('',(5.251653723952E-02,0.185576047335));
#517 = CARTESIAN_POINT('',(5.251584552033E-02,0.219293487771));
#518 = CARTESIAN_POINT('',(5.251445498922E-02,0.253011203255));
#519 = CARTESIAN_POINT('',(5.251228369827E-02,0.286729086309));
#520 = CARTESIAN_POINT('',(5.250937315844E-02,0.32044700966));
#521 = CARTESIAN_POINT('',(5.249815625641E-02,0.428977601296));
#522 = CARTESIAN_POINT('',(5.248756772721E-02,0.503794790169));
#523 = CARTESIAN_POINT('',(5.247564194104E-02,0.578604908635));
#524 = CARTESIAN_POINT('',(5.246609144644E-02,0.65341282129));
#525 = CARTESIAN_POINT('',(5.246107825347E-02,0.72822470002));
#526 = CARTESIAN_POINT('',(5.246091714382E-02,0.909556209284));
#527 = CARTESIAN_POINT('',(5.24708082623E-02,1.016106916266));
#528 = CARTESIAN_POINT('',(5.249230005124E-02,1.122625684152));
#529 = CARTESIAN_POINT('',(5.25184226916E-02,1.229147615862));
#530 = CARTESIAN_POINT('',(5.254041196598E-02,1.335704118297));
#531 = CARTESIAN_POINT('',(5.256024691966E-02,1.479686351094));
#532 = CARTESIAN_POINT('',(5.256449753293E-02,1.51713839787));
#533 = CARTESIAN_POINT('',(5.256768647135E-02,1.554590570263));
#534 = CARTESIAN_POINT('',(5.25697316059E-02,1.592042782695));
#535 = CARTESIAN_POINT('',(5.257062161121E-02,1.629494944811));
#536 = CARTESIAN_POINT('',(5.257008927759E-02,1.726443111577));
#537 = CARTESIAN_POINT('',(5.256699813245E-02,1.785940528078));
#538 = CARTESIAN_POINT('',(5.256135996499E-02,1.845435767792));
#539 = CARTESIAN_POINT('',(5.255383870679E-02,1.904930391492));
#540 = CARTESIAN_POINT('',(5.254529245668E-02,1.964426078776));
#541 = CARTESIAN_POINT('',(5.252828772597E-02,2.079765094672));
#542 = CARTESIAN_POINT('',(5.25198518503E-02,2.135611033979));
#543 = CARTESIAN_POINT('',(5.251188475482E-02,2.191455287694));
#544 = CARTESIAN_POINT('',(5.250496757409E-02,2.24729928699));
#545 = CARTESIAN_POINT('',(5.249948986419E-02,2.303144508926));
#546 = CARTESIAN_POINT('',(5.249344922225E-02,2.38872476906));
#547 = CARTESIAN_POINT('',(5.249178708511E-02,2.418460780883));
#548 = CARTESIAN_POINT('',(5.249057732347E-02,2.448196880114));
#549 = CARTESIAN_POINT('',(5.248981704399E-02,2.477933088033));
#550 = CARTESIAN_POINT('',(5.248948484527E-02,2.507669420553));
#551 = CARTESIAN_POINT('',(5.248973592259E-02,2.641058875199));
#552 = CARTESIAN_POINT('',(5.24946393662E-02,2.744737537572));
#553 = CARTESIAN_POINT('',(5.250274430406E-02,2.848390982526));
#554 = CARTESIAN_POINT('',(5.250981180563E-02,2.952047280918));
#555 = CARTESIAN_POINT('',(5.251311044061E-02,3.055732831178));
#556 = CARTESIAN_POINT('',(5.251247587623E-02,3.262515624253));
#557 = CARTESIAN_POINT('',(5.250857994433E-02,3.365659963981));
#558 = CARTESIAN_POINT('',(5.250107242591E-02,3.468775627636));
#559 = CARTESIAN_POINT('',(5.249274373001E-02,3.571888426935));
#560 = CARTESIAN_POINT('',(5.248777348581E-02,3.675025902511));
#561 = CARTESIAN_POINT('',(5.248755662083E-02,3.824424722845));
#562 = CARTESIAN_POINT('',(5.248846271289E-02,3.870710998556));
#563 = CARTESIAN_POINT('',(5.249048847081E-02,3.916996531241));
#564 = CARTESIAN_POINT('',(5.249367595434E-02,3.963281929861));
#565 = CARTESIAN_POINT('',(5.249795252114E-02,4.009567816198));
#566 = CARTESIAN_POINT('',(5.251029667983E-02,4.12012587961));
#567 = CARTESIAN_POINT('',(5.251918898282E-02,4.184400721161));
#568 = CARTESIAN_POINT('',(5.252930607402E-02,4.248673515665));
#569 = CARTESIAN_POINT('',(5.2539668847E-02,4.312946991279));
#570 = CARTESIAN_POINT('',(5.254914211392E-02,4.377223730104));
#571 = CARTESIAN_POINT('',(5.256116205873E-02,4.478556457382));
#572 = CARTESIAN_POINT('',(5.25649488185E-02,4.515614250526));
#573 = CARTESIAN_POINT('',(5.256793291402E-02,4.552672242101));
#574 = CARTESIAN_POINT('',(5.256996782441E-02,4.589730368553));
#575 = CARTESIAN_POINT('',(5.25709542183E-02,4.626788552192));
#576 = CARTESIAN_POINT('',(5.257077811365E-02,4.683902637349));
#577 = CARTESIAN_POINT('',(5.257039508161E-02,4.703958605071));
#578 = CARTESIAN_POINT('',(5.256968417946E-02,4.724014571422));
#579 = CARTESIAN_POINT('',(5.256864460283E-02,4.744070515698));
#580 = CARTESIAN_POINT('',(5.256728142118E-02,4.76412642942));
#581 = CARTESIAN_POINT('',(5.255671341749E-02,4.890600474802));
#582 = CARTESIAN_POINT('',(5.253905109164E-02,4.997044848092));
#583 = CARTESIAN_POINT('',(5.25140403427E-02,5.103455070995));
#584 = CARTESIAN_POINT('',(5.24887842356E-02,5.209861678622));
#585 = CARTESIAN_POINT('',(5.247236539536E-02,5.316298936181));
#586 = CARTESIAN_POINT('',(5.24649033496E-02,5.439428197391));
#587 = CARTESIAN_POINT('',(5.246413724285E-02,5.456146245124));
#588 = CARTESIAN_POINT('',(5.2463623927E-02,5.472864329278));
#589 = CARTESIAN_POINT('',(5.246336492591E-02,5.489582458236));
#590 = CARTESIAN_POINT('',(5.246335755774E-02,5.506300639014));
#591 = CARTESIAN_POINT('',(5.246504595822E-02,5.625212980925));
#592 = CARTESIAN_POINT('',(5.247557246532E-02,5.727431534214));
#593 = CARTESIAN_POINT('',(5.249403115513E-02,5.829627755135));
#594 = CARTESIAN_POINT('',(5.251152874882E-02,5.931829613755));
#595 = CARTESIAN_POINT('',(5.251737536838E-02,6.034056698881));
#596 = CARTESIAN_POINT('',(5.251763040877E-02,6.167225776833));
#597 = CARTESIAN_POINT('',(5.251715486221E-02,6.198192813495));
#598 = CARTESIAN_POINT('',(5.251630700283E-02,6.229159510676));
#599 = CARTESIAN_POINT('',(5.251533854342E-02,6.260125863841));
#600 = CARTESIAN_POINT('',(5.251459036846E-02,6.291091968396));
#601 = CARTESIAN_POINT('',(5.251449253414E-02,6.322058019692));
#602 = ( GEOMETRIC_REPRESENTATION_CONTEXT(2) 
PARAMETRIC_REPRESENTATION_CONTEXT() REPRESENTATION_CONTEXT('2D SPACE',''
  ) );
#603 = PCURVE('',#238,#604);
#604 = DEFINITIONAL_REPRESENTATION('',(#605),#741);
#605 = B_SPLINE_CURVE_WITH_KNOTS('',3,(#606,#607,#608,#609,#610,#611,
    #612,#613,#614,#615,#616,#617,#618,#619,#620,#621,#622,#623,#624,
    #625,#626,#627,#628,#629,#630,#631,#632,#633,#634,#635,#636,#637,
    #638,#639,#640,#641,#642,#643,#644,#645,#646,#647,#648,#649,#650,
    #651,#652,#653,#654,#655,#656,#657,#658,#659,#660,#661,#662,#663,
    #664,#665,#666,#667,#668,#669,#670,#671,#672,#673,#674,#675,#676,
    #677,#678,#679,#680,#681,#682,#683,#684,#685,#686,#687,#688,#689,
    #690,#691,#692,#693,#694,#695,#696,#697,#698,#699,#700,#701,#702,
    #703,#704,#705,#706,#707,#708,#709,#710,#711,#712,#713,#714,#715,
    #716,#717,#718,#719,#720,#721,#722,#723,#724,#725,#726,#727,#728,
    #729,#730,#731,#732,#733,#734,#735,#736,#737,#738,#739,#740),
  .UNSPECIFIED.,.F.,.F.,(4,1,1,1,1,1,1,1,1,1,1,1,1,1,1,1,1,1,1,1,1,1,1,1
    ,1,1,1,1,1,1,1,1,1,1,1,1,1,1,1,1,1,1,1,1,1,1,1,1,1,1,1,1,1,1,1,1,1,1
    ,1,1,1,1,1,1,1,1,1,1,1,1,1,1,1,1,1,1,1,1,1,1,1,1,1,1,1,1,1,1,1,1,1,1
    ,1,1,1,1,1,1,1,1,1,1,1,1,1,1,1,1,1,1,1,1,1,1,1,1,1,1,1,1,1,1,1,1,1,1
    ,1,1,1,1,1,1,4),(0.,7.575757575758E-03,1.515151515152E-02,
    2.272727272727E-02,3.030303030303E-02,3.787878787879E-02,
    4.545454545455E-02,5.30303030303E-02,6.060606060606E-02,
    6.818181818182E-02,7.575757575758E-02,8.333333333333E-02,
    9.090909090909E-02,9.848484848485E-02,0.106060606061,0.113636363636,
    0.121212121212,0.128787878788,0.136363636364,0.143939393939,
    0.151515151515,0.159090909091,0.166666666667,0.174242424242,
    0.181818181818,0.189393939394,0.19696969697,0.204545454545,
    0.212121212121,0.219696969697,0.227272727273,0.234848484848,
    0.242424242424,0.25,0.257575757576,0.265151515152,0.272727272727,
    0.280303030303,0.287878787879,0.295454545455,0.30303030303,
    0.310606060606,0.318181818182,0.325757575758,0.333333333333,
    0.340909090909,0.348484848485,0.356060606061,0.363636363636,
    0.371212121212,0.378787878788,0.386363636364,0.393939393939,
    0.401515151515,0.409090909091,0.416666666667,0.424242424242,
    0.431818181818,0.439393939394,0.44696969697,0.454545454545,
    0.462121212121,0.469696969697,0.477272727273,0.484848484848,
    0.492424242424,0.5,0.507575757576,0.515151515152,0.522727272727,
    0.530303030303,0.537878787879,0.545454545455,0.55303030303,
    0.560606060606,0.568181818182,0.575757575758,0.583333333333,
    0.590909090909,0.598484848485,0.606060606061,0.613636363636,
    0.621212121212,0.628787878788,0.636363636364,0.643939393939,
    0.651515151515,0.659090909091,0.666666666667,0.674242424242,
    0.681818181818,0.689393939394,0.69696969697,0.704545454545,
    0.712121212121,0.719696969697,0.727272727273,0.734848484848,
    0.742424242424,0.75,0.757575757576,0.765151515152,0.772727272727,
    0.780303030303,0.787878787879,0.795454545455,0.80303030303,
    0.810606060606,0.818181818182,0.825757575758,0.833333333333,
    0.840909090909,0.848484848485,0.856060606061,0.863636363636,
    0.871212121212,0.878787878788,0.886363636364,0.893939393939,
    0.901515151515,0.909090909091,0.916666666667,0.924242424242,
    0.931818181818,0.939393939394,0.94696969697,0.954545454545,
    0.962121212121,0.969696969697,0.977272727273,0.984848484848,
    0.992424242424,1.),.UNSPECIFIED.);
#606 = CARTESIAN_POINT('',(-31.41592653589,0.656242029436));
#607 = CARTESIAN_POINT('',(-31.40006045712,0.658009663299));
#608 = CARTESIAN_POINT('',(-31.36832831287,0.661544803255));
#609 = CARTESIAN_POINT('',(-31.32073017092,0.666847420567));
#610 = CARTESIAN_POINT('',(-31.27313215274,0.672150262979));
#611 = CARTESIAN_POINT('',(-31.22553425572,0.677453553589));
#612 = CARTESIAN_POINT('',(-31.17793647988,0.682757433698));
#613 = CARTESIAN_POINT('',(-31.13033883813,0.688061951698));
#614 = CARTESIAN_POINT('',(-31.08274120284,0.693367085901));
#615 = CARTESIAN_POINT('',(-31.03514356256,0.698672752866));
#616 = CARTESIAN_POINT('',(-30.98754477425,0.703978936103));
#617 = CARTESIAN_POINT('',(-30.93994600264,0.709285329619));
#618 = CARTESIAN_POINT('',(-30.89234737775,0.714591721463));
#619 = CARTESIAN_POINT('',(-30.84474886261,0.719897915253));
#620 = CARTESIAN_POINT('',(-30.79715023525,0.725203744879));
#621 = CARTESIAN_POINT('',(-30.74955124693,0.730509066987));
#622 = CARTESIAN_POINT('',(-30.70195191439,0.735813736427));
#623 = CARTESIAN_POINT('',(-30.6543520942,0.741117659337));
#624 = CARTESIAN_POINT('',(-30.60675383123,0.746420539988));
#625 = CARTESIAN_POINT('',(-30.55915239803,0.751722872947));
#626 = CARTESIAN_POINT('',(-30.51154915644,0.757024523969));
#627 = CARTESIAN_POINT('',(-30.46394581141,0.762325352616));
#628 = CARTESIAN_POINT('',(-30.41634301198,0.76762536817));
#629 = CARTESIAN_POINT('',(-30.36874097486,0.772924657806));
#630 = CARTESIAN_POINT('',(-30.321139536,0.778223375882));
#631 = CARTESIAN_POINT('',(-30.27353833315,0.783521716916));
#632 = CARTESIAN_POINT('',(-30.2259369377,0.788819893156));
#633 = CARTESIAN_POINT('',(-30.17833499914,0.794118110521));
#634 = CARTESIAN_POINT('',(-30.13073237225,0.799416546883));
#635 = CARTESIAN_POINT('',(-30.08312932527,0.804715323078));
#636 = CARTESIAN_POINT('',(-30.03552650758,0.810014501068));
#637 = CARTESIAN_POINT('',(-29.98792590288,0.81531398122));
#638 = CARTESIAN_POINT('',(-29.94032822053,0.820613776412));
#639 = CARTESIAN_POINT('',(-29.89272986583,0.825914366279));
#640 = CARTESIAN_POINT('',(-29.84513184055,0.831215685958));
#641 = CARTESIAN_POINT('',(-29.79753368727,0.836517783147));
#642 = CARTESIAN_POINT('',(-29.74993570727,0.841820620253));
#643 = CARTESIAN_POINT('',(-29.70233730831,0.847124238641));
#644 = CARTESIAN_POINT('',(-29.65473883247,0.85242853421));
#645 = CARTESIAN_POINT('',(-29.60714048896,0.857733408599));
#646 = CARTESIAN_POINT('',(-29.55954218475,0.863038778305));
#647 = CARTESIAN_POINT('',(-29.51194376793,0.868344555198));
#648 = CARTESIAN_POINT('',(-29.46434513983,0.873650637454));
#649 = CARTESIAN_POINT('',(-29.41674649216,0.878956887432));
#650 = CARTESIAN_POINT('',(-29.36914816465,0.884263151347));
#651 = CARTESIAN_POINT('',(-29.32154937081,0.889569405689));
#652 = CARTESIAN_POINT('',(-29.27395069064,0.894875482835));
#653 = CARTESIAN_POINT('',(-29.22635203601,0.900181302292));
#654 = CARTESIAN_POINT('',(-29.1787533121,0.905486798036));
#655 = CARTESIAN_POINT('',(-29.13115442937,0.910791919035));
#656 = CARTESIAN_POINT('',(-29.08355552211,0.916096608502));
#657 = CARTESIAN_POINT('',(-29.03595698499,0.921400795048));
#658 = CARTESIAN_POINT('',(-28.9883584254,0.926704523703));
#659 = CARTESIAN_POINT('',(-28.94075976818,0.93200781356));
#660 = CARTESIAN_POINT('',(-28.89316170387,0.937310609715));
#661 = CARTESIAN_POINT('',(-28.84556153083,0.942613263625));
#662 = CARTESIAN_POINT('',(-28.79795916435,0.947915842763));
#663 = CARTESIAN_POINT('',(-28.75035675761,0.95321817781));
#664 = CARTESIAN_POINT('',(-28.70275488276,0.958520276329));
#665 = CARTESIAN_POINT('',(-28.65515380632,0.96382218537));
#666 = CARTESIAN_POINT('',(-28.60755336892,0.969124002085));
#667 = CARTESIAN_POINT('',(-28.55995321707,0.9744258449));
#668 = CARTESIAN_POINT('',(-28.51235292177,0.979727836029));
#669 = CARTESIAN_POINT('',(-28.46475213674,0.985030079601));
#670 = CARTESIAN_POINT('',(-28.41715069149,0.990332647568));
#671 = CARTESIAN_POINT('',(-28.36954892791,0.995635540436));
#672 = CARTESIAN_POINT('',(-28.32194719242,1.000938742473));
#673 = CARTESIAN_POINT('',(-28.27434856518,1.006241925744));
#674 = CARTESIAN_POINT('',(-28.22674959465,1.011545469134));
#675 = CARTESIAN_POINT('',(-28.17914796146,1.016849614134));
#676 = CARTESIAN_POINT('',(-28.13154634123,1.022154030192));
#677 = CARTESIAN_POINT('',(-28.08394510551,1.027458622579));
#678 = CARTESIAN_POINT('',(-28.0363445287,1.03276329688));
#679 = CARTESIAN_POINT('',(-27.98874441768,1.038068003271));
#680 = CARTESIAN_POINT('',(-27.94114441003,1.043372705952));
#681 = CARTESIAN_POINT('',(-27.89354407589,1.048677373137));
#682 = CARTESIAN_POINT('',(-27.84594307685,1.053981960612));
#683 = CARTESIAN_POINT('',(-27.79834127476,1.059286401378));
#684 = CARTESIAN_POINT('',(-27.75073900833,1.064590578367));
#685 = CARTESIAN_POINT('',(-27.70313681412,1.069894359719));
#686 = CARTESIAN_POINT('',(-27.65553730662,1.075197401678));
#687 = CARTESIAN_POINT('',(-27.60793892871,1.080499839985));
#688 = CARTESIAN_POINT('',(-27.56034010261,1.085801818182));
#689 = CARTESIAN_POINT('',(-27.51274138666,1.091103266512));
#690 = CARTESIAN_POINT('',(-27.46514259118,1.096404215236));
#691 = CARTESIAN_POINT('',(-27.41754364639,1.101704700441));
#692 = CARTESIAN_POINT('',(-27.36994495089,1.107004725004));
#693 = CARTESIAN_POINT('',(-27.32234564452,1.112304450763));
#694 = CARTESIAN_POINT('',(-27.27474633,1.11760389067));
#695 = CARTESIAN_POINT('',(-27.22714723021,1.122903116433));
#696 = CARTESIAN_POINT('',(-27.17954829897,1.128202240744));
#697 = CARTESIAN_POINT('',(-27.13194937316,1.133501396835));
#698 = CARTESIAN_POINT('',(-27.08435035971,1.138800714343));
#699 = CARTESIAN_POINT('',(-27.03675125752,1.144100312598));
#700 = CARTESIAN_POINT('',(-26.98915279793,1.149400227933));
#701 = CARTESIAN_POINT('',(-26.94155447301,1.154700613686));
#702 = CARTESIAN_POINT('',(-26.89395626246,1.160001591809));
#703 = CARTESIAN_POINT('',(-26.84635814445,1.165303229853));
#704 = CARTESIAN_POINT('',(-26.79875997585,1.170605586799));
#705 = CARTESIAN_POINT('',(-26.75116200658,1.175908693319));
#706 = CARTESIAN_POINT('',(-26.7035638192,1.181212602136));
#707 = CARTESIAN_POINT('',(-26.6559663962,1.186517188781));
#708 = CARTESIAN_POINT('',(-26.60836605895,1.19182281509));
#709 = CARTESIAN_POINT('',(-26.56076359863,1.197129336427));
#710 = CARTESIAN_POINT('',(-26.51316095443,1.202436445597));
#711 = CARTESIAN_POINT('',(-26.46555876437,1.207743951953));
#712 = CARTESIAN_POINT('',(-26.41795727608,1.213051690595));
#713 = CARTESIAN_POINT('',(-26.37035632624,1.218359531053));
#714 = CARTESIAN_POINT('',(-26.32275554594,1.223667359672));
#715 = CARTESIAN_POINT('',(-26.27515448923,1.228975069472));
#716 = CARTESIAN_POINT('',(-26.22755277714,1.234282548173));
#717 = CARTESIAN_POINT('',(-26.17995023267,1.239589667837));
#718 = CARTESIAN_POINT('',(-26.13234705454,1.244896271611));
#719 = CARTESIAN_POINT('',(-26.08474390531,1.250202172244));
#720 = CARTESIAN_POINT('',(-26.03714240264,1.255507108139));
#721 = CARTESIAN_POINT('',(-25.98954421902,1.260810859247));
#722 = CARTESIAN_POINT('',(-25.94194545283,1.26611384128));
#723 = CARTESIAN_POINT('',(-25.8943464674,1.271416041918));
#724 = CARTESIAN_POINT('',(-25.84674434592,1.276717852771));
#725 = CARTESIAN_POINT('',(-25.79914195739,1.282019058479));
#726 = CARTESIAN_POINT('',(-25.75153992867,1.28731972436));
#727 = CARTESIAN_POINT('',(-25.70393869398,1.292619964517));
#728 = CARTESIAN_POINT('',(-25.65633817324,1.297919969263));
#729 = CARTESIAN_POINT('',(-25.60873806156,1.30321996222));
#730 = CARTESIAN_POINT('',(-25.56113793758,1.308520175568));
#731 = CARTESIAN_POINT('',(-25.51353741637,1.313820819205));
#732 = CARTESIAN_POINT('',(-25.46593627759,1.319122052291));
#733 = CARTESIAN_POINT('',(-25.41833466289,1.324423947541));
#734 = CARTESIAN_POINT('',(-25.37073307764,1.329726478293));
#735 = CARTESIAN_POINT('',(-25.323133202,1.335029417926));
#736 = CARTESIAN_POINT('',(-25.27553579219,1.340332563275));
#737 = CARTESIAN_POINT('',(-25.22793762572,1.345636080672));
#738 = CARTESIAN_POINT('',(-25.18033951277,1.35093961393));
#739 = CARTESIAN_POINT('',(-25.14860733204,1.354475108662));
#740 = CARTESIAN_POINT('',(-25.13274122871,1.35624275399));
#741 = ( GEOMETRIC_REPRESENTATION_CONTEXT(2) 
PARAMETRIC_REPRESENTATION_CONTEXT() REPRESENTATION_CONTEXT('2D SPACE',''
  ) );
#742 = ORIENTED_EDGE('',*,*,#364,.T.);
#743 = ORIENTED_EDGE('',*,*,#744,.T.);
#744 = EDGE_CURVE('',#295,#745,#747,.T.);
#745 = VERTEX_POINT('',#746);
#746 = CARTESIAN_POINT('',(1.334636779424,-0.83832345888,-1.2));
#747 = SURFACE_CURVE('',#748,(#756,#767),.PCURVE_S1.);
#748 = B_SPLINE_CURVE_WITH_KNOTS('',6,(#749,#750,#751,#752,#753,#754,
    #755),.UNSPECIFIED.,.F.,.F.,(7,7),(0.,1.),.PIECEWISE_BEZIER_KNOTS.);
#749 = CARTESIAN_POINT('',(1.684352689814,6.9531619224E-07,-1.2));
#750 = CARTESIAN_POINT('',(1.666730329868,-0.153813330486,-1.2));
#751 = CARTESIAN_POINT('',(1.632093395835,-0.305189992037,-1.2));
#752 = CARTESIAN_POINT('',(1.580642821208,-0.451654240445,-1.2));
#753 = CARTESIAN_POINT('',(1.513080993346,-0.590826454288,-1.2));
#754 = CARTESIAN_POINT('',(1.430525216055,-0.72041296448,-1.2));
#755 = CARTESIAN_POINT('',(1.334636779424,-0.83832345888,-1.2));
#756 = PCURVE('',#377,#757);
#757 = DEFINITIONAL_REPRESENTATION('',(#758),#766);
#758 = B_SPLINE_CURVE_WITH_KNOTS('',6,(#759,#760,#761,#762,#763,#764,
    #765),.UNSPECIFIED.,.F.,.F.,(7,7),(0.,1.),.PIECEWISE_BEZIER_KNOTS.);
#759 = CARTESIAN_POINT('',(0.365024402873,0.));
#760 = CARTESIAN_POINT('',(0.385372352904,9.188120361196E-02));
#761 = CARTESIAN_POINT('',(0.405908511566,0.18461797675));
#762 = CARTESIAN_POINT('',(0.426630912653,0.278197324047));
#763 = CARTESIAN_POINT('',(0.447548111979,0.372654585415));
#764 = CARTESIAN_POINT('',(0.46867169873,0.468040799025));
#765 = CARTESIAN_POINT('',(0.49,0.56434826613));
#766 = ( GEOMETRIC_REPRESENTATION_CONTEXT(2) 
PARAMETRIC_REPRESENTATION_CONTEXT() REPRESENTATION_CONTEXT('2D SPACE',''
  ) );
#767 = PCURVE('',#338,#768);
#768 = DEFINITIONAL_REPRESENTATION('',(#769),#777);
#769 = B_SPLINE_CURVE_WITH_KNOTS('',6,(#770,#771,#772,#773,#774,#775,
    #776),.UNSPECIFIED.,.F.,.F.,(7,7),(0.,1.),.PIECEWISE_BEZIER_KNOTS.);
#770 = CARTESIAN_POINT('',(1.684352689814,6.9531619196E-07));
#771 = CARTESIAN_POINT('',(1.666730329868,-0.153813330486));
#772 = CARTESIAN_POINT('',(1.632093395835,-0.305189992037));
#773 = CARTESIAN_POINT('',(1.580642821208,-0.451654240445));
#774 = CARTESIAN_POINT('',(1.513080993346,-0.590826454288));
#775 = CARTESIAN_POINT('',(1.430525216055,-0.72041296448));
#776 = CARTESIAN_POINT('',(1.334636779424,-0.83832345888));
#777 = ( GEOMETRIC_REPRESENTATION_CONTEXT(2) 
PARAMETRIC_REPRESENTATION_CONTEXT() REPRESENTATION_CONTEXT('2D SPACE',''
  ) );
#778 = ORIENTED_EDGE('',*,*,#779,.T.);
#779 = EDGE_CURVE('',#745,#780,#782,.T.);
#780 = VERTEX_POINT('',#781);
#781 = CARTESIAN_POINT('',(1.576117472221,8.848857E-07,-1.837515528009)
  );
#782 = SURFACE_CURVE('',#783,(#795,#802),.PCURVE_S1.);
#783 = B_SPLINE_CURVE_WITH_KNOTS('',10,(#784,#785,#786,#787,#788,#789,
    #790,#791,#792,#793,#794),.UNSPECIFIED.,.F.,.F.,(11,11),(0.,
    6.322058019692),.PIECEWISE_BEZIER_KNOTS.);
#784 = CARTESIAN_POINT('',(1.576117830893,9.7337380936E-07,
    -1.137517080802));
#785 = CARTESIAN_POINT('',(1.576117948002,-0.990354278581,
    -1.207514940651));
#786 = CARTESIAN_POINT('',(0.884859902791,-1.980175017845,
    -1.277476130669));
#787 = CARTESIAN_POINT('',(-0.498952289063,-2.426295523188,
    -1.347629685037));
#788 = CARTESIAN_POINT('',(-2.079968328123,-1.801107958614,
    -1.417400093901));
#789 = CARTESIAN_POINT('',(-2.916362579775,-9.23886978469E-06,
    -1.487516304223));
#790 = CARTESIAN_POINT('',(-2.079915486251,1.801116601418,
    -1.557632515201));
#791 = CARTESIAN_POINT('',(-0.499008091751,2.426290682503,
    -1.627402923634));
#792 = CARTESIAN_POINT('',(0.884875967506,1.98017675142,-1.697556478177)
  );
#793 = CARTESIAN_POINT('',(1.57611741069,0.990356136841,-1.76751766816)
  );
#794 = CARTESIAN_POINT('',(1.576117472221,8.8488568053E-07,
    -1.837515528009));
#795 = PCURVE('',#377,#796);
#796 = DEFINITIONAL_REPRESENTATION('',(#797),#801);
#797 = LINE('',#798,#799);
#798 = CARTESIAN_POINT('',(0.49,0.));
#799 = VECTOR('',#800,1.);
#800 = DIRECTION('',(0.,1.));
#801 = ( GEOMETRIC_REPRESENTATION_CONTEXT(2) 
PARAMETRIC_REPRESENTATION_CONTEXT() REPRESENTATION_CONTEXT('2D SPACE',''
  ) );
#802 = PCURVE('',#803,#888);
#803 = ( BOUNDED_SURFACE() B_SPLINE_SURFACE(6,11,(
    (#804,#805,#806,#807,#808,#809,#810,#811,#812,#813,#814,#815)
    ,(#816,#817,#818,#819,#820,#821,#822,#823,#824,#825,#826,#827)
    ,(#828,#829,#830,#831,#832,#833,#834,#835,#836,#837,#838,#839)
    ,(#840,#841,#842,#843,#844,#845,#846,#847,#848,#849,#850,#851)
    ,(#852,#853,#854,#855,#856,#857,#858,#859,#860,#861,#862,#863)
    ,(#864,#865,#866,#867,#868,#869,#870,#871,#872,#873,#874,#875)
    ,(#876,#877,#878,#879,#880,#881,#882,#883,#884,#885,#886,#887
)),.UNSPECIFIED.,.F.,.F.,.F.) B_SPLINE_SURFACE_WITH_KNOTS((7,7),(12,12),
  (0.,2.094395102393),(0.,6.322058019692),.PIECEWISE_BEZIER_KNOTS.) 
GEOMETRIC_REPRESENTATION_ITEM() RATIONAL_B_SPLINE_SURFACE((
    (1.056590953773,1.056590953773,1.056590953773,1.056590953773
      ,1.056590953773,1.056590953773,1.056590953773,1.056590953773
      ,1.056590953773,1.056590953773,1.056590953773,1.056590953773)
    ,(1.017435169568,1.017435169568,1.017435169568,1.017435169568
      ,1.017435169568,1.017435169569,1.017435169568,1.017435169568
      ,1.017435169568,1.017435169568,1.017435169568,1.017435169568)
    ,(0.996326512422,0.996326512422,0.996326512422,0.996326512422
      ,0.996326512422,0.996326512423,0.996326512421,0.996326512423
      ,0.996326512422,0.996326512422,0.996326512422,0.996326512422)
    ,(0.989390034249,0.989390034249,0.989390034249,0.989390034249
      ,0.989390034248,0.989390034249,0.989390034248,0.989390034249
      ,0.989390034248,0.989390034249,0.989390034249,0.989390034249)
    ,(0.996326512422,0.996326512422,0.996326512422,0.996326512422
      ,0.996326512422,0.996326512423,0.996326512421,0.996326512423
      ,0.996326512422,0.996326512422,0.996326512422,0.996326512422)
    ,(1.017435169568,1.017435169568,1.017435169568,1.017435169568
      ,1.017435169568,1.017435169568,1.017435169568,1.017435169568
      ,1.017435169568,1.017435169568,1.017435169568,1.017435169568)
    ,(1.056590953773,1.056590953773,1.056590953773,1.056590953773
      ,1.056590953773,1.056590953773,1.056590953773,1.056590953773
      ,1.056590953773,1.056590953773,1.056590953773,1.056590953773
))) REPRESENTATION_ITEM('') SURFACE() );
#804 = CARTESIAN_POINT('',(1.576117830893,9.7337380728E-07,
    -1.137517080802));
#805 = CARTESIAN_POINT('',(1.576117937356,-0.900321982949,
    -1.201151498846));
#806 = CARTESIAN_POINT('',(1.010543183739,-1.800207610706,
    -1.264755914302));
#807 = CARTESIAN_POINT('',(-0.121528349678,-2.307159854509,
    -1.328594224184));
#808 = CARTESIAN_POINT('',(-1.505134389715,-2.018495619556,
    -1.391646681231));
#809 = CARTESIAN_POINT('',(-2.536038758607,-0.83646417446,-1.45632807614
    ));
#810 = CARTESIAN_POINT('',(-2.536303971317,0.83645802424,-1.518704532604
    ));
#811 = CARTESIAN_POINT('',(-1.504959085182,2.018499359271,
    -1.583385927714));
#812 = CARTESIAN_POINT('',(-0.121605780833,2.307156806805,
    -1.646438384534));
#813 = CARTESIAN_POINT('',(1.010556229902,1.800209366951,-1.710276694538
    ));
#814 = CARTESIAN_POINT('',(1.576117416284,0.900323841208,-1.773881109965
    ));
#815 = CARTESIAN_POINT('',(1.576117472221,8.8488568389E-07,
    -1.837515528009));
#816 = CARTESIAN_POINT('',(1.544399097314,1.05485990076E-06,
    -1.119206167968));
#817 = CARTESIAN_POINT('',(1.544399344339,-0.882208130769,
    -1.182840423134));
#818 = CARTESIAN_POINT('',(0.990204931928,-1.763945577516,
    -1.246442163996));
#819 = CARTESIAN_POINT('',(-0.119078727503,-2.260839435865,
    -1.310297380125));
#820 = CARTESIAN_POINT('',(-1.47484370538,-1.977646346435,
    -1.373300954535));
#821 = CARTESIAN_POINT('',(-2.485018492321,-0.819954889603,
    -1.438069835812));
#822 = CARTESIAN_POINT('',(-2.485228498087,0.81994915009,-1.500340817284
    ));
#823 = CARTESIAN_POINT('',(-1.474705780777,1.977648784154,
    -1.565109698719));
#824 = CARTESIAN_POINT('',(-0.11914075275,2.260836983656,-1.628113272951
    ));
#825 = CARTESIAN_POINT('',(0.99021462611,1.763947315383,-1.691968489175)
  );
#826 = CARTESIAN_POINT('',(1.544398621416,0.882210144592,-1.755570230014
    ));
#827 = CARTESIAN_POINT('',(1.544398813686,9.5896385849E-07,
    -1.819204485181));
#828 = CARTESIAN_POINT('',(1.522045999625,1.11228443711E-06,
    -1.088212942271));
#829 = CARTESIAN_POINT('',(1.522046438597,-0.869442802833,
    -1.151847082651));
#830 = CARTESIAN_POINT('',(0.975873576454,-1.738390787529,
    -1.215446938653));
#831 = CARTESIAN_POINT('',(-0.117360133435,-2.228195867613,
    -1.279314069089));
#832 = CARTESIAN_POINT('',(-1.453478665732,-1.948859314202,
    -1.34228319454));
#833 = CARTESIAN_POINT('',(-2.44909042163,-0.808320017694,-1.40711372988
    ));
#834 = CARTESIAN_POINT('',(-2.449206903801,0.808315220678,
    -1.469310380236));
#835 = CARTESIAN_POINT('',(-1.453403812703,1.948859694824,
    -1.534140915659));
#836 = CARTESIAN_POINT('',(-0.117395858123,2.228194435251,
    -1.597110041016));
#837 = CARTESIAN_POINT('',(0.975877772746,1.738392395741,-1.660977171504
    ));
#838 = CARTESIAN_POINT('',(1.522045461783,0.869444926285,-1.724577027491
    ));
#839 = CARTESIAN_POINT('',(1.522045843018,1.01116783385E-06,
    -1.788211167873));
#840 = CARTESIAN_POINT('',(1.513965443857,1.13304162563E-06,
    -1.050019882658));
#841 = CARTESIAN_POINT('',(1.513966090807,-0.864828219222,
    -1.113653981545));
#842 = CARTESIAN_POINT('',(0.970695223232,-1.729152983038,
    -1.177253156177));
#843 = CARTESIAN_POINT('',(-0.116750393864,-2.216394980751,
    -1.241124593577));
#844 = CARTESIAN_POINT('',(-1.445727941709,-1.938453838062,
    -1.304081265917));
#845 = CARTESIAN_POINT('',(-2.436143401515,-0.804113599444,
    -1.368934088834));
#846 = CARTESIAN_POINT('',(-2.436144584663,0.804110117514,
    -1.431103868971));
#847 = CARTESIAN_POINT('',(-1.445730688969,1.938451774835,-1.49595669188
    ));
#848 = CARTESIAN_POINT('',(-0.116753568898,2.216394812543,
    -1.558913364228));
#849 = CARTESIAN_POINT('',(0.970692753605,1.729154370256,-1.622784801627
    ));
#850 = CARTESIAN_POINT('',(1.513964855642,0.864830382301,-1.686383976255
    ));
#851 = CARTESIAN_POINT('',(1.513965443779,1.03003783025E-06,
    -1.750018075144));
#852 = CARTESIAN_POINT('',(1.522042555964,1.11228889715E-06,
    -1.011826094628));
#853 = CARTESIAN_POINT('',(1.522043387191,-0.869440925629,
    -1.075460234991));
#854 = CARTESIAN_POINT('',(0.975878089229,-1.738387275958,
    -1.139060090704));
#855 = CARTESIAN_POINT('',(-0.117392486587,-2.228189800043,
    -1.202927222946));
#856 = CARTESIAN_POINT('',(-1.453397978564,-1.948857486822,
    -1.265896343229));
#857 = CARTESIAN_POINT('',(-2.449200452038,-0.808316927926,
    -1.330726887726));
#858 = CARTESIAN_POINT('',(-2.449086292817,0.808314888646,
    -1.392923527151));
#859 = CARTESIAN_POINT('',(-1.453478225463,1.948853055333,-1.45775407155
    ));
#860 = CARTESIAN_POINT('',(-0.117362995648,2.228190902153,
    -1.520723191944));
#861 = CARTESIAN_POINT('',(0.975869044159,1.738388391361,-1.584590324131
    ));
#862 = CARTESIAN_POINT('',(1.522041938927,0.869443049089,-1.648190179851
    ));
#863 = CARTESIAN_POINT('',(1.522042712417,1.01117152906E-06,
    -1.711824320217));
#864 = CARTESIAN_POINT('',(1.544392859097,1.05486797991E-06,
    -0.980830853619));
#865 = CARTESIAN_POINT('',(1.544393816696,-0.882204730199,
    -1.044465108752));
#866 = CARTESIAN_POINT('',(0.990213106853,-1.763939216281,
    -1.108066849093));
#867 = CARTESIAN_POINT('',(-0.119137335466,-2.260828444421,
    -1.171922068492));
#868 = CARTESIAN_POINT('',(-1.474697540004,-1.977643036123,
    -1.23492563354));
#869 = CARTESIAN_POINT('',(-2.485217813184,-0.819949292468,
    -1.299694531406));
#870 = CARTESIAN_POINT('',(-2.485010010435,0.819948548612,
    -1.361965493077));
#871 = CARTESIAN_POINT('',(-1.474840580019,1.977636756669,
    -1.426734390771));
#872 = CARTESIAN_POINT('',(-0.119081222143,2.260830583425,
    -1.489737956012));
#873 = CARTESIAN_POINT('',(0.990198814214,1.76394006142,-1.553593175313)
  );
#874 = CARTESIAN_POINT('',(1.544392239737,0.882206744037,-1.617194915669
    ));
#875 = CARTESIAN_POINT('',(1.54439314258,9.5897054958E-07,
    -1.680829170807));
#876 = CARTESIAN_POINT('',(1.576109941568,9.7338402932E-07,
    -0.96251708098));
#877 = CARTESIAN_POINT('',(1.576110946675,-0.900317682329,
    -1.026151498983));
#878 = CARTESIAN_POINT('',(1.010553522374,-1.800199565802,
    -1.089755913779));
#879 = CARTESIAN_POINT('',(-0.121602469788,-2.307145953889,
    -1.153594227797));
#880 = CARTESIAN_POINT('',(-1.504949537808,-2.018491433082,
    -1.216646673005));
#881 = CARTESIAN_POINT('',(-2.536290835005,-0.836457095894,
    -1.281328088892));
#882 = CARTESIAN_POINT('',(-2.536027655132,0.836457263565,
    -1.343704520315));
#883 = CARTESIAN_POINT('',(-1.505129562607,2.018484148394,
    -1.408385935988));
#884 = CARTESIAN_POINT('',(-0.121530493877,2.307148712583,
    -1.471438381437));
#885 = CARTESIAN_POINT('',(1.01053623297,1.800200193034,-1.535276695331)
  );
#886 = CARTESIAN_POINT('',(1.576109345525,0.900319540607,-1.598881110148
    ));
#887 = CARTESIAN_POINT('',(1.576110300106,8.8489414152E-07,
    -1.662515528156));
#888 = DEFINITIONAL_REPRESENTATION('',(#889),#893);
#889 = LINE('',#890,#891);
#890 = CARTESIAN_POINT('',(0.,0.));
#891 = VECTOR('',#892,1.);
#892 = DIRECTION('',(0.,1.));
#893 = ( GEOMETRIC_REPRESENTATION_CONTEXT(2) 
PARAMETRIC_REPRESENTATION_CONTEXT() REPRESENTATION_CONTEXT('2D SPACE',''
  ) );
#894 = ORIENTED_EDGE('',*,*,#895,.F.);
#895 = EDGE_CURVE('',#411,#780,#896,.T.);
#896 = SURFACE_CURVE('',#897,(#900,#907),.PCURVE_S1.);
#897 = B_SPLINE_CURVE_WITH_KNOTS('',1,(#898,#899),.UNSPECIFIED.,.F.,.F.,
  (2,2),(0.,0.49),.PIECEWISE_BEZIER_KNOTS.);
#898 = CARTESIAN_POINT('',(2.000479960677,-1.0620287314E-07,
    -2.082498136351));
#899 = CARTESIAN_POINT('',(1.576117472221,8.8488568053E-07,
    -1.837515528009));
#900 = PCURVE('',#377,#901);
#901 = DEFINITIONAL_REPRESENTATION('',(#902),#906);
#902 = LINE('',#903,#904);
#903 = CARTESIAN_POINT('',(0.,6.322058019692));
#904 = VECTOR('',#905,1.);
#905 = DIRECTION('',(1.,0.));
#906 = ( GEOMETRIC_REPRESENTATION_CONTEXT(2) 
PARAMETRIC_REPRESENTATION_CONTEXT() REPRESENTATION_CONTEXT('2D SPACE',''
  ) );
#907 = PCURVE('',#908,#931);
#908 = B_SPLINE_SURFACE_WITH_KNOTS('',1,10,(
    (#909,#910,#911,#912,#913,#914,#915,#916,#917,#918,#919)
    ,(#920,#921,#922,#923,#924,#925,#926,#927,#928,#929,#930
  )),.UNSPECIFIED.,.F.,.F.,.F.,(2,2),(11,11),(0.,0.49),(0.,
    6.322058019692),.PIECEWISE_BEZIER_KNOTS.);
#909 = CARTESIAN_POINT('',(2.000479960677,-1.0620285446E-07,
    -2.082498136351));
#910 = CARTESIAN_POINT('',(2.000478015817,-1.256932146921,
    -2.152498393249));
#911 = CARTESIAN_POINT('',(1.123128833986,-2.513892357177,
    -2.222503051877));
#912 = CARTESIAN_POINT('',(-0.633445718787,-3.078284087087,
    -2.292484619581));
#913 = CARTESIAN_POINT('',(-2.639590140725,-2.287259625775,
    -2.362512179502));
#914 = CARTESIAN_POINT('',(-3.70217854439,-2.837740218976E-05,
    -2.432498228831));
#915 = CARTESIAN_POINT('',(-2.639381060609,2.287302037226,-2.50248428073
    ));
#916 = CARTESIAN_POINT('',(-0.633646571421,3.078267998748,
    -2.572511838966));
#917 = CARTESIAN_POINT('',(1.123199001362,2.513894865696,-2.642493407336
    ));
#918 = CARTESIAN_POINT('',(2.000480536172,1.256931945138,-2.712498065851
    ));
#919 = CARTESIAN_POINT('',(2.000478597983,-9.558115006E-08,
    -2.782498322741));
#920 = CARTESIAN_POINT('',(1.576117472221,8.848856984E-07,
    -1.837515528009));
#921 = CARTESIAN_POINT('',(1.576117533751,-0.990354141759,
    -1.907513387856));
#922 = CARTESIAN_POINT('',(0.884859590256,-1.980174616444,
    -1.977474577836));
#923 = CARTESIAN_POINT('',(-0.49895231175,-2.426294944036,
    -2.047628132351));
#924 = CARTESIAN_POINT('',(-2.079967956086,-1.801107431128,
    -2.117398540997));
#925 = CARTESIAN_POINT('',(-2.916361915605,-9.07487714509E-06,
    -2.187514751429));
#926 = CARTESIAN_POINT('',(-2.079914912436,1.801116307087,
    -2.257630962519));
#927 = CARTESIAN_POINT('',(-0.499007841595,2.426290159545,
    -2.327401370732));
#928 = CARTESIAN_POINT('',(0.884875877227,1.980176250627,-2.397554925422
    ));
#929 = CARTESIAN_POINT('',(1.576117107601,0.990355823042,-2.467516115368
    ));
#930 = CARTESIAN_POINT('',(1.576117113554,7.9639751007E-07,
    -2.537513975215));
#931 = DEFINITIONAL_REPRESENTATION('',(#932),#936);
#932 = LINE('',#933,#934);
#933 = CARTESIAN_POINT('',(0.,0.));
#934 = VECTOR('',#935,1.);
#935 = DIRECTION('',(1.,0.));
#936 = ( GEOMETRIC_REPRESENTATION_CONTEXT(2) 
PARAMETRIC_REPRESENTATION_CONTEXT() REPRESENTATION_CONTEXT('2D SPACE',''
  ) );
#937 = ADVANCED_FACE('',(#938,#973),#338,.F.);
#938 = FACE_BOUND('',#939,.F.);
#939 = EDGE_LOOP('',(#940));
#940 = ORIENTED_EDGE('',*,*,#941,.F.);
#941 = EDGE_CURVE('',#942,#942,#944,.T.);
#942 = VERTEX_POINT('',#943);
#943 = CARTESIAN_POINT('',(7.5,0.,-1.2));
#944 = SURFACE_CURVE('',#945,(#950,#961),.PCURVE_S1.);
#945 = CIRCLE('',#946,7.5);
#946 = AXIS2_PLACEMENT_3D('',#947,#948,#949);
#947 = CARTESIAN_POINT('',(0.,0.,-1.2));
#948 = DIRECTION('',(0.,0.,-1.));
#949 = DIRECTION('',(1.,0.,0.));
#950 = PCURVE('',#338,#951);
#951 = DEFINITIONAL_REPRESENTATION('',(#952),#960);
#952 = ( BOUNDED_CURVE() B_SPLINE_CURVE(2,(#953,#954,#955,#956,#957,#958
,#959),.UNSPECIFIED.,.T.,.F.) B_SPLINE_CURVE_WITH_KNOTS((1,2,2,2,2,1),(
    -2.094395102393,0.,2.094395102393,4.188790204786,6.28318530718,
8.377580409573),.UNSPECIFIED.) CURVE() GEOMETRIC_REPRESENTATION_ITEM() 
RATIONAL_B_SPLINE_CURVE((1.,0.5,1.,0.5,1.,0.5,1.)) REPRESENTATION_ITEM(
  '') );
#953 = CARTESIAN_POINT('',(7.5,-2.8E-16));
#954 = CARTESIAN_POINT('',(7.5,-12.99038105676));
#955 = CARTESIAN_POINT('',(-3.75,-6.495190528383));
#956 = CARTESIAN_POINT('',(-15.,-2.116970198721E-15));
#957 = CARTESIAN_POINT('',(-3.75,6.495190528383));
#958 = CARTESIAN_POINT('',(7.5,12.990381056767));
#959 = CARTESIAN_POINT('',(7.5,-2.8E-16));
#960 = ( GEOMETRIC_REPRESENTATION_CONTEXT(2) 
PARAMETRIC_REPRESENTATION_CONTEXT() REPRESENTATION_CONTEXT('2D SPACE',''
  ) );
#961 = PCURVE('',#962,#967);
#962 = CYLINDRICAL_SURFACE('',#963,7.5);
#963 = AXIS2_PLACEMENT_3D('',#964,#965,#966);
#964 = CARTESIAN_POINT('',(0.,0.,-1.2));
#965 = DIRECTION('',(0.,0.,1.));
#966 = DIRECTION('',(1.,0.,0.));
#967 = DEFINITIONAL_REPRESENTATION('',(#968),#972);
#968 = LINE('',#969,#970);
#969 = CARTESIAN_POINT('',(-0.,0.));
#970 = VECTOR('',#971,1.);
#971 = DIRECTION('',(-1.,0.));
#972 = ( GEOMETRIC_REPRESENTATION_CONTEXT(2) 
PARAMETRIC_REPRESENTATION_CONTEXT() REPRESENTATION_CONTEXT('2D SPACE',''
  ) );
#973 = FACE_BOUND('',#974,.F.);
#974 = EDGE_LOOP('',(#975,#976,#977,#1087,#1190));
#975 = ORIENTED_EDGE('',*,*,#294,.F.);
#976 = ORIENTED_EDGE('',*,*,#744,.T.);
#977 = ORIENTED_EDGE('',*,*,#978,.F.);
#978 = EDGE_CURVE('',#979,#745,#981,.T.);
#979 = VERTEX_POINT('',#980);
#980 = CARTESIAN_POINT('',(-0.838350146673,-1.334651476482,-1.2));
#981 = SURFACE_CURVE('',#982,(#1015,#1051),.PCURVE_S1.);
#982 = B_SPLINE_CURVE_WITH_KNOTS('',6,(#983,#984,#985,#986,#987,#988,
    #989,#990,#991,#992,#993,#994,#995,#996,#997,#998,#999,#1000,#1001,
    #1002,#1003,#1004,#1005,#1006,#1007,#1008,#1009,#1010,#1011,#1012,
    #1013,#1014),.UNSPECIFIED.,.F.,.F.,(7,5,5,5,5,5,7),(0.,
    0.135327265991,0.29646224858,0.499892542938,0.704439730093,
    0.864587394439,1.),.UNSPECIFIED.);
#983 = CARTESIAN_POINT('',(-0.838350146673,-1.334651476482,-1.2));
#984 = CARTESIAN_POINT('',(-0.798244069357,-1.353485352009,-1.2));
#985 = CARTESIAN_POINT('',(-0.755124252277,-1.373077839686,-1.2));
#986 = CARTESIAN_POINT('',(-0.709592877873,-1.39251044988,-1.2));
#987 = CARTESIAN_POINT('',(-0.662053030075,-1.411211656665,-1.2));
#988 = CARTESIAN_POINT('',(-0.612817216364,-1.428786926265,-1.2));
#989 = CARTESIAN_POINT('',(-0.501653679505,-1.464211391704,-1.2));
#990 = CARTESIAN_POINT('',(-0.439142284454,-1.481458651439,-1.2));
#991 = CARTESIAN_POINT('',(-0.374938895034,-1.496209375132,-1.2));
#992 = CARTESIAN_POINT('',(-0.309385923952,-1.508157908425,-1.2));
#993 = CARTESIAN_POINT('',(-0.242806564715,-1.517086715697,-1.2));
#994 = CARTESIAN_POINT('',(-9.053218277977E-02,-1.530128090117,-1.2));
#995 = CARTESIAN_POINT('',(-4.410620385497E-03,-1.532360705736,-1.2));
#996 = CARTESIAN_POINT('',(8.223504936992E-02,-1.529255298835,-1.2));
#997 = CARTESIAN_POINT('',(0.168809892874,-1.520697791945,-1.2));
#998 = CARTESIAN_POINT('',(0.254731877705,-1.506688211678,-1.2));
#999 = CARTESIAN_POINT('',(0.424603165227,-1.467919813022,-1.2));
#1000 = CARTESIAN_POINT('',(0.508547848782,-1.443100393711,-1.2));
#1001 = CARTESIAN_POINT('',(0.590692891089,-1.413028602086,-1.2));
#1002 = CARTESIAN_POINT('',(0.670505336281,-1.377961564131,-1.2));
#1003 = CARTESIAN_POINT('',(0.747491034403,-1.338267110197,-1.2));
#1004 = CARTESIAN_POINT('',(0.878920125261,-1.260221054232,-1.2));
#1005 = CARTESIAN_POINT('',(0.934627387115,-1.223449564793,-1.2));
#1006 = CARTESIAN_POINT('',(0.988123065936,-1.184436707703,-1.2));
#1007 = CARTESIAN_POINT('',(1.039214356504,-1.143513668955,-1.2));
#1008 = CARTESIAN_POINT('',(1.08772889521,-1.101097742703,-1.2));
#1009 = CARTESIAN_POINT('',(1.17224295751,-1.021174916936,-1.2));
#1010 = CARTESIAN_POINT('',(1.208993381993,-0.983945314073,-1.2));
#1011 = CARTESIAN_POINT('',(1.24372490124,-0.946436847441,-1.2));
#1012 = CARTESIAN_POINT('',(1.276327062188,-0.909141408,-1.2));
#1013 = CARTESIAN_POINT('',(1.306684635538,-0.872750049283,-1.2));
#1014 = CARTESIAN_POINT('',(1.334653544616,-0.838353908862,-1.2));
#1015 = PCURVE('',#338,#1016);
#1016 = DEFINITIONAL_REPRESENTATION('',(#1017),#1050);
#1017 = B_SPLINE_CURVE_WITH_KNOTS('',6,(#1018,#1019,#1020,#1021,#1022,
    #1023,#1024,#1025,#1026,#1027,#1028,#1029,#1030,#1031,#1032,#1033,
    #1034,#1035,#1036,#1037,#1038,#1039,#1040,#1041,#1042,#1043,#1044,
    #1045,#1046,#1047,#1048,#1049),.UNSPECIFIED.,.F.,.F.,(7,5,5,5,5,5,7)
  ,(0.,0.135327265991,0.29646224858,0.499892542938,0.704439730093,
    0.864587394439,1.),.UNSPECIFIED.);
#1018 = CARTESIAN_POINT('',(-0.838350146673,-1.334651476482));
#1019 = CARTESIAN_POINT('',(-0.798244069357,-1.353485352009));
#1020 = CARTESIAN_POINT('',(-0.755124252277,-1.373077839686));
#1021 = CARTESIAN_POINT('',(-0.709592877873,-1.39251044988));
#1022 = CARTESIAN_POINT('',(-0.662053030075,-1.411211656665));
#1023 = CARTESIAN_POINT('',(-0.612817216364,-1.428786926265));
#1024 = CARTESIAN_POINT('',(-0.501653679505,-1.464211391704));
#1025 = CARTESIAN_POINT('',(-0.439142284454,-1.481458651439));
#1026 = CARTESIAN_POINT('',(-0.374938895034,-1.496209375132));
#1027 = CARTESIAN_POINT('',(-0.309385923952,-1.508157908425));
#1028 = CARTESIAN_POINT('',(-0.242806564715,-1.517086715697));
#1029 = CARTESIAN_POINT('',(-9.053218277977E-02,-1.530128090117));
#1030 = CARTESIAN_POINT('',(-4.410620385497E-03,-1.532360705736));
#1031 = CARTESIAN_POINT('',(8.223504936992E-02,-1.529255298835));
#1032 = CARTESIAN_POINT('',(0.168809892874,-1.520697791945));
#1033 = CARTESIAN_POINT('',(0.254731877705,-1.506688211678));
#1034 = CARTESIAN_POINT('',(0.424603165227,-1.467919813022));
#1035 = CARTESIAN_POINT('',(0.508547848782,-1.443100393711));
#1036 = CARTESIAN_POINT('',(0.590692891089,-1.413028602086));
#1037 = CARTESIAN_POINT('',(0.670505336281,-1.377961564131));
#1038 = CARTESIAN_POINT('',(0.747491034403,-1.338267110197));
#1039 = CARTESIAN_POINT('',(0.878920125261,-1.260221054232));
#1040 = CARTESIAN_POINT('',(0.934627387115,-1.223449564793));
#1041 = CARTESIAN_POINT('',(0.988123065936,-1.184436707703));
#1042 = CARTESIAN_POINT('',(1.039214356504,-1.143513668955));
#1043 = CARTESIAN_POINT('',(1.08772889521,-1.101097742703));
#1044 = CARTESIAN_POINT('',(1.17224295751,-1.021174916936));
#1045 = CARTESIAN_POINT('',(1.208993381993,-0.983945314073));
#1046 = CARTESIAN_POINT('',(1.24372490124,-0.946436847441));
#1047 = CARTESIAN_POINT('',(1.276327062188,-0.909141408));
#1048 = CARTESIAN_POINT('',(1.306684635538,-0.872750049283));
#1049 = CARTESIAN_POINT('',(1.334653544616,-0.838353908862));
#1050 = ( GEOMETRIC_REPRESENTATION_CONTEXT(2) 
PARAMETRIC_REPRESENTATION_CONTEXT() REPRESENTATION_CONTEXT('2D SPACE',''
  ) );
#1051 = PCURVE('',#803,#1052);
#1052 = DEFINITIONAL_REPRESENTATION('',(#1053),#1086);
#1053 = B_SPLINE_CURVE_WITH_KNOTS('',6,(#1054,#1055,#1056,#1057,#1058,
    #1059,#1060,#1061,#1062,#1063,#1064,#1065,#1066,#1067,#1068,#1069,
    #1070,#1071,#1072,#1073,#1074,#1075,#1076,#1077,#1078,#1079,#1080,
    #1081,#1082,#1083,#1084,#1085),.UNSPECIFIED.,.F.,.F.,(7,5,5,5,5,5,7)
  ,(0.,0.135327265991,0.29646224858,0.499892542938,0.704439730093,
    0.864587394439,1.),.UNSPECIFIED.);
#1054 = CARTESIAN_POINT('',(2.094395102393,2.14483893361));
#1055 = CARTESIAN_POINT('',(2.032859834268,2.116762305075));
#1056 = CARTESIAN_POINT('',(1.974553927058,2.086568632129));
#1057 = CARTESIAN_POINT('',(1.918848228503,2.054864886224));
#1058 = CARTESIAN_POINT('',(1.865352147141,2.022019976195));
#1059 = CARTESIAN_POINT('',(1.813706890745,1.988283615468));
#1060 = CARTESIAN_POINT('',(1.703904147808,1.912715090454));
#1061 = CARTESIAN_POINT('',(1.646427049254,1.870597323428));
#1062 = CARTESIAN_POINT('',(1.590661976847,1.827712815671));
#1063 = CARTESIAN_POINT('',(1.536285728891,1.784232502953));
#1064 = CARTESIAN_POINT('',(1.483026588713,1.740285094885));
#1065 = CARTESIAN_POINT('',(1.364538618257,1.640012813927));
#1066 = CARTESIAN_POINT('',(1.299839803315,1.583469584636));
#1067 = CARTESIAN_POINT('',(1.236111827941,1.526540207491));
#1068 = CARTESIAN_POINT('',(1.173007186721,1.469362530648));
#1069 = CARTESIAN_POINT('',(1.11020972149,1.412058482014));
#1070 = CARTESIAN_POINT('',(0.984277536584,1.297140975368));
#1071 = CARTESIAN_POINT('',(0.921136141747,1.23952172525));
#1072 = CARTESIAN_POINT('',(0.85768347291,1.182030448077));
#1073 = CARTESIAN_POINT('',(0.793598121124,1.124791102421));
#1074 = CARTESIAN_POINT('',(0.72852665638,1.067943933943));
#1075 = CARTESIAN_POINT('',(0.609936327595,0.967660318944));
#1076 = CARTESIAN_POINT('',(0.556977223002,0.923992942718));
#1077 = CARTESIAN_POINT('',(0.502910047842,0.880789206211));
#1078 = CARTESIAN_POINT('',(0.447467365513,0.838175957788));
#1079 = CARTESIAN_POINT('',(0.390331066618,0.796321562237));
#1080 = CARTESIAN_POINT('',(0.280867553276,0.720980504967));
#1081 = CARTESIAN_POINT('',(0.229191663421,0.687222027168));
#1082 = CARTESIAN_POINT('',(0.17566301385,0.65435586594));
#1083 = CARTESIAN_POINT('',(0.119922205301,0.622632113997));
#1084 = CARTESIAN_POINT('',(6.157803073155E-02,0.592420303487));
#1085 = CARTESIAN_POINT('',(0.,0.564328696135));
#1086 = ( GEOMETRIC_REPRESENTATION_CONTEXT(2) 
PARAMETRIC_REPRESENTATION_CONTEXT() REPRESENTATION_CONTEXT('2D SPACE',''
  ) );
#1087 = ORIENTED_EDGE('',*,*,#1088,.F.);
#1088 = EDGE_CURVE('',#1089,#979,#1091,.T.);
#1089 = VERTEX_POINT('',#1090);
#1090 = CARTESIAN_POINT('',(-1.131170134865,1.594515326491,-1.2));
#1091 = SURFACE_CURVE('',#1092,(#1115,#1141),.PCURVE_S1.);
#1092 = B_SPLINE_CURVE_WITH_KNOTS('',6,(#1093,#1094,#1095,#1096,#1097,
    #1098,#1099,#1100,#1101,#1102,#1103,#1104,#1105,#1106,#1107,#1108,
    #1109,#1110,#1111,#1112,#1113,#1114),.UNSPECIFIED.,.F.,.F.,(7,5,5,5,
    7),(0.,0.270142804154,0.52282408552,0.766707843855,1.),
  .UNSPECIFIED.);
#1093 = CARTESIAN_POINT('',(-1.13046858009,1.595124710989,-1.2));
#1094 = CARTESIAN_POINT('',(-1.251940174634,1.489663422966,-1.2));
#1095 = CARTESIAN_POINT('',(-1.362716257538,1.372356429416,-1.2));
#1096 = CARTESIAN_POINT('',(-1.461206104924,1.244480598686,-1.2));
#1097 = CARTESIAN_POINT('',(-1.546064767603,1.107574745529,-1.2));
#1098 = CARTESIAN_POINT('',(-1.616163639073,0.963399432938,-1.2));
#1099 = CARTESIAN_POINT('',(-1.721703911435,0.674209743385,-1.2));
#1100 = CARTESIAN_POINT('',(-1.759103938935,0.529821245203,-1.2));
#1101 = CARTESIAN_POINT('',(-1.782223559125,0.382465630768,-1.2));
#1102 = CARTESIAN_POINT('',(-1.790680929246,0.233894793363,-1.2));
#1103 = CARTESIAN_POINT('',(-1.784351656791,8.593870303571E-02,-1.2));
#1104 = CARTESIAN_POINT('',(-1.743293467689,-0.199895432714,-1.2));
#1105 = CARTESIAN_POINT('',(-1.709556775456,-0.337974965251,-1.2));
#1106 = CARTESIAN_POINT('',(-1.662440098985,-0.472038668372,-1.2));
#1107 = CARTESIAN_POINT('',(-1.602427842783,-0.60042815093,-1.2));
#1108 = CARTESIAN_POINT('',(-1.53026048907,-0.721538028297,-1.2));
#1109 = CARTESIAN_POINT('',(-1.367358814668,-0.941326867312,-1.2));
#1110 = CARTESIAN_POINT('',(-1.277550467091,-1.040773909524,-1.2));
#1111 = CARTESIAN_POINT('',(-1.178503721659,-1.130892239397,-1.2));
#1112 = CARTESIAN_POINT('',(-1.071363486649,-1.210532989316,-1.2));
#1113 = CARTESIAN_POINT('',(-0.957462342223,-1.278705709162,-1.2));
#1114 = CARTESIAN_POINT('',(-0.838349003285,-1.334654736814,-1.2));
#1115 = PCURVE('',#338,#1116);
#1116 = DEFINITIONAL_REPRESENTATION('',(#1117),#1140);
#1117 = B_SPLINE_CURVE_WITH_KNOTS('',6,(#1118,#1119,#1120,#1121,#1122,
    #1123,#1124,#1125,#1126,#1127,#1128,#1129,#1130,#1131,#1132,#1133,
    #1134,#1135,#1136,#1137,#1138,#1139),.UNSPECIFIED.,.F.,.F.,(7,5,5,5,
    7),(0.,0.270142804154,0.52282408552,0.766707843855,1.),
  .UNSPECIFIED.);
#1118 = CARTESIAN_POINT('',(-1.13046858009,1.595124710989));
#1119 = CARTESIAN_POINT('',(-1.251940174634,1.489663422966));
#1120 = CARTESIAN_POINT('',(-1.362716257538,1.372356429416));
#1121 = CARTESIAN_POINT('',(-1.461206104924,1.244480598686));
#1122 = CARTESIAN_POINT('',(-1.546064767603,1.107574745529));
#1123 = CARTESIAN_POINT('',(-1.616163639073,0.963399432938));
#1124 = CARTESIAN_POINT('',(-1.721703911435,0.674209743385));
#1125 = CARTESIAN_POINT('',(-1.759103938935,0.529821245203));
#1126 = CARTESIAN_POINT('',(-1.782223559125,0.382465630768));
#1127 = CARTESIAN_POINT('',(-1.790680929246,0.233894793363));
#1128 = CARTESIAN_POINT('',(-1.784351656791,8.593870303571E-02));
#1129 = CARTESIAN_POINT('',(-1.743293467689,-0.199895432714));
#1130 = CARTESIAN_POINT('',(-1.709556775456,-0.337974965251));
#1131 = CARTESIAN_POINT('',(-1.662440098985,-0.472038668372));
#1132 = CARTESIAN_POINT('',(-1.602427842783,-0.60042815093));
#1133 = CARTESIAN_POINT('',(-1.53026048907,-0.721538028297));
#1134 = CARTESIAN_POINT('',(-1.367358814668,-0.941326867312));
#1135 = CARTESIAN_POINT('',(-1.277550467091,-1.040773909524));
#1136 = CARTESIAN_POINT('',(-1.178503721659,-1.130892239397));
#1137 = CARTESIAN_POINT('',(-1.071363486649,-1.210532989316));
#1138 = CARTESIAN_POINT('',(-0.957462342223,-1.278705709162));
#1139 = CARTESIAN_POINT('',(-0.838349003285,-1.334654736814));
#1140 = ( GEOMETRIC_REPRESENTATION_CONTEXT(2) 
PARAMETRIC_REPRESENTATION_CONTEXT() REPRESENTATION_CONTEXT('2D SPACE',''
  ) );
#1141 = PCURVE('',#1142,#1165);
#1142 = B_SPLINE_SURFACE_WITH_KNOTS('',1,10,(
    (#1143,#1144,#1145,#1146,#1147,#1148,#1149,#1150,#1151,#1152,#1153)
    ,(#1154,#1155,#1156,#1157,#1158,#1159,#1160,#1161,#1162,#1163,#1164
    )),.UNSPECIFIED.,.F.,.F.,.F.,(2,2),(11,11),(0.,0.49),(0.,
    6.322058019692),.PIECEWISE_BEZIER_KNOTS.);
#1143 = CARTESIAN_POINT('',(1.576109941568,9.7338402657E-07,
    -0.96251708098));
#1144 = CARTESIAN_POINT('',(1.576111047186,-0.990349547901,
    -1.032514940784));
#1145 = CARTESIAN_POINT('',(0.884874072415,-1.980166236446,-1.10247613)
  );
#1146 = CARTESIAN_POINT('',(-0.499002838864,-2.426279702469,
    -1.172629687596));
#1147 = CARTESIAN_POINT('',(-2.07990343791,-1.801110422034,
    -1.242400091454));
#1148 = CARTESIAN_POINT('',(-2.916348634688,5.7950000203E-06,
    -1.312516304762));
#1149 = CARTESIAN_POINT('',(-2.079960517142,1.801096882908,
    -1.382632517373));
#1150 = CARTESIAN_POINT('',(-0.498952765936,2.426283363048,
    -1.452402921686));
#1151 = CARTESIAN_POINT('',(0.884853340282,1.980166590113,
    -1.522556479106));
#1152 = CARTESIAN_POINT('',(1.576109250067,0.990351406178,
    -1.592517668348));
#1153 = CARTESIAN_POINT('',(1.576110300106,8.8489414271E-07,
    -1.662515528156));
#1154 = CARTESIAN_POINT('',(2.000451343934,-1.167860444E-07,
    -0.717497950631));
#1155 = CARTESIAN_POINT('',(2.000453148739,-1.256915036977,
    -0.787498207367));
#1156 = CARTESIAN_POINT('',(1.123183430426,-2.513860707679,
    -0.85750286309));
#1157 = CARTESIAN_POINT('',(-0.63363825652,-3.078226058605,
    -0.927484442506));
#1158 = CARTESIAN_POINT('',(-2.639345366814,-2.287270533939,
    -0.997511984227));
#1159 = CARTESIAN_POINT('',(-3.702128076443,2.877098622075E-05,
    -1.067498044485));
#1160 = CARTESIAN_POINT('',(-2.639553962671,2.28722868205,
    -1.137484102173));
#1161 = CARTESIAN_POINT('',(-0.633436749062,3.078242281816,
    -1.207511645579));
#1162 = CARTESIAN_POINT('',(1.123113796459,2.51385796062,-1.277493224328
    ));
#1163 = CARTESIAN_POINT('',(2.000450895171,1.25691481402,-1.347497880166
    ));
#1164 = CARTESIAN_POINT('',(2.000452706643,-1.0617072422E-07,
    -1.417498136909));
#1165 = DEFINITIONAL_REPRESENTATION('',(#1166),#1189);
#1166 = B_SPLINE_CURVE_WITH_KNOTS('',6,(#1167,#1168,#1169,#1170,#1171,
    #1172,#1173,#1174,#1175,#1176,#1177,#1178,#1179,#1180,#1181,#1182,
    #1183,#1184,#1185,#1186,#1187,#1188),.UNSPECIFIED.,.F.,.F.,(7,5,5,5,
    7),(0.,0.270142804154,0.52282408552,0.766707843855,1.),
  .UNSPECIFIED.);
#1167 = CARTESIAN_POINT('',(0.437624447717,4.121189117738));
#1168 = CARTESIAN_POINT('',(0.419382101084,4.038804865271));
#1169 = CARTESIAN_POINT('',(0.400999895356,3.955788735801));
#1170 = CARTESIAN_POINT('',(0.382479198434,3.872146963276));
#1171 = CARTESIAN_POINT('',(0.363814273715,3.787853787591));
#1172 = CARTESIAN_POINT('',(0.344997811998,3.702876385395));
#1173 = CARTESIAN_POINT('',(0.308288645618,3.537093883599));
#1174 = CARTESIAN_POINT('',(0.290411003779,3.456356777146));
#1175 = CARTESIAN_POINT('',(0.272398243645,3.375009793678));
#1176 = CARTESIAN_POINT('',(0.254245239092,3.293029849748));
#1177 = CARTESIAN_POINT('',(0.235945535647,3.210387757642));
#1178 = CARTESIAN_POINT('',(0.199695393327,3.046681291577));
#1179 = CARTESIAN_POINT('',(0.18175123704,2.96564527523));
#1180 = CARTESIAN_POINT('',(0.163667850424,2.883980575019));
#1181 = CARTESIAN_POINT('',(0.145440014021,2.80166342372));
#1182 = CARTESIAN_POINT('',(0.127061057295,2.718663445247));
#1183 = CARTESIAN_POINT('',(9.08054113419E-02,2.554930661507));
#1184 = CARTESIAN_POINT('',(7.293794929986E-02,2.474239573238));
#1185 = CARTESIAN_POINT('',(5.492903016283E-02,2.392908986501));
#1186 = CARTESIAN_POINT('',(3.677325258338E-02,2.310914385893));
#1187 = CARTESIAN_POINT('',(1.846375046578E-02,2.228224789712));
#1188 = CARTESIAN_POINT('',(0.,2.14483805611));
#1189 = ( GEOMETRIC_REPRESENTATION_CONTEXT(2) 
PARAMETRIC_REPRESENTATION_CONTEXT() REPRESENTATION_CONTEXT('2D SPACE',''
  ) );
#1190 = ORIENTED_EDGE('',*,*,#1191,.T.);
#1191 = EDGE_CURVE('',#1089,#40,#1192,.T.);
#1192 = SURFACE_CURVE('',#1193,(#1198,#1209),.PCURVE_S1.);
#1193 = CIRCLE('',#1194,1.955);
#1194 = AXIS2_PLACEMENT_3D('',#1195,#1196,#1197);
#1195 = CARTESIAN_POINT('',(0.,0.,-1.2));
#1196 = DIRECTION('',(0.,0.,-1.));
#1197 = DIRECTION('',(1.,0.,0.));
#1198 = PCURVE('',#338,#1199);
#1199 = DEFINITIONAL_REPRESENTATION('',(#1200),#1208);
#1200 = ( BOUNDED_CURVE() B_SPLINE_CURVE(2,(#1201,#1202,#1203,#1204,
#1205,#1206,#1207),.UNSPECIFIED.,.T.,.F.) B_SPLINE_CURVE_WITH_KNOTS((1,2
    ,2,2,2,1),(-2.094395102393,0.,2.094395102393,4.188790204786,
6.28318530718,8.377580409573),.UNSPECIFIED.) CURVE() 
GEOMETRIC_REPRESENTATION_ITEM() RATIONAL_B_SPLINE_CURVE((1.,0.5,1.,0.5,
1.,0.5,1.)) REPRESENTATION_ITEM('') );
#1201 = CARTESIAN_POINT('',(1.955,-2.8E-16));
#1202 = CARTESIAN_POINT('',(1.955,-3.386159328797));
#1203 = CARTESIAN_POINT('',(-0.9775,-1.693079664399));
#1204 = CARTESIAN_POINT('',(-3.91,-7.588368984666E-16));
#1205 = CARTESIAN_POINT('',(-0.9775,1.693079664399));
#1206 = CARTESIAN_POINT('',(1.955,3.386159328797));
#1207 = CARTESIAN_POINT('',(1.955,-2.8E-16));
#1208 = ( GEOMETRIC_REPRESENTATION_CONTEXT(2) 
PARAMETRIC_REPRESENTATION_CONTEXT() REPRESENTATION_CONTEXT('2D SPACE',''
  ) );
#1209 = PCURVE('',#238,#1210);
#1210 = DEFINITIONAL_REPRESENTATION('',(#1211),#1215);
#1211 = LINE('',#1212,#1213);
#1212 = CARTESIAN_POINT('',(-37.69911184307,0.5));
#1213 = VECTOR('',#1214,1.);
#1214 = DIRECTION('',(1.,-0.));
#1215 = ( GEOMETRIC_REPRESENTATION_CONTEXT(2) 
PARAMETRIC_REPRESENTATION_CONTEXT() REPRESENTATION_CONTEXT('2D SPACE',''
  ) );
#1216 = ADVANCED_FACE('',(#1217),#1142,.T.);
#1217 = FACE_BOUND('',#1218,.T.);
#1218 = EDGE_LOOP('',(#1219,#1251,#1252,#1509));
#1219 = ORIENTED_EDGE('',*,*,#1220,.F.);
#1220 = EDGE_CURVE('',#979,#1221,#1223,.T.);
#1221 = VERTEX_POINT('',#1222);
#1222 = CARTESIAN_POINT('',(1.576110300106,8.8489416E-07,-1.662515528156
    ));
#1223 = SURFACE_CURVE('',#1224,(#1237,#1244),.PCURVE_S1.);
#1224 = ( BOUNDED_CURVE() B_SPLINE_CURVE(11,(#1225,#1226,#1227,#1228,
    #1229,#1230,#1231,#1232,#1233,#1234,#1235,#1236),.UNSPECIFIED.,.F.,
.F.) B_SPLINE_CURVE_WITH_KNOTS((12,12),(0.,6.322058019692),
.PIECEWISE_BEZIER_KNOTS.) CURVE() GEOMETRIC_REPRESENTATION_ITEM() 
RATIONAL_B_SPLINE_CURVE((1.056590953773,1.056590953773,1.056590953773,
    1.056590953773,1.056590953773,1.056590953773,1.056590953773,
    1.056590953773,1.056590953773,1.056590953773,1.056590953773,
1.056590953773)) REPRESENTATION_ITEM('') );
#1225 = CARTESIAN_POINT('',(1.576109941568,9.7338402932E-07,
    -0.96251708098));
#1226 = CARTESIAN_POINT('',(1.576110946675,-0.900317682329,
    -1.026151498983));
#1227 = CARTESIAN_POINT('',(1.010553522374,-1.800199565802,
    -1.089755913779));
#1228 = CARTESIAN_POINT('',(-0.121602469788,-2.307145953889,
    -1.153594227797));
#1229 = CARTESIAN_POINT('',(-1.504949537808,-2.018491433082,
    -1.216646673005));
#1230 = CARTESIAN_POINT('',(-2.536290835005,-0.836457095894,
    -1.281328088892));
#1231 = CARTESIAN_POINT('',(-2.536027655132,0.836457263565,
    -1.343704520315));
#1232 = CARTESIAN_POINT('',(-1.505129562607,2.018484148394,
    -1.408385935988));
#1233 = CARTESIAN_POINT('',(-0.121530493877,2.307148712583,
    -1.471438381437));
#1234 = CARTESIAN_POINT('',(1.01053623297,1.800200193034,-1.535276695331
    ));
#1235 = CARTESIAN_POINT('',(1.576109345525,0.900319540607,
    -1.598881110148));
#1236 = CARTESIAN_POINT('',(1.576110300106,8.8489414152E-07,
    -1.662515528156));
#1237 = PCURVE('',#1142,#1238);
#1238 = DEFINITIONAL_REPRESENTATION('',(#1239),#1243);
#1239 = LINE('',#1240,#1241);
#1240 = CARTESIAN_POINT('',(0.,0.));
#1241 = VECTOR('',#1242,1.);
#1242 = DIRECTION('',(0.,1.));
#1243 = ( GEOMETRIC_REPRESENTATION_CONTEXT(2) 
PARAMETRIC_REPRESENTATION_CONTEXT() REPRESENTATION_CONTEXT('2D SPACE',''
  ) );
#1244 = PCURVE('',#803,#1245);
#1245 = DEFINITIONAL_REPRESENTATION('',(#1246),#1250);
#1246 = LINE('',#1247,#1248);
#1247 = CARTESIAN_POINT('',(2.094395102393,0.));
#1248 = VECTOR('',#1249,1.);
#1249 = DIRECTION('',(0.,1.));
#1250 = ( GEOMETRIC_REPRESENTATION_CONTEXT(2) 
PARAMETRIC_REPRESENTATION_CONTEXT() REPRESENTATION_CONTEXT('2D SPACE',''
  ) );
#1251 = ORIENTED_EDGE('',*,*,#1088,.F.);
#1252 = ORIENTED_EDGE('',*,*,#1253,.T.);
#1253 = EDGE_CURVE('',#1089,#1254,#1256,.T.);
#1254 = VERTEX_POINT('',#1255);
#1255 = CARTESIAN_POINT('',(1.955,-7.258E-12,-1.443742753133));
#1256 = SURFACE_CURVE('',#1257,(#1345,#1436),.PCURVE_S1.);
#1257 = B_SPLINE_CURVE_WITH_KNOTS('',6,(#1258,#1259,#1260,#1261,#1262,
    #1263,#1264,#1265,#1266,#1267,#1268,#1269,#1270,#1271,#1272,#1273,
    #1274,#1275,#1276,#1277,#1278,#1279,#1280,#1281,#1282,#1283,#1284,
    #1285,#1286,#1287,#1288,#1289,#1290,#1291,#1292,#1293,#1294,#1295,
    #1296,#1297,#1298,#1299,#1300,#1301,#1302,#1303,#1304,#1305,#1306,
    #1307,#1308,#1309,#1310,#1311,#1312,#1313,#1314,#1315,#1316,#1317,
    #1318,#1319,#1320,#1321,#1322,#1323,#1324,#1325,#1326,#1327,#1328,
    #1329,#1330,#1331,#1332,#1333,#1334,#1335,#1336,#1337,#1338,#1339,
    #1340,#1341,#1342,#1343,#1344),.UNSPECIFIED.,.F.,.F.,(7,5,5,5,5,5,5,
    5,5,5,5,5,5,5,5,5,5,7),(0.,3.090707774438E-02,4.790661039714E-02,
    0.128904618335,0.195682756264,0.262683190807,0.298733167,
    0.358735330603,0.403447015139,0.5022783512,0.599193785031,
    0.689995790051,0.736996578867,0.786188061753,0.840190233604,
    0.873557928758,0.944000207722,1.),.UNSPECIFIED.);
#1258 = CARTESIAN_POINT('',(1.955,-1.757883E-11,-0.743742028399));
#1259 = CARTESIAN_POINT('',(1.955,-6.327367717289E-02,-0.747347819329));
#1260 = CARTESIAN_POINT('',(1.95254255771,-0.126547499298,
    -0.750953977598));
#1261 = CARTESIAN_POINT('',(1.947627716969,-0.189701622328,
    -0.754560276316));
#1262 = CARTESIAN_POINT('',(1.940263208404,-0.252616991742,
    -0.758166531246));
#1263 = CARTESIAN_POINT('',(1.930464449426,-0.315175342568,
    -0.761772600809));
#1264 = CARTESIAN_POINT('',(1.911538843592,-0.411406605993,
    -0.767361642633));
#1265 = CARTESIAN_POINT('',(1.904093704695,-0.445410536613,
    -0.769344815841));
#1266 = CARTESIAN_POINT('',(1.895922964432,-0.479251497481,
    -0.771327892073));
#1267 = CARTESIAN_POINT('',(1.887031143812,-0.512910168256,
    -0.773310863015));
#1268 = CARTESIAN_POINT('',(1.87742344797,-0.546367402019,
    -0.775293725672));
#1269 = CARTESIAN_POINT('',(1.817944904531,-0.737968371399,
    -0.786723762254));
#1270 = CARTESIAN_POINT('',(1.752660110987,-0.891346024611,
    -0.796169657995));
#1271 = CARTESIAN_POINT('',(1.671893484885,-1.037646874215,
    -0.805612126579));
#1272 = CARTESIAN_POINT('',(1.576639226994,-1.17495764732,
    -0.815055278017));
#1273 = CARTESIAN_POINT('',(1.46817031704,-1.301536782311,
    -0.824502280571));
#1274 = CARTESIAN_POINT('',(1.249064973201,-1.510149518957,-0.8417415541
    ));
#1275 = CARTESIAN_POINT('',(1.142138419442,-1.596115299914,
    -0.849534233943));
#1276 = CARTESIAN_POINT('',(1.028177387821,-1.672935501286,
    -0.857328813487));
#1277 = CARTESIAN_POINT('',(0.908167274673,-1.739912674493,
    -0.865125307679));
#1278 = CARTESIAN_POINT('',(0.783175288541,-1.796482965492,
    -0.872923181902));
#1279 = CARTESIAN_POINT('',(0.525096932652,-1.88815053085,
    -0.888544153979));
#1280 = CARTESIAN_POINT('',(0.391971843755,-1.923180372518,
    -0.896368035924));
#1281 = CARTESIAN_POINT('',(0.256134393896,-1.946916285639,
    -0.904190567158));
#1282 = CARTESIAN_POINT('',(0.118780120877,-1.95912116937,-0.91201132673
    ));
#1283 = CARTESIAN_POINT('',(-1.887483848792E-02,-1.959714970357,
    -0.919830447008));
#1284 = CARTESIAN_POINT('',(-0.229171779217,-1.942923578772,
    -0.931853017803));
#1285 = CARTESIAN_POINT('',(-0.302474069865,-1.933716740545,
    -0.936058284452));
#1286 = CARTESIAN_POINT('',(-0.375321047906,-1.921192369775,
    -0.940262996591));
#1287 = CARTESIAN_POINT('',(-0.447525728783,-1.905379694399,
    -0.944467199463));
#1288 = CARTESIAN_POINT('',(-0.518903871918,-1.886321972847,
    -0.948670966157));
#1289 = CARTESIAN_POINT('',(-0.706399128261,-1.827050759234,
    -0.959870656909));
#1290 = CARTESIAN_POINT('',(-0.820736428138,-1.781192305825,
    -0.966866214792));
#1291 = CARTESIAN_POINT('',(-0.931445736716,-1.726767088795,
    -0.973861042685));
#1292 = CARTESIAN_POINT('',(-1.037731941155,-1.664141516751,
    -0.980855942048));
#1293 = CARTESIAN_POINT('',(-1.138852020449,-1.593778698078,
    -0.98785165224));
#1294 = CARTESIAN_POINT('',(-1.305114313664,-1.458451381487,
    -1.000061380967));
#1295 = CARTESIAN_POINT('',(-1.372860586455,-1.396678722882,
    -1.005275308309));
#1296 = CARTESIAN_POINT('',(-1.437079283972,-1.331146054753,
    -1.010489744594));
#1297 = CARTESIAN_POINT('',(-1.497512413709,-1.262107021759,
    -1.015704800223));
#1298 = CARTESIAN_POINT('',(-1.553926828601,-1.189838273371,
    -1.020920522962));
#1299 = CARTESIAN_POINT('',(-1.721473829299,-0.94841479629,
    -1.037666704423));
#1300 = CARTESIAN_POINT('',(-1.816215358863,-0.767825665334,
    -1.049201987067));
#1301 = CARTESIAN_POINT('',(-1.888036129392,-0.576154760543,
    -1.06073603034));
#1302 = CARTESIAN_POINT('',(-1.935466853823,-0.37704220271,
    -1.072269847106));
#1303 = CARTESIAN_POINT('',(-1.957695360548,-0.174327819604,
    -1.083805061913));
#1304 = CARTESIAN_POINT('',(-1.951960338175,0.226363397143,
    -1.106642909885));
#1305 = CARTESIAN_POINT('',(-1.924960182043,0.424446420967,
    -1.117950764599));
#1306 = CARTESIAN_POINT('',(-1.873834709847,0.618450333863,
    -1.129253844282));
#1307 = CARTESIAN_POINT('',(-1.79943517654,0.804774031654,
    -1.140556217744));
#1308 = CARTESIAN_POINT('',(-1.703220343526,0.980016046025,
    -1.151862772928));
#1309 = CARTESIAN_POINT('',(-1.478906342693,1.29205930345,
    -1.173761999813));
#1310 = CARTESIAN_POINT('',(-1.353160319085,1.430645161028,
    -1.184358642625));
#1311 = CARTESIAN_POINT('',(-1.211970098458,1.554353834759,
    -1.194955751482));
#1312 = CARTESIAN_POINT('',(-1.057572123511,1.661122845226,
    -1.205555358342));
#1313 = CARTESIAN_POINT('',(-0.892511768389,1.749286586275,
    -1.21615784256));
#1314 = CARTESIAN_POINT('',(-0.630209115621,1.853137871212,
    -1.232244346456));
#1315 = CARTESIAN_POINT('',(-0.538651837663,1.883275120961,
    -1.237730849385));
#1316 = CARTESIAN_POINT('',(-0.445394044234,1.907973541747,
    -1.243216810785));
#1317 = CARTESIAN_POINT('',(-0.350839754638,1.927117634781,
    -1.248702077979));
#1318 = CARTESIAN_POINT('',(-0.255402359355,1.94063212897,
    -1.254186550819));
#1319 = CARTESIAN_POINT('',(-5.913262351413E-02,1.956698734349,
    -1.265409055465));
#1320 = CARTESIAN_POINT('',(4.174655457452E-02,1.958710737711,
    -1.271147147815));
#1321 = CARTESIAN_POINT('',(0.142652645365,1.954479129951,
    -1.276884013708));
#1322 = CARTESIAN_POINT('',(0.243103951499,1.944014180481,
    -1.282619790712));
#1323 = CARTESIAN_POINT('',(0.342622364743,1.92737559311,-1.288354745546
    ));
#1324 = CARTESIAN_POINT('',(0.548445072516,1.879748756971,
    -1.300384016878));
#1325 = CARTESIAN_POINT('',(0.654465114221,1.847515354363,
    -1.306678417394));
#1326 = CARTESIAN_POINT('',(0.758171549292,1.808116845526,
    -1.312972275222));
#1327 = CARTESIAN_POINT('',(0.858963123292,1.761766201087,
    -1.319266276281));
#1328 = CARTESIAN_POINT('',(0.956266387397,1.708742871722,
    -1.325561110745));
#1329 = CARTESIAN_POINT('',(1.107173326973,1.61271781497,-1.335746998199
    ));
#1330 = CARTESIAN_POINT('',(1.163269163712,1.573627817815,
    -1.339637528029));
#1331 = CARTESIAN_POINT('',(1.217700248613,1.532202069014,
    -1.343528557785));
#1332 = CARTESIAN_POINT('',(1.270345861621,1.488529814398,
    -1.347420145167));
#1333 = CARTESIAN_POINT('',(1.321091816864,1.442708525462,
    -1.351312311807));
#1334 = CARTESIAN_POINT('',(1.472722234685,1.293797263427,
    -1.363422958075));
#1335 = CARTESIAN_POINT('',(1.566675414091,1.183636896071,
    -1.371643906925));
#1336 = CARTESIAN_POINT('',(1.650665967018,1.065364725309,
    -1.379866647169));
#1337 = CARTESIAN_POINT('',(1.723846647592,0.940116917822,
    -1.388090764594));
#1338 = CARTESIAN_POINT('',(1.785532020383,0.809133283616,
    -1.396314971786));
#1339 = CARTESIAN_POINT('',(1.874741004466,0.566139622724,
    -1.411073844089));
#1340 = CARTESIAN_POINT('',(1.90667837011,0.455737530333,-1.417609693914
    ));
#1341 = CARTESIAN_POINT('',(1.930797266582,0.343224112755,
    -1.424143979342));
#1342 = CARTESIAN_POINT('',(1.946932298192,0.229290840143,
    -1.430676946746));
#1343 = CARTESIAN_POINT('',(1.955,0.114644064711,-1.437209502457));
#1344 = CARTESIAN_POINT('',(1.955,-1.454503E-11,-1.443742753133));
#1345 = PCURVE('',#1142,#1346);
#1346 = DEFINITIONAL_REPRESENTATION('',(#1347),#1435);
#1347 = B_SPLINE_CURVE_WITH_KNOTS('',6,(#1348,#1349,#1350,#1351,#1352,
    #1353,#1354,#1355,#1356,#1357,#1358,#1359,#1360,#1361,#1362,#1363,
    #1364,#1365,#1366,#1367,#1368,#1369,#1370,#1371,#1372,#1373,#1374,
    #1375,#1376,#1377,#1378,#1379,#1380,#1381,#1382,#1383,#1384,#1385,
    #1386,#1387,#1388,#1389,#1390,#1391,#1392,#1393,#1394,#1395,#1396,
    #1397,#1398,#1399,#1400,#1401,#1402,#1403,#1404,#1405,#1406,#1407,
    #1408,#1409,#1410,#1411,#1412,#1413,#1414,#1415,#1416,#1417,#1418,
    #1419,#1420,#1421,#1422,#1423,#1424,#1425,#1426,#1427,#1428,#1429,
    #1430,#1431,#1432,#1433,#1434),.UNSPECIFIED.,.F.,.F.,(7,5,5,5,5,5,5,
    5,5,5,5,5,5,5,5,5,5,7),(0.,3.090707774438E-02,4.790661039714E-02,
    0.128904618335,0.195682756264,0.262683190807,0.298733167,
    0.358735330603,0.403447015139,0.5022783512,0.599193785031,
    0.689995790051,0.736996578867,0.786188061753,0.840190233604,
    0.873557928758,0.944000207722,1.),.UNSPECIFIED.);
#1348 = CARTESIAN_POINT('',(0.43751594258,0.));
#1349 = CARTESIAN_POINT('',(0.437515839683,3.256527740061E-02));
#1350 = CARTESIAN_POINT('',(0.437515016334,6.513061879305E-02));
#1351 = CARTESIAN_POINT('',(0.437513975113,9.769624472421E-02));
#1352 = CARTESIAN_POINT('',(0.437513107511,0.130262259289));
#1353 = CARTESIAN_POINT('',(0.437512693932,0.162828650129));
#1354 = CARTESIAN_POINT('',(0.437513019067,0.213307613754));
#1355 = CARTESIAN_POINT('',(0.437513320945,0.231220028622));
#1356 = CARTESIAN_POINT('',(0.437513833529,0.249132519203));
#1357 = CARTESIAN_POINT('',(0.437514569908,0.267045069521));
#1358 = CARTESIAN_POINT('',(0.437515532059,0.284957661459));
#1359 = CARTESIAN_POINT('',(0.437522327428,0.388218856048));
#1360 = CARTESIAN_POINT('',(0.43753285206,0.473577101281));
#1361 = CARTESIAN_POINT('',(0.437547529617,0.558923148411));
#1362 = CARTESIAN_POINT('',(0.437560085992,0.644265783832));
#1363 = CARTESIAN_POINT('',(0.437566763152,0.729616650416));
#1364 = CARTESIAN_POINT('',(0.437567150897,0.88531509882));
#1365 = CARTESIAN_POINT('',(0.437562928132,0.9556757064));
#1366 = CARTESIAN_POINT('',(0.437553917491,1.02603184874));
#1367 = CARTESIAN_POINT('',(0.437541178193,1.096388443932));
#1368 = CARTESIAN_POINT('',(0.437526786803,1.166750041508));
#1369 = CARTESIAN_POINT('',(0.437498289873,1.307702334628));
#1370 = CARTESIAN_POINT('',(0.437484187521,1.37830012609));
#1371 = CARTESIAN_POINT('',(0.437472110822,1.448894866512));
#1372 = CARTESIAN_POINT('',(0.43746376337,1.519490447963));
#1373 = CARTESIAN_POINT('',(0.437459688186,1.590090518326));
#1374 = CARTESIAN_POINT('',(0.437459532124,1.698671799571));
#1375 = CARTESIAN_POINT('',(0.437460632396,1.736656682541));
#1376 = CARTESIAN_POINT('',(0.437462828258,1.774641505271));
#1377 = CARTESIAN_POINT('',(0.437466009436,1.812626178364));
#1378 = CARTESIAN_POINT('',(0.437470014667,1.850610633609));
#1379 = CARTESIAN_POINT('',(0.437482316345,1.951816324964));
#1380 = CARTESIAN_POINT('',(0.437491713389,2.015039224327));
#1381 = CARTESIAN_POINT('',(0.437501897216,2.078259083844));
#1382 = CARTESIAN_POINT('',(0.437511794175,2.141478293167));
#1383 = CARTESIAN_POINT('',(0.437520484799,2.204699377485));
#1384 = CARTESIAN_POINT('',(0.43753273805,2.315027018949));
#1385 = CARTESIAN_POINT('',(0.437537041834,2.362136099631));
#1386 = CARTESIAN_POINT('',(0.437540210817,2.409244651982));
#1387 = CARTESIAN_POINT('',(0.437542173482,2.456353350121));
#1388 = CARTESIAN_POINT('',(0.437542980965,2.503462856408));
#1389 = CARTESIAN_POINT('',(0.437542382811,2.65470348477));
#1390 = CARTESIAN_POINT('',(0.437537125229,2.758860778552));
#1391 = CARTESIAN_POINT('',(0.437528598696,2.862992116256));
#1392 = CARTESIAN_POINT('',(0.437521166008,2.967126347942));
#1393 = CARTESIAN_POINT('',(0.437517571871,3.071290541185));
#1394 = CARTESIAN_POINT('',(0.437517680264,3.277551316338));
#1395 = CARTESIAN_POINT('',(0.437521243531,3.379694427804));
#1396 = CARTESIAN_POINT('',(0.437528312063,3.481810243739));
#1397 = CARTESIAN_POINT('',(0.437536174169,3.58392326548));
#1398 = CARTESIAN_POINT('',(0.437540839767,3.686059618563));
#1399 = CARTESIAN_POINT('',(0.437540956052,3.883843262136));
#1400 = CARTESIAN_POINT('',(0.437536958684,3.979528910433));
#1401 = CARTESIAN_POINT('',(0.437527660299,4.075194827751));
#1402 = CARTESIAN_POINT('',(0.43751347176,4.170861221574));
#1403 = CARTESIAN_POINT('',(0.437498029684,4.266547941611));
#1404 = CARTESIAN_POINT('',(0.437477750027,4.411741801613));
#1405 = CARTESIAN_POINT('',(0.437471389787,4.461264492484));
#1406 = CARTESIAN_POINT('',(0.437466054249,4.510786920206));
#1407 = CARTESIAN_POINT('',(0.437462191627,4.560309730007));
#1408 = CARTESIAN_POINT('',(0.43746013364,4.609833515402));
#1409 = CARTESIAN_POINT('',(0.437459857895,4.711188449553));
#1410 = CARTESIAN_POINT('',(0.437461821515,4.763020964214));
#1411 = CARTESIAN_POINT('',(0.437466045903,4.814852611822));
#1412 = CARTESIAN_POINT('',(0.437472406988,4.866684074513));
#1413 = CARTESIAN_POINT('',(0.437480528015,4.918516059784));
#1414 = CARTESIAN_POINT('',(0.437499993587,5.02724646932));
#1415 = CARTESIAN_POINT('',(0.437511577709,5.084146734371));
#1416 = CARTESIAN_POINT('',(0.437523794696,5.141044956332));
#1417 = CARTESIAN_POINT('',(0.437535580513,5.197942524925));
#1418 = CARTESIAN_POINT('',(0.4375458932,5.254840967878));
#1419 = CARTESIAN_POINT('',(0.437559064537,5.346894410811));
#1420 = CARTESIAN_POINT('',(0.437563269842,5.382050767412));
#1421 = CARTESIAN_POINT('',(0.437566474801,5.417207121471));
#1422 = CARTESIAN_POINT('',(0.437568576316,5.452363528465));
#1423 = CARTESIAN_POINT('',(0.437569543538,5.487520044422));
#1424 = CARTESIAN_POINT('',(0.43756915255,5.596895719876));
#1425 = CARTESIAN_POINT('',(0.437564032016,5.671120188921));
#1426 = CARTESIAN_POINT('',(0.437554496083,5.745340896036));
#1427 = CARTESIAN_POINT('',(0.437542683612,5.819563759624));
#1428 = CARTESIAN_POINT('',(0.437532202076,5.8937934448));
#1429 = CARTESIAN_POINT('',(0.437518438563,6.027026211005));
#1430 = CARTESIAN_POINT('',(0.437514080112,6.086035130235));
#1431 = CARTESIAN_POINT('',(0.437512421817,6.145042114978));
#1432 = CARTESIAN_POINT('',(0.437513127766,6.204047873141));
#1433 = CARTESIAN_POINT('',(0.437514679656,6.263053733323));
#1434 = CARTESIAN_POINT('',(0.43751449322,6.322058019692));
#1435 = ( GEOMETRIC_REPRESENTATION_CONTEXT(2) 
PARAMETRIC_REPRESENTATION_CONTEXT() REPRESENTATION_CONTEXT('2D SPACE',''
  ) );
#1436 = PCURVE('',#238,#1437);
#1437 = DEFINITIONAL_REPRESENTATION('',(#1438),#1508);
#1438 = B_SPLINE_CURVE_WITH_KNOTS('',3,(#1439,#1440,#1441,#1442,#1443,
    #1444,#1445,#1446,#1447,#1448,#1449,#1450,#1451,#1452,#1453,#1454,
    #1455,#1456,#1457,#1458,#1459,#1460,#1461,#1462,#1463,#1464,#1465,
    #1466,#1467,#1468,#1469,#1470,#1471,#1472,#1473,#1474,#1475,#1476,
    #1477,#1478,#1479,#1480,#1481,#1482,#1483,#1484,#1485,#1486,#1487,
    #1488,#1489,#1490,#1491,#1492,#1493,#1494,#1495,#1496,#1497,#1498,
    #1499,#1500,#1501,#1502,#1503,#1504,#1505,#1506,#1507),
  .UNSPECIFIED.,.F.,.F.,(4,1,1,1,1,1,1,1,1,1,1,1,1,1,1,1,1,1,1,1,1,1,1,1
    ,1,1,1,1,1,1,1,1,1,1,1,1,1,1,1,1,1,1,1,1,1,1,1,1,1,1,1,1,1,1,1,1,1,1
    ,1,1,1,1,1,1,1,1,4),(0.651794891759,0.657070726733,0.662346561706,
    0.667622396679,0.672898231653,0.678174066626,0.6834499016,
    0.688725736573,0.694001571546,0.69927740652,0.704553241493,
    0.709829076466,0.71510491144,0.720380746413,0.725656581386,
    0.73093241636,0.736208251333,0.741484086306,0.74675992128,
    0.752035756253,0.757311591226,0.7625874262,0.767863261173,
    0.773139096146,0.77841493112,0.783690766093,0.788966601066,
    0.79424243604,0.799518271013,0.804794105986,0.81006994096,
    0.815345775933,0.820621610906,0.82589744588,0.831173280853,
    0.836449115826,0.8417249508,0.847000785773,0.852276620746,
    0.85755245572,0.862828290693,0.868104125666,0.87337996064,
    0.878655795613,0.883931630586,0.88920746556,0.894483300533,
    0.899759135507,0.90503497048,0.910310805453,0.915586640427,
    0.9208624754,0.926138310373,0.931414145347,0.93668998032,
    0.941965815293,0.947241650267,0.95251748524,0.957793320213,
    0.963069155187,0.96834499016,0.973620825133,0.978896660107,
    0.98417249508,0.989448330053,0.994724165027,1.),
  .QUASI_UNIFORM_KNOTS.);
#1439 = CARTESIAN_POINT('',(-33.60373847712,0.5));
#1440 = CARTESIAN_POINT('',(-33.5926885731,0.501231696155));
#1441 = CARTESIAN_POINT('',(-33.57058870108,0.50369515008));
#1442 = CARTESIAN_POINT('',(-33.53743869043,0.507390487669));
#1443 = CARTESIAN_POINT('',(-33.50428843717,0.511085958509));
#1444 = CARTESIAN_POINT('',(-33.47113800396,0.514781522732));
#1445 = CARTESIAN_POINT('',(-33.43798756286,0.518477125813));
#1446 = CARTESIAN_POINT('',(-33.40483740142,0.522172698426));
#1447 = CARTESIAN_POINT('',(-33.37168807025,0.525868141476));
#1448 = CARTESIAN_POINT('',(-33.33853998218,0.529563372756));
#1449 = CARTESIAN_POINT('',(-33.3053915282,0.533258529825));
#1450 = CARTESIAN_POINT('',(-33.27224319669,0.536953519695));
#1451 = CARTESIAN_POINT('',(-33.23909490528,0.540648313669));
#1452 = CARTESIAN_POINT('',(-33.20594666265,0.544342874873));
#1453 = CARTESIAN_POINT('',(-33.17279842213,0.548037175035));
#1454 = CARTESIAN_POINT('',(-33.13965015782,0.551731186738));
#1455 = CARTESIAN_POINT('',(-33.10650186028,0.555424884582));
#1456 = CARTESIAN_POINT('',(-33.07335363083,0.559118235189));
#1457 = CARTESIAN_POINT('',(-33.04020545916,0.562811222941));
#1458 = CARTESIAN_POINT('',(-33.00705710521,0.566503862681));
#1459 = CARTESIAN_POINT('',(-32.97390877246,0.57019612562));
#1460 = CARTESIAN_POINT('',(-32.94076045799,0.573888012585));
#1461 = CARTESIAN_POINT('',(-32.90761214916,0.577579531709));
#1462 = CARTESIAN_POINT('',(-32.87446380338,0.581270700689));
#1463 = CARTESIAN_POINT('',(-32.84131538448,0.584961542675));
#1464 = CARTESIAN_POINT('',(-32.80816689123,0.588652083076));
#1465 = CARTESIAN_POINT('',(-32.77501836033,0.592342349062));
#1466 = CARTESIAN_POINT('',(-32.74186997719,0.596032357361));
#1467 = CARTESIAN_POINT('',(-32.7087212891,0.599722200359));
#1468 = CARTESIAN_POINT('',(-32.67557254819,0.60341189586));
#1469 = CARTESIAN_POINT('',(-32.64242380791,0.60710148818));
#1470 = CARTESIAN_POINT('',(-32.60927508715,0.610791028331));
#1471 = CARTESIAN_POINT('',(-32.57612635721,0.614480574492));
#1472 = CARTESIAN_POINT('',(-32.54297757801,0.618170186935));
#1473 = CARTESIAN_POINT('',(-32.50982871762,0.62185992483));
#1474 = CARTESIAN_POINT('',(-32.47667979054,0.625549841096));
#1475 = CARTESIAN_POINT('',(-32.44353083701,0.629239983174));
#1476 = CARTESIAN_POINT('',(-32.41038211676,0.632930372077));
#1477 = CARTESIAN_POINT('',(-32.37723338336,0.636621073021));
#1478 = CARTESIAN_POINT('',(-32.34408467147,0.640312131424));
#1479 = CARTESIAN_POINT('',(-32.31093600573,0.64400357549));
#1480 = CARTESIAN_POINT('',(-32.27778736976,0.647695426638));
#1481 = CARTESIAN_POINT('',(-32.24463871323,0.651387701962));
#1482 = CARTESIAN_POINT('',(-32.21149019651,0.655080393953));
#1483 = CARTESIAN_POINT('',(-32.17834144666,0.65877354915));
#1484 = CARTESIAN_POINT('',(-32.14519228019,0.662467170753));
#1485 = CARTESIAN_POINT('',(-32.11204313823,0.66616119056));
#1486 = CARTESIAN_POINT('',(-32.07889412762,0.669855565389));
#1487 = CARTESIAN_POINT('',(-32.04574531449,0.673550248353));
#1488 = CARTESIAN_POINT('',(-32.01259668049,0.677245193891));
#1489 = CARTESIAN_POINT('',(-31.97944816735,0.680940354057));
#1490 = CARTESIAN_POINT('',(-31.9462996966,0.684635677459));
#1491 = CARTESIAN_POINT('',(-31.91315119511,0.6883311078));
#1492 = CARTESIAN_POINT('',(-31.88000261969,0.692026582803));
#1493 = CARTESIAN_POINT('',(-31.84685398131,0.695722033445));
#1494 = CARTESIAN_POINT('',(-31.81370537599,0.699417383013));
#1495 = CARTESIAN_POINT('',(-31.78055699729,0.703112548016));
#1496 = CARTESIAN_POINT('',(-31.74740922654,0.706807433286));
#1497 = CARTESIAN_POINT('',(-31.7142610883,0.710502103041));
#1498 = CARTESIAN_POINT('',(-31.68111294048,0.714196479547));
#1499 = CARTESIAN_POINT('',(-31.64796479618,0.71789054338));
#1500 = CARTESIAN_POINT('',(-31.61481667029,0.721584292272));
#1501 = CARTESIAN_POINT('',(-31.58166851888,0.725277749014));
#1502 = CARTESIAN_POINT('',(-31.54852028878,0.728970956246));
#1503 = CARTESIAN_POINT('',(-31.51537193706,0.732663974668));
#1504 = CARTESIAN_POINT('',(-31.48222346295,0.736356880674));
#1505 = CARTESIAN_POINT('',(-31.44907491971,0.740049762853));
#1506 = CARTESIAN_POINT('',(-31.42697596797,0.7425117367));
#1507 = CARTESIAN_POINT('',(-31.41592653589,0.743742753133));
#1508 = ( GEOMETRIC_REPRESENTATION_CONTEXT(2) 
PARAMETRIC_REPRESENTATION_CONTEXT() REPRESENTATION_CONTEXT('2D SPACE',''
  ) );
#1509 = ORIENTED_EDGE('',*,*,#1510,.F.);
#1510 = EDGE_CURVE('',#1221,#1254,#1511,.T.);
#1511 = SURFACE_CURVE('',#1512,(#1515,#1522),.PCURVE_S1.);
#1512 = B_SPLINE_CURVE_WITH_KNOTS('',1,(#1513,#1514),.UNSPECIFIED.,.F.,
  .F.,(2,2),(0.,0.49),.PIECEWISE_BEZIER_KNOTS.);
#1513 = CARTESIAN_POINT('',(1.576110300106,8.8489414271E-07,
    -1.662515528156));
#1514 = CARTESIAN_POINT('',(2.000452706643,-1.0617072422E-07,
    -1.417498136909));
#1515 = PCURVE('',#1142,#1516);
#1516 = DEFINITIONAL_REPRESENTATION('',(#1517),#1521);
#1517 = LINE('',#1518,#1519);
#1518 = CARTESIAN_POINT('',(0.,6.322058019692));
#1519 = VECTOR('',#1520,1.);
#1520 = DIRECTION('',(1.,0.));
#1521 = ( GEOMETRIC_REPRESENTATION_CONTEXT(2) 
PARAMETRIC_REPRESENTATION_CONTEXT() REPRESENTATION_CONTEXT('2D SPACE',''
  ) );
#1522 = PCURVE('',#1523,#1546);
#1523 = B_SPLINE_SURFACE_WITH_KNOTS('',1,10,(
    (#1524,#1525,#1526,#1527,#1528,#1529,#1530,#1531,#1532,#1533,#1534)
    ,(#1535,#1536,#1537,#1538,#1539,#1540,#1541,#1542,#1543,#1544,#1545
    )),.UNSPECIFIED.,.F.,.F.,.F.,(2,2),(11,11),(0.,0.49),(0.,
    6.322058019692),.PIECEWISE_BEZIER_KNOTS.);
#1524 = CARTESIAN_POINT('',(1.576110300106,8.8489416053E-07,
    -1.662515528156));
#1525 = CARTESIAN_POINT('',(1.576111350146,-0.99034986162,
    -1.732513387963));
#1526 = CARTESIAN_POINT('',(0.884874162621,-1.980166737079,
    -1.802474577214));
#1527 = CARTESIAN_POINT('',(-0.499003088983,-2.42628022523,
    -1.872628134666));
#1528 = CARTESIAN_POINT('',(-2.079904011557,-1.801110716215,
    -1.94239853874));
#1529 = CARTESIAN_POINT('',(-2.916349298622,5.95899438641E-06,
    -2.012514751938));
#1530 = CARTESIAN_POINT('',(-2.079960889008,1.801097410252,
    -2.082630964442));
#1531 = CARTESIAN_POINT('',(-0.498952743206,2.426283942004,
    -2.152401368969));
#1532 = CARTESIAN_POINT('',(0.884853652748,1.980166991353,
    -2.222554926246));
#1533 = CARTESIAN_POINT('',(1.576109664191,0.990351542918,
    -2.292516115523));
#1534 = CARTESIAN_POINT('',(1.576110658651,7.964043717E-07,
    -2.362513975334));
#1535 = CARTESIAN_POINT('',(2.000452706644,-1.0617070609E-07,
    -1.417498136909));
#1536 = CARTESIAN_POINT('',(2.000454518115,-1.256915882393,
    -1.487498393653));
#1537 = CARTESIAN_POINT('',(1.123184208974,-2.513862415591,
    -1.557503049515));
#1538 = CARTESIAN_POINT('',(-0.633638672273,-3.078228155623,
    -1.627484628379));
#1539 = CARTESIAN_POINT('',(-2.639347151516,-2.287272109106,
    -1.697512170926));
#1540 = CARTESIAN_POINT('',(-3.702130599854,2.87513099668E-05,
    -1.767498230766));
#1541 = CARTESIAN_POINT('',(-2.639555771581,2.287230229251,
    -1.837484288036));
#1542 = CARTESIAN_POINT('',(-0.633437197545,3.07824437209,
    -1.907511832268));
#1543 = CARTESIAN_POINT('',(1.123114548342,2.513859680456,
    -1.977493410465));
#1544 = CARTESIAN_POINT('',(2.000452251213,1.256915680667,
    -2.047498066442));
#1545 = CARTESIAN_POINT('',(2.000454069352,-9.555506883E-08,
    -2.117498323193));
#1546 = DEFINITIONAL_REPRESENTATION('',(#1547),#1551);
#1547 = LINE('',#1548,#1549);
#1548 = CARTESIAN_POINT('',(0.,0.));
#1549 = VECTOR('',#1550,1.);
#1550 = DIRECTION('',(1.,0.));
#1551 = ( GEOMETRIC_REPRESENTATION_CONTEXT(2) 
PARAMETRIC_REPRESENTATION_CONTEXT() REPRESENTATION_CONTEXT('2D SPACE',''
  ) );
#1552 = ADVANCED_FACE('',(#1553),#908,.T.);
#1553 = FACE_BOUND('',#1554,.T.);
#1554 = EDGE_LOOP('',(#1555,#1888,#1889,#2005));
#1555 = ORIENTED_EDGE('',*,*,#1556,.F.);
#1556 = EDGE_CURVE('',#411,#1557,#1559,.T.);
#1557 = VERTEX_POINT('',#1558);
#1558 = CARTESIAN_POINT('',(1.955,5.868E-12,-2.756243478552));
#1559 = SURFACE_CURVE('',#1560,(#1653,#1749),.PCURVE_S1.);
#1560 = B_SPLINE_CURVE_WITH_KNOTS('',6,(#1561,#1562,#1563,#1564,#1565,
    #1566,#1567,#1568,#1569,#1570,#1571,#1572,#1573,#1574,#1575,#1576,
    #1577,#1578,#1579,#1580,#1581,#1582,#1583,#1584,#1585,#1586,#1587,
    #1588,#1589,#1590,#1591,#1592,#1593,#1594,#1595,#1596,#1597,#1598,
    #1599,#1600,#1601,#1602,#1603,#1604,#1605,#1606,#1607,#1608,#1609,
    #1610,#1611,#1612,#1613,#1614,#1615,#1616,#1617,#1618,#1619,#1620,
    #1621,#1622,#1623,#1624,#1625,#1626,#1627,#1628,#1629,#1630,#1631,
    #1632,#1633,#1634,#1635,#1636,#1637,#1638,#1639,#1640,#1641,#1642,
    #1643,#1644,#1645,#1646,#1647,#1648,#1649,#1650,#1651,#1652),
  .UNSPECIFIED.,.F.,.F.,(7,5,5,5,5,5,5,5,5,5,5,5,5,5,5,5,5,5,7),(0.,
    2.402081911095E-02,5.602026725297E-02,0.127020342508,0.22812529848,
    0.263669461515,0.32013444309,0.373137775268,0.401357174158,
    0.499664047253,0.598489082943,0.641403527009,0.702406038619,
    0.737646268402,0.811252021593,0.858255472406,0.874630244705,
    0.970625041151,1.),.UNSPECIFIED.);
#1561 = CARTESIAN_POINT('',(1.955,1.451861E-11,-2.05624275399));
#1562 = CARTESIAN_POINT('',(1.955,-4.91756834298E-02,-2.059045141247));
#1563 = CARTESIAN_POINT('',(1.953515649827,-9.835143080431E-02,
    -2.061847376456));
#1564 = CARTESIAN_POINT('',(1.950546957522,-0.147471051812,
    -2.064649568255));
#1565 = CARTESIAN_POINT('',(1.94609674537,-0.196478584697,-2.06745180441
    ));
#1566 = CARTESIAN_POINT('',(1.940170649898,-0.245318296244,
    -2.070254151817));
#1567 = CARTESIAN_POINT('',(1.922927798443,-0.358699230427,
    -2.076790026417));
#1568 = CARTESIAN_POINT('',(1.910474249765,-0.423067805379,
    -2.080523683181));
#1569 = CARTESIAN_POINT('',(1.895436521521,-0.486908987518,
    -2.084257719785));
#1570 = CARTESIAN_POINT('',(1.87784324115,-0.55009357785,-2.087992165303
    ));
#1571 = CARTESIAN_POINT('',(1.857731617849,-0.612494597499,
    -2.091726984891));
#1572 = CARTESIAN_POINT('',(1.785037886416,-0.810426691713,
    -2.103749473287));
#1573 = CARTESIAN_POINT('',(1.722752313561,-0.942404201404,
    -2.112038783667));
#1574 = CARTESIAN_POINT('',(1.648793438929,-1.068542356357,
    -2.120327979804));
#1575 = CARTESIAN_POINT('',(1.563864956014,-1.187572610509,
    -2.128615744086));
#1576 = CARTESIAN_POINT('',(1.468837122389,-1.298333581511,
    -2.136901678939));
#1577 = CARTESIAN_POINT('',(1.21655887537,-1.544296676087,
    -2.156979377031));
#1578 = CARTESIAN_POINT('',(1.04995757264,-1.669999720146,
    -2.168772061756));
#1579 = CARTESIAN_POINT('',(0.868021112699,-1.773892077625,
    -2.180555410196));
#1580 = CARTESIAN_POINT('',(0.674348049081,-1.853797017891,
    -2.192336793857));
#1581 = CARTESIAN_POINT('',(0.472864299583,-1.90821026608,
    -2.204124071777));
#1582 = CARTESIAN_POINT('',(0.195752323929,-1.94653563556,
    -2.220056285429));
#1583 = CARTESIAN_POINT('',(0.123226450212,-1.953285107277,
    -2.224200932755));
#1584 = CARTESIAN_POINT('',(5.043570211797E-02,-1.956790226073,
    -2.228346124773));
#1585 = CARTESIAN_POINT('',(-2.243889883034E-02,-1.95703958189,
    -2.232491893067));
#1586 = CARTESIAN_POINT('',(-9.521598148938E-02,-1.954035266232,
    -2.236638233297));
#1587 = CARTESIAN_POINT('',(-0.282882928935,-1.937876288525,
    -2.247372770385));
#1588 = CARTESIAN_POINT('',(-0.397351211678,-1.919787575923,
    -2.253961957863));
#1589 = CARTESIAN_POINT('',(-0.51038789441,-1.893589982062,
    -2.260552177728));
#1590 = CARTESIAN_POINT('',(-0.621278971987,-1.859431341209,
    -2.267143270871));
#1591 = CARTESIAN_POINT('',(-0.729332803458,-1.817542593856,
    -2.273734994262));
#1592 = CARTESIAN_POINT('',(-0.932028868077,-1.721952796482,
    -2.286514112002));
#1593 = CARTESIAN_POINT('',(-1.027091361096,-1.669131435871,
    -2.292701784095));
#1594 = CARTESIAN_POINT('',(-1.118524946199,-1.610030952495,
    -2.298889035228));
#1595 = CARTESIAN_POINT('',(-1.205816035123,-1.544967390416,
    -2.305075733304));
#1596 = CARTESIAN_POINT('',(-1.288489161091,-1.474311725186,
    -2.311261847086));
#1597 = CARTESIAN_POINT('',(-1.407436651338,-1.358118042921,
    -2.320740165758));
#1598 = CARTESIAN_POINT('',(-1.447331402145,-1.316283057104,
    -2.324033028075));
#1599 = CARTESIAN_POINT('',(-1.485729536297,-1.27304620176,
    -2.327325673953));
#1600 = CARTESIAN_POINT('',(-1.522569961221,-1.228474653745,
    -2.330618107188));
#1601 = CARTESIAN_POINT('',(-1.557795661136,-1.18263908679,
    -2.333910340236));
#1602 = CARTESIAN_POINT('',(-1.708258581907,-0.971792976667,
    -2.348670800527));
#1603 = CARTESIAN_POINT('',(-1.804953072751,-0.793492672303,
    -2.360139689119));
#1604 = CARTESIAN_POINT('',(-1.879128309231,-0.603913875,-2.371604196999
    ));
#1605 = CARTESIAN_POINT('',(-1.929286495763,-0.40661781643,
    -2.383069534626));
#1606 = CARTESIAN_POINT('',(-1.95457162881,-0.205370978473,
    -2.39453997888));
#1607 = CARTESIAN_POINT('',(-1.955421927354,0.198193513562,
    -2.417539647863));
#1608 = CARTESIAN_POINT('',(-1.9307245211,0.400607383627,-2.429074223824
    ));
#1609 = CARTESIAN_POINT('',(-1.880874232826,0.599112997345,
    -2.440607317225));
#1610 = CARTESIAN_POINT('',(-1.806729768625,0.789881482871,
    -2.45214047747));
#1611 = CARTESIAN_POINT('',(-1.709804335315,0.96929160918,
    -2.463674748119));
#1612 = CARTESIAN_POINT('',(-1.541476504038,1.205650761598,
    -2.480210050082));
#1613 = CARTESIAN_POINT('',(-1.486652225193,1.274465562569,
    -2.485215979873));
#1614 = CARTESIAN_POINT('',(-1.428154491686,1.340271287079,
    -2.490221299943));
#1615 = CARTESIAN_POINT('',(-1.366191466126,1.402825098459,
    -2.49522605372));
#1616 = CARTESIAN_POINT('',(-1.300992269137,1.461903816877,
    -2.500230337794));
#1617 = CARTESIAN_POINT('',(-1.135879814864,1.59605722007,
    -2.512347058257));
#1618 = CARTESIAN_POINT('',(-1.032913301102,1.66738179073,
    -2.519459351156));
#1619 = CARTESIAN_POINT('',(-0.92462583086,1.730694822108,
    -2.526570801179));
#1620 = CARTESIAN_POINT('',(-0.811799718941,1.785511934227,
    -2.533682199038));
#1621 = CARTESIAN_POINT('',(-0.69527251785,1.831452280356,
    -2.540794398057));
#1622 = CARTESIAN_POINT('',(-0.506986540513,1.889495819605,
    -2.552016387318));
#1623 = CARTESIAN_POINT('',(-0.437102353764,1.907696098148,
    -2.556125761306));
#1624 = CARTESIAN_POINT('',(-0.366446629621,1.922791149039,
    -2.560235559325));
#1625 = CARTESIAN_POINT('',(-0.295191686611,1.934741503693,
    -2.564345848194));
#1626 = CARTESIAN_POINT('',(-0.223512281626,1.943520516278,
    -2.568456669368));
#1627 = CARTESIAN_POINT('',(-1.353421386459E-03,1.960798151165,
    -2.581155396504));
#1628 = CARTESIAN_POINT('',(0.14997031555,1.958587402711,-2.589745792022
    ));
#1629 = CARTESIAN_POINT('',(0.300754800121,1.942351656592,
    -2.598337994896));
#1630 = CARTESIAN_POINT('',(0.449388743235,1.912225351701,
    -2.606932232958));
#1631 = CARTESIAN_POINT('',(0.594295538814,1.86856745834,-2.615527925747
    ));
#1632 = CARTESIAN_POINT('',(0.823147411634,1.77586959634,-2.629610862984
    ));
#1633 = CARTESIAN_POINT('',(0.910202329567,1.734475259391,
    -2.635099089758));
#1634 = CARTESIAN_POINT('',(0.99473348808,1.687971047712,-2.640586721512
    ));
#1635 = CARTESIAN_POINT('',(1.076368652976,1.636552276895,-2.64607353652
    ));
#1636 = CARTESIAN_POINT('',(1.154756554107,1.580449908146,
    -2.651559406938));
#1637 = CARTESIAN_POINT('',(1.255631509104,1.498845655781,-2.65895489357
    ));
#1638 = CARTESIAN_POINT('',(1.281260334513,1.477225605639,
    -2.660865506988));
#1639 = CARTESIAN_POINT('',(1.30644151922,1.45508043988,-2.662775989981)
  );
#1640 = CARTESIAN_POINT('',(1.331161655187,1.432421788417,
    -2.664686342773));
#1641 = CARTESIAN_POINT('',(1.355407742896,1.409261733492,
    -2.666596568025));
#1642 = CARTESIAN_POINT('',(1.518453611669,1.246974324394,
    -2.679704379503));
#1643 = CARTESIAN_POINT('',(1.641045439676,1.091504853031,
    -2.690900264527));
#1644 = CARTESIAN_POINT('',(1.744329047506,0.921781287172,
    -2.702090054284));
#1645 = CARTESIAN_POINT('',(1.826358081542,0.740828339643,
    -2.713281039058));
#1646 = CARTESIAN_POINT('',(1.885733101625,0.551956238706,
    -2.724480339009));
#1647 = CARTESIAN_POINT('',(1.932833606458,0.299659155778,
    -2.739106817989));
#1648 = CARTESIAN_POINT('',(1.941687545311,0.240136668784,
    -2.742534139506));
#1649 = CARTESIAN_POINT('',(1.948340601786,0.180307577867,
    -2.745961609308));
#1650 = CARTESIAN_POINT('',(1.952780189776,0.120273509563,
    -2.749389101089));
#1651 = CARTESIAN_POINT('',(1.955,6.013670102197E-02,-2.752816455182));
#1652 = CARTESIAN_POINT('',(1.955,1.174794E-11,-2.756243478552));
#1653 = PCURVE('',#908,#1654);
#1654 = DEFINITIONAL_REPRESENTATION('',(#1655),#1748);
#1655 = B_SPLINE_CURVE_WITH_KNOTS('',6,(#1656,#1657,#1658,#1659,#1660,
    #1661,#1662,#1663,#1664,#1665,#1666,#1667,#1668,#1669,#1670,#1671,
    #1672,#1673,#1674,#1675,#1676,#1677,#1678,#1679,#1680,#1681,#1682,
    #1683,#1684,#1685,#1686,#1687,#1688,#1689,#1690,#1691,#1692,#1693,
    #1694,#1695,#1696,#1697,#1698,#1699,#1700,#1701,#1702,#1703,#1704,
    #1705,#1706,#1707,#1708,#1709,#1710,#1711,#1712,#1713,#1714,#1715,
    #1716,#1717,#1718,#1719,#1720,#1721,#1722,#1723,#1724,#1725,#1726,
    #1727,#1728,#1729,#1730,#1731,#1732,#1733,#1734,#1735,#1736,#1737,
    #1738,#1739,#1740,#1741,#1742,#1743,#1744,#1745,#1746,#1747),
  .UNSPECIFIED.,.F.,.F.,(7,5,5,5,5,5,5,5,5,5,5,5,5,5,5,5,5,5,7),(0.,
    2.402081911095E-02,5.602026725297E-02,0.127020342508,0.22812529848,
    0.263669461515,0.32013444309,0.373137775268,0.401357174158,
    0.499664047253,0.598489082943,0.641403527009,0.702406038619,
    0.737646268402,0.811252021593,0.858255472406,0.874630244705,
    0.970625041151,1.),.UNSPECIFIED.);
#1656 = CARTESIAN_POINT('',(5.251449253416E-02,0.));
#1657 = CARTESIAN_POINT('',(5.25144125714E-02,2.530943154587E-02));
#1658 = CARTESIAN_POINT('',(5.251464624178E-02,5.061890606913E-02));
#1659 = CARTESIAN_POINT('',(5.251499848244E-02,7.592852392804E-02));
#1660 = CARTESIAN_POINT('',(5.251530558667E-02,0.101238338579));
#1661 = CARTESIAN_POINT('',(5.251543520392E-02,0.126548356578));
#1662 = CARTESIAN_POINT('',(5.251508802973E-02,0.185575615274));
#1663 = CARTESIAN_POINT('',(5.25143963153E-02,0.219293055709));
#1664 = CARTESIAN_POINT('',(5.251300578825E-02,0.253010771192));
#1665 = CARTESIAN_POINT('',(5.251083449964E-02,0.286728654246));
#1666 = CARTESIAN_POINT('',(5.250792395988E-02,0.320446577599));
#1667 = CARTESIAN_POINT('',(5.249670704998E-02,0.428977169232));
#1668 = CARTESIAN_POINT('',(5.248611850314E-02,0.503794358104));
#1669 = CARTESIAN_POINT('',(5.247419268488E-02,0.578604476573));
#1670 = CARTESIAN_POINT('',(5.246464215261E-02,0.653412389231));
#1671 = CARTESIAN_POINT('',(5.245962892651E-02,0.728224267961));
#1672 = CARTESIAN_POINT('',(5.24594677612E-02,0.909555501708));
#1673 = CARTESIAN_POINT('',(5.246935881632E-02,1.016105932824));
#1674 = CARTESIAN_POINT('',(5.249085051271E-02,1.122624425248));
#1675 = CARTESIAN_POINT('',(5.251697311229E-02,1.229146081457));
#1676 = CARTESIAN_POINT('',(5.253896243772E-02,1.335702307983));
#1677 = CARTESIAN_POINT('',(5.255879750373E-02,1.479683841613));
#1678 = CARTESIAN_POINT('',(5.2563048137E-02,1.517135464779));
#1679 = CARTESIAN_POINT('',(5.25662371223E-02,1.55458721356));
#1680 = CARTESIAN_POINT('',(5.256828233047E-02,1.592039002384));
#1681 = CARTESIAN_POINT('',(5.256917243296E-02,1.629490740898));
#1682 = CARTESIAN_POINT('',(5.256864039803E-02,1.726437433376));
#1683 = CARTESIAN_POINT('',(5.256554951634E-02,1.785933799084));
#1684 = CARTESIAN_POINT('',(5.255991166459E-02,1.845427988184));
#1685 = CARTESIAN_POINT('',(5.25523907213E-02,1.904921561299));
#1686 = CARTESIAN_POINT('',(5.254384473003E-02,1.964416197872));
#1687 = CARTESIAN_POINT('',(5.252684018164E-02,2.079754163243));
#1688 = CARTESIAN_POINT('',(5.251840423309E-02,2.135600102586));
#1689 = CARTESIAN_POINT('',(5.251043698487E-02,2.19144435632));
#1690 = CARTESIAN_POINT('',(5.250351959059E-02,2.24728835561));
#1691 = CARTESIAN_POINT('',(5.249804163152E-02,2.303133577512));
#1692 = CARTESIAN_POINT('',(5.249200087298E-02,2.388709844251));
#1693 = CARTESIAN_POINT('',(5.249033875861E-02,2.418441862736));
#1694 = CARTESIAN_POINT('',(5.248912889711E-02,2.448173968578));
#1695 = CARTESIAN_POINT('',(5.248836840239E-02,2.477906183043));
#1696 = CARTESIAN_POINT('',(5.248803588952E-02,2.507638522065));
#1697 = CARTESIAN_POINT('',(5.248828511498E-02,2.64094891361));
#1698 = CARTESIAN_POINT('',(5.249318069675E-02,2.744552418217));
#1699 = CARTESIAN_POINT('',(5.250127474808E-02,2.848130801127));
#1700 = CARTESIAN_POINT('',(5.250834027476E-02,2.951712033431));
#1701 = CARTESIAN_POINT('',(5.251164828567E-02,3.055322419298));
#1702 = CARTESIAN_POINT('',(5.251103923552E-02,3.263041443112));
#1703 = CARTESIAN_POINT('',(5.250708441711E-02,3.367198240282));
#1704 = CARTESIAN_POINT('',(5.24994370485E-02,3.471324974296));
#1705 = CARTESIAN_POINT('',(5.24910027597E-02,3.57544875892));
#1706 = CARTESIAN_POINT('',(5.248610189275E-02,3.679598526936));
#1707 = CARTESIAN_POINT('',(5.248620294226E-02,3.828937752263));
#1708 = CARTESIAN_POINT('',(5.248717305666E-02,3.874153244977));
#1709 = CARTESIAN_POINT('',(5.248921372498E-02,3.919368064979));
#1710 = CARTESIAN_POINT('',(5.249236001277E-02,3.964582762844));
#1711 = CARTESIAN_POINT('',(5.24965422835E-02,4.009797896514));
#1712 = CARTESIAN_POINT('',(5.250873493236E-02,4.119285251274));
#1713 = CARTESIAN_POINT('',(5.251761294421E-02,4.183560094207));
#1714 = CARTESIAN_POINT('',(5.252772298249E-02,4.247832887971));
#1715 = CARTESIAN_POINT('',(5.253808790899E-02,4.312106361694));
#1716 = CARTESIAN_POINT('',(5.254757306634E-02,4.376383098682));
#1717 = CARTESIAN_POINT('',(5.25596333829E-02,4.477789081534));
#1718 = CARTESIAN_POINT('',(5.256344079698E-02,4.514920132175));
#1719 = CARTESIAN_POINT('',(5.256644441079E-02,4.552051382922));
#1720 = CARTESIAN_POINT('',(5.256849646081E-02,4.589182770017));
#1721 = CARTESIAN_POINT('',(5.256949663043E-02,4.626314214874));
#1722 = CARTESIAN_POINT('',(5.2569173614E-02,4.741001456088));
#1723 = CARTESIAN_POINT('',(5.256415306359E-02,4.818563041437));
#1724 = CARTESIAN_POINT('',(5.255394858957E-02,4.896117541864));
#1725 = CARTESIAN_POINT('',(5.253941695455E-02,4.973670883833));
#1726 = CARTESIAN_POINT('',(5.252313152335E-02,5.051229445256));
#1727 = CARTESIAN_POINT('',(5.249764309154E-02,5.178304562385));
#1728 = CARTESIAN_POINT('',(5.248800649758E-02,5.227828031892));
#1729 = CARTESIAN_POINT('',(5.247931951755E-02,5.277350415588));
#1730 = CARTESIAN_POINT('',(5.247221747524E-02,5.326872579681));
#1731 = CARTESIAN_POINT('',(5.246716060539E-02,5.376395447631));
#1732 = CARTESIAN_POINT('',(5.246327185414E-02,5.443170310972));
#1733 = CARTESIAN_POINT('',(5.246253097663E-02,5.460422692693));
#1734 = CARTESIAN_POINT('',(5.246205981906E-02,5.477675114374));
#1735 = CARTESIAN_POINT('',(5.246185947159E-02,5.494927582967));
#1736 = CARTESIAN_POINT('',(5.246192623781E-02,5.512180105793));
#1737 = CARTESIAN_POINT('',(5.246415922841E-02,5.630573538863));
#1738 = CARTESIAN_POINT('',(5.247488907201E-02,5.731737752742));
#1739 = CARTESIAN_POINT('',(5.249314476069E-02,5.832880898114));
#1740 = CARTESIAN_POINT('',(5.251020764814E-02,5.934029450734));
#1741 = CARTESIAN_POINT('',(5.251593260902E-02,6.035201907391));
#1742 = CARTESIAN_POINT('',(5.251618003724E-02,6.16730223719));
#1743 = CARTESIAN_POINT('',(5.251570397627E-02,6.198253981139));
#1744 = CARTESIAN_POINT('',(5.251485634182E-02,6.229205386479));
#1745 = CARTESIAN_POINT('',(5.251388857535E-02,6.260156447866));
#1746 = CARTESIAN_POINT('',(5.251314109822E-02,6.291107260413));
#1747 = CARTESIAN_POINT('',(5.251304331172E-02,6.322058019692));
#1748 = ( GEOMETRIC_REPRESENTATION_CONTEXT(2) 
PARAMETRIC_REPRESENTATION_CONTEXT() REPRESENTATION_CONTEXT('2D SPACE',''
  ) );
#1749 = PCURVE('',#238,#1750);
#1750 = DEFINITIONAL_REPRESENTATION('',(#1751),#1887);
#1751 = B_SPLINE_CURVE_WITH_KNOTS('',3,(#1752,#1753,#1754,#1755,#1756,
    #1757,#1758,#1759,#1760,#1761,#1762,#1763,#1764,#1765,#1766,#1767,
    #1768,#1769,#1770,#1771,#1772,#1773,#1774,#1775,#1776,#1777,#1778,
    #1779,#1780,#1781,#1782,#1783,#1784,#1785,#1786,#1787,#1788,#1789,
    #1790,#1791,#1792,#1793,#1794,#1795,#1796,#1797,#1798,#1799,#1800,
    #1801,#1802,#1803,#1804,#1805,#1806,#1807,#1808,#1809,#1810,#1811,
    #1812,#1813,#1814,#1815,#1816,#1817,#1818,#1819,#1820,#1821,#1822,
    #1823,#1824,#1825,#1826,#1827,#1828,#1829,#1830,#1831,#1832,#1833,
    #1834,#1835,#1836,#1837,#1838,#1839,#1840,#1841,#1842,#1843,#1844,
    #1845,#1846,#1847,#1848,#1849,#1850,#1851,#1852,#1853,#1854,#1855,
    #1856,#1857,#1858,#1859,#1860,#1861,#1862,#1863,#1864,#1865,#1866,
    #1867,#1868,#1869,#1870,#1871,#1872,#1873,#1874,#1875,#1876,#1877,
    #1878,#1879,#1880,#1881,#1882,#1883,#1884,#1885,#1886),
  .UNSPECIFIED.,.F.,.F.,(4,1,1,1,1,1,1,1,1,1,1,1,1,1,1,1,1,1,1,1,1,1,1,1
    ,1,1,1,1,1,1,1,1,1,1,1,1,1,1,1,1,1,1,1,1,1,1,1,1,1,1,1,1,1,1,1,1,1,1
    ,1,1,1,1,1,1,1,1,1,1,1,1,1,1,1,1,1,1,1,1,1,1,1,1,1,1,1,1,1,1,1,1,1,1
    ,1,1,1,1,1,1,1,1,1,1,1,1,1,1,1,1,1,1,1,1,1,1,1,1,1,1,1,1,1,1,1,1,1,1
    ,1,1,1,1,1,1,4),(0.,7.575757575758E-03,1.515151515152E-02,
    2.272727272727E-02,3.030303030303E-02,3.787878787879E-02,
    4.545454545455E-02,5.30303030303E-02,6.060606060606E-02,
    6.818181818182E-02,7.575757575758E-02,8.333333333333E-02,
    9.090909090909E-02,9.848484848485E-02,0.106060606061,0.113636363636,
    0.121212121212,0.128787878788,0.136363636364,0.143939393939,
    0.151515151515,0.159090909091,0.166666666667,0.174242424242,
    0.181818181818,0.189393939394,0.19696969697,0.204545454545,
    0.212121212121,0.219696969697,0.227272727273,0.234848484848,
    0.242424242424,0.25,0.257575757576,0.265151515152,0.272727272727,
    0.280303030303,0.287878787879,0.295454545455,0.30303030303,
    0.310606060606,0.318181818182,0.325757575758,0.333333333333,
    0.340909090909,0.348484848485,0.356060606061,0.363636363636,
    0.371212121212,0.378787878788,0.386363636364,0.393939393939,
    0.401515151515,0.409090909091,0.416666666667,0.424242424242,
    0.431818181818,0.439393939394,0.44696969697,0.454545454545,
    0.462121212121,0.469696969697,0.477272727273,0.484848484848,
    0.492424242424,0.5,0.507575757576,0.515151515152,0.522727272727,
    0.530303030303,0.537878787879,0.545454545455,0.55303030303,
    0.560606060606,0.568181818182,0.575757575758,0.583333333333,
    0.590909090909,0.598484848485,0.606060606061,0.613636363636,
    0.621212121212,0.628787878788,0.636363636364,0.643939393939,
    0.651515151515,0.659090909091,0.666666666667,0.674242424242,
    0.681818181818,0.689393939394,0.69696969697,0.704545454545,
    0.712121212121,0.719696969697,0.727272727273,0.734848484848,
    0.742424242424,0.75,0.757575757576,0.765151515152,0.772727272727,
    0.780303030303,0.787878787879,0.795454545455,0.80303030303,
    0.810606060606,0.818181818182,0.825757575758,0.833333333333,
    0.840909090909,0.848484848485,0.856060606061,0.863636363636,
    0.871212121212,0.878787878788,0.886363636364,0.893939393939,
    0.901515151515,0.909090909091,0.916666666667,0.924242424242,
    0.931818181818,0.939393939394,0.94696969697,0.954545454545,
    0.962121212121,0.969696969697,0.977272727273,0.984848484848,
    0.992424242424,1.),.UNSPECIFIED.);
#1752 = CARTESIAN_POINT('',(-25.13274122871,1.35624275399));
#1753 = CARTESIAN_POINT('',(-25.11687505618,1.358010398299));
#1754 = CARTESIAN_POINT('',(-25.08514272442,1.361545559143));
#1755 = CARTESIAN_POINT('',(-25.0375443012,1.366848207787));
#1756 = CARTESIAN_POINT('',(-24.98994600175,1.37215108154));
#1757 = CARTESIAN_POINT('',(-24.94234782347,1.377454403502));
#1758 = CARTESIAN_POINT('',(-24.89474976637,1.382758314977));
#1759 = CARTESIAN_POINT('',(-24.84715184335,1.388062864357));
#1760 = CARTESIAN_POINT('',(-24.79955392682,1.39336802995));
#1761 = CARTESIAN_POINT('',(-24.75195600522,1.398673728319));
#1762 = CARTESIAN_POINT('',(-24.7043569356,1.403979942957));
#1763 = CARTESIAN_POINT('',(-24.65675788274,1.409286367866));
#1764 = CARTESIAN_POINT('',(-24.60915897659,1.414592791091));
#1765 = CARTESIAN_POINT('',(-24.56156018018,1.419899016248));
#1766 = CARTESIAN_POINT('',(-24.51396127153,1.425204877222));
#1767 = CARTESIAN_POINT('',(-24.46636200191,1.430510230658));
#1768 = CARTESIAN_POINT('',(-24.41876238805,1.4358149314));
#1769 = CARTESIAN_POINT('',(-24.37116228661,1.441118885584));
#1770 = CARTESIAN_POINT('',(-24.32356374243,1.446421797479));
#1771 = CARTESIAN_POINT('',(-24.27596202749,1.451724161722));
#1772 = CARTESIAN_POINT('',(-24.2283585046,1.457025843964));
#1773 = CARTESIAN_POINT('',(-24.18075487834,1.462326703812));
#1774 = CARTESIAN_POINT('',(-24.13315179776,1.467626750555));
#1775 = CARTESIAN_POINT('',(-24.08554947949,1.472926071381));
#1776 = CARTESIAN_POINT('',(-24.03794775944,1.47822482066));
#1777 = CARTESIAN_POINT('',(-23.99034627533,1.483523192919));
#1778 = CARTESIAN_POINT('',(-23.94274459855,1.488821400411));
#1779 = CARTESIAN_POINT('',(-23.89514237861,1.494119649057));
#1780 = CARTESIAN_POINT('',(-23.84753947034,1.499418116728));
#1781 = CARTESIAN_POINT('',(-23.79993614209,1.504716924245));
#1782 = CARTESIAN_POINT('',(-23.75233304324,1.510016133578));
#1783 = CARTESIAN_POINT('',(-23.70473215828,1.515315645002));
#1784 = CARTESIAN_POINT('',(-23.65713419456,1.520615471616));
#1785 = CARTESIAN_POINT('',(-23.60953555865,1.525916092917));
#1786 = CARTESIAN_POINT('',(-23.56193725211,1.531217444054));
#1787 = CARTESIAN_POINT('',(-23.51433881754,1.536519572717));
#1788 = CARTESIAN_POINT('',(-23.46674055631,1.541822441311));
#1789 = CARTESIAN_POINT('',(-23.41914187594,1.547126091208));
#1790 = CARTESIAN_POINT('',(-23.37154311891,1.552430418262));
#1791 = CARTESIAN_POINT('',(-23.32394449418,1.557735324133));
#1792 = CARTESIAN_POINT('',(-23.27634590871,1.563040725315));
#1793 = CARTESIAN_POINT('',(-23.22874721058,1.568346533672));
#1794 = CARTESIAN_POINT('',(-23.18114830112,1.573652647378));
#1795 = CARTESIAN_POINT('',(-23.13354937244,1.578958928741));
#1796 = CARTESIAN_POINT('',(-23.08595076348,1.584265224065));
#1797 = CARTESIAN_POINT('',(-23.03835168835,1.589571509769));
#1798 = CARTESIAN_POINT('',(-22.99075272695,1.59487761824));
#1799 = CARTESIAN_POINT('',(-22.94315379105,1.600183469002));
#1800 = CARTESIAN_POINT('',(-22.89555478581,1.60548899603));
#1801 = CARTESIAN_POINT('',(-22.84795562171,1.610794148295));
#1802 = CARTESIAN_POINT('',(-22.80035643334,1.616098868982));
#1803 = CARTESIAN_POINT('',(-22.75275761498,1.621403086746));
#1804 = CARTESIAN_POINT('',(-22.70515877414,1.626706846618));
#1805 = CARTESIAN_POINT('',(-22.65755983559,1.632010167685));
#1806 = CARTESIAN_POINT('',(-22.60996149016,1.637312995036));
#1807 = CARTESIAN_POINT('',(-22.56236103483,1.642615680286));
#1808 = CARTESIAN_POINT('',(-22.51475839677,1.647918289594));
#1809 = CARTESIAN_POINT('',(-22.46715572074,1.653220654551));
#1810 = CARTESIAN_POINT('',(-22.41955357732,1.658522782911));
#1811 = CARTESIAN_POINT('',(-22.37195223083,1.663824721983));
#1812 = CARTESIAN_POINT('',(-22.32435152095,1.669126569038));
#1813 = CARTESIAN_POINT('',(-22.27675109398,1.674428442528));
#1814 = CARTESIAN_POINT('',(-22.22915052144,1.679730464604));
#1815 = CARTESIAN_POINT('',(-22.18154945875,1.685032739189));
#1816 = CARTESIAN_POINT('',(-22.13394773653,1.690335338094));
#1817 = CARTESIAN_POINT('',(-22.08634570464,1.695638260937));
#1818 = CARTESIAN_POINT('',(-22.03874369656,1.700941493397));
#1819 = CARTESIAN_POINT('',(-21.99114486351,1.706244699858));
#1820 = CARTESIAN_POINT('',(-21.9435454962,1.71154828729));
#1821 = CARTESIAN_POINT('',(-21.89594344423,1.716852479001));
#1822 = CARTESIAN_POINT('',(-21.84834138093,1.722156944678));
#1823 = CARTESIAN_POINT('',(-21.80073970934,1.727461585969));
#1824 = CARTESIAN_POINT('',(-21.75313871555,1.732766306977));
#1825 = CARTESIAN_POINT('',(-21.70553821365,1.738071056958));
#1826 = CARTESIAN_POINT('',(-21.6579378403,1.743375800205));
#1827 = CARTESIAN_POINT('',(-21.61033715814,1.74868050587));
#1828 = CARTESIAN_POINT('',(-21.56273581186,1.753985131802));
#1829 = CARTESIAN_POINT('',(-21.51513364467,1.759289613269));
#1830 = CARTESIAN_POINT('',(-21.46753094236,1.764593839052));
#1831 = CARTESIAN_POINT('',(-21.41992827019,1.769897674095));
#1832 = CARTESIAN_POINT('',(-21.37232791351,1.775200809448));
#1833 = CARTESIAN_POINT('',(-21.32472944875,1.780503257421));
#1834 = CARTESIAN_POINT('',(-21.27713031461,1.785805269619));
#1835 = CARTESIAN_POINT('',(-21.22953134826,1.79110674557));
#1836 = CARTESIAN_POINT('',(-21.18193229172,1.796407723079));
#1837 = CARTESIAN_POINT('',(-21.13433309664,1.80170823589));
#1838 = CARTESIAN_POINT('',(-21.08673413301,1.807008290087));
#1839 = CARTESIAN_POINT('',(-21.03913454752,1.812308046711));
#1840 = CARTESIAN_POINT('',(-20.99153496781,1.817607515967));
#1841 = CARTESIAN_POINT('',(-20.94393560174,1.822906771267));
#1842 = CARTESIAN_POINT('',(-20.8963364022,1.828205925405));
#1843 = CARTESIAN_POINT('',(-20.84873720483,1.833505111751));
#1844 = CARTESIAN_POINT('',(-20.80113791899,1.838804459658));
#1845 = CARTESIAN_POINT('',(-20.75353854857,1.844104087978));
#1846 = CARTESIAN_POINT('',(-20.70593983233,1.849404031959));
#1847 = CARTESIAN_POINT('',(-20.65834123326,1.854704448575));
#1848 = CARTESIAN_POINT('',(-20.61074275861,1.860005456695));
#1849 = CARTESIAN_POINT('',(-20.56314436034,1.865307126296));
#1850 = CARTESIAN_POINT('',(-20.51554595889,1.870609509439));
#1851 = CARTESIAN_POINT('',(-20.46794758484,1.875912661736));
#1852 = CARTESIAN_POINT('',(-20.42034798039,1.881216728099));
#1853 = CARTESIAN_POINT('',(-20.37274846464,1.886521548341));
#1854 = CARTESIAN_POINT('',(-20.32514920542,1.891827061057));
#1855 = CARTESIAN_POINT('',(-20.27755019837,1.897133198848));
#1856 = CARTESIAN_POINT('',(-20.22995121217,1.90243989572));
#1857 = CARTESIAN_POINT('',(-20.18235198917,1.907747066614));
#1858 = CARTESIAN_POINT('',(-20.13475240724,1.913054591832));
#1859 = CARTESIAN_POINT('',(-20.08715253189,1.918362315306));
#1860 = CARTESIAN_POINT('',(-20.03955317901,1.923669988199));
#1861 = CARTESIAN_POINT('',(-19.99195461842,1.928977422889));
#1862 = CARTESIAN_POINT('',(-19.94435560407,1.934284599488));
#1863 = CARTESIAN_POINT('',(-19.89675670094,1.939591308215));
#1864 = CARTESIAN_POINT('',(-19.84915773197,1.944897438096));
#1865 = CARTESIAN_POINT('',(-19.8015586466,1.950202886211));
#1866 = CARTESIAN_POINT('',(-19.75395947772,1.955507568401));
#1867 = CARTESIAN_POINT('',(-19.70636057738,1.960811398177));
#1868 = CARTESIAN_POINT('',(-19.65876164321,1.966114399345));
#1869 = CARTESIAN_POINT('',(-19.61116279826,1.971416584375));
#1870 = CARTESIAN_POINT('',(-19.56356081995,1.976718379275));
#1871 = CARTESIAN_POINT('',(-19.51595838643,1.982019589876));
#1872 = CARTESIAN_POINT('',(-19.46835625301,1.987320267362));
#1873 = CARTESIAN_POINT('',(-19.4207548782,1.992620523119));
#1874 = CARTESIAN_POINT('',(-19.37315421805,1.997920543412));
#1875 = CARTESIAN_POINT('',(-19.32555398638,2.003220549736));
#1876 = CARTESIAN_POINT('',(-19.27795377237,2.008520773077));
#1877 = CARTESIAN_POINT('',(-19.23035319155,2.013821423282));
#1878 = CARTESIAN_POINT('',(-19.18275201518,2.019122660475));
#1879 = CARTESIAN_POINT('',(-19.13515036509,2.024424559614));
#1880 = CARTESIAN_POINT('',(-19.08754872157,2.029727096856));
#1881 = CARTESIAN_POINT('',(-19.03994870746,2.03503005194));
#1882 = CARTESIAN_POINT('',(-18.99235108354,2.040333221134));
#1883 = CARTESIAN_POINT('',(-18.94475272017,2.045636760473));
#1884 = CARTESIAN_POINT('',(-18.8971544054,2.050940316225));
#1885 = CARTESIAN_POINT('',(-18.86542209142,2.054475825809));
#1886 = CARTESIAN_POINT('',(-18.84955592153,2.056243478552));
#1887 = ( GEOMETRIC_REPRESENTATION_CONTEXT(2) 
PARAMETRIC_REPRESENTATION_CONTEXT() REPRESENTATION_CONTEXT('2D SPACE',''
  ) );
#1888 = ORIENTED_EDGE('',*,*,#895,.T.);
#1889 = ORIENTED_EDGE('',*,*,#1890,.T.);
#1890 = EDGE_CURVE('',#780,#1891,#1893,.T.);
#1891 = VERTEX_POINT('',#1892);
#1892 = CARTESIAN_POINT('',(1.576117113554,7.96397517E-07,
    -2.537513975215));
#1893 = SURFACE_CURVE('',#1894,(#1906,#1913),.PCURVE_S1.);
#1894 = B_SPLINE_CURVE_WITH_KNOTS('',10,(#1895,#1896,#1897,#1898,#1899,
    #1900,#1901,#1902,#1903,#1904,#1905),.UNSPECIFIED.,.F.,.F.,(11,11),(
    0.,6.322058019692),.PIECEWISE_BEZIER_KNOTS.);
#1895 = CARTESIAN_POINT('',(1.576117472221,8.848856984E-07,
    -1.837515528009));
#1896 = CARTESIAN_POINT('',(1.576117533751,-0.990354141759,
    -1.907513387856));
#1897 = CARTESIAN_POINT('',(0.884859590256,-1.980174616444,
    -1.977474577836));
#1898 = CARTESIAN_POINT('',(-0.49895231175,-2.426294944036,
    -2.047628132351));
#1899 = CARTESIAN_POINT('',(-2.079967956086,-1.801107431128,
    -2.117398540997));
#1900 = CARTESIAN_POINT('',(-2.916361915605,-9.07487714509E-06,
    -2.187514751429));
#1901 = CARTESIAN_POINT('',(-2.079914912436,1.801116307087,
    -2.257630962519));
#1902 = CARTESIAN_POINT('',(-0.499007841595,2.426290159545,
    -2.327401370732));
#1903 = CARTESIAN_POINT('',(0.884875877227,1.980176250627,
    -2.397554925422));
#1904 = CARTESIAN_POINT('',(1.576117107601,0.990355823042,
    -2.467516115368));
#1905 = CARTESIAN_POINT('',(1.576117113554,7.9639751007E-07,
    -2.537513975215));
#1906 = PCURVE('',#908,#1907);
#1907 = DEFINITIONAL_REPRESENTATION('',(#1908),#1912);
#1908 = LINE('',#1909,#1910);
#1909 = CARTESIAN_POINT('',(0.49,0.));
#1910 = VECTOR('',#1911,1.);
#1911 = DIRECTION('',(0.,1.));
#1912 = ( GEOMETRIC_REPRESENTATION_CONTEXT(2) 
PARAMETRIC_REPRESENTATION_CONTEXT() REPRESENTATION_CONTEXT('2D SPACE',''
  ) );
#1913 = PCURVE('',#1914,#1999);
#1914 = ( BOUNDED_SURFACE() B_SPLINE_SURFACE(6,11,(
    (#1915,#1916,#1917,#1918,#1919,#1920,#1921,#1922,#1923,#1924,#1925
      ,#1926)
    ,(#1927,#1928,#1929,#1930,#1931,#1932,#1933,#1934,#1935,#1936,#1937
      ,#1938)
    ,(#1939,#1940,#1941,#1942,#1943,#1944,#1945,#1946,#1947,#1948,#1949
      ,#1950)
    ,(#1951,#1952,#1953,#1954,#1955,#1956,#1957,#1958,#1959,#1960,#1961
      ,#1962)
    ,(#1963,#1964,#1965,#1966,#1967,#1968,#1969,#1970,#1971,#1972,#1973
      ,#1974)
    ,(#1975,#1976,#1977,#1978,#1979,#1980,#1981,#1982,#1983,#1984,#1985
      ,#1986)
    ,(#1987,#1988,#1989,#1990,#1991,#1992,#1993,#1994,#1995,#1996,#1997
,#1998
    )),.UNSPECIFIED.,.F.,.F.,.F.) B_SPLINE_SURFACE_WITH_KNOTS((7,7),(12,
    12),(0.,2.094395102393),(0.,6.322058019692),
.PIECEWISE_BEZIER_KNOTS.) GEOMETRIC_REPRESENTATION_ITEM() 
RATIONAL_B_SPLINE_SURFACE((
    (1.056590953773,1.056590953773,1.056590953773,1.056590953773
      ,1.056590953773,1.056590953773,1.056590953773,1.056590953773
      ,1.056590953773,1.056590953773,1.056590953773,1.056590953773)
    ,(1.017435169568,1.017435169568,1.017435169568,1.017435169568
      ,1.017435169568,1.017435169569,1.017435169568,1.017435169568
      ,1.017435169568,1.017435169568,1.017435169568,1.017435169568)
    ,(0.996326512422,0.996326512422,0.996326512422,0.996326512422
      ,0.996326512422,0.996326512423,0.996326512421,0.996326512423
      ,0.996326512422,0.996326512422,0.996326512422,0.996326512422)
    ,(0.989390034249,0.989390034249,0.989390034249,0.989390034249
      ,0.989390034248,0.989390034249,0.989390034248,0.989390034249
      ,0.989390034248,0.989390034249,0.989390034249,0.989390034249)
    ,(0.996326512422,0.996326512422,0.996326512422,0.996326512422
      ,0.996326512422,0.996326512423,0.996326512421,0.996326512423
      ,0.996326512422,0.996326512422,0.996326512422,0.996326512422)
    ,(1.017435169568,1.017435169568,1.017435169568,1.017435169568
      ,1.017435169568,1.017435169568,1.017435169568,1.017435169568
      ,1.017435169568,1.017435169568,1.017435169568,1.017435169568)
    ,(1.056590953773,1.056590953773,1.056590953773,1.056590953773
      ,1.056590953773,1.056590953773,1.056590953773,1.056590953773
      ,1.056590953773,1.056590953773,1.056590953773,1.056590953773
))) REPRESENTATION_ITEM('') SURFACE() );
#1915 = CARTESIAN_POINT('',(1.576117472221,8.8488569971E-07,
    -1.837515528009));
#1916 = CARTESIAN_POINT('',(1.576117528158,-0.90032186661,
    -1.901149946052));
#1917 = CARTESIAN_POINT('',(1.010542852709,-1.80020725741,
    -1.964754361476));
#1918 = CARTESIAN_POINT('',(-0.121528451776,-2.307159323849,
    -2.02859267155));
#1919 = CARTESIAN_POINT('',(-1.505134159792,-2.018495073228,
    -2.091645128044));
#1920 = CARTESIAN_POINT('',(-2.536038229765,-0.836463845339,
    -2.156326523944));
#1921 = CARTESIAN_POINT('',(-2.536303345678,0.83645798,-2.218702979213)
  );
#1922 = CARTESIAN_POINT('',(-1.504958630484,2.01849898175,
    -2.283384375315));
#1923 = CARTESIAN_POINT('',(-0.121605623161,2.307156289906,
    -2.34643683158));
#1924 = CARTESIAN_POINT('',(1.010556100931,1.800208900157,
    -2.410275141776));
#1925 = CARTESIAN_POINT('',(1.576117108143,0.900323547893,
    -2.473879557172));
#1926 = CARTESIAN_POINT('',(1.576117113554,7.9639750988E-07,
    -2.537513975215));
#1927 = CARTESIAN_POINT('',(1.544398813686,9.5896387442E-07,
    -1.819204485181));
#1928 = CARTESIAN_POINT('',(1.544399005956,-0.882208064694,
    -1.882838740345));
#1929 = CARTESIAN_POINT('',(0.990204640564,-1.763945314766,
    -1.946440481183));
#1930 = CARTESIAN_POINT('',(-0.119078846289,-2.260839014219,
    -2.010295697464));
#1931 = CARTESIAN_POINT('',(-1.474843556487,-1.977645889691,
    -2.073299271436));
#1932 = CARTESIAN_POINT('',(-2.485018088309,-0.819954587617,
    -2.138068153496));
#1933 = CARTESIAN_POINT('',(-2.485227989173,0.819949156834,
    -2.200339134024));
#1934 = CARTESIAN_POINT('',(-1.474705388293,1.977648510348,
    -2.265108016243));
#1935 = CARTESIAN_POINT('',(-0.119140590018,2.260836576925,
    -2.328111590036));
#1936 = CARTESIAN_POINT('',(0.99021455372,1.763946929633,-2.391966806413
    ));
#1937 = CARTESIAN_POINT('',(1.54439839255,0.882209886725,-2.455568547227
    ));
#1938 = CARTESIAN_POINT('',(1.544398530065,8.6306779279E-07,
    -2.519202802392));
#1939 = CARTESIAN_POINT('',(1.522045843019,1.0111678509E-06,
    -1.788211167873));
#1940 = CARTESIAN_POINT('',(1.522046224254,-0.869442814518,
    -1.851845308253));
#1941 = CARTESIAN_POINT('',(0.975873360584,-1.738390673342,
    -1.91544516424));
#1942 = CARTESIAN_POINT('',(-0.117360269725,-2.228195631056,
    -1.979312294761));
#1943 = CARTESIAN_POINT('',(-1.453478644697,-1.948859016067,
    -2.04228141997));
#1944 = CARTESIAN_POINT('',(-2.449090224902,-0.808319773417,
    -2.107111955743));
#1945 = CARTESIAN_POINT('',(-2.449206596458,0.808315301938,
    -2.169308605576));
#1946 = CARTESIAN_POINT('',(-1.453403534817,1.948859589586,
    -2.234139141433));
#1947 = CARTESIAN_POINT('',(-0.117395697569,2.22819421442,
    -2.297108266547));
#1948 = CARTESIAN_POINT('',(0.975877787769,1.738392151859,
    -2.360975397121));
#1949 = CARTESIAN_POINT('',(1.52204536292,0.869444735736,-2.424575253093
    ));
#1950 = CARTESIAN_POINT('',(1.522045686419,9.1005123959E-07,
    -2.488209393475));
#1951 = CARTESIAN_POINT('',(1.513965443779,1.03003784629E-06,
    -1.750018075144));
#1952 = CARTESIAN_POINT('',(1.513966031915,-0.864828322183,
    -1.813652174031));
#1953 = CARTESIAN_POINT('',(0.970695105584,-1.729153049011,
    -1.877251348662));
#1954 = CARTESIAN_POINT('',(-0.11675054505,-2.216394972633,
    -1.941122786063));
#1955 = CARTESIAN_POINT('',(-1.445728072461,-1.938453739717,
    -2.004079458402));
#1956 = CARTESIAN_POINT('',(-2.436143457735,-0.8041134336,-2.06893228132
    ));
#1957 = CARTESIAN_POINT('',(-2.436144528203,0.804110283282,
    -2.131102061455));
#1958 = CARTESIAN_POINT('',(-1.445730558075,1.938451872987,
    -2.195954884367));
#1959 = CARTESIAN_POINT('',(-0.116753417701,2.216394820445,
    -2.258911556713));
#1960 = CARTESIAN_POINT('',(0.970692871159,1.729154304114,
    -2.322782994113));
#1961 = CARTESIAN_POINT('',(1.513964914385,0.864830279254,-2.38638216874
    ));
#1962 = CARTESIAN_POINT('',(1.513965443708,9.2703406707E-07,
    -2.45001626763));
#1963 = CARTESIAN_POINT('',(1.522042712417,1.01117154516E-06,
    -1.711824320217));
#1964 = CARTESIAN_POINT('',(1.522043485908,-0.869441116095,
    -1.775458460581));
#1965 = CARTESIAN_POINT('',(0.975878074112,-1.738387519674,
    -1.839058316306));
#1966 = CARTESIAN_POINT('',(-0.117392647131,-2.228190020662,
    -1.902925448466));
#1967 = CARTESIAN_POINT('',(-1.453398256312,-1.94885759187,
    -1.965894568989));
#1968 = CARTESIAN_POINT('',(-2.449200759146,-0.808316846592,
    -2.030725113056));
#1969 = CARTESIAN_POINT('',(-2.449086489311,0.808315132851,
    -2.092921752999));
#1970 = CARTESIAN_POINT('',(-1.453478246357,1.94885335328,
    -2.157752296969));
#1971 = CARTESIAN_POINT('',(-0.117362859346,2.228191138498,
    -2.220721417601));
#1972 = CARTESIAN_POINT('',(0.975869259937,1.73838850538,-2.284588549707
    ));
#1973 = CARTESIAN_POINT('',(1.522042153124,0.86944303732,-2.348188405439
    ));
#1974 = CARTESIAN_POINT('',(1.522042868878,9.1005423408E-07,
    -2.411822545806));
#1975 = CARTESIAN_POINT('',(1.54439314258,9.5897056668E-07,
    -1.680829170807));
#1976 = CARTESIAN_POINT('',(1.544394045422,-0.882204987989,
    -1.744463425942));
#1977 = CARTESIAN_POINT('',(0.990213179154,-1.763939601873,
    -1.808065166306));
#1978 = CARTESIAN_POINT('',(-0.119137498189,-2.26082885095,
    -1.871920385555));
#1979 = CARTESIAN_POINT('',(-1.474697932356,-1.977643309748,
    -1.934923951039));
#1980 = CARTESIAN_POINT('',(-2.485218321878,-0.819949285652,
    -1.999692848124));
#1981 = CARTESIAN_POINT('',(-2.485010414224,0.81994885053,
    -2.061963810736));
#1982 = CARTESIAN_POINT('',(-1.474840728779,1.977637213236,
    -2.12673270765));
#1983 = CARTESIAN_POINT('',(-0.119081103344,2.260831004869,
    -2.189736273326));
#1984 = CARTESIAN_POINT('',(0.99019910549,1.763940324012,-2.253591492478
    ));
#1985 = CARTESIAN_POINT('',(1.544392577983,0.882206810032,
    -2.317193232857));
#1986 = CARTESIAN_POINT('',(1.544393426069,8.6307321756E-07,
    -2.380827487997));
#1987 = CARTESIAN_POINT('',(1.576110300106,8.8489416022E-07,
    -1.662515528156));
#1988 = CARTESIAN_POINT('',(1.576111254688,-0.900317975574,
    -1.726149946162));
#1989 = CARTESIAN_POINT('',(1.010553651262,-1.80020003245,
    -1.789754360987));
#1990 = CARTESIAN_POINT('',(-0.121602627452,-2.307146470601,
    -1.853592674815));
#1991 = CARTESIAN_POINT('',(-1.504949992386,-2.018491810436,
    -1.916645120574));
#1992 = CARTESIAN_POINT('',(-2.53629146044,-0.836457140068,
    -1.981326535474));
#1993 = CARTESIAN_POINT('',(-2.536028183768,0.836457592624,
    -2.043702968087));
#1994 = CARTESIAN_POINT('',(-1.505129792406,2.018484694558,
    -2.108384382773));
#1995 = CARTESIAN_POINT('',(-0.121530391767,2.307149243058,
    -2.171436828773));
#1996 = CARTESIAN_POINT('',(1.010536563919,1.800200546183,
    -2.235275142478));
#1997 = CARTESIAN_POINT('',(1.576109754597,0.900319656872,
    -2.298879557324));
#1998 = CARTESIAN_POINT('',(1.576110658651,7.9640437239E-07,
    -2.362513975334));
#1999 = DEFINITIONAL_REPRESENTATION('',(#2000),#2004);
#2000 = LINE('',#2001,#2002);
#2001 = CARTESIAN_POINT('',(0.,0.));
#2002 = VECTOR('',#2003,1.);
#2003 = DIRECTION('',(0.,1.));
#2004 = ( GEOMETRIC_REPRESENTATION_CONTEXT(2) 
PARAMETRIC_REPRESENTATION_CONTEXT() REPRESENTATION_CONTEXT('2D SPACE',''
  ) );
#2005 = ORIENTED_EDGE('',*,*,#2006,.F.);
#2006 = EDGE_CURVE('',#1557,#1891,#2007,.T.);
#2007 = SURFACE_CURVE('',#2008,(#2011,#2018),.PCURVE_S1.);
#2008 = B_SPLINE_CURVE_WITH_KNOTS('',1,(#2009,#2010),.UNSPECIFIED.,.F.,
  .F.,(2,2),(0.,0.49),.PIECEWISE_BEZIER_KNOTS.);
#2009 = CARTESIAN_POINT('',(2.000478597983,-9.558115006E-08,
    -2.782498322741));
#2010 = CARTESIAN_POINT('',(1.576117113554,7.9639751007E-07,
    -2.537513975215));
#2011 = PCURVE('',#908,#2012);
#2012 = DEFINITIONAL_REPRESENTATION('',(#2013),#2017);
#2013 = LINE('',#2014,#2015);
#2014 = CARTESIAN_POINT('',(0.,6.322058019692));
#2015 = VECTOR('',#2016,1.);
#2016 = DIRECTION('',(1.,0.));
#2017 = ( GEOMETRIC_REPRESENTATION_CONTEXT(2) 
PARAMETRIC_REPRESENTATION_CONTEXT() REPRESENTATION_CONTEXT('2D SPACE',''
  ) );
#2018 = PCURVE('',#2019,#2042);
#2019 = B_SPLINE_SURFACE_WITH_KNOTS('',1,10,(
    (#2020,#2021,#2022,#2023,#2024,#2025,#2026,#2027,#2028,#2029,#2030)
    ,(#2031,#2032,#2033,#2034,#2035,#2036,#2037,#2038,#2039,#2040,#2041
    )),.UNSPECIFIED.,.F.,.F.,.F.,(2,2),(11,11),(0.,0.49),(0.,
    6.322058019692),.PIECEWISE_BEZIER_KNOTS.);
#2020 = CARTESIAN_POINT('',(2.000478597983,-9.558114027E-08,
    -2.782498322741));
#2021 = CARTESIAN_POINT('',(2.000476659794,-1.256931280278,
    -2.852498579631));
#2022 = CARTESIAN_POINT('',(1.123128082116,-2.513890637357,
    -2.92250323812));
#2023 = CARTESIAN_POINT('',(-0.633445270297,-3.078281996834,
    -2.992484806377));
#2024 = CARTESIAN_POINT('',(-2.63958833183,-2.287258078605,
    -3.062512365471));
#2025 = CARTESIAN_POINT('',(-3.702176021007,-2.839708195477E-05,
    -3.132498415219));
#2026 = CARTESIAN_POINT('',(-2.639379275931,2.287300462062,
    -3.202484467535));
#2027 = CARTESIAN_POINT('',(-0.633646155685,3.078265901754,
    -3.272512024945));
#2028 = CARTESIAN_POINT('',(1.123198222817,2.513893157805,
    -3.342493593868));
#2029 = CARTESIAN_POINT('',(2.000479166805,1.256931099738,
    -3.412498252243));
#2030 = CARTESIAN_POINT('',(2.000477235288,-8.495975917E-08,
    -3.482498509125));
#2031 = CARTESIAN_POINT('',(1.576117113554,7.963975151E-07,
    -2.537513975215));
#2032 = CARTESIAN_POINT('',(1.576117119507,-0.990354004941,
    -2.607511835061));
#2033 = CARTESIAN_POINT('',(0.884859277724,-1.980174215051,
    -2.677473025002));
#2034 = CARTESIAN_POINT('',(-0.498952334439,-2.426294364893,
    -2.747626579666));
#2035 = CARTESIAN_POINT('',(-2.079967584058,-1.80110690365,
    -2.817396988091));
#2036 = CARTESIAN_POINT('',(-2.916361251447,-8.91088238046E-06,
    -2.887513198634));
#2037 = CARTESIAN_POINT('',(-2.079914338631,1.801116012762,
    -2.957629409836));
#2038 = CARTESIAN_POINT('',(-0.499007591441,2.4262896366,-3.027399817827
    ));
#2039 = CARTESIAN_POINT('',(0.884875786952,1.980175749841,
    -3.097553372667));
#2040 = CARTESIAN_POINT('',(1.576116804519,0.990355509248,
    -3.167514562573));
#2041 = CARTESIAN_POINT('',(1.576116754894,7.0790926993E-07,
    -3.23751242242));
#2042 = DEFINITIONAL_REPRESENTATION('',(#2043),#2047);
#2043 = LINE('',#2044,#2045);
#2044 = CARTESIAN_POINT('',(0.,0.));
#2045 = VECTOR('',#2046,1.);
#2046 = DIRECTION('',(1.,0.));
#2047 = ( GEOMETRIC_REPRESENTATION_CONTEXT(2) 
PARAMETRIC_REPRESENTATION_CONTEXT() REPRESENTATION_CONTEXT('2D SPACE',''
  ) );
#2048 = ADVANCED_FACE('',(#2049),#803,.T.);
#2049 = FACE_BOUND('',#2050,.T.);
#2050 = EDGE_LOOP('',(#2051,#2052,#2053,#2054));
#2051 = ORIENTED_EDGE('',*,*,#779,.F.);
#2052 = ORIENTED_EDGE('',*,*,#978,.F.);
#2053 = ORIENTED_EDGE('',*,*,#1220,.T.);
#2054 = ORIENTED_EDGE('',*,*,#2055,.F.);
#2055 = EDGE_CURVE('',#780,#1221,#2056,.T.);
#2056 = SURFACE_CURVE('',#2057,(#2065,#2072),.PCURVE_S1.);
#2057 = ( BOUNDED_CURVE() B_SPLINE_CURVE(6,(#2058,#2059,#2060,#2061,
#2062,#2063,#2064),.UNSPECIFIED.,.F.,.F.) B_SPLINE_CURVE_WITH_KNOTS((7,7
),(0.,2.094395102393),.PIECEWISE_BEZIER_KNOTS.) CURVE() 
GEOMETRIC_REPRESENTATION_ITEM() RATIONAL_B_SPLINE_CURVE((1.056590953773,
    1.017435169568,0.996326512422,0.989390034249,0.996326512422,
1.017435169568,1.056590953773)) REPRESENTATION_ITEM('') );
#2058 = CARTESIAN_POINT('',(1.576117472221,8.8488568389E-07,
    -1.837515528009));
#2059 = CARTESIAN_POINT('',(1.544398813686,9.5896385849E-07,
    -1.819204485181));
#2060 = CARTESIAN_POINT('',(1.522045843018,1.01116783385E-06,
    -1.788211167873));
#2061 = CARTESIAN_POINT('',(1.513965443779,1.03003783025E-06,
    -1.750018075144));
#2062 = CARTESIAN_POINT('',(1.522042712417,1.01117152906E-06,
    -1.711824320217));
#2063 = CARTESIAN_POINT('',(1.54439314258,9.5897054958E-07,
    -1.680829170807));
#2064 = CARTESIAN_POINT('',(1.576110300106,8.8489414152E-07,
    -1.662515528156));
#2065 = PCURVE('',#803,#2066);
#2066 = DEFINITIONAL_REPRESENTATION('',(#2067),#2071);
#2067 = LINE('',#2068,#2069);
#2068 = CARTESIAN_POINT('',(0.,6.322058019692));
#2069 = VECTOR('',#2070,1.);
#2070 = DIRECTION('',(1.,0.));
#2071 = ( GEOMETRIC_REPRESENTATION_CONTEXT(2) 
PARAMETRIC_REPRESENTATION_CONTEXT() REPRESENTATION_CONTEXT('2D SPACE',''
  ) );
#2072 = PCURVE('',#1914,#2073);
#2073 = DEFINITIONAL_REPRESENTATION('',(#2074),#2078);
#2074 = LINE('',#2075,#2076);
#2075 = CARTESIAN_POINT('',(0.,0.));
#2076 = VECTOR('',#2077,1.);
#2077 = DIRECTION('',(1.,0.));
#2078 = ( GEOMETRIC_REPRESENTATION_CONTEXT(2) 
PARAMETRIC_REPRESENTATION_CONTEXT() REPRESENTATION_CONTEXT('2D SPACE',''
  ) );
#2079 = ADVANCED_FACE('',(#2080),#962,.F.);
#2080 = FACE_BOUND('',#2081,.T.);
#2081 = EDGE_LOOP('',(#2082,#2105,#2136,#2137));
#2082 = ORIENTED_EDGE('',*,*,#2083,.T.);
#2083 = EDGE_CURVE('',#942,#2084,#2086,.T.);
#2084 = VERTEX_POINT('',#2085);
#2085 = CARTESIAN_POINT('',(7.5,0.,-3.3));
#2086 = SEAM_CURVE('',#2087,(#2091,#2098),.PCURVE_S1.);
#2087 = LINE('',#2088,#2089);
#2088 = CARTESIAN_POINT('',(7.5,0.,-1.2));
#2089 = VECTOR('',#2090,1.);
#2090 = DIRECTION('',(0.,0.,-1.));
#2091 = PCURVE('',#962,#2092);
#2092 = DEFINITIONAL_REPRESENTATION('',(#2093),#2097);
#2093 = LINE('',#2094,#2095);
#2094 = CARTESIAN_POINT('',(-0.,0.));
#2095 = VECTOR('',#2096,1.);
#2096 = DIRECTION('',(-0.,-1.));
#2097 = ( GEOMETRIC_REPRESENTATION_CONTEXT(2) 
PARAMETRIC_REPRESENTATION_CONTEXT() REPRESENTATION_CONTEXT('2D SPACE',''
  ) );
#2098 = PCURVE('',#962,#2099);
#2099 = DEFINITIONAL_REPRESENTATION('',(#2100),#2104);
#2100 = LINE('',#2101,#2102);
#2101 = CARTESIAN_POINT('',(-6.28318530718,0.));
#2102 = VECTOR('',#2103,1.);
#2103 = DIRECTION('',(-0.,-1.));
#2104 = ( GEOMETRIC_REPRESENTATION_CONTEXT(2) 
PARAMETRIC_REPRESENTATION_CONTEXT() REPRESENTATION_CONTEXT('2D SPACE',''
  ) );
#2105 = ORIENTED_EDGE('',*,*,#2106,.T.);
#2106 = EDGE_CURVE('',#2084,#2084,#2107,.T.);
#2107 = SURFACE_CURVE('',#2108,(#2113,#2120),.PCURVE_S1.);
#2108 = CIRCLE('',#2109,7.5);
#2109 = AXIS2_PLACEMENT_3D('',#2110,#2111,#2112);
#2110 = CARTESIAN_POINT('',(0.,0.,-3.3));
#2111 = DIRECTION('',(0.,0.,-1.));
#2112 = DIRECTION('',(1.,0.,0.));
#2113 = PCURVE('',#962,#2114);
#2114 = DEFINITIONAL_REPRESENTATION('',(#2115),#2119);
#2115 = LINE('',#2116,#2117);
#2116 = CARTESIAN_POINT('',(-0.,-2.1));
#2117 = VECTOR('',#2118,1.);
#2118 = DIRECTION('',(-1.,0.));
#2119 = ( GEOMETRIC_REPRESENTATION_CONTEXT(2) 
PARAMETRIC_REPRESENTATION_CONTEXT() REPRESENTATION_CONTEXT('2D SPACE',''
  ) );
#2120 = PCURVE('',#2121,#2126);
#2121 = PLANE('',#2122);
#2122 = AXIS2_PLACEMENT_3D('',#2123,#2124,#2125);
#2123 = CARTESIAN_POINT('',(-4.2E-16,-2.E-16,-3.3));
#2124 = DIRECTION('',(0.,0.,1.));
#2125 = DIRECTION('',(1.,0.,0.));
#2126 = DEFINITIONAL_REPRESENTATION('',(#2127),#2135);
#2127 = ( BOUNDED_CURVE() B_SPLINE_CURVE(2,(#2128,#2129,#2130,#2131,
#2132,#2133,#2134),.UNSPECIFIED.,.T.,.F.) B_SPLINE_CURVE_WITH_KNOTS((1,2
    ,2,2,2,1),(-2.094395102393,0.,2.094395102393,4.188790204786,
6.28318530718,8.377580409573),.UNSPECIFIED.) CURVE() 
GEOMETRIC_REPRESENTATION_ITEM() RATIONAL_B_SPLINE_CURVE((1.,0.5,1.,0.5,
1.,0.5,1.)) REPRESENTATION_ITEM('') );
#2128 = CARTESIAN_POINT('',(7.5,2.E-16));
#2129 = CARTESIAN_POINT('',(7.5,-12.99038105676));
#2130 = CARTESIAN_POINT('',(-3.75,-6.495190528383));
#2131 = CARTESIAN_POINT('',(-15.,-1.636970198721E-15));
#2132 = CARTESIAN_POINT('',(-3.75,6.495190528383));
#2133 = CARTESIAN_POINT('',(7.5,12.990381056767));
#2134 = CARTESIAN_POINT('',(7.5,2.E-16));
#2135 = ( GEOMETRIC_REPRESENTATION_CONTEXT(2) 
PARAMETRIC_REPRESENTATION_CONTEXT() REPRESENTATION_CONTEXT('2D SPACE',''
  ) );
#2136 = ORIENTED_EDGE('',*,*,#2083,.F.);
#2137 = ORIENTED_EDGE('',*,*,#941,.F.);
#2138 = ADVANCED_FACE('',(#2139),#1523,.T.);
#2139 = FACE_BOUND('',#2140,.T.);
#2140 = EDGE_LOOP('',(#2141,#2173,#2174,#2517));
#2141 = ORIENTED_EDGE('',*,*,#2142,.F.);
#2142 = EDGE_CURVE('',#1221,#2143,#2145,.T.);
#2143 = VERTEX_POINT('',#2144);
#2144 = CARTESIAN_POINT('',(1.576110658651,7.9640438E-07,-2.362513975334
    ));
#2145 = SURFACE_CURVE('',#2146,(#2159,#2166),.PCURVE_S1.);
#2146 = ( BOUNDED_CURVE() B_SPLINE_CURVE(11,(#2147,#2148,#2149,#2150,
    #2151,#2152,#2153,#2154,#2155,#2156,#2157,#2158),.UNSPECIFIED.,.F.,
.F.) B_SPLINE_CURVE_WITH_KNOTS((12,12),(0.,6.322058019692),
.PIECEWISE_BEZIER_KNOTS.) CURVE() GEOMETRIC_REPRESENTATION_ITEM() 
RATIONAL_B_SPLINE_CURVE((1.056590953773,1.056590953773,1.056590953773,
    1.056590953773,1.056590953773,1.056590953773,1.056590953773,
    1.056590953773,1.056590953773,1.056590953773,1.056590953773,
1.056590953773)) REPRESENTATION_ITEM('') );
#2147 = CARTESIAN_POINT('',(1.576110300106,8.8489416022E-07,
    -1.662515528156));
#2148 = CARTESIAN_POINT('',(1.576111254688,-0.900317975574,
    -1.726149946162));
#2149 = CARTESIAN_POINT('',(1.010553651262,-1.80020003245,
    -1.789754360987));
#2150 = CARTESIAN_POINT('',(-0.121602627452,-2.307146470601,
    -1.853592674815));
#2151 = CARTESIAN_POINT('',(-1.504949992386,-2.018491810436,
    -1.916645120574));
#2152 = CARTESIAN_POINT('',(-2.53629146044,-0.836457140068,
    -1.981326535474));
#2153 = CARTESIAN_POINT('',(-2.536028183768,0.836457592624,
    -2.043702968087));
#2154 = CARTESIAN_POINT('',(-1.505129792406,2.018484694558,
    -2.108384382773));
#2155 = CARTESIAN_POINT('',(-0.121530391767,2.307149243058,
    -2.171436828773));
#2156 = CARTESIAN_POINT('',(1.010536563919,1.800200546183,
    -2.235275142478));
#2157 = CARTESIAN_POINT('',(1.576109754597,0.900319656872,
    -2.298879557324));
#2158 = CARTESIAN_POINT('',(1.576110658651,7.9640437239E-07,
    -2.362513975334));
#2159 = PCURVE('',#1523,#2160);
#2160 = DEFINITIONAL_REPRESENTATION('',(#2161),#2165);
#2161 = LINE('',#2162,#2163);
#2162 = CARTESIAN_POINT('',(0.,0.));
#2163 = VECTOR('',#2164,1.);
#2164 = DIRECTION('',(0.,1.));
#2165 = ( GEOMETRIC_REPRESENTATION_CONTEXT(2) 
PARAMETRIC_REPRESENTATION_CONTEXT() REPRESENTATION_CONTEXT('2D SPACE',''
  ) );
#2166 = PCURVE('',#1914,#2167);
#2167 = DEFINITIONAL_REPRESENTATION('',(#2168),#2172);
#2168 = LINE('',#2169,#2170);
#2169 = CARTESIAN_POINT('',(2.094395102393,0.));
#2170 = VECTOR('',#2171,1.);
#2171 = DIRECTION('',(0.,1.));
#2172 = ( GEOMETRIC_REPRESENTATION_CONTEXT(2) 
PARAMETRIC_REPRESENTATION_CONTEXT() REPRESENTATION_CONTEXT('2D SPACE',''
  ) );
#2173 = ORIENTED_EDGE('',*,*,#1510,.T.);
#2174 = ORIENTED_EDGE('',*,*,#2175,.T.);
#2175 = EDGE_CURVE('',#1254,#2176,#2178,.T.);
#2176 = VERTEX_POINT('',#2177);
#2177 = CARTESIAN_POINT('',(1.955,-5.865E-12,-2.143743477858));
#2178 = SURFACE_CURVE('',#2179,(#2277,#2378),.PCURVE_S1.);
#2179 = B_SPLINE_CURVE_WITH_KNOTS('',6,(#2180,#2181,#2182,#2183,#2184,
    #2185,#2186,#2187,#2188,#2189,#2190,#2191,#2192,#2193,#2194,#2195,
    #2196,#2197,#2198,#2199,#2200,#2201,#2202,#2203,#2204,#2205,#2206,
    #2207,#2208,#2209,#2210,#2211,#2212,#2213,#2214,#2215,#2216,#2217,
    #2218,#2219,#2220,#2221,#2222,#2223,#2224,#2225,#2226,#2227,#2228,
    #2229,#2230,#2231,#2232,#2233,#2234,#2235,#2236,#2237,#2238,#2239,
    #2240,#2241,#2242,#2243,#2244,#2245,#2246,#2247,#2248,#2249,#2250,
    #2251,#2252,#2253,#2254,#2255,#2256,#2257,#2258,#2259,#2260,#2261,
    #2262,#2263,#2264,#2265,#2266,#2267,#2268,#2269,#2270,#2271,#2272,
    #2273,#2274,#2275,#2276),.UNSPECIFIED.,.F.,.F.,(7,5,5,5,5,5,5,5,5,5,
    5,5,5,5,5,5,5,5,5,7),(0.,3.090696165339E-02,4.790642861988E-02,
    0.128904123582,0.195681574132,0.262681749805,0.298726139865,
    0.358728071351,0.403434616288,0.502259797305,0.599167330606,
    0.626799026509,0.679801808713,0.731802670782,0.788647584245,
    0.840649559597,0.874281262604,0.943959274784,0.978958367112,1.),
  .UNSPECIFIED.);
#2180 = CARTESIAN_POINT('',(1.955,-1.449996E-11,-1.443742753133));
#2181 = CARTESIAN_POINT('',(1.955,-6.327368399557E-02,-1.447348544451));
#2182 = CARTESIAN_POINT('',(1.95254255718,-0.126547512948,
    -1.450954703106));
#2183 = CARTESIAN_POINT('',(1.947627715379,-0.189701642765,
    -1.454561002207));
#2184 = CARTESIAN_POINT('',(1.940263205226,-0.252617018889,
    -1.458167257522));
#2185 = CARTESIAN_POINT('',(1.930464444141,-0.315175376309,
    -1.461773327471));
#2186 = CARTESIAN_POINT('',(1.911538834973,-0.411406646036,
    -1.467362369685));
#2187 = CARTESIAN_POINT('',(1.904093695365,-0.4454105765,-1.469345542894
    ));
#2188 = CARTESIAN_POINT('',(1.895922954393,-0.479251537196,
    -1.471328619128));
#2189 = CARTESIAN_POINT('',(1.887031133068,-0.512910207785,
    -1.473311590073));
#2190 = CARTESIAN_POINT('',(1.877423436525,-0.546367441346,
    -1.475294452735));
#2191 = CARTESIAN_POINT('',(1.817944889073,-0.737968409481,
    -1.486724489348));
#2192 = CARTESIAN_POINT('',(1.752660092316,-0.891346061323,
    -1.496170385137));
#2193 = CARTESIAN_POINT('',(1.671893463151,-1.037646909233,
    -1.505612853791));
#2194 = CARTESIAN_POINT('',(1.576639202385,-1.174957680342,
    -1.515056005289));
#2195 = CARTESIAN_POINT('',(1.468170289781,-1.301536813061,
    -1.524503007875));
#2196 = CARTESIAN_POINT('',(1.249065578159,-1.510148939016,
    -1.541742231321));
#2197 = CARTESIAN_POINT('',(1.142139761073,-1.596114218312,
    -1.549534861019));
#2198 = CARTESIAN_POINT('',(1.028179551085,-1.67293404097,
    -1.557329390378));
#2199 = CARTESIAN_POINT('',(0.908170324802,-1.739910970926,
    -1.565125834348));
#2200 = CARTESIAN_POINT('',(0.783179269199,-1.796481163234,
    -1.572923658333));
#2201 = CARTESIAN_POINT('',(0.525101986901,-1.888149125254,
    -1.588544580142));
#2202 = CARTESIAN_POINT('',(0.39197699172,-1.923179323288,
    -1.596368462045));
#2203 = CARTESIAN_POINT('',(0.256139605347,-1.946915600025,
    -1.604190993269));
#2204 = CARTESIAN_POINT('',(0.118785364953,-1.959120851422,
    -1.612011752865));
#2205 = CARTESIAN_POINT('',(-1.886959285891E-02,-1.959715020875,
    -1.619830873191));
#2206 = CARTESIAN_POINT('',(-0.229155463051,-1.942925079693,
    -1.631852808617));
#2207 = CARTESIAN_POINT('',(-0.302446742923,-1.933720332226,
    -1.63605744001));
#2208 = CARTESIAN_POINT('',(-0.375282885422,-1.921199051106,
    -1.640261517059));
#2209 = CARTESIAN_POINT('',(-0.447476990289,-1.9053904484,-1.64446508498
    ));
#2210 = CARTESIAN_POINT('',(-0.518844899328,-1.886337758239,
    -1.64866821682));
#2211 = CARTESIAN_POINT('',(-0.706331709486,-1.827076824121,
    -1.659867273222));
#2212 = CARTESIAN_POINT('',(-0.820670700857,-1.781222590048,
    -1.666862831399));
#2213 = CARTESIAN_POINT('',(-0.931382017104,-1.726801458573,
    -1.673857659382));
#2214 = CARTESIAN_POINT('',(-1.037670531896,-1.664179808939,
    -1.680852558633));
#2215 = CARTESIAN_POINT('',(-1.13879320715,-1.593820722088,
    -1.687848268544));
#2216 = CARTESIAN_POINT('',(-1.305052607205,-1.458505959841,
    -1.700057417468));
#2217 = CARTESIAN_POINT('',(-1.372793993863,-1.396743106336,
    -1.705270765205));
#2218 = CARTESIAN_POINT('',(-1.437008759071,-1.331220922903,
    -1.710484621738));
#2219 = CARTESIAN_POINT('',(-1.497438984375,-1.262192957368,
    -1.715699097452));
#2220 = CARTESIAN_POINT('',(-1.553851584484,-1.189935753494,
    -1.720914240123));
#2221 = CARTESIAN_POINT('',(-1.72140249095,-0.94854175055,
    -1.737659166524));
#2222 = CARTESIAN_POINT('',(-1.816151984808,-0.767970466832,
    -1.749193773439));
#2223 = CARTESIAN_POINT('',(-1.887984292125,-0.576316949012,
    -1.760727142417));
#2224 = CARTESIAN_POINT('',(-1.935430082569,-0.377220556074,
    -1.772260286072));
#2225 = CARTESIAN_POINT('',(-1.957676983633,-0.174520367661,
    -1.783794827783));
#2226 = CARTESIAN_POINT('',(-1.95198417684,0.226144222056,
    -1.806631127191));
#2227 = CARTESIAN_POINT('',(-1.925008670484,0.424214693457,
    -1.817938104767));
#2228 = CARTESIAN_POINT('',(-1.873911170736,0.618209504654,
    -1.829240308243));
#2229 = CARTESIAN_POINT('',(-1.799542288986,0.804528288548,
    -1.840541804203));
#2230 = CARTESIAN_POINT('',(-1.703359994301,0.97977017963,
    -1.851847479031));
#2231 = CARTESIAN_POINT('',(-1.554571978631,1.186815483041,
    -1.866376351574));
#2232 = CARTESIAN_POINT('',(-1.519964992284,1.231606812026,
    -1.86960006753));
#2233 = CARTESIAN_POINT('',(-1.483812762318,1.275182559347,
    -1.872823976287));
#2234 = CARTESIAN_POINT('',(-1.446168960773,1.317476477728,
    -1.876048088828));
#2235 = CARTESIAN_POINT('',(-1.407090997653,1.35842554734,
    -1.879272408657));
#2236 = CARTESIAN_POINT('',(-1.289047450516,1.473823616341,
    -1.888682172789));
#2237 = CARTESIAN_POINT('',(-1.206401088629,1.544510589901,
    -1.894868283067));
#2238 = CARTESIAN_POINT('',(-1.119134645666,1.609607209651,
    -1.901054978339));
#2239 = CARTESIAN_POINT('',(-1.027723447918,1.668742319841,
    -1.90724222777));
#2240 = CARTESIAN_POINT('',(-0.932680964034,1.721599681779,
    -1.913429899543));
#2241 = CARTESIAN_POINT('',(-0.738284583619,1.813365430615,
    -1.925687949877));
#2242 = CARTESIAN_POINT('',(-0.639042623778,1.852520284176,
    -1.931758559888));
#2243 = CARTESIAN_POINT('',(-0.537347117559,1.885140824962,
    -1.937828697762));
#2244 = CARTESIAN_POINT('',(-0.433736313479,1.911041485336,
    -1.943898153773));
#2245 = CARTESIAN_POINT('',(-0.328765396344,1.930096239569,
    -1.949966771565));
#2246 = CARTESIAN_POINT('',(-0.107388154818,1.955514191737,
    -1.962666771896));
#2247 = CARTESIAN_POINT('',(9.177694472823E-03,1.960530305555,
    -1.969298218246));
#2248 = CARTESIAN_POINT('',(0.125951057119,1.957202912638,
    -1.975927940075));
#2249 = CARTESIAN_POINT('',(0.242187953536,1.945535534584,
    -1.982556166168));
#2250 = CARTESIAN_POINT('',(0.357150033005,1.925619912335,
    -1.989183353115));
#2251 = CARTESIAN_POINT('',(0.573447290266,1.872035538388,
    -2.001871344165));
#2252 = CARTESIAN_POINT('',(0.67511323554,1.839682055604,-2.007932547054
    ));
#2253 = CARTESIAN_POINT('',(0.774552827427,1.800712968172,
    -2.013993331468));
#2254 = CARTESIAN_POINT('',(0.871231434045,1.755324450542,
    -2.020054302034));
#2255 = CARTESIAN_POINT('',(0.964638856502,1.7037696198,-2.026116059695)
  );
#2256 = CARTESIAN_POINT('',(1.112275585363,1.609226126394,
    -2.036099651206));
#2257 = CARTESIAN_POINT('',(1.168689308982,1.569644514334,
    -2.040021016628));
#2258 = CARTESIAN_POINT('',(1.223403955523,1.527695568593,-2.04394289466
    ));
#2259 = CARTESIAN_POINT('',(1.27629623086,1.483471095434,-2.047865342708
    ));
#2260 = CARTESIAN_POINT('',(1.327249615482,1.437071365712,-2.05178838057
    ));
#2261 = CARTESIAN_POINT('',(1.477475005242,1.288192952719,
    -2.063840907862));
#2262 = CARTESIAN_POINT('',(1.570009243803,1.178903721164,
    -2.071972770579));
#2263 = CARTESIAN_POINT('',(1.652770800751,1.061711353388,
    -2.080106374201));
#2264 = CARTESIAN_POINT('',(1.724942800945,0.937717609771,
    -2.088241288698));
#2265 = CARTESIAN_POINT('',(1.785863743273,0.808123329462,
    -2.096376267218));
#2266 = CARTESIAN_POINT('',(1.859768759192,0.606975226012,
    -2.108594694427));
#2267 = CARTESIAN_POINT('',(1.881521387631,0.53863367599,-2.112679634239
    ));
#2268 = CARTESIAN_POINT('',(1.900256313409,0.469368394025,
    -2.116764114972));
#2269 = CARTESIAN_POINT('',(1.915925872568,0.399345814858,
    -2.120848097938));
#2270 = CARTESIAN_POINT('',(1.928494712695,0.328735439441,
    -2.124931638212));
#2271 = CARTESIAN_POINT('',(1.943618223341,0.21500887911,-2.131469753211
    ));
#2272 = CARTESIAN_POINT('',(1.948167608876,0.172157680645,-2.13392451912
    ));
#2273 = CARTESIAN_POINT('',(1.95158297089,0.129193624377,-2.136379219704
    ));
#2274 = CARTESIAN_POINT('',(1.953860988786,8.615421799819E-02,
    -2.13883390397));
#2275 = CARTESIAN_POINT('',(1.955,4.307709206287E-02,-2.141288632581));
#2276 = CARTESIAN_POINT('',(1.955,-1.177169E-11,-2.143743477858));
#2277 = PCURVE('',#1523,#2278);
#2278 = DEFINITIONAL_REPRESENTATION('',(#2279),#2377);
#2279 = B_SPLINE_CURVE_WITH_KNOTS('',6,(#2280,#2281,#2282,#2283,#2284,
    #2285,#2286,#2287,#2288,#2289,#2290,#2291,#2292,#2293,#2294,#2295,
    #2296,#2297,#2298,#2299,#2300,#2301,#2302,#2303,#2304,#2305,#2306,
    #2307,#2308,#2309,#2310,#2311,#2312,#2313,#2314,#2315,#2316,#2317,
    #2318,#2319,#2320,#2321,#2322,#2323,#2324,#2325,#2326,#2327,#2328,
    #2329,#2330,#2331,#2332,#2333,#2334,#2335,#2336,#2337,#2338,#2339,
    #2340,#2341,#2342,#2343,#2344,#2345,#2346,#2347,#2348,#2349,#2350,
    #2351,#2352,#2353,#2354,#2355,#2356,#2357,#2358,#2359,#2360,#2361,
    #2362,#2363,#2364,#2365,#2366,#2367,#2368,#2369,#2370,#2371,#2372,
    #2373,#2374,#2375,#2376),.UNSPECIFIED.,.F.,.F.,(7,5,5,5,5,5,5,5,5,5,
    5,5,5,5,5,5,5,5,5,7),(0.,3.090696165339E-02,4.790642861988E-02,
    0.128904123582,0.195681574132,0.262681749805,0.298726139865,
    0.358728071351,0.403434616288,0.502259797305,0.599167330606,
    0.626799026509,0.679801808713,0.731802670782,0.788647584245,
    0.840649559597,0.874281262604,0.943959274784,0.978958367112,1.),
  .UNSPECIFIED.);
#2280 = CARTESIAN_POINT('',(0.43751449322,0.));
#2281 = CARTESIAN_POINT('',(0.437514390323,3.256528091366E-02));
#2282 = CARTESIAN_POINT('',(0.437513566977,6.513062581951E-02));
#2283 = CARTESIAN_POINT('',(0.437512525759,9.76962552641E-02));
#2284 = CARTESIAN_POINT('',(0.437511658159,0.130262273342));
#2285 = CARTESIAN_POINT('',(0.437511244582,0.162828667695));
#2286 = CARTESIAN_POINT('',(0.437511569718,0.213307634834));
#2287 = CARTESIAN_POINT('',(0.437511871596,0.231220049702));
#2288 = CARTESIAN_POINT('',(0.43751238418,0.249132540283));
#2289 = CARTESIAN_POINT('',(0.437513120558,0.267045090601));
#2290 = CARTESIAN_POINT('',(0.437514082706,0.284957682539));
#2291 = CARTESIAN_POINT('',(0.437520878062,0.388218877128));
#2292 = CARTESIAN_POINT('',(0.437531402671,0.473577122361));
#2293 = CARTESIAN_POINT('',(0.437546080193,0.55892316949));
#2294 = CARTESIAN_POINT('',(0.437558636537,0.644265804911));
#2295 = CARTESIAN_POINT('',(0.437565313679,0.729616671495));
#2296 = CARTESIAN_POINT('',(0.437565701418,0.885314667532));
#2297 = CARTESIAN_POINT('',(0.437561478716,0.955674822646));
#2298 = CARTESIAN_POINT('',(0.437552468214,1.026030512652));
#2299 = CARTESIAN_POINT('',(0.437539729098,1.096386655494));
#2300 = CARTESIAN_POINT('',(0.437525337877,1.166747800571));
#2301 = CARTESIAN_POINT('',(0.437496841095,1.307699641276));
#2302 = CARTESIAN_POINT('',(0.437482738724,1.378297432726));
#2303 = CARTESIAN_POINT('',(0.437470661957,1.448892173138));
#2304 = CARTESIAN_POINT('',(0.4374623144,1.519487754589));
#2305 = CARTESIAN_POINT('',(0.437458239091,1.590087824964));
#2306 = CARTESIAN_POINT('',(0.437458082844,1.698663367033));
#2307 = CARTESIAN_POINT('',(0.437459182705,1.736642510789));
#2308 = CARTESIAN_POINT('',(0.437461377838,1.774621594331));
#2309 = CARTESIAN_POINT('',(0.43746455803,1.812600528299));
#2310 = CARTESIAN_POINT('',(0.437468562106,1.850579244516));
#2311 = CARTESIAN_POINT('',(0.437480861718,1.951779197001));
#2312 = CARTESIAN_POINT('',(0.437490258258,2.015002096446));
#2313 = CARTESIAN_POINT('',(0.437500441995,2.078221956042));
#2314 = CARTESIAN_POINT('',(0.437510339254,2.141441165394));
#2315 = CARTESIAN_POINT('',(0.437519030487,2.20466224965));
#2316 = CARTESIAN_POINT('',(0.437531284556,2.314984657907));
#2317 = CARTESIAN_POINT('',(0.43753558867,2.362088505237));
#2318 = CARTESIAN_POINT('',(0.437538758321,2.409191824463));
#2319 = CARTESIAN_POINT('',(0.437540721946,2.456295289368));
#2320 = CARTESIAN_POINT('',(0.437541530584,2.503399561961));
#2321 = CARTESIAN_POINT('',(0.437540936348,2.654628872936));
#2322 = CARTESIAN_POINT('',(0.437535681293,2.758780075444));
#2323 = CARTESIAN_POINT('',(0.437527156103,2.862905329593));
#2324 = CARTESIAN_POINT('',(0.437519722385,2.967033477653));
#2325 = CARTESIAN_POINT('',(0.437516125537,3.071191579693));
#2326 = CARTESIAN_POINT('',(0.437516227826,3.277438341399));
#2327 = CARTESIAN_POINT('',(0.437519787587,3.379573515035));
#2328 = CARTESIAN_POINT('',(0.437526853282,3.481681404457));
#2329 = CARTESIAN_POINT('',(0.437534715386,3.583786500775));
#2330 = CARTESIAN_POINT('',(0.437539384511,3.685914918686));
#2331 = CARTESIAN_POINT('',(0.437539469051,3.817132979242));
#2332 = CARTESIAN_POINT('',(0.437539112944,3.846246398606));
#2333 = CARTESIAN_POINT('',(0.43753834542,3.87535970126));
#2334 = CARTESIAN_POINT('',(0.437537146976,3.904472898313));
#2335 = CARTESIAN_POINT('',(0.43753551516,3.933586010349));
#2336 = CARTESIAN_POINT('',(0.437529531145,4.018543378556));
#2337 = CARTESIAN_POINT('',(0.437524061198,4.074388601655));
#2338 = CARTESIAN_POINT('',(0.437517150391,4.130232601159));
#2339 = CARTESIAN_POINT('',(0.437509187477,4.186076854234));
#2340 = CARTESIAN_POINT('',(0.437500753017,4.24192279228));
#2341 = CARTESIAN_POINT('',(0.437484438874,4.35255783894));
#2342 = CARTESIAN_POINT('',(0.437476548197,4.407348988252));
#2343 = CARTESIAN_POINT('',(0.437469469155,4.462139538925));
#2344 = CARTESIAN_POINT('',(0.437463870019,4.5169306147));
#2345 = CARTESIAN_POINT('',(0.43746029381,4.571723255678));
#2346 = CARTESIAN_POINT('',(0.437457560226,4.686411109426));
#2347 = CARTESIAN_POINT('',(0.437458839476,4.74630887031));
#2348 = CARTESIAN_POINT('',(0.437463190445,4.806204928051));
#2349 = CARTESIAN_POINT('',(0.43747048394,4.866100765484));
#2350 = CARTESIAN_POINT('',(0.437480141967,4.925997896155));
#2351 = CARTESIAN_POINT('',(0.437501283333,5.040685107725));
#2352 = CARTESIAN_POINT('',(0.437512546188,5.095477794534));
#2353 = CARTESIAN_POINT('',(0.43752425599,5.150268720465));
#2354 = CARTESIAN_POINT('',(0.437535462066,5.205059052991));
#2355 = CARTESIAN_POINT('',(0.437545247439,5.259850078413));
#2356 = CARTESIAN_POINT('',(0.437558009993,5.350074636694));
#2357 = CARTESIAN_POINT('',(0.437562175132,5.385509303783));
#2358 = CARTESIAN_POINT('',(0.437565315754,5.420943973752));
#2359 = CARTESIAN_POINT('',(0.437567329681,5.456378703582));
#2360 = CARTESIAN_POINT('',(0.437568189859,5.491813549887));
#2361 = CARTESIAN_POINT('',(0.437567435738,5.60066268319));
#2362 = CARTESIAN_POINT('',(0.437562196054,5.674082031861));
#2363 = CARTESIAN_POINT('',(0.437552699551,5.747497878919));
#2364 = CARTESIAN_POINT('',(0.437541046717,5.820915826557));
#2365 = CARTESIAN_POINT('',(0.437530704275,5.894340270463));
#2366 = CARTESIAN_POINT('',(0.437519297777,6.004639622697));
#2367 = CARTESIAN_POINT('',(0.437516168849,6.041518672833));
#2368 = CARTESIAN_POINT('',(0.437513944437,6.078397661716));
#2369 = CARTESIAN_POINT('',(0.437512664479,6.115276420278));
#2370 = CARTESIAN_POINT('',(0.437512189204,6.15215481468));
#2371 = CARTESIAN_POINT('',(0.437512205092,6.211203946964));
#2372 = CARTESIAN_POINT('',(0.437512386049,6.233375010612));
#2373 = CARTESIAN_POINT('',(0.437512664106,6.255545922783));
#2374 = CARTESIAN_POINT('',(0.437512944163,6.277716696607));
#2375 = CARTESIAN_POINT('',(0.43751311392,6.299887372805));
#2376 = CARTESIAN_POINT('',(0.437513043867,6.322058019692));
#2377 = ( GEOMETRIC_REPRESENTATION_CONTEXT(2) 
PARAMETRIC_REPRESENTATION_CONTEXT() REPRESENTATION_CONTEXT('2D SPACE',''
  ) );
#2378 = PCURVE('',#238,#2379);
#2379 = DEFINITIONAL_REPRESENTATION('',(#2380),#2516);
#2380 = B_SPLINE_CURVE_WITH_KNOTS('',3,(#2381,#2382,#2383,#2384,#2385,
    #2386,#2387,#2388,#2389,#2390,#2391,#2392,#2393,#2394,#2395,#2396,
    #2397,#2398,#2399,#2400,#2401,#2402,#2403,#2404,#2405,#2406,#2407,
    #2408,#2409,#2410,#2411,#2412,#2413,#2414,#2415,#2416,#2417,#2418,
    #2419,#2420,#2421,#2422,#2423,#2424,#2425,#2426,#2427,#2428,#2429,
    #2430,#2431,#2432,#2433,#2434,#2435,#2436,#2437,#2438,#2439,#2440,
    #2441,#2442,#2443,#2444,#2445,#2446,#2447,#2448,#2449,#2450,#2451,
    #2452,#2453,#2454,#2455,#2456,#2457,#2458,#2459,#2460,#2461,#2462,
    #2463,#2464,#2465,#2466,#2467,#2468,#2469,#2470,#2471,#2472,#2473,
    #2474,#2475,#2476,#2477,#2478,#2479,#2480,#2481,#2482,#2483,#2484,
    #2485,#2486,#2487,#2488,#2489,#2490,#2491,#2492,#2493,#2494,#2495,
    #2496,#2497,#2498,#2499,#2500,#2501,#2502,#2503,#2504,#2505,#2506,
    #2507,#2508,#2509,#2510,#2511,#2512,#2513,#2514,#2515),
  .UNSPECIFIED.,.F.,.F.,(4,1,1,1,1,1,1,1,1,1,1,1,1,1,1,1,1,1,1,1,1,1,1,1
    ,1,1,1,1,1,1,1,1,1,1,1,1,1,1,1,1,1,1,1,1,1,1,1,1,1,1,1,1,1,1,1,1,1,1
    ,1,1,1,1,1,1,1,1,1,1,1,1,1,1,1,1,1,1,1,1,1,1,1,1,1,1,1,1,1,1,1,1,1,1
    ,1,1,1,1,1,1,1,1,1,1,1,1,1,1,1,1,1,1,1,1,1,1,1,1,1,1,1,1,1,1,1,1,1,1
    ,1,1,1,1,1,1,4),(0.,7.575757575758E-03,1.515151515152E-02,
    2.272727272727E-02,3.030303030303E-02,3.787878787879E-02,
    4.545454545455E-02,5.30303030303E-02,6.060606060606E-02,
    6.818181818182E-02,7.575757575758E-02,8.333333333333E-02,
    9.090909090909E-02,9.848484848485E-02,0.106060606061,0.113636363636,
    0.121212121212,0.128787878788,0.136363636364,0.143939393939,
    0.151515151515,0.159090909091,0.166666666667,0.174242424242,
    0.181818181818,0.189393939394,0.19696969697,0.204545454545,
    0.212121212121,0.219696969697,0.227272727273,0.234848484848,
    0.242424242424,0.25,0.257575757576,0.265151515152,0.272727272727,
    0.280303030303,0.287878787879,0.295454545455,0.30303030303,
    0.310606060606,0.318181818182,0.325757575758,0.333333333333,
    0.340909090909,0.348484848485,0.356060606061,0.363636363636,
    0.371212121212,0.378787878788,0.386363636364,0.393939393939,
    0.401515151515,0.409090909091,0.416666666667,0.424242424242,
    0.431818181818,0.439393939394,0.44696969697,0.454545454545,
    0.462121212121,0.469696969697,0.477272727273,0.484848484848,
    0.492424242424,0.5,0.507575757576,0.515151515152,0.522727272727,
    0.530303030303,0.537878787879,0.545454545455,0.55303030303,
    0.560606060606,0.568181818182,0.575757575758,0.583333333333,
    0.590909090909,0.598484848485,0.606060606061,0.613636363636,
    0.621212121212,0.628787878788,0.636363636364,0.643939393939,
    0.651515151515,0.659090909091,0.666666666667,0.674242424242,
    0.681818181818,0.689393939394,0.69696969697,0.704545454545,
    0.712121212121,0.719696969697,0.727272727273,0.734848484848,
    0.742424242424,0.75,0.757575757576,0.765151515152,0.772727272727,
    0.780303030303,0.787878787879,0.795454545455,0.80303030303,
    0.810606060606,0.818181818182,0.825757575758,0.833333333333,
    0.840909090909,0.848484848485,0.856060606061,0.863636363636,
    0.871212121212,0.878787878788,0.886363636364,0.893939393939,
    0.901515151515,0.909090909091,0.916666666667,0.924242424242,
    0.931818181818,0.939393939394,0.94696969697,0.954545454545,
    0.962121212121,0.969696969697,0.977272727273,0.984848484848,
    0.992424242424,1.),.UNSPECIFIED.);
#2381 = CARTESIAN_POINT('',(-31.41592653589,0.743742753133));
#2382 = CARTESIAN_POINT('',(-31.40006020024,0.745510424286));
#2383 = CARTESIAN_POINT('',(-31.36832756374,0.749045969774));
#2384 = CARTESIAN_POINT('',(-31.32072871625,0.754349584975));
#2385 = CARTESIAN_POINT('',(-31.2731300059,0.759653163597));
#2386 = CARTESIAN_POINT('',(-31.22553136765,0.764956445506));
#2387 = CARTESIAN_POINT('',(-31.17793287627,0.770259230481));
#2388 = CARTESIAN_POINT('',(-31.13033449258,0.775561405105));
#2389 = CARTESIAN_POINT('',(-31.08273585142,0.780862968608));
#2390 = CARTESIAN_POINT('',(-31.03513547861,0.786164115514));
#2391 = CARTESIAN_POINT('',(-30.98753505101,0.791464748273));
#2392 = CARTESIAN_POINT('',(-30.93993483136,0.796764972109));
#2393 = CARTESIAN_POINT('',(-30.89233490271,0.802064944424));
#2394 = CARTESIAN_POINT('',(-30.84473504686,0.807364874504));
#2395 = CARTESIAN_POINT('',(-30.79713497511,0.812664984218));
#2396 = CARTESIAN_POINT('',(-30.74953443544,0.817965483379));
#2397 = CARTESIAN_POINT('',(-30.70193343196,0.823266534373));
#2398 = CARTESIAN_POINT('',(-30.65433213109,0.828568253945));
#2399 = CARTESIAN_POINT('',(-30.60673196229,0.833870586046));
#2400 = CARTESIAN_POINT('',(-30.55913234687,0.839173662158));
#2401 = CARTESIAN_POINT('',(-30.51153191171,0.844477663497));
#2402 = CARTESIAN_POINT('',(-30.46393177431,0.849782454401));
#2403 = CARTESIAN_POINT('',(-30.41633185484,0.85508799559));
#2404 = CARTESIAN_POINT('',(-30.368732078,0.860394215565));
#2405 = CARTESIAN_POINT('',(-30.32113222939,0.865701030501));
#2406 = CARTESIAN_POINT('',(-30.27353225053,0.871008316103));
#2407 = CARTESIAN_POINT('',(-30.2259321097,0.87631592751));
#2408 = CARTESIAN_POINT('',(-30.17833295747,0.881623579426));
#2409 = CARTESIAN_POINT('',(-30.13073339748,0.88693126788));
#2410 = CARTESIAN_POINT('',(-30.0831335684,0.892238821126));
#2411 = CARTESIAN_POINT('',(-30.03553403783,0.897546027385));
#2412 = CARTESIAN_POINT('',(-29.98793476312,0.902852757512));
#2413 = CARTESIAN_POINT('',(-29.9403355816,0.908158915384));
#2414 = CARTESIAN_POINT('',(-29.89273626316,0.913464434837));
#2415 = CARTESIAN_POINT('',(-29.84513673159,0.91876925693));
#2416 = CARTESIAN_POINT('',(-29.79753703796,0.924073333568));
#2417 = CARTESIAN_POINT('',(-29.74993818855,0.92937653956));
#2418 = CARTESIAN_POINT('',(-29.70233930873,0.934678974645));
#2419 = CARTESIAN_POINT('',(-29.65474042048,0.939980698287));
#2420 = CARTESIAN_POINT('',(-29.6071414824,0.945281759512));
#2421 = CARTESIAN_POINT('',(-29.55954237222,0.950582233182));
#2422 = CARTESIAN_POINT('',(-29.51194326434,0.955882218564));
#2423 = CARTESIAN_POINT('',(-29.46434347315,0.961181893574));
#2424 = CARTESIAN_POINT('',(-29.41674372113,0.966481292601));
#2425 = CARTESIAN_POINT('',(-29.36914405665,0.971780530323));
#2426 = CARTESIAN_POINT('',(-29.32154440125,0.977079734579));
#2427 = CARTESIAN_POINT('',(-29.27394459461,0.982379038339));
#2428 = CARTESIAN_POINT('',(-29.22634458129,0.987678555284));
#2429 = CARTESIAN_POINT('',(-29.17874454206,0.992978361858));
#2430 = CARTESIAN_POINT('',(-29.13114509159,0.998278469838));
#2431 = CARTESIAN_POINT('',(-29.08354538803,1.003579038902));
#2432 = CARTESIAN_POINT('',(-29.03594583591,1.008880071379));
#2433 = CARTESIAN_POINT('',(-28.98834635905,1.014181604018));
#2434 = CARTESIAN_POINT('',(-28.9407468258,1.019483660681));
#2435 = CARTESIAN_POINT('',(-28.89314752183,1.024786201683));
#2436 = CARTESIAN_POINT('',(-28.84554776769,1.030089271877));
#2437 = CARTESIAN_POINT('',(-28.79794482643,1.035393135331));
#2438 = CARTESIAN_POINT('',(-28.75034164292,1.04069741421));
#2439 = CARTESIAN_POINT('',(-28.70273883214,1.046001967829));
#2440 = CARTESIAN_POINT('',(-28.65513683158,1.051306667783));
#2441 = CARTESIAN_POINT('',(-28.60753555477,1.05661144073));
#2442 = CARTESIAN_POINT('',(-28.55993468916,1.061916239226));
#2443 = CARTESIAN_POINT('',(-28.51233380334,1.067221031667));
#2444 = CARTESIAN_POINT('',(-28.46473249858,1.072525786666));
#2445 = CARTESIAN_POINT('',(-28.41713054113,1.07783045954));
#2446 = CARTESIAN_POINT('',(-28.36952803703,1.083134974847));
#2447 = CARTESIAN_POINT('',(-28.32192550735,1.088439221565));
#2448 = CARTESIAN_POINT('',(-28.27432441118,1.093743000576));
#2449 = CARTESIAN_POINT('',(-28.22672610505,1.099046149233));
#2450 = CARTESIAN_POINT('',(-28.17912404406,1.104349386555));
#2451 = CARTESIAN_POINT('',(-28.13152175491,1.109652337161));
#2452 = CARTESIAN_POINT('',(-28.08391963287,1.114954980236));
#2453 = CARTESIAN_POINT('',(-28.03631813256,1.120257303658));
#2454 = CARTESIAN_POINT('',(-27.98871714177,1.12555937251));
#2455 = CARTESIAN_POINT('',(-27.94111635355,1.130861286202));
#2456 = CARTESIAN_POINT('',(-27.89351535283,1.136163165262));
#2457 = CARTESIAN_POINT('',(-27.84591377598,1.141465129371));
#2458 = CARTESIAN_POINT('',(-27.79831143482,1.14676727923));
#2459 = CARTESIAN_POINT('',(-27.75070852224,1.152069670391));
#2460 = CARTESIAN_POINT('',(-27.70310558195,1.15737231389));
#2461 = CARTESIAN_POINT('',(-27.65550443415,1.162675076221));
#2462 = CARTESIAN_POINT('',(-27.60790564412,1.167977953654));
#2463 = CARTESIAN_POINT('',(-27.56030619859,1.173281330945));
#2464 = CARTESIAN_POINT('',(-27.51270687018,1.178585145574));
#2465 = CARTESIAN_POINT('',(-27.46510755803,1.183889418999));
#2466 = CARTESIAN_POINT('',(-27.41750787159,1.18919419569));
#2467 = CARTESIAN_POINT('',(-27.36990821416,1.194499403566));
#2468 = CARTESIAN_POINT('',(-27.3223087146,1.199804986352));
#2469 = CARTESIAN_POINT('',(-27.27470928392,1.205110892958));
#2470 = CARTESIAN_POINT('',(-27.22710982514,1.210417057578));
#2471 = CARTESIAN_POINT('',(-27.17951026011,1.215723398583));
#2472 = CARTESIAN_POINT('',(-27.13191114032,1.22102975151));
#2473 = CARTESIAN_POINT('',(-27.08431181449,1.226336077613));
#2474 = CARTESIAN_POINT('',(-27.03671254465,1.231642231999));
#2475 = CARTESIAN_POINT('',(-26.98911345488,1.236948084448));
#2476 = CARTESIAN_POINT('',(-26.94151442773,1.242253535147));
#2477 = CARTESIAN_POINT('',(-26.89391535414,1.247558491004));
#2478 = CARTESIAN_POINT('',(-26.84631616473,1.252862866528));
#2479 = CARTESIAN_POINT('',(-26.79871738536,1.258166525859));
#2480 = CARTESIAN_POINT('',(-26.75111810993,1.263469512835));
#2481 = CARTESIAN_POINT('',(-26.7035188636,1.268771731786));
#2482 = CARTESIAN_POINT('',(-26.65591972471,1.274073164949));
#2483 = CARTESIAN_POINT('',(-26.60832058612,1.279373841159));
#2484 = CARTESIAN_POINT('',(-26.56072129488,1.284673820521));
#2485 = CARTESIAN_POINT('',(-26.51312175354,1.289973183044));
#2486 = CARTESIAN_POINT('',(-26.46552230517,1.295271985462));
#2487 = CARTESIAN_POINT('',(-26.41792300724,1.300570341335));
#2488 = CARTESIAN_POINT('',(-26.37032331566,1.305868447379));
#2489 = CARTESIAN_POINT('',(-26.32272371712,1.31116640232));
#2490 = CARTESIAN_POINT('',(-26.27512409581,1.316464381471));
#2491 = CARTESIAN_POINT('',(-26.22752436806,1.32176255998));
#2492 = CARTESIAN_POINT('',(-26.1799244501,1.32706110887));
#2493 = CARTESIAN_POINT('',(-26.13232468288,1.332360146361));
#2494 = CARTESIAN_POINT('',(-26.0847250819,1.337659795536));
#2495 = CARTESIAN_POINT('',(-26.03712548693,1.34296020767));
#2496 = CARTESIAN_POINT('',(-25.9895259875,1.34826144972));
#2497 = CARTESIAN_POINT('',(-25.94192649349,1.353563563599));
#2498 = CARTESIAN_POINT('',(-25.89432712353,1.358866566581));
#2499 = CARTESIAN_POINT('',(-25.84672682207,1.364170543198));
#2500 = CARTESIAN_POINT('',(-25.79912674462,1.369475295684));
#2501 = CARTESIAN_POINT('',(-25.7515270439,1.374780697598));
#2502 = CARTESIAN_POINT('',(-25.70392769605,1.380086608067));
#2503 = CARTESIAN_POINT('',(-25.65632848446,1.385392880057));
#2504 = CARTESIAN_POINT('',(-25.60872918387,1.390699347772));
#2505 = CARTESIAN_POINT('',(-25.56112974577,1.39600581616));
#2506 = CARTESIAN_POINT('',(-25.51353028037,1.401312075521));
#2507 = CARTESIAN_POINT('',(-25.46593189414,1.406617826254));
#2508 = CARTESIAN_POINT('',(-25.41833347151,1.411923047226));
#2509 = CARTESIAN_POINT('',(-25.37073506246,1.417227651669));
#2510 = CARTESIAN_POINT('',(-25.32313654978,1.422531616993));
#2511 = CARTESIAN_POINT('',(-25.27553783421,1.427834996731));
#2512 = CARTESIAN_POINT('',(-25.22793909339,1.433137920332));
#2513 = CARTESIAN_POINT('',(-25.18034020019,1.438440619878));
#2514 = CARTESIAN_POINT('',(-25.14860755787,1.441975815499));
#2515 = CARTESIAN_POINT('',(-25.13274122871,1.443743477858));
#2516 = ( GEOMETRIC_REPRESENTATION_CONTEXT(2) 
PARAMETRIC_REPRESENTATION_CONTEXT() REPRESENTATION_CONTEXT('2D SPACE',''
  ) );
#2517 = ORIENTED_EDGE('',*,*,#2518,.F.);
#2518 = EDGE_CURVE('',#2143,#2176,#2519,.T.);
#2519 = SURFACE_CURVE('',#2520,(#2523,#2530),.PCURVE_S1.);
#2520 = B_SPLINE_CURVE_WITH_KNOTS('',1,(#2521,#2522),.UNSPECIFIED.,.F.,
  .F.,(2,2),(0.,0.49),.PIECEWISE_BEZIER_KNOTS.);
#2521 = CARTESIAN_POINT('',(1.576110658651,7.964043717E-07,
    -2.362513975334));
#2522 = CARTESIAN_POINT('',(2.000454069352,-9.555506883E-08,
    -2.117498323193));
#2523 = PCURVE('',#1523,#2524);
#2524 = DEFINITIONAL_REPRESENTATION('',(#2525),#2529);
#2525 = LINE('',#2526,#2527);
#2526 = CARTESIAN_POINT('',(0.,6.322058019692));
#2527 = VECTOR('',#2528,1.);
#2528 = DIRECTION('',(1.,0.));
#2529 = ( GEOMETRIC_REPRESENTATION_CONTEXT(2) 
PARAMETRIC_REPRESENTATION_CONTEXT() REPRESENTATION_CONTEXT('2D SPACE',''
  ) );
#2530 = PCURVE('',#2531,#2554);
#2531 = B_SPLINE_SURFACE_WITH_KNOTS('',1,10,(
    (#2532,#2533,#2534,#2535,#2536,#2537,#2538,#2539,#2540,#2541,#2542)
    ,(#2543,#2544,#2545,#2546,#2547,#2548,#2549,#2550,#2551,#2552,#2553
    )),.UNSPECIFIED.,.F.,.F.,.F.,(2,2),(11,11),(0.,0.49),(0.,
    6.322058019692),.PIECEWISE_BEZIER_KNOTS.);
#2532 = CARTESIAN_POINT('',(1.576110658651,7.9640438024E-07,
    -2.362513975334));
#2533 = CARTESIAN_POINT('',(1.576111653112,-0.990350175344,
    -2.432511835144));
#2534 = CARTESIAN_POINT('',(0.88487425283,-1.98016723772,-2.50247302443)
  );
#2535 = CARTESIAN_POINT('',(-0.499003339104,-2.426280748,-2.572626581741
    ));
#2536 = CARTESIAN_POINT('',(-2.079904585212,-1.801111010404,
    -2.642396986027));
#2537 = CARTESIAN_POINT('',(-2.916349962567,6.12298955403E-06,
    -2.712513199117));
#2538 = CARTESIAN_POINT('',(-2.079961260883,1.801097937601,
    -2.782629411513));
#2539 = CARTESIAN_POINT('',(-0.498952720479,2.42628452097,
    -2.852399816253));
#2540 = CARTESIAN_POINT('',(0.884853965217,1.980167392601,
    -2.922553373388));
#2541 = CARTESIAN_POINT('',(1.576110078322,0.990351679663,-2.9925145627)
  );
#2542 = CARTESIAN_POINT('',(1.576111017203,7.0791470332E-07,
    -3.062512422514));
#2543 = CARTESIAN_POINT('',(2.000454069352,-9.555506219E-08,
    -2.117498323193));
#2544 = CARTESIAN_POINT('',(2.000455887491,-1.256916727808,
    -2.187498579945));
#2545 = CARTESIAN_POINT('',(1.123184987522,-2.5138641235,-2.257503235946
    ));
#2546 = CARTESIAN_POINT('',(-0.633639088026,-3.078230252641,
    -2.327484814259));
#2547 = CARTESIAN_POINT('',(-2.639348936215,-2.28727368427,
    -2.39751235763));
#2548 = CARTESIAN_POINT('',(-3.702133123264,2.873163146019E-05,
    -2.467498417053));
#2549 = CARTESIAN_POINT('',(-2.639557580489,2.287231776451,
    -2.537484473905));
#2550 = CARTESIAN_POINT('',(-0.633437646028,3.078246462363,
    -2.607512018962));
#2551 = CARTESIAN_POINT('',(1.123115300225,2.513861400291,
    -2.677493596607));
#2552 = CARTESIAN_POINT('',(2.000453607254,1.256916547313,
    -2.747498252724));
#2553 = CARTESIAN_POINT('',(2.00045543206,-8.493911939E-08,
    -2.817498509483));
#2554 = DEFINITIONAL_REPRESENTATION('',(#2555),#2559);
#2555 = LINE('',#2556,#2557);
#2556 = CARTESIAN_POINT('',(0.,0.));
#2557 = VECTOR('',#2558,1.);
#2558 = DIRECTION('',(1.,0.));
#2559 = ( GEOMETRIC_REPRESENTATION_CONTEXT(2) 
PARAMETRIC_REPRESENTATION_CONTEXT() REPRESENTATION_CONTEXT('2D SPACE',''
  ) );
#2560 = ADVANCED_FACE('',(#2561),#2019,.T.);
#2561 = FACE_BOUND('',#2562,.T.);
#2562 = EDGE_LOOP('',(#2563,#2896,#2897,#3013));
#2563 = ORIENTED_EDGE('',*,*,#2564,.F.);
#2564 = EDGE_CURVE('',#1557,#2565,#2567,.T.);
#2565 = VERTEX_POINT('',#2566);
#2566 = CARTESIAN_POINT('',(1.955,4.627E-12,-3.456244203123));
#2567 = SURFACE_CURVE('',#2568,(#2661,#2757),.PCURVE_S1.);
#2568 = B_SPLINE_CURVE_WITH_KNOTS('',6,(#2569,#2570,#2571,#2572,#2573,
    #2574,#2575,#2576,#2577,#2578,#2579,#2580,#2581,#2582,#2583,#2584,
    #2585,#2586,#2587,#2588,#2589,#2590,#2591,#2592,#2593,#2594,#2595,
    #2596,#2597,#2598,#2599,#2600,#2601,#2602,#2603,#2604,#2605,#2606,
    #2607,#2608,#2609,#2610,#2611,#2612,#2613,#2614,#2615,#2616,#2617,
    #2618,#2619,#2620,#2621,#2622,#2623,#2624,#2625,#2626,#2627,#2628,
    #2629,#2630,#2631,#2632,#2633,#2634,#2635,#2636,#2637,#2638,#2639,
    #2640,#2641,#2642,#2643,#2644,#2645,#2646,#2647,#2648,#2649,#2650,
    #2651,#2652,#2653,#2654,#2655,#2656,#2657,#2658,#2659,#2660),
  .UNSPECIFIED.,.F.,.F.,(7,5,5,5,5,5,5,5,5,5,5,5,5,5,5,5,5,5,7),(0.,
    2.4020929325E-02,5.602060462933E-02,0.127021183902,0.228126627607,
    0.263670688961,0.320135193348,0.373138901756,0.401355145916,
    0.499596812369,0.598374429769,0.710221534944,0.739122412448,
    0.81112375004,0.858127550975,0.875425788261,0.952425101003,
    0.972424864458,1.),.UNSPECIFIED.);
#2569 = CARTESIAN_POINT('',(1.955,1.174394E-11,-2.756243478552));
#2570 = CARTESIAN_POINT('',(1.955,-4.917555997286E-02,-2.759045858774));
#2571 = CARTESIAN_POINT('',(1.95351565728,-9.835118388612E-02,
    -2.761848086948));
#2572 = CARTESIAN_POINT('',(1.950546979881,-0.147470681856,
    -2.76465027171));
#2573 = CARTESIAN_POINT('',(1.94609679006,-0.196478092548,
    -2.767452500828));
#2574 = CARTESIAN_POINT('',(1.940170724288,-0.245317683166,
    -2.770254841198));
#2575 = CARTESIAN_POINT('',(1.922927934354,-0.358698501831,
    -2.77679070876));
#2576 = CARTESIAN_POINT('',(1.910474410065,-0.423067081506,
    -2.780524365524));
#2577 = CARTESIAN_POINT('',(1.895436706009,-0.486908269346,
    -2.784258402131));
#2578 = CARTESIAN_POINT('',(1.877843449577,-0.550092866347,
    -2.787992847657));
#2579 = CARTESIAN_POINT('',(1.857731849919,-0.612493893618,
    -2.791727667255));
#2580 = CARTESIAN_POINT('',(1.785038193484,-0.810426015366,
    -2.803750155696));
#2581 = CARTESIAN_POINT('',(1.722752670642,-0.942403548643,
    -2.812039466122));
#2582 = CARTESIAN_POINT('',(1.648793843812,-1.068541731605,
    -2.820328662318));
#2583 = CARTESIAN_POINT('',(1.563865406011,-1.187572017923,
    -2.828616426652));
#2584 = CARTESIAN_POINT('',(1.468837614366,-1.298333024923,
    -2.836902361539));
#2585 = CARTESIAN_POINT('',(1.216559797704,-1.544295886384,
    -2.856980032825));
#2586 = CARTESIAN_POINT('',(1.049958963724,-1.669998750106,
    -2.868772690676));
#2587 = CARTESIAN_POINT('',(0.868023027015,-1.773891039434,
    -2.880556012252));
#2588 = CARTESIAN_POINT('',(0.674350514337,-1.853796035143,
    -2.892337369006));
#2589 = CARTESIAN_POINT('',(0.472867314725,-1.908209467838,
    -2.904124619952));
#2590 = CARTESIAN_POINT('',(0.195756593285,-1.946535179118,
    -2.920056765347));
#2591 = CARTESIAN_POINT('',(0.123231458653,-1.953284748,-2.924201371348)
  );
#2592 = CARTESIAN_POINT('',(5.044144719504E-02,-1.956790029316,
    -2.928346522032));
#2593 = CARTESIAN_POINT('',(-2.243242500203E-02,-1.957039612885,
    -2.932492248985));
#2594 = CARTESIAN_POINT('',(-9.520879220613E-02,-1.95403558955,
    -2.936638547869));
#2595 = CARTESIAN_POINT('',(-0.282873292166,-1.937877588015,
    -2.947372941095));
#2596 = CARTESIAN_POINT('',(-0.397339878963,-1.919789747229,
    -2.953962026025));
#2597 = CARTESIAN_POINT('',(-0.510374954512,-1.893593270577,
    -2.960552143347));
#2598 = CARTESIAN_POINT('',(-0.62126454616,-1.85943598122,
    -2.967143133956));
#2599 = CARTESIAN_POINT('',(-0.729317043504,-1.817548803517,
    -2.97373475483));
#2600 = CARTESIAN_POINT('',(-0.932012396594,-1.721961711774,
    -2.986513770136));
#2601 = CARTESIAN_POINT('',(-1.027075394797,-1.669141260535,
    -2.992701442296));
#2602 = CARTESIAN_POINT('',(-1.118509545158,-1.610041651827,
    -2.998888693527));
#2603 = CARTESIAN_POINT('',(-1.205801256392,-1.544978924797,
    -3.005075391723));
#2604 = CARTESIAN_POINT('',(-1.288475058176,-1.474324050443,
    -3.011261505631));
#2605 = CARTESIAN_POINT('',(-1.4074187465,-1.358136305559,
    -3.020739432977));
#2606 = CARTESIAN_POINT('',(-1.44730932448,-1.316306849342,
    -3.024031903896));
#2607 = CARTESIAN_POINT('',(-1.485703662812,-1.273075835031,
    -3.027324158423));
#2608 = CARTESIAN_POINT('',(-1.522540689585,-1.228510414523,
    -3.03061620035));
#2609 = CARTESIAN_POINT('',(-1.557763407701,-1.182681234967,
    -3.033908042129));
#2610 = CARTESIAN_POINT('',(-1.708150424962,-0.971955147758,
    -3.048660423417));
#2611 = CARTESIAN_POINT('',(-1.804799038609,-0.793787113269,
    -3.06012161819));
#2612 = CARTESIAN_POINT('',(-1.878960536018,-0.6043528479,-3.07157844343
    ));
#2613 = CARTESIAN_POINT('',(-1.929139435669,-0.407206100385,
    -3.083036093911));
#2614 = CARTESIAN_POINT('',(-1.954480422015,-0.206105517314,
    -3.094498835752));
#2615 = CARTESIAN_POINT('',(-1.955509647352,0.19722513091,
    -3.117485188428));
#2616 = CARTESIAN_POINT('',(-1.930926494946,0.399551278492,
    -3.129014136067));
#2617 = CARTESIAN_POINT('',(-1.881213259217,0.597986143144,
    -3.140541610332));
#2618 = CARTESIAN_POINT('',(-1.807225217533,0.788705979348,
    -3.152069158934));
#2619 = CARTESIAN_POINT('',(-1.710471101128,0.968093925114,
    -3.163597819851));
#2620 = CARTESIAN_POINT('',(-1.460600430937,1.319507705334,
    -3.188169121708));
#2621 = CARTESIAN_POINT('',(-1.301632177622,1.487542400402,
    -3.201218675228));
#2622 = CARTESIAN_POINT('',(-1.119744713125,1.632199847501,
    -3.214257919942));
#2623 = CARTESIAN_POINT('',(-0.919313495037,1.749825844594,
    -3.227293984952));
#2624 = CARTESIAN_POINT('',(-0.705322540131,1.837654417819,
    -3.240337592962));
#2625 = CARTESIAN_POINT('',(-0.426133246336,1.90890964845,
    -3.256750436737));
#2626 = CARTESIAN_POINT('',(-0.368273709317,1.921459086464,
    -3.260120885356));
#2627 = CARTESIAN_POINT('',(-0.309977582126,1.931902394795,
    -3.263491649622));
#2628 = CARTESIAN_POINT('',(-0.251340637678,1.940221225103,
    -3.266862760709));
#2629 = CARTESIAN_POINT('',(-0.192459583159,1.946403057938,
    -3.270234237121));
#2630 = CARTESIAN_POINT('',(1.362439596346E-02,1.960501514141,
    -3.282006436403));
#2631 = CARTESIAN_POINT('',(0.161600800719,1.957257423389,
    -3.290409663988));
#2632 = CARTESIAN_POINT('',(0.308970680286,1.940601325642,
    -3.298814635116));
#2633 = CARTESIAN_POINT('',(0.454226828123,1.910667357669,
    -3.307221505139));
#2634 = CARTESIAN_POINT('',(0.595894756687,1.867795906073,
    -3.315629705608));
#2635 = CARTESIAN_POINT('',(0.821772028584,1.776506463879,
    -3.329525246668));
#2636 = CARTESIAN_POINT('',(0.908858967745,1.735179552905,
    -3.335013479152));
#2637 = CARTESIAN_POINT('',(0.993426105699,1.688740815088,-3.34050111985
    ));
#2638 = CARTESIAN_POINT('',(1.075101057423,1.637385277444,-3.34598794644
    ));
#2639 = CARTESIAN_POINT('',(1.153532374209,1.581343628776,-3.3514738301)
  );
#2640 = CARTESIAN_POINT('',(1.255941019274,1.498629791241,
    -3.358977077809));
#2641 = CARTESIAN_POINT('',(1.283006864054,1.475779635145,
    -3.360995424397));
#2642 = CARTESIAN_POINT('',(1.309572742948,1.452343792443,
    -3.363013625141));
#2643 = CARTESIAN_POINT('',(1.335622862462,1.428335994278,
    -3.365031680172));
#2644 = CARTESIAN_POINT('',(1.361141945652,1.403770527937,
    -3.367049593148));
#2645 = CARTESIAN_POINT('',(1.497278344446,1.266898180983,
    -3.378049068309));
#2646 = CARTESIAN_POINT('',(1.597636992923,1.144368657274,
    -3.387028880304));
#2647 = CARTESIAN_POINT('',(1.685864710746,1.012400636933,
    -3.396005645963));
#2648 = CARTESIAN_POINT('',(1.760894961126,0.872508585722,
    -3.404982100207));
#2649 = CARTESIAN_POINT('',(1.821893265533,0.726345251431,
    -3.413961531604));
#2650 = CARTESIAN_POINT('',(1.880368844501,0.536576495229,
    -3.425275017145));
#2651 = CARTESIAN_POINT('',(1.891442321039,0.497145982786,
    -3.427607836109));
#2652 = CARTESIAN_POINT('',(1.901522952512,0.457443375718,
    -3.429940805378));
#2653 = CARTESIAN_POINT('',(1.910602524274,0.417499920889,
    -3.432273918019));
#2654 = CARTESIAN_POINT('',(1.918674136008,0.377347182676,
    -3.434607156767));
#2655 = CARTESIAN_POINT('',(1.935463672756,0.281410931851,
    -3.440157636637));
#2656 = CARTESIAN_POINT('',(1.943268402641,0.225467425593,
    -3.443374972214));
#2657 = CARTESIAN_POINT('',(1.949131738826,0.169270210116,
    -3.446592417623));
#2658 = CARTESIAN_POINT('',(1.953043904781,0.112903426839,
    -3.449809864502));
#2659 = CARTESIAN_POINT('',(1.955,5.64516726704E-02,-3.453027179271));
#2660 = CARTESIAN_POINT('',(1.955,9.27614E-12,-3.456244203123));
#2661 = PCURVE('',#2019,#2662);
#2662 = DEFINITIONAL_REPRESENTATION('',(#2663),#2756);
#2663 = B_SPLINE_CURVE_WITH_KNOTS('',6,(#2664,#2665,#2666,#2667,#2668,
    #2669,#2670,#2671,#2672,#2673,#2674,#2675,#2676,#2677,#2678,#2679,
    #2680,#2681,#2682,#2683,#2684,#2685,#2686,#2687,#2688,#2689,#2690,
    #2691,#2692,#2693,#2694,#2695,#2696,#2697,#2698,#2699,#2700,#2701,
    #2702,#2703,#2704,#2705,#2706,#2707,#2708,#2709,#2710,#2711,#2712,
    #2713,#2714,#2715,#2716,#2717,#2718,#2719,#2720,#2721,#2722,#2723,
    #2724,#2725,#2726,#2727,#2728,#2729,#2730,#2731,#2732,#2733,#2734,
    #2735,#2736,#2737,#2738,#2739,#2740,#2741,#2742,#2743,#2744,#2745,
    #2746,#2747,#2748,#2749,#2750,#2751,#2752,#2753,#2754,#2755),
  .UNSPECIFIED.,.F.,.F.,(7,5,5,5,5,5,5,5,5,5,5,5,5,5,5,5,5,5,7),(0.,
    2.4020929325E-02,5.602060462933E-02,0.127021183902,0.228126627607,
    0.263670688961,0.320135193348,0.373138901756,0.401355145916,
    0.499596812369,0.598374429769,0.710221534944,0.739122412448,
    0.81112375004,0.858127550975,0.875425788261,0.952425101003,
    0.972424864458,1.),.UNSPECIFIED.);
#2664 = CARTESIAN_POINT('',(5.251304331172E-02,0.));
#2665 = CARTESIAN_POINT('',(5.251296334878E-02,2.530936800443E-02));
#2666 = CARTESIAN_POINT('',(5.251319701805E-02,5.061877898549E-02));
#2667 = CARTESIAN_POINT('',(5.251354925769E-02,7.592833330148E-02));
#2668 = CARTESIAN_POINT('',(5.251385636178E-02,0.101238084409));
#2669 = CARTESIAN_POINT('',(5.25139859803E-02,0.126548038862));
#2670 = CARTESIAN_POINT('',(5.251363881252E-02,0.185575234012));
#2671 = CARTESIAN_POINT('',(5.251294710202E-02,0.219292674445));
#2672 = CARTESIAN_POINT('',(5.251155657809E-02,0.253010389928));
#2673 = CARTESIAN_POINT('',(5.25093852909E-02,0.286728272982));
#2674 = CARTESIAN_POINT('',(5.250647475031E-02,0.320446196336));
#2675 = CARTESIAN_POINT('',(5.24952578302E-02,0.428976787966));
#2676 = CARTESIAN_POINT('',(5.24846692648E-02,0.503793976838));
#2677 = CARTESIAN_POINT('',(5.247274341497E-02,0.578604095309));
#2678 = CARTESIAN_POINT('',(5.246319284684E-02,0.653412007969));
#2679 = CARTESIAN_POINT('',(5.245817959022E-02,0.728223886701));
#2680 = CARTESIAN_POINT('',(5.2458018376E-02,0.909554878124));
#2681 = CARTESIAN_POINT('',(5.246790937827E-02,1.01610506661));
#2682 = CARTESIAN_POINT('',(5.248940099945E-02,1.122623316759));
#2683 = CARTESIAN_POINT('',(5.251552357059E-02,1.229144730661));
#2684 = CARTESIAN_POINT('',(5.253751294722E-02,1.335700714519));
#2685 = CARTESIAN_POINT('',(5.255734811768E-02,1.479681632783));
#2686 = CARTESIAN_POINT('',(5.256159876971E-02,1.517132882939));
#2687 = CARTESIAN_POINT('',(5.256478779716E-02,1.55458425871));
#2688 = CARTESIAN_POINT('',(5.256683307068E-02,1.592035674525));
#2689 = CARTESIAN_POINT('',(5.256772325895E-02,1.629487040036));
#2690 = CARTESIAN_POINT('',(5.256719148679E-02,1.726432434393));
#2691 = CARTESIAN_POINT('',(5.256410083614E-02,1.785927874886));
#2692 = CARTESIAN_POINT('',(5.255846326074E-02,1.845421138931));
#2693 = CARTESIAN_POINT('',(5.255094259261E-02,1.904913787016));
#2694 = CARTESIAN_POINT('',(5.254239682685E-02,1.964407498446));
#2695 = CARTESIAN_POINT('',(5.252539243425E-02,2.079744538839));
#2696 = CARTESIAN_POINT('',(5.251695641919E-02,2.135590478215));
#2697 = CARTESIAN_POINT('',(5.250898903429E-02,2.191434731965));
#2698 = CARTESIAN_POINT('',(5.250207145008E-02,2.24727873125));
#2699 = CARTESIAN_POINT('',(5.249659327013E-02,2.303123953121));
#2700 = CARTESIAN_POINT('',(5.249055240867E-02,2.388696684935));
#2701 = CARTESIAN_POINT('',(5.248889031472E-02,2.418425168543));
#2702 = CARTESIAN_POINT('',(5.248768036523E-02,2.448153739462));
#2703 = CARTESIAN_POINT('',(5.248691968049E-02,2.477882418948));
#2704 = CARTESIAN_POINT('',(5.248658689015E-02,2.507611222953));
#2705 = CARTESIAN_POINT('',(5.248683447503E-02,2.640848641488));
#2706 = CARTESIAN_POINT('',(5.249172283013E-02,2.744382626812));
#2707 = CARTESIAN_POINT('',(5.24998068259E-02,2.847891578713));
#2708 = CARTESIAN_POINT('',(5.250687048031E-02,2.951403376249));
#2709 = CARTESIAN_POINT('',(5.251018709088E-02,3.054944236622));
#2710 = CARTESIAN_POINT('',(5.250960455236E-02,3.262543113749));
#2711 = CARTESIAN_POINT('',(5.250566634705E-02,3.36664915355));
#2712 = CARTESIAN_POINT('',(5.249803387894E-02,3.470725205309));
#2713 = CARTESIAN_POINT('',(5.248960082724E-02,3.574798313631));
#2714 = CARTESIAN_POINT('',(5.248468220419E-02,3.678897336962));
#2715 = CARTESIAN_POINT('',(5.248476845545E-02,3.900813720546));
#2716 = CARTESIAN_POINT('',(5.249117695329E-02,4.018699849858));
#2717 = CARTESIAN_POINT('',(5.250631030477E-02,4.136532271623));
#2718 = CARTESIAN_POINT('',(5.252829777026E-02,4.254366926179));
#2719 = CARTESIAN_POINT('',(5.254757539031E-02,4.372257469811));
#2720 = CARTESIAN_POINT('',(5.256214997536E-02,4.520556068441));
#2721 = CARTESIAN_POINT('',(5.256462888523E-02,4.55100750738));
#2722 = CARTESIAN_POINT('',(5.256650010871E-02,4.581459053079));
#2723 = CARTESIAN_POINT('',(5.256769366153E-02,4.611910671051));
#2724 = CARTESIAN_POINT('',(5.256816345854E-02,4.642362320326));
#2725 = CARTESIAN_POINT('',(5.256719934863E-02,4.748678719704));
#2726 = CARTESIAN_POINT('',(5.256189008411E-02,4.824548591858));
#2727 = CARTESIAN_POINT('',(5.255167208679E-02,4.900412045234));
#2728 = CARTESIAN_POINT('',(5.253741008822E-02,4.976274387716));
#2729 = CARTESIAN_POINT('',(5.252150535575E-02,5.052141328632));
#2730 = CARTESIAN_POINT('',(5.249634627032E-02,5.177525461378));
#2731 = CARTESIAN_POINT('',(5.248669900488E-02,5.227048933963));
#2732 = CARTESIAN_POINT('',(5.247799456582E-02,5.276571319317));
#2733 = CARTESIAN_POINT('',(5.247086931956E-02,5.326093483005));
#2734 = CARTESIAN_POINT('',(5.246578536424E-02,5.375616348081));
#2735 = CARTESIAN_POINT('',(5.246180096655E-02,5.443364024826));
#2736 = CARTESIAN_POINT('',(5.246102333787E-02,5.461589233937));
#2737 = CARTESIAN_POINT('',(5.246054700864E-02,5.47981448636));
#2738 = CARTESIAN_POINT('',(5.246037307409E-02,5.498039788222));
#2739 = CARTESIAN_POINT('',(5.246049666087E-02,5.516265150536));
#2740 = CARTESIAN_POINT('',(5.246273313667E-02,5.615617135693));
#2741 = CARTESIAN_POINT('',(5.24702303235E-02,5.696752263985));
#2742 = CARTESIAN_POINT('',(5.248249328465E-02,5.777881398286));
#2743 = CARTESIAN_POINT('',(5.249602721083E-02,5.859013458716));
#2744 = CARTESIAN_POINT('',(5.250571995456E-02,5.940155063154));
#2745 = CARTESIAN_POINT('',(5.251232455E-02,6.042362760114));
#2746 = CARTESIAN_POINT('',(5.251338582691E-02,6.063436433465));
#2747 = CARTESIAN_POINT('',(5.251413223316E-02,6.084510042523));
#2748 = CARTESIAN_POINT('',(5.251457117009E-02,6.105583558085));
#2749 = CARTESIAN_POINT('',(5.251473181885E-02,6.126656955989));
#2750 = CARTESIAN_POINT('',(5.251457320594E-02,6.176785462335));
#2751 = CARTESIAN_POINT('',(5.251404475507E-02,6.205840479274));
#2752 = CARTESIAN_POINT('',(5.251323063034E-02,6.234895198186));
#2753 = CARTESIAN_POINT('',(5.251234910393E-02,6.263949626021));
#2754 = CARTESIAN_POINT('',(5.251168587761E-02,6.293003846415));
#2755 = CARTESIAN_POINT('',(5.251159408281E-02,6.322058019692));
#2756 = ( GEOMETRIC_REPRESENTATION_CONTEXT(2) 
PARAMETRIC_REPRESENTATION_CONTEXT() REPRESENTATION_CONTEXT('2D SPACE',''
  ) );
#2757 = PCURVE('',#238,#2758);
#2758 = DEFINITIONAL_REPRESENTATION('',(#2759),#2895);
#2759 = B_SPLINE_CURVE_WITH_KNOTS('',3,(#2760,#2761,#2762,#2763,#2764,
    #2765,#2766,#2767,#2768,#2769,#2770,#2771,#2772,#2773,#2774,#2775,
    #2776,#2777,#2778,#2779,#2780,#2781,#2782,#2783,#2784,#2785,#2786,
    #2787,#2788,#2789,#2790,#2791,#2792,#2793,#2794,#2795,#2796,#2797,
    #2798,#2799,#2800,#2801,#2802,#2803,#2804,#2805,#2806,#2807,#2808,
    #2809,#2810,#2811,#2812,#2813,#2814,#2815,#2816,#2817,#2818,#2819,
    #2820,#2821,#2822,#2823,#2824,#2825,#2826,#2827,#2828,#2829,#2830,
    #2831,#2832,#2833,#2834,#2835,#2836,#2837,#2838,#2839,#2840,#2841,
    #2842,#2843,#2844,#2845,#2846,#2847,#2848,#2849,#2850,#2851,#2852,
    #2853,#2854,#2855,#2856,#2857,#2858,#2859,#2860,#2861,#2862,#2863,
    #2864,#2865,#2866,#2867,#2868,#2869,#2870,#2871,#2872,#2873,#2874,
    #2875,#2876,#2877,#2878,#2879,#2880,#2881,#2882,#2883,#2884,#2885,
    #2886,#2887,#2888,#2889,#2890,#2891,#2892,#2893,#2894),
  .UNSPECIFIED.,.F.,.F.,(4,1,1,1,1,1,1,1,1,1,1,1,1,1,1,1,1,1,1,1,1,1,1,1
    ,1,1,1,1,1,1,1,1,1,1,1,1,1,1,1,1,1,1,1,1,1,1,1,1,1,1,1,1,1,1,1,1,1,1
    ,1,1,1,1,1,1,1,1,1,1,1,1,1,1,1,1,1,1,1,1,1,1,1,1,1,1,1,1,1,1,1,1,1,1
    ,1,1,1,1,1,1,1,1,1,1,1,1,1,1,1,1,1,1,1,1,1,1,1,1,1,1,1,1,1,1,1,1,1,1
    ,1,1,1,1,1,1,4),(0.,7.575757575758E-03,1.515151515152E-02,
    2.272727272727E-02,3.030303030303E-02,3.787878787879E-02,
    4.545454545455E-02,5.30303030303E-02,6.060606060606E-02,
    6.818181818182E-02,7.575757575758E-02,8.333333333333E-02,
    9.090909090909E-02,9.848484848485E-02,0.106060606061,0.113636363636,
    0.121212121212,0.128787878788,0.136363636364,0.143939393939,
    0.151515151515,0.159090909091,0.166666666667,0.174242424242,
    0.181818181818,0.189393939394,0.19696969697,0.204545454545,
    0.212121212121,0.219696969697,0.227272727273,0.234848484848,
    0.242424242424,0.25,0.257575757576,0.265151515152,0.272727272727,
    0.280303030303,0.287878787879,0.295454545455,0.30303030303,
    0.310606060606,0.318181818182,0.325757575758,0.333333333333,
    0.340909090909,0.348484848485,0.356060606061,0.363636363636,
    0.371212121212,0.378787878788,0.386363636364,0.393939393939,
    0.401515151515,0.409090909091,0.416666666667,0.424242424242,
    0.431818181818,0.439393939394,0.44696969697,0.454545454545,
    0.462121212121,0.469696969697,0.477272727273,0.484848484848,
    0.492424242424,0.5,0.507575757576,0.515151515152,0.522727272727,
    0.530303030303,0.537878787879,0.545454545455,0.55303030303,
    0.560606060606,0.568181818182,0.575757575758,0.583333333333,
    0.590909090909,0.598484848485,0.606060606061,0.613636363636,
    0.621212121212,0.628787878788,0.636363636364,0.643939393939,
    0.651515151515,0.659090909091,0.666666666667,0.674242424242,
    0.681818181818,0.689393939394,0.69696969697,0.704545454545,
    0.712121212121,0.719696969697,0.727272727273,0.734848484848,
    0.742424242424,0.75,0.757575757576,0.765151515152,0.772727272727,
    0.780303030303,0.787878787879,0.795454545455,0.80303030303,
    0.810606060606,0.818181818182,0.825757575758,0.833333333333,
    0.840909090909,0.848484848485,0.856060606061,0.863636363636,
    0.871212121212,0.878787878788,0.886363636364,0.893939393939,
    0.901515151515,0.909090909091,0.916666666667,0.924242424242,
    0.931818181818,0.939393939394,0.94696969697,0.954545454545,
    0.962121212121,0.969696969697,0.977272727273,0.984848484848,
    0.992424242424,1.),.UNSPECIFIED.);
#2760 = CARTESIAN_POINT('',(-18.84955592153,2.056243478552));
#2761 = CARTESIAN_POINT('',(-18.83368986163,2.058011110313));
#2762 = CARTESIAN_POINT('',(-18.80195775513,2.061546246062));
#2763 = CARTESIAN_POINT('',(-18.7543596698,2.066848857061));
#2764 = CARTESIAN_POINT('',(-18.70676170825,2.072151693163));
#2765 = CARTESIAN_POINT('',(-18.65916386785,2.077454977467));
#2766 = CARTESIAN_POINT('',(-18.61156614864,2.08275885128));
#2767 = CARTESIAN_POINT('',(-18.56396856351,2.088063362992));
#2768 = CARTESIAN_POINT('',(-18.51637098486,2.093368490918));
#2769 = CARTESIAN_POINT('',(-18.46877340119,2.098674151616));
#2770 = CARTESIAN_POINT('',(-18.42117466951,2.103980328593));
#2771 = CARTESIAN_POINT('',(-18.37357595453,2.109286715856));
#2772 = CARTESIAN_POINT('',(-18.32597738627,2.11459310145));
#2773 = CARTESIAN_POINT('',(-18.27837892776,2.119899288991));
#2774 = CARTESIAN_POINT('',(-18.23078035703,2.125205112365));
#2775 = CARTESIAN_POINT('',(-18.18318142534,2.130510428217));
#2776 = CARTESIAN_POINT('',(-18.13558214943,2.135815091392));
#2777 = CARTESIAN_POINT('',(-18.08798238588,2.141119008028));
#2778 = CARTESIAN_POINT('',(-18.04038417952,2.146421882392));
#2779 = CARTESIAN_POINT('',(-17.99278280301,2.151724209044));
#2780 = CARTESIAN_POINT('',(-17.94517961814,2.15702585374));
#2781 = CARTESIAN_POINT('',(-17.89757632983,2.162326676045));
#2782 = CARTESIAN_POINT('',(-17.84997358711,2.167626685244));
#2783 = CARTESIAN_POINT('',(-17.80237160669,2.172925968512));
#2784 = CARTESIAN_POINT('',(-17.75477022452,2.178224680209));
#2785 = CARTESIAN_POINT('',(-17.70716907834,2.183523014855));
#2786 = CARTESIAN_POINT('',(-17.65956773956,2.188821184699));
#2787 = CARTESIAN_POINT('',(-17.61196585766,2.194119395663));
#2788 = CARTESIAN_POINT('',(-17.56436328745,2.199417825618));
#2789 = CARTESIAN_POINT('',(-17.51676029718,2.204716595401));
#2790 = CARTESIAN_POINT('',(-17.46915753621,2.210015766981));
#2791 = CARTESIAN_POINT('',(-17.42155698838,2.215315240711));
#2792 = CARTESIAN_POINT('',(-17.37395936263,2.220615029519));
#2793 = CARTESIAN_POINT('',(-17.32636106457,2.225915613006));
#2794 = CARTESIAN_POINT('',(-17.27876309592,2.231216926317));
#2795 = CARTESIAN_POINT('',(-17.23116499926,2.23651901715));
#2796 = CARTESIAN_POINT('',(-17.1835670759,2.241821847916));
#2797 = CARTESIAN_POINT('',(-17.13596873353,2.24712545998));
#2798 = CARTESIAN_POINT('',(-17.0883703144,2.252429749228));
#2799 = CARTESIAN_POINT('',(-17.04077202757,2.257734617312));
#2800 = CARTESIAN_POINT('',(-16.99317378001,2.26303998073));
#2801 = CARTESIAN_POINT('',(-16.94557541982,2.26834575135));
#2802 = CARTESIAN_POINT('',(-16.89797684833,2.273651827348));
#2803 = CARTESIAN_POINT('',(-16.85037825753,2.278958071046));
#2804 = CARTESIAN_POINT('',(-16.8027799865,2.284264328731));
#2805 = CARTESIAN_POINT('',(-16.75518124929,2.289570576834));
#2806 = CARTESIAN_POINT('',(-16.70758262579,2.294876647737));
#2807 = CARTESIAN_POINT('',(-16.65998402779,2.300182460958));
#2808 = CARTESIAN_POINT('',(-16.61238536046,2.305487950469));
#2809 = CARTESIAN_POINT('',(-16.56478653429,2.310793065234));
#2810 = CARTESIAN_POINT('',(-16.51718768377,2.316097748443));
#2811 = CARTESIAN_POINT('',(-16.4695892033,2.321401928733));
#2812 = CARTESIAN_POINT('',(-16.42199070029,2.326705651136));
#2813 = CARTESIAN_POINT('',(-16.37439209979,2.332008934703));
#2814 = CARTESIAN_POINT('',(-16.32679409157,2.337311724638));
#2815 = CARTESIAN_POINT('',(-16.27919397639,2.342614372135));
#2816 = CARTESIAN_POINT('',(-16.23159168544,2.347916942893));
#2817 = CARTESIAN_POINT('',(-16.1839893583,2.353219269058));
#2818 = CARTESIAN_POINT('',(-16.13638756396,2.358521358567));
#2819 = CARTESIAN_POINT('',(-16.08878656518,2.36382325891));
#2820 = CARTESIAN_POINT('',(-16.04118620096,2.369125067442));
#2821 = CARTESIAN_POINT('',(-15.99358611752,2.374426902624));
#2822 = CARTESIAN_POINT('',(-15.94598588689,2.379728886549));
#2823 = CARTESIAN_POINT('',(-15.89838516588,2.385031122977));
#2824 = CARTESIAN_POINT('',(-15.85078378639,2.390333683567));
#2825 = CARTESIAN_POINT('',(-15.80318210331,2.395636567386));
#2826 = CARTESIAN_POINT('',(-15.75558044513,2.400939760672));
#2827 = CARTESIAN_POINT('',(-15.70798199978,2.406242923844));
#2828 = CARTESIAN_POINT('',(-15.66038292181,2.411546478837));
#2829 = CARTESIAN_POINT('',(-15.61278121444,2.416850632091));
#2830 = CARTESIAN_POINT('',(-15.56517949721,2.422155059103));
#2831 = CARTESIAN_POINT('',(-15.51757817809,2.427459661007));
#2832 = CARTESIAN_POINT('',(-15.46997753515,2.432764342826));
#2833 = CARTESIAN_POINT('',(-15.42237738027,2.438069054099));
#2834 = CARTESIAN_POINT('',(-15.37477734902,2.443373759262));
#2835 = CARTESIAN_POINT('',(-15.32717700307,2.44867842757));
#2836 = CARTESIAN_POINT('',(-15.27957599481,2.453983016001));
#2837 = CARTESIAN_POINT('',(-15.23197415044,2.459287461626));
#2838 = CARTESIAN_POINT('',(-15.18437183966,2.464591644068));
#2839 = CARTESIAN_POINT('',(-15.13676934455,2.469895459041));
#2840 = CARTESIAN_POINT('',(-15.08917004823,2.475198478403));
#2841 = CARTESIAN_POINT('',(-15.04156947661,2.480501154754));
#2842 = CARTESIAN_POINT('',(-14.99396460316,2.485803802647));
#2843 = CARTESIAN_POINT('',(-14.94635922982,2.491105996199));
#2844 = CARTESIAN_POINT('',(-14.89875413189,2.496407653215));
#2845 = CARTESIAN_POINT('',(-14.85114997645,2.501708723147));
#2846 = CARTESIAN_POINT('',(-14.80354678208,2.507009248496));
#2847 = CARTESIAN_POINT('',(-14.75594427571,2.512309325496));
#2848 = CARTESIAN_POINT('',(-14.70834198641,2.517609091161));
#2849 = CARTESIAN_POINT('',(-14.66073939689,2.522908702501));
#2850 = CARTESIAN_POINT('',(-14.61313606994,2.528208317642));
#2851 = CARTESIAN_POINT('',(-14.5655318017,2.533508074041));
#2852 = CARTESIAN_POINT('',(-14.51792671974,2.538808073364));
#2853 = CARTESIAN_POINT('',(-14.47032164348,2.544108339521));
#2854 = CARTESIAN_POINT('',(-14.42271755764,2.549408874326));
#2855 = CARTESIAN_POINT('',(-14.37511851345,2.554709346414));
#2856 = CARTESIAN_POINT('',(-14.32752059735,2.560010283175));
#2857 = CARTESIAN_POINT('',(-14.2799225154,2.565311915154));
#2858 = CARTESIAN_POINT('',(-14.23232449916,2.570614262602));
#2859 = CARTESIAN_POINT('',(-14.18472664372,2.575917356332));
#2860 = CARTESIAN_POINT('',(-14.13712760181,2.581221360855));
#2861 = CARTESIAN_POINT('',(-14.08952851258,2.586526133876));
#2862 = CARTESIAN_POINT('',(-14.04192965931,2.591831601935));
#2863 = CARTESIAN_POINT('',(-13.99433105357,2.597137695548));
#2864 = CARTESIAN_POINT('',(-13.94673248858,2.602444345906));
#2865 = CARTESIAN_POINT('',(-13.89913371196,2.607751467287));
#2866 = CARTESIAN_POINT('',(-13.8515345965,2.613058940611));
#2867 = CARTESIAN_POINT('',(-13.8039351863,2.618366612297));
#2868 = CARTESIAN_POINT('',(-13.75633627223,2.62367423636));
#2869 = CARTESIAN_POINT('',(-13.70873804439,2.628981633821));
#2870 = CARTESIAN_POINT('',(-13.66113939349,2.634288769686));
#2871 = CARTESIAN_POINT('',(-13.61354084663,2.639595438395));
#2872 = CARTESIAN_POINT('',(-13.56594223416,2.644901528163));
#2873 = CARTESIAN_POINT('',(-13.51834350308,2.650206936337));
#2874 = CARTESIAN_POINT('',(-13.47074469366,2.655511578011));
#2875 = CARTESIAN_POINT('',(-13.42314615163,2.660815367256));
#2876 = CARTESIAN_POINT('',(-13.3755475461,2.666118331441));
#2877 = CARTESIAN_POINT('',(-13.32794914268,2.671420466834));
#2878 = CARTESIAN_POINT('',(-13.28034925117,2.6767220291));
#2879 = CARTESIAN_POINT('',(-13.23274931158,2.682022961534));
#2880 = CARTESIAN_POINT('',(-13.18514972672,2.687323354776));
#2881 = CARTESIAN_POINT('',(-13.13755060531,2.692623359336));
#2882 = CARTESIAN_POINT('',(-13.08995177144,2.697923176288));
#2883 = CARTESIAN_POINT('',(-13.04235296049,2.703223024669));
#2884 = CARTESIAN_POINT('',(-12.9947539372,2.708523115701));
#2885 = CARTESIAN_POINT('',(-12.94715471388,2.713823614798));
#2886 = CARTESIAN_POINT('',(-12.89955546268,2.719124637411));
#2887 = CARTESIAN_POINT('',(-12.85195760988,2.724426113503));
#2888 = CARTESIAN_POINT('',(-12.80436006767,2.729728194406));
#2889 = CARTESIAN_POINT('',(-12.75676239096,2.735030889098));
#2890 = CARTESIAN_POINT('',(-12.70916463061,2.740334073606));
#2891 = CARTESIAN_POINT('',(-12.66156673986,2.745637559936));
#2892 = CARTESIAN_POINT('',(-12.61396873854,2.75094108074));
#2893 = CARTESIAN_POINT('',(-12.58223666663,2.754476563416));
#2894 = CARTESIAN_POINT('',(-12.56637061435,2.756244203123));
#2895 = ( GEOMETRIC_REPRESENTATION_CONTEXT(2) 
PARAMETRIC_REPRESENTATION_CONTEXT() REPRESENTATION_CONTEXT('2D SPACE',''
  ) );
#2896 = ORIENTED_EDGE('',*,*,#2006,.T.);
#2897 = ORIENTED_EDGE('',*,*,#2898,.T.);
#2898 = EDGE_CURVE('',#1891,#2899,#2901,.T.);
#2899 = VERTEX_POINT('',#2900);
#2900 = CARTESIAN_POINT('',(1.576116754894,7.07909282E-07,-3.23751242242
    ));
#2901 = SURFACE_CURVE('',#2902,(#2914,#2921),.PCURVE_S1.);
#2902 = B_SPLINE_CURVE_WITH_KNOTS('',10,(#2903,#2904,#2905,#2906,#2907,
    #2908,#2909,#2910,#2911,#2912,#2913),.UNSPECIFIED.,.F.,.F.,(11,11),(
    0.,6.322058019692),.PIECEWISE_BEZIER_KNOTS.);
#2903 = CARTESIAN_POINT('',(1.576117113554,7.963975151E-07,
    -2.537513975215));
#2904 = CARTESIAN_POINT('',(1.576117119507,-0.990354004941,
    -2.607511835061));
#2905 = CARTESIAN_POINT('',(0.884859277724,-1.980174215051,
    -2.677473025002));
#2906 = CARTESIAN_POINT('',(-0.498952334439,-2.426294364893,
    -2.747626579666));
#2907 = CARTESIAN_POINT('',(-2.079967584058,-1.80110690365,
    -2.817396988091));
#2908 = CARTESIAN_POINT('',(-2.916361251447,-8.91088238046E-06,
    -2.887513198634));
#2909 = CARTESIAN_POINT('',(-2.079914338631,1.801116012762,
    -2.957629409836));
#2910 = CARTESIAN_POINT('',(-0.499007591441,2.4262896366,-3.027399817827
    ));
#2911 = CARTESIAN_POINT('',(0.884875786952,1.980175749841,
    -3.097553372667));
#2912 = CARTESIAN_POINT('',(1.576116804519,0.990355509248,
    -3.167514562573));
#2913 = CARTESIAN_POINT('',(1.576116754894,7.0790926993E-07,
    -3.23751242242));
#2914 = PCURVE('',#2019,#2915);
#2915 = DEFINITIONAL_REPRESENTATION('',(#2916),#2920);
#2916 = LINE('',#2917,#2918);
#2917 = CARTESIAN_POINT('',(0.49,0.));
#2918 = VECTOR('',#2919,1.);
#2919 = DIRECTION('',(0.,1.));
#2920 = ( GEOMETRIC_REPRESENTATION_CONTEXT(2) 
PARAMETRIC_REPRESENTATION_CONTEXT() REPRESENTATION_CONTEXT('2D SPACE',''
  ) );
#2921 = PCURVE('',#2922,#3007);
#2922 = ( BOUNDED_SURFACE() B_SPLINE_SURFACE(6,11,(
    (#2923,#2924,#2925,#2926,#2927,#2928,#2929,#2930,#2931,#2932,#2933
      ,#2934)
    ,(#2935,#2936,#2937,#2938,#2939,#2940,#2941,#2942,#2943,#2944,#2945
      ,#2946)
    ,(#2947,#2948,#2949,#2950,#2951,#2952,#2953,#2954,#2955,#2956,#2957
      ,#2958)
    ,(#2959,#2960,#2961,#2962,#2963,#2964,#2965,#2966,#2967,#2968,#2969
      ,#2970)
    ,(#2971,#2972,#2973,#2974,#2975,#2976,#2977,#2978,#2979,#2980,#2981
      ,#2982)
    ,(#2983,#2984,#2985,#2986,#2987,#2988,#2989,#2990,#2991,#2992,#2993
      ,#2994)
    ,(#2995,#2996,#2997,#2998,#2999,#3000,#3001,#3002,#3003,#3004,#3005
,#3006
    )),.UNSPECIFIED.,.F.,.F.,.F.) B_SPLINE_SURFACE_WITH_KNOTS((7,7),(12,
    12),(0.,2.094395102393),(0.,6.322058019692),
.PIECEWISE_BEZIER_KNOTS.) GEOMETRIC_REPRESENTATION_ITEM() 
RATIONAL_B_SPLINE_SURFACE((
    (1.056590953773,1.056590953773,1.056590953773,1.056590953773
      ,1.056590953773,1.056590953773,1.056590953773,1.056590953773
      ,1.056590953773,1.056590953773,1.056590953773,1.056590953773)
    ,(1.017435169568,1.017435169568,1.017435169568,1.017435169568
      ,1.017435169568,1.017435169569,1.017435169568,1.017435169568
      ,1.017435169568,1.017435169568,1.017435169568,1.017435169568)
    ,(0.996326512422,0.996326512422,0.996326512422,0.996326512422
      ,0.996326512422,0.996326512423,0.996326512421,0.996326512423
      ,0.996326512422,0.996326512422,0.996326512422,0.996326512422)
    ,(0.989390034249,0.989390034249,0.989390034249,0.989390034249
      ,0.989390034248,0.989390034249,0.989390034248,0.989390034249
      ,0.989390034248,0.989390034249,0.989390034249,0.989390034249)
    ,(0.996326512422,0.996326512422,0.996326512422,0.996326512422
      ,0.996326512422,0.996326512423,0.996326512421,0.996326512423
      ,0.996326512422,0.996326512422,0.996326512422,0.996326512422)
    ,(1.017435169568,1.017435169568,1.017435169568,1.017435169568
      ,1.017435169568,1.017435169568,1.017435169568,1.017435169568
      ,1.017435169568,1.017435169568,1.017435169568,1.017435169568)
    ,(1.056590953773,1.056590953773,1.056590953773,1.056590953773
      ,1.056590953773,1.056590953773,1.056590953773,1.056590953773
      ,1.056590953773,1.056590953773,1.056590953773,1.056590953773
))) REPRESENTATION_ITEM('') SURFACE() );
#2923 = CARTESIAN_POINT('',(1.576117113554,7.9639751638E-07,
    -2.537513975215));
#2924 = CARTESIAN_POINT('',(1.576117118966,-0.900321750274,
    -2.601148393257));
#2925 = CARTESIAN_POINT('',(1.010542521685,-1.800206904122,
    -2.664752808649));
#2926 = CARTESIAN_POINT('',(-0.121528553875,-2.307158793197,
    -2.728591118917));
#2927 = CARTESIAN_POINT('',(-1.505133929873,-2.018494526909,
    -2.791643574855));
#2928 = CARTESIAN_POINT('',(-2.536037700937,-0.83646351622,
    -2.856324971747));
#2929 = CARTESIAN_POINT('',(-2.536302720046,0.836457935764,
    -2.918701425821));
#2930 = CARTESIAN_POINT('',(-1.504958175794,2.018498604236,
    -2.983382822915));
#2931 = CARTESIAN_POINT('',(-0.121605465489,2.307155773018,
    -3.046435278624));
#2932 = CARTESIAN_POINT('',(1.010555971963,1.80020843337,-3.110273589014
    ));
#2933 = CARTESIAN_POINT('',(1.576116800008,0.900323254581,
    -3.173878004378));
#2934 = CARTESIAN_POINT('',(1.576116754894,7.0790927198E-07,
    -3.23751242242));
#2935 = CARTESIAN_POINT('',(1.544398530065,8.6306779973E-07,
    -2.519202802392));
#2936 = CARTESIAN_POINT('',(1.54439866758,-0.882207998623,
    -2.582837057557));
#2937 = CARTESIAN_POINT('',(0.990204349205,-1.763945052023,
    -2.646438798369));
#2938 = CARTESIAN_POINT('',(-0.119078965075,-2.260838592584,
    -2.710294014803));
#2939 = CARTESIAN_POINT('',(-1.4748434076,-1.977645432955,
    -2.773297588335));
#2940 = CARTESIAN_POINT('',(-2.48501768431,-0.819954285635,
    -2.838066471181));
#2941 = CARTESIAN_POINT('',(-2.485227480267,0.819949163582,
    -2.900337450762));
#2942 = CARTESIAN_POINT('',(-1.474704995817,1.97764823655,
    -2.965106333767));
#2943 = CARTESIAN_POINT('',(-0.119140427287,2.260836170205,
    -3.028109907119));
#2944 = CARTESIAN_POINT('',(0.990214481334,1.763946543891,-3.09196512365
    ));
#2945 = CARTESIAN_POINT('',(1.544398163691,0.882209628862,
    -3.155566864438));
#2946 = CARTESIAN_POINT('',(1.544398246451,7.6717167802E-07,
    -3.219201119604));
#2947 = CARTESIAN_POINT('',(1.522045686419,9.1005124514E-07,
    -2.488209393475));
#2948 = CARTESIAN_POINT('',(1.522046009919,-0.869442826206,
    -2.551843533855));
#2949 = CARTESIAN_POINT('',(0.975873144719,-1.738390559164,
    -2.615443389827));
#2950 = CARTESIAN_POINT('',(-0.117360406015,-2.228195394509,
    -2.679310520434));
#2951 = CARTESIAN_POINT('',(-1.453478623669,-1.948858717941,
    -2.742279645399));
#2952 = CARTESIAN_POINT('',(-2.449090028186,-0.808319529144,
    -2.807110181607));
#2953 = CARTESIAN_POINT('',(-2.449206289126,0.808315383202,
    -2.869306830916));
#2954 = CARTESIAN_POINT('',(-1.453403256939,1.948859484357,
    -2.934137367209));
#2955 = CARTESIAN_POINT('',(-0.117395537015,2.228193993601,
    -2.997106492077));
#2956 = CARTESIAN_POINT('',(0.975877802797,1.738391907984,
    -3.060973622737));
#2957 = CARTESIAN_POINT('',(1.522045264064,0.869444545192,
    -3.124573478694));
#2958 = CARTESIAN_POINT('',(1.522045529827,8.0893462584E-07,
    -3.188207619076));
#2959 = CARTESIAN_POINT('',(1.513965443708,9.2703407306E-07,
    -2.45001626763));
#2960 = CARTESIAN_POINT('',(1.513965973031,-0.864828425148,
    -2.513650366518));
#2961 = CARTESIAN_POINT('',(0.97069498794,-1.729153114993,
    -2.577249541146));
#2962 = CARTESIAN_POINT('',(-0.116750696238,-2.216394964525,
    -2.641120978551));
#2963 = CARTESIAN_POINT('',(-1.445728203218,-1.938453641381,
    -2.704077650886));
#2964 = CARTESIAN_POINT('',(-2.436143513969,-0.80411326776,
    -2.768930473808));
#2965 = CARTESIAN_POINT('',(-2.436144471755,0.804110449055,
    -2.83110025394));
#2966 = CARTESIAN_POINT('',(-1.44573042719,1.938451971149,
    -2.895953076855));
#2967 = CARTESIAN_POINT('',(-0.116753266503,2.216394828358,
    -2.958909749196));
#2968 = CARTESIAN_POINT('',(0.970692988717,1.729154237979,
    -3.022781186601));
#2969 = CARTESIAN_POINT('',(1.513964973136,0.864830176213,
    -3.086380361225));
#2970 = CARTESIAN_POINT('',(1.513965443645,8.2403033069E-07,
    -3.150014460116));
#2971 = CARTESIAN_POINT('',(1.522042868878,9.1005424241E-07,
    -2.411822545806));
#2972 = CARTESIAN_POINT('',(1.522043584632,-0.869441306565,
    -2.475456686173));
#2973 = CARTESIAN_POINT('',(0.975878058999,-1.738387763398,
    -2.539056541909));
#2974 = CARTESIAN_POINT('',(-0.117392807676,-2.228190241289,
    -2.602923673988));
#2975 = CARTESIAN_POINT('',(-1.453398534064,-1.948857696928,
    -2.665892794749));
#2976 = CARTESIAN_POINT('',(-2.449201066269,-0.808316765259,
    -2.730723338387));
#2977 = CARTESIAN_POINT('',(-2.449086685814,0.808315377057,
    -2.792919978848));
#2978 = CARTESIAN_POINT('',(-1.453478267261,1.948853651237,
    -2.857750522389));
#2979 = CARTESIAN_POINT('',(-0.117362723044,2.228191374852,
    -2.920719643259));
#2980 = CARTESIAN_POINT('',(0.975869475718,1.738388619408,
    -2.984586775285));
#2981 = CARTESIAN_POINT('',(1.522042367329,0.869443025556,
    -3.048186631028));
#2982 = CARTESIAN_POINT('',(1.522043025346,8.089369955E-07,
    -3.111820771397));
#2983 = CARTESIAN_POINT('',(1.544393426069,8.6307322483E-07,
    -2.380827487997));
#2984 = CARTESIAN_POINT('',(1.544394274156,-0.882205245782,
    -2.444461743135));
#2985 = CARTESIAN_POINT('',(0.990213251459,-1.763939987474,
    -2.50806348352));
#2986 = CARTESIAN_POINT('',(-0.119137660914,-2.26082925749,
    -2.571918702621));
#2987 = CARTESIAN_POINT('',(-1.474698324715,-1.977643583383,
    -2.634922268539));
#2988 = CARTESIAN_POINT('',(-2.485218830583,-0.819949278839,
    -2.699691164845));
#2989 = CARTESIAN_POINT('',(-2.485010818022,0.819949152451,
    -2.761962128396));
#2990 = CARTESIAN_POINT('',(-1.474840877545,1.977637669811,
    -2.826731024532));
#2991 = CARTESIAN_POINT('',(-0.119080984546,2.260831426323,
    -2.889734590641));
#2992 = CARTESIAN_POINT('',(0.99019939677,1.763940586611,-2.953589809645
    ));
#2993 = CARTESIAN_POINT('',(1.544392916236,0.882206876031,
    -3.017191550046));
#2994 = CARTESIAN_POINT('',(1.544393709566,7.6717597086E-07,
    -3.080825805188));
#2995 = CARTESIAN_POINT('',(1.576110658651,7.9640438005E-07,
    -2.362513975334));
#2996 = CARTESIAN_POINT('',(1.576111562706,-0.900318268821,
    -2.426148393343));
#2997 = CARTESIAN_POINT('',(1.010553780154,-1.800200499106,
    -2.489752808196));
#2998 = CARTESIAN_POINT('',(-0.121602785118,-2.307146987323,
    -2.553591121836));
#2999 = CARTESIAN_POINT('',(-1.504950446969,-2.018492187798,
    -2.616643568144));
#3000 = CARTESIAN_POINT('',(-2.536292085886,-0.836457184245,
    -2.681324982058));
#3001 = CARTESIAN_POINT('',(-2.536028712412,0.836457921687,
    -2.74370141586));
#3002 = CARTESIAN_POINT('',(-1.505130022213,2.01848524073,
    -2.808382829561));
#3003 = CARTESIAN_POINT('',(-0.121530289656,2.307149773542,
    -2.871435276109));
#3004 = CARTESIAN_POINT('',(1.010536894872,1.800200899339,
    -2.935273589627));
#3005 = CARTESIAN_POINT('',(1.576110163675,0.90031977314,-2.998878004501
    ));
#3006 = CARTESIAN_POINT('',(1.576111017203,7.0791470325E-07,
    -3.062512422514));
#3007 = DEFINITIONAL_REPRESENTATION('',(#3008),#3012);
#3008 = LINE('',#3009,#3010);
#3009 = CARTESIAN_POINT('',(0.,0.));
#3010 = VECTOR('',#3011,1.);
#3011 = DIRECTION('',(0.,1.));
#3012 = ( GEOMETRIC_REPRESENTATION_CONTEXT(2) 
PARAMETRIC_REPRESENTATION_CONTEXT() REPRESENTATION_CONTEXT('2D SPACE',''
  ) );
#3013 = ORIENTED_EDGE('',*,*,#3014,.F.);
#3014 = EDGE_CURVE('',#2565,#2899,#3015,.T.);
#3015 = SURFACE_CURVE('',#3016,(#3019,#3026),.PCURVE_S1.);
#3016 = B_SPLINE_CURVE_WITH_KNOTS('',1,(#3017,#3018),.UNSPECIFIED.,.F.,
  .F.,(2,2),(0.,0.49),.PIECEWISE_BEZIER_KNOTS.);
#3017 = CARTESIAN_POINT('',(2.000477235288,-8.495975917E-08,
    -3.482498509125));
#3018 = CARTESIAN_POINT('',(1.576116754894,7.0790926993E-07,
    -3.23751242242));
#3019 = PCURVE('',#2019,#3020);
#3020 = DEFINITIONAL_REPRESENTATION('',(#3021),#3025);
#3021 = LINE('',#3022,#3023);
#3022 = CARTESIAN_POINT('',(0.,6.322058019692));
#3023 = VECTOR('',#3024,1.);
#3024 = DIRECTION('',(1.,0.));
#3025 = ( GEOMETRIC_REPRESENTATION_CONTEXT(2) 
PARAMETRIC_REPRESENTATION_CONTEXT() REPRESENTATION_CONTEXT('2D SPACE',''
  ) );
#3026 = PCURVE('',#3027,#3050);
#3027 = B_SPLINE_SURFACE_WITH_KNOTS('',1,10,(
    (#3028,#3029,#3030,#3031,#3032,#3033,#3034,#3035,#3036,#3037,#3038)
    ,(#3039,#3040,#3041,#3042,#3043,#3044,#3045,#3046,#3047,#3048,#3049
    )),.UNSPECIFIED.,.F.,.F.,.F.,(2,2),(11,11),(0.,0.49),(0.,
    6.322058019692),.PIECEWISE_BEZIER_KNOTS.);
#3028 = CARTESIAN_POINT('',(2.000477235288,-8.495975024E-08,
    -3.482498509125));
#3029 = CARTESIAN_POINT('',(2.00047530377,-1.256930413634,
    -3.552498766008));
#3030 = CARTESIAN_POINT('',(1.123127330249,-2.513888917536,
    -3.622503424357));
#3031 = CARTESIAN_POINT('',(-0.63344482181,-3.078279906584,
    -3.692484993166));
#3032 = CARTESIAN_POINT('',(-2.639586522932,-2.287256531426,
    -3.762512551434));
#3033 = CARTESIAN_POINT('',(-3.702173497623,-2.841677168037E-05,
    -3.832498601602));
#3034 = CARTESIAN_POINT('',(-2.639377491255,2.287298886907,
    -3.902484654333));
#3035 = CARTESIAN_POINT('',(-0.633645739945,3.078263804754,
    -3.972512210921));
#3036 = CARTESIAN_POINT('',(1.123197444269,2.513891449915,
    -4.042493780394));
#3037 = CARTESIAN_POINT('',(2.000477797439,1.256930254337,-4.11249843863
    ));
#3038 = CARTESIAN_POINT('',(2.000475872592,-7.433866667E-08,
    -4.182498695504));
#3039 = CARTESIAN_POINT('',(1.576116754894,7.0790927848E-07,
    -3.23751242242));
#3040 = CARTESIAN_POINT('',(1.576116705269,-0.990353868128,
    -3.307510282263));
#3041 = CARTESIAN_POINT('',(0.884858965196,-1.980173813666,
    -3.377471472169));
#3042 = CARTESIAN_POINT('',(-0.49895235713,-2.426293785761,
    -3.447625026975));
#3043 = CARTESIAN_POINT('',(-2.079967212038,-1.801106376177,
    -3.517395435187));
#3044 = CARTESIAN_POINT('',(-2.916360587302,-8.74689226655E-06,
    -3.587511645838));
#3045 = CARTESIAN_POINT('',(-2.079913764834,1.801115718449,
    -3.657627857148));
#3046 = CARTESIAN_POINT('',(-0.499007341288,2.42628911366,
    -3.727398264927));
#3047 = CARTESIAN_POINT('',(0.884875696679,1.980175249066,
    -3.797551819907));
#3048 = CARTESIAN_POINT('',(1.576116501444,0.990355195457,-3.86751300978
    ));
#3049 = CARTESIAN_POINT('',(1.576116396241,6.1942092406E-07,
    -3.937510869623));
#3050 = DEFINITIONAL_REPRESENTATION('',(#3051),#3055);
#3051 = LINE('',#3052,#3053);
#3052 = CARTESIAN_POINT('',(0.,0.));
#3053 = VECTOR('',#3054,1.);
#3054 = DIRECTION('',(1.,0.));
#3055 = ( GEOMETRIC_REPRESENTATION_CONTEXT(2) 
PARAMETRIC_REPRESENTATION_CONTEXT() REPRESENTATION_CONTEXT('2D SPACE',''
  ) );
#3056 = ADVANCED_FACE('',(#3057),#1914,.T.);
#3057 = FACE_BOUND('',#3058,.T.);
#3058 = EDGE_LOOP('',(#3059,#3060,#3061,#3062));
#3059 = ORIENTED_EDGE('',*,*,#1890,.F.);
#3060 = ORIENTED_EDGE('',*,*,#2055,.T.);
#3061 = ORIENTED_EDGE('',*,*,#2142,.T.);
#3062 = ORIENTED_EDGE('',*,*,#3063,.F.);
#3063 = EDGE_CURVE('',#1891,#2143,#3064,.T.);
#3064 = SURFACE_CURVE('',#3065,(#3073,#3080),.PCURVE_S1.);
#3065 = ( BOUNDED_CURVE() B_SPLINE_CURVE(6,(#3066,#3067,#3068,#3069,
#3070,#3071,#3072),.UNSPECIFIED.,.F.,.F.) B_SPLINE_CURVE_WITH_KNOTS((7,7
),(0.,2.094395102393),.PIECEWISE_BEZIER_KNOTS.) CURVE() 
GEOMETRIC_REPRESENTATION_ITEM() RATIONAL_B_SPLINE_CURVE((1.056590953773,
    1.017435169568,0.996326512422,0.989390034249,0.996326512422,
1.017435169568,1.056590953773)) REPRESENTATION_ITEM('') );
#3066 = CARTESIAN_POINT('',(1.576117113554,7.9639750988E-07,
    -2.537513975215));
#3067 = CARTESIAN_POINT('',(1.544398530065,8.6306779279E-07,
    -2.519202802392));
#3068 = CARTESIAN_POINT('',(1.522045686419,9.1005123959E-07,
    -2.488209393475));
#3069 = CARTESIAN_POINT('',(1.513965443708,9.2703406707E-07,
    -2.45001626763));
#3070 = CARTESIAN_POINT('',(1.522042868878,9.1005423408E-07,
    -2.411822545806));
#3071 = CARTESIAN_POINT('',(1.544393426069,8.6307321756E-07,
    -2.380827487997));
#3072 = CARTESIAN_POINT('',(1.576110658651,7.9640437239E-07,
    -2.362513975334));
#3073 = PCURVE('',#1914,#3074);
#3074 = DEFINITIONAL_REPRESENTATION('',(#3075),#3079);
#3075 = LINE('',#3076,#3077);
#3076 = CARTESIAN_POINT('',(0.,6.322058019692));
#3077 = VECTOR('',#3078,1.);
#3078 = DIRECTION('',(1.,0.));
#3079 = ( GEOMETRIC_REPRESENTATION_CONTEXT(2) 
PARAMETRIC_REPRESENTATION_CONTEXT() REPRESENTATION_CONTEXT('2D SPACE',''
  ) );
#3080 = PCURVE('',#2922,#3081);
#3081 = DEFINITIONAL_REPRESENTATION('',(#3082),#3086);
#3082 = LINE('',#3083,#3084);
#3083 = CARTESIAN_POINT('',(0.,0.));
#3084 = VECTOR('',#3085,1.);
#3085 = DIRECTION('',(1.,0.));
#3086 = ( GEOMETRIC_REPRESENTATION_CONTEXT(2) 
PARAMETRIC_REPRESENTATION_CONTEXT() REPRESENTATION_CONTEXT('2D SPACE',''
  ) );
#3087 = ADVANCED_FACE('',(#3088,#3123),#2121,.F.);
#3088 = FACE_BOUND('',#3089,.T.);
#3089 = EDGE_LOOP('',(#3090));
#3090 = ORIENTED_EDGE('',*,*,#3091,.T.);
#3091 = EDGE_CURVE('',#3092,#3092,#3094,.T.);
#3092 = VERTEX_POINT('',#3093);
#3093 = CARTESIAN_POINT('',(8.6,0.,-3.3));
#3094 = SURFACE_CURVE('',#3095,(#3100,#3111),.PCURVE_S1.);
#3095 = CIRCLE('',#3096,8.6);
#3096 = AXIS2_PLACEMENT_3D('',#3097,#3098,#3099);
#3097 = CARTESIAN_POINT('',(0.,0.,-3.3));
#3098 = DIRECTION('',(0.,0.,-1.));
#3099 = DIRECTION('',(1.,0.,0.));
#3100 = PCURVE('',#2121,#3101);
#3101 = DEFINITIONAL_REPRESENTATION('',(#3102),#3110);
#3102 = ( BOUNDED_CURVE() B_SPLINE_CURVE(2,(#3103,#3104,#3105,#3106,
#3107,#3108,#3109),.UNSPECIFIED.,.T.,.F.) B_SPLINE_CURVE_WITH_KNOTS((1,2
    ,2,2,2,1),(-2.094395102393,0.,2.094395102393,4.188790204786,
6.28318530718,8.377580409573),.UNSPECIFIED.) CURVE() 
GEOMETRIC_REPRESENTATION_ITEM() RATIONAL_B_SPLINE_CURVE((1.,0.5,1.,0.5,
1.,0.5,1.)) REPRESENTATION_ITEM('') );
#3103 = CARTESIAN_POINT('',(8.6,2.E-16));
#3104 = CARTESIAN_POINT('',(8.6,-14.89563694509));
#3105 = CARTESIAN_POINT('',(-4.3,-7.447818472546));
#3106 = CARTESIAN_POINT('',(-17.2,-1.906392494533E-15));
#3107 = CARTESIAN_POINT('',(-4.3,7.447818472546));
#3108 = CARTESIAN_POINT('',(8.6,14.895636945092));
#3109 = CARTESIAN_POINT('',(8.6,2.E-16));
#3110 = ( GEOMETRIC_REPRESENTATION_CONTEXT(2) 
PARAMETRIC_REPRESENTATION_CONTEXT() REPRESENTATION_CONTEXT('2D SPACE',''
  ) );
#3111 = PCURVE('',#3112,#3117);
#3112 = CYLINDRICAL_SURFACE('',#3113,8.6);
#3113 = AXIS2_PLACEMENT_3D('',#3114,#3115,#3116);
#3114 = CARTESIAN_POINT('',(0.,0.,-1.2));
#3115 = DIRECTION('',(0.,0.,1.));
#3116 = DIRECTION('',(1.,0.,0.));
#3117 = DEFINITIONAL_REPRESENTATION('',(#3118),#3122);
#3118 = LINE('',#3119,#3120);
#3119 = CARTESIAN_POINT('',(-0.,-2.1));
#3120 = VECTOR('',#3121,1.);
#3121 = DIRECTION('',(-1.,0.));
#3122 = ( GEOMETRIC_REPRESENTATION_CONTEXT(2) 
PARAMETRIC_REPRESENTATION_CONTEXT() REPRESENTATION_CONTEXT('2D SPACE',''
  ) );
#3123 = FACE_BOUND('',#3124,.F.);
#3124 = EDGE_LOOP('',(#3125));
#3125 = ORIENTED_EDGE('',*,*,#2106,.T.);
#3126 = ADVANCED_FACE('',(#3127),#2531,.T.);
#3127 = FACE_BOUND('',#3128,.T.);
#3128 = EDGE_LOOP('',(#3129,#3161,#3162,#3495));
#3129 = ORIENTED_EDGE('',*,*,#3130,.F.);
#3130 = EDGE_CURVE('',#2143,#3131,#3133,.T.);
#3131 = VERTEX_POINT('',#3132);
#3132 = CARTESIAN_POINT('',(1.576111017203,7.07914713E-07,
    -3.062512422514));
#3133 = SURFACE_CURVE('',#3134,(#3147,#3154),.PCURVE_S1.);
#3134 = ( BOUNDED_CURVE() B_SPLINE_CURVE(11,(#3135,#3136,#3137,#3138,
    #3139,#3140,#3141,#3142,#3143,#3144,#3145,#3146),.UNSPECIFIED.,.F.,
.F.) B_SPLINE_CURVE_WITH_KNOTS((12,12),(0.,6.322058019692),
.PIECEWISE_BEZIER_KNOTS.) CURVE() GEOMETRIC_REPRESENTATION_ITEM() 
RATIONAL_B_SPLINE_CURVE((1.056590953773,1.056590953773,1.056590953773,
    1.056590953773,1.056590953773,1.056590953773,1.056590953773,
    1.056590953773,1.056590953773,1.056590953773,1.056590953773,
1.056590953773)) REPRESENTATION_ITEM('') );
#3135 = CARTESIAN_POINT('',(1.576110658651,7.9640438005E-07,
    -2.362513975334));
#3136 = CARTESIAN_POINT('',(1.576111562706,-0.900318268821,
    -2.426148393343));
#3137 = CARTESIAN_POINT('',(1.010553780154,-1.800200499106,
    -2.489752808196));
#3138 = CARTESIAN_POINT('',(-0.121602785118,-2.307146987323,
    -2.553591121836));
#3139 = CARTESIAN_POINT('',(-1.504950446969,-2.018492187798,
    -2.616643568144));
#3140 = CARTESIAN_POINT('',(-2.536292085886,-0.836457184245,
    -2.681324982058));
#3141 = CARTESIAN_POINT('',(-2.536028712412,0.836457921687,
    -2.74370141586));
#3142 = CARTESIAN_POINT('',(-1.505130022213,2.01848524073,
    -2.808382829561));
#3143 = CARTESIAN_POINT('',(-0.121530289656,2.307149773542,
    -2.871435276109));
#3144 = CARTESIAN_POINT('',(1.010536894872,1.800200899339,
    -2.935273589627));
#3145 = CARTESIAN_POINT('',(1.576110163675,0.90031977314,-2.998878004501
    ));
#3146 = CARTESIAN_POINT('',(1.576111017203,7.0791470325E-07,
    -3.062512422514));
#3147 = PCURVE('',#2531,#3148);
#3148 = DEFINITIONAL_REPRESENTATION('',(#3149),#3153);
#3149 = LINE('',#3150,#3151);
#3150 = CARTESIAN_POINT('',(0.,0.));
#3151 = VECTOR('',#3152,1.);
#3152 = DIRECTION('',(0.,1.));
#3153 = ( GEOMETRIC_REPRESENTATION_CONTEXT(2) 
PARAMETRIC_REPRESENTATION_CONTEXT() REPRESENTATION_CONTEXT('2D SPACE',''
  ) );
#3154 = PCURVE('',#2922,#3155);
#3155 = DEFINITIONAL_REPRESENTATION('',(#3156),#3160);
#3156 = LINE('',#3157,#3158);
#3157 = CARTESIAN_POINT('',(2.094395102393,0.));
#3158 = VECTOR('',#3159,1.);
#3159 = DIRECTION('',(0.,1.));
#3160 = ( GEOMETRIC_REPRESENTATION_CONTEXT(2) 
PARAMETRIC_REPRESENTATION_CONTEXT() REPRESENTATION_CONTEXT('2D SPACE',''
  ) );
#3161 = ORIENTED_EDGE('',*,*,#2518,.T.);
#3162 = ORIENTED_EDGE('',*,*,#3163,.T.);
#3163 = EDGE_CURVE('',#2176,#3164,#3166,.T.);
#3164 = VERTEX_POINT('',#3165);
#3165 = CARTESIAN_POINT('',(1.955,-4.628E-12,-2.843744202574));
#3166 = SURFACE_CURVE('',#3167,(#3260,#3356),.PCURVE_S1.);
#3167 = B_SPLINE_CURVE_WITH_KNOTS('',6,(#3168,#3169,#3170,#3171,#3172,
    #3173,#3174,#3175,#3176,#3177,#3178,#3179,#3180,#3181,#3182,#3183,
    #3184,#3185,#3186,#3187,#3188,#3189,#3190,#3191,#3192,#3193,#3194,
    #3195,#3196,#3197,#3198,#3199,#3200,#3201,#3202,#3203,#3204,#3205,
    #3206,#3207,#3208,#3209,#3210,#3211,#3212,#3213,#3214,#3215,#3216,
    #3217,#3218,#3219,#3220,#3221,#3222,#3223,#3224,#3225,#3226,#3227,
    #3228,#3229,#3230,#3231,#3232,#3233,#3234,#3235,#3236,#3237,#3238,
    #3239,#3240,#3241,#3242,#3243,#3244,#3245,#3246,#3247,#3248,#3249,
    #3250,#3251,#3252,#3253,#3254,#3255,#3256,#3257,#3258,#3259),
  .UNSPECIFIED.,.F.,.F.,(7,5,5,5,5,5,5,5,5,5,5,5,5,5,5,5,5,5,7),(0.,
    3.0907178986E-02,4.790676361639E-02,0.128905019215,0.195682494224,
    0.262683133667,0.29872221157,0.358724558093,0.403426277148,
    0.502246183794,0.599146439064,0.626589137727,0.67959228934,
    0.731593518588,0.787111178386,0.840113490674,0.874777860108,
    0.978739761922,1.),.UNSPECIFIED.);
#3168 = CARTESIAN_POINT('',(1.955,-1.172284E-11,-2.143743477858));
#3169 = CARTESIAN_POINT('',(1.955,-6.327369096627E-02,-2.147349269573));
#3170 = CARTESIAN_POINT('',(1.952542556638,-0.126547526893,
    -2.150955428621));
#3171 = CARTESIAN_POINT('',(1.947627713754,-0.189701663645,
    -2.154561728115));
#3172 = CARTESIAN_POINT('',(1.94026320198,-0.252617046624,
    -2.158167983823));
#3173 = CARTESIAN_POINT('',(1.930464438742,-0.315175410781,
    -2.161774054167));
#3174 = CARTESIAN_POINT('',(1.911538826169,-0.411406686945,
    -2.167363096779));
#3175 = CARTESIAN_POINT('',(1.904093685833,-0.44541061725,
    -2.169346269989));
#3176 = CARTESIAN_POINT('',(1.895922944137,-0.479251577771,
    -2.171329346225));
#3177 = CARTESIAN_POINT('',(1.887031122091,-0.51291024817,
    -2.173312317173));
#3178 = CARTESIAN_POINT('',(1.877423424832,-0.546367481525,
    -2.17529517984));
#3179 = CARTESIAN_POINT('',(1.817944873279,-0.737968448387,
    -2.186725216483));
#3180 = CARTESIAN_POINT('',(1.752660073241,-0.891346098831,
    -2.196171112321));
#3181 = CARTESIAN_POINT('',(1.671893440946,-1.03764694501,
    -2.205613581045));
#3182 = CARTESIAN_POINT('',(1.576639177244,-1.174957714078,
    -2.215056732603));
#3183 = CARTESIAN_POINT('',(1.468170261931,-1.301536844477,
    -2.224503735222));
#3184 = CARTESIAN_POINT('',(1.249066194885,-1.510148347784,
    -2.241742907605));
#3185 = CARTESIAN_POINT('',(1.14214112888,-1.596113115601,
    -2.249535486177));
#3186 = CARTESIAN_POINT('',(1.028181756592,-1.672932552129,
    -2.257329964369));
#3187 = CARTESIAN_POINT('',(0.90817343452,-1.739909234068,
    -2.265126357136));
#3188 = CARTESIAN_POINT('',(0.783183327645,-1.796479325746,
    -2.272924129902));
#3189 = CARTESIAN_POINT('',(0.525107139936,-1.888147692171,
    -2.288545000462));
#3190 = CARTESIAN_POINT('',(0.391982240303,-1.923178253536,
    -2.296368882324));
#3191 = CARTESIAN_POINT('',(0.256144918656,-1.946914900996,
    -2.304191413539));
#3192 = CARTESIAN_POINT('',(0.118790711529,-1.959120527246,
    -2.312012173159));
#3193 = CARTESIAN_POINT('',(-1.886424469981E-02,-1.959715072365,
    -2.319831293535));
#3194 = CARTESIAN_POINT('',(-0.229138811016,-1.942926611229,
    -2.331852580204));
#3195 = CARTESIAN_POINT('',(-0.302418848045,-1.933723998057,
    -2.336056562956));
#3196 = CARTESIAN_POINT('',(-0.375243926567,-1.921205871021,
    -2.340259991532));
#3197 = CARTESIAN_POINT('',(-0.447427232376,-1.905401425985,
    -2.344462911122));
#3198 = CARTESIAN_POINT('',(-0.518784691364,-1.886353872283,
    -2.348665394732));
#3199 = CARTESIAN_POINT('',(-0.706262876609,-1.827103432767,
    -2.359863803415));
#3200 = CARTESIAN_POINT('',(-0.820603594766,-1.781253506533,
    -2.366859361892));
#3201 = CARTESIAN_POINT('',(-0.931316960609,-1.726836546323,
    -2.373854189966));
#3202 = CARTESIAN_POINT('',(-1.037607834029,-1.664218901402,
    -2.380849089102));
#3203 = CARTESIAN_POINT('',(-1.138733159513,-1.59386362469,
    -2.387844798727));
#3204 = CARTESIAN_POINT('',(-1.304989502863,-1.458561762675,
    -2.400053348188));
#3205 = CARTESIAN_POINT('',(-1.372725807395,-1.396809013869,
    -2.405266096667));
#3206 = CARTESIAN_POINT('',(-1.43693647469,-1.331297639447,
    -2.410479353789));
#3207 = CARTESIAN_POINT('',(-1.497363662967,-1.262281087274,
    -2.415693229925));
#3208 = CARTESIAN_POINT('',(-1.553774350932,-1.190035791959,
    -2.42090777286));
#3209 = CARTESIAN_POINT('',(-1.721329189213,-0.948672164251,
    -2.437651402885));
#3210 = CARTESIAN_POINT('',(-1.816086836885,-0.768119267012,
    -2.449185312401));
#3211 = CARTESIAN_POINT('',(-1.887930980958,-0.576483669155,
    -2.460717985456));
#3212 = CARTESIAN_POINT('',(-1.935392247819,-0.377403944029,
    -2.472250434404));
#3213 = CARTESIAN_POINT('',(-1.957658059084,-0.174718399516,
    -2.483784281422));
#3214 = CARTESIAN_POINT('',(-1.952008680044,0.225918331306,
    -2.506618961429));
#3215 = CARTESIAN_POINT('',(-1.925058636541,0.4239754648,-2.517925012561
    ));
#3216 = CARTESIAN_POINT('',(-1.873990120777,0.617960512515,
    -2.529226290588));
#3217 = CARTESIAN_POINT('',(-1.799653075003,0.804273888228,
    -2.540526859767));
#3218 = CARTESIAN_POINT('',(-1.703504641458,0.97951536729,
    -2.551831604829));
#3219 = CARTESIAN_POINT('',(-1.554984674076,1.186256305089,
    -2.566337475811));
#3220 = CARTESIAN_POINT('',(-1.520632481664,1.230754157758,
    -2.569539117842));
#3221 = CARTESIAN_POINT('',(-1.484755606122,1.274053727579,
    -2.572740949849));
#3222 = CARTESIAN_POINT('',(-1.447406589172,1.316090088892,
    -2.575942982633));
#3223 = CARTESIAN_POINT('',(-1.408641611096,1.356801453878,
    -2.579145219778));
#3224 = CARTESIAN_POINT('',(-1.29103008602,1.472087191886,
    -2.588532883885));
#3225 = CARTESIAN_POINT('',(-1.208478938229,1.542885351614,
    -2.594718979923));
#3226 = CARTESIAN_POINT('',(-1.121300187001,1.60809938111,
    -2.600905662961));
#3227 = CARTESIAN_POINT('',(-1.0299686588,1.667357484628,-2.607092903715
    ));
#3228 = CARTESIAN_POINT('',(-0.93499739658,1.720342732128,
    -2.613280571567));
#3229 = CARTESIAN_POINT('',(-0.740724678151,1.812370069035,
    -2.625538624943));
#3230 = CARTESIAN_POINT('',(-0.641535489735,1.851658473132,
    -2.631609241718));
#3231 = CARTESIAN_POINT('',(-0.539883961514,1.884415869925,
    -2.637679391796));
#3232 = CARTESIAN_POINT('',(-0.436308092564,1.910455967386,
    -2.643748865129));
#3233 = CARTESIAN_POINT('',(-0.331362898285,1.92965199278,
    -2.649817504327));
#3234 = CARTESIAN_POINT('',(-0.112719859623,1.955054215915,
    -2.662362645712));
#3235 = CARTESIAN_POINT('',(1.094702371649E-03,1.960294740593,
    -2.668839253725));
#3236 = CARTESIAN_POINT('',(0.115134549672,1.95757913994,-2.675314235807
    ));
#3237 = CARTESIAN_POINT('',(0.228706705999,1.946907831378,
    -2.681787788095));
#3238 = CARTESIAN_POINT('',(0.341122866854,1.928361518397,
    -2.688260314145));
#3239 = CARTESIAN_POINT('',(0.557276337813,1.877030102217,
    -2.700910313563));
#3240 = CARTESIAN_POINT('',(0.661180464831,1.844927185867,
    -2.707088123283));
#3241 = CARTESIAN_POINT('',(0.762827313311,1.805932367041,
    -2.713265443445));
#3242 = CARTESIAN_POINT('',(0.861649206516,1.760249068243,
    -2.719442917458));
#3243 = CARTESIAN_POINT('',(0.957104431563,1.70814233412,-2.72562119046)
  );
#3244 = CARTESIAN_POINT('',(1.108573781865,1.611870156539,
    -2.735841641861));
#3245 = CARTESIAN_POINT('',(1.166808509818,1.571193953449,-2.73988335826
    ));
#3246 = CARTESIAN_POINT('',(1.223242552436,1.527999422876,
    -2.743925617992));
#3247 = CARTESIAN_POINT('',(1.27774078588,1.482386918159,-2.747968484369
    ));
#3248 = CARTESIAN_POINT('',(1.330175729962,1.434466347443,
    -2.752011978271));
#3249 = CARTESIAN_POINT('',(1.531137763658,1.234074763017,
    -2.768184737074));
#3250 = CARTESIAN_POINT('',(1.66225793192,1.064060527697,-2.780322275336
    ));
#3251 = CARTESIAN_POINT('',(1.77045205206,0.87760218066,-2.792460909641)
  );
#3252 = CARTESIAN_POINT('',(1.853329333153,0.678597198309,
    -2.804599021712));
#3253 = CARTESIAN_POINT('',(1.909239100028,0.471304827755,
    -2.816733813232));
#3254 = CARTESIAN_POINT('',(1.943380848577,0.21723310531,-2.831343054143
    ));
#3255 = CARTESIAN_POINT('',(1.948025043926,0.173941800371,
    -2.833823307437));
#3256 = CARTESIAN_POINT('',(1.951511653407,0.130534084458,
    -2.836303492783));
#3257 = CARTESIAN_POINT('',(1.953837216302,8.704864281946E-02,
    -2.838783660407));
#3258 = CARTESIAN_POINT('',(1.955,4.352429603081E-02,-2.841263872371));
#3259 = CARTESIAN_POINT('',(1.955,-9.22196E-12,-2.843744202574));
#3260 = PCURVE('',#2531,#3261);
#3261 = DEFINITIONAL_REPRESENTATION('',(#3262),#3355);
#3262 = B_SPLINE_CURVE_WITH_KNOTS('',6,(#3263,#3264,#3265,#3266,#3267,
    #3268,#3269,#3270,#3271,#3272,#3273,#3274,#3275,#3276,#3277,#3278,
    #3279,#3280,#3281,#3282,#3283,#3284,#3285,#3286,#3287,#3288,#3289,
    #3290,#3291,#3292,#3293,#3294,#3295,#3296,#3297,#3298,#3299,#3300,
    #3301,#3302,#3303,#3304,#3305,#3306,#3307,#3308,#3309,#3310,#3311,
    #3312,#3313,#3314,#3315,#3316,#3317,#3318,#3319,#3320,#3321,#3322,
    #3323,#3324,#3325,#3326,#3327,#3328,#3329,#3330,#3331,#3332,#3333,
    #3334,#3335,#3336,#3337,#3338,#3339,#3340,#3341,#3342,#3343,#3344,
    #3345,#3346,#3347,#3348,#3349,#3350,#3351,#3352,#3353,#3354),
  .UNSPECIFIED.,.F.,.F.,(7,5,5,5,5,5,5,5,5,5,5,5,5,5,5,5,5,5,7),(0.,
    3.0907178986E-02,4.790676361639E-02,0.128905019215,0.195682494224,
    0.262683133667,0.29872221157,0.358724558093,0.403426277148,
    0.502246183794,0.599146439064,0.626589137727,0.67959228934,
    0.731593518588,0.787111178386,0.840113490674,0.874777860108,
    0.978739761922,1.),.UNSPECIFIED.);
#3263 = CARTESIAN_POINT('',(0.437513043867,0.));
#3264 = CARTESIAN_POINT('',(0.437512940971,3.256528450274E-02));
#3265 = CARTESIAN_POINT('',(0.437512117627,6.5130632998E-02));
#3266 = CARTESIAN_POINT('',(0.437511076412,9.769626603202E-02));
#3267 = CARTESIAN_POINT('',(0.437510208815,0.130262287699));
#3268 = CARTESIAN_POINT('',(0.43750979524,0.162828685641));
#3269 = CARTESIAN_POINT('',(0.437510120377,0.21330765637));
#3270 = CARTESIAN_POINT('',(0.437510422255,0.231220071238));
#3271 = CARTESIAN_POINT('',(0.437510934838,0.249132561819));
#3272 = CARTESIAN_POINT('',(0.437511671214,0.267045112136));
#3273 = CARTESIAN_POINT('',(0.437512633361,0.284957704075));
#3274 = CARTESIAN_POINT('',(0.437519428704,0.388218898664));
#3275 = CARTESIAN_POINT('',(0.437529953289,0.473577143897));
#3276 = CARTESIAN_POINT('',(0.437544630777,0.558923191025));
#3277 = CARTESIAN_POINT('',(0.43755718709,0.644265826445));
#3278 = CARTESIAN_POINT('',(0.437563864213,0.729616693029));
#3279 = CARTESIAN_POINT('',(0.437564251946,0.885314227852));
#3280 = CARTESIAN_POINT('',(0.437560029308,0.955673921648));
#3281 = CARTESIAN_POINT('',(0.437551018948,1.02602915047));
#3282 = CARTESIAN_POINT('',(0.437538280017,1.096384832115));
#3283 = CARTESIAN_POINT('',(0.437523888967,1.166745515841));
#3284 = CARTESIAN_POINT('',(0.437495392335,1.307696895281));
#3285 = CARTESIAN_POINT('',(0.437481289944,1.378294686717));
#3286 = CARTESIAN_POINT('',(0.437469213107,1.448889427119));
#3287 = CARTESIAN_POINT('',(0.437460865441,1.519485008571));
#3288 = CARTESIAN_POINT('',(0.437456790007,1.590085078957));
#3289 = CARTESIAN_POINT('',(0.43745663357,1.698654760921));
#3290 = CARTESIAN_POINT('',(0.437457733012,1.736628044533));
#3291 = CARTESIAN_POINT('',(0.4374599274,1.774601267958));
#3292 = CARTESIAN_POINT('',(0.437463106587,1.812574341875));
#3293 = CARTESIAN_POINT('',(0.437467109483,1.850547198137));
#3294 = CARTESIAN_POINT('',(0.437479406987,1.951741290829));
#3295 = CARTESIAN_POINT('',(0.437488803013,2.014964190356));
#3296 = CARTESIAN_POINT('',(0.437498986658,2.078184050035));
#3297 = CARTESIAN_POINT('',(0.437508884223,2.141403259416));
#3298 = CARTESIAN_POINT('',(0.437517576079,2.204624343609));
#3299 = CARTESIAN_POINT('',(0.437529830976,2.314941341168));
#3300 = CARTESIAN_POINT('',(0.437534135422,2.362039777649));
#3301 = CARTESIAN_POINT('',(0.437537305753,2.409137686261));
#3302 = CARTESIAN_POINT('',(0.437539270359,2.45623574044));
#3303 = CARTESIAN_POINT('',(0.437540080183,2.503334601835));
#3304 = CARTESIAN_POINT('',(0.43753948997,2.654552222762));
#3305 = CARTESIAN_POINT('',(0.437534237512,2.758697138599));
#3306 = CARTESIAN_POINT('',(0.437525713708,2.862816114041));
#3307 = CARTESIAN_POINT('',(0.437518278934,2.966937983319));
#3308 = CARTESIAN_POINT('',(0.437514679299,3.071089798758));
#3309 = CARTESIAN_POINT('',(0.437514775311,3.27732190648));
#3310 = CARTESIAN_POINT('',(0.437518331449,3.379448696446));
#3311 = CARTESIAN_POINT('',(0.437525394194,3.481548214119));
#3312 = CARTESIAN_POINT('',(0.437533256272,3.583644939829));
#3313 = CARTESIAN_POINT('',(0.437537929039,3.685764976848));
#3314 = CARTESIAN_POINT('',(0.437538021097,3.816775332504));
#3315 = CARTESIAN_POINT('',(0.437537671785,3.845689421653));
#3316 = CARTESIAN_POINT('',(0.437536917012,3.874603395487));
#3317 = CARTESIAN_POINT('',(0.437535737519,3.90351726459));
#3318 = CARTESIAN_POINT('',(0.437534130616,3.932431049175));
#3319 = CARTESIAN_POINT('',(0.437528207901,4.017189097783));
#3320 = CARTESIAN_POINT('',(0.437522767343,4.073034325166));
#3321 = CARTESIAN_POINT('',(0.437515881133,4.12887832547));
#3322 = CARTESIAN_POINT('',(0.437507935003,4.184722576246));
#3323 = CARTESIAN_POINT('',(0.437499507313,4.240568509714));
#3324 = CARTESIAN_POINT('',(0.437483185549,4.35120354995));
#3325 = CARTESIAN_POINT('',(0.437475280889,4.405994697462));
#3326 = CARTESIAN_POINT('',(0.43746817696,4.460785246182));
#3327 = CARTESIAN_POINT('',(0.437462542947,4.515576321072));
#3328 = CARTESIAN_POINT('',(0.437458924182,4.570368963321));
#3329 = CARTESIAN_POINT('',(0.43745612731,4.683657920995));
#3330 = CARTESIAN_POINT('',(0.437457260925,4.74215659994));
#3331 = CARTESIAN_POINT('',(0.437461313952,4.800653778239));
#3332 = CARTESIAN_POINT('',(0.437468184468,4.859150767034));
#3333 = CARTESIAN_POINT('',(0.437477360331,4.91764889829));
#3334 = CARTESIAN_POINT('',(0.437498064775,5.031991014158));
#3335 = CARTESIAN_POINT('',(0.437509472375,5.08783749018));
#3336 = CARTESIAN_POINT('',(0.437521438967,5.143682069322));
#3337 = CARTESIAN_POINT('',(0.437532959469,5.199526023646));
#3338 = CARTESIAN_POINT('',(0.437543053749,5.255370753417));
#3339 = CARTESIAN_POINT('',(0.437556296739,5.347736683777));
#3340 = CARTESIAN_POINT('',(0.437560644942,5.384259128684));
#3341 = CARTESIAN_POINT('',(0.43756390713,5.420781576258));
#3342 = CARTESIAN_POINT('',(0.43756597019,5.457304087444));
#3343 = CARTESIAN_POINT('',(0.43756680569,5.493826722379));
#3344 = CARTESIAN_POINT('',(0.437565462756,5.63988511491));
#3345 = CARTESIAN_POINT('',(0.437554081784,5.749454034009));
#3346 = CARTESIAN_POINT('',(0.437533212543,5.858990000507));
#3347 = CARTESIAN_POINT('',(0.43751488304,5.968532721115));
#3348 = CARTESIAN_POINT('',(0.437510764994,6.078109632695));
#3349 = CARTESIAN_POINT('',(0.437510746561,6.210053076145));
#3350 = CARTESIAN_POINT('',(0.437510925179,6.232454318827));
#3351 = CARTESIAN_POINT('',(0.43751120594,6.254855409126));
#3352 = CARTESIAN_POINT('',(0.437511491205,6.277256359698));
#3353 = CARTESIAN_POINT('',(0.437511665301,6.29965720868));
#3354 = CARTESIAN_POINT('',(0.437511594522,6.322058019692));
#3355 = ( GEOMETRIC_REPRESENTATION_CONTEXT(2) 
PARAMETRIC_REPRESENTATION_CONTEXT() REPRESENTATION_CONTEXT('2D SPACE',''
  ) );
#3356 = PCURVE('',#238,#3357);
#3357 = DEFINITIONAL_REPRESENTATION('',(#3358),#3494);
#3358 = B_SPLINE_CURVE_WITH_KNOTS('',3,(#3359,#3360,#3361,#3362,#3363,
    #3364,#3365,#3366,#3367,#3368,#3369,#3370,#3371,#3372,#3373,#3374,
    #3375,#3376,#3377,#3378,#3379,#3380,#3381,#3382,#3383,#3384,#3385,
    #3386,#3387,#3388,#3389,#3390,#3391,#3392,#3393,#3394,#3395,#3396,
    #3397,#3398,#3399,#3400,#3401,#3402,#3403,#3404,#3405,#3406,#3407,
    #3408,#3409,#3410,#3411,#3412,#3413,#3414,#3415,#3416,#3417,#3418,
    #3419,#3420,#3421,#3422,#3423,#3424,#3425,#3426,#3427,#3428,#3429,
    #3430,#3431,#3432,#3433,#3434,#3435,#3436,#3437,#3438,#3439,#3440,
    #3441,#3442,#3443,#3444,#3445,#3446,#3447,#3448,#3449,#3450,#3451,
    #3452,#3453,#3454,#3455,#3456,#3457,#3458,#3459,#3460,#3461,#3462,
    #3463,#3464,#3465,#3466,#3467,#3468,#3469,#3470,#3471,#3472,#3473,
    #3474,#3475,#3476,#3477,#3478,#3479,#3480,#3481,#3482,#3483,#3484,
    #3485,#3486,#3487,#3488,#3489,#3490,#3491,#3492,#3493),
  .UNSPECIFIED.,.F.,.F.,(4,1,1,1,1,1,1,1,1,1,1,1,1,1,1,1,1,1,1,1,1,1,1,1
    ,1,1,1,1,1,1,1,1,1,1,1,1,1,1,1,1,1,1,1,1,1,1,1,1,1,1,1,1,1,1,1,1,1,1
    ,1,1,1,1,1,1,1,1,1,1,1,1,1,1,1,1,1,1,1,1,1,1,1,1,1,1,1,1,1,1,1,1,1,1
    ,1,1,1,1,1,1,1,1,1,1,1,1,1,1,1,1,1,1,1,1,1,1,1,1,1,1,1,1,1,1,1,1,1,1
    ,1,1,1,1,1,1,4),(0.,7.575757575758E-03,1.515151515152E-02,
    2.272727272727E-02,3.030303030303E-02,3.787878787879E-02,
    4.545454545455E-02,5.30303030303E-02,6.060606060606E-02,
    6.818181818182E-02,7.575757575758E-02,8.333333333333E-02,
    9.090909090909E-02,9.848484848485E-02,0.106060606061,0.113636363636,
    0.121212121212,0.128787878788,0.136363636364,0.143939393939,
    0.151515151515,0.159090909091,0.166666666667,0.174242424242,
    0.181818181818,0.189393939394,0.19696969697,0.204545454545,
    0.212121212121,0.219696969697,0.227272727273,0.234848484848,
    0.242424242424,0.25,0.257575757576,0.265151515152,0.272727272727,
    0.280303030303,0.287878787879,0.295454545455,0.30303030303,
    0.310606060606,0.318181818182,0.325757575758,0.333333333333,
    0.340909090909,0.348484848485,0.356060606061,0.363636363636,
    0.371212121212,0.378787878788,0.386363636364,0.393939393939,
    0.401515151515,0.409090909091,0.416666666667,0.424242424242,
    0.431818181818,0.439393939394,0.44696969697,0.454545454545,
    0.462121212121,0.469696969697,0.477272727273,0.484848484848,
    0.492424242424,0.5,0.507575757576,0.515151515152,0.522727272727,
    0.530303030303,0.537878787879,0.545454545455,0.55303030303,
    0.560606060606,0.568181818182,0.575757575758,0.583333333333,
    0.590909090909,0.598484848485,0.606060606061,0.613636363636,
    0.621212121212,0.628787878788,0.636363636364,0.643939393939,
    0.651515151515,0.659090909091,0.666666666667,0.674242424242,
    0.681818181818,0.689393939394,0.69696969697,0.704545454545,
    0.712121212121,0.719696969697,0.727272727273,0.734848484848,
    0.742424242424,0.75,0.757575757576,0.765151515152,0.772727272727,
    0.780303030303,0.787878787879,0.795454545455,0.80303030303,
    0.810606060606,0.818181818182,0.825757575758,0.833333333333,
    0.840909090909,0.848484848485,0.856060606061,0.863636363636,
    0.871212121212,0.878787878788,0.886363636364,0.893939393939,
    0.901515151515,0.909090909091,0.916666666667,0.924242424242,
    0.931818181818,0.939393939394,0.94696969697,0.954545454545,
    0.962121212121,0.969696969697,0.977272727273,0.984848484848,
    0.992424242424,1.),.UNSPECIFIED.);
#3359 = CARTESIAN_POINT('',(-25.13274122871,1.443743477858));
#3360 = CARTESIAN_POINT('',(-25.11687500288,1.445511136776));
#3361 = CARTESIAN_POINT('',(-25.08514258603,1.449046657788));
#3362 = CARTESIAN_POINT('',(-25.03754406798,1.454350236272));
#3363 = CARTESIAN_POINT('',(-24.9899456871,1.459653778182));
#3364 = CARTESIAN_POINT('',(-24.9423473783,1.464957023392));
#3365 = CARTESIAN_POINT('',(-24.89474921638,1.470259771682));
#3366 = CARTESIAN_POINT('',(-24.84715116212,1.475561909643));
#3367 = CARTESIAN_POINT('',(-24.7995528505,1.480863436486));
#3368 = CARTESIAN_POINT('',(-24.7519528072,1.486164546747));
#3369 = CARTESIAN_POINT('',(-24.70435270906,1.491465142871));
#3370 = CARTESIAN_POINT('',(-24.65675281886,1.496765330074));
#3371 = CARTESIAN_POINT('',(-24.60915321966,1.502065265747));
#3372 = CARTESIAN_POINT('',(-24.56155369328,1.507365159169));
#3373 = CARTESIAN_POINT('',(-24.51395395103,1.512665232202));
#3374 = CARTESIAN_POINT('',(-24.46635374088,1.517965694654));
#3375 = CARTESIAN_POINT('',(-24.41875306691,1.523266708916));
#3376 = CARTESIAN_POINT('',(-24.37115209554,1.528568391727));
#3377 = CARTESIAN_POINT('',(-24.3235522559,1.533870687078));
#3378 = CARTESIAN_POINT('',(-24.27595297018,1.539173726355));
#3379 = CARTESIAN_POINT('',(-24.22835286447,1.544477690866));
#3380 = CARTESIAN_POINT('',(-24.18075305655,1.549782444924));
#3381 = CARTESIAN_POINT('',(-24.13315346653,1.55508794926));
#3382 = CARTESIAN_POINT('',(-24.08555401915,1.560394132378));
#3383 = CARTESIAN_POINT('',(-24.03795450004,1.565700910459));
#3384 = CARTESIAN_POINT('',(-23.99035485068,1.571008159217));
#3385 = CARTESIAN_POINT('',(-23.94275503933,1.576315733801));
#3386 = CARTESIAN_POINT('',(-23.89515621642,1.581623348937));
#3387 = CARTESIAN_POINT('',(-23.84755698604,1.586931000608));
#3388 = CARTESIAN_POINT('',(-23.79995748637,1.592238517124));
#3389 = CARTESIAN_POINT('',(-23.75235828523,1.597545686689));
#3390 = CARTESIAN_POINT('',(-23.70475933995,1.602852380157));
#3391 = CARTESIAN_POINT('',(-23.65716048789,1.608158501401));
#3392 = CARTESIAN_POINT('',(-23.60956149894,1.613463984255));
#3393 = CARTESIAN_POINT('',(-23.56196229688,1.618768769778));
#3394 = CARTESIAN_POINT('',(-23.51436293269,1.624072809876));
#3395 = CARTESIAN_POINT('',(-23.46676441258,1.629375979364));
#3396 = CARTESIAN_POINT('',(-23.41916586234,1.63467837793));
#3397 = CARTESIAN_POINT('',(-23.37156730356,1.639980065061));
#3398 = CARTESIAN_POINT('',(-23.32396869491,1.645281089773));
#3399 = CARTESIAN_POINT('',(-23.27636991431,1.65058152691));
#3400 = CARTESIAN_POINT('',(-23.22877113566,1.65588147579));
#3401 = CARTESIAN_POINT('',(-23.18117167384,1.66118111425));
#3402 = CARTESIAN_POINT('',(-23.13357225138,1.666480476682));
#3403 = CARTESIAN_POINT('',(-23.08597291643,1.67177967778));
#3404 = CARTESIAN_POINT('',(-23.03837359047,1.677078845385));
#3405 = CARTESIAN_POINT('',(-22.99077411322,1.682378112465));
#3406 = CARTESIAN_POINT('',(-22.94317442925,1.687677592698));
#3407 = CARTESIAN_POINT('',(-22.89557471969,1.69297736249));
#3408 = CARTESIAN_POINT('',(-22.84797559871,1.698277433675));
#3409 = CARTESIAN_POINT('',(-22.80037622467,1.703577965911));
#3410 = CARTESIAN_POINT('',(-22.75277700208,1.708878961535));
#3411 = CARTESIAN_POINT('',(-22.70517785475,1.714180457301));
#3412 = CARTESIAN_POINT('',(-22.6575786506,1.719482477129));
#3413 = CARTESIAN_POINT('',(-22.60997967735,1.724784981114));
#3414 = CARTESIAN_POINT('',(-22.56238024882,1.730088014848));
#3415 = CARTESIAN_POINT('',(-22.51477763638,1.735391841513));
#3416 = CARTESIAN_POINT('',(-22.46717478328,1.740696083435));
#3417 = CARTESIAN_POINT('',(-22.41957230361,1.746000600036));
#3418 = CARTESIAN_POINT('',(-22.37197063418,1.751305262993));
#3419 = CARTESIAN_POINT('',(-22.3243696881,1.756609999019));
#3420 = CARTESIAN_POINT('',(-22.27676915261,1.761914760697));
#3421 = CARTESIAN_POINT('',(-22.22916859629,1.767219516427));
#3422 = CARTESIAN_POINT('',(-22.18156762068,1.772524234791));
#3423 = CARTESIAN_POINT('',(-22.13396599229,1.777828871069));
#3424 = CARTESIAN_POINT('',(-22.0863638182,1.783133349699));
#3425 = CARTESIAN_POINT('',(-22.0387616189,1.788437559716));
#3426 = CARTESIAN_POINT('',(-21.99116086002,1.793741301289));
#3427 = CARTESIAN_POINT('',(-21.94356287933,1.799044413837));
#3428 = CARTESIAN_POINT('',(-21.89596114597,1.80434761482));
#3429 = CARTESIAN_POINT('',(-21.84835918766,1.809650528728));
#3430 = CARTESIAN_POINT('',(-21.80075739737,1.814953134985));
#3431 = CARTESIAN_POINT('',(-21.75315622892,1.820255421556));
#3432 = CARTESIAN_POINT('',(-21.70555556938,1.825557453602));
#3433 = CARTESIAN_POINT('',(-21.65795511148,1.830859330563));
#3434 = CARTESIAN_POINT('',(-21.61035444018,1.836161172961));
#3435 = CARTESIAN_POINT('',(-21.56275319217,1.84146310043));
#3436 = CARTESIAN_POINT('',(-21.51515117983,1.846765213605));
#3437 = CARTESIAN_POINT('',(-21.46754859752,1.852067567867));
#3438 = CARTESIAN_POINT('',(-21.41994598859,1.857370174299));
#3439 = CARTESIAN_POINT('',(-21.37234518177,1.86267289845));
#3440 = CARTESIAN_POINT('',(-21.32474671974,1.867975739178));
#3441 = CARTESIAN_POINT('',(-21.27714760326,1.873279079579));
#3442 = CARTESIAN_POINT('',(-21.22954860357,1.878582857109));
#3443 = CARTESIAN_POINT('',(-21.18194961716,1.883887094117));
#3444 = CARTESIAN_POINT('',(-21.13435025036,1.889191834864));
#3445 = CARTESIAN_POINT('',(-21.08675092577,1.894497005397));
#3446 = CARTESIAN_POINT('',(-21.03915175664,1.8998025511));
#3447 = CARTESIAN_POINT('',(-20.99155265316,1.905108421016));
#3448 = CARTESIAN_POINT('',(-20.94395351864,1.910414549329));
#3449 = CARTESIAN_POINT('',(-20.89635428186,1.915720853659));
#3450 = CARTESIAN_POINT('',(-20.84875549906,1.921027168966));
#3451 = CARTESIAN_POINT('',(-20.80115649062,1.926333459721));
#3452 = CARTESIAN_POINT('',(-20.75355755425,1.931639577042));
#3453 = CARTESIAN_POINT('',(-20.70595879433,1.936945392915));
#3454 = CARTESIAN_POINT('',(-20.65836009446,1.942250807401));
#3455 = CARTESIAN_POINT('',(-20.61076134435,1.947555727546));
#3456 = CARTESIAN_POINT('',(-20.56316248755,1.952860066407));
#3457 = CARTESIAN_POINT('',(-20.51556403384,1.958163689943));
#3458 = CARTESIAN_POINT('',(-20.46796511745,1.9634666373));
#3459 = CARTESIAN_POINT('',(-20.42036625032,1.96876881456));
#3460 = CARTESIAN_POINT('',(-20.3727674778,1.974070207578));
#3461 = CARTESIAN_POINT('',(-20.32516868412,1.979370845989));
#3462 = CARTESIAN_POINT('',(-20.27756973645,1.984670787561));
#3463 = CARTESIAN_POINT('',(-20.22997052764,1.989970113352));
#3464 = CARTESIAN_POINT('',(-20.18237159147,1.995268859283));
#3465 = CARTESIAN_POINT('',(-20.13477246825,2.000567196083));
#3466 = CARTESIAN_POINT('',(-20.08717312015,2.005865263995));
#3467 = CARTESIAN_POINT('',(-20.03957384631,2.011163182888));
#3468 = CARTESIAN_POINT('',(-19.99197454284,2.016461126659));
#3469 = CARTESIAN_POINT('',(-19.94437511493,2.021759271665));
#3470 = CARTESIAN_POINT('',(-19.89677548796,2.027057787829));
#3471 = CARTESIAN_POINT('',(-19.84917608048,2.032356784989));
#3472 = CARTESIAN_POINT('',(-19.80157678715,2.037656398234));
#3473 = CARTESIAN_POINT('',(-19.7539775211,2.042956774097));
#3474 = CARTESIAN_POINT('',(-19.70637836044,2.048257978563));
#3475 = CARTESIAN_POINT('',(-19.65877914932,2.053560060299));
#3476 = CARTESIAN_POINT('',(-19.6111802482,2.058863008709));
#3477 = CARTESIAN_POINT('',(-19.56357730738,2.064167269907));
#3478 = CARTESIAN_POINT('',(-19.5159735519,2.069472432904));
#3479 = CARTESIAN_POINT('',(-19.46836999556,2.074778271756));
#3480 = CARTESIAN_POINT('',(-19.42076730854,2.080084561657));
#3481 = CARTESIAN_POINT('',(-19.37316556113,2.085391117798));
#3482 = CARTESIAN_POINT('',(-19.32556450719,2.090697775743));
#3483 = CARTESIAN_POINT('',(-19.27796370174,2.096004388642));
#3484 = CARTESIAN_POINT('',(-19.23036264915,2.10131082121));
#3485 = CARTESIAN_POINT('',(-19.18276094162,2.10661694547));
#3486 = CARTESIAN_POINT('',(-19.13515839553,2.111922638299));
#3487 = CARTESIAN_POINT('',(-19.08755523831,2.117227775673));
#3488 = CARTESIAN_POINT('',(-19.03995216906,2.122532243952));
#3489 = CARTESIAN_POINT('',(-18.992350986,2.127835891944));
#3490 = CARTESIAN_POINT('',(-18.94475321909,2.133138708496));
#3491 = CARTESIAN_POINT('',(-18.89715449777,2.138441388575));
#3492 = CARTESIAN_POINT('',(-18.86542214112,2.141976552484));
#3493 = CARTESIAN_POINT('',(-18.84955592153,2.143744202574));
#3494 = ( GEOMETRIC_REPRESENTATION_CONTEXT(2) 
PARAMETRIC_REPRESENTATION_CONTEXT() REPRESENTATION_CONTEXT('2D SPACE',''
  ) );
#3495 = ORIENTED_EDGE('',*,*,#3496,.F.);
#3496 = EDGE_CURVE('',#3131,#3164,#3497,.T.);
#3497 = SURFACE_CURVE('',#3498,(#3501,#3508),.PCURVE_S1.);
#3498 = B_SPLINE_CURVE_WITH_KNOTS('',1,(#3499,#3500),.UNSPECIFIED.,.F.,
  .F.,(2,2),(0.,0.49),.PIECEWISE_BEZIER_KNOTS.);
#3499 = CARTESIAN_POINT('',(1.576111017203,7.0791470332E-07,
    -3.062512422514));
#3500 = CARTESIAN_POINT('',(2.00045543206,-8.493911939E-08,
    -2.817498509483));
#3501 = PCURVE('',#2531,#3502);
#3502 = DEFINITIONAL_REPRESENTATION('',(#3503),#3507);
#3503 = LINE('',#3504,#3505);
#3504 = CARTESIAN_POINT('',(0.,6.322058019692));
#3505 = VECTOR('',#3506,1.);
#3506 = DIRECTION('',(1.,0.));
#3507 = ( GEOMETRIC_REPRESENTATION_CONTEXT(2) 
PARAMETRIC_REPRESENTATION_CONTEXT() REPRESENTATION_CONTEXT('2D SPACE',''
  ) );
#3508 = PCURVE('',#3509,#3532);
#3509 = B_SPLINE_SURFACE_WITH_KNOTS('',1,10,(
    (#3510,#3511,#3512,#3513,#3514,#3515,#3516,#3517,#3518,#3519,#3520)
    ,(#3521,#3522,#3523,#3524,#3525,#3526,#3527,#3528,#3529,#3530,#3531
    )),.UNSPECIFIED.,.F.,.F.,.F.,(2,2),(11,11),(0.,0.49),(0.,
    6.322058019692),.PIECEWISE_BEZIER_KNOTS.);
#3510 = CARTESIAN_POINT('',(1.576111017203,7.079147121E-07,
    -3.062512422514));
#3511 = CARTESIAN_POINT('',(1.576111956084,-0.990350489072,
    -3.132510282324));
#3512 = CARTESIAN_POINT('',(0.884874343043,-1.980167738369,
    -3.20247147165));
#3513 = CARTESIAN_POINT('',(-0.499003589226,-2.426281270779,
    -3.272625028811));
#3514 = CARTESIAN_POINT('',(-2.079905158876,-1.801111304603,
    -3.34239543332));
#3515 = CARTESIAN_POINT('',(-2.916350626525,6.2869851566E-06,
    -3.412511646297));
#3516 = CARTESIAN_POINT('',(-2.079961632765,1.801098464959,
    -3.482627858581));
#3517 = CARTESIAN_POINT('',(-0.498952697753,2.426285099946,
    -3.552398263543));
#3518 = CARTESIAN_POINT('',(0.884854277689,1.980167793857,
    -3.622551820528));
#3519 = CARTESIAN_POINT('',(1.576110492458,0.990351816411,-3.69251300988
    ));
#3520 = CARTESIAN_POINT('',(1.576111375761,6.1942509025E-07,
    -3.762510869695));
#3521 = CARTESIAN_POINT('',(2.00045543206,-8.493910904E-08,
    -2.817498509483));
#3522 = CARTESIAN_POINT('',(2.000457256867,-1.256917573222,
    -2.887498766242));
#3523 = CARTESIAN_POINT('',(1.123185766067,-2.513865831411,
    -2.957503422383));
#3524 = CARTESIAN_POINT('',(-0.633639503775,-3.078232349653,
    -3.027485000143));
#3525 = CARTESIAN_POINT('',(-2.639350720916,-2.287275259443,
    -3.097512544341));
#3526 = CARTESIAN_POINT('',(-3.702135646671,2.871196283555E-05,
    -3.167498603346));
#3527 = CARTESIAN_POINT('',(-2.639559389395,2.287233323643,
    -3.237484659779));
#3528 = CARTESIAN_POINT('',(-0.633438094514,3.078248552637,
    -3.307512205663));
#3529 = CARTESIAN_POINT('',(1.123116052108,2.513863120123,
    -3.377493782754));
#3530 = CARTESIAN_POINT('',(2.000454963293,1.256917413959,
    -3.447498439011));
#3531 = CARTESIAN_POINT('',(2.000456794767,-7.432284206E-08,
    -3.517498695778));
#3532 = DEFINITIONAL_REPRESENTATION('',(#3533),#3537);
#3533 = LINE('',#3534,#3535);
#3534 = CARTESIAN_POINT('',(0.,0.));
#3535 = VECTOR('',#3536,1.);
#3536 = DIRECTION('',(1.,0.));
#3537 = ( GEOMETRIC_REPRESENTATION_CONTEXT(2) 
PARAMETRIC_REPRESENTATION_CONTEXT() REPRESENTATION_CONTEXT('2D SPACE',''
  ) );
#3538 = ADVANCED_FACE('',(#3539),#3027,.T.);
#3539 = FACE_BOUND('',#3540,.T.);
#3540 = EDGE_LOOP('',(#3541,#3884,#3885,#4001));
#3541 = ORIENTED_EDGE('',*,*,#3542,.F.);
#3542 = EDGE_CURVE('',#2565,#3543,#3545,.T.);
#3543 = VERTEX_POINT('',#3544);
#3544 = CARTESIAN_POINT('',(1.955,3.541E-12,-4.156244927703));
#3545 = SURFACE_CURVE('',#3546,(#3644,#3745),.PCURVE_S1.);
#3546 = B_SPLINE_CURVE_WITH_KNOTS('',6,(#3547,#3548,#3549,#3550,#3551,
    #3552,#3553,#3554,#3555,#3556,#3557,#3558,#3559,#3560,#3561,#3562,
    #3563,#3564,#3565,#3566,#3567,#3568,#3569,#3570,#3571,#3572,#3573,
    #3574,#3575,#3576,#3577,#3578,#3579,#3580,#3581,#3582,#3583,#3584,
    #3585,#3586,#3587,#3588,#3589,#3590,#3591,#3592,#3593,#3594,#3595,
    #3596,#3597,#3598,#3599,#3600,#3601,#3602,#3603,#3604,#3605,#3606,
    #3607,#3608,#3609,#3610,#3611,#3612,#3613,#3614,#3615,#3616,#3617,
    #3618,#3619,#3620,#3621,#3622,#3623,#3624,#3625,#3626,#3627,#3628,
    #3629,#3630,#3631,#3632,#3633,#3634,#3635,#3636,#3637,#3638,#3639,
    #3640,#3641,#3642,#3643),.UNSPECIFIED.,.F.,.F.,(7,5,5,5,5,5,5,5,5,5,
    5,5,5,5,5,5,5,5,5,7),(0.,2.402072519199E-02,5.602024642493E-02,
    0.127020483833,0.22812509863,0.263668462868,0.320131390904,
    0.373134844057,0.401345935211,0.499482799285,0.598119980152,
    0.641580841334,0.702583475787,0.737847897524,0.756884377334,
    0.857882926392,0.873491005141,0.952489706375,0.972489344891,1.),
  .UNSPECIFIED.);
#3547 = CARTESIAN_POINT('',(1.955,9.26326E-12,-3.456244203123));
#3548 = CARTESIAN_POINT('',(1.955,-4.917537884861E-02,-3.459046573023));
#3549 = CARTESIAN_POINT('',(1.953515668214,-9.835082163301E-02,
    -3.461848790875));
#3550 = CARTESIAN_POINT('',(1.950547012684,-0.147470139096,
    -3.464650965315));
#3551 = CARTESIAN_POINT('',(1.946096855625,-0.19647737052,-3.46745318411
    ));
#3552 = CARTESIAN_POINT('',(1.940170833424,-0.245316783721,
    -3.470255514156));
#3553 = CARTESIAN_POINT('',(1.922928133747,-0.358697432912,
    -3.476791371392));
#3554 = CARTESIAN_POINT('',(1.910474645238,-0.423066019515,
    -3.480525028154));
#3555 = CARTESIAN_POINT('',(1.895436976669,-0.48690721572,
    -3.484259064764));
#3556 = CARTESIAN_POINT('',(1.877843755358,-0.550091822505,
    -3.487993510294));
#3557 = CARTESIAN_POINT('',(1.857732190386,-0.61249286096,
    -3.491728329902));
#3558 = CARTESIAN_POINT('',(1.78503864398,-0.810425023102,
    -3.503750818384));
#3559 = CARTESIAN_POINT('',(1.72275319451,-0.942402590984,
    -3.512040128855));
#3560 = CARTESIAN_POINT('',(1.648794437813,-1.068540815036,
    -3.52032932511));
#3561 = CARTESIAN_POINT('',(1.563866066195,-1.187571148548,
    -3.528617089499));
#3562 = CARTESIAN_POINT('',(1.46883833614,-1.29833220836,-3.536903024424
    ));
#3563 = CARTESIAN_POINT('',(1.216561157697,-1.544294721143,
    -3.556980655838));
#3564 = CARTESIAN_POINT('',(1.049961019969,-1.669997315345,
    -3.568773273741));
#3565 = CARTESIAN_POINT('',(0.868025860719,-1.773889501903,
    -3.580556555409));
#3566 = CARTESIAN_POINT('',(0.674354166897,-1.853794578585,-3.5923378722
    ));
#3567 = CARTESIAN_POINT('',(0.472871784773,-1.908208284159,
    -3.604125083078));
#3568 = CARTESIAN_POINT('',(0.195762927405,-1.946534501855,
    -3.620057127057));
#3569 = CARTESIAN_POINT('',(0.123238890867,-1.953284214751,
    -3.624201671667));
#3570 = CARTESIAN_POINT('',(5.044997388167E-02,-1.956789737185,
    -3.628346760946));
#3571 = CARTESIAN_POINT('',(-2.242281554256E-02,-1.957039658792,
    -3.63249242648));
#3572 = CARTESIAN_POINT('',(-9.519811971325E-02,-1.954036069432,
    -3.636638663934));
#3573 = CARTESIAN_POINT('',(-0.28285898329,-1.937879517343,
    -3.647372843419));
#3574 = CARTESIAN_POINT('',(-0.397323050324,-1.91979297128,
    -3.653961775988));
#3575 = CARTESIAN_POINT('',(-0.510355737942,-1.893598153936,
    -3.660551740947));
#3576 = CARTESIAN_POINT('',(-0.621243121767,-1.859442871968,
    -3.667142579205));
#3577 = CARTESIAN_POINT('',(-0.729293636776,-1.817558025778,
    -3.673734047749));
#3578 = CARTESIAN_POINT('',(-0.931987932265,-1.721974952868,
    -3.686512910829));
#3579 = CARTESIAN_POINT('',(-1.027051680774,-1.669155852277,
    -3.692700583068));
#3580 = CARTESIAN_POINT('',(-1.118486670666,-1.610057542675,
    -3.698887834428));
#3581 = CARTESIAN_POINT('',(-1.205779306168,-1.544996055905,
    -3.705074532784));
#3582 = CARTESIAN_POINT('',(-1.288454111691,-1.474342356207,
    -3.711260646868));
#3583 = CARTESIAN_POINT('',(-1.407392103112,-1.358163478398,
    -3.720737989006));
#3584 = CARTESIAN_POINT('',(-1.447276436691,-1.316342287067,
    -3.724029874622));
#3585 = CARTESIAN_POINT('',(-1.485665094167,-1.273120003451,
    -3.727321543918));
#3586 = CARTESIAN_POINT('',(-1.522497034526,-1.228563742141,
    -3.73061300068));
#3587 = CARTESIAN_POINT('',(-1.557715288608,-1.182744110558,
    -3.733904257351));
#3588 = CARTESIAN_POINT('',(-1.707981896136,-0.972207107098,
    -3.748643883443));
#3589 = CARTESIAN_POINT('',(-1.804557335791,-0.794248159707,
    -3.760092898581));
#3590 = CARTESIAN_POINT('',(-1.878696451778,-0.605042450689,
    -3.771537561857));
#3591 = CARTESIAN_POINT('',(-1.928907433636,-0.40813190927,
    -3.782983043297));
#3592 = CARTESIAN_POINT('',(-1.954336069115,-0.207262803103,
    -3.794433591987));
#3593 = CARTESIAN_POINT('',(-1.955646572207,0.195566922276,
    -3.81739142256));
#3594 = CARTESIAN_POINT('',(-1.931275487767,0.397623169766,
    -3.828904007646));
#3595 = CARTESIAN_POINT('',(-1.88184290096,0.595822505226,
    -3.840415141707));
#3596 = CARTESIAN_POINT('',(-1.808196413795,0.786356576728,
    -3.851926363999));
#3597 = CARTESIAN_POINT('',(-1.711833920816,0.965622109517,
    -3.863438698128));
#3598 = CARTESIAN_POINT('',(-1.543632839379,1.202970905485,
    -3.880015864331));
#3599 = CARTESIAN_POINT('',(-1.488223175966,1.272755553725,
    -3.885085542067));
#3600 = CARTESIAN_POINT('',(-1.429041185897,1.339459376332,
    -3.890154592539));
#3601 = CARTESIAN_POINT('',(-1.36630279623,1.402829875962,
    -3.895223061143));
#3602 = CARTESIAN_POINT('',(-1.300245989564,1.46263522353,
    -3.900291049472));
#3603 = CARTESIAN_POINT('',(-1.134116681307,1.597310537435,
    -3.912471449667));
#3604 = CARTESIAN_POINT('',(-1.031071484222,1.668521354736,
    -3.91958373283));
#3605 = CARTESIAN_POINT('',(-0.922714183394,1.731714763336,
    -3.926695178198));
#3606 = CARTESIAN_POINT('',(-0.80982762756,1.78640724823,-3.933806577653
    ));
#3607 = CARTESIAN_POINT('',(-0.693249788416,1.832218888456,
    -3.940918784704));
#3608 = CARTESIAN_POINT('',(-0.50485265874,1.890068973185,-3.95214360748
    ));
#3609 = CARTESIAN_POINT('',(-0.434899938608,1.908202385327,
    -3.956255803901));
#3610 = CARTESIAN_POINT('',(-0.364178175324,1.923225431522,
    -3.960368426558));
#3611 = CARTESIAN_POINT('',(-0.292860086696,1.935098761533,
    -3.964481542069));
#3612 = CARTESIAN_POINT('',(-0.221120820758,1.943795885817,
    -3.968595191492));
#3613 = CARTESIAN_POINT('',(-0.110280084621,1.952276126865,
    -3.974930321779));
#3614 = CARTESIAN_POINT('',(-7.135105514807E-02,1.954319557096,
    -3.977151417085));
#3615 = CARTESIAN_POINT('',(-3.23787374219E-02,1.955431336937,
    -3.979372676151));
#3616 = CARTESIAN_POINT('',(6.609001509023E-03,1.955610449067,
    -3.981594097151));
#3617 = CARTESIAN_POINT('',(4.55842976169E-02,1.954856988139,
    -3.983815676537));
#3618 = CARTESIAN_POINT('',(0.29108992517,1.944233264475,-3.997824869791
    ));
#3619 = CARTESIAN_POINT('',(0.496580068638,1.909075099175,-4.00961961265
    ));
#3620 = CARTESIAN_POINT('',(0.696707152954,1.84785933056,-4.021414233756
    ));
#3621 = CARTESIAN_POINT('',(0.887434853997,1.761709653213,
    -4.033208552776));
#3622 = CARTESIAN_POINT('',(1.064987835902,1.652446224504,
    -4.045001830836));
#3623 = CARTESIAN_POINT('',(1.250930372095,1.502737241593,
    -4.058608530567));
#3624 = CARTESIAN_POINT('',(1.275426204676,1.482210177655,
    -4.060429703423));
#3625 = CARTESIAN_POINT('',(1.29951703252,1.461204604026,-4.062250757968
    ));
#3626 = CARTESIAN_POINT('',(1.323191207286,1.439730544416,
    -4.064071694367));
#3627 = CARTESIAN_POINT('',(1.346437412064,1.417798400922,
    -4.065892514494));
#3628 = CARTESIAN_POINT('',(1.484681231395,1.282147662454,
    -4.076928547249));
#3629 = CARTESIAN_POINT('',(1.588884324594,1.157406078634,
    -4.086141897275));
#3630 = CARTESIAN_POINT('',(1.680402492328,1.022610728134,
    -4.095351828554));
#3631 = CARTESIAN_POINT('',(1.758071625051,0.879388983779,
    -4.104561301851));
#3632 = CARTESIAN_POINT('',(1.820982535825,0.729522158036,
    -4.113773992151));
#3633 = CARTESIAN_POINT('',(1.880585483703,0.535816727358,
    -4.125320746326));
#3634 = CARTESIAN_POINT('',(1.891643029041,0.496381741297,
    -4.127653567842));
#3635 = CARTESIAN_POINT('',(1.901707619357,0.456675061577,-4.12998653961
    ));
#3636 = CARTESIAN_POINT('',(1.910771052615,0.416727938387,
    -4.132319654602));
#3637 = CARTESIAN_POINT('',(1.918826441233,0.376571938909,
    -4.134652895451));
#3638 = CARTESIAN_POINT('',(1.935554573612,0.280758593508,
    -4.140195876691));
#3639 = CARTESIAN_POINT('',(1.943323034168,0.224943193823,
    -4.143405710181));
#3640 = CARTESIAN_POINT('',(1.949159077417,0.168875852582,-4.14661565225
    ));
#3641 = CARTESIAN_POINT('',(1.953053017695,0.112640125924,
    -4.149825595191));
#3642 = CARTESIAN_POINT('',(1.955,5.632002180648E-02,-4.153035406267));
#3643 = CARTESIAN_POINT('',(1.955,7.05058E-12,-4.156244927703));
#3644 = PCURVE('',#3027,#3645);
#3645 = DEFINITIONAL_REPRESENTATION('',(#3646),#3744);
#3646 = B_SPLINE_CURVE_WITH_KNOTS('',6,(#3647,#3648,#3649,#3650,#3651,
    #3652,#3653,#3654,#3655,#3656,#3657,#3658,#3659,#3660,#3661,#3662,
    #3663,#3664,#3665,#3666,#3667,#3668,#3669,#3670,#3671,#3672,#3673,
    #3674,#3675,#3676,#3677,#3678,#3679,#3680,#3681,#3682,#3683,#3684,
    #3685,#3686,#3687,#3688,#3689,#3690,#3691,#3692,#3693,#3694,#3695,
    #3696,#3697,#3698,#3699,#3700,#3701,#3702,#3703,#3704,#3705,#3706,
    #3707,#3708,#3709,#3710,#3711,#3712,#3713,#3714,#3715,#3716,#3717,
    #3718,#3719,#3720,#3721,#3722,#3723,#3724,#3725,#3726,#3727,#3728,
    #3729,#3730,#3731,#3732,#3733,#3734,#3735,#3736,#3737,#3738,#3739,
    #3740,#3741,#3742,#3743),.UNSPECIFIED.,.F.,.F.,(7,5,5,5,5,5,5,5,5,5,
    5,5,5,5,5,5,5,5,5,7),(0.,2.402072519199E-02,5.602024642493E-02,
    0.127020483833,0.22812509863,0.263668462868,0.320131390904,
    0.373134844057,0.401345935211,0.499482799285,0.598119980152,
    0.641580841334,0.702583475787,0.737847897524,0.756884377334,
    0.857882926392,0.873491005141,0.952489706375,0.972489344891,1.),
  .UNSPECIFIED.);
#3647 = CARTESIAN_POINT('',(5.251159408292E-02,0.));
#3648 = CARTESIAN_POINT('',(5.251151411981E-02,2.530927478329E-02));
#3649 = CARTESIAN_POINT('',(5.251174778723E-02,5.06185925422E-02));
#3650 = CARTESIAN_POINT('',(5.251210002509E-02,7.592805363494E-02));
#3651 = CARTESIAN_POINT('',(5.251240712881E-02,0.101237711518));
#3652 = CARTESIAN_POINT('',(5.251253674925E-02,0.126547572745));
#3653 = CARTESIAN_POINT('',(5.251218959172E-02,0.185574674664));
#3654 = CARTESIAN_POINT('',(5.251149788804E-02,0.219292115095));
#3655 = CARTESIAN_POINT('',(5.251010737051E-02,0.253009830577));
#3656 = CARTESIAN_POINT('',(5.250793608804E-02,0.286727713632));
#3657 = CARTESIAN_POINT('',(5.250502554968E-02,0.320445636988));
#3658 = CARTESIAN_POINT('',(5.249380862755E-02,0.428976228614));
#3659 = CARTESIAN_POINT('',(5.24832200468E-02,0.503793417486));
#3660 = CARTESIAN_POINT('',(5.247129416368E-02,0.57860353596));
#3661 = CARTESIAN_POINT('',(5.246174355324E-02,0.653411448624));
#3662 = CARTESIAN_POINT('',(5.245673025697E-02,0.728223327357));
#3663 = CARTESIAN_POINT('',(5.245656897017E-02,0.909553958347));
#3664 = CARTESIAN_POINT('',(5.246645988243E-02,1.016103785946));
#3665 = CARTESIAN_POINT('',(5.248795136696E-02,1.122621675733));
#3666 = CARTESIAN_POINT('',(5.251407386564E-02,1.229142729227));
#3667 = CARTESIAN_POINT('',(5.253606329286E-02,1.335698352138));
#3668 = CARTESIAN_POINT('',(5.255589859549E-02,1.479678355705));
#3669 = CARTESIAN_POINT('',(5.256014927047E-02,1.517129051647));
#3670 = CARTESIAN_POINT('',(5.256333835683E-02,1.554579873201));
#3671 = CARTESIAN_POINT('',(5.256538372505E-02,1.592030734804));
#3672 = CARTESIAN_POINT('',(5.256627403969E-02,1.629481546112));
#3673 = CARTESIAN_POINT('',(5.256574265841E-02,1.726425011812));
#3674 = CARTESIAN_POINT('',(5.256265235446E-02,1.78591907771));
#3675 = CARTESIAN_POINT('',(5.255701519602E-02,1.845410967397));
#3676 = CARTESIAN_POINT('',(5.254949494521E-02,1.90490224116));
#3677 = CARTESIAN_POINT('',(5.25409495242E-02,1.964394578103));
#3678 = CARTESIAN_POINT('',(5.25239453824E-02,2.079730244253));
#3679 = CARTESIAN_POINT('',(5.251550927813E-02,2.135576183677));
#3680 = CARTESIAN_POINT('',(5.250754169923E-02,2.191420437451));
#3681 = CARTESIAN_POINT('',(5.250062384071E-02,2.247264436727));
#3682 = CARTESIAN_POINT('',(5.249514533881E-02,2.303109658554));
#3683 = CARTESIAN_POINT('',(5.248910433376E-02,2.388677104219));
#3684 = CARTESIAN_POINT('',(5.248744227353E-02,2.418400301752));
#3685 = CARTESIAN_POINT('',(5.248623219514E-02,2.448123586528));
#3686 = CARTESIAN_POINT('',(5.24854712284E-02,2.477846979786));
#3687 = CARTESIAN_POINT('',(5.24851380247E-02,2.507570497506));
#3688 = CARTESIAN_POINT('',(5.248538315219E-02,2.640692706262));
#3689 = CARTESIAN_POINT('',(5.249026014693E-02,2.744116639921));
#3690 = CARTESIAN_POINT('',(5.249832823872E-02,2.847515679358));
#3691 = CARTESIAN_POINT('',(5.250538882936E-02,2.950917558446));
#3692 = CARTESIAN_POINT('',(5.250871890665E-02,3.054348357153));
#3693 = CARTESIAN_POINT('',(5.250817829103E-02,3.261689825872));
#3694 = CARTESIAN_POINT('',(5.250427114404E-02,3.365648227209));
#3695 = CARTESIAN_POINT('',(5.249667216437E-02,3.469576853197));
#3696 = CARTESIAN_POINT('',(5.24882480584E-02,3.573502550388));
#3697 = CARTESIAN_POINT('',(5.248329600063E-02,3.677453967008));
#3698 = CARTESIAN_POINT('',(5.248326318135E-02,3.827170685224));
#3699 = CARTESIAN_POINT('',(5.248421216029E-02,3.872961822848));
#3700 = CARTESIAN_POINT('',(5.248625867285E-02,3.91875225123));
#3701 = CARTESIAN_POINT('',(5.2489440631E-02,3.964542551554));
#3702 = CARTESIAN_POINT('',(5.249368590536E-02,4.010333315697));
#3703 = CARTESIAN_POINT('',(5.250598520038E-02,4.120396277033));
#3704 = CARTESIAN_POINT('',(5.251488215617E-02,4.184671118143));
#3705 = CARTESIAN_POINT('',(5.252500157711E-02,4.248943912886));
#3706 = CARTESIAN_POINT('',(5.25353637178E-02,4.313217389109));
#3707 = CARTESIAN_POINT('',(5.254483321325E-02,4.377494128522));
#3708 = CARTESIAN_POINT('',(5.25568547336E-02,4.478925527892));
#3709 = CARTESIAN_POINT('',(5.256064538152E-02,4.516081993899));
#3710 = CARTESIAN_POINT('',(5.256362774151E-02,4.553238659624));
#3711 = CARTESIAN_POINT('',(5.256565438227E-02,4.59039546096));
#3712 = CARTESIAN_POINT('',(5.256662566949E-02,4.627552318825));
#3713 = CARTESIAN_POINT('',(5.256641640217E-02,4.684767175717));
#3714 = CARTESIAN_POINT('',(5.256602159172E-02,4.70482524066));
#3715 = CARTESIAN_POINT('',(5.256529877535E-02,4.724883303466));
#3716 = CARTESIAN_POINT('',(5.256424727357E-02,4.744941344583));
#3717 = CARTESIAN_POINT('',(5.256287228654E-02,4.764999355439));
#3718 = CARTESIAN_POINT('',(5.255223238852E-02,4.891475499821));
#3719 = CARTESIAN_POINT('',(5.253451885351E-02,4.997919868611));
#3720 = CARTESIAN_POINT('',(5.250948462727E-02,5.104330080666));
#3721 = CARTESIAN_POINT('',(5.248425407692E-02,5.210736679327));
#3722 = CARTESIAN_POINT('',(5.246789604004E-02,5.317173941398));
#3723 = CARTESIAN_POINT('',(5.246052975304E-02,5.440029744372));
#3724 = CARTESIAN_POINT('',(5.245978299316E-02,5.456474316019));
#3725 = CARTESIAN_POINT('',(5.245928081873E-02,5.47291892356));
#3726 = CARTESIAN_POINT('',(5.245902464191E-02,5.489363574852));
#3727 = CARTESIAN_POINT('',(5.245901193694E-02,5.505808275421));
#3728 = CARTESIAN_POINT('',(5.246037152812E-02,5.605486471466));
#3729 = CARTESIAN_POINT('',(5.246756800625E-02,5.68872944361));
#3730 = CARTESIAN_POINT('',(5.248004329E-02,5.771965375039));
#3731 = CARTESIAN_POINT('',(5.24941347513E-02,5.855204467636));
#3732 = CARTESIAN_POINT('',(5.2504179891E-02,5.938454344069));
#3733 = CARTESIAN_POINT('',(5.251089670357E-02,6.042769316299));
#3734 = CARTESIAN_POINT('',(5.251195297905E-02,6.063842990144));
#3735 = CARTESIAN_POINT('',(5.251269440493E-02,6.084916599311));
#3736 = CARTESIAN_POINT('',(5.251312858341E-02,6.105990114633));
#3737 = CARTESIAN_POINT('',(5.25132849139E-02,6.127063512011));
#3738 = CARTESIAN_POINT('',(5.25131178627E-02,6.177124256292));
#3739 = CARTESIAN_POINT('',(5.251258794088E-02,6.206111511384));
#3740 = CARTESIAN_POINT('',(5.25117751972E-02,6.23509847001));
#3741 = CARTESIAN_POINT('',(5.25108967423E-02,6.264085139782));
#3742 = CARTESIAN_POINT('',(5.251023642785E-02,6.29307160361));
#3743 = CARTESIAN_POINT('',(5.25101448466E-02,6.322058019692));
#3744 = ( GEOMETRIC_REPRESENTATION_CONTEXT(2) 
PARAMETRIC_REPRESENTATION_CONTEXT() REPRESENTATION_CONTEXT('2D SPACE',''
  ) );
#3745 = PCURVE('',#238,#3746);
#3746 = DEFINITIONAL_REPRESENTATION('',(#3747),#3883);
#3747 = B_SPLINE_CURVE_WITH_KNOTS('',3,(#3748,#3749,#3750,#3751,#3752,
    #3753,#3754,#3755,#3756,#3757,#3758,#3759,#3760,#3761,#3762,#3763,
    #3764,#3765,#3766,#3767,#3768,#3769,#3770,#3771,#3772,#3773,#3774,
    #3775,#3776,#3777,#3778,#3779,#3780,#3781,#3782,#3783,#3784,#3785,
    #3786,#3787,#3788,#3789,#3790,#3791,#3792,#3793,#3794,#3795,#3796,
    #3797,#3798,#3799,#3800,#3801,#3802,#3803,#3804,#3805,#3806,#3807,
    #3808,#3809,#3810,#3811,#3812,#3813,#3814,#3815,#3816,#3817,#3818,
    #3819,#3820,#3821,#3822,#3823,#3824,#3825,#3826,#3827,#3828,#3829,
    #3830,#3831,#3832,#3833,#3834,#3835,#3836,#3837,#3838,#3839,#3840,
    #3841,#3842,#3843,#3844,#3845,#3846,#3847,#3848,#3849,#3850,#3851,
    #3852,#3853,#3854,#3855,#3856,#3857,#3858,#3859,#3860,#3861,#3862,
    #3863,#3864,#3865,#3866,#3867,#3868,#3869,#3870,#3871,#3872,#3873,
    #3874,#3875,#3876,#3877,#3878,#3879,#3880,#3881,#3882),
  .UNSPECIFIED.,.F.,.F.,(4,1,1,1,1,1,1,1,1,1,1,1,1,1,1,1,1,1,1,1,1,1,1,1
    ,1,1,1,1,1,1,1,1,1,1,1,1,1,1,1,1,1,1,1,1,1,1,1,1,1,1,1,1,1,1,1,1,1,1
    ,1,1,1,1,1,1,1,1,1,1,1,1,1,1,1,1,1,1,1,1,1,1,1,1,1,1,1,1,1,1,1,1,1,1
    ,1,1,1,1,1,1,1,1,1,1,1,1,1,1,1,1,1,1,1,1,1,1,1,1,1,1,1,1,1,1,1,1,1,1
    ,1,1,1,1,1,1,4),(0.,7.575757575758E-03,1.515151515152E-02,
    2.272727272727E-02,3.030303030303E-02,3.787878787879E-02,
    4.545454545455E-02,5.30303030303E-02,6.060606060606E-02,
    6.818181818182E-02,7.575757575758E-02,8.333333333333E-02,
    9.090909090909E-02,9.848484848485E-02,0.106060606061,0.113636363636,
    0.121212121212,0.128787878788,0.136363636364,0.143939393939,
    0.151515151515,0.159090909091,0.166666666667,0.174242424242,
    0.181818181818,0.189393939394,0.19696969697,0.204545454545,
    0.212121212121,0.219696969697,0.227272727273,0.234848484848,
    0.242424242424,0.25,0.257575757576,0.265151515152,0.272727272727,
    0.280303030303,0.287878787879,0.295454545455,0.30303030303,
    0.310606060606,0.318181818182,0.325757575758,0.333333333333,
    0.340909090909,0.348484848485,0.356060606061,0.363636363636,
    0.371212121212,0.378787878788,0.386363636364,0.393939393939,
    0.401515151515,0.409090909091,0.416666666667,0.424242424242,
    0.431818181818,0.439393939394,0.44696969697,0.454545454545,
    0.462121212121,0.469696969697,0.477272727273,0.484848484848,
    0.492424242424,0.5,0.507575757576,0.515151515152,0.522727272727,
    0.530303030303,0.537878787879,0.545454545455,0.55303030303,
    0.560606060606,0.568181818182,0.575757575758,0.583333333333,
    0.590909090909,0.598484848485,0.606060606061,0.613636363636,
    0.621212121212,0.628787878788,0.636363636364,0.643939393939,
    0.651515151515,0.659090909091,0.666666666667,0.674242424242,
    0.681818181818,0.689393939394,0.69696969697,0.704545454545,
    0.712121212121,0.719696969697,0.727272727273,0.734848484848,
    0.742424242424,0.75,0.757575757576,0.765151515152,0.772727272727,
    0.780303030303,0.787878787879,0.795454545455,0.80303030303,
    0.810606060606,0.818181818182,0.825757575758,0.833333333333,
    0.840909090909,0.848484848485,0.856060606061,0.863636363636,
    0.871212121212,0.878787878788,0.886363636364,0.893939393939,
    0.901515151515,0.909090909091,0.916666666667,0.924242424242,
    0.931818181818,0.939393939394,0.94696969697,0.954545454545,
    0.962121212121,0.969696969697,0.977272727273,0.984848484848,
    0.992424242424,1.),.UNSPECIFIED.);
#3748 = CARTESIAN_POINT('',(-12.56637061435,2.756244203123));
#3749 = CARTESIAN_POINT('',(-12.55050447806,2.758011843395));
#3750 = CARTESIAN_POINT('',(-12.51877221877,2.761546996164));
#3751 = CARTESIAN_POINT('',(-12.47117390426,2.766849632693));
#3752 = CARTESIAN_POINT('',(-12.42357571353,2.77215249433));
#3753 = CARTESIAN_POINT('',(-12.37597764395,2.777455804181));
#3754 = CARTESIAN_POINT('',(-12.32837969558,2.782759703552));
#3755 = CARTESIAN_POINT('',(-12.28078188127,2.788064240836));
#3756 = CARTESIAN_POINT('',(-12.23318407345,2.793369394342));
#3757 = CARTESIAN_POINT('',(-12.18558626056,2.798675080633));
#3758 = CARTESIAN_POINT('',(-12.13798729967,2.803981283202));
#3759 = CARTESIAN_POINT('',(-12.09038835553,2.809287696049));
#3760 = CARTESIAN_POINT('',(-12.0427895581,2.814594107218));
#3761 = CARTESIAN_POINT('',(-11.99519087041,2.819900320322));
#3762 = CARTESIAN_POINT('',(-11.94759207048,2.825206169245));
#3763 = CARTESIAN_POINT('',(-11.89999290958,2.830511510626));
#3764 = CARTESIAN_POINT('',(-11.85239340446,2.83581619931));
#3765 = CARTESIAN_POINT('',(-11.80479341173,2.841120141429));
#3766 = CARTESIAN_POINT('',(-11.75719497625,2.846423041251));
#3767 = CARTESIAN_POINT('',(-11.70959337018,2.851725393393));
#3768 = CARTESIAN_POINT('',(-11.66198995612,2.857027063523));
#3769 = CARTESIAN_POINT('',(-11.61438643869,2.862327911244));
#3770 = CARTESIAN_POINT('',(-11.56678346691,2.867627945847));
#3771 = CARTESIAN_POINT('',(-11.51918125744,2.872927254519));
#3772 = CARTESIAN_POINT('',(-11.47157964617,2.878225991631));
#3773 = CARTESIAN_POINT('',(-11.42397827083,2.88352435171));
#3774 = CARTESIAN_POINT('',(-11.37637670282,2.88882254701));
#3775 = CARTESIAN_POINT('',(-11.32877459166,2.894120783452));
#3776 = CARTESIAN_POINT('',(-11.28117179219,2.899419238908));
#3777 = CARTESIAN_POINT('',(-11.23356857276,2.904718034203));
#3778 = CARTESIAN_POINT('',(-11.18596558272,2.91001723131));
#3779 = CARTESIAN_POINT('',(-11.13836480665,2.915316730503));
#3780 = CARTESIAN_POINT('',(-11.09076695161,2.920616544909));
#3781 = CARTESIAN_POINT('',(-11.04316842444,2.925917154005));
#3782 = CARTESIAN_POINT('',(-10.99557022661,2.931218492945));
#3783 = CARTESIAN_POINT('',(-10.94797190076,2.936520609421));
#3784 = CARTESIAN_POINT('',(-10.90037374825,2.941823465843));
#3785 = CARTESIAN_POINT('',(-10.85277517657,2.947127103584));
#3786 = CARTESIAN_POINT('',(-10.80517652835,2.952431418485));
#3787 = CARTESIAN_POINT('',(-10.75757801241,2.957736312223));
#3788 = CARTESIAN_POINT('',(-10.70997953567,2.963041701292));
#3789 = CARTESIAN_POINT('',(-10.66238094627,2.968347497554));
#3790 = CARTESIAN_POINT('',(-10.61478214552,2.973653599183));
#3791 = CARTESIAN_POINT('',(-10.56718332581,2.978959868453));
#3792 = CARTESIAN_POINT('',(-10.51958482542,2.984266151742));
#3793 = CARTESIAN_POINT('',(-10.47198585901,2.989572425404));
#3794 = CARTESIAN_POINT('',(-10.42438700638,2.994878521836));
#3795 = CARTESIAN_POINT('',(-10.3767881792,3.000184360569));
#3796 = CARTESIAN_POINT('',(-10.32918928263,3.005489875577));
#3797 = CARTESIAN_POINT('',(-10.28159022718,3.010795015825));
#3798 = CARTESIAN_POINT('',(-10.23399114764,3.016099724472));
#3799 = CARTESIAN_POINT('',(-10.18639243802,3.0214039302));
#3800 = CARTESIAN_POINT('',(-10.13879370583,3.026707678044));
#3801 = CARTESIAN_POINT('',(-10.09119487616,3.032010987033));
#3802 = CARTESIAN_POINT('',(-10.04359663861,3.037313802418));
#3803 = CARTESIAN_POINT('',(-9.995996294218,3.042616475368));
#3804 = CARTESIAN_POINT('',(-9.948393788328,3.047919070007));
#3805 = CARTESIAN_POINT('',(-9.900791249453,3.053221419682));
#3806 = CARTESIAN_POINT('',(-9.853189244196,3.058523532613));
#3807 = CARTESIAN_POINT('',(-9.805588032323,3.063825456641));
#3808 = CARTESIAN_POINT('',(-9.757987451549,3.06912728928));
#3809 = CARTESIAN_POINT('',(-9.710387147846,3.074429149027));
#3810 = CARTESIAN_POINT('',(-9.662786694036,3.079731157874));
#3811 = CARTESIAN_POINT('',(-9.615185749216,3.085033419307));
#3812 = CARTESIAN_POINT('',(-9.567584147645,3.090336004698));
#3813 = CARTESIAN_POINT('',(-9.519982252442,3.095638912197));
#3814 = CARTESIAN_POINT('',(-9.472380385456,3.100942128777));
#3815 = CARTESIAN_POINT('',(-9.424781791466,3.106245308703));
#3816 = CARTESIAN_POINT('',(-9.377182407078,3.11154889787));
#3817 = CARTESIAN_POINT('',(-9.329580490141,3.116853074707));
#3818 = CARTESIAN_POINT('',(-9.281978567417,3.122157524718));
#3819 = CARTESIAN_POINT('',(-9.234377053372,3.12746214836));
#3820 = CARTESIAN_POINT('',(-9.186776211387,3.132766852331));
#3821 = CARTESIAN_POINT('',(-9.139175849313,3.138071586685));
#3822 = CARTESIAN_POINT('',(-9.091575599895,3.143376316196));
#3823 = CARTESIAN_POINT('',(-9.043975027451,3.148681009804));
#3824 = CARTESIAN_POINT('',(-8.99637378416,3.153985624441));
#3825 = CARTESIAN_POINT('',(-8.948771722795,3.159290094191));
#3826 = CARTESIAN_POINT('',(-8.901169157565,3.164594304644));
#3827 = CARTESIAN_POINT('',(-8.853566641097,3.16989812211));
#3828 = CARTESIAN_POINT('',(-8.805966632859,3.175201219114));
#3829 = CARTESIAN_POINT('',(-8.758368191789,3.18050366445));
#3830 = CARTESIAN_POINT('',(-8.710769173897,3.185805663802));
#3831 = CARTESIAN_POINT('',(-8.663170300406,3.191107129485));
#3832 = CARTESIAN_POINT('',(-8.615571342716,3.196408096058));
#3833 = CARTESIAN_POINT('',(-8.567972239875,3.201708598656));
#3834 = CARTESIAN_POINT('',(-8.520373378244,3.207008641509));
#3835 = CARTESIAN_POINT('',(-8.472773906867,3.212308385447));
#3836 = CARTESIAN_POINT('',(-8.425174423772,3.21760784395));
#3837 = CARTESIAN_POINT('',(-8.37757515558,3.222907088314));
#3838 = CARTESIAN_POINT('',(-8.329976056581,3.228206231188));
#3839 = CARTESIAN_POINT('',(-8.282376963947,3.233505405776));
#3840 = CARTESIAN_POINT('',(-8.234777783951,3.238804741805));
#3841 = CARTESIAN_POINT('',(-8.187178514003,3.244104358744));
#3842 = CARTESIAN_POINT('',(-8.139579883386,3.249404293258));
#3843 = CARTESIAN_POINT('',(-8.091981391433,3.254704697612));
#3844 = CARTESIAN_POINT('',(-8.044383012205,3.260005694637));
#3845 = CARTESIAN_POINT('',(-7.996784727668,3.265307351646));
#3846 = CARTESIAN_POINT('',(-7.949186390655,3.270609727705));
#3847 = CARTESIAN_POINT('',(-7.901588255387,3.275912852822));
#3848 = CARTESIAN_POINT('',(-7.853989912261,3.281216779344));
#3849 = CARTESIAN_POINT('',(-7.806392320416,3.286521385153));
#3850 = CARTESIAN_POINT('',(-7.758791905402,3.291827020558));
#3851 = CARTESIAN_POINT('',(-7.711189293222,3.297133558996));
#3852 = CARTESIAN_POINT('',(-7.663586487701,3.302440686407));
#3853 = CARTESIAN_POINT('',(-7.615984125022,3.30774821231));
#3854 = CARTESIAN_POINT('',(-7.568382464537,3.313055970455));
#3855 = CARTESIAN_POINT('',(-7.520781347278,3.318363829813));
#3856 = CARTESIAN_POINT('',(-7.473180407219,3.323671676358));
#3857 = CARTESIAN_POINT('',(-7.425579198577,3.328979403087));
#3858 = CARTESIAN_POINT('',(-7.37797733986,3.334286898028));
#3859 = CARTESIAN_POINT('',(-7.330374649968,3.339594033768));
#3860 = CARTESIAN_POINT('',(-7.282771316919,3.344900654687));
#3861 = CARTESIAN_POINT('',(-7.235168003351,3.350206573551));
#3862 = CARTESIAN_POINT('',(-7.187566271242,3.355511534699));
#3863 = CARTESIAN_POINT('',(-7.139967927776,3.360815303241));
#3864 = CARTESIAN_POINT('',(-7.092368970753,3.366118306169));
#3865 = CARTESIAN_POINT('',(-7.044769959906,3.371420509358));
#3866 = CARTESIAN_POINT('',(-6.997169440562,3.376722141696));
#3867 = CARTESIAN_POINT('',(-6.949569080535,3.382023121136));
#3868 = CARTESIAN_POINT('',(-6.901969118656,3.387323556365));
#3869 = CARTESIAN_POINT('',(-6.85436963402,3.392623601284));
#3870 = CARTESIAN_POINT('',(-6.80677041124,3.397923461453));
#3871 = CARTESIAN_POINT('',(-6.759171173167,3.403223357367));
#3872 = CARTESIAN_POINT('',(-6.711571686728,3.408523499989));
#3873 = CARTESIAN_POINT('',(-6.663971988999,3.413824051914));
#3874 = CARTESIAN_POINT('',(-6.616372281367,3.419125125259));
#3875 = CARTESIAN_POINT('',(-6.568774094153,3.424426638537));
#3876 = CARTESIAN_POINT('',(-6.5211762604,3.429728751866));
#3877 = CARTESIAN_POINT('',(-6.473578280626,3.435031480326));
#3878 = CARTESIAN_POINT('',(-6.425980221064,3.440334698162));
#3879 = CARTESIAN_POINT('',(-6.378382031003,3.445638217837));
#3880 = CARTESIAN_POINT('',(-6.330783730239,3.450941772011));
#3881 = CARTESIAN_POINT('',(-6.299051458995,3.454477276904));
#3882 = CARTESIAN_POINT('',(-6.28318530718,3.456244927703));
#3883 = ( GEOMETRIC_REPRESENTATION_CONTEXT(2) 
PARAMETRIC_REPRESENTATION_CONTEXT() REPRESENTATION_CONTEXT('2D SPACE',''
  ) );
#3884 = ORIENTED_EDGE('',*,*,#3014,.T.);
#3885 = ORIENTED_EDGE('',*,*,#3886,.T.);
#3886 = EDGE_CURVE('',#2899,#3887,#3889,.T.);
#3887 = VERTEX_POINT('',#3888);
#3888 = CARTESIAN_POINT('',(1.576116396241,6.1942093E-07,-3.937510869623
    ));
#3889 = SURFACE_CURVE('',#3890,(#3902,#3909),.PCURVE_S1.);
#3890 = B_SPLINE_CURVE_WITH_KNOTS('',10,(#3891,#3892,#3893,#3894,#3895,
    #3896,#3897,#3898,#3899,#3900,#3901),.UNSPECIFIED.,.F.,.F.,(11,11),(
    0.,6.322058019692),.PIECEWISE_BEZIER_KNOTS.);
#3891 = CARTESIAN_POINT('',(1.576116754894,7.0790927848E-07,
    -3.23751242242));
#3892 = CARTESIAN_POINT('',(1.576116705269,-0.990353868128,
    -3.307510282263));
#3893 = CARTESIAN_POINT('',(0.884858965196,-1.980173813666,
    -3.377471472169));
#3894 = CARTESIAN_POINT('',(-0.49895235713,-2.426293785761,
    -3.447625026975));
#3895 = CARTESIAN_POINT('',(-2.079967212038,-1.801106376177,
    -3.517395435187));
#3896 = CARTESIAN_POINT('',(-2.916360587302,-8.74689226655E-06,
    -3.587511645838));
#3897 = CARTESIAN_POINT('',(-2.079913764834,1.801115718449,
    -3.657627857148));
#3898 = CARTESIAN_POINT('',(-0.499007341288,2.42628911366,
    -3.727398264927));
#3899 = CARTESIAN_POINT('',(0.884875696679,1.980175249066,
    -3.797551819907));
#3900 = CARTESIAN_POINT('',(1.576116501444,0.990355195457,-3.86751300978
    ));
#3901 = CARTESIAN_POINT('',(1.576116396241,6.1942092406E-07,
    -3.937510869623));
#3902 = PCURVE('',#3027,#3903);
#3903 = DEFINITIONAL_REPRESENTATION('',(#3904),#3908);
#3904 = LINE('',#3905,#3906);
#3905 = CARTESIAN_POINT('',(0.49,0.));
#3906 = VECTOR('',#3907,1.);
#3907 = DIRECTION('',(0.,1.));
#3908 = ( GEOMETRIC_REPRESENTATION_CONTEXT(2) 
PARAMETRIC_REPRESENTATION_CONTEXT() REPRESENTATION_CONTEXT('2D SPACE',''
  ) );
#3909 = PCURVE('',#3910,#3995);
#3910 = ( BOUNDED_SURFACE() B_SPLINE_SURFACE(6,11,(
    (#3911,#3912,#3913,#3914,#3915,#3916,#3917,#3918,#3919,#3920,#3921
      ,#3922)
    ,(#3923,#3924,#3925,#3926,#3927,#3928,#3929,#3930,#3931,#3932,#3933
      ,#3934)
    ,(#3935,#3936,#3937,#3938,#3939,#3940,#3941,#3942,#3943,#3944,#3945
      ,#3946)
    ,(#3947,#3948,#3949,#3950,#3951,#3952,#3953,#3954,#3955,#3956,#3957
      ,#3958)
    ,(#3959,#3960,#3961,#3962,#3963,#3964,#3965,#3966,#3967,#3968,#3969
      ,#3970)
    ,(#3971,#3972,#3973,#3974,#3975,#3976,#3977,#3978,#3979,#3980,#3981
      ,#3982)
    ,(#3983,#3984,#3985,#3986,#3987,#3988,#3989,#3990,#3991,#3992,#3993
,#3994
    )),.UNSPECIFIED.,.F.,.F.,.F.) B_SPLINE_SURFACE_WITH_KNOTS((7,7),(12,
    12),(0.,2.094395102393),(0.,6.322058019692),
.PIECEWISE_BEZIER_KNOTS.) GEOMETRIC_REPRESENTATION_ITEM() 
RATIONAL_B_SPLINE_SURFACE((
    (1.056590953773,1.056590953773,1.056590953773,1.056590953773
      ,1.056590953773,1.056590953773,1.056590953773,1.056590953773
      ,1.056590953773,1.056590953773,1.056590953773,1.056590953773)
    ,(1.017435169568,1.017435169568,1.017435169568,1.017435169568
      ,1.017435169568,1.017435169569,1.017435169568,1.017435169568
      ,1.017435169568,1.017435169568,1.017435169568,1.017435169568)
    ,(0.996326512422,0.996326512422,0.996326512422,0.996326512422
      ,0.996326512422,0.996326512423,0.996326512421,0.996326512423
      ,0.996326512422,0.996326512422,0.996326512422,0.996326512422)
    ,(0.989390034249,0.989390034249,0.989390034249,0.989390034249
      ,0.989390034248,0.989390034249,0.989390034248,0.989390034249
      ,0.989390034248,0.989390034249,0.989390034249,0.989390034249)
    ,(0.996326512422,0.996326512422,0.996326512422,0.996326512422
      ,0.996326512422,0.996326512423,0.996326512421,0.996326512423
      ,0.996326512422,0.996326512422,0.996326512422,0.996326512422)
    ,(1.017435169568,1.017435169568,1.017435169568,1.017435169568
      ,1.017435169568,1.017435169568,1.017435169568,1.017435169568
      ,1.017435169568,1.017435169568,1.017435169568,1.017435169568)
    ,(1.056590953773,1.056590953773,1.056590953773,1.056590953773
      ,1.056590953773,1.056590953773,1.056590953773,1.056590953773
      ,1.056590953773,1.056590953773,1.056590953773,1.056590953773
))) REPRESENTATION_ITEM('') SURFACE() );
#3911 = CARTESIAN_POINT('',(1.576116754894,7.0790928042E-07,
    -3.23751242242));
#3912 = CARTESIAN_POINT('',(1.57611670978,-0.900321633942,
    -3.301146840459));
#3913 = CARTESIAN_POINT('',(1.010542190664,-1.800206550841,
    -3.364751255823));
#3914 = CARTESIAN_POINT('',(-0.121528655975,-2.307158262554,
    -3.428589566279));
#3915 = CARTESIAN_POINT('',(-1.505133699962,-2.0184939806,
    -3.491642021668));
#3916 = CARTESIAN_POINT('',(-2.536037172116,-0.836463187101,
    -3.556323419545));
#3917 = CARTESIAN_POINT('',(-2.536302094427,0.836457891525,
    -3.61869987243));
#3918 = CARTESIAN_POINT('',(-1.504957721108,2.018498226735,
    -3.68338127051));
#3919 = CARTESIAN_POINT('',(-0.121605307817,2.307155256136,
    -3.74643372567));
#3920 = CARTESIAN_POINT('',(1.010555843,1.800207966591,-3.810272036248)
  );
#3921 = CARTESIAN_POINT('',(1.57611649188,0.900322961272,-3.873876451583
    ));
#3922 = CARTESIAN_POINT('',(1.576116396241,6.1942092244E-07,
    -3.937510869623));
#3923 = CARTESIAN_POINT('',(1.544398246451,7.6717168662E-07,
    -3.219201119604));
#3924 = CARTESIAN_POINT('',(1.54439832921,-0.882207932556,
    -3.282835374765));
#3925 = CARTESIAN_POINT('',(0.990204057851,-1.763944789288,
    -3.346437115556));
#3926 = CARTESIAN_POINT('',(-0.119079083863,-2.260838170957,
    -3.410292332138));
#3927 = CARTESIAN_POINT('',(-1.474843258719,-1.977644976232,
    -3.473295905237));
#3928 = CARTESIAN_POINT('',(-2.485017280321,-0.81995398365,
    -3.538064788861));
#3929 = CARTESIAN_POINT('',(-2.485226971374,0.819949170327,
    -3.600335767503));
#3930 = CARTESIAN_POINT('',(-1.474704603347,1.977647962767,
    -3.665104651286));
#3931 = CARTESIAN_POINT('',(-0.119140264555,2.260835763492,
    -3.728108224205));
#3932 = CARTESIAN_POINT('',(0.990214408952,1.763946158157,
    -3.791963440884));
#3933 = CARTESIAN_POINT('',(1.54439793484,0.882209371002,-3.85556518165)
  );
#3934 = CARTESIAN_POINT('',(1.544397962844,6.7127546888E-07,
    -3.919199436813));
#3935 = CARTESIAN_POINT('',(1.522045529827,8.0893463617E-07,
    -3.188207619076));
#3936 = CARTESIAN_POINT('',(1.52204579559,-0.869442837899,
    -3.251841759455));
#3937 = CARTESIAN_POINT('',(0.975872928858,-1.738390444994,
    -3.315441615416));
#3938 = CARTESIAN_POINT('',(-0.117360542306,-2.228195157973,
    -3.379308746103));
#3939 = CARTESIAN_POINT('',(-1.453478602648,-1.948858419828,
    -3.442277870831));
#3940 = CARTESIAN_POINT('',(-2.44908983148,-0.808319284869,
    -3.507108407466));
#3941 = CARTESIAN_POINT('',(-2.449205981807,0.808315464464,
    -3.569305056259));
#3942 = CARTESIAN_POINT('',(-1.453402979066,1.948859379142,
    -3.634135592979));
#3943 = CARTESIAN_POINT('',(-0.117395376462,2.22819377279,-3.69710471761
    ));
#3944 = CARTESIAN_POINT('',(0.97587781783,1.738391664119,-3.76097184835)
  );
#3945 = CARTESIAN_POINT('',(1.522045165215,0.869444354651,
    -3.824571704297));
#3946 = CARTESIAN_POINT('',(1.522045373242,7.0781794465E-07,
    -3.888205844677));
#3947 = CARTESIAN_POINT('',(1.513965443645,8.2403033969E-07,
    -3.150014460116));
#3948 = CARTESIAN_POINT('',(1.513965914154,-0.864828528118,
    -3.213648559003));
#3949 = CARTESIAN_POINT('',(0.9706948703,-1.729153180983,-3.277247733634
    ));
#3950 = CARTESIAN_POINT('',(-0.116750847425,-2.216394956428,
    -3.341119171035));
#3951 = CARTESIAN_POINT('',(-1.445728333983,-1.938453543059,
    -3.404075843374));
#3952 = CARTESIAN_POINT('',(-2.436143570213,-0.804113101919,
    -3.468928666292));
#3953 = CARTESIAN_POINT('',(-2.43614441532,0.804110614826,
    -3.531098446427));
#3954 = CARTESIAN_POINT('',(-1.445730296311,1.938452069324,
    -3.59595126934));
#3955 = CARTESIAN_POINT('',(-0.116753115307,2.21639483628,
    -3.658907941684));
#3956 = CARTESIAN_POINT('',(0.97069310628,1.729154171853,-3.722779379085
    ));
#3957 = CARTESIAN_POINT('',(1.513965031894,0.864830073175,
    -3.786378553713));
#3958 = CARTESIAN_POINT('',(1.513965443589,7.2102655868E-07,
    -3.850012652602));
#3959 = CARTESIAN_POINT('',(1.522043025346,8.0893700655E-07,
    -3.111820771397));
#3960 = CARTESIAN_POINT('',(1.522043683364,-0.869441497039,
    -3.175454911763));
#3961 = CARTESIAN_POINT('',(0.97587804389,-1.738388007131,
    -3.239054767515));
#3962 = CARTESIAN_POINT('',(-0.117392968221,-2.228190461927,
    -3.302921899507));
#3963 = CARTESIAN_POINT('',(-1.453398811826,-1.948857801999,
    -3.365891020514));
#3964 = CARTESIAN_POINT('',(-2.4492013734,-0.808316683927,
    -3.430721563716));
#3965 = CARTESIAN_POINT('',(-2.449086882333,0.808315621263,
    -3.492918204701));
#3966 = CARTESIAN_POINT('',(-1.453478288168,1.948853949206,
    -3.557748747807));
#3967 = CARTESIAN_POINT('',(-0.117362586744,2.228191611216,
    -3.620717868922));
#3968 = CARTESIAN_POINT('',(0.975869691505,1.738388733445,-3.68458500086
    ));
#3969 = CARTESIAN_POINT('',(1.522042581541,0.869443013796,
    -3.748184856619));
#3970 = CARTESIAN_POINT('',(1.522043181821,7.078197623E-07,
    -3.811818996988));
#3971 = CARTESIAN_POINT('',(1.544393709566,7.6717597935E-07,
    -3.080825805188));
#3972 = CARTESIAN_POINT('',(1.544394502896,-0.882205503579,
    -3.144460060326));
#3973 = CARTESIAN_POINT('',(0.990213323768,-1.763940373083,
    -3.208061800738));
#3974 = CARTESIAN_POINT('',(-0.119137823637,-2.260829664038,
    -3.271917019684));
#3975 = CARTESIAN_POINT('',(-1.474698717081,-1.97764385703,
    -3.334920586043));
#3976 = CARTESIAN_POINT('',(-2.485219339297,-0.819949272026,
    -3.399689481563));
#3977 = CARTESIAN_POINT('',(-2.485011221834,0.819949454371,
    -3.461960446061));
#3978 = CARTESIAN_POINT('',(-1.474841026317,1.977638126398,
    -3.526729341412));
#3979 = CARTESIAN_POINT('',(-0.119080865749,2.260831847786,
    -3.589732907961));
#3980 = CARTESIAN_POINT('',(0.990199688055,1.763940849219,-3.65358812681
    ));
#3981 = CARTESIAN_POINT('',(1.544393254495,0.882206942033,
    -3.717189867238));
#3982 = CARTESIAN_POINT('',(1.544393993069,6.7127876208E-07,
    -3.78082412238));
#3983 = CARTESIAN_POINT('',(1.576111017203,7.0791471357E-07,
    -3.062512422514));
#3984 = CARTESIAN_POINT('',(1.576111870731,-0.900318562073,
    -3.126146840523));
#3985 = CARTESIAN_POINT('',(1.010553909051,-1.80020096577,
    -3.189751255409));
#3986 = CARTESIAN_POINT('',(-0.121602942784,-2.307147504052,
    -3.253589568854));
#3987 = CARTESIAN_POINT('',(-1.504950901557,-2.018492565172,
    -3.31664201572));
#3988 = CARTESIAN_POINT('',(-2.536292711343,-0.836457228419,
    -3.38132342864));
#3989 = CARTESIAN_POINT('',(-2.536029241066,0.836458250747,
    -3.443699863638));
#3990 = CARTESIAN_POINT('',(-1.505130252025,2.018485786913,
    -3.508381276347));
#3991 = CARTESIAN_POINT('',(-0.121530187547,2.307150304035,
    -3.571433723451));
#3992 = CARTESIAN_POINT('',(1.010537225829,1.800201252503,
    -3.635272036774));
#3993 = CARTESIAN_POINT('',(1.576110572759,0.900319889412,
    -3.698876451681));
#3994 = CARTESIAN_POINT('',(1.576111375761,6.1942508967E-07,
    -3.762510869695));
#3995 = DEFINITIONAL_REPRESENTATION('',(#3996),#4000);
#3996 = LINE('',#3997,#3998);
#3997 = CARTESIAN_POINT('',(0.,0.));
#3998 = VECTOR('',#3999,1.);
#3999 = DIRECTION('',(0.,1.));
#4000 = ( GEOMETRIC_REPRESENTATION_CONTEXT(2) 
PARAMETRIC_REPRESENTATION_CONTEXT() REPRESENTATION_CONTEXT('2D SPACE',''
  ) );
#4001 = ORIENTED_EDGE('',*,*,#4002,.F.);
#4002 = EDGE_CURVE('',#3543,#3887,#4003,.T.);
#4003 = SURFACE_CURVE('',#4004,(#4007,#4014),.PCURVE_S1.);
#4004 = B_SPLINE_CURVE_WITH_KNOTS('',1,(#4005,#4006),.UNSPECIFIED.,.F.,
  .F.,(2,2),(0.,0.49),.PIECEWISE_BEZIER_KNOTS.);
#4005 = CARTESIAN_POINT('',(2.000475872592,-7.433866667E-08,
    -4.182498695504));
#4006 = CARTESIAN_POINT('',(1.576116396241,6.1942092406E-07,
    -3.937510869623));
#4007 = PCURVE('',#3027,#4008);
#4008 = DEFINITIONAL_REPRESENTATION('',(#4009),#4013);
#4009 = LINE('',#4010,#4011);
#4010 = CARTESIAN_POINT('',(0.,6.322058019692));
#4011 = VECTOR('',#4012,1.);
#4012 = DIRECTION('',(1.,0.));
#4013 = ( GEOMETRIC_REPRESENTATION_CONTEXT(2) 
PARAMETRIC_REPRESENTATION_CONTEXT() REPRESENTATION_CONTEXT('2D SPACE',''
  ) );
#4014 = PCURVE('',#4015,#4038);
#4015 = B_SPLINE_SURFACE_WITH_KNOTS('',1,10,(
    (#4016,#4017,#4018,#4019,#4020,#4021,#4022,#4023,#4024,#4025,#4026)
    ,(#4027,#4028,#4029,#4030,#4031,#4032,#4033,#4034,#4035,#4036,#4037
    )),.UNSPECIFIED.,.F.,.F.,.F.,(2,2),(11,11),(0.,0.49),(0.,
    6.322058019692),.PIECEWISE_BEZIER_KNOTS.);
#4016 = CARTESIAN_POINT('',(2.000475872592,-7.433866364E-08,
    -4.182498695504));
#4017 = CARTESIAN_POINT('',(2.000473947749,-1.256929546991,
    -4.252498952379));
#4018 = CARTESIAN_POINT('',(1.123126578375,-2.513887197717,
    -4.322503610588));
#4019 = CARTESIAN_POINT('',(-0.633444373318,-3.078277816325,
    -4.392485179952));
#4020 = CARTESIAN_POINT('',(-2.639584714037,-2.287254984263,
    -4.46251273739));
#4021 = CARTESIAN_POINT('',(-3.702170974239,-2.843644012428E-05,
    -4.532498787977));
#4022 = CARTESIAN_POINT('',(-2.639375706574,2.287297311735,
    -4.60248484113));
#4023 = CARTESIAN_POINT('',(-0.633645324209,3.078261707763,
    -4.672512396886));
#4024 = CARTESIAN_POINT('',(1.123196665726,2.513889742023,
    -4.742493966915));
#4025 = CARTESIAN_POINT('',(2.000476428072,1.256929408935,-4.81249862501
    ));
#4026 = CARTESIAN_POINT('',(2.000474509897,-6.371800551E-08,
    -4.882498881877));
#4027 = CARTESIAN_POINT('',(1.576116396241,6.1942092731E-07,
    -3.937510869623));
#4028 = CARTESIAN_POINT('',(1.576116291038,-0.990353731318,
    -4.007508729468));
#4029 = CARTESIAN_POINT('',(0.88485865267,-1.980173412288,
    -4.077469919327));
#4030 = CARTESIAN_POINT('',(-0.498952379823,-2.426293206641,
    -4.147623474295));
#4031 = CARTESIAN_POINT('',(-2.079966840027,-1.801105848711,
    -4.217393882272));
#4032 = CARTESIAN_POINT('',(-2.916359923169,-8.58289794741E-06,
    -4.287510093043));
#4033 = CARTESIAN_POINT('',(-2.079913191044,1.801115424137,
    -4.357626304465));
#4034 = CARTESIAN_POINT('',(-0.499007091139,2.426288590736,
    -4.427396712017));
#4035 = CARTESIAN_POINT('',(0.884875606412,1.980174748296,
    -4.497550267152));
#4036 = CARTESIAN_POINT('',(1.576116198375,0.990354881671,
    -4.567511456983));
#4037 = CARTESIAN_POINT('',(1.576116037594,5.3093254536E-07,
    -4.637509316826));
#4038 = DEFINITIONAL_REPRESENTATION('',(#4039),#4043);
#4039 = LINE('',#4040,#4041);
#4040 = CARTESIAN_POINT('',(0.,0.));
#4041 = VECTOR('',#4042,1.);
#4042 = DIRECTION('',(1.,0.));
#4043 = ( GEOMETRIC_REPRESENTATION_CONTEXT(2) 
PARAMETRIC_REPRESENTATION_CONTEXT() REPRESENTATION_CONTEXT('2D SPACE',''
  ) );
#4044 = ADVANCED_FACE('',(#4045),#2922,.T.);
#4045 = FACE_BOUND('',#4046,.T.);
#4046 = EDGE_LOOP('',(#4047,#4048,#4049,#4050));
#4047 = ORIENTED_EDGE('',*,*,#2898,.F.);
#4048 = ORIENTED_EDGE('',*,*,#3063,.T.);
#4049 = ORIENTED_EDGE('',*,*,#3130,.T.);
#4050 = ORIENTED_EDGE('',*,*,#4051,.F.);
#4051 = EDGE_CURVE('',#2899,#3131,#4052,.T.);
#4052 = SURFACE_CURVE('',#4053,(#4061,#4068),.PCURVE_S1.);
#4053 = ( BOUNDED_CURVE() B_SPLINE_CURVE(6,(#4054,#4055,#4056,#4057,
#4058,#4059,#4060),.UNSPECIFIED.,.F.,.F.) B_SPLINE_CURVE_WITH_KNOTS((7,7
),(0.,2.094395102393),.PIECEWISE_BEZIER_KNOTS.) CURVE() 
GEOMETRIC_REPRESENTATION_ITEM() RATIONAL_B_SPLINE_CURVE((1.056590953773,
    1.017435169568,0.996326512422,0.989390034249,0.996326512422,
1.017435169568,1.056590953773)) REPRESENTATION_ITEM('') );
#4054 = CARTESIAN_POINT('',(1.576116754894,7.0790927198E-07,
    -3.23751242242));
#4055 = CARTESIAN_POINT('',(1.544398246451,7.6717167802E-07,
    -3.219201119604));
#4056 = CARTESIAN_POINT('',(1.522045529827,8.0893462584E-07,
    -3.188207619076));
#4057 = CARTESIAN_POINT('',(1.513965443645,8.2403033069E-07,
    -3.150014460116));
#4058 = CARTESIAN_POINT('',(1.522043025346,8.089369955E-07,
    -3.111820771397));
#4059 = CARTESIAN_POINT('',(1.544393709566,7.6717597086E-07,
    -3.080825805188));
#4060 = CARTESIAN_POINT('',(1.576111017203,7.0791470325E-07,
    -3.062512422514));
#4061 = PCURVE('',#2922,#4062);
#4062 = DEFINITIONAL_REPRESENTATION('',(#4063),#4067);
#4063 = LINE('',#4064,#4065);
#4064 = CARTESIAN_POINT('',(0.,6.322058019692));
#4065 = VECTOR('',#4066,1.);
#4066 = DIRECTION('',(1.,0.));
#4067 = ( GEOMETRIC_REPRESENTATION_CONTEXT(2) 
PARAMETRIC_REPRESENTATION_CONTEXT() REPRESENTATION_CONTEXT('2D SPACE',''
  ) );
#4068 = PCURVE('',#3910,#4069);
#4069 = DEFINITIONAL_REPRESENTATION('',(#4070),#4074);
#4070 = LINE('',#4071,#4072);
#4071 = CARTESIAN_POINT('',(0.,0.));
#4072 = VECTOR('',#4073,1.);
#4073 = DIRECTION('',(1.,0.));
#4074 = ( GEOMETRIC_REPRESENTATION_CONTEXT(2) 
PARAMETRIC_REPRESENTATION_CONTEXT() REPRESENTATION_CONTEXT('2D SPACE',''
  ) );
#4075 = ADVANCED_FACE('',(#4076),#3509,.T.);
#4076 = FACE_BOUND('',#4077,.T.);
#4077 = EDGE_LOOP('',(#4078,#4110,#4111,#4434));
#4078 = ORIENTED_EDGE('',*,*,#4079,.F.);
#4079 = EDGE_CURVE('',#3131,#4080,#4082,.T.);
#4080 = VERTEX_POINT('',#4081);
#4081 = CARTESIAN_POINT('',(1.576111375761,6.19425094E-07,
    -3.762510869695));
#4082 = SURFACE_CURVE('',#4083,(#4096,#4103),.PCURVE_S1.);
#4083 = ( BOUNDED_CURVE() B_SPLINE_CURVE(11,(#4084,#4085,#4086,#4087,
    #4088,#4089,#4090,#4091,#4092,#4093,#4094,#4095),.UNSPECIFIED.,.F.,
.F.) B_SPLINE_CURVE_WITH_KNOTS((12,12),(0.,6.322058019692),
.PIECEWISE_BEZIER_KNOTS.) CURVE() GEOMETRIC_REPRESENTATION_ITEM() 
RATIONAL_B_SPLINE_CURVE((1.056590953773,1.056590953773,1.056590953773,
    1.056590953773,1.056590953773,1.056590953773,1.056590953773,
    1.056590953773,1.056590953773,1.056590953773,1.056590953773,
1.056590953773)) REPRESENTATION_ITEM('') );
#4084 = CARTESIAN_POINT('',(1.576111017203,7.0791471357E-07,
    -3.062512422514));
#4085 = CARTESIAN_POINT('',(1.576111870731,-0.900318562073,
    -3.126146840523));
#4086 = CARTESIAN_POINT('',(1.010553909051,-1.80020096577,
    -3.189751255409));
#4087 = CARTESIAN_POINT('',(-0.121602942784,-2.307147504052,
    -3.253589568854));
#4088 = CARTESIAN_POINT('',(-1.504950901557,-2.018492565172,
    -3.31664201572));
#4089 = CARTESIAN_POINT('',(-2.536292711343,-0.836457228419,
    -3.38132342864));
#4090 = CARTESIAN_POINT('',(-2.536029241066,0.836458250747,
    -3.443699863638));
#4091 = CARTESIAN_POINT('',(-1.505130252025,2.018485786913,
    -3.508381276347));
#4092 = CARTESIAN_POINT('',(-0.121530187547,2.307150304035,
    -3.571433723451));
#4093 = CARTESIAN_POINT('',(1.010537225829,1.800201252503,
    -3.635272036774));
#4094 = CARTESIAN_POINT('',(1.576110572759,0.900319889412,
    -3.698876451681));
#4095 = CARTESIAN_POINT('',(1.576111375761,6.1942508967E-07,
    -3.762510869695));
#4096 = PCURVE('',#3509,#4097);
#4097 = DEFINITIONAL_REPRESENTATION('',(#4098),#4102);
#4098 = LINE('',#4099,#4100);
#4099 = CARTESIAN_POINT('',(0.,0.));
#4100 = VECTOR('',#4101,1.);
#4101 = DIRECTION('',(0.,1.));
#4102 = ( GEOMETRIC_REPRESENTATION_CONTEXT(2) 
PARAMETRIC_REPRESENTATION_CONTEXT() REPRESENTATION_CONTEXT('2D SPACE',''
  ) );
#4103 = PCURVE('',#3910,#4104);
#4104 = DEFINITIONAL_REPRESENTATION('',(#4105),#4109);
#4105 = LINE('',#4106,#4107);
#4106 = CARTESIAN_POINT('',(2.094395102393,0.));
#4107 = VECTOR('',#4108,1.);
#4108 = DIRECTION('',(0.,1.));
#4109 = ( GEOMETRIC_REPRESENTATION_CONTEXT(2) 
PARAMETRIC_REPRESENTATION_CONTEXT() REPRESENTATION_CONTEXT('2D SPACE',''
  ) );
#4110 = ORIENTED_EDGE('',*,*,#3496,.T.);
#4111 = ORIENTED_EDGE('',*,*,#4112,.T.);
#4112 = EDGE_CURVE('',#3164,#4113,#4115,.T.);
#4113 = VERTEX_POINT('',#4114);
#4114 = CARTESIAN_POINT('',(1.955,-3.535E-12,-3.543744927283));
#4115 = SURFACE_CURVE('',#4116,(#4204,#4295),.PCURVE_S1.);
#4116 = B_SPLINE_CURVE_WITH_KNOTS('',6,(#4117,#4118,#4119,#4120,#4121,
    #4122,#4123,#4124,#4125,#4126,#4127,#4128,#4129,#4130,#4131,#4132,
    #4133,#4134,#4135,#4136,#4137,#4138,#4139,#4140,#4141,#4142,#4143,
    #4144,#4145,#4146,#4147,#4148,#4149,#4150,#4151,#4152,#4153,#4154,
    #4155,#4156,#4157,#4158,#4159,#4160,#4161,#4162,#4163,#4164,#4165,
    #4166,#4167,#4168,#4169,#4170,#4171,#4172,#4173,#4174,#4175,#4176,
    #4177,#4178,#4179,#4180,#4181,#4182,#4183,#4184,#4185,#4186,#4187,
    #4188,#4189,#4190,#4191,#4192,#4193,#4194,#4195,#4196,#4197,#4198,
    #4199,#4200,#4201,#4202,#4203),.UNSPECIFIED.,.F.,.F.,(7,5,5,5,5,5,5,
    5,5,5,5,5,5,5,5,5,5,7),(0.,3.090732452098E-02,4.790698737642E-02,
    0.128905615697,0.195682971078,0.26268391885,0.298717731253,
    0.358720353614,0.403417199962,0.495233790253,0.599123912593,
    0.691364768718,0.737365882343,0.771874034927,0.874680356937,
    0.944634903621,0.978634417883,1.),.UNSPECIFIED.);
#4117 = CARTESIAN_POINT('',(1.955,-9.24616E-12,-2.843744202574));
#4118 = CARTESIAN_POINT('',(1.955,-6.327369774618E-02,-2.847349994676));
#4119 = CARTESIAN_POINT('',(1.952542556112,-0.126547540456,
    -2.850956154106));
#4120 = CARTESIAN_POINT('',(1.947627712174,-0.189701683952,
    -2.854562453981));
#4121 = CARTESIAN_POINT('',(1.940263198822,-0.2526170736,-2.858168710071
    ));
#4122 = CARTESIAN_POINT('',(1.93046443349,-0.315175444309,
    -2.861774780799));
#4123 = CARTESIAN_POINT('',(1.911538817605,-0.411406726734,
    -2.867363823798));
#4124 = CARTESIAN_POINT('',(1.904093676561,-0.445410656884,
    -2.86934699701));
#4125 = CARTESIAN_POINT('',(1.895922934161,-0.479251617235,
    -2.871330073249));
#4126 = CARTESIAN_POINT('',(1.887031111415,-0.512910287448,-2.8733130442
    ));
#4127 = CARTESIAN_POINT('',(1.87742341346,-0.546367520603,-2.87529590687
    ));
#4128 = CARTESIAN_POINT('',(1.817944857919,-0.737968486227,
    -2.886725943545));
#4129 = CARTESIAN_POINT('',(1.752660054688,-0.891346135311,
    -2.896171839432));
#4130 = CARTESIAN_POINT('',(1.671893419349,-1.037646979806,
    -2.905614308225));
#4131 = CARTESIAN_POINT('',(1.576639152791,-1.174957746891,
    -2.915057459843));
#4132 = CARTESIAN_POINT('',(1.468170234844,-1.301536875032,
    -2.924504462495));
#4133 = CARTESIAN_POINT('',(1.249066796422,-1.510147771125,
    -2.94174358508));
#4134 = CARTESIAN_POINT('',(1.142142462899,-1.596112040136,
    -2.949536113792));
#4135 = CARTESIAN_POINT('',(1.028183907568,-1.672931100102,
    -2.957330542084));
#4136 = CARTESIAN_POINT('',(0.908176467315,-1.739907540171,
    -2.965126884914));
#4137 = CARTESIAN_POINT('',(0.783187285673,-1.796477533715,
    -2.972924607727));
#4138 = CARTESIAN_POINT('',(0.525112165448,-1.888146294537,
    -2.988545428305));
#4139 = CARTESIAN_POINT('',(0.391987359,-1.923177210242,-2.996369310124)
  );
#4140 = CARTESIAN_POINT('',(0.256150100481,-1.94691421925,
    -3.004191841329));
#4141 = CARTESIAN_POINT('',(0.118795925795,-1.959120211078,
    -3.012012600972));
#4142 = CARTESIAN_POINT('',(-1.885902888699E-02,-1.959715122568,
    -3.019831721396));
#4143 = CARTESIAN_POINT('',(-0.229122556155,-1.94292810598,
    -3.031852374511));
#4144 = CARTESIAN_POINT('',(-0.30239161375,-1.933727576615,
    -3.036055723822));
#4145 = CARTESIAN_POINT('',(-0.375205887457,-1.921212529126,
    -3.040258519122));
#4146 = CARTESIAN_POINT('',(-0.447378647079,-1.905412143565,
    -3.044460805575));
#4147 = CARTESIAN_POINT('',(-0.518725900605,-1.88636960506,
    -3.048662656145));
#4148 = CARTESIAN_POINT('',(-0.706195662333,-1.827129412835,
    -3.05986043229));
#4149 = CARTESIAN_POINT('',(-0.820538066492,-1.781283693143,
    -3.06685599106));
#4150 = CARTESIAN_POINT('',(-0.931253433553,-1.726870806127,
    -3.073850819225));
#4151 = CARTESIAN_POINT('',(-1.03754660996,-1.664257071778,
    -3.080845718249));
#4152 = CARTESIAN_POINT('',(-1.138674523178,-1.593905515653,
    -3.087841427595));
#4153 = CARTESIAN_POINT('',(-1.304927779585,-1.458616332488,
    -3.100049384251));
#4154 = CARTESIAN_POINT('',(-1.372659028665,-1.396873544023,
    -3.105261540121));
#4155 = CARTESIAN_POINT('',(-1.436865611882,-1.331372828084,
    -3.110474204484));
#4156 = CARTESIAN_POINT('',(-1.497289763388,-1.262367533825,
    -3.115687487695));
#4157 = CARTESIAN_POINT('',(-1.553698525295,-1.190133988052,
    -3.12090143755));
#4158 = CARTESIAN_POINT('',(-1.713086665766,-0.960568198256,
    -3.13682739755));
#4159 = CARTESIAN_POINT('',(-1.80249248916,-0.793770643418,
    -3.147543054736));
#4160 = CARTESIAN_POINT('',(-1.872264316008,-0.617201793678,
    -3.158258212048));
#4161 = CARTESIAN_POINT('',(-1.921172824544,-0.433756334072,
    -3.16897344908));
#4162 = CARTESIAN_POINT('',(-1.948485949937,-0.246492242387,
    -3.179689636078));
#4163 = CARTESIAN_POINT('',(-1.960497477981,0.153974806005,
    -3.202523912268));
#4164 = CARTESIAN_POINT('',(-1.939122925946,0.367455625387,
    -3.214646909632));
#4165 = CARTESIAN_POINT('',(-1.889829651311,0.577161676379,
    -3.226763412618));
#4166 = CARTESIAN_POINT('',(-1.813549793909,0.77862742737,
    -3.238878732141));
#4167 = CARTESIAN_POINT('',(-1.712004152236,0.967627016712,
    -3.250999552995));
#4168 = CARTESIAN_POINT('',(-1.47778984431,1.293762603688,
    -3.273880115898));
#4169 = CARTESIAN_POINT('',(-1.349839329824,1.434405427711,
    -3.284644724144));
#4170 = CARTESIAN_POINT('',(-1.205973771735,1.559661163992,
    -3.295409722964));
#4171 = CARTESIAN_POINT('',(-1.048544715915,1.667374756865,
    -3.306177299636));
#4172 = CARTESIAN_POINT('',(-0.880229474674,1.755813241194,
    -3.316947871034));
#4173 = CARTESIAN_POINT('',(-0.616209536857,1.857735047716,
    -3.333085410972));
#4174 = CARTESIAN_POINT('',(-0.526393477407,1.886572165993,
    -3.338455116566));
#4175 = CARTESIAN_POINT('',(-0.434985163683,1.910188772259,
    -3.343824287098));
#4176 = CARTESIAN_POINT('',(-0.342364034467,1.928479046841,
    -3.349192779519));
#4177 = CARTESIAN_POINT('',(-0.248917926829,1.941374126703,
    -3.354560500686));
#4178 = CARTESIAN_POINT('',(-8.461856297522E-02,1.954445041901,
    -3.363953173142));
#4179 = CARTESIAN_POINT('',(-1.395268866704E-02,1.956993838091,
    -3.367978587578));
#4180 = CARTESIAN_POINT('',(5.679017203656E-02,1.956475741241,
    -3.372003462804));
#4181 = CARTESIAN_POINT('',(0.127444033916,1.952889556145,
    -3.376027796442));
#4182 = CARTESIAN_POINT('',(0.197843268271,1.946246081968,
    -3.380051618507));
#4183 = CARTESIAN_POINT('',(0.476304294134,1.907735607544,
    -3.396061381272));
#4184 = CARTESIAN_POINT('',(0.681120614343,1.851961634265,-3.40804713546
    ));
#4185 = CARTESIAN_POINT('',(0.877785326486,1.769839714088,
    -3.420026626923));
#4186 = CARTESIAN_POINT('',(1.062177015311,1.662969794242,
    -3.432008320263));
#4187 = CARTESIAN_POINT('',(1.230526076294,1.533664606942,
    -3.444000032473));
#4188 = CARTESIAN_POINT('',(1.481112003018,1.284072454847,
    -3.464154955196));
#4189 = CARTESIAN_POINT('',(1.573701063402,1.174082081081,
    -3.472319080989));
#4190 = CARTESIAN_POINT('',(1.656415949559,1.05615462901,-3.480484936416
    ));
#4191 = CARTESIAN_POINT('',(1.728433566018,0.931407615889,
    -3.488652071675));
#4192 = CARTESIAN_POINT('',(1.789088895558,0.801058614888,
    -3.496819221356));
#4193 = CARTESIAN_POINT('',(1.861633152624,0.60099218091,-3.50895301268)
  );
#4194 = CARTESIAN_POINT('',(1.882564217349,0.534543901087,
    -3.512921208355));
#4195 = CARTESIAN_POINT('',(1.900645481011,0.467231595303,
    -3.516888969948));
#4196 = CARTESIAN_POINT('',(1.915833577669,0.399207932546,
    -3.520856264249));
#4197 = CARTESIAN_POINT('',(1.928096107795,0.330628300444,
    -3.524823141891));
#4198 = CARTESIAN_POINT('',(1.943265596352,0.218304764323,-3.53128237946
    ));
#4199 = CARTESIAN_POINT('',(1.947955823351,0.17480144138,-3.533774914192
    ));
#4200 = CARTESIAN_POINT('',(1.951477025963,0.131179974804,-3.53626737937
    ));
#4201 = CARTESIAN_POINT('',(1.953825673923,8.747962982973E-02,
    -3.538759825583));
#4202 = CARTESIAN_POINT('',(1.955,4.373979856586E-02,-3.541252316181));
#4203 = CARTESIAN_POINT('',(1.955,-7.05924E-12,-3.543744927283));
#4204 = PCURVE('',#3509,#4205);
#4205 = DEFINITIONAL_REPRESENTATION('',(#4206),#4294);
#4206 = B_SPLINE_CURVE_WITH_KNOTS('',6,(#4207,#4208,#4209,#4210,#4211,
    #4212,#4213,#4214,#4215,#4216,#4217,#4218,#4219,#4220,#4221,#4222,
    #4223,#4224,#4225,#4226,#4227,#4228,#4229,#4230,#4231,#4232,#4233,
    #4234,#4235,#4236,#4237,#4238,#4239,#4240,#4241,#4242,#4243,#4244,
    #4245,#4246,#4247,#4248,#4249,#4250,#4251,#4252,#4253,#4254,#4255,
    #4256,#4257,#4258,#4259,#4260,#4261,#4262,#4263,#4264,#4265,#4266,
    #4267,#4268,#4269,#4270,#4271,#4272,#4273,#4274,#4275,#4276,#4277,
    #4278,#4279,#4280,#4281,#4282,#4283,#4284,#4285,#4286,#4287,#4288,
    #4289,#4290,#4291,#4292,#4293),.UNSPECIFIED.,.F.,.F.,(7,5,5,5,5,5,5,
    5,5,5,5,5,5,5,5,5,5,7),(0.,3.090732452098E-02,4.790698737642E-02,
    0.128905615697,0.195682971078,0.26268391885,0.298717731253,
    0.358720353614,0.403417199962,0.495233790253,0.599123912593,
    0.691364768718,0.737365882343,0.771874034927,0.874680356937,
    0.944634903621,0.978634417883,1.),.UNSPECIFIED.);
#4207 = CARTESIAN_POINT('',(0.437511594522,0.));
#4208 = CARTESIAN_POINT('',(0.437511491626,3.256528799347E-02));
#4209 = CARTESIAN_POINT('',(0.437510668284,6.513063997976E-02));
#4210 = CARTESIAN_POINT('',(0.437509627072,9.769627650484E-02));
#4211 = CARTESIAN_POINT('',(0.437508759478,0.130262301663));
#4212 = CARTESIAN_POINT('',(0.437508345905,0.162828703096));
#4213 = CARTESIAN_POINT('',(0.437508671042,0.213307677316));
#4214 = CARTESIAN_POINT('',(0.43750897292,0.231220092184));
#4215 = CARTESIAN_POINT('',(0.437509485502,0.249132582764));
#4216 = CARTESIAN_POINT('',(0.437510221878,0.267045133082));
#4217 = CARTESIAN_POINT('',(0.437511184023,0.284957725021));
#4218 = CARTESIAN_POINT('',(0.437517979352,0.38821891961));
#4219 = CARTESIAN_POINT('',(0.437528503914,0.473577164843));
#4220 = CARTESIAN_POINT('',(0.437543181367,0.55892321197));
#4221 = CARTESIAN_POINT('',(0.437555737649,0.64426584739));
#4222 = CARTESIAN_POINT('',(0.437562414754,0.729616713974));
#4223 = CARTESIAN_POINT('',(0.43756280248,0.885313799005));
#4224 = CARTESIAN_POINT('',(0.437558579906,0.955673042908));
#4225 = CARTESIAN_POINT('',(0.437549569684,1.02602782197));
#4226 = CARTESIAN_POINT('',(0.437536830935,1.096383053838));
#4227 = CARTESIAN_POINT('',(0.437522440053,1.166743287639));
#4228 = CARTESIAN_POINT('',(0.437493943568,1.307694217239));
#4229 = CARTESIAN_POINT('',(0.437479841158,1.378292008661));
#4230 = CARTESIAN_POINT('',(0.437467764254,1.448886749054));
#4231 = CARTESIAN_POINT('',(0.437459416483,1.519482330506));
#4232 = CARTESIAN_POINT('',(0.437455340926,1.590082400904));
#4233 = CARTESIAN_POINT('',(0.437455184305,1.698646360089));
#4234 = CARTESIAN_POINT('',(0.437456283337,1.736613920882));
#4235 = CARTESIAN_POINT('',(0.437458476999,1.774581421515));
#4236 = CARTESIAN_POINT('',(0.437461655203,1.812548772704));
#4237 = CARTESIAN_POINT('',(0.437465656947,1.850515906333));
#4238 = CARTESIAN_POINT('',(0.437477952391,1.951704276551));
#4239 = CARTESIAN_POINT('',(0.437487347915,2.014927176159));
#4240 = CARTESIAN_POINT('',(0.437497531469,2.078147035917));
#4241 = CARTESIAN_POINT('',(0.437507429333,2.141366245328));
#4242 = CARTESIAN_POINT('',(0.437516121795,2.204587329459));
#4243 = CARTESIAN_POINT('',(0.437528377493,2.314898976316));
#4244 = CARTESIAN_POINT('',(0.437532682257,2.361992061945));
#4245 = CARTESIAN_POINT('',(0.437535853251,2.409084619939));
#4246 = CARTESIAN_POINT('',(0.437537818818,2.456177323388));
#4247 = CARTESIAN_POINT('',(0.437538629804,2.503270833587));
#4248 = CARTESIAN_POINT('',(0.43753807213,2.647103805293));
#4249 = CARTESIAN_POINT('',(0.437533509189,2.743861779837));
#4250 = CARTESIAN_POINT('',(0.4375260414,2.840602121657));
#4251 = CARTESIAN_POINT('',(0.437518961157,2.937344933482));
#4252 = CARTESIAN_POINT('',(0.437514693106,3.034109024666));
#4253 = CARTESIAN_POINT('',(0.437512223293,3.240325898062));
#4254 = CARTESIAN_POINT('',(0.437514884744,3.349826906739));
#4255 = CARTESIAN_POINT('',(0.437522165956,3.459290124293));
#4256 = CARTESIAN_POINT('',(0.437531103555,3.568750133916));
#4257 = CARTESIAN_POINT('',(0.437536468006,3.67824369232));
#4258 = CARTESIAN_POINT('',(0.437536625187,3.884890468061));
#4259 = CARTESIAN_POINT('',(0.437532520535,3.982092613984));
#4260 = CARTESIAN_POINT('',(0.437522923961,4.079273485679));
#4261 = CARTESIAN_POINT('',(0.437508290331,4.176454892127));
#4262 = CARTESIAN_POINT('',(0.437492529457,4.273658255278));
#4263 = CARTESIAN_POINT('',(0.437472434924,4.419313885865));
#4264 = CARTESIAN_POINT('',(0.437466333148,4.467782888109));
#4265 = CARTESIAN_POINT('',(0.437461253799,4.51625167522));
#4266 = CARTESIAN_POINT('',(0.437457610208,4.564720821816));
#4267 = CARTESIAN_POINT('',(0.437455705512,4.613190855604));
#4268 = CARTESIAN_POINT('',(0.437455602615,4.698020419941));
#4269 = CARTESIAN_POINT('',(0.437456597319,4.734380488614));
#4270 = CARTESIAN_POINT('',(0.437458679709,4.770740599335));
#4271 = CARTESIAN_POINT('',(0.437461835698,4.807100667007));
#4272 = CARTESIAN_POINT('',(0.437465988234,4.843460614754));
#4273 = CARTESIAN_POINT('',(0.437485920233,4.988142982638));
#4274 = CARTESIAN_POINT('',(0.437508400987,5.096493981112));
#4275 = CARTESIAN_POINT('',(0.437535121705,5.204807565533));
#4276 = CARTESIAN_POINT('',(0.437556706253,5.31311784335));
#4277 = CARTESIAN_POINT('',(0.437565976457,5.421462995121));
#4278 = CARTESIAN_POINT('',(0.437564378456,5.603485195089));
#4279 = CARTESIAN_POINT('',(0.437558974781,5.677195187831));
#4280 = CARTESIAN_POINT('',(0.437549320224,5.75090160425));
#4281 = CARTESIAN_POINT('',(0.437537576825,5.824610145814));
#4282 = CARTESIAN_POINT('',(0.437527261745,5.898325268172));
#4283 = CARTESIAN_POINT('',(0.437516135672,6.007861497586));
#4284 = CARTESIAN_POINT('',(0.437513157314,6.043686851895));
#4285 = CARTESIAN_POINT('',(0.437511032533,6.07951214061));
#4286 = CARTESIAN_POINT('',(0.437509793722,6.115337210061));
#4287 = CARTESIAN_POINT('',(0.437509312661,6.151161938465));
#4288 = CARTESIAN_POINT('',(0.437509292875,6.209498527234));
#4289 = CARTESIAN_POINT('',(0.43750947029,6.232010684433));
#4290 = CARTESIAN_POINT('',(0.437509752324,6.254522685914));
#4291 = CARTESIAN_POINT('',(0.437510040105,6.277034542047));
#4292 = CARTESIAN_POINT('',(0.437510216312,6.299546295192));
#4293 = CARTESIAN_POINT('',(0.437510145183,6.322058019692));
#4294 = ( GEOMETRIC_REPRESENTATION_CONTEXT(2) 
PARAMETRIC_REPRESENTATION_CONTEXT() REPRESENTATION_CONTEXT('2D SPACE',''
  ) );
#4295 = PCURVE('',#238,#4296);
#4296 = DEFINITIONAL_REPRESENTATION('',(#4297),#4433);
#4297 = B_SPLINE_CURVE_WITH_KNOTS('',3,(#4298,#4299,#4300,#4301,#4302,
    #4303,#4304,#4305,#4306,#4307,#4308,#4309,#4310,#4311,#4312,#4313,
    #4314,#4315,#4316,#4317,#4318,#4319,#4320,#4321,#4322,#4323,#4324,
    #4325,#4326,#4327,#4328,#4329,#4330,#4331,#4332,#4333,#4334,#4335,
    #4336,#4337,#4338,#4339,#4340,#4341,#4342,#4343,#4344,#4345,#4346,
    #4347,#4348,#4349,#4350,#4351,#4352,#4353,#4354,#4355,#4356,#4357,
    #4358,#4359,#4360,#4361,#4362,#4363,#4364,#4365,#4366,#4367,#4368,
    #4369,#4370,#4371,#4372,#4373,#4374,#4375,#4376,#4377,#4378,#4379,
    #4380,#4381,#4382,#4383,#4384,#4385,#4386,#4387,#4388,#4389,#4390,
    #4391,#4392,#4393,#4394,#4395,#4396,#4397,#4398,#4399,#4400,#4401,
    #4402,#4403,#4404,#4405,#4406,#4407,#4408,#4409,#4410,#4411,#4412,
    #4413,#4414,#4415,#4416,#4417,#4418,#4419,#4420,#4421,#4422,#4423,
    #4424,#4425,#4426,#4427,#4428,#4429,#4430,#4431,#4432),
  .UNSPECIFIED.,.F.,.F.,(4,1,1,1,1,1,1,1,1,1,1,1,1,1,1,1,1,1,1,1,1,1,1,1
    ,1,1,1,1,1,1,1,1,1,1,1,1,1,1,1,1,1,1,1,1,1,1,1,1,1,1,1,1,1,1,1,1,1,1
    ,1,1,1,1,1,1,1,1,1,1,1,1,1,1,1,1,1,1,1,1,1,1,1,1,1,1,1,1,1,1,1,1,1,1
    ,1,1,1,1,1,1,1,1,1,1,1,1,1,1,1,1,1,1,1,1,1,1,1,1,1,1,1,1,1,1,1,1,1,1
    ,1,1,1,1,1,1,4),(0.,7.575757575758E-03,1.515151515152E-02,
    2.272727272727E-02,3.030303030303E-02,3.787878787879E-02,
    4.545454545455E-02,5.30303030303E-02,6.060606060606E-02,
    6.818181818182E-02,7.575757575758E-02,8.333333333333E-02,
    9.090909090909E-02,9.848484848485E-02,0.106060606061,0.113636363636,
    0.121212121212,0.128787878788,0.136363636364,0.143939393939,
    0.151515151515,0.159090909091,0.166666666667,0.174242424242,
    0.181818181818,0.189393939394,0.19696969697,0.204545454545,
    0.212121212121,0.219696969697,0.227272727273,0.234848484848,
    0.242424242424,0.25,0.257575757576,0.265151515152,0.272727272727,
    0.280303030303,0.287878787879,0.295454545455,0.30303030303,
    0.310606060606,0.318181818182,0.325757575758,0.333333333333,
    0.340909090909,0.348484848485,0.356060606061,0.363636363636,
    0.371212121212,0.378787878788,0.386363636364,0.393939393939,
    0.401515151515,0.409090909091,0.416666666667,0.424242424242,
    0.431818181818,0.439393939394,0.44696969697,0.454545454545,
    0.462121212121,0.469696969697,0.477272727273,0.484848484848,
    0.492424242424,0.5,0.507575757576,0.515151515152,0.522727272727,
    0.530303030303,0.537878787879,0.545454545455,0.55303030303,
    0.560606060606,0.568181818182,0.575757575758,0.583333333333,
    0.590909090909,0.598484848485,0.606060606061,0.613636363636,
    0.621212121212,0.628787878788,0.636363636364,0.643939393939,
    0.651515151515,0.659090909091,0.666666666667,0.674242424242,
    0.681818181818,0.689393939394,0.69696969697,0.704545454545,
    0.712121212121,0.719696969697,0.727272727273,0.734848484848,
    0.742424242424,0.75,0.757575757576,0.765151515152,0.772727272727,
    0.780303030303,0.787878787879,0.795454545455,0.80303030303,
    0.810606060606,0.818181818182,0.825757575758,0.833333333333,
    0.840909090909,0.848484848485,0.856060606061,0.863636363636,
    0.871212121212,0.878787878788,0.886363636364,0.893939393939,
    0.901515151515,0.909090909091,0.916666666667,0.924242424242,
    0.931818181818,0.939393939394,0.94696969697,0.954545454545,
    0.962121212121,0.969696969697,0.977272727273,0.984848484848,
    0.992424242424,1.),.UNSPECIFIED.);
#4298 = CARTESIAN_POINT('',(-18.84955592153,2.143744202574));
#4299 = CARTESIAN_POINT('',(-18.83368976871,2.145511853358));
#4300 = CARTESIAN_POINT('',(-18.80195749788,2.149047358098));
#4301 = CARTESIAN_POINT('',(-18.75435919886,2.154350912169));
#4302 = CARTESIAN_POINT('',(-18.706761037,2.159654429671));
#4303 = CARTESIAN_POINT('',(-18.65916294723,2.164957650482));
#4304 = CARTESIAN_POINT('',(-18.61156500433,2.170260374386));
#4305 = CARTESIAN_POINT('',(-18.56396716909,2.175562487975));
#4306 = CARTESIAN_POINT('',(-18.51636907655,2.180863990451));
#4307 = CARTESIAN_POINT('',(-18.4687692523,2.186165076358));
#4308 = CARTESIAN_POINT('',(-18.4211693732,2.191465648136));
#4309 = CARTESIAN_POINT('',(-18.37356970202,2.196765810994));
#4310 = CARTESIAN_POINT('',(-18.32597032184,2.202065722318));
#4311 = CARTESIAN_POINT('',(-18.2783710145,2.207365591379));
#4312 = CARTESIAN_POINT('',(-18.2307714913,2.212665640036));
#4313 = CARTESIAN_POINT('',(-18.18317150023,2.217966078092));
#4314 = CARTESIAN_POINT('',(-18.13557104531,2.22326706794));
#4315 = CARTESIAN_POINT('',(-18.08797029301,2.228568726316));
#4316 = CARTESIAN_POINT('',(-18.04037067218,2.233870997238));
#4317 = CARTESIAN_POINT('',(-17.99277160565,2.239174012026));
#4318 = CARTESIAN_POINT('',(-17.94517171898,2.244477952047));
#4319 = CARTESIAN_POINT('',(-17.8975721301,2.249782681603));
#4320 = CARTESIAN_POINT('',(-17.8499727591,2.25508816143));
#4321 = CARTESIAN_POINT('',(-17.80237353077,2.260394320033));
#4322 = CARTESIAN_POINT('',(-17.75477423071,2.265701073599));
#4323 = CARTESIAN_POINT('',(-17.7071748004,2.271008297848));
#4324 = CARTESIAN_POINT('',(-17.6595752081,2.276315847937));
#4325 = CARTESIAN_POINT('',(-17.61197660415,2.281623438603));
#4326 = CARTESIAN_POINT('',(-17.56437759287,2.286931065808));
#4327 = CARTESIAN_POINT('',(-17.51677831221,2.29223855789));
#4328 = CARTESIAN_POINT('',(-17.46917933007,2.297545703047));
#4329 = CARTESIAN_POINT('',(-17.42158060381,2.302852372131));
#4330 = CARTESIAN_POINT('',(-17.37398197078,2.308158469014));
#4331 = CARTESIAN_POINT('',(-17.32638320088,2.31346392753));
#4332 = CARTESIAN_POINT('',(-17.27878421787,2.318768688735));
#4333 = CARTESIAN_POINT('',(-17.23118507269,2.324072704538));
#4334 = CARTESIAN_POINT('',(-17.18358677152,2.329375849756));
#4335 = CARTESIAN_POINT('',(-17.1359884404,2.334678224045));
#4336 = CARTESIAN_POINT('',(-17.08839010066,2.339979886906));
#4337 = CARTESIAN_POINT('',(-17.040791711,2.34528088735));
#4338 = CARTESIAN_POINT('',(-16.99319314955,2.350581300201));
#4339 = CARTESIAN_POINT('',(-16.94559458966,2.35588122484));
#4340 = CARTESIAN_POINT('',(-16.89799534675,2.361180839018));
#4341 = CARTESIAN_POINT('',(-16.85039614343,2.366480177128));
#4342 = CARTESIAN_POINT('',(-16.80279702757,2.371779353886));
#4343 = CARTESIAN_POINT('',(-16.75519792063,2.377078497139));
#4344 = CARTESIAN_POINT('',(-16.70759866231,2.38237773985));
#4345 = CARTESIAN_POINT('',(-16.65999919725,2.387677195692));
#4346 = CARTESIAN_POINT('',(-16.61239970694,2.39297694103));
#4347 = CARTESIAN_POINT('',(-16.56480080505,2.398276987756));
#4348 = CARTESIAN_POINT('',(-16.51720164996,2.403577495529));
#4349 = CARTESIAN_POINT('',(-16.46960264706,2.408878466592));
#4350 = CARTESIAN_POINT('',(-16.42200371665,2.414179938079));
#4351 = CARTESIAN_POINT('',(-16.37440473933,2.41948193257));
#4352 = CARTESIAN_POINT('',(-16.32680595586,2.424784415124));
#4353 = CARTESIAN_POINT('',(-16.27920685647,2.430087412715));
#4354 = CARTESIAN_POINT('',(-16.23160530614,2.435391122354));
#4355 = CARTESIAN_POINT('',(-16.1840037211,2.440695222438));
#4356 = CARTESIAN_POINT('',(-16.1364025522,2.445999591374));
#4357 = CARTESIAN_POINT('',(-16.0888020741,2.451304120054));
#4358 = CARTESIAN_POINT('',(-16.04120212666,2.45660874442));
#4359 = CARTESIAN_POINT('',(-15.99360238316,2.461913418884));
#4360 = CARTESIAN_POINT('',(-15.94600246426,2.467218105404));
#4361 = CARTESIAN_POINT('',(-15.89840208754,2.472522758317));
#4362 = CARTESIAN_POINT('',(-15.85080121601,2.477827309665));
#4363 = CARTESIAN_POINT('',(-15.80320020433,2.483131656003));
#4364 = CARTESIAN_POINT('',(-15.75560002551,2.488435637981));
#4365 = CARTESIAN_POINT('',(-15.70800228685,2.493739046562));
#4366 = CARTESIAN_POINT('',(-15.66040006703,2.499042627908));
#4367 = CARTESIAN_POINT('',(-15.61279718134,2.50434596166));
#4368 = CARTESIAN_POINT('',(-15.56519435332,2.509648974936));
#4369 = CARTESIAN_POINT('',(-15.51759223559,2.514951618191));
#4370 = CARTESIAN_POINT('',(-15.46999084212,2.520253928518));
#4371 = CARTESIAN_POINT('',(-15.42238991324,2.525555988794));
#4372 = CARTESIAN_POINT('',(-15.3747890102,2.530857914283));
#4373 = CARTESIAN_POINT('',(-15.32718766669,2.536159831821));
#4374 = CARTESIAN_POINT('',(-15.2795855311,2.541461859525));
#4375 = CARTESIAN_POINT('',(-15.23198247924,2.546764090063));
#4376 = CARTESIAN_POINT('',(-15.18437888692,2.552066557459));
#4377 = CARTESIAN_POINT('',(-15.13677536635,2.557369264472));
#4378 = CARTESIAN_POINT('',(-15.08917459979,2.562671982392));
#4379 = CARTESIAN_POINT('',(-15.04157546642,2.567974898897));
#4380 = CARTESIAN_POINT('',(-14.99397341293,2.573278562495));
#4381 = CARTESIAN_POINT('',(-14.94637151822,2.578582663539));
#4382 = CARTESIAN_POINT('',(-14.89876995418,2.583887191969));
#4383 = CARTESIAN_POINT('',(-14.85116900482,2.589192108986));
#4384 = CARTESIAN_POINT('',(-14.80356847373,2.594497412334));
#4385 = CARTESIAN_POINT('',(-14.75596803847,2.599803096941));
#4386 = CARTESIAN_POINT('',(-14.70836734013,2.605109144274));
#4387 = CARTESIAN_POINT('',(-14.66076613696,2.610415505208));
#4388 = CARTESIAN_POINT('',(-14.61316445986,2.615722083883));
#4389 = CARTESIAN_POINT('',(-14.56556273176,2.621028727839));
#4390 = CARTESIAN_POINT('',(-14.51796210557,2.6263351958));
#4391 = CARTESIAN_POINT('',(-14.47036407795,2.631641212324));
#4392 = CARTESIAN_POINT('',(-14.42276541739,2.63694701698));
#4393 = CARTESIAN_POINT('',(-14.37516705467,2.642252393732));
#4394 = CARTESIAN_POINT('',(-14.32756871482,2.64755726811));
#4395 = CARTESIAN_POINT('',(-14.27997034308,2.652861552614));
#4396 = CARTESIAN_POINT('',(-14.23237192057,2.658165173326));
#4397 = CARTESIAN_POINT('',(-14.18477371204,2.663468037934));
#4398 = CARTESIAN_POINT('',(-14.13717536422,2.668770155353));
#4399 = CARTESIAN_POINT('',(-14.08957712977,2.674071497314));
#4400 = CARTESIAN_POINT('',(-14.04197857193,2.679372109974));
#4401 = CARTESIAN_POINT('',(-13.99438071897,2.684671924395));
#4402 = CARTESIAN_POINT('',(-13.94677978386,2.689971440404));
#4403 = CARTESIAN_POINT('',(-13.89917649382,2.695270670226));
#4404 = CARTESIAN_POINT('',(-13.85157292582,2.700569503816));
#4405 = CARTESIAN_POINT('',(-13.80396977634,2.705867997859));
#4406 = CARTESIAN_POINT('',(-13.75636734992,2.711166268958));
#4407 = CARTESIAN_POINT('',(-13.70876551963,2.716464492816));
#4408 = CARTESIAN_POINT('',(-13.66116393816,2.721762874978));
#4409 = CARTESIAN_POINT('',(-13.61356216565,2.727061629071));
#4410 = CARTESIAN_POINT('',(-13.56595980979,2.7323609532));
#4411 = CARTESIAN_POINT('',(-13.51835667073,2.737661005986));
#4412 = CARTESIAN_POINT('',(-13.4707528676,2.742961885567));
#4413 = CARTESIAN_POINT('',(-13.42314908869,2.748263596857));
#4414 = CARTESIAN_POINT('',(-13.37554646011,2.753566062528));
#4415 = CARTESIAN_POINT('',(-13.32794794758,2.758868970573));
#4416 = CARTESIAN_POINT('',(-13.28034813088,2.764172893115));
#4417 = CARTESIAN_POINT('',(-13.23274859276,2.769477585624));
#4418 = CARTESIAN_POINT('',(-13.18514940729,2.774782930204));
#4419 = CARTESIAN_POINT('',(-13.1375505929,2.780088781242));
#4420 = CARTESIAN_POINT('',(-13.0899519295,2.785394992056));
#4421 = CARTESIAN_POINT('',(-13.04235318649,2.7907013975));
#4422 = CARTESIAN_POINT('',(-12.99475430029,2.796007804338));
#4423 = CARTESIAN_POINT('',(-12.94715534189,2.801314007103));
#4424 = CARTESIAN_POINT('',(-12.89955741539,2.806619706813));
#4425 = CARTESIAN_POINT('',(-12.85195957912,2.811924862458));
#4426 = CARTESIAN_POINT('',(-12.80436171313,2.817229405741));
#4427 = CARTESIAN_POINT('',(-12.75676375536,2.822533308844));
#4428 = CARTESIAN_POINT('',(-12.7091656037,2.827836626178));
#4429 = CARTESIAN_POINT('',(-12.66156740637,2.833139489184));
#4430 = CARTESIAN_POINT('',(-12.61396904906,2.838442129177));
#4431 = CARTESIAN_POINT('',(-12.58223676367,2.841977285012));
#4432 = CARTESIAN_POINT('',(-12.56637061435,2.843744927283));
#4433 = ( GEOMETRIC_REPRESENTATION_CONTEXT(2) 
PARAMETRIC_REPRESENTATION_CONTEXT() REPRESENTATION_CONTEXT('2D SPACE',''
  ) );
#4434 = ORIENTED_EDGE('',*,*,#4435,.F.);
#4435 = EDGE_CURVE('',#4080,#4113,#4436,.T.);
#4436 = SURFACE_CURVE('',#4437,(#4440,#4447),.PCURVE_S1.);
#4437 = B_SPLINE_CURVE_WITH_KNOTS('',1,(#4438,#4439),.UNSPECIFIED.,.F.,
  .F.,(2,2),(0.,0.49),.PIECEWISE_BEZIER_KNOTS.);
#4438 = CARTESIAN_POINT('',(1.576111375761,6.1942509025E-07,
    -3.762510869695));
#4439 = CARTESIAN_POINT('',(2.000456794767,-7.432284206E-08,
    -3.517498695778));
#4440 = PCURVE('',#3509,#4441);
#4441 = DEFINITIONAL_REPRESENTATION('',(#4442),#4446);
#4442 = LINE('',#4443,#4444);
#4443 = CARTESIAN_POINT('',(0.,6.322058019692));
#4444 = VECTOR('',#4445,1.);
#4445 = DIRECTION('',(1.,0.));
#4446 = ( GEOMETRIC_REPRESENTATION_CONTEXT(2) 
PARAMETRIC_REPRESENTATION_CONTEXT() REPRESENTATION_CONTEXT('2D SPACE',''
  ) );
#4447 = PCURVE('',#4448,#4471);
#4448 = B_SPLINE_SURFACE_WITH_KNOTS('',1,10,(
    (#4449,#4450,#4451,#4452,#4453,#4454,#4455,#4456,#4457,#4458,#4459)
    ,(#4460,#4461,#4462,#4463,#4464,#4465,#4466,#4467,#4468,#4469,#4470
    )),.UNSPECIFIED.,.F.,.F.,.F.,(2,2),(11,11),(0.,0.49),(0.,
    6.322058019692),.PIECEWISE_BEZIER_KNOTS.);
#4449 = CARTESIAN_POINT('',(1.576111375761,6.194250911E-07,
    -3.762510869695));
#4450 = CARTESIAN_POINT('',(1.576112259062,-0.990350802803,
    -3.832508729512));
#4451 = CARTESIAN_POINT('',(0.884874433261,-1.980168239023,
    -3.902469918863));
#4452 = CARTESIAN_POINT('',(-0.499003839353,-2.426281793575,
    -3.972623475896));
#4453 = CARTESIAN_POINT('',(-2.079905732545,-1.801111598798,
    -4.042393880604));
#4454 = CARTESIAN_POINT('',(-2.916351290494,6.45097331061E-06,
    -4.112510093483));
#4455 = CARTESIAN_POINT('',(-2.079962004657,1.801098992324,
    -4.182626305656));
#4456 = CARTESIAN_POINT('',(-0.498952675029,2.426285678931,
    -4.252396710829));
#4457 = CARTESIAN_POINT('',(0.884854590164,1.98016819512,-4.322550267676
    ));
#4458 = CARTESIAN_POINT('',(1.576110906601,0.990351953163,-4.39251145706
    ));
#4459 = CARTESIAN_POINT('',(1.576111734324,5.3093565754E-07,
    -4.462509316878));
#4460 = CARTESIAN_POINT('',(2.000456794767,-7.432283721E-08,
    -3.517498695778));
#4461 = CARTESIAN_POINT('',(2.000458626239,-1.256918418634,
    -3.587498952545));
#4462 = CARTESIAN_POINT('',(1.123186544619,-2.513867539313,
    -3.657503608824));
#4463 = CARTESIAN_POINT('',(-0.633639919531,-3.078234446676,
    -3.727485186036));
#4464 = CARTESIAN_POINT('',(-2.639352505608,-2.287276834593,
    -3.797512731052));
#4465 = CARTESIAN_POINT('',(-3.702138170077,2.869227202735E-05,
    -3.867498789645));
#4466 = CARTESIAN_POINT('',(-2.639561198303,2.287234870845,
    -3.937484845659));
#4467 = CARTESIAN_POINT('',(-0.633438542994,3.078250642904,
    -4.007512392367));
#4468 = CARTESIAN_POINT('',(1.123116803987,2.513864839955,
    -4.077493968908));
#4469 = CARTESIAN_POINT('',(2.000456319331,1.256918280605,
    -4.147498625304));
#4470 = CARTESIAN_POINT('',(2.000458157473,-6.370617854E-08,
    -4.217498882078));
#4471 = DEFINITIONAL_REPRESENTATION('',(#4472),#4476);
#4472 = LINE('',#4473,#4474);
#4473 = CARTESIAN_POINT('',(0.,0.));
#4474 = VECTOR('',#4475,1.);
#4475 = DIRECTION('',(1.,0.));
#4476 = ( GEOMETRIC_REPRESENTATION_CONTEXT(2) 
PARAMETRIC_REPRESENTATION_CONTEXT() REPRESENTATION_CONTEXT('2D SPACE',''
  ) );
#4477 = ADVANCED_FACE('',(#4478),#4015,.T.);
#4478 = FACE_BOUND('',#4479,.T.);
#4479 = EDGE_LOOP('',(#4480,#4823,#4824,#4940));
#4480 = ORIENTED_EDGE('',*,*,#4481,.F.);
#4481 = EDGE_CURVE('',#3543,#4482,#4484,.T.);
#4482 = VERTEX_POINT('',#4483);
#4483 = CARTESIAN_POINT('',(1.955,2.553E-12,-4.85624565229));
#4484 = SURFACE_CURVE('',#4485,(#4583,#4684),.PCURVE_S1.);
#4485 = B_SPLINE_CURVE_WITH_KNOTS('',6,(#4486,#4487,#4488,#4489,#4490,
    #4491,#4492,#4493,#4494,#4495,#4496,#4497,#4498,#4499,#4500,#4501,
    #4502,#4503,#4504,#4505,#4506,#4507,#4508,#4509,#4510,#4511,#4512,
    #4513,#4514,#4515,#4516,#4517,#4518,#4519,#4520,#4521,#4522,#4523,
    #4524,#4525,#4526,#4527,#4528,#4529,#4530,#4531,#4532,#4533,#4534,
    #4535,#4536,#4537,#4538,#4539,#4540,#4541,#4542,#4543,#4544,#4545,
    #4546,#4547,#4548,#4549,#4550,#4551,#4552,#4553,#4554,#4555,#4556,
    #4557,#4558,#4559,#4560,#4561,#4562,#4563,#4564,#4565,#4566,#4567,
    #4568,#4569,#4570,#4571,#4572,#4573,#4574,#4575,#4576,#4577,#4578,
    #4579,#4580,#4581,#4582),.UNSPECIFIED.,.F.,.F.,(7,5,5,5,5,5,5,5,5,5,
    5,5,5,5,5,5,5,5,5,7),(0.,2.402070677574E-02,5.602022494765E-02,
    0.127020455562,0.228125006897,0.263668283104,0.320130995835,
    0.373134443909,0.401344722831,0.499464018064,0.598077048893,
    0.641394174591,0.702396808893,0.737682064162,0.756634848913,
    0.857633365896,0.874380201861,0.95237894835,0.972378577531,1.),
  .UNSPECIFIED.);
#4486 = CARTESIAN_POINT('',(1.955,7.08478E-12,-4.156244927703));
#4487 = CARTESIAN_POINT('',(1.955,-4.917534585403E-02,-4.159047295723));
#4488 = CARTESIAN_POINT('',(1.953515670206,-9.835075564121E-02,
    -4.161849511693));
#4489 = CARTESIAN_POINT('',(1.95054701866,-0.14747004022,-4.164651684252
    ));
#4490 = CARTESIAN_POINT('',(1.946096867569,-0.196477238986,
    -4.167453901165));
#4491 = CARTESIAN_POINT('',(1.940170853305,-0.245316619867,
    -4.17025622933));
#4492 = CARTESIAN_POINT('',(1.922928170071,-0.358697238184,
    -4.176792084686));
#4493 = CARTESIAN_POINT('',(1.91047468808,-0.423065826049,
    -4.180525741452));
#4494 = CARTESIAN_POINT('',(1.895437025976,-0.486907023779,
    -4.184259778067));
#4495 = CARTESIAN_POINT('',(1.877843811063,-0.550091632346,
    -4.187994223607));
#4496 = CARTESIAN_POINT('',(1.85773225241,-0.612492672837,
    -4.191729043228));
#4497 = CARTESIAN_POINT('',(1.785038726049,-0.810424842337,
    -4.203751531761));
#4498 = CARTESIAN_POINT('',(1.722753289947,-0.94240241652,
    -4.212040842281));
#4499 = CARTESIAN_POINT('',(1.648794546026,-1.068540648057,
    -4.220330038593));
#4500 = CARTESIAN_POINT('',(1.563866186468,-1.187570990165,
    -4.228617803029));
#4501 = CARTESIAN_POINT('',(1.468838467633,-1.298332059598,
    -4.23690373798));
#4502 = CARTESIAN_POINT('',(1.216561392948,-1.544294521057,
    -4.256981363126));
#4503 = CARTESIAN_POINT('',(1.049961366435,-1.669997075196,
    -4.268773974708));
#4504 = CARTESIAN_POINT('',(0.868026330858,-1.773889248122,
    -4.280557250016));
#4505 = CARTESIAN_POINT('',(0.674354766887,-1.853794340223,
    -4.292338560419));
#4506 = CARTESIAN_POINT('',(0.472872514043,-1.908208091495,
    -4.30412576491));
#4507 = CARTESIAN_POINT('',(0.195763954204,-1.946534392113,
    -4.32005779264));
#4508 = CARTESIAN_POINT('',(0.123240094376,-1.953284128465,
    -4.324202327355));
#4509 = CARTESIAN_POINT('',(5.045135350473E-02,-1.95678968998,
    -4.32834740674));
#4510 = CARTESIAN_POINT('',(-2.242126169989E-02,-1.957039666262,
    -4.332493062384));
#4511 = CARTESIAN_POINT('',(-9.519639483935E-02,-1.954036147013,
    -4.336639289951));
#4512 = CARTESIAN_POINT('',(-0.282856673359,-1.937879828875,
    -4.347373435046));
#4513 = CARTESIAN_POINT('',(-0.397320335008,-1.919793491584,
    -4.353962343109));
#4514 = CARTESIAN_POINT('',(-0.510352638484,-1.893598941671,
    -4.360552283575));
#4515 = CARTESIAN_POINT('',(-0.621239667177,-1.859443983136,
    -4.367143097348));
#4516 = CARTESIAN_POINT('',(-0.729289863366,-1.817559512522,
    -4.373734541414));
#4517 = CARTESIAN_POINT('',(-0.931983989037,-1.721977087063,
    -4.386513380067));
#4518 = CARTESIAN_POINT('',(-1.027047858479,-1.669158204173,
    -4.392701052352));
#4519 = CARTESIAN_POINT('',(-1.118482983685,-1.610060103965,
    -4.398888303764));
#4520 = CARTESIAN_POINT('',(-1.20577576816,-1.544998817105,
    -4.405075002173));
#4521 = CARTESIAN_POINT('',(-1.288450735466,-1.474345306742,
    -4.411261116307));
#4522 = CARTESIAN_POINT('',(-1.407387807369,-1.35816785936,
    -4.420738364044));
#4523 = CARTESIAN_POINT('',(-1.447271133261,-1.316348001473,
    -4.424030155225));
#4524 = CARTESIAN_POINT('',(-1.485658873966,-1.273127126458,
    -4.427321730097));
#4525 = CARTESIAN_POINT('',(-1.522489993454,-1.22857234289,
    -4.430613092443));
#4526 = CARTESIAN_POINT('',(-1.557707527073,-1.182754251778,
    -4.433904254706));
#4527 = CARTESIAN_POINT('',(-1.70795384106,-0.972248965191,
    -4.448641738061));
#4528 = CARTESIAN_POINT('',(-1.804516901664,-0.794325173872,
    -4.460088703253));
#4529 = CARTESIAN_POINT('',(-1.878652177499,-0.605157904357,
    -4.471531319542));
#4530 = CARTESIAN_POINT('',(-1.928868476852,-0.408287099704,
    -4.482974752814));
#4531 = CARTESIAN_POINT('',(-1.954311774809,-0.207456947056,
    -4.494423249302));
#4532 = CARTESIAN_POINT('',(-1.955669416991,0.195287254579,
    -4.517376211255));
#4533 = CARTESIAN_POINT('',(-1.931334204478,0.397296850571,
    -4.52888597418));
#4534 = CARTESIAN_POINT('',(-1.881949324351,0.595455366588,
    -4.540394289905));
#4535 = CARTESIAN_POINT('',(-1.808361071577,0.78595710515,-4.55190269621
    ));
#4536 = CARTESIAN_POINT('',(-1.712065488699,0.965201137441,
    -4.563412214225));
#4537 = CARTESIAN_POINT('',(-1.544127004329,1.202314793325,
    -4.579969804815));
#4538 = CARTESIAN_POINT('',(-1.488932408541,1.271892783362,
    -4.585022720438));
#4539 = CARTESIAN_POINT('',(-1.4299889357,1.338412198084,-4.590075013769
    ));
#4540 = CARTESIAN_POINT('',(-1.367510233487,1.401622916806,
    -4.595126728991));
#4541 = CARTESIAN_POINT('',(-1.301731728793,1.46129520026,
    -4.600177965812));
#4542 = CARTESIAN_POINT('',(-1.135988791482,1.595979658207,
    -4.612341630007));
#4543 = CARTESIAN_POINT('',(-1.033027147167,1.667311259872,
    -4.619453923378));
#4544 = CARTESIAN_POINT('',(-0.92474399918,1.730631685507,
    -4.626565373542));
#4545 = CARTESIAN_POINT('',(-0.81192162928,1.785456501667,
    -4.633676771151));
#4546 = CARTESIAN_POINT('',(-0.695397564017,1.831404804396,
    -4.640788969536));
#4547 = CARTESIAN_POINT('',(-0.507027602712,1.889488317598,
    -4.652016199061));
#4548 = CARTESIAN_POINT('',(-0.437054307627,1.907712692017,
    -4.656130814977));
#4549 = CARTESIAN_POINT('',(-0.366307510752,1.922823897021,
    -4.660245856075));
#4550 = CARTESIAN_POINT('',(-0.294960191672,1.934782317303,
    -4.664361389425));
#4551 = CARTESIAN_POINT('',(-0.223187780473,1.94356122599,
    -4.668477456562));
#4552 = CARTESIAN_POINT('',(-0.112484225965,1.95214695823,
    -4.674805233751));
#4553 = CARTESIAN_POINT('',(-7.372879952396E-02,1.954225839916,
    -4.677016556444));
#4554 = CARTESIAN_POINT('',(-3.492938116371E-02,1.955381299614,
    -4.679228041469));
#4555 = CARTESIAN_POINT('',(3.886528588228E-03,1.955612299851,
    -4.681439687078));
#4556 = CARTESIAN_POINT('',(4.269143142011E-02,1.954918895768,
    -4.683651489869));
#4557 = CARTESIAN_POINT('',(0.288042190288,1.944687125,-4.697650850653)
  );
#4558 = CARTESIAN_POINT('',(0.493587147309,1.909851093291,
    -4.709445548395));
#4559 = CARTESIAN_POINT('',(0.693809889923,1.848949096246,
    -4.721240150688));
#4560 = CARTESIAN_POINT('',(0.884672346281,1.763098503069,-4.7330344947)
  );
#4561 = CARTESIAN_POINT('',(1.062396341985,1.654113543335,
    -4.744827826765));
#4562 = CARTESIAN_POINT('',(1.250391464397,1.503237046952,
    -4.758567475637));
#4563 = CARTESIAN_POINT('',(1.276678291835,1.481215296244,
    -4.760521521778));
#4564 = CARTESIAN_POINT('',(1.302498715216,1.458642745176,
    -4.762475431508));
#4565 = CARTESIAN_POINT('',(1.327838355912,1.435531787391,
    -4.764429205049));
#4566 = CARTESIAN_POINT('',(1.352683278553,1.411895314233,
    -4.766382845133));
#4567 = CARTESIAN_POINT('',(1.490368749591,1.275274096488,
    -4.777434880241));
#4568 = CARTESIAN_POINT('',(1.592703884177,1.151681503938,
    -4.786531469732));
#4569 = CARTESIAN_POINT('',(1.68263677588,1.018339657758,-4.79562482416)
  );
#4570 = CARTESIAN_POINT('',(1.759052089115,0.876818311367,
    -4.804717786627));
#4571 = CARTESIAN_POINT('',(1.821077724845,0.728833294504,
    -4.813813836934));
#4572 = CARTESIAN_POINT('',(1.880212098008,0.537125490869,
    -4.825243943517));
#4573 = CARTESIAN_POINT('',(1.891297086186,0.497698215307,
    -4.827576760624));
#4574 = CARTESIAN_POINT('',(1.901389308859,0.457998555388,
    -4.829909728077));
#4575 = CARTESIAN_POINT('',(1.910480542272,0.418057755571,
    -4.832242839013));
#4576 = CARTESIAN_POINT('',(1.918563876903,0.377907378199,
    -4.834576076239));
#4577 = CARTESIAN_POINT('',(1.935397851154,0.281882331402,
    -4.840131974956));
#4578 = CARTESIAN_POINT('',(1.943228843504,0.225846257917,
    -4.843354731993));
#4579 = CARTESIAN_POINT('',(1.949111942711,0.169555192959,
    -4.846577599758));
#4580 = CARTESIAN_POINT('',(1.953037306074,0.113093703216,
    -4.849800469379));
#4581 = CARTESIAN_POINT('',(1.955,5.654681215186E-02,-4.853023206702));
#4582 = CARTESIAN_POINT('',(1.955,5.08837E-12,-4.85624565229));
#4583 = PCURVE('',#4015,#4584);
#4584 = DEFINITIONAL_REPRESENTATION('',(#4585),#4683);
#4585 = B_SPLINE_CURVE_WITH_KNOTS('',6,(#4586,#4587,#4588,#4589,#4590,
    #4591,#4592,#4593,#4594,#4595,#4596,#4597,#4598,#4599,#4600,#4601,
    #4602,#4603,#4604,#4605,#4606,#4607,#4608,#4609,#4610,#4611,#4612,
    #4613,#4614,#4615,#4616,#4617,#4618,#4619,#4620,#4621,#4622,#4623,
    #4624,#4625,#4626,#4627,#4628,#4629,#4630,#4631,#4632,#4633,#4634,
    #4635,#4636,#4637,#4638,#4639,#4640,#4641,#4642,#4643,#4644,#4645,
    #4646,#4647,#4648,#4649,#4650,#4651,#4652,#4653,#4654,#4655,#4656,
    #4657,#4658,#4659,#4660,#4661,#4662,#4663,#4664,#4665,#4666,#4667,
    #4668,#4669,#4670,#4671,#4672,#4673,#4674,#4675,#4676,#4677,#4678,
    #4679,#4680,#4681,#4682),.UNSPECIFIED.,.F.,.F.,(7,5,5,5,5,5,5,5,5,5,
    5,5,5,5,5,5,5,5,5,7),(0.,2.402070677574E-02,5.602022494765E-02,
    0.127020455562,0.228125006897,0.263668283104,0.320130995835,
    0.373134443909,0.401344722831,0.499464018064,0.598077048893,
    0.641394174591,0.702396808893,0.737682064162,0.756634848913,
    0.857633365896,0.874380201861,0.95237894835,0.972378577531,1.),
  .UNSPECIFIED.);
#4586 = CARTESIAN_POINT('',(5.251014484663E-02,0.));
#4587 = CARTESIAN_POINT('',(5.251006488333E-02,2.530925780074E-02));
#4588 = CARTESIAN_POINT('',(5.251029855077E-02,5.061855857684E-02));
#4589 = CARTESIAN_POINT('',(5.25106507888E-02,7.592800268659E-02));
#4590 = CARTESIAN_POINT('',(5.251095789276E-02,0.101237643586));
#4591 = CARTESIAN_POINT('',(5.251108751347E-02,0.12654748783));
#4592 = CARTESIAN_POINT('',(5.251074035634E-02,0.185574572765));
#4593 = CARTESIAN_POINT('',(5.251004865207E-02,0.219292013196));
#4594 = CARTESIAN_POINT('',(5.250865813253E-02,0.253009728678));
#4595 = CARTESIAN_POINT('',(5.250648684629E-02,0.286727611732));
#4596 = CARTESIAN_POINT('',(5.250357630235E-02,0.320445535089));
#4597 = CARTESIAN_POINT('',(5.249235935721E-02,0.428976126714));
#4598 = CARTESIAN_POINT('',(5.248177075289E-02,0.503793315585));
#4599 = CARTESIAN_POINT('',(5.246984484084E-02,0.57860343406));
#4600 = CARTESIAN_POINT('',(5.246029420474E-02,0.653411346724));
#4601 = CARTESIAN_POINT('',(5.245528089226E-02,0.728223225458));
#4602 = CARTESIAN_POINT('',(5.245511959368E-02,0.909553799778));
#4603 = CARTESIAN_POINT('',(5.246501051143E-02,1.016103570635));
#4604 = CARTESIAN_POINT('',(5.248650201724E-02,1.122621403765));
#4605 = CARTESIAN_POINT('',(5.251262455673E-02,1.229142400593));
#4606 = CARTESIAN_POINT('',(5.25346140361E-02,1.335697966755));
#4607 = CARTESIAN_POINT('',(5.255444939946E-02,1.479677824471));
#4608 = CARTESIAN_POINT('',(5.255870008655E-02,1.517128431239));
#4609 = CARTESIAN_POINT('',(5.256188918869E-02,1.55457916362));
#4610 = CARTESIAN_POINT('',(5.256393457618E-02,1.59202993605));
#4611 = CARTESIAN_POINT('',(5.256482491291E-02,1.629480658185));
#4612 = CARTESIAN_POINT('',(5.256429359345E-02,1.726423813551));
#4613 = CARTESIAN_POINT('',(5.256120333918E-02,1.785917658264));
#4614 = CARTESIAN_POINT('',(5.255556623671E-02,1.845409326803));
#4615 = CARTESIAN_POINT('',(5.254804603824E-02,1.904900379425));
#4616 = CARTESIAN_POINT('',(5.253950065591E-02,1.9643924952));
#4617 = CARTESIAN_POINT('',(5.25224965211E-02,2.07972794022));
#4618 = CARTESIAN_POINT('',(5.251406038594E-02,2.135573879651));
#4619 = CARTESIAN_POINT('',(5.250609276024E-02,2.191418133429));
#4620 = CARTESIAN_POINT('',(5.249917484409E-02,2.247262132704));
#4621 = CARTESIAN_POINT('',(5.249369627973E-02,2.303107354524));
#4622 = CARTESIAN_POINT('',(5.248765524005E-02,2.388673947252));
#4623 = CARTESIAN_POINT('',(5.248599318215E-02,2.418396291858));
#4624 = CARTESIAN_POINT('',(5.248478308073E-02,2.448118723698));
#4625 = CARTESIAN_POINT('',(5.248402206714E-02,2.477841264005));
#4626 = CARTESIAN_POINT('',(5.248368879623E-02,2.507563928765));
#4627 = CARTESIAN_POINT('',(5.248393352713E-02,2.640666783576));
#4628 = CARTESIAN_POINT('',(5.248880862952E-02,2.74407219474));
#4629 = CARTESIAN_POINT('',(5.249687406316E-02,2.847452735045));
#4630 = CARTESIAN_POINT('',(5.250393414092E-02,2.95083611399));
#4631 = CARTESIAN_POINT('',(5.250726647389E-02,3.054248388498));
#4632 = CARTESIAN_POINT('',(5.250673288467E-02,3.261545917935));
#4633 = CARTESIAN_POINT('',(5.250283098844E-02,3.365478854472));
#4634 = CARTESIAN_POINT('',(5.249523772022E-02,3.469382052177));
#4635 = CARTESIAN_POINT('',(5.248681519731E-02,3.573282323626));
#4636 = CARTESIAN_POINT('',(5.248185750581E-02,3.677208280883));
#4637 = CARTESIAN_POINT('',(5.248180926273E-02,3.82674813208));
#4638 = CARTESIAN_POINT('',(5.248274671167E-02,3.872387830459));
#4639 = CARTESIAN_POINT('',(5.248477369128E-02,3.918026828388));
#4640 = CARTESIAN_POINT('',(5.248792844703E-02,3.963665697619));
#4641 = CARTESIAN_POINT('',(5.249214066579E-02,4.009305021199));
#4642 = CARTESIAN_POINT('',(5.250437801207E-02,4.119216551814));
#4643 = CARTESIAN_POINT('',(5.251325491527E-02,4.18349139486));
#4644 = CARTESIAN_POINT('',(5.252336444393E-02,4.247764188565));
#4645 = CARTESIAN_POINT('',(5.253372961422E-02,4.312037662133));
#4646 = CARTESIAN_POINT('',(5.254321580474E-02,4.376314398971));
#4647 = CARTESIAN_POINT('',(5.25552844223E-02,4.477767747968));
#4648 = CARTESIAN_POINT('',(5.255909713002E-02,4.514946165409));
#4649 = CARTESIAN_POINT('',(5.256210391578E-02,4.552124783701));
#4650 = CARTESIAN_POINT('',(5.256415646703E-02,4.589303538853));
#4651 = CARTESIAN_POINT('',(5.256515417346E-02,4.626482351657));
#4652 = CARTESIAN_POINT('',(5.256498501769E-02,4.683630980084));
#4653 = CARTESIAN_POINT('',(5.256460750434E-02,4.703600861648));
#4654 = CARTESIAN_POINT('',(5.25639049695E-02,4.72357074165));
#4655 = CARTESIAN_POINT('',(5.256287656796E-02,4.743540600488));
#4656 = CARTESIAN_POINT('',(5.256152722672E-02,4.763510429681));
#4657 = CARTESIAN_POINT('',(5.25510238108E-02,4.889898387954));
#4658 = CARTESIAN_POINT('',(5.253340242469E-02,4.996342764808));
#4659 = CARTESIAN_POINT('',(5.250841032861E-02,5.102752996389));
#4660 = CARTESIAN_POINT('',(5.248313355643E-02,5.209159611222));
#4661 = CARTESIAN_POINT('',(5.246666583224E-02,5.315596865211));
#4662 = CARTESIAN_POINT('',(5.24590834341E-02,5.43965242379));
#4663 = CARTESIAN_POINT('',(5.245828001394E-02,5.457296786167));
#4664 = CARTESIAN_POINT('',(5.245775845888E-02,5.474941189303));
#4665 = CARTESIAN_POINT('',(5.245752039048E-02,5.492585642544));
#4666 = CARTESIAN_POINT('',(5.24575622056E-02,5.510230154267));
#4667 = CARTESIAN_POINT('',(5.245933227872E-02,5.610054729306));
#4668 = CARTESIAN_POINT('',(5.246665947266E-02,5.692243767793));
#4669 = CARTESIAN_POINT('',(5.247901681647E-02,5.774426301885));
#4670 = CARTESIAN_POINT('',(5.249283222043E-02,5.856611879527));
#4671 = CARTESIAN_POINT('',(5.250272072585E-02,5.938807613567));
#4672 = CARTESIAN_POINT('',(5.250941057352E-02,6.042068960184));
#4673 = CARTESIAN_POINT('',(5.251047547038E-02,6.063142633178));
#4674 = CARTESIAN_POINT('',(5.251122548083E-02,6.084216242155));
#4675 = CARTESIAN_POINT('',(5.251166786127E-02,6.105289757892));
#4676 = CARTESIAN_POINT('',(5.25118316354E-02,6.126363156176));
#4677 = CARTESIAN_POINT('',(5.251167914716E-02,6.176540630553));
#4678 = CARTESIAN_POINT('',(5.251115177101E-02,6.205644616284));
#4679 = CARTESIAN_POINT('',(5.251033664904E-02,6.234748302718));
#4680 = CARTESIAN_POINT('',(5.250945289548E-02,6.263851695989));
#4681 = CARTESIAN_POINT('',(5.250878755545E-02,6.292954880654));
#4682 = CARTESIAN_POINT('',(5.250869560502E-02,6.322058019692));
#4683 = ( GEOMETRIC_REPRESENTATION_CONTEXT(2) 
PARAMETRIC_REPRESENTATION_CONTEXT() REPRESENTATION_CONTEXT('2D SPACE',''
  ) );
#4684 = PCURVE('',#238,#4685);
#4685 = DEFINITIONAL_REPRESENTATION('',(#4686),#4822);
#4686 = B_SPLINE_CURVE_WITH_KNOTS('',3,(#4687,#4688,#4689,#4690,#4691,
    #4692,#4693,#4694,#4695,#4696,#4697,#4698,#4699,#4700,#4701,#4702,
    #4703,#4704,#4705,#4706,#4707,#4708,#4709,#4710,#4711,#4712,#4713,
    #4714,#4715,#4716,#4717,#4718,#4719,#4720,#4721,#4722,#4723,#4724,
    #4725,#4726,#4727,#4728,#4729,#4730,#4731,#4732,#4733,#4734,#4735,
    #4736,#4737,#4738,#4739,#4740,#4741,#4742,#4743,#4744,#4745,#4746,
    #4747,#4748,#4749,#4750,#4751,#4752,#4753,#4754,#4755,#4756,#4757,
    #4758,#4759,#4760,#4761,#4762,#4763,#4764,#4765,#4766,#4767,#4768,
    #4769,#4770,#4771,#4772,#4773,#4774,#4775,#4776,#4777,#4778,#4779,
    #4780,#4781,#4782,#4783,#4784,#4785,#4786,#4787,#4788,#4789,#4790,
    #4791,#4792,#4793,#4794,#4795,#4796,#4797,#4798,#4799,#4800,#4801,
    #4802,#4803,#4804,#4805,#4806,#4807,#4808,#4809,#4810,#4811,#4812,
    #4813,#4814,#4815,#4816,#4817,#4818,#4819,#4820,#4821),
  .UNSPECIFIED.,.F.,.F.,(4,1,1,1,1,1,1,1,1,1,1,1,1,1,1,1,1,1,1,1,1,1,1,1
    ,1,1,1,1,1,1,1,1,1,1,1,1,1,1,1,1,1,1,1,1,1,1,1,1,1,1,1,1,1,1,1,1,1,1
    ,1,1,1,1,1,1,1,1,1,1,1,1,1,1,1,1,1,1,1,1,1,1,1,1,1,1,1,1,1,1,1,1,1,1
    ,1,1,1,1,1,1,1,1,1,1,1,1,1,1,1,1,1,1,1,1,1,1,1,1,1,1,1,1,1,1,1,1,1,1
    ,1,1,1,1,1,1,4),(0.,7.575757575758E-03,1.515151515152E-02,
    2.272727272727E-02,3.030303030303E-02,3.787878787879E-02,
    4.545454545455E-02,5.30303030303E-02,6.060606060606E-02,
    6.818181818182E-02,7.575757575758E-02,8.333333333333E-02,
    9.090909090909E-02,9.848484848485E-02,0.106060606061,0.113636363636,
    0.121212121212,0.128787878788,0.136363636364,0.143939393939,
    0.151515151515,0.159090909091,0.166666666667,0.174242424242,
    0.181818181818,0.189393939394,0.19696969697,0.204545454545,
    0.212121212121,0.219696969697,0.227272727273,0.234848484848,
    0.242424242424,0.25,0.257575757576,0.265151515152,0.272727272727,
    0.280303030303,0.287878787879,0.295454545455,0.30303030303,
    0.310606060606,0.318181818182,0.325757575758,0.333333333333,
    0.340909090909,0.348484848485,0.356060606061,0.363636363636,
    0.371212121212,0.378787878788,0.386363636364,0.393939393939,
    0.401515151515,0.409090909091,0.416666666667,0.424242424242,
    0.431818181818,0.439393939394,0.44696969697,0.454545454545,
    0.462121212121,0.469696969697,0.477272727273,0.484848484848,
    0.492424242424,0.5,0.507575757576,0.515151515152,0.522727272727,
    0.530303030303,0.537878787879,0.545454545455,0.55303030303,
    0.560606060606,0.568181818182,0.575757575758,0.583333333333,
    0.590909090909,0.598484848485,0.606060606061,0.613636363636,
    0.621212121212,0.628787878788,0.636363636364,0.643939393939,
    0.651515151515,0.659090909091,0.666666666667,0.674242424242,
    0.681818181818,0.689393939394,0.69696969697,0.704545454545,
    0.712121212121,0.719696969697,0.727272727273,0.734848484848,
    0.742424242424,0.75,0.757575757576,0.765151515152,0.772727272727,
    0.780303030303,0.787878787879,0.795454545455,0.80303030303,
    0.810606060606,0.818181818182,0.825757575758,0.833333333333,
    0.840909090909,0.848484848485,0.856060606061,0.863636363636,
    0.871212121212,0.878787878788,0.886363636364,0.893939393939,
    0.901515151515,0.909090909091,0.916666666667,0.924242424242,
    0.931818181818,0.939393939394,0.94696969697,0.954545454545,
    0.962121212121,0.969696969697,0.977272727273,0.984848484848,
    0.992424242424,1.),.UNSPECIFIED.);
#4687 = CARTESIAN_POINT('',(-6.28318530718,3.456244927703));
#4688 = CARTESIAN_POINT('',(-6.267319169362,3.458012568144));
#4689 = CARTESIAN_POINT('',(-6.235586907036,3.461547721251));
#4690 = CARTESIAN_POINT('',(-6.187988587978,3.466850358284));
#4691 = CARTESIAN_POINT('',(-6.140390392692,3.472153220428));
#4692 = CARTESIAN_POINT('',(-6.092792318562,3.47745653079));
#4693 = CARTESIAN_POINT('',(-6.045194365632,3.482760430677));
#4694 = CARTESIAN_POINT('',(-5.997596546766,3.488064968482));
#4695 = CARTESIAN_POINT('',(-5.949998734396,3.493370122515));
#4696 = CARTESIAN_POINT('',(-5.902400916954,3.498675809339));
#4697 = CARTESIAN_POINT('',(-5.854801951509,3.503982012444));
#4698 = CARTESIAN_POINT('',(-5.807203002812,3.509288425829));
#4699 = CARTESIAN_POINT('',(-5.759604200833,3.514594837536));
#4700 = CARTESIAN_POINT('',(-5.712005508586,3.519901051178));
#4701 = CARTESIAN_POINT('',(-5.664406704109,3.525206900634));
#4702 = CARTESIAN_POINT('',(-5.616807538657,3.530512242545));
#4703 = CARTESIAN_POINT('',(-5.569208028976,3.535816931753));
#4704 = CARTESIAN_POINT('',(-5.521608031699,3.541120874387));
#4705 = CARTESIAN_POINT('',(-5.474009591665,3.546423774718));
#4706 = CARTESIAN_POINT('',(-5.426407981026,3.55172612736));
#4707 = CARTESIAN_POINT('',(-5.378804562419,3.557027797981));
#4708 = CARTESIAN_POINT('',(-5.331201040443,3.562328646185));
#4709 = CARTESIAN_POINT('',(-5.283598064127,3.567628681263));
#4710 = CARTESIAN_POINT('',(-5.235995850105,3.572927990405));
#4711 = CARTESIAN_POINT('',(-5.188394234287,3.578226727982));
#4712 = CARTESIAN_POINT('',(-5.140792854397,3.583525088523));
#4713 = CARTESIAN_POINT('',(-5.093191281838,3.588823284283));
#4714 = CARTESIAN_POINT('',(-5.045589166123,3.594121521186));
#4715 = CARTESIAN_POINT('',(-4.997986362093,3.599419977104));
#4716 = CARTESIAN_POINT('',(-4.950383138119,3.604718772863));
#4717 = CARTESIAN_POINT('',(-4.902780143541,3.610017970437));
#4718 = CARTESIAN_POINT('',(-4.855179362965,3.615317470098));
#4719 = CARTESIAN_POINT('',(-4.807581503372,3.620617284985));
#4720 = CARTESIAN_POINT('',(-4.759982971647,3.625917894567));
#4721 = CARTESIAN_POINT('',(-4.712384769266,3.631219234002));
#4722 = CARTESIAN_POINT('',(-4.664786438858,3.636521350979));
#4723 = CARTESIAN_POINT('',(-4.617188281794,3.64182420791));
#4724 = CARTESIAN_POINT('',(-4.569589705554,3.647127846168));
#4725 = CARTESIAN_POINT('',(-4.521991052792,3.652432161591));
#4726 = CARTESIAN_POINT('',(-4.474392532301,3.657737055855));
#4727 = CARTESIAN_POINT('',(-4.426794051017,3.663042445457));
#4728 = CARTESIAN_POINT('',(-4.379195457059,3.668348242256));
#4729 = CARTESIAN_POINT('',(-4.331596651749,3.673654344425));
#4730 = CARTESIAN_POINT('',(-4.283997827524,3.678960614232));
#4731 = CARTESIAN_POINT('',(-4.236399322561,3.684266898064));
#4732 = CARTESIAN_POINT('',(-4.188800351597,3.689573172266));
#4733 = CARTESIAN_POINT('',(-4.141201494418,3.694879269237));
#4734 = CARTESIAN_POINT('',(-4.093602662684,3.700185108506));
#4735 = CARTESIAN_POINT('',(-4.046003761558,3.705490624048));
#4736 = CARTESIAN_POINT('',(-3.998404701538,3.710795764826));
#4737 = CARTESIAN_POINT('',(-3.950805617462,3.716100473995));
#4738 = CARTESIAN_POINT('',(-3.903206903301,3.721404680243));
#4739 = CARTESIAN_POINT('',(-3.855608166551,3.726708428604));
#4740 = CARTESIAN_POINT('',(-3.808009332335,3.732011738101));
#4741 = CARTESIAN_POINT('',(-3.760411090155,3.737314554002));
#4742 = CARTESIAN_POINT('',(-3.712810741406,3.742617227435));
#4743 = CARTESIAN_POINT('',(-3.665208233372,3.747919822307));
#4744 = CARTESIAN_POINT('',(-3.617605692868,3.753222172153));
#4745 = CARTESIAN_POINT('',(-3.57000368609,3.758524285237));
#4746 = CARTESIAN_POINT('',(-3.52240247233,3.76382620946));
#4747 = CARTESIAN_POINT('',(-3.474801889098,3.769128042358));
#4748 = CARTESIAN_POINT('',(-3.427201582335,3.774429902437));
#4749 = CARTESIAN_POINT('',(-3.379601124996,3.77973191167));
#4750 = CARTESIAN_POINT('',(-3.332000176555,3.785034173499));
#4751 = CARTESIAN_POINT('',(-3.28439857167,3.790336759251));
#4752 = CARTESIAN_POINT('',(-3.236796674765,3.795639666928));
#4753 = CARTESIAN_POINT('',(-3.18919480674,3.800942883611));
#4754 = CARTESIAN_POINT('',(-3.141596221136,3.806246062619));
#4755 = CARTESIAN_POINT('',(-3.093996819741,3.811549653675));
#4756 = CARTESIAN_POINT('',(-3.046394901654,3.816853830669));
#4757 = CARTESIAN_POINT('',(-2.998792978488,3.822158280741));
#4758 = CARTESIAN_POINT('',(-2.951191465708,3.827462904243));
#4759 = CARTESIAN_POINT('',(-2.903590624284,3.832767608152));
#4760 = CARTESIAN_POINT('',(-2.855990261375,3.838072342606));
#4761 = CARTESIAN_POINT('',(-2.808390009333,3.843377072429));
#4762 = CARTESIAN_POINT('',(-2.760789432698,3.848681766532));
#4763 = CARTESIAN_POINT('',(-2.713188184516,3.853986381738));
#4764 = CARTESIAN_POINT('',(-2.66558611871,3.859290851991));
#4765 = CARTESIAN_POINT('',(-2.617983552573,3.864595062536));
#4766 = CARTESIAN_POINT('',(-2.570381037931,3.869898879766));
#4767 = CARTESIAN_POINT('',(-2.522781051737,3.875201974359));
#4768 = CARTESIAN_POINT('',(-2.475182598295,3.880504421053));
#4769 = CARTESIAN_POINT('',(-2.427583579295,3.885806420522));
#4770 = CARTESIAN_POINT('',(-2.379984700751,3.891107886755));
#4771 = CARTESIAN_POINT('',(-2.332385736775,3.89640885401));
#4772 = CARTESIAN_POINT('',(-2.284786630972,3.901709356905));
#4773 = CARTESIAN_POINT('',(-2.237187762003,3.907009400568));
#4774 = CARTESIAN_POINT('',(-2.189588271433,3.912309146604));
#4775 = CARTESIAN_POINT('',(-2.14198878731,3.917608605173));
#4776 = CARTESIAN_POINT('',(-2.094389516822,3.92290784976));
#4777 = CARTESIAN_POINT('',(-2.046790412687,3.928206993179));
#4778 = CARTESIAN_POINT('',(-1.999191310521,3.933506168803));
#4779 = CARTESIAN_POINT('',(-1.951592119809,3.938805505974));
#4780 = CARTESIAN_POINT('',(-1.903992844859,3.9441051235));
#4781 = CARTESIAN_POINT('',(-1.856394224653,3.949405056604));
#4782 = CARTESIAN_POINT('',(-1.808795721059,3.954705462361));
#4783 = CARTESIAN_POINT('',(-1.761197339089,3.960006459987));
#4784 = CARTESIAN_POINT('',(-1.713599046264,3.965308117703));
#4785 = CARTESIAN_POINT('',(-1.666000702611,3.970610494251));
#4786 = CARTESIAN_POINT('',(-1.618402563271,3.975913620085));
#4787 = CARTESIAN_POINT('',(-1.570804208498,3.981217547868));
#4788 = CARTESIAN_POINT('',(-1.523206623167,3.98652215295));
#4789 = CARTESIAN_POINT('',(-1.475606052742,3.991827805539));
#4790 = CARTESIAN_POINT('',(-1.428003419675,3.997134346622));
#4791 = CARTESIAN_POINT('',(-1.380400610964,4.002441474518));
#4792 = CARTESIAN_POINT('',(-1.332798265644,4.007748998475));
#4793 = CARTESIAN_POINT('',(-1.285196621668,4.013056754684));
#4794 = CARTESIAN_POINT('',(-1.23759551207,4.018364613125));
#4795 = CARTESIAN_POINT('',(-1.189994565522,4.023672460435));
#4796 = CARTESIAN_POINT('',(-1.142393335991,4.028980189638));
#4797 = CARTESIAN_POINT('',(-1.094791446581,4.034287688183));
#4798 = CARTESIAN_POINT('',(-1.047188724039,4.039594827662));
#4799 = CARTESIAN_POINT('',(-0.999585375371,4.044901450268));
#4800 = CARTESIAN_POINT('',(-0.951982066055,4.050207368404));
#4801 = CARTESIAN_POINT('',(-0.904380449968,4.055512316716));
#4802 = CARTESIAN_POINT('',(-0.85678212674,4.060816083055));
#4803 = CARTESIAN_POINT('',(-0.809183108925,4.066119092838));
#4804 = CARTESIAN_POINT('',(-0.761584265634,4.07142127737));
#4805 = CARTESIAN_POINT('',(-0.713983870425,4.076722895812));
#4806 = CARTESIAN_POINT('',(-0.666383558138,4.082023869851));
#4807 = CARTESIAN_POINT('',(-0.618783620625,4.087324302348));
#4808 = CARTESIAN_POINT('',(-0.571184154583,4.092624345204));
#4809 = CARTESIAN_POINT('',(-0.523584960768,4.097924202146));
#4810 = CARTESIAN_POINT('',(-0.475985768409,4.103224092933));
#4811 = CARTESIAN_POINT('',(-0.428386344395,4.108524228542));
#4812 = CARTESIAN_POINT('',(-0.380786716246,4.113824772663));
#4813 = CARTESIAN_POINT('',(-0.333187075189,4.119125838597));
#4814 = CARTESIAN_POINT('',(-0.285588906069,4.124427349836));
#4815 = CARTESIAN_POINT('',(-0.237991046395,4.129729466085));
#4816 = CARTESIAN_POINT('',(-0.190393052628,4.135032196058));
#4817 = CARTESIAN_POINT('',(-0.142794974309,4.140335415992));
#4818 = CARTESIAN_POINT('',(-9.519676403522E-02,4.145638937937));
#4819 = CARTESIAN_POINT('',(-4.759844403074E-02,4.150942494266));
#4820 = CARTESIAN_POINT('',(-1.586615906226E-02,4.154478000687));
#4821 = CARTESIAN_POINT('',(0.,4.15624565229));
#4822 = ( GEOMETRIC_REPRESENTATION_CONTEXT(2) 
PARAMETRIC_REPRESENTATION_CONTEXT() REPRESENTATION_CONTEXT('2D SPACE',''
  ) );
#4823 = ORIENTED_EDGE('',*,*,#4002,.T.);
#4824 = ORIENTED_EDGE('',*,*,#4825,.T.);
#4825 = EDGE_CURVE('',#3887,#4826,#4828,.T.);
#4826 = VERTEX_POINT('',#4827);
#4827 = CARTESIAN_POINT('',(1.576116037594,5.30932557E-07,
    -4.637509316826));
#4828 = SURFACE_CURVE('',#4829,(#4841,#4848),.PCURVE_S1.);
#4829 = B_SPLINE_CURVE_WITH_KNOTS('',10,(#4830,#4831,#4832,#4833,#4834,
    #4835,#4836,#4837,#4838,#4839,#4840),.UNSPECIFIED.,.F.,.F.,(11,11),(
    0.,6.322058019692),.PIECEWISE_BEZIER_KNOTS.);
#4830 = CARTESIAN_POINT('',(1.576116396241,6.1942092731E-07,
    -3.937510869623));
#4831 = CARTESIAN_POINT('',(1.576116291038,-0.990353731318,
    -4.007508729468));
#4832 = CARTESIAN_POINT('',(0.88485865267,-1.980173412288,
    -4.077469919327));
#4833 = CARTESIAN_POINT('',(-0.498952379823,-2.426293206641,
    -4.147623474295));
#4834 = CARTESIAN_POINT('',(-2.079966840027,-1.801105848711,
    -4.217393882272));
#4835 = CARTESIAN_POINT('',(-2.916359923169,-8.58289794741E-06,
    -4.287510093043));
#4836 = CARTESIAN_POINT('',(-2.079913191044,1.801115424137,
    -4.357626304465));
#4837 = CARTESIAN_POINT('',(-0.499007091139,2.426288590736,
    -4.427396712017));
#4838 = CARTESIAN_POINT('',(0.884875606412,1.980174748296,
    -4.497550267152));
#4839 = CARTESIAN_POINT('',(1.576116198375,0.990354881671,
    -4.567511456983));
#4840 = CARTESIAN_POINT('',(1.576116037594,5.3093254536E-07,
    -4.637509316826));
#4841 = PCURVE('',#4015,#4842);
#4842 = DEFINITIONAL_REPRESENTATION('',(#4843),#4847);
#4843 = LINE('',#4844,#4845);
#4844 = CARTESIAN_POINT('',(0.49,0.));
#4845 = VECTOR('',#4846,1.);
#4846 = DIRECTION('',(0.,1.));
#4847 = ( GEOMETRIC_REPRESENTATION_CONTEXT(2) 
PARAMETRIC_REPRESENTATION_CONTEXT() REPRESENTATION_CONTEXT('2D SPACE',''
  ) );
#4848 = PCURVE('',#4849,#4934);
#4849 = ( BOUNDED_SURFACE() B_SPLINE_SURFACE(6,11,(
    (#4850,#4851,#4852,#4853,#4854,#4855,#4856,#4857,#4858,#4859,#4860
      ,#4861)
    ,(#4862,#4863,#4864,#4865,#4866,#4867,#4868,#4869,#4870,#4871,#4872
      ,#4873)
    ,(#4874,#4875,#4876,#4877,#4878,#4879,#4880,#4881,#4882,#4883,#4884
      ,#4885)
    ,(#4886,#4887,#4888,#4889,#4890,#4891,#4892,#4893,#4894,#4895,#4896
      ,#4897)
    ,(#4898,#4899,#4900,#4901,#4902,#4903,#4904,#4905,#4906,#4907,#4908
      ,#4909)
    ,(#4910,#4911,#4912,#4913,#4914,#4915,#4916,#4917,#4918,#4919,#4920
      ,#4921)
    ,(#4922,#4923,#4924,#4925,#4926,#4927,#4928,#4929,#4930,#4931,#4932
,#4933
    )),.UNSPECIFIED.,.F.,.F.,.F.) B_SPLINE_SURFACE_WITH_KNOTS((7,7),(12,
    12),(0.,2.094395102393),(0.,6.322058019692),
.PIECEWISE_BEZIER_KNOTS.) GEOMETRIC_REPRESENTATION_ITEM() 
RATIONAL_B_SPLINE_SURFACE((
    (1.056590953773,1.056590953773,1.056590953773,1.056590953774
      ,1.056590953771,1.056590953775,1.056590953771,1.056590953775
      ,1.056590953772,1.056590953773,1.056590953773,1.056590953773)
    ,(1.017435169568,1.017435169568,1.017435169568,1.017435169569
      ,1.017435169567,1.01743516957,1.017435169567,1.017435169569
      ,1.017435169568,1.017435169568,1.017435169568,1.017435169568)
    ,(0.996326512422,0.996326512422,0.996326512422,0.996326512423
      ,0.99632651242,0.996326512425,0.99632651242,0.996326512424
      ,0.996326512421,0.996326512422,0.996326512422,0.996326512422)
    ,(0.989390034249,0.989390034249,0.989390034248,0.98939003425
      ,0.989390034247,0.989390034251,0.989390034247,0.98939003425
      ,0.989390034248,0.989390034249,0.989390034249,0.989390034249)
    ,(0.996326512422,0.996326512422,0.996326512422,0.996326512423
      ,0.99632651242,0.996326512424,0.99632651242,0.996326512424
      ,0.996326512421,0.996326512422,0.996326512422,0.996326512422)
    ,(1.017435169568,1.017435169568,1.017435169568,1.017435169569
      ,1.017435169567,1.01743516957,1.017435169567,1.017435169569
      ,1.017435169568,1.017435169568,1.017435169568,1.017435169568)
    ,(1.056590953773,1.056590953773,1.056590953773,1.056590953774
      ,1.056590953771,1.056590953775,1.056590953771,1.056590953775
      ,1.056590953772,1.056590953773,1.056590953773,1.056590953773
))) REPRESENTATION_ITEM('') SURFACE() );
#4850 = CARTESIAN_POINT('',(1.576116396241,6.1942092844E-07,
    -3.937510869623));
#4851 = CARTESIAN_POINT('',(1.576116300602,-0.900321517615,
    -4.001145287664));
#4852 = CARTESIAN_POINT('',(1.010541859648,-1.800206197566,
    -4.064749702989));
#4853 = CARTESIAN_POINT('',(-0.121528758077,-2.307157731923,
    -4.128588013648));
#4854 = CARTESIAN_POINT('',(-1.505133470056,-2.018493434293,
    -4.191640468473));
#4855 = CARTESIAN_POINT('',(-2.536036643306,-0.836462857998,
    -4.256321867349));
#4856 = CARTESIAN_POINT('',(-2.536301468819,0.836457847306,
    -4.318698319032));
#4857 = CARTESIAN_POINT('',(-1.50495726643,2.018497849229,-4.38337971811
    ));
#4858 = CARTESIAN_POINT('',(-0.121605150145,2.307154739271,
    -4.446432172709));
#4859 = CARTESIAN_POINT('',(1.01055571404,1.800207499818,-4.510270483485
    ));
#4860 = CARTESIAN_POINT('',(1.576116183759,0.900322667968,
    -4.573874898787));
#4861 = CARTESIAN_POINT('',(1.576116037594,5.3093254443E-07,
    -4.637509316826));
#4862 = CARTESIAN_POINT('',(1.544397962844,6.7127547054E-07,
    -3.919199436813));
#4863 = CARTESIAN_POINT('',(1.544397990848,-0.882207866493,
    -3.982833691978));
#4864 = CARTESIAN_POINT('',(0.990203766502,-1.76394452656,
    -4.046435432735));
#4865 = CARTESIAN_POINT('',(-0.119079202652,-2.260837749345,
    -4.110290649481));
#4866 = CARTESIAN_POINT('',(-1.474843109846,-1.977644519509,
    -4.17329422213));
#4867 = CARTESIAN_POINT('',(-2.485016876342,-0.819953681685,
    -4.238063106547));
#4868 = CARTESIAN_POINT('',(-2.485226462494,0.819949177094,
    -4.300334084237));
#4869 = CARTESIAN_POINT('',(-1.474704210883,1.977647688978,
    -4.365102968811));
#4870 = CARTESIAN_POINT('',(-0.119140101824,2.260835356796,
    -4.428106541285));
#4871 = CARTESIAN_POINT('',(0.990214336574,1.763945772429,
    -4.491961758121));
#4872 = CARTESIAN_POINT('',(1.544397705995,0.882209113147,-4.55556349886
    ));
#4873 = CARTESIAN_POINT('',(1.544397679244,5.7537925968E-07,
    -4.619197754023));
#4874 = CARTESIAN_POINT('',(1.522045373242,7.0781794842E-07,
    -3.888205844677));
#4875 = CARTESIAN_POINT('',(1.52204558127,-0.869442849596,-3.95183998506
    ));
#4876 = CARTESIAN_POINT('',(0.975872713003,-1.738390330831,
    -4.015439840998));
#4877 = CARTESIAN_POINT('',(-0.117360678598,-2.228194921451,
    -4.079306971781));
#4878 = CARTESIAN_POINT('',(-1.453478581634,-1.948858121714,
    -4.142276096255));
#4879 = CARTESIAN_POINT('',(-2.449089634785,-0.808319040614,
    -4.207106633333));
#4880 = CARTESIAN_POINT('',(-2.449205674501,0.808315545748,
    -4.269303281595));
#4881 = CARTESIAN_POINT('',(-1.453402701201,1.948859273923,
    -4.334133818757));
#4882 = CARTESIAN_POINT('',(-0.117395215909,2.228193551997,
    -4.397102943138));
#4883 = CARTESIAN_POINT('',(0.975877832868,1.73839142026,-4.460970073968
    ));
#4884 = CARTESIAN_POINT('',(1.522045066374,0.869444164115,
    -4.524569929897));
#4885 = CARTESIAN_POINT('',(1.522045216665,6.0670130769E-07,
    -4.588204070278));
#4886 = CARTESIAN_POINT('',(1.513965443589,7.2102656185E-07,
    -3.850012652602));
#4887 = CARTESIAN_POINT('',(1.513965855284,-0.864828631093,
    -3.913646751494));
#4888 = CARTESIAN_POINT('',(0.970694752667,-1.72915324698,
    -3.977245926115));
#4889 = CARTESIAN_POINT('',(-0.116750998614,-2.216394948346,
    -4.041117363528));
#4890 = CARTESIAN_POINT('',(-1.445728464756,-1.938453444735,
    -4.104074035856));
#4891 = CARTESIAN_POINT('',(-2.436143626467,-0.804112936097,
    -4.168926858784));
#4892 = CARTESIAN_POINT('',(-2.436144358898,0.804110780617,
    -4.23109663891));
#4893 = CARTESIAN_POINT('',(-1.445730165439,1.938452167497,
    -4.295949461831));
#4894 = CARTESIAN_POINT('',(-0.11675296411,2.216394844218,
    -4.358906134167));
#4895 = CARTESIAN_POINT('',(0.970693223848,1.729154105735,
    -4.422777571575));
#4896 = CARTESIAN_POINT('',(1.513965090659,0.864829970141,
    -4.486376746198));
#4897 = CARTESIAN_POINT('',(1.513965443541,6.1802287699E-07,
    -4.550010845089));
#4898 = CARTESIAN_POINT('',(1.522043181821,7.078197688E-07,
    -3.811818996988));
#4899 = CARTESIAN_POINT('',(1.522043782102,-0.869441687518,
    -3.87545313736));
#4900 = CARTESIAN_POINT('',(0.975878028788,-1.73838825087,
    -3.939052993115));
#4901 = CARTESIAN_POINT('',(-0.117393128769,-2.228190682581,
    -4.002920125036));
#4902 = CARTESIAN_POINT('',(-1.453399089593,-1.948857907067,
    -4.065889246272));
#4903 = CARTESIAN_POINT('',(-2.449201680544,-0.808316602615,
    -4.130719789053));
#4904 = CARTESIAN_POINT('',(-2.449087078861,0.808315865491,
    -4.192916430549));
#4905 = CARTESIAN_POINT('',(-1.453478309085,1.948854247172,
    -4.257746973233));
#4906 = CARTESIAN_POINT('',(-0.117362450443,2.228191847596,
    -4.32071609458));
#4907 = CARTESIAN_POINT('',(0.975869907295,1.738388847488,
    -4.384583226441));
#4908 = CARTESIAN_POINT('',(1.52204279576,0.86944300204,-4.44818308221)
  );
#4909 = CARTESIAN_POINT('',(1.522043338304,6.0670266544E-07,
    -4.511817222581));
#4910 = CARTESIAN_POINT('',(1.544393993069,6.7127876652E-07,
    -3.78082412238));
#4911 = CARTESIAN_POINT('',(1.544394731643,-0.88220576138,
    -3.844458377525));
#4912 = CARTESIAN_POINT('',(0.990213396084,-1.763940758697,
    -3.908060117951));
#4913 = CARTESIAN_POINT('',(-0.119137986364,-2.260830070602,
    -3.971915336758));
#4914 = CARTESIAN_POINT('',(-1.474699109453,-1.977644130673,
    -4.034918903542));
#4915 = CARTESIAN_POINT('',(-2.485219848022,-0.819949265233,
    -4.09968779829));
#4916 = CARTESIAN_POINT('',(-2.485011625657,0.819949756311,
    -4.161958763722));
#4917 = CARTESIAN_POINT('',(-1.474841175097,1.977638582982,
    -4.226727658299));
#4918 = CARTESIAN_POINT('',(-0.119080746952,2.260832269264,
    -4.289731225277));
#4919 = CARTESIAN_POINT('',(0.990199979343,1.763941111834,
    -4.353586443982));
#4920 = CARTESIAN_POINT('',(1.544393592761,0.88220700804,-4.41718818443)
  );
#4921 = CARTESIAN_POINT('',(1.544394276579,5.7538171938E-07,
    -4.480822439575));
#4922 = CARTESIAN_POINT('',(1.576111375761,6.1942509161E-07,
    -3.762510869695));
#4923 = CARTESIAN_POINT('',(1.576112178762,-0.900318855328,
    -3.82614528771));
#4924 = CARTESIAN_POINT('',(1.010554037953,-1.800201432438,
    -3.889749702618));
#4925 = CARTESIAN_POINT('',(-0.121603100452,-2.307148020797,
    -3.953588015883));
#4926 = CARTESIAN_POINT('',(-1.504951356152,-2.018492942542,
    -4.016640463289));
#4927 = CARTESIAN_POINT('',(-2.536293336806,-0.836457272615,
    -4.081321875232));
#4928 = CARTESIAN_POINT('',(-2.536029769733,0.836458579828,
    -4.143698311412));
#4929 = CARTESIAN_POINT('',(-1.505130481843,2.018486333091,
    -4.208379723141));
#4930 = CARTESIAN_POINT('',(-0.121530085437,2.307150834541,
    -4.27143217079));
#4931 = CARTESIAN_POINT('',(1.010537556788,1.800201605673,
    -4.335270483928));
#4932 = CARTESIAN_POINT('',(1.576110981849,0.900320005688,
    -4.398874898862));
#4933 = CARTESIAN_POINT('',(1.576111734324,5.3093565855E-07,
    -4.462509316878));
#4934 = DEFINITIONAL_REPRESENTATION('',(#4935),#4939);
#4935 = LINE('',#4936,#4937);
#4936 = CARTESIAN_POINT('',(0.,0.));
#4937 = VECTOR('',#4938,1.);
#4938 = DIRECTION('',(0.,1.));
#4939 = ( GEOMETRIC_REPRESENTATION_CONTEXT(2) 
PARAMETRIC_REPRESENTATION_CONTEXT() REPRESENTATION_CONTEXT('2D SPACE',''
  ) );
#4940 = ORIENTED_EDGE('',*,*,#4941,.F.);
#4941 = EDGE_CURVE('',#4482,#4826,#4942,.T.);
#4942 = SURFACE_CURVE('',#4943,(#4946,#4953),.PCURVE_S1.);
#4943 = B_SPLINE_CURVE_WITH_KNOTS('',1,(#4944,#4945),.UNSPECIFIED.,.F.,
  .F.,(2,2),(0.,0.49),.PIECEWISE_BEZIER_KNOTS.);
#4944 = CARTESIAN_POINT('',(2.000474509897,-6.371800551E-08,
    -4.882498881877));
#4945 = CARTESIAN_POINT('',(1.576116037594,5.3093254536E-07,
    -4.637509316826));
#4946 = PCURVE('',#4015,#4947);
#4947 = DEFINITIONAL_REPRESENTATION('',(#4948),#4952);
#4948 = LINE('',#4949,#4950);
#4949 = CARTESIAN_POINT('',(0.,6.322058019692));
#4950 = VECTOR('',#4951,1.);
#4951 = DIRECTION('',(1.,0.));
#4952 = ( GEOMETRIC_REPRESENTATION_CONTEXT(2) 
PARAMETRIC_REPRESENTATION_CONTEXT() REPRESENTATION_CONTEXT('2D SPACE',''
  ) );
#4953 = PCURVE('',#4954,#4977);
#4954 = B_SPLINE_SURFACE_WITH_KNOTS('',1,10,(
    (#4955,#4956,#4957,#4958,#4959,#4960,#4961,#4962,#4963,#4964,#4965)
    ,(#4966,#4967,#4968,#4969,#4970,#4971,#4972,#4973,#4974,#4975,#4976
    )),.UNSPECIFIED.,.F.,.F.,.F.,(2,2),(11,11),(0.,0.49),(0.,
    6.322058019692),.PIECEWISE_BEZIER_KNOTS.);
#4955 = CARTESIAN_POINT('',(2.000474509897,-6.371799715E-08,
    -4.882498881877));
#4956 = CARTESIAN_POINT('',(2.000472591721,-1.256928680348,
    -4.952499138744));
#4957 = CARTESIAN_POINT('',(1.123125826507,-2.513885477894,
    -5.022503796814));
#4958 = CARTESIAN_POINT('',(-0.633443924833,-3.078275726075,
    -5.092485366729));
#4959 = CARTESIAN_POINT('',(-2.639582905139,-2.287253437079,
    -5.162512923344));
#4960 = CARTESIAN_POINT('',(-3.702168450851,-2.845613203288E-05,
    -5.232498974347));
#4961 = CARTESIAN_POINT('',(-2.639373921896,2.287295736582,
    -5.302485027916));
#4962 = CARTESIAN_POINT('',(-0.633644908467,3.07825961076,-5.37251258285
    ));
#4963 = CARTESIAN_POINT('',(1.123195887179,2.513888034131,
    -5.442494153429));
#4964 = CARTESIAN_POINT('',(2.000475058705,1.256928563533,
    -5.512498811386));
#4965 = CARTESIAN_POINT('',(2.0004731472,-5.309754863E-08,
    -5.582499068245));
#4966 = CARTESIAN_POINT('',(1.576116037594,5.309325531E-07,
    -4.637509316826));
#4967 = CARTESIAN_POINT('',(1.576115876813,-0.990353594512,
    -4.707507176666));
#4968 = CARTESIAN_POINT('',(0.88485834015,-1.98017301092,-4.777468366495
    ));
#4969 = CARTESIAN_POINT('',(-0.498952402518,-2.426292627525,
    -4.847621921597));
#4970 = CARTESIAN_POINT('',(-2.079966468025,-1.801105321256,
    -4.91739232937));
#4971 = CARTESIAN_POINT('',(-2.916359259045,-8.41890533552E-06,
    -4.987508540241));
#4972 = CARTESIAN_POINT('',(-2.079912617265,1.801115129839,
    -5.057624751776));
#4973 = CARTESIAN_POINT('',(-0.499006840989,2.426288067816,
    -5.127395159113));
#4974 = CARTESIAN_POINT('',(0.884875516147,1.980174247536,
    -5.197548714389));
#4975 = CARTESIAN_POINT('',(1.576115895313,0.990354567889,
    -5.267509904186));
#4976 = CARTESIAN_POINT('',(1.576115678953,4.424440548E-07,
    -5.337507764026));
#4977 = DEFINITIONAL_REPRESENTATION('',(#4978),#4982);
#4978 = LINE('',#4979,#4980);
#4979 = CARTESIAN_POINT('',(0.,0.));
#4980 = VECTOR('',#4981,1.);
#4981 = DIRECTION('',(1.,0.));
#4982 = ( GEOMETRIC_REPRESENTATION_CONTEXT(2) 
PARAMETRIC_REPRESENTATION_CONTEXT() REPRESENTATION_CONTEXT('2D SPACE',''
  ) );
#4983 = ADVANCED_FACE('',(#4984),#3910,.T.);
#4984 = FACE_BOUND('',#4985,.T.);
#4985 = EDGE_LOOP('',(#4986,#4987,#4988,#4989));
#4986 = ORIENTED_EDGE('',*,*,#3886,.F.);
#4987 = ORIENTED_EDGE('',*,*,#4051,.T.);
#4988 = ORIENTED_EDGE('',*,*,#4079,.T.);
#4989 = ORIENTED_EDGE('',*,*,#4990,.F.);
#4990 = EDGE_CURVE('',#3887,#4080,#4991,.T.);
#4991 = SURFACE_CURVE('',#4992,(#5000,#5007),.PCURVE_S1.);
#4992 = ( BOUNDED_CURVE() B_SPLINE_CURVE(6,(#4993,#4994,#4995,#4996,
#4997,#4998,#4999),.UNSPECIFIED.,.F.,.F.) B_SPLINE_CURVE_WITH_KNOTS((7,7
),(0.,2.094395102393),.PIECEWISE_BEZIER_KNOTS.) CURVE() 
GEOMETRIC_REPRESENTATION_ITEM() RATIONAL_B_SPLINE_CURVE((1.056590953773,
    1.017435169568,0.996326512422,0.989390034249,0.996326512422,
1.017435169568,1.056590953773)) REPRESENTATION_ITEM('') );
#4993 = CARTESIAN_POINT('',(1.576116396241,6.1942092244E-07,
    -3.937510869623));
#4994 = CARTESIAN_POINT('',(1.544397962844,6.7127546888E-07,
    -3.919199436813));
#4995 = CARTESIAN_POINT('',(1.522045373242,7.0781794465E-07,
    -3.888205844677));
#4996 = CARTESIAN_POINT('',(1.513965443589,7.2102655868E-07,
    -3.850012652602));
#4997 = CARTESIAN_POINT('',(1.522043181821,7.078197623E-07,
    -3.811818996988));
#4998 = CARTESIAN_POINT('',(1.544393993069,6.7127876208E-07,
    -3.78082412238));
#4999 = CARTESIAN_POINT('',(1.576111375761,6.1942508967E-07,
    -3.762510869695));
#5000 = PCURVE('',#3910,#5001);
#5001 = DEFINITIONAL_REPRESENTATION('',(#5002),#5006);
#5002 = LINE('',#5003,#5004);
#5003 = CARTESIAN_POINT('',(0.,6.322058019692));
#5004 = VECTOR('',#5005,1.);
#5005 = DIRECTION('',(1.,0.));
#5006 = ( GEOMETRIC_REPRESENTATION_CONTEXT(2) 
PARAMETRIC_REPRESENTATION_CONTEXT() REPRESENTATION_CONTEXT('2D SPACE',''
  ) );
#5007 = PCURVE('',#4849,#5008);
#5008 = DEFINITIONAL_REPRESENTATION('',(#5009),#5013);
#5009 = LINE('',#5010,#5011);
#5010 = CARTESIAN_POINT('',(0.,0.));
#5011 = VECTOR('',#5012,1.);
#5012 = DIRECTION('',(1.,0.));
#5013 = ( GEOMETRIC_REPRESENTATION_CONTEXT(2) 
PARAMETRIC_REPRESENTATION_CONTEXT() REPRESENTATION_CONTEXT('2D SPACE',''
  ) );
#5014 = ADVANCED_FACE('',(#5015),#4448,.T.);
#5015 = FACE_BOUND('',#5016,.T.);
#5016 = EDGE_LOOP('',(#5017,#5049,#5050,#5383));
#5017 = ORIENTED_EDGE('',*,*,#5018,.F.);
#5018 = EDGE_CURVE('',#4080,#5019,#5021,.T.);
#5019 = VERTEX_POINT('',#5020);
#5020 = CARTESIAN_POINT('',(1.576111734324,5.30935669E-07,
    -4.462509316878));
#5021 = SURFACE_CURVE('',#5022,(#5035,#5042),.PCURVE_S1.);
#5022 = ( BOUNDED_CURVE() B_SPLINE_CURVE(11,(#5023,#5024,#5025,#5026,
    #5027,#5028,#5029,#5030,#5031,#5032,#5033,#5034),.UNSPECIFIED.,.F.,
.F.) B_SPLINE_CURVE_WITH_KNOTS((12,12),(0.,6.322058019692),
.PIECEWISE_BEZIER_KNOTS.) CURVE() GEOMETRIC_REPRESENTATION_ITEM() 
RATIONAL_B_SPLINE_CURVE((1.056590953773,1.056590953773,1.056590953773,
    1.056590953774,1.056590953771,1.056590953775,1.056590953771,
    1.056590953775,1.056590953772,1.056590953773,1.056590953773,
1.056590953773)) REPRESENTATION_ITEM('') );
#5023 = CARTESIAN_POINT('',(1.576111375761,6.1942509161E-07,
    -3.762510869695));
#5024 = CARTESIAN_POINT('',(1.576112178762,-0.900318855328,
    -3.82614528771));
#5025 = CARTESIAN_POINT('',(1.010554037953,-1.800201432438,
    -3.889749702618));
#5026 = CARTESIAN_POINT('',(-0.121603100452,-2.307148020797,
    -3.953588015883));
#5027 = CARTESIAN_POINT('',(-1.504951356152,-2.018492942542,
    -4.016640463289));
#5028 = CARTESIAN_POINT('',(-2.536293336806,-0.836457272615,
    -4.081321875232));
#5029 = CARTESIAN_POINT('',(-2.536029769733,0.836458579828,
    -4.143698311412));
#5030 = CARTESIAN_POINT('',(-1.505130481843,2.018486333091,
    -4.208379723141));
#5031 = CARTESIAN_POINT('',(-0.121530085437,2.307150834541,
    -4.27143217079));
#5032 = CARTESIAN_POINT('',(1.010537556788,1.800201605673,
    -4.335270483928));
#5033 = CARTESIAN_POINT('',(1.576110981849,0.900320005688,
    -4.398874898862));
#5034 = CARTESIAN_POINT('',(1.576111734324,5.3093565855E-07,
    -4.462509316878));
#5035 = PCURVE('',#4448,#5036);
#5036 = DEFINITIONAL_REPRESENTATION('',(#5037),#5041);
#5037 = LINE('',#5038,#5039);
#5038 = CARTESIAN_POINT('',(0.,0.));
#5039 = VECTOR('',#5040,1.);
#5040 = DIRECTION('',(0.,1.));
#5041 = ( GEOMETRIC_REPRESENTATION_CONTEXT(2) 
PARAMETRIC_REPRESENTATION_CONTEXT() REPRESENTATION_CONTEXT('2D SPACE',''
  ) );
#5042 = PCURVE('',#4849,#5043);
#5043 = DEFINITIONAL_REPRESENTATION('',(#5044),#5048);
#5044 = LINE('',#5045,#5046);
#5045 = CARTESIAN_POINT('',(2.094395102393,0.));
#5046 = VECTOR('',#5047,1.);
#5047 = DIRECTION('',(0.,1.));
#5048 = ( GEOMETRIC_REPRESENTATION_CONTEXT(2) 
PARAMETRIC_REPRESENTATION_CONTEXT() REPRESENTATION_CONTEXT('2D SPACE',''
  ) );
#5049 = ORIENTED_EDGE('',*,*,#4435,.T.);
#5050 = ORIENTED_EDGE('',*,*,#5051,.T.);
#5051 = EDGE_CURVE('',#4113,#5052,#5054,.T.);
#5052 = VERTEX_POINT('',#5053);
#5053 = CARTESIAN_POINT('',(1.955,-2.553E-12,-4.243745651981));
#5054 = SURFACE_CURVE('',#5055,(#5148,#5244),.PCURVE_S1.);
#5055 = B_SPLINE_CURVE_WITH_KNOTS('',6,(#5056,#5057,#5058,#5059,#5060,
    #5061,#5062,#5063,#5064,#5065,#5066,#5067,#5068,#5069,#5070,#5071,
    #5072,#5073,#5074,#5075,#5076,#5077,#5078,#5079,#5080,#5081,#5082,
    #5083,#5084,#5085,#5086,#5087,#5088,#5089,#5090,#5091,#5092,#5093,
    #5094,#5095,#5096,#5097,#5098,#5099,#5100,#5101,#5102,#5103,#5104,
    #5105,#5106,#5107,#5108,#5109,#5110,#5111,#5112,#5113,#5114,#5115,
    #5116,#5117,#5118,#5119,#5120,#5121,#5122,#5123,#5124,#5125,#5126,
    #5127,#5128,#5129,#5130,#5131,#5132,#5133,#5134,#5135,#5136,#5137,
    #5138,#5139,#5140,#5141,#5142,#5143,#5144,#5145,#5146,#5147),
  .UNSPECIFIED.,.F.,.F.,(7,5,5,5,5,5,5,5,5,5,5,5,5,5,5,5,5,5,7),(0.,
    3.090710530571E-02,4.790664548036E-02,0.128904689262,0.195681090628,
    0.262681554899,0.298709093504,0.358711282551,0.403402108644,
    0.495211448421,0.599091596182,0.691986462951,0.736987237251,
    0.786331993236,0.840334210397,0.873637775757,0.943859804553,
    0.978859065402,1.),.UNSPECIFIED.);
#5056 = CARTESIAN_POINT('',(1.955,-7.06502E-12,-3.543744927283));
#5057 = CARTESIAN_POINT('',(1.955,-6.327370558975E-02,-3.54735071983));
#5058 = CARTESIAN_POINT('',(1.952542555502,-0.126547556146,
    -3.550956879704));
#5059 = CARTESIAN_POINT('',(1.947627710346,-0.189701707444,
    -3.554563180021));
#5060 = CARTESIAN_POINT('',(1.94026319517,-0.252617104804,
    -3.558169436553));
#5061 = CARTESIAN_POINT('',(1.930464427415,-0.315175483094,
    -3.561775507726));
#5062 = CARTESIAN_POINT('',(1.911538807699,-0.411406772761,
    -3.567364551173));
#5063 = CARTESIAN_POINT('',(1.904093665836,-0.445410702732,
    -3.569347724386));
#5064 = CARTESIAN_POINT('',(1.895922922621,-0.479251662886,
    -3.571330800626));
#5065 = CARTESIAN_POINT('',(1.887031099065,-0.512910332885,
    -3.573313771581));
#5066 = CARTESIAN_POINT('',(1.877423400304,-0.546367565808,
    -3.575296634255));
#5067 = CARTESIAN_POINT('',(1.81794484015,-0.737968530001,
    -3.586726670961));
#5068 = CARTESIAN_POINT('',(1.752660033226,-0.891346177511,
    -3.596172566897));
#5069 = CARTESIAN_POINT('',(1.671893394366,-1.03764702006,
    -3.605615035759));
#5070 = CARTESIAN_POINT('',(1.576639124503,-1.174957784849,
    -3.615058187437));
#5071 = CARTESIAN_POINT('',(1.468170203509,-1.301536910379,
    -3.624505190122));
#5072 = CARTESIAN_POINT('',(1.249067460047,-1.510147134735,
    -3.641744257636));
#5073 = CARTESIAN_POINT('',(1.142143936467,-1.596110852014,
    -3.649536731211));
#5074 = CARTESIAN_POINT('',(1.028186284507,-1.672929495427,
    -3.657331104324));
#5075 = CARTESIAN_POINT('',(0.908179819365,-1.739905667886,
    -3.665127391937));
#5076 = CARTESIAN_POINT('',(0.783191660856,-1.796475552769,
    -3.672925059516));
#5077 = CARTESIAN_POINT('',(0.525117721042,-1.888144749467,
    -3.688545824833));
#5078 = CARTESIAN_POINT('',(0.391993017609,-1.923176056887,
    -3.696369706613));
#5079 = CARTESIAN_POINT('',(0.256155828876,-1.946913465579,
    -3.704192237813));
#5080 = CARTESIAN_POINT('',(0.118801690057,-1.959119861544,
    -3.712012997485));
#5081 = CARTESIAN_POINT('',(-1.885326291549E-02,-1.95971517805,
    -3.719832117965));
#5082 = CARTESIAN_POINT('',(-0.229104567215,-1.94292975987,
    -3.731852069583));
#5083 = CARTESIAN_POINT('',(-0.302361467863,-1.933731537192,
    -3.736054717521));
#5084 = CARTESIAN_POINT('',(-0.375163777904,-1.921219898744,
    -3.74025681163));
#5085 = CARTESIAN_POINT('',(-0.447324860129,-1.905424007077,
    -3.744458397046));
#5086 = CARTESIAN_POINT('',(-0.518660813398,-1.88638702053,
    -3.748659546687));
#5087 = CARTESIAN_POINT('',(-0.706121247404,-1.827158172828,
    -3.759856622453));
#5088 = CARTESIAN_POINT('',(-0.820465517976,-1.781317110328,
    -3.766852181543));
#5089 = CARTESIAN_POINT('',(-0.931183100439,-1.726908732885,
    -3.773847009803));
#5090 = CARTESIAN_POINT('',(-1.037478826344,-1.664299328079,
    -3.7808419087));
#5091 = CARTESIAN_POINT('',(-1.138609604318,-1.593951891177,
    -3.787837617732));
#5092 = CARTESIAN_POINT('',(-1.304859322628,-1.458676841834,
    -3.800044909292));
#5093 = CARTESIAN_POINT('',(-1.372584865163,-1.396945190768,
    -3.805256400286));
#5094 = CARTESIAN_POINT('',(-1.436786829426,-1.331456397411,
    -3.810468399605));
#5095 = CARTESIAN_POINT('',(-1.497207534884,-1.262463700345,
    -3.815681017588));
#5096 = CARTESIAN_POINT('',(-1.553614094941,-1.190243305589,
    -3.820894302038));
#5097 = CARTESIAN_POINT('',(-1.713005457715,-0.960710372522,
    -3.836818826525));
#5098 = CARTESIAN_POINT('',(-1.802418902731,-0.793932522278,
    -3.847533712959));
#5099 = CARTESIAN_POINT('',(-1.872202052645,-0.617383086837,
    -3.858248100754));
#5100 = CARTESIAN_POINT('',(-1.921125581963,-0.433956012044,
    -3.868962569339));
#5101 = CARTESIAN_POINT('',(-1.948457273985,-0.246708541131,
    -3.879677988092));
#5102 = CARTESIAN_POINT('',(-1.96051505388,0.153724731131,
    -3.902510422622));
#5103 = CARTESIAN_POINT('',(-1.939170036499,0.367189012818,
    -3.914632344349));
#5104 = CARTESIAN_POINT('',(-1.889910833816,0.576882912447,
    -3.926747773546));
#5105 = CARTESIAN_POINT('',(-1.813668701849,0.778341963226,
    -3.938862017772));
#5106 = CARTESIAN_POINT('',(-1.712163333712,0.967341172858,
    -3.950981759285));
#5107 = CARTESIAN_POINT('',(-1.477235809974,1.294591380743,
    -3.973937614309));
#5108 = CARTESIAN_POINT('',(-1.348274419452,1.436164631453,
    -3.984778687756));
#5109 = CARTESIAN_POINT('',(-1.203182092496,1.562114868245,
    -3.995620114813));
#5110 = CARTESIAN_POINT('',(-1.044364211064,1.670244174547,
    -4.006464156142));
#5111 = CARTESIAN_POINT('',(-0.874559743969,1.758788584118,
    -4.017311246895));
#5112 = CARTESIAN_POINT('',(-0.610801027322,1.859417758769,
    -4.03340842099));
#5113 = CARTESIAN_POINT('',(-0.522868411999,1.887389864698,
    -4.038661366631));
#5114 = CARTESIAN_POINT('',(-0.43342399067,1.910362947997,
    -4.043913797778));
#5115 = CARTESIAN_POINT('',(-0.342823146144,1.928238602564,
    -4.049165579018));
#5116 = CARTESIAN_POINT('',(-0.25142892558,1.940952273934,
    -4.054416620897));
#5117 = CARTESIAN_POINT('',(-5.892826938704E-02,1.956721070255,
    -4.065423665057));
#5118 = CARTESIAN_POINT('',(4.226665400305E-02,1.958725555193,
    -4.071179631117));
#5119 = CARTESIAN_POINT('',(0.143487487582,1.954447346981,
    -4.076934361856));
#5120 = CARTESIAN_POINT('',(0.244248015644,1.94389694059,-4.082687997171
    ));
#5121 = CARTESIAN_POINT('',(0.344065677071,1.927134882786,
    -4.088440807636));
#5122 = CARTESIAN_POINT('',(0.550150673054,1.879250283394,
    -4.100487923639));
#5123 = CARTESIAN_POINT('',(0.656141436737,1.846920678194,
    -4.106782319027));
#5124 = CARTESIAN_POINT('',(0.759812091511,1.807428067044,
    -4.113076176926));
#5125 = CARTESIAN_POINT('',(0.860561575703,1.760985966541,
    -4.119370183767));
#5126 = CARTESIAN_POINT('',(0.957816693771,1.707874348251,
    -4.125665029374));
#5127 = CARTESIAN_POINT('',(1.108525694699,1.611782982949,-4.13584346152
    ));
#5128 = CARTESIAN_POINT('',(1.164481203248,1.572721983526,-4.1397265209)
  );
#5129 = CARTESIAN_POINT('',(1.218776488093,1.531335555858,
    -4.143610079257));
#5130 = CARTESIAN_POINT('',(1.271291592663,1.48771252499,-4.147494193603
    ));
#5131 = CARTESIAN_POINT('',(1.321913050503,1.441949873691,
    -4.151378885122));
#5132 = CARTESIAN_POINT('',(1.473053048698,1.293370394099,
    -4.163456367775));
#5133 = CARTESIAN_POINT('',(1.566684815495,1.18353576956,-4.17165160618)
  );
#5134 = CARTESIAN_POINT('',(1.650415338284,1.065641866395,
    -4.179848627142));
#5135 = CARTESIAN_POINT('',(1.723405297411,0.940814195499,
    -4.188047016375));
#5136 = CARTESIAN_POINT('',(1.784975234278,0.810280696951,
    -4.196245499539));
#5137 = CARTESIAN_POINT('',(1.859390099294,0.608134212608,-4.20852740089
    ));
#5138 = CARTESIAN_POINT('',(1.881185315653,0.539806239014,
    -4.212612346402));
#5139 = CARTESIAN_POINT('',(1.899963405972,0.470552653834,-4.21669683357
    ));
#5140 = CARTESIAN_POINT('',(1.915676602725,0.400539861955,
    -4.220780822997));
#5141 = CARTESIAN_POINT('',(1.928289448002,0.329937341944,
    -4.224864368885));
#5142 = CARTESIAN_POINT('',(1.943510732635,0.216018947342,
    -4.231414063242));
#5143 = CARTESIAN_POINT('',(1.94810305136,0.172967874554,-4.233880403178
    ));
#5144 = CARTESIAN_POINT('',(1.951550676371,0.12980234014,-4.236346676573
    ));
#5145 = CARTESIAN_POINT('',(1.953850223954,8.656038377397E-02,
    -4.238812932968));
#5146 = CARTESIAN_POINT('',(1.955,4.328017235337E-02,-4.241279233717));
#5147 = CARTESIAN_POINT('',(1.955,-5.10547E-12,-4.243745651981));
#5148 = PCURVE('',#4448,#5149);
#5149 = DEFINITIONAL_REPRESENTATION('',(#5150),#5243);
#5150 = B_SPLINE_CURVE_WITH_KNOTS('',6,(#5151,#5152,#5153,#5154,#5155,
    #5156,#5157,#5158,#5159,#5160,#5161,#5162,#5163,#5164,#5165,#5166,
    #5167,#5168,#5169,#5170,#5171,#5172,#5173,#5174,#5175,#5176,#5177,
    #5178,#5179,#5180,#5181,#5182,#5183,#5184,#5185,#5186,#5187,#5188,
    #5189,#5190,#5191,#5192,#5193,#5194,#5195,#5196,#5197,#5198,#5199,
    #5200,#5201,#5202,#5203,#5204,#5205,#5206,#5207,#5208,#5209,#5210,
    #5211,#5212,#5213,#5214,#5215,#5216,#5217,#5218,#5219,#5220,#5221,
    #5222,#5223,#5224,#5225,#5226,#5227,#5228,#5229,#5230,#5231,#5232,
    #5233,#5234,#5235,#5236,#5237,#5238,#5239,#5240,#5241,#5242),
  .UNSPECIFIED.,.F.,.F.,(7,5,5,5,5,5,5,5,5,5,5,5,5,5,5,5,5,5,7),(0.,
    3.090710530571E-02,4.790664548036E-02,0.128904689262,0.195681090628,
    0.262681554899,0.298709093504,0.358711282551,0.403402108644,
    0.495211448421,0.599091596182,0.691986462951,0.736987237251,
    0.786331993236,0.840334210397,0.873637775757,0.943859804553,
    0.978859065402,1.),.UNSPECIFIED.);
#5151 = CARTESIAN_POINT('',(0.437510145183,0.));
#5152 = CARTESIAN_POINT('',(0.437510042288,3.256529203149E-02));
#5153 = CARTESIAN_POINT('',(0.437509218948,6.513064805611E-02));
#5154 = CARTESIAN_POINT('',(0.437508177739,9.769628861957E-02));
#5155 = CARTESIAN_POINT('',(0.437507310148,0.130262317816));
#5156 = CARTESIAN_POINT('',(0.437506896576,0.162828723287));
#5157 = CARTESIAN_POINT('',(0.437507221715,0.213307701545));
#5158 = CARTESIAN_POINT('',(0.437507523592,0.231220116413));
#5159 = CARTESIAN_POINT('',(0.437508036174,0.249132606994));
#5160 = CARTESIAN_POINT('',(0.437508772549,0.267045157312));
#5161 = CARTESIAN_POINT('',(0.437509734692,0.284957749251));
#5162 = CARTESIAN_POINT('',(0.437516530009,0.388218943841));
#5163 = CARTESIAN_POINT('',(0.437527054547,0.473577189073));
#5164 = CARTESIAN_POINT('',(0.437541731966,0.558923236199));
#5165 = CARTESIAN_POINT('',(0.437554288216,0.644265871618));
#5166 = CARTESIAN_POINT('',(0.437560965303,0.729616738202));
#5167 = CARTESIAN_POINT('',(0.437561353022,0.885313325819));
#5168 = CARTESIAN_POINT('',(0.437557130517,0.955672072195));
#5169 = CARTESIAN_POINT('',(0.437548120446,1.026026353877));
#5170 = CARTESIAN_POINT('',(0.437535381894,1.096381088349));
#5171 = CARTESIAN_POINT('',(0.437520991194,1.166740824588));
#5172 = CARTESIAN_POINT('',(0.437492494866,1.307691256719));
#5173 = CARTESIAN_POINT('',(0.437478392431,1.378289048127));
#5174 = CARTESIAN_POINT('',(0.437466315449,1.448883788509));
#5175 = CARTESIAN_POINT('',(0.437457967561,1.519479369961));
#5176 = CARTESIAN_POINT('',(0.437453891866,1.590079440372));
#5177 = CARTESIAN_POINT('',(0.437453735042,1.698637063063));
#5178 = CARTESIAN_POINT('',(0.43745483362,1.73659828732));
#5179 = CARTESIAN_POINT('',(0.437457026479,1.774559451445));
#5180 = CARTESIAN_POINT('',(0.437460203595,1.812520466196));
#5181 = CARTESIAN_POINT('',(0.437464204066,1.850481263493));
#5182 = CARTESIAN_POINT('',(0.437476497233,1.951663297553));
#5183 = CARTESIAN_POINT('',(0.437485892202,2.014886197251));
#5184 = CARTESIAN_POINT('',(0.437496075658,2.078106057098));
#5185 = CARTESIAN_POINT('',(0.437505973856,2.141325266541));
#5186 = CARTESIAN_POINT('',(0.437514666991,2.204546350604));
#5187 = CARTESIAN_POINT('',(0.437526923569,2.314851994224));
#5188 = CARTESIAN_POINT('',(0.437531228682,2.361939076447));
#5189 = CARTESIAN_POINT('',(0.437534400408,2.409025631298));
#5190 = CARTESIAN_POINT('',(0.437536367042,2.456112331478));
#5191 = CARTESIAN_POINT('',(0.437537179321,2.503199837887));
#5192 = CARTESIAN_POINT('',(0.437536625837,2.647019863677));
#5193 = CARTESIAN_POINT('',(0.4375320656,2.74377088953));
#5194 = CARTESIAN_POINT('',(0.437524599464,2.840504289148));
#5195 = CARTESIAN_POINT('',(0.437517518694,2.937240158591));
#5196 = CARTESIAN_POINT('',(0.437513248287,3.033997300858));
#5197 = CARTESIAN_POINT('',(0.437510771891,3.240197511623));
#5198 = CARTESIAN_POINT('',(0.437513428783,3.34968878499));
#5199 = CARTESIAN_POINT('',(0.437520705748,3.459142285202));
#5200 = CARTESIAN_POINT('',(0.437529642694,3.568592580041));
#5201 = CARTESIAN_POINT('',(0.437535011337,3.67807640911));
#5202 = CARTESIAN_POINT('',(0.437535182565,3.885403249946));
#5203 = CARTESIAN_POINT('',(0.437531027046,3.983295762611));
#5204 = CARTESIAN_POINT('',(0.437521291265,4.08116626847));
#5205 = CARTESIAN_POINT('',(0.437506451779,4.179037337167));
#5206 = CARTESIAN_POINT('',(0.437490548097,4.276931141349));
#5207 = CARTESIAN_POINT('',(0.437470625815,4.422222985903));
#5208 = CARTESIAN_POINT('',(0.437464706781,4.469638294732));
#5209 = CARTESIAN_POINT('',(0.437459778962,4.517053433212));
#5210 = CARTESIAN_POINT('',(0.437456226701,4.564468913996));
#5211 = CARTESIAN_POINT('',(0.437454332922,4.611885206808));
#5212 = CARTESIAN_POINT('',(0.437454058856,4.711294214727));
#5213 = CARTESIAN_POINT('',(0.437456033116,4.763288203802));
#5214 = CARTESIAN_POINT('',(0.437460282851,4.81528131189));
#5215 = CARTESIAN_POINT('',(0.437466681959,4.867274233019));
#5216 = CARTESIAN_POINT('',(0.437474848621,4.919267686664));
#5217 = CARTESIAN_POINT('',(0.437494378626,5.028159549043));
#5218 = CARTESIAN_POINT('',(0.437505973013,5.08505981264));
#5219 = CARTESIAN_POINT('',(0.437518189774,5.141958032672));
#5220 = CARTESIAN_POINT('',(0.437529964111,5.198855600132));
#5221 = CARTESIAN_POINT('',(0.437540255012,5.255754044015));
#5222 = CARTESIAN_POINT('',(0.437553369547,5.347739896043));
#5223 = CARTESIAN_POINT('',(0.43755754752,5.382828659225));
#5224 = CARTESIAN_POINT('',(0.437560727232,5.417917420822));
#5225 = CARTESIAN_POINT('',(0.437562806905,5.453006236108));
#5226 = CARTESIAN_POINT('',(0.437563756566,5.488095160991));
#5227 = CARTESIAN_POINT('',(0.43756332597,5.597171140046));
#5228 = CARTESIAN_POINT('',(0.437558211079,5.671163431051));
#5229 = CARTESIAN_POINT('',(0.437548714867,5.745152034787));
#5230 = CARTESIAN_POINT('',(0.4375369558,5.819142776599));
#5231 = CARTESIAN_POINT('',(0.437526500022,5.893140252593));
#5232 = CARTESIAN_POINT('',(0.437515004807,6.004012472709));
#5233 = CARTESIAN_POINT('',(0.437511863884,6.040891520461));
#5234 = CARTESIAN_POINT('',(0.437509626448,6.077770508847));
#5235 = CARTESIAN_POINT('',(0.437508333831,6.114649268716));
#5236 = CARTESIAN_POINT('',(0.437507847889,6.151527665705));
#5237 = CARTESIAN_POINT('',(0.437507852879,6.210681327875));
#5238 = CARTESIAN_POINT('',(0.4375080328,6.232956917789));
#5239 = CARTESIAN_POINT('',(0.437508312094,6.255232355491));
#5240 = CARTESIAN_POINT('',(0.437508594514,6.277507653776));
#5241 = CARTESIAN_POINT('',(0.437508766234,6.299782852722));
#5242 = CARTESIAN_POINT('',(0.437508695852,6.322058019692));
#5243 = ( GEOMETRIC_REPRESENTATION_CONTEXT(2) 
PARAMETRIC_REPRESENTATION_CONTEXT() REPRESENTATION_CONTEXT('2D SPACE',''
  ) );
#5244 = PCURVE('',#238,#5245);
#5245 = DEFINITIONAL_REPRESENTATION('',(#5246),#5382);
#5246 = B_SPLINE_CURVE_WITH_KNOTS('',3,(#5247,#5248,#5249,#5250,#5251,
    #5252,#5253,#5254,#5255,#5256,#5257,#5258,#5259,#5260,#5261,#5262,
    #5263,#5264,#5265,#5266,#5267,#5268,#5269,#5270,#5271,#5272,#5273,
    #5274,#5275,#5276,#5277,#5278,#5279,#5280,#5281,#5282,#5283,#5284,
    #5285,#5286,#5287,#5288,#5289,#5290,#5291,#5292,#5293,#5294,#5295,
    #5296,#5297,#5298,#5299,#5300,#5301,#5302,#5303,#5304,#5305,#5306,
    #5307,#5308,#5309,#5310,#5311,#5312,#5313,#5314,#5315,#5316,#5317,
    #5318,#5319,#5320,#5321,#5322,#5323,#5324,#5325,#5326,#5327,#5328,
    #5329,#5330,#5331,#5332,#5333,#5334,#5335,#5336,#5337,#5338,#5339,
    #5340,#5341,#5342,#5343,#5344,#5345,#5346,#5347,#5348,#5349,#5350,
    #5351,#5352,#5353,#5354,#5355,#5356,#5357,#5358,#5359,#5360,#5361,
    #5362,#5363,#5364,#5365,#5366,#5367,#5368,#5369,#5370,#5371,#5372,
    #5373,#5374,#5375,#5376,#5377,#5378,#5379,#5380,#5381),
  .UNSPECIFIED.,.F.,.F.,(4,1,1,1,1,1,1,1,1,1,1,1,1,1,1,1,1,1,1,1,1,1,1,1
    ,1,1,1,1,1,1,1,1,1,1,1,1,1,1,1,1,1,1,1,1,1,1,1,1,1,1,1,1,1,1,1,1,1,1
    ,1,1,1,1,1,1,1,1,1,1,1,1,1,1,1,1,1,1,1,1,1,1,1,1,1,1,1,1,1,1,1,1,1,1
    ,1,1,1,1,1,1,1,1,1,1,1,1,1,1,1,1,1,1,1,1,1,1,1,1,1,1,1,1,1,1,1,1,1,1
    ,1,1,1,1,1,1,4),(0.,7.575757575758E-03,1.515151515152E-02,
    2.272727272727E-02,3.030303030303E-02,3.787878787879E-02,
    4.545454545455E-02,5.30303030303E-02,6.060606060606E-02,
    6.818181818182E-02,7.575757575758E-02,8.333333333333E-02,
    9.090909090909E-02,9.848484848485E-02,0.106060606061,0.113636363636,
    0.121212121212,0.128787878788,0.136363636364,0.143939393939,
    0.151515151515,0.159090909091,0.166666666667,0.174242424242,
    0.181818181818,0.189393939394,0.19696969697,0.204545454545,
    0.212121212121,0.219696969697,0.227272727273,0.234848484848,
    0.242424242424,0.25,0.257575757576,0.265151515152,0.272727272727,
    0.280303030303,0.287878787879,0.295454545455,0.30303030303,
    0.310606060606,0.318181818182,0.325757575758,0.333333333333,
    0.340909090909,0.348484848485,0.356060606061,0.363636363636,
    0.371212121212,0.378787878788,0.386363636364,0.393939393939,
    0.401515151515,0.409090909091,0.416666666667,0.424242424242,
    0.431818181818,0.439393939394,0.44696969697,0.454545454545,
    0.462121212121,0.469696969697,0.477272727273,0.484848484848,
    0.492424242424,0.5,0.507575757576,0.515151515152,0.522727272727,
    0.530303030303,0.537878787879,0.545454545455,0.55303030303,
    0.560606060606,0.568181818182,0.575757575758,0.583333333333,
    0.590909090909,0.598484848485,0.606060606061,0.613636363636,
    0.621212121212,0.628787878788,0.636363636364,0.643939393939,
    0.651515151515,0.659090909091,0.666666666667,0.674242424242,
    0.681818181818,0.689393939394,0.69696969697,0.704545454545,
    0.712121212121,0.719696969697,0.727272727273,0.734848484848,
    0.742424242424,0.75,0.757575757576,0.765151515152,0.772727272727,
    0.780303030303,0.787878787879,0.795454545455,0.80303030303,
    0.810606060606,0.818181818182,0.825757575758,0.833333333333,
    0.840909090909,0.848484848485,0.856060606061,0.863636363636,
    0.871212121212,0.878787878788,0.886363636364,0.893939393939,
    0.901515151515,0.909090909091,0.916666666667,0.924242424242,
    0.931818181818,0.939393939394,0.94696969697,0.954545454545,
    0.962121212121,0.969696969697,0.977272727273,0.984848484848,
    0.992424242424,1.),.UNSPECIFIED.);
#5247 = CARTESIAN_POINT('',(-12.56637061435,2.843744927283));
#5248 = CARTESIAN_POINT('',(-12.55050434703,2.845512590823));
#5249 = CARTESIAN_POINT('',(-12.51877184719,2.849048121076));
#5250 = CARTESIAN_POINT('',(-12.47117320468,2.854351713416));
#5251 = CARTESIAN_POINT('',(-12.42357469931,2.859655269184));
#5252 = CARTESIAN_POINT('',(-12.37597626604,2.864958528254));
#5253 = CARTESIAN_POINT('',(-12.32837797965,2.870261290412));
#5254 = CARTESIAN_POINT('',(-12.28077980092,2.875563442247));
#5255 = CARTESIAN_POINT('',(-12.2331813648,2.880864982978));
#5256 = CARTESIAN_POINT('',(-12.185581197,2.886166107135));
#5257 = CARTESIAN_POINT('',(-12.13798097439,2.891466717163));
#5258 = CARTESIAN_POINT('',(-12.09038095972,2.896766918277));
#5259 = CARTESIAN_POINT('',(-12.04278123605,2.902066867868));
#5260 = CARTESIAN_POINT('',(-11.9951815852,2.907366775212));
#5261 = CARTESIAN_POINT('',(-11.94758171846,2.912666862172));
#5262 = CARTESIAN_POINT('',(-11.89998138381,2.917967338552));
#5263 = CARTESIAN_POINT('',(-11.85238058535,2.923268366737));
#5264 = CARTESIAN_POINT('',(-11.80477948949,2.928570063467));
#5265 = CARTESIAN_POINT('',(-11.75717952548,2.933872372716));
#5266 = CARTESIAN_POINT('',(-11.70958011522,2.9391754259));
#5267 = CARTESIAN_POINT('',(-11.6619798851,2.944479404292));
#5268 = CARTESIAN_POINT('',(-11.61437995275,2.949784172218));
#5269 = CARTESIAN_POINT('',(-11.5667802383,2.95508969041));
#5270 = CARTESIAN_POINT('',(-11.51918066647,2.960395887371));
#5271 = CARTESIAN_POINT('',(-11.47158102289,2.965702679284));
#5272 = CARTESIAN_POINT('',(-11.42398124906,2.971009941858));
#5273 = CARTESIAN_POINT('',(-11.37638131329,2.976317530241));
#5274 = CARTESIAN_POINT('',(-11.32878236612,2.981625159145));
#5275 = CARTESIAN_POINT('',(-11.28118301102,2.986932824626));
#5276 = CARTESIAN_POINT('',(-11.23358338694,2.992240354911));
#5277 = CARTESIAN_POINT('',(-11.18598406136,2.997547538242));
#5278 = CARTESIAN_POINT('',(-11.13838499164,3.002854245473));
#5279 = CARTESIAN_POINT('',(-11.09078601509,3.008160380486));
#5280 = CARTESIAN_POINT('',(-11.04318690162,3.013465877116));
#5281 = CARTESIAN_POINT('',(-10.99558757504,3.018770676419));
#5282 = CARTESIAN_POINT('',(-10.94798808641,3.024074730298));
#5283 = CARTESIAN_POINT('',(-10.900389442,3.029377913559));
#5284 = CARTESIAN_POINT('',(-10.85279076733,3.034680325941));
#5285 = CARTESIAN_POINT('',(-10.80519208415,3.039982026886));
#5286 = CARTESIAN_POINT('',(-10.75759335084,3.045283065436));
#5287 = CARTESIAN_POINT('',(-10.70999444605,3.050583516385));
#5288 = CARTESIAN_POINT('',(-10.66239554209,3.055883479251));
#5289 = CARTESIAN_POINT('',(-10.6147959554,3.061183131635));
#5290 = CARTESIAN_POINT('',(-10.56719640875,3.06648250794));
#5291 = CARTESIAN_POINT('',(-10.5195969495,3.071781722934));
#5292 = CARTESIAN_POINT('',(-10.47199749898,3.077080904479));
#5293 = CARTESIAN_POINT('',(-10.42439789693,3.082380185534));
#5294 = CARTESIAN_POINT('',(-10.37679808808,3.087679679763));
#5295 = CARTESIAN_POINT('',(-10.32919825479,3.092979463429));
#5296 = CARTESIAN_POINT('',(-10.28159900946,3.098279548558));
#5297 = CARTESIAN_POINT('',(-10.23399951092,3.103580094759));
#5298 = CARTESIAN_POINT('',(-10.18640016467,3.108881104253));
#5299 = CARTESIAN_POINT('',(-10.13880089088,3.114182614185));
#5300 = CARTESIAN_POINT('',(-10.09120156951,3.119484647197));
#5301 = CARTESIAN_POINT('',(-10.04360244446,3.124787167996));
#5302 = CARTESIAN_POINT('',(-9.996002996063,3.130090204639));
#5303 = CARTESIAN_POINT('',(-9.94840110118,3.135393952835));
#5304 = CARTESIAN_POINT('',(-9.900799173752,3.140698091206));
#5305 = CARTESIAN_POINT('',(-9.853197663357,3.146002498294));
#5306 = CARTESIAN_POINT('',(-9.805596843667,3.151307065105));
#5307 = CARTESIAN_POINT('',(-9.757996553945,3.156611727647));
#5308 = CARTESIAN_POINT('',(-9.710396467222,3.161916440362));
#5309 = CARTESIAN_POINT('',(-9.662796204311,3.16722116519));
#5310 = CARTESIAN_POINT('',(-9.61519548311,3.17252585643));
#5311 = CARTESIAN_POINT('',(-9.56759426803,3.177830445965));
#5312 = CARTESIAN_POINT('',(-9.519992912961,3.183134830436));
#5313 = CARTESIAN_POINT('',(-9.472392400382,3.188438849467));
#5314 = CARTESIAN_POINT('',(-9.424794311253,3.193742296936));
#5315 = CARTESIAN_POINT('',(-9.377191742226,3.199045917046));
#5316 = CARTESIAN_POINT('',(-9.329588514769,3.204349288732));
#5317 = CARTESIAN_POINT('',(-9.281985347184,3.209652339692));
#5318 = CARTESIAN_POINT('',(-9.234382890772,3.214955020537));
#5319 = CARTESIAN_POINT('',(-9.186781157959,3.220257368548));
#5320 = CARTESIAN_POINT('',(-9.139179888286,3.225559466705));
#5321 = CARTESIAN_POINT('',(-9.091578642676,3.230861430318));
#5322 = CARTESIAN_POINT('',(-9.043976954987,3.236163386204));
#5323 = CARTESIAN_POINT('',(-8.996374474475,3.241465452382));
#5324 = CARTESIAN_POINT('',(-8.948771077665,3.24676772143));
#5325 = CARTESIAN_POINT('',(-8.901167144393,3.252070226922));
#5326 = CARTESIAN_POINT('',(-8.853563281707,3.257372972176));
#5327 = CARTESIAN_POINT('',(-8.805962204482,3.262675724956));
#5328 = CARTESIAN_POINT('',(-8.758362687765,3.267978684297));
#5329 = CARTESIAN_POINT('',(-8.710760213809,3.273282394933));
#5330 = CARTESIAN_POINT('',(-8.663157886751,3.278586544479));
#5331 = CARTESIAN_POINT('',(-8.615555893297,3.28389112114));
#5332 = CARTESIAN_POINT('',(-8.567954527294,3.289196084922));
#5333 = CARTESIAN_POINT('',(-8.520353596251,3.294501433061));
#5334 = CARTESIAN_POINT('',(-8.472752776597,3.299807160608));
#5335 = CARTESIAN_POINT('',(-8.425151702076,3.305113249907));
#5336 = CARTESIAN_POINT('',(-8.377550120854,3.310419653057));
#5337 = CARTESIAN_POINT('',(-8.329948036417,3.315726277303));
#5338 = CARTESIAN_POINT('',(-8.282345878491,3.321032969431));
#5339 = CARTESIAN_POINT('',(-8.234744644761,3.326339504951));
#5340 = CARTESIAN_POINT('',(-8.187146241966,3.331645562879));
#5341 = CARTESIAN_POINT('',(-8.139547274482,3.336951401553));
#5342 = CARTESIAN_POINT('',(-8.091948576624,3.342256815333));
#5343 = CARTESIAN_POINT('',(-8.044349909417,3.347561725729));
#5344 = CARTESIAN_POINT('',(-7.996751207079,3.352866046855));
#5345 = CARTESIAN_POINT('',(-7.94915248016,3.358169700057));
#5346 = CARTESIAN_POINT('',(-7.901553893524,3.363472609688));
#5347 = CARTESIAN_POINT('',(-7.853955000116,3.368774789827));
#5348 = CARTESIAN_POINT('',(-7.806356207525,3.374076184547));
#5349 = CARTESIAN_POINT('',(-7.75875740838,3.379376822801));
#5350 = CARTESIAN_POINT('',(-7.711158508875,3.384676758277));
#5351 = CARTESIAN_POINT('',(-7.663559378629,3.38997607489));
#5352 = CARTESIAN_POINT('',(-7.615960459268,3.395274818798));
#5353 = CARTESIAN_POINT('',(-7.568361154217,3.4005731756));
#5354 = CARTESIAN_POINT('',(-7.520761711395,3.405871253916));
#5355 = CARTESIAN_POINT('',(-7.473162332175,3.411169184564));
#5356 = CARTESIAN_POINT('',(-7.425562925098,3.416467140065));
#5357 = CARTESIAN_POINT('',(-7.377963384898,3.421765297887));
#5358 = CARTESIAN_POINT('',(-7.330363642246,3.427063827439));
#5359 = CARTESIAN_POINT('',(-7.282764114615,3.432362838313));
#5360 = CARTESIAN_POINT('',(-7.235164751675,3.43766246121));
#5361 = CARTESIAN_POINT('',(-7.187565404953,3.442962846507));
#5362 = CARTESIAN_POINT('',(-7.139966135158,3.448264062307));
#5363 = CARTESIAN_POINT('',(-7.09236690747,3.453566146109));
#5364 = CARTESIAN_POINT('',(-7.044767690242,3.458869132859));
#5365 = CARTESIAN_POINT('',(-6.997167565858,3.464173089651));
#5366 = CARTESIAN_POINT('',(-6.949567706263,3.469477817947));
#5367 = CARTESIAN_POINT('',(-6.901968229476,3.474783194824));
#5368 = CARTESIAN_POINT('',(-6.854369101221,3.480089080726));
#5369 = CARTESIAN_POINT('',(-6.806770097559,3.485395329462));
#5370 = CARTESIAN_POINT('',(-6.759170994209,3.490701775138));
#5371 = CARTESIAN_POINT('',(-6.71157175045,3.496008221781));
#5372 = CARTESIAN_POINT('',(-6.663972492153,3.501314457937));
#5373 = CARTESIAN_POINT('',(-6.616374349476,3.50662018136));
#5374 = CARTESIAN_POINT('',(-6.568776156732,3.511925376711));
#5375 = CARTESIAN_POINT('',(-6.52117798217,3.517229955022));
#5376 = CARTESIAN_POINT('',(-6.47357970075,3.522533894434));
#5377 = CARTESIAN_POINT('',(-6.425981218615,3.527837248135));
#5378 = CARTESIAN_POINT('',(-6.378382710732,3.533140145805));
#5379 = CARTESIAN_POINT('',(-6.330784046882,3.538442819842));
#5380 = CARTESIAN_POINT('',(-6.299051558572,3.541977998303));
#5381 = CARTESIAN_POINT('',(-6.28318530718,3.543745651981));
#5382 = ( GEOMETRIC_REPRESENTATION_CONTEXT(2) 
PARAMETRIC_REPRESENTATION_CONTEXT() REPRESENTATION_CONTEXT('2D SPACE',''
  ) );
#5383 = ORIENTED_EDGE('',*,*,#5384,.F.);
#5384 = EDGE_CURVE('',#5019,#5052,#5385,.T.);
#5385 = SURFACE_CURVE('',#5386,(#5389,#5396),.PCURVE_S1.);
#5386 = B_SPLINE_CURVE_WITH_KNOTS('',1,(#5387,#5388),.UNSPECIFIED.,.F.,
  .F.,(2,2),(0.,0.49),.PIECEWISE_BEZIER_KNOTS.);
#5387 = CARTESIAN_POINT('',(1.576111734324,5.3093565754E-07,
    -4.462509316878));
#5388 = CARTESIAN_POINT('',(2.000458157473,-6.370617854E-08,
    -4.217498882078));
#5389 = PCURVE('',#4448,#5390);
#5390 = DEFINITIONAL_REPRESENTATION('',(#5391),#5395);
#5391 = LINE('',#5392,#5393);
#5392 = CARTESIAN_POINT('',(0.,6.322058019692));
#5393 = VECTOR('',#5394,1.);
#5394 = DIRECTION('',(1.,0.));
#5395 = ( GEOMETRIC_REPRESENTATION_CONTEXT(2) 
PARAMETRIC_REPRESENTATION_CONTEXT() REPRESENTATION_CONTEXT('2D SPACE',''
  ) );
#5396 = PCURVE('',#5397,#5420);
#5397 = B_SPLINE_SURFACE_WITH_KNOTS('',1,10,(
    (#5398,#5399,#5400,#5401,#5402,#5403,#5404,#5405,#5406,#5407,#5408)
    ,(#5409,#5410,#5411,#5412,#5413,#5414,#5415,#5416,#5417,#5418,#5419
    )),.UNSPECIFIED.,.F.,.F.,.F.,(2,2),(11,11),(0.,0.49),(0.,
    6.322058019692),.PIECEWISE_BEZIER_KNOTS.);
#5398 = CARTESIAN_POINT('',(1.576111734324,5.3093566763E-07,
    -4.462509316878));
#5399 = CARTESIAN_POINT('',(1.576112562048,-0.990351116538,
    -4.532507176694));
#5400 = CARTESIAN_POINT('',(0.88487452348,-1.980168739691,-4.60246836609
    ));
#5401 = CARTESIAN_POINT('',(-0.499004089477,-2.426282316368,
    -4.672621922965));
#5402 = CARTESIAN_POINT('',(-2.079906306227,-1.801111893018,
    -4.742392327906));
#5403 = CARTESIAN_POINT('',(-2.916351954474,6.61497325269E-06,
    -4.812508540661));
#5404 = CARTESIAN_POINT('',(-2.079962376557,1.801099519694,
    -4.882624752731));
#5405 = CARTESIAN_POINT('',(-0.498952652309,2.426286257926,
    -4.95239515812));
#5406 = CARTESIAN_POINT('',(0.884854902644,1.980168596393,-5.02254871482
    ));
#5407 = CARTESIAN_POINT('',(1.57611132075,0.99035208992,-5.092509904243)
  );
#5408 = CARTESIAN_POINT('',(1.576112092895,4.4244623407E-07,
    -5.162507764063));
#5409 = CARTESIAN_POINT('',(2.000458157473,-6.370617062E-08,
    -4.217498882078));
#5410 = CARTESIAN_POINT('',(2.000459995615,-1.256919264046,
    -4.287499138853));
#5411 = CARTESIAN_POINT('',(1.123187323162,-2.513869247223,
    -4.357503795273));
#5412 = CARTESIAN_POINT('',(-0.633640335276,-3.07823654368,
    -4.42748537193));
#5413 = CARTESIAN_POINT('',(-2.639354290307,-2.287278409771,
    -4.497512917776));
#5414 = CARTESIAN_POINT('',(-3.70214069348,2.867260585338E-05,
    -4.567498975947));
#5415 = CARTESIAN_POINT('',(-2.639563007207,2.287236418033,
    -4.637485031544));
#5416 = CARTESIAN_POINT('',(-0.633438991481,3.078252733175,
    -4.707512579079));
#5417 = CARTESIAN_POINT('',(1.123117555868,2.513866559787,
    -4.777494155067));
#5418 = CARTESIAN_POINT('',(2.000457675368,1.25691914725,-4.847498811602
    ));
#5419 = CARTESIAN_POINT('',(2.000459520178,-5.308925972E-08,
    -4.917499068384));
#5420 = DEFINITIONAL_REPRESENTATION('',(#5421),#5425);
#5421 = LINE('',#5422,#5423);
#5422 = CARTESIAN_POINT('',(0.,0.));
#5423 = VECTOR('',#5424,1.);
#5424 = DIRECTION('',(1.,0.));
#5425 = ( GEOMETRIC_REPRESENTATION_CONTEXT(2) 
PARAMETRIC_REPRESENTATION_CONTEXT() REPRESENTATION_CONTEXT('2D SPACE',''
  ) );
#5426 = ADVANCED_FACE('',(#5427),#4954,.T.);
#5427 = FACE_BOUND('',#5428,.T.);
#5428 = EDGE_LOOP('',(#5429,#5772,#5773,#5889));
#5429 = ORIENTED_EDGE('',*,*,#5430,.F.);
#5430 = EDGE_CURVE('',#4482,#5431,#5433,.T.);
#5431 = VERTEX_POINT('',#5432);
#5432 = CARTESIAN_POINT('',(1.955,1.761E-12,-5.556246376886));
#5433 = SURFACE_CURVE('',#5434,(#5532,#5633),.PCURVE_S1.);
#5434 = B_SPLINE_CURVE_WITH_KNOTS('',6,(#5435,#5436,#5437,#5438,#5439,
    #5440,#5441,#5442,#5443,#5444,#5445,#5446,#5447,#5448,#5449,#5450,
    #5451,#5452,#5453,#5454,#5455,#5456,#5457,#5458,#5459,#5460,#5461,
    #5462,#5463,#5464,#5465,#5466,#5467,#5468,#5469,#5470,#5471,#5472,
    #5473,#5474,#5475,#5476,#5477,#5478,#5479,#5480,#5481,#5482,#5483,
    #5484,#5485,#5486,#5487,#5488,#5489,#5490,#5491,#5492,#5493,#5494,
    #5495,#5496,#5497,#5498,#5499,#5500,#5501,#5502,#5503,#5504,#5505,
    #5506,#5507,#5508,#5509,#5510,#5511,#5512,#5513,#5514,#5515,#5516,
    #5517,#5518,#5519,#5520,#5521,#5522,#5523,#5524,#5525,#5526,#5527,
    #5528,#5529,#5530,#5531),.UNSPECIFIED.,.F.,.F.,(7,5,5,5,5,5,5,5,5,5,
    5,5,5,5,5,5,5,5,5,7),(0.,2.402044972939E-02,5.601978068317E-02,
    0.127019595884,0.228123102031,0.26366547247,0.320126124387,
    0.373129262284,0.401332652718,0.499296213145,0.597685207413,
    0.641549726505,0.702551993845,0.737757773973,0.811235095897,
    0.858238362391,0.874495480387,0.952493865119,0.972493406687,1.),
  .UNSPECIFIED.);
#5435 = CARTESIAN_POINT('',(1.955,5.11413E-12,-4.85624565229));
#5436 = CARTESIAN_POINT('',(1.955,-4.917510734215E-02,-4.859048006718));
#5437 = CARTESIAN_POINT('',(1.953515684605,-9.835027861282E-02,
    -4.861850209097));
#5438 = CARTESIAN_POINT('',(1.950547061856,-0.147469325493,
    -4.864652368063));
#5439 = CARTESIAN_POINT('',(1.946096953906,-0.196476288193,
    -4.867454571383));
#5440 = CARTESIAN_POINT('',(1.940170997019,-0.245315435447,
    -4.870256885954));
#5441 = CARTESIAN_POINT('',(1.922928432639,-0.358695830592,
    -4.876792727711));
#5442 = CARTESIAN_POINT('',(1.910474997764,-0.423064427582,
    -4.880526384473));
#5443 = CARTESIAN_POINT('',(1.89543738239,-0.486905636326,
    -4.884260421088));
#5444 = CARTESIAN_POINT('',(1.877844213726,-0.550090257777,
    -4.887994866632));
#5445 = CARTESIAN_POINT('',(1.857732700748,-0.612491312996,
    -4.891729686261));
#5446 = CARTESIAN_POINT('',(1.785039319278,-0.810423535689,
    -4.90375217483));
#5447 = CARTESIAN_POINT('',(1.722753979794,-0.942401155441,
    -4.912041485395));
#5448 = CARTESIAN_POINT('',(1.648795328225,-1.068539441089,
    -4.920330681767));
#5449 = CARTESIAN_POINT('',(1.563867055819,-1.187569845343,
    -4.928618446262));
#5450 = CARTESIAN_POINT('',(1.468839418087,-1.29833098432,
    -4.936904381255));
#5451 = CARTESIAN_POINT('',(1.216563188466,-1.544292982106,
    -4.956981953528));
#5452 = CARTESIAN_POINT('',(1.049964084594,-1.669995177981,
    -4.96877451215));
#5453 = CARTESIAN_POINT('',(0.868030079456,-1.773887213685,
    -4.980557734569));
#5454 = CARTESIAN_POINT('',(0.674359600946,-1.853792412162,
    -4.99233899202));
#5455 = CARTESIAN_POINT('',(0.47287843188,-1.908206524252,-5.00412614341
    ));
#5456 = CARTESIAN_POINT('',(0.195772344428,-1.946533494884,
    -5.020058036647));
#5457 = CARTESIAN_POINT('',(0.123249941407,-1.953283421794,
    -5.024202489921));
#5458 = CARTESIAN_POINT('',(5.046265255917E-02,-1.956789302689,
    -5.028347487844));
#5459 = CARTESIAN_POINT('',(-2.240852611973E-02,-1.957039726933,
    -5.032493062006));
#5460 = CARTESIAN_POINT('',(-9.518224889804E-02,-1.954036782925,
    -5.036639208075));
#5461 = CARTESIAN_POINT('',(-0.282837703263,-1.937882386386,
    -5.04737306962));
#5462 = CARTESIAN_POINT('',(-0.397298022163,-1.919797765873,
    -5.053961775561));
#5463 = CARTESIAN_POINT('',(-0.510327157716,-1.893605416378,
    -5.0605515139));
#5464 = CARTESIAN_POINT('',(-0.621211257344,-1.859453120015,
    -5.067142125558));
#5465 = CARTESIAN_POINT('',(-0.729258823526,-1.817571741551,
    -5.073733367536));
#5466 = CARTESIAN_POINT('',(-0.93195154553,-1.721994646024,
    -5.086512004226));
#5467 = CARTESIAN_POINT('',(-1.027016409952,-1.669177554305,
    -5.092699676604));
#5468 = CARTESIAN_POINT('',(-1.118452648462,-1.610081176916,
    -5.098886928173));
#5469 = CARTESIAN_POINT('',(-1.205746658618,-1.545021534841,
    -5.105073626785));
#5470 = CARTESIAN_POINT('',(-1.288422956994,-1.474369582262,
    -5.111259741143));
#5471 = CARTESIAN_POINT('',(-1.407352371041,-1.358203993727,
    -5.120736204631));
#5472 = CARTESIAN_POINT('',(-1.447227319961,-1.316395203203,
    -5.124027211444));
#5473 = CARTESIAN_POINT('',(-1.485607438414,-1.273186019961,
    -5.127318002045));
#5474 = CARTESIAN_POINT('',(-1.52243173177,-1.228643502623,
    -5.130608580209));
#5475 = CARTESIAN_POINT('',(-1.557643272819,-1.182838198995,
    -5.133898958368));
#5476 = CARTESIAN_POINT('',(-1.707709896175,-0.97261182995,
    -5.148617557777));
#5477 = CARTESIAN_POINT('',(-1.804162766109,-0.794998245837,
    -5.160046409117));
#5478 = CARTESIAN_POINT('',(-1.878263179553,-0.606170281073,
    -5.17147093777));
#5479 = CARTESIAN_POINT('',(-1.928525423418,-0.409650367693,
    -5.182896273008));
#5480 = CARTESIAN_POINT('',(-1.954097148909,-0.209164345692,
    -5.194326635781));
#5481 = CARTESIAN_POINT('',(-1.955868716589,0.192803135928,
    -5.217235393324));
#5482 = CARTESIAN_POINT('',(-1.931854077593,0.394379344443,
    -5.228719033196));
#5483 = CARTESIAN_POINT('',(-1.88289942937,0.59215691777,-5.240201260503
    ));
#5484 = CARTESIAN_POINT('',(-1.80983923179,0.782354726257,
    -5.251683599275));
#5485 = CARTESIAN_POINT('',(-1.714152650548,0.961393600963,
    -5.263167048217));
#5486 = CARTESIAN_POINT('',(-1.546411128893,1.199458957948,
    -5.279762534238));
#5487 = CARTESIAN_POINT('',(-1.490640309209,1.270017249804,
    -5.284879354112));
#5488 = CARTESIAN_POINT('',(-1.431020047586,1.337445027686,
    -5.289995534104));
#5489 = CARTESIAN_POINT('',(-1.367771865273,1.401482268641,
    -5.295111120834));
#5490 = CARTESIAN_POINT('',(-1.301140207229,1.461890360153,
    -5.300226218816));
#5491 = CARTESIAN_POINT('',(-1.134391827318,1.597115143788,
    -5.312453719489));
#5492 = CARTESIAN_POINT('',(-1.031358896827,1.668343712728,
    -5.319566004068));
#5493 = CARTESIAN_POINT('',(-0.923012481106,1.731555787971,
    -5.326677450047));
#5494 = CARTESIAN_POINT('',(-0.810135345663,1.786267719535,
    -5.333788849133));
#5495 = CARTESIAN_POINT('',(-0.693565396866,1.832099442005,
    -5.340901054821));
#5496 = CARTESIAN_POINT('',(-0.505292572976,1.889946848291,
    -5.352119061227));
#5497 = CARTESIAN_POINT('',(-0.435460431341,1.908067303351,
    -5.356224442087));
#5498 = CARTESIAN_POINT('',(-0.364860976944,1.923087909463,
    -5.360330247344));
#5499 = CARTESIAN_POINT('',(-0.293666059347,1.934969460967,
    -5.36443654337));
#5500 = CARTESIAN_POINT('',(-0.22204994598,1.943685527108,
    -5.368543371229));
#5501 = CARTESIAN_POINT('',(-2.103649134051E-04,1.96077846397,
    -5.381223172763));
#5502 = CARTESIAN_POINT('',(0.150846368576,1.958487497741,
    -5.389798623912));
#5503 = CARTESIAN_POINT('',(0.301358573626,1.942220958596,
    -5.398375877653));
#5504 = CARTESIAN_POINT('',(0.449723436511,1.912113245523,-5.40695515569
    ));
#5505 = CARTESIAN_POINT('',(0.594372666118,1.86852178865,-5.415535878529
    ));
#5506 = CARTESIAN_POINT('',(0.822989616628,1.775942728596,-5.42960385431
    ));
#5507 = CARTESIAN_POINT('',(0.910048211525,1.734556127269,
    -5.435092081917));
#5508 = CARTESIAN_POINT('',(0.994583501116,1.688059427057,
    -5.440579714859));
#5509 = CARTESIAN_POINT('',(1.076223233889,1.636647910446,
    -5.446066531327));
#5510 = CARTESIAN_POINT('',(1.154616119195,1.58055250739,-5.451552403358
    ));
#5511 = CARTESIAN_POINT('',(1.25531114963,1.49910860907,-5.45893417075)
  );
#5512 = CARTESIAN_POINT('',(1.280760928219,1.477649902491,
    -5.460831065092));
#5513 = CARTESIAN_POINT('',(1.305769616407,1.455673476455,-5.46272783091
    ));
#5514 = CARTESIAN_POINT('',(1.330324089293,1.433190707583,
    -5.464624468413));
#5515 = CARTESIAN_POINT('',(1.354411617948,1.41021341286,-5.466520980121
    ));
#5516 = CARTESIAN_POINT('',(1.491287515105,1.274199580286,
    -5.477515872471));
#5517 = CARTESIAN_POINT('',(1.593533526315,1.150533283047,
    -5.486612443579));
#5518 = CARTESIAN_POINT('',(1.683370274209,1.017126678563,
    -5.495705787933));
#5519 = CARTESIAN_POINT('',(1.759683557518,0.875550322168,
    -5.504798754061));
#5520 = CARTESIAN_POINT('',(1.821602515277,0.727520666706,
    -5.513894818521));
#5521 = CARTESIAN_POINT('',(1.880598707795,0.535770311873,
    -5.525324944737));
#5522 = CARTESIAN_POINT('',(1.89165527987,0.496335052736,-5.5276577664)
  );
#5523 = CARTESIAN_POINT('',(1.901718890212,0.456628124436,
    -5.529990738315));
#5524 = CARTESIAN_POINT('',(1.910781337554,0.416680777364,
    -5.532323853446));
#5525 = CARTESIAN_POINT('',(1.918835735093,0.376524578874,
    -5.534657094422));
#5526 = CARTESIAN_POINT('',(1.935560119712,0.280718742621,
    -5.540199617587));
#5527 = CARTESIAN_POINT('',(1.943326367367,0.224911169227,
    -5.543408992796));
#5528 = CARTESIAN_POINT('',(1.949160745406,0.168851762005,
    -5.546618476509));
#5529 = CARTESIAN_POINT('',(1.953053573694,0.11262404143,-5.549827961059
    ));
#5530 = CARTESIAN_POINT('',(1.955,5.631197955345E-02,-5.553037313755));
#5531 = CARTESIAN_POINT('',(1.955,3.53739E-12,-5.556246376886));
#5532 = PCURVE('',#4954,#5533);
#5533 = DEFINITIONAL_REPRESENTATION('',(#5534),#5632);
#5534 = B_SPLINE_CURVE_WITH_KNOTS('',6,(#5535,#5536,#5537,#5538,#5539,
    #5540,#5541,#5542,#5543,#5544,#5545,#5546,#5547,#5548,#5549,#5550,
    #5551,#5552,#5553,#5554,#5555,#5556,#5557,#5558,#5559,#5560,#5561,
    #5562,#5563,#5564,#5565,#5566,#5567,#5568,#5569,#5570,#5571,#5572,
    #5573,#5574,#5575,#5576,#5577,#5578,#5579,#5580,#5581,#5582,#5583,
    #5584,#5585,#5586,#5587,#5588,#5589,#5590,#5591,#5592,#5593,#5594,
    #5595,#5596,#5597,#5598,#5599,#5600,#5601,#5602,#5603,#5604,#5605,
    #5606,#5607,#5608,#5609,#5610,#5611,#5612,#5613,#5614,#5615,#5616,
    #5617,#5618,#5619,#5620,#5621,#5622,#5623,#5624,#5625,#5626,#5627,
    #5628,#5629,#5630,#5631),.UNSPECIFIED.,.F.,.F.,(7,5,5,5,5,5,5,5,5,5,
    5,5,5,5,5,5,5,5,5,7),(0.,2.402044972939E-02,5.601978068317E-02,
    0.127019595884,0.228123102031,0.26366547247,0.320126124387,
    0.373129262284,0.401332652718,0.499296213145,0.597685207413,
    0.641549726505,0.702551993845,0.737757773973,0.811235095897,
    0.858238362391,0.874495480387,0.952493865119,0.972493406687,1.),
  .UNSPECIFIED.);
#5535 = CARTESIAN_POINT('',(5.250869560509E-02,0.));
#5536 = CARTESIAN_POINT('',(5.250861564166E-02,2.530913504397E-02));
#5537 = CARTESIAN_POINT('',(5.250884930653E-02,5.061831306204E-02));
#5538 = CARTESIAN_POINT('',(5.250920154203E-02,7.59276344123E-02));
#5539 = CARTESIAN_POINT('',(5.250950864537E-02,0.101237152551));
#5540 = CARTESIAN_POINT('',(5.250963826865E-02,0.126546874031));
#5541 = CARTESIAN_POINT('',(5.25092911256E-02,0.185573836197));
#5542 = CARTESIAN_POINT('',(5.250859943101E-02,0.219291276626));
#5543 = CARTESIAN_POINT('',(5.250720892112E-02,0.253008992107));
#5544 = CARTESIAN_POINT('',(5.250503764289E-02,0.286726875161));
#5545 = CARTESIAN_POINT('',(5.250212710421E-02,0.32044479852));
#5546 = CARTESIAN_POINT('',(5.249091016517E-02,0.428975390141));
#5547 = CARTESIAN_POINT('',(5.248032154867E-02,0.503792579011));
#5548 = CARTESIAN_POINT('',(5.246839560166E-02,0.578602697491));
#5549 = CARTESIAN_POINT('',(5.245884491677E-02,0.65341061016));
#5550 = CARTESIAN_POINT('',(5.245383155556E-02,0.728222488895));
#5551 = CARTESIAN_POINT('',(5.245367016085E-02,0.909552585253));
#5552 = CARTESIAN_POINT('',(5.246356095162E-02,1.016101877543));
#5553 = CARTESIAN_POINT('',(5.248505225967E-02,1.122619232804));
#5554 = CARTESIAN_POINT('',(5.251117468286E-02,1.2291397517));
#5555 = CARTESIAN_POINT('',(5.253316421224E-02,1.335694839218));
#5556 = CARTESIAN_POINT('',(5.255299973527E-02,1.479673483623));
#5557 = CARTESIAN_POINT('',(5.255725044941E-02,1.517123355109));
#5558 = CARTESIAN_POINT('',(5.256043962711E-02,1.554573352207));
#5559 = CARTESIAN_POINT('',(5.256248513853E-02,1.592023389357));
#5560 = CARTESIAN_POINT('',(5.256337564209E-02,1.629473376225));
#5561 = CARTESIAN_POINT('',(5.256284484127E-02,1.726413973029));
#5562 = CARTESIAN_POINT('',(5.255975504913E-02,1.785905994259));
#5563 = CARTESIAN_POINT('',(5.255411850396E-02,1.845395839628));
#5564 = CARTESIAN_POINT('',(5.254659886476E-02,1.90488506913));
#5565 = CARTESIAN_POINT('',(5.253805394628E-02,1.964375361565));
#5566 = CARTESIAN_POINT('',(5.252105015721E-02,2.079708983568));
#5567 = CARTESIAN_POINT('',(5.251261391021E-02,2.135554923063));
#5568 = CARTESIAN_POINT('',(5.250464603331E-02,2.191399176873));
#5569 = CARTESIAN_POINT('',(5.249772775862E-02,2.247243176137));
#5570 = CARTESIAN_POINT('',(5.249224877143E-02,2.303088397897));
#5571 = CARTESIAN_POINT('',(5.248620755115E-02,2.388647906664));
#5572 = CARTESIAN_POINT('',(5.24845455424E-02,2.418363167406));
#5573 = CARTESIAN_POINT('',(5.248333527188E-02,2.44807851529));
#5574 = CARTESIAN_POINT('',(5.248257388365E-02,2.477793971529));
#5575 = CARTESIAN_POINT('',(5.248224006164E-02,2.507509552142));
#5576 = CARTESIAN_POINT('',(5.248248148589E-02,2.640441841461));
#5577 = CARTESIAN_POINT('',(5.248733990322E-02,2.743683581981));
#5578 = CARTESIAN_POINT('',(5.24953817399E-02,2.84690065729));
#5579 = CARTESIAN_POINT('',(5.250243702742E-02,2.950120562234));
#5580 = CARTESIAN_POINT('',(5.250578902643E-02,3.053369150807));
#5581 = CARTESIAN_POINT('',(5.250531720773E-02,3.260267726507));
#5582 = CARTESIAN_POINT('',(5.250146239052E-02,3.363964944864));
#5583 = CARTESIAN_POINT('',(5.249392130058E-02,3.467632760088));
#5584 = CARTESIAN_POINT('',(5.24855144229E-02,3.571297672685));
#5585 = CARTESIAN_POINT('',(5.248050687876E-02,3.674987961544));
#5586 = CARTESIAN_POINT('',(5.248031853708E-02,3.824869433139));
#5587 = CARTESIAN_POINT('',(5.248123188266E-02,3.871086174685));
#5588 = CARTESIAN_POINT('',(5.248326185391E-02,3.917302179294));
#5589 = CARTESIAN_POINT('',(5.248644984274E-02,3.963518054955));
#5590 = CARTESIAN_POINT('',(5.249072319591E-02,4.009734417525));
#5591 = CARTESIAN_POINT('',(5.250306346374E-02,4.120222953174));
#5592 = CARTESIAN_POINT('',(5.251195752209E-02,4.184497794566));
#5593 = CARTESIAN_POINT('',(5.252207554608E-02,4.248770589156));
#5594 = CARTESIAN_POINT('',(5.253243819052E-02,4.31304406499));
#5595 = CARTESIAN_POINT('',(5.25419101932E-02,4.377320804026));
#5596 = CARTESIAN_POINT('',(5.255393101913E-02,4.478690638898));
#5597 = CARTESIAN_POINT('',(5.255771935955E-02,4.515785539921));
#5598 = CARTESIAN_POINT('',(5.256070292961E-02,4.552880639866));
#5599 = CARTESIAN_POINT('',(5.256273486239E-02,4.589975874977));
#5600 = CARTESIAN_POINT('',(5.256371570779E-02,4.627071167032));
#5601 = CARTESIAN_POINT('',(5.256333823427E-02,4.741587235495));
#5602 = CARTESIAN_POINT('',(5.255829526069E-02,4.81901374871));
#5603 = CARTESIAN_POINT('',(5.254809037E-02,4.896433232687));
#5604 = CARTESIAN_POINT('',(5.25335809723E-02,4.973851561565));
#5605 = CARTESIAN_POINT('',(5.2517326217E-02,5.051275058152));
#5606 = CARTESIAN_POINT('',(5.249186347971E-02,5.178215163468));
#5607 = CARTESIAN_POINT('',(5.248222556912E-02,5.227738633328));
#5608 = CARTESIAN_POINT('',(5.247353650314E-02,5.277261017214));
#5609 = CARTESIAN_POINT('',(5.246643173142E-02,5.326783181259));
#5610 = CARTESIAN_POINT('',(5.246137170699E-02,5.37630604888));
#5611 = CARTESIAN_POINT('',(5.24574857351E-02,5.442957018802));
#5612 = CARTESIAN_POINT('',(5.24567471404E-02,5.460085506748));
#5613 = CARTESIAN_POINT('',(5.245627435812E-02,5.477214034202));
#5614 = CARTESIAN_POINT('',(5.245606850047E-02,5.494342608094));
#5615 = CARTESIAN_POINT('',(5.245612603038E-02,5.511471235193));
#5616 = CARTESIAN_POINT('',(5.245793918198E-02,5.610779919339));
#5617 = CARTESIAN_POINT('',(5.246530420904E-02,5.69296896287));
#5618 = CARTESIAN_POINT('',(5.247768346513E-02,5.775151505311));
#5619 = CARTESIAN_POINT('',(5.249149288972E-02,5.857337089463));
#5620 = CARTESIAN_POINT('',(5.250135198174E-02,5.939532818834));
#5621 = CARTESIAN_POINT('',(5.25079995292E-02,6.042794151973));
#5622 = CARTESIAN_POINT('',(5.250905550328E-02,6.063867825848));
#5623 = CARTESIAN_POINT('',(5.250979662762E-02,6.084941435022));
#5624 = CARTESIAN_POINT('',(5.251023051674E-02,6.106014950329));
#5625 = CARTESIAN_POINT('',(5.251038658358E-02,6.127088347674));
#5626 = CARTESIAN_POINT('',(5.251021901571E-02,6.177144952508));
#5627 = CARTESIAN_POINT('',(5.250968900129E-02,6.206128068174));
#5628 = CARTESIAN_POINT('',(5.250887633754E-02,6.235110887464));
#5629 = CARTESIAN_POINT('',(5.250799806528E-02,6.264093418029));
#5630 = CARTESIAN_POINT('',(5.250733792478E-02,6.293075742741));
#5631 = CARTESIAN_POINT('',(5.250724635573E-02,6.322058019692));
#5632 = ( GEOMETRIC_REPRESENTATION_CONTEXT(2) 
PARAMETRIC_REPRESENTATION_CONTEXT() REPRESENTATION_CONTEXT('2D SPACE',''
  ) );
#5633 = PCURVE('',#238,#5634);
#5634 = DEFINITIONAL_REPRESENTATION('',(#5635),#5771);
#5635 = B_SPLINE_CURVE_WITH_KNOTS('',3,(#5636,#5637,#5638,#5639,#5640,
    #5641,#5642,#5643,#5644,#5645,#5646,#5647,#5648,#5649,#5650,#5651,
    #5652,#5653,#5654,#5655,#5656,#5657,#5658,#5659,#5660,#5661,#5662,
    #5663,#5664,#5665,#5666,#5667,#5668,#5669,#5670,#5671,#5672,#5673,
    #5674,#5675,#5676,#5677,#5678,#5679,#5680,#5681,#5682,#5683,#5684,
    #5685,#5686,#5687,#5688,#5689,#5690,#5691,#5692,#5693,#5694,#5695,
    #5696,#5697,#5698,#5699,#5700,#5701,#5702,#5703,#5704,#5705,#5706,
    #5707,#5708,#5709,#5710,#5711,#5712,#5713,#5714,#5715,#5716,#5717,
    #5718,#5719,#5720,#5721,#5722,#5723,#5724,#5725,#5726,#5727,#5728,
    #5729,#5730,#5731,#5732,#5733,#5734,#5735,#5736,#5737,#5738,#5739,
    #5740,#5741,#5742,#5743,#5744,#5745,#5746,#5747,#5748,#5749,#5750,
    #5751,#5752,#5753,#5754,#5755,#5756,#5757,#5758,#5759,#5760,#5761,
    #5762,#5763,#5764,#5765,#5766,#5767,#5768,#5769,#5770),
  .UNSPECIFIED.,.F.,.F.,(4,1,1,1,1,1,1,1,1,1,1,1,1,1,1,1,1,1,1,1,1,1,1,1
    ,1,1,1,1,1,1,1,1,1,1,1,1,1,1,1,1,1,1,1,1,1,1,1,1,1,1,1,1,1,1,1,1,1,1
    ,1,1,1,1,1,1,1,1,1,1,1,1,1,1,1,1,1,1,1,1,1,1,1,1,1,1,1,1,1,1,1,1,1,1
    ,1,1,1,1,1,1,1,1,1,1,1,1,1,1,1,1,1,1,1,1,1,1,1,1,1,1,1,1,1,1,1,1,1,1
    ,1,1,1,1,1,1,4),(0.,7.575757575758E-03,1.515151515152E-02,
    2.272727272727E-02,3.030303030303E-02,3.787878787879E-02,
    4.545454545455E-02,5.30303030303E-02,6.060606060606E-02,
    6.818181818182E-02,7.575757575758E-02,8.333333333333E-02,
    9.090909090909E-02,9.848484848485E-02,0.106060606061,0.113636363636,
    0.121212121212,0.128787878788,0.136363636364,0.143939393939,
    0.151515151515,0.159090909091,0.166666666667,0.174242424242,
    0.181818181818,0.189393939394,0.19696969697,0.204545454545,
    0.212121212121,0.219696969697,0.227272727273,0.234848484848,
    0.242424242424,0.25,0.257575757576,0.265151515152,0.272727272727,
    0.280303030303,0.287878787879,0.295454545455,0.30303030303,
    0.310606060606,0.318181818182,0.325757575758,0.333333333333,
    0.340909090909,0.348484848485,0.356060606061,0.363636363636,
    0.371212121212,0.378787878788,0.386363636364,0.393939393939,
    0.401515151515,0.409090909091,0.416666666667,0.424242424242,
    0.431818181818,0.439393939394,0.44696969697,0.454545454545,
    0.462121212121,0.469696969697,0.477272727273,0.484848484848,
    0.492424242424,0.5,0.507575757576,0.515151515152,0.522727272727,
    0.530303030303,0.537878787879,0.545454545455,0.55303030303,
    0.560606060606,0.568181818182,0.575757575758,0.583333333333,
    0.590909090909,0.598484848485,0.606060606061,0.613636363636,
    0.621212121212,0.628787878788,0.636363636364,0.643939393939,
    0.651515151515,0.659090909091,0.666666666667,0.674242424242,
    0.681818181818,0.689393939394,0.69696969697,0.704545454545,
    0.712121212121,0.719696969697,0.727272727273,0.734848484848,
    0.742424242424,0.75,0.757575757576,0.765151515152,0.772727272727,
    0.780303030303,0.787878787879,0.795454545455,0.80303030303,
    0.810606060606,0.818181818182,0.825757575758,0.833333333333,
    0.840909090909,0.848484848485,0.856060606061,0.863636363636,
    0.871212121212,0.878787878788,0.886363636364,0.893939393939,
    0.901515151515,0.909090909091,0.916666666667,0.924242424242,
    0.931818181818,0.939393939394,0.94696969697,0.954545454545,
    0.962121212121,0.969696969697,0.977272727273,0.984848484848,
    0.992424242424,1.),.UNSPECIFIED.);
#5636 = CARTESIAN_POINT('',(0.,4.15624565229));
#5637 = CARTESIAN_POINT('',(1.586623064816E-02,4.158013303073));
#5638 = CARTESIAN_POINT('',(4.75986786333E-02,4.161548476862));
#5639 = CARTESIAN_POINT('',(9.519727617998E-02,4.166851144919));
#5640 = CARTESIAN_POINT('',(0.142795749951,4.172154038093));
#5641 = CARTESIAN_POINT('',(0.190394102567,4.177457379497));
#5642 = CARTESIAN_POINT('',(0.237992333974,4.18276131044));
#5643 = CARTESIAN_POINT('',(0.285590431327,4.188065879316));
#5644 = CARTESIAN_POINT('',(0.333188522164,4.193371064428));
#5645 = CARTESIAN_POINT('',(0.380786618148,4.198676782346));
#5646 = CARTESIAN_POINT('',(0.428385862112,4.203983016543));
#5647 = CARTESIAN_POINT('',(0.475985089288,4.209289461011));
#5648 = CARTESIAN_POINT('',(0.523584169741,4.214595903789));
#5649 = CARTESIAN_POINT('',(0.571183140473,4.219902148487));
#5650 = CARTESIAN_POINT('',(0.618782223459,4.225208028982));
#5651 = CARTESIAN_POINT('',(0.666381667438,4.230513401911));
#5652 = CARTESIAN_POINT('',(0.713981455652,4.235818122113));
#5653 = CARTESIAN_POINT('',(0.761581731405,4.24112209571));
#5654 = CARTESIAN_POINT('',(0.809180449862,4.246425026976));
#5655 = CARTESIAN_POINT('',(0.856782339462,4.251727410594));
#5656 = CARTESIAN_POINT('',(0.904386036556,4.257029112122));
#5657 = CARTESIAN_POINT('',(0.951989836939,4.262329991215));
#5658 = CARTESIAN_POINT('',(0.999593091583,4.267630057168));
#5659 = CARTESIAN_POINT('',(1.047195583941,4.272929397188));
#5660 = CARTESIAN_POINT('',(1.094797478143,4.278228165656));
#5661 = CARTESIAN_POINT('',(1.142399136492,4.283526557111));
#5662 = CARTESIAN_POINT('',(1.19000098759,4.288824783812));
#5663 = CARTESIAN_POINT('',(1.237603381894,4.294123051685));
#5664 = CARTESIAN_POINT('',(1.285206464518,4.2994215386));
#5665 = CARTESIAN_POINT('',(1.332809966941,4.304720365369));
#5666 = CARTESIAN_POINT('',(1.38041323986,4.31001959397));
#5667 = CARTESIAN_POINT('',(1.428014297763,4.315319124576));
#5668 = CARTESIAN_POINT('',(1.475612435967,4.320618970576));
#5669 = CARTESIAN_POINT('',(1.523211246099,4.32591961128));
#5670 = CARTESIAN_POINT('',(1.570809726968,4.331220981862));
#5671 = CARTESIAN_POINT('',(1.618408335876,4.33652313));
#5672 = CARTESIAN_POINT('',(1.666006771395,4.341826018109));
#5673 = CARTESIAN_POINT('',(1.713605626284,4.347129687566));
#5674 = CARTESIAN_POINT('',(1.761204557417,4.352434034158));
#5675 = CARTESIAN_POINT('',(1.808803356317,4.357738959591));
#5676 = CARTESIAN_POINT('',(1.856402116079,4.363044380357));
#5677 = CARTESIAN_POINT('',(1.904000988567,4.36835020831));
#5678 = CARTESIAN_POINT('',(1.951600072466,4.373656341619));
#5679 = CARTESIAN_POINT('',(1.999199174821,4.378962642491));
#5680 = CARTESIAN_POINT('',(2.046797958514,4.384268957428));
#5681 = CARTESIAN_POINT('',(2.094397207988,4.389575262682));
#5682 = CARTESIAN_POINT('',(2.14199634359,4.394881390667));
#5683 = CARTESIAN_POINT('',(2.189595453815,4.400187260931));
#5684 = CARTESIAN_POINT('',(2.237194633507,4.405492807451));
#5685 = CARTESIAN_POINT('',(2.284793972149,4.410797979189));
#5686 = CARTESIAN_POINT('',(2.332393334512,4.416102719265));
#5687 = CARTESIAN_POINT('',(2.37999232711,4.421406956419));
#5688 = CARTESIAN_POINT('',(2.427591342374,4.426710735696));
#5689 = CARTESIAN_POINT('',(2.475190454994,4.432014076074));
#5690 = CARTESIAN_POINT('',(2.522788976154,4.437316922935));
#5691 = CARTESIAN_POINT('',(2.570389602401,4.442619627185));
#5692 = CARTESIAN_POINT('',(2.617992367738,4.447922250651));
#5693 = CARTESIAN_POINT('',(2.665595160927,4.453224628551));
#5694 = CARTESIAN_POINT('',(2.713197419342,4.458526769574));
#5695 = CARTESIAN_POINT('',(2.760798887972,4.463828722121));
#5696 = CARTESIAN_POINT('',(2.808399731141,4.469130583961));
#5697 = CARTESIAN_POINT('',(2.856000303258,4.474432473639));
#5698 = CARTESIAN_POINT('',(2.903601030133,4.47973451298));
#5699 = CARTESIAN_POINT('',(2.951202248987,4.485036805029));
#5700 = CARTESIAN_POINT('',(2.998804121442,4.490339420661));
#5701 = CARTESIAN_POINT('',(3.046406271871,4.49564235663));
#5702 = CARTESIAN_POINT('',(3.094008385913,4.500945600749));
#5703 = CARTESIAN_POINT('',(3.141607138634,4.506248798622));
#5704 = CARTESIAN_POINT('',(3.189206926684,4.5115524328));
#5705 = CARTESIAN_POINT('',(3.236809091611,4.516856637609));
#5706 = CARTESIAN_POINT('',(3.284411254927,4.522161114559));
#5707 = CARTESIAN_POINT('',(3.332012992994,4.527465763162));
#5708 = CARTESIAN_POINT('',(3.3796140663,4.532770492851));
#5709 = CARTESIAN_POINT('',(3.427214673863,4.538075254548));
#5710 = CARTESIAN_POINT('',(3.474815186773,4.543380013496));
#5711 = CARTESIAN_POINT('',(3.52241603833,4.548684738331));
#5712 = CARTESIAN_POINT('',(3.57001756755,4.553989384902));
#5713 = CARTESIAN_POINT('',(3.617619909682,4.559293885827));
#5714 = CARTESIAN_POINT('',(3.665222720096,4.56459812329));
#5715 = CARTESIAN_POINT('',(3.712825450966,4.569901964119));
#5716 = CARTESIAN_POINT('',(3.760425477775,4.575205063439));
#5717 = CARTESIAN_POINT('',(3.808024292857,4.580507550094));
#5718 = CARTESIAN_POINT('',(3.855623578839,4.585809579073));
#5719 = CARTESIAN_POINT('',(3.903222749881,4.591111077627));
#5720 = CARTESIAN_POINT('',(3.950822002995,4.596412076841));
#5721 = CARTESIAN_POINT('',(3.998421405727,4.601712612568));
#5722 = CARTESIAN_POINT('',(4.046020556533,4.607012687375));
#5723 = CARTESIAN_POINT('',(4.093620317022,4.612312463283));
#5724 = CARTESIAN_POINT('',(4.141220086712,4.617611953508));
#5725 = CARTESIAN_POINT('',(4.188819641545,4.622911229647));
#5726 = CARTESIAN_POINT('',(4.236419027685,4.628210404407));
#5727 = CARTESIAN_POINT('',(4.284018408188,4.633509611023));
#5728 = CARTESIAN_POINT('',(4.331617876245,4.638808979162));
#5729 = CARTESIAN_POINT('',(4.379217433365,4.644108628199));
#5730 = CARTESIAN_POINT('',(4.426816348347,4.649408594509));
#5731 = CARTESIAN_POINT('',(4.47441512871,4.654709031309));
#5732 = CARTESIAN_POINT('',(4.522013792072,4.660010060333));
#5733 = CARTESIAN_POINT('',(4.569612373238,4.665311750623));
#5734 = CARTESIAN_POINT('',(4.617210964813,4.670614155349));
#5735 = CARTESIAN_POINT('',(4.664809508447,4.675917326654));
#5736 = CARTESIAN_POINT('',(4.712409284428,4.681221412456));
#5737 = CARTESIAN_POINT('',(4.760008980433,4.686526253083));
#5738 = CARTESIAN_POINT('',(4.807608421873,4.691831786447));
#5739 = CARTESIAN_POINT('',(4.855207611444,4.697137944922));
#5740 = CARTESIAN_POINT('',(4.902806778733,4.702444662308));
#5741 = CARTESIAN_POINT('',(4.950406180939,4.707751853475));
#5742 = CARTESIAN_POINT('',(4.998005940393,4.713059398741));
#5743 = CARTESIAN_POINT('',(5.045605993361,4.718367142232));
#5744 = CARTESIAN_POINT('',(5.093205524395,4.723674835158));
#5745 = CARTESIAN_POINT('',(5.140804273842,4.728982291001));
#5746 = CARTESIAN_POINT('',(5.188403473927,4.734289488334));
#5747 = CARTESIAN_POINT('',(5.236002563497,4.739596217804));
#5748 = CARTESIAN_POINT('',(5.283601718875,4.744902368353));
#5749 = CARTESIAN_POINT('',(5.331200991161,4.750207837124));
#5750 = CARTESIAN_POINT('',(5.378800345424,4.755512539734));
#5751 = CARTESIAN_POINT('',(5.426399434487,4.760816390269));
#5752 = CARTESIAN_POINT('',(5.47399854316,4.766119410543));
#5753 = CARTESIAN_POINT('',(5.521597617132,4.771421620771));
#5754 = CARTESIAN_POINT('',(5.569198206337,4.776723260862));
#5755 = CARTESIAN_POINT('',(5.616798738605,4.782024259407));
#5756 = CARTESIAN_POINT('',(5.664398895216,4.787324716307));
#5757 = CARTESIAN_POINT('',(5.711998579948,4.792624783504));
#5758 = CARTESIAN_POINT('',(5.759597988243,4.797924664301));
#5759 = CARTESIAN_POINT('',(5.807197391105,4.803224578484));
#5760 = CARTESIAN_POINT('',(5.854797023612,4.80852473726));
#5761 = CARTESIAN_POINT('',(5.902396862735,4.813825304833));
#5762 = CARTESIAN_POINT('',(5.949996723983,4.819126395249));
#5763 = CARTESIAN_POINT('',(5.997595132963,4.824427933194));
#5764 = CARTESIAN_POINT('',(6.045193200104,4.829730072479));
#5765 = CARTESIAN_POINT('',(6.092791410152,4.835032826577));
#5766 = CARTESIAN_POINT('',(6.140389700778,4.840336070155));
#5767 = CARTESIAN_POINT('',(6.187988121641,4.845639615555));
#5768 = CARTESIAN_POINT('',(6.235586653281,4.850943195469));
#5769 = CARTESIAN_POINT('',(6.26731907842,4.854478717514));
#5770 = CARTESIAN_POINT('',(6.28318530718,4.856246376886));
#5771 = ( GEOMETRIC_REPRESENTATION_CONTEXT(2) 
PARAMETRIC_REPRESENTATION_CONTEXT() REPRESENTATION_CONTEXT('2D SPACE',''
  ) );
#5772 = ORIENTED_EDGE('',*,*,#4941,.T.);
#5773 = ORIENTED_EDGE('',*,*,#5774,.T.);
#5774 = EDGE_CURVE('',#4826,#5775,#5777,.T.);
#5775 = VERTEX_POINT('',#5776);
#5776 = CARTESIAN_POINT('',(1.576115678953,4.42444054E-07,
    -5.337507764026));
#5777 = SURFACE_CURVE('',#5778,(#5790,#5797),.PCURVE_S1.);
#5778 = B_SPLINE_CURVE_WITH_KNOTS('',10,(#5779,#5780,#5781,#5782,#5783,
    #5784,#5785,#5786,#5787,#5788,#5789),.UNSPECIFIED.,.F.,.F.,(11,11),(
    0.,6.322058019692),.PIECEWISE_BEZIER_KNOTS.);
#5779 = CARTESIAN_POINT('',(1.576116037594,5.309325531E-07,
    -4.637509316826));
#5780 = CARTESIAN_POINT('',(1.576115876813,-0.990353594512,
    -4.707507176666));
#5781 = CARTESIAN_POINT('',(0.88485834015,-1.98017301092,-4.777468366495
    ));
#5782 = CARTESIAN_POINT('',(-0.498952402518,-2.426292627525,
    -4.847621921597));
#5783 = CARTESIAN_POINT('',(-2.079966468025,-1.801105321256,
    -4.91739232937));
#5784 = CARTESIAN_POINT('',(-2.916359259045,-8.41890533552E-06,
    -4.987508540241));
#5785 = CARTESIAN_POINT('',(-2.079912617265,1.801115129839,
    -5.057624751776));
#5786 = CARTESIAN_POINT('',(-0.499006840989,2.426288067816,
    -5.127395159113));
#5787 = CARTESIAN_POINT('',(0.884875516147,1.980174247536,
    -5.197548714389));
#5788 = CARTESIAN_POINT('',(1.576115895313,0.990354567889,
    -5.267509904186));
#5789 = CARTESIAN_POINT('',(1.576115678953,4.424440548E-07,
    -5.337507764026));
#5790 = PCURVE('',#4954,#5791);
#5791 = DEFINITIONAL_REPRESENTATION('',(#5792),#5796);
#5792 = LINE('',#5793,#5794);
#5793 = CARTESIAN_POINT('',(0.49,0.));
#5794 = VECTOR('',#5795,1.);
#5795 = DIRECTION('',(0.,1.));
#5796 = ( GEOMETRIC_REPRESENTATION_CONTEXT(2) 
PARAMETRIC_REPRESENTATION_CONTEXT() REPRESENTATION_CONTEXT('2D SPACE',''
  ) );
#5797 = PCURVE('',#5798,#5883);
#5798 = ( BOUNDED_SURFACE() B_SPLINE_SURFACE(6,11,(
    (#5799,#5800,#5801,#5802,#5803,#5804,#5805,#5806,#5807,#5808,#5809
      ,#5810)
    ,(#5811,#5812,#5813,#5814,#5815,#5816,#5817,#5818,#5819,#5820,#5821
      ,#5822)
    ,(#5823,#5824,#5825,#5826,#5827,#5828,#5829,#5830,#5831,#5832,#5833
      ,#5834)
    ,(#5835,#5836,#5837,#5838,#5839,#5840,#5841,#5842,#5843,#5844,#5845
      ,#5846)
    ,(#5847,#5848,#5849,#5850,#5851,#5852,#5853,#5854,#5855,#5856,#5857
      ,#5858)
    ,(#5859,#5860,#5861,#5862,#5863,#5864,#5865,#5866,#5867,#5868,#5869
      ,#5870)
    ,(#5871,#5872,#5873,#5874,#5875,#5876,#5877,#5878,#5879,#5880,#5881
,#5882
    )),.UNSPECIFIED.,.F.,.F.,.F.) B_SPLINE_SURFACE_WITH_KNOTS((7,7),(12,
    12),(0.,2.094395102393),(0.,6.322058019692),
.PIECEWISE_BEZIER_KNOTS.) GEOMETRIC_REPRESENTATION_ITEM() 
RATIONAL_B_SPLINE_SURFACE((
    (1.056590953773,1.056590953773,1.056590953773,1.056590953773
      ,1.056590953773,1.056590953773,1.056590953773,1.056590953773
      ,1.056590953773,1.056590953773,1.056590953773,1.056590953773)
    ,(1.017435169568,1.017435169568,1.017435169568,1.017435169568
      ,1.017435169568,1.017435169569,1.017435169568,1.017435169568
      ,1.017435169568,1.017435169568,1.017435169568,1.017435169568)
    ,(0.996326512422,0.996326512422,0.996326512422,0.996326512422
      ,0.996326512422,0.996326512423,0.996326512421,0.996326512423
      ,0.996326512422,0.996326512422,0.996326512422,0.996326512422)
    ,(0.989390034249,0.989390034249,0.989390034249,0.989390034249
      ,0.989390034248,0.989390034249,0.989390034248,0.989390034249
      ,0.989390034248,0.989390034249,0.989390034249,0.989390034249)
    ,(0.996326512422,0.996326512422,0.996326512422,0.996326512422
      ,0.996326512422,0.996326512423,0.996326512421,0.996326512423
      ,0.996326512422,0.996326512422,0.996326512422,0.996326512422)
    ,(1.017435169568,1.017435169568,1.017435169568,1.017435169568
      ,1.017435169568,1.017435169568,1.017435169568,1.017435169568
      ,1.017435169568,1.017435169568,1.017435169568,1.017435169568)
    ,(1.056590953773,1.056590953773,1.056590953773,1.056590953773
      ,1.056590953773,1.056590953773,1.056590953773,1.056590953773
      ,1.056590953773,1.056590953773,1.056590953773,1.056590953773
))) REPRESENTATION_ITEM('') SURFACE() );
#5799 = CARTESIAN_POINT('',(1.576116037594,5.3093255387E-07,
    -4.637509316826));
#5800 = CARTESIAN_POINT('',(1.576115891429,-0.90032140129,
    -4.701143734862));
#5801 = CARTESIAN_POINT('',(1.010541528634,-1.800205844301,
    -4.764748150163));
#5802 = CARTESIAN_POINT('',(-0.121528860177,-2.307157201297,
    -4.828586461005));
#5803 = CARTESIAN_POINT('',(-1.505133240157,-2.018492888004,
    -4.891638915285));
#5804 = CARTESIAN_POINT('',(-2.53603611451,-0.836462528879,
    -4.956320315144));
#5805 = CARTESIAN_POINT('',(-2.536300843217,0.836457803066,
    -5.01869676564));
#5806 = CARTESIAN_POINT('',(-1.504956811758,2.018497471752,
    -5.083378165703));
#5807 = CARTESIAN_POINT('',(-0.121604992475,2.307154222404,
    -5.146430619752));
#5808 = CARTESIAN_POINT('',(1.010555585086,1.800207033055,
    -5.210268930716));
#5809 = CARTESIAN_POINT('',(1.576115875644,0.900322374666,-5.27387334599
    ));
#5810 = CARTESIAN_POINT('',(1.576115678953,4.4244405389E-07,
    -5.337507764026));
#5811 = CARTESIAN_POINT('',(1.544397679244,5.7537926806E-07,
    -4.619197754023));
#5812 = CARTESIAN_POINT('',(1.544397652492,-0.882207800434,
    -4.682832009183));
#5813 = CARTESIAN_POINT('',(0.990203475156,-1.763944263843,
    -4.746433749923));
#5814 = CARTESIAN_POINT('',(-0.11907932144,-2.260837327737,
    -4.810288966811));
#5815 = CARTESIAN_POINT('',(-1.474842960978,-1.977644062806,
    -4.873292539032));
#5816 = CARTESIAN_POINT('',(-2.485016472379,-0.819953379702,
    -4.938061424224));
#5817 = CARTESIAN_POINT('',(-2.485225953619,0.81994918384,
    -5.000332400976));
#5818 = CARTESIAN_POINT('',(-1.474703818428,1.977647415217,
    -5.065101286329));
#5819 = CARTESIAN_POINT('',(-0.119139939094,2.260834950101,
    -5.128104858368));
#5820 = CARTESIAN_POINT('',(0.990214264202,1.763945386712,
    -5.191960075353));
#5821 = CARTESIAN_POINT('',(1.544397477157,0.882208855296,-5.25556181607
    ));
#5822 = CARTESIAN_POINT('',(1.54439739565,4.7948294207E-07,
    -5.319196071231));
#5823 = CARTESIAN_POINT('',(1.522045216665,6.0670131424E-07,
    -4.588204070278));
#5824 = CARTESIAN_POINT('',(1.522045366956,-0.869442861297,
    -4.651838210657));
#5825 = CARTESIAN_POINT('',(0.975872497151,-1.738390216679,
    -4.715438066588));
#5826 = CARTESIAN_POINT('',(-0.11736081489,-2.228194684934,
    -4.779305197446));
#5827 = CARTESIAN_POINT('',(-1.453478560626,-1.948857823623,
    -4.842274321687));
#5828 = CARTESIAN_POINT('',(-2.449089438108,-0.808318796341,
    -4.90710485919));
#5829 = CARTESIAN_POINT('',(-2.4492053672,0.80831562701,-4.969301506937)
  );
#5830 = CARTESIAN_POINT('',(-1.453402423345,1.948859168733,
    -5.034132044527));
#5831 = CARTESIAN_POINT('',(-0.117395055356,2.228193331204,
    -5.09710116867));
#5832 = CARTESIAN_POINT('',(0.97587784791,1.738391176413,-5.160968299581
    ));
#5833 = CARTESIAN_POINT('',(1.52204496754,0.869443973583,-5.224568155499
    ));
#5834 = CARTESIAN_POINT('',(1.522045060095,5.0558457909E-07,
    -5.288202295878));
#5835 = CARTESIAN_POINT('',(1.513965443541,6.180228857E-07,
    -4.550010845089));
#5836 = CARTESIAN_POINT('',(1.513965796423,-0.864828734071,
    -4.613644943977));
#5837 = CARTESIAN_POINT('',(0.970694635036,-1.729153312988,
    -4.677244118606));
#5838 = CARTESIAN_POINT('',(-0.116751149802,-2.216394940267,
    -4.74111555601));
#5839 = CARTESIAN_POINT('',(-1.445728595534,-1.938453346436,
    -4.804072228346));
#5840 = CARTESIAN_POINT('',(-2.436143682738,-0.804112770256,
    -4.868925051267));
#5841 = CARTESIAN_POINT('',(-2.436144302484,0.804110946388,
    -4.931094831398));
#5842 = CARTESIAN_POINT('',(-1.445730034575,1.938452265697,
    -4.995947654316));
#5843 = CARTESIAN_POINT('',(-0.116752812915,2.216394852158,
    -5.058904326655));
#5844 = CARTESIAN_POINT('',(0.970693341421,1.729154039627,-5.12277576406
    ));
#5845 = CARTESIAN_POINT('',(1.513965149432,0.864829867112,
    -5.186374938685));
#5846 = CARTESIAN_POINT('',(1.5139654435,5.1501913256E-07,
    -5.250009037575));
#5847 = CARTESIAN_POINT('',(1.522043338304,6.0670267382E-07,
    -4.511817222581));
#5848 = CARTESIAN_POINT('',(1.522043880848,-0.869441878,-4.57545136295)
  );
#5849 = CARTESIAN_POINT('',(0.975878013688,-1.738388494621,
    -4.639051218725));
#5850 = CARTESIAN_POINT('',(-0.117393289313,-2.228190903237,
    -4.702918350554));
#5851 = CARTESIAN_POINT('',(-1.453399367367,-1.948858012161,
    -4.76588747204));
#5852 = CARTESIAN_POINT('',(-2.449201987701,-0.808316521282,
    -4.830718014382));
#5853 = CARTESIAN_POINT('',(-2.449087275399,0.808316109696,
    -4.892914656404));
#5854 = CARTESIAN_POINT('',(-1.453478330008,1.948854545166,
    -4.957745198652));
#5855 = CARTESIAN_POINT('',(-0.117362314144,2.228192083978,
    -5.020714320244));
#5856 = CARTESIAN_POINT('',(0.975870123091,1.738388961542,
    -5.084581452019));
#5857 = CARTESIAN_POINT('',(1.522043009986,0.869442990288,
    -5.148181307802));
#5858 = CARTESIAN_POINT('',(1.522043494794,5.0558553122E-07,
    -5.211815448174));
#5859 = CARTESIAN_POINT('',(1.544394276579,5.753817276E-07,
    -4.480822439575));
#5860 = CARTESIAN_POINT('',(1.544394960398,-0.882206019185,
    -4.544456694718));
#5861 = CARTESIAN_POINT('',(0.990213468401,-1.763941144323,
    -4.608058435174));
#5862 = CARTESIAN_POINT('',(-0.119138149088,-2.260830477167,
    -4.671913653822));
#5863 = CARTESIAN_POINT('',(-1.47469950183,-1.977644404343,
    -4.734917221051));
#5864 = CARTESIAN_POINT('',(-2.485220356764,-0.819949258418,
    -4.79968611501));
#5865 = CARTESIAN_POINT('',(-2.485012029485,0.819950058229,
    -4.86195708139));
#5866 = CARTESIAN_POINT('',(-1.474841323885,1.977639039594,
    -4.926725975181));
#5867 = CARTESIAN_POINT('',(-0.119080628156,2.260832690743,
    -4.989729542599));
#5868 = CARTESIAN_POINT('',(0.990200270637,1.763941374458,-5.05358476115
    ));
#5869 = CARTESIAN_POINT('',(1.544393931034,0.882207074051,
    -5.117186501624));
#5870 = CARTESIAN_POINT('',(1.544394560096,4.794846683E-07,
    -5.18082075677));
#5871 = CARTESIAN_POINT('',(1.576111734324,5.3093566782E-07,
    -4.462509316878));
#5872 = CARTESIAN_POINT('',(1.5761124868,-0.900319148586,-4.526143734893
    ));
#5873 = CARTESIAN_POINT('',(1.010554166856,-1.800201899118,
    -4.589748149836));
#5874 = CARTESIAN_POINT('',(-0.121603258118,-2.307148537542,
    -4.653586462903));
#5875 = CARTESIAN_POINT('',(-1.504951810751,-2.018493319938,
    -4.71663891087));
#5876 = CARTESIAN_POINT('',(-2.536293962288,-0.836457316788,
    -4.781320321816));
#5877 = CARTESIAN_POINT('',(-2.536030298404,0.836458908886,
    -4.843696759195));
#5878 = CARTESIAN_POINT('',(-1.50513071167,2.018486879298,-4.90837816993
    ));
#5879 = CARTESIAN_POINT('',(-0.121529983329,2.307151365048,
    -4.971430618135));
#5880 = CARTESIAN_POINT('',(1.010537887754,1.800201958852,
    -5.035268931079));
#5881 = CARTESIAN_POINT('',(1.576111390945,0.900320121967,
    -5.098873346045));
#5882 = CARTESIAN_POINT('',(1.576112092895,4.424462331E-07,
    -5.162507764063));
#5883 = DEFINITIONAL_REPRESENTATION('',(#5884),#5888);
#5884 = LINE('',#5885,#5886);
#5885 = CARTESIAN_POINT('',(0.,0.));
#5886 = VECTOR('',#5887,1.);
#5887 = DIRECTION('',(0.,1.));
#5888 = ( GEOMETRIC_REPRESENTATION_CONTEXT(2) 
PARAMETRIC_REPRESENTATION_CONTEXT() REPRESENTATION_CONTEXT('2D SPACE',''
  ) );
#5889 = ORIENTED_EDGE('',*,*,#5890,.F.);
#5890 = EDGE_CURVE('',#5431,#5775,#5891,.T.);
#5891 = SURFACE_CURVE('',#5892,(#5895,#5902),.PCURVE_S1.);
#5892 = B_SPLINE_CURVE_WITH_KNOTS('',1,(#5893,#5894),.UNSPECIFIED.,.F.,
  .F.,(2,2),(0.,0.49),.PIECEWISE_BEZIER_KNOTS.);
#5893 = CARTESIAN_POINT('',(2.0004731472,-5.309754863E-08,
    -5.582499068245));
#5894 = CARTESIAN_POINT('',(1.576115678953,4.424440548E-07,
    -5.337507764026));
#5895 = PCURVE('',#4954,#5896);
#5896 = DEFINITIONAL_REPRESENTATION('',(#5897),#5901);
#5897 = LINE('',#5898,#5899);
#5898 = CARTESIAN_POINT('',(0.,6.322058019692));
#5899 = VECTOR('',#5900,1.);
#5900 = DIRECTION('',(1.,0.));
#5901 = ( GEOMETRIC_REPRESENTATION_CONTEXT(2) 
PARAMETRIC_REPRESENTATION_CONTEXT() REPRESENTATION_CONTEXT('2D SPACE',''
  ) );
#5902 = PCURVE('',#5903,#5926);
#5903 = B_SPLINE_SURFACE_WITH_KNOTS('',1,10,(
    (#5904,#5905,#5906,#5907,#5908,#5909,#5910,#5911,#5912,#5913,#5914)
    ,(#5915,#5916,#5917,#5918,#5919,#5920,#5921,#5922,#5923,#5924,#5925
    )),.UNSPECIFIED.,.F.,.F.,.F.,(2,2),(11,11),(0.,0.49),(0.,
    6.322058019692),.PIECEWISE_BEZIER_KNOTS.);
#5904 = CARTESIAN_POINT('',(2.0004731472,-5.309754714E-08,
    -5.582499068245));
#5905 = CARTESIAN_POINT('',(2.0004712357,-1.256927813705,-5.652499325104
    ));
#5906 = CARTESIAN_POINT('',(1.12312507463,-2.513883758076,
    -5.722503983033));
#5907 = CARTESIAN_POINT('',(-0.63344347634,-3.078273635812,
    -5.792485553506));
#5908 = CARTESIAN_POINT('',(-2.639581096247,-2.28725188992,
    -5.862513109285));
#5909 = CARTESIAN_POINT('',(-3.702165927465,-2.847579264727E-05,
    -5.932499160715));
#5910 = CARTESIAN_POINT('',(-2.639372137212,2.287294161405,-6.0024852147
    ));
#5911 = CARTESIAN_POINT('',(-0.633644492731,3.07825751377,
    -6.072512768805));
#5912 = CARTESIAN_POINT('',(1.123195108637,2.513886326237,-6.14249433994
    ));
#5913 = CARTESIAN_POINT('',(2.000473689337,1.25692771813,-6.212498997755
    ));
#5914 = CARTESIAN_POINT('',(2.000471784505,-4.247758712E-08,
    -6.282499254607));
#5915 = CARTESIAN_POINT('',(1.576115678953,4.4244405258E-07,
    -5.337507764026));
#5916 = CARTESIAN_POINT('',(1.576115462595,-0.990353457711,
    -5.407505623871));
#5917 = CARTESIAN_POINT('',(0.884858027631,-1.980172609559,
    -5.477466813649));
#5918 = CARTESIAN_POINT('',(-0.498952425215,-2.426292048424,
    -5.547620368919));
#5919 = CARTESIAN_POINT('',(-2.079966096031,-1.801104793807,
    -5.617390776451));
#5920 = CARTESIAN_POINT('',(-2.916358594937,-8.25490924217E-06,
    -5.687506987445));
#5921 = CARTESIAN_POINT('',(-2.079912043492,1.801114835541,
    -5.757623199093));
#5922 = CARTESIAN_POINT('',(-0.499006590844,2.426287544912,-5.8273936062
    ));
#5923 = CARTESIAN_POINT('',(0.884875425887,1.980173746783,
    -5.897547161634));
#5924 = CARTESIAN_POINT('',(1.576115592257,0.99035425411,-5.967508351386
    ));
#5925 = CARTESIAN_POINT('',(1.57611532032,3.5395553296E-07,
    -6.037506211227));
#5926 = DEFINITIONAL_REPRESENTATION('',(#5927),#5931);
#5927 = LINE('',#5928,#5929);
#5928 = CARTESIAN_POINT('',(0.,0.));
#5929 = VECTOR('',#5930,1.);
#5930 = DIRECTION('',(1.,0.));
#5931 = ( GEOMETRIC_REPRESENTATION_CONTEXT(2) 
PARAMETRIC_REPRESENTATION_CONTEXT() REPRESENTATION_CONTEXT('2D SPACE',''
  ) );
#5932 = ADVANCED_FACE('',(#5933),#4849,.T.);
#5933 = FACE_BOUND('',#5934,.T.);
#5934 = EDGE_LOOP('',(#5935,#5936,#5937,#5938));
#5935 = ORIENTED_EDGE('',*,*,#4825,.F.);
#5936 = ORIENTED_EDGE('',*,*,#4990,.T.);
#5937 = ORIENTED_EDGE('',*,*,#5018,.T.);
#5938 = ORIENTED_EDGE('',*,*,#5939,.F.);
#5939 = EDGE_CURVE('',#4826,#5019,#5940,.T.);
#5940 = SURFACE_CURVE('',#5941,(#5949,#5956),.PCURVE_S1.);
#5941 = ( BOUNDED_CURVE() B_SPLINE_CURVE(6,(#5942,#5943,#5944,#5945,
#5946,#5947,#5948),.UNSPECIFIED.,.F.,.F.) B_SPLINE_CURVE_WITH_KNOTS((7,7
),(0.,2.094395102393),.PIECEWISE_BEZIER_KNOTS.) CURVE() 
GEOMETRIC_REPRESENTATION_ITEM() RATIONAL_B_SPLINE_CURVE((1.056590953773,
    1.017435169568,0.996326512422,0.989390034249,0.996326512422,
1.017435169568,1.056590953773)) REPRESENTATION_ITEM('') );
#5942 = CARTESIAN_POINT('',(1.576116037594,5.3093254443E-07,
    -4.637509316826));
#5943 = CARTESIAN_POINT('',(1.544397679244,5.7537925968E-07,
    -4.619197754023));
#5944 = CARTESIAN_POINT('',(1.522045216665,6.0670130769E-07,
    -4.588204070278));
#5945 = CARTESIAN_POINT('',(1.513965443541,6.1802287699E-07,
    -4.550010845089));
#5946 = CARTESIAN_POINT('',(1.522043338304,6.0670266544E-07,
    -4.511817222581));
#5947 = CARTESIAN_POINT('',(1.544394276579,5.7538171938E-07,
    -4.480822439575));
#5948 = CARTESIAN_POINT('',(1.576111734324,5.3093565855E-07,
    -4.462509316878));
#5949 = PCURVE('',#4849,#5950);
#5950 = DEFINITIONAL_REPRESENTATION('',(#5951),#5955);
#5951 = LINE('',#5952,#5953);
#5952 = CARTESIAN_POINT('',(0.,6.322058019692));
#5953 = VECTOR('',#5954,1.);
#5954 = DIRECTION('',(1.,0.));
#5955 = ( GEOMETRIC_REPRESENTATION_CONTEXT(2) 
PARAMETRIC_REPRESENTATION_CONTEXT() REPRESENTATION_CONTEXT('2D SPACE',''
  ) );
#5956 = PCURVE('',#5798,#5957);
#5957 = DEFINITIONAL_REPRESENTATION('',(#5958),#5962);
#5958 = LINE('',#5959,#5960);
#5959 = CARTESIAN_POINT('',(0.,0.));
#5960 = VECTOR('',#5961,1.);
#5961 = DIRECTION('',(1.,0.));
#5962 = ( GEOMETRIC_REPRESENTATION_CONTEXT(2) 
PARAMETRIC_REPRESENTATION_CONTEXT() REPRESENTATION_CONTEXT('2D SPACE',''
  ) );
#5963 = ADVANCED_FACE('',(#5964),#5397,.T.);
#5964 = FACE_BOUND('',#5965,.T.);
#5965 = EDGE_LOOP('',(#5966,#5998,#5999,#6342));
#5966 = ORIENTED_EDGE('',*,*,#5967,.F.);
#5967 = EDGE_CURVE('',#5019,#5968,#5970,.T.);
#5968 = VERTEX_POINT('',#5969);
#5969 = CARTESIAN_POINT('',(1.576112092895,4.42446235E-07,
    -5.162507764063));
#5970 = SURFACE_CURVE('',#5971,(#5984,#5991),.PCURVE_S1.);
#5971 = ( BOUNDED_CURVE() B_SPLINE_CURVE(11,(#5972,#5973,#5974,#5975,
    #5976,#5977,#5978,#5979,#5980,#5981,#5982,#5983),.UNSPECIFIED.,.F.,
.F.) B_SPLINE_CURVE_WITH_KNOTS((12,12),(0.,6.322058019692),
.PIECEWISE_BEZIER_KNOTS.) CURVE() GEOMETRIC_REPRESENTATION_ITEM() 
RATIONAL_B_SPLINE_CURVE((1.056590953773,1.056590953773,1.056590953773,
    1.056590953773,1.056590953773,1.056590953773,1.056590953773,
    1.056590953773,1.056590953773,1.056590953773,1.056590953773,
1.056590953773)) REPRESENTATION_ITEM('') );
#5972 = CARTESIAN_POINT('',(1.576111734324,5.3093566782E-07,
    -4.462509316878));
#5973 = CARTESIAN_POINT('',(1.5761124868,-0.900319148586,-4.526143734893
    ));
#5974 = CARTESIAN_POINT('',(1.010554166856,-1.800201899118,
    -4.589748149836));
#5975 = CARTESIAN_POINT('',(-0.121603258118,-2.307148537542,
    -4.653586462903));
#5976 = CARTESIAN_POINT('',(-1.504951810751,-2.018493319938,
    -4.71663891087));
#5977 = CARTESIAN_POINT('',(-2.536293962288,-0.836457316788,
    -4.781320321816));
#5978 = CARTESIAN_POINT('',(-2.536030298404,0.836458908886,
    -4.843696759195));
#5979 = CARTESIAN_POINT('',(-1.50513071167,2.018486879298,-4.90837816993
    ));
#5980 = CARTESIAN_POINT('',(-0.121529983329,2.307151365048,
    -4.971430618135));
#5981 = CARTESIAN_POINT('',(1.010537887754,1.800201958852,
    -5.035268931079));
#5982 = CARTESIAN_POINT('',(1.576111390945,0.900320121967,
    -5.098873346045));
#5983 = CARTESIAN_POINT('',(1.576112092895,4.424462331E-07,
    -5.162507764063));
#5984 = PCURVE('',#5397,#5985);
#5985 = DEFINITIONAL_REPRESENTATION('',(#5986),#5990);
#5986 = LINE('',#5987,#5988);
#5987 = CARTESIAN_POINT('',(0.,0.));
#5988 = VECTOR('',#5989,1.);
#5989 = DIRECTION('',(0.,1.));
#5990 = ( GEOMETRIC_REPRESENTATION_CONTEXT(2) 
PARAMETRIC_REPRESENTATION_CONTEXT() REPRESENTATION_CONTEXT('2D SPACE',''
  ) );
#5991 = PCURVE('',#5798,#5992);
#5992 = DEFINITIONAL_REPRESENTATION('',(#5993),#5997);
#5993 = LINE('',#5994,#5995);
#5994 = CARTESIAN_POINT('',(2.094395102393,0.));
#5995 = VECTOR('',#5996,1.);
#5996 = DIRECTION('',(0.,1.));
#5997 = ( GEOMETRIC_REPRESENTATION_CONTEXT(2) 
PARAMETRIC_REPRESENTATION_CONTEXT() REPRESENTATION_CONTEXT('2D SPACE',''
  ) );
#5998 = ORIENTED_EDGE('',*,*,#5384,.T.);
#5999 = ORIENTED_EDGE('',*,*,#6000,.T.);
#6000 = EDGE_CURVE('',#5052,#6001,#6003,.T.);
#6001 = VERTEX_POINT('',#6002);
#6002 = CARTESIAN_POINT('',(1.955,-1.75E-12,-4.943746376672));
#6003 = SURFACE_CURVE('',#6004,(#6102,#6203),.PCURVE_S1.);
#6004 = B_SPLINE_CURVE_WITH_KNOTS('',6,(#6005,#6006,#6007,#6008,#6009,
    #6010,#6011,#6012,#6013,#6014,#6015,#6016,#6017,#6018,#6019,#6020,
    #6021,#6022,#6023,#6024,#6025,#6026,#6027,#6028,#6029,#6030,#6031,
    #6032,#6033,#6034,#6035,#6036,#6037,#6038,#6039,#6040,#6041,#6042,
    #6043,#6044,#6045,#6046,#6047,#6048,#6049,#6050,#6051,#6052,#6053,
    #6054,#6055,#6056,#6057,#6058,#6059,#6060,#6061,#6062,#6063,#6064,
    #6065,#6066,#6067,#6068,#6069,#6070,#6071,#6072,#6073,#6074,#6075,
    #6076,#6077,#6078,#6079,#6080,#6081,#6082,#6083,#6084,#6085,#6086,
    #6087,#6088,#6089,#6090,#6091,#6092,#6093,#6094,#6095,#6096,#6097,
    #6098,#6099,#6100,#6101),.UNSPECIFIED.,.F.,.F.,(7,5,5,5,5,5,5,5,5,5,
    5,5,5,5,5,5,5,5,5,7),(0.,3.090698118993E-02,4.79064514806E-02,
    0.128904162286,0.195679891523,0.262680080379,0.298702396442,
    0.358704338575,0.403390111174,0.495193452653,0.599065103938,
    0.626632072381,0.679634867111,0.73163574516,0.787237038214,
    0.840238999635,0.877206415612,0.944205893857,0.978205017942,1.),
  .UNSPECIFIED.);
#6005 = CARTESIAN_POINT('',(1.955,-5.09948E-12,-4.243745651981));
#6006 = CARTESIAN_POINT('',(1.955,-6.327371160936E-02,-4.247351444872));
#6007 = CARTESIAN_POINT('',(1.952542555035,-0.126547568188,
    -4.250957605084));
#6008 = CARTESIAN_POINT('',(1.947627708942,-0.189701725474,
    -4.254563905739));
#6009 = CARTESIAN_POINT('',(1.940263192366,-0.252617128754,
    -4.25817016261));
#6010 = CARTESIAN_POINT('',(1.930464422753,-0.315175512861,
    -4.261776234124));
#6011 = CARTESIAN_POINT('',(1.911538800096,-0.411406808087,
    -4.267365277915));
#6012 = CARTESIAN_POINT('',(1.904093657605,-0.44541073792,-4.26934845113
    ));
#6013 = CARTESIAN_POINT('',(1.895922913765,-0.479251697923,
    -4.271331527372));
#6014 = CARTESIAN_POINT('',(1.887031089586,-0.512910367757,
    -4.27331449833));
#6015 = CARTESIAN_POINT('',(1.877423390207,-0.546367600503,
    -4.275297361009));
#6016 = CARTESIAN_POINT('',(1.817944826512,-0.737968563597,
    -4.286727397745));
#6017 = CARTESIAN_POINT('',(1.752660016754,-0.891346209899,
    -4.29617329373));
#6018 = CARTESIAN_POINT('',(1.671893375192,-1.037647050952,
    -4.305615762661));
#6019 = CARTESIAN_POINT('',(1.576639102794,-1.17495781398,-4.3150589144)
  );
#6020 = CARTESIAN_POINT('',(1.468170179461,-1.301536937506,
    -4.324505917117));
#6021 = CARTESIAN_POINT('',(1.249068021682,-1.510146596509,
    -4.341744938251));
#6022 = CARTESIAN_POINT('',(1.142145180405,-1.5961098493,-4.349537365385
    ));
#6023 = CARTESIAN_POINT('',(1.028188289416,-1.672928142089,
    -4.357331692018));
#6024 = CARTESIAN_POINT('',(0.908182645648,-1.739904089377,
    -4.365127933116));
#6025 = CARTESIAN_POINT('',(0.783195348939,-1.796473882965,
    -4.372925554166));
#6026 = CARTESIAN_POINT('',(0.525122403452,-1.888143447225,
    -4.38854627292));
#6027 = CARTESIAN_POINT('',(0.391997786843,-1.923175084793,
    -4.396370154656));
#6028 = CARTESIAN_POINT('',(0.256160656929,-1.946912830351,
    -4.404192685843));
#6029 = CARTESIAN_POINT('',(0.118806548338,-1.959119566934,
    -4.412013445533));
#6030 = CARTESIAN_POINT('',(-1.88484031913E-02,-1.959715224799,
    -4.419832566057));
#6031 = CARTESIAN_POINT('',(-0.229089393592,-1.942931154707,
    -4.431851925746));
#6032 = CARTESIAN_POINT('',(-0.302336036058,-1.933734878019,
    -4.43605398186));
#6033 = CARTESIAN_POINT('',(-0.375128250957,-1.921226115597,
    -4.440255484301));
#6034 = CARTESIAN_POINT('',(-0.447279479521,-1.905434015232,
    -4.444456478177));
#6035 = CARTESIAN_POINT('',(-0.518605897266,-1.886401712666,
    -4.448657036371));
#6036 = CARTESIAN_POINT('',(-0.706058459815,-1.82718243636,
    -4.459853521161));
#6037 = CARTESIAN_POINT('',(-0.820404305002,-1.781345303367,
    -4.466849080528));
#6038 = CARTESIAN_POINT('',(-0.931123756539,-1.72694073089,
    -4.473843908876));
#6039 = CARTESIAN_POINT('',(-1.037421633415,-1.664334979166,
    -4.480838807672));
#6040 = CARTESIAN_POINT('',(-1.13855482836,-1.593991017898,
    -4.487834516446));
#6041 = CARTESIAN_POINT('',(-1.304801461616,-1.458727974063,
    -4.50004123957));
#6042 = CARTESIAN_POINT('',(-1.372522098533,-1.397005811305,
    -4.505252162304));
#6043 = CARTESIAN_POINT('',(-1.436720084899,-1.331527178901,
    -4.510463593221));
#6044 = CARTESIAN_POINT('',(-1.497137813203,-1.262545221073,
    -4.515675642642));
#6045 = CARTESIAN_POINT('',(-1.553542457895,-1.190336040732,
    -4.520888358379));
#6046 = CARTESIAN_POINT('',(-1.712936480475,-0.960831101948,
    -4.536811657091));
#6047 = CARTESIAN_POINT('',(-1.802356370726,-0.794070034232,
    -4.54752588591));
#6048 = CARTESIAN_POINT('',(-1.872149120501,-0.617537140538,
    -4.558239617138));
#6049 = CARTESIAN_POINT('',(-1.921085402162,-0.434125736518,
    -4.568953430066));
#6050 = CARTESIAN_POINT('',(-1.94843287054,-0.246892438996,
    -4.579668193334));
#6051 = CARTESIAN_POINT('',(-1.960529961423,0.1535116082,-4.602499033337
    ));
#6052 = CARTESIAN_POINT('',(-1.939210162545,0.366961358973,
    -4.614620014095));
#6053 = CARTESIAN_POINT('',(-1.88998015836,0.576644483379,
    -4.626734503958));
#6054 = CARTESIAN_POINT('',(-1.813770444889,0.778097448692,
    -4.63884780757));
#6055 = CARTESIAN_POINT('',(-1.712299760768,0.967096028049,
    -4.650966604964));
#6056 = CARTESIAN_POINT('',(-1.555409009106,1.185711965664,
    -4.666300348286));
#6057 = CARTESIAN_POINT('',(-1.520915453219,1.230423140062,
    -4.669516508201));
#6058 = CARTESIAN_POINT('',(-1.484882993163,1.273925570575,
    -4.672732859821));
#6059 = CARTESIAN_POINT('',(-1.447364874558,1.31615343153,
    -4.675949414055));
#6060 = CARTESIAN_POINT('',(-1.408418048145,1.357044092568,
    -4.679166174494));
#6061 = CARTESIAN_POINT('',(-1.290590068308,1.47247297385,
    -4.688568366869));
#6062 = CARTESIAN_POINT('',(-1.208017766474,1.543246457148,
    -4.694754465989));
#6063 = CARTESIAN_POINT('',(-1.120819530724,1.608434427471,
    -4.700941151645));
#6064 = CARTESIAN_POINT('',(-1.029470298576,1.667665231115,
    -4.707128394213));
#6065 = CARTESIAN_POINT('',(-0.934483207588,1.720622091499,
    -4.713316062817));
#6066 = CARTESIAN_POINT('',(-0.740183001121,1.812591360397,
    -4.725574115287));
#6067 = CARTESIAN_POINT('',(-0.640982079937,1.851850117386,
    -4.731644730449));
#6068 = CARTESIAN_POINT('',(-0.539320771037,1.884577132109,
    -4.737714877719));
#6069 = CARTESIAN_POINT('',(-0.435737128967,1.910586273352,
    -4.743784347128));
#6070 = CARTESIAN_POINT('',(-0.330786206829,1.929750934223,
    -4.749852981525));
#6071 = CARTESIAN_POINT('',(-0.111964754219,1.955107610948,
    -4.762407913951));
#6072 = CARTESIAN_POINT('',(2.024991579927E-03,1.960310064665,
    -4.768894315209));
#6073 = CARTESIAN_POINT('',(0.116237263992,1.957532107686,
    -4.775379084308));
#6074 = CARTESIAN_POINT('',(0.229975930031,1.946774490231,
    -4.781862419741));
#6075 = CARTESIAN_POINT('',(0.342549604115,1.928118733137,
    -4.788344728743));
#6076 = CARTESIAN_POINT('',(0.558827880367,1.876568763669,
    -4.801004503849));
#6077 = CARTESIAN_POINT('',(0.662705447392,1.844379956424,
    -4.807182309255));
#6078 = CARTESIAN_POINT('',(0.76432003818,1.805301113215,-4.813359629689
    ));
#6079 = CARTESIAN_POINT('',(0.863104143713,1.759536126151,
    -4.819537108973));
#6080 = CARTESIAN_POINT('',(0.958516269942,1.70735048815,-4.825715391935
    ));
#6081 = CARTESIAN_POINT('',(1.113883498499,1.608420432969,
    -4.836204390958));
#6082 = CARTESIAN_POINT('',(1.175834227428,1.564805299954,
    -4.840514704625));
#6083 = CARTESIAN_POINT('',(1.235723828967,1.518334657368,
    -4.844825646687));
#6084 = CARTESIAN_POINT('',(1.293389105808,1.469131144286,
    -4.849137289412));
#6085 = CARTESIAN_POINT('',(1.348676854385,1.417329674179,
    -4.853449649638));
#6086 = CARTESIAN_POINT('',(1.497078414356,1.26475106754,-4.865579609797
    ));
#6087 = CARTESIAN_POINT('',(1.584439007783,1.15836838639,-4.873399169923
    ));
#6088 = CARTESIAN_POINT('',(1.662665970369,1.044810482343,
    -4.881220278164));
#6089 = CARTESIAN_POINT('',(1.731045203241,0.925065353169,
    -4.889042450932));
#6090 = CARTESIAN_POINT('',(1.788997050367,0.800204875018,
    -4.896864577351));
#6091 = CARTESIAN_POINT('',(1.860004073645,0.606015213778,-4.90865359207
    ));
#6092 = CARTESIAN_POINT('',(1.881114422222,0.53962370121,-4.912621811983
    ));
#6093 = CARTESIAN_POINT('',(1.899377313761,0.472360477109,
    -4.916589600679));
#6094 = CARTESIAN_POINT('',(1.914748970975,0.404378092386,
    -4.920556922127));
#6095 = CARTESIAN_POINT('',(1.927196575559,0.335831845388,-4.9245238235)
  );
#6096 = CARTESIAN_POINT('',(1.942789284532,0.22267837887,-4.931033213344
    ));
#6097 = CARTESIAN_POINT('',(1.947669743397,0.178310031103,-4.93357587692
    ));
#6098 = CARTESIAN_POINT('',(1.951333912654,0.133816272479,
    -4.936118465134));
#6099 = CARTESIAN_POINT('',(1.953777969409,8.923877886001E-02,
    -4.938661031));
#6100 = CARTESIAN_POINT('',(1.955,4.46193680898E-02,-4.941203641318));
#6101 = CARTESIAN_POINT('',(1.955,-3.57003E-12,-4.943746376672));
#6102 = PCURVE('',#5397,#6103);
#6103 = DEFINITIONAL_REPRESENTATION('',(#6104),#6202);
#6104 = B_SPLINE_CURVE_WITH_KNOTS('',6,(#6105,#6106,#6107,#6108,#6109,
    #6110,#6111,#6112,#6113,#6114,#6115,#6116,#6117,#6118,#6119,#6120,
    #6121,#6122,#6123,#6124,#6125,#6126,#6127,#6128,#6129,#6130,#6131,
    #6132,#6133,#6134,#6135,#6136,#6137,#6138,#6139,#6140,#6141,#6142,
    #6143,#6144,#6145,#6146,#6147,#6148,#6149,#6150,#6151,#6152,#6153,
    #6154,#6155,#6156,#6157,#6158,#6159,#6160,#6161,#6162,#6163,#6164,
    #6165,#6166,#6167,#6168,#6169,#6170,#6171,#6172,#6173,#6174,#6175,
    #6176,#6177,#6178,#6179,#6180,#6181,#6182,#6183,#6184,#6185,#6186,
    #6187,#6188,#6189,#6190,#6191,#6192,#6193,#6194,#6195,#6196,#6197,
    #6198,#6199,#6200,#6201),.UNSPECIFIED.,.F.,.F.,(7,5,5,5,5,5,5,5,5,5,
    5,5,5,5,5,5,5,5,5,7),(0.,3.090698118993E-02,4.79064514806E-02,
    0.128904162286,0.195679891523,0.262680080379,0.298702396442,
    0.358704338575,0.403390111174,0.495193452653,0.599065103938,
    0.626632072381,0.679634867111,0.73163574516,0.787237038214,
    0.840238999635,0.877206415612,0.944205893857,0.978205017942,1.),
  .UNSPECIFIED.);
#6105 = CARTESIAN_POINT('',(0.437508695852,0.));
#6106 = CARTESIAN_POINT('',(0.437508592957,3.256529513064E-02));
#6107 = CARTESIAN_POINT('',(0.43750776962,6.513065425468E-02));
#6108 = CARTESIAN_POINT('',(0.437506728413,9.769629791758E-02));
#6109 = CARTESIAN_POINT('',(0.437505860825,0.130262330213));
#6110 = CARTESIAN_POINT('',(0.437505447255,0.162828738784));
#6111 = CARTESIAN_POINT('',(0.437505772394,0.213307720142));
#6112 = CARTESIAN_POINT('',(0.437506074272,0.23122013501));
#6113 = CARTESIAN_POINT('',(0.437506586853,0.24913262559));
#6114 = CARTESIAN_POINT('',(0.437507323226,0.267045175908));
#6115 = CARTESIAN_POINT('',(0.437508285368,0.284957767847));
#6116 = CARTESIAN_POINT('',(0.437515080671,0.388218962437));
#6117 = CARTESIAN_POINT('',(0.437525605186,0.473577207669));
#6118 = CARTESIAN_POINT('',(0.43754028257,0.558923254794));
#6119 = CARTESIAN_POINT('',(0.437552838789,0.644265890212));
#6120 = CARTESIAN_POINT('',(0.437559515858,0.729616756797));
#6121 = CARTESIAN_POINT('',(0.437559903571,0.885312925483));
#6122 = CARTESIAN_POINT('',(0.437555681125,0.955671252834));
#6123 = CARTESIAN_POINT('',(0.437546671185,1.026025115614));
#6124 = CARTESIAN_POINT('',(0.437533932804,1.096379431169));
#6125 = CARTESIAN_POINT('',(0.437519542263,1.166738748354));
#6126 = CARTESIAN_POINT('',(0.437491046076,1.307688761509));
#6127 = CARTESIAN_POINT('',(0.437476943626,1.378286552904));
#6128 = CARTESIAN_POINT('',(0.437464866584,1.448881293278));
#6129 = CARTESIAN_POINT('',(0.437456518599,1.51947687473));
#6130 = CARTESIAN_POINT('',(0.43745244279,1.590076945151));
#6131 = CARTESIAN_POINT('',(0.437452285794,1.698629221055));
#6132 = CARTESIAN_POINT('',(0.43745338399,1.736585098488));
#6133 = CARTESIAN_POINT('',(0.43745557617,1.774540915814));
#6134 = CARTESIAN_POINT('',(0.437458752368,1.812496583826));
#6135 = CARTESIAN_POINT('',(0.437462751762,1.850452034472));
#6136 = CARTESIAN_POINT('',(0.437475043003,1.951628722029));
#6137 = CARTESIAN_POINT('',(0.437484437501,2.014851621802));
#6138 = CARTESIAN_POINT('',(0.437494620871,2.078071481724));
#6139 = CARTESIAN_POINT('',(0.437504519345,2.141290691194));
#6140 = CARTESIAN_POINT('',(0.437513213045,2.204511775199));
#6141 = CARTESIAN_POINT('',(0.437525470354,2.31481228788));
#6142 = CARTESIAN_POINT('',(0.437529775754,2.36189423902));
#6143 = CARTESIAN_POINT('',(0.437532948095,2.408975663012));
#6144 = CARTESIAN_POINT('',(0.43753491563,2.456057232227));
#6145 = CARTESIAN_POINT('',(0.437535729005,2.503139607226));
#6146 = CARTESIAN_POINT('',(0.437535179079,2.64694857849));
#6147 = CARTESIAN_POINT('',(0.437530621142,2.743693675623));
#6148 = CARTESIAN_POINT('',(0.437523156416,2.840421152058));
#6149 = CARTESIAN_POINT('',(0.437516075206,2.937151098162));
#6150 = CARTESIAN_POINT('',(0.4375118028,3.033902311515));
#6151 = CARTESIAN_POINT('',(0.43750932081,3.240088096111));
#6152 = CARTESIAN_POINT('',(0.437511973811,3.34957085346));
#6153 = CARTESIAN_POINT('',(0.437519247124,3.459015853335));
#6154 = CARTESIAN_POINT('',(0.437528183479,3.568457650053));
#6155 = CARTESIAN_POINT('',(0.437533555699,3.677932968285));
#6156 = CARTESIAN_POINT('',(0.437533677829,3.816420398251));
#6157 = CARTESIAN_POINT('',(0.437533330851,3.845465616413));
#6158 = CARTESIAN_POINT('',(0.437532574829,3.874510718732));
#6159 = CARTESIAN_POINT('',(0.43753139018,3.903555715302));
#6160 = CARTESIAN_POINT('',(0.437529774189,3.932600626304));
#6161 = CARTESIAN_POINT('',(0.437523831841,4.017489799027));
#6162 = CARTESIAN_POINT('',(0.43751838479,4.073335025458));
#6163 = CARTESIAN_POINT('',(0.437511493159,4.129179025583));
#6164 = CARTESIAN_POINT('',(0.437503543347,4.18502327687));
#6165 = CARTESIAN_POINT('',(0.437495114199,4.240869211356));
#6166 = CARTESIAN_POINT('',(0.437478794213,4.351504253019));
#6167 = CARTESIAN_POINT('',(0.437470892699,4.406295400928));
#6168 = CARTESIAN_POINT('',(0.437463794331,4.461085950082));
#6169 = CARTESIAN_POINT('',(0.437458168089,4.51587702517));
#6170 = CARTESIAN_POINT('',(0.437454558789,4.570669667138));
#6171 = CARTESIAN_POINT('',(0.43745178121,4.684047140123));
#6172 = CARTESIAN_POINT('',(0.437452932552,4.742634346809));
#6173 = CARTESIAN_POINT('',(0.437457012914,4.801220039716));
#6174 = CARTESIAN_POINT('',(0.43746391787,4.859805539964));
#6175 = CARTESIAN_POINT('',(0.437473130445,4.918392190966));
#6176 = CARTESIAN_POINT('',(0.437493883664,5.03282281435));
#6177 = CARTESIAN_POINT('',(0.437505299841,5.08866928905));
#6178 = CARTESIAN_POINT('',(0.437517265771,5.144513866508));
#6179 = CARTESIAN_POINT('',(0.437528775764,5.200357819879));
#6180 = CARTESIAN_POINT('',(0.437538850531,5.256202550514));
#6181 = CARTESIAN_POINT('',(0.437552397326,5.350995242501));
#6182 = CARTESIAN_POINT('',(0.437556950948,5.389944453989));
#6183 = CARTESIAN_POINT('',(0.437560251405,5.428893681635));
#6184 = CARTESIAN_POINT('',(0.437562169189,5.467842993254));
#6185 = CARTESIAN_POINT('',(0.43756268585,5.506792457539));
#6186 = CARTESIAN_POINT('',(0.437560458831,5.616334275156));
#6187 = CARTESIAN_POINT('',(0.437554741006,5.686930900728));
#6188 = CARTESIAN_POINT('',(0.437545335802,5.757524855641));
#6189 = CARTESIAN_POINT('',(0.43753422278,5.828120712081));
#6190 = CARTESIAN_POINT('',(0.437524407081,5.898722008756));
#6191 = CARTESIAN_POINT('',(0.43751347246,6.005145249616));
#6192 = CARTESIAN_POINT('',(0.437510443432,6.040970594191));
#6193 = CARTESIAN_POINT('',(0.437508263963,6.07679588085));
#6194 = CARTESIAN_POINT('',(0.437506972008,6.11262095556));
#6195 = CARTESIAN_POINT('',(0.437506445811,6.148445694498));
#6196 = CARTESIAN_POINT('',(0.43750637703,6.207235012854));
#6197 = CARTESIAN_POINT('',(0.43750654901,6.230199884723));
#6198 = CARTESIAN_POINT('',(0.437506836041,6.253164595522));
#6199 = CARTESIAN_POINT('',(0.437507134129,6.276129154417));
#6200 = CARTESIAN_POINT('',(0.437507319086,6.299093603882));
#6201 = CARTESIAN_POINT('',(0.437507246527,6.322058019692));
#6202 = ( GEOMETRIC_REPRESENTATION_CONTEXT(2) 
PARAMETRIC_REPRESENTATION_CONTEXT() REPRESENTATION_CONTEXT('2D SPACE',''
  ) );
#6203 = PCURVE('',#238,#6204);
#6204 = DEFINITIONAL_REPRESENTATION('',(#6205),#6341);
#6205 = B_SPLINE_CURVE_WITH_KNOTS('',3,(#6206,#6207,#6208,#6209,#6210,
    #6211,#6212,#6213,#6214,#6215,#6216,#6217,#6218,#6219,#6220,#6221,
    #6222,#6223,#6224,#6225,#6226,#6227,#6228,#6229,#6230,#6231,#6232,
    #6233,#6234,#6235,#6236,#6237,#6238,#6239,#6240,#6241,#6242,#6243,
    #6244,#6245,#6246,#6247,#6248,#6249,#6250,#6251,#6252,#6253,#6254,
    #6255,#6256,#6257,#6258,#6259,#6260,#6261,#6262,#6263,#6264,#6265,
    #6266,#6267,#6268,#6269,#6270,#6271,#6272,#6273,#6274,#6275,#6276,
    #6277,#6278,#6279,#6280,#6281,#6282,#6283,#6284,#6285,#6286,#6287,
    #6288,#6289,#6290,#6291,#6292,#6293,#6294,#6295,#6296,#6297,#6298,
    #6299,#6300,#6301,#6302,#6303,#6304,#6305,#6306,#6307,#6308,#6309,
    #6310,#6311,#6312,#6313,#6314,#6315,#6316,#6317,#6318,#6319,#6320,
    #6321,#6322,#6323,#6324,#6325,#6326,#6327,#6328,#6329,#6330,#6331,
    #6332,#6333,#6334,#6335,#6336,#6337,#6338,#6339,#6340),
  .UNSPECIFIED.,.F.,.F.,(4,1,1,1,1,1,1,1,1,1,1,1,1,1,1,1,1,1,1,1,1,1,1,1
    ,1,1,1,1,1,1,1,1,1,1,1,1,1,1,1,1,1,1,1,1,1,1,1,1,1,1,1,1,1,1,1,1,1,1
    ,1,1,1,1,1,1,1,1,1,1,1,1,1,1,1,1,1,1,1,1,1,1,1,1,1,1,1,1,1,1,1,1,1,1
    ,1,1,1,1,1,1,1,1,1,1,1,1,1,1,1,1,1,1,1,1,1,1,1,1,1,1,1,1,1,1,1,1,1,1
    ,1,1,1,1,1,1,4),(0.,7.575757575758E-03,1.515151515152E-02,
    2.272727272727E-02,3.030303030303E-02,3.787878787879E-02,
    4.545454545455E-02,5.30303030303E-02,6.060606060606E-02,
    6.818181818182E-02,7.575757575758E-02,8.333333333333E-02,
    9.090909090909E-02,9.848484848485E-02,0.106060606061,0.113636363636,
    0.121212121212,0.128787878788,0.136363636364,0.143939393939,
    0.151515151515,0.159090909091,0.166666666667,0.174242424242,
    0.181818181818,0.189393939394,0.19696969697,0.204545454545,
    0.212121212121,0.219696969697,0.227272727273,0.234848484848,
    0.242424242424,0.25,0.257575757576,0.265151515152,0.272727272727,
    0.280303030303,0.287878787879,0.295454545455,0.30303030303,
    0.310606060606,0.318181818182,0.325757575758,0.333333333333,
    0.340909090909,0.348484848485,0.356060606061,0.363636363636,
    0.371212121212,0.378787878788,0.386363636364,0.393939393939,
    0.401515151515,0.409090909091,0.416666666667,0.424242424242,
    0.431818181818,0.439393939394,0.44696969697,0.454545454545,
    0.462121212121,0.469696969697,0.477272727273,0.484848484848,
    0.492424242424,0.5,0.507575757576,0.515151515152,0.522727272727,
    0.530303030303,0.537878787879,0.545454545455,0.55303030303,
    0.560606060606,0.568181818182,0.575757575758,0.583333333333,
    0.590909090909,0.598484848485,0.606060606061,0.613636363636,
    0.621212121212,0.628787878788,0.636363636364,0.643939393939,
    0.651515151515,0.659090909091,0.666666666667,0.674242424242,
    0.681818181818,0.689393939394,0.69696969697,0.704545454545,
    0.712121212121,0.719696969697,0.727272727273,0.734848484848,
    0.742424242424,0.75,0.757575757576,0.765151515152,0.772727272727,
    0.780303030303,0.787878787879,0.795454545455,0.80303030303,
    0.810606060606,0.818181818182,0.825757575758,0.833333333333,
    0.840909090909,0.848484848485,0.856060606061,0.863636363636,
    0.871212121212,0.878787878788,0.886363636364,0.893939393939,
    0.901515151515,0.909090909091,0.916666666667,0.924242424242,
    0.931818181818,0.939393939394,0.94696969697,0.954545454545,
    0.962121212121,0.969696969697,0.977272727273,0.984848484848,
    0.992424242424,1.),.UNSPECIFIED.);
#6206 = CARTESIAN_POINT('',(-6.28318530718,3.543745651981));
#6207 = CARTESIAN_POINT('',(-6.267318974628,3.545513322788));
#6208 = CARTESIAN_POINT('',(-6.235586344342,3.549048867574));
#6209 = CARTESIAN_POINT('',(-6.18798750615,3.554352481712));
#6210 = CARTESIAN_POINT('',(-6.140388805111,3.559656059275));
#6211 = CARTESIAN_POINT('',(-6.09279017617,3.564959340139));
#6212 = CARTESIAN_POINT('',(-6.045191694097,3.57026212409));
#6213 = CARTESIAN_POINT('',(-5.997593319715,3.575564297715));
#6214 = CARTESIAN_POINT('',(-5.949994687868,3.580865860244));
#6215 = CARTESIAN_POINT('',(-5.902394324371,3.5861670062));
#6216 = CARTESIAN_POINT('',(-5.854793906084,3.591467638028));
#6217 = CARTESIAN_POINT('',(-5.807193695744,3.596767860947));
#6218 = CARTESIAN_POINT('',(-5.759593776404,3.60206783235));
#6219 = CARTESIAN_POINT('',(-5.711993929868,3.607367761516));
#6220 = CARTESIAN_POINT('',(-5.664393867431,3.612667870308));
#6221 = CARTESIAN_POINT('',(-5.616793337074,3.617968368528));
#6222 = CARTESIAN_POINT('',(-5.569192342909,3.623269418561));
#6223 = CARTESIAN_POINT('',(-5.521591051348,3.628571137145));
#6224 = CARTESIAN_POINT('',(-5.473990891838,3.633873468228));
#6225 = CARTESIAN_POINT('',(-5.426391285772,3.639176543283));
#6226 = CARTESIAN_POINT('',(-5.378790860014,3.644480543526));
#6227 = CARTESIAN_POINT('',(-5.331190732024,3.649785333302));
#6228 = CARTESIAN_POINT('',(-5.283590821931,3.655090873336));
#6229 = CARTESIAN_POINT('',(-5.235991054438,3.660397092134));
#6230 = CARTESIAN_POINT('',(-5.188391215166,3.665703905873));
#6231 = CARTESIAN_POINT('',(-5.140791245656,3.67101119026));
#6232 = CARTESIAN_POINT('',(-5.093191114231,3.676318800437));
#6233 = CARTESIAN_POINT('',(-5.045591971572,3.681626451101));
#6234 = CARTESIAN_POINT('',(-4.997992420592,3.686934138369));
#6235 = CARTESIAN_POINT('',(-4.95039260088,3.692241690397));
#6236 = CARTESIAN_POINT('',(-4.90279307966,3.697548895456));
#6237 = CARTESIAN_POINT('',(-4.855193814299,3.702855624402));
#6238 = CARTESIAN_POINT('',(-4.807594642071,3.708161781122));
#6239 = CARTESIAN_POINT('',(-4.759995332885,3.713467299455));
#6240 = CARTESIAN_POINT('',(-4.712395810582,3.718772120455));
#6241 = CARTESIAN_POINT('',(-4.664796126312,3.724076196019));
#6242 = CARTESIAN_POINT('',(-4.61719728638,3.729379400949));
#6243 = CARTESIAN_POINT('',(-4.569598416019,3.734681835033));
#6244 = CARTESIAN_POINT('',(-4.521999537213,3.739983557677));
#6245 = CARTESIAN_POINT('',(-4.474400608122,3.74528461794));
#6246 = CARTESIAN_POINT('',(-4.426801507795,3.750585090596));
#6247 = CARTESIAN_POINT('',(-4.379202407727,3.755885075266));
#6248 = CARTESIAN_POINT('',(-4.331602625154,3.761184749433));
#6249 = CARTESIAN_POINT('',(-4.284002882953,3.766484147506));
#6250 = CARTESIAN_POINT('',(-4.236403228116,3.771783384292));
#6251 = CARTESIAN_POINT('',(-4.188803581866,3.777082587667));
#6252 = CARTESIAN_POINT('',(-4.141203783983,3.782381890583));
#6253 = CARTESIAN_POINT('',(-4.093603779238,3.787681406699));
#6254 = CARTESIAN_POINT('',(-4.046003750663,3.792981212199));
#6255 = CARTESIAN_POINT('',(-3.998404309711,3.798281319214));
#6256 = CARTESIAN_POINT('',(-3.950804615539,3.803581887311));
#6257 = CARTESIAN_POINT('',(-3.90320507374,3.808882918702));
#6258 = CARTESIAN_POINT('',(-3.855605604363,3.814184450535));
#6259 = CARTESIAN_POINT('',(-3.808006086884,3.819486505508));
#6260 = CARTESIAN_POINT('',(-3.7604067677,3.824789048046));
#6261 = CARTESIAN_POINT('',(-3.712807119225,3.830092107071));
#6262 = CARTESIAN_POINT('',(-3.665205027881,3.835395877252));
#6263 = CARTESIAN_POINT('',(-3.61760290571,3.840700037397));
#6264 = CARTESIAN_POINT('',(-3.570001201283,3.846004466157));
#6265 = CARTESIAN_POINT('',(-3.522400187468,3.851309054631));
#6266 = CARTESIAN_POINT('',(-3.474799703066,3.856613738879));
#6267 = CARTESIAN_POINT('',(-3.42719942091,3.861918473369));
#6268 = CARTESIAN_POINT('',(-3.379598961937,3.867223220026));
#6269 = CARTESIAN_POINT('',(-3.331998044306,3.872527933117));
#6270 = CARTESIAN_POINT('',(-3.284396633557,3.877832544396));
#6271 = CARTESIAN_POINT('',(-3.236795082946,3.883136950575));
#6272 = CARTESIAN_POINT('',(-3.189194382594,3.888440990449));
#6273 = CARTESIAN_POINT('',(-3.141596092111,3.893744460257));
#6274 = CARTESIAN_POINT('',(-3.093993322979,3.899048102584));
#6275 = CARTESIAN_POINT('',(-3.046389901415,3.904351495821));
#6276 = CARTESIAN_POINT('',(-2.998786541505,3.909654568126));
#6277 = CARTESIAN_POINT('',(-2.95118389348,3.914957270238));
#6278 = CARTESIAN_POINT('',(-2.903581968485,3.920259639593));
#6279 = CARTESIAN_POINT('',(-2.855980505472,3.925561759245));
#6280 = CARTESIAN_POINT('',(-2.808379064944,3.930863744556));
#6281 = CARTESIAN_POINT('',(-2.760777181532,3.936165722259));
#6282 = CARTESIAN_POINT('',(-2.713174502817,3.941467810554));
#6283 = CARTESIAN_POINT('',(-2.665570914828,3.946770100947));
#6284 = CARTESIAN_POINT('',(-2.617966767435,3.952072630371));
#6285 = CARTESIAN_POINT('',(-2.57036278754,3.957375388704));
#6286 = CARTESIAN_POINT('',(-2.522761253641,3.962678192686));
#6287 = CARTESIAN_POINT('',(-2.475162583626,3.967981057116));
#6288 = CARTESIAN_POINT('',(-2.427563117556,3.973284436694));
#6289 = CARTESIAN_POINT('',(-2.379963805113,3.978588249365));
#6290 = CARTESIAN_POINT('',(-2.332364497204,3.983892522379));
#6291 = CARTESIAN_POINT('',(-2.284764813014,3.989197298733));
#6292 = CARTESIAN_POINT('',(-2.237165167607,3.994502505206));
#6293 = CARTESIAN_POINT('',(-2.189565678372,3.999808086741));
#6294 = CARTESIAN_POINT('',(-2.141966255404,4.005113992371));
#6295 = CARTESIAN_POINT('',(-2.094366802006,4.010420156271));
#6296 = CARTESIAN_POINT('',(-2.046767245477,4.015726496216));
#6297 = CARTESIAN_POINT('',(-1.999168141294,4.021032847257));
#6298 = CARTESIAN_POINT('',(-1.951568815303,4.026339173244));
#6299 = CARTESIAN_POINT('',(-1.903969558189,4.031645326078));
#6300 = CARTESIAN_POINT('',(-1.856370478244,4.03695117731));
#6301 = CARTESIAN_POINT('',(-1.808771458893,4.042256627028));
#6302 = CARTESIAN_POINT('',(-1.761172390001,4.047561582267));
#6303 = CARTESIAN_POINT('',(-1.713573212708,4.052865956363));
#6304 = CARTESIAN_POINT('',(-1.665974439329,4.058169614999));
#6305 = CARTESIAN_POINT('',(-1.618375202016,4.063472597591));
#6306 = CARTESIAN_POINT('',(-1.570776010782,4.068774810425));
#6307 = CARTESIAN_POINT('',(-1.523176915444,4.074076238876));
#6308 = CARTESIAN_POINT('',(-1.475577800881,4.079376912541));
#6309 = CARTESIAN_POINT('',(-1.427978532943,4.084676889358));
#6310 = CARTESIAN_POINT('',(-1.380379003779,4.089976250486));
#6311 = CARTESIAN_POINT('',(-1.332779735014,4.095275033175));
#6312 = CARTESIAN_POINT('',(-1.285180302367,4.100573404272));
#6313 = CARTESIAN_POINT('',(-1.237580630204,4.105871508231));
#6314 = CARTESIAN_POINT('',(-1.189981034629,4.111169463027));
#6315 = CARTESIAN_POINT('',(-1.142381410776,4.116467442661));
#6316 = CARTESIAN_POINT('',(-1.094781664808,4.121765623454));
#6317 = CARTESIAN_POINT('',(-1.04718171774,4.127064175549));
#6318 = CARTESIAN_POINT('',(-0.999581987836,4.132363209774));
#6319 = CARTESIAN_POINT('',(-0.951982350896,4.137662859755));
#6320 = CARTESIAN_POINT('',(-0.904382734332,4.142963274517));
#6321 = CARTESIAN_POINT('',(-0.856783259366,4.148264517948));
#6322 = CARTESIAN_POINT('',(-0.809183709977,4.153566641339));
#6323 = CARTESIAN_POINT('',(-0.761584504722,4.158869620333));
#6324 = CARTESIAN_POINT('',(-0.713984602892,4.164173553771));
#6325 = CARTESIAN_POINT('',(-0.666384619381,4.169478295086));
#6326 = CARTESIAN_POINT('',(-0.618784993596,4.174783688789));
#6327 = CARTESIAN_POINT('',(-0.571185720016,4.180089591015));
#6328 = CARTESIAN_POINT('',(-0.523586629634,4.185395849407));
#6329 = CARTESIAN_POINT('',(-0.475987497548,4.190702298072));
#6330 = CARTESIAN_POINT('',(-0.42838824661,4.196008745362));
#6331 = CARTESIAN_POINT('',(-0.380788933893,4.201314987684));
#6332 = CARTESIAN_POINT('',(-0.333190544816,4.206620738795));
#6333 = CARTESIAN_POINT('',(-0.285592159031,4.211925955933));
#6334 = CARTESIAN_POINT('',(-0.237993771434,4.217230557625));
#6335 = CARTESIAN_POINT('',(-0.190395275958,4.222534520217));
#6336 = CARTESIAN_POINT('',(-0.14279659837,4.227837896207));
#6337 = CARTESIAN_POINT('',(-9.519786734403E-02,4.233140818701));
#6338 = CARTESIAN_POINT('',(-4.759897098557E-02,4.238443518923));
#6339 = CARTESIAN_POINT('',(-1.586632727483E-02,4.241978714655));
#6340 = CARTESIAN_POINT('',(0.,4.243746376672));
#6341 = ( GEOMETRIC_REPRESENTATION_CONTEXT(2) 
PARAMETRIC_REPRESENTATION_CONTEXT() REPRESENTATION_CONTEXT('2D SPACE',''
  ) );
#6342 = ORIENTED_EDGE('',*,*,#6343,.F.);
#6343 = EDGE_CURVE('',#5968,#6001,#6344,.T.);
#6344 = SURFACE_CURVE('',#6345,(#6348,#6355),.PCURVE_S1.);
#6345 = B_SPLINE_CURVE_WITH_KNOTS('',1,(#6346,#6347),.UNSPECIFIED.,.F.,
  .F.,(2,2),(0.,0.49),.PIECEWISE_BEZIER_KNOTS.);
#6346 = CARTESIAN_POINT('',(1.576112092895,4.4244623407E-07,
    -5.162507764063));
#6347 = CARTESIAN_POINT('',(2.000459520178,-5.308925972E-08,
    -4.917499068384));
#6348 = PCURVE('',#5397,#6349);
#6349 = DEFINITIONAL_REPRESENTATION('',(#6350),#6354);
#6350 = LINE('',#6351,#6352);
#6351 = CARTESIAN_POINT('',(0.,6.322058019692));
#6352 = VECTOR('',#6353,1.);
#6353 = DIRECTION('',(1.,0.));
#6354 = ( GEOMETRIC_REPRESENTATION_CONTEXT(2) 
PARAMETRIC_REPRESENTATION_CONTEXT() REPRESENTATION_CONTEXT('2D SPACE',''
  ) );
#6355 = PCURVE('',#6356,#6379);
#6356 = B_SPLINE_SURFACE_WITH_KNOTS('',1,10,(
    (#6357,#6358,#6359,#6360,#6361,#6362,#6363,#6364,#6365,#6366,#6367)
    ,(#6368,#6369,#6370,#6371,#6372,#6373,#6374,#6375,#6376,#6377,#6378
    )),.UNSPECIFIED.,.F.,.F.,.F.,(2,2),(11,11),(0.,0.49),(0.,
    6.322058019692),.PIECEWISE_BEZIER_KNOTS.);
#6357 = CARTESIAN_POINT('',(1.576112092895,4.4244623279E-07,
    -5.162507764063));
#6358 = CARTESIAN_POINT('',(1.576112865038,-0.990351430277,
    -5.232505623888));
#6359 = CARTESIAN_POINT('',(0.884874613706,-1.980169240361,
    -5.302466813304));
#6360 = CARTESIAN_POINT('',(-0.499004339607,-2.426282839184,
    -5.372620370059));
#6361 = CARTESIAN_POINT('',(-2.079906879913,-1.801112187226,
    -5.44239077519));
#6362 = CARTESIAN_POINT('',(-2.916352618467,6.77895925247E-06,
    -5.512506987853));
#6363 = CARTESIAN_POINT('',(-2.079962748466,1.801100047076,
    -5.582623199812));
#6364 = CARTESIAN_POINT('',(-0.498952629588,2.42628683693,
    -5.652393605408));
#6365 = CARTESIAN_POINT('',(0.884855215126,1.980168997672,
    -5.722547161974));
#6366 = CARTESIAN_POINT('',(1.576111734906,0.99035222668,-5.792508351426
    ));
#6367 = CARTESIAN_POINT('',(1.576112451471,3.5395700618E-07,
    -5.862506211251));
#6368 = CARTESIAN_POINT('',(2.000459520178,-5.308926176E-08,
    -4.917499068384));
#6369 = CARTESIAN_POINT('',(2.000461364983,-1.256920109457,
    -4.987499325167));
#6370 = CARTESIAN_POINT('',(1.123188101715,-2.513870955121,
    -5.057503981724));
#6371 = CARTESIAN_POINT('',(-0.633640751032,-3.078238640702,
    -5.127485557835));
#6372 = CARTESIAN_POINT('',(-2.639356074995,-2.287279984913,
    -5.197513104497));
#6373 = CARTESIAN_POINT('',(-3.70214321688,2.865290695913E-05,
    -5.267499162259));
#6374 = CARTESIAN_POINT('',(-2.639564816115,2.287237965237,
    -5.337485217435));
#6375 = CARTESIAN_POINT('',(-0.63343943996,3.078254823435,
    -5.407512765794));
#6376 = CARTESIAN_POINT('',(1.123118307743,2.513868279617,
    -5.477494341232));
#6377 = CARTESIAN_POINT('',(2.000459031404,1.256920013895,
    -5.547498997906));
#6378 = CARTESIAN_POINT('',(2.00046088288,-4.247199558E-08,
    -5.617499254696));
#6379 = DEFINITIONAL_REPRESENTATION('',(#6380),#6384);
#6380 = LINE('',#6381,#6382);
#6381 = CARTESIAN_POINT('',(0.,0.));
#6382 = VECTOR('',#6383,1.);
#6383 = DIRECTION('',(1.,0.));
#6384 = ( GEOMETRIC_REPRESENTATION_CONTEXT(2) 
PARAMETRIC_REPRESENTATION_CONTEXT() REPRESENTATION_CONTEXT('2D SPACE',''
  ) );
#6385 = ADVANCED_FACE('',(#6386),#5903,.T.);
#6386 = FACE_BOUND('',#6387,.T.);
#6387 = EDGE_LOOP('',(#6388,#6721,#6722,#6838));
#6388 = ORIENTED_EDGE('',*,*,#6389,.F.);
#6389 = EDGE_CURVE('',#5431,#6390,#6392,.T.);
#6390 = VERTEX_POINT('',#6391);
#6391 = CARTESIAN_POINT('',(1.955,1.04E-12,-6.25624710149));
#6392 = SURFACE_CURVE('',#6393,(#6486,#6582),.PCURVE_S1.);
#6393 = B_SPLINE_CURVE_WITH_KNOTS('',6,(#6394,#6395,#6396,#6397,#6398,
    #6399,#6400,#6401,#6402,#6403,#6404,#6405,#6406,#6407,#6408,#6409,
    #6410,#6411,#6412,#6413,#6414,#6415,#6416,#6417,#6418,#6419,#6420,
    #6421,#6422,#6423,#6424,#6425,#6426,#6427,#6428,#6429,#6430,#6431,
    #6432,#6433,#6434,#6435,#6436,#6437,#6438,#6439,#6440,#6441,#6442,
    #6443,#6444,#6445,#6446,#6447,#6448,#6449,#6450,#6451,#6452,#6453,
    #6454,#6455,#6456,#6457,#6458,#6459,#6460,#6461,#6462,#6463,#6464,
    #6465,#6466,#6467,#6468,#6469,#6470,#6471,#6472,#6473,#6474,#6475,
    #6476,#6477,#6478,#6479,#6480,#6481,#6482,#6483,#6484,#6485),
  .UNSPECIFIED.,.F.,.F.,(7,5,5,5,5,5,5,5,5,5,5,5,5,5,5,5,5,5,7),(0.,
    2.402063470926E-02,5.602019608229E-02,0.127020522538,0.228124814711,
    0.263667527879,0.320128801631,0.373132321199,0.401336756703,
    0.499321456735,0.597743567474,0.641428501737,0.702431214165,
    0.737585292045,0.81124865352,0.858252258583,0.874574605118,
    0.893575658047,1.),.UNSPECIFIED.);
#6394 = CARTESIAN_POINT('',(1.955,3.52718E-12,-5.556246376886));
#6395 = CARTESIAN_POINT('',(1.955,-4.917513193949E-02,-5.559048732717));
#6396 = CARTESIAN_POINT('',(1.95351568312,-9.835032780614E-02,
    -5.561850936496));
#6397 = CARTESIAN_POINT('',(1.950547057402,-0.147469399198,
    -5.564653096862));
#6398 = CARTESIAN_POINT('',(1.946096945003,-0.196476386242,
    -5.567455301582));
#6399 = CARTESIAN_POINT('',(1.940170982198,-0.245315557588,
    -5.570257617554));
#6400 = CARTESIAN_POINT('',(1.922928405562,-0.358695975747,
    -5.576793460716));
#6401 = CARTESIAN_POINT('',(1.910474965829,-0.423064571796,
    -5.580527117483));
#6402 = CARTESIAN_POINT('',(1.895437345635,-0.486905779405,
    -5.584261154106));
#6403 = CARTESIAN_POINT('',(1.877844172203,-0.550090399527,
    -5.587995599661));
#6404 = CARTESIAN_POINT('',(1.857732654514,-0.612491453226,
    -5.591730419304));
#6405 = CARTESIAN_POINT('',(1.785039258103,-0.810423670432,
    -5.603752907929));
#6406 = CARTESIAN_POINT('',(1.722753908657,-0.942401285482,
    -5.612042218544));
#6407 = CARTESIAN_POINT('',(1.648795247567,-1.068539565547,
    -5.620331414972));
#6408 = CARTESIAN_POINT('',(1.563866966176,-1.187569963391,
    -5.62861917951));
#6409 = CARTESIAN_POINT('',(1.468839320081,-1.298331095197,
    -5.636905114525));
#6410 = CARTESIAN_POINT('',(1.216562986864,-1.544293156841,
    -5.656982693559));
#6411 = CARTESIAN_POINT('',(1.049963767295,-1.669995401545,
    -5.668775258901));
#6412 = CARTESIAN_POINT('',(0.868029632276,-1.773887458096,
    -5.680558487967));
#6413 = CARTESIAN_POINT('',(0.674359016413,-1.853792646482,
    -5.69233975205));
#6414 = CARTESIAN_POINT('',(0.472877709747,-1.908206716087,
    -5.704126910113));
#6415 = CARTESIAN_POINT('',(0.195771311779,-1.946533605384,
    -5.720058820157));
#6416 = CARTESIAN_POINT('',(0.123248727591,-1.953283509001,
    -5.724203283538));
#6417 = CARTESIAN_POINT('',(5.046125815518E-02,-1.956789350581,
    -5.728348291577));
#6418 = CARTESIAN_POINT('',(-2.241009920259E-02,-1.957039719517,
    -5.732493875863));
#6419 = CARTESIAN_POINT('',(-9.518399742323E-02,-1.954036704369,
    -5.736640032064));
#6420 = CARTESIAN_POINT('',(-0.282840051991,-1.937882069869,
    -5.747373928884));
#6421 = CARTESIAN_POINT('',(-0.397300786841,-1.919797236451,
    -5.753962659987));
#6422 = CARTESIAN_POINT('',(-0.510330316642,-1.893604613877,
    -5.7605524235));
#6423 = CARTESIAN_POINT('',(-0.62121478085,-1.859451986981,
    -5.767143060342));
#6424 = CARTESIAN_POINT('',(-0.729262674454,-1.817570224477,
    -5.773734327505));
#6425 = CARTESIAN_POINT('',(-0.931955571632,-1.721992467074,
    -5.78651298941));
#6426 = CARTESIAN_POINT('',(-1.027020312581,-1.669175153079,
    -5.792700661821));
#6427 = CARTESIAN_POINT('',(-1.118456412936,-1.610078561897,
    -5.798887913413));
#6428 = CARTESIAN_POINT('',(-1.205750270992,-1.545018715712,
    -5.805074612036));
#6429 = CARTESIAN_POINT('',(-1.28842640419,-1.474366569819,
    -5.811260726395));
#6430 = CARTESIAN_POINT('',(-1.407356779738,-1.358199498759,
    -5.820737288128));
#6431 = CARTESIAN_POINT('',(-1.447232778633,-1.316389323147,
    -5.824028393176));
#6432 = CARTESIAN_POINT('',(-1.485613852589,-1.273178676597,
    -5.827319281997));
#6433 = CARTESIAN_POINT('',(-1.522439001791,-1.228634623982,
    -5.830609958369));
#6434 = CARTESIAN_POINT('',(-1.557651294338,-1.18282771977,
    -5.833900434723));
#6435 = CARTESIAN_POINT('',(-1.707741619987,-0.972564754622,
    -5.84862151601));
#6436 = CARTESIAN_POINT('',(-1.804209083383,-0.794910362669,
    -5.860052752842));
#6437 = CARTESIAN_POINT('',(-1.878314182587,-0.606037749539,
    -5.871479663523));
#6438 = CARTESIAN_POINT('',(-1.928570481873,-0.409471649354,
    -5.882907382156));
#6439 = CARTESIAN_POINT('',(-1.954125409604,-0.208940314561,
    -5.894340133032));
#6440 = CARTESIAN_POINT('',(-1.955842750396,0.193135580087,
    -5.917255059668));
#6441 = CARTESIAN_POINT('',(-1.931784562235,0.394775011508,
    -5.928742487916));
#6442 = CARTESIAN_POINT('',(-1.882770418251,0.592608578977,
    -5.940228498722));
#6443 = CARTESIAN_POINT('',(-1.809636434181,0.782851583507,
    -5.951714618168));
#6444 = CARTESIAN_POINT('',(-1.713864164226,0.961921683243,
    -5.963201848126));
#6445 = CARTESIAN_POINT('',(-1.546215772818,1.199683268486,
    -5.979780117105));
#6446 = CARTESIAN_POINT('',(-1.490666345109,1.269944949146,
    -5.984875949432));
#6447 = CARTESIAN_POINT('',(-1.431299234838,1.337101587179,
    -5.989971147915));
#6448 = CARTESIAN_POINT('',(-1.368333236471,1.4008963409,-5.995065758145
    ));
#6449 = CARTESIAN_POINT('',(-1.30200969911,1.461093424716,
    -6.000159882663));
#6450 = CARTESIAN_POINT('',(-1.13565414667,1.596217799119,
    -6.012366422395));
#6451 = CARTESIAN_POINT('',(-1.032677551551,1.667527810053,
    -6.019478713843));
#6452 = CARTESIAN_POINT('',(-0.92438113306,1.730825529658,
    -6.026590163038));
#6453 = CARTESIAN_POINT('',(-0.81154727442,1.785626688671,
    -6.033701560863));
#6454 = CARTESIAN_POINT('',(-0.695013581866,1.831550558868,
    -6.040813760692));
#6455 = CARTESIAN_POINT('',(-0.506888182523,1.889515473177,
    -6.052025693478));
#6456 = CARTESIAN_POINT('',(-0.43717480621,1.907668796479,
    -6.056125008118));
#6457 = CARTESIAN_POINT('',(-0.366693687276,1.922732095859,
    -6.060224744634));
#6458 = CARTESIAN_POINT('',(-0.295615880846,1.934666185063,
    -6.06432496937));
#6459 = CARTESIAN_POINT('',(-0.22411485696,1.943444575308,
    -6.068425723637));
#6460 = CARTESIAN_POINT('',(-2.021919485792E-03,1.960806604679,
    -6.081121063666));
#6461 = CARTESIAN_POINT('',(0.149421510542,1.958643972176,
    -6.089718147305));
#6462 = CARTESIAN_POINT('',(0.300329190614,1.942434145055,
    -6.098317040962));
#6463 = CARTESIAN_POINT('',(0.449086014481,1.912311449729,
    -6.106917975441));
#6464 = CARTESIAN_POINT('',(0.594111618639,1.86863541813,-6.115520370253
    ));
#6465 = CARTESIAN_POINT('',(0.823076067276,1.775902663968,
    -6.129610006816));
#6466 = CARTESIAN_POINT('',(0.910132647785,1.734511824553,
    -6.135098234111));
#6467 = CARTESIAN_POINT('',(0.994665674195,1.688011009053,
    -6.140585866533));
#6468 = CARTESIAN_POINT('',(1.076302904481,1.636595518092,
    -6.146072682308));
#6469 = CARTESIAN_POINT('',(1.154693059225,1.580496298746,
    -6.151558553531));
#6470 = CARTESIAN_POINT('',(1.255487761734,1.498963666991,
    -6.158947917493));
#6471 = CARTESIAN_POINT('',(1.281036700827,1.477415646716,-6.16085240826
    ));
#6472 = CARTESIAN_POINT('',(1.306140929035,1.455345817677,
    -6.162756769448));
#6473 = CARTESIAN_POINT('',(1.330787165162,1.432765696274,
    -6.164661001275));
#6474 = CARTESIAN_POINT('',(1.354962530897,1.409687245868,
    -6.166565106336));
#6475 = CARTESIAN_POINT('',(1.406234735031,1.35869129252,-6.170685540945
    ));
#6476 = CARTESIAN_POINT('',(1.433159936587,1.33060118329,-6.172901828151
    ));
#6477 = CARTESIAN_POINT('',(1.459410469402,1.301872133902,
    -6.175117959477));
#6478 = CARTESIAN_POINT('',(1.48496747193,1.272524463439,-6.17733394697)
  );
#6479 = CARTESIAN_POINT('',(1.509812907154,1.242579225248,
    -6.179549806467));
#6480 = CARTESIAN_POINT('',(1.669006244603,1.041110875725,
    -6.194175914866));
#6481 = CARTESIAN_POINT('',(1.781263935805,0.852045400941,
    -6.206586919524));
#6482 = CARTESIAN_POINT('',(1.867557967011,0.648790180984,
    -6.218992438253));
#6483 = CARTESIAN_POINT('',(1.925862980763,0.435813782591,
    -6.231406913891));
#6484 = CARTESIAN_POINT('',(1.955,0.2178722911,-6.243831165441));
#6485 = CARTESIAN_POINT('',(1.955,2.10076E-12,-6.25624710149));
#6486 = PCURVE('',#5903,#6487);
#6487 = DEFINITIONAL_REPRESENTATION('',(#6488),#6581);
#6488 = B_SPLINE_CURVE_WITH_KNOTS('',6,(#6489,#6490,#6491,#6492,#6493,
    #6494,#6495,#6496,#6497,#6498,#6499,#6500,#6501,#6502,#6503,#6504,
    #6505,#6506,#6507,#6508,#6509,#6510,#6511,#6512,#6513,#6514,#6515,
    #6516,#6517,#6518,#6519,#6520,#6521,#6522,#6523,#6524,#6525,#6526,
    #6527,#6528,#6529,#6530,#6531,#6532,#6533,#6534,#6535,#6536,#6537,
    #6538,#6539,#6540,#6541,#6542,#6543,#6544,#6545,#6546,#6547,#6548,
    #6549,#6550,#6551,#6552,#6553,#6554,#6555,#6556,#6557,#6558,#6559,
    #6560,#6561,#6562,#6563,#6564,#6565,#6566,#6567,#6568,#6569,#6570,
    #6571,#6572,#6573,#6574,#6575,#6576,#6577,#6578,#6579,#6580),
  .UNSPECIFIED.,.F.,.F.,(7,5,5,5,5,5,5,5,5,5,5,5,5,5,5,5,5,5,7),(0.,
    2.402063470926E-02,5.602019608229E-02,0.127020522538,0.228124814711,
    0.263667527879,0.320128801631,0.373132321199,0.401336756703,
    0.499321456735,0.597743567474,0.641428501737,0.702431214165,
    0.737585292045,0.81124865352,0.858252258583,0.874574605118,
    0.893575658047,1.),.UNSPECIFIED.);
#6489 = CARTESIAN_POINT('',(5.250724635566E-02,0.));
#6490 = CARTESIAN_POINT('',(5.2507166392E-02,2.530914770276E-02));
#6491 = CARTESIAN_POINT('',(5.250740005759E-02,5.06183383797E-02));
#6492 = CARTESIAN_POINT('',(5.250775229399E-02,7.592767238899E-02));
#6493 = CARTESIAN_POINT('',(5.250805939781E-02,0.101237203187));
#6494 = CARTESIAN_POINT('',(5.25081890207E-02,0.126546937327));
#6495 = CARTESIAN_POINT('',(5.250784187419E-02,0.185573912153));
#6496 = CARTESIAN_POINT('',(5.250715017612E-02,0.219291352582));
#6497 = CARTESIAN_POINT('',(5.250575966095E-02,0.253009068063));
#6498 = CARTESIAN_POINT('',(5.250358837563E-02,0.286726951118));
#6499 = CARTESIAN_POINT('',(5.250067782831E-02,0.320444874476));
#6500 = CARTESIAN_POINT('',(5.248946085808E-02,0.428975466097));
#6501 = CARTESIAN_POINT('',(5.247887221482E-02,0.503792654967));
#6502 = CARTESIAN_POINT('',(5.246694624056E-02,0.578602773445));
#6503 = CARTESIAN_POINT('',(5.24573955365E-02,0.653410686113));
#6504 = CARTESIAN_POINT('',(5.245238216819E-02,0.728222564849));
#6505 = CARTESIAN_POINT('',(5.245222078535E-02,0.909552722322));
#6506 = CARTESIAN_POINT('',(5.246211161869E-02,1.016102075804));
#6507 = CARTESIAN_POINT('',(5.248360300928E-02,1.12261949217));
#6508 = CARTESIAN_POINT('',(5.250972551721E-02,1.229140072178));
#6509 = CARTESIAN_POINT('',(5.253171509932E-02,1.335695220899));
#6510 = CARTESIAN_POINT('',(5.25515506554E-02,1.479674017885));
#6511 = CARTESIAN_POINT('',(5.255580137745E-02,1.517123980828));
#6512 = CARTESIAN_POINT('',(5.25589905542E-02,1.554574069383));
#6513 = CARTESIAN_POINT('',(5.256103605563E-02,1.59202419799));
#6514 = CARTESIAN_POINT('',(5.25619265408E-02,1.629474276313));
#6515 = CARTESIAN_POINT('',(5.256139567406E-02,1.726415191393));
#6516 = CARTESIAN_POINT('',(5.255830581627E-02,1.785907439468));
#6517 = CARTESIAN_POINT('',(5.255266918689E-02,1.845397511643));
#6518 = CARTESIAN_POINT('',(5.254514945828E-02,1.904886967944));
#6519 = CARTESIAN_POINT('',(5.253660445959E-02,1.964377487205));
#6520 = CARTESIAN_POINT('',(5.251960058279E-02,2.079711335995));
#6521 = CARTESIAN_POINT('',(5.251116432755E-02,2.135557275482));
#6522 = CARTESIAN_POINT('',(5.250319646101E-02,2.191401529288));
#6523 = CARTESIAN_POINT('',(5.249627821282E-02,2.247245528553));
#6524 = CARTESIAN_POINT('',(5.249079926394E-02,2.303090750321));
#6525 = CARTESIAN_POINT('',(5.248475805002E-02,2.388651146214));
#6526 = CARTESIAN_POINT('',(5.248309603059E-02,2.41836729407));
#6527 = CARTESIAN_POINT('',(5.248188577792E-02,2.448083529079));
#6528 = CARTESIAN_POINT('',(5.248112443447E-02,2.477799872458));
#6529 = CARTESIAN_POINT('',(5.248079068046E-02,2.50751634022));
#6530 = CARTESIAN_POINT('',(5.248103252043E-02,2.640471046522));
#6531 = CARTESIAN_POINT('',(5.248589313525E-02,2.743734341726));
#6532 = CARTESIAN_POINT('',(5.24939380968E-02,2.84697294472));
#6533 = CARTESIAN_POINT('',(5.250099404677E-02,2.95021437854));
#6534 = CARTESIAN_POINT('',(5.250434348533E-02,3.053484523836));
#6535 = CARTESIAN_POINT('',(5.250386355878E-02,3.260438779141));
#6536 = CARTESIAN_POINT('',(5.25000023229E-02,3.364170183151));
#6537 = CARTESIAN_POINT('',(5.249245388101E-02,3.467872135647));
#6538 = CARTESIAN_POINT('',(5.248404455648E-02,3.571571182134));
#6539 = CARTESIAN_POINT('',(5.247904374306E-02,3.675295649513));
#6540 = CARTESIAN_POINT('',(5.247887501998E-02,3.825021713779));
#6541 = CARTESIAN_POINT('',(5.247978732763E-02,3.87104890139));
#6542 = CARTESIAN_POINT('',(5.248180684842E-02,3.917075364138));
#6543 = CARTESIAN_POINT('',(5.248497451229E-02,3.963101698624));
#6544 = CARTESIAN_POINT('',(5.248921906093E-02,4.009128509186));
#6545 = CARTESIAN_POINT('',(5.250150770347E-02,4.119427503122));
#6546 = CARTESIAN_POINT('',(5.251038824946E-02,4.18370234582));
#6547 = CARTESIAN_POINT('',(5.252049961323E-02,4.247975139709));
#6548 = CARTESIAN_POINT('',(5.25308643107E-02,4.312248613753));
#6549 = CARTESIAN_POINT('',(5.254034757989E-02,4.376525351054));
#6550 = CARTESIAN_POINT('',(5.255239188724E-02,4.477840438379));
#6551 = CARTESIAN_POINT('',(5.25561890664E-02,4.51488059229));
#6552 = CARTESIAN_POINT('',(5.255918645721E-02,4.551920944841));
#6553 = CARTESIAN_POINT('',(5.256123734805E-02,4.5889614327));
#6554 = CARTESIAN_POINT('',(5.256224199021E-02,4.626001978522));
#6555 = CARTESIAN_POINT('',(5.256194980412E-02,4.74065876821));
#6556 = CARTESIAN_POINT('',(5.255694366935E-02,4.818280821694));
#6557 = CARTESIAN_POINT('',(5.254674329606E-02,4.895895766886));
#6558 = CARTESIAN_POINT('',(5.253220432401E-02,4.973509552156));
#6559 = CARTESIAN_POINT('',(5.251590598506E-02,5.051128582085));
#6560 = CARTESIAN_POINT('',(5.249040461055E-02,5.178264141715));
#6561 = CARTESIAN_POINT('',(5.248076734918E-02,5.227787611381));
#6562 = CARTESIAN_POINT('',(5.247207936142E-02,5.277309995162));
#6563 = CARTESIAN_POINT('',(5.246497603276E-02,5.326832159233));
#6564 = CARTESIAN_POINT('',(5.245991770007E-02,5.376355027036));
#6565 = CARTESIAN_POINT('',(5.245603013433E-02,5.443074598147));
#6566 = CARTESIAN_POINT('',(5.245529025842E-02,5.460271687482));
#6567 = CARTESIAN_POINT('',(5.2454818357E-02,5.477468816576));
#6568 = CARTESIAN_POINT('',(5.245461553034E-02,5.494665992369));
#6569 = CARTESIAN_POINT('',(5.245467815374E-02,5.511863221932));
#6570 = CARTESIAN_POINT('',(5.245537007208E-02,5.549080098925));
#6571 = CARTESIAN_POINT('',(5.245609081204E-02,5.569099776866));
#6572 = CARTESIAN_POINT('',(5.245714635679E-02,5.589119558802));
#6573 = CARTESIAN_POINT('',(5.245851481095E-02,5.609139454654));
#6574 = CARTESIAN_POINT('',(5.246016612443E-02,5.629159471751));
#6575 = CARTESIAN_POINT('',(5.247268135324E-02,5.761311850902));
#6576 = CARTESIAN_POINT('',(5.249067383076E-02,5.873483227527));
#6577 = CARTESIAN_POINT('',(5.251149987456E-02,5.985617852072));
#6578 = CARTESIAN_POINT('',(5.251531088505E-02,6.097756541667));
#6579 = CARTESIAN_POINT('',(5.250615138568E-02,6.209924950831));
#6580 = CARTESIAN_POINT('',(5.250579710169E-02,6.322058019692));
#6581 = ( GEOMETRIC_REPRESENTATION_CONTEXT(2) 
PARAMETRIC_REPRESENTATION_CONTEXT() REPRESENTATION_CONTEXT('2D SPACE',''
  ) );
#6582 = PCURVE('',#238,#6583);
#6583 = DEFINITIONAL_REPRESENTATION('',(#6584),#6720);
#6584 = B_SPLINE_CURVE_WITH_KNOTS('',3,(#6585,#6586,#6587,#6588,#6589,
    #6590,#6591,#6592,#6593,#6594,#6595,#6596,#6597,#6598,#6599,#6600,
    #6601,#6602,#6603,#6604,#6605,#6606,#6607,#6608,#6609,#6610,#6611,
    #6612,#6613,#6614,#6615,#6616,#6617,#6618,#6619,#6620,#6621,#6622,
    #6623,#6624,#6625,#6626,#6627,#6628,#6629,#6630,#6631,#6632,#6633,
    #6634,#6635,#6636,#6637,#6638,#6639,#6640,#6641,#6642,#6643,#6644,
    #6645,#6646,#6647,#6648,#6649,#6650,#6651,#6652,#6653,#6654,#6655,
    #6656,#6657,#6658,#6659,#6660,#6661,#6662,#6663,#6664,#6665,#6666,
    #6667,#6668,#6669,#6670,#6671,#6672,#6673,#6674,#6675,#6676,#6677,
    #6678,#6679,#6680,#6681,#6682,#6683,#6684,#6685,#6686,#6687,#6688,
    #6689,#6690,#6691,#6692,#6693,#6694,#6695,#6696,#6697,#6698,#6699,
    #6700,#6701,#6702,#6703,#6704,#6705,#6706,#6707,#6708,#6709,#6710,
    #6711,#6712,#6713,#6714,#6715,#6716,#6717,#6718,#6719),
  .UNSPECIFIED.,.F.,.F.,(4,1,1,1,1,1,1,1,1,1,1,1,1,1,1,1,1,1,1,1,1,1,1,1
    ,1,1,1,1,1,1,1,1,1,1,1,1,1,1,1,1,1,1,1,1,1,1,1,1,1,1,1,1,1,1,1,1,1,1
    ,1,1,1,1,1,1,1,1,1,1,1,1,1,1,1,1,1,1,1,1,1,1,1,1,1,1,1,1,1,1,1,1,1,1
    ,1,1,1,1,1,1,1,1,1,1,1,1,1,1,1,1,1,1,1,1,1,1,1,1,1,1,1,1,1,1,1,1,1,1
    ,1,1,1,1,1,1,4),(0.,7.575757575758E-03,1.515151515152E-02,
    2.272727272727E-02,3.030303030303E-02,3.787878787879E-02,
    4.545454545455E-02,5.30303030303E-02,6.060606060606E-02,
    6.818181818182E-02,7.575757575758E-02,8.333333333333E-02,
    9.090909090909E-02,9.848484848485E-02,0.106060606061,0.113636363636,
    0.121212121212,0.128787878788,0.136363636364,0.143939393939,
    0.151515151515,0.159090909091,0.166666666667,0.174242424242,
    0.181818181818,0.189393939394,0.19696969697,0.204545454545,
    0.212121212121,0.219696969697,0.227272727273,0.234848484848,
    0.242424242424,0.25,0.257575757576,0.265151515152,0.272727272727,
    0.280303030303,0.287878787879,0.295454545455,0.30303030303,
    0.310606060606,0.318181818182,0.325757575758,0.333333333333,
    0.340909090909,0.348484848485,0.356060606061,0.363636363636,
    0.371212121212,0.378787878788,0.386363636364,0.393939393939,
    0.401515151515,0.409090909091,0.416666666667,0.424242424242,
    0.431818181818,0.439393939394,0.44696969697,0.454545454545,
    0.462121212121,0.469696969697,0.477272727273,0.484848484848,
    0.492424242424,0.5,0.507575757576,0.515151515152,0.522727272727,
    0.530303030303,0.537878787879,0.545454545455,0.55303030303,
    0.560606060606,0.568181818182,0.575757575758,0.583333333333,
    0.590909090909,0.598484848485,0.606060606061,0.613636363636,
    0.621212121212,0.628787878788,0.636363636364,0.643939393939,
    0.651515151515,0.659090909091,0.666666666667,0.674242424242,
    0.681818181818,0.689393939394,0.69696969697,0.704545454545,
    0.712121212121,0.719696969697,0.727272727273,0.734848484848,
    0.742424242424,0.75,0.757575757576,0.765151515152,0.772727272727,
    0.780303030303,0.787878787879,0.795454545455,0.80303030303,
    0.810606060606,0.818181818182,0.825757575758,0.833333333333,
    0.840909090909,0.848484848485,0.856060606061,0.863636363636,
    0.871212121212,0.878787878788,0.886363636364,0.893939393939,
    0.901515151515,0.909090909091,0.916666666667,0.924242424242,
    0.931818181818,0.939393939394,0.94696969697,0.954545454545,
    0.962121212121,0.969696969697,0.977272727273,0.984848484848,
    0.992424242424,1.),.UNSPECIFIED.);
#6585 = CARTESIAN_POINT('',(6.28318530718,4.856246376886));
#6586 = CARTESIAN_POINT('',(6.29905142358,4.858014014942));
#6587 = CARTESIAN_POINT('',(6.33078364307,4.861549163275));
#6588 = CARTESIAN_POINT('',(6.378381897873,4.866851793146));
#6589 = CARTESIAN_POINT('',(6.425980028905,4.872154648129));
#6590 = CARTESIAN_POINT('',(6.47357803878,4.877457951335));
#6591 = CARTESIAN_POINT('',(6.521175927454,4.882761844074));
#6592 = CARTESIAN_POINT('',(6.568773682064,4.88806637474));
#6593 = CARTESIAN_POINT('',(6.616371430177,4.893371521645));
#6594 = CARTESIAN_POINT('',(6.663969183365,4.89867720135));
#6595 = CARTESIAN_POINT('',(6.711568084551,4.903983397345));
#6596 = CARTESIAN_POINT('',(6.759166968987,4.909289803626));
#6597 = CARTESIAN_POINT('',(6.806765706705,4.914596208233));
#6598 = CARTESIAN_POINT('',(6.854364334692,4.919902414775));
#6599 = CARTESIAN_POINT('',(6.901963074908,4.925208257131));
#6600 = CARTESIAN_POINT('',(6.949562176097,4.930513591936));
#6601 = CARTESIAN_POINT('',(6.997161621515,4.93581827403));
#6602 = CARTESIAN_POINT('',(7.044761554529,4.941122209541));
#6603 = CARTESIAN_POINT('',(7.092359930318,4.946425102738));
#6604 = CARTESIAN_POINT('',(7.13996147662,4.951727448223));
#6605 = CARTESIAN_POINT('',(7.187564830894,4.957029111672));
#6606 = CARTESIAN_POINT('',(7.235168288536,4.96232995269));
#6607 = CARTESIAN_POINT('',(7.282771200529,4.967629980567));
#6608 = CARTESIAN_POINT('',(7.330373350239,4.972929282496));
#6609 = CARTESIAN_POINT('',(7.377974901755,4.978228012848));
#6610 = CARTESIAN_POINT('',(7.425576217351,4.983526366154));
#6611 = CARTESIAN_POINT('',(7.473177725619,4.98882455467));
#6612 = CARTESIAN_POINT('',(7.520779777037,4.994122784321));
#6613 = CARTESIAN_POINT('',(7.568382516761,4.999421232983));
#6614 = CARTESIAN_POINT('',(7.61598567641,5.004720021481));
#6615 = CARTESIAN_POINT('',(7.663588606657,5.010019211796));
#6616 = CARTESIAN_POINT('',(7.711189322833,5.015318704194));
#6617 = CARTESIAN_POINT('',(7.758787118191,5.020618511842));
#6618 = CARTESIAN_POINT('',(7.806385585646,5.025919114192));
#6619 = CARTESIAN_POINT('',(7.853983723775,5.031220446405));
#6620 = CARTESIAN_POINT('',(7.901581989926,5.036522556172));
#6621 = CARTESIAN_POINT('',(7.949180082728,5.041825405909));
#6622 = CARTESIAN_POINT('',(7.996778594732,5.047129036987));
#6623 = CARTESIAN_POINT('',(8.044377183173,5.052433345237));
#6624 = CARTESIAN_POINT('',(8.09197563936,5.057738232344));
#6625 = CARTESIAN_POINT('',(8.139574056368,5.063043614805));
#6626 = CARTESIAN_POINT('',(8.187172586064,5.068349404479));
#6627 = CARTESIAN_POINT('',(8.23477132713,5.073655499535));
#6628 = CARTESIAN_POINT('',(8.282370086908,5.078961762217));
#6629 = CARTESIAN_POINT('',(8.329968527719,5.084268038965));
#6630 = CARTESIAN_POINT('',(8.377567434426,5.089574306077));
#6631 = CARTESIAN_POINT('',(8.425166227312,5.094880395958));
#6632 = CARTESIAN_POINT('',(8.472764994784,5.100186228142));
#6633 = CARTESIAN_POINT('',(8.520363831683,5.105491736602));
#6634 = CARTESIAN_POINT('',(8.567962827498,5.110796870297));
#6635 = CARTESIAN_POINT('',(8.615561847238,5.116101572364));
#6636 = CARTESIAN_POINT('',(8.663160497114,5.121405771509));
#6637 = CARTESIAN_POINT('',(8.710759169669,5.126709512773));
#6638 = CARTESIAN_POINT('',(8.758357939454,5.132012815126));
#6639 = CARTESIAN_POINT('',(8.805956118191,5.13731562399));
#6640 = CARTESIAN_POINT('',(8.853556400325,5.142618290039));
#6641 = CARTESIAN_POINT('',(8.901158825576,5.147920875723));
#6642 = CARTESIAN_POINT('',(8.94876127945,5.153223215906));
#6643 = CARTESIAN_POINT('',(8.996363198903,5.158525319224));
#6644 = CARTESIAN_POINT('',(9.043964328141,5.163827233986));
#6645 = CARTESIAN_POINT('',(9.091564831163,5.169129057918));
#6646 = CARTESIAN_POINT('',(9.13916506227,5.174430909557));
#6647 = CARTESIAN_POINT('',(9.186765447431,5.179732910746));
#6648 = CARTESIAN_POINT('',(9.234366324354,5.185035164592));
#6649 = CARTESIAN_POINT('',(9.281967855252,5.190337742047));
#6650 = CARTESIAN_POINT('',(9.329569666193,5.195640640059));
#6651 = CARTESIAN_POINT('',(9.377171442104,5.200943846367));
#6652 = CARTESIAN_POINT('',(9.424769868288,5.206247007687));
#6653 = CARTESIAN_POINT('',(9.472369297565,5.211550601753));
#6654 = CARTESIAN_POINT('',(9.519971124315,5.216854768717));
#6655 = CARTESIAN_POINT('',(9.567572950467,5.222159207981));
#6656 = CARTESIAN_POINT('',(9.615174353565,5.227463819185));
#6657 = CARTESIAN_POINT('',(9.662775090925,5.232768511404));
#6658 = CARTESIAN_POINT('',(9.710375360637,5.238073235446));
#6659 = CARTESIAN_POINT('',(9.757975533279,5.243377956496));
#6660 = CARTESIAN_POINT('',(9.805576042469,5.248682643233));
#6661 = CARTESIAN_POINT('',(9.853177228402,5.25398725165));
#6662 = CARTESIAN_POINT('',(9.900779227984,5.259291714567));
#6663 = CARTESIAN_POINT('',(9.948381700578,5.264595914612));
#6664 = CARTESIAN_POINT('',(9.995984098227,5.269899718595));
#6665 = CARTESIAN_POINT('',(10.043583816953,5.275202783795));
#6666 = CARTESIAN_POINT('',(10.091182275916,5.280505231074));
#6667 = CARTESIAN_POINT('',(10.138781219135,5.285807222162));
#6668 = CARTESIAN_POINT('',(10.186380044558,5.291108682516));
#6669 = CARTESIAN_POINT('',(10.233978953687,5.296409643698));
#6670 = CARTESIAN_POINT('',(10.281578009446,5.301710141036));
#6671 = CARTESIAN_POINT('',(10.32917681741,5.307010177902));
#6672 = CARTESIAN_POINT('',(10.376776243251,5.312309916718));
#6673 = CARTESIAN_POINT('',(10.424375666376,5.317609368467));
#6674 = CARTESIAN_POINT('',(10.471974875517,5.322908606175));
#6675 = CARTESIAN_POINT('',(10.519573917806,5.328207742641));
#6676 = CARTESIAN_POINT('',(10.567172957317,5.333506911207));
#6677 = CARTESIAN_POINT('',(10.614772085153,5.338806241285));
#6678 = CARTESIAN_POINT('',(10.662371298347,5.344105851822));
#6679 = CARTESIAN_POINT('',(10.70996985947,5.349405778255));
#6680 = CARTESIAN_POINT('',(10.757568299889,5.354706176957));
#6681 = CARTESIAN_POINT('',(10.805166617096,5.360007167173));
#6682 = CARTESIAN_POINT('',(10.852764858809,5.365308818918));
#6683 = CARTESIAN_POINT('',(10.900363099495,5.370611183861));
#6684 = CARTESIAN_POINT('',(10.947961327308,5.37591431966));
#6685 = CARTESIAN_POINT('',(10.995560782716,5.381218369158));
#6686 = CARTESIAN_POINT('',(11.043160144755,5.386523172082));
#6687 = CARTESIAN_POINT('',(11.090759249298,5.391828667409));
#6688 = CARTESIAN_POINT('',(11.138358101879,5.397134787891));
#6689 = CARTESIAN_POINT('',(11.185956934738,5.402441467648));
#6690 = CARTESIAN_POINT('',(11.233556005706,5.407748621645));
#6691 = CARTESIAN_POINT('',(11.281155436347,5.413056130121));
#6692 = CARTESIAN_POINT('',(11.328755160257,5.418363836901));
#6693 = CARTESIAN_POINT('',(11.376354358427,5.423671492797));
#6694 = CARTESIAN_POINT('',(11.423952762304,5.428978910333));
#6695 = CARTESIAN_POINT('',(11.4715516204,5.434286069876));
#6696 = CARTESIAN_POINT('',(11.519150367113,5.43959276157));
#6697 = CARTESIAN_POINT('',(11.566749179813,5.444898874463));
#6698 = CARTESIAN_POINT('',(11.614348108718,5.450204305575));
#6699 = CARTESIAN_POINT('',(11.661947121923,5.455508970855));
#6700 = CARTESIAN_POINT('',(11.709545863284,5.460812783294));
#6701 = CARTESIAN_POINT('',(11.757144649912,5.466115768511));
#6702 = CARTESIAN_POINT('',(11.804743305073,5.47141793223));
#6703 = CARTESIAN_POINT('',(11.852342108987,5.476719375456));
#6704 = CARTESIAN_POINT('',(11.899940033638,5.4820200822));
#6705 = CARTESIAN_POINT('',(11.947540855713,5.487320617099));
#6706 = CARTESIAN_POINT('',(11.99514444053,5.492621120963));
#6707 = CARTESIAN_POINT('',(12.042748250072,5.497921489949));
#6708 = CARTESIAN_POINT('',(12.090351497476,5.503221828195));
#6709 = CARTESIAN_POINT('',(12.137953768012,5.508522277496));
#6710 = CARTESIAN_POINT('',(12.185555156429,5.513823017331));
#6711 = CARTESIAN_POINT('',(12.233156024542,5.519124222691));
#6712 = CARTESIAN_POINT('',(12.280756878681,5.524426036612));
#6713 = CARTESIAN_POINT('',(12.328358225308,5.529728542331));
#6714 = CARTESIAN_POINT('',(12.375960429812,5.535031738505));
#6715 = CARTESIAN_POINT('',(12.423563576773,5.540335518799));
#6716 = CARTESIAN_POINT('',(12.471167270631,5.545639647184));
#6717 = CARTESIAN_POINT('',(12.518770581824,5.550943762286));
#6718 = CARTESIAN_POINT('',(12.550504421905,5.554479444807));
#6719 = CARTESIAN_POINT('',(12.566370614359,5.55624710149));
#6720 = ( GEOMETRIC_REPRESENTATION_CONTEXT(2) 
PARAMETRIC_REPRESENTATION_CONTEXT() REPRESENTATION_CONTEXT('2D SPACE',''
  ) );
#6721 = ORIENTED_EDGE('',*,*,#5890,.T.);
#6722 = ORIENTED_EDGE('',*,*,#6723,.T.);
#6723 = EDGE_CURVE('',#5775,#6724,#6726,.T.);
#6724 = VERTEX_POINT('',#6725);
#6725 = CARTESIAN_POINT('',(1.57611532032,3.53955581E-07,-6.037506211227
    ));
#6726 = SURFACE_CURVE('',#6727,(#6739,#6746),.PCURVE_S1.);
#6727 = B_SPLINE_CURVE_WITH_KNOTS('',10,(#6728,#6729,#6730,#6731,#6732,
    #6733,#6734,#6735,#6736,#6737,#6738),.UNSPECIFIED.,.F.,.F.,(11,11),(
    0.,6.322058019692),.PIECEWISE_BEZIER_KNOTS.);
#6728 = CARTESIAN_POINT('',(1.576115678953,4.4244405258E-07,
    -5.337507764026));
#6729 = CARTESIAN_POINT('',(1.576115462595,-0.990353457711,
    -5.407505623871));
#6730 = CARTESIAN_POINT('',(0.884858027631,-1.980172609559,
    -5.477466813649));
#6731 = CARTESIAN_POINT('',(-0.498952425215,-2.426292048424,
    -5.547620368919));
#6732 = CARTESIAN_POINT('',(-2.079966096031,-1.801104793807,
    -5.617390776451));
#6733 = CARTESIAN_POINT('',(-2.916358594937,-8.25490924217E-06,
    -5.687506987445));
#6734 = CARTESIAN_POINT('',(-2.079912043492,1.801114835541,
    -5.757623199093));
#6735 = CARTESIAN_POINT('',(-0.499006590844,2.426287544912,-5.8273936062
    ));
#6736 = CARTESIAN_POINT('',(0.884875425887,1.980173746783,
    -5.897547161634));
#6737 = CARTESIAN_POINT('',(1.576115592257,0.99035425411,-5.967508351386
    ));
#6738 = CARTESIAN_POINT('',(1.57611532032,3.5395553296E-07,
    -6.037506211227));
#6739 = PCURVE('',#5903,#6740);
#6740 = DEFINITIONAL_REPRESENTATION('',(#6741),#6745);
#6741 = LINE('',#6742,#6743);
#6742 = CARTESIAN_POINT('',(0.49,0.));
#6743 = VECTOR('',#6744,1.);
#6744 = DIRECTION('',(0.,1.));
#6745 = ( GEOMETRIC_REPRESENTATION_CONTEXT(2) 
PARAMETRIC_REPRESENTATION_CONTEXT() REPRESENTATION_CONTEXT('2D SPACE',''
  ) );
#6746 = PCURVE('',#6747,#6832);
#6747 = ( BOUNDED_SURFACE() B_SPLINE_SURFACE(6,11,(
    (#6748,#6749,#6750,#6751,#6752,#6753,#6754,#6755,#6756,#6757,#6758
      ,#6759)
    ,(#6760,#6761,#6762,#6763,#6764,#6765,#6766,#6767,#6768,#6769,#6770
      ,#6771)
    ,(#6772,#6773,#6774,#6775,#6776,#6777,#6778,#6779,#6780,#6781,#6782
      ,#6783)
    ,(#6784,#6785,#6786,#6787,#6788,#6789,#6790,#6791,#6792,#6793,#6794
      ,#6795)
    ,(#6796,#6797,#6798,#6799,#6800,#6801,#6802,#6803,#6804,#6805,#6806
      ,#6807)
    ,(#6808,#6809,#6810,#6811,#6812,#6813,#6814,#6815,#6816,#6817,#6818
      ,#6819)
    ,(#6820,#6821,#6822,#6823,#6824,#6825,#6826,#6827,#6828,#6829,#6830
,#6831
    )),.UNSPECIFIED.,.F.,.F.,.F.) B_SPLINE_SURFACE_WITH_KNOTS((7,7),(12,
    12),(0.,2.094395102393),(0.,6.322058019692),
.PIECEWISE_BEZIER_KNOTS.) GEOMETRIC_REPRESENTATION_ITEM() 
RATIONAL_B_SPLINE_SURFACE((
    (1.056590953773,1.056590953773,1.056590953773,1.056590953774
      ,1.056590953771,1.056590953775,1.056590953771,1.056590953775
      ,1.056590953772,1.056590953773,1.056590953773,1.056590953773)
    ,(1.017435169568,1.017435169568,1.017435169568,1.017435169569
      ,1.017435169567,1.01743516957,1.017435169567,1.017435169569
      ,1.017435169568,1.017435169568,1.017435169568,1.017435169568)
    ,(0.996326512422,0.996326512422,0.996326512422,0.996326512423
      ,0.99632651242,0.996326512425,0.99632651242,0.996326512424
      ,0.996326512421,0.996326512422,0.996326512422,0.996326512422)
    ,(0.989390034249,0.989390034249,0.989390034248,0.98939003425
      ,0.989390034247,0.989390034251,0.989390034247,0.98939003425
      ,0.989390034248,0.989390034249,0.989390034249,0.989390034249)
    ,(0.996326512422,0.996326512422,0.996326512422,0.996326512423
      ,0.99632651242,0.996326512424,0.99632651242,0.996326512424
      ,0.996326512421,0.996326512422,0.996326512422,0.996326512422)
    ,(1.017435169568,1.017435169568,1.017435169568,1.017435169569
      ,1.017435169567,1.01743516957,1.017435169567,1.017435169569
      ,1.017435169568,1.017435169568,1.017435169568,1.017435169568)
    ,(1.056590953773,1.056590953773,1.056590953773,1.056590953774
      ,1.056590953771,1.056590953775,1.056590953771,1.056590953775
      ,1.056590953772,1.056590953773,1.056590953773,1.056590953773
))) REPRESENTATION_ITEM('') SURFACE() );
#6748 = CARTESIAN_POINT('',(1.576115678953,4.4244405489E-07,
    -5.337507764026));
#6749 = CARTESIAN_POINT('',(1.576115482264,-0.90032128497,
    -5.401142182067));
#6750 = CARTESIAN_POINT('',(1.010541197626,-1.800205491042,
    -5.464746597326));
#6751 = CARTESIAN_POINT('',(-0.121528962279,-2.307156670684,
    -5.528584908374));
#6752 = CARTESIAN_POINT('',(-1.505133010264,-2.018492341715,
    -5.591637362086));
#6753 = CARTESIAN_POINT('',(-2.53603558572,-0.836462199782,
    -5.656318762948));
#6754 = CARTESIAN_POINT('',(-2.53630021763,0.836457758854,
    -5.718695212239));
#6755 = CARTESIAN_POINT('',(-1.504956357091,2.018497094263,
    -5.783376613303));
#6756 = CARTESIAN_POINT('',(-0.121604834805,2.307153705559,
    -5.846429066788));
#6757 = CARTESIAN_POINT('',(1.010555456135,1.800206566296,
    -5.910267377953));
#6758 = CARTESIAN_POINT('',(1.576115567535,0.900322081369,-5.97387179319
    ));
#6759 = CARTESIAN_POINT('',(1.57611532032,3.5395553472E-07,
    -6.037506211227));
#6760 = CARTESIAN_POINT('',(1.54439739565,4.7948294096E-07,
    -5.319196071231));
#6761 = CARTESIAN_POINT('',(1.544397314145,-0.882207734379,
    -5.382830326396));
#6762 = CARTESIAN_POINT('',(0.990203183814,-1.763944001131,
    -5.446432067099));
#6763 = CARTESIAN_POINT('',(-0.119079440229,-2.260836906145,
    -5.510287284155));
#6764 = CARTESIAN_POINT('',(-1.474842812119,-1.977643606102,
    -5.573290855923));
#6765 = CARTESIAN_POINT('',(-2.485016068422,-0.819953077743,
    -5.638059741911));
#6766 = CARTESIAN_POINT('',(-2.485225444762,0.819949190614,
    -5.700330717708));
#6767 = CARTESIAN_POINT('',(-1.474703425976,1.977647141447,
    -5.765099603854));
#6768 = CARTESIAN_POINT('',(-0.119139776365,2.260834543426,
    -5.828103175445));
#6769 = CARTESIAN_POINT('',(0.990214191834,1.763945001,-5.891958392591)
  );
#6770 = CARTESIAN_POINT('',(1.544397248326,0.882208597449,
    -5.955560133278));
#6771 = CARTESIAN_POINT('',(1.544397112065,3.8358663407E-07,
    -6.01919438844));
#6772 = CARTESIAN_POINT('',(1.522045060095,5.055845772E-07,
    -5.288202295878));
#6773 = CARTESIAN_POINT('',(1.52204515265,-0.869442873003,
    -5.351836436263));
#6774 = CARTESIAN_POINT('',(0.975872281305,-1.738390102533,
    -5.415436292168));
#6775 = CARTESIAN_POINT('',(-0.117360951184,-2.228194448433,
    -5.479303423126));
#6776 = CARTESIAN_POINT('',(-1.453478539626,-1.94885752553,
    -5.542272547109));
#6777 = CARTESIAN_POINT('',(-2.449089241438,-0.808318552091,
    -5.607103085058));
#6778 = CARTESIAN_POINT('',(-2.449205059917,0.8083157083,-5.669299732272
    ));
#6779 = CARTESIAN_POINT('',(-1.453402145494,1.948859063533,
    -5.734130270306));
#6780 = CARTESIAN_POINT('',(-0.117394894805,2.228193110432,
    -5.797099394196));
#6781 = CARTESIAN_POINT('',(0.975877862957,1.738390932571,-5.8609665252)
  );
#6782 = CARTESIAN_POINT('',(1.522044868713,0.869443783055,
    -5.924566381098));
#6783 = CARTESIAN_POINT('',(1.522044903532,4.0446790533E-07,
    -5.98820052148));
#6784 = CARTESIAN_POINT('',(1.5139654435,5.1501913123E-07,
    -5.250009037575));
#6785 = CARTESIAN_POINT('',(1.513965737568,-0.864828837053,
    -5.313643136471));
#6786 = CARTESIAN_POINT('',(0.970694517412,-1.729153379003,
    -5.377242311086));
#6787 = CARTESIAN_POINT('',(-0.116751300992,-2.216394932206,
    -5.441113748508));
#6788 = CARTESIAN_POINT('',(-1.445728726321,-1.938453248133,
    -5.504070420826));
#6789 = CARTESIAN_POINT('',(-2.436143739017,-0.804112604442,
    -5.568923243762));
#6790 = CARTESIAN_POINT('',(-2.436144246086,0.804111112187,
    -5.631093023881));
#6791 = CARTESIAN_POINT('',(-1.445729903717,1.938452363889,
    -5.695945846811));
#6792 = CARTESIAN_POINT('',(-0.11675266172,2.216394860118,
    -5.758902519138));
#6793 = CARTESIAN_POINT('',(0.970693458998,1.729153973526,
    -5.822773956553));
#6794 = CARTESIAN_POINT('',(1.513965208212,0.864829764087,
    -5.886373131171));
#6795 = CARTESIAN_POINT('',(1.513965443466,4.1201549028E-07,
    -5.950007230065));
#6796 = CARTESIAN_POINT('',(1.522043494794,5.0558552944E-07,
    -5.211815448174));
#6797 = CARTESIAN_POINT('',(1.522043979601,-0.869442068487,
    -5.275449588551));
#6798 = CARTESIAN_POINT('',(0.975877998595,-1.738388738377,
    -5.339049444326));
#6799 = CARTESIAN_POINT('',(-0.117393449862,-2.228191123912,
    -5.402916576088));
#6800 = CARTESIAN_POINT('',(-1.453399645149,-1.948858117248,
    -5.465885697798));
#6801 = CARTESIAN_POINT('',(-2.449202294867,-0.808316439978,
    -5.530716239723));
#6802 = CARTESIAN_POINT('',(-2.449087471952,0.80831635393,
    -5.592912882253));
#6803 = CARTESIAN_POINT('',(-1.453478350937,1.948854843151,
    -5.657743424082));
#6804 = CARTESIAN_POINT('',(-0.117362177845,2.228192320379,
    -5.720712545902));
#6805 = CARTESIAN_POINT('',(0.97587033889,1.738389075603,-5.784579677605
    ));
#6806 = CARTESIAN_POINT('',(1.522043224219,0.869442978541,
    -5.848179533395));
#6807 = CARTESIAN_POINT('',(1.522043651291,4.044685446E-07,
    -5.91181367377));
#6808 = CARTESIAN_POINT('',(1.544394560096,4.7948466536E-07,
    -5.18082075677));
#6809 = CARTESIAN_POINT('',(1.544395189158,-0.882206276993,
    -5.244455011921));
#6810 = CARTESIAN_POINT('',(0.990213540726,-1.763941529953,
    -5.308056752389));
#6811 = CARTESIAN_POINT('',(-0.119138311815,-2.260830883751,
    -5.371911970902));
#6812 = CARTESIAN_POINT('',(-1.474699894215,-1.977644678004,
    -5.434915538551));
#6813 = CARTESIAN_POINT('',(-2.48522086551,-0.819949251633,
    -5.499684431742));
#6814 = CARTESIAN_POINT('',(-2.48501243333,0.819950360176,
    -5.561955399053));
#6815 = CARTESIAN_POINT('',(-1.474841472677,1.977639496196,
    -5.626724292074));
#6816 = CARTESIAN_POINT('',(-0.119080509359,2.26083311224,
    -5.689727859917));
#6817 = CARTESIAN_POINT('',(0.990200561934,1.763941637089,
    -5.753583078327));
#6818 = CARTESIAN_POINT('',(1.544394269314,0.882207140065,
    -5.817184818818));
#6819 = CARTESIAN_POINT('',(1.54439484362,3.8358779719E-07,
    -5.880819073969));
#6820 = CARTESIAN_POINT('',(1.576112092895,4.4244623476E-07,
    -5.162507764063));
#6821 = CARTESIAN_POINT('',(1.576112794843,-0.900319441848,
    -5.226142182085));
#6822 = CARTESIAN_POINT('',(1.010554295768,-1.8002023658,-5.289746597047
    ));
#6823 = CARTESIAN_POINT('',(-0.121603415787,-2.307149054305,
    -5.353584909938));
#6824 = CARTESIAN_POINT('',(-1.504952265358,-2.018493697325,
    -5.416637358442));
#6825 = CARTESIAN_POINT('',(-2.536294587771,-0.83645736099,
    -5.481318768413));
#6826 = CARTESIAN_POINT('',(-2.536030827091,0.836459237971,
    -5.543695206972));
#6827 = CARTESIAN_POINT('',(-1.5051309415,2.018487425494,-5.60837661673)
  );
#6828 = CARTESIAN_POINT('',(-0.12152988122,2.307151895572,
    -5.671429065476));
#6829 = CARTESIAN_POINT('',(1.010538218721,1.800202312037,
    -5.735267378238));
#6830 = CARTESIAN_POINT('',(1.576111800048,0.900320238251,
    -5.798871793228));
#6831 = CARTESIAN_POINT('',(1.576112451471,3.5395700426E-07,
    -5.862506211251));
#6832 = DEFINITIONAL_REPRESENTATION('',(#6833),#6837);
#6833 = LINE('',#6834,#6835);
#6834 = CARTESIAN_POINT('',(0.,0.));
#6835 = VECTOR('',#6836,1.);
#6836 = DIRECTION('',(0.,1.));
#6837 = ( GEOMETRIC_REPRESENTATION_CONTEXT(2) 
PARAMETRIC_REPRESENTATION_CONTEXT() REPRESENTATION_CONTEXT('2D SPACE',''
  ) );
#6838 = ORIENTED_EDGE('',*,*,#6839,.F.);
#6839 = EDGE_CURVE('',#6390,#6724,#6840,.T.);
#6840 = SURFACE_CURVE('',#6841,(#6844,#6851),.PCURVE_S1.);
#6841 = B_SPLINE_CURVE_WITH_KNOTS('',1,(#6842,#6843),.UNSPECIFIED.,.F.,
  .F.,(2,2),(0.,0.49),.PIECEWISE_BEZIER_KNOTS.);
#6842 = CARTESIAN_POINT('',(2.000471784505,-4.247758712E-08,
    -6.282499254607));
#6843 = CARTESIAN_POINT('',(1.57611532032,3.5395553296E-07,
    -6.037506211227));
#6844 = PCURVE('',#5903,#6845);
#6845 = DEFINITIONAL_REPRESENTATION('',(#6846),#6850);
#6846 = LINE('',#6847,#6848);
#6847 = CARTESIAN_POINT('',(0.,6.322058019692));
#6848 = VECTOR('',#6849,1.);
#6849 = DIRECTION('',(1.,0.));
#6850 = ( GEOMETRIC_REPRESENTATION_CONTEXT(2) 
PARAMETRIC_REPRESENTATION_CONTEXT() REPRESENTATION_CONTEXT('2D SPACE',''
  ) );
#6851 = PCURVE('',#6852,#6875);
#6852 = B_SPLINE_SURFACE_WITH_KNOTS('',1,10,(
    (#6853,#6854,#6855,#6856,#6857,#6858,#6859,#6860,#6861,#6862,#6863)
    ,(#6864,#6865,#6866,#6867,#6868,#6869,#6870,#6871,#6872,#6873,#6874
    )),.UNSPECIFIED.,.F.,.F.,.F.,(2,2),(11,11),(0.,0.49),(0.,
    6.322058019692),.PIECEWISE_BEZIER_KNOTS.);
#6853 = CARTESIAN_POINT('',(2.000471784505,-4.247753896E-08,
    -6.282499254607));
#6854 = CARTESIAN_POINT('',(2.00046987967,-1.256926947061,
    -6.352499511458));
#6855 = CARTESIAN_POINT('',(1.123124322764,-2.51388203825,-6.42250416925
    ));
#6856 = CARTESIAN_POINT('',(-0.63344302786,-3.078271545566,
    -6.492485740267));
#6857 = CARTESIAN_POINT('',(-2.639579287344,-2.287250342723,
    -6.562513295234));
#6858 = CARTESIAN_POINT('',(-3.702163404076,-2.84954958327E-05,
    -6.632499347069));
#6859 = CARTESIAN_POINT('',(-2.639370352534,2.28729258626,
    -6.702485401478));
#6860 = CARTESIAN_POINT('',(-0.633644076985,3.078255416762,
    -6.772512954757));
#6861 = CARTESIAN_POINT('',(1.123194330087,2.513884618345,
    -6.842494526443));
#6862 = CARTESIAN_POINT('',(2.00047231997,1.256926872727,-6.912499184119
    ));
#6863 = CARTESIAN_POINT('',(2.000470421806,-3.185772105E-08,
    -6.982499440963));
#6864 = CARTESIAN_POINT('',(1.57611532032,3.539555797E-07,
    -6.037506211227));
#6865 = CARTESIAN_POINT('',(1.576115048382,-0.990353320914,
    -6.107504071064));
#6866 = CARTESIAN_POINT('',(0.884857715118,-1.980172208207,
    -6.177465260819));
#6867 = CARTESIAN_POINT('',(-0.498952447915,-2.426291469331,
    -6.247618816212));
#6868 = CARTESIAN_POINT('',(-2.079965724046,-1.801104266363,
    -6.31738922355));
#6869 = CARTESIAN_POINT('',(-2.916357930837,-8.09091971518E-06,
    -6.387505434641));
#6870 = CARTESIAN_POINT('',(-2.07991146973,1.80111454126,-6.457621646397
    ));
#6871 = CARTESIAN_POINT('',(-0.499006340698,2.426287022012,
    -6.527392053298));
#6872 = CARTESIAN_POINT('',(0.884875335629,1.980173246039,
    -6.597545608866));
#6873 = CARTESIAN_POINT('',(1.576115289208,0.990353940336,
    -6.667506798589));
#6874 = CARTESIAN_POINT('',(1.576114961692,2.6546691974E-07,
    -6.737504658425));
#6875 = DEFINITIONAL_REPRESENTATION('',(#6876),#6880);
#6876 = LINE('',#6877,#6878);
#6877 = CARTESIAN_POINT('',(0.,0.));
#6878 = VECTOR('',#6879,1.);
#6879 = DIRECTION('',(1.,0.));
#6880 = ( GEOMETRIC_REPRESENTATION_CONTEXT(2) 
PARAMETRIC_REPRESENTATION_CONTEXT() REPRESENTATION_CONTEXT('2D SPACE',''
  ) );
#6881 = ADVANCED_FACE('',(#6882),#5798,.T.);
#6882 = FACE_BOUND('',#6883,.T.);
#6883 = EDGE_LOOP('',(#6884,#6885,#6886,#6887));
#6884 = ORIENTED_EDGE('',*,*,#5774,.F.);
#6885 = ORIENTED_EDGE('',*,*,#5939,.T.);
#6886 = ORIENTED_EDGE('',*,*,#5967,.T.);
#6887 = ORIENTED_EDGE('',*,*,#6888,.F.);
#6888 = EDGE_CURVE('',#5775,#5968,#6889,.T.);
#6889 = SURFACE_CURVE('',#6890,(#6898,#6905),.PCURVE_S1.);
#6890 = ( BOUNDED_CURVE() B_SPLINE_CURVE(6,(#6891,#6892,#6893,#6894,
#6895,#6896,#6897),.UNSPECIFIED.,.F.,.F.) B_SPLINE_CURVE_WITH_KNOTS((7,7
),(0.,2.094395102393),.PIECEWISE_BEZIER_KNOTS.) CURVE() 
GEOMETRIC_REPRESENTATION_ITEM() RATIONAL_B_SPLINE_CURVE((1.056590953773,
    1.017435169568,0.996326512422,0.989390034249,0.996326512422,
1.017435169568,1.056590953773)) REPRESENTATION_ITEM('') );
#6891 = CARTESIAN_POINT('',(1.576115678953,4.4244405389E-07,
    -5.337507764026));
#6892 = CARTESIAN_POINT('',(1.54439739565,4.7948294207E-07,
    -5.319196071231));
#6893 = CARTESIAN_POINT('',(1.522045060095,5.0558457909E-07,
    -5.288202295878));
#6894 = CARTESIAN_POINT('',(1.5139654435,5.1501913256E-07,
    -5.250009037575));
#6895 = CARTESIAN_POINT('',(1.522043494794,5.0558553122E-07,
    -5.211815448174));
#6896 = CARTESIAN_POINT('',(1.544394560096,4.794846683E-07,
    -5.18082075677));
#6897 = CARTESIAN_POINT('',(1.576112092895,4.424462331E-07,
    -5.162507764063));
#6898 = PCURVE('',#5798,#6899);
#6899 = DEFINITIONAL_REPRESENTATION('',(#6900),#6904);
#6900 = LINE('',#6901,#6902);
#6901 = CARTESIAN_POINT('',(0.,6.322058019692));
#6902 = VECTOR('',#6903,1.);
#6903 = DIRECTION('',(1.,0.));
#6904 = ( GEOMETRIC_REPRESENTATION_CONTEXT(2) 
PARAMETRIC_REPRESENTATION_CONTEXT() REPRESENTATION_CONTEXT('2D SPACE',''
  ) );
#6905 = PCURVE('',#6747,#6906);
#6906 = DEFINITIONAL_REPRESENTATION('',(#6907),#6911);
#6907 = LINE('',#6908,#6909);
#6908 = CARTESIAN_POINT('',(0.,0.));
#6909 = VECTOR('',#6910,1.);
#6910 = DIRECTION('',(1.,0.));
#6911 = ( GEOMETRIC_REPRESENTATION_CONTEXT(2) 
PARAMETRIC_REPRESENTATION_CONTEXT() REPRESENTATION_CONTEXT('2D SPACE',''
  ) );
#6912 = ADVANCED_FACE('',(#6913),#6356,.T.);
#6913 = FACE_BOUND('',#6914,.T.);
#6914 = EDGE_LOOP('',(#6915,#6947,#6948,#7271));
#6915 = ORIENTED_EDGE('',*,*,#6916,.F.);
#6916 = EDGE_CURVE('',#5968,#6917,#6919,.T.);
#6917 = VERTEX_POINT('',#6918);
#6918 = CARTESIAN_POINT('',(1.576112451471,3.53957053E-07,
    -5.862506211251));
#6919 = SURFACE_CURVE('',#6920,(#6933,#6940),.PCURVE_S1.);
#6920 = ( BOUNDED_CURVE() B_SPLINE_CURVE(11,(#6921,#6922,#6923,#6924,
    #6925,#6926,#6927,#6928,#6929,#6930,#6931,#6932),.UNSPECIFIED.,.F.,
.F.) B_SPLINE_CURVE_WITH_KNOTS((12,12),(0.,6.322058019692),
.PIECEWISE_BEZIER_KNOTS.) CURVE() GEOMETRIC_REPRESENTATION_ITEM() 
RATIONAL_B_SPLINE_CURVE((1.056590953773,1.056590953773,1.056590953773,
    1.056590953774,1.056590953771,1.056590953775,1.056590953771,
    1.056590953775,1.056590953772,1.056590953773,1.056590953773,
1.056590953773)) REPRESENTATION_ITEM('') );
#6921 = CARTESIAN_POINT('',(1.576112092895,4.4244623476E-07,
    -5.162507764063));
#6922 = CARTESIAN_POINT('',(1.576112794843,-0.900319441848,
    -5.226142182085));
#6923 = CARTESIAN_POINT('',(1.010554295768,-1.8002023658,-5.289746597047
    ));
#6924 = CARTESIAN_POINT('',(-0.121603415787,-2.307149054305,
    -5.353584909938));
#6925 = CARTESIAN_POINT('',(-1.504952265358,-2.018493697325,
    -5.416637358442));
#6926 = CARTESIAN_POINT('',(-2.536294587771,-0.83645736099,
    -5.481318768413));
#6927 = CARTESIAN_POINT('',(-2.536030827091,0.836459237971,
    -5.543695206972));
#6928 = CARTESIAN_POINT('',(-1.5051309415,2.018487425494,-5.60837661673)
  );
#6929 = CARTESIAN_POINT('',(-0.12152988122,2.307151895572,
    -5.671429065476));
#6930 = CARTESIAN_POINT('',(1.010538218721,1.800202312037,
    -5.735267378238));
#6931 = CARTESIAN_POINT('',(1.576111800048,0.900320238251,
    -5.798871793228));
#6932 = CARTESIAN_POINT('',(1.576112451471,3.5395700426E-07,
    -5.862506211251));
#6933 = PCURVE('',#6356,#6934);
#6934 = DEFINITIONAL_REPRESENTATION('',(#6935),#6939);
#6935 = LINE('',#6936,#6937);
#6936 = CARTESIAN_POINT('',(0.,0.));
#6937 = VECTOR('',#6938,1.);
#6938 = DIRECTION('',(0.,1.));
#6939 = ( GEOMETRIC_REPRESENTATION_CONTEXT(2) 
PARAMETRIC_REPRESENTATION_CONTEXT() REPRESENTATION_CONTEXT('2D SPACE',''
  ) );
#6940 = PCURVE('',#6747,#6941);
#6941 = DEFINITIONAL_REPRESENTATION('',(#6942),#6946);
#6942 = LINE('',#6943,#6944);
#6943 = CARTESIAN_POINT('',(2.094395102393,0.));
#6944 = VECTOR('',#6945,1.);
#6945 = DIRECTION('',(0.,1.));
#6946 = ( GEOMETRIC_REPRESENTATION_CONTEXT(2) 
PARAMETRIC_REPRESENTATION_CONTEXT() REPRESENTATION_CONTEXT('2D SPACE',''
  ) );
#6947 = ORIENTED_EDGE('',*,*,#6343,.T.);
#6948 = ORIENTED_EDGE('',*,*,#6949,.T.);
#6949 = EDGE_CURVE('',#6001,#6950,#6952,.T.);
#6950 = VERTEX_POINT('',#6951);
#6951 = CARTESIAN_POINT('',(1.955,-1.075E-12,-5.643747101353));
#6952 = SURFACE_CURVE('',#6953,(#7041,#7132),.PCURVE_S1.);
#6953 = B_SPLINE_CURVE_WITH_KNOTS('',6,(#6954,#6955,#6956,#6957,#6958,
    #6959,#6960,#6961,#6962,#6963,#6964,#6965,#6966,#6967,#6968,#6969,
    #6970,#6971,#6972,#6973,#6974,#6975,#6976,#6977,#6978,#6979,#6980,
    #6981,#6982,#6983,#6984,#6985,#6986,#6987,#6988,#6989,#6990,#6991,
    #6992,#6993,#6994,#6995,#6996,#6997,#6998,#6999,#7000,#7001,#7002,
    #7003,#7004,#7005,#7006,#7007,#7008,#7009,#7010,#7011,#7012,#7013,
    #7014,#7015,#7016,#7017,#7018,#7019,#7020,#7021,#7022,#7023,#7024,
    #7025,#7026,#7027,#7028,#7029,#7030,#7031,#7032,#7033,#7034,#7035,
    #7036,#7037,#7038,#7039,#7040),.UNSPECIFIED.,.F.,.F.,(7,5,5,5,5,5,5,
    5,5,5,5,5,5,5,5,5,5,7),(0.,3.090733069078E-02,4.790699100744E-02,
    0.128905607234,0.195681594524,0.262682532353,0.298699012267,
    0.358701624816,0.403381830099,0.495179207558,0.599041718329,
    0.692029445131,0.737030545571,0.785590838808,0.840593456142,
    0.874158734845,0.978662282301,1.),.UNSPECIFIED.);
#6954 = CARTESIAN_POINT('',(1.955,-3.50009E-12,-4.943746376672));
#6955 = CARTESIAN_POINT('',(1.955,-6.327371982084E-02,-4.94735217003));
#6956 = CARTESIAN_POINT('',(1.952542554397,-0.126547584613,
    -4.950958330706));
#6957 = CARTESIAN_POINT('',(1.947627707029,-0.189701750067,
    -4.954564631824));
#6958 = CARTESIAN_POINT('',(1.940263188543,-0.25261716142,
    -4.958170889159));
#6959 = CARTESIAN_POINT('',(1.930464416393,-0.315175553462,
    -4.961776961138));
#6960 = CARTESIAN_POINT('',(1.911538789726,-0.411406856269,
    -4.967366005398));
#6961 = CARTESIAN_POINT('',(1.904093646378,-0.445410785915,
    -4.969349178613));
#6962 = CARTESIAN_POINT('',(1.895922901684,-0.479251745712,
    -4.971332254858));
#6963 = CARTESIAN_POINT('',(1.887031076658,-0.512910415322,
    -4.973315225819));
#6964 = CARTESIAN_POINT('',(1.877423376436,-0.546367647825,
    -4.975298088502));
#6965 = CARTESIAN_POINT('',(1.817944807911,-0.73796860942,
    -4.986728125268));
#6966 = CARTESIAN_POINT('',(1.752659994287,-0.891346254075,
    -4.996174021302));
#6967 = CARTESIAN_POINT('',(1.671893349039,-1.03764709309,
    -5.005616490303));
#6968 = CARTESIAN_POINT('',(1.576639073181,-1.174957853716,
    -5.015059642102));
#6969 = CARTESIAN_POINT('',(1.468170146658,-1.301536974508,
    -5.024506644852));
#6970 = CARTESIAN_POINT('',(1.249068707743,-1.510145938545,
    -5.041745609016));
#6971 = CARTESIAN_POINT('',(1.142146704313,-1.596108620544,
    -5.049537979112));
#6972 = CARTESIAN_POINT('',(1.028190747823,-1.672926482377,
    -5.057332248664));
#6973 = CARTESIAN_POINT('',(0.908186112771,-1.739902152784,
    -5.065128432643));
#6974 = CARTESIAN_POINT('',(0.783199874459,-1.796471833918,
    -5.072925996557));
#6975 = CARTESIAN_POINT('',(0.525128150064,-1.888141848997,
    -5.088546658149));
#6976 = CARTESIAN_POINT('',(0.392003640015,-1.923173891748,
    -5.096370539847));
#6977 = CARTESIAN_POINT('',(0.25616658229,-1.946912050733,-5.10419307103
    ));
#6978 = CARTESIAN_POINT('',(0.1188125108,-1.95911920535,-5.112013830752)
  );
#6979 = CARTESIAN_POINT('',(-1.884243895804E-02,-1.959715282156,
    -5.119832951334));
#6980 = CARTESIAN_POINT('',(-0.229070748869,-1.942932868266,
    -5.131851583277));
#6981 = CARTESIAN_POINT('',(-0.302304779369,-1.933738983426,
    -5.136052911774));
#6982 = CARTESIAN_POINT('',(-0.375084582679,-1.921233756106,
    -5.140253686787));
#6983 = CARTESIAN_POINT('',(-0.447223696444,-1.905446315959,
    -5.144453953394));
#6984 = CARTESIAN_POINT('',(-0.518538390396,-1.88641977096,
    -5.148653784431));
#6985 = CARTESIAN_POINT('',(-0.705981274488,-1.827212260333,
    -5.159849542633));
#6986 = CARTESIAN_POINT('',(-0.82032905515,-1.781379957918,
    -5.166845102331));
#6987 = CARTESIAN_POINT('',(-0.931050804143,-1.726980062939,
    -5.173839930776));
#6988 = CARTESIAN_POINT('',(-1.037351325016,-1.664378802012,
    -5.180834829438));
#6989 = CARTESIAN_POINT('',(-1.138487490957,-1.594039113422,
    -5.187830537885));
#6990 = CARTESIAN_POINT('',(-1.304730203246,-1.458790931207,
    -5.200036552847));
#6991 = CARTESIAN_POINT('',(-1.372444692826,-1.39708054986,
    -5.205246767644));
#6992 = CARTESIAN_POINT('',(-1.436637685271,-1.33161453882,
    -5.210457490448));
#6993 = CARTESIAN_POINT('',(-1.497051664169,-1.262645924936,
    -5.215668831558));
#6994 = CARTESIAN_POINT('',(-1.553453880173,-1.190450682839,
    -5.220880838799));
#6995 = CARTESIAN_POINT('',(-1.712851096415,-0.960980507284,
    -5.236802611896));
#6996 = CARTESIAN_POINT('',(-1.802278928465,-0.794240272478,
    -5.247516022914));
#6997 = CARTESIAN_POINT('',(-1.872083538683,-0.617727921062,
    -5.258228937642));
#6998 = CARTESIAN_POINT('',(-1.92103559808,-0.434335985616,
    -5.268941935197));
#6999 = CARTESIAN_POINT('',(-1.948402603138,-0.24712030436,-5.2796558833
    ));
#7000 = CARTESIAN_POINT('',(-1.960548386766,0.153246853197,
    -5.302484709257));
#7001 = CARTESIAN_POINT('',(-1.939259979958,0.366677969974,
    -5.314604488698));
#7002 = CARTESIAN_POINT('',(-1.890066462971,0.576347149277,
    -5.326717779338));
#7003 = CARTESIAN_POINT('',(-1.813897378664,0.777792054219,
    -5.338829882142));
#7004 = CARTESIAN_POINT('',(-1.712470263386,0.966789441517,
    -5.350947474306));
#7005 = CARTESIAN_POINT('',(-1.477565942477,1.29424232504,
    -5.373911929929));
#7006 = CARTESIAN_POINT('',(-1.348506775246,1.435987205293,
    -5.384763763279));
#7007 = CARTESIAN_POINT('',(-1.203281225772,1.562080797502,
    -5.395615945485));
#7008 = CARTESIAN_POINT('',(-1.044301635923,1.670318339068,
    -5.406470749092));
#7009 = CARTESIAN_POINT('',(-0.87431514046,1.758930606924,
    -5.417328615923));
#7010 = CARTESIAN_POINT('',(-0.610356012947,1.85956388261,-5.43343654746
    ));
#7011 = CARTESIAN_POINT('',(-0.522416708697,1.887514942783,
    -5.438689491163));
#7012 = CARTESIAN_POINT('',(-0.432966794846,1.910466619021,
    -5.443941919704));
#7013 = CARTESIAN_POINT('',(-0.34236167766,1.928320590269,
    -5.449193697759));
#7014 = CARTESIAN_POINT('',(-0.250964419669,1.941012388918,
    -5.454444736035));
#7015 = CARTESIAN_POINT('',(-6.00613510761E-02,1.956604326612,
    -5.465360210009));
#7016 = CARTESIAN_POINT('',(3.951649955549E-02,1.958650814775,
    -5.471024636225));
#7017 = CARTESIAN_POINT('',(0.139125516123,1.95461347513,-5.476687872284
    ));
#7018 = CARTESIAN_POINT('',(0.238302329073,1.944501657907,
    -5.482350046458));
#7019 = CARTESIAN_POINT('',(0.336586894008,1.928371663162,
    -5.488011409895));
#7020 = CARTESIAN_POINT('',(0.543323826896,1.881356813795,
    -5.500083712222));
#7021 = CARTESIAN_POINT('',(0.65139938718,1.848797368315,-5.506494694617
    ));
#7022 = CARTESIAN_POINT('',(0.757090941207,1.808798713878,
    -5.512905089688));
#7023 = CARTESIAN_POINT('',(0.8597627741,1.76158482089,-5.519315629114)
  );
#7024 = CARTESIAN_POINT('',(0.958809048912,1.707451223217,
    -5.525727049702));
#7025 = CARTESIAN_POINT('',(1.111540303923,1.609728248188,
    -5.536052590509));
#7026 = CARTESIAN_POINT('',(1.167860240901,1.570251850971,
    -5.539966157926));
#7027 = CARTESIAN_POINT('',(1.222489014273,1.528416702256,
    -5.543880235174));
#7028 = CARTESIAN_POINT('',(1.275304015478,1.484313997724,
    -5.547794879577));
#7029 = CARTESIAN_POINT('',(1.326189351731,1.438043334688,
    -5.551710111197));
#7030 = CARTESIAN_POINT('',(1.527116571463,1.239238123244,
    -5.567817534006));
#7031 = CARTESIAN_POINT('',(1.659481154695,1.068748257177,
    -5.580018195207));
#7032 = CARTESIAN_POINT('',(1.76872683037,0.881570052604,-5.592219985627
    ));
#7033 = CARTESIAN_POINT('',(1.852415304102,0.681656460377,
    -5.604421358574));
#7034 = CARTESIAN_POINT('',(1.908861700053,0.473330687537,
    -5.616619414589));
#7035 = CARTESIAN_POINT('',(1.943296187783,0.218020832872,
    -5.631300821348));
#7036 = CARTESIAN_POINT('',(1.947974196649,0.174573680363,
    -5.633790102135));
#7037 = CARTESIAN_POINT('',(1.951486217195,0.131008845624,
    -5.636279313758));
#7038 = CARTESIAN_POINT('',(1.953828737648,8.736544000673E-02,
    -5.63876850669));
#7039 = CARTESIAN_POINT('',(1.955,4.368270255447E-02,-5.641257743998));
#7040 = CARTESIAN_POINT('',(1.955,-2.15139E-12,-5.643747101353));
#7041 = PCURVE('',#6356,#7042);
#7042 = DEFINITIONAL_REPRESENTATION('',(#7043),#7131);
#7043 = B_SPLINE_CURVE_WITH_KNOTS('',6,(#7044,#7045,#7046,#7047,#7048,
    #7049,#7050,#7051,#7052,#7053,#7054,#7055,#7056,#7057,#7058,#7059,
    #7060,#7061,#7062,#7063,#7064,#7065,#7066,#7067,#7068,#7069,#7070,
    #7071,#7072,#7073,#7074,#7075,#7076,#7077,#7078,#7079,#7080,#7081,
    #7082,#7083,#7084,#7085,#7086,#7087,#7088,#7089,#7090,#7091,#7092,
    #7093,#7094,#7095,#7096,#7097,#7098,#7099,#7100,#7101,#7102,#7103,
    #7104,#7105,#7106,#7107,#7108,#7109,#7110,#7111,#7112,#7113,#7114,
    #7115,#7116,#7117,#7118,#7119,#7120,#7121,#7122,#7123,#7124,#7125,
    #7126,#7127,#7128,#7129,#7130),.UNSPECIFIED.,.F.,.F.,(7,5,5,5,5,5,5,
    5,5,5,5,5,5,5,5,5,5,7),(0.,3.090733069078E-02,4.790699100744E-02,
    0.128905607234,0.195681594524,0.262682532353,0.298699012267,
    0.358701624816,0.403381830099,0.495179207558,0.599041718329,
    0.692029445131,0.737030545571,0.785590838808,0.840593456142,
    0.874158734845,0.978662282301,1.),.UNSPECIFIED.);
#7044 = CARTESIAN_POINT('',(0.437507246527,0.));
#7045 = CARTESIAN_POINT('',(0.437507143633,3.256529935773E-02));
#7046 = CARTESIAN_POINT('',(0.437506320298,6.513066270913E-02));
#7047 = CARTESIAN_POINT('',(0.437505279095,9.769631059944E-02));
#7048 = CARTESIAN_POINT('',(0.437504411509,0.130262347122));
#7049 = CARTESIAN_POINT('',(0.437503997942,0.162828759921));
#7050 = CARTESIAN_POINT('',(0.437504323082,0.213307745506));
#7051 = CARTESIAN_POINT('',(0.437504624959,0.231220160374));
#7052 = CARTESIAN_POINT('',(0.43750513754,0.249132650954));
#7053 = CARTESIAN_POINT('',(0.437505873912,0.267045201272));
#7054 = CARTESIAN_POINT('',(0.437506836052,0.284957793211));
#7055 = CARTESIAN_POINT('',(0.437513631342,0.388218987802));
#7056 = CARTESIAN_POINT('',(0.437524155834,0.473577233034));
#7057 = CARTESIAN_POINT('',(0.437538833183,0.558923280157));
#7058 = CARTESIAN_POINT('',(0.437551389371,0.644265915575));
#7059 = CARTESIAN_POINT('',(0.437558066422,0.72961678216));
#7060 = CARTESIAN_POINT('',(0.437558454128,0.885312436277));
#7061 = CARTESIAN_POINT('',(0.437554231752,0.955670248945));
#7062 = CARTESIAN_POINT('',(0.437545221968,1.026023597193));
#7063 = CARTESIAN_POINT('',(0.43753248379,1.096377398198));
#7064 = CARTESIAN_POINT('',(0.437518093437,1.166736200661));
#7065 = CARTESIAN_POINT('',(0.437489597409,1.307685699192));
#7066 = CARTESIAN_POINT('',(0.437475494933,1.378283490573));
#7067 = CARTESIAN_POINT('',(0.437463417809,1.448878230935));
#7068 = CARTESIAN_POINT('',(0.437455069701,1.519473812388));
#7069 = CARTESIAN_POINT('',(0.43745099375,1.590073882822));
#7070 = CARTESIAN_POINT('',(0.437450836543,1.698619585134));
#7071 = CARTESIAN_POINT('',(0.43745193427,1.736568888932));
#7072 = CARTESIAN_POINT('',(0.437454125616,1.774518132652));
#7073 = CARTESIAN_POINT('',(0.437457300688,1.81246722713));
#7074 = CARTESIAN_POINT('',(0.437461298761,1.850416104353));
#7075 = CARTESIAN_POINT('',(0.437473587641,1.951586218667));
#7076 = CARTESIAN_POINT('',(0.437482981564,2.014809118533));
#7077 = CARTESIAN_POINT('',(0.437493164833,2.078028978546));
#7078 = CARTESIAN_POINT('',(0.437503063653,2.14124818805));
#7079 = CARTESIAN_POINT('',(0.437511758052,2.204469271984));
#7080 = CARTESIAN_POINT('',(0.437524016255,2.314763392543));
#7081 = CARTESIAN_POINT('',(0.437528322004,2.36183895138));
#7082 = CARTESIAN_POINT('',(0.437531495102,2.40891398335));
#7083 = CARTESIAN_POINT('',(0.437533463749,2.45598916041));
#7084 = CARTESIAN_POINT('',(0.437534278478,2.5030651427));
#7085 = CARTESIAN_POINT('',(0.437533732952,2.64686035525));
#7086 = CARTESIAN_POINT('',(0.437529177863,2.743598079405));
#7087 = CARTESIAN_POINT('',(0.437521714885,2.840318189748));
#7088 = CARTESIAN_POINT('',(0.437514633129,2.937040769564));
#7089 = CARTESIAN_POINT('',(0.437510358247,3.033784609695));
#7090 = CARTESIAN_POINT('',(0.437507869328,3.239952173201));
#7091 = CARTESIAN_POINT('',(0.437510517488,3.349424058898));
#7092 = CARTESIAN_POINT('',(0.437517786228,3.458858207087));
#7093 = CARTESIAN_POINT('',(0.437526721812,3.568289154926));
#7094 = CARTESIAN_POINT('',(0.437532098487,3.677753608061));
#7095 = CARTESIAN_POINT('',(0.437532295929,3.885158243661));
#7096 = CARTESIAN_POINT('',(0.437528147571,3.983147967131));
#7097 = CARTESIAN_POINT('',(0.437518406524,4.081115585074));
#7098 = CARTESIAN_POINT('',(0.437503547354,4.179083765474));
#7099 = CARTESIAN_POINT('',(0.437487624739,4.27707480945));
#7100 = CARTESIAN_POINT('',(0.437467696807,4.422463785722));
#7101 = CARTESIAN_POINT('',(0.437461781646,4.469879094925));
#7102 = CARTESIAN_POINT('',(0.437456859029,4.517294233673));
#7103 = CARTESIAN_POINT('',(0.437453313092,4.564709714487));
#7104 = CARTESIAN_POINT('',(0.437451426424,4.612126006985));
#7105 = CARTESIAN_POINT('',(0.43745117016,4.710708078125));
#7106 = CARTESIAN_POINT('',(0.437453088542,4.761875071585));
#7107 = CARTESIAN_POINT('',(0.437457207547,4.8130412538));
#7108 = CARTESIAN_POINT('',(0.43746341133,4.864207260114));
#7109 = CARTESIAN_POINT('',(0.437471343619,4.915373749958));
#7110 = CARTESIAN_POINT('',(0.437490726891,5.024492419018));
#7111 = CARTESIAN_POINT('',(0.437502506764,5.08244647639));
#7112 = CARTESIAN_POINT('',(0.437514974084,5.140398333928));
#7113 = CARTESIAN_POINT('',(0.437527001871,5.198349510554));
#7114 = CARTESIAN_POINT('',(0.437537485747,5.256301673524));
#7115 = CARTESIAN_POINT('',(0.437550705695,5.34961661432));
#7116 = CARTESIAN_POINT('',(0.437554873118,5.384980863281));
#7117 = CARTESIAN_POINT('',(0.437558021367,5.420345114311));
#7118 = CARTESIAN_POINT('',(0.437560048354,5.455709424091));
#7119 = CARTESIAN_POINT('',(0.437560926434,5.491073848939));
#7120 = CARTESIAN_POINT('',(0.437560004893,5.636544061845));
#7121 = CARTESIAN_POINT('',(0.437548786516,5.746683812254));
#7122 = CARTESIAN_POINT('',(0.437527802871,5.856789659967));
#7123 = CARTESIAN_POINT('',(0.437509183853,5.966902416793));
#7124 = CARTESIAN_POINT('',(0.437504983984,6.077050333408));
#7125 = CARTESIAN_POINT('',(0.437504946051,6.209645455479));
#7126 = CARTESIAN_POINT('',(0.43750512379,6.232128226075));
#7127 = CARTESIAN_POINT('',(0.437505405488,6.254610841495));
#7128 = CARTESIAN_POINT('',(0.437505692601,6.277093312541));
#7129 = CARTESIAN_POINT('',(0.437505868247,6.29957568101));
#7130 = CARTESIAN_POINT('',(0.437505797211,6.322058019692));
#7131 = ( GEOMETRIC_REPRESENTATION_CONTEXT(2) 
PARAMETRIC_REPRESENTATION_CONTEXT() REPRESENTATION_CONTEXT('2D SPACE',''
  ) );
#7132 = PCURVE('',#238,#7133);
#7133 = DEFINITIONAL_REPRESENTATION('',(#7134),#7270);
#7134 = B_SPLINE_CURVE_WITH_KNOTS('',3,(#7135,#7136,#7137,#7138,#7139,
    #7140,#7141,#7142,#7143,#7144,#7145,#7146,#7147,#7148,#7149,#7150,
    #7151,#7152,#7153,#7154,#7155,#7156,#7157,#7158,#7159,#7160,#7161,
    #7162,#7163,#7164,#7165,#7166,#7167,#7168,#7169,#7170,#7171,#7172,
    #7173,#7174,#7175,#7176,#7177,#7178,#7179,#7180,#7181,#7182,#7183,
    #7184,#7185,#7186,#7187,#7188,#7189,#7190,#7191,#7192,#7193,#7194,
    #7195,#7196,#7197,#7198,#7199,#7200,#7201,#7202,#7203,#7204,#7205,
    #7206,#7207,#7208,#7209,#7210,#7211,#7212,#7213,#7214,#7215,#7216,
    #7217,#7218,#7219,#7220,#7221,#7222,#7223,#7224,#7225,#7226,#7227,
    #7228,#7229,#7230,#7231,#7232,#7233,#7234,#7235,#7236,#7237,#7238,
    #7239,#7240,#7241,#7242,#7243,#7244,#7245,#7246,#7247,#7248,#7249,
    #7250,#7251,#7252,#7253,#7254,#7255,#7256,#7257,#7258,#7259,#7260,
    #7261,#7262,#7263,#7264,#7265,#7266,#7267,#7268,#7269),
  .UNSPECIFIED.,.F.,.F.,(4,1,1,1,1,1,1,1,1,1,1,1,1,1,1,1,1,1,1,1,1,1,1,1
    ,1,1,1,1,1,1,1,1,1,1,1,1,1,1,1,1,1,1,1,1,1,1,1,1,1,1,1,1,1,1,1,1,1,1
    ,1,1,1,1,1,1,1,1,1,1,1,1,1,1,1,1,1,1,1,1,1,1,1,1,1,1,1,1,1,1,1,1,1,1
    ,1,1,1,1,1,1,1,1,1,1,1,1,1,1,1,1,1,1,1,1,1,1,1,1,1,1,1,1,1,1,1,1,1,1
    ,1,1,1,1,1,1,4),(0.,7.575757575758E-03,1.515151515152E-02,
    2.272727272727E-02,3.030303030303E-02,3.787878787879E-02,
    4.545454545455E-02,5.30303030303E-02,6.060606060606E-02,
    6.818181818182E-02,7.575757575758E-02,8.333333333333E-02,
    9.090909090909E-02,9.848484848485E-02,0.106060606061,0.113636363636,
    0.121212121212,0.128787878788,0.136363636364,0.143939393939,
    0.151515151515,0.159090909091,0.166666666667,0.174242424242,
    0.181818181818,0.189393939394,0.19696969697,0.204545454545,
    0.212121212121,0.219696969697,0.227272727273,0.234848484848,
    0.242424242424,0.25,0.257575757576,0.265151515152,0.272727272727,
    0.280303030303,0.287878787879,0.295454545455,0.30303030303,
    0.310606060606,0.318181818182,0.325757575758,0.333333333333,
    0.340909090909,0.348484848485,0.356060606061,0.363636363636,
    0.371212121212,0.378787878788,0.386363636364,0.393939393939,
    0.401515151515,0.409090909091,0.416666666667,0.424242424242,
    0.431818181818,0.439393939394,0.44696969697,0.454545454545,
    0.462121212121,0.469696969697,0.477272727273,0.484848484848,
    0.492424242424,0.5,0.507575757576,0.515151515152,0.522727272727,
    0.530303030303,0.537878787879,0.545454545455,0.55303030303,
    0.560606060606,0.568181818182,0.575757575758,0.583333333333,
    0.590909090909,0.598484848485,0.606060606061,0.613636363636,
    0.621212121212,0.628787878788,0.636363636364,0.643939393939,
    0.651515151515,0.659090909091,0.666666666667,0.674242424242,
    0.681818181818,0.689393939394,0.69696969697,0.704545454545,
    0.712121212121,0.719696969697,0.727272727273,0.734848484848,
    0.742424242424,0.75,0.757575757576,0.765151515152,0.772727272727,
    0.780303030303,0.787878787879,0.795454545455,0.80303030303,
    0.810606060606,0.818181818182,0.825757575758,0.833333333333,
    0.840909090909,0.848484848485,0.856060606061,0.863636363636,
    0.871212121212,0.878787878788,0.886363636364,0.893939393939,
    0.901515151515,0.909090909091,0.916666666667,0.924242424242,
    0.931818181818,0.939393939394,0.94696969697,0.954545454545,
    0.962121212121,0.969696969697,0.977272727273,0.984848484848,
    0.992424242424,1.),.UNSPECIFIED.);
#7135 = CARTESIAN_POINT('',(0.,4.243746376672));
#7136 = CARTESIAN_POINT('',(1.586615519354E-02,4.245514027719));
#7137 = CARTESIAN_POINT('',(4.759843076485E-02,4.249049532979));
#7138 = CARTESIAN_POINT('',(9.51967368906E-02,4.254353087822));
#7139 = CARTESIAN_POINT('',(0.142794905861,4.259656606099));
#7140 = CARTESIAN_POINT('',(0.190393002743,4.264959827696));
#7141 = CARTESIAN_POINT('',(0.237990952744,4.270262552401));
#7142 = CARTESIAN_POINT('',(0.285588795098,4.275564666809));
#7143 = CARTESIAN_POINT('',(0.333186894745,4.280866170124));
#7144 = CARTESIAN_POINT('',(0.380786726096,4.286167256885));
#7145 = CARTESIAN_POINT('',(0.428386612305,4.291467829533));
#7146 = CARTESIAN_POINT('',(0.475986290592,4.296767993271));
#7147 = CARTESIAN_POINT('',(0.523585677872,4.302067905479));
#7148 = CARTESIAN_POINT('',(0.571184992318,4.307367775424));
#7149 = CARTESIAN_POINT('',(0.618784522621,4.312667824959));
#7150 = CARTESIAN_POINT('',(0.666384520803,4.317968263881));
#7151 = CARTESIAN_POINT('',(0.713984982825,4.323269254579));
#7152 = CARTESIAN_POINT('',(0.761585742238,4.328570913786));
#7153 = CARTESIAN_POINT('',(0.809185370178,4.333873185518));
#7154 = CARTESIAN_POINT('',(0.856784443786,4.339176201087));
#7155 = CARTESIAN_POINT('',(0.904384337487,4.344480141861));
#7156 = CARTESIAN_POINT('',(0.951983933405,4.349784872145));
#7157 = CARTESIAN_POINT('',(0.99958331145,4.35509035268));
#7158 = CARTESIAN_POINT('',(1.047182546857,4.360396511974));
#7159 = CARTESIAN_POINT('',(1.094781854004,4.365703266217));
#7160 = CARTESIAN_POINT('',(1.142381291383,4.371010491129));
#7161 = CARTESIAN_POINT('',(1.189980890719,4.376318041868));
#7162 = CARTESIAN_POINT('',(1.237579501567,4.381625633164));
#7163 = CARTESIAN_POINT('',(1.285178520198,4.386933261052));
#7164 = CARTESIAN_POINT('',(1.332777807913,4.39224075379));
#7165 = CARTESIAN_POINT('',(1.380376797125,4.397547899614));
#7166 = CARTESIAN_POINT('',(1.42797553047,4.402854569378));
#7167 = CARTESIAN_POINT('',(1.475574170618,4.408160666963));
#7168 = CARTESIAN_POINT('',(1.523172947668,4.413466126202));
#7169 = CARTESIAN_POINT('',(1.570771937824,4.418770888151));
#7170 = CARTESIAN_POINT('',(1.618371090064,4.424074904711));
#7171 = CARTESIAN_POINT('',(1.6659693982,4.429378050691));
#7172 = CARTESIAN_POINT('',(1.713567736318,4.434680425792));
#7173 = CARTESIAN_POINT('',(1.761166083058,4.439982089466));
#7174 = CARTESIAN_POINT('',(1.808764480083,4.445283090751));
#7175 = CARTESIAN_POINT('',(1.856363048198,4.450583504401));
#7176 = CARTESIAN_POINT('',(1.903961616385,4.455883430077));
#7177 = CARTESIAN_POINT('',(1.951560866948,4.461183045191));
#7178 = CARTESIAN_POINT('',(1.999160076978,4.466482384149));
#7179 = CARTESIAN_POINT('',(2.046759199672,4.471781561771));
#7180 = CARTESIAN_POINT('',(2.09435831385,4.477080705932));
#7181 = CARTESIAN_POINT('',(2.141957579713,4.482379949584));
#7182 = CARTESIAN_POINT('',(2.18955705246,4.487679406379));
#7183 = CARTESIAN_POINT('',(2.237156548802,4.492979152478));
#7184 = CARTESIAN_POINT('',(2.284755457667,4.498279200056));
#7185 = CARTESIAN_POINT('',(2.332354619679,4.503579708666));
#7186 = CARTESIAN_POINT('',(2.37995362934,4.508880680535));
#7187 = CARTESIAN_POINT('',(2.427552566591,4.514182152821));
#7188 = CARTESIAN_POINT('',(2.475151552301,4.51948414827));
#7189 = CARTESIAN_POINT('',(2.522750338381,4.524786631132));
#7190 = CARTESIAN_POINT('',(2.570349457823,4.530089630934));
#7191 = CARTESIAN_POINT('',(2.617951017295,4.535393341603));
#7192 = CARTESIAN_POINT('',(2.665552606372,4.540697442122));
#7193 = CARTESIAN_POINT('',(2.713153777236,4.546001811237));
#7194 = CARTESIAN_POINT('',(2.76075425763,4.551306340122));
#7195 = CARTESIAN_POINT('',(2.808354209072,4.556610964885));
#7196 = CARTESIAN_POINT('',(2.85595395884,4.56191564001));
#7197 = CARTESIAN_POINT('',(2.903553885863,4.567220327408));
#7198 = CARTESIAN_POINT('',(2.95115427176,4.572524981316));
#7199 = CARTESIAN_POINT('',(2.998755150104,4.577829533387));
#7200 = CARTESIAN_POINT('',(3.046356168199,4.583133880384));
#7201 = CARTESIAN_POINT('',(3.093956329971,4.588437860449));
#7202 = CARTESIAN_POINT('',(3.141554092937,4.593741271702));
#7203 = CARTESIAN_POINT('',(3.189156332683,4.599044855302));
#7204 = CARTESIAN_POINT('',(3.236759219905,4.604348189267));
#7205 = CARTESIAN_POINT('',(3.284362043962,4.609651202118));
#7206 = CARTESIAN_POINT('',(3.331964155635,4.614953844695));
#7207 = CARTESIAN_POINT('',(3.379565544822,4.620256154547));
#7208 = CARTESIAN_POINT('',(3.427166473137,4.625558214781));
#7209 = CARTESIAN_POINT('',(3.474767380083,4.630860140756));
#7210 = CARTESIAN_POINT('',(3.522368731496,4.636162059243));
#7211 = CARTESIAN_POINT('',(3.569970876825,4.6414640881));
#7212 = CARTESIAN_POINT('',(3.617573938174,4.646766319731));
#7213 = CARTESIAN_POINT('',(3.665177530539,4.652068787134));
#7214 = CARTESIAN_POINT('',(3.712781051308,4.65737149411));
#7215 = CARTESIAN_POINT('',(3.760381749011,4.662674204471));
#7216 = CARTESIAN_POINT('',(3.807980959173,4.667977129387));
#7217 = CARTESIAN_POINT('',(3.855583103111,4.673280803012));
#7218 = CARTESIAN_POINT('',(3.903185099122,4.678584915402));
#7219 = CARTESIAN_POINT('',(3.950786757298,4.683889454411));
#7220 = CARTESIAN_POINT('',(3.998387786833,4.689194380387));
#7221 = CARTESIAN_POINT('',(4.045988381114,4.694499690686));
#7222 = CARTESIAN_POINT('',(4.093588864803,4.699805380498));
#7223 = CARTESIAN_POINT('',(4.14118960494,4.705111432277));
#7224 = CARTESIAN_POINT('',(4.188790853764,4.710417798184));
#7225 = CARTESIAN_POINT('',(4.236392608607,4.715724385563));
#7226 = CARTESIAN_POINT('',(4.283994437642,4.721031040973));
#7227 = CARTESIAN_POINT('',(4.33159535022,4.726337540683));
#7228 = CARTESIAN_POINT('',(4.379193410176,4.731643560458));
#7229 = CARTESIAN_POINT('',(4.426792030423,4.736949360597));
#7230 = CARTESIAN_POINT('',(4.47439038282,4.742254736119));
#7231 = CARTESIAN_POINT('',(4.521988703734,4.747559608251));
#7232 = CARTESIAN_POINT('',(4.569587058865,4.752863891087));
#7233 = CARTESIAN_POINT('',(4.617185441572,4.758167506408));
#7234 = CARTESIAN_POINT('',(4.664783677735,4.763470377493));
#7235 = CARTESIAN_POINT('',(4.712382208996,4.768772517834));
#7236 = CARTESIAN_POINT('',(4.759980644257,4.774073873361));
#7237 = CARTESIAN_POINT('',(4.807579092224,4.779374473102));
#7238 = CARTESIAN_POINT('',(4.855177644474,4.78467437045));
#7239 = CARTESIAN_POINT('',(4.902776417505,4.789973647744));
#7240 = CARTESIAN_POINT('',(4.950374963674,4.795272350636));
#7241 = CARTESIAN_POINT('',(4.997973993976,4.800570677214));
#7242 = CARTESIAN_POINT('',(5.045573104964,4.8058687188));
#7243 = CARTESIAN_POINT('',(5.093172155987,4.811166613047));
#7244 = CARTESIAN_POINT('',(5.140771234809,4.816464532036));
#7245 = CARTESIAN_POINT('',(5.188370454616,4.821762654097));
#7246 = CARTESIAN_POINT('',(5.235969880877,4.827061148156));
#7247 = CARTESIAN_POINT('',(5.283569098885,4.832360124259));
#7248 = CARTESIAN_POINT('',(5.331168108745,4.837659707284));
#7249 = CARTESIAN_POINT('',(5.378767119705,4.842960054093));
#7250 = CARTESIAN_POINT('',(5.426366044644,4.848261231322));
#7251 = CARTESIAN_POINT('',(5.473964924567,4.853563276585));
#7252 = CARTESIAN_POINT('',(5.521563826487,4.858866224947));
#7253 = CARTESIAN_POINT('',(5.569166789651,4.864170488749));
#7254 = CARTESIAN_POINT('',(5.616770413845,4.869475637877));
#7255 = CARTESIAN_POINT('',(5.664373789582,4.874781456876));
#7256 = CARTESIAN_POINT('',(5.711976262886,4.880087722784));
#7257 = CARTESIAN_POINT('',(5.759577791876,4.885394254111));
#7258 = CARTESIAN_POINT('',(5.807178637834,4.890700888395));
#7259 = CARTESIAN_POINT('',(5.854779255573,4.896007480096));
#7260 = CARTESIAN_POINT('',(5.902380143852,4.901313894354));
#7261 = CARTESIAN_POINT('',(5.9499817073,4.90662000276));
#7262 = CARTESIAN_POINT('',(5.997584120775,4.911925681011));
#7263 = CARTESIAN_POINT('',(6.045187138254,4.917230802807));
#7264 = CARTESIAN_POINT('',(6.092790045585,4.922535252706));
#7265 = CARTESIAN_POINT('',(6.140390979359,4.927838872697));
#7266 = CARTESIAN_POINT('',(6.187988489588,4.93314166074));
#7267 = CARTESIAN_POINT('',(6.235586970036,4.938444314001));
#7268 = CARTESIAN_POINT('',(6.267319167431,4.94197946017));
#7269 = CARTESIAN_POINT('',(6.28318530718,4.943747101353));
#7270 = ( GEOMETRIC_REPRESENTATION_CONTEXT(2) 
PARAMETRIC_REPRESENTATION_CONTEXT() REPRESENTATION_CONTEXT('2D SPACE',''
  ) );
#7271 = ORIENTED_EDGE('',*,*,#7272,.F.);
#7272 = EDGE_CURVE('',#6917,#6950,#7273,.T.);
#7273 = SURFACE_CURVE('',#7274,(#7277,#7284),.PCURVE_S1.);
#7274 = B_SPLINE_CURVE_WITH_KNOTS('',1,(#7275,#7276),.UNSPECIFIED.,.F.,
  .F.,(2,2),(0.,0.49),.PIECEWISE_BEZIER_KNOTS.);
#7275 = CARTESIAN_POINT('',(1.576112451471,3.5395700618E-07,
    -5.862506211251));
#7276 = CARTESIAN_POINT('',(2.00046088288,-4.247199558E-08,
    -5.617499254696));
#7277 = PCURVE('',#6356,#7278);
#7278 = DEFINITIONAL_REPRESENTATION('',(#7279),#7283);
#7279 = LINE('',#7280,#7281);
#7280 = CARTESIAN_POINT('',(0.,6.322058019692));
#7281 = VECTOR('',#7282,1.);
#7282 = DIRECTION('',(1.,0.));
#7283 = ( GEOMETRIC_REPRESENTATION_CONTEXT(2) 
PARAMETRIC_REPRESENTATION_CONTEXT() REPRESENTATION_CONTEXT('2D SPACE',''
  ) );
#7284 = PCURVE('',#7285,#7308);
#7285 = B_SPLINE_SURFACE_WITH_KNOTS('',1,10,(
    (#7286,#7287,#7288,#7289,#7290,#7291,#7292,#7293,#7294,#7295,#7296)
    ,(#7297,#7298,#7299,#7300,#7301,#7302,#7303,#7304,#7305,#7306,#7307
    )),.UNSPECIFIED.,.F.,.F.,.F.,(2,2),(11,11),(0.,0.49),(0.,
    6.322058019692),.PIECEWISE_BEZIER_KNOTS.);
#7286 = CARTESIAN_POINT('',(1.576112451471,3.5395705411E-07,
    -5.862506211251));
#7287 = CARTESIAN_POINT('',(1.576113168037,-0.99035174402,
    -5.932504071071));
#7288 = CARTESIAN_POINT('',(0.884874703932,-1.980169741044,
    -6.002465260539));
#7289 = CARTESIAN_POINT('',(-0.499004589734,-2.426283361997,
    -6.072618817125));
#7290 = CARTESIAN_POINT('',(-2.079907453611,-1.801112481462,
    -6.142389222498));
#7291 = CARTESIAN_POINT('',(-2.91635328247,6.9429608505E-06,
    -6.212505435037));
#7292 = CARTESIAN_POINT('',(-2.079963120382,1.801100574458,
    -6.282621646884));
#7293 = CARTESIAN_POINT('',(-0.498952606873,2.426287415945,
    -6.35239205271));
#7294 = CARTESIAN_POINT('',(0.884855527613,1.98016939896,-6.422545609118
    ));
#7295 = CARTESIAN_POINT('',(1.576112149067,0.990352363445,
    -6.492506798614));
#7296 = CARTESIAN_POINT('',(1.576112810054,2.6546778841E-07,
    -6.562504658438));
#7297 = CARTESIAN_POINT('',(2.00046088288,-4.2471949E-08,-5.617499254696
    ));
#7298 = CARTESIAN_POINT('',(2.00046273436,-1.256920954866,
    -5.687499511486));
#7299 = CARTESIAN_POINT('',(1.123188880254,-2.51387266303,
    -5.757504168185));
#7300 = CARTESIAN_POINT('',(-0.633641166771,-3.078240737697,
    -5.827485743737));
#7301 = CARTESIAN_POINT('',(-2.639357859694,-2.287281560099,
    -5.897513291236));
#7302 = CARTESIAN_POINT('',(-3.70214574028,2.863325179036E-05,
    -5.96749934857));
#7303 = CARTESIAN_POINT('',(-2.639566625014,2.287239512413,
    -6.037485403332));
#7304 = CARTESIAN_POINT('',(-0.63343988845,3.078256913707,
    -6.107512952518));
#7305 = CARTESIAN_POINT('',(1.123119059625,2.513869999445,
    -6.177494527401));
#7306 = CARTESIAN_POINT('',(2.000460387437,1.25692088054,-6.247499184216
    ));
#7307 = CARTESIAN_POINT('',(2.000462245584,-3.185441637E-08,
    -6.317499441013));
#7308 = DEFINITIONAL_REPRESENTATION('',(#7309),#7313);
#7309 = LINE('',#7310,#7311);
#7310 = CARTESIAN_POINT('',(0.,0.));
#7311 = VECTOR('',#7312,1.);
#7312 = DIRECTION('',(1.,0.));
#7313 = ( GEOMETRIC_REPRESENTATION_CONTEXT(2) 
PARAMETRIC_REPRESENTATION_CONTEXT() REPRESENTATION_CONTEXT('2D SPACE',''
  ) );
#7314 = ADVANCED_FACE('',(#7315),#6852,.T.);
#7315 = FACE_BOUND('',#7316,.T.);
#7316 = EDGE_LOOP('',(#7317,#7660,#7661,#7777));
#7317 = ORIENTED_EDGE('',*,*,#7318,.F.);
#7318 = EDGE_CURVE('',#6390,#7319,#7321,.T.);
#7319 = VERTEX_POINT('',#7320);
#7320 = CARTESIAN_POINT('',(1.955,5.64E-13,-6.956247826104));
#7321 = SURFACE_CURVE('',#7322,(#7420,#7521),.PCURVE_S1.);
#7322 = B_SPLINE_CURVE_WITH_KNOTS('',6,(#7323,#7324,#7325,#7326,#7327,
    #7328,#7329,#7330,#7331,#7332,#7333,#7334,#7335,#7336,#7337,#7338,
    #7339,#7340,#7341,#7342,#7343,#7344,#7345,#7346,#7347,#7348,#7349,
    #7350,#7351,#7352,#7353,#7354,#7355,#7356,#7357,#7358,#7359,#7360,
    #7361,#7362,#7363,#7364,#7365,#7366,#7367,#7368,#7369,#7370,#7371,
    #7372,#7373,#7374,#7375,#7376,#7377,#7378,#7379,#7380,#7381,#7382,
    #7383,#7384,#7385,#7386,#7387,#7388,#7389,#7390,#7391,#7392,#7393,
    #7394,#7395,#7396,#7397,#7398,#7399,#7400,#7401,#7402,#7403,#7404,
    #7405,#7406,#7407,#7408,#7409,#7410,#7411,#7412,#7413,#7414,#7415,
    #7416,#7417,#7418,#7419),.UNSPECIFIED.,.F.,.F.,(7,5,5,5,5,5,5,5,5,5,
    5,5,5,5,5,5,5,5,5,7),(0.,2.402043844394E-02,5.601994907718E-02,
    0.12702016293,0.228123675042,0.263665377949,0.320124196991,
    0.373127632416,0.401322733807,0.499061919656,0.597850403538,
    0.641658217682,0.701660832885,0.738065156335,0.756985235367,
    0.857983765822,0.87518562182,0.952184437458,0.972859782226,1.),
  .UNSPECIFIED.);
#7323 = CARTESIAN_POINT('',(1.955,2.12919E-12,-6.25624710149));
#7324 = CARTESIAN_POINT('',(1.955,-4.91748081282E-02,-6.259049438868));
#7325 = CARTESIAN_POINT('',(1.953515702668,-9.834968017867E-02,
    -6.261851624195));
#7326 = CARTESIAN_POINT('',(1.950547116046,-0.147468428865,
    -6.264653766109));
#7327 = CARTESIAN_POINT('',(1.946097062216,-0.196475095419,
    -6.267455952374));
#7328 = CARTESIAN_POINT('',(1.940171177307,-0.245313949586,
    -6.27025824989));
#7329 = CARTESIAN_POINT('',(1.92292876203,-0.358694064762,
    -6.276794074589));
#7330 = CARTESIAN_POINT('',(1.910475386263,-0.423062673198,
    -6.280527731351));
#7331 = CARTESIAN_POINT('',(1.895437829511,-0.486903895761,
    -6.284261767971));
#7332 = CARTESIAN_POINT('',(1.877844718867,-0.550088533375,
    -6.287996213527));
#7333 = CARTESIAN_POINT('',(1.857733263189,-0.612489607067,
    -6.291731033177));
#7334 = CARTESIAN_POINT('',(1.785040063485,-0.810421896491,
    -6.303753521831));
#7335 = CARTESIAN_POINT('',(1.722754845211,-0.942399573407,
    -6.312042832488));
#7336 = CARTESIAN_POINT('',(1.648796309499,-1.068537926936,
    -6.320332028978));
#7337 = CARTESIAN_POINT('',(1.563868146428,-1.187568409152,
    -6.32861979358));
#7338 = CARTESIAN_POINT('',(1.468840610439,-1.298329635372,
    -6.336905728643));
#7339 = CARTESIAN_POINT('',(1.216565430137,-1.544291062026,
    -6.356983235447));
#7340 = CARTESIAN_POINT('',(1.049967470205,-1.66999281627,
    -6.368775728457));
#7341 = CARTESIAN_POINT('',(0.868034742222,-1.773884684226,
    -6.38055888531));
#7342 = CARTESIAN_POINT('',(0.674365608713,-1.853790016724,
    -6.392340077099));
#7343 = CARTESIAN_POINT('',(0.472885782259,-1.908204577983,
    -6.404127162659));
#7344 = CARTESIAN_POINT('',(0.195782762821,-1.946532380672,
    -6.420058888938));
#7345 = CARTESIAN_POINT('',(0.123262169988,-1.953282544081,
    -6.424203240998));
#7346 = CARTESIAN_POINT('',(5.047668539953E-02,-1.956788821543,
    -6.428348137686));
#7347 = CARTESIAN_POINT('',(-2.239270826368E-02,-1.957039802126,
    -6.432493610592));
#7348 = CARTESIAN_POINT('',(-9.516467852319E-02,-1.954037572609,
    -6.436639655389));
#7349 = CARTESIAN_POINT('',(-0.282814139108,-1.937885562961,
    -6.447373164642));
#7350 = CARTESIAN_POINT('',(-0.39727030499,-1.919803075007,
    -6.453961619482));
#7351 = CARTESIAN_POINT('',(-0.510295504687,-1.893613458918,
    -6.460551106724));
#7352 = CARTESIAN_POINT('',(-0.621175965173,-1.859464469626,
    -6.467141467306));
#7353 = CARTESIAN_POINT('',(-0.72922026371,-1.817586932421,
    -6.473732458246));
#7354 = CARTESIAN_POINT('',(-0.931911241457,-1.722016458154,
    -6.486510844082));
#7355 = CARTESIAN_POINT('',(-1.026977341865,-1.669201591578,
    -6.492698516605));
#7356 = CARTESIAN_POINT('',(-1.118414963354,-1.610107354427,
    -6.498885768398));
#7357 = CARTESIAN_POINT('',(-1.205710496093,-1.545049755652,
    -6.505072467287));
#7358 = CARTESIAN_POINT('',(-1.288388447978,-1.474399738299,
    -6.511258581943));
#7359 = CARTESIAN_POINT('',(-1.407308209154,-1.358249017138,
    -6.520734060114));
#7360 = CARTESIAN_POINT('',(-1.447172621274,-1.31645412038,
    -6.524024081446));
#7361 = CARTESIAN_POINT('',(-1.485543150493,-1.273259615652,
    -6.527313886687));
#7362 = CARTESIAN_POINT('',(-1.522358854188,-1.228732498861,
    -6.530603479602));
#7363 = CARTESIAN_POINT('',(-1.557562852188,-1.182943251026,
    -6.533892872608));
#7364 = CARTESIAN_POINT('',(-1.707367946643,-0.973117192601,
    -6.548584248822));
#7365 = CARTESIAN_POINT('',(-1.803658701411,-0.795951970877,
    -6.559986842132));
#7366 = CARTESIAN_POINT('',(-1.877705811638,-0.607614791771,
    -6.571385150591));
#7367 = CARTESIAN_POINT('',(-1.928031537619,-0.411602827209,
    -6.582784250803));
#7368 = CARTESIAN_POINT('',(-1.953786022023,-0.21161543787,
    -6.59418832718));
#7369 = CARTESIAN_POINT('',(-1.956158654836,0.190705195307,
    -6.61711734368));
#7370 = CARTESIAN_POINT('',(-1.932246873874,0.393135803443,
    -6.628647575679));
#7371 = CARTESIAN_POINT('',(-1.883186326259,0.591757868277,
    -6.640176357214));
#7372 = CARTESIAN_POINT('',(-1.809819911366,0.782743491166,
    -6.651705255973));
#7373 = CARTESIAN_POINT('',(-1.713644911726,0.962469618242,
    -6.663235303135));
#7374 = CARTESIAN_POINT('',(-1.545257460122,1.200936146476,
    -6.679870654549));
#7375 = CARTESIAN_POINT('',(-1.48949263579,1.271349845027,
    -6.684980821552));
#7376 = CARTESIAN_POINT('',(-1.429891279687,1.33863760912,-6.69009035014
    ));
#7377 = CARTESIAN_POINT('',(-1.366674288826,1.402540623754,
    -6.695199286872));
#7378 = CARTESIAN_POINT('',(-1.30008534083,1.462821398983,
    -6.700307736432));
#7379 = CARTESIAN_POINT('',(-1.13492934934,1.596574403812,
    -6.712411986273));
#7380 = CARTESIAN_POINT('',(-1.033636578213,1.666688326867,
    -6.719407675764));
#7381 = CARTESIAN_POINT('',(-0.927196730042,1.729052325643,
    -6.726402565404));
#7382 = CARTESIAN_POINT('',(-0.816353961439,1.783205122012,
    -6.733397396981));
#7383 = CARTESIAN_POINT('',(-0.701904282097,1.828782265158,
    -6.740392972331));
#7384 = CARTESIAN_POINT('',(-0.513572221041,1.887809021892,
    -6.751633994391));
#7385 = CARTESIAN_POINT('',(-0.441436005485,1.906844980356,
    -6.755879074712));
#7386 = CARTESIAN_POINT('',(-0.368466906905,1.922569204599,
    -6.760124604441));
#7387 = CARTESIAN_POINT('',(-0.294854787622,1.934937756519,
    -6.764370657743));
#7388 = CARTESIAN_POINT('',(-0.220792303398,1.943921298162,
    -6.768617279938));
#7389 = CARTESIAN_POINT('',(-0.107850615231,1.952407104605,
    -6.775071849021));
#7390 = CARTESIAN_POINT('',(-6.91572998413E-02,1.954390832547,
    -6.777279371981));
#7391 = CARTESIAN_POINT('',(-3.042231372684E-02,1.955454223078,
    -6.779487056632));
#7392 = CARTESIAN_POINT('',(8.326986560096E-03,1.955596308447,
    -6.78169490131));
#7393 = CARTESIAN_POINT('',(4.706324437666E-02,1.954817205625,
    -6.783902902429));
#7394 = CARTESIAN_POINT('',(0.292324035827,1.944048094787,
    -6.797898537622));
#7395 = CARTESIAN_POINT('',(0.497791836479,1.90875949188,-6.80969329904)
  );
#7396 = CARTESIAN_POINT('',(0.697880039825,1.847416690445,
    -6.821487928158));
#7397 = CARTESIAN_POINT('',(0.888553032388,1.76114594604,-6.833282237443
    ));
#7398 = CARTESIAN_POINT('',(1.066036630556,1.651769815491,
    -6.845075493884));
#7399 = CARTESIAN_POINT('',(1.254424266736,1.499894974597,
    -6.858868142516));
#7400 = CARTESIAN_POINT('',(1.281362814457,1.477199782893,
    -6.860875263736));
#7401 = CARTESIAN_POINT('',(1.307807562515,1.453924883069,
    -6.862882240751));
#7402 = CARTESIAN_POINT('',(1.33374296507,1.430083760641,-6.864889073634
    ));
#7403 = CARTESIAN_POINT('',(1.359153980067,1.40569044622,-6.86689576586)
  );
#7404 = CARTESIAN_POINT('',(1.495358323691,1.269163875008,
    -6.877884065787));
#7405 = CARTESIAN_POINT('',(1.595902424565,1.146786408,-6.886863914881)
  );
#7406 = CARTESIAN_POINT('',(1.684329893703,1.014952076774,
    -6.895840700155));
#7407 = CARTESIAN_POINT('',(1.759571897085,0.875173733708,
    -6.904817146008));
#7408 = CARTESIAN_POINT('',(1.820791452286,0.72910287124,-6.913796547857
    ));
#7409 = CARTESIAN_POINT('',(1.879963651184,0.53810146311,-6.925188805341
    ));
#7410 = CARTESIAN_POINT('',(1.891438634145,0.497345480543,
    -6.927600437456));
#7411 = CARTESIAN_POINT('',(1.901852645012,0.456298215992,
    -6.930012230747));
#7412 = CARTESIAN_POINT('',(1.911196605139,0.414994188998,
    -6.932424177655));
#7413 = CARTESIAN_POINT('',(1.919462936001,0.37346828743,-6.934836258437
    ));
#7414 = CARTESIAN_POINT('',(1.93607408189,0.277000362538,-6.940414877585
    ));
#7415 = CARTESIAN_POINT('',(1.943635251142,0.221923217608,
    -6.943581496419));
#7416 = CARTESIAN_POINT('',(1.949315314851,0.166604155859,
    -6.946748216662));
#7417 = CARTESIAN_POINT('',(1.953105097468,0.111123420366,
    -6.949914933996));
#7418 = CARTESIAN_POINT('',(1.955,5.556167411487E-02,-6.953081520791));
#7419 = CARTESIAN_POINT('',(1.955,1.14841E-12,-6.956247826104));
#7420 = PCURVE('',#6852,#7421);
#7421 = DEFINITIONAL_REPRESENTATION('',(#7422),#7520);
#7422 = B_SPLINE_CURVE_WITH_KNOTS('',6,(#7423,#7424,#7425,#7426,#7427,
    #7428,#7429,#7430,#7431,#7432,#7433,#7434,#7435,#7436,#7437,#7438,
    #7439,#7440,#7441,#7442,#7443,#7444,#7445,#7446,#7447,#7448,#7449,
    #7450,#7451,#7452,#7453,#7454,#7455,#7456,#7457,#7458,#7459,#7460,
    #7461,#7462,#7463,#7464,#7465,#7466,#7467,#7468,#7469,#7470,#7471,
    #7472,#7473,#7474,#7475,#7476,#7477,#7478,#7479,#7480,#7481,#7482,
    #7483,#7484,#7485,#7486,#7487,#7488,#7489,#7490,#7491,#7492,#7493,
    #7494,#7495,#7496,#7497,#7498,#7499,#7500,#7501,#7502,#7503,#7504,
    #7505,#7506,#7507,#7508,#7509,#7510,#7511,#7512,#7513,#7514,#7515,
    #7516,#7517,#7518,#7519),.UNSPECIFIED.,.F.,.F.,(7,5,5,5,5,5,5,5,5,5,
    5,5,5,5,5,5,5,5,5,7),(0.,2.402043844394E-02,5.601994907718E-02,
    0.12702016293,0.228123675042,0.263665377949,0.320124196991,
    0.373127632416,0.401322733807,0.499061919656,0.597850403538,
    0.641658217682,0.701660832885,0.738065156335,0.756985235367,
    0.857983765822,0.87518562182,0.952184437458,0.972859782226,1.),
  .UNSPECIFIED.);
#7423 = CARTESIAN_POINT('',(5.250579710169E-02,0.));
#7424 = CARTESIAN_POINT('',(5.250571713793E-02,2.530898104494E-02));
#7425 = CARTESIAN_POINT('',(5.250595079988E-02,5.06180050624E-02));
#7426 = CARTESIAN_POINT('',(5.250630303264E-02,7.592717241021E-02));
#7427 = CARTESIAN_POINT('',(5.250661013548E-02,0.101236536544));
#7428 = CARTESIAN_POINT('',(5.250673976192E-02,0.126546104017));
#7429 = CARTESIAN_POINT('',(5.250639263516E-02,0.185572912169));
#7430 = CARTESIAN_POINT('',(5.250570095106E-02,0.219290352594));
#7431 = CARTESIAN_POINT('',(5.250431045038E-02,0.253008068074));
#7432 = CARTESIAN_POINT('',(5.250213917797E-02,0.286725951129));
#7433 = CARTESIAN_POINT('',(5.249922864042E-02,0.32044387449));
#7434 = CARTESIAN_POINT('',(5.248801168839E-02,0.428974466106));
#7435 = CARTESIAN_POINT('',(5.247742303767E-02,0.503791654975));
#7436 = CARTESIAN_POINT('',(5.246549702594E-02,0.57860177346));
#7437 = CARTESIAN_POINT('',(5.245594626349E-02,0.653409686135));
#7438 = CARTESIAN_POINT('',(5.245093283296E-02,0.728221564872));
#7439 = CARTESIAN_POINT('',(5.245077131896E-02,0.9095510694));
#7440 = CARTESIAN_POINT('',(5.246066197033E-02,1.016099769113));
#7441 = CARTESIAN_POINT('',(5.24821530722E-02,1.122616532663));
#7442 = CARTESIAN_POINT('',(5.250827539858E-02,1.229136459767));
#7443 = CARTESIAN_POINT('',(5.253026502979E-02,1.335690954613));
#7444 = CARTESIAN_POINT('',(5.255010078641E-02,1.479668093453));
#7445 = CARTESIAN_POINT('',(5.255435154157E-02,1.517117051285));
#7446 = CARTESIAN_POINT('',(5.255754081867E-02,1.554566134726));
#7447 = CARTESIAN_POINT('',(5.255958648753E-02,1.592015258226));
#7448 = CARTESIAN_POINT('',(5.256047719979E-02,1.629464331457));
#7449 = CARTESIAN_POINT('',(5.255994704196E-02,1.726401749406));
#7450 = CARTESIAN_POINT('',(5.255685781823E-02,1.785891505183));
#7451 = CARTESIAN_POINT('',(5.255122195522E-02,1.845379085488));
#7452 = CARTESIAN_POINT('',(5.254370299737E-02,1.904866049988));
#7453 = CARTESIAN_POINT('',(5.253515863995E-02,1.964354077147));
#7454 = CARTESIAN_POINT('',(5.251815525039E-02,2.079685434277));
#7455 = CARTESIAN_POINT('',(5.250971884957E-02,2.135531373851));
#7456 = CARTESIAN_POINT('',(5.250175064663E-02,2.191375627701));
#7457 = CARTESIAN_POINT('',(5.249483191445E-02,2.247219626951));
#7458 = CARTESIAN_POINT('',(5.248935239246E-02,2.303064848637));
#7459 = CARTESIAN_POINT('',(5.248331094464E-02,2.388615457082));
#7460 = CARTESIAN_POINT('',(5.248164899845E-02,2.418321817624));
#7461 = CARTESIAN_POINT('',(5.248043851716E-02,2.448028265194));
#7462 = CARTESIAN_POINT('',(5.247967666065E-02,2.477734820976));
#7463 = CARTESIAN_POINT('',(5.247934214925E-02,2.507441501035));
#7464 = CARTESIAN_POINT('',(5.247957938662E-02,2.640127904859));
#7465 = CARTESIAN_POINT('',(5.248441400226E-02,2.743132388511));
#7466 = CARTESIAN_POINT('',(5.249242176168E-02,2.846112502481));
#7467 = CARTESIAN_POINT('',(5.249946971465E-02,2.949095432815));
#7468 = CARTESIAN_POINT('',(5.250284958633E-02,3.052106741581));
#7469 = CARTESIAN_POINT('',(5.250246477779E-02,3.259188679166));
#7470 = CARTESIAN_POINT('',(5.249862363939E-02,3.363306756369));
#7471 = CARTESIAN_POINT('',(5.249104645543E-02,3.46739486316));
#7472 = CARTESIAN_POINT('',(5.248258466829E-02,3.571480034328));
#7473 = CARTESIAN_POINT('',(5.247756721696E-02,3.675591130488));
#7474 = CARTESIAN_POINT('',(5.24774368205E-02,3.82583290848));
#7475 = CARTESIAN_POINT('',(5.247836773185E-02,3.871989643917));
#7476 = CARTESIAN_POINT('',(5.248041324705E-02,3.918145646626));
#7477 = CARTESIAN_POINT('',(5.248361343992E-02,3.964301518063));
#7478 = CARTESIAN_POINT('',(5.248789486377E-02,4.010457872055));
#7479 = CARTESIAN_POINT('',(5.250013597278E-02,4.119832819423));
#7480 = CARTESIAN_POINT('',(5.250886796133E-02,4.183053899663));
#7481 = CARTESIAN_POINT('',(5.251878578458E-02,4.246273110958));
#7482 = CARTESIAN_POINT('',(5.252896443686E-02,4.309492975818));
#7483 = CARTESIAN_POINT('',(5.253832866513E-02,4.372715880541));
#7484 = CARTESIAN_POINT('',(5.255058513449E-02,4.474294646411));
#7485 = CARTESIAN_POINT('',(5.25545808549E-02,4.512652181415));
#7486 = CARTESIAN_POINT('',(5.255772620886E-02,4.551009935289));
#7487 = CARTESIAN_POINT('',(5.25598570648E-02,4.589367836678));
#7488 = CARTESIAN_POINT('',(5.256086306837E-02,4.627725796552));
#7489 = CARTESIAN_POINT('',(5.256059647002E-02,4.686019107387));
#7490 = CARTESIAN_POINT('',(5.256018748097E-02,4.705954529445));
#7491 = CARTESIAN_POINT('',(5.255945442706E-02,4.725889948451));
#7492 = CARTESIAN_POINT('',(5.255839680115E-02,4.745825347068));
#7493 = CARTESIAN_POINT('',(5.255701983725E-02,4.76576071655));
#7494 = CARTESIAN_POINT('',(5.254633795594E-02,4.892114220201));
#7495 = CARTESIAN_POINT('',(5.252858707046E-02,4.998558585667));
#7496 = CARTESIAN_POINT('',(5.250353577033E-02,5.104968789782));
#7497 = CARTESIAN_POINT('',(5.247832396068E-02,5.211375381917));
#7498 = CARTESIAN_POINT('',(5.246201036542E-02,5.317812647323));
#7499 = CARTESIAN_POINT('',(5.245460199781E-02,5.442347658975));
#7500 = CARTESIAN_POINT('',(5.24538145917E-02,5.460471441771));
#7501 = CARTESIAN_POINT('',(5.245332501512E-02,5.47859526706));
#7502 = CARTESIAN_POINT('',(5.245313452247E-02,5.496719141163));
#7503 = CARTESIAN_POINT('',(5.245323853624E-02,5.514843074784));
#7504 = CARTESIAN_POINT('',(5.245536390565E-02,5.614093629337));
#7505 = CARTESIAN_POINT('',(5.246278425689E-02,5.695228746942));
#7506 = CARTESIAN_POINT('',(5.2475003764E-02,5.776357864149));
#7507 = CARTESIAN_POINT('',(5.248855112699E-02,5.857489911633));
#7508 = CARTESIAN_POINT('',(5.249830479929E-02,5.938631525894));
#7509 = CARTESIAN_POINT('',(5.250504397915E-02,6.041551261341));
#7510 = CARTESIAN_POINT('',(5.250615008489E-02,6.063336939166));
#7511 = CARTESIAN_POINT('',(5.250691901697E-02,6.085122550115));
#7512 = CARTESIAN_POINT('',(5.250735891686E-02,6.106908062681));
#7513 = CARTESIAN_POINT('',(5.250750281951E-02,6.128693447728));
#7514 = CARTESIAN_POINT('',(5.250728504271E-02,6.179075827106));
#7515 = CARTESIAN_POINT('',(5.25067471749E-02,6.207672752581));
#7516 = CARTESIAN_POINT('',(5.250594262725E-02,6.236269389697));
#7517 = CARTESIAN_POINT('',(5.250508185443E-02,6.264865746637));
#7518 = CARTESIAN_POINT('',(5.250443818843E-02,6.293461904978));
#7519 = CARTESIAN_POINT('',(5.250434783856E-02,6.322058019692));
#7520 = ( GEOMETRIC_REPRESENTATION_CONTEXT(2) 
PARAMETRIC_REPRESENTATION_CONTEXT() REPRESENTATION_CONTEXT('2D SPACE',''
  ) );
#7521 = PCURVE('',#238,#7522);
#7522 = DEFINITIONAL_REPRESENTATION('',(#7523),#7659);
#7523 = B_SPLINE_CURVE_WITH_KNOTS('',3,(#7524,#7525,#7526,#7527,#7528,
    #7529,#7530,#7531,#7532,#7533,#7534,#7535,#7536,#7537,#7538,#7539,
    #7540,#7541,#7542,#7543,#7544,#7545,#7546,#7547,#7548,#7549,#7550,
    #7551,#7552,#7553,#7554,#7555,#7556,#7557,#7558,#7559,#7560,#7561,
    #7562,#7563,#7564,#7565,#7566,#7567,#7568,#7569,#7570,#7571,#7572,
    #7573,#7574,#7575,#7576,#7577,#7578,#7579,#7580,#7581,#7582,#7583,
    #7584,#7585,#7586,#7587,#7588,#7589,#7590,#7591,#7592,#7593,#7594,
    #7595,#7596,#7597,#7598,#7599,#7600,#7601,#7602,#7603,#7604,#7605,
    #7606,#7607,#7608,#7609,#7610,#7611,#7612,#7613,#7614,#7615,#7616,
    #7617,#7618,#7619,#7620,#7621,#7622,#7623,#7624,#7625,#7626,#7627,
    #7628,#7629,#7630,#7631,#7632,#7633,#7634,#7635,#7636,#7637,#7638,
    #7639,#7640,#7641,#7642,#7643,#7644,#7645,#7646,#7647,#7648,#7649,
    #7650,#7651,#7652,#7653,#7654,#7655,#7656,#7657,#7658),
  .UNSPECIFIED.,.F.,.F.,(4,1,1,1,1,1,1,1,1,1,1,1,1,1,1,1,1,1,1,1,1,1,1,1
    ,1,1,1,1,1,1,1,1,1,1,1,1,1,1,1,1,1,1,1,1,1,1,1,1,1,1,1,1,1,1,1,1,1,1
    ,1,1,1,1,1,1,1,1,1,1,1,1,1,1,1,1,1,1,1,1,1,1,1,1,1,1,1,1,1,1,1,1,1,1
    ,1,1,1,1,1,1,1,1,1,1,1,1,1,1,1,1,1,1,1,1,1,1,1,1,1,1,1,1,1,1,1,1,1,1
    ,1,1,1,1,1,1,4),(0.,7.575757575758E-03,1.515151515152E-02,
    2.272727272727E-02,3.030303030303E-02,3.787878787879E-02,
    4.545454545455E-02,5.30303030303E-02,6.060606060606E-02,
    6.818181818182E-02,7.575757575758E-02,8.333333333333E-02,
    9.090909090909E-02,9.848484848485E-02,0.106060606061,0.113636363636,
    0.121212121212,0.128787878788,0.136363636364,0.143939393939,
    0.151515151515,0.159090909091,0.166666666667,0.174242424242,
    0.181818181818,0.189393939394,0.19696969697,0.204545454545,
    0.212121212121,0.219696969697,0.227272727273,0.234848484848,
    0.242424242424,0.25,0.257575757576,0.265151515152,0.272727272727,
    0.280303030303,0.287878787879,0.295454545455,0.30303030303,
    0.310606060606,0.318181818182,0.325757575758,0.333333333333,
    0.340909090909,0.348484848485,0.356060606061,0.363636363636,
    0.371212121212,0.378787878788,0.386363636364,0.393939393939,
    0.401515151515,0.409090909091,0.416666666667,0.424242424242,
    0.431818181818,0.439393939394,0.44696969697,0.454545454545,
    0.462121212121,0.469696969697,0.477272727273,0.484848484848,
    0.492424242424,0.5,0.507575757576,0.515151515152,0.522727272727,
    0.530303030303,0.537878787879,0.545454545455,0.55303030303,
    0.560606060606,0.568181818182,0.575757575758,0.583333333333,
    0.590909090909,0.598484848485,0.606060606061,0.613636363636,
    0.621212121212,0.628787878788,0.636363636364,0.643939393939,
    0.651515151515,0.659090909091,0.666666666667,0.674242424242,
    0.681818181818,0.689393939394,0.69696969697,0.704545454545,
    0.712121212121,0.719696969697,0.727272727273,0.734848484848,
    0.742424242424,0.75,0.757575757576,0.765151515152,0.772727272727,
    0.780303030303,0.787878787879,0.795454545455,0.80303030303,
    0.810606060606,0.818181818182,0.825757575758,0.833333333333,
    0.840909090909,0.848484848485,0.856060606061,0.863636363636,
    0.871212121212,0.878787878788,0.886363636364,0.893939393939,
    0.901515151515,0.909090909091,0.916666666667,0.924242424242,
    0.931818181818,0.939393939394,0.94696969697,0.954545454545,
    0.962121212121,0.969696969697,0.977272727273,0.984848484848,
    0.992424242424,1.),.UNSPECIFIED.);
#7524 = CARTESIAN_POINT('',(12.566370614359,5.55624710149));
#7525 = CARTESIAN_POINT('',(12.58223675592,5.558014742349));
#7526 = CARTESIAN_POINT('',(12.613969025732,5.561549896288));
#7527 = CARTESIAN_POINT('',(12.661567356017,5.566852534565));
#7528 = CARTESIAN_POINT('',(12.709165562529,5.572155397958));
#7529 = CARTESIAN_POINT('',(12.756763647885,5.57745870958));
#7530 = CARTESIAN_POINT('',(12.804361612033,5.582762610742));
#7531 = CARTESIAN_POINT('',(12.851959442124,5.58806714984));
#7532 = CARTESIAN_POINT('',(12.899557265706,5.593372305182));
#7533 = CARTESIAN_POINT('',(12.947155094404,5.598677993335));
#7534 = CARTESIAN_POINT('',(12.994754071084,5.603984197777));
#7535 = CARTESIAN_POINT('',(13.042353030992,5.609290612505));
#7536 = CARTESIAN_POINT('',(13.089951844181,5.614597025555));
#7537 = CARTESIAN_POINT('',(13.137550547643,5.619903240536));
#7538 = CARTESIAN_POINT('',(13.185149363345,5.625209091324));
#7539 = CARTESIAN_POINT('',(13.232748540028,5.630514434553));
#7540 = CARTESIAN_POINT('',(13.280348060942,5.63581912506));
#7541 = CARTESIAN_POINT('',(13.327948069425,5.64112306897));
#7542 = CARTESIAN_POINT('',(13.375546520673,5.646425970552));
#7543 = CARTESIAN_POINT('',(13.423148142607,5.651728324431));
#7544 = CARTESIAN_POINT('',(13.470751572284,5.657029996239));
#7545 = CARTESIAN_POINT('',(13.518355105287,5.662330845601));
#7546 = CARTESIAN_POINT('',(13.565958092611,5.667630881814));
#7547 = CARTESIAN_POINT('',(13.613560317668,5.672930192076));
#7548 = CARTESIAN_POINT('',(13.661161944565,5.678228930763));
#7549 = CARTESIAN_POINT('',(13.708763335586,5.683527292411));
#7550 = CARTESIAN_POINT('',(13.75636491932,5.688825489276));
#7551 = CARTESIAN_POINT('',(13.803967046225,5.694123727285));
#7552 = CARTESIAN_POINT('',(13.851569861429,5.699422184312));
#7553 = CARTESIAN_POINT('',(13.899173096468,5.704720981175));
#7554 = CARTESIAN_POINT('',(13.946776102045,5.710020179857));
#7555 = CARTESIAN_POINT('',(13.994376892977,5.715319680571));
#7556 = CARTESIAN_POINT('',(14.041974763894,5.720619496636));
#7557 = CARTESIAN_POINT('',(14.089573306775,5.725920107402));
#7558 = CARTESIAN_POINT('',(14.137171520384,5.731221448046));
#7559 = CARTESIAN_POINT('',(14.184769862021,5.73652356625));
#7560 = CARTESIAN_POINT('',(14.23236803028,5.741826424438));
#7561 = CARTESIAN_POINT('',(14.279966617865,5.747130063982));
#7562 = CARTESIAN_POINT('',(14.327565281664,5.752434380679));
#7563 = CARTESIAN_POINT('',(14.375163813245,5.75773927624));
#7564 = CARTESIAN_POINT('',(14.42276230571,5.763044667163));
#7565 = CARTESIAN_POINT('',(14.470360910901,5.768350465301));
#7566 = CARTESIAN_POINT('',(14.51795972751,5.773656568824));
#7567 = CARTESIAN_POINT('',(14.565558562404,5.77896283992));
#7568 = CARTESIAN_POINT('',(14.61315707892,5.784269125141));
#7569 = CARTESIAN_POINT('',(14.660756061118,5.789575400694));
#7570 = CARTESIAN_POINT('',(14.708354929418,5.794881498999));
#7571 = CARTESIAN_POINT('',(14.755953772368,5.800187339605));
#7572 = CARTESIAN_POINT('',(14.803552684815,5.805492856486));
#7573 = CARTESIAN_POINT('',(14.85115175623,5.810797998599));
#7574 = CARTESIAN_POINT('',(14.898750851271,5.816102709043));
#7575 = CARTESIAN_POINT('',(14.946349576564,5.82140691657));
#7576 = CARTESIAN_POINT('',(14.993948324711,5.826710666238));
#7577 = CARTESIAN_POINT('',(15.041547169625,5.832013976919));
#7578 = CARTESIAN_POINT('',(15.0891454254,5.837316794333));
#7579 = CARTESIAN_POINT('',(15.136745778353,5.84261946827));
#7580 = CARTESIAN_POINT('',(15.184348245508,5.847922058631));
#7581 = CARTESIAN_POINT('',(15.231950734374,5.853224402664));
#7582 = CARTESIAN_POINT('',(15.279552687636,5.858526509673));
#7583 = CARTESIAN_POINT('',(15.327153855784,5.863828428705));
#7584 = CARTESIAN_POINT('',(15.374754405522,5.869130257823));
#7585 = CARTESIAN_POINT('',(15.422354691565,5.874432115614));
#7586 = CARTESIAN_POINT('',(15.469955137898,5.879734123681));
#7587 = CARTESIAN_POINT('',(15.517556077096,5.885036384516));
#7588 = CARTESIAN_POINT('',(15.56515766561,5.890338968381));
#7589 = CARTESIAN_POINT('',(15.612759512398,5.895641870321));
#7590 = CARTESIAN_POINT('',(15.660361312151,5.900945079173));
#7591 = CARTESIAN_POINT('',(15.707959641888,5.906248229989));
#7592 = CARTESIAN_POINT('',(15.755559355106,5.911551855444));
#7593 = CARTESIAN_POINT('',(15.803161312032,5.916856037141));
#7594 = CARTESIAN_POINT('',(15.850763274731,5.922160491766));
#7595 = CARTESIAN_POINT('',(15.898364791321,5.927465115696));
#7596 = CARTESIAN_POINT('',(15.945965637487,5.932769820027));
#7597 = CARTESIAN_POINT('',(15.99356601433,5.93807455595));
#7598 = CARTESIAN_POINT('',(16.04116629739,5.943379289248));
#7599 = CARTESIAN_POINT('',(16.088766922803,5.948683988919));
#7600 = CARTESIAN_POINT('',(16.136368232341,5.953988611141));
#7601 = CARTESIAN_POINT('',(16.183970362695,5.95929308869));
#7602 = CARTESIAN_POINT('',(16.231572973375,5.964597304159));
#7603 = CARTESIAN_POINT('',(16.279175509013,5.969901123495));
#7604 = CARTESIAN_POINT('',(16.326775379556,5.975204205384));
#7605 = CARTESIAN_POINT('',(16.374373895057,5.98050665894));
#7606 = CARTESIAN_POINT('',(16.421972927206,5.985808659849));
#7607 = CARTESIAN_POINT('',(16.469571831252,5.991110128876));
#7608 = CARTESIAN_POINT('',(16.517170817197,5.996411098526));
#7609 = CARTESIAN_POINT('',(16.564769950442,6.001711604418));
#7610 = CARTESIAN_POINT('',(16.612368842141,6.007011650507));
#7611 = CARTESIAN_POINT('',(16.659968301848,6.012311392984));
#7612 = CARTESIAN_POINT('',(16.707567770681,6.017610849776));
#7613 = CARTESIAN_POINT('',(16.755167030001,6.022910093049));
#7614 = CARTESIAN_POINT('',(16.802766131906,6.028209236126));
#7615 = CARTESIAN_POINT('',(16.85036523463,6.033508411723));
#7616 = CARTESIAN_POINT('',(16.89796442207,6.038807748349));
#7617 = CARTESIAN_POINT('',(16.945563667103,6.044107362714));
#7618 = CARTESIAN_POINT('',(16.993162243996,6.049407289948));
#7619 = CARTESIAN_POINT('',(17.040760797967,6.054707700906));
#7620 = CARTESIAN_POINT('',(17.088359192653,6.060008701249));
#7621 = CARTESIAN_POINT('',(17.135957508111,6.065310362284));
#7622 = CARTESIAN_POINT('',(17.18355588367,6.07061274176));
#7623 = CARTESIAN_POINT('',(17.231154041725,6.075915869152));
#7624 = CARTESIAN_POINT('',(17.278752392915,6.081219796662));
#7625 = CARTESIAN_POINT('',(17.326350007166,6.086524405064));
#7626 = CARTESIAN_POINT('',(17.373950371866,6.091830035045));
#7627 = CARTESIAN_POINT('',(17.42155299045,6.097136574216));
#7628 = CARTESIAN_POINT('',(17.469155809207,6.102443703218));
#7629 = CARTESIAN_POINT('',(17.516758193739,6.107751231748));
#7630 = CARTESIAN_POINT('',(17.56435987581,6.113058992536));
#7631 = CARTESIAN_POINT('',(17.611961011157,6.11836685414));
#7632 = CARTESIAN_POINT('',(17.659561963607,6.123674702253));
#7633 = CARTESIAN_POINT('',(17.7071631788,6.128982429845));
#7634 = CARTESIAN_POINT('',(17.754765040063,6.134289925174));
#7635 = CARTESIAN_POINT('',(17.802367731531,6.139597061202));
#7636 = CARTESIAN_POINT('',(17.849971073148,6.144903683227));
#7637 = CARTESIAN_POINT('',(17.8975744021,6.150209603987));
#7638 = CARTESIAN_POINT('',(17.945176198187,6.155514572349));
#7639 = CARTESIAN_POINT('',(17.992774552687,6.160818341918));
#7640 = CARTESIAN_POINT('',(18.04037360677,6.166121355889));
#7641 = CARTESIAN_POINT('',(18.087972326431,6.171423526632));
#7642 = CARTESIAN_POINT('',(18.13557257694,6.176725128884));
#7643 = CARTESIAN_POINT('',(18.183172828838,6.182026096075));
#7644 = CARTESIAN_POINT('',(18.230772724653,6.187326523851));
#7645 = CARTESIAN_POINT('',(18.278372157907,6.192626562999));
#7646 = CARTESIAN_POINT('',(18.325971311889,6.197926415438));
#7647 = CARTESIAN_POINT('',(18.373570451197,6.203226300223));
#7648 = CARTESIAN_POINT('',(18.421169807088,6.208526428134));
#7649 = CARTESIAN_POINT('',(18.468769358386,6.213826963591));
#7650 = CARTESIAN_POINT('',(18.516368917996,6.219128020416));
#7651 = CARTESIAN_POINT('',(18.563967042011,6.224429526555));
#7652 = CARTESIAN_POINT('',(18.611564915079,6.229731644261));
#7653 = CARTESIAN_POINT('',(18.659162911992,6.235034374716));
#7654 = CARTESIAN_POINT('',(18.706760977877,6.240337593209));
#7655 = CARTESIAN_POINT('',(18.754359179154,6.245641114126));
#7656 = CARTESIAN_POINT('',(18.801957488718,6.250944669292));
#7657 = CARTESIAN_POINT('',(18.833689766358,6.254480174917));
#7658 = CARTESIAN_POINT('',(18.849555921539,6.256247826104));
#7659 = ( GEOMETRIC_REPRESENTATION_CONTEXT(2) 
PARAMETRIC_REPRESENTATION_CONTEXT() REPRESENTATION_CONTEXT('2D SPACE',''
  ) );
#7660 = ORIENTED_EDGE('',*,*,#6839,.T.);
#7661 = ORIENTED_EDGE('',*,*,#7662,.T.);
#7662 = EDGE_CURVE('',#6724,#7663,#7665,.T.);
#7663 = VERTEX_POINT('',#7664);
#7664 = CARTESIAN_POINT('',(1.576114961692,2.65466921E-07,
    -6.737504658425));
#7665 = SURFACE_CURVE('',#7666,(#7678,#7685),.PCURVE_S1.);
#7666 = B_SPLINE_CURVE_WITH_KNOTS('',10,(#7667,#7668,#7669,#7670,#7671,
    #7672,#7673,#7674,#7675,#7676,#7677),.UNSPECIFIED.,.F.,.F.,(11,11),(
    0.,6.322058019692),.PIECEWISE_BEZIER_KNOTS.);
#7667 = CARTESIAN_POINT('',(1.57611532032,3.539555797E-07,
    -6.037506211227));
#7668 = CARTESIAN_POINT('',(1.576115048382,-0.990353320914,
    -6.107504071064));
#7669 = CARTESIAN_POINT('',(0.884857715118,-1.980172208207,
    -6.177465260819));
#7670 = CARTESIAN_POINT('',(-0.498952447915,-2.426291469331,
    -6.247618816212));
#7671 = CARTESIAN_POINT('',(-2.079965724046,-1.801104266363,
    -6.31738922355));
#7672 = CARTESIAN_POINT('',(-2.916357930837,-8.09091971518E-06,
    -6.387505434641));
#7673 = CARTESIAN_POINT('',(-2.07991146973,1.80111454126,-6.457621646397
    ));
#7674 = CARTESIAN_POINT('',(-0.499006340698,2.426287022012,
    -6.527392053298));
#7675 = CARTESIAN_POINT('',(0.884875335629,1.980173246039,
    -6.597545608866));
#7676 = CARTESIAN_POINT('',(1.576115289208,0.990353940336,
    -6.667506798589));
#7677 = CARTESIAN_POINT('',(1.576114961692,2.6546691974E-07,
    -6.737504658425));
#7678 = PCURVE('',#6852,#7679);
#7679 = DEFINITIONAL_REPRESENTATION('',(#7680),#7684);
#7680 = LINE('',#7681,#7682);
#7681 = CARTESIAN_POINT('',(0.49,0.));
#7682 = VECTOR('',#7683,1.);
#7683 = DIRECTION('',(0.,1.));
#7684 = ( GEOMETRIC_REPRESENTATION_CONTEXT(2) 
PARAMETRIC_REPRESENTATION_CONTEXT() REPRESENTATION_CONTEXT('2D SPACE',''
  ) );
#7685 = PCURVE('',#7686,#7771);
#7686 = ( BOUNDED_SURFACE() B_SPLINE_SURFACE(6,11,(
    (#7687,#7688,#7689,#7690,#7691,#7692,#7693,#7694,#7695,#7696,#7697
      ,#7698)
    ,(#7699,#7700,#7701,#7702,#7703,#7704,#7705,#7706,#7707,#7708,#7709
      ,#7710)
    ,(#7711,#7712,#7713,#7714,#7715,#7716,#7717,#7718,#7719,#7720,#7721
      ,#7722)
    ,(#7723,#7724,#7725,#7726,#7727,#7728,#7729,#7730,#7731,#7732,#7733
      ,#7734)
    ,(#7735,#7736,#7737,#7738,#7739,#7740,#7741,#7742,#7743,#7744,#7745
      ,#7746)
    ,(#7747,#7748,#7749,#7750,#7751,#7752,#7753,#7754,#7755,#7756,#7757
      ,#7758)
    ,(#7759,#7760,#7761,#7762,#7763,#7764,#7765,#7766,#7767,#7768,#7769
,#7770
    )),.UNSPECIFIED.,.F.,.F.,.F.) B_SPLINE_SURFACE_WITH_KNOTS((7,7),(12,
    12),(0.,2.094395102393),(0.,6.322058019692),
.PIECEWISE_BEZIER_KNOTS.) GEOMETRIC_REPRESENTATION_ITEM() 
RATIONAL_B_SPLINE_SURFACE((
    (1.056590953773,1.056590953773,1.056590953773,1.056590953773
      ,1.056590953773,1.056590953773,1.056590953773,1.056590953773
      ,1.056590953773,1.056590953773,1.056590953773,1.056590953773)
    ,(1.017435169568,1.017435169568,1.017435169568,1.017435169568
      ,1.017435169568,1.017435169569,1.017435169568,1.017435169568
      ,1.017435169568,1.017435169568,1.017435169568,1.017435169568)
    ,(0.996326512422,0.996326512422,0.996326512422,0.996326512422
      ,0.996326512422,0.996326512423,0.996326512421,0.996326512423
      ,0.996326512422,0.996326512422,0.996326512422,0.996326512422)
    ,(0.989390034249,0.989390034249,0.989390034249,0.989390034249
      ,0.989390034248,0.989390034249,0.989390034248,0.989390034249
      ,0.989390034248,0.989390034249,0.989390034249,0.989390034249)
    ,(0.996326512422,0.996326512422,0.996326512422,0.996326512422
      ,0.996326512422,0.996326512423,0.996326512421,0.996326512423
      ,0.996326512422,0.996326512422,0.996326512422,0.996326512422)
    ,(1.017435169568,1.017435169568,1.017435169568,1.017435169568
      ,1.017435169568,1.017435169568,1.017435169568,1.017435169568
      ,1.017435169568,1.017435169568,1.017435169568,1.017435169568)
    ,(1.056590953773,1.056590953773,1.056590953773,1.056590953773
      ,1.056590953773,1.056590953773,1.056590953773,1.056590953773
      ,1.056590953773,1.056590953773,1.056590953773,1.056590953773
))) REPRESENTATION_ITEM('') SURFACE() );
#7687 = CARTESIAN_POINT('',(1.57611532032,3.5395558079E-07,
    -6.037506211227));
#7688 = CARTESIAN_POINT('',(1.576115073103,-0.900321168653,
    -6.10114062926));
#7689 = CARTESIAN_POINT('',(1.010540866621,-1.80020513779,
    -6.164745044501));
#7690 = CARTESIAN_POINT('',(-0.121529064381,-2.307156140079,
    -6.228583355725));
#7691 = CARTESIAN_POINT('',(-1.505132780376,-2.018491795439,
    -6.2916358089));
#7692 = CARTESIAN_POINT('',(-2.536035056945,-0.836461870672,
    -6.356317210737));
#7693 = CARTESIAN_POINT('',(-2.536299592048,0.836457714622,
    -6.418693658847));
#7694 = CARTESIAN_POINT('',(-1.504955902431,2.018496716802,
    -6.483375060889));
#7695 = CARTESIAN_POINT('',(-0.121604677134,2.307153188711,
    -6.546427513832));
#7696 = CARTESIAN_POINT('',(1.010555327188,1.800206099548,
    -6.610265825179));
#7697 = CARTESIAN_POINT('',(1.576115259434,0.900321788075,
    -6.673870240392));
#7698 = CARTESIAN_POINT('',(1.576114961692,2.6546692111E-07,
    -6.737504658425));
#7699 = CARTESIAN_POINT('',(1.544397112065,3.8358667809E-07,
    -6.01919438844));
#7700 = CARTESIAN_POINT('',(1.544396975803,-0.882207668328,
    -6.082828643597));
#7701 = CARTESIAN_POINT('',(0.990202892478,-1.763943738429,
    -6.146430384289));
#7702 = CARTESIAN_POINT('',(-0.119079559019,-2.260836484558,
    -6.210285601479));
#7703 = CARTESIAN_POINT('',(-1.474842663265,-1.977643149416,
    -6.273289172827));
#7704 = CARTESIAN_POINT('',(-2.48501566448,-0.819952775768,
    -6.338058059583));
#7705 = CARTESIAN_POINT('',(-2.485224935912,0.819949197367,
    -6.400329034448));
#7706 = CARTESIAN_POINT('',(-1.474703033534,1.977646867705,
    -6.465097921366));
#7707 = CARTESIAN_POINT('',(-0.119139613635,2.260834136751,
    -6.52810149253));
#7708 = CARTESIAN_POINT('',(0.99021411947,1.763944615299,-6.591956709818
    ));
#7709 = CARTESIAN_POINT('',(1.544397019502,0.882208339605,
    -6.655558450487));
#7710 = CARTESIAN_POINT('',(1.544396828485,2.8769022986E-07,
    -6.719192705645));
#7711 = CARTESIAN_POINT('',(1.522044903532,4.0446794997E-07,
    -5.98820052148));
#7712 = CARTESIAN_POINT('',(1.522044938351,-0.869442884712,
    -6.051834661857));
#7713 = CARTESIAN_POINT('',(0.975872065463,-1.738389988397,
    -6.115434517762));
#7714 = CARTESIAN_POINT('',(-0.117361087476,-2.228194211938,
    -6.179301648786));
#7715 = CARTESIAN_POINT('',(-1.453478518633,-1.948857227457,
    -6.242270772545));
#7716 = CARTESIAN_POINT('',(-2.449089044781,-0.808318307827,
    -6.307101310912));
#7717 = CARTESIAN_POINT('',(-2.449204752644,0.808315789571,
    -6.369297957617));
#7718 = CARTESIAN_POINT('',(-1.45340186765,1.948858958362,
    -6.434128496072));
#7719 = CARTESIAN_POINT('',(-0.117394734254,2.228192889661,
    -6.497097619731));
#7720 = CARTESIAN_POINT('',(0.975877878009,1.73839068874,-6.560964750809
    ));
#7721 = CARTESIAN_POINT('',(1.522044769894,0.869443592531,-6.6245646067)
  );
#7722 = CARTESIAN_POINT('',(1.522044746977,3.0335114881E-07,
    -6.688198747078));
#7723 = CARTESIAN_POINT('',(1.513965443466,4.1201553908E-07,
    -5.950007230065));
#7724 = CARTESIAN_POINT('',(1.513965678721,-0.86482894004,
    -6.013641328953));
#7725 = CARTESIAN_POINT('',(0.970694399791,-1.729153445027,
    -6.077240503581));
#7726 = CARTESIAN_POINT('',(-0.116751452181,-2.21639492415,
    -6.141111940986));
#7727 = CARTESIAN_POINT('',(-1.445728857114,-1.938453149851,
    -6.204068613321));
#7728 = CARTESIAN_POINT('',(-2.43614379531,-0.804112438612,
    -6.268921436243));
#7729 = CARTESIAN_POINT('',(-2.436144189697,0.804111277968,
    -6.331091216373));
#7730 = CARTESIAN_POINT('',(-1.445729772867,1.938452462107,
    -6.395944039292));
#7731 = CARTESIAN_POINT('',(-0.116752510526,2.216394868081,
    -6.45890071163));
#7732 = CARTESIAN_POINT('',(0.97069357658,1.729153907434,-6.522772149036
    ));
#7733 = CARTESIAN_POINT('',(1.513965266999,0.864829661067,
    -6.586371323661));
#7734 = CARTESIAN_POINT('',(1.513965443441,3.0901178949E-07,
    -6.650005422551));
#7735 = CARTESIAN_POINT('',(1.522043651291,4.0446859323E-07,
    -5.91181367377));
#7736 = CARTESIAN_POINT('',(1.522044078362,-0.869442258978,
    -5.97544781414));
#7737 = CARTESIAN_POINT('',(0.975877983505,-1.738388982144,
    -6.039047669942));
#7738 = CARTESIAN_POINT('',(-0.117393610408,-2.228191344589,
    -6.102914801604));
#7739 = CARTESIAN_POINT('',(-1.453399922936,-1.948858222361,
    -6.165883923572));
#7740 = CARTESIAN_POINT('',(-2.44920260205,-0.808316358654,
    -6.230714465051));
#7741 = CARTESIAN_POINT('',(-2.449087668512,0.808316598144,
    -6.292911108113));
#7742 = CARTESIAN_POINT('',(-1.453478371876,1.948855141163,
    -6.357741649499));
#7743 = CARTESIAN_POINT('',(-0.117362041547,2.228192556784,
    -6.420710771572));
#7744 = CARTESIAN_POINT('',(0.975870554695,1.738389189673,
    -6.484577903181));
#7745 = CARTESIAN_POINT('',(1.52204343846,0.869442966797,-6.548177758991
    ));
#7746 = CARTESIAN_POINT('',(1.522043807795,3.0335152817E-07,
    -6.611811899364));
#7747 = CARTESIAN_POINT('',(1.54439484362,3.8358783994E-07,
    -5.880819073969));
#7748 = CARTESIAN_POINT('',(1.544395417927,-0.882206534806,
    -5.944453329114));
#7749 = CARTESIAN_POINT('',(0.990213613051,-1.763941915594,
    -6.008055069619));
#7750 = CARTESIAN_POINT('',(-0.11913847454,-2.260831290336,
    -6.071910287964));
#7751 = CARTESIAN_POINT('',(-1.474700286605,-1.977644951693,
    -6.134913856067));
#7752 = CARTESIAN_POINT('',(-2.485221374273,-0.819949244826,
    -6.199682748462));
#7753 = CARTESIAN_POINT('',(-2.485012837182,0.819950662102,
    -6.261953716727));
#7754 = CARTESIAN_POINT('',(-1.474841621478,1.977639952824,
    -6.326722608956));
#7755 = CARTESIAN_POINT('',(-0.119080390565,2.260833533741,
    -6.389726177246));
#7756 = CARTESIAN_POINT('',(0.990200853236,1.763941899729,
    -6.453581395495));
#7757 = CARTESIAN_POINT('',(1.5443946076,0.882207206084,-6.517183136017)
  );
#7758 = CARTESIAN_POINT('',(1.544395127151,2.8769092031E-07,
    -6.580817391166));
#7759 = CARTESIAN_POINT('',(1.576112451471,3.5395705006E-07,
    -5.862506211251));
#7760 = CARTESIAN_POINT('',(1.576113102895,-0.900319735113,
    -5.926140629269));
#7761 = CARTESIAN_POINT('',(1.010554424678,-1.800202832494,
    -5.989745044273));
#7762 = CARTESIAN_POINT('',(-0.121603573451,-2.307149571068,
    -6.053583356957));
#7763 = CARTESIAN_POINT('',(-1.504952719971,-2.018494074737,
    -6.116635806029));
#7764 = CARTESIAN_POINT('',(-2.536295213271,-0.836457405172,
    -6.181317214998));
#7765 = CARTESIAN_POINT('',(-2.536031355785,0.836459567037,
    -6.243693654761));
#7766 = CARTESIAN_POINT('',(-1.505131171337,2.018487971715,
    -6.308375063519));
#7767 = CARTESIAN_POINT('',(-0.121529779114,2.307152426099,
    -6.371427512828));
#7768 = CARTESIAN_POINT('',(1.010538549695,1.80020266523,-6.43526582539)
  );
#7769 = CARTESIAN_POINT('',(1.576112209157,0.900320354538,
    -6.498870240416));
#7770 = CARTESIAN_POINT('',(1.576112810054,2.6546779186E-07,
    -6.562504658438));
#7771 = DEFINITIONAL_REPRESENTATION('',(#7772),#7776);
#7772 = LINE('',#7773,#7774);
#7773 = CARTESIAN_POINT('',(0.,0.));
#7774 = VECTOR('',#7775,1.);
#7775 = DIRECTION('',(0.,1.));
#7776 = ( GEOMETRIC_REPRESENTATION_CONTEXT(2) 
PARAMETRIC_REPRESENTATION_CONTEXT() REPRESENTATION_CONTEXT('2D SPACE',''
  ) );
#7777 = ORIENTED_EDGE('',*,*,#7778,.F.);
#7778 = EDGE_CURVE('',#7319,#7663,#7779,.T.);
#7779 = SURFACE_CURVE('',#7780,(#7783,#7790),.PCURVE_S1.);
#7780 = B_SPLINE_CURVE_WITH_KNOTS('',1,(#7781,#7782),.UNSPECIFIED.,.F.,
  .F.,(2,2),(0.,0.49),.PIECEWISE_BEZIER_KNOTS.);
#7781 = CARTESIAN_POINT('',(2.000470421806,-3.185772105E-08,
    -6.982499440963));
#7782 = CARTESIAN_POINT('',(1.576114961692,2.6546691974E-07,
    -6.737504658425));
#7783 = PCURVE('',#6852,#7784);
#7784 = DEFINITIONAL_REPRESENTATION('',(#7785),#7789);
#7785 = LINE('',#7786,#7787);
#7786 = CARTESIAN_POINT('',(0.,6.322058019692));
#7787 = VECTOR('',#7788,1.);
#7788 = DIRECTION('',(1.,0.));
#7789 = ( GEOMETRIC_REPRESENTATION_CONTEXT(2) 
PARAMETRIC_REPRESENTATION_CONTEXT() REPRESENTATION_CONTEXT('2D SPACE',''
  ) );
#7790 = PCURVE('',#7791,#7814);
#7791 = B_SPLINE_SURFACE_WITH_KNOTS('',1,10,(
    (#7792,#7793,#7794,#7795,#7796,#7797,#7798,#7799,#7800,#7801,#7802)
    ,(#7803,#7804,#7805,#7806,#7807,#7808,#7809,#7810,#7811,#7812,#7813
    )),.UNSPECIFIED.,.F.,.F.,.F.,(2,2),(11,11),(0.,0.49),(0.,
    6.322058019692),.PIECEWISE_BEZIER_KNOTS.);
#7792 = CARTESIAN_POINT('',(2.000470421806,-3.185772078E-08,
    -6.982499440963));
#7793 = CARTESIAN_POINT('',(2.000468523636,-1.256926080416,
    -7.052499697807));
#7794 = CARTESIAN_POINT('',(1.123123570898,-2.51388031842,
    -7.122504355462));
#7795 = CARTESIAN_POINT('',(-0.633442579381,-3.078269455318,
    -7.192485927022));
#7796 = CARTESIAN_POINT('',(-2.639577478436,-2.287248795515,
    -7.262513481177));
#7797 = CARTESIAN_POINT('',(-3.702160880683,-2.85152068411E-05,
    -7.33249953342));
#7798 = CARTESIAN_POINT('',(-2.639368567852,2.287291011119,
    -7.402485588248));
#7799 = CARTESIAN_POINT('',(-0.633643661235,3.078253319745,
    -7.472513140706));
#7800 = CARTESIAN_POINT('',(1.123193551533,2.51388291045,-7.54249471294)
  );
#7801 = CARTESIAN_POINT('',(2.000470950603,1.256926027321,
    -7.612499370478));
#7802 = CARTESIAN_POINT('',(2.000469059104,-2.123817642E-08,
    -7.682499627314));
#7803 = CARTESIAN_POINT('',(1.576114961692,2.654669195E-07,
    -6.737504658425));
#7804 = CARTESIAN_POINT('',(1.576114634174,-0.99035318412,
    -6.807502518252));
#7805 = CARTESIAN_POINT('',(0.884857402609,-1.980171806861,
    -6.877463707989));
#7806 = CARTESIAN_POINT('',(-0.498952470618,-2.426290890249,
    -6.947617263495));
#7807 = CARTESIAN_POINT('',(-2.079965352069,-1.801103738922,
    -7.017387670653));
#7808 = CARTESIAN_POINT('',(-2.916357266748,-7.92693145429E-06,
    -7.08750388183));
#7809 = CARTESIAN_POINT('',(-2.079910895977,1.801114246984,
    -7.157620093695));
#7810 = CARTESIAN_POINT('',(-0.499006090552,2.426286499122,
    -7.227390500398));
#7811 = CARTESIAN_POINT('',(0.884875245373,1.980172745302,-7.29754405609
    ));
#7812 = CARTESIAN_POINT('',(1.576114986165,0.990353626565,-7.36750524579
    ));
#7813 = CARTESIAN_POINT('',(1.576114603069,1.7697800375E-07,
    -7.437503105618));
#7814 = DEFINITIONAL_REPRESENTATION('',(#7815),#7819);
#7815 = LINE('',#7816,#7817);
#7816 = CARTESIAN_POINT('',(0.,0.));
#7817 = VECTOR('',#7818,1.);
#7818 = DIRECTION('',(1.,0.));
#7819 = ( GEOMETRIC_REPRESENTATION_CONTEXT(2) 
PARAMETRIC_REPRESENTATION_CONTEXT() REPRESENTATION_CONTEXT('2D SPACE',''
  ) );
#7820 = ADVANCED_FACE('',(#7821),#6747,.T.);
#7821 = FACE_BOUND('',#7822,.T.);
#7822 = EDGE_LOOP('',(#7823,#7824,#7825,#7826));
#7823 = ORIENTED_EDGE('',*,*,#6723,.F.);
#7824 = ORIENTED_EDGE('',*,*,#6888,.T.);
#7825 = ORIENTED_EDGE('',*,*,#6916,.T.);
#7826 = ORIENTED_EDGE('',*,*,#7827,.F.);
#7827 = EDGE_CURVE('',#6724,#6917,#7828,.T.);
#7828 = SURFACE_CURVE('',#7829,(#7837,#7844),.PCURVE_S1.);
#7829 = ( BOUNDED_CURVE() B_SPLINE_CURVE(6,(#7830,#7831,#7832,#7833,
#7834,#7835,#7836),.UNSPECIFIED.,.F.,.F.) B_SPLINE_CURVE_WITH_KNOTS((7,7
),(0.,2.094395102393),.PIECEWISE_BEZIER_KNOTS.) CURVE() 
GEOMETRIC_REPRESENTATION_ITEM() RATIONAL_B_SPLINE_CURVE((1.056590953773,
    1.017435169568,0.996326512422,0.989390034249,0.996326512422,
1.017435169568,1.056590953773)) REPRESENTATION_ITEM('') );
#7830 = CARTESIAN_POINT('',(1.57611532032,3.5395553472E-07,
    -6.037506211227));
#7831 = CARTESIAN_POINT('',(1.544397112065,3.8358663407E-07,
    -6.01919438844));
#7832 = CARTESIAN_POINT('',(1.522044903532,4.0446790533E-07,
    -5.98820052148));
#7833 = CARTESIAN_POINT('',(1.513965443466,4.1201549028E-07,
    -5.950007230065));
#7834 = CARTESIAN_POINT('',(1.522043651291,4.044685446E-07,
    -5.91181367377));
#7835 = CARTESIAN_POINT('',(1.54439484362,3.8358779719E-07,
    -5.880819073969));
#7836 = CARTESIAN_POINT('',(1.576112451471,3.5395700426E-07,
    -5.862506211251));
#7837 = PCURVE('',#6747,#7838);
#7838 = DEFINITIONAL_REPRESENTATION('',(#7839),#7843);
#7839 = LINE('',#7840,#7841);
#7840 = CARTESIAN_POINT('',(0.,6.322058019692));
#7841 = VECTOR('',#7842,1.);
#7842 = DIRECTION('',(1.,0.));
#7843 = ( GEOMETRIC_REPRESENTATION_CONTEXT(2) 
PARAMETRIC_REPRESENTATION_CONTEXT() REPRESENTATION_CONTEXT('2D SPACE',''
  ) );
#7844 = PCURVE('',#7686,#7845);
#7845 = DEFINITIONAL_REPRESENTATION('',(#7846),#7850);
#7846 = LINE('',#7847,#7848);
#7847 = CARTESIAN_POINT('',(0.,0.));
#7848 = VECTOR('',#7849,1.);
#7849 = DIRECTION('',(1.,0.));
#7850 = ( GEOMETRIC_REPRESENTATION_CONTEXT(2) 
PARAMETRIC_REPRESENTATION_CONTEXT() REPRESENTATION_CONTEXT('2D SPACE',''
  ) );
#7851 = ADVANCED_FACE('',(#7852),#7285,.T.);
#7852 = FACE_BOUND('',#7853,.T.);
#7853 = EDGE_LOOP('',(#7854,#7886,#7887,#8210));
#7854 = ORIENTED_EDGE('',*,*,#7855,.F.);
#7855 = EDGE_CURVE('',#6917,#7856,#7858,.T.);
#7856 = VERTEX_POINT('',#7857);
#7857 = CARTESIAN_POINT('',(1.576112810054,2.6546779E-07,-6.562504658438
    ));
#7858 = SURFACE_CURVE('',#7859,(#7872,#7879),.PCURVE_S1.);
#7859 = ( BOUNDED_CURVE() B_SPLINE_CURVE(11,(#7860,#7861,#7862,#7863,
    #7864,#7865,#7866,#7867,#7868,#7869,#7870,#7871),.UNSPECIFIED.,.F.,
.F.) B_SPLINE_CURVE_WITH_KNOTS((12,12),(0.,6.322058019692),
.PIECEWISE_BEZIER_KNOTS.) CURVE() GEOMETRIC_REPRESENTATION_ITEM() 
RATIONAL_B_SPLINE_CURVE((1.056590953773,1.056590953773,1.056590953773,
    1.056590953773,1.056590953773,1.056590953773,1.056590953773,
    1.056590953773,1.056590953773,1.056590953773,1.056590953773,
1.056590953773)) REPRESENTATION_ITEM('') );
#7860 = CARTESIAN_POINT('',(1.576112451471,3.5395705006E-07,
    -5.862506211251));
#7861 = CARTESIAN_POINT('',(1.576113102895,-0.900319735113,
    -5.926140629269));
#7862 = CARTESIAN_POINT('',(1.010554424678,-1.800202832494,
    -5.989745044273));
#7863 = CARTESIAN_POINT('',(-0.121603573451,-2.307149571068,
    -6.053583356957));
#7864 = CARTESIAN_POINT('',(-1.504952719971,-2.018494074737,
    -6.116635806029));
#7865 = CARTESIAN_POINT('',(-2.536295213271,-0.836457405172,
    -6.181317214998));
#7866 = CARTESIAN_POINT('',(-2.536031355785,0.836459567037,
    -6.243693654761));
#7867 = CARTESIAN_POINT('',(-1.505131171337,2.018487971715,
    -6.308375063519));
#7868 = CARTESIAN_POINT('',(-0.121529779114,2.307152426099,
    -6.371427512828));
#7869 = CARTESIAN_POINT('',(1.010538549695,1.80020266523,-6.43526582539)
  );
#7870 = CARTESIAN_POINT('',(1.576112209157,0.900320354538,
    -6.498870240416));
#7871 = CARTESIAN_POINT('',(1.576112810054,2.6546779186E-07,
    -6.562504658438));
#7872 = PCURVE('',#7285,#7873);
#7873 = DEFINITIONAL_REPRESENTATION('',(#7874),#7878);
#7874 = LINE('',#7875,#7876);
#7875 = CARTESIAN_POINT('',(0.,0.));
#7876 = VECTOR('',#7877,1.);
#7877 = DIRECTION('',(0.,1.));
#7878 = ( GEOMETRIC_REPRESENTATION_CONTEXT(2) 
PARAMETRIC_REPRESENTATION_CONTEXT() REPRESENTATION_CONTEXT('2D SPACE',''
  ) );
#7879 = PCURVE('',#7686,#7880);
#7880 = DEFINITIONAL_REPRESENTATION('',(#7881),#7885);
#7881 = LINE('',#7882,#7883);
#7882 = CARTESIAN_POINT('',(2.094395102393,0.));
#7883 = VECTOR('',#7884,1.);
#7884 = DIRECTION('',(0.,1.));
#7885 = ( GEOMETRIC_REPRESENTATION_CONTEXT(2) 
PARAMETRIC_REPRESENTATION_CONTEXT() REPRESENTATION_CONTEXT('2D SPACE',''
  ) );
#7886 = ORIENTED_EDGE('',*,*,#7272,.T.);
#7887 = ORIENTED_EDGE('',*,*,#7888,.T.);
#7888 = EDGE_CURVE('',#6950,#7889,#7891,.T.);
#7889 = VERTEX_POINT('',#7890);
#7890 = CARTESIAN_POINT('',(1.955,-5.52E-13,-6.343747826027));
#7891 = SURFACE_CURVE('',#7892,(#7980,#8071),.PCURVE_S1.);
#7892 = B_SPLINE_CURVE_WITH_KNOTS('',6,(#7893,#7894,#7895,#7896,#7897,
    #7898,#7899,#7900,#7901,#7902,#7903,#7904,#7905,#7906,#7907,#7908,
    #7909,#7910,#7911,#7912,#7913,#7914,#7915,#7916,#7917,#7918,#7919,
    #7920,#7921,#7922,#7923,#7924,#7925,#7926,#7927,#7928,#7929,#7930,
    #7931,#7932,#7933,#7934,#7935,#7936,#7937,#7938,#7939,#7940,#7941,
    #7942,#7943,#7944,#7945,#7946,#7947,#7948,#7949,#7950,#7951,#7952,
    #7953,#7954,#7955,#7956,#7957,#7958,#7959,#7960,#7961,#7962,#7963,
    #7964,#7965,#7966,#7967,#7968,#7969,#7970,#7971,#7972,#7973,#7974,
    #7975,#7976,#7977,#7978,#7979),.UNSPECIFIED.,.F.,.F.,(7,5,5,5,5,5,5,
    5,5,5,5,5,5,5,5,5,5,7),(0.,3.090733978544E-02,4.790700359305E-02,
    0.128905636454,0.195681255459,0.262682207065,0.298693804701,
    0.358696429333,0.403371826531,0.495159357871,0.59901114636,
    0.692140500429,0.737141614504,0.783335198628,0.840337819816,
    0.873627434722,0.978718982477,1.),.UNSPECIFIED.);
#7893 = CARTESIAN_POINT('',(1.955,-2.10276E-12,-5.643747101353));
#7894 = CARTESIAN_POINT('',(1.955,-6.32737254448E-02,-5.647352895031));
#7895 = CARTESIAN_POINT('',(1.95254255396,-0.126547595863,
    -5.650959056024));
#7896 = CARTESIAN_POINT('',(1.947627705718,-0.189701766911,
    -5.654565357457));
#7897 = CARTESIAN_POINT('',(1.940263185924,-0.252617183794,
    -5.658171615108));
#7898 = CARTESIAN_POINT('',(1.930464412037,-0.315175581271,
    -5.661777687406));
#7899 = CARTESIAN_POINT('',(1.911538782624,-0.411406889271,
    -5.667366731987));
#7900 = CARTESIAN_POINT('',(1.904093638688,-0.445410818788,
    -5.669349905204));
#7901 = CARTESIAN_POINT('',(1.89592289341,-0.479251778444,-5.67133298145
    ));
#7902 = CARTESIAN_POINT('',(1.887031067803,-0.512910447901,
    -5.673315952415));
#7903 = CARTESIAN_POINT('',(1.877423367003,-0.546367680238,
    -5.675298815102));
#7904 = CARTESIAN_POINT('',(1.81794479517,-0.737968640805,-5.6867288519)
  );
#7905 = CARTESIAN_POINT('',(1.752659978899,-0.891346284332,
    -5.696174747983));
#7906 = CARTESIAN_POINT('',(1.671893331126,-1.037647121951,
    -5.705617217053));
#7907 = CARTESIAN_POINT('',(1.576639052901,-1.17495788093,
    -5.715060368911));
#7908 = CARTESIAN_POINT('',(1.468170124193,-1.30153699985,
    -5.724507371694));
#7909 = CARTESIAN_POINT('',(1.249069248051,-1.510145420853,
    -5.741746291299));
#7910 = CARTESIAN_POINT('',(1.142147900158,-1.596107656665,
    -5.749538616779));
#7911 = CARTESIAN_POINT('',(1.028192674777,-1.672925181703,
    -5.757332841676));
#7912 = CARTESIAN_POINT('',(0.908188828858,-1.73990063584,
    -5.765128980966));
#7913 = CARTESIAN_POINT('',(0.783203418513,-1.79647022932,
    -5.772926500175));
#7914 = CARTESIAN_POINT('',(0.525132649423,-1.888140597638,
    -5.788547117029));
#7915 = CARTESIAN_POINT('',(0.392008222805,-1.92317295763,
    -5.796370998682));
#7916 = CARTESIAN_POINT('',(0.256171221602,-1.946911440311,
    -5.80419352985));
#7917 = CARTESIAN_POINT('',(0.118817179161,-1.959118922231,
    -5.812014289588));
#7918 = CARTESIAN_POINT('',(-1.883776920904E-02,-1.959715327051,
    -5.819833410212));
#7919 = CARTESIAN_POINT('',(-0.229056140743,-1.942934210649,
    -5.831851471783));
#7920 = CARTESIAN_POINT('',(-0.302280286572,-1.93374220005,
    -5.836052230012));
#7921 = CARTESIAN_POINT('',(-0.375050362212,-1.92123974286,
    -5.840252434906));
#7922 = CARTESIAN_POINT('',(-0.447179980843,-1.905455954523,
    -5.844452131519));
#7923 = CARTESIAN_POINT('',(-0.518485486019,-1.886433921262,
    -5.84865139265));
#7924 = CARTESIAN_POINT('',(-0.705920784018,-1.827235630888,
    -5.859846581401));
#7925 = CARTESIAN_POINT('',(-0.820270081355,-1.781407114221,
    -5.866842141369));
#7926 = CARTESIAN_POINT('',(-0.930993630709,-1.727010885031,
    -5.8738369699));
#7927 = CARTESIAN_POINT('',(-1.03729622353,-1.664413143589,
    -5.880831868467));
#7928 = CARTESIAN_POINT('',(-1.138434717694,-1.594076803553,
    -5.887827576667));
#7929 = CARTESIAN_POINT('',(-1.304674256862,-1.458840348924,
    -5.900033029347));
#7930 = CARTESIAN_POINT('',(-1.372383837601,-1.397139292268,
    -5.905242682028));
#7931 = CARTESIAN_POINT('',(-1.436572835251,-1.331683274386,
    -5.910452842574));
#7932 = CARTESIAN_POINT('',(-1.496983805835,-1.26272522907,
    -5.91566362127));
#7933 = CARTESIAN_POINT('',(-1.553384060629,-1.190541029222,
    -5.920875065947));
#7934 = CARTESIAN_POINT('',(-1.712778669757,-0.961105640454,
    -5.936795124331));
#7935 = CARTESIAN_POINT('',(-1.802209362471,-0.79439033144,
    -5.947507382015));
#7936 = CARTESIAN_POINT('',(-1.872021874084,-0.617903478175,
    -5.958219144811));
#7937 = CARTESIAN_POINT('',(-1.920987018571,-0.43453656982,
    -5.968930991472));
#7938 = CARTESIAN_POINT('',(-1.948372221949,-0.247344382415,
    -5.979643788631));
#7939 = CARTESIAN_POINT('',(-1.960566913819,0.152979079913,
    -6.002470213603));
#7940 = CARTESIAN_POINT('',(-1.93931033188,0.366390668132,
    -6.014588740118));
#7941 = CARTESIAN_POINT('',(-1.890153969624,0.576045088535,
    -6.02670078003));
#7942 = CARTESIAN_POINT('',(-1.814026395305,0.777481255212,
    -6.038811630512));
#7943 = CARTESIAN_POINT('',(-1.712643909876,0.966476957979,
    -6.050927965799));
#7944 = CARTESIAN_POINT('',(-1.47764664509,1.294192860607,
    -6.073907680837));
#7945 = CARTESIAN_POINT('',(-1.348390651116,1.436158905939,
    -6.084776048583));
#7946 = CARTESIAN_POINT('',(-1.2029189192,1.562424843355,-6.09564475749)
  );
#7947 = CARTESIAN_POINT('',(-1.043655232224,1.670776172688,
    -6.106516096674));
#7948 = CARTESIAN_POINT('',(-0.873359911268,1.759436487698,
    -6.117390514693));
#7949 = CARTESIAN_POINT('',(-0.609059796846,1.859988832841,
    -6.133514964761));
#7950 = CARTESIAN_POINT('',(-0.521101041103,1.887878592274,
    -6.138767902943));
#7951 = CARTESIAN_POINT('',(-0.431635160542,1.910767917174,
    -6.14402032399));
#7952 = CARTESIAN_POINT('',(-0.341017629624,1.928558734196,
    -6.149272092842));
#7953 = CARTESIAN_POINT('',(-0.249611555526,1.941186828711,
    -6.154523120659));
#7954 = CARTESIAN_POINT('',(-6.352702594876E-02,1.956254663904,
    -6.165162454987));
#7955 = CARTESIAN_POINT('',(3.117600356165E-02,1.958415717875,
    -6.170550830099));
#7956 = CARTESIAN_POINT('',(0.125923933958,1.955073159695,-6.17593814422
    ));
#7957 = CARTESIAN_POINT('',(0.220317947249,1.946233332543,-6.18132449559
    ));
#7958 = CARTESIAN_POINT('',(0.313961677978,1.931941040566,
    -6.186710082861));
#7959 = CARTESIAN_POINT('',(0.520609663538,1.888017119109,
    -6.198739954484));
#7960 = CARTESIAN_POINT('',(0.633021352667,1.855577634821,
    -6.205384152811));
#7961 = CARTESIAN_POINT('',(0.742960000154,1.815118163891,-6.21202762523
    ));
#7962 = CARTESIAN_POINT('',(0.849715411799,1.766880976514,
    -6.218671196904));
#7963 = CARTESIAN_POINT('',(0.952611207494,1.711191167904,
    -6.225315707825));
#7964 = CARTESIAN_POINT('',(1.108475853247,1.611816031051,
    -6.235842231049));
#7965 = CARTESIAN_POINT('',(1.164408761871,1.57277359716,-6.23972363388)
  );
#7966 = CARTESIAN_POINT('',(1.218682953283,1.531407657848,
    -6.243605535176));
#7967 = CARTESIAN_POINT('',(1.27117862024,1.48780691915,-6.247487991898)
  );
#7968 = CARTESIAN_POINT('',(1.321782434221,1.442068231156,
    -6.251371025252));
#7969 = CARTESIAN_POINT('',(1.523828382144,1.243486915661,
    -6.267514692101));
#7970 = CARTESIAN_POINT('',(1.657399064568,1.07236887095,-6.279783974112
    ));
#7971 = CARTESIAN_POINT('',(1.767626222141,0.884315155847,
    -6.292054404579));
#7972 = CARTESIAN_POINT('',(1.852022718719,0.683341720693,
    -6.304324490267));
#7973 = CARTESIAN_POINT('',(1.9088697818,0.47384338265,-6.316591251883)
  );
#7974 = CARTESIAN_POINT('',(1.943358274939,0.217443424802,
    -6.331334627845));
#7975 = CARTESIAN_POINT('',(1.948011486254,0.174110509987,
    -6.333817291293));
#7976 = CARTESIAN_POINT('',(1.95150487116,0.130660843745,-6.336299886584
    ));
#7977 = CARTESIAN_POINT('',(1.953834955527,8.713322330071E-02,
    -6.33878246409));
#7978 = CARTESIAN_POINT('',(1.955,4.356658413833E-02,-6.341265085942));
#7979 = CARTESIAN_POINT('',(1.955,-1.10645E-12,-6.343747826027));
#7980 = PCURVE('',#7285,#7981);
#7981 = DEFINITIONAL_REPRESENTATION('',(#7982),#8070);
#7982 = B_SPLINE_CURVE_WITH_KNOTS('',6,(#7983,#7984,#7985,#7986,#7987,
    #7988,#7989,#7990,#7991,#7992,#7993,#7994,#7995,#7996,#7997,#7998,
    #7999,#8000,#8001,#8002,#8003,#8004,#8005,#8006,#8007,#8008,#8009,
    #8010,#8011,#8012,#8013,#8014,#8015,#8016,#8017,#8018,#8019,#8020,
    #8021,#8022,#8023,#8024,#8025,#8026,#8027,#8028,#8029,#8030,#8031,
    #8032,#8033,#8034,#8035,#8036,#8037,#8038,#8039,#8040,#8041,#8042,
    #8043,#8044,#8045,#8046,#8047,#8048,#8049,#8050,#8051,#8052,#8053,
    #8054,#8055,#8056,#8057,#8058,#8059,#8060,#8061,#8062,#8063,#8064,
    #8065,#8066,#8067,#8068,#8069),.UNSPECIFIED.,.F.,.F.,(7,5,5,5,5,5,5,
    5,5,5,5,5,5,5,5,5,5,7),(0.,3.090733978544E-02,4.790700359305E-02,
    0.128905636454,0.195681255459,0.262682207065,0.298693804701,
    0.358696429333,0.403371826531,0.495159357871,0.59901114636,
    0.692140500429,0.737141614504,0.783335198628,0.840337819816,
    0.873627434722,0.978718982477,1.),.UNSPECIFIED.);
#7983 = CARTESIAN_POINT('',(0.437505797211,0.));
#7984 = CARTESIAN_POINT('',(0.437505694317,3.256530225294E-02));
#7985 = CARTESIAN_POINT('',(0.437504870985,6.513066849978E-02));
#7986 = CARTESIAN_POINT('',(0.437503829784,9.769631928556E-02));
#7987 = CARTESIAN_POINT('',(0.437502962201,0.130262358704));
#7988 = CARTESIAN_POINT('',(0.437502548635,0.162828774397));
#7989 = CARTESIAN_POINT('',(0.437502873776,0.213307762878));
#7990 = CARTESIAN_POINT('',(0.437503175653,0.231220177746));
#7991 = CARTESIAN_POINT('',(0.437503688233,0.249132668327));
#7992 = CARTESIAN_POINT('',(0.437504424604,0.267045218645));
#7993 = CARTESIAN_POINT('',(0.437505386742,0.284957810583));
#7994 = CARTESIAN_POINT('',(0.437512182019,0.388219005175));
#7995 = CARTESIAN_POINT('',(0.437522706487,0.473577250406));
#7996 = CARTESIAN_POINT('',(0.437537383801,0.558923297529));
#7997 = CARTESIAN_POINT('',(0.437549939958,0.644265932946));
#7998 = CARTESIAN_POINT('',(0.437556616991,0.729616799531));
#7999 = CARTESIAN_POINT('',(0.437557004691,0.885312051177));
#8000 = CARTESIAN_POINT('',(0.437552782373,0.955669461283));
#8001 = CARTESIAN_POINT('',(0.437543772715,1.026022407087));
#8002 = CARTESIAN_POINT('',(0.437531034703,1.096375805635));
#8003 = CARTESIAN_POINT('',(0.437516644503,1.166734205508));
#8004 = CARTESIAN_POINT('',(0.437488148614,1.307683301524));
#8005 = CARTESIAN_POINT('',(0.437474046125,1.378281092893));
#8006 = CARTESIAN_POINT('',(0.437461968943,1.448875833246));
#8007 = CARTESIAN_POINT('',(0.437453620744,1.519471414699));
#8008 = CARTESIAN_POINT('',(0.437449544684,1.590071485144));
#8009 = CARTESIAN_POINT('',(0.437449387312,1.698612035405));
#8010 = CARTESIAN_POINT('',(0.43745048467,1.736556187116));
#8011 = CARTESIAN_POINT('',(0.437452675363,1.774500278773));
#8012 = CARTESIAN_POINT('',(0.43745584955,1.812444221246));
#8013 = CARTESIAN_POINT('',(0.437459846586,1.850387946549));
#8014 = CARTESIAN_POINT('',(0.437472133609,1.951552909084));
#8015 = CARTESIAN_POINT('',(0.437481527077,2.014775809023));
#8016 = CARTESIAN_POINT('',(0.43749171026,2.077995669109));
#8017 = CARTESIAN_POINT('',(0.437501609346,2.141214878638));
#8018 = CARTESIAN_POINT('',(0.437510304289,2.204435962517));
#8019 = CARTESIAN_POINT('',(0.437522563179,2.314725007526));
#8020 = CARTESIAN_POINT('',(0.437526869194,2.361795490669));
#8021 = CARTESIAN_POINT('',(0.437530042882,2.408865447169));
#8022 = CARTESIAN_POINT('',(0.4375320124,2.455935548653));
#8023 = CARTESIAN_POINT('',(0.437532828196,2.503006454928));
#8024 = CARTESIAN_POINT('',(0.437532286158,2.646786196796));
#8025 = CARTESIAN_POINT('',(0.437527733729,2.743513516752));
#8026 = CARTESIAN_POINT('',(0.437520272771,2.84022323277));
#8027 = CARTESIAN_POINT('',(0.437513190861,2.936935417808));
#8028 = CARTESIAN_POINT('',(0.437508913708,3.033668853064));
#8029 = CARTESIAN_POINT('',(0.437506417842,3.239814700755));
#8030 = CARTESIAN_POINT('',(0.437509061098,3.349275248398));
#8031 = CARTESIAN_POINT('',(0.437516325167,3.458698079303));
#8032 = CARTESIAN_POINT('',(0.437525259922,3.568117712752));
#8033 = CARTESIAN_POINT('',(0.437530641112,3.677570834601));
#8034 = CARTESIAN_POINT('',(0.43753085352,3.885113353365));
#8035 = CARTESIAN_POINT('',(0.437526701199,3.98325238965));
#8036 = CARTESIAN_POINT('',(0.437516936977,4.081369164348));
#8037 = CARTESIAN_POINT('',(0.43750203768,4.179486505266));
#8038 = CARTESIAN_POINT('',(0.437486084892,4.277626895738));
#8039 = CARTESIAN_POINT('',(0.437466158744,4.423165068009));
#8040 = CARTESIAN_POINT('',(0.437460254825,4.470580378304));
#8041 = CARTESIAN_POINT('',(0.437455347331,4.517995517831));
#8042 = CARTESIAN_POINT('',(0.437451819796,4.565410998731));
#8043 = CARTESIAN_POINT('',(0.437449953828,4.61282729031));
#8044 = CARTESIAN_POINT('',(0.437449748122,4.708915631395));
#8045 = CARTESIAN_POINT('',(0.437451501814,4.757588722374));
#8046 = CARTESIAN_POINT('',(0.437455238839,4.806261187348));
#8047 = CARTESIAN_POINT('',(0.437460870579,4.854933513416));
#8048 = CARTESIAN_POINT('',(0.437468110198,4.903606199415));
#8049 = CARTESIAN_POINT('',(0.437486827248,5.012338645888));
#8050 = CARTESIAN_POINT('',(0.437498900299,5.072400319165));
#8051 = CARTESIAN_POINT('',(0.437511862852,5.132459453406));
#8052 = CARTESIAN_POINT('',(0.437524462109,5.192517843728));
#8053 = CARTESIAN_POINT('',(0.437535453412,5.252577455854));
#8054 = CARTESIAN_POINT('',(0.437549017194,5.347709123937));
#8055 = CARTESIAN_POINT('',(0.437553194062,5.382782920585));
#8056 = CARTESIAN_POINT('',(0.437556373641,5.417856715523));
#8057 = CARTESIAN_POINT('',(0.43755845424,5.452930563933));
#8058 = CARTESIAN_POINT('',(0.437559405843,5.488004521762));
#8059 = CARTESIAN_POINT('',(0.437558841587,5.633803686645));
#8060 = CARTESIAN_POINT('',(0.437547743578,5.74456373064));
#8061 = CARTESIAN_POINT('',(0.43752661241,5.855288836189));
#8062 = CARTESIAN_POINT('',(0.43750773429,5.966021003414));
#8063 = CARTESIAN_POINT('',(0.437503522868,6.076789383426));
#8064 = CARTESIAN_POINT('',(0.437503499084,6.209944244952));
#8065 = CARTESIAN_POINT('',(0.43750367747,6.232367253906));
#8066 = CARTESIAN_POINT('',(0.437503958481,6.254790110727));
#8067 = CARTESIAN_POINT('',(0.437504244238,6.277212828354));
#8068 = CARTESIAN_POINT('',(0.437504418747,6.299635444107));
#8069 = CARTESIAN_POINT('',(0.4375043479,6.322058019692));
#8070 = ( GEOMETRIC_REPRESENTATION_CONTEXT(2) 
PARAMETRIC_REPRESENTATION_CONTEXT() REPRESENTATION_CONTEXT('2D SPACE',''
  ) );
#8071 = PCURVE('',#238,#8072);
#8072 = DEFINITIONAL_REPRESENTATION('',(#8073),#8209);
#8073 = B_SPLINE_CURVE_WITH_KNOTS('',3,(#8074,#8075,#8076,#8077,#8078,
    #8079,#8080,#8081,#8082,#8083,#8084,#8085,#8086,#8087,#8088,#8089,
    #8090,#8091,#8092,#8093,#8094,#8095,#8096,#8097,#8098,#8099,#8100,
    #8101,#8102,#8103,#8104,#8105,#8106,#8107,#8108,#8109,#8110,#8111,
    #8112,#8113,#8114,#8115,#8116,#8117,#8118,#8119,#8120,#8121,#8122,
    #8123,#8124,#8125,#8126,#8127,#8128,#8129,#8130,#8131,#8132,#8133,
    #8134,#8135,#8136,#8137,#8138,#8139,#8140,#8141,#8142,#8143,#8144,
    #8145,#8146,#8147,#8148,#8149,#8150,#8151,#8152,#8153,#8154,#8155,
    #8156,#8157,#8158,#8159,#8160,#8161,#8162,#8163,#8164,#8165,#8166,
    #8167,#8168,#8169,#8170,#8171,#8172,#8173,#8174,#8175,#8176,#8177,
    #8178,#8179,#8180,#8181,#8182,#8183,#8184,#8185,#8186,#8187,#8188,
    #8189,#8190,#8191,#8192,#8193,#8194,#8195,#8196,#8197,#8198,#8199,
    #8200,#8201,#8202,#8203,#8204,#8205,#8206,#8207,#8208),
  .UNSPECIFIED.,.F.,.F.,(4,1,1,1,1,1,1,1,1,1,1,1,1,1,1,1,1,1,1,1,1,1,1,1
    ,1,1,1,1,1,1,1,1,1,1,1,1,1,1,1,1,1,1,1,1,1,1,1,1,1,1,1,1,1,1,1,1,1,1
    ,1,1,1,1,1,1,1,1,1,1,1,1,1,1,1,1,1,1,1,1,1,1,1,1,1,1,1,1,1,1,1,1,1,1
    ,1,1,1,1,1,1,1,1,1,1,1,1,1,1,1,1,1,1,1,1,1,1,1,1,1,1,1,1,1,1,1,1,1,1
    ,1,1,1,1,1,1,4),(0.,7.575757575758E-03,1.515151515152E-02,
    2.272727272727E-02,3.030303030303E-02,3.787878787879E-02,
    4.545454545455E-02,5.30303030303E-02,6.060606060606E-02,
    6.818181818182E-02,7.575757575758E-02,8.333333333333E-02,
    9.090909090909E-02,9.848484848485E-02,0.106060606061,0.113636363636,
    0.121212121212,0.128787878788,0.136363636364,0.143939393939,
    0.151515151515,0.159090909091,0.166666666667,0.174242424242,
    0.181818181818,0.189393939394,0.19696969697,0.204545454545,
    0.212121212121,0.219696969697,0.227272727273,0.234848484848,
    0.242424242424,0.25,0.257575757576,0.265151515152,0.272727272727,
    0.280303030303,0.287878787879,0.295454545455,0.30303030303,
    0.310606060606,0.318181818182,0.325757575758,0.333333333333,
    0.340909090909,0.348484848485,0.356060606061,0.363636363636,
    0.371212121212,0.378787878788,0.386363636364,0.393939393939,
    0.401515151515,0.409090909091,0.416666666667,0.424242424242,
    0.431818181818,0.439393939394,0.44696969697,0.454545454545,
    0.462121212121,0.469696969697,0.477272727273,0.484848484848,
    0.492424242424,0.5,0.507575757576,0.515151515152,0.522727272727,
    0.530303030303,0.537878787879,0.545454545455,0.55303030303,
    0.560606060606,0.568181818182,0.575757575758,0.583333333333,
    0.590909090909,0.598484848485,0.606060606061,0.613636363636,
    0.621212121212,0.628787878788,0.636363636364,0.643939393939,
    0.651515151515,0.659090909091,0.666666666667,0.674242424242,
    0.681818181818,0.689393939394,0.69696969697,0.704545454545,
    0.712121212121,0.719696969697,0.727272727273,0.734848484848,
    0.742424242424,0.75,0.757575757576,0.765151515152,0.772727272727,
    0.780303030303,0.787878787879,0.795454545455,0.80303030303,
    0.810606060606,0.818181818182,0.825757575758,0.833333333333,
    0.840909090909,0.848484848485,0.856060606061,0.863636363636,
    0.871212121212,0.878787878788,0.886363636364,0.893939393939,
    0.901515151515,0.909090909091,0.916666666667,0.924242424242,
    0.931818181818,0.939393939394,0.94696969697,0.954545454545,
    0.962121212121,0.969696969697,0.977272727273,0.984848484848,
    0.992424242424,1.),.UNSPECIFIED.);
#8074 = CARTESIAN_POINT('',(6.28318530718,4.943747101353));
#8075 = CARTESIAN_POINT('',(6.299051459115,4.945514752036));
#8076 = CARTESIAN_POINT('',(6.330783728169,4.949050256568));
#8077 = CARTESIAN_POINT('',(6.378382024521,4.954353810316));
#8078 = CARTESIAN_POINT('',(6.425980183718,4.959657327499));
#8079 = CARTESIAN_POINT('',(6.473578270826,4.964960548004));
#8080 = CARTESIAN_POINT('',(6.521176211053,4.970263271624));
#8081 = CARTESIAN_POINT('',(6.568774043632,4.975565384954));
#8082 = CARTESIAN_POINT('',(6.616372133501,4.980866887196));
#8083 = CARTESIAN_POINT('',(6.663971955075,4.986167972892));
#8084 = CARTESIAN_POINT('',(6.711571831509,4.991468544478));
#8085 = CARTESIAN_POINT('',(6.759171500021,4.996768707158));
#8086 = CARTESIAN_POINT('',(6.806770877526,5.002068618309));
#8087 = CARTESIAN_POINT('',(6.854370182195,5.007368487196));
#8088 = CARTESIAN_POINT('',(6.901969702722,5.01266853567));
#8089 = CARTESIAN_POINT('',(6.949569691127,5.017968973527));
#8090 = CARTESIAN_POINT('',(6.997170143373,5.023269963154));
#8091 = CARTESIAN_POINT('',(7.044770893008,5.028571621282));
#8092 = CARTESIAN_POINT('',(7.092370511186,5.033873891929));
#8093 = CARTESIAN_POINT('',(7.139969575003,5.039176906402));
#8094 = CARTESIAN_POINT('',(7.187569458909,5.044480846069));
#8095 = CARTESIAN_POINT('',(7.235169045033,5.04978557524));
#8096 = CARTESIAN_POINT('',(7.282768413288,5.055091054654));
#8097 = CARTESIAN_POINT('',(7.330367638911,5.060397212821));
#8098 = CARTESIAN_POINT('',(7.377966936276,5.065703965933));
#8099 = CARTESIAN_POINT('',(7.425566363871,5.071011189709));
#8100 = CARTESIAN_POINT('',(7.473165953412,5.076318739309));
#8101 = CARTESIAN_POINT('',(7.520764554433,5.081626329464));
#8102 = CARTESIAN_POINT('',(7.56836356335,5.086933956223));
#8103 = CARTESIAN_POINT('',(7.615962841278,5.092241447828));
#8104 = CARTESIAN_POINT('',(7.663561820708,5.097548592523));
#8105 = CARTESIAN_POINT('',(7.711160544272,5.102855261165));
#8106 = CARTESIAN_POINT('',(7.758759174649,5.108161357634));
#8107 = CARTESIAN_POINT('',(7.806357941934,5.113466815766));
#8108 = CARTESIAN_POINT('',(7.853956922325,5.118771576615));
#8109 = CARTESIAN_POINT('',(7.901556064779,5.124075592082));
#8110 = CARTESIAN_POINT('',(7.949154363107,5.129378736972));
#8111 = CARTESIAN_POINT('',(7.996752691415,5.134681110996));
#8112 = CARTESIAN_POINT('',(8.044351028351,5.139982773596));
#8113 = CARTESIAN_POINT('',(8.09194941567,5.145283773815));
#8114 = CARTESIAN_POINT('',(8.139547973888,5.150584186387));
#8115 = CARTESIAN_POINT('',(8.187146532629,5.155884111052));
#8116 = CARTESIAN_POINT('',(8.234745773567,5.161183725126));
#8117 = CARTESIAN_POINT('',(8.282344973709,5.166483063019));
#8118 = CARTESIAN_POINT('',(8.329944086554,5.171782239579));
#8119 = CARTESIAN_POINT('',(8.377543190991,5.177081382691));
#8120 = CARTESIAN_POINT('',(8.425142447199,5.182380625299));
#8121 = CARTESIAN_POINT('',(8.472741910331,5.187680081054));
#8122 = CARTESIAN_POINT('',(8.5203413966,5.192979826057));
#8123 = CARTESIAN_POINT('',(8.567940295655,5.198279872563));
#8124 = CARTESIAN_POINT('',(8.615539447835,5.203580380095));
#8125 = CARTESIAN_POINT('',(8.663138447624,5.208881350875));
#8126 = CARTESIAN_POINT('',(8.710737375024,5.21418282207));
#8127 = CARTESIAN_POINT('',(8.758336351317,5.219484816471));
#8128 = CARTESIAN_POINT('',(8.805935126362,5.224787298103));
#8129 = CARTESIAN_POINT('',(8.853534239641,5.230090297205));
#8130 = CARTESIAN_POINT('',(8.901135789426,5.235394006792));
#8131 = CARTESIAN_POINT('',(8.948737367285,5.24069810605));
#8132 = CARTESIAN_POINT('',(8.996338526337,5.246002473831));
#8133 = CARTESIAN_POINT('',(9.043938995102,5.251307001401));
#8134 = CARTESIAN_POINT('',(9.091538935516,5.256611624917));
#8135 = CARTESIAN_POINT('',(9.139138675017,5.261916298885));
#8136 = CARTESIAN_POINT('',(9.186738592365,5.267220985197));
#8137 = CARTESIAN_POINT('',(9.2343389689,5.272525638055));
#8138 = CARTESIAN_POINT('',(9.28193983698,5.277830188972));
#8139 = CARTESIAN_POINT('',(9.32954084471,5.283134534798));
#8140 = CARTESIAN_POINT('',(9.377140987654,5.288438512767));
#8141 = CARTESIAN_POINT('',(9.424738747293,5.293741923642));
#8142 = CARTESIAN_POINT('',(9.472340981731,5.299045506669));
#8143 = CARTESIAN_POINT('',(9.519943857004,5.304348839323));
#8144 = CARTESIAN_POINT('',(9.567546667089,5.309651850628));
#8145 = CARTESIAN_POINT('',(9.615148764042,5.314954491569));
#8146 = CARTESIAN_POINT('',(9.662750139183,5.320256799859));
#8147 = CARTESIAN_POINT('',(9.710351054833,5.325558858693));
#8148 = CARTESIAN_POINT('',(9.757951950765,5.33086078346));
#8149 = CARTESIAN_POINT('',(9.805553292633,5.336162700909));
#8150 = CARTESIAN_POINT('',(9.853155429093,5.341464728799));
#8151 = CARTESIAN_POINT('',(9.90075848143,5.346766959437));
#8152 = CARTESIAN_POINT('',(9.948362061367,5.35206942545));
#8153 = CARTESIAN_POINT('',(9.995965569357,5.357372130975));
#8154 = CARTESIAN_POINT('',(10.043566230094,5.362674837248));
#8155 = CARTESIAN_POINT('',(10.091165451922,5.367977763417));
#8156 = CARTESIAN_POINT('',(10.138767599139,5.373281437397));
#8157 = CARTESIAN_POINT('',(10.186369599345,5.378585550255));
#8158 = CARTESIAN_POINT('',(10.233971258848,5.383890089412));
#8159 = CARTESIAN_POINT('',(10.281572287255,5.389195015246));
#8160 = CARTESIAN_POINT('',(10.329172877957,5.394500325107));
#8161 = CARTESIAN_POINT('',(10.376773356426,5.399806014282));
#8162 = CARTESIAN_POINT('',(10.424374091171,5.405112065404));
#8163 = CARTESIAN_POINT('',(10.471975336089,5.410418430837));
#8164 = CARTESIAN_POINT('',(10.51957709258,5.415725018389));
#8165 = CARTESIAN_POINT('',(10.567178927123,5.42103167443));
#8166 = CARTESIAN_POINT('',(10.614779872312,5.426338177737));
#8167 = CARTESIAN_POINT('',(10.662377925819,5.431644196716));
#8168 = CARTESIAN_POINT('',(10.709976524439,5.436949994438));
#8169 = CARTESIAN_POINT('',(10.757574860876,5.44225536816));
#8170 = CARTESIAN_POINT('',(10.805173163444,5.447560238239));
#8171 = CARTESIAN_POINT('',(10.852771497905,5.452864518768));
#8172 = CARTESIAN_POINT('',(10.900369867842,5.458168132686));
#8173 = CARTESIAN_POINT('',(10.947968074209,5.463471000416));
#8174 = CARTESIAN_POINT('',(10.995566532927,5.468773132669));
#8175 = CARTESIAN_POINT('',(11.043164910083,5.47407448184));
#8176 = CARTESIAN_POINT('',(11.090763315489,5.479375076931));
#8177 = CARTESIAN_POINT('',(11.138361847518,5.484674972028));
#8178 = CARTESIAN_POINT('',(11.185960522822,5.489974238329));
#8179 = CARTESIAN_POINT('',(11.233559070812,5.495272941821));
#8180 = CARTESIAN_POINT('',(11.281158218219,5.500571281349));
#8181 = CARTESIAN_POINT('',(11.328757316371,5.505869321427));
#8182 = CARTESIAN_POINT('',(11.376356365952,5.511167215561));
#8183 = CARTESIAN_POINT('',(11.423955461123,5.516465136478));
#8184 = CARTESIAN_POINT('',(11.471554722158,5.521763263197));
#8185 = CARTESIAN_POINT('',(11.519154199672,5.527061762991));
#8186 = CARTESIAN_POINT('',(11.566753399317,5.532360736974));
#8187 = CARTESIAN_POINT('',(11.614352389635,5.537660317908));
#8188 = CARTESIAN_POINT('',(11.661951369223,5.542960661783));
#8189 = CARTESIAN_POINT('',(11.709550295031,5.548261838373));
#8190 = CARTESIAN_POINT('',(11.757149080887,5.553563873017));
#8191 = CARTESIAN_POINT('',(11.804748224521,5.558866847879));
#8192 = CARTESIAN_POINT('',(11.852351399808,5.564171135462));
#8193 = CARTESIAN_POINT('',(11.899955128503,5.569476296856));
#8194 = CARTESIAN_POINT('',(11.947558565057,5.574782122938));
#8195 = CARTESIAN_POINT('',(11.995161071717,5.580088392517));
#8196 = CARTESIAN_POINT('',(12.042762627331,5.585394926512));
#8197 = CARTESIAN_POINT('',(12.090363505587,5.590701564049));
#8198 = CARTESIAN_POINT('',(12.13796416971,5.596008160704));
#8199 = CARTESIAN_POINT('',(12.185565122266,5.601314582135));
#8200 = CARTESIAN_POINT('',(12.233166767646,5.606620699879));
#8201 = CARTESIAN_POINT('',(12.28076927576,5.611926388957));
#8202 = CARTESIAN_POINT('',(12.328372392497,5.617231521981));
#8203 = CARTESIAN_POINT('',(12.375975384919,5.622535981304));
#8204 = CARTESIAN_POINT('',(12.423576385561,5.627839608375));
#8205 = CARTESIAN_POINT('',(12.471173856607,5.633142392096));
#8206 = CARTESIAN_POINT('',(12.518772312486,5.638445042586));
#8207 = CARTESIAN_POINT('',(12.550504485875,5.641980186092));
#8208 = CARTESIAN_POINT('',(12.566370614359,5.643747826027));
#8209 = ( GEOMETRIC_REPRESENTATION_CONTEXT(2) 
PARAMETRIC_REPRESENTATION_CONTEXT() REPRESENTATION_CONTEXT('2D SPACE',''
  ) );
#8210 = ORIENTED_EDGE('',*,*,#8211,.F.);
#8211 = EDGE_CURVE('',#7856,#7889,#8212,.T.);
#8212 = SURFACE_CURVE('',#8213,(#8216,#8223),.PCURVE_S1.);
#8213 = B_SPLINE_CURVE_WITH_KNOTS('',1,(#8214,#8215),.UNSPECIFIED.,.F.,
  .F.,(2,2),(0.,0.49),.PIECEWISE_BEZIER_KNOTS.);
#8214 = CARTESIAN_POINT('',(1.576112810054,2.6546778841E-07,
    -6.562504658438));
#8215 = CARTESIAN_POINT('',(2.000462245584,-3.185441637E-08,
    -6.317499441013));
#8216 = PCURVE('',#7285,#8217);
#8217 = DEFINITIONAL_REPRESENTATION('',(#8218),#8222);
#8218 = LINE('',#8219,#8220);
#8219 = CARTESIAN_POINT('',(0.,6.322058019692));
#8220 = VECTOR('',#8221,1.);
#8221 = DIRECTION('',(1.,0.));
#8222 = ( GEOMETRIC_REPRESENTATION_CONTEXT(2) 
PARAMETRIC_REPRESENTATION_CONTEXT() REPRESENTATION_CONTEXT('2D SPACE',''
  ) );
#8223 = PCURVE('',#8224,#8247);
#8224 = B_SPLINE_SURFACE_WITH_KNOTS('',1,10,(
    (#8225,#8226,#8227,#8228,#8229,#8230,#8231,#8232,#8233,#8234,#8235)
    ,(#8236,#8237,#8238,#8239,#8240,#8241,#8242,#8243,#8244,#8245,#8246
    )),.UNSPECIFIED.,.F.,.F.,.F.,(2,2),(11,11),(0.,0.49),(0.,
    6.322058019692),.PIECEWISE_BEZIER_KNOTS.);
#8225 = CARTESIAN_POINT('',(1.576112810054,2.6546778961E-07,
    -6.562504658438));
#8226 = CARTESIAN_POINT('',(1.576113471043,-0.990352057768,
    -6.632502518253));
#8227 = CARTESIAN_POINT('',(0.88487479416,-1.980170241734,
    -6.702463707776));
#8228 = CARTESIAN_POINT('',(-0.499004839862,-2.426283884822,
    -6.772617264184));
#8229 = CARTESIAN_POINT('',(-2.079908027322,-1.801112775705,
    -6.842387669813));
#8230 = CARTESIAN_POINT('',(-2.916353946485,7.10696675193E-06,
    -6.912503882215));
#8231 = CARTESIAN_POINT('',(-2.079963492308,1.801101101841,
    -6.982620093956));
#8232 = CARTESIAN_POINT('',(-0.49895258416,2.426287994976,
    -7.052390500014));
#8233 = CARTESIAN_POINT('',(0.884855840105,1.980169800255,
    -7.122544056257));
#8234 = CARTESIAN_POINT('',(1.576112563235,0.990352500214,
    -7.192505245804));
#8235 = CARTESIAN_POINT('',(1.576113168645,1.7697842444E-07,
    -7.262503105624));
#8236 = CARTESIAN_POINT('',(2.000462245584,-3.185441567E-08,
    -6.317499441013));
#8237 = CARTESIAN_POINT('',(2.000464103738,-1.256921800277,
    -6.387499697811));
#8238 = CARTESIAN_POINT('',(1.123189658792,-2.513874370939,
    -6.457504354653));
#8239 = CARTESIAN_POINT('',(-0.633641582507,-3.078242834695,
    -6.527485929642));
#8240 = CARTESIAN_POINT('',(-2.639359644397,-2.287283135292,
    -6.597513477983));
#8241 = CARTESIAN_POINT('',(-3.702148263684,2.861360596782E-05,
    -6.667499534885));
#8242 = CARTESIAN_POINT('',(-2.639568433911,2.287241059578,
    -6.737485589234));
#8243 = CARTESIAN_POINT('',(-0.633440336946,3.078259003988,
    -6.807513139248));
#8244 = CARTESIAN_POINT('',(1.123119811512,2.513871719272,
    -6.877494713576));
#8245 = CARTESIAN_POINT('',(2.000461743469,1.256921747186,
    -6.947499370531));
#8246 = CARTESIAN_POINT('',(2.00046360829,-2.123656951E-08,
    -7.017499627337));
#8247 = DEFINITIONAL_REPRESENTATION('',(#8248),#8252);
#8248 = LINE('',#8249,#8250);
#8249 = CARTESIAN_POINT('',(0.,0.));
#8250 = VECTOR('',#8251,1.);
#8251 = DIRECTION('',(1.,0.));
#8252 = ( GEOMETRIC_REPRESENTATION_CONTEXT(2) 
PARAMETRIC_REPRESENTATION_CONTEXT() REPRESENTATION_CONTEXT('2D SPACE',''
  ) );
#8253 = ADVANCED_FACE('',(#8254),#7791,.T.);
#8254 = FACE_BOUND('',#8255,.T.);
#8255 = EDGE_LOOP('',(#8256,#8433,#8434,#8550,#8595));
#8256 = ORIENTED_EDGE('',*,*,#8257,.F.);
#8257 = EDGE_CURVE('',#7319,#8258,#8260,.T.);
#8258 = VERTEX_POINT('',#8259);
#8259 = CARTESIAN_POINT('',(-1.951925309678,-0.109601940855,-7.3));
#8260 = SURFACE_CURVE('',#8261,(#8309,#8360),.PCURVE_S1.);
#8261 = B_SPLINE_CURVE_WITH_KNOTS('',6,(#8262,#8263,#8264,#8265,#8266,
    #8267,#8268,#8269,#8270,#8271,#8272,#8273,#8274,#8275,#8276,#8277,
    #8278,#8279,#8280,#8281,#8282,#8283,#8284,#8285,#8286,#8287,#8288,
    #8289,#8290,#8291,#8292,#8293,#8294,#8295,#8296,#8297,#8298,#8299,
    #8300,#8301,#8302,#8303,#8304,#8305,#8306,#8307,#8308),
  .UNSPECIFIED.,.F.,.F.,(7,5,5,5,5,5,5,5,5,7),(0.,4.891359026622E-02,
    0.114075652215,0.258656623629,0.464537045694,0.536910280383,
    0.651875100646,0.759808411745,0.817204079965,1.),.UNSPECIFIED.);
#8262 = CARTESIAN_POINT('',(1.955,1.12954E-12,-6.956247826104));
#8263 = CARTESIAN_POINT('',(1.955,-4.917448309305E-02,-6.959050144959));
#8264 = CARTESIAN_POINT('',(1.95351572229,-9.834903010395E-02,
    -6.961852311765));
#8265 = CARTESIAN_POINT('',(1.950547174911,-0.147467454866,
    -6.964654435155));
#8266 = CARTESIAN_POINT('',(1.946097179872,-0.19647379972,
    -6.967456602897));
#8267 = CARTESIAN_POINT('',(1.940171373151,-0.245312335509,
    -6.970258881887));
#8268 = CARTESIAN_POINT('',(1.922929119842,-0.358692146557,
    -6.976794688052));
#8269 = CARTESIAN_POINT('',(1.910475808284,-0.423060767426,
    -6.98052834481));
#8270 = CARTESIAN_POINT('',(1.895438315214,-0.486902004999,
    -6.984262381427));
#8271 = CARTESIAN_POINT('',(1.877845267596,-0.550086660172,
    -6.987996826985));
#8272 = CARTESIAN_POINT('',(1.857733874162,-0.612487753933,
    -6.99173164664));
#8273 = CARTESIAN_POINT('',(1.785040871907,-0.810420115848,
    -7.003754135325));
#8274 = CARTESIAN_POINT('',(1.722755785301,-0.942397854861,
    -7.012043446022));
#8275 = CARTESIAN_POINT('',(1.648797375441,-1.068536282133,
    -7.020332642574));
#8276 = CARTESIAN_POINT('',(1.563869331138,-1.187566849038,
    -7.02862040724));
#8277 = CARTESIAN_POINT('',(1.468841905672,-1.29832817003,
    -7.036906342353));
#8278 = CARTESIAN_POINT('',(1.216567883266,-1.544288958681,
    -7.056983776604));
#8279 = CARTESIAN_POINT('',(1.049971188512,-1.669990220154,
    -7.068776196959));
#8280 = CARTESIAN_POINT('',(0.868039873783,-1.773881898541,
    -7.080559281275));
#8281 = CARTESIAN_POINT('',(0.674372229197,-1.853787375652,
    -7.092340400448));
#8282 = CARTESIAN_POINT('',(0.472893889535,-1.908202430614,
    -7.104127413183));
#8283 = CARTESIAN_POINT('',(0.195794267362,-1.946531150048,
    -7.120058954664));
#8284 = CARTESIAN_POINT('',(0.123275678482,-1.953281574158,
    -7.124203194695));
#8285 = CARTESIAN_POINT('',(5.04921913347E-02,-1.956788289523,
    -7.128347979323));
#8286 = CARTESIAN_POINT('',(-2.237522614073E-02,-1.957039884885,
    -7.132493340141));
#8287 = CARTESIAN_POINT('',(-9.514525613747E-02,-1.954038445236,
    -7.136639272826));
#8288 = CARTESIAN_POINT('',(-0.282788081381,-1.937889075058,
    -7.147372392092));
#8289 = CARTESIAN_POINT('',(-0.397239649784,-1.919808946042,
    -7.153960568958));
#8290 = CARTESIAN_POINT('',(-0.510260492256,-1.893622353996,
    -7.160549778216));
#8291 = CARTESIAN_POINT('',(-0.621136923823,-1.859477023776,
    -7.167139860826));
#8292 = CARTESIAN_POINT('',(-0.729177604533,-1.817603736992,
    -7.173730573828));
#8293 = CARTESIAN_POINT('',(-0.931866649925,-1.722040589188,
    -7.186508681884));
#8294 = CARTESIAN_POINT('',(-1.026934117723,-1.669228184462,
    -7.19269635452));
#8295 = CARTESIAN_POINT('',(-1.118373269232,-1.610136315227,
    -7.198883606516));
#8296 = CARTESIAN_POINT('',(-1.205670486446,-1.545080977126,
    -7.20507030567));
#8297 = CARTESIAN_POINT('',(-1.28835026766,-1.474433100879,
    -7.211256420625));
#8298 = CARTESIAN_POINT('',(-1.407259154105,-1.35829901771,
    -7.220730793152));
#8299 = CARTESIAN_POINT('',(-1.447111726703,-1.316519695243,
    -7.224019708687));
#8300 = CARTESIAN_POINT('',(-1.485471478735,-1.273341645683,
    -7.22730840827));
#8301 = CARTESIAN_POINT('',(-1.522277525924,-1.228831794641,
    -7.230596895651));
#8302 = CARTESIAN_POINT('',(-1.557473040884,-1.183060548261,
    -7.233885183235));
#8303 = CARTESIAN_POINT('',(-1.697799925536,-0.986545753577,
    -7.247645386915));
#8304 = CARTESIAN_POINT('',(-1.78774156478,-0.824919105217,
    -7.258117366409));
#8305 = CARTESIAN_POINT('',(-1.859082529137,-0.653649129211,
    -7.268586246438));
#8306 = CARTESIAN_POINT('',(-1.910624713513,-0.47541906127,
    -7.279055496232));
#8307 = CARTESIAN_POINT('',(-1.941624380774,-0.29307111455,
    -7.289528137036));
#8308 = CARTESIAN_POINT('',(-1.951925899912,-0.109591428735,-7.3000006)
  );
#8309 = PCURVE('',#7791,#8310);
#8310 = DEFINITIONAL_REPRESENTATION('',(#8311),#8359);
#8311 = B_SPLINE_CURVE_WITH_KNOTS('',6,(#8312,#8313,#8314,#8315,#8316,
    #8317,#8318,#8319,#8320,#8321,#8322,#8323,#8324,#8325,#8326,#8327,
    #8328,#8329,#8330,#8331,#8332,#8333,#8334,#8335,#8336,#8337,#8338,
    #8339,#8340,#8341,#8342,#8343,#8344,#8345,#8346,#8347,#8348,#8349,
    #8350,#8351,#8352,#8353,#8354,#8355,#8356,#8357,#8358),
  .UNSPECIFIED.,.F.,.F.,(7,5,5,5,5,5,5,5,5,7),(0.,4.891359026622E-02,
    0.114075652215,0.258656623629,0.464537045694,0.536910280383,
    0.651875100646,0.759808411745,0.817204079965,1.),.UNSPECIFIED.);
#8312 = CARTESIAN_POINT('',(5.250434783853E-02,0.));
#8313 = CARTESIAN_POINT('',(5.250426787467E-02,2.530881375742E-02));
#8314 = CARTESIAN_POINT('',(5.250450153296E-02,5.061767048577E-02));
#8315 = CARTESIAN_POINT('',(5.250485376205E-02,7.592667054244E-02));
#8316 = CARTESIAN_POINT('',(5.250516086393E-02,0.101235867383));
#8317 = CARTESIAN_POINT('',(5.250529049393E-02,0.126545267559));
#8318 = CARTESIAN_POINT('',(5.250494338702E-02,0.185571908406));
#8319 = CARTESIAN_POINT('',(5.250425171694E-02,0.219289348829));
#8320 = CARTESIAN_POINT('',(5.250286123084E-02,0.253007064307));
#8321 = CARTESIAN_POINT('',(5.250068997142E-02,0.286724947363));
#8322 = CARTESIAN_POINT('',(5.249777944371E-02,0.320442870727));
#8323 = CARTESIAN_POINT('',(5.248656251006E-02,0.428973462337));
#8324 = CARTESIAN_POINT('',(5.247597385197E-02,0.503790651204));
#8325 = CARTESIAN_POINT('',(5.246404780276E-02,0.578600769697));
#8326 = CARTESIAN_POINT('',(5.245449698176E-02,0.653408682378));
#8327 = CARTESIAN_POINT('',(5.244948348883E-02,0.728220561117));
#8328 = CARTESIAN_POINT('',(5.244932184318E-02,0.909549409782));
#8329 = CARTESIAN_POINT('',(5.24592123117E-02,1.016097452803));
#8330 = CARTESIAN_POINT('',(5.248070312338E-02,1.122613560618));
#8331 = CARTESIAN_POINT('',(5.250682526711E-02,1.229132831901));
#8332 = CARTESIAN_POINT('',(5.252881494739E-02,1.335686669949));
#8333 = CARTESIAN_POINT('',(5.25486509049E-02,1.479662141331));
#8334 = CARTESIAN_POINT('',(5.255290169309E-02,1.517110087658));
#8335 = CARTESIAN_POINT('',(5.255609107086E-02,1.554558159591));
#8336 = CARTESIAN_POINT('',(5.255813690792E-02,1.592006271591));
#8337 = CARTESIAN_POINT('',(5.255902784844E-02,1.629454333338));
#8338 = CARTESIAN_POINT('',(5.255849840336E-02,1.726388232313));
#8339 = CARTESIAN_POINT('',(5.255540981733E-02,1.785875480343));
#8340 = CARTESIAN_POINT('',(5.254977472526E-02,1.845360553331));
#8341 = CARTESIAN_POINT('',(5.254225654288E-02,1.904845010583));
#8342 = CARTESIAN_POINT('',(5.253371283078E-02,1.964330530191));
#8343 = CARTESIAN_POINT('',(5.251670993182E-02,2.079659380215));
#8344 = CARTESIAN_POINT('',(5.250827338478E-02,2.135505319877));
#8345 = CARTESIAN_POINT('',(5.250030484363E-02,2.19134957377));
#8346 = CARTESIAN_POINT('',(5.249338562475E-02,2.247193573005));
#8347 = CARTESIAN_POINT('',(5.248790552639E-02,2.303038794609));
#8348 = CARTESIAN_POINT('',(5.248186385362E-02,2.388579416209));
#8349 = CARTESIAN_POINT('',(5.248020198729E-02,2.41827579004));
#8350 = CARTESIAN_POINT('',(5.247899127794E-02,2.447972250771));
#8351 = CARTESIAN_POINT('',(5.247822890307E-02,2.477668819554));
#8352 = CARTESIAN_POINT('',(5.247789362377E-02,2.507365512505));
#8353 = CARTESIAN_POINT('',(5.24781119085E-02,2.631641935345));
#8354 = CARTESIAN_POINT('',(5.248220811357E-02,2.726238235368));
#8355 = CARTESIAN_POINT('',(5.248905442987E-02,2.820818961307));
#8356 = CARTESIAN_POINT('',(5.24957000766E-02,2.91540212052));
#8357 = CARTESIAN_POINT('',(5.249978543934E-02,3.010004344143));
#8358 = CARTESIAN_POINT('',(5.250094383919E-02,3.104591744364));
#8359 = ( GEOMETRIC_REPRESENTATION_CONTEXT(2) 
PARAMETRIC_REPRESENTATION_CONTEXT() REPRESENTATION_CONTEXT('2D SPACE',''
  ) );
#8360 = PCURVE('',#238,#8361);
#8361 = DEFINITIONAL_REPRESENTATION('',(#8362),#8432);
#8362 = B_SPLINE_CURVE_WITH_KNOTS('',3,(#8363,#8364,#8365,#8366,#8367,
    #8368,#8369,#8370,#8371,#8372,#8373,#8374,#8375,#8376,#8377,#8378,
    #8379,#8380,#8381,#8382,#8383,#8384,#8385,#8386,#8387,#8388,#8389,
    #8390,#8391,#8392,#8393,#8394,#8395,#8396,#8397,#8398,#8399,#8400,
    #8401,#8402,#8403,#8404,#8405,#8406,#8407,#8408,#8409,#8410,#8411,
    #8412,#8413,#8414,#8415,#8416,#8417,#8418,#8419,#8420,#8421,#8422,
    #8423,#8424,#8425,#8426,#8427,#8428,#8429,#8430,#8431),
  .UNSPECIFIED.,.F.,.F.,(4,1,1,1,1,1,1,1,1,1,1,1,1,1,1,1,1,1,1,1,1,1,1,1
    ,1,1,1,1,1,1,1,1,1,1,1,1,1,1,1,1,1,1,1,1,1,1,1,1,1,1,1,1,1,1,1,1,1,1
    ,1,1,1,1,1,1,1,1,4),(0.,1.515148870468E-02,3.030297740936E-02,
    4.545446611404E-02,6.060595481872E-02,7.57574435234E-02,
    9.090893222808E-02,0.106060420933,0.121211909637,0.136363398342,
    0.151514887047,0.166666375751,0.181817864456,0.196969353161,
    0.212120841866,0.22727233057,0.242423819275,0.25757530798,
    0.272726796684,0.287878285389,0.303029774094,0.318181262798,
    0.333332751503,0.348484240208,0.363635728912,0.378787217617,
    0.393938706322,0.409090195026,0.424241683731,0.439393172436,
    0.45454466114,0.469696149845,0.48484763855,0.499999127254,
    0.515150615959,0.530302104664,0.545453593368,0.560605082073,
    0.575756570778,0.590908059483,0.606059548187,0.621211036892,
    0.636362525597,0.651514014301,0.666665503006,0.681816991711,
    0.696968480415,0.71211996912,0.727271457825,0.742422946529,
    0.757574435234,0.772725923939,0.787877412643,0.803028901348,
    0.818180390053,0.833331878757,0.848483367462,0.863634856167,
    0.878786344871,0.893937833576,0.909089322281,0.924240810985,
    0.93939229969,0.954543788395,0.969695277099,0.984846765804,
    0.999998254509),.UNSPECIFIED.);
#8363 = CARTESIAN_POINT('',(18.849555921539,6.256247826104));
#8364 = CARTESIAN_POINT('',(18.865138850024,6.257983914634));
#8365 = CARTESIAN_POINT('',(18.896304694475,6.261455967642));
#8366 = CARTESIAN_POINT('',(18.943053389538,6.266663952344));
#8367 = CARTESIAN_POINT('',(18.989801969233,6.271872145027));
#8368 = CARTESIAN_POINT('',(19.036550423755,6.277080759433));
#8369 = CARTESIAN_POINT('',(19.083298775112,6.282289936669));
#8370 = CARTESIAN_POINT('',(19.130046973751,6.287499726065));
#8371 = CARTESIAN_POINT('',(19.176795201207,6.292710119982));
#8372 = CARTESIAN_POINT('',(19.223543287917,6.297921024594));
#8373 = CARTESIAN_POINT('',(19.270292529493,6.303132454778));
#8374 = CARTESIAN_POINT('',(19.3170418612,6.308344128637));
#8375 = CARTESIAN_POINT('',(19.363791060731,6.313555836568));
#8376 = CARTESIAN_POINT('',(19.410540127416,6.318767388038));
#8377 = CARTESIAN_POINT('',(19.457289253299,6.323978620903));
#8378 = CARTESIAN_POINT('',(19.504038675984,6.32918939468));
#8379 = CARTESIAN_POINT('',(19.550788461779,6.334399574062));
#8380 = CARTESIAN_POINT('',(19.597538698779,6.339609056084));
#8381 = CARTESIAN_POINT('',(19.644288095778,6.344817621006));
#8382 = CARTESIAN_POINT('',(19.691038487671,6.35002543326));
#8383 = CARTESIAN_POINT('',(19.737792022634,6.355232733487));
#8384 = CARTESIAN_POINT('',(19.784545835094,6.360439240931));
#8385 = CARTESIAN_POINT('',(19.831299359564,6.365644958962));
#8386 = CARTESIAN_POINT('',(19.878052157893,6.37084993449));
#8387 = CARTESIAN_POINT('',(19.92480429236,6.376054295017));
#8388 = CARTESIAN_POINT('',(19.971556039685,6.381258211396));
#8389 = CARTESIAN_POINT('',(20.018307796658,6.386461880497));
#8390 = CARTESIAN_POINT('',(20.065059945787,6.391665502951));
#8391 = CARTESIAN_POINT('',(20.11181272056,6.396869261049));
#8392 = CARTESIAN_POINT('',(20.158566106324,6.402073301342));
#8393 = CARTESIAN_POINT('',(20.205319556178,6.40727769866));
#8394 = CARTESIAN_POINT('',(20.252072332904,6.412482490169));
#8395 = CARTESIAN_POINT('',(20.298821420962,6.41768744822));
#8396 = CARTESIAN_POINT('',(20.345570163063,6.422893016315));
#8397 = CARTESIAN_POINT('',(20.392318862152,6.428099302641));
#8398 = CARTESIAN_POINT('',(20.439067483838,6.43330632134));
#8399 = CARTESIAN_POINT('',(20.485816170962,6.438514079369));
#8400 = CARTESIAN_POINT('',(20.532564752208,6.443722557448));
#8401 = CARTESIAN_POINT('',(20.57931381206,6.448931774434));
#8402 = CARTESIAN_POINT('',(20.626062778207,6.454141604037));
#8403 = CARTESIAN_POINT('',(20.672811645582,6.459351967361));
#8404 = CARTESIAN_POINT('',(20.719560517039,6.464562783446));
#8405 = CARTESIAN_POINT('',(20.766309526999,6.469773965049));
#8406 = CARTESIAN_POINT('',(20.81305876275,6.47498541381));
#8407 = CARTESIAN_POINT('',(20.859807807064,6.480196972621));
#8408 = CARTESIAN_POINT('',(20.906556813594,6.48540854981));
#8409 = CARTESIAN_POINT('',(20.953306135214,6.490620080448));
#8410 = CARTESIAN_POINT('',(21.000055346142,6.495831421973));
#8411 = CARTESIAN_POINT('',(21.046804546421,6.501042502219));
#8412 = CARTESIAN_POINT('',(21.093553831318,6.506253261687));
#8413 = CARTESIAN_POINT('',(21.140303275255,6.511463653262));
#8414 = CARTESIAN_POINT('',(21.187052677797,6.516673617633));
#8415 = CARTESIAN_POINT('',(21.233801755063,6.521883098464));
#8416 = CARTESIAN_POINT('',(21.280550859789,6.527092139857));
#8417 = CARTESIAN_POINT('',(21.327300036893,6.532300755893));
#8418 = CARTESIAN_POINT('',(21.374048736853,6.537508908473));
#8419 = CARTESIAN_POINT('',(21.420799129373,6.542716888808));
#8420 = CARTESIAN_POINT('',(21.46755087494,6.547924713012));
#8421 = CARTESIAN_POINT('',(21.514302503387,6.553132282854));
#8422 = CARTESIAN_POINT('',(21.561053635756,6.558339624507));
#8423 = CARTESIAN_POINT('',(21.607804171886,6.563546800459));
#8424 = CARTESIAN_POINT('',(21.654554314404,6.568753909209));
#8425 = CARTESIAN_POINT('',(21.701304385803,6.573961061729));
#8426 = CARTESIAN_POINT('',(21.748054707952,6.579168364118));
#8427 = CARTESIAN_POINT('',(21.794805474084,6.5843758998));
#8428 = CARTESIAN_POINT('',(21.841556586679,6.589583708432));
#8429 = CARTESIAN_POINT('',(21.888307600444,6.594791779455));
#8430 = CARTESIAN_POINT('',(21.919474003223,6.598263920792));
#8431 = CARTESIAN_POINT('',(21.935056792432,6.6));
#8432 = ( GEOMETRIC_REPRESENTATION_CONTEXT(2) 
PARAMETRIC_REPRESENTATION_CONTEXT() REPRESENTATION_CONTEXT('2D SPACE',''
  ) );
#8433 = ORIENTED_EDGE('',*,*,#7778,.T.);
#8434 = ORIENTED_EDGE('',*,*,#8435,.T.);
#8435 = EDGE_CURVE('',#7663,#8436,#8438,.T.);
#8436 = VERTEX_POINT('',#8437);
#8437 = CARTESIAN_POINT('',(1.576114603069,1.76977993E-07,
    -7.437503105618));
#8438 = SURFACE_CURVE('',#8439,(#8451,#8458),.PCURVE_S1.);
#8439 = B_SPLINE_CURVE_WITH_KNOTS('',10,(#8440,#8441,#8442,#8443,#8444,
    #8445,#8446,#8447,#8448,#8449,#8450),.UNSPECIFIED.,.F.,.F.,(11,11),(
    0.,6.322058019692),.PIECEWISE_BEZIER_KNOTS.);
#8440 = CARTESIAN_POINT('',(1.576114961692,2.654669195E-07,
    -6.737504658425));
#8441 = CARTESIAN_POINT('',(1.576114634174,-0.99035318412,
    -6.807502518252));
#8442 = CARTESIAN_POINT('',(0.884857402609,-1.980171806861,
    -6.877463707989));
#8443 = CARTESIAN_POINT('',(-0.498952470618,-2.426290890249,
    -6.947617263495));
#8444 = CARTESIAN_POINT('',(-2.079965352069,-1.801103738922,
    -7.017387670653));
#8445 = CARTESIAN_POINT('',(-2.916357266748,-7.92693145429E-06,
    -7.08750388183));
#8446 = CARTESIAN_POINT('',(-2.079910895977,1.801114246984,
    -7.157620093695));
#8447 = CARTESIAN_POINT('',(-0.499006090552,2.426286499122,
    -7.227390500398));
#8448 = CARTESIAN_POINT('',(0.884875245373,1.980172745302,-7.29754405609
    ));
#8449 = CARTESIAN_POINT('',(1.576114986165,0.990353626565,-7.36750524579
    ));
#8450 = CARTESIAN_POINT('',(1.576114603069,1.7697800375E-07,
    -7.437503105618));
#8451 = PCURVE('',#7791,#8452);
#8452 = DEFINITIONAL_REPRESENTATION('',(#8453),#8457);
#8453 = LINE('',#8454,#8455);
#8454 = CARTESIAN_POINT('',(0.49,0.));
#8455 = VECTOR('',#8456,1.);
#8456 = DIRECTION('',(0.,1.));
#8457 = ( GEOMETRIC_REPRESENTATION_CONTEXT(2) 
PARAMETRIC_REPRESENTATION_CONTEXT() REPRESENTATION_CONTEXT('2D SPACE',''
  ) );
#8458 = PCURVE('',#8459,#8544);
#8459 = ( BOUNDED_SURFACE() B_SPLINE_SURFACE(6,11,(
    (#8460,#8461,#8462,#8463,#8464,#8465,#8466,#8467,#8468,#8469,#8470
      ,#8471)
    ,(#8472,#8473,#8474,#8475,#8476,#8477,#8478,#8479,#8480,#8481,#8482
      ,#8483)
    ,(#8484,#8485,#8486,#8487,#8488,#8489,#8490,#8491,#8492,#8493,#8494
      ,#8495)
    ,(#8496,#8497,#8498,#8499,#8500,#8501,#8502,#8503,#8504,#8505,#8506
      ,#8507)
    ,(#8508,#8509,#8510,#8511,#8512,#8513,#8514,#8515,#8516,#8517,#8518
      ,#8519)
    ,(#8520,#8521,#8522,#8523,#8524,#8525,#8526,#8527,#8528,#8529,#8530
      ,#8531)
    ,(#8532,#8533,#8534,#8535,#8536,#8537,#8538,#8539,#8540,#8541,#8542
,#8543
    )),.UNSPECIFIED.,.F.,.F.,.F.) B_SPLINE_SURFACE_WITH_KNOTS((7,7),(12,
    12),(0.,2.094395102393),(0.,6.322058019692),
.PIECEWISE_BEZIER_KNOTS.) GEOMETRIC_REPRESENTATION_ITEM() 
RATIONAL_B_SPLINE_SURFACE((
    (1.056590953773,1.056590953773,1.056590953773,1.056590953772
      ,1.056590953774,1.056590953772,1.056590953774,1.056590953772
      ,1.056590953774,1.056590953773,1.056590953773,1.056590953773)
    ,(1.017435169568,1.017435169568,1.017435169569,1.017435169567
      ,1.017435169569,1.017435169567,1.01743516957,1.017435169567
      ,1.017435169569,1.017435169568,1.017435169568,1.017435169568)
    ,(0.996326512422,0.996326512422,0.996326512422,0.996326512421
      ,0.996326512423,0.996326512421,0.996326512423,0.996326512421
      ,0.996326512423,0.996326512422,0.996326512422,0.996326512422)
    ,(0.989390034249,0.989390034249,0.989390034249,0.989390034248
      ,0.98939003425,0.989390034247,0.98939003425,0.989390034248
      ,0.989390034249,0.989390034248,0.989390034249,0.989390034249)
    ,(0.996326512422,0.996326512422,0.996326512422,0.996326512422
      ,0.996326512423,0.996326512421,0.996326512423,0.996326512422
      ,0.996326512422,0.996326512422,0.996326512422,0.996326512422)
    ,(1.017435169568,1.017435169568,1.017435169569,1.017435169567
      ,1.01743516957,1.017435169567,1.01743516957,1.017435169567
      ,1.017435169569,1.017435169568,1.017435169568,1.017435169568)
    ,(1.056590953773,1.056590953773,1.056590953773,1.056590953772
      ,1.056590953774,1.056590953772,1.056590953774,1.056590953772
      ,1.056590953774,1.056590953773,1.056590953773,1.056590953773
))) REPRESENTATION_ITEM('') SURFACE() );
#8460 = CARTESIAN_POINT('',(1.576114961692,2.6546692222E-07,
    -6.737504658425));
#8461 = CARTESIAN_POINT('',(1.576114663949,-0.90032105234,
    -6.801139076449));
#8462 = CARTESIAN_POINT('',(1.01054053562,-1.800204784544,
    -6.864743491673));
#8463 = CARTESIAN_POINT('',(-0.121529166483,-2.307155609486,
    -6.928581803068));
#8464 = CARTESIAN_POINT('',(-1.505132550496,-2.018491249163,
    -6.991634255713));
#8465 = CARTESIAN_POINT('',(-2.536034528176,-0.836461541577,
    -7.056315658519));
#8466 = CARTESIAN_POINT('',(-2.53629896648,0.836457670406,
    -7.118692105454));
#8467 = CARTESIAN_POINT('',(-1.504955447776,2.018496339341,
    -7.183373508468));
#8468 = CARTESIAN_POINT('',(-0.121604519464,2.307152671876,
    -7.246425960877));
#8469 = CARTESIAN_POINT('',(1.010555198245,1.800205632805,
    -7.310264272398));
#8470 = CARTESIAN_POINT('',(1.576114951338,0.900321494785,
    -7.373868687593));
#8471 = CARTESIAN_POINT('',(1.576114603069,1.7697800275E-07,
    -7.437503105618));
#8472 = CARTESIAN_POINT('',(1.544396828485,2.8769022908E-07,
    -6.719192705645));
#8473 = CARTESIAN_POINT('',(1.544396637467,-0.882207602281,
    -6.782826960794));
#8474 = CARTESIAN_POINT('',(0.990202601144,-1.763943475733,
    -6.846428701476));
#8475 = CARTESIAN_POINT('',(-0.119079677808,-2.260836062986,
    -6.910283918797));
#8476 = CARTESIAN_POINT('',(-1.47484251442,-1.977642692727,
    -6.97328748973));
#8477 = CARTESIAN_POINT('',(-2.485015260546,-0.819952473811,
    -7.038056377248));
#8478 = CARTESIAN_POINT('',(-2.485224427074,0.819949204137,
    -7.100327351188));
#8479 = CARTESIAN_POINT('',(-1.474702641095,1.977646593964,
    -7.16509623887));
#8480 = CARTESIAN_POINT('',(-0.119139450906,2.260833730089,
    -7.228099809617));
#8481 = CARTESIAN_POINT('',(0.990214047111,1.763944229603,
    -7.291955027038));
#8482 = CARTESIAN_POINT('',(1.544396790686,0.882208081765,
    -7.355556767696));
#8483 = CARTESIAN_POINT('',(1.544396544912,1.9179352512E-07,
    -7.419191022846));
#8484 = CARTESIAN_POINT('',(1.522044746977,3.0335114715E-07,
    -6.688198747078));
#8485 = CARTESIAN_POINT('',(1.522044724059,-0.869442896426,
    -6.751832887447));
#8486 = CARTESIAN_POINT('',(0.975871849625,-1.738389874268,
    -6.815432743353));
#8487 = CARTESIAN_POINT('',(-0.117361223768,-2.228193975458,
    -6.87929987444));
#8488 = CARTESIAN_POINT('',(-1.453478497648,-1.948856929382,
    -6.942268997981));
#8489 = CARTESIAN_POINT('',(-2.449088848137,-0.80831806358,
    -7.007099536759));
#8490 = CARTESIAN_POINT('',(-2.44920444538,0.808315870858,
    -7.069296182961));
#8491 = CARTESIAN_POINT('',(-1.453401589813,1.948858853192,
    -7.13412672183));
#8492 = CARTESIAN_POINT('',(-0.117394573703,2.228192668903,
    -7.197095845267));
#8493 = CARTESIAN_POINT('',(0.975877893065,1.738390444916,
    -7.260962976411));
#8494 = CARTESIAN_POINT('',(1.522044671082,0.869443402012,
    -7.324562832302));
#8495 = CARTESIAN_POINT('',(1.522044590428,2.0223410885E-07,
    -7.388196972673));
#8496 = CARTESIAN_POINT('',(1.51396544344,3.0901178993E-07,
    -6.650005422551));
#8497 = CARTESIAN_POINT('',(1.513965619882,-0.864829043031,
    -6.713639521432));
#8498 = CARTESIAN_POINT('',(0.970694282174,-1.72915351106,
    -6.777238696075));
#8499 = CARTESIAN_POINT('',(-0.116751603369,-2.216394916109,
    -6.841110133458));
#8500 = CARTESIAN_POINT('',(-1.445728987916,-1.938453051571,
    -6.904066805817));
#8501 = CARTESIAN_POINT('',(-2.436143851615,-0.804112272797,
    -6.968919628718));
#8502 = CARTESIAN_POINT('',(-2.436144133319,0.804111443764,
    -7.031089408866));
#8503 = CARTESIAN_POINT('',(-1.445729642024,1.938452560327,
    -7.095942231767));
#8504 = CARTESIAN_POINT('',(-0.116752359333,2.216394876059,
    -7.158898904124));
#8505 = CARTESIAN_POINT('',(0.970693694167,1.72915384135,-7.222770341512
    ));
#8506 = CARTESIAN_POINT('',(1.513965325794,0.86482955805,-7.28636951615)
  );
#8507 = CARTESIAN_POINT('',(1.513965443422,2.0600783573E-07,
    -7.350003615033));
#8508 = CARTESIAN_POINT('',(1.522043807795,3.033515269E-07,
    -6.611811899364));
#8509 = CARTESIAN_POINT('',(1.522044177132,-0.869442449473,
    -6.675446039728));
#8510 = CARTESIAN_POINT('',(0.975877968417,-1.738389225918,
    -6.739045895557));
#8511 = CARTESIAN_POINT('',(-0.117393770953,-2.228191565282,
    -6.802913027115));
#8512 = CARTESIAN_POINT('',(-1.453400200735,-1.948858327474,
    -6.865882149347));
#8513 = CARTESIAN_POINT('',(-2.44920290924,-0.808316277347,
    -6.930712690374));
#8514 = CARTESIAN_POINT('',(-2.449087865089,0.808316842376,
    -6.992909333974));
#8515 = CARTESIAN_POINT('',(-1.453478392817,1.948855439175,
    -7.05773987491));
#8516 = CARTESIAN_POINT('',(-0.117361905251,2.228192793203,
    -7.120708997244));
#8517 = CARTESIAN_POINT('',(0.975870770507,1.738389303751,
    -7.184576128752));
#8518 = CARTESIAN_POINT('',(1.522043652708,0.869442955059,
    -7.248175984587));
#8519 = CARTESIAN_POINT('',(1.522043964307,2.0223429337E-07,
    -7.311810124955));
#8520 = CARTESIAN_POINT('',(1.544395127151,2.8769091676E-07,
    -6.580817391166));
#8521 = CARTESIAN_POINT('',(1.544395646704,-0.882206792622,
    -6.644451646306));
#8522 = CARTESIAN_POINT('',(0.990213685381,-1.763942301243,
    -6.708053386848));
#8523 = CARTESIAN_POINT('',(-0.119138637263,-2.260831696936,
    -6.771908605022));
#8524 = CARTESIAN_POINT('',(-1.474700679007,-1.977645225381,
    -6.834912173585));
#8525 = CARTESIAN_POINT('',(-2.485221883044,-0.819949238038,
    -6.899681065177));
#8526 = CARTESIAN_POINT('',(-2.485013241049,0.819950964047,
    -6.961952034403));
#8527 = CARTESIAN_POINT('',(-1.474841770283,1.97764040945,
    -7.026720925831));
#8528 = CARTESIAN_POINT('',(-0.119080271773,2.260833955258,
    -7.089724494578));
#8529 = CARTESIAN_POINT('',(0.990201144545,1.763942162375,
    -7.153579712659));
#8530 = CARTESIAN_POINT('',(1.544394945893,0.882207272107,
    -7.217181453216));
#8531 = CARTESIAN_POINT('',(1.544395410689,1.9179386096E-07,
    -7.280815708361));
#8532 = CARTESIAN_POINT('',(1.576112810054,2.6546778797E-07,
    -6.562504658438));
#8533 = CARTESIAN_POINT('',(1.576113410954,-0.900320028383,
    -6.626139076452));
#8534 = CARTESIAN_POINT('',(1.010554553593,-1.800203299195,
    -6.689743491499));
#8535 = CARTESIAN_POINT('',(-0.121603731116,-2.307150087845,
    -6.753581803972));
#8536 = CARTESIAN_POINT('',(-1.504953174592,-2.01849445215,
    -6.816634253619));
#8537 = CARTESIAN_POINT('',(-2.536295838779,-0.836457449371,
    -6.881315661579));
#8538 = CARTESIAN_POINT('',(-2.536031884491,0.836459896122,
    -6.943692102551));
#8539 = CARTESIAN_POINT('',(-1.50513140118,2.018488517933,
    -7.008373510303));
#8540 = CARTESIAN_POINT('',(-0.12152967701,2.307152956642,
    -7.071425960183));
#8541 = CARTESIAN_POINT('',(1.010538880674,1.80020301843,-7.135264272538
    ));
#8542 = CARTESIAN_POINT('',(1.576112618272,0.900320470829,
    -7.198868687606));
#8543 = CARTESIAN_POINT('',(1.576113168645,1.7697842636E-07,
    -7.262503105624));
#8544 = DEFINITIONAL_REPRESENTATION('',(#8545),#8549);
#8545 = LINE('',#8546,#8547);
#8546 = CARTESIAN_POINT('',(0.,0.));
#8547 = VECTOR('',#8548,1.);
#8548 = DIRECTION('',(0.,1.));
#8549 = ( GEOMETRIC_REPRESENTATION_CONTEXT(2) 
PARAMETRIC_REPRESENTATION_CONTEXT() REPRESENTATION_CONTEXT('2D SPACE',''
  ) );
#8550 = ORIENTED_EDGE('',*,*,#8551,.F.);
#8551 = EDGE_CURVE('',#8552,#8436,#8554,.T.);
#8552 = VERTEX_POINT('',#8553);
#8553 = CARTESIAN_POINT('',(1.729145904038,5.2748503E-08,-7.525854095962
    ));
#8554 = SURFACE_CURVE('',#8555,(#8558,#8565),.PCURVE_S1.);
#8555 = B_SPLINE_CURVE_WITH_KNOTS('',1,(#8556,#8557),.UNSPECIFIED.,.F.,
  .F.,(2,2),(0.,0.49),.PIECEWISE_BEZIER_KNOTS.);
#8556 = CARTESIAN_POINT('',(2.000469059104,-2.123817642E-08,
    -7.682499627314));
#8557 = CARTESIAN_POINT('',(1.576114603069,1.7697800375E-07,
    -7.437503105618));
#8558 = PCURVE('',#7791,#8559);
#8559 = DEFINITIONAL_REPRESENTATION('',(#8560),#8564);
#8560 = LINE('',#8561,#8562);
#8561 = CARTESIAN_POINT('',(0.,6.322058019692));
#8562 = VECTOR('',#8563,1.);
#8563 = DIRECTION('',(1.,0.));
#8564 = ( GEOMETRIC_REPRESENTATION_CONTEXT(2) 
PARAMETRIC_REPRESENTATION_CONTEXT() REPRESENTATION_CONTEXT('2D SPACE',''
  ) );
#8565 = PCURVE('',#8566,#8589);
#8566 = B_SPLINE_SURFACE_WITH_KNOTS('',1,10,(
    (#8567,#8568,#8569,#8570,#8571,#8572,#8573,#8574,#8575,#8576,#8577)
    ,(#8578,#8579,#8580,#8581,#8582,#8583,#8584,#8585,#8586,#8587,#8588
    )),.UNSPECIFIED.,.F.,.F.,.F.,(2,2),(11,11),(0.,0.49),(0.,
    6.322058019692),.PIECEWISE_BEZIER_KNOTS.);
#8567 = CARTESIAN_POINT('',(2.000469059104,-2.123818794E-08,
    -7.682499627314));
#8568 = CARTESIAN_POINT('',(2.000467167607,-1.256925213771,
    -7.752499884151));
#8569 = CARTESIAN_POINT('',(1.123122819018,-2.513878598594,
    -7.822504541662));
#8570 = CARTESIAN_POINT('',(-0.633442130887,-3.078267365048,
    -7.892486113786));
#8571 = CARTESIAN_POINT('',(-2.639575669537,-2.287247248346,
    -7.962513667099));
#8572 = CARTESIAN_POINT('',(-3.702158357286,-2.8534868325E-05,
    -8.032499719774));
#8573 = CARTESIAN_POINT('',(-2.63936678316,2.287289435939,
    -8.102485775012));
#8574 = CARTESIAN_POINT('',(-0.633643245498,3.078251222747,
    -8.172513326647));
#8575 = CARTESIAN_POINT('',(1.123192772992,2.513881202548,
    -8.242494899433));
#8576 = CARTESIAN_POINT('',(2.000469581228,1.256925181914,
    -8.312499556832));
#8577 = CARTESIAN_POINT('',(2.000467696403,-1.061894735E-08,
    -8.38249981366));
#8578 = CARTESIAN_POINT('',(1.576114603069,1.7697799399E-07,
    -7.437503105618));
#8579 = CARTESIAN_POINT('',(1.576114219974,-0.99035304733,
    -7.507500965447));
#8580 = CARTESIAN_POINT('',(0.8848570901,-1.980171405525,-7.577462155136
    ));
#8581 = CARTESIAN_POINT('',(-0.498952493321,-2.426290311172,
    -7.647615710807));
#8582 = CARTESIAN_POINT('',(-2.0799649801,-1.801103211497,
    -7.717386117725));
#8583 = CARTESIAN_POINT('',(-2.916356602673,-7.76293345234E-06,
    -7.787502329026));
#8584 = CARTESIAN_POINT('',(-2.079910322227,1.80111395271,
    -7.857618541003));
#8585 = CARTESIAN_POINT('',(-0.499005840413,2.426285976244,
    -7.927388947475));
#8586 = CARTESIAN_POINT('',(0.884875155126,1.980172244573,
    -7.997542503327));
#8587 = CARTESIAN_POINT('',(1.576114683127,0.990353312798,
    -8.067503692981));
#8588 = CARTESIAN_POINT('',(1.576114244454,8.848912354E-08,
    -8.137501552811));
#8589 = DEFINITIONAL_REPRESENTATION('',(#8590),#8594);
#8590 = LINE('',#8591,#8592);
#8591 = CARTESIAN_POINT('',(0.,0.));
#8592 = VECTOR('',#8593,1.);
#8593 = DIRECTION('',(1.,0.));
#8594 = ( GEOMETRIC_REPRESENTATION_CONTEXT(2) 
PARAMETRIC_REPRESENTATION_CONTEXT() REPRESENTATION_CONTEXT('2D SPACE',''
  ) );
#8595 = ORIENTED_EDGE('',*,*,#8596,.T.);
#8596 = EDGE_CURVE('',#8552,#8258,#8597,.T.);
#8597 = SURFACE_CURVE('',#8598,(#8637,#8679),.PCURVE_S1.);
#8598 = B_SPLINE_CURVE_WITH_KNOTS('',7,(#8599,#8600,#8601,#8602,#8603,
    #8604,#8605,#8606,#8607,#8608,#8609,#8610,#8611,#8612,#8613,#8614,
    #8615,#8616,#8617,#8618,#8619,#8620,#8621,#8622,#8623,#8624,#8625,
    #8626,#8627,#8628,#8629,#8630,#8631,#8632,#8633,#8634,#8635,#8636),
  .UNSPECIFIED.,.F.,.F.,(8,6,6,6,6,6,8),(0.,0.145397342284,0.27400131851
    ,0.406019659184,0.531757731864,0.765407665945,1.),.UNSPECIFIED.);
#8599 = CARTESIAN_POINT('',(1.729145899728,-2.5E-16,-7.525854100272));
#8600 = CARTESIAN_POINT('',(1.734021928686,0.11937736593,-7.520978067672
    ));
#8601 = CARTESIAN_POINT('',(1.729274426099,0.239313626189,
    -7.516110334503));
#8602 = CARTESIAN_POINT('',(1.714853574428,0.358860616606,
    -7.511252686906));
#8603 = CARTESIAN_POINT('',(1.690830607921,0.477086509653,
    -7.506405784902));
#8604 = CARTESIAN_POINT('',(1.657383991738,0.593080023098,
    -7.501569311494));
#8605 = CARTESIAN_POINT('',(1.614796476191,0.705957225909,
    -7.496742582279));
#8606 = CARTESIAN_POINT('',(1.518058579939,0.911205143015,
    -7.487665007578));
#8607 = CARTESIAN_POINT('',(1.465807021187,1.004447887745,
    -7.483411624033));
#8608 = CARTESIAN_POINT('',(1.406979115527,1.094015493783,
    -7.479165291696));
#8609 = CARTESIAN_POINT('',(1.341902268396,1.179361817377,
    -7.474925557778));
#8610 = CARTESIAN_POINT('',(1.270957457409,1.259981034465,
    -7.470691967208));
#8611 = CARTESIAN_POINT('',(1.194576164803,1.335410422273,-7.46646433992
    ));
#8612 = CARTESIAN_POINT('',(1.029738953336,1.47690961412,-7.457909683408
    ));
#8613 = CARTESIAN_POINT('',(0.941009770881,1.542683855028,
    -7.453582633292));
#8614 = CARTESIAN_POINT('',(0.847567851854,1.602103934671,
    -7.449262266759));
#8615 = CARTESIAN_POINT('',(0.749971967154,1.654783707998,
    -7.444948764155));
#8616 = CARTESIAN_POINT('',(0.648814568417,1.700399156379,
    -7.440642286117));
#8617 = CARTESIAN_POINT('',(0.544717778599,1.738689704009,
    -7.436343128232));
#8618 = CARTESIAN_POINT('',(0.337007848352,1.798775318702,
    -7.427964735282));
#8619 = CARTESIAN_POINT('',(0.233599688194,1.821270323531,
    -7.423884463958));
#8620 = CARTESIAN_POINT('',(0.128668536907,1.836784388688,
    -7.419811508854));
#8621 = CARTESIAN_POINT('',(2.278299330015E-02,1.84521107878,
    -7.41574597356));
#8622 = CARTESIAN_POINT('',(-8.348366011218E-02,1.846502289376,
    -7.41168777958));
#8623 = CARTESIAN_POINT('',(-0.189556728784,1.840667879372,
    -7.407636842035));
#8624 = CARTESIAN_POINT('',(-0.490547080299,1.803817965107,
    -7.396079323159));
#8625 = CARTESIAN_POINT('',(-0.68366793835,1.755479344607,
    -7.388587544392));
#8626 = CARTESIAN_POINT('',(-0.870452200092,1.683175040675,
    -7.381122180106));
#8627 = CARTESIAN_POINT('',(-1.047405573166,1.588071831924,
    -7.373679657354));
#8628 = CARTESIAN_POINT('',(-1.211340421286,1.471874876347,
    -7.366256365758));
#8629 = CARTESIAN_POINT('',(-1.359379491177,1.336816075376,
    -7.358850387619));
#8630 = CARTESIAN_POINT('',(-1.619389675249,1.034030424607,
    -7.344053838828));
#8631 = CARTESIAN_POINT('',(-1.731312091368,0.866058497278,
    -7.336657806769));
#8632 = CARTESIAN_POINT('',(-1.822420477116,0.68462714368,
    -7.329283849483));
#8633 = CARTESIAN_POINT('',(-1.890938370159,0.49290520573,
    -7.321931172015));
#8634 = CARTESIAN_POINT('',(-1.935662294495,0.294249131185,
    -7.314599284545));
#8635 = CARTESIAN_POINT('',(-1.955957453057,9.21931372744E-02,
    -7.307287309599));
#8636 = CARTESIAN_POINT('',(-1.951925309678,-0.109601940855,-7.3));
#8637 = PCURVE('',#7791,#8638);
#8638 = DEFINITIONAL_REPRESENTATION('',(#8639),#8678);
#8639 = B_SPLINE_CURVE_WITH_KNOTS('',7,(#8640,#8641,#8642,#8643,#8644,
    #8645,#8646,#8647,#8648,#8649,#8650,#8651,#8652,#8653,#8654,#8655,
    #8656,#8657,#8658,#8659,#8660,#8661,#8662,#8663,#8664,#8665,#8666,
    #8667,#8668,#8669,#8670,#8671,#8672,#8673,#8674,#8675,#8676,#8677),
  .UNSPECIFIED.,.F.,.F.,(8,6,6,6,6,6,8),(0.,0.145397342284,0.27400131851
    ,0.406019659184,0.531757731864,0.765407665945,1.),.UNSPECIFIED.);
#8640 = CARTESIAN_POINT('',(0.313295510609,6.322058019692));
#8641 = CARTESIAN_POINT('',(0.307665301609,6.252594521842));
#8642 = CARTESIAN_POINT('',(0.302047692737,6.183260581482));
#8643 = CARTESIAN_POINT('',(0.296439981635,6.114061886953));
#8644 = CARTESIAN_POINT('',(0.29084047333,6.044998039573));
#8645 = CARTESIAN_POINT('',(0.285248973757,5.976065677286));
#8646 = CARTESIAN_POINT('',(0.279666648749,5.907263613093));
#8647 = CARTESIAN_POINT('',(0.269167343923,5.777866999408));
#8648 = CARTESIAN_POINT('',(0.264247490741,5.717236316639));
#8649 = CARTESIAN_POINT('',(0.259336879362,5.656711653507));
#8650 = CARTESIAN_POINT('',(0.254436185616,5.596291815751));
#8651 = CARTESIAN_POINT('',(0.249545712894,5.535973885454));
#8652 = CARTESIAN_POINT('',(0.244665534311,5.475756405189));
#8653 = CARTESIAN_POINT('',(0.234796442278,5.353932729825));
#8654 = CARTESIAN_POINT('',(0.229807694029,5.292327089419));
#8655 = CARTESIAN_POINT('',(0.224829470786,5.230829210162));
#8656 = CARTESIAN_POINT('',(0.219861055526,5.169437394579));
#8657 = CARTESIAN_POINT('',(0.214901436717,5.108148479581));
#8658 = CARTESIAN_POINT('',(0.209949777431,5.046961345951));
#8659 = CARTESIAN_POINT('',(0.200297111792,4.92770463157));
#8660 = CARTESIAN_POINT('',(0.195595046595,4.869620934669));
#8661 = CARTESIAN_POINT('',(0.19089937127,4.811631943608));
#8662 = CARTESIAN_POINT('',(0.186209694109,4.753736855055));
#8663 = CARTESIAN_POINT('',(0.181525719898,4.695933667718));
#8664 = CARTESIAN_POINT('',(0.176847454573,4.638221685817));
#8665 = CARTESIAN_POINT('',(0.163493688362,4.47353730096));
#8666 = CARTESIAN_POINT('',(0.154829715517,4.366750470704));
#8667 = CARTESIAN_POINT('',(0.146190793842,4.260315340373));
#8668 = CARTESIAN_POINT('',(0.13757814103,4.154205366978));
#8669 = CARTESIAN_POINT('',(0.128992674764,4.048392163407));
#8670 = CARTESIAN_POINT('',(0.120433358828,3.942853701049));
#8671 = CARTESIAN_POINT('',(0.103343165518,3.732044768164));
#8672 = CARTESIAN_POINT('',(9.480601393329E-02,3.626696642979));
#8673 = CARTESIAN_POINT('',(8.629886850327E-02,3.521683513621));
#8674 = CARTESIAN_POINT('',(7.78176188821E-02,3.416979522553));
#8675 = CARTESIAN_POINT('',(6.935771358067E-02,3.312559560036));
#8676 = CARTESIAN_POINT('',(6.091680644925E-02,3.208405083546));
#8677 = CARTESIAN_POINT('',(5.250094418826E-02,3.104586327437));
#8678 = ( GEOMETRIC_REPRESENTATION_CONTEXT(2) 
PARAMETRIC_REPRESENTATION_CONTEXT() REPRESENTATION_CONTEXT('2D SPACE',''
  ) );
#8679 = PCURVE('',#8680,#8685);
#8680 = CONICAL_SURFACE('',#8681,1.955,0.785398163397);
#8681 = AXIS2_PLACEMENT_3D('',#8682,#8683,#8684);
#8682 = CARTESIAN_POINT('',(0.,0.,-7.3));
#8683 = DIRECTION('',(0.,0.,1.));
#8684 = DIRECTION('',(1.,0.,0.));
#8685 = DEFINITIONAL_REPRESENTATION('',(#8686),#8725);
#8686 = B_SPLINE_CURVE_WITH_KNOTS('',7,(#8687,#8688,#8689,#8690,#8691,
    #8692,#8693,#8694,#8695,#8696,#8697,#8698,#8699,#8700,#8701,#8702,
    #8703,#8704,#8705,#8706,#8707,#8708,#8709,#8710,#8711,#8712,#8713,
    #8714,#8715,#8716,#8717,#8718,#8719,#8720,#8721,#8722,#8723,#8724),
  .UNSPECIFIED.,.F.,.F.,(8,6,6,6,6,6,8),(0.,0.145397342284,0.27400131851
    ,0.406019659184,0.531757731864,0.765407665945,1.),.UNSPECIFIED.);
#8687 = CARTESIAN_POINT('',(0.,-0.225854100272));
#8688 = CARTESIAN_POINT('',(6.903834196333E-02,-0.220978069493));
#8689 = CARTESIAN_POINT('',(0.137945585069,-0.216110331921));
#8690 = CARTESIAN_POINT('',(0.206714131396,-0.211252687291));
#8691 = CARTESIAN_POINT('',(0.275346735263,-0.206405786561));
#8692 = CARTESIAN_POINT('',(0.343848923825,-0.201569310429));
#8693 = CARTESIAN_POINT('',(0.412222538991,-0.196742582279));
#8694 = CARTESIAN_POINT('',(0.540816801981,-0.187665007578));
#8695 = CARTESIAN_POINT('',(0.601072893602,-0.183411624033));
#8696 = CARTESIAN_POINT('',(0.661225395256,-0.179165291696));
#8697 = CARTESIAN_POINT('',(0.721275406186,-0.174925557778));
#8698 = CARTESIAN_POINT('',(0.781225421957,-0.170691967208));
#8699 = CARTESIAN_POINT('',(0.841076351251,-0.16646433992));
#8700 = CARTESIAN_POINT('',(0.962158995262,-0.157909683408));
#8701 = CARTESIAN_POINT('',(1.023390174797,-0.153582633292));
#8702 = CARTESIAN_POINT('',(1.084513992549,-0.149262266759));
#8703 = CARTESIAN_POINT('',(1.145531657998,-0.144948764155));
#8704 = CARTESIAN_POINT('',(1.206446054723,-0.140642286117));
#8705 = CARTESIAN_POINT('',(1.267258283301,-0.136343128232));
#8706 = CARTESIAN_POINT('',(1.385782579502,-0.127964735282));
#8707 = CARTESIAN_POINT('',(1.44350875813,-0.123884463958));
#8708 = CARTESIAN_POINT('',(1.50114013568,-0.119811508854));
#8709 = CARTESIAN_POINT('',(1.558677759636,-0.11574597356));
#8710 = CARTESIAN_POINT('',(1.616123925002,-0.11168777958));
#8711 = CARTESIAN_POINT('',(1.673479612916,-0.107636842035));
#8712 = CARTESIAN_POINT('',(1.837148335465,-9.607932315877E-02));
#8713 = CARTESIAN_POINT('',(1.943277843674,-8.858754439203E-02));
#8714 = CARTESIAN_POINT('',(2.049060396608,-8.112218010634E-02));
#8715 = CARTESIAN_POINT('',(2.154522834634,-7.367965735435E-02));
#8716 = CARTESIAN_POINT('',(2.259691749744,-6.625636575808E-02));
#8717 = CARTESIAN_POINT('',(2.364587140298,-5.885038761892E-02));
#8718 = CARTESIAN_POINT('',(2.574108160112,-4.405383882824E-02));
#8719 = CARTESIAN_POINT('',(2.678810946522,-3.665780667244E-02));
#8720 = CARTESIAN_POINT('',(2.78317784697,-2.928384982289E-02));
#8721 = CARTESIAN_POINT('',(2.887233764482,-2.193117147701E-02));
#8722 = CARTESIAN_POINT('',(2.99100485956,-1.459928500722E-02));
#8723 = CARTESIAN_POINT('',(3.094511157433,-7.287309403931E-03));
#8724 = CARTESIAN_POINT('',(3.197684436287,0.));
#8725 = ( GEOMETRIC_REPRESENTATION_CONTEXT(2) 
PARAMETRIC_REPRESENTATION_CONTEXT() REPRESENTATION_CONTEXT('2D SPACE',''
  ) );
#8726 = ADVANCED_FACE('',(#8727),#7686,.T.);
#8727 = FACE_BOUND('',#8728,.T.);
#8728 = EDGE_LOOP('',(#8729,#8730,#8731,#8732));
#8729 = ORIENTED_EDGE('',*,*,#7662,.F.);
#8730 = ORIENTED_EDGE('',*,*,#7827,.T.);
#8731 = ORIENTED_EDGE('',*,*,#7855,.T.);
#8732 = ORIENTED_EDGE('',*,*,#8733,.F.);
#8733 = EDGE_CURVE('',#7663,#7856,#8734,.T.);
#8734 = SURFACE_CURVE('',#8735,(#8743,#8750),.PCURVE_S1.);
#8735 = ( BOUNDED_CURVE() B_SPLINE_CURVE(6,(#8736,#8737,#8738,#8739,
#8740,#8741,#8742),.UNSPECIFIED.,.F.,.F.) B_SPLINE_CURVE_WITH_KNOTS((7,7
),(0.,2.094395102393),.PIECEWISE_BEZIER_KNOTS.) CURVE() 
GEOMETRIC_REPRESENTATION_ITEM() RATIONAL_B_SPLINE_CURVE((1.056590953773,
    1.017435169568,0.996326512422,0.989390034249,0.996326512422,
1.017435169568,1.056590953773)) REPRESENTATION_ITEM('') );
#8736 = CARTESIAN_POINT('',(1.576114961692,2.6546692111E-07,
    -6.737504658425));
#8737 = CARTESIAN_POINT('',(1.544396828485,2.8769022986E-07,
    -6.719192705645));
#8738 = CARTESIAN_POINT('',(1.522044746977,3.0335114881E-07,
    -6.688198747078));
#8739 = CARTESIAN_POINT('',(1.513965443441,3.0901178949E-07,
    -6.650005422551));
#8740 = CARTESIAN_POINT('',(1.522043807795,3.0335152817E-07,
    -6.611811899364));
#8741 = CARTESIAN_POINT('',(1.544395127151,2.8769092031E-07,
    -6.580817391166));
#8742 = CARTESIAN_POINT('',(1.576112810054,2.6546779186E-07,
    -6.562504658438));
#8743 = PCURVE('',#7686,#8744);
#8744 = DEFINITIONAL_REPRESENTATION('',(#8745),#8749);
#8745 = LINE('',#8746,#8747);
#8746 = CARTESIAN_POINT('',(0.,6.322058019692));
#8747 = VECTOR('',#8748,1.);
#8748 = DIRECTION('',(1.,0.));
#8749 = ( GEOMETRIC_REPRESENTATION_CONTEXT(2) 
PARAMETRIC_REPRESENTATION_CONTEXT() REPRESENTATION_CONTEXT('2D SPACE',''
  ) );
#8750 = PCURVE('',#8459,#8751);
#8751 = DEFINITIONAL_REPRESENTATION('',(#8752),#8756);
#8752 = LINE('',#8753,#8754);
#8753 = CARTESIAN_POINT('',(0.,0.));
#8754 = VECTOR('',#8755,1.);
#8755 = DIRECTION('',(1.,0.));
#8756 = ( GEOMETRIC_REPRESENTATION_CONTEXT(2) 
PARAMETRIC_REPRESENTATION_CONTEXT() REPRESENTATION_CONTEXT('2D SPACE',''
  ) );
#8757 = ADVANCED_FACE('',(#8758),#8224,.T.);
#8758 = FACE_BOUND('',#8759,.T.);
#8759 = EDGE_LOOP('',(#8760,#8792,#8793,#9106));
#8760 = ORIENTED_EDGE('',*,*,#8761,.F.);
#8761 = EDGE_CURVE('',#7856,#8762,#8764,.T.);
#8762 = VERTEX_POINT('',#8763);
#8763 = CARTESIAN_POINT('',(1.576113168645,1.76978415E-07,
    -7.262503105624));
#8764 = SURFACE_CURVE('',#8765,(#8778,#8785),.PCURVE_S1.);
#8765 = ( BOUNDED_CURVE() B_SPLINE_CURVE(11,(#8766,#8767,#8768,#8769,
    #8770,#8771,#8772,#8773,#8774,#8775,#8776,#8777),.UNSPECIFIED.,.F.,
.F.) B_SPLINE_CURVE_WITH_KNOTS((12,12),(0.,6.322058019692),
.PIECEWISE_BEZIER_KNOTS.) CURVE() GEOMETRIC_REPRESENTATION_ITEM() 
RATIONAL_B_SPLINE_CURVE((1.056590953773,1.056590953773,1.056590953773,
    1.056590953772,1.056590953774,1.056590953772,1.056590953774,
    1.056590953772,1.056590953774,1.056590953773,1.056590953773,
1.056590953773)) REPRESENTATION_ITEM('') );
#8766 = CARTESIAN_POINT('',(1.576112810054,2.6546778797E-07,
    -6.562504658438));
#8767 = CARTESIAN_POINT('',(1.576113410954,-0.900320028383,
    -6.626139076452));
#8768 = CARTESIAN_POINT('',(1.010554553593,-1.800203299195,
    -6.689743491499));
#8769 = CARTESIAN_POINT('',(-0.121603731116,-2.307150087845,
    -6.753581803972));
#8770 = CARTESIAN_POINT('',(-1.504953174592,-2.01849445215,
    -6.816634253619));
#8771 = CARTESIAN_POINT('',(-2.536295838779,-0.836457449371,
    -6.881315661579));
#8772 = CARTESIAN_POINT('',(-2.536031884491,0.836459896122,
    -6.943692102551));
#8773 = CARTESIAN_POINT('',(-1.50513140118,2.018488517933,
    -7.008373510303));
#8774 = CARTESIAN_POINT('',(-0.12152967701,2.307152956642,
    -7.071425960183));
#8775 = CARTESIAN_POINT('',(1.010538880674,1.80020301843,-7.135264272538
    ));
#8776 = CARTESIAN_POINT('',(1.576112618272,0.900320470829,
    -7.198868687606));
#8777 = CARTESIAN_POINT('',(1.576113168645,1.7697842636E-07,
    -7.262503105624));
#8778 = PCURVE('',#8224,#8779);
#8779 = DEFINITIONAL_REPRESENTATION('',(#8780),#8784);
#8780 = LINE('',#8781,#8782);
#8781 = CARTESIAN_POINT('',(0.,0.));
#8782 = VECTOR('',#8783,1.);
#8783 = DIRECTION('',(0.,1.));
#8784 = ( GEOMETRIC_REPRESENTATION_CONTEXT(2) 
PARAMETRIC_REPRESENTATION_CONTEXT() REPRESENTATION_CONTEXT('2D SPACE',''
  ) );
#8785 = PCURVE('',#8459,#8786);
#8786 = DEFINITIONAL_REPRESENTATION('',(#8787),#8791);
#8787 = LINE('',#8788,#8789);
#8788 = CARTESIAN_POINT('',(2.094395102393,0.));
#8789 = VECTOR('',#8790,1.);
#8790 = DIRECTION('',(0.,1.));
#8791 = ( GEOMETRIC_REPRESENTATION_CONTEXT(2) 
PARAMETRIC_REPRESENTATION_CONTEXT() REPRESENTATION_CONTEXT('2D SPACE',''
  ) );
#8792 = ORIENTED_EDGE('',*,*,#8211,.T.);
#8793 = ORIENTED_EDGE('',*,*,#8794,.T.);
#8794 = EDGE_CURVE('',#7889,#8795,#8797,.T.);
#8795 = VERTEX_POINT('',#8796);
#8796 = CARTESIAN_POINT('',(1.955,-2.11E-13,-7.043748550693));
#8797 = SURFACE_CURVE('',#8798,(#8881,#8967),.PCURVE_S1.);
#8798 = B_SPLINE_CURVE_WITH_KNOTS('',6,(#8799,#8800,#8801,#8802,#8803,
    #8804,#8805,#8806,#8807,#8808,#8809,#8810,#8811,#8812,#8813,#8814,
    #8815,#8816,#8817,#8818,#8819,#8820,#8821,#8822,#8823,#8824,#8825,
    #8826,#8827,#8828,#8829,#8830,#8831,#8832,#8833,#8834,#8835,#8836,
    #8837,#8838,#8839,#8840,#8841,#8842,#8843,#8844,#8845,#8846,#8847,
    #8848,#8849,#8850,#8851,#8852,#8853,#8854,#8855,#8856,#8857,#8858,
    #8859,#8860,#8861,#8862,#8863,#8864,#8865,#8866,#8867,#8868,#8869,
    #8870,#8871,#8872,#8873,#8874,#8875,#8876,#8877,#8878,#8879,#8880),
  .UNSPECIFIED.,.F.,.F.,(7,5,5,5,5,5,5,5,5,5,5,5,5,5,5,5,7),(0.,
    3.090757753009E-02,4.790737058969E-02,0.128906619301,0.195682362856,
    0.262683823902,0.298690784145,0.358693864749,0.403364706853,
    0.495140338672,0.598980190805,0.692176598387,0.737178063936,
    0.769910593622,0.874736221132,0.978707560519,1.),.UNSPECIFIED.);
#8799 = CARTESIAN_POINT('',(1.955,-1.10401E-12,-6.343747826027));
#8800 = CARTESIAN_POINT('',(1.955,-6.327373107307E-02,-6.347353620025));
#8801 = CARTESIAN_POINT('',(1.952542553523,-0.126547607121,
    -6.350959781335));
#8802 = CARTESIAN_POINT('',(1.947627704406,-0.189701783767,
    -6.354566083084));
#8803 = CARTESIAN_POINT('',(1.940263183303,-0.252617206184,
    -6.358172341051));
#8804 = CARTESIAN_POINT('',(1.930464407678,-0.3151756091,-6.361778413668
    ));
#8805 = CARTESIAN_POINT('',(1.911538775516,-0.411406922296,
    -6.36736745857));
#8806 = CARTESIAN_POINT('',(1.904093630993,-0.445410851685,
    -6.369350631788));
#8807 = CARTESIAN_POINT('',(1.895922885131,-0.479251811199,
    -6.371333708037));
#8808 = CARTESIAN_POINT('',(1.887031058941,-0.512910480502,
    -6.373316679004));
#8809 = CARTESIAN_POINT('',(1.877423357564,-0.546367712673,
    -6.375299541696));
#8810 = CARTESIAN_POINT('',(1.817944782421,-0.737968672213,
    -6.386729578525));
#8811 = CARTESIAN_POINT('',(1.7526599635,-0.89134631461,-6.396175474657)
  );
#8812 = CARTESIAN_POINT('',(1.671893313201,-1.037647150831,
    -6.405617943797));
#8813 = CARTESIAN_POINT('',(1.576639032605,-1.174957908163,
    -6.415061095715));
#8814 = CARTESIAN_POINT('',(1.468170101712,-1.30153702521,
    -6.424508098531));
#8815 = CARTESIAN_POINT('',(1.24906979006,-1.510144901539,
    -6.441746973442));
#8816 = CARTESIAN_POINT('',(1.142149099695,-1.596106689816,
    -6.449539254169));
#8817 = CARTESIAN_POINT('',(1.028194607645,-1.672923877039,
    -6.457333434276));
#8818 = CARTESIAN_POINT('',(0.908191553256,-1.739899114252,
    -6.465129528741));
#8819 = CARTESIAN_POINT('',(0.783206973391,-1.796468619815,
    -6.47292700311));
#8820 = CARTESIAN_POINT('',(0.525137162509,-1.888139342449,
    -6.48854757509));
#8821 = CARTESIAN_POINT('',(0.392012819578,-1.923172020651,
    -6.496371456699));
#8822 = CARTESIAN_POINT('',(0.25617587507,-1.946910828016,
    -6.504193987852));
#8823 = CARTESIAN_POINT('',(0.118821861767,-1.959118638237,
    -6.512014747607));
#8824 = CARTESIAN_POINT('',(-1.883308521025E-02,-1.959715372072,
    -6.519833868272));
#8825 = CARTESIAN_POINT('',(-0.229041474639,-1.942935558139,
    -6.531851356966));
#8826 = CARTESIAN_POINT('',(-0.302255692317,-1.933745429611,
    -6.53605154242));
#8827 = CARTESIAN_POINT('',(-0.375015997448,-1.921245754199,
    -6.540251174689));
#8828 = CARTESIAN_POINT('',(-0.447136079064,-1.90546563308,
    -6.544450298803));
#8829 = CARTESIAN_POINT('',(-0.518432354844,-1.886448130638,
    -6.548648987525));
#8830 = CARTESIAN_POINT('',(-0.705860032818,-1.82725909986,
    -6.559843604323));
#8831 = CARTESIAN_POINT('',(-0.820210853222,-1.78143438526,
    -6.56683916456));
#8832 = CARTESIAN_POINT('',(-0.930936210552,-1.727041837672,
    -6.573833993178));
#8833 = CARTESIAN_POINT('',(-1.037240884108,-1.664447630909,
    -6.58082889165));
#8834 = CARTESIAN_POINT('',(-1.138381716387,-1.594114653895,
    -6.587824599602));
#8835 = CARTESIAN_POINT('',(-1.304617978037,-1.458890050231,
    -6.600029480964));
#8836 = CARTESIAN_POINT('',(-1.372322546286,-1.397198441319,
    -6.605238562491));
#8837 = CARTESIAN_POINT('',(-1.436507458579,-1.331752551751,
    -6.610448151742));
#8838 = CARTESIAN_POINT('',(-1.496915344628,-1.262805220891,
    -6.615658358983));
#8839 = CARTESIAN_POINT('',(-1.553313577409,-1.190632218396,
    -6.620869232053));
#8840 = CARTESIAN_POINT('',(-1.712702437682,-0.961236439348,
    -6.636787247907));
#8841 = CARTESIAN_POINT('',(-1.802133957743,-0.794551445631,
    -6.647498033082));
#8842 = CARTESIAN_POINT('',(-1.871953567259,-0.618095971178,
    -6.658208325016));
#8843 = CARTESIAN_POINT('',(-1.920932311813,-0.434760193886,
    -6.668918701953));
#8844 = CARTESIAN_POINT('',(-1.948337579311,-0.247597546073,
    -6.679630029207));
#8845 = CARTESIAN_POINT('',(-1.960587998342,0.152672350135,
    -6.702453503623));
#8846 = CARTESIAN_POINT('',(-1.939367968005,0.366060687674,
    -6.714570545947));
#8847 = CARTESIAN_POINT('',(-1.890254490769,0.575697356213,
    -6.726681104291));
#8848 = CARTESIAN_POINT('',(-1.814175004837,0.777122756434,
    -6.738790471386));
#8849 = CARTESIAN_POINT('',(-1.712844370991,0.966115911001,
    -6.750905317961));
#8850 = CARTESIAN_POINT('',(-1.477856305648,1.293973460096,
    -6.773891279859));
#8851 = CARTESIAN_POINT('',(-1.348526981912,1.43606027915,
    -6.784767389341));
#8852 = CARTESIAN_POINT('',(-1.202956683988,1.562426261661,
    -6.795643836883));
#8853 = CARTESIAN_POINT('',(-1.043574273467,1.67085200863,
    -6.806522919762));
#8854 = CARTESIAN_POINT('',(-0.873146000087,1.759557371317,
    -6.81740509204));
#8855 = CARTESIAN_POINT('',(-0.608699502976,1.860106773562,
    -6.833537281435));
#8856 = CARTESIAN_POINT('',(-0.520735348904,1.887979494036,
    -6.838790218059));
#8857 = CARTESIAN_POINT('',(-0.431265038626,1.910851488427,
    -6.844042637003));
#8858 = CARTESIAN_POINT('',(-0.340644065526,1.928624752243,
    -6.849294403282));
#8859 = CARTESIAN_POINT('',(-0.249235549158,1.941235141166,
    -6.854545428183));
#8860 = CARTESIAN_POINT('',(-9.061659931052E-02,1.954048079326,
    -6.863614277956));
#8861 = CARTESIAN_POINT('',(-2.36024970802E-02,1.956696184358,
    -6.867432570539));
#8862 = CARTESIAN_POINT('',(4.349195227171E-02,1.956585643095,
    -6.871250379546));
#8863 = CARTESIAN_POINT('',(0.110525094382,1.953714736937,
    -6.875067701182));
#8864 = CARTESIAN_POINT('',(0.17735549817,1.948091458731,-6.878884557869
    ));
#8865 = CARTESIAN_POINT('',(0.456764229566,1.912967267139,
    -6.894923113736));
#8866 = CARTESIAN_POINT('',(0.66622624314,1.858145792094,-6.907144642692
    ));
#8867 = CARTESIAN_POINT('',(0.867458844876,1.775838572777,
    -6.919359171642));
#8868 = CARTESIAN_POINT('',(1.056080039344,1.667710902499,
    -6.931575811664));
#8869 = CARTESIAN_POINT('',(1.228080685963,1.536195248388,
    -6.943803139112));
#8870 = CARTESIAN_POINT('',(1.530838987899,1.234448231355,
    -6.968161992322));
#8871 = CARTESIAN_POINT('',(1.662010645926,1.064452173932,
    -6.980300469315));
#8872 = CARTESIAN_POINT('',(1.770256544875,0.878003927343,
    -6.992440046362));
#8873 = CARTESIAN_POINT('',(1.853184431188,0.679001335079,
    -7.004579112127));
#8874 = CARTESIAN_POINT('',(1.909142299292,0.4717042833,-7.016714860874)
  );
#8875 = CARTESIAN_POINT('',(1.943345949321,0.217558176655,-7.03132877803
    ));
#8876 = CARTESIAN_POINT('',(1.948004083451,0.17420256157,-7.033812756373
    ));
#8877 = CARTESIAN_POINT('',(1.951501167777,0.130730007589,
    -7.036296666522));
#8878 = CARTESIAN_POINT('',(1.953833720983,8.717937167144E-02,
    -7.038780559019));
#8879 = CARTESIAN_POINT('',(1.955,4.358965440327E-02,-7.041264495898));
#8880 = CARTESIAN_POINT('',(1.955,-3.9901E-13,-7.043748550693));
#8881 = PCURVE('',#8224,#8882);
#8882 = DEFINITIONAL_REPRESENTATION('',(#8883),#8966);
#8883 = B_SPLINE_CURVE_WITH_KNOTS('',6,(#8884,#8885,#8886,#8887,#8888,
    #8889,#8890,#8891,#8892,#8893,#8894,#8895,#8896,#8897,#8898,#8899,
    #8900,#8901,#8902,#8903,#8904,#8905,#8906,#8907,#8908,#8909,#8910,
    #8911,#8912,#8913,#8914,#8915,#8916,#8917,#8918,#8919,#8920,#8921,
    #8922,#8923,#8924,#8925,#8926,#8927,#8928,#8929,#8930,#8931,#8932,
    #8933,#8934,#8935,#8936,#8937,#8938,#8939,#8940,#8941,#8942,#8943,
    #8944,#8945,#8946,#8947,#8948,#8949,#8950,#8951,#8952,#8953,#8954,
    #8955,#8956,#8957,#8958,#8959,#8960,#8961,#8962,#8963,#8964,#8965),
  .UNSPECIFIED.,.F.,.F.,(7,5,5,5,5,5,5,5,5,5,5,5,5,5,5,5,7),(0.,
    3.090757753009E-02,4.790737058969E-02,0.128906619301,0.195682362856,
    0.262683823902,0.298690784145,0.358693864749,0.403364706853,
    0.495140338672,0.598980190805,0.692176598387,0.737178063936,
    0.769910593622,0.874736221132,0.978707560519,1.),.UNSPECIFIED.);
#8884 = CARTESIAN_POINT('',(0.4375043479,0.));
#8885 = CARTESIAN_POINT('',(0.437504245006,3.256530515017E-02));
#8886 = CARTESIAN_POINT('',(0.437503421676,6.513067429443E-02));
#8887 = CARTESIAN_POINT('',(0.437502380478,9.769632797768E-02));
#8888 = CARTESIAN_POINT('',(0.437501512897,0.130262370294));
#8889 = CARTESIAN_POINT('',(0.437501099333,0.162828788884));
#8890 = CARTESIAN_POINT('',(0.437501424474,0.213307780263));
#8891 = CARTESIAN_POINT('',(0.437501726351,0.231220195131));
#8892 = CARTESIAN_POINT('',(0.43750223893,0.249132685712));
#8893 = CARTESIAN_POINT('',(0.4375029753,0.267045236029));
#8894 = CARTESIAN_POINT('',(0.437503937436,0.284957827968));
#8895 = CARTESIAN_POINT('',(0.437510732699,0.38821902256));
#8896 = CARTESIAN_POINT('',(0.437521257144,0.473577267791));
#8897 = CARTESIAN_POINT('',(0.437535934424,0.558923314913));
#8898 = CARTESIAN_POINT('',(0.437548490549,0.644265950329));
#8899 = CARTESIAN_POINT('',(0.437555167565,0.729616816914));
#8900 = CARTESIAN_POINT('',(0.437555555259,0.885311664867));
#8901 = CARTESIAN_POINT('',(0.437551332998,0.95566867119));
#8902 = CARTESIAN_POINT('',(0.437542323467,1.026021213329));
#8903 = CARTESIAN_POINT('',(0.437529585621,1.096374208198));
#8904 = CARTESIAN_POINT('',(0.437515195575,1.166732204259));
#8905 = CARTESIAN_POINT('',(0.437486699825,1.307680896538));
#8906 = CARTESIAN_POINT('',(0.437472597322,1.378278687896));
#8907 = CARTESIAN_POINT('',(0.437460520083,1.448873428241));
#8908 = CARTESIAN_POINT('',(0.437452171792,1.519469009694));
#8909 = CARTESIAN_POINT('',(0.437448095622,1.590069080149));
#8910 = CARTESIAN_POINT('',(0.437447938086,1.698604455721));
#8911 = CARTESIAN_POINT('',(0.437449035074,1.736543432707));
#8912 = CARTESIAN_POINT('',(0.43745122511,1.774482349663));
#8913 = CARTESIAN_POINT('',(0.437454398409,1.812421117492));
#8914 = CARTESIAN_POINT('',(0.437458394403,1.850359668237));
#8915 = CARTESIAN_POINT('',(0.437470679561,1.951519456358));
#8916 = CARTESIAN_POINT('',(0.437480072571,2.01474235637));
#8917 = CARTESIAN_POINT('',(0.43749025567,2.077962216527));
#8918 = CARTESIAN_POINT('',(0.437500155023,2.141181426083));
#8919 = CARTESIAN_POINT('',(0.437508850511,2.204402509906));
#8920 = CARTESIAN_POINT('',(0.437521110085,2.314686397738));
#8921 = CARTESIAN_POINT('',(0.437525416362,2.361751723558));
#8922 = CARTESIAN_POINT('',(0.43752859064,2.40881652296));
#8923 = CARTESIAN_POINT('',(0.437530561037,2.455881467241));
#8924 = CARTESIAN_POINT('',(0.437531377907,2.502947215868));
#8925 = CARTESIAN_POINT('',(0.437530839402,2.646708526578));
#8926 = CARTESIAN_POINT('',(0.43752628991,2.743422560963));
#8927 = CARTESIAN_POINT('',(0.437518831378,2.840119004067));
#8928 = CARTESIAN_POINT('',(0.43751174948,2.936817915548));
#8929 = CARTESIAN_POINT('',(0.43750746984,3.033538064255));
#8930 = CARTESIAN_POINT('',(0.437504966067,3.239657228334));
#8931 = CARTESIAN_POINT('',(0.437507603694,3.349104345983));
#8932 = CARTESIAN_POINT('',(0.437514862352,3.458513771423));
#8933 = CARTESIAN_POINT('',(0.437523796098,3.5679200028));
#8934 = CARTESIAN_POINT('',(0.437529182476,3.677359702588));
#8935 = CARTESIAN_POINT('',(0.437529412101,3.884958717683));
#8936 = CARTESIAN_POINT('',(0.437525263982,3.983167692661));
#8937 = CARTESIAN_POINT('',(0.437515494987,4.081354337678));
#8938 = CARTESIAN_POINT('',(0.437500580832,4.17954154925));
#8939 = CARTESIAN_POINT('',(0.437484614337,4.277751911018));
#8940 = CARTESIAN_POINT('',(0.437464684863,4.423359966731));
#8941 = CARTESIAN_POINT('',(0.437458784087,4.47077527733));
#8942 = CARTESIAN_POINT('',(0.437453880813,4.518190417075));
#8943 = CARTESIAN_POINT('',(0.437450358404,4.565605897997));
#8944 = CARTESIAN_POINT('',(0.437448498196,4.61302218932));
#8945 = CARTESIAN_POINT('',(0.437448333301,4.694926865433));
#8946 = CARTESIAN_POINT('',(0.437449197492,4.729415721185));
#8947 = CARTESIAN_POINT('',(0.437451037959,4.763904618168));
#8948 = CARTESIAN_POINT('',(0.437453846347,4.798393484372));
#8949 = CARTESIAN_POINT('',(0.437457563299,4.832882254269));
#8950 = CARTESIAN_POINT('',(0.437476538183,4.977820342047));
#8951 = CARTESIAN_POINT('',(0.437499131955,5.088301249771));
#8952 = CARTESIAN_POINT('',(0.437526646601,5.198741158794));
#8953 = CARTESIAN_POINT('',(0.43754914825,5.309177498297));
#8954 = CARTESIAN_POINT('',(0.437558770517,5.419652200213));
#8955 = CARTESIAN_POINT('',(0.43755678849,5.63964051281));
#8956 = CARTESIAN_POINT('',(0.437545423382,5.749217983889));
#8957 = CARTESIAN_POINT('',(0.437524558088,5.85876248662));
#8958 = CARTESIAN_POINT('',(0.437506211711,5.968313747849));
#8959 = CARTESIAN_POINT('',(0.437502075697,6.077899224282));
#8960 = CARTESIAN_POINT('',(0.437502049311,6.209884865376));
#8961 = CARTESIAN_POINT('',(0.43750222757,6.232319749226));
#8962 = CARTESIAN_POINT('',(0.437502508718,6.254754481818));
#8963 = CARTESIAN_POINT('',(0.437502794743,6.277189076998));
#8964 = CARTESIAN_POINT('',(0.437502969477,6.299623570449));
#8965 = CARTESIAN_POINT('',(0.437502898593,6.322058019692));
#8966 = ( GEOMETRIC_REPRESENTATION_CONTEXT(2) 
PARAMETRIC_REPRESENTATION_CONTEXT() REPRESENTATION_CONTEXT('2D SPACE',''
  ) );
#8967 = PCURVE('',#238,#8968);
#8968 = DEFINITIONAL_REPRESENTATION('',(#8969),#9105);
#8969 = B_SPLINE_CURVE_WITH_KNOTS('',3,(#8970,#8971,#8972,#8973,#8974,
    #8975,#8976,#8977,#8978,#8979,#8980,#8981,#8982,#8983,#8984,#8985,
    #8986,#8987,#8988,#8989,#8990,#8991,#8992,#8993,#8994,#8995,#8996,
    #8997,#8998,#8999,#9000,#9001,#9002,#9003,#9004,#9005,#9006,#9007,
    #9008,#9009,#9010,#9011,#9012,#9013,#9014,#9015,#9016,#9017,#9018,
    #9019,#9020,#9021,#9022,#9023,#9024,#9025,#9026,#9027,#9028,#9029,
    #9030,#9031,#9032,#9033,#9034,#9035,#9036,#9037,#9038,#9039,#9040,
    #9041,#9042,#9043,#9044,#9045,#9046,#9047,#9048,#9049,#9050,#9051,
    #9052,#9053,#9054,#9055,#9056,#9057,#9058,#9059,#9060,#9061,#9062,
    #9063,#9064,#9065,#9066,#9067,#9068,#9069,#9070,#9071,#9072,#9073,
    #9074,#9075,#9076,#9077,#9078,#9079,#9080,#9081,#9082,#9083,#9084,
    #9085,#9086,#9087,#9088,#9089,#9090,#9091,#9092,#9093,#9094,#9095,
    #9096,#9097,#9098,#9099,#9100,#9101,#9102,#9103,#9104),
  .UNSPECIFIED.,.F.,.F.,(4,1,1,1,1,1,1,1,1,1,1,1,1,1,1,1,1,1,1,1,1,1,1,1
    ,1,1,1,1,1,1,1,1,1,1,1,1,1,1,1,1,1,1,1,1,1,1,1,1,1,1,1,1,1,1,1,1,1,1
    ,1,1,1,1,1,1,1,1,1,1,1,1,1,1,1,1,1,1,1,1,1,1,1,1,1,1,1,1,1,1,1,1,1,1
    ,1,1,1,1,1,1,1,1,1,1,1,1,1,1,1,1,1,1,1,1,1,1,1,1,1,1,1,1,1,1,1,1,1,1
    ,1,1,1,1,1,1,4),(0.,7.575757575758E-03,1.515151515152E-02,
    2.272727272727E-02,3.030303030303E-02,3.787878787879E-02,
    4.545454545455E-02,5.30303030303E-02,6.060606060606E-02,
    6.818181818182E-02,7.575757575758E-02,8.333333333333E-02,
    9.090909090909E-02,9.848484848485E-02,0.106060606061,0.113636363636,
    0.121212121212,0.128787878788,0.136363636364,0.143939393939,
    0.151515151515,0.159090909091,0.166666666667,0.174242424242,
    0.181818181818,0.189393939394,0.19696969697,0.204545454545,
    0.212121212121,0.219696969697,0.227272727273,0.234848484848,
    0.242424242424,0.25,0.257575757576,0.265151515152,0.272727272727,
    0.280303030303,0.287878787879,0.295454545455,0.30303030303,
    0.310606060606,0.318181818182,0.325757575758,0.333333333333,
    0.340909090909,0.348484848485,0.356060606061,0.363636363636,
    0.371212121212,0.378787878788,0.386363636364,0.393939393939,
    0.401515151515,0.409090909091,0.416666666667,0.424242424242,
    0.431818181818,0.439393939394,0.44696969697,0.454545454545,
    0.462121212121,0.469696969697,0.477272727273,0.484848484848,
    0.492424242424,0.5,0.507575757576,0.515151515152,0.522727272727,
    0.530303030303,0.537878787879,0.545454545455,0.55303030303,
    0.560606060606,0.568181818182,0.575757575758,0.583333333333,
    0.590909090909,0.598484848485,0.606060606061,0.613636363636,
    0.621212121212,0.628787878788,0.636363636364,0.643939393939,
    0.651515151515,0.659090909091,0.666666666667,0.674242424242,
    0.681818181818,0.689393939394,0.69696969697,0.704545454545,
    0.712121212121,0.719696969697,0.727272727273,0.734848484848,
    0.742424242424,0.75,0.757575757576,0.765151515152,0.772727272727,
    0.780303030303,0.787878787879,0.795454545455,0.80303030303,
    0.810606060606,0.818181818182,0.825757575758,0.833333333333,
    0.840909090909,0.848484848485,0.856060606061,0.863636363636,
    0.871212121212,0.878787878788,0.886363636364,0.893939393939,
    0.901515151515,0.909090909091,0.916666666667,0.924242424242,
    0.931818181818,0.939393939394,0.94696969697,0.954545454545,
    0.962121212121,0.969696969697,0.977272727273,0.984848484848,
    0.992424242424,1.),.UNSPECIFIED.);
#8970 = CARTESIAN_POINT('',(12.566370614359,5.643747826027));
#8971 = CARTESIAN_POINT('',(12.582236645661,5.64551546327));
#8972 = CARTESIAN_POINT('',(12.613968673451,5.649050940916));
#8973 = CARTESIAN_POINT('',(12.661566607908,5.654354454333));
#8974 = CARTESIAN_POINT('',(12.70916440521,5.659657931189));
#8975 = CARTESIAN_POINT('',(12.756762130428,5.664961111383));
#8976 = CARTESIAN_POINT('',(12.804359708757,5.670263794707));
#8977 = CARTESIAN_POINT('',(12.851957179469,5.675565867762));
#8978 = CARTESIAN_POINT('',(12.899554907352,5.680867329733));
#8979 = CARTESIAN_POINT('',(12.947154366978,5.686168375174));
#8980 = CARTESIAN_POINT('',(12.994753881508,5.691468906516));
#8981 = CARTESIAN_POINT('',(13.042353188134,5.696769028952));
#8982 = CARTESIAN_POINT('',(13.08995220375,5.702068899851));
#8983 = CARTESIAN_POINT('',(13.137551146508,5.707368728467));
#8984 = CARTESIAN_POINT('',(13.185150305094,5.712668736646));
#8985 = CARTESIAN_POINT('',(13.232749931531,5.717969134179));
#8986 = CARTESIAN_POINT('',(13.28035002183,5.723270083454));
#8987 = CARTESIAN_POINT('',(13.327950409515,5.7285717012));
#8988 = CARTESIAN_POINT('',(13.375549666138,5.73387393148));
#8989 = CARTESIAN_POINT('',(13.423148367792,5.739176905491));
#8990 = CARTESIAN_POINT('',(13.470747889808,5.744480804705));
#8991 = CARTESIAN_POINT('',(13.518347114031,5.749785493405));
#8992 = CARTESIAN_POINT('',(13.565946120402,5.755090932341));
#8993 = CARTESIAN_POINT('',(13.613544984116,5.760397050026));
#8994 = CARTESIAN_POINT('',(13.661143919546,5.765703762657));
#8995 = CARTESIAN_POINT('',(13.708742985202,5.771010945967));
#8996 = CARTESIAN_POINT('',(13.756342212831,5.776318455124));
#8997 = CARTESIAN_POINT('',(13.803940452124,5.781626004883));
#8998 = CARTESIAN_POINT('',(13.851539098963,5.78693359124));
#8999 = CARTESIAN_POINT('',(13.899138015044,5.792241042505));
#9000 = CARTESIAN_POINT('',(13.946736632618,5.797548146896));
#9001 = CARTESIAN_POINT('',(13.994334994321,5.802854775273));
#9002 = CARTESIAN_POINT('',(14.041933262795,5.808160831511));
#9003 = CARTESIAN_POINT('',(14.08953166814,5.813466249442));
#9004 = CARTESIAN_POINT('',(14.137130286584,5.818770970122));
#9005 = CARTESIAN_POINT('',(14.184729067167,5.824074945452));
#9006 = CARTESIAN_POINT('',(14.232327003779,5.829378050245));
#9007 = CARTESIAN_POINT('',(14.279924970067,5.834680384154));
#9008 = CARTESIAN_POINT('',(14.327522945105,5.839982006647));
#9009 = CARTESIAN_POINT('',(14.375120970539,5.845282966756));
#9010 = CARTESIAN_POINT('',(14.422719166745,5.8505833392));
#9011 = CARTESIAN_POINT('',(14.470317363764,5.855883223755));
#9012 = CARTESIAN_POINT('',(14.517916242865,5.861182797675));
#9013 = CARTESIAN_POINT('',(14.565515081026,5.866482095369));
#9014 = CARTESIAN_POINT('',(14.613113831914,5.871781231697));
#9015 = CARTESIAN_POINT('',(14.660712574456,5.877080334545));
#9016 = CARTESIAN_POINT('',(14.708311468818,5.882379536856));
#9017 = CARTESIAN_POINT('',(14.755910570124,5.887678952275));
#9018 = CARTESIAN_POINT('',(14.803509694342,5.89297865688));
#9019 = CARTESIAN_POINT('',(14.851108231484,5.898278662967));
#9020 = CARTESIAN_POINT('',(14.898707021696,5.903579130042));
#9021 = CARTESIAN_POINT('',(14.946305659526,5.908880060341));
#9022 = CARTESIAN_POINT('',(14.993904224982,5.914181491037));
#9023 = CARTESIAN_POINT('',(15.041502839627,5.919483444959));
#9024 = CARTESIAN_POINT('',(15.089101251908,5.924785885983));
#9025 = CARTESIAN_POINT('',(15.136700005802,5.930088844853));
#9026 = CARTESIAN_POINT('',(15.184301193148,5.935392513887));
#9027 = CARTESIAN_POINT('',(15.231902407371,5.94069657247));
#9028 = CARTESIAN_POINT('',(15.279503202372,5.94600089955));
#9029 = CARTESIAN_POINT('',(15.327103307331,5.951305386473));
#9030 = CARTESIAN_POINT('',(15.374702884514,5.956609969443));
#9031 = CARTESIAN_POINT('',(15.422302261459,5.961914602981));
#9032 = CARTESIAN_POINT('',(15.469901816738,5.967219248956));
#9033 = CARTESIAN_POINT('',(15.517501831419,5.972523861537));
#9034 = CARTESIAN_POINT('',(15.565102336722,5.977828372104));
#9035 = CARTESIAN_POINT('',(15.612702981598,5.983132677596));
#9036 = CARTESIAN_POINT('',(15.660302753686,5.98843661438));
#9037 = CARTESIAN_POINT('',(15.707900157718,5.993739985779));
#9038 = CARTESIAN_POINT('',(15.755502034022,5.999043529084));
#9039 = CARTESIAN_POINT('',(15.803104544702,6.004346821302));
#9040 = CARTESIAN_POINT('',(15.850706988189,6.009649791933));
#9041 = CARTESIAN_POINT('',(15.898308717866,6.014952392104));
#9042 = CARTESIAN_POINT('',(15.945909726447,6.020254659683));
#9043 = CARTESIAN_POINT('',(15.993510276944,6.025556677942));
#9044 = CARTESIAN_POINT('',(16.041110809377,6.030858562293));
#9045 = CARTESIAN_POINT('',(16.088711789191,6.036160439452));
#9046 = CARTESIAN_POINT('',(16.136313564233,6.041462427077));
#9047 = CARTESIAN_POINT('',(16.183916254944,6.046764617367));
#9048 = CARTESIAN_POINT('',(16.231519469845,6.052067042592));
#9049 = CARTESIAN_POINT('',(16.279122612207,6.057369707197));
#9050 = CARTESIAN_POINT('',(16.326722883939,6.06267236996));
#9051 = CARTESIAN_POINT('',(16.374321762549,6.067975257617));
#9052 = CARTESIAN_POINT('',(16.421923550129,6.073278891264));
#9053 = CARTESIAN_POINT('',(16.469525189747,6.07858296366));
#9054 = CARTESIAN_POINT('',(16.517126485606,6.083887461996));
#9055 = CARTESIAN_POINT('',(16.564727149468,6.089192346897));
#9056 = CARTESIAN_POINT('',(16.612327375415,6.094497615805));
#9057 = CARTESIAN_POINT('',(16.659927489754,6.099803264119));
#9058 = CARTESIAN_POINT('',(16.707527861636,6.105109274563));
#9059 = CARTESIAN_POINT('',(16.755128745324,6.110415599558));
#9060 = CARTESIAN_POINT('',(16.802730142932,6.115722147002));
#9061 = CARTESIAN_POINT('',(16.850331619283,6.121028763089));
#9062 = CARTESIAN_POINT('',(16.897932212711,6.126335227216));
#9063 = CARTESIAN_POINT('',(16.945529896973,6.131641205141));
#9064 = CARTESIAN_POINT('',(16.993128121795,6.136946961417));
#9065 = CARTESIAN_POINT('',(17.040726086058,6.142252293934));
#9066 = CARTESIAN_POINT('',(17.088324016193,6.147557122942));
#9067 = CARTESIAN_POINT('',(17.135921975587,6.152861361896));
#9068 = CARTESIAN_POINT('',(17.183519979923,6.158164936434));
#9069 = CARTESIAN_POINT('',(17.231117789337,6.163467757341));
#9070 = CARTESIAN_POINT('',(17.27871571956,6.168769830225));
#9071 = CARTESIAN_POINT('',(17.326313569102,6.174071128743));
#9072 = CARTESIAN_POINT('',(17.373911704099,6.179371692363));
#9073 = CARTESIAN_POINT('',(17.421509269149,6.184671477918));
#9074 = CARTESIAN_POINT('',(17.469111081929,6.189971090739));
#9075 = CARTESIAN_POINT('',(17.516714430959,6.195270328959));
#9076 = CARTESIAN_POINT('',(17.564317950243,6.200569158185));
#9077 = CARTESIAN_POINT('',(17.61192089308,6.205867629784));
#9078 = CARTESIAN_POINT('',(17.659523074913,6.211165873617));
#9079 = CARTESIAN_POINT('',(17.707124667774,6.216464070731));
#9080 = CARTESIAN_POINT('',(17.754726058422,6.221762431333));
#9081 = CARTESIAN_POINT('',(17.802327704391,6.227061171195));
#9082 = CARTESIAN_POINT('',(17.849930000002,6.232360488639));
#9083 = CARTESIAN_POINT('',(17.897533128563,6.237660540273));
#9084 = CARTESIAN_POINT('',(17.945136941389,6.242961420722));
#9085 = CARTESIAN_POINT('',(17.99274068327,6.248263127158));
#9086 = CARTESIAN_POINT('',(18.040343205744,6.253565580177));
#9087 = CARTESIAN_POINT('',(18.087941247447,6.258868434057));
#9088 = CARTESIAN_POINT('',(18.13554366861,6.264172637196));
#9089 = CARTESIAN_POINT('',(18.183146800774,6.269477730898));
#9090 = CARTESIAN_POINT('',(18.230749754409,6.274783502535));
#9091 = CARTESIAN_POINT('',(18.278351830127,6.280089724188));
#9092 = CARTESIAN_POINT('',(18.325952968403,6.285396212247));
#9093 = CARTESIAN_POINT('',(18.373553414366,6.290702802215));
#9094 = CARTESIAN_POINT('',(18.42115361423,6.29600934741));
#9095 = CARTESIAN_POINT('',(18.468754063404,6.301315712535));
#9096 = CARTESIAN_POINT('',(18.516355168949,6.306621769534));
#9097 = CARTESIAN_POINT('',(18.563957113221,6.311927395132));
#9098 = CARTESIAN_POINT('',(18.611559665933,6.317232464986));
#9099 = CARTESIAN_POINT('',(18.659162127448,6.322536865396));
#9100 = CARTESIAN_POINT('',(18.70676268628,6.327840443822));
#9101 = CARTESIAN_POINT('',(18.754359842033,6.333143192291));
#9102 = CARTESIAN_POINT('',(18.801957955534,6.33844580468));
#9103 = CARTESIAN_POINT('',(18.833689906167,6.34198092336));
#9104 = CARTESIAN_POINT('',(18.849555921539,6.343748550693));
#9105 = ( GEOMETRIC_REPRESENTATION_CONTEXT(2) 
PARAMETRIC_REPRESENTATION_CONTEXT() REPRESENTATION_CONTEXT('2D SPACE',''
  ) );
#9106 = ORIENTED_EDGE('',*,*,#9107,.F.);
#9107 = EDGE_CURVE('',#8762,#8795,#9108,.T.);
#9108 = SURFACE_CURVE('',#9109,(#9112,#9119),.PCURVE_S1.);
#9109 = B_SPLINE_CURVE_WITH_KNOTS('',1,(#9110,#9111),.UNSPECIFIED.,.F.,
  .F.,(2,2),(0.,0.49),.PIECEWISE_BEZIER_KNOTS.);
#9110 = CARTESIAN_POINT('',(1.576113168645,1.7697842444E-07,
    -7.262503105624));
#9111 = CARTESIAN_POINT('',(2.00046360829,-2.123656951E-08,
    -7.017499627337));
#9112 = PCURVE('',#8224,#9113);
#9113 = DEFINITIONAL_REPRESENTATION('',(#9114),#9118);
#9114 = LINE('',#9115,#9116);
#9115 = CARTESIAN_POINT('',(0.,6.322058019692));
#9116 = VECTOR('',#9117,1.);
#9117 = DIRECTION('',(1.,0.));
#9118 = ( GEOMETRIC_REPRESENTATION_CONTEXT(2) 
PARAMETRIC_REPRESENTATION_CONTEXT() REPRESENTATION_CONTEXT('2D SPACE',''
  ) );
#9119 = PCURVE('',#9120,#9143);
#9120 = B_SPLINE_SURFACE_WITH_KNOTS('',1,10,(
    (#9121,#9122,#9123,#9124,#9125,#9126,#9127,#9128,#9129,#9130,#9131)
    ,(#9132,#9133,#9134,#9135,#9136,#9137,#9138,#9139,#9140,#9141,#9142
    )),.UNSPECIFIED.,.F.,.F.,.F.,(2,2),(11,11),(0.,0.49),(0.,
    6.322058019692),.PIECEWISE_BEZIER_KNOTS.);
#9121 = CARTESIAN_POINT('',(1.576113168645,1.7697841782E-07,
    -7.262503105624));
#9122 = CARTESIAN_POINT('',(1.576113774054,-0.990352371519,
    -7.332500965445));
#9123 = CARTESIAN_POINT('',(0.884874884396,-1.980170742432,
    -7.402462154994));
#9124 = CARTESIAN_POINT('',(-0.499005089998,-2.426284407662,
    -7.472615711276));
#9125 = CARTESIAN_POINT('',(-2.079908601034,-1.801113069944,
    -7.542386117099));
#9126 = CARTESIAN_POINT('',(-2.916354610514,7.27095481063E-06,
    -7.612502329406));
#9127 = CARTESIAN_POINT('',(-2.079963864243,1.801101629249,
    -7.682618541037));
#9128 = CARTESIAN_POINT('',(-0.498952561447,2.426288574006,-7.7523889473
    ));
#9129 = CARTESIAN_POINT('',(0.884856152597,1.980170201562,
    -7.822542503413));
#9130 = CARTESIAN_POINT('',(1.576112977411,0.990352636987,
    -7.892503692986));
#9131 = CARTESIAN_POINT('',(1.576113527241,8.848924805E-08,
    -7.962501552813));
#9132 = CARTESIAN_POINT('',(2.00046360829,-2.123658078E-08,
    -7.017499627337));
#9133 = CARTESIAN_POINT('',(2.00046547311,-1.256922645687,
    -7.087499884142));
#9134 = CARTESIAN_POINT('',(1.123190437344,-2.513876078841,
    -7.15750454112));
#9135 = CARTESIAN_POINT('',(-0.633641998258,-3.078244931714,
    -7.227486115567));
#9136 = CARTESIAN_POINT('',(-2.639361429088,-2.287284710443,
    -7.297513664719));
#9137 = CARTESIAN_POINT('',(-3.702150787084,2.859390651817E-05,
    -7.367499721217));
#9138 = CARTESIAN_POINT('',(-2.639570242822,2.287242606787,
    -7.437485775141));
#9139 = CARTESIAN_POINT('',(-0.633440785426,3.078261094245,
    -7.507513325982));
#9140 = CARTESIAN_POINT('',(1.123120563385,2.513873439107,
    -7.577494899758));
#9141 = CARTESIAN_POINT('',(2.000463099507,1.256922613832,
    -7.647499556853));
#9142 = CARTESIAN_POINT('',(2.000464970993,-1.061847172E-08,
    -7.717499813665));
#9143 = DEFINITIONAL_REPRESENTATION('',(#9144),#9148);
#9144 = LINE('',#9145,#9146);
#9145 = CARTESIAN_POINT('',(0.,0.));
#9146 = VECTOR('',#9147,1.);
#9147 = DIRECTION('',(1.,0.));
#9148 = ( GEOMETRIC_REPRESENTATION_CONTEXT(2) 
PARAMETRIC_REPRESENTATION_CONTEXT() REPRESENTATION_CONTEXT('2D SPACE',''
  ) );
#9149 = ADVANCED_FACE('',(#9150),#8680,.T.);
#9150 = FACE_BOUND('',#9151,.F.);
#9151 = EDGE_LOOP('',(#9152,#9153,#9177,#9242,#9662,#9734,#9757,#9784));
#9152 = ORIENTED_EDGE('',*,*,#8596,.T.);
#9153 = ORIENTED_EDGE('',*,*,#9154,.T.);
#9154 = EDGE_CURVE('',#8258,#9155,#9157,.T.);
#9155 = VERTEX_POINT('',#9156);
#9156 = CARTESIAN_POINT('',(-1.302844673194,-1.457607888813,-7.3));
#9157 = SURFACE_CURVE('',#9158,(#9163,#9170),.PCURVE_S1.);
#9158 = CIRCLE('',#9159,1.955);
#9159 = AXIS2_PLACEMENT_3D('',#9160,#9161,#9162);
#9160 = CARTESIAN_POINT('',(0.,0.,-7.3));
#9161 = DIRECTION('',(0.,0.,1.));
#9162 = DIRECTION('',(1.,0.,0.));
#9163 = PCURVE('',#8680,#9164);
#9164 = DEFINITIONAL_REPRESENTATION('',(#9165),#9169);
#9165 = LINE('',#9166,#9167);
#9166 = CARTESIAN_POINT('',(0.,-0.));
#9167 = VECTOR('',#9168,1.);
#9168 = DIRECTION('',(1.,-0.));
#9169 = ( GEOMETRIC_REPRESENTATION_CONTEXT(2) 
PARAMETRIC_REPRESENTATION_CONTEXT() REPRESENTATION_CONTEXT('2D SPACE',''
  ) );
#9170 = PCURVE('',#238,#9171);
#9171 = DEFINITIONAL_REPRESENTATION('',(#9172),#9176);
#9172 = LINE('',#9173,#9174);
#9173 = CARTESIAN_POINT('',(25.132741228718,6.6));
#9174 = VECTOR('',#9175,1.);
#9175 = DIRECTION('',(-1.,0.));
#9176 = ( GEOMETRIC_REPRESENTATION_CONTEXT(2) 
PARAMETRIC_REPRESENTATION_CONTEXT() REPRESENTATION_CONTEXT('2D SPACE',''
  ) );
#9177 = ORIENTED_EDGE('',*,*,#9178,.T.);
#9178 = EDGE_CURVE('',#9155,#9179,#9181,.T.);
#9179 = VERTEX_POINT('',#9180);
#9180 = CARTESIAN_POINT('',(-1.304503373352,0.884539399644,
    -7.67888483904));
#9181 = SURFACE_CURVE('',#9182,(#9200,#9221),.PCURVE_S1.);
#9182 = B_SPLINE_CURVE_WITH_KNOTS('',6,(#9183,#9184,#9185,#9186,#9187,
    #9188,#9189,#9190,#9191,#9192,#9193,#9194,#9195,#9196,#9197,#9198,
    #9199),.UNSPECIFIED.,.F.,.F.,(7,5,5,7),(0.,0.449330255582,
    0.728823384581,1.),.UNSPECIFIED.);
#9183 = CARTESIAN_POINT('',(-1.302844673194,-1.457607888813,-7.3));
#9184 = CARTESIAN_POINT('',(-1.432833274342,-1.305590397465,
    -7.326714546343));
#9185 = CARTESIAN_POINT('',(-1.543249637662,-1.138338321944,
    -7.353712384183));
#9186 = CARTESIAN_POINT('',(-1.631485067644,-0.958922020634,
    -7.380987991305));
#9187 = CARTESIAN_POINT('',(-1.69570470247,-0.77093388115,
    -7.408554727503));
#9188 = CARTESIAN_POINT('',(-1.734735817753,-0.578347561205,
    -7.436427423356));
#9189 = CARTESIAN_POINT('',(-1.75691620671,-0.265525993998,
    -7.482120337124));
#9190 = CARTESIAN_POINT('',(-1.755612569633,-0.145436079631,
    -7.499761229894));
#9191 = CARTESIAN_POINT('',(-1.744456100105,-2.62452185451E-02,
    -7.517520142076));
#9192 = CARTESIAN_POINT('',(-1.723545597785,9.101288541696E-02,
    -7.535399762482));
#9193 = CARTESIAN_POINT('',(-1.693128980125,0.205312726017,
    -7.553403356013));
#9194 = CARTESIAN_POINT('',(-1.61526744805,0.422708904872,
    -7.589121889304));
#9195 = CARTESIAN_POINT('',(-1.568352980381,0.526046456272,
    -7.606830973633));
#9196 = CARTESIAN_POINT('',(-1.513237305602,0.62474925436,
    -7.624660402835));
#9197 = CARTESIAN_POINT('',(-1.450420426763,0.717952002393,
    -7.64261416298));
#9198 = CARTESIAN_POINT('',(-1.380531333846,0.804857853312,
    -7.660696448607));
#9199 = CARTESIAN_POINT('',(-1.304327435736,0.884756323309,
    -7.67890869197));
#9200 = PCURVE('',#8680,#9201);
#9201 = DEFINITIONAL_REPRESENTATION('',(#9202),#9220);
#9202 = B_SPLINE_CURVE_WITH_KNOTS('',6,(#9203,#9204,#9205,#9206,#9207,
    #9208,#9209,#9210,#9211,#9212,#9213,#9214,#9215,#9216,#9217,#9218,
    #9219),.UNSPECIFIED.,.F.,.F.,(7,5,5,7),(0.,0.449330255582,
    0.728823384581,1.),.UNSPECIFIED.);
#9203 = CARTESIAN_POINT('',(3.982996622415,0.));
#9204 = CARTESIAN_POINT('',(3.88160335855,-2.671454632873E-02));
#9205 = CARTESIAN_POINT('',(3.779156639107,-5.371238425983E-02));
#9206 = CARTESIAN_POINT('',(3.675686442513,-8.098799124927E-02));
#9207 = CARTESIAN_POINT('',(3.571138362861,-0.108554727551));
#9208 = CARTESIAN_POINT('',(3.465436532923,-0.136427423348));
#9209 = CARTESIAN_POINT('',(3.292145690524,-0.182120337116));
#9210 = CARTESIAN_POINT('',(3.225240247809,-0.199761229854));
#9211 = CARTESIAN_POINT('',(3.157881838987,-0.217520142059));
#9212 = CARTESIAN_POINT('',(3.090058308014,-0.235399762497));
#9213 = CARTESIAN_POINT('',(3.021757086963,-0.253403356013));
#9214 = CARTESIAN_POINT('',(2.886239391603,-0.289121889304));
#9215 = CARTESIAN_POINT('',(2.819045423968,-0.306830973633));
#9216 = CARTESIAN_POINT('',(2.751391617508,-0.324660402835));
#9217 = CARTESIAN_POINT('',(2.683266408418,-0.34261416298));
#9218 = CARTESIAN_POINT('',(2.614657798604,-0.360696448607));
#9219 = CARTESIAN_POINT('',(2.545563097242,-0.37890869197));
#9220 = ( GEOMETRIC_REPRESENTATION_CONTEXT(2) 
PARAMETRIC_REPRESENTATION_CONTEXT() REPRESENTATION_CONTEXT('2D SPACE',''
  ) );
#9221 = PCURVE('',#9120,#9222);
#9222 = DEFINITIONAL_REPRESENTATION('',(#9223),#9241);
#9223 = B_SPLINE_CURVE_WITH_KNOTS('',6,(#9224,#9225,#9226,#9227,#9228,
    #9229,#9230,#9231,#9232,#9233,#9234,#9235,#9236,#9237,#9238,#9239,
    #9240),.UNSPECIFIED.,.F.,.F.,(7,5,5,7),(0.,0.449330255582,
    0.728823384581,1.),.UNSPECIFIED.);
#9224 = CARTESIAN_POINT('',(0.437519231554,2.314411656372));
#9225 = CARTESIAN_POINT('',(0.406681332235,2.416426935939));
#9226 = CARTESIAN_POINT('',(0.375511444217,2.519502009594));
#9227 = CARTESIAN_POINT('',(0.344014306267,2.623608161357));
#9228 = CARTESIAN_POINT('',(0.312175897216,2.728802248125));
#9229 = CARTESIAN_POINT('',(0.279983652292,2.83516104857));
#9230 = CARTESIAN_POINT('',(0.227212801475,3.009533213861));
#9231 = CARTESIAN_POINT('',(0.206840067013,3.076857148177));
#9232 = CARTESIAN_POINT('',(0.186332465149,3.144637625315));
#9233 = CARTESIAN_POINT('',(0.165687205114,3.212886367097));
#9234 = CARTESIAN_POINT('',(0.144900406549,3.281615433132));
#9235 = CARTESIAN_POINT('',(0.103662031346,3.417980360241));
#9236 = CARTESIAN_POINT('',(8.32171620505E-02,3.485593628664));
#9237 = CARTESIAN_POINT('',(6.263377587224E-02,3.55366837451));
#9238 = CARTESIAN_POINT('',(4.190637368208E-02,3.62221593684));
#9239 = CARTESIAN_POINT('',(2.10291912079E-02,3.691248338826));
#9240 = CARTESIAN_POINT('',(0.,3.760768576746));
#9241 = ( GEOMETRIC_REPRESENTATION_CONTEXT(2) 
PARAMETRIC_REPRESENTATION_CONTEXT() REPRESENTATION_CONTEXT('2D SPACE',''
  ) );
#9242 = ORIENTED_EDGE('',*,*,#9243,.T.);
#9243 = EDGE_CURVE('',#9179,#9244,#9246,.T.);
#9244 = VERTEX_POINT('',#9245);
#9245 = CARTESIAN_POINT('',(-0.88455974674,-1.304487341477,
    -7.678886688837));
#9246 = SURFACE_CURVE('',#9247,(#9355,#9466),.PCURVE_S1.);
#9247 = B_SPLINE_CURVE_WITH_KNOTS('',8,(#9248,#9249,#9250,#9251,#9252,
    #9253,#9254,#9255,#9256,#9257,#9258,#9259,#9260,#9261,#9262,#9263,
    #9264,#9265,#9266,#9267,#9268,#9269,#9270,#9271,#9272,#9273,#9274,
    #9275,#9276,#9277,#9278,#9279,#9280,#9281,#9282,#9283,#9284,#9285,
    #9286,#9287,#9288,#9289,#9290,#9291,#9292,#9293,#9294,#9295,#9296,
    #9297,#9298,#9299,#9300,#9301,#9302,#9303,#9304,#9305,#9306,#9307,
    #9308,#9309,#9310,#9311,#9312,#9313,#9314,#9315,#9316,#9317,#9318,
    #9319,#9320,#9321,#9322,#9323,#9324,#9325,#9326,#9327,#9328,#9329,
    #9330,#9331,#9332,#9333,#9334,#9335,#9336,#9337,#9338,#9339,#9340,
    #9341,#9342,#9343,#9344,#9345,#9346,#9347,#9348,#9349,#9350,#9351,
    #9352,#9353,#9354),.UNSPECIFIED.,.F.,.F.,(9,7,7,7,7,7,7,7,7,7,7,7,7,
    7,7,9),(0.,2.812593423056E-02,4.137933832441E-02,6.714150083375E-02,
    9.216306351787E-02,0.105310606466,0.131297046564,0.170599304852,
    0.303885845592,0.481126531756,0.502391159668,0.560343017526,
    0.729543854768,0.7930652707,0.834232645126,1.),.UNSPECIFIED.);
#9248 = CARTESIAN_POINT('',(-1.304503373352,0.884539399644,
    -7.67888483904));
#9249 = CARTESIAN_POINT('',(-1.300077461344,0.889181391415,
    -7.679942878815));
#9250 = CARTESIAN_POINT('',(-1.295747850331,0.893612666446,
    -7.681010468588));
#9251 = CARTESIAN_POINT('',(-1.291527544396,0.897820819808,
    -7.682087348767));
#9252 = CARTESIAN_POINT('',(-1.287431387219,0.901791778872,
    -7.683173034772));
#9253 = CARTESIAN_POINT('',(-1.283475732826,0.905510190862,
    -7.684266802238));
#9254 = CARTESIAN_POINT('',(-1.279678116329,0.908959810404,
    -7.685367672218));
#9255 = CARTESIAN_POINT('',(-1.276056924676,0.912123887081,
    -7.686474396387));
#9256 = CARTESIAN_POINT('',(-1.271016746932,0.916334017154,
    -7.688108985383));
#9257 = CARTESIAN_POINT('',(-1.269445815257,0.917615322514,
    -7.68863347348));
#9258 = CARTESIAN_POINT('',(-1.267920308508,0.918827649637,
    -7.689158735564));
#9259 = CARTESIAN_POINT('',(-1.266442242293,0.919969222551,
    -7.689684583249));
#9260 = CARTESIAN_POINT('',(-1.265013611682,0.921038308737,
    -7.69021081073));
#9261 = CARTESIAN_POINT('',(-1.263636391209,0.922033219126,
    -7.69073719479));
#9262 = CARTESIAN_POINT('',(-1.262312534867,0.922952308105,
    -7.691263494795));
#9263 = CARTESIAN_POINT('',(-1.25857813289,0.925430015151,
    -7.692811817435));
#9264 = CARTESIAN_POINT('',(-1.25632079379,0.926773823269,
    -7.693833031278));
#9265 = CARTESIAN_POINT('',(-1.254286370584,0.927813574539,
    -7.694851022754));
#9266 = CARTESIAN_POINT('',(-1.252487767109,0.928539194893,
    -7.695863607494));
#9267 = CARTESIAN_POINT('',(-1.250935835596,0.928942868027,
    -7.696868512244));
#9268 = CARTESIAN_POINT('',(-1.249638833,0.9290195439,-7.697863398871));
#9269 = CARTESIAN_POINT('',(-1.248601877327,0.928767447239,
    -7.69884588838));
#9270 = CARTESIAN_POINT('',(-1.247073223569,0.927626365702,
    -7.700753462514));
#9271 = CARTESIAN_POINT('',(-1.246566554923,0.926755783486,
    -7.701679577495));
#9272 = CARTESIAN_POINT('',(-1.246307938745,0.925578510033,
    -7.702589732613));
#9273 = CARTESIAN_POINT('',(-1.246295372444,0.92409935786,
    -7.703482066427));
#9274 = CARTESIAN_POINT('',(-1.246523792908,0.922325828004,
    -7.704355029846));
#9275 = CARTESIAN_POINT('',(-1.246985559313,0.920267656652,
    -7.70520736268));
#9276 = CARTESIAN_POINT('',(-1.247670935922,0.917936361778,
    -7.706038070186));
#9277 = CARTESIAN_POINT('',(-1.249040237953,0.913983052117,
    -7.707271135118));
#9278 = CARTESIAN_POINT('',(-1.249570561984,0.912549344531,
    -7.707689717886));
#9279 = CARTESIAN_POINT('',(-1.250157888489,0.911045502473,
    -7.70810205989));
#9280 = CARTESIAN_POINT('',(-1.250800509362,0.909473380184,
    -7.708508093335));
#9281 = CARTESIAN_POINT('',(-1.251496666887,0.907834850682,
    -7.708907770666));
#9282 = CARTESIAN_POINT('',(-1.252244553736,0.906131805772,
    -7.709301064566));
#9283 = CARTESIAN_POINT('',(-1.253042312972,0.904366156038,
    -7.709687967959));
#9284 = CARTESIAN_POINT('',(-1.255559634329,0.898930054453,
    -7.710820613038));
#9285 = CARTESIAN_POINT('',(-1.257418661215,0.895083294948,
    -7.711547776464));
#9286 = CARTESIAN_POINT('',(-1.259450737794,0.891013991744,
    -7.712250116047));
#9287 = CARTESIAN_POINT('',(-1.261641547993,0.886736225272,
    -7.712927960367));
#9288 = CARTESIAN_POINT('',(-1.263977121211,0.882263464505,
    -7.713581798266));
#9289 = CARTESIAN_POINT('',(-1.266444112959,0.877608314476,
    -7.714212242296));
#9290 = CARTESIAN_POINT('',(-1.269030085496,0.872782263796,
    -7.714819992166));
#9291 = CARTESIAN_POINT('',(-1.275797782824,0.860253277738,
    -7.71629177946));
#9292 = CARTESIAN_POINT('',(-1.28011741736,0.852344796502,
    -7.717127406433));
#9293 = CARTESIAN_POINT('',(-1.284643674398,0.844104567345,
    -7.717915423975));
#9294 = CARTESIAN_POINT('',(-1.289341799214,0.835563253566,
    -7.718658505755));
#9295 = CARTESIAN_POINT('',(-1.294181165278,0.826747575277,
    -7.719359238975));
#9296 = CARTESIAN_POINT('',(-1.299135139493,0.817680281792,
    -7.720020109092));
#9297 = CARTESIAN_POINT('',(-1.304180947428,0.808380124027,
    -7.720643484557));
#9298 = CARTESIAN_POINT('',(-1.326658319819,0.76658223394,
    -7.723226094513));
#9299 = CARTESIAN_POINT('',(-1.344816697616,0.731862708554,
    -7.724810859732));
#9300 = CARTESIAN_POINT('',(-1.363053887762,0.695237305365,
    -7.726079459898));
#9301 = CARTESIAN_POINT('',(-1.380945686772,0.657030438153,
    -7.72708221926));
#9302 = CARTESIAN_POINT('',(-1.39817882355,0.617511898914,-7.72786157617
    ));
#9303 = CARTESIAN_POINT('',(-1.414554975505,0.576857461563,
    -7.728446985191));
#9304 = CARTESIAN_POINT('',(-1.42993075899,0.535179350311,
    -7.728862842063));
#9305 = CARTESIAN_POINT('',(-1.463181741765,0.435769824375,
    -7.729478248154));
#9306 = CARTESIAN_POINT('',(-1.480163962568,0.377411255232,
    -7.729560467665));
#9307 = CARTESIAN_POINT('',(-1.494865878325,0.317694132279,
    -7.729417020808));
#9308 = CARTESIAN_POINT('',(-1.507093492333,0.256846520829,
    -7.729076071965));
#9309 = CARTESIAN_POINT('',(-1.516703359917,0.195082643031,
    -7.728558819289));
#9310 = CARTESIAN_POINT('',(-1.523587506784,0.132606510515,
    -7.727882118536));
#9311 = CARTESIAN_POINT('',(-1.527668081621,6.961070259915E-02,
    -7.727058894567));
#9312 = CARTESIAN_POINT('',(-1.529033642682,-1.31861763791E-03,
    -7.72598467038));
#9313 = CARTESIAN_POINT('',(-1.529138739257,-8.921556481933E-03,
    -7.725867640117));
#9314 = CARTESIAN_POINT('',(-1.52920255124,-1.652888843793E-02,
    -7.725748673049));
#9315 = CARTESIAN_POINT('',(-1.529224986094,-2.414028133695E-02,
    -7.725627787221));
#9316 = CARTESIAN_POINT('',(-1.52920595593,-3.175540385068E-02,
    -7.725505000154));
#9317 = CARTESIAN_POINT('',(-1.529145377505,-3.937392549142E-02,
    -7.725380328846));
#9318 = CARTESIAN_POINT('',(-1.529043172229,-4.699551661215E-02,
    -7.725253789772));
#9319 = CARTESIAN_POINT('',(-1.528507083213,-7.539821303326E-02,
    -7.724775499022));
#9320 = CARTESIAN_POINT('',(-1.527805173922,-9.619692958934E-02,
    -7.724411848515));
#9321 = CARTESIAN_POINT('',(-1.526792058787,-0.11700933676,
    -7.724034769256));
#9322 = CARTESIAN_POINT('',(-1.525466483679,-0.137828806366,
    -7.723644563797));
#9323 = CARTESIAN_POINT('',(-1.523827419838,-0.158648743361,
    -7.723241515345));
#9324 = CARTESIAN_POINT('',(-1.521874063871,-0.179462585834,
    -7.722825887769));
#9325 = CARTESIAN_POINT('',(-1.519605837754,-0.200263805006,
    -7.722397925594));
#9326 = CARTESIAN_POINT('',(-1.509479546584,-0.281722972172,
    -7.72067298611));
#9327 = CARTESIAN_POINT('',(-1.499249295323,-0.342237617306,
    -7.719284911962));
#9328 = CARTESIAN_POINT('',(-1.486322864881,-0.402427427068,
    -7.717799287198));
#9329 = CARTESIAN_POINT('',(-1.470705928789,-0.462133071442,
    -7.716220714509));
#9330 = CARTESIAN_POINT('',(-1.452417842576,-0.521198514728,
    -7.714552908263));
#9331 = CARTESIAN_POINT('',(-1.431490882074,-0.579471226307,
    -7.712798859138));
#9332 = CARTESIAN_POINT('',(-1.407969481727,-0.636802391405,
    -7.710960998747));
#9333 = CARTESIAN_POINT('',(-1.372126018589,-0.714162531064,
    -7.708320694673));
#9334 = CARTESIAN_POINT('',(-1.361984731348,-0.735124942014,
    -7.707588494206));
#9335 = CARTESIAN_POINT('',(-1.35148856262,-0.7559267363,-7.706844865953
    ));
#9336 = CARTESIAN_POINT('',(-1.340640678293,-0.776560407512,
    -7.706089903746));
#9337 = CARTESIAN_POINT('',(-1.3294444587,-0.797018561229,
    -7.705323692168));
#9338 = CARTESIAN_POINT('',(-1.317903498614,-0.817293915026,
    -7.704546306556));
#9339 = CARTESIAN_POINT('',(-1.306021607252,-0.837379298471,
    -7.703757812997));
#9340 = CARTESIAN_POINT('',(-1.285883969168,-0.870157028001,
    -7.7024400942));
#9341 = CARTESIAN_POINT('',(-1.277823620615,-0.882963651358,
    -7.701917278733));
#9342 = CARTESIAN_POINT('',(-1.269622856303,-0.89568560381,
    -7.701389837612));
#9343 = CARTESIAN_POINT('',(-1.26128280497,-0.908320989204,
    -7.700857785057));
#9344 = CARTESIAN_POINT('',(-1.25280463041,-0.920867934628,
    -7.700321133829));
#9345 = CARTESIAN_POINT('',(-1.244189531468,-0.933324590404,
    -7.69977989523));
#9346 = CARTESIAN_POINT('',(-1.235438742044,-0.945689130094,
    -7.6992340791));
#9347 = CARTESIAN_POINT('',(-1.190775735257,-1.007369466669,
    -7.696467474951));
#9348 = CARTESIAN_POINT('',(-1.152817906272,-1.055256949448,
    -7.694177149211));
#9349 = CARTESIAN_POINT('',(-1.11276356599,-1.101503770672,
    -7.691813294674));
#9350 = CARTESIAN_POINT('',(-1.07070444807,-1.145998685567,
    -7.689376106077));
#9351 = CARTESIAN_POINT('',(-1.02674032497,-1.188638036672,
    -7.686865394575));
#9352 = CARTESIAN_POINT('',(-0.98097883493,-1.229326157761,
    -7.684280587497));
#9353 = CARTESIAN_POINT('',(-0.933535308965,-1.26797577778,
    -7.681620728112));
#9354 = CARTESIAN_POINT('',(-0.884532597854,-1.304508424767,
    -7.678884475378));
#9355 = PCURVE('',#8680,#9356);
#9356 = DEFINITIONAL_REPRESENTATION('',(#9357),#9465);
#9357 = B_SPLINE_CURVE_WITH_KNOTS('',8,(#9358,#9359,#9360,#9361,#9362,
    #9363,#9364,#9365,#9366,#9367,#9368,#9369,#9370,#9371,#9372,#9373,
    #9374,#9375,#9376,#9377,#9378,#9379,#9380,#9381,#9382,#9383,#9384,
    #9385,#9386,#9387,#9388,#9389,#9390,#9391,#9392,#9393,#9394,#9395,
    #9396,#9397,#9398,#9399,#9400,#9401,#9402,#9403,#9404,#9405,#9406,
    #9407,#9408,#9409,#9410,#9411,#9412,#9413,#9414,#9415,#9416,#9417,
    #9418,#9419,#9420,#9421,#9422,#9423,#9424,#9425,#9426,#9427,#9428,
    #9429,#9430,#9431,#9432,#9433,#9434,#9435,#9436,#9437,#9438,#9439,
    #9440,#9441,#9442,#9443,#9444,#9445,#9446,#9447,#9448,#9449,#9450,
    #9451,#9452,#9453,#9454,#9455,#9456,#9457,#9458,#9459,#9460,#9461,
    #9462,#9463,#9464),.UNSPECIFIED.,.F.,.F.,(9,7,7,7,7,7,7,7,7,7,7,7,7,
    7,7,9),(0.,2.812593423056E-02,4.137933832441E-02,6.714150083375E-02,
    9.216306351787E-02,0.105310606466,0.131297046564,0.170599304852,
    0.303885845592,0.481126531756,0.502391159668,0.560343017526,
    0.729543854768,0.7930652707,0.834232645126,1.),.UNSPECIFIED.);
#9358 = CARTESIAN_POINT('',(2.545739660649,-0.37888483904));
#9359 = CARTESIAN_POINT('',(2.541726041656,-0.379942878815));
#9360 = CARTESIAN_POINT('',(2.537851210699,-0.381010468588));
#9361 = CARTESIAN_POINT('',(2.53412648368,-0.382087348767));
#9362 = CARTESIAN_POINT('',(2.530564808075,-0.383173034772));
#9363 = CARTESIAN_POINT('',(2.527180451687,-0.384266802238));
#9364 = CARTESIAN_POINT('',(2.523988691395,-0.385367672218));
#9365 = CARTESIAN_POINT('',(2.521005501897,-0.386474396387));
#9366 = CARTESIAN_POINT('',(2.516947508068,-0.388108985383));
#9367 = CARTESIAN_POINT('',(2.515697727106,-0.38863347348));
#9368 = CARTESIAN_POINT('',(2.514499663165,-0.389158735564));
#9369 = CARTESIAN_POINT('',(2.513355053303,-0.389684583249));
#9370 = CARTESIAN_POINT('',(2.512265610051,-0.39021081073));
#9371 = CARTESIAN_POINT('',(2.511233021406,-0.39073719479));
#9372 = CARTESIAN_POINT('',(2.51025895084,-0.391263494795));
#9373 = CARTESIAN_POINT('',(2.507568558645,-0.392811817435));
#9374 = CARTESIAN_POINT('',(2.506019057296,-0.393833031278));
#9375 = CARTESIAN_POINT('',(2.504708669165,-0.394851022754));
#9376 = CARTESIAN_POINT('',(2.503648138757,-0.395863607494));
#9377 = CARTESIAN_POINT('',(2.502846320017,-0.396868512244));
#9378 = CARTESIAN_POINT('',(2.50230967719,-0.397863398871));
#9379 = CARTESIAN_POINT('',(2.502041785671,-0.39884588838));
#9380 = CARTESIAN_POINT('',(2.502043849961,-0.400753462514));
#9381 = CARTESIAN_POINT('',(2.502298562534,-0.401679577495));
#9382 = CARTESIAN_POINT('',(2.502807320925,-0.402589732613));
#9383 = CARTESIAN_POINT('',(2.503567456881,-0.403482066427));
#9384 = CARTESIAN_POINT('',(2.504573691126,-0.404355029846));
#9385 = CARTESIAN_POINT('',(2.505818540932,-0.40520736268));
#9386 = CARTESIAN_POINT('',(2.507292727684,-0.406038070186));
#9387 = CARTESIAN_POINT('',(2.509875093525,-0.407271135118));
#9388 = CARTESIAN_POINT('',(2.510825055408,-0.407689717886));
#9389 = CARTESIAN_POINT('',(2.511833933226,-0.40810205989));
#9390 = CARTESIAN_POINT('',(2.512900156845,-0.408508093335));
#9391 = CARTESIAN_POINT('',(2.514022122874,-0.408907770666));
#9392 = CARTESIAN_POINT('',(2.515198194661,-0.409301064566));
#9393 = CARTESIAN_POINT('',(2.516426702296,-0.409687967959));
#9394 = CARTESIAN_POINT('',(2.520234392375,-0.410820613038));
#9395 = CARTESIAN_POINT('',(2.522961026764,-0.411547776464));
#9396 = CARTESIAN_POINT('',(2.525873068889,-0.412250116047));
#9397 = CARTESIAN_POINT('',(2.528957897637,-0.412927960367));
#9398 = CARTESIAN_POINT('',(2.532203299007,-0.413581798266));
#9399 = CARTESIAN_POINT('',(2.535597717438,-0.414212242296));
#9400 = CARTESIAN_POINT('',(2.539130507146,-0.414819992166));
#9401 = CARTESIAN_POINT('',(2.548330154297,-0.41629177946));
#9402 = CARTESIAN_POINT('',(2.554161881719,-0.417127406433));
#9403 = CARTESIAN_POINT('',(2.560254728794,-0.417915423975));
#9404 = CARTESIAN_POINT('',(2.566579690886,-0.418658505755));
#9405 = CARTESIAN_POINT('',(2.573111389472,-0.419359238975));
#9406 = CARTESIAN_POINT('',(2.579828065978,-0.420020109092));
#9407 = CARTESIAN_POINT('',(2.586711575602,-0.420643484557));
#9408 = CARTESIAN_POINT('',(2.617608050344,-0.423226094513));
#9409 = CARTESIAN_POINT('',(2.64316916852,-0.424810859732));
#9410 = CARTESIAN_POINT('',(2.669892756456,-0.426079459898));
#9411 = CARTESIAN_POINT('',(2.697470317867,-0.42708221926));
#9412 = CARTESIAN_POINT('',(2.725670126089,-0.42786157617));
#9413 = CARTESIAN_POINT('',(2.754355875995,-0.428446985191));
#9414 = CARTESIAN_POINT('',(2.783449008922,-0.428862842063));
#9415 = CARTESIAN_POINT('',(2.852144955461,-0.429478248154));
#9416 = CARTESIAN_POINT('',(2.891956837856,-0.429560467665));
#9417 = CARTESIAN_POINT('',(2.932214497027,-0.429417020808));
#9418 = CARTESIAN_POINT('',(2.972817423629,-0.429076071965));
#9419 = CARTESIAN_POINT('',(3.01369288221,-0.428558819289));
#9420 = CARTESIAN_POINT('',(3.054786415685,-0.427882118536));
#9421 = CARTESIAN_POINT('',(3.09605979836,-0.427058894567));
#9422 = CARTESIAN_POINT('',(3.142455454623,-0.42598467038));
#9423 = CARTESIAN_POINT('',(3.147427655383,-0.42586764022));
#9424 = CARTESIAN_POINT('',(3.152401924627,-0.42574867327));
#9425 = CARTESIAN_POINT('',(3.157378207005,-0.425627787518));
#9426 = CARTESIAN_POINT('',(3.16235644874,-0.425505000462));
#9427 = CARTESIAN_POINT('',(3.167336597639,-0.425380329109));
#9428 = CARTESIAN_POINT('',(3.172318603082,-0.425253789976));
#9429 = CARTESIAN_POINT('',(3.190884653198,-0.424775499225));
#9430 = CARTESIAN_POINT('',(3.204480304807,-0.424411848714));
#9431 = CARTESIAN_POINT('',(3.218088387051,-0.424034769447));
#9432 = CARTESIAN_POINT('',(3.231707972264,-0.423644563978));
#9433 = CARTESIAN_POINT('',(3.245338188927,-0.423241515517));
#9434 = CARTESIAN_POINT('',(3.258978221662,-0.422825887933));
#9435 = CARTESIAN_POINT('',(3.272627311235,-0.422397925753));
#9436 = CARTESIAN_POINT('',(3.326160108512,-0.42067298627));
#9437 = CARTESIAN_POINT('',(3.366106951384,-0.419284911357));
#9438 = CARTESIAN_POINT('',(3.406107052852,-0.417799286283));
#9439 = CARTESIAN_POINT('',(3.44614549385,-0.4162207139));
#9440 = CARTESIAN_POINT('',(3.486209785565,-0.414552908163));
#9441 = CARTESIAN_POINT('',(3.526288988446,-0.412798859232));
#9442 = CARTESIAN_POINT('',(3.566372831204,-0.410960998582));
#9443 = CARTESIAN_POINT('',(3.621496920966,-0.408320694508));
#9444 = CARTESIAN_POINT('',(3.636542272616,-0.407588494339));
#9445 = CARTESIAN_POINT('',(3.651586380874,-0.406844866408));
#9446 = CARTESIAN_POINT('',(3.666628751579,-0.406089904377));
#9447 = CARTESIAN_POINT('',(3.681668900295,-0.405323692766));
#9448 = CARTESIAN_POINT('',(3.696706352316,-0.404546306951));
#9449 = CARTESIAN_POINT('',(3.711740642666,-0.403757813166));
#9450 = CARTESIAN_POINT('',(3.736512493174,-0.402440094369));
#9451 = CARTESIAN_POINT('',(3.746252150389,-0.401917278853));
#9452 = CARTESIAN_POINT('',(3.755990163167,-0.401389837633));
#9453 = CARTESIAN_POINT('',(3.765726407508,-0.400857784938));
#9454 = CARTESIAN_POINT('',(3.77546075998,-0.40032113355));
#9455 = CARTESIAN_POINT('',(3.785193097728,-0.399779894799));
#9456 = CARTESIAN_POINT('',(3.794923298463,-0.399234078568));
#9457 = CARTESIAN_POINT('',(3.843822434586,-0.396467474419));
#9458 = CARTESIAN_POINT('',(3.882957498608,-0.394177148783));
#9459 = CARTESIAN_POINT('',(3.922047737183,-0.391813294386));
#9460 = CARTESIAN_POINT('',(3.961085182826,-0.389376105918));
#9461 = CARTESIAN_POINT('',(4.000062027998,-0.386865394508));
#9462 = CARTESIAN_POINT('',(4.038970057175,-0.384280587482));
#9463 = CARTESIAN_POINT('',(4.077800078921,-0.381620728112));
#9464 = CARTESIAN_POINT('',(4.116541357969,-0.378884475378));
#9465 = ( GEOMETRIC_REPRESENTATION_CONTEXT(2) 
PARAMETRIC_REPRESENTATION_CONTEXT() REPRESENTATION_CONTEXT('2D SPACE',''
  ) );
#9466 = PCURVE('',#9467,#9552);
#9467 = ( BOUNDED_SURFACE() B_SPLINE_SURFACE(6,11,(
    (#9468,#9469,#9470,#9471,#9472,#9473,#9474,#9475,#9476,#9477,#9478
      ,#9479)
    ,(#9480,#9481,#9482,#9483,#9484,#9485,#9486,#9487,#9488,#9489,#9490
      ,#9491)
    ,(#9492,#9493,#9494,#9495,#9496,#9497,#9498,#9499,#9500,#9501,#9502
      ,#9503)
    ,(#9504,#9505,#9506,#9507,#9508,#9509,#9510,#9511,#9512,#9513,#9514
      ,#9515)
    ,(#9516,#9517,#9518,#9519,#9520,#9521,#9522,#9523,#9524,#9525,#9526
      ,#9527)
    ,(#9528,#9529,#9530,#9531,#9532,#9533,#9534,#9535,#9536,#9537,#9538
      ,#9539)
    ,(#9540,#9541,#9542,#9543,#9544,#9545,#9546,#9547,#9548,#9549,#9550
,#9551
    )),.UNSPECIFIED.,.F.,.F.,.F.) B_SPLINE_SURFACE_WITH_KNOTS((7,7),(12,
    12),(0.,2.094395102393),(0.,6.322058019692),
.PIECEWISE_BEZIER_KNOTS.) GEOMETRIC_REPRESENTATION_ITEM() 
RATIONAL_B_SPLINE_SURFACE((
    (1.056590953773,1.056590953773,1.056590953773,1.056590953772
      ,1.056590953774,1.056590953772,1.056590953774,1.056590953772
      ,1.056590953774,1.056590953773,1.056590953773,1.056590953773)
    ,(1.017435169568,1.017435169568,1.017435169568,1.017435169568
      ,1.017435169569,1.017435169567,1.017435169569,1.017435169568
      ,1.017435169568,1.017435169568,1.017435169568,1.017435169568)
    ,(0.996326512422,0.996326512422,0.996326512422,0.996326512422
      ,0.996326512423,0.996326512422,0.996326512423,0.996326512422
      ,0.996326512422,0.996326512422,0.996326512422,0.996326512422)
    ,(0.989390034249,0.989390034249,0.989390034249,0.989390034248
      ,0.989390034249,0.989390034248,0.989390034249,0.989390034248
      ,0.989390034249,0.989390034248,0.989390034249,0.989390034249)
    ,(0.996326512422,0.996326512422,0.996326512422,0.996326512422
      ,0.996326512423,0.996326512421,0.996326512423,0.996326512422
      ,0.996326512422,0.996326512422,0.996326512422,0.996326512422)
    ,(1.017435169568,1.017435169568,1.017435169568,1.017435169568
      ,1.017435169569,1.017435169567,1.017435169569,1.017435169568
      ,1.017435169569,1.017435169568,1.017435169568,1.017435169568)
    ,(1.056590953773,1.056590953773,1.056590953773,1.056590953772
      ,1.056590953774,1.056590953772,1.056590953774,1.056590953772
      ,1.056590953774,1.056590953773,1.056590953773,1.056590953773
))) REPRESENTATION_ITEM('') SURFACE() );
#9468 = CARTESIAN_POINT('',(1.576114603069,1.7697799171E-07,
    -7.437503105618));
#9469 = CARTESIAN_POINT('',(1.576114254801,-0.90032093603,
    -7.501137523644));
#9470 = CARTESIAN_POINT('',(1.010540204622,-1.800204431308,
    -7.56474193883));
#9471 = CARTESIAN_POINT('',(-0.121529268586,-2.307155078896,
    -7.628580250427));
#9472 = CARTESIAN_POINT('',(-1.50513232062,-2.018490702906,
    -7.691632702508));
#9473 = CARTESIAN_POINT('',(-2.536033999421,-0.836461212474,
    -7.756314106313));
#9474 = CARTESIAN_POINT('',(-2.536298340916,0.836457626187,
    -7.818690552046));
#9475 = CARTESIAN_POINT('',(-1.504954993128,2.018495961889,
    -7.883371956061));
#9476 = CARTESIAN_POINT('',(-0.121604361795,2.30715215505,
    -7.946424407903));
#9477 = CARTESIAN_POINT('',(1.010555069308,1.800205166069,
    -8.010262719628));
#9478 = CARTESIAN_POINT('',(1.576114643247,0.900321201497,
    -8.073867134783));
#9479 = CARTESIAN_POINT('',(1.576114244454,8.848912103E-08,
    -8.137501552811));
#9480 = CARTESIAN_POINT('',(1.544396544912,1.9179351363E-07,
    -7.419191022846));
#9481 = CARTESIAN_POINT('',(1.544396299139,-0.882207536238,
    -7.482825277997));
#9482 = CARTESIAN_POINT('',(0.990202309815,-1.763943213047,
    -7.546427018647));
#9483 = CARTESIAN_POINT('',(-0.119079796599,-2.260835641417,
    -7.61028223613));
#9484 = CARTESIAN_POINT('',(-1.474842365579,-1.977642236061,
    -7.673285806615));
#9485 = CARTESIAN_POINT('',(-2.485014856626,-0.819952171844,
    -7.738054694926));
#9486 = CARTESIAN_POINT('',(-2.485223918244,0.819949210905,
    -7.800325667912));
#9487 = CARTESIAN_POINT('',(-1.474702248665,1.977646320231,
    -7.865094556389));
#9488 = CARTESIAN_POINT('',(-0.119139288177,2.260833323438,
    -7.928098126684));
#9489 = CARTESIAN_POINT('',(0.990213974757,1.763943843916,-7.99195334427
    ));
#9490 = CARTESIAN_POINT('',(1.544396561875,0.882207823929,
    -8.055555084894));
#9491 = CARTESIAN_POINT('',(1.544396261346,9.589688199E-08,
    -8.119189340048));
#9492 = CARTESIAN_POINT('',(1.522044590428,2.0223409686E-07,
    -7.388196972673));
#9493 = CARTESIAN_POINT('',(1.522044509775,-0.869442908144,
    -7.451831113045));
#9494 = CARTESIAN_POINT('',(0.975871633792,-1.738389760149,
    -7.51543096893));
#9495 = CARTESIAN_POINT('',(-0.117361360064,-2.228193738983,
    -7.579298100111));
#9496 = CARTESIAN_POINT('',(-1.453478476667,-1.948856631328,
    -7.642267223399));
#9497 = CARTESIAN_POINT('',(-2.449088651505,-0.808317819325,
    -7.707097762619));
#9498 = CARTESIAN_POINT('',(-2.449204138127,0.808315952143,
    -7.76929440829));
#9499 = CARTESIAN_POINT('',(-1.453401311984,1.948858748031,
    -7.834124947603));
#9500 = CARTESIAN_POINT('',(-0.117394413152,2.228192448157,
    -7.897094070784));
#9501 = CARTESIAN_POINT('',(0.975877908127,1.7383902011,-7.960961202026)
  );
#9502 = CARTESIAN_POINT('',(1.522044572277,0.869443211496,
    -8.024561057893));
#9503 = CARTESIAN_POINT('',(1.522044433887,1.0111716292E-07,
    -8.088195198269));
#9504 = CARTESIAN_POINT('',(1.513965443422,2.0600782374E-07,
    -7.350003615033));
#9505 = CARTESIAN_POINT('',(1.51396556105,-0.864829146026,
    -7.413637713918));
#9506 = CARTESIAN_POINT('',(0.970694164563,-1.729153577102,
    -7.477236888553));
#9507 = CARTESIAN_POINT('',(-0.116751754561,-2.216394908075,
    -7.541108325948));
#9508 = CARTESIAN_POINT('',(-1.445729118723,-1.938452953308,
    -7.604064998295));
#9509 = CARTESIAN_POINT('',(-2.436143907934,-0.804112106975,
    -7.668917821207));
#9510 = CARTESIAN_POINT('',(-2.436144076953,0.804111609555,
    -7.731087601344));
#9511 = CARTESIAN_POINT('',(-1.445729511189,1.938452658562,
    -7.795940424257));
#9512 = CARTESIAN_POINT('',(-0.116752208139,2.216394884045,-7.8588970966
    ));
#9513 = CARTESIAN_POINT('',(0.97069381176,1.729153775276,-7.922768534002
    ));
#9514 = CARTESIAN_POINT('',(1.513965384597,0.864829455038,-7.98636770863
    ));
#9515 = CARTESIAN_POINT('',(1.513965443411,1.0300400871E-07,
    -8.050001807519));
#9516 = CARTESIAN_POINT('',(1.522043964307,2.022342811E-07,
    -7.311810124955));
#9517 = CARTESIAN_POINT('',(1.522044275907,-0.869442639972,
    -7.375444265324));
#9518 = CARTESIAN_POINT('',(0.975877953338,-1.738389469702,
    -7.439044121158));
#9519 = CARTESIAN_POINT('',(-0.117393931502,-2.228191785982,
    -7.502911252643));
#9520 = CARTESIAN_POINT('',(-1.453400478536,-1.948858432604,
    -7.565880375105));
#9521 = CARTESIAN_POINT('',(-2.449203216446,-0.808316196034,
    -7.630710915711));
#9522 = CARTESIAN_POINT('',(-2.449088061674,0.8083170866,-7.692907559821
    ));
#9523 = CARTESIAN_POINT('',(-1.45347841377,1.948855737204,
    -7.757738100338));
#9524 = CARTESIAN_POINT('',(-0.117361768953,2.228193029629,
    -7.820707222898));
#9525 = CARTESIAN_POINT('',(0.975870986321,1.738389417839,
    -7.884574354337));
#9526 = CARTESIAN_POINT('',(1.522043866964,0.869442943324,
    -7.948174210175));
#9527 = CARTESIAN_POINT('',(1.522044120826,1.0111721699E-07,
    -8.011808350549));
#9528 = CARTESIAN_POINT('',(1.544395410689,1.9179384825E-07,
    -7.280815708361));
#9529 = CARTESIAN_POINT('',(1.544395875486,-0.882207050443,
    -7.344449963506));
#9530 = CARTESIAN_POINT('',(0.990213757718,-1.7639426869,-7.408051704065
    ));
#9531 = CARTESIAN_POINT('',(-0.119138799991,-2.260832103544,
    -7.471906922098));
#9532 = CARTESIAN_POINT('',(-1.474701071411,-1.977645499085,
    -7.534910491086));
#9533 = CARTESIAN_POINT('',(-2.485222391828,-0.819949231242,
    -7.599679381908));
#9534 = CARTESIAN_POINT('',(-2.485013644925,0.819951265983,
    -7.661950352065));
#9535 = CARTESIAN_POINT('',(-1.474841919097,1.977640866095,
    -7.726719242724));
#9536 = CARTESIAN_POINT('',(-0.119080152979,2.260834376779,
    -7.789722811893));
#9537 = CARTESIAN_POINT('',(0.990201435856,1.763942425032,
    -7.853578029837));
#9538 = CARTESIAN_POINT('',(1.544395284194,0.882207338134,
    -7.917179770408));
#9539 = CARTESIAN_POINT('',(1.544395694234,9.58969783E-08,
    -7.980814025559));
#9540 = CARTESIAN_POINT('',(1.576113168645,1.7697841764E-07,
    -7.262503105624));
#9541 = CARTESIAN_POINT('',(1.576113719017,-0.900320321656,
    -7.326137523642));
#9542 = CARTESIAN_POINT('',(1.010554682515,-1.800203765903,
    -7.389741938713));
#9543 = CARTESIAN_POINT('',(-0.121603888785,-2.307150604631,
    -7.453580251005));
#9544 = CARTESIAN_POINT('',(-1.504953629216,-2.018494829575,
    -7.516632701194));
#9545 = CARTESIAN_POINT('',(-2.5362964643,-0.836457493563,
    -7.581314108174));
#9546 = CARTESIAN_POINT('',(-2.536032413205,0.836460225196,
    -7.643690550329));
#9547 = CARTESIAN_POINT('',(-1.505131631032,2.018489064171,
    -7.708371957104));
#9548 = CARTESIAN_POINT('',(-0.121529574903,2.307153487187,
    -7.771424407523));
#9549 = CARTESIAN_POINT('',(1.010539211655,1.80020337164,-7.835262719699
    ));
#9550 = CARTESIAN_POINT('',(1.576113027395,0.900320587123,
    -7.898867134788));
#9551 = CARTESIAN_POINT('',(1.576113527241,8.848924354E-08,
    -7.962501552813));
#9552 = DEFINITIONAL_REPRESENTATION('',(#9553),#9661);
#9553 = B_SPLINE_CURVE_WITH_KNOTS('',8,(#9554,#9555,#9556,#9557,#9558,
    #9559,#9560,#9561,#9562,#9563,#9564,#9565,#9566,#9567,#9568,#9569,
    #9570,#9571,#9572,#9573,#9574,#9575,#9576,#9577,#9578,#9579,#9580,
    #9581,#9582,#9583,#9584,#9585,#9586,#9587,#9588,#9589,#9590,#9591,
    #9592,#9593,#9594,#9595,#9596,#9597,#9598,#9599,#9600,#9601,#9602,
    #9603,#9604,#9605,#9606,#9607,#9608,#9609,#9610,#9611,#9612,#9613,
    #9614,#9615,#9616,#9617,#9618,#9619,#9620,#9621,#9622,#9623,#9624,
    #9625,#9626,#9627,#9628,#9629,#9630,#9631,#9632,#9633,#9634,#9635,
    #9636,#9637,#9638,#9639,#9640,#9641,#9642,#9643,#9644,#9645,#9646,
    #9647,#9648,#9649,#9650,#9651,#9652,#9653,#9654,#9655,#9656,#9657,
    #9658,#9659,#9660),.UNSPECIFIED.,.F.,.F.,(9,7,7,7,7,7,7,7,7,7,7,7,7,
    7,7,9),(0.,2.812593423056E-02,4.137933832441E-02,6.714150083375E-02,
    9.216306351787E-02,0.105310606466,0.131297046564,0.170599304852,
    0.303885845592,0.481126531756,0.502391159668,0.560343017526,
    0.729543854768,0.7930652707,0.834232645126,1.),.UNSPECIFIED.);
#9554 = CARTESIAN_POINT('',(2.094395102393,3.760568072295));
#9555 = CARTESIAN_POINT('',(2.082302559881,3.764606542903));
#9556 = CARTESIAN_POINT('',(2.07000442465,3.768505366328));
#9557 = CARTESIAN_POINT('',(2.057495295125,3.772253156558));
#9558 = CARTESIAN_POINT('',(2.044771487393,3.775836885901));
#9559 = CARTESIAN_POINT('',(2.031831393582,3.779242198162));
#9560 = CARTESIAN_POINT('',(2.018675840244,3.782453721826));
#9561 = CARTESIAN_POINT('',(2.005308446735,3.785455383231));
#9562 = CARTESIAN_POINT('',(1.985340415116,3.789538504097));
#9563 = CARTESIAN_POINT('',(1.97889951073,3.790796023675));
#9564 = CARTESIAN_POINT('',(1.972414092998,3.792001505987));
#9565 = CARTESIAN_POINT('',(1.965885219641,3.793153203213));
#9566 = CARTESIAN_POINT('',(1.959314183546,3.794249392217));
#9567 = CARTESIAN_POINT('',(1.952702512761,3.795288374541));
#9568 = CARTESIAN_POINT('',(1.946051970502,3.796268476413));
#9569 = CARTESIAN_POINT('',(1.926365458465,3.798975526999));
#9570 = CARTESIAN_POINT('',(1.913225283212,3.800534622383));
#9571 = CARTESIAN_POINT('',(1.899961143772,3.801853123795));
#9572 = CARTESIAN_POINT('',(1.886592322875,3.802920220171));
#9573 = CARTESIAN_POINT('',(1.873140432631,3.803727002717));
#9574 = CARTESIAN_POINT('',(1.85962957555,3.80426696714));
#9575 = CARTESIAN_POINT('',(1.846086505571,3.804536515892));
#9576 = CARTESIAN_POINT('',(1.819384479175,3.80453443524));
#9577 = CARTESIAN_POINT('',(1.806223004905,3.804278143474));
#9578 = CARTESIAN_POINT('',(1.793083350121,3.803766232582));
#9579 = CARTESIAN_POINT('',(1.77999018757,3.803001387337));
#9580 = CARTESIAN_POINT('',(1.766965987945,3.801988919706));
#9581 = CARTESIAN_POINT('',(1.754031128928,3.800736358761));
#9582 = CARTESIAN_POINT('',(1.741204004227,3.799253040584));
#9583 = CARTESIAN_POINT('',(1.721826427608,3.79665467944));
#9584 = CARTESIAN_POINT('',(1.71518560113,3.79569883351));
#9585 = CARTESIAN_POINT('',(1.708580738955,3.794683706782));
#9586 = CARTESIAN_POINT('',(1.702013696414,3.793610879116));
#9587 = CARTESIAN_POINT('',(1.695486098398,3.792481963834));
#9588 = CARTESIAN_POINT('',(1.688999339367,3.791298607725));
#9589 = CARTESIAN_POINT('',(1.682554583341,3.790062491042));
#9590 = CARTESIAN_POINT('',(1.663499411267,3.786231217304));
#9591 = CARTESIAN_POINT('',(1.651014392359,3.783487695169));
#9592 = CARTESIAN_POINT('',(1.638704174568,3.78055761714));
#9593 = CARTESIAN_POINT('',(1.626572741972,3.777453682513));
#9594 = CARTESIAN_POINT('',(1.614621849426,3.774188180956));
#9595 = CARTESIAN_POINT('',(1.602851276641,3.770772739619));
#9596 = CARTESIAN_POINT('',(1.591259082271,3.767218070248));
#9597 = CARTESIAN_POINT('',(1.562574287055,3.757961447443));
#9598 = CARTESIAN_POINT('',(1.545710096966,3.752093603257));
#9599 = CARTESIAN_POINT('',(1.529235264292,3.745963022883));
#9600 = CARTESIAN_POINT('',(1.513134788091,3.739598890699));
#9601 = CARTESIAN_POINT('',(1.497392655324,3.73302674252));
#9602 = CARTESIAN_POINT('',(1.481991806261,3.726268471798));
#9603 = CARTESIAN_POINT('',(1.466914099891,3.719342335832));
#9604 = CARTESIAN_POINT('',(1.402037523902,3.688254538697));
#9605 = CARTESIAN_POINT('',(1.355536383482,3.66253514934));
#9606 = CARTESIAN_POINT('',(1.311775121172,3.635646109793));
#9607 = CARTESIAN_POINT('',(1.270333711766,3.607897831952));
#9608 = CARTESIAN_POINT('',(1.230840447877,3.579523481821));
#9609 = CARTESIAN_POINT('',(1.193023603035,3.550660211477));
#9610 = CARTESIAN_POINT('',(1.156622726184,3.521387067722));
#9611 = CARTESIAN_POINT('',(1.074558578539,3.452266144257));
#9612 = CARTESIAN_POINT('',(1.02990945064,3.412208025924));
#9613 = CARTESIAN_POINT('',(0.987007136278,3.371701428692));
#9614 = CARTESIAN_POINT('',(0.945566593962,3.33084748012));
#9615 = CARTESIAN_POINT('',(0.905370515392,3.289719356873));
#9616 = CARTESIAN_POINT('',(0.866240841329,3.24837184015));
#9617 = CARTESIAN_POINT('',(0.828034680382,3.206843377201));
#9618 = CARTESIAN_POINT('',(0.786138080329,3.160160983122));
#9619 = CARTESIAN_POINT('',(0.781661506103,3.155158052797));
#9620 = CARTESIAN_POINT('',(0.777196268972,3.150153041171));
#9621 = CARTESIAN_POINT('',(0.772742165406,3.145146003911));
#9622 = CARTESIAN_POINT('',(0.768298996721,3.1401369951));
#9623 = CARTESIAN_POINT('',(0.763866569083,3.135126067228));
#9624 = CARTESIAN_POINT('',(0.759444693508,3.1301132712));
#9625 = CARTESIAN_POINT('',(0.743010635297,3.111432475612));
#9626 = CARTESIAN_POINT('',(0.731065059858,3.097752796347));
#9627 = CARTESIAN_POINT('',(0.719192747975,3.08406060789));
#9628 = CARTESIAN_POINT('',(0.70739016478,3.070356843124));
#9629 = CARTESIAN_POINT('',(0.695653952103,3.056642378464));
#9630 = CARTESIAN_POINT('',(0.683980928473,3.042918033853));
#9631 = CARTESIAN_POINT('',(0.672368089115,3.029184572767));
#9632 = CARTESIAN_POINT('',(0.627074301482,2.975320847806));
#9633 = CARTESIAN_POINT('',(0.593824248939,2.935127027994));
#9634 = CARTESIAN_POINT('',(0.560992191772,2.894879574867));
#9635 = CARTESIAN_POINT('',(0.528516411601,2.854593492087));
#9636 = CARTESIAN_POINT('',(0.496342168794,2.814281341586));
#9637 = CARTESIAN_POINT('',(0.464420143042,2.773954130266));
#9638 = CARTESIAN_POINT('',(0.432704873932,2.733622196699));
#9639 = CARTESIAN_POINT('',(0.389308065643,2.678156864819));
#9640 = CARTESIAN_POINT('',(0.377485939918,2.663018369426));
#9641 = CARTESIAN_POINT('',(0.365684543654,2.64788111907));
#9642 = CARTESIAN_POINT('',(0.353901630789,2.632745611437));
#9643 = CARTESIAN_POINT('',(0.342134989884,2.617612334479));
#9644 = CARTESIAN_POINT('',(0.330382444128,2.602481766408));
#9645 = CARTESIAN_POINT('',(0.318641851332,2.587354375701));
#9646 = CARTESIAN_POINT('',(0.299308564483,2.562429119358));
#9647 = CARTESIAN_POINT('',(0.291710154078,2.552629145546));
#9648 = CARTESIAN_POINT('',(0.284115295594,2.542830825179));
#9649 = CARTESIAN_POINT('',(0.276523413813,2.533034283209));
#9650 = CARTESIAN_POINT('',(0.268933935425,2.523239644019));
#9651 = CARTESIAN_POINT('',(0.261346289024,2.513447031419));
#9652 = CARTESIAN_POINT('',(0.253759905114,2.50365656865));
#9653 = CARTESIAN_POINT('',(0.215629163876,2.454454584519));
#9654 = CARTESIAN_POINT('',(0.185095000535,2.415077140834));
#9655 = CARTESIAN_POINT('',(0.15453495204,2.37574480958));
#9656 = CARTESIAN_POINT('',(0.123911973465,2.336465620509));
#9657 = CARTESIAN_POINT('',(9.318802794306E-02,2.297247441253));
#9658 = CARTESIAN_POINT('',(6.232336562686E-02,2.258098547699));
#9659 = CARTESIAN_POINT('',(3.127580263375E-02,2.219028194372));
#9660 = CARTESIAN_POINT('',(0.,2.180047184811));
#9661 = ( GEOMETRIC_REPRESENTATION_CONTEXT(2) 
PARAMETRIC_REPRESENTATION_CONTEXT() REPRESENTATION_CONTEXT('2D SPACE',''
  ) );
#9662 = ORIENTED_EDGE('',*,*,#9663,.F.);
#9663 = EDGE_CURVE('',#8552,#9244,#9664,.T.);
#9664 = SURFACE_CURVE('',#9665,(#9686,#9710),.PCURVE_S1.);
#9665 = B_SPLINE_CURVE_WITH_KNOTS('',7,(#9666,#9667,#9668,#9669,#9670,
    #9671,#9672,#9673,#9674,#9675,#9676,#9677,#9678,#9679,#9680,#9681,
    #9682,#9683,#9684,#9685),.UNSPECIFIED.,.F.,.F.,(8,6,6,8),(0.,
    0.3528374834,0.731560881792,1.),.UNSPECIFIED.);
#9666 = CARTESIAN_POINT('',(1.729145899728,-2.2E-16,-7.525854100272));
#9667 = CARTESIAN_POINT('',(1.721634043111,-0.183908742575,
    -7.533365956834));
#9668 = CARTESIAN_POINT('',(1.691278107603,-0.36658040782,
    -7.540901521134));
#9669 = CARTESIAN_POINT('',(1.638214950111,-0.544465158012,
    -7.548461261826));
#9670 = CARTESIAN_POINT('',(1.563313722858,-0.714187684277,
    -7.556048382411));
#9671 = CARTESIAN_POINT('',(1.468000258047,-0.872594109923,
    -7.563659237227));
#9672 = CARTESIAN_POINT('',(1.354258428443,-1.016767030945,
    -7.571293582485));
#9673 = CARTESIAN_POINT('',(1.0856776942,-1.28100596059,-7.587158778252)
  );
#9674 = CARTESIAN_POINT('',(0.928301372883,-1.398659636663,
    -7.595400278154));
#9675 = CARTESIAN_POINT('',(0.755812947255,-1.493993748653,
    -7.603661118826));
#9676 = CARTESIAN_POINT('',(0.57201220893,-1.564713320933,-7.61194550738
    ));
#9677 = CARTESIAN_POINT('',(0.381011666475,-1.609282660277,
    -7.620260605731));
#9678 = CARTESIAN_POINT('',(0.187236586025,-1.626939216136,
    -7.628611067314));
#9679 = CARTESIAN_POINT('',(-0.140737896912,-1.611670916484,
    -7.642927401735));
#9680 = CARTESIAN_POINT('',(-0.275923701408,-1.591974961069,
    -7.648882584115));
#9681 = CARTESIAN_POINT('',(-0.40863720487,-1.55900578118,
    -7.654853247255));
#9682 = CARTESIAN_POINT('',(-0.537314375801,-1.513104652276,
    -7.660839182938));
#9683 = CARTESIAN_POINT('',(-0.660453079499,-1.454830572922,
    -7.666840541924));
#9684 = CARTESIAN_POINT('',(-0.776634989687,-1.384955286016,
    -7.672856970533));
#9685 = CARTESIAN_POINT('',(-0.88455974674,-1.304487341477,
    -7.678886688837));
#9686 = PCURVE('',#8680,#9687);
#9687 = DEFINITIONAL_REPRESENTATION('',(#9688),#9709);
#9688 = B_SPLINE_CURVE_WITH_KNOTS('',7,(#9689,#9690,#9691,#9692,#9693,
    #9694,#9695,#9696,#9697,#9698,#9699,#9700,#9701,#9702,#9703,#9704,
    #9705,#9706,#9707,#9708),.UNSPECIFIED.,.F.,.F.,(8,6,6,8),(0.,
    0.3528374834,0.731560881792,1.),.UNSPECIFIED.);
#9689 = CARTESIAN_POINT('',(6.28318530718,-0.225854100272));
#9690 = CARTESIAN_POINT('',(6.176827166664,-0.233365956862));
#9691 = CARTESIAN_POINT('',(6.070106303857,-0.240901521061));
#9692 = CARTESIAN_POINT('',(5.963098050933,-0.248461261918));
#9693 = CARTESIAN_POINT('',(5.855777451818,-0.25604838235));
#9694 = CARTESIAN_POINT('',(5.748114951139,-0.263659237246));
#9695 = CARTESIAN_POINT('',(5.640084583177,-0.271293582485));
#9696 = CARTESIAN_POINT('',(5.415486439882,-0.287158778252));
#9697 = CARTESIAN_POINT('',(5.298761289928,-0.295400275869));
#9698 = CARTESIAN_POINT('',(5.181697245005,-0.303661126191));
#9699 = CARTESIAN_POINT('',(5.064263320901,-0.311945497103));
#9700 = CARTESIAN_POINT('',(4.946420440832,-0.320260612678));
#9701 = CARTESIAN_POINT('',(4.828124727653,-0.328611066059));
#9702 = CARTESIAN_POINT('',(4.625395926606,-0.34292740048));
#9703 = CARTESIAN_POINT('',(4.541090451154,-0.348882584053));
#9704 = CARTESIAN_POINT('',(4.456589725651,-0.354853245911));
#9705 = CARTESIAN_POINT('',(4.371889537701,-0.360839181913));
#9706 = CARTESIAN_POINT('',(4.286977093495,-0.366840542753));
#9707 = CARTESIAN_POINT('',(4.201847219148,-0.372856970533));
#9708 = CARTESIAN_POINT('',(4.116519593946,-0.378886688837));
#9709 = ( GEOMETRIC_REPRESENTATION_CONTEXT(2) 
PARAMETRIC_REPRESENTATION_CONTEXT() REPRESENTATION_CONTEXT('2D SPACE',''
  ) );
#9710 = PCURVE('',#8566,#9711);
#9711 = DEFINITIONAL_REPRESENTATION('',(#9712),#9733);
#9712 = B_SPLINE_CURVE_WITH_KNOTS('',7,(#9713,#9714,#9715,#9716,#9717,
    #9718,#9719,#9720,#9721,#9722,#9723,#9724,#9725,#9726,#9727,#9728,
    #9729,#9730,#9731,#9732),.UNSPECIFIED.,.F.,.F.,(8,6,6,8),(0.,
    0.3528374834,0.731560881792,1.),.UNSPECIFIED.);
#9713 = CARTESIAN_POINT('',(0.313295515634,6.199140718E-08));
#9714 = CARTESIAN_POINT('',(0.321969225188,0.107013228456));
#9715 = CARTESIAN_POINT('',(0.330676206275,0.214396851485));
#9716 = CARTESIAN_POINT('',(0.339401559877,0.322081759196));
#9717 = CARTESIAN_POINT('',(0.348141978887,0.430079101677));
#9718 = CARTESIAN_POINT('',(0.356910278609,0.538413350386));
#9719 = CARTESIAN_POINT('',(0.365712785844,0.647111392511));
#9720 = CARTESIAN_POINT('',(0.384026170399,0.87308961224));
#9721 = CARTESIAN_POINT('',(0.393550753062,0.990527567337));
#9722 = CARTESIAN_POINT('',(0.403112068062,1.108305039746));
#9723 = CARTESIAN_POINT('',(0.412709587791,1.226459310299));
#9724 = CARTESIAN_POINT('',(0.422337723225,1.34503093577));
#9725 = CARTESIAN_POINT('',(0.431996224856,1.46406119138));
#9726 = CARTESIAN_POINT('',(0.448536346608,1.668049571623));
#9727 = CARTESIAN_POINT('',(0.4554110757,1.752879062884));
#9728 = CARTESIAN_POINT('',(0.462297990414,1.83790430652));
#9729 = CARTESIAN_POINT('',(0.469198273968,1.923128557994));
#9730 = CARTESIAN_POINT('',(0.476114460149,2.00856432151));
#9731 = CARTESIAN_POINT('',(0.483048567385,2.094217188645));
#9732 = CARTESIAN_POINT('',(0.49,2.180068108376));
#9733 = ( GEOMETRIC_REPRESENTATION_CONTEXT(2) 
PARAMETRIC_REPRESENTATION_CONTEXT() REPRESENTATION_CONTEXT('2D SPACE',''
  ) );
#9734 = ORIENTED_EDGE('',*,*,#9735,.T.);
#9735 = EDGE_CURVE('',#8552,#9736,#9738,.T.);
#9736 = VERTEX_POINT('',#9737);
#9737 = CARTESIAN_POINT('',(1.255,0.,-8.));
#9738 = SEAM_CURVE('',#9739,(#9743,#9750),.PCURVE_S1.);
#9739 = LINE('',#9740,#9741);
#9740 = CARTESIAN_POINT('',(1.955,0.,-7.3));
#9741 = VECTOR('',#9742,1.);
#9742 = DIRECTION('',(-0.707106781187,0.,-0.707106781187));
#9743 = PCURVE('',#8680,#9744);
#9744 = DEFINITIONAL_REPRESENTATION('',(#9745),#9749);
#9745 = LINE('',#9746,#9747);
#9746 = CARTESIAN_POINT('',(0.,-0.));
#9747 = VECTOR('',#9748,1.);
#9748 = DIRECTION('',(0.,-1.));
#9749 = ( GEOMETRIC_REPRESENTATION_CONTEXT(2) 
PARAMETRIC_REPRESENTATION_CONTEXT() REPRESENTATION_CONTEXT('2D SPACE',''
  ) );
#9750 = PCURVE('',#8680,#9751);
#9751 = DEFINITIONAL_REPRESENTATION('',(#9752),#9756);
#9752 = LINE('',#9753,#9754);
#9753 = CARTESIAN_POINT('',(6.28318530718,-0.));
#9754 = VECTOR('',#9755,1.);
#9755 = DIRECTION('',(0.,-1.));
#9756 = ( GEOMETRIC_REPRESENTATION_CONTEXT(2) 
PARAMETRIC_REPRESENTATION_CONTEXT() REPRESENTATION_CONTEXT('2D SPACE',''
  ) );
#9757 = ORIENTED_EDGE('',*,*,#9758,.F.);
#9758 = EDGE_CURVE('',#9736,#9736,#9759,.T.);
#9759 = SURFACE_CURVE('',#9760,(#9765,#9772),.PCURVE_S1.);
#9760 = CIRCLE('',#9761,1.255);
#9761 = AXIS2_PLACEMENT_3D('',#9762,#9763,#9764);
#9762 = CARTESIAN_POINT('',(0.,0.,-8.));
#9763 = DIRECTION('',(0.,0.,1.));
#9764 = DIRECTION('',(1.,0.,0.));
#9765 = PCURVE('',#8680,#9766);
#9766 = DEFINITIONAL_REPRESENTATION('',(#9767),#9771);
#9767 = LINE('',#9768,#9769);
#9768 = CARTESIAN_POINT('',(0.,-0.7));
#9769 = VECTOR('',#9770,1.);
#9770 = DIRECTION('',(1.,-0.));
#9771 = ( GEOMETRIC_REPRESENTATION_CONTEXT(2) 
PARAMETRIC_REPRESENTATION_CONTEXT() REPRESENTATION_CONTEXT('2D SPACE',''
  ) );
#9772 = PCURVE('',#9773,#9778);
#9773 = PLANE('',#9774);
#9774 = AXIS2_PLACEMENT_3D('',#9775,#9776,#9777);
#9775 = CARTESIAN_POINT('',(0.,0.,-8.));
#9776 = DIRECTION('',(0.,0.,1.));
#9777 = DIRECTION('',(1.,0.,0.));
#9778 = DEFINITIONAL_REPRESENTATION('',(#9779),#9783);
#9779 = CIRCLE('',#9780,1.255);
#9780 = AXIS2_PLACEMENT_2D('',#9781,#9782);
#9781 = CARTESIAN_POINT('',(0.,0.));
#9782 = DIRECTION('',(1.,0.));
#9783 = ( GEOMETRIC_REPRESENTATION_CONTEXT(2) 
PARAMETRIC_REPRESENTATION_CONTEXT() REPRESENTATION_CONTEXT('2D SPACE',''
  ) );
#9784 = ORIENTED_EDGE('',*,*,#9735,.F.);
#9785 = ADVANCED_FACE('',(#9786),#8566,.T.);
#9786 = FACE_BOUND('',#9787,.T.);
#9787 = EDGE_LOOP('',(#9788,#9789,#9790));
#9788 = ORIENTED_EDGE('',*,*,#9663,.F.);
#9789 = ORIENTED_EDGE('',*,*,#8551,.T.);
#9790 = ORIENTED_EDGE('',*,*,#9791,.T.);
#9791 = EDGE_CURVE('',#8436,#9244,#9792,.T.);
#9792 = SURFACE_CURVE('',#9793,(#9805,#9812),.PCURVE_S1.);
#9793 = B_SPLINE_CURVE_WITH_KNOTS('',10,(#9794,#9795,#9796,#9797,#9798,
    #9799,#9800,#9801,#9802,#9803,#9804),.UNSPECIFIED.,.F.,.F.,(11,11),(
    0.,6.322058019692),.PIECEWISE_BEZIER_KNOTS.);
#9794 = CARTESIAN_POINT('',(1.576114603069,1.7697799399E-07,
    -7.437503105618));
#9795 = CARTESIAN_POINT('',(1.576114219974,-0.99035304733,
    -7.507500965447));
#9796 = CARTESIAN_POINT('',(0.8848570901,-1.980171405525,-7.577462155136
    ));
#9797 = CARTESIAN_POINT('',(-0.498952493321,-2.426290311172,
    -7.647615710807));
#9798 = CARTESIAN_POINT('',(-2.0799649801,-1.801103211497,
    -7.717386117725));
#9799 = CARTESIAN_POINT('',(-2.916356602673,-7.76293345234E-06,
    -7.787502329026));
#9800 = CARTESIAN_POINT('',(-2.079910322227,1.80111395271,
    -7.857618541003));
#9801 = CARTESIAN_POINT('',(-0.499005840413,2.426285976244,
    -7.927388947475));
#9802 = CARTESIAN_POINT('',(0.884875155126,1.980172244573,
    -7.997542503327));
#9803 = CARTESIAN_POINT('',(1.576114683127,0.990353312798,
    -8.067503692981));
#9804 = CARTESIAN_POINT('',(1.576114244454,8.848912354E-08,
    -8.137501552811));
#9805 = PCURVE('',#8566,#9806);
#9806 = DEFINITIONAL_REPRESENTATION('',(#9807),#9811);
#9807 = LINE('',#9808,#9809);
#9808 = CARTESIAN_POINT('',(0.49,0.));
#9809 = VECTOR('',#9810,1.);
#9810 = DIRECTION('',(0.,1.));
#9811 = ( GEOMETRIC_REPRESENTATION_CONTEXT(2) 
PARAMETRIC_REPRESENTATION_CONTEXT() REPRESENTATION_CONTEXT('2D SPACE',''
  ) );
#9812 = PCURVE('',#9467,#9813);
#9813 = DEFINITIONAL_REPRESENTATION('',(#9814),#9818);
#9814 = LINE('',#9815,#9816);
#9815 = CARTESIAN_POINT('',(0.,0.));
#9816 = VECTOR('',#9817,1.);
#9817 = DIRECTION('',(0.,1.));
#9818 = ( GEOMETRIC_REPRESENTATION_CONTEXT(2) 
PARAMETRIC_REPRESENTATION_CONTEXT() REPRESENTATION_CONTEXT('2D SPACE',''
  ) );
#9819 = ADVANCED_FACE('',(#9820),#8459,.T.);
#9820 = FACE_BOUND('',#9821,.T.);
#9821 = EDGE_LOOP('',(#9822,#9823,#9824,#9825));
#9822 = ORIENTED_EDGE('',*,*,#8435,.F.);
#9823 = ORIENTED_EDGE('',*,*,#8733,.T.);
#9824 = ORIENTED_EDGE('',*,*,#8761,.T.);
#9825 = ORIENTED_EDGE('',*,*,#9826,.F.);
#9826 = EDGE_CURVE('',#8436,#8762,#9827,.T.);
#9827 = SURFACE_CURVE('',#9828,(#9836,#9843),.PCURVE_S1.);
#9828 = ( BOUNDED_CURVE() B_SPLINE_CURVE(6,(#9829,#9830,#9831,#9832,
#9833,#9834,#9835),.UNSPECIFIED.,.F.,.F.) B_SPLINE_CURVE_WITH_KNOTS((7,7
),(0.,2.094395102393),.PIECEWISE_BEZIER_KNOTS.) CURVE() 
GEOMETRIC_REPRESENTATION_ITEM() RATIONAL_B_SPLINE_CURVE((1.056590953773,
    1.017435169568,0.996326512422,0.989390034249,0.996326512422,
1.017435169568,1.056590953773)) REPRESENTATION_ITEM('') );
#9829 = CARTESIAN_POINT('',(1.576114603069,1.7697800275E-07,
    -7.437503105618));
#9830 = CARTESIAN_POINT('',(1.544396544912,1.9179352512E-07,
    -7.419191022846));
#9831 = CARTESIAN_POINT('',(1.522044590428,2.0223410885E-07,
    -7.388196972673));
#9832 = CARTESIAN_POINT('',(1.513965443422,2.0600783573E-07,
    -7.350003615033));
#9833 = CARTESIAN_POINT('',(1.522043964307,2.0223429337E-07,
    -7.311810124955));
#9834 = CARTESIAN_POINT('',(1.544395410689,1.9179386096E-07,
    -7.280815708361));
#9835 = CARTESIAN_POINT('',(1.576113168645,1.7697842636E-07,
    -7.262503105624));
#9836 = PCURVE('',#8459,#9837);
#9837 = DEFINITIONAL_REPRESENTATION('',(#9838),#9842);
#9838 = LINE('',#9839,#9840);
#9839 = CARTESIAN_POINT('',(0.,6.322058019692));
#9840 = VECTOR('',#9841,1.);
#9841 = DIRECTION('',(1.,0.));
#9842 = ( GEOMETRIC_REPRESENTATION_CONTEXT(2) 
PARAMETRIC_REPRESENTATION_CONTEXT() REPRESENTATION_CONTEXT('2D SPACE',''
  ) );
#9843 = PCURVE('',#9467,#9844);
#9844 = DEFINITIONAL_REPRESENTATION('',(#9845),#9849);
#9845 = LINE('',#9846,#9847);
#9846 = CARTESIAN_POINT('',(0.,0.));
#9847 = VECTOR('',#9848,1.);
#9848 = DIRECTION('',(1.,0.));
#9849 = ( GEOMETRIC_REPRESENTATION_CONTEXT(2) 
PARAMETRIC_REPRESENTATION_CONTEXT() REPRESENTATION_CONTEXT('2D SPACE',''
  ) );
#9850 = ADVANCED_FACE('',(#9851),#9120,.T.);
#9851 = FACE_BOUND('',#9852,.T.);
#9852 = EDGE_LOOP('',(#9853,#9883,#9884,#10007));
#9853 = ORIENTED_EDGE('',*,*,#9854,.F.);
#9854 = EDGE_CURVE('',#8762,#9179,#9855,.T.);
#9855 = SURFACE_CURVE('',#9856,(#9869,#9876),.PCURVE_S1.);
#9856 = ( BOUNDED_CURVE() B_SPLINE_CURVE(11,(#9857,#9858,#9859,#9860,
    #9861,#9862,#9863,#9864,#9865,#9866,#9867,#9868),.UNSPECIFIED.,.F.,
.F.) B_SPLINE_CURVE_WITH_KNOTS((12,12),(0.,6.322058019692),
.PIECEWISE_BEZIER_KNOTS.) CURVE() GEOMETRIC_REPRESENTATION_ITEM() 
RATIONAL_B_SPLINE_CURVE((1.056590953773,1.056590953773,1.056590953773,
    1.056590953772,1.056590953774,1.056590953772,1.056590953774,
    1.056590953772,1.056590953774,1.056590953773,1.056590953773,
1.056590953773)) REPRESENTATION_ITEM('') );
#9857 = CARTESIAN_POINT('',(1.576113168645,1.7697841764E-07,
    -7.262503105624));
#9858 = CARTESIAN_POINT('',(1.576113719017,-0.900320321656,
    -7.326137523642));
#9859 = CARTESIAN_POINT('',(1.010554682515,-1.800203765903,
    -7.389741938713));
#9860 = CARTESIAN_POINT('',(-0.121603888785,-2.307150604631,
    -7.453580251005));
#9861 = CARTESIAN_POINT('',(-1.504953629216,-2.018494829575,
    -7.516632701194));
#9862 = CARTESIAN_POINT('',(-2.5362964643,-0.836457493563,
    -7.581314108174));
#9863 = CARTESIAN_POINT('',(-2.536032413205,0.836460225196,
    -7.643690550329));
#9864 = CARTESIAN_POINT('',(-1.505131631032,2.018489064171,
    -7.708371957104));
#9865 = CARTESIAN_POINT('',(-0.121529574903,2.307153487187,
    -7.771424407523));
#9866 = CARTESIAN_POINT('',(1.010539211655,1.80020337164,-7.835262719699
    ));
#9867 = CARTESIAN_POINT('',(1.576113027395,0.900320587123,
    -7.898867134788));
#9868 = CARTESIAN_POINT('',(1.576113527241,8.848924354E-08,
    -7.962501552813));
#9869 = PCURVE('',#9120,#9870);
#9870 = DEFINITIONAL_REPRESENTATION('',(#9871),#9875);
#9871 = LINE('',#9872,#9873);
#9872 = CARTESIAN_POINT('',(0.,0.));
#9873 = VECTOR('',#9874,1.);
#9874 = DIRECTION('',(0.,1.));
#9875 = ( GEOMETRIC_REPRESENTATION_CONTEXT(2) 
PARAMETRIC_REPRESENTATION_CONTEXT() REPRESENTATION_CONTEXT('2D SPACE',''
  ) );
#9876 = PCURVE('',#9467,#9877);
#9877 = DEFINITIONAL_REPRESENTATION('',(#9878),#9882);
#9878 = LINE('',#9879,#9880);
#9879 = CARTESIAN_POINT('',(2.094395102393,0.));
#9880 = VECTOR('',#9881,1.);
#9881 = DIRECTION('',(0.,1.));
#9882 = ( GEOMETRIC_REPRESENTATION_CONTEXT(2) 
PARAMETRIC_REPRESENTATION_CONTEXT() REPRESENTATION_CONTEXT('2D SPACE',''
  ) );
#9883 = ORIENTED_EDGE('',*,*,#9107,.T.);
#9884 = ORIENTED_EDGE('',*,*,#9885,.T.);
#9885 = EDGE_CURVE('',#8795,#9155,#9886,.T.);
#9886 = SURFACE_CURVE('',#9887,(#9920,#9956),.PCURVE_S1.);
#9887 = B_SPLINE_CURVE_WITH_KNOTS('',6,(#9888,#9889,#9890,#9891,#9892,
    #9893,#9894,#9895,#9896,#9897,#9898,#9899,#9900,#9901,#9902,#9903,
    #9904,#9905,#9906,#9907,#9908,#9909,#9910,#9911,#9912,#9913,#9914,
    #9915,#9916,#9917,#9918,#9919),.UNSPECIFIED.,.F.,.F.,(7,5,5,5,5,5,7)
  ,(0.,8.442640100515E-02,0.130862624489,0.352118212838,0.534519983851,
    0.717539554084,1.),.UNSPECIFIED.);
#9888 = CARTESIAN_POINT('',(1.955,-4.3365E-13,-7.043748550693));
#9889 = CARTESIAN_POINT('',(1.955,-6.327373849359E-02,-7.047354345114));
#9890 = CARTESIAN_POINT('',(1.952542552946,-0.126547621963,
    -7.050960506842));
#9891 = CARTESIAN_POINT('',(1.947627702677,-0.189701805989,
    -7.054566809009));
#9892 = CARTESIAN_POINT('',(1.940263179848,-0.252617235701,
    -7.058173067395));
#9893 = CARTESIAN_POINT('',(1.930464401932,-0.315175645787,
    -7.061779140432));
#9894 = CARTESIAN_POINT('',(1.911538766145,-0.411406965834,
    -7.067368185758));
#9895 = CARTESIAN_POINT('',(1.904093620848,-0.445410895053,
    -7.069351358977));
#9896 = CARTESIAN_POINT('',(1.895922874215,-0.479251854381,
    -7.071334435228));
#9897 = CARTESIAN_POINT('',(1.887031047259,-0.512910523481,
    -7.073317406199));
#9898 = CARTESIAN_POINT('',(1.87742334512,-0.546367755433,
    -7.075300268895));
#9899 = CARTESIAN_POINT('',(1.817944765613,-0.737968713619,
    -7.086730305754));
#9900 = CARTESIAN_POINT('',(1.752659943199,-0.891346354528,
    -7.096176201935));
#9901 = CARTESIAN_POINT('',(1.671893289569,-1.037647188907,
    -7.105618671144));
#9902 = CARTESIAN_POINT('',(1.576639005848,-1.174957944068,
    -7.115061823123));
#9903 = CARTESIAN_POINT('',(1.468170072072,-1.301537058645,
    -7.124508825971));
#9904 = CARTESIAN_POINT('',(1.249070425859,-1.510144291889,
    -7.141747648156));
#9905 = CARTESIAN_POINT('',(1.142150510985,-1.596105551942,
    -7.149539876092));
#9906 = CARTESIAN_POINT('',(1.028196883871,-1.672922340365,
    -7.157334003366));
#9907 = CARTESIAN_POINT('',(0.908194763103,-1.739897321379,
    -7.165130044961));
#9908 = CARTESIAN_POINT('',(0.783211162834,-1.796466722922,
    -7.172927466445));
#9909 = CARTESIAN_POINT('',(0.525142482149,-1.888137862925,
    -7.188547985511));
#9910 = CARTESIAN_POINT('',(0.392018237863,-1.923170916205,
    -7.196371867079));
#9911 = CARTESIAN_POINT('',(0.256181360182,-1.946910106279,
    -7.204194398224));
#9912 = CARTESIAN_POINT('',(0.118827381227,-1.959118303475,
    -7.212015158005));
#9913 = CARTESIAN_POINT('',(-1.882756410752E-02,-1.959715425125,
    -7.219834278723));
#9914 = CARTESIAN_POINT('',(-0.366576006919,-1.931957508672,
    -7.239714846225));
#9915 = CARTESIAN_POINT('',(-0.575467420755,-1.88768907676,
    -7.251777319555));
#9916 = CARTESIAN_POINT('',(-0.777637706697,-1.816335334447,
    -7.263831360606));
#9917 = CARTESIAN_POINT('',(-0.96880829463,-1.719286281167,
    -7.275884115021));
#9918 = CARTESIAN_POINT('',(-1.145018994181,-1.598677771119,
    -7.287942666497));
#9919 = CARTESIAN_POINT('',(-1.302852526973,-1.45760086888,-7.3000006));
#9920 = PCURVE('',#9120,#9921);
#9921 = DEFINITIONAL_REPRESENTATION('',(#9922),#9955);
#9922 = B_SPLINE_CURVE_WITH_KNOTS('',6,(#9923,#9924,#9925,#9926,#9927,
    #9928,#9929,#9930,#9931,#9932,#9933,#9934,#9935,#9936,#9937,#9938,
    #9939,#9940,#9941,#9942,#9943,#9944,#9945,#9946,#9947,#9948,#9949,
    #9950,#9951,#9952,#9953,#9954),.UNSPECIFIED.,.F.,.F.,(7,5,5,5,5,5,7)
  ,(0.,8.442640100515E-02,0.130862624489,0.352118212838,0.534519983851,
    0.717539554084,1.),.UNSPECIFIED.);
#9923 = CARTESIAN_POINT('',(0.437502898593,0.));
#9924 = CARTESIAN_POINT('',(0.4375027957,3.256530896969E-02));
#9925 = CARTESIAN_POINT('',(0.437501972371,6.513068193364E-02));
#9926 = CARTESIAN_POINT('',(0.437500931176,9.769633943665E-02));
#9927 = CARTESIAN_POINT('',(0.437500063599,0.130262385572));
#9928 = CARTESIAN_POINT('',(0.437499650037,0.162828807983));
#9929 = CARTESIAN_POINT('',(0.437499975179,0.213307803181));
#9930 = CARTESIAN_POINT('',(0.437500277056,0.231220218049));
#9931 = CARTESIAN_POINT('',(0.437500789634,0.24913270863));
#9932 = CARTESIAN_POINT('',(0.437501526002,0.267045258948));
#9933 = CARTESIAN_POINT('',(0.437502488137,0.284957850886));
#9934 = CARTESIAN_POINT('',(0.437509283387,0.388219045479));
#9935 = CARTESIAN_POINT('',(0.437519807809,0.473577290709));
#9936 = CARTESIAN_POINT('',(0.437534485054,0.558923337831));
#9937 = CARTESIAN_POINT('',(0.437547041148,0.644265973246));
#9938 = CARTESIAN_POINT('',(0.437553718145,0.729616839832));
#9939 = CARTESIAN_POINT('',(0.437554105833,0.885311211541));
#9940 = CARTESIAN_POINT('',(0.437549883638,0.955667741513));
#9941 = CARTESIAN_POINT('',(0.437540874252,1.026019807442));
#9942 = CARTESIAN_POINT('',(0.437528136596,1.096372326085));
#9943 = CARTESIAN_POINT('',(0.437513746727,1.166729845761));
#9944 = CARTESIAN_POINT('',(0.437485251129,1.307678061745));
#9945 = CARTESIAN_POINT('',(0.437471148604,1.378275853089));
#9946 = CARTESIAN_POINT('',(0.437459071292,1.448870593424));
#9947 = CARTESIAN_POINT('',(0.437450722889,1.519466174877));
#9948 = CARTESIAN_POINT('',(0.437446646588,1.590066245344));
#9949 = CARTESIAN_POINT('',(0.437446385638,1.769616640373));
#9950 = CARTESIAN_POINT('',(0.437455665382,1.878600912585));
#9951 = CARTESIAN_POINT('',(0.437473489833,1.987547615098));
#9952 = CARTESIAN_POINT('',(0.437493250301,2.096491439173));
#9953 = CARTESIAN_POINT('',(0.437509012881,2.205469565479));
#9954 = CARTESIAN_POINT('',(0.437519230226,2.314417069322));
#9955 = ( GEOMETRIC_REPRESENTATION_CONTEXT(2) 
PARAMETRIC_REPRESENTATION_CONTEXT() REPRESENTATION_CONTEXT('2D SPACE',''
  ) );
#9956 = PCURVE('',#238,#9957);
#9957 = DEFINITIONAL_REPRESENTATION('',(#9958),#10006);
#9958 = B_SPLINE_CURVE_WITH_KNOTS('',3,(#9959,#9960,#9961,#9962,#9963,
    #9964,#9965,#9966,#9967,#9968,#9969,#9970,#9971,#9972,#9973,#9974,
    #9975,#9976,#9977,#9978,#9979,#9980,#9981,#9982,#9983,#9984,#9985,
    #9986,#9987,#9988,#9989,#9990,#9991,#9992,#9993,#9994,#9995,#9996,
    #9997,#9998,#9999,#10000,#10001,#10002,#10003,#10004,#10005),
  .UNSPECIFIED.,.F.,.F.,(4,1,1,1,1,1,1,1,1,1,1,1,1,1,1,1,1,1,1,1,1,1,1,1
    ,1,1,1,1,1,1,1,1,1,1,1,1,1,1,1,1,1,1,1,1,4),(0.,2.2727219488E-02,
    4.5454438976E-02,6.818165846401E-02,9.090887795201E-02,0.11363609744
    ,0.136363316928,0.159090536416,0.181817755904,0.204544975392,
    0.22727219488,0.249999414368,0.272726633856,0.295453853344,
    0.318181072832,0.34090829232,0.363635511808,0.386362731296,
    0.409089950784,0.431817170272,0.45454438976,0.477271609248,
    0.499998828736,0.522726048224,0.545453267712,0.5681804872,
    0.590907706688,0.613634926176,0.636362145664,0.659089365152,
    0.68181658464,0.704543804128,0.727271023616,0.749998243104,
    0.772725462592,0.79545268208,0.818179901568,0.840907121056,
    0.863634340544,0.886361560032,0.90908877952,0.931815999008,
    0.954543218496,0.977270437984,0.999997657472),
  .QUASI_UNIFORM_KNOTS.);
#9959 = CARTESIAN_POINT('',(18.849555921539,6.343748550693));
#9960 = CARTESIAN_POINT('',(18.866981025203,6.345689885723));
#9961 = CARTESIAN_POINT('',(18.901831183945,6.349572796551));
#9962 = CARTESIAN_POINT('',(18.954106278514,6.355397481887));
#9963 = CARTESIAN_POINT('',(19.006381248126,6.361222055397));
#9964 = CARTESIAN_POINT('',(19.058656054055,6.367046183152));
#9965 = CARTESIAN_POINT('',(19.110930833342,6.372869660401));
#9966 = CARTESIAN_POINT('',(19.163205172267,6.378692329064));
#9967 = CARTESIAN_POINT('',(19.215481536884,6.384514462575));
#9968 = CARTESIAN_POINT('',(19.267758469652,6.390335990628));
#9969 = CARTESIAN_POINT('',(19.320035149678,6.396156986037));
#9970 = CARTESIAN_POINT('',(19.372311475563,6.401977652593));
#9971 = CARTESIAN_POINT('',(19.424587701666,6.407798262757));
#9972 = CARTESIAN_POINT('',(19.47686421914,6.413619111434));
#9973 = CARTESIAN_POINT('',(19.529141335568,6.41944047123));
#9974 = CARTESIAN_POINT('',(19.581418968605,6.425262541339));
#9975 = CARTESIAN_POINT('',(19.633696657705,6.431085436056));
#9976 = CARTESIAN_POINT('',(19.685972282765,6.43690903682));
#9977 = CARTESIAN_POINT('',(19.738249093996,6.442733767125));
#9978 = CARTESIAN_POINT('',(19.790525725389,6.448559480306));
#9979 = CARTESIAN_POINT('',(19.842802067992,6.454386113156));
#9980 = CARTESIAN_POINT('',(19.895078213794,6.46021357739));
#9981 = CARTESIAN_POINT('',(19.947354434966,6.466041763484));
#9982 = CARTESIAN_POINT('',(19.999630835089,6.471870509278));
#9983 = CARTESIAN_POINT('',(20.051907313229,6.477699604862));
#9984 = CARTESIAN_POINT('',(20.104182560218,6.483528695236));
#9985 = CARTESIAN_POINT('',(20.156458815149,6.489357818766));
#9986 = CARTESIAN_POINT('',(20.20873484924,6.49518663498));
#9987 = CARTESIAN_POINT('',(20.261010543335,6.501014942378));
#9988 = CARTESIAN_POINT('',(20.313286029463,6.506842593456));
#9989 = CARTESIAN_POINT('',(20.365561631275,6.512669493497));
#9990 = CARTESIAN_POINT('',(20.41783745959,6.518495558861));
#9991 = CARTESIAN_POINT('',(20.470113632883,6.524320743374));
#9992 = CARTESIAN_POINT('',(20.522388306197,6.53014482268));
#9993 = CARTESIAN_POINT('',(20.5746677675,6.535968511907));
#9994 = CARTESIAN_POINT('',(20.626948433375,6.541791477325));
#9995 = CARTESIAN_POINT('',(20.679228927141,6.547613648459));
#9996 = CARTESIAN_POINT('',(20.731508570689,6.553435059359));
#9997 = CARTESIAN_POINT('',(20.783787407629,6.559255847746));
#9998 = CARTESIAN_POINT('',(20.836065864172,6.56507621203));
#9999 = CARTESIAN_POINT('',(20.888344541577,6.570896379948));
#10000 = CARTESIAN_POINT('',(20.940623986422,6.576716573827));
#10001 = CARTESIAN_POINT('',(20.992904481331,6.582536978717));
#10002 = CARTESIAN_POINT('',(21.045185757925,6.588357703422));
#10003 = CARTESIAN_POINT('',(21.097466901746,6.594178768047));
#10004 = CARTESIAN_POINT('',(21.132319228688,6.598059585046));
#10005 = CARTESIAN_POINT('',(21.149744606303,6.6));
#10006 = ( GEOMETRIC_REPRESENTATION_CONTEXT(2) 
PARAMETRIC_REPRESENTATION_CONTEXT() REPRESENTATION_CONTEXT('2D SPACE',''
  ) );
#10007 = ORIENTED_EDGE('',*,*,#9178,.T.);
#10008 = ADVANCED_FACE('',(#10009),#9773,.F.);
#10009 = FACE_BOUND('',#10010,.F.);
#10010 = EDGE_LOOP('',(#10011));
#10011 = ORIENTED_EDGE('',*,*,#9758,.T.);
#10012 = ADVANCED_FACE('',(#10013),#9467,.T.);
#10013 = FACE_BOUND('',#10014,.T.);
#10014 = EDGE_LOOP('',(#10015,#10016,#10017,#10018));
#10015 = ORIENTED_EDGE('',*,*,#9791,.F.);
#10016 = ORIENTED_EDGE('',*,*,#9826,.T.);
#10017 = ORIENTED_EDGE('',*,*,#9854,.T.);
#10018 = ORIENTED_EDGE('',*,*,#9243,.T.);
#10019 = ADVANCED_FACE('',(#10020),#238,.T.);
#10020 = FACE_BOUND('',#10021,.F.);
#10021 = EDGE_LOOP('',(#10022,#10023,#10024,#10025,#10026,#10027,#10028,
    #10029,#10030,#10031,#10032,#10033,#10034,#10035,#10036,#10037,
    #10038,#10039,#10040,#10041,#10042,#10043));
#10022 = ORIENTED_EDGE('',*,*,#9154,.F.);
#10023 = ORIENTED_EDGE('',*,*,#8257,.F.);
#10024 = ORIENTED_EDGE('',*,*,#7318,.F.);
#10025 = ORIENTED_EDGE('',*,*,#6389,.F.);
#10026 = ORIENTED_EDGE('',*,*,#5430,.F.);
#10027 = ORIENTED_EDGE('',*,*,#4481,.F.);
#10028 = ORIENTED_EDGE('',*,*,#3542,.F.);
#10029 = ORIENTED_EDGE('',*,*,#2564,.F.);
#10030 = ORIENTED_EDGE('',*,*,#1556,.F.);
#10031 = ORIENTED_EDGE('',*,*,#410,.F.);
#10032 = ORIENTED_EDGE('',*,*,#39,.F.);
#10033 = ORIENTED_EDGE('',*,*,#1191,.F.);
#10034 = ORIENTED_EDGE('',*,*,#1253,.T.);
#10035 = ORIENTED_EDGE('',*,*,#2175,.T.);
#10036 = ORIENTED_EDGE('',*,*,#3163,.T.);
#10037 = ORIENTED_EDGE('',*,*,#4112,.T.);
#10038 = ORIENTED_EDGE('',*,*,#5051,.T.);
#10039 = ORIENTED_EDGE('',*,*,#6000,.T.);
#10040 = ORIENTED_EDGE('',*,*,#6949,.T.);
#10041 = ORIENTED_EDGE('',*,*,#7888,.T.);
#10042 = ORIENTED_EDGE('',*,*,#8794,.T.);
#10043 = ORIENTED_EDGE('',*,*,#9885,.T.);
#10044 = ADVANCED_FACE('',(#10045),#3112,.T.);
#10045 = FACE_BOUND('',#10046,.F.);
#10046 = EDGE_LOOP('',(#10047,#10048,#10070,#10097));
#10047 = ORIENTED_EDGE('',*,*,#3091,.T.);
#10048 = ORIENTED_EDGE('',*,*,#10049,.T.);
#10049 = EDGE_CURVE('',#3092,#10050,#10052,.T.);
#10050 = VERTEX_POINT('',#10051);
#10051 = CARTESIAN_POINT('',(8.6,0.,3.9));
#10052 = SEAM_CURVE('',#10053,(#10056,#10063),.PCURVE_S1.);
#10053 = B_SPLINE_CURVE_WITH_KNOTS('',1,(#10054,#10055),.UNSPECIFIED.,
  .F.,.F.,(2,2),(-2.1,5.1),.PIECEWISE_BEZIER_KNOTS.);
#10054 = CARTESIAN_POINT('',(8.6,0.,-3.3));
#10055 = CARTESIAN_POINT('',(8.6,0.,3.9));
#10056 = PCURVE('',#3112,#10057);
#10057 = DEFINITIONAL_REPRESENTATION('',(#10058),#10062);
#10058 = LINE('',#10059,#10060);
#10059 = CARTESIAN_POINT('',(-6.28318530718,0.));
#10060 = VECTOR('',#10061,1.);
#10061 = DIRECTION('',(-0.,1.));
#10062 = ( GEOMETRIC_REPRESENTATION_CONTEXT(2) 
PARAMETRIC_REPRESENTATION_CONTEXT() REPRESENTATION_CONTEXT('2D SPACE',''
  ) );
#10063 = PCURVE('',#3112,#10064);
#10064 = DEFINITIONAL_REPRESENTATION('',(#10065),#10069);
#10065 = LINE('',#10066,#10067);
#10066 = CARTESIAN_POINT('',(-0.,0.));
#10067 = VECTOR('',#10068,1.);
#10068 = DIRECTION('',(-0.,1.));
#10069 = ( GEOMETRIC_REPRESENTATION_CONTEXT(2) 
PARAMETRIC_REPRESENTATION_CONTEXT() REPRESENTATION_CONTEXT('2D SPACE',''
  ) );
#10070 = ORIENTED_EDGE('',*,*,#10071,.T.);
#10071 = EDGE_CURVE('',#10050,#10050,#10072,.T.);
#10072 = SURFACE_CURVE('',#10073,(#10078,#10085),.PCURVE_S1.);
#10073 = CIRCLE('',#10074,8.6);
#10074 = AXIS2_PLACEMENT_3D('',#10075,#10076,#10077);
#10075 = CARTESIAN_POINT('',(0.,0.,3.9));
#10076 = DIRECTION('',(0.,0.,1.));
#10077 = DIRECTION('',(1.,0.,0.));
#10078 = PCURVE('',#3112,#10079);
#10079 = DEFINITIONAL_REPRESENTATION('',(#10080),#10084);
#10080 = LINE('',#10081,#10082);
#10081 = CARTESIAN_POINT('',(-6.28318530718,5.1));
#10082 = VECTOR('',#10083,1.);
#10083 = DIRECTION('',(1.,-0.));
#10084 = ( GEOMETRIC_REPRESENTATION_CONTEXT(2) 
PARAMETRIC_REPRESENTATION_CONTEXT() REPRESENTATION_CONTEXT('2D SPACE',''
  ) );
#10085 = PCURVE('',#10086,#10091);
#10086 = PLANE('',#10087);
#10087 = AXIS2_PLACEMENT_3D('',#10088,#10089,#10090);
#10088 = CARTESIAN_POINT('',(-3.2E-16,2.8E-16,3.9));
#10089 = DIRECTION('',(0.,0.,1.));
#10090 = DIRECTION('',(1.,0.,0.));
#10091 = DEFINITIONAL_REPRESENTATION('',(#10092),#10096);
#10092 = CIRCLE('',#10093,8.6);
#10093 = AXIS2_PLACEMENT_2D('',#10094,#10095);
#10094 = CARTESIAN_POINT('',(3.2E-16,-2.8E-16));
#10095 = DIRECTION('',(1.,0.));
#10096 = ( GEOMETRIC_REPRESENTATION_CONTEXT(2) 
PARAMETRIC_REPRESENTATION_CONTEXT() REPRESENTATION_CONTEXT('2D SPACE',''
  ) );
#10097 = ORIENTED_EDGE('',*,*,#10049,.F.);
#10098 = ADVANCED_FACE('',(#10099),#10086,.T.);
#10099 = FACE_BOUND('',#10100,.T.);
#10100 = EDGE_LOOP('',(#10101));
#10101 = ORIENTED_EDGE('',*,*,#10071,.T.);
#10102 = ( GEOMETRIC_REPRESENTATION_CONTEXT(3) 
GLOBAL_UNCERTAINTY_ASSIGNED_CONTEXT((#10106)) 
GLOBAL_UNIT_ASSIGNED_CONTEXT((#10103,#10104,#10105)) 
REPRESENTATION_CONTEXT('Context #1',
  '3D Context with UNIT and UNCERTAINTY') );
#10103 = ( LENGTH_UNIT() NAMED_UNIT(*) SI_UNIT(.MILLI.,.METRE.) );
#10104 = ( NAMED_UNIT(*) PLANE_ANGLE_UNIT() SI_UNIT($,.RADIAN.) );
#10105 = ( NAMED_UNIT(*) SI_UNIT($,.STERADIAN.) SOLID_ANGLE_UNIT() );
#10106 = UNCERTAINTY_MEASURE_WITH_UNIT(LENGTH_MEASURE(2.E-05),#10103,
  'distance_accuracy_value','confusion accuracy');
#10107 = CONTEXT_DEPENDENT_SHAPE_REPRESENTATION(#10108,#10110);
#10108 = ( REPRESENTATION_RELATIONSHIP('','',#32,#10) 
REPRESENTATION_RELATIONSHIP_WITH_TRANSFORMATION(#10109) 
SHAPE_REPRESENTATION_RELATIONSHIP() );
#10109 = ITEM_DEFINED_TRANSFORMATION('','',#11,#15);
#10110 = PRODUCT_DEFINITION_SHAPE('Placement','Placement of an item',
  #10111);
#10111 = NEXT_ASSEMBLY_USAGE_OCCURRENCE('1','Body001','',#5,#27,$);
#10112 = PRODUCT_RELATED_PRODUCT_CATEGORY('part',$,(#29));
#10113 = MECHANICAL_DESIGN_GEOMETRIC_PRESENTATION_REPRESENTATION('',(
    #10114),#10102);
#10114 = STYLED_ITEM('color',(#10115),#33);
#10115 = PRESENTATION_STYLE_ASSIGNMENT((#10116,#10122));
#10116 = SURFACE_STYLE_USAGE(.BOTH.,#10117);
#10117 = SURFACE_SIDE_STYLE('',(#10118));
#10118 = SURFACE_STYLE_FILL_AREA(#10119);
#10119 = FILL_AREA_STYLE('',(#10120));
#10120 = FILL_AREA_STYLE_COLOUR('',#10121);
#10121 = COLOUR_RGB('',0.800000010877,0.800000010877,0.800000010877);
#10122 = CURVE_STYLE('',#10123,POSITIVE_LENGTH_MEASURE(0.1),#10124);
#10123 = DRAUGHTING_PRE_DEFINED_CURVE_FONT('continuous');
#10124 = COLOUR_RGB('',9.803921802644E-02,9.803921802644E-02,
  9.803921802644E-02);
ENDSEC;
END-ISO-10303-21;
